spec,row_term,column_term,covariance
paper_facing_baseline,post_X_treated,post_X_treated,0.00031852633847870374
paper_facing_baseline,post_X_treated,post_X_disp,9.108898353346145e-05
paper_facing_baseline,post_X_treated,post_X_treated_X_disp,-0.0003033452951820097
paper_facing_baseline,post_X_disp,post_X_treated,9.108898353346144e-05
paper_facing_baseline,post_X_disp,post_X_disp,6.589041304878365e-05
paper_facing_baseline,post_X_disp,post_X_treated_X_disp,-8.268806416926141e-05
paper_facing_baseline,post_X_treated_X_disp,post_X_treated,-0.00030334529518200964
paper_facing_baseline,post_X_treated_X_disp,post_X_disp,-8.268806416926138e-05
paper_facing_baseline,post_X_treated_X_disp,post_X_treated_X_disp,0.00033995496671847177
raw_500m_interaction,post_X_treated,post_X_treated,0.00019455040067678232
raw_500m_interaction,post_X_treated,post_X_disp,8.293796644168645e-05
raw_500m_interaction,post_X_treated,post_X_treated_X_disp,-0.0001742177740092529
raw_500m_interaction,post_X_treated,post_X_density,2.2996963595808453e-05
raw_500m_interaction,post_X_treated,post_X_treated_X_density,-0.00026369898775310417
raw_500m_interaction,post_X_treated,post_X_disp_X_density,-2.5578350650897693e-05
raw_500m_interaction,post_X_treated,post_X_treated_X_disp_X_density,0.0002650148339483535
raw_500m_interaction,post_X_disp,post_X_treated,8.293796644168641e-05
raw_500m_interaction,post_X_disp,post_X_disp,6.508598156535163e-05
raw_500m_interaction,post_X_disp,post_X_treated_X_disp,-7.318171785571838e-05
raw_500m_interaction,post_X_disp,post_X_density,1.4338230143414992e-05
raw_500m_interaction,post_X_disp,post_X_treated_X_density,-9.115596837590021e-05
raw_500m_interaction,post_X_disp,post_X_disp_X_density,-1.8330453182820818e-05
raw_500m_interaction,post_X_disp,post_X_treated_X_disp_X_density,0.0001174296598845969
raw_500m_interaction,post_X_treated_X_disp,post_X_treated,-0.0001742177740092528
raw_500m_interaction,post_X_treated_X_disp,post_X_disp,-7.31817178557184e-05
raw_500m_interaction,post_X_treated_X_disp,post_X_treated_X_disp,0.00020490993292948144
raw_500m_interaction,post_X_treated_X_disp,post_X_density,-1.9951513542109847e-05
raw_500m_interaction,post_X_treated_X_disp,post_X_treated_X_density,0.00026877797756050725
raw_500m_interaction,post_X_treated_X_disp,post_X_disp_X_density,2.4314330019142373e-05
raw_500m_interaction,post_X_treated_X_disp,post_X_treated_X_disp_X_density,-0.00026899901967073
raw_500m_interaction,post_X_density,post_X_treated,2.2996963595808402e-05
raw_500m_interaction,post_X_density,post_X_disp,1.4338230143414983e-05
raw_500m_interaction,post_X_density,post_X_treated_X_disp,-1.9951513542109834e-05
raw_500m_interaction,post_X_density,post_X_density,2.7827022924796325e-05
raw_500m_interaction,post_X_density,post_X_treated_X_density,-9.126565821436882e-05
raw_500m_interaction,post_X_density,post_X_disp_X_density,-3.2243635710541075e-05
raw_500m_interaction,post_X_density,post_X_treated_X_disp_X_density,8.935152354749372e-05
raw_500m_interaction,post_X_treated_X_density,post_X_treated,-0.00026369898775310385
raw_500m_interaction,post_X_treated_X_density,post_X_disp,-9.11559683759001e-05
raw_500m_interaction,post_X_treated_X_density,post_X_treated_X_disp,0.0002687779775605073
raw_500m_interaction,post_X_treated_X_density,post_X_density,-9.126565821436878e-05
raw_500m_interaction,post_X_treated_X_density,post_X_treated_X_density,0.0010304488664384147
raw_500m_interaction,post_X_treated_X_density,post_X_disp_X_density,0.00011266238979094435
raw_500m_interaction,post_X_treated_X_density,post_X_treated_X_disp_X_density,-0.0010762309594538428
raw_500m_interaction,post_X_disp_X_density,post_X_treated,-2.5578350650897656e-05
raw_500m_interaction,post_X_disp_X_density,post_X_disp,-1.8330453182820808e-05
raw_500m_interaction,post_X_disp_X_density,post_X_treated_X_disp,2.4314330019142363e-05
raw_500m_interaction,post_X_disp_X_density,post_X_density,-3.224363571054106e-05
raw_500m_interaction,post_X_disp_X_density,post_X_treated_X_density,0.0001126623897909444
raw_500m_interaction,post_X_disp_X_density,post_X_disp_X_density,4.136645434661899e-05
raw_500m_interaction,post_X_disp_X_density,post_X_treated_X_disp_X_density,-0.00012258228857765292
raw_500m_interaction,post_X_treated_X_disp_X_density,post_X_treated,0.00026501483394835297
raw_500m_interaction,post_X_treated_X_disp_X_density,post_X_disp,0.00011742965988459677
raw_500m_interaction,post_X_treated_X_disp_X_density,post_X_treated_X_disp,-0.0002689990196707299
raw_500m_interaction,post_X_treated_X_disp_X_density,post_X_density,8.93515235474937e-05
raw_500m_interaction,post_X_treated_X_disp_X_density,post_X_treated_X_density,-0.0010762309594538433
raw_500m_interaction,post_X_treated_X_disp_X_density,post_X_disp_X_density,-0.0001225822885776529
raw_500m_interaction,post_X_treated_X_disp_X_density,post_X_treated_X_disp_X_density,0.0014912379397363656
log_500m_interaction,post_X_treated,post_X_treated,0.0002801847104591848
log_500m_interaction,post_X_treated,post_X_disp,8.636065071144415e-05
log_500m_interaction,post_X_treated,post_X_treated_X_disp,-0.0002659687971426869
log_500m_interaction,post_X_treated,post_X_density,7.39551594727535e-05
log_500m_interaction,post_X_treated,post_X_treated_X_density,-0.0002485870987799694
log_500m_interaction,post_X_treated,post_X_disp_X_density,-8.053674378774652e-05
log_500m_interaction,post_X_treated,post_X_treated_X_disp_X_density,0.000269299080027055
log_500m_interaction,post_X_disp,post_X_treated,8.63606507114442e-05
log_500m_interaction,post_X_disp,post_X_disp,5.938276630055889e-05
log_500m_interaction,post_X_disp,post_X_treated_X_disp,-8.415135689644832e-05
log_500m_interaction,post_X_disp,post_X_density,2.078931678417996e-05
log_500m_interaction,post_X_disp,post_X_treated_X_density,-5.384445457143693e-05
log_500m_interaction,post_X_disp,post_X_disp_X_density,-2.3599608595339782e-05
log_500m_interaction,post_X_disp,post_X_treated_X_disp_X_density,7.089737797344496e-05
log_500m_interaction,post_X_treated_X_disp,post_X_treated,-0.000265968797142687
log_500m_interaction,post_X_treated_X_disp,post_X_disp,-8.415135689644828e-05
log_500m_interaction,post_X_treated_X_disp,post_X_treated_X_disp,0.0003111502176690858
log_500m_interaction,post_X_treated_X_disp,post_X_density,-5.440923552710816e-05
log_500m_interaction,post_X_treated_X_disp,post_X_treated_X_density,0.0002609098670317662
log_500m_interaction,post_X_treated_X_disp,post_X_disp_X_density,6.536676452469011e-05
log_500m_interaction,post_X_treated_X_disp,post_X_treated_X_disp_X_density,-0.00032343156361311023
log_500m_interaction,post_X_density,post_X_treated,7.395515947275348e-05
log_500m_interaction,post_X_density,post_X_disp,2.078931678417995e-05
log_500m_interaction,post_X_density,post_X_treated_X_disp,-5.44092355271081e-05
log_500m_interaction,post_X_density,post_X_density,7.225211314470113e-05
log_500m_interaction,post_X_density,post_X_treated_X_density,-0.00011317332826897717
log_500m_interaction,post_X_density,post_X_disp_X_density,-6.951326748856289e-05
log_500m_interaction,post_X_density,post_X_treated_X_disp_X_density,7.778308967466751e-05
log_500m_interaction,post_X_treated_X_density,post_X_treated,-0.0002485870987799694
log_500m_interaction,post_X_treated_X_density,post_X_disp,-5.384445457143693e-05
log_500m_interaction,post_X_treated_X_density,post_X_treated_X_disp,0.00026090986703176613
log_500m_interaction,post_X_treated_X_density,post_X_density,-0.00011317332826897722
log_500m_interaction,post_X_treated_X_density,post_X_treated_X_density,0.00040879876976150626
log_500m_interaction,post_X_treated_X_density,post_X_disp_X_density,0.00012435873412717786
log_500m_interaction,post_X_treated_X_density,post_X_treated_X_disp_X_density,-0.00046902954597142284
log_500m_interaction,post_X_disp_X_density,post_X_treated,-8.053674378774655e-05
log_500m_interaction,post_X_disp_X_density,post_X_disp,-2.359960859533979e-05
log_500m_interaction,post_X_disp_X_density,post_X_treated_X_disp,6.53667645246901e-05
log_500m_interaction,post_X_disp_X_density,post_X_density,-6.951326748856293e-05
log_500m_interaction,post_X_disp_X_density,post_X_treated_X_density,0.00012435873412717786
log_500m_interaction,post_X_disp_X_density,post_X_disp_X_density,7.019503072196935e-05
log_500m_interaction,post_X_disp_X_density,post_X_treated_X_disp_X_density,-0.00010372992836693538
log_500m_interaction,post_X_treated_X_disp_X_density,post_X_treated,0.00026929908002705494
log_500m_interaction,post_X_treated_X_disp_X_density,post_X_disp,7.089737797344495e-05
log_500m_interaction,post_X_treated_X_disp_X_density,post_X_treated_X_disp,-0.00032343156361311023
log_500m_interaction,post_X_treated_X_disp_X_density,post_X_density,7.778308967466758e-05
log_500m_interaction,post_X_treated_X_disp_X_density,post_X_treated_X_density,-0.0004690295459714229
log_500m_interaction,post_X_treated_X_disp_X_density,post_X_disp_X_density,-0.00010372992836693539
log_500m_interaction,post_X_treated_X_disp_X_density,post_X_treated_X_disp_X_density,0.0006578838254475129
raw_1500m_interaction,post_X_treated,post_X_treated,0.0002505661376934081
raw_1500m_interaction,post_X_treated,post_X_disp,8.459351772072397e-05
raw_1500m_interaction,post_X_treated,post_X_treated_X_disp,-0.00023581410219043178
raw_1500m_interaction,post_X_treated,post_X_density,2.7361211036678097e-05
raw_1500m_interaction,post_X_treated,post_X_treated_X_density,-0.00014980696369277174
raw_1500m_interaction,post_X_treated,post_X_disp_X_density,-3.2927043402968534e-05
raw_1500m_interaction,post_X_treated,post_X_treated_X_disp_X_density,0.00016390682886086713
raw_1500m_interaction,post_X_disp,post_X_treated,8.459351772072397e-05
raw_1500m_interaction,post_X_disp,post_X_disp,6.310257623505424e-05
raw_1500m_interaction,post_X_disp,post_X_treated_X_disp,-7.653881803971918e-05
raw_1500m_interaction,post_X_disp,post_X_density,6.490510441544749e-06
raw_1500m_interaction,post_X_disp,post_X_treated_X_density,-2.7382520104573507e-05
raw_1500m_interaction,post_X_disp,post_X_disp_X_density,-9.170089412811578e-06
raw_1500m_interaction,post_X_disp,post_X_treated_X_disp_X_density,3.226401616357068e-05
raw_1500m_interaction,post_X_treated_X_disp,post_X_treated,-0.0002358141021904314
raw_1500m_interaction,post_X_treated_X_disp,post_X_disp,-7.653881803971913e-05
raw_1500m_interaction,post_X_treated_X_disp,post_X_treated_X_disp,0.00027033005075620013
raw_1500m_interaction,post_X_treated_X_disp,post_X_density,-2.169166830946281e-05
raw_1500m_interaction,post_X_treated_X_disp,post_X_treated_X_density,0.00015452084381381692
raw_1500m_interaction,post_X_treated_X_disp,post_X_disp_X_density,3.131862396248569e-05
raw_1500m_interaction,post_X_treated_X_disp,post_X_treated_X_disp_X_density,-0.000192554631253295
raw_1500m_interaction,post_X_density,post_X_treated,2.7361211036678097e-05
raw_1500m_interaction,post_X_density,post_X_disp,6.490510441544747e-06
raw_1500m_interaction,post_X_density,post_X_treated_X_disp,-2.169166830946281e-05
raw_1500m_interaction,post_X_density,post_X_density,3.035820694372458e-05
raw_1500m_interaction,post_X_density,post_X_treated_X_density,-5.680594222453932e-05
raw_1500m_interaction,post_X_density,post_X_disp_X_density,-3.311232662817363e-05
raw_1500m_interaction,post_X_density,post_X_treated_X_disp_X_density,5.040637768250583e-05
raw_1500m_interaction,post_X_treated_X_density,post_X_treated,-0.0001498069636927717
raw_1500m_interaction,post_X_treated_X_density,post_X_disp,-2.738252010457348e-05
raw_1500m_interaction,post_X_treated_X_density,post_X_treated_X_disp,0.00015452084381381692
raw_1500m_interaction,post_X_treated_X_density,post_X_density,-5.6805942224539374e-05
raw_1500m_interaction,post_X_treated_X_density,post_X_treated_X_density,0.00028757326076117964
raw_1500m_interaction,post_X_treated_X_density,post_X_disp_X_density,5.159247460133278e-05
raw_1500m_interaction,post_X_treated_X_density,post_X_treated_X_disp_X_density,-0.00024890697473913166
raw_1500m_interaction,post_X_disp_X_density,post_X_treated,-3.292704340296852e-05
raw_1500m_interaction,post_X_disp_X_density,post_X_disp,-9.170089412811573e-06
raw_1500m_interaction,post_X_disp_X_density,post_X_treated_X_disp,3.13186239624857e-05
raw_1500m_interaction,post_X_disp_X_density,post_X_density,-3.311232662817362e-05
raw_1500m_interaction,post_X_disp_X_density,post_X_treated_X_density,5.159247460133271e-05
raw_1500m_interaction,post_X_disp_X_density,post_X_disp_X_density,4.196336047648575e-05
raw_1500m_interaction,post_X_disp_X_density,post_X_treated_X_disp_X_density,-5.523349509386911e-05
raw_1500m_interaction,post_X_treated_X_disp_X_density,post_X_treated,0.00016390682886086708
raw_1500m_interaction,post_X_treated_X_disp_X_density,post_X_disp,3.226401616357065e-05
raw_1500m_interaction,post_X_treated_X_disp_X_density,post_X_treated_X_disp,-0.00019255463125329502
raw_1500m_interaction,post_X_treated_X_disp_X_density,post_X_density,5.040637768250586e-05
raw_1500m_interaction,post_X_treated_X_disp_X_density,post_X_treated_X_density,-0.00024890697473913155
raw_1500m_interaction,post_X_treated_X_disp_X_density,post_X_disp_X_density,-5.523349509386917e-05
raw_1500m_interaction,post_X_treated_X_disp_X_density,post_X_treated_X_disp_X_density,0.0002572124482148015
log_1500m_interaction,post_X_treated,post_X_treated,0.00023857908701417353
log_1500m_interaction,post_X_treated,post_X_disp,7.373742742206508e-05
log_1500m_interaction,post_X_treated,post_X_treated_X_disp,-0.0002216926415197647
log_1500m_interaction,post_X_treated,post_X_density,8.166238942564179e-05
log_1500m_interaction,post_X_treated,post_X_treated_X_density,-0.00017420506038867413
log_1500m_interaction,post_X_treated,post_X_disp_X_density,-9.140782428747396e-05
log_1500m_interaction,post_X_treated,post_X_treated_X_disp_X_density,0.00020722545395274362
log_1500m_interaction,post_X_disp,post_X_treated,7.373742742206508e-05
log_1500m_interaction,post_X_disp,post_X_disp,5.605015964369717e-05
log_1500m_interaction,post_X_disp,post_X_treated_X_disp,-6.94399719758272e-05
log_1500m_interaction,post_X_disp,post_X_density,2.1166870546286086e-05
log_1500m_interaction,post_X_disp,post_X_treated_X_density,-4.569257335942855e-05
log_1500m_interaction,post_X_disp,post_X_disp_X_density,-2.5056316931565578e-05
log_1500m_interaction,post_X_disp,post_X_treated_X_disp_X_density,6.60144717086587e-05
log_1500m_interaction,post_X_treated_X_disp,post_X_treated,-0.00022169264151976475
log_1500m_interaction,post_X_treated_X_disp,post_X_disp,-6.943997197582716e-05
log_1500m_interaction,post_X_treated_X_disp,post_X_treated_X_disp,0.0002523052256718028
log_1500m_interaction,post_X_treated_X_disp,post_X_density,-5.5059596022067715e-05
log_1500m_interaction,post_X_treated_X_disp,post_X_treated_X_density,0.0001769448098247587
log_1500m_interaction,post_X_treated_X_disp,post_X_disp_X_density,7.190794458247038e-05
log_1500m_interaction,post_X_treated_X_disp,post_X_treated_X_disp_X_density,-0.00023715789142417755
log_1500m_interaction,post_X_density,post_X_treated,8.166238942564174e-05
log_1500m_interaction,post_X_density,post_X_disp,2.1166870546286097e-05
log_1500m_interaction,post_X_density,post_X_treated_X_disp,-5.50595960220677e-05
log_1500m_interaction,post_X_density,post_X_density,8.722760004499439e-05
log_1500m_interaction,post_X_density,post_X_treated_X_density,-0.00011627094786007576
log_1500m_interaction,post_X_density,post_X_disp_X_density,-8.840136687939237e-05
log_1500m_interaction,post_X_density,post_X_treated_X_disp_X_density,9.094072707434391e-05
log_1500m_interaction,post_X_treated_X_density,post_X_treated,-0.00017420506038867413
log_1500m_interaction,post_X_treated_X_density,post_X_disp,-4.5692573359428554e-05
log_1500m_interaction,post_X_treated_X_density,post_X_treated_X_disp,0.00017694480982475877
log_1500m_interaction,post_X_treated_X_density,post_X_density,-0.00011627094786007578
log_1500m_interaction,post_X_treated_X_density,post_X_treated_X_density,0.0003887565952905224
log_1500m_interaction,post_X_treated_X_density,post_X_disp_X_density,0.00012096839892589363
log_1500m_interaction,post_X_treated_X_density,post_X_treated_X_disp_X_density,-0.0003973709472796009
log_1500m_interaction,post_X_disp_X_density,post_X_treated,-9.140782428747392e-05
log_1500m_interaction,post_X_disp_X_density,post_X_disp,-2.505631693156558e-05
log_1500m_interaction,post_X_disp_X_density,post_X_treated_X_disp,7.190794458247033e-05
log_1500m_interaction,post_X_disp_X_density,post_X_density,-8.840136687939234e-05
log_1500m_interaction,post_X_disp_X_density,post_X_treated_X_density,0.00012096839892589359
log_1500m_interaction,post_X_disp_X_density,post_X_disp_X_density,9.527248063922671e-05
log_1500m_interaction,post_X_disp_X_density,post_X_treated_X_disp_X_density,-0.00010883072949862732
log_1500m_interaction,post_X_treated_X_disp_X_density,post_X_treated,0.0002072254539527437
log_1500m_interaction,post_X_treated_X_disp_X_density,post_X_disp,6.601447170865871e-05
log_1500m_interaction,post_X_treated_X_disp_X_density,post_X_treated_X_disp,-0.00023715789142417755
log_1500m_interaction,post_X_treated_X_disp_X_density,post_X_density,9.094072707434387e-05
log_1500m_interaction,post_X_treated_X_disp_X_density,post_X_treated_X_density,-0.00039737094727960076
log_1500m_interaction,post_X_treated_X_disp_X_density,post_X_disp_X_density,-0.00010883072949862728
log_1500m_interaction,post_X_treated_X_disp_X_density,post_X_treated_X_disp_X_density,0.00048416121664315826
market_new_baseline,post_X_treated,post_X_treated,0.00012826669658530274
market_new_baseline,post_X_treated,post_X_disp,2.1674147326122522e-06
market_new_baseline,post_X_treated,post_X_treated_X_disp,1.1747034775967717e-06
market_new_baseline,post_X_disp,post_X_treated,2.1674147326122937e-06
market_new_baseline,post_X_disp,post_X_disp,2.041706953480883e-05
market_new_baseline,post_X_disp,post_X_treated_X_disp,1.3371953927452566e-05
market_new_baseline,post_X_treated_X_disp,post_X_treated,1.1747034775966574e-06
market_new_baseline,post_X_treated_X_disp,post_X_disp,1.3371953927452603e-05
market_new_baseline,post_X_treated_X_disp,post_X_treated_X_disp,8.008943894807086e-05
market_new_raw_500m_interaction,post_X_treated,post_X_treated,7.24345655259561e-05
market_new_raw_500m_interaction,post_X_treated,post_X_disp,1.4335482233537152e-05
market_new_raw_500m_interaction,post_X_treated,post_X_treated_X_disp,1.303528136144901e-05
market_new_raw_500m_interaction,post_X_treated,post_X_density,2.901877913393511e-06
market_new_raw_500m_interaction,post_X_treated,post_X_treated_X_density,4.085048849819251e-05
market_new_raw_500m_interaction,post_X_treated,post_X_disp_X_density,-1.8149351589287217e-05
market_new_raw_500m_interaction,post_X_treated,post_X_treated_X_disp_X_density,8.788337347923117e-05
market_new_raw_500m_interaction,post_X_disp,post_X_treated,1.4335482233537176e-05
market_new_raw_500m_interaction,post_X_disp,post_X_disp,2.2495349345518775e-05
market_new_raw_500m_interaction,post_X_disp,post_X_treated_X_disp,5.196321595239041e-06
market_new_raw_500m_interaction,post_X_disp,post_X_density,9.830357386671227e-06
market_new_raw_500m_interaction,post_X_disp,post_X_treated_X_density,4.818909416408676e-05
market_new_raw_500m_interaction,post_X_disp,post_X_disp_X_density,-1.0027295574880708e-05
market_new_raw_500m_interaction,post_X_disp,post_X_treated_X_disp_X_density,5.1302839732668916e-05
market_new_raw_500m_interaction,post_X_treated_X_disp,post_X_treated,1.303528136144877e-05
market_new_raw_500m_interaction,post_X_treated_X_disp,post_X_disp,5.19632159523903e-06
market_new_raw_500m_interaction,post_X_treated_X_disp,post_X_treated_X_disp,7.130383587766939e-05
market_new_raw_500m_interaction,post_X_treated_X_disp,post_X_density,-4.859937533558546e-06
market_new_raw_500m_interaction,post_X_treated_X_disp,post_X_treated_X_density,-5.52575768178116e-06
market_new_raw_500m_interaction,post_X_treated_X_disp,post_X_disp_X_density,8.79464136165667e-06
market_new_raw_500m_interaction,post_X_treated_X_disp,post_X_treated_X_disp_X_density,0.00014164264613603387
market_new_raw_500m_interaction,post_X_density,post_X_treated,2.9018779133934997e-06
market_new_raw_500m_interaction,post_X_density,post_X_disp,9.83035738667122e-06
market_new_raw_500m_interaction,post_X_density,post_X_treated_X_disp,-4.859937533558533e-06
market_new_raw_500m_interaction,post_X_density,post_X_density,1.6776249781088787e-05
market_new_raw_500m_interaction,post_X_density,post_X_treated_X_density,2.402844610278903e-05
market_new_raw_500m_interaction,post_X_density,post_X_disp_X_density,-1.7160912362421278e-05
market_new_raw_500m_interaction,post_X_density,post_X_treated_X_disp_X_density,2.5349833824522795e-05
market_new_raw_500m_interaction,post_X_treated_X_density,post_X_treated,4.0850488498192726e-05
market_new_raw_500m_interaction,post_X_treated_X_density,post_X_disp,4.818909416408682e-05
market_new_raw_500m_interaction,post_X_treated_X_density,post_X_treated_X_disp,-5.525757681781172e-06
market_new_raw_500m_interaction,post_X_treated_X_density,post_X_density,2.402844610278908e-05
market_new_raw_500m_interaction,post_X_treated_X_density,post_X_treated_X_density,0.00047905277936276594
market_new_raw_500m_interaction,post_X_treated_X_density,post_X_disp_X_density,-3.9790197473551546e-05
market_new_raw_500m_interaction,post_X_treated_X_density,post_X_treated_X_disp_X_density,-4.417653859461773e-05
market_new_raw_500m_interaction,post_X_disp_X_density,post_X_treated,-1.8149351589287193e-05
market_new_raw_500m_interaction,post_X_disp_X_density,post_X_disp,-1.0027295574880695e-05
market_new_raw_500m_interaction,post_X_disp_X_density,post_X_treated_X_disp,8.79464136165665e-06
market_new_raw_500m_interaction,post_X_disp_X_density,post_X_density,-1.716091236242127e-05
market_new_raw_500m_interaction,post_X_disp_X_density,post_X_treated_X_density,-3.9790197473551464e-05
market_new_raw_500m_interaction,post_X_disp_X_density,post_X_disp_X_density,2.8613293639941323e-05
market_new_raw_500m_interaction,post_X_disp_X_density,post_X_treated_X_disp_X_density,-1.478330245256516e-05
market_new_raw_500m_interaction,post_X_treated_X_disp_X_density,post_X_treated,8.788337347923086e-05
market_new_raw_500m_interaction,post_X_treated_X_disp_X_density,post_X_disp,5.130283973266882e-05
market_new_raw_500m_interaction,post_X_treated_X_disp_X_density,post_X_treated_X_disp,0.00014164264613603398
market_new_raw_500m_interaction,post_X_treated_X_disp_X_density,post_X_density,2.5349833824522758e-05
market_new_raw_500m_interaction,post_X_treated_X_disp_X_density,post_X_treated_X_density,-4.4176538594618285e-05
market_new_raw_500m_interaction,post_X_treated_X_disp_X_density,post_X_disp_X_density,-1.4783302452565121e-05
market_new_raw_500m_interaction,post_X_treated_X_disp_X_density,post_X_treated_X_disp_X_density,0.0005408090685920597
low_density_le3_descriptive,post_X_treated,post_X_treated,0.0014263156594434192
low_density_le3_descriptive,post_X_treated,post_X_disp,0.00035579592899506496
low_density_le3_descriptive,post_X_treated,post_X_treated_X_disp,-0.0011954772992503184
low_density_le3_descriptive,post_X_disp,post_X_treated,0.00035579592899506485
low_density_le3_descriptive,post_X_disp,post_X_disp,0.00016820298267721645
low_density_le3_descriptive,post_X_disp,post_X_treated_X_disp,-0.000286159469912844
low_density_le3_descriptive,post_X_treated_X_disp,post_X_treated,-0.0011954772992503187
low_density_le3_descriptive,post_X_treated_X_disp,post_X_disp,-0.00028615946991284407
low_density_le3_descriptive,post_X_treated_X_disp,post_X_treated_X_disp,0.0013333963532161815
preferred_store_event_post_fe,post_X_disp,post_X_disp,5.61189709700723e-05
preferred_store_event_post_fe,post_X_disp,post_X_treated_X_disp,-6.654791676642478e-05
preferred_store_event_post_fe,post_X_treated_X_disp,post_X_disp,-6.654791676642478e-05
preferred_store_event_post_fe,post_X_treated_X_disp,post_X_treated_X_disp,0.00029407784071948227
raw_500m_density_interacted_event_study,rel_m4_X_treated,rel_m4_X_treated,0.0002774414988406117
raw_500m_density_interacted_event_study,rel_m4_X_treated,rel_m4_X_disp,5.9505093606151354e-05
raw_500m_density_interacted_event_study,rel_m4_X_treated,rel_m4_X_treated_X_disp,-0.00025004202516489097
raw_500m_density_interacted_event_study,rel_m4_X_treated,rel_m4_X_density,6.14134561348266e-05
raw_500m_density_interacted_event_study,rel_m4_X_treated,rel_m4_X_treated_X_density,-3.907977868859905e-05
raw_500m_density_interacted_event_study,rel_m4_X_treated,rel_m4_X_disp_X_density,-7.206057171608956e-05
raw_500m_density_interacted_event_study,rel_m4_X_treated,rel_m4_X_treated_X_disp_X_density,0.00012613639214964658
raw_500m_density_interacted_event_study,rel_m4_X_treated,rel_m3_X_treated,0.0003424121999109716
raw_500m_density_interacted_event_study,rel_m4_X_treated,rel_m3_X_disp,-1.0830752597555676e-05
raw_500m_density_interacted_event_study,rel_m4_X_treated,rel_m3_X_treated_X_disp,-0.0002912474179359075
raw_500m_density_interacted_event_study,rel_m4_X_treated,rel_m3_X_density,2.1941776592753834e-05
raw_500m_density_interacted_event_study,rel_m4_X_treated,rel_m3_X_treated_X_density,0.0002072992605827268
raw_500m_density_interacted_event_study,rel_m4_X_treated,rel_m3_X_disp_X_density,-5.752174145242557e-05
raw_500m_density_interacted_event_study,rel_m4_X_treated,rel_m3_X_treated_X_disp_X_density,-8.635937397395375e-05
raw_500m_density_interacted_event_study,rel_m4_X_treated,rel_m2_X_treated,0.00028584598494309183
raw_500m_density_interacted_event_study,rel_m4_X_treated,rel_m2_X_disp,-1.0665838038463933e-05
raw_500m_density_interacted_event_study,rel_m4_X_treated,rel_m2_X_treated_X_disp,-0.00021599820125794313
raw_500m_density_interacted_event_study,rel_m4_X_treated,rel_m2_X_density,4.821473666987438e-05
raw_500m_density_interacted_event_study,rel_m4_X_treated,rel_m2_X_treated_X_density,0.0002968613989731188
raw_500m_density_interacted_event_study,rel_m4_X_treated,rel_m2_X_disp_X_density,-5.335918715251876e-05
raw_500m_density_interacted_event_study,rel_m4_X_treated,rel_m2_X_treated_X_disp_X_density,-7.116549707982775e-05
raw_500m_density_interacted_event_study,rel_m4_X_treated,rel_p1_X_treated,0.000339600290220672
raw_500m_density_interacted_event_study,rel_m4_X_treated,rel_p1_X_disp,3.9633411339075226e-05
raw_500m_density_interacted_event_study,rel_m4_X_treated,rel_p1_X_treated_X_disp,-0.0002940098097644557
raw_500m_density_interacted_event_study,rel_m4_X_treated,rel_p1_X_density,6.007857861505018e-05
raw_500m_density_interacted_event_study,rel_m4_X_treated,rel_p1_X_treated_X_density,0.0005566703413386812
raw_500m_density_interacted_event_study,rel_m4_X_treated,rel_p1_X_disp_X_density,-8.790358091868344e-05
raw_500m_density_interacted_event_study,rel_m4_X_treated,rel_p1_X_treated_X_disp_X_density,-0.0004498963783454172
raw_500m_density_interacted_event_study,rel_m4_X_treated,rel_p2_X_treated,5.07498181677461e-05
raw_500m_density_interacted_event_study,rel_m4_X_treated,rel_p2_X_disp,-6.876991351682668e-05
raw_500m_density_interacted_event_study,rel_m4_X_treated,rel_p2_X_treated_X_disp,-4.1891917006976656e-05
raw_500m_density_interacted_event_study,rel_m4_X_treated,rel_p2_X_density,3.9325920193303134e-05
raw_500m_density_interacted_event_study,rel_m4_X_treated,rel_p2_X_treated_X_density,0.0001089891232308599
raw_500m_density_interacted_event_study,rel_m4_X_treated,rel_p2_X_disp_X_density,-4.084622137086322e-05
raw_500m_density_interacted_event_study,rel_m4_X_treated,rel_p2_X_treated_X_disp_X_density,-3.396976921176755e-05
raw_500m_density_interacted_event_study,rel_m4_X_treated,rel_p3_X_treated,0.00017649557953604332
raw_500m_density_interacted_event_study,rel_m4_X_treated,rel_p3_X_disp,-1.0445693128888004e-05
raw_500m_density_interacted_event_study,rel_m4_X_treated,rel_p3_X_treated_X_disp,-0.00022820776392615036
raw_500m_density_interacted_event_study,rel_m4_X_treated,rel_p3_X_density,-3.452994525990224e-07
raw_500m_density_interacted_event_study,rel_m4_X_treated,rel_p3_X_treated_X_density,0.0002444650664104009
raw_500m_density_interacted_event_study,rel_m4_X_treated,rel_p3_X_disp_X_density,8.832543079409408e-06
raw_500m_density_interacted_event_study,rel_m4_X_treated,rel_p3_X_treated_X_disp_X_density,-0.0005602707832313912
raw_500m_density_interacted_event_study,rel_m4_X_treated,rel_p4_X_treated,2.2522549557959643e-06
raw_500m_density_interacted_event_study,rel_m4_X_treated,rel_p4_X_disp,-6.033703327514207e-05
raw_500m_density_interacted_event_study,rel_m4_X_treated,rel_p4_X_treated_X_disp,7.641520656080463e-05
raw_500m_density_interacted_event_study,rel_m4_X_treated,rel_p4_X_density,8.007899202302827e-05
raw_500m_density_interacted_event_study,rel_m4_X_treated,rel_p4_X_treated_X_density,2.7267783638762267e-05
raw_500m_density_interacted_event_study,rel_m4_X_treated,rel_p4_X_disp_X_density,-9.915676854787921e-05
raw_500m_density_interacted_event_study,rel_m4_X_treated,rel_p4_X_treated_X_disp_X_density,-9.310471144401178e-05
raw_500m_density_interacted_event_study,rel_m4_X_disp,rel_m4_X_treated,5.950509360615154e-05
raw_500m_density_interacted_event_study,rel_m4_X_disp,rel_m4_X_disp,0.0001517688702705968
raw_500m_density_interacted_event_study,rel_m4_X_disp,rel_m4_X_treated_X_disp,-0.00015543504896321173
raw_500m_density_interacted_event_study,rel_m4_X_disp,rel_m4_X_density,2.2393644009570295e-05
raw_500m_density_interacted_event_study,rel_m4_X_disp,rel_m4_X_treated_X_density,-5.742557625263871e-06
raw_500m_density_interacted_event_study,rel_m4_X_disp,rel_m4_X_disp_X_density,2.0651999575760785e-05
raw_500m_density_interacted_event_study,rel_m4_X_disp,rel_m4_X_treated_X_disp_X_density,6.38547113407854e-05
raw_500m_density_interacted_event_study,rel_m4_X_disp,rel_m3_X_treated,0.00010505882565724148
raw_500m_density_interacted_event_study,rel_m4_X_disp,rel_m3_X_disp,0.00011949015486497236
raw_500m_density_interacted_event_study,rel_m4_X_disp,rel_m3_X_treated_X_disp,-0.0002116808835783485
raw_500m_density_interacted_event_study,rel_m4_X_disp,rel_m3_X_density,3.578325960780704e-05
raw_500m_density_interacted_event_study,rel_m4_X_disp,rel_m3_X_treated_X_density,0.0001683165972787905
raw_500m_density_interacted_event_study,rel_m4_X_disp,rel_m3_X_disp_X_density,-2.8706225591550637e-05
raw_500m_density_interacted_event_study,rel_m4_X_disp,rel_m3_X_treated_X_disp_X_density,-0.00011667218038744535
raw_500m_density_interacted_event_study,rel_m4_X_disp,rel_m2_X_treated,5.145881184694584e-05
raw_500m_density_interacted_event_study,rel_m4_X_disp,rel_m2_X_disp,8.932953786244638e-05
raw_500m_density_interacted_event_study,rel_m4_X_disp,rel_m2_X_treated_X_disp,-5.51952556602273e-05
raw_500m_density_interacted_event_study,rel_m4_X_disp,rel_m2_X_density,1.026725287052166e-05
raw_500m_density_interacted_event_study,rel_m4_X_disp,rel_m2_X_treated_X_density,-9.818507228711813e-05
raw_500m_density_interacted_event_study,rel_m4_X_disp,rel_m2_X_disp_X_density,2.7389288553227138e-05
raw_500m_density_interacted_event_study,rel_m4_X_disp,rel_m2_X_treated_X_disp_X_density,0.0001476207760373503
raw_500m_density_interacted_event_study,rel_m4_X_disp,rel_p1_X_treated,0.00010032391378372868
raw_500m_density_interacted_event_study,rel_m4_X_disp,rel_p1_X_disp,0.0001213602634925195
raw_500m_density_interacted_event_study,rel_m4_X_disp,rel_p1_X_treated_X_disp,-0.00017528176302972624
raw_500m_density_interacted_event_study,rel_m4_X_disp,rel_p1_X_density,-1.7032411928830054e-06
raw_500m_density_interacted_event_study,rel_m4_X_disp,rel_p1_X_treated_X_density,8.012648602151775e-05
raw_500m_density_interacted_event_study,rel_m4_X_disp,rel_p1_X_disp_X_density,2.4227164350934516e-06
raw_500m_density_interacted_event_study,rel_m4_X_disp,rel_p1_X_treated_X_disp_X_density,-0.00010712218330360451
raw_500m_density_interacted_event_study,rel_m4_X_disp,rel_p2_X_treated,8.397551546344166e-05
raw_500m_density_interacted_event_study,rel_m4_X_disp,rel_p2_X_disp,6.854549721098274e-05
raw_500m_density_interacted_event_study,rel_m4_X_disp,rel_p2_X_treated_X_disp,-0.00010206037114501497
raw_500m_density_interacted_event_study,rel_m4_X_disp,rel_p2_X_density,2.941626823693755e-05
raw_500m_density_interacted_event_study,rel_m4_X_disp,rel_p2_X_treated_X_density,9.902009195173018e-05
raw_500m_density_interacted_event_study,rel_m4_X_disp,rel_p2_X_disp_X_density,2.242039576861996e-05
raw_500m_density_interacted_event_study,rel_m4_X_disp,rel_p2_X_treated_X_disp_X_density,3.187968975834101e-05
raw_500m_density_interacted_event_study,rel_m4_X_disp,rel_p3_X_treated,2.9012158243429837e-05
raw_500m_density_interacted_event_study,rel_m4_X_disp,rel_p3_X_disp,5.168107036963881e-05
raw_500m_density_interacted_event_study,rel_m4_X_disp,rel_p3_X_treated_X_disp,-3.631044778281001e-05
raw_500m_density_interacted_event_study,rel_m4_X_disp,rel_p3_X_density,-2.108224096528035e-05
raw_500m_density_interacted_event_study,rel_m4_X_disp,rel_p3_X_treated_X_density,0.00017509617694365628
raw_500m_density_interacted_event_study,rel_m4_X_disp,rel_p3_X_disp_X_density,5.229667012119213e-05
raw_500m_density_interacted_event_study,rel_m4_X_disp,rel_p3_X_treated_X_disp_X_density,-0.00025447758450933907
raw_500m_density_interacted_event_study,rel_m4_X_disp,rel_p4_X_treated,2.9408926976944383e-05
raw_500m_density_interacted_event_study,rel_m4_X_disp,rel_p4_X_disp,0.00010733363309918055
raw_500m_density_interacted_event_study,rel_m4_X_disp,rel_p4_X_treated_X_disp,-4.7907133853036714e-05
raw_500m_density_interacted_event_study,rel_m4_X_disp,rel_p4_X_density,5.3511396617157204e-05
raw_500m_density_interacted_event_study,rel_m4_X_disp,rel_p4_X_treated_X_density,7.433269800807966e-05
raw_500m_density_interacted_event_study,rel_m4_X_disp,rel_p4_X_disp_X_density,-4.4447023981297217e-05
raw_500m_density_interacted_event_study,rel_m4_X_disp,rel_p4_X_treated_X_disp_X_density,-6.050088908548326e-05
raw_500m_density_interacted_event_study,rel_m4_X_treated_X_disp,rel_m4_X_treated,-0.00025004202516488815
raw_500m_density_interacted_event_study,rel_m4_X_treated_X_disp,rel_m4_X_disp,-0.00015543504896321084
raw_500m_density_interacted_event_study,rel_m4_X_treated_X_disp,rel_m4_X_treated_X_disp,0.0004433515924964539
raw_500m_density_interacted_event_study,rel_m4_X_treated_X_disp,rel_m4_X_density,-4.4613447513199235e-05
raw_500m_density_interacted_event_study,rel_m4_X_treated_X_disp,rel_m4_X_treated_X_density,-4.908530659574563e-05
raw_500m_density_interacted_event_study,rel_m4_X_treated_X_disp,rel_m4_X_disp_X_density,-2.0903752033067218e-05
raw_500m_density_interacted_event_study,rel_m4_X_treated_X_disp,rel_m4_X_treated_X_disp_X_density,3.264121498620929e-05
raw_500m_density_interacted_event_study,rel_m4_X_treated_X_disp,rel_m3_X_treated,-0.000427856637340387
raw_500m_density_interacted_event_study,rel_m4_X_treated_X_disp,rel_m3_X_disp,-5.1272476538213044e-05
raw_500m_density_interacted_event_study,rel_m4_X_treated_X_disp,rel_m3_X_treated_X_disp,0.0005640200898116074
raw_500m_density_interacted_event_study,rel_m4_X_treated_X_disp,rel_m3_X_density,-2.719861833492448e-05
raw_500m_density_interacted_event_study,rel_m4_X_treated_X_disp,rel_m3_X_treated_X_density,-0.00040531931352184527
raw_500m_density_interacted_event_study,rel_m4_X_treated_X_disp,rel_m3_X_disp_X_density,1.697215877798133e-05
raw_500m_density_interacted_event_study,rel_m4_X_treated_X_disp,rel_m3_X_treated_X_disp_X_density,0.0003766103877058782
raw_500m_density_interacted_event_study,rel_m4_X_treated_X_disp,rel_m2_X_treated,-0.00030135267431908745
raw_500m_density_interacted_event_study,rel_m4_X_treated_X_disp,rel_m2_X_disp,-1.6206500044894465e-05
raw_500m_density_interacted_event_study,rel_m4_X_treated_X_disp,rel_m2_X_treated_X_disp,0.0002756312924558029
raw_500m_density_interacted_event_study,rel_m4_X_treated_X_disp,rel_m2_X_density,-4.601535151219245e-05
raw_500m_density_interacted_event_study,rel_m4_X_treated_X_disp,rel_m2_X_treated_X_density,-0.0002461265747463813
raw_500m_density_interacted_event_study,rel_m4_X_treated_X_disp,rel_m2_X_disp_X_density,-3.797727956517139e-05
raw_500m_density_interacted_event_study,rel_m4_X_treated_X_disp,rel_m2_X_treated_X_disp_X_density,0.00012152044959073355
raw_500m_density_interacted_event_study,rel_m4_X_treated_X_disp,rel_p1_X_treated,-0.00038944049590815906
raw_500m_density_interacted_event_study,rel_m4_X_treated_X_disp,rel_p1_X_disp,-0.00012824844870791452
raw_500m_density_interacted_event_study,rel_m4_X_treated_X_disp,rel_p1_X_treated_X_disp,0.0004766571399177217
raw_500m_density_interacted_event_study,rel_m4_X_treated_X_disp,rel_p1_X_density,-3.4380088287795145e-05
raw_500m_density_interacted_event_study,rel_m4_X_treated_X_disp,rel_p1_X_treated_X_density,-0.00041559167092537926
raw_500m_density_interacted_event_study,rel_m4_X_treated_X_disp,rel_p1_X_disp_X_density,-1.5947699547272182e-05
raw_500m_density_interacted_event_study,rel_m4_X_treated_X_disp,rel_p1_X_treated_X_disp_X_density,0.0005462489802834421
raw_500m_density_interacted_event_study,rel_m4_X_treated_X_disp,rel_p2_X_treated,-0.00020104187127264884
raw_500m_density_interacted_event_study,rel_m4_X_treated_X_disp,rel_p2_X_disp,-1.4233352291065832e-05
raw_500m_density_interacted_event_study,rel_m4_X_treated_X_disp,rel_p2_X_treated_X_disp,0.0003138042192040384
raw_500m_density_interacted_event_study,rel_m4_X_treated_X_disp,rel_p2_X_density,-2.9585581417147194e-05
raw_500m_density_interacted_event_study,rel_m4_X_treated_X_disp,rel_p2_X_treated_X_density,-0.0002252192768739675
raw_500m_density_interacted_event_study,rel_m4_X_treated_X_disp,rel_p2_X_disp_X_density,-5.5619032649638985e-05
raw_500m_density_interacted_event_study,rel_m4_X_treated_X_disp,rel_p2_X_treated_X_disp_X_density,0.00019284158220624295
raw_500m_density_interacted_event_study,rel_m4_X_treated_X_disp,rel_p3_X_treated,-0.0002894537385972878
raw_500m_density_interacted_event_study,rel_m4_X_treated_X_disp,rel_p3_X_disp,-6.310193289571205e-05
raw_500m_density_interacted_event_study,rel_m4_X_treated_X_disp,rel_p3_X_treated_X_disp,0.0003667410039830294
raw_500m_density_interacted_event_study,rel_m4_X_treated_X_disp,rel_p3_X_density,1.5360700375457434e-05
raw_500m_density_interacted_event_study,rel_m4_X_treated_X_disp,rel_p3_X_treated_X_density,-0.00035790662674504704
raw_500m_density_interacted_event_study,rel_m4_X_treated_X_disp,rel_p3_X_disp_X_density,-8.256348764190018e-05
raw_500m_density_interacted_event_study,rel_m4_X_treated_X_disp,rel_p3_X_treated_X_disp_X_density,0.0006215170084578308
raw_500m_density_interacted_event_study,rel_m4_X_treated_X_disp,rel_p4_X_treated,-0.00011340665092199223
raw_500m_density_interacted_event_study,rel_m4_X_treated_X_disp,rel_p4_X_disp,1.0093695955449784e-05
raw_500m_density_interacted_event_study,rel_m4_X_treated_X_disp,rel_p4_X_treated_X_disp,7.086027118660712e-05
raw_500m_density_interacted_event_study,rel_m4_X_treated_X_disp,rel_p4_X_density,-6.44429210538883e-05
raw_500m_density_interacted_event_study,rel_m4_X_treated_X_disp,rel_p4_X_treated_X_density,-0.00018653972888041742
raw_500m_density_interacted_event_study,rel_m4_X_treated_X_disp,rel_p4_X_disp_X_density,2.9603970290948348e-05
raw_500m_density_interacted_event_study,rel_m4_X_treated_X_disp,rel_p4_X_treated_X_disp_X_density,0.00026143935954967137
raw_500m_density_interacted_event_study,rel_m4_X_density,rel_m4_X_treated,6.141345613482649e-05
raw_500m_density_interacted_event_study,rel_m4_X_density,rel_m4_X_disp,2.239364400957029e-05
raw_500m_density_interacted_event_study,rel_m4_X_density,rel_m4_X_treated_X_disp,-4.4613447513199174e-05
raw_500m_density_interacted_event_study,rel_m4_X_density,rel_m4_X_density,5.196568888709266e-05
raw_500m_density_interacted_event_study,rel_m4_X_density,rel_m4_X_treated_X_density,-5.285670173770474e-05
raw_500m_density_interacted_event_study,rel_m4_X_density,rel_m4_X_disp_X_density,-6.398759055249133e-05
raw_500m_density_interacted_event_study,rel_m4_X_density,rel_m4_X_treated_X_disp_X_density,0.00011960829069971248
raw_500m_density_interacted_event_study,rel_m4_X_density,rel_m3_X_treated,8.361953296589403e-05
raw_500m_density_interacted_event_study,rel_m4_X_density,rel_m3_X_disp,3.076370055984247e-05
raw_500m_density_interacted_event_study,rel_m4_X_density,rel_m3_X_treated_X_disp,-7.210036154828742e-05
raw_500m_density_interacted_event_study,rel_m4_X_density,rel_m3_X_density,2.6323876786798e-05
raw_500m_density_interacted_event_study,rel_m4_X_density,rel_m3_X_treated_X_density,-7.307132302911829e-06
raw_500m_density_interacted_event_study,rel_m4_X_density,rel_m3_X_disp_X_density,-4.786719442227845e-05
raw_500m_density_interacted_event_study,rel_m4_X_density,rel_m3_X_treated_X_disp_X_density,5.5241375368995396e-05
raw_500m_density_interacted_event_study,rel_m4_X_density,rel_m2_X_treated,4.75922381294976e-05
raw_500m_density_interacted_event_study,rel_m4_X_density,rel_m2_X_disp,2.1149292461048686e-05
raw_500m_density_interacted_event_study,rel_m4_X_density,rel_m2_X_treated_X_disp,-3.2178041138901126e-05
raw_500m_density_interacted_event_study,rel_m4_X_density,rel_m2_X_density,4.2471583905377277e-05
raw_500m_density_interacted_event_study,rel_m4_X_density,rel_m2_X_treated_X_density,-7.133893203406425e-05
raw_500m_density_interacted_event_study,rel_m4_X_density,rel_m2_X_disp_X_density,-4.4669901142448804e-05
raw_500m_density_interacted_event_study,rel_m4_X_density,rel_m2_X_treated_X_disp_X_density,0.00012607749326161674
raw_500m_density_interacted_event_study,rel_m4_X_density,rel_p1_X_treated,6.153240639115618e-05
raw_500m_density_interacted_event_study,rel_m4_X_density,rel_p1_X_disp,3.2413976973113e-05
raw_500m_density_interacted_event_study,rel_m4_X_density,rel_p1_X_treated_X_disp,-4.772416315199497e-05
raw_500m_density_interacted_event_study,rel_m4_X_density,rel_p1_X_density,4.286392487987283e-05
raw_500m_density_interacted_event_study,rel_m4_X_density,rel_p1_X_treated_X_density,7.419487386681123e-05
raw_500m_density_interacted_event_study,rel_m4_X_density,rel_p1_X_disp_X_density,-5.907716945474598e-05
raw_500m_density_interacted_event_study,rel_m4_X_density,rel_p1_X_treated_X_disp_X_density,-5.320630652263411e-05
raw_500m_density_interacted_event_study,rel_m4_X_density,rel_p2_X_treated,-2.4330391479352156e-05
raw_500m_density_interacted_event_study,rel_m4_X_density,rel_p2_X_disp,-1.9911149642732545e-05
raw_500m_density_interacted_event_study,rel_m4_X_density,rel_p2_X_treated_X_disp,2.7267048118927207e-05
raw_500m_density_interacted_event_study,rel_m4_X_density,rel_p2_X_density,4.356275528991102e-05
raw_500m_density_interacted_event_study,rel_m4_X_density,rel_p2_X_treated_X_density,-4.729104283350672e-06
raw_500m_density_interacted_event_study,rel_m4_X_density,rel_p2_X_disp_X_density,-4.449904634126205e-05
raw_500m_density_interacted_event_study,rel_m4_X_density,rel_p2_X_treated_X_disp_X_density,7.245261108798633e-05
raw_500m_density_interacted_event_study,rel_m4_X_density,rel_p3_X_treated,5.937623662909516e-05
raw_500m_density_interacted_event_study,rel_m4_X_density,rel_p3_X_disp,2.227161249367337e-05
raw_500m_density_interacted_event_study,rel_m4_X_density,rel_p3_X_treated_X_disp,-2.7880192038916254e-05
raw_500m_density_interacted_event_study,rel_m4_X_density,rel_p3_X_density,2.2808238772602573e-05
raw_500m_density_interacted_event_study,rel_m4_X_density,rel_p3_X_treated_X_density,5.027047764579107e-05
raw_500m_density_interacted_event_study,rel_m4_X_density,rel_p3_X_disp_X_density,-3.935922583646592e-05
raw_500m_density_interacted_event_study,rel_m4_X_density,rel_p3_X_treated_X_disp_X_density,-0.00011690218608157066
raw_500m_density_interacted_event_study,rel_m4_X_density,rel_p4_X_treated,-1.5088487143775914e-05
raw_500m_density_interacted_event_study,rel_m4_X_density,rel_p4_X_disp,1.1100066733044499e-05
raw_500m_density_interacted_event_study,rel_m4_X_density,rel_p4_X_treated_X_disp,2.7224532917810693e-05
raw_500m_density_interacted_event_study,rel_m4_X_density,rel_p4_X_density,7.97372670764848e-05
raw_500m_density_interacted_event_study,rel_m4_X_density,rel_p4_X_treated_X_density,-8.701235724038972e-05
raw_500m_density_interacted_event_study,rel_m4_X_density,rel_p4_X_disp_X_density,-8.264216203457385e-05
raw_500m_density_interacted_event_study,rel_m4_X_density,rel_p4_X_treated_X_disp_X_density,9.340268312291884e-05
raw_500m_density_interacted_event_study,rel_m4_X_treated_X_density,rel_m4_X_treated,-3.90797786885942e-05
raw_500m_density_interacted_event_study,rel_m4_X_treated_X_density,rel_m4_X_disp,-5.74255762526436e-06
raw_500m_density_interacted_event_study,rel_m4_X_treated_X_density,rel_m4_X_treated_X_disp,-4.9085306595750776e-05
raw_500m_density_interacted_event_study,rel_m4_X_treated_X_density,rel_m4_X_density,-5.285670173770472e-05
raw_500m_density_interacted_event_study,rel_m4_X_treated_X_density,rel_m4_X_treated_X_density,0.0010262543623423554
raw_500m_density_interacted_event_study,rel_m4_X_treated_X_density,rel_m4_X_disp_X_density,3.69847684368949e-05
raw_500m_density_interacted_event_study,rel_m4_X_treated_X_density,rel_m4_X_treated_X_disp_X_density,-0.0006251946549621999
raw_500m_density_interacted_event_study,rel_m4_X_treated_X_density,rel_m3_X_treated,-2.9280461455510682e-05
raw_500m_density_interacted_event_study,rel_m4_X_treated_X_density,rel_m3_X_disp,-0.00012185317763730606
raw_500m_density_interacted_event_study,rel_m4_X_treated_X_density,rel_m3_X_treated_X_disp,0.00014615525803634996
raw_500m_density_interacted_event_study,rel_m4_X_treated_X_density,rel_m3_X_density,-0.0001372946555871872
raw_500m_density_interacted_event_study,rel_m4_X_treated_X_density,rel_m3_X_treated_X_density,0.000789103612413694
raw_500m_density_interacted_event_study,rel_m4_X_treated_X_density,rel_m3_X_disp_X_density,9.19199499460018e-05
raw_500m_density_interacted_event_study,rel_m4_X_treated_X_density,rel_m3_X_treated_X_disp_X_density,-0.0006287005063779864
raw_500m_density_interacted_event_study,rel_m4_X_treated_X_density,rel_m2_X_treated,0.0003442804349585582
raw_500m_density_interacted_event_study,rel_m4_X_treated_X_density,rel_m2_X_disp,-0.00014229070799933022
raw_500m_density_interacted_event_study,rel_m4_X_treated_X_density,rel_m2_X_treated_X_disp,-0.00018141562762336285
raw_500m_density_interacted_event_study,rel_m4_X_treated_X_density,rel_m2_X_density,-3.0337351091897133e-05
raw_500m_density_interacted_event_study,rel_m4_X_treated_X_density,rel_m2_X_treated_X_density,0.0013647296329264028
raw_500m_density_interacted_event_study,rel_m4_X_treated_X_density,rel_m2_X_disp_X_density,-6.457862787706037e-05
raw_500m_density_interacted_event_study,rel_m4_X_treated_X_density,rel_m2_X_treated_X_disp_X_density,-0.0011053707426979737
raw_500m_density_interacted_event_study,rel_m4_X_treated_X_density,rel_p1_X_treated,0.00034396702787560843
raw_500m_density_interacted_event_study,rel_m4_X_treated_X_density,rel_p1_X_disp,-0.00012568496900642494
raw_500m_density_interacted_event_study,rel_m4_X_treated_X_density,rel_p1_X_treated_X_disp,-0.00018205008792359387
raw_500m_density_interacted_event_study,rel_m4_X_treated_X_density,rel_p1_X_density,-4.812152919992303e-05
raw_500m_density_interacted_event_study,rel_m4_X_treated_X_density,rel_p1_X_treated_X_density,0.0007004203125799465
raw_500m_density_interacted_event_study,rel_m4_X_treated_X_density,rel_p1_X_disp_X_density,-1.3608478212448403e-05
raw_500m_density_interacted_event_study,rel_m4_X_treated_X_density,rel_p1_X_treated_X_disp_X_density,-4.2650125485163195e-05
raw_500m_density_interacted_event_study,rel_m4_X_treated_X_density,rel_p2_X_treated,-4.0742072831985625e-06
raw_500m_density_interacted_event_study,rel_m4_X_treated_X_density,rel_p2_X_disp,-3.134820838100874e-06
raw_500m_density_interacted_event_study,rel_m4_X_treated_X_density,rel_p2_X_treated_X_disp,-8.904996103349057e-05
raw_500m_density_interacted_event_study,rel_m4_X_treated_X_density,rel_p2_X_density,1.4672377971714604e-05
raw_500m_density_interacted_event_study,rel_m4_X_treated_X_density,rel_p2_X_treated_X_density,1.811428754138077e-05
raw_500m_density_interacted_event_study,rel_m4_X_treated_X_density,rel_p2_X_disp_X_density,-8.140101242423074e-05
raw_500m_density_interacted_event_study,rel_m4_X_treated_X_density,rel_p2_X_treated_X_disp_X_density,-5.9400625901196764e-05
raw_500m_density_interacted_event_study,rel_m4_X_treated_X_density,rel_p3_X_treated,7.108104790983037e-05
raw_500m_density_interacted_event_study,rel_m4_X_treated_X_density,rel_p3_X_disp,-0.00011469539156962938
raw_500m_density_interacted_event_study,rel_m4_X_treated_X_density,rel_p3_X_treated_X_disp,-0.00011935975974801135
raw_500m_density_interacted_event_study,rel_m4_X_treated_X_density,rel_p3_X_density,-3.7425228132739353e-06
raw_500m_density_interacted_event_study,rel_m4_X_treated_X_density,rel_p3_X_treated_X_density,0.00021995798234602888
raw_500m_density_interacted_event_study,rel_m4_X_treated_X_density,rel_p3_X_disp_X_density,-6.694682929219076e-05
raw_500m_density_interacted_event_study,rel_m4_X_treated_X_density,rel_p3_X_treated_X_disp_X_density,-0.000246504325877167
raw_500m_density_interacted_event_study,rel_m4_X_treated_X_density,rel_p4_X_treated,0.00011254530782482974
raw_500m_density_interacted_event_study,rel_m4_X_treated_X_density,rel_p4_X_disp,-4.5348977767684764e-05
raw_500m_density_interacted_event_study,rel_m4_X_treated_X_density,rel_p4_X_treated_X_disp,-9.694040941060296e-05
raw_500m_density_interacted_event_study,rel_m4_X_treated_X_density,rel_p4_X_density,-0.00015039808538049151
raw_500m_density_interacted_event_study,rel_m4_X_treated_X_density,rel_p4_X_treated_X_density,0.00037496583110668087
raw_500m_density_interacted_event_study,rel_m4_X_treated_X_density,rel_p4_X_disp_X_density,0.0001360597198202495
raw_500m_density_interacted_event_study,rel_m4_X_treated_X_density,rel_p4_X_treated_X_disp_X_density,-7.72032137041921e-06
raw_500m_density_interacted_event_study,rel_m4_X_disp_X_density,rel_m4_X_treated,-7.206057171608917e-05
raw_500m_density_interacted_event_study,rel_m4_X_disp_X_density,rel_m4_X_disp,2.0651999575760856e-05
raw_500m_density_interacted_event_study,rel_m4_X_disp_X_density,rel_m4_X_treated_X_disp,-2.0903752033067645e-05
raw_500m_density_interacted_event_study,rel_m4_X_disp_X_density,rel_m4_X_density,-6.398759055249114e-05
raw_500m_density_interacted_event_study,rel_m4_X_disp_X_density,rel_m4_X_treated_X_density,3.698476843689518e-05
raw_500m_density_interacted_event_study,rel_m4_X_disp_X_density,rel_m4_X_disp_X_density,0.00012797094466878562
raw_500m_density_interacted_event_study,rel_m4_X_disp_X_density,rel_m4_X_treated_X_disp_X_density,-0.00017411064814036372
raw_500m_density_interacted_event_study,rel_m4_X_disp_X_density,rel_m3_X_treated,-4.4163972617204275e-05
raw_500m_density_interacted_event_study,rel_m4_X_disp_X_density,rel_m3_X_disp,9.394403464561674e-06
raw_500m_density_interacted_event_study,rel_m4_X_disp_X_density,rel_m3_X_treated_X_disp,-6.208857324030243e-05
raw_500m_density_interacted_event_study,rel_m4_X_disp_X_density,rel_m3_X_density,-1.2856393487926613e-05
raw_500m_density_interacted_event_study,rel_m4_X_disp_X_density,rel_m3_X_treated_X_density,0.00010408136628535427
raw_500m_density_interacted_event_study,rel_m4_X_disp_X_density,rel_m3_X_disp_X_density,6.270800443633437e-05
raw_500m_density_interacted_event_study,rel_m4_X_disp_X_density,rel_m3_X_treated_X_disp_X_density,-0.00018411228406541608
raw_500m_density_interacted_event_study,rel_m4_X_disp_X_density,rel_m2_X_treated,-0.00011134172961662195
raw_500m_density_interacted_event_study,rel_m4_X_disp_X_density,rel_m2_X_disp,1.010788514089421e-05
raw_500m_density_interacted_event_study,rel_m4_X_disp_X_density,rel_m2_X_treated_X_disp,6.829576889237972e-05
raw_500m_density_interacted_event_study,rel_m4_X_disp_X_density,rel_m2_X_density,-5.2301775857652754e-05
raw_500m_density_interacted_event_study,rel_m4_X_disp_X_density,rel_m2_X_treated_X_density,-4.174792502603977e-05
raw_500m_density_interacted_event_study,rel_m4_X_disp_X_density,rel_m2_X_disp_X_density,9.209224458027126e-05
raw_500m_density_interacted_event_study,rel_m4_X_disp_X_density,rel_m2_X_treated_X_disp_X_density,-6.359582854087675e-05
raw_500m_density_interacted_event_study,rel_m4_X_disp_X_density,rel_p1_X_treated,-0.00010545323240760088
raw_500m_density_interacted_event_study,rel_m4_X_disp_X_density,rel_p1_X_disp,8.012159030443942e-06
raw_500m_density_interacted_event_study,rel_m4_X_disp_X_density,rel_p1_X_treated_X_disp,-4.104392136616664e-06
raw_500m_density_interacted_event_study,rel_m4_X_disp_X_density,rel_p1_X_density,-7.362959192569292e-05
raw_500m_density_interacted_event_study,rel_m4_X_disp_X_density,rel_p1_X_treated_X_density,-0.00011222599171789729
raw_500m_density_interacted_event_study,rel_m4_X_disp_X_density,rel_p1_X_disp_X_density,0.00012252378368333194
raw_500m_density_interacted_event_study,rel_m4_X_disp_X_density,rel_p1_X_treated_X_disp_X_density,-1.4964972593672128e-05
raw_500m_density_interacted_event_study,rel_m4_X_disp_X_density,rel_p2_X_treated,7.96511101981531e-05
raw_500m_density_interacted_event_study,rel_m4_X_disp_X_density,rel_p2_X_disp,4.472639677826216e-05
raw_500m_density_interacted_event_study,rel_m4_X_disp_X_density,rel_p2_X_treated_X_disp,-0.00012115501619514927
raw_500m_density_interacted_event_study,rel_m4_X_disp_X_density,rel_p2_X_density,-5.532224433081199e-05
raw_500m_density_interacted_event_study,rel_m4_X_disp_X_density,rel_p2_X_treated_X_density,9.685710720099573e-05
raw_500m_density_interacted_event_study,rel_m4_X_disp_X_density,rel_p2_X_disp_X_density,0.00010303124222720731
raw_500m_density_interacted_event_study,rel_m4_X_disp_X_density,rel_p2_X_treated_X_disp_X_density,-0.00017950437237656918
raw_500m_density_interacted_event_study,rel_m4_X_disp_X_density,rel_p3_X_treated,-4.2588596289420075e-05
raw_500m_density_interacted_event_study,rel_m4_X_disp_X_density,rel_p3_X_disp,-7.442484142811653e-06
raw_500m_density_interacted_event_study,rel_m4_X_disp_X_density,rel_p3_X_treated_X_disp,-5.290868123313849e-07
raw_500m_density_interacted_event_study,rel_m4_X_disp_X_density,rel_p3_X_density,-4.940238541986458e-05
raw_500m_density_interacted_event_study,rel_m4_X_disp_X_density,rel_p3_X_treated_X_density,2.3470384006069666e-05
raw_500m_density_interacted_event_study,rel_m4_X_disp_X_density,rel_p3_X_disp_X_density,0.0001086933341953811
raw_500m_density_interacted_event_study,rel_m4_X_disp_X_density,rel_p3_X_treated_X_disp_X_density,2.9205387674377896e-05
raw_500m_density_interacted_event_study,rel_m4_X_disp_X_density,rel_p4_X_treated,3.661746198485956e-05
raw_500m_density_interacted_event_study,rel_m4_X_disp_X_density,rel_p4_X_disp,2.800549262479279e-05
raw_500m_density_interacted_event_study,rel_m4_X_disp_X_density,rel_p4_X_treated_X_disp,-9.055547482267843e-05
raw_500m_density_interacted_event_study,rel_m4_X_disp_X_density,rel_p4_X_density,-8.73249717285956e-05
raw_500m_density_interacted_event_study,rel_m4_X_disp_X_density,rel_p4_X_treated_X_density,0.0001397353065012449
raw_500m_density_interacted_event_study,rel_m4_X_disp_X_density,rel_p4_X_disp_X_density,0.00010694020047738894
raw_500m_density_interacted_event_study,rel_m4_X_disp_X_density,rel_p4_X_treated_X_disp_X_density,-0.0001850567948697763
raw_500m_density_interacted_event_study,rel_m4_X_treated_X_disp_X_density,rel_m4_X_treated,0.0001261363921496429
raw_500m_density_interacted_event_study,rel_m4_X_treated_X_disp_X_density,rel_m4_X_disp,6.385471134078607e-05
raw_500m_density_interacted_event_study,rel_m4_X_treated_X_disp_X_density,rel_m4_X_treated_X_disp,3.264121498621215e-05
raw_500m_density_interacted_event_study,rel_m4_X_treated_X_disp_X_density,rel_m4_X_density,0.00011960829069971222
raw_500m_density_interacted_event_study,rel_m4_X_treated_X_disp_X_density,rel_m4_X_treated_X_density,-0.0006251946549621949
raw_500m_density_interacted_event_study,rel_m4_X_treated_X_disp_X_density,rel_m4_X_disp_X_density,-0.00017411064814036375
raw_500m_density_interacted_event_study,rel_m4_X_treated_X_disp_X_density,rel_m4_X_treated_X_disp_X_density,0.0010802983410883936
raw_500m_density_interacted_event_study,rel_m4_X_treated_X_disp_X_density,rel_m3_X_treated,-1.3682528245849051e-06
raw_500m_density_interacted_event_study,rel_m4_X_treated_X_disp_X_density,rel_m3_X_disp,0.00019247933817227465
raw_500m_density_interacted_event_study,rel_m4_X_treated_X_disp_X_density,rel_m3_X_treated_X_disp,6.144357950416812e-05
raw_500m_density_interacted_event_study,rel_m4_X_treated_X_disp_X_density,rel_m3_X_density,9.962903672227438e-05
raw_500m_density_interacted_event_study,rel_m4_X_treated_X_disp_X_density,rel_m3_X_treated_X_density,-0.0006265166381453683
raw_500m_density_interacted_event_study,rel_m4_X_treated_X_disp_X_density,rel_m3_X_disp_X_density,-0.0001845554713636906
raw_500m_density_interacted_event_study,rel_m4_X_treated_X_disp_X_density,rel_m3_X_treated_X_disp_X_density,0.0008526038255552366
raw_500m_density_interacted_event_study,rel_m4_X_treated_X_disp_X_density,rel_m2_X_treated,-0.00013244081233037988
raw_500m_density_interacted_event_study,rel_m4_X_treated_X_disp_X_density,rel_m2_X_disp,0.0001323561439580081
raw_500m_density_interacted_event_study,rel_m4_X_treated_X_disp_X_density,rel_m2_X_treated_X_disp,4.4011307225475775e-05
raw_500m_density_interacted_event_study,rel_m4_X_treated_X_disp_X_density,rel_m2_X_density,6.0971804099089284e-05
raw_500m_density_interacted_event_study,rel_m4_X_treated_X_disp_X_density,rel_m2_X_treated_X_density,-0.0008893978028365808
raw_500m_density_interacted_event_study,rel_m4_X_treated_X_disp_X_density,rel_m2_X_disp_X_density,-9.142762981320286e-05
raw_500m_density_interacted_event_study,rel_m4_X_treated_X_disp_X_density,rel_m2_X_treated_X_disp_X_density,0.0013252634060333022
raw_500m_density_interacted_event_study,rel_m4_X_treated_X_disp_X_density,rel_p1_X_treated,-5.298675089868258e-05
raw_500m_density_interacted_event_study,rel_m4_X_treated_X_disp_X_density,rel_p1_X_disp,0.00019621537975782297
raw_500m_density_interacted_event_study,rel_m4_X_treated_X_disp_X_density,rel_p1_X_treated_X_disp,0.00015030657127401004
raw_500m_density_interacted_event_study,rel_m4_X_treated_X_disp_X_density,rel_p1_X_density,0.00012625101357208976
raw_500m_density_interacted_event_study,rel_m4_X_treated_X_disp_X_density,rel_p1_X_treated_X_density,-0.0002625337605774302
raw_500m_density_interacted_event_study,rel_m4_X_treated_X_disp_X_density,rel_p1_X_disp_X_density,-0.0002294949306976125
raw_500m_density_interacted_event_study,rel_m4_X_treated_X_disp_X_density,rel_p1_X_treated_X_disp_X_density,0.00017917171269474846
raw_500m_density_interacted_event_study,rel_m4_X_treated_X_disp_X_density,rel_p2_X_treated,-1.9100800773773656e-05
raw_500m_density_interacted_event_study,rel_m4_X_treated_X_disp_X_density,rel_p2_X_disp,-5.091669886213068e-05
raw_500m_density_interacted_event_study,rel_m4_X_treated_X_disp_X_density,rel_p2_X_treated_X_disp,0.00024491246748564575
raw_500m_density_interacted_event_study,rel_m4_X_treated_X_disp_X_density,rel_p2_X_density,6.117054522025051e-05
raw_500m_density_interacted_event_study,rel_m4_X_treated_X_disp_X_density,rel_p2_X_treated_X_density,-0.0003696781511821431
raw_500m_density_interacted_event_study,rel_m4_X_treated_X_disp_X_density,rel_p2_X_disp_X_density,-9.855972863263137e-05
raw_500m_density_interacted_event_study,rel_m4_X_treated_X_disp_X_density,rel_p2_X_treated_X_disp_X_density,0.0008435189755456676
raw_500m_density_interacted_event_study,rel_m4_X_treated_X_disp_X_density,rel_p3_X_treated,1.696372041713924e-06
raw_500m_density_interacted_event_study,rel_m4_X_treated_X_disp_X_density,rel_p3_X_disp,6.348818121469296e-05
raw_500m_density_interacted_event_study,rel_m4_X_treated_X_disp_X_density,rel_p3_X_treated_X_disp,0.0001710053613602287
raw_500m_density_interacted_event_study,rel_m4_X_treated_X_disp_X_density,rel_p3_X_density,3.852513949067837e-05
raw_500m_density_interacted_event_study,rel_m4_X_treated_X_disp_X_density,rel_p3_X_treated_X_density,-0.0004541626545194269
raw_500m_density_interacted_event_study,rel_m4_X_treated_X_disp_X_density,rel_p3_X_disp_X_density,-8.332492501644744e-05
raw_500m_density_interacted_event_study,rel_m4_X_treated_X_disp_X_density,rel_p3_X_treated_X_disp_X_density,0.0003033363054210043
raw_500m_density_interacted_event_study,rel_m4_X_treated_X_disp_X_density,rel_p4_X_treated,1.2705668425764176e-05
raw_500m_density_interacted_event_study,rel_m4_X_treated_X_disp_X_density,rel_p4_X_disp,0.0001721485190851209
raw_500m_density_interacted_event_study,rel_m4_X_treated_X_disp_X_density,rel_p4_X_treated_X_disp,3.9031046169215104e-05
raw_500m_density_interacted_event_study,rel_m4_X_treated_X_disp_X_density,rel_p4_X_density,0.0002650551124637263
raw_500m_density_interacted_event_study,rel_m4_X_treated_X_disp_X_density,rel_p4_X_treated_X_density,-0.0006207751830282155
raw_500m_density_interacted_event_study,rel_m4_X_treated_X_disp_X_density,rel_p4_X_disp_X_density,-0.0003121137020638349
raw_500m_density_interacted_event_study,rel_m4_X_treated_X_disp_X_density,rel_p4_X_treated_X_disp_X_density,0.000702982765887091
raw_500m_density_interacted_event_study,rel_m3_X_treated,rel_m4_X_treated,0.0003424121999109713
raw_500m_density_interacted_event_study,rel_m3_X_treated,rel_m4_X_disp,0.00010505882565724145
raw_500m_density_interacted_event_study,rel_m3_X_treated,rel_m4_X_treated_X_disp,-0.0004278566373403904
raw_500m_density_interacted_event_study,rel_m3_X_treated,rel_m4_X_density,8.361953296589424e-05
raw_500m_density_interacted_event_study,rel_m3_X_treated,rel_m4_X_treated_X_density,-2.928046145551381e-05
raw_500m_density_interacted_event_study,rel_m3_X_treated,rel_m4_X_disp_X_density,-4.416397261720478e-05
raw_500m_density_interacted_event_study,rel_m3_X_treated,rel_m4_X_treated_X_disp_X_density,-1.3682528245835895e-06
raw_500m_density_interacted_event_study,rel_m3_X_treated,rel_m3_X_treated,0.0007274731219558724
raw_500m_density_interacted_event_study,rel_m3_X_treated,rel_m3_X_disp,2.8144954532766336e-05
raw_500m_density_interacted_event_study,rel_m3_X_treated,rel_m3_X_treated_X_disp,-0.000767609094799569
raw_500m_density_interacted_event_study,rel_m3_X_treated,rel_m3_X_density,8.054625449585992e-05
raw_500m_density_interacted_event_study,rel_m3_X_treated,rel_m3_X_treated_X_density,0.00012084806018869388
raw_500m_density_interacted_event_study,rel_m3_X_treated,rel_m3_X_disp_X_density,-7.349332003750956e-05
raw_500m_density_interacted_event_study,rel_m3_X_treated,rel_m3_X_treated_X_disp_X_density,-0.00034778191077806334
raw_500m_density_interacted_event_study,rel_m3_X_treated,rel_m2_X_treated,0.0003805886520821623
raw_500m_density_interacted_event_study,rel_m3_X_treated,rel_m2_X_disp,4.518685281098641e-05
raw_500m_density_interacted_event_study,rel_m3_X_treated,rel_m2_X_treated_X_disp,-0.0003137781341286945
raw_500m_density_interacted_event_study,rel_m3_X_treated,rel_m2_X_density,0.00011396275446898576
raw_500m_density_interacted_event_study,rel_m3_X_treated,rel_m2_X_treated_X_density,4.8879414703624086e-05
raw_500m_density_interacted_event_study,rel_m3_X_treated,rel_m2_X_disp_X_density,-5.069648839613985e-05
raw_500m_density_interacted_event_study,rel_m3_X_treated,rel_m2_X_treated_X_disp_X_density,7.242601818457672e-05
raw_500m_density_interacted_event_study,rel_m3_X_treated,rel_p1_X_treated,0.0005816583574948977
raw_500m_density_interacted_event_study,rel_m3_X_treated,rel_p1_X_disp,8.029941165346283e-05
raw_500m_density_interacted_event_study,rel_m3_X_treated,rel_p1_X_treated_X_disp,-0.0006531069207653942
raw_500m_density_interacted_event_study,rel_m3_X_treated,rel_p1_X_density,7.107835168963717e-05
raw_500m_density_interacted_event_study,rel_m3_X_treated,rel_p1_X_treated_X_density,0.0004142866115289673
raw_500m_density_interacted_event_study,rel_m3_X_treated,rel_p1_X_disp_X_density,-5.1946226557802846e-05
raw_500m_density_interacted_event_study,rel_m3_X_treated,rel_p1_X_treated_X_disp_X_density,-0.0005630411284926381
raw_500m_density_interacted_event_study,rel_m3_X_treated,rel_p2_X_treated,0.00020744750582113748
raw_500m_density_interacted_event_study,rel_m3_X_treated,rel_p2_X_disp,-6.927162625530415e-06
raw_500m_density_interacted_event_study,rel_m3_X_treated,rel_p2_X_treated_X_disp,-0.000264655562021675
raw_500m_density_interacted_event_study,rel_m3_X_treated,rel_p2_X_density,9.893306576895567e-05
raw_500m_density_interacted_event_study,rel_m3_X_treated,rel_p2_X_treated_X_density,-9.46518169019255e-05
raw_500m_density_interacted_event_study,rel_m3_X_treated,rel_p2_X_disp_X_density,-3.8654042268647695e-05
raw_500m_density_interacted_event_study,rel_m3_X_treated,rel_p2_X_treated_X_disp_X_density,-0.00010621129092692154
raw_500m_density_interacted_event_study,rel_m3_X_treated,rel_p3_X_treated,0.0005415764775580181
raw_500m_density_interacted_event_study,rel_m3_X_treated,rel_p3_X_disp,0.00010189936391761168
raw_500m_density_interacted_event_study,rel_m3_X_treated,rel_p3_X_treated_X_disp,-0.0006310223333907534
raw_500m_density_interacted_event_study,rel_m3_X_treated,rel_p3_X_density,1.3623723387277717e-05
raw_500m_density_interacted_event_study,rel_m3_X_treated,rel_p3_X_treated_X_density,0.00021328001954190956
raw_500m_density_interacted_event_study,rel_m3_X_treated,rel_p3_X_disp_X_density,5.1761645301890897e-05
raw_500m_density_interacted_event_study,rel_m3_X_treated,rel_p3_X_treated_X_disp_X_density,-0.0006444038289907481
raw_500m_density_interacted_event_study,rel_m3_X_treated,rel_p4_X_treated,6.310633164784664e-05
raw_500m_density_interacted_event_study,rel_m3_X_treated,rel_p4_X_disp,-2.2867554951828282e-05
raw_500m_density_interacted_event_study,rel_m3_X_treated,rel_p4_X_treated_X_disp,-7.10005890620067e-05
raw_500m_density_interacted_event_study,rel_m3_X_treated,rel_p4_X_density,0.00020183933009348511
raw_500m_density_interacted_event_study,rel_m3_X_treated,rel_p4_X_treated_X_density,-0.0003339678816649124
raw_500m_density_interacted_event_study,rel_m3_X_treated,rel_p4_X_disp_X_density,-0.0001872709024374509
raw_500m_density_interacted_event_study,rel_m3_X_treated,rel_p4_X_treated_X_disp_X_density,0.00020897765769799272
raw_500m_density_interacted_event_study,rel_m3_X_disp,rel_m4_X_treated,-1.0830752597556039e-05
raw_500m_density_interacted_event_study,rel_m3_X_disp,rel_m4_X_disp,0.00011949015486497209
raw_500m_density_interacted_event_study,rel_m3_X_disp,rel_m4_X_treated_X_disp,-5.1272476538212936e-05
raw_500m_density_interacted_event_study,rel_m3_X_disp,rel_m4_X_density,3.076370055984247e-05
raw_500m_density_interacted_event_study,rel_m3_X_disp,rel_m4_X_treated_X_density,-0.0001218531776373059
raw_500m_density_interacted_event_study,rel_m3_X_disp,rel_m4_X_disp_X_density,9.394403464561562e-06
raw_500m_density_interacted_event_study,rel_m3_X_disp,rel_m4_X_treated_X_disp_X_density,0.0001924793381722745
raw_500m_density_interacted_event_study,rel_m3_X_disp,rel_m3_X_treated,2.81449545327662e-05
raw_500m_density_interacted_event_study,rel_m3_X_disp,rel_m3_X_disp,0.0001704838800114368
raw_500m_density_interacted_event_study,rel_m3_X_disp,rel_m3_X_treated_X_disp,-0.00012524588508351818
raw_500m_density_interacted_event_study,rel_m3_X_disp,rel_m3_X_density,5.3264408667254954e-05
raw_500m_density_interacted_event_study,rel_m3_X_disp,rel_m3_X_treated_X_density,-7.861229244912687e-05
raw_500m_density_interacted_event_study,rel_m3_X_disp,rel_m3_X_disp_X_density,-4.579165226059631e-05
raw_500m_density_interacted_event_study,rel_m3_X_disp,rel_m3_X_treated_X_disp_X_density,6.737377004720532e-05
raw_500m_density_interacted_event_study,rel_m3_X_disp,rel_m2_X_treated,-8.734374498771007e-05
raw_500m_density_interacted_event_study,rel_m3_X_disp,rel_m2_X_disp,0.00014480553953669418
raw_500m_density_interacted_event_study,rel_m3_X_disp,rel_m2_X_treated_X_disp,4.8947430690256514e-05
raw_500m_density_interacted_event_study,rel_m3_X_disp,rel_m2_X_density,2.9496975002678797e-05
raw_500m_density_interacted_event_study,rel_m3_X_disp,rel_m2_X_treated_X_density,-0.0005274440805093988
raw_500m_density_interacted_event_study,rel_m3_X_disp,rel_m2_X_disp_X_density,6.0633697837375264e-06
raw_500m_density_interacted_event_study,rel_m3_X_disp,rel_m2_X_treated_X_disp_X_density,0.00048620310324982795
raw_500m_density_interacted_event_study,rel_m3_X_disp,rel_p1_X_treated,-3.259010081746722e-05
raw_500m_density_interacted_event_study,rel_m3_X_disp,rel_p1_X_disp,0.00013208460848999863
raw_500m_density_interacted_event_study,rel_m3_X_disp,rel_p1_X_treated_X_disp,-6.39368069403521e-05
raw_500m_density_interacted_event_study,rel_m3_X_disp,rel_p1_X_density,9.197365609417904e-06
raw_500m_density_interacted_event_study,rel_m3_X_disp,rel_p1_X_treated_X_density,-0.00021082001979827166
raw_500m_density_interacted_event_study,rel_m3_X_disp,rel_p1_X_disp_X_density,-6.2355434305922175e-06
raw_500m_density_interacted_event_study,rel_m3_X_disp,rel_p1_X_treated_X_disp_X_density,0.00011583311002970362
raw_500m_density_interacted_event_study,rel_m3_X_disp,rel_p2_X_treated,3.2762648493246985e-05
raw_500m_density_interacted_event_study,rel_m3_X_disp,rel_p2_X_disp,7.412144740137946e-05
raw_500m_density_interacted_event_study,rel_m3_X_disp,rel_p2_X_treated_X_disp,-1.120956141224604e-05
raw_500m_density_interacted_event_study,rel_m3_X_disp,rel_p2_X_density,2.5329764291103798e-05
raw_500m_density_interacted_event_study,rel_m3_X_disp,rel_p2_X_treated_X_density,-1.8965646949435618e-05
raw_500m_density_interacted_event_study,rel_m3_X_disp,rel_p2_X_disp_X_density,2.1358733825245955e-05
raw_500m_density_interacted_event_study,rel_m3_X_disp,rel_p2_X_treated_X_disp_X_density,0.00014236890596232225
raw_500m_density_interacted_event_study,rel_m3_X_disp,rel_p3_X_treated,3.407133703524334e-05
raw_500m_density_interacted_event_study,rel_m3_X_disp,rel_p3_X_disp,8.06997954787962e-05
raw_500m_density_interacted_event_study,rel_m3_X_disp,rel_p3_X_treated_X_disp,5.59648059240302e-06
raw_500m_density_interacted_event_study,rel_m3_X_disp,rel_p3_X_density,1.1981935241879859e-06
raw_500m_density_interacted_event_study,rel_m3_X_disp,rel_p3_X_treated_X_density,8.136310703917415e-06
raw_500m_density_interacted_event_study,rel_m3_X_disp,rel_p3_X_disp_X_density,2.717314939654237e-05
raw_500m_density_interacted_event_study,rel_m3_X_disp,rel_p3_X_treated_X_disp_X_density,-7.097100568674175e-05
raw_500m_density_interacted_event_study,rel_m3_X_disp,rel_p4_X_treated,-4.8154053926344105e-06
raw_500m_density_interacted_event_study,rel_m3_X_disp,rel_p4_X_disp,0.0001280398611228391
raw_500m_density_interacted_event_study,rel_m3_X_disp,rel_p4_X_treated_X_disp,-3.1521886166253874e-05
raw_500m_density_interacted_event_study,rel_m3_X_disp,rel_p4_X_density,7.607370231337479e-05
raw_500m_density_interacted_event_study,rel_m3_X_disp,rel_p4_X_treated_X_density,-0.00012198421216404081
raw_500m_density_interacted_event_study,rel_m3_X_disp,rel_p4_X_disp_X_density,-6.82477194464515e-05
raw_500m_density_interacted_event_study,rel_m3_X_disp,rel_p4_X_treated_X_disp_X_density,0.00011653923570885963
raw_500m_density_interacted_event_study,rel_m3_X_treated_X_disp,rel_m4_X_treated,-0.0002912474179359066
raw_500m_density_interacted_event_study,rel_m3_X_treated_X_disp,rel_m4_X_disp,-0.00021168088357834803
raw_500m_density_interacted_event_study,rel_m3_X_treated_X_disp,rel_m4_X_treated_X_disp,0.0005640200898116091
raw_500m_density_interacted_event_study,rel_m3_X_treated_X_disp,rel_m4_X_density,-7.210036154828747e-05
raw_500m_density_interacted_event_study,rel_m3_X_treated_X_disp,rel_m4_X_treated_X_density,0.00014615525803635191
raw_500m_density_interacted_event_study,rel_m3_X_treated_X_disp,rel_m4_X_disp_X_density,-6.208857324030221e-05
raw_500m_density_interacted_event_study,rel_m3_X_treated_X_disp,rel_m4_X_treated_X_disp_X_density,6.14435795041683e-05
raw_500m_density_interacted_event_study,rel_m3_X_treated_X_disp,rel_m3_X_treated,-0.000767609094799567
raw_500m_density_interacted_event_study,rel_m3_X_treated_X_disp,rel_m3_X_disp,-0.00012524588508351823
raw_500m_density_interacted_event_study,rel_m3_X_treated_X_disp,rel_m3_X_treated_X_disp,0.0010913157190789245
raw_500m_density_interacted_event_study,rel_m3_X_treated_X_disp,rel_m3_X_density,-0.0001285263986805018
raw_500m_density_interacted_event_study,rel_m3_X_treated_X_disp,rel_m3_X_treated_X_density,-0.00020172040049610407
raw_500m_density_interacted_event_study,rel_m3_X_treated_X_disp,rel_m3_X_disp_X_density,6.654577505823289e-05
raw_500m_density_interacted_event_study,rel_m3_X_treated_X_disp,rel_m3_X_treated_X_disp_X_density,0.0004432438879937161
raw_500m_density_interacted_event_study,rel_m3_X_treated_X_disp,rel_m2_X_treated,-0.00023694632171115699
raw_500m_density_interacted_event_study,rel_m3_X_treated_X_disp,rel_m2_X_disp,-9.812184810822112e-05
raw_500m_density_interacted_event_study,rel_m3_X_treated_X_disp,rel_m2_X_treated_X_disp,0.00023526976500398103
raw_500m_density_interacted_event_study,rel_m3_X_treated_X_disp,rel_m2_X_density,-0.00010428182552653615
raw_500m_density_interacted_event_study,rel_m3_X_treated_X_disp,rel_m2_X_treated_X_density,0.00026290533605457145
raw_500m_density_interacted_event_study,rel_m3_X_treated_X_disp,rel_m2_X_disp_X_density,-5.631580311161564e-05
raw_500m_density_interacted_event_study,rel_m3_X_treated_X_disp,rel_m2_X_treated_X_disp_X_density,-0.0002072994923817335
raw_500m_density_interacted_event_study,rel_m3_X_treated_X_disp,rel_p1_X_treated,-0.00044840989599298703
raw_500m_density_interacted_event_study,rel_m3_X_treated_X_disp,rel_p1_X_disp,-0.00017280635972898988
raw_500m_density_interacted_event_study,rel_m3_X_treated_X_disp,rel_p1_X_treated_X_disp,0.0007141005324673486
raw_500m_density_interacted_event_study,rel_m3_X_treated_X_disp,rel_p1_X_density,-1.720789864950563e-05
raw_500m_density_interacted_event_study,rel_m3_X_treated_X_disp,rel_p1_X_treated_X_density,-0.0002850602162950132
raw_500m_density_interacted_event_study,rel_m3_X_treated_X_disp,rel_p1_X_disp_X_density,-7.551595174556082e-05
raw_500m_density_interacted_event_study,rel_m3_X_treated_X_disp,rel_p1_X_treated_X_disp_X_density,0.0006971133793894484
raw_500m_density_interacted_event_study,rel_m3_X_treated_X_disp,rel_p2_X_treated,-0.0002993473801574651
raw_500m_density_interacted_event_study,rel_m3_X_treated_X_disp,rel_p2_X_disp,-7.395631382179912e-05
raw_500m_density_interacted_event_study,rel_m3_X_treated_X_disp,rel_p2_X_treated_X_disp,0.0004639882329701965
raw_500m_density_interacted_event_study,rel_m3_X_treated_X_disp,rel_p2_X_density,-9.192159084718424e-05
raw_500m_density_interacted_event_study,rel_m3_X_treated_X_disp,rel_p2_X_treated_X_density,-0.0001712153600892865
raw_500m_density_interacted_event_study,rel_m3_X_treated_X_disp,rel_p2_X_disp_X_density,-6.369862940326877e-05
raw_500m_density_interacted_event_study,rel_m3_X_treated_X_disp,rel_p2_X_treated_X_disp_X_density,0.00034842791265679346
raw_500m_density_interacted_event_study,rel_m3_X_treated_X_disp,rel_p3_X_treated,-0.0005288818026052635
raw_500m_density_interacted_event_study,rel_m3_X_treated_X_disp,rel_p3_X_disp,-0.0001790520220707954
raw_500m_density_interacted_event_study,rel_m3_X_treated_X_disp,rel_p3_X_treated_X_disp,0.0006349839146659805
raw_500m_density_interacted_event_study,rel_m3_X_treated_X_disp,rel_p3_X_density,3.2955334624980915e-05
raw_500m_density_interacted_event_study,rel_m3_X_treated_X_disp,rel_p3_X_treated_X_density,-0.00041044908558846347
raw_500m_density_interacted_event_study,rel_m3_X_treated_X_disp,rel_p3_X_disp_X_density,-0.0001649065182053981
raw_500m_density_interacted_event_study,rel_m3_X_treated_X_disp,rel_p3_X_treated_X_disp_X_density,0.0007551814094718255
raw_500m_density_interacted_event_study,rel_m3_X_treated_X_disp,rel_p4_X_treated,-9.420378365418415e-05
raw_500m_density_interacted_event_study,rel_m3_X_treated_X_disp,rel_p4_X_disp,-7.220439129844992e-05
raw_500m_density_interacted_event_study,rel_m3_X_treated_X_disp,rel_p4_X_treated_X_disp,0.0001910446389999308
raw_500m_density_interacted_event_study,rel_m3_X_treated_X_disp,rel_p4_X_density,-0.00021135121418871397
raw_500m_density_interacted_event_study,rel_m3_X_treated_X_disp,rel_p4_X_treated_X_density,0.00019549562076152157
raw_500m_density_interacted_event_study,rel_m3_X_treated_X_disp,rel_p4_X_disp_X_density,0.0001472484276119891
raw_500m_density_interacted_event_study,rel_m3_X_treated_X_disp,rel_p4_X_treated_X_disp_X_density,-3.3226859833073756e-05
raw_500m_density_interacted_event_study,rel_m3_X_density,rel_m4_X_treated,2.1941776592753035e-05
raw_500m_density_interacted_event_study,rel_m3_X_density,rel_m4_X_disp,3.578325960780678e-05
raw_500m_density_interacted_event_study,rel_m3_X_density,rel_m4_X_treated_X_disp,-2.7198618334923715e-05
raw_500m_density_interacted_event_study,rel_m3_X_density,rel_m4_X_density,2.632387678679779e-05
raw_500m_density_interacted_event_study,rel_m3_X_density,rel_m4_X_treated_X_density,-0.0001372946555871881
raw_500m_density_interacted_event_study,rel_m3_X_density,rel_m4_X_disp_X_density,-1.2856393487926641e-05
raw_500m_density_interacted_event_study,rel_m3_X_density,rel_m4_X_treated_X_disp_X_density,9.962903672227511e-05
raw_500m_density_interacted_event_study,rel_m3_X_density,rel_m3_X_treated,8.054625449585936e-05
raw_500m_density_interacted_event_study,rel_m3_X_density,rel_m3_X_disp,5.326440866725481e-05
raw_500m_density_interacted_event_study,rel_m3_X_density,rel_m3_X_treated_X_disp,-0.00012852639868050127
raw_500m_density_interacted_event_study,rel_m3_X_density,rel_m3_X_density,7.097269672276456e-05
raw_500m_density_interacted_event_study,rel_m3_X_density,rel_m3_X_treated_X_density,-6.743706047028889e-05
raw_500m_density_interacted_event_study,rel_m3_X_density,rel_m3_X_disp_X_density,-7.013020452338376e-05
raw_500m_density_interacted_event_study,rel_m3_X_density,rel_m3_X_treated_X_disp_X_density,1.545078755548923e-05
raw_500m_density_interacted_event_study,rel_m3_X_density,rel_m2_X_treated,-3.451808793097543e-05
raw_500m_density_interacted_event_study,rel_m3_X_density,rel_m2_X_disp,6.311910230955758e-05
raw_500m_density_interacted_event_study,rel_m3_X_density,rel_m2_X_treated_X_disp,2.469156626243058e-05
raw_500m_density_interacted_event_study,rel_m3_X_density,rel_m2_X_density,3.7122290923875066e-05
raw_500m_density_interacted_event_study,rel_m3_X_density,rel_m2_X_treated_X_density,-0.00028367090658595716
raw_500m_density_interacted_event_study,rel_m3_X_density,rel_m2_X_disp_X_density,-1.5833980909467888e-05
raw_500m_density_interacted_event_study,rel_m3_X_density,rel_m2_X_treated_X_disp_X_density,0.00026077256648271554
raw_500m_density_interacted_event_study,rel_m3_X_density,rel_p1_X_treated,4.212601821163249e-05
raw_500m_density_interacted_event_study,rel_m3_X_density,rel_p1_X_disp,6.23469724996398e-05
raw_500m_density_interacted_event_study,rel_m3_X_density,rel_p1_X_treated_X_disp,-7.987874955776136e-05
raw_500m_density_interacted_event_study,rel_m3_X_density,rel_p1_X_density,1.8368685262081692e-05
raw_500m_density_interacted_event_study,rel_m3_X_density,rel_p1_X_treated_X_density,-8.526884604905384e-05
raw_500m_density_interacted_event_study,rel_m3_X_density,rel_p1_X_disp_X_density,-3.267655588931125e-05
raw_500m_density_interacted_event_study,rel_m3_X_density,rel_p1_X_treated_X_disp_X_density,3.8805538183586175e-05
raw_500m_density_interacted_event_study,rel_m3_X_density,rel_p2_X_treated,5.8456367064275084e-05
raw_500m_density_interacted_event_study,rel_m3_X_density,rel_p2_X_disp,5.678374475696175e-05
raw_500m_density_interacted_event_study,rel_m3_X_density,rel_p2_X_treated_X_disp,-5.948019796398765e-05
raw_500m_density_interacted_event_study,rel_m3_X_density,rel_p2_X_density,3.2279324942485226e-05
raw_500m_density_interacted_event_study,rel_m3_X_density,rel_p2_X_treated_X_density,-1.1232980167854038e-05
raw_500m_density_interacted_event_study,rel_m3_X_density,rel_p2_X_disp_X_density,-1.9799024492930356e-05
raw_500m_density_interacted_event_study,rel_m3_X_density,rel_p2_X_treated_X_disp_X_density,3.8482208355302767e-05
raw_500m_density_interacted_event_study,rel_m3_X_density,rel_p3_X_treated,7.21957307508483e-05
raw_500m_density_interacted_event_study,rel_m3_X_density,rel_p3_X_disp,9.180469013466127e-05
raw_500m_density_interacted_event_study,rel_m3_X_density,rel_p3_X_treated_X_disp,-8.043181825314969e-05
raw_500m_density_interacted_event_study,rel_m3_X_density,rel_p3_X_density,8.58393212434945e-06
raw_500m_density_interacted_event_study,rel_m3_X_density,rel_p3_X_treated_X_density,-5.513677276330309e-07
raw_500m_density_interacted_event_study,rel_m3_X_density,rel_p3_X_disp_X_density,1.9340335205443485e-05
raw_500m_density_interacted_event_study,rel_m3_X_density,rel_p3_X_treated_X_disp_X_density,-5.0889550706855654e-05
raw_500m_density_interacted_event_study,rel_m3_X_density,rel_p4_X_treated,-3.0364703666480085e-06
raw_500m_density_interacted_event_study,rel_m3_X_density,rel_p4_X_disp,6.853405068069988e-05
raw_500m_density_interacted_event_study,rel_m3_X_density,rel_p4_X_treated_X_disp,-1.917380156709219e-05
raw_500m_density_interacted_event_study,rel_m3_X_density,rel_p4_X_density,9.308109753463568e-05
raw_500m_density_interacted_event_study,rel_m3_X_density,rel_p4_X_treated_X_density,-0.00015645168659485876
raw_500m_density_interacted_event_study,rel_m3_X_density,rel_p4_X_disp_X_density,-9.341994786448052e-05
raw_500m_density_interacted_event_study,rel_m3_X_density,rel_p4_X_treated_X_disp_X_density,0.0001402024700783588
raw_500m_density_interacted_event_study,rel_m3_X_treated_X_density,rel_m4_X_treated,0.00020729926058272888
raw_500m_density_interacted_event_study,rel_m3_X_treated_X_density,rel_m4_X_disp,0.00016831659727878988
raw_500m_density_interacted_event_study,rel_m3_X_treated_X_density,rel_m4_X_treated_X_disp,-0.00040531931352184674
raw_500m_density_interacted_event_study,rel_m3_X_treated_X_density,rel_m4_X_density,-7.307132302912273e-06
raw_500m_density_interacted_event_study,rel_m3_X_treated_X_density,rel_m4_X_treated_X_density,0.0007891036124136949
raw_500m_density_interacted_event_study,rel_m3_X_treated_X_density,rel_m4_X_disp_X_density,0.00010408136628535492
raw_500m_density_interacted_event_study,rel_m3_X_treated_X_density,rel_m4_X_treated_X_disp_X_density,-0.0006265166381453713
raw_500m_density_interacted_event_study,rel_m3_X_treated_X_density,rel_m3_X_treated,0.00012084806018869362
raw_500m_density_interacted_event_study,rel_m3_X_treated_X_density,rel_m3_X_disp,-7.861229244912755e-05
raw_500m_density_interacted_event_study,rel_m3_X_treated_X_density,rel_m3_X_treated_X_disp,-0.00020172040049610203
raw_500m_density_interacted_event_study,rel_m3_X_treated_X_density,rel_m3_X_density,-6.743706047028907e-05
raw_500m_density_interacted_event_study,rel_m3_X_treated_X_density,rel_m3_X_treated_X_density,0.0023790773807634397
raw_500m_density_interacted_event_study,rel_m3_X_treated_X_density,rel_m3_X_disp_X_density,5.042131351909202e-05
raw_500m_density_interacted_event_study,rel_m3_X_treated_X_density,rel_m3_X_treated_X_disp_X_density,-0.001511553390666262
raw_500m_density_interacted_event_study,rel_m3_X_treated_X_density,rel_m2_X_treated,0.0004431498512452531
raw_500m_density_interacted_event_study,rel_m3_X_treated_X_density,rel_m2_X_disp,-6.796310809964765e-05
raw_500m_density_interacted_event_study,rel_m3_X_treated_X_density,rel_m2_X_treated_X_disp,-0.00030872434534372337
raw_500m_density_interacted_event_study,rel_m3_X_treated_X_density,rel_m2_X_density,-1.872762225323854e-05
raw_500m_density_interacted_event_study,rel_m3_X_treated_X_density,rel_m2_X_treated_X_density,0.002251517646715459
raw_500m_density_interacted_event_study,rel_m3_X_treated_X_density,rel_m2_X_disp_X_density,-2.9014724429637202e-05
raw_500m_density_interacted_event_study,rel_m3_X_treated_X_density,rel_m2_X_treated_X_disp_X_density,-0.0015771847100325381
raw_500m_density_interacted_event_study,rel_m3_X_treated_X_density,rel_p1_X_treated,0.0006381483936860337
raw_500m_density_interacted_event_study,rel_m3_X_treated_X_density,rel_p1_X_disp,8.659268268502929e-05
raw_500m_density_interacted_event_study,rel_m3_X_treated_X_density,rel_p1_X_treated_X_disp,-0.0006630526249144089
raw_500m_density_interacted_event_study,rel_m3_X_treated_X_density,rel_p1_X_density,-6.802164140444683e-05
raw_500m_density_interacted_event_study,rel_m3_X_treated_X_density,rel_p1_X_treated_X_density,0.0029210647968144327
raw_500m_density_interacted_event_study,rel_m3_X_treated_X_density,rel_p1_X_disp_X_density,3.192597170760211e-05
raw_500m_density_interacted_event_study,rel_m3_X_treated_X_density,rel_p1_X_treated_X_disp_X_density,-0.002129913189365971
raw_500m_density_interacted_event_study,rel_m3_X_treated_X_density,rel_p2_X_treated,-0.00010346751701749002
raw_500m_density_interacted_event_study,rel_m3_X_treated_X_density,rel_p2_X_disp,-8.598865011411273e-05
raw_500m_density_interacted_event_study,rel_m3_X_treated_X_density,rel_p2_X_treated_X_disp,-0.00012866034209773545
raw_500m_density_interacted_event_study,rel_m3_X_treated_X_density,rel_p2_X_density,-5.122064235318189e-06
raw_500m_density_interacted_event_study,rel_m3_X_treated_X_density,rel_p2_X_treated_X_density,0.0013621252663092
raw_500m_density_interacted_event_study,rel_m3_X_treated_X_density,rel_p2_X_disp_X_density,7.160467858988613e-05
raw_500m_density_interacted_event_study,rel_m3_X_treated_X_density,rel_p2_X_treated_X_disp_X_density,-0.001065259203964874
raw_500m_density_interacted_event_study,rel_m3_X_treated_X_density,rel_p3_X_treated,-5.1220252718175414e-05
raw_500m_density_interacted_event_study,rel_m3_X_treated_X_density,rel_p3_X_disp,-0.0001598042493097627
raw_500m_density_interacted_event_study,rel_m3_X_treated_X_density,rel_p3_X_treated_X_disp,-0.0002406565187000854
raw_500m_density_interacted_event_study,rel_m3_X_treated_X_density,rel_p3_X_density,-9.444081778169881e-05
raw_500m_density_interacted_event_study,rel_m3_X_treated_X_density,rel_p3_X_treated_X_density,0.00181980145107403
raw_500m_density_interacted_event_study,rel_m3_X_treated_X_density,rel_p3_X_disp_X_density,0.00013521285287519474
raw_500m_density_interacted_event_study,rel_m3_X_treated_X_density,rel_p3_X_treated_X_disp_X_density,-0.0023340166605644733
raw_500m_density_interacted_event_study,rel_m3_X_treated_X_density,rel_p4_X_treated,2.7571269701603638e-05
raw_500m_density_interacted_event_study,rel_m3_X_treated_X_density,rel_p4_X_disp,4.653649127335838e-05
raw_500m_density_interacted_event_study,rel_m3_X_treated_X_density,rel_p4_X_treated_X_disp,-7.96572457429378e-06
raw_500m_density_interacted_event_study,rel_m3_X_treated_X_density,rel_p4_X_density,-0.0001576629943896562
raw_500m_density_interacted_event_study,rel_m3_X_treated_X_density,rel_p4_X_treated_X_density,0.00116019564853594
raw_500m_density_interacted_event_study,rel_m3_X_treated_X_density,rel_p4_X_disp_X_density,0.00016647814089042784
raw_500m_density_interacted_event_study,rel_m3_X_treated_X_density,rel_p4_X_treated_X_disp_X_density,-0.0012236293811139628
raw_500m_density_interacted_event_study,rel_m3_X_disp_X_density,rel_m4_X_treated,-5.7521741452425004e-05
raw_500m_density_interacted_event_study,rel_m3_X_disp_X_density,rel_m4_X_disp,-2.870622559155047e-05
raw_500m_density_interacted_event_study,rel_m3_X_disp_X_density,rel_m4_X_treated_X_disp,1.6972158777980848e-05
raw_500m_density_interacted_event_study,rel_m3_X_disp_X_density,rel_m4_X_density,-4.786719442227848e-05
raw_500m_density_interacted_event_study,rel_m3_X_disp_X_density,rel_m4_X_treated_X_density,9.191994994600307e-05
raw_500m_density_interacted_event_study,rel_m3_X_disp_X_density,rel_m4_X_disp_X_density,6.27080044363346e-05
raw_500m_density_interacted_event_study,rel_m3_X_disp_X_density,rel_m4_X_treated_X_disp_X_density,-0.0001845554713636915
raw_500m_density_interacted_event_study,rel_m3_X_disp_X_density,rel_m3_X_treated,-7.349332003750902e-05
raw_500m_density_interacted_event_study,rel_m3_X_disp_X_density,rel_m3_X_disp,-4.5791652260596265e-05
raw_500m_density_interacted_event_study,rel_m3_X_disp_X_density,rel_m3_X_treated_X_disp,6.654577505823253e-05
raw_500m_density_interacted_event_study,rel_m3_X_disp_X_density,rel_m3_X_density,-7.013020452338409e-05
raw_500m_density_interacted_event_study,rel_m3_X_disp_X_density,rel_m3_X_treated_X_density,5.042131351909257e-05
raw_500m_density_interacted_event_study,rel_m3_X_disp_X_density,rel_m3_X_disp_X_density,0.00010791170866040728
raw_500m_density_interacted_event_study,rel_m3_X_disp_X_density,rel_m3_X_treated_X_disp_X_density,-0.00010011526911527047
raw_500m_density_interacted_event_study,rel_m3_X_disp_X_density,rel_m2_X_treated,-3.8629966796911834e-05
raw_500m_density_interacted_event_study,rel_m3_X_disp_X_density,rel_m2_X_disp,-5.149274115377367e-05
raw_500m_density_interacted_event_study,rel_m3_X_disp_X_density,rel_m2_X_treated_X_disp,1.6158199532720425e-05
raw_500m_density_interacted_event_study,rel_m3_X_disp_X_density,rel_m2_X_density,-5.011983862498144e-05
raw_500m_density_interacted_event_study,rel_m3_X_disp_X_density,rel_m2_X_treated_X_density,0.00017783534812978823
raw_500m_density_interacted_event_study,rel_m3_X_disp_X_density,rel_m2_X_disp_X_density,5.987607476298359e-05
raw_500m_density_interacted_event_study,rel_m3_X_disp_X_density,rel_m2_X_treated_X_disp_X_density,-0.00026575152018149634
raw_500m_density_interacted_event_study,rel_m3_X_disp_X_density,rel_p1_X_treated,-0.00012256375202471137
raw_500m_density_interacted_event_study,rel_m3_X_disp_X_density,rel_p1_X_disp,-5.424163871337296e-05
raw_500m_density_interacted_event_study,rel_m3_X_disp_X_density,rel_p1_X_treated_X_disp,8.80527851639835e-05
raw_500m_density_interacted_event_study,rel_m3_X_disp_X_density,rel_p1_X_density,-4.067024568022215e-05
raw_500m_density_interacted_event_study,rel_m3_X_disp_X_density,rel_p1_X_treated_X_density,-6.021199643867731e-05
raw_500m_density_interacted_event_study,rel_m3_X_disp_X_density,rel_p1_X_disp_X_density,9.547968476011437e-05
raw_500m_density_interacted_event_study,rel_m3_X_disp_X_density,rel_p1_X_treated_X_disp_X_density,-3.4470223149913865e-05
raw_500m_density_interacted_event_study,rel_m3_X_disp_X_density,rel_p2_X_treated,-3.5233183842534796e-05
raw_500m_density_interacted_event_study,rel_m3_X_disp_X_density,rel_p2_X_disp,-3.612737146308319e-05
raw_500m_density_interacted_event_study,rel_m3_X_disp_X_density,rel_p2_X_treated_X_disp,1.2035714391917114e-05
raw_500m_density_interacted_event_study,rel_m3_X_disp_X_density,rel_p2_X_density,-4.5237621188308326e-05
raw_500m_density_interacted_event_study,rel_m3_X_disp_X_density,rel_p2_X_treated_X_density,6.407338832113012e-05
raw_500m_density_interacted_event_study,rel_m3_X_disp_X_density,rel_p2_X_disp_X_density,6.747569194848573e-05
raw_500m_density_interacted_event_study,rel_m3_X_disp_X_density,rel_p2_X_treated_X_disp_X_density,-0.00018517238579546886
raw_500m_density_interacted_event_study,rel_m3_X_disp_X_density,rel_p3_X_treated,-8.071520154406974e-05
raw_500m_density_interacted_event_study,rel_m3_X_disp_X_density,rel_p3_X_disp,-7.929050810448512e-05
raw_500m_density_interacted_event_study,rel_m3_X_disp_X_density,rel_p3_X_treated_X_disp,7.711978825404463e-05
raw_500m_density_interacted_event_study,rel_m3_X_disp_X_density,rel_p3_X_density,-1.6756097882511033e-05
raw_500m_density_interacted_event_study,rel_m3_X_disp_X_density,rel_p3_X_treated_X_density,1.0723968671276712e-06
raw_500m_density_interacted_event_study,rel_m3_X_disp_X_density,rel_p3_X_disp_X_density,1.9359824542218112e-05
raw_500m_density_interacted_event_study,rel_m3_X_disp_X_density,rel_p3_X_treated_X_disp_X_density,0.00012981386141861447
raw_500m_density_interacted_event_study,rel_m3_X_disp_X_density,rel_p4_X_treated,2.0834835122224013e-05
raw_500m_density_interacted_event_study,rel_m3_X_disp_X_density,rel_p4_X_disp,-5.227492533946726e-05
raw_500m_density_interacted_event_study,rel_m3_X_disp_X_density,rel_p4_X_treated_X_disp,-2.8095885979190736e-05
raw_500m_density_interacted_event_study,rel_m3_X_disp_X_density,rel_p4_X_density,-0.00011655732303041659
raw_500m_density_interacted_event_study,rel_m3_X_disp_X_density,rel_p4_X_treated_X_density,0.00019672529114042982
raw_500m_density_interacted_event_study,rel_m3_X_disp_X_density,rel_p4_X_disp_X_density,0.00013409511788198242
raw_500m_density_interacted_event_study,rel_m3_X_disp_X_density,rel_p4_X_treated_X_disp_X_density,-0.00024236513523218
raw_500m_density_interacted_event_study,rel_m3_X_treated_X_disp_X_density,rel_m4_X_treated,-8.635937397395545e-05
raw_500m_density_interacted_event_study,rel_m3_X_treated_X_disp_X_density,rel_m4_X_disp,-0.00011667218038744444
raw_500m_density_interacted_event_study,rel_m3_X_treated_X_disp_X_density,rel_m4_X_treated_X_disp,0.0003766103877058785
raw_500m_density_interacted_event_study,rel_m3_X_treated_X_disp_X_density,rel_m4_X_density,5.524137536899475e-05
raw_500m_density_interacted_event_study,rel_m3_X_treated_X_disp_X_density,rel_m4_X_treated_X_density,-0.0006287005063779797
raw_500m_density_interacted_event_study,rel_m3_X_treated_X_disp_X_density,rel_m4_X_disp_X_density,-0.00018411228406541605
raw_500m_density_interacted_event_study,rel_m3_X_treated_X_disp_X_density,rel_m4_X_treated_X_disp_X_density,0.0008526038255552332
raw_500m_density_interacted_event_study,rel_m3_X_treated_X_disp_X_density,rel_m3_X_treated,-0.000347781910778061
raw_500m_density_interacted_event_study,rel_m3_X_treated_X_disp_X_density,rel_m3_X_disp,6.737377004720629e-05
raw_500m_density_interacted_event_study,rel_m3_X_treated_X_disp_X_density,rel_m3_X_treated_X_disp,0.00044324388799371205
raw_500m_density_interacted_event_study,rel_m3_X_treated_X_disp_X_density,rel_m3_X_density,1.5450787555488922e-05
raw_500m_density_interacted_event_study,rel_m3_X_treated_X_disp_X_density,rel_m3_X_treated_X_density,-0.0015115533906662514
raw_500m_density_interacted_event_study,rel_m3_X_treated_X_disp_X_density,rel_m3_X_disp_X_density,-0.00010011526911526942
raw_500m_density_interacted_event_study,rel_m3_X_treated_X_disp_X_density,rel_m3_X_treated_X_disp_X_density,0.0016648137783395783
raw_500m_density_interacted_event_study,rel_m3_X_treated_X_disp_X_density,rel_m2_X_treated,-0.00030336454216441073
raw_500m_density_interacted_event_study,rel_m3_X_treated_X_disp_X_density,rel_m2_X_disp,-3.2358037929498744e-06
raw_500m_density_interacted_event_study,rel_m3_X_treated_X_disp_X_density,rel_m2_X_treated_X_disp,0.0002658833252438436
raw_500m_density_interacted_event_study,rel_m3_X_treated_X_disp_X_density,rel_m2_X_density,7.435203437756634e-07
raw_500m_density_interacted_event_study,rel_m3_X_treated_X_disp_X_density,rel_m2_X_treated_X_density,-0.0012043738051727847
raw_500m_density_interacted_event_study,rel_m3_X_treated_X_disp_X_density,rel_m2_X_disp_X_density,-6.586264385430921e-05
raw_500m_density_interacted_event_study,rel_m3_X_treated_X_disp_X_density,rel_m2_X_treated_X_disp_X_density,0.0011362917778638918
raw_500m_density_interacted_event_study,rel_m3_X_treated_X_disp_X_density,rel_p1_X_treated,-0.0005031975218178125
raw_500m_density_interacted_event_study,rel_m3_X_treated_X_disp_X_density,rel_p1_X_disp,-6.812461060713529e-05
raw_500m_density_interacted_event_study,rel_m3_X_treated_X_disp_X_density,rel_p1_X_treated_X_disp,0.0006868668624956846
raw_500m_density_interacted_event_study,rel_m3_X_treated_X_disp_X_density,rel_p1_X_density,8.251342441997296e-05
raw_500m_density_interacted_event_study,rel_m3_X_treated_X_disp_X_density,rel_p1_X_treated_X_density,-0.0012893859108196934
raw_500m_density_interacted_event_study,rel_m3_X_treated_X_disp_X_density,rel_p1_X_disp_X_density,-0.0001417837585219286
raw_500m_density_interacted_event_study,rel_m3_X_treated_X_disp_X_density,rel_p1_X_treated_X_disp_X_density,0.001174193754610453
raw_500m_density_interacted_event_study,rel_m3_X_treated_X_disp_X_density,rel_p2_X_treated,-0.00023281683735053245
raw_500m_density_interacted_event_study,rel_m3_X_treated_X_disp_X_density,rel_p2_X_disp,-0.00011473557687266791
raw_500m_density_interacted_event_study,rel_m3_X_treated_X_disp_X_density,rel_p2_X_treated_X_disp,0.0004847350170338113
raw_500m_density_interacted_event_study,rel_m3_X_treated_X_disp_X_density,rel_p2_X_density,5.417057114527052e-06
raw_500m_density_interacted_event_study,rel_m3_X_treated_X_disp_X_density,rel_p2_X_treated_X_density,-0.0007202320336374137
raw_500m_density_interacted_event_study,rel_m3_X_treated_X_disp_X_density,rel_p2_X_disp_X_density,-0.00013801105424165813
raw_500m_density_interacted_event_study,rel_m3_X_treated_X_disp_X_density,rel_p2_X_treated_X_disp_X_density,0.0010226438050182495
raw_500m_density_interacted_event_study,rel_m3_X_treated_X_disp_X_density,rel_p3_X_treated,-0.00031431793622003953
raw_500m_density_interacted_event_study,rel_m3_X_treated_X_disp_X_density,rel_p3_X_disp,-4.83046856664519e-05
raw_500m_density_interacted_event_study,rel_m3_X_treated_X_disp_X_density,rel_p3_X_treated_X_disp,0.0005023214065466387
raw_500m_density_interacted_event_study,rel_m3_X_treated_X_disp_X_density,rel_p3_X_density,6.451366999042711e-05
raw_500m_density_interacted_event_study,rel_m3_X_treated_X_disp_X_density,rel_p3_X_treated_X_density,-0.00098569493748453
raw_500m_density_interacted_event_study,rel_m3_X_treated_X_disp_X_density,rel_p3_X_disp_X_density,-0.00019690358895626053
raw_500m_density_interacted_event_study,rel_m3_X_treated_X_disp_X_density,rel_p3_X_treated_X_disp_X_density,0.001279118410631248
raw_500m_density_interacted_event_study,rel_m3_X_treated_X_disp_X_density,rel_p4_X_treated,-0.00019987330664115018
raw_500m_density_interacted_event_study,rel_m3_X_treated_X_disp_X_density,rel_p4_X_disp,-6.162572732739707e-05
raw_500m_density_interacted_event_study,rel_m3_X_treated_X_disp_X_density,rel_p4_X_treated_X_disp,0.0002470899592188808
raw_500m_density_interacted_event_study,rel_m3_X_treated_X_disp_X_density,rel_p4_X_density,5.296726314092394e-05
raw_500m_density_interacted_event_study,rel_m3_X_treated_X_disp_X_density,rel_p4_X_treated_X_density,-0.00046484595032970607
raw_500m_density_interacted_event_study,rel_m3_X_treated_X_disp_X_density,rel_p4_X_disp_X_density,-0.00010329304851748564
raw_500m_density_interacted_event_study,rel_m3_X_treated_X_disp_X_density,rel_p4_X_treated_X_disp_X_density,0.0006928554467389813
raw_500m_density_interacted_event_study,rel_m2_X_treated,rel_m4_X_treated,0.0002858459849430903
raw_500m_density_interacted_event_study,rel_m2_X_treated,rel_m4_X_disp,5.145881184694522e-05
raw_500m_density_interacted_event_study,rel_m2_X_treated,rel_m4_X_treated_X_disp,-0.00030135267431908826
raw_500m_density_interacted_event_study,rel_m2_X_treated,rel_m4_X_density,4.759223812949727e-05
raw_500m_density_interacted_event_study,rel_m2_X_treated,rel_m4_X_treated_X_density,0.00034428043495855347
raw_500m_density_interacted_event_study,rel_m2_X_treated,rel_m4_X_disp_X_density,-0.00011134172961662198
raw_500m_density_interacted_event_study,rel_m2_X_treated,rel_m4_X_treated_X_disp_X_density,-0.00013244081233037744
raw_500m_density_interacted_event_study,rel_m2_X_treated,rel_m3_X_treated,0.0003805886520821603
raw_500m_density_interacted_event_study,rel_m2_X_treated,rel_m3_X_disp,-8.73437449877097e-05
raw_500m_density_interacted_event_study,rel_m2_X_treated,rel_m3_X_treated_X_disp,-0.00023694632171115574
raw_500m_density_interacted_event_study,rel_m2_X_treated,rel_m3_X_density,-3.451808793097524e-05
raw_500m_density_interacted_event_study,rel_m2_X_treated,rel_m3_X_treated_X_density,0.0004431498512452479
raw_500m_density_interacted_event_study,rel_m2_X_treated,rel_m3_X_disp_X_density,-3.862996679691189e-05
raw_500m_density_interacted_event_study,rel_m2_X_treated,rel_m3_X_treated_X_disp_X_density,-0.0003033645421644078
raw_500m_density_interacted_event_study,rel_m2_X_treated,rel_m2_X_treated,0.000698826976526951
raw_500m_density_interacted_event_study,rel_m2_X_treated,rel_m2_X_disp,-4.770590037175634e-05
raw_500m_density_interacted_event_study,rel_m2_X_treated,rel_m2_X_treated_X_disp,-0.0005541021016234861
raw_500m_density_interacted_event_study,rel_m2_X_treated,rel_m2_X_density,6.330071681592162e-05
raw_500m_density_interacted_event_study,rel_m2_X_treated,rel_m2_X_treated_X_density,0.0009445867133643728
raw_500m_density_interacted_event_study,rel_m2_X_treated,rel_m2_X_disp_X_density,-8.390697132916145e-05
raw_500m_density_interacted_event_study,rel_m2_X_treated,rel_m2_X_treated_X_disp_X_density,-0.0006745505541323496
raw_500m_density_interacted_event_study,rel_m2_X_treated,rel_p1_X_treated,0.0007337342957579893
raw_500m_density_interacted_event_study,rel_m2_X_treated,rel_p1_X_disp,-3.023032343293739e-05
raw_500m_density_interacted_event_study,rel_m2_X_treated,rel_p1_X_treated_X_disp,-0.0005472169735066699
raw_500m_density_interacted_event_study,rel_m2_X_treated,rel_p1_X_density,6.688018617661172e-05
raw_500m_density_interacted_event_study,rel_m2_X_treated,rel_p1_X_treated_X_density,0.0009351998800285714
raw_500m_density_interacted_event_study,rel_m2_X_treated,rel_p1_X_disp_X_density,-9.880294248204833e-05
raw_500m_density_interacted_event_study,rel_m2_X_treated,rel_p1_X_treated_X_disp_X_density,-0.00060020433008606
raw_500m_density_interacted_event_study,rel_m2_X_treated,rel_p2_X_treated,7.789298753067057e-05
raw_500m_density_interacted_event_study,rel_m2_X_treated,rel_p2_X_disp,-1.5724020214823915e-05
raw_500m_density_interacted_event_study,rel_m2_X_treated,rel_p2_X_treated_X_disp,-9.931525228469676e-05
raw_500m_density_interacted_event_study,rel_m2_X_treated,rel_p2_X_density,2.8669072036915806e-05
raw_500m_density_interacted_event_study,rel_m2_X_treated,rel_p2_X_treated_X_density,5.149898626342257e-05
raw_500m_density_interacted_event_study,rel_m2_X_treated,rel_p2_X_disp_X_density,-7.257594620214476e-05
raw_500m_density_interacted_event_study,rel_m2_X_treated,rel_p2_X_treated_X_disp_X_density,-6.322182661101208e-05
raw_500m_density_interacted_event_study,rel_m2_X_treated,rel_p3_X_treated,0.0002489138872442468
raw_500m_density_interacted_event_study,rel_m2_X_treated,rel_p3_X_disp,-4.759314327746068e-05
raw_500m_density_interacted_event_study,rel_m2_X_treated,rel_p3_X_treated_X_disp,-0.00039074173597335805
raw_500m_density_interacted_event_study,rel_m2_X_treated,rel_p3_X_density,9.357800582902945e-06
raw_500m_density_interacted_event_study,rel_m2_X_treated,rel_p3_X_treated_X_density,0.0003998359832467676
raw_500m_density_interacted_event_study,rel_m2_X_treated,rel_p3_X_disp_X_density,-4.016180334454242e-05
raw_500m_density_interacted_event_study,rel_m2_X_treated,rel_p3_X_treated_X_disp_X_density,-0.0008119401360692876
raw_500m_density_interacted_event_study,rel_m2_X_treated,rel_p4_X_treated,2.6292351116116953e-05
raw_500m_density_interacted_event_study,rel_m2_X_treated,rel_p4_X_disp,-0.0001777126154885986
raw_500m_density_interacted_event_study,rel_m2_X_treated,rel_p4_X_treated_X_disp,0.00011823446334616453
raw_500m_density_interacted_event_study,rel_m2_X_treated,rel_p4_X_density,-3.844335211426017e-06
raw_500m_density_interacted_event_study,rel_m2_X_treated,rel_p4_X_treated_X_density,0.00022019484203697476
raw_500m_density_interacted_event_study,rel_m2_X_treated,rel_p4_X_disp_X_density,-6.075805846773776e-06
raw_500m_density_interacted_event_study,rel_m2_X_treated,rel_p4_X_treated_X_disp_X_density,-0.00015893508366305182
raw_500m_density_interacted_event_study,rel_m2_X_disp,rel_m4_X_treated,-1.0665838038464286e-05
raw_500m_density_interacted_event_study,rel_m2_X_disp,rel_m4_X_disp,8.932953786244619e-05
raw_500m_density_interacted_event_study,rel_m2_X_disp,rel_m4_X_treated_X_disp,-1.6206500044894645e-05
raw_500m_density_interacted_event_study,rel_m2_X_disp,rel_m4_X_density,2.114929246104874e-05
raw_500m_density_interacted_event_study,rel_m2_X_disp,rel_m4_X_treated_X_density,-0.00014229070799933035
raw_500m_density_interacted_event_study,rel_m2_X_disp,rel_m4_X_disp_X_density,1.0107885140894057e-05
raw_500m_density_interacted_event_study,rel_m2_X_disp,rel_m4_X_treated_X_disp_X_density,0.00013235614395800844
raw_500m_density_interacted_event_study,rel_m2_X_disp,rel_m3_X_treated,4.518685281098642e-05
raw_500m_density_interacted_event_study,rel_m2_X_disp,rel_m3_X_disp,0.0001448055395366943
raw_500m_density_interacted_event_study,rel_m2_X_disp,rel_m3_X_treated_X_disp,-9.812184810822135e-05
raw_500m_density_interacted_event_study,rel_m2_X_disp,rel_m3_X_density,6.311910230955775e-05
raw_500m_density_interacted_event_study,rel_m2_X_disp,rel_m3_X_treated_X_density,-6.796310809964768e-05
raw_500m_density_interacted_event_study,rel_m2_X_disp,rel_m3_X_disp_X_density,-5.1492741153773764e-05
raw_500m_density_interacted_event_study,rel_m2_X_disp,rel_m3_X_treated_X_disp_X_density,-3.2358037929498803e-06
raw_500m_density_interacted_event_study,rel_m2_X_disp,rel_m2_X_treated,-4.770590037175662e-05
raw_500m_density_interacted_event_study,rel_m2_X_disp,rel_m2_X_disp,0.0001677523802518979
raw_500m_density_interacted_event_study,rel_m2_X_disp,rel_m2_X_treated_X_disp,1.334302608219764e-05
raw_500m_density_interacted_event_study,rel_m2_X_disp,rel_m2_X_density,3.713326261582822e-05
raw_500m_density_interacted_event_study,rel_m2_X_disp,rel_m2_X_treated_X_density,-0.0005024437116055728
raw_500m_density_interacted_event_study,rel_m2_X_disp,rel_m2_X_disp_X_density,-5.8645843859451364e-06
raw_500m_density_interacted_event_study,rel_m2_X_disp,rel_m2_X_treated_X_disp_X_density,0.0004189136131322942
raw_500m_density_interacted_event_study,rel_m2_X_disp,rel_p1_X_treated,2.6263346093413198e-05
raw_500m_density_interacted_event_study,rel_m2_X_disp,rel_p1_X_disp,0.00011158067311351583
raw_500m_density_interacted_event_study,rel_m2_X_disp,rel_p1_X_treated_X_disp,-0.00011284402920998658
raw_500m_density_interacted_event_study,rel_m2_X_disp,rel_p1_X_density,6.077428866930444e-06
raw_500m_density_interacted_event_study,rel_m2_X_disp,rel_p1_X_treated_X_density,-0.0001287918708544178
raw_500m_density_interacted_event_study,rel_m2_X_disp,rel_p1_X_disp_X_density,-5.040423418521708e-06
raw_500m_density_interacted_event_study,rel_m2_X_disp,rel_p1_X_treated_X_disp_X_density,5.472484443447731e-05
raw_500m_density_interacted_event_study,rel_m2_X_disp,rel_p2_X_treated,3.2926417786307126e-05
raw_500m_density_interacted_event_study,rel_m2_X_disp,rel_p2_X_disp,9.171255698319589e-05
raw_500m_density_interacted_event_study,rel_m2_X_disp,rel_p2_X_treated_X_disp,3.6660018273349157e-06
raw_500m_density_interacted_event_study,rel_m2_X_disp,rel_p2_X_density,1.3908744490033066e-05
raw_500m_density_interacted_event_study,rel_m2_X_disp,rel_p2_X_treated_X_density,3.514116784754771e-06
raw_500m_density_interacted_event_study,rel_m2_X_disp,rel_p2_X_disp_X_density,2.4674752878927233e-05
raw_500m_density_interacted_event_study,rel_m2_X_disp,rel_p2_X_treated_X_disp_X_density,3.380869332726092e-05
raw_500m_density_interacted_event_study,rel_m2_X_disp,rel_p3_X_treated,5.392746521799572e-05
raw_500m_density_interacted_event_study,rel_m2_X_disp,rel_p3_X_disp,8.62982532173029e-05
raw_500m_density_interacted_event_study,rel_m2_X_disp,rel_p3_X_treated_X_disp,-5.250883689306434e-05
raw_500m_density_interacted_event_study,rel_m2_X_disp,rel_p3_X_density,3.1967308853673785e-06
raw_500m_density_interacted_event_study,rel_m2_X_disp,rel_p3_X_treated_X_density,4.778826681972347e-05
raw_500m_density_interacted_event_study,rel_m2_X_disp,rel_p3_X_disp_X_density,3.7741327069360144e-05
raw_500m_density_interacted_event_study,rel_m2_X_disp,rel_p3_X_treated_X_disp_X_density,-0.00016598922101563555
raw_500m_density_interacted_event_study,rel_m2_X_disp,rel_p4_X_treated,-3.329505662326743e-05
raw_500m_density_interacted_event_study,rel_m2_X_disp,rel_p4_X_disp,9.837670364168385e-05
raw_500m_density_interacted_event_study,rel_m2_X_disp,rel_p4_X_treated_X_disp,7.903790630097243e-06
raw_500m_density_interacted_event_study,rel_m2_X_disp,rel_p4_X_density,6.567563600015866e-05
raw_500m_density_interacted_event_study,rel_m2_X_disp,rel_p4_X_treated_X_density,-0.00013722929353011663
raw_500m_density_interacted_event_study,rel_m2_X_disp,rel_p4_X_disp_X_density,-6.243979240384606e-05
raw_500m_density_interacted_event_study,rel_m2_X_disp,rel_p4_X_treated_X_disp_X_density,6.777941983735266e-05
raw_500m_density_interacted_event_study,rel_m2_X_treated_X_disp,rel_m4_X_treated,-0.00021599820125794243
raw_500m_density_interacted_event_study,rel_m2_X_treated_X_disp,rel_m4_X_disp,-5.519525566022656e-05
raw_500m_density_interacted_event_study,rel_m2_X_treated_X_disp,rel_m4_X_treated_X_disp,0.00027563129245580483
raw_500m_density_interacted_event_study,rel_m2_X_treated_X_disp,rel_m4_X_density,-3.217804113890122e-05
raw_500m_density_interacted_event_study,rel_m2_X_treated_X_disp,rel_m4_X_treated_X_density,-0.00018141562762335957
raw_500m_density_interacted_event_study,rel_m2_X_treated_X_disp,rel_m4_X_disp_X_density,6.829576889238024e-05
raw_500m_density_interacted_event_study,rel_m2_X_treated_X_disp,rel_m4_X_treated_X_disp_X_density,4.4011307225475206e-05
raw_500m_density_interacted_event_study,rel_m2_X_treated_X_disp,rel_m3_X_treated,-0.00031377813412869363
raw_500m_density_interacted_event_study,rel_m2_X_treated_X_disp,rel_m3_X_disp,4.894743069025627e-05
raw_500m_density_interacted_event_study,rel_m2_X_treated_X_disp,rel_m3_X_treated_X_disp,0.00023526976500398087
raw_500m_density_interacted_event_study,rel_m2_X_treated_X_disp,rel_m3_X_density,2.4691566262429892e-05
raw_500m_density_interacted_event_study,rel_m2_X_treated_X_disp,rel_m3_X_treated_X_density,-0.00030872434534372196
raw_500m_density_interacted_event_study,rel_m2_X_treated_X_disp,rel_m3_X_disp_X_density,1.615819953272122e-05
raw_500m_density_interacted_event_study,rel_m2_X_treated_X_disp,rel_m3_X_treated_X_disp_X_density,0.0002658833252438448
raw_500m_density_interacted_event_study,rel_m2_X_treated_X_disp,rel_m2_X_treated,-0.000554102101623487
raw_500m_density_interacted_event_study,rel_m2_X_treated_X_disp,rel_m2_X_disp,1.3343026082197533e-05
raw_500m_density_interacted_event_study,rel_m2_X_treated_X_disp,rel_m2_X_treated_X_disp,0.0004994215666918278
raw_500m_density_interacted_event_study,rel_m2_X_treated_X_disp,rel_m2_X_density,-4.1052557805566195e-05
raw_500m_density_interacted_event_study,rel_m2_X_treated_X_disp,rel_m2_X_treated_X_density,-0.0006163801547907906
raw_500m_density_interacted_event_study,rel_m2_X_treated_X_disp,rel_m2_X_disp_X_density,1.8492662043091784e-05
raw_500m_density_interacted_event_study,rel_m2_X_treated_X_disp,rel_m2_X_treated_X_disp_X_density,0.0004186517470624597
raw_500m_density_interacted_event_study,rel_m2_X_treated_X_disp,rel_p1_X_treated,-0.0005577090924093346
raw_500m_density_interacted_event_study,rel_m2_X_treated_X_disp,rel_p1_X_disp,-1.500293564682566e-05
raw_500m_density_interacted_event_study,rel_m2_X_treated_X_disp,rel_p1_X_treated_X_disp,0.0004440523972770649
raw_500m_density_interacted_event_study,rel_m2_X_treated_X_disp,rel_p1_X_density,-4.4824773866154226e-05
raw_500m_density_interacted_event_study,rel_m2_X_treated_X_disp,rel_p1_X_treated_X_density,-0.0006291147989414817
raw_500m_density_interacted_event_study,rel_m2_X_treated_X_disp,rel_p1_X_disp_X_density,3.1784442944038374e-05
raw_500m_density_interacted_event_study,rel_m2_X_treated_X_disp,rel_p1_X_treated_X_disp_X_density,0.0005528325544586443
raw_500m_density_interacted_event_study,rel_m2_X_treated_X_disp,rel_p2_X_treated,-0.00012884935417783832
raw_500m_density_interacted_event_study,rel_m2_X_treated_X_disp,rel_p2_X_disp,-2.365304120169673e-05
raw_500m_density_interacted_event_study,rel_m2_X_treated_X_disp,rel_p2_X_treated_X_disp,0.0001428002041782487
raw_500m_density_interacted_event_study,rel_m2_X_treated_X_disp,rel_p2_X_density,4.039909136607768e-06
raw_500m_density_interacted_event_study,rel_m2_X_treated_X_disp,rel_p2_X_treated_X_density,-4.552788338266521e-05
raw_500m_density_interacted_event_study,rel_m2_X_treated_X_disp,rel_p2_X_disp_X_density,1.6106036698366921e-06
raw_500m_density_interacted_event_study,rel_m2_X_treated_X_disp,rel_p2_X_treated_X_disp_X_density,7.362149673421834e-05
raw_500m_density_interacted_event_study,rel_m2_X_treated_X_disp,rel_p3_X_treated,-0.00018847754516070382
raw_500m_density_interacted_event_study,rel_m2_X_treated_X_disp,rel_p3_X_disp,3.283691186344579e-05
raw_500m_density_interacted_event_study,rel_m2_X_treated_X_disp,rel_p3_X_treated_X_disp,0.0002882630221376541
raw_500m_density_interacted_event_study,rel_m2_X_treated_X_disp,rel_p3_X_density,4.624417068290263e-06
raw_500m_density_interacted_event_study,rel_m2_X_treated_X_disp,rel_p3_X_treated_X_density,-0.0002858358405395319
raw_500m_density_interacted_event_study,rel_m2_X_treated_X_disp,rel_p3_X_disp_X_density,-1.2088086945192448e-05
raw_500m_density_interacted_event_study,rel_m2_X_treated_X_disp,rel_p3_X_treated_X_disp_X_density,0.0006428227211883824
raw_500m_density_interacted_event_study,rel_m2_X_treated_X_disp,rel_p4_X_treated,-9.392712516132916e-05
raw_500m_density_interacted_event_study,rel_m2_X_treated_X_disp,rel_p4_X_disp,0.0001191796615434058
raw_500m_density_interacted_event_study,rel_m2_X_treated_X_disp,rel_p4_X_treated_X_disp,-2.7765945265903098e-05
raw_500m_density_interacted_event_study,rel_m2_X_treated_X_disp,rel_p4_X_density,7.84789352953633e-06
raw_500m_density_interacted_event_study,rel_m2_X_treated_X_disp,rel_p4_X_treated_X_density,-0.00017796338143245927
raw_500m_density_interacted_event_study,rel_m2_X_treated_X_disp,rel_p4_X_disp_X_density,-1.729198876165449e-05
raw_500m_density_interacted_event_study,rel_m2_X_treated_X_disp,rel_p4_X_treated_X_disp_X_density,0.00019974463382559622
raw_500m_density_interacted_event_study,rel_m2_X_density,rel_m4_X_treated,4.8214736669874146e-05
raw_500m_density_interacted_event_study,rel_m2_X_density,rel_m4_X_disp,1.0267252870521538e-05
raw_500m_density_interacted_event_study,rel_m2_X_density,rel_m4_X_treated_X_disp,-4.60153515121923e-05
raw_500m_density_interacted_event_study,rel_m2_X_density,rel_m4_X_density,4.2471583905377134e-05
raw_500m_density_interacted_event_study,rel_m2_X_density,rel_m4_X_treated_X_density,-3.0337351091897303e-05
raw_500m_density_interacted_event_study,rel_m2_X_density,rel_m4_X_disp_X_density,-5.230177585765281e-05
raw_500m_density_interacted_event_study,rel_m2_X_density,rel_m4_X_treated_X_disp_X_density,6.097180409908925e-05
raw_500m_density_interacted_event_study,rel_m2_X_density,rel_m3_X_treated,0.00011396275446898574
raw_500m_density_interacted_event_study,rel_m2_X_density,rel_m3_X_disp,2.9496975002678742e-05
raw_500m_density_interacted_event_study,rel_m2_X_density,rel_m3_X_treated_X_disp,-0.00010428182552653617
raw_500m_density_interacted_event_study,rel_m2_X_density,rel_m3_X_density,3.712229092387506e-05
raw_500m_density_interacted_event_study,rel_m2_X_density,rel_m3_X_treated_X_density,-1.872762225323783e-05
raw_500m_density_interacted_event_study,rel_m2_X_density,rel_m3_X_disp_X_density,-5.011983862498127e-05
raw_500m_density_interacted_event_study,rel_m2_X_density,rel_m3_X_treated_X_disp_X_density,7.435203437758074e-07
raw_500m_density_interacted_event_study,rel_m2_X_density,rel_m2_X_treated,6.330071681592176e-05
raw_500m_density_interacted_event_study,rel_m2_X_density,rel_m2_X_disp,3.7133262615828116e-05
raw_500m_density_interacted_event_study,rel_m2_X_density,rel_m2_X_treated_X_disp,-4.105255780556591e-05
raw_500m_density_interacted_event_study,rel_m2_X_density,rel_m2_X_density,6.040783237992007e-05
raw_500m_density_interacted_event_study,rel_m2_X_density,rel_m2_X_treated_X_density,-0.00010481922299469687
raw_500m_density_interacted_event_study,rel_m2_X_density,rel_m2_X_disp_X_density,-5.7548765143401246e-05
raw_500m_density_interacted_event_study,rel_m2_X_density,rel_m2_X_treated_X_disp_X_density,0.00010740845901148792
raw_500m_density_interacted_event_study,rel_m2_X_density,rel_p1_X_treated,0.00012917074787878308
raw_500m_density_interacted_event_study,rel_m2_X_density,rel_p1_X_disp,3.13647808825907e-05
raw_500m_density_interacted_event_study,rel_m2_X_density,rel_p1_X_treated_X_disp,-0.00012224775164655633
raw_500m_density_interacted_event_study,rel_m2_X_density,rel_p1_X_density,4.8797424909707314e-05
raw_500m_density_interacted_event_study,rel_m2_X_density,rel_p1_X_treated_X_density,5.963374471558844e-05
raw_500m_density_interacted_event_study,rel_m2_X_density,rel_p1_X_disp_X_density,-5.9722530526725546e-05
raw_500m_density_interacted_event_study,rel_m2_X_density,rel_p1_X_treated_X_disp_X_density,-3.2760597699400517e-05
raw_500m_density_interacted_event_study,rel_m2_X_density,rel_p2_X_treated,-1.2232424316006e-05
raw_500m_density_interacted_event_study,rel_m2_X_density,rel_p2_X_disp,4.328572176862984e-06
raw_500m_density_interacted_event_study,rel_m2_X_density,rel_p2_X_treated_X_disp,3.0466550768343224e-06
raw_500m_density_interacted_event_study,rel_m2_X_density,rel_p2_X_density,4.458852641445127e-05
raw_500m_density_interacted_event_study,rel_m2_X_density,rel_p2_X_treated_X_density,-2.5578421312260048e-05
raw_500m_density_interacted_event_study,rel_m2_X_density,rel_p2_X_disp_X_density,-4.626366004028416e-05
raw_500m_density_interacted_event_study,rel_m2_X_density,rel_p2_X_treated_X_disp_X_density,1.676602564210581e-05
raw_500m_density_interacted_event_study,rel_m2_X_density,rel_p3_X_treated,0.00013774294897560846
raw_500m_density_interacted_event_study,rel_m2_X_density,rel_p3_X_disp,6.469960953296312e-05
raw_500m_density_interacted_event_study,rel_m2_X_density,rel_p3_X_treated_X_disp,-0.00014614206750239821
raw_500m_density_interacted_event_study,rel_m2_X_density,rel_p3_X_density,3.915519233723759e-05
raw_500m_density_interacted_event_study,rel_m2_X_density,rel_p3_X_treated_X_density,4.399577390599286e-05
raw_500m_density_interacted_event_study,rel_m2_X_density,rel_p3_X_disp_X_density,-4.498439010070373e-05
raw_500m_density_interacted_event_study,rel_m2_X_density,rel_p3_X_treated_X_disp_X_density,-0.00010918141420993658
raw_500m_density_interacted_event_study,rel_m2_X_density,rel_p4_X_treated,-2.160403762463191e-05
raw_500m_density_interacted_event_study,rel_m2_X_density,rel_p4_X_disp,2.5101213196424853e-06
raw_500m_density_interacted_event_study,rel_m2_X_density,rel_p4_X_treated_X_disp,3.0055833694984758e-05
raw_500m_density_interacted_event_study,rel_m2_X_density,rel_p4_X_density,7.765383334049414e-05
raw_500m_density_interacted_event_study,rel_m2_X_density,rel_p4_X_treated_X_density,-0.0001322322316331695
raw_500m_density_interacted_event_study,rel_m2_X_density,rel_p4_X_disp_X_density,-7.53096782032275e-05
raw_500m_density_interacted_event_study,rel_m2_X_density,rel_p4_X_treated_X_disp_X_density,0.00013364086051150567
raw_500m_density_interacted_event_study,rel_m2_X_treated_X_density,rel_m4_X_treated,0.00029686139897311956
raw_500m_density_interacted_event_study,rel_m2_X_treated_X_density,rel_m4_X_disp,-9.818507228711841e-05
raw_500m_density_interacted_event_study,rel_m2_X_treated_X_density,rel_m4_X_treated_X_disp,-0.00024612657474638123
raw_500m_density_interacted_event_study,rel_m2_X_treated_X_density,rel_m4_X_density,-7.133893203406408e-05
raw_500m_density_interacted_event_study,rel_m2_X_treated_X_density,rel_m4_X_treated_X_density,0.001364729632926397
raw_500m_density_interacted_event_study,rel_m2_X_treated_X_density,rel_m4_X_disp_X_density,-4.174792502604012e-05
raw_500m_density_interacted_event_study,rel_m2_X_treated_X_density,rel_m4_X_treated_X_disp_X_density,-0.0008893978028365785
raw_500m_density_interacted_event_study,rel_m2_X_treated_X_density,rel_m3_X_treated,4.887941470362005e-05
raw_500m_density_interacted_event_study,rel_m2_X_treated_X_density,rel_m3_X_disp,-0.0005274440805093992
raw_500m_density_interacted_event_study,rel_m2_X_treated_X_density,rel_m3_X_treated_X_disp,0.00026290533605457736
raw_500m_density_interacted_event_study,rel_m2_X_treated_X_density,rel_m3_X_density,-0.00028367090658595624
raw_500m_density_interacted_event_study,rel_m2_X_treated_X_density,rel_m3_X_treated_X_density,0.0022515176467154487
raw_500m_density_interacted_event_study,rel_m2_X_treated_X_density,rel_m3_X_disp_X_density,0.00017783534812978655
raw_500m_density_interacted_event_study,rel_m2_X_treated_X_density,rel_m3_X_treated_X_disp_X_density,-0.0012043738051727816
raw_500m_density_interacted_event_study,rel_m2_X_treated_X_density,rel_m2_X_treated,0.0009445867133643744
raw_500m_density_interacted_event_study,rel_m2_X_treated_X_density,rel_m2_X_disp,-0.0005024437116055726
raw_500m_density_interacted_event_study,rel_m2_X_treated_X_density,rel_m2_X_treated_X_disp,-0.0006163801547907887
raw_500m_density_interacted_event_study,rel_m2_X_treated_X_density,rel_m2_X_density,-0.0001048192229946966
raw_500m_density_interacted_event_study,rel_m2_X_treated_X_density,rel_m2_X_treated_X_density,0.004135470942713583
raw_500m_density_interacted_event_study,rel_m2_X_treated_X_density,rel_m2_X_disp_X_density,-0.0001324582050792186
raw_500m_density_interacted_event_study,rel_m2_X_treated_X_density,rel_m2_X_treated_X_disp_X_density,-0.0030070760872608192
raw_500m_density_interacted_event_study,rel_m2_X_treated_X_density,rel_p1_X_treated,0.0009352094644808601
raw_500m_density_interacted_event_study,rel_m2_X_treated_X_density,rel_p1_X_disp,-0.0003058709966240833
raw_500m_density_interacted_event_study,rel_m2_X_treated_X_density,rel_p1_X_treated_X_disp,-0.00045917646375936684
raw_500m_density_interacted_event_study,rel_m2_X_treated_X_density,rel_p1_X_density,-3.7977997312240894e-05
raw_500m_density_interacted_event_study,rel_m2_X_treated_X_density,rel_p1_X_treated_X_density,0.003518404492097991
raw_500m_density_interacted_event_study,rel_m2_X_treated_X_density,rel_p1_X_disp_X_density,-0.00011199403202010303
raw_500m_density_interacted_event_study,rel_m2_X_treated_X_density,rel_p1_X_treated_X_disp_X_density,-0.0020892151095811533
raw_500m_density_interacted_event_study,rel_m2_X_treated_X_density,rel_p2_X_treated,-0.00026957238727298255
raw_500m_density_interacted_event_study,rel_m2_X_treated_X_density,rel_p2_X_disp,-0.0003310477478495246
raw_500m_density_interacted_event_study,rel_m2_X_treated_X_density,rel_p2_X_treated_X_disp,0.00012171733044051517
raw_500m_density_interacted_event_study,rel_m2_X_treated_X_density,rel_p2_X_density,8.248471780566599e-06
raw_500m_density_interacted_event_study,rel_m2_X_treated_X_density,rel_p2_X_treated_X_density,0.0010339119816089987
raw_500m_density_interacted_event_study,rel_m2_X_treated_X_density,rel_p2_X_disp_X_density,-0.00015837623146349876
raw_500m_density_interacted_event_study,rel_m2_X_treated_X_density,rel_p2_X_treated_X_disp_X_density,-0.000933469936689797
raw_500m_density_interacted_event_study,rel_m2_X_treated_X_density,rel_p3_X_treated,-0.0001661602428884927
raw_500m_density_interacted_event_study,rel_m2_X_treated_X_density,rel_p3_X_disp,-0.00044711031521199574
raw_500m_density_interacted_event_study,rel_m2_X_treated_X_density,rel_p3_X_treated_X_disp,-0.00015404777445109937
raw_500m_density_interacted_event_study,rel_m2_X_treated_X_density,rel_p3_X_density,-6.436664664953005e-05
raw_500m_density_interacted_event_study,rel_m2_X_treated_X_density,rel_p3_X_treated_X_density,0.0014356822791102653
raw_500m_density_interacted_event_study,rel_m2_X_treated_X_density,rel_p3_X_disp_X_density,-0.00012106818437738555
raw_500m_density_interacted_event_study,rel_m2_X_treated_X_density,rel_p3_X_treated_X_disp_X_density,-0.0015523115437980047
raw_500m_density_interacted_event_study,rel_m2_X_treated_X_density,rel_p4_X_treated,5.3708275620675786e-05
raw_500m_density_interacted_event_study,rel_m2_X_treated_X_density,rel_p4_X_disp,-0.000282227878131155
raw_500m_density_interacted_event_study,rel_m2_X_treated_X_density,rel_p4_X_treated_X_disp,0.00011997571276173088
raw_500m_density_interacted_event_study,rel_m2_X_treated_X_density,rel_p4_X_density,-0.00031969940410875384
raw_500m_density_interacted_event_study,rel_m2_X_treated_X_density,rel_p4_X_treated_X_density,0.0013753161062628023
raw_500m_density_interacted_event_study,rel_m2_X_treated_X_density,rel_p4_X_disp_X_density,0.00026788587097044685
raw_500m_density_interacted_event_study,rel_m2_X_treated_X_density,rel_p4_X_treated_X_disp_X_density,-0.0010048193790997476
raw_500m_density_interacted_event_study,rel_m2_X_disp_X_density,rel_m4_X_treated,-5.3359187152518453e-05
raw_500m_density_interacted_event_study,rel_m2_X_disp_X_density,rel_m4_X_disp,2.7389288553227365e-05
raw_500m_density_interacted_event_study,rel_m2_X_disp_X_density,rel_m4_X_treated_X_disp,-3.797727956517186e-05
raw_500m_density_interacted_event_study,rel_m2_X_disp_X_density,rel_m4_X_density,-4.466990114244864e-05
raw_500m_density_interacted_event_study,rel_m2_X_disp_X_density,rel_m4_X_treated_X_density,-6.457862787706012e-05
raw_500m_density_interacted_event_study,rel_m2_X_disp_X_density,rel_m4_X_disp_X_density,9.209224458027139e-05
raw_500m_density_interacted_event_study,rel_m2_X_disp_X_density,rel_m4_X_treated_X_disp_X_density,-9.142762981320296e-05
raw_500m_density_interacted_event_study,rel_m2_X_disp_X_density,rel_m3_X_treated,-5.069648839613963e-05
raw_500m_density_interacted_event_study,rel_m2_X_disp_X_density,rel_m3_X_disp,6.0633697837376924e-06
raw_500m_density_interacted_event_study,rel_m2_X_disp_X_density,rel_m3_X_treated_X_disp,-5.631580311161593e-05
raw_500m_density_interacted_event_study,rel_m2_X_disp_X_density,rel_m3_X_density,-1.583398090946787e-05
raw_500m_density_interacted_event_study,rel_m2_X_disp_X_density,rel_m3_X_treated_X_density,-2.9014724429637345e-05
raw_500m_density_interacted_event_study,rel_m2_X_disp_X_density,rel_m3_X_disp_X_density,5.987607476298339e-05
raw_500m_density_interacted_event_study,rel_m2_X_disp_X_density,rel_m3_X_treated_X_disp_X_density,-6.586264385430998e-05
raw_500m_density_interacted_event_study,rel_m2_X_disp_X_density,rel_m2_X_treated,-8.390697132916145e-05
raw_500m_density_interacted_event_study,rel_m2_X_disp_X_density,rel_m2_X_disp,-5.86458438594499e-06
raw_500m_density_interacted_event_study,rel_m2_X_disp_X_density,rel_m2_X_treated_X_disp,1.8492662043091e-05
raw_500m_density_interacted_event_study,rel_m2_X_disp_X_density,rel_m2_X_density,-5.754876514340125e-05
raw_500m_density_interacted_event_study,rel_m2_X_disp_X_density,rel_m2_X_treated_X_density,-0.00013245820507921783
raw_500m_density_interacted_event_study,rel_m2_X_disp_X_density,rel_m2_X_disp_X_density,0.00011714544005248893
raw_500m_density_interacted_event_study,rel_m2_X_disp_X_density,rel_m2_X_treated_X_disp_X_density,-8.378493317910307e-06
raw_500m_density_interacted_event_study,rel_m2_X_disp_X_density,rel_p1_X_treated,-0.00016700062336947146
raw_500m_density_interacted_event_study,rel_m2_X_disp_X_density,rel_p1_X_disp,1.247124179031972e-05
raw_500m_density_interacted_event_study,rel_m2_X_disp_X_density,rel_p1_X_treated_X_disp,7.127921829766825e-05
raw_500m_density_interacted_event_study,rel_m2_X_disp_X_density,rel_p1_X_density,-6.057951220854193e-05
raw_500m_density_interacted_event_study,rel_m2_X_disp_X_density,rel_p1_X_treated_X_density,-0.00029469728545869955
raw_500m_density_interacted_event_study,rel_m2_X_disp_X_density,rel_p1_X_disp_X_density,0.00012757102270235317
raw_500m_density_interacted_event_study,rel_m2_X_disp_X_density,rel_p1_X_treated_X_disp_X_density,4.263827723139555e-05
raw_500m_density_interacted_event_study,rel_m2_X_disp_X_density,rel_p2_X_treated,9.975421960231362e-05
raw_500m_density_interacted_event_study,rel_m2_X_disp_X_density,rel_p2_X_disp,4.6696956095575e-05
raw_500m_density_interacted_event_study,rel_m2_X_disp_X_density,rel_p2_X_treated_X_disp,-0.00013575078743064656
raw_500m_density_interacted_event_study,rel_m2_X_disp_X_density,rel_p2_X_density,-5.848376643778322e-05
raw_500m_density_interacted_event_study,rel_m2_X_disp_X_density,rel_p2_X_treated_X_density,7.630711679576638e-05
raw_500m_density_interacted_event_study,rel_m2_X_disp_X_density,rel_p2_X_disp_X_density,0.0001103886513035299
raw_500m_density_interacted_event_study,rel_m2_X_disp_X_density,rel_p2_X_treated_X_disp_X_density,-0.00011858687168252326
raw_500m_density_interacted_event_study,rel_m2_X_disp_X_density,rel_p3_X_treated,-0.00010513340199518026
raw_500m_density_interacted_event_study,rel_m2_X_disp_X_density,rel_p3_X_disp,-2.2077824576874123e-05
raw_500m_density_interacted_event_study,rel_m2_X_disp_X_density,rel_p3_X_treated_X_disp,0.000109859252955107
raw_500m_density_interacted_event_study,rel_m2_X_disp_X_density,rel_p3_X_density,-5.087117751386719e-05
raw_500m_density_interacted_event_study,rel_m2_X_disp_X_density,rel_p3_X_treated_X_density,-3.674644374794589e-05
raw_500m_density_interacted_event_study,rel_m2_X_disp_X_density,rel_p3_X_disp_X_density,0.00010365070616487375
raw_500m_density_interacted_event_study,rel_m2_X_disp_X_density,rel_p3_X_treated_X_disp_X_density,0.00011201662458929017
raw_500m_density_interacted_event_study,rel_m2_X_disp_X_density,rel_p4_X_treated,6.634796844422827e-05
raw_500m_density_interacted_event_study,rel_m2_X_disp_X_density,rel_p4_X_disp,9.3899413012761e-06
raw_500m_density_interacted_event_study,rel_m2_X_disp_X_density,rel_p4_X_treated_X_disp,-8.846164342794748e-05
raw_500m_density_interacted_event_study,rel_m2_X_disp_X_density,rel_p4_X_density,-7.49931543231823e-05
raw_500m_density_interacted_event_study,rel_m2_X_disp_X_density,rel_p4_X_treated_X_density,0.000174325109839951
raw_500m_density_interacted_event_study,rel_m2_X_disp_X_density,rel_p4_X_disp_X_density,0.00010085026081560917
raw_500m_density_interacted_event_study,rel_m2_X_disp_X_density,rel_p4_X_treated_X_disp_X_density,-0.00024854431210101627
raw_500m_density_interacted_event_study,rel_m2_X_treated_X_disp_X_density,rel_m4_X_treated,-7.116549707982928e-05
raw_500m_density_interacted_event_study,rel_m2_X_treated_X_disp_X_density,rel_m4_X_disp,0.00014762077603735146
raw_500m_density_interacted_event_study,rel_m2_X_treated_X_disp_X_density,rel_m4_X_treated_X_disp,0.00012152044959073414
raw_500m_density_interacted_event_study,rel_m2_X_treated_X_disp_X_density,rel_m4_X_density,0.00012607749326161677
raw_500m_density_interacted_event_study,rel_m2_X_treated_X_disp_X_density,rel_m4_X_treated_X_density,-0.0011053707426979618
raw_500m_density_interacted_event_study,rel_m2_X_treated_X_disp_X_density,rel_m4_X_disp_X_density,-6.359582854087685e-05
raw_500m_density_interacted_event_study,rel_m2_X_treated_X_disp_X_density,rel_m4_X_treated_X_disp_X_density,0.0013252634060332915
raw_500m_density_interacted_event_study,rel_m2_X_treated_X_disp_X_density,rel_m3_X_treated,7.242601818457775e-05
raw_500m_density_interacted_event_study,rel_m2_X_treated_X_disp_X_density,rel_m3_X_disp,0.0004862031032498283
raw_500m_density_interacted_event_study,rel_m2_X_treated_X_disp_X_density,rel_m3_X_treated_X_disp,-0.00020729949238173503
raw_500m_density_interacted_event_study,rel_m2_X_treated_X_disp_X_density,rel_m3_X_density,0.0002607725664827153
raw_500m_density_interacted_event_study,rel_m2_X_treated_X_disp_X_density,rel_m3_X_treated_X_density,-0.0015771847100325245
raw_500m_density_interacted_event_study,rel_m2_X_treated_X_disp_X_density,rel_m3_X_disp_X_density,-0.0002657515201814958
raw_500m_density_interacted_event_study,rel_m2_X_treated_X_disp_X_density,rel_m3_X_treated_X_disp_X_density,0.0011362917778638898
raw_500m_density_interacted_event_study,rel_m2_X_treated_X_disp_X_density,rel_m2_X_treated,-0.0006745505541323528
raw_500m_density_interacted_event_study,rel_m2_X_treated_X_disp_X_density,rel_m2_X_disp,0.0004189136131322942
raw_500m_density_interacted_event_study,rel_m2_X_treated_X_disp_X_density,rel_m2_X_treated_X_disp,0.0004186517470624612
raw_500m_density_interacted_event_study,rel_m2_X_treated_X_disp_X_density,rel_m2_X_density,0.00010740845901148813
raw_500m_density_interacted_event_study,rel_m2_X_treated_X_disp_X_density,rel_m2_X_treated_X_density,-0.0030070760872608153
raw_500m_density_interacted_event_study,rel_m2_X_treated_X_disp_X_density,rel_m2_X_disp_X_density,-8.378493317909909e-06
raw_500m_density_interacted_event_study,rel_m2_X_treated_X_disp_X_density,rel_m2_X_treated_X_disp_X_density,0.0029914878789620166
raw_500m_density_interacted_event_study,rel_m2_X_treated_X_disp_X_density,rel_p1_X_treated,-0.00034185342594295255
raw_500m_density_interacted_event_study,rel_m2_X_treated_X_disp_X_density,rel_p1_X_disp,0.0004005976643326432
raw_500m_density_interacted_event_study,rel_m2_X_treated_X_disp_X_density,rel_p1_X_treated_X_disp,0.00012178116748270054
raw_500m_density_interacted_event_study,rel_m2_X_treated_X_disp_X_density,rel_p1_X_density,0.00011199157502942198
raw_500m_density_interacted_event_study,rel_m2_X_treated_X_disp_X_density,rel_p1_X_treated_X_density,-0.002096111912747826
raw_500m_density_interacted_event_study,rel_m2_X_treated_X_disp_X_density,rel_p1_X_disp_X_density,-0.0001369098288840345
raw_500m_density_interacted_event_study,rel_m2_X_treated_X_disp_X_density,rel_p1_X_treated_X_disp_X_density,0.0011567316071647588
raw_500m_density_interacted_event_study,rel_m2_X_treated_X_disp_X_density,rel_p2_X_treated,0.0002556199228051887
raw_500m_density_interacted_event_study,rel_m2_X_treated_X_disp_X_density,rel_p2_X_disp,0.00016617960899206923
raw_500m_density_interacted_event_study,rel_m2_X_treated_X_disp_X_density,rel_p2_X_treated_X_disp,-9.822737087368085e-06
raw_500m_density_interacted_event_study,rel_m2_X_treated_X_disp_X_density,rel_p2_X_density,7.578105441945042e-05
raw_500m_density_interacted_event_study,rel_m2_X_treated_X_disp_X_density,rel_p2_X_treated_X_density,-0.001260822428820104
raw_500m_density_interacted_event_study,rel_m2_X_treated_X_disp_X_density,rel_p2_X_disp_X_density,-8.534567143384124e-06
raw_500m_density_interacted_event_study,rel_m2_X_treated_X_disp_X_density,rel_p2_X_treated_X_disp_X_density,0.0015782970181070092
raw_500m_density_interacted_event_study,rel_m2_X_treated_X_disp_X_density,rel_p3_X_treated,0.00030388463800351675
raw_500m_density_interacted_event_study,rel_m2_X_treated_X_disp_X_density,rel_p3_X_disp,0.0003441963755180858
raw_500m_density_interacted_event_study,rel_m2_X_treated_X_disp_X_density,rel_p3_X_treated_X_disp,-4.535573788677905e-05
raw_500m_density_interacted_event_study,rel_m2_X_treated_X_disp_X_density,rel_p3_X_density,8.040853554305418e-05
raw_500m_density_interacted_event_study,rel_m2_X_treated_X_disp_X_density,rel_p3_X_treated_X_density,-0.0012386846968541504
raw_500m_density_interacted_event_study,rel_m2_X_treated_X_disp_X_density,rel_p3_X_disp_X_density,2.4624941333899006e-05
raw_500m_density_interacted_event_study,rel_m2_X_treated_X_disp_X_density,rel_p3_X_treated_X_disp_X_density,0.000981047702040193
raw_500m_density_interacted_event_study,rel_m2_X_treated_X_disp_X_density,rel_p4_X_treated,4.041770076979e-05
raw_500m_density_interacted_event_study,rel_m2_X_treated_X_disp_X_density,rel_p4_X_disp,0.00042734923147529346
raw_500m_density_interacted_event_study,rel_m2_X_treated_X_disp_X_density,rel_p4_X_treated_X_disp,-0.00019134038805011761
raw_500m_density_interacted_event_study,rel_m2_X_treated_X_disp_X_density,rel_p4_X_density,0.00045056761042601884
raw_500m_density_interacted_event_study,rel_m2_X_treated_X_disp_X_density,rel_p4_X_treated_X_density,-0.0015538488504467719
raw_500m_density_interacted_event_study,rel_m2_X_treated_X_disp_X_density,rel_p4_X_disp_X_density,-0.00046138599887047974
raw_500m_density_interacted_event_study,rel_m2_X_treated_X_disp_X_density,rel_p4_X_treated_X_disp_X_density,0.001433411363586582
raw_500m_density_interacted_event_study,rel_p1_X_treated,rel_m4_X_treated,0.0003396002902206739
raw_500m_density_interacted_event_study,rel_p1_X_treated,rel_m4_X_disp,0.00010032391378372902
raw_500m_density_interacted_event_study,rel_p1_X_treated,rel_m4_X_treated_X_disp,-0.0003894404959081631
raw_500m_density_interacted_event_study,rel_p1_X_treated,rel_m4_X_density,6.153240639115621e-05
raw_500m_density_interacted_event_study,rel_p1_X_treated,rel_m4_X_treated_X_density,0.00034396702787560735
raw_500m_density_interacted_event_study,rel_p1_X_treated,rel_m4_X_disp_X_density,-0.00010545323240760134
raw_500m_density_interacted_event_study,rel_p1_X_treated,rel_m4_X_treated_X_disp_X_density,-5.298675089868346e-05
raw_500m_density_interacted_event_study,rel_p1_X_treated,rel_m3_X_treated,0.0005816583574948998
raw_500m_density_interacted_event_study,rel_p1_X_treated,rel_m3_X_disp,-3.259010081746652e-05
raw_500m_density_interacted_event_study,rel_p1_X_treated,rel_m3_X_treated_X_disp,-0.00044840989599299007
raw_500m_density_interacted_event_study,rel_p1_X_treated,rel_m3_X_density,4.212601821163314e-05
raw_500m_density_interacted_event_study,rel_p1_X_treated,rel_m3_X_treated_X_density,0.0006381483936860346
raw_500m_density_interacted_event_study,rel_p1_X_treated,rel_m3_X_disp_X_density,-0.00012256375202471186
raw_500m_density_interacted_event_study,rel_p1_X_treated,rel_m3_X_treated_X_disp_X_density,-0.0005031975218178146
raw_500m_density_interacted_event_study,rel_p1_X_treated,rel_m2_X_treated,0.0007337342957579937
raw_500m_density_interacted_event_study,rel_p1_X_treated,rel_m2_X_disp,2.6263346093413923e-05
raw_500m_density_interacted_event_study,rel_p1_X_treated,rel_m2_X_treated_X_disp,-0.0005577090924093366
raw_500m_density_interacted_event_study,rel_p1_X_treated,rel_m2_X_density,0.00012917074787878314
raw_500m_density_interacted_event_study,rel_p1_X_treated,rel_m2_X_treated_X_density,0.0009352094644808652
raw_500m_density_interacted_event_study,rel_p1_X_treated,rel_m2_X_disp_X_density,-0.00016700062336947178
raw_500m_density_interacted_event_study,rel_p1_X_treated,rel_m2_X_treated_X_disp_X_density,-0.0003418534259429564
raw_500m_density_interacted_event_study,rel_p1_X_treated,rel_p1_X_treated,0.0012520352986576011
raw_500m_density_interacted_event_study,rel_p1_X_treated,rel_p1_X_disp,8.876608972756617e-05
raw_500m_density_interacted_event_study,rel_p1_X_treated,rel_p1_X_treated_X_disp,-0.0010739606589337633
raw_500m_density_interacted_event_study,rel_p1_X_treated,rel_p1_X_density,0.00012444062651308064
raw_500m_density_interacted_event_study,rel_p1_X_treated,rel_p1_X_treated_X_density,0.0013841502931516325
raw_500m_density_interacted_event_study,rel_p1_X_treated,rel_p1_X_disp_X_density,-0.0002178130111694372
raw_500m_density_interacted_event_study,rel_p1_X_treated,rel_p1_X_treated_X_disp_X_density,-0.0010728523942221497
raw_500m_density_interacted_event_study,rel_p1_X_treated,rel_p2_X_treated,0.0001579812589349634
raw_500m_density_interacted_event_study,rel_p1_X_treated,rel_p2_X_disp,1.252074704709146e-06
raw_500m_density_interacted_event_study,rel_p1_X_treated,rel_p2_X_treated_X_disp,-0.0002098163920628555
raw_500m_density_interacted_event_study,rel_p1_X_treated,rel_p2_X_density,0.00010510497696999072
raw_500m_density_interacted_event_study,rel_p1_X_treated,rel_p2_X_treated_X_density,-0.00033758913334073576
raw_500m_density_interacted_event_study,rel_p1_X_treated,rel_p2_X_disp_X_density,-0.00014384060410704323
raw_500m_density_interacted_event_study,rel_p1_X_treated,rel_p2_X_treated_X_disp_X_density,0.00029793602459774377
raw_500m_density_interacted_event_study,rel_p1_X_treated,rel_p3_X_treated,0.0006916986660497744
raw_500m_density_interacted_event_study,rel_p1_X_treated,rel_p3_X_disp,0.0001251682885183248
raw_500m_density_interacted_event_study,rel_p1_X_treated,rel_p3_X_treated_X_disp,-0.0009978163163570108
raw_500m_density_interacted_event_study,rel_p1_X_treated,rel_p3_X_density,7.662144239083608e-05
raw_500m_density_interacted_event_study,rel_p1_X_treated,rel_p3_X_treated_X_density,0.0004858589459477049
raw_500m_density_interacted_event_study,rel_p1_X_treated,rel_p3_X_disp_X_density,-9.088186905776993e-05
raw_500m_density_interacted_event_study,rel_p1_X_treated,rel_p3_X_treated_X_disp_X_density,-0.0011369173661335214
raw_500m_density_interacted_event_study,rel_p1_X_treated,rel_p4_X_treated,-2.162600111182413e-05
raw_500m_density_interacted_event_study,rel_p1_X_treated,rel_p4_X_disp,-5.982626395554376e-05
raw_500m_density_interacted_event_study,rel_p1_X_treated,rel_p4_X_treated_X_disp,7.837020635007141e-05
raw_500m_density_interacted_event_study,rel_p1_X_treated,rel_p4_X_density,0.0001462568856537978
raw_500m_density_interacted_event_study,rel_p1_X_treated,rel_p4_X_treated_X_density,-0.0002842936601026847
raw_500m_density_interacted_event_study,rel_p1_X_treated,rel_p4_X_disp_X_density,-0.00015531507400147953
raw_500m_density_interacted_event_study,rel_p1_X_treated,rel_p4_X_treated_X_disp_X_density,0.00031981690217613523
raw_500m_density_interacted_event_study,rel_p1_X_disp,rel_m4_X_treated,3.9633411339075314e-05
raw_500m_density_interacted_event_study,rel_p1_X_disp,rel_m4_X_disp,0.0001213602634925195
raw_500m_density_interacted_event_study,rel_p1_X_disp,rel_m4_X_treated_X_disp,-0.00012824844870791514
raw_500m_density_interacted_event_study,rel_p1_X_disp,rel_m4_X_density,3.2413976973112974e-05
raw_500m_density_interacted_event_study,rel_p1_X_disp,rel_m4_X_treated_X_density,-0.00012568496900642437
raw_500m_density_interacted_event_study,rel_p1_X_disp,rel_m4_X_disp_X_density,8.012159030443844e-06
raw_500m_density_interacted_event_study,rel_p1_X_disp,rel_m4_X_treated_X_disp_X_density,0.00019621537975782202
raw_500m_density_interacted_event_study,rel_p1_X_disp,rel_m3_X_treated,8.029941165346269e-05
raw_500m_density_interacted_event_study,rel_p1_X_disp,rel_m3_X_disp,0.00013208460848999876
raw_500m_density_interacted_event_study,rel_p1_X_disp,rel_m3_X_treated_X_disp,-0.00017280635972898993
raw_500m_density_interacted_event_study,rel_p1_X_disp,rel_m3_X_density,6.234697249963994e-05
raw_500m_density_interacted_event_study,rel_p1_X_disp,rel_m3_X_treated_X_density,8.659268268502975e-05
raw_500m_density_interacted_event_study,rel_p1_X_disp,rel_m3_X_disp_X_density,-5.424163871337299e-05
raw_500m_density_interacted_event_study,rel_p1_X_disp,rel_m3_X_treated_X_disp_X_density,-6.812461060713637e-05
raw_500m_density_interacted_event_study,rel_p1_X_disp,rel_m2_X_treated,-3.023032343293721e-05
raw_500m_density_interacted_event_study,rel_p1_X_disp,rel_m2_X_disp,0.0001115806731135159
raw_500m_density_interacted_event_study,rel_p1_X_disp,rel_m2_X_treated_X_disp,-1.5002935646825948e-05
raw_500m_density_interacted_event_study,rel_p1_X_disp,rel_m2_X_density,3.1364780882590727e-05
raw_500m_density_interacted_event_study,rel_p1_X_disp,rel_m2_X_treated_X_density,-0.0003058709966240825
raw_500m_density_interacted_event_study,rel_p1_X_disp,rel_m2_X_disp_X_density,1.2471241790319652e-05
raw_500m_density_interacted_event_study,rel_p1_X_disp,rel_m2_X_treated_X_disp_X_density,0.0004005976643326419
raw_500m_density_interacted_event_study,rel_p1_X_disp,rel_p1_X_treated,8.876608972756599e-05
raw_500m_density_interacted_event_study,rel_p1_X_disp,rel_p1_X_disp,0.00016701871461912777
raw_500m_density_interacted_event_study,rel_p1_X_disp,rel_p1_X_treated_X_disp,-0.00016157201451164516
raw_500m_density_interacted_event_study,rel_p1_X_disp,rel_p1_X_density,3.010547307238058e-05
raw_500m_density_interacted_event_study,rel_p1_X_disp,rel_p1_X_treated_X_density,-5.040574495757532e-05
raw_500m_density_interacted_event_study,rel_p1_X_disp,rel_p1_X_disp_X_density,-2.8896228571175614e-05
raw_500m_density_interacted_event_study,rel_p1_X_disp,rel_p1_X_treated_X_disp_X_density,-8.297775597124181e-05
raw_500m_density_interacted_event_study,rel_p1_X_disp,rel_p2_X_treated,0.0001055247216549428
raw_500m_density_interacted_event_study,rel_p1_X_disp,rel_p2_X_disp,7.634646586602198e-05
raw_500m_density_interacted_event_study,rel_p1_X_disp,rel_p2_X_treated_X_disp,-0.00011342952967909903
raw_500m_density_interacted_event_study,rel_p1_X_disp,rel_p2_X_density,3.0267284594656174e-05
raw_500m_density_interacted_event_study,rel_p1_X_disp,rel_p2_X_treated_X_density,1.8846571903617388e-05
raw_500m_density_interacted_event_study,rel_p1_X_disp,rel_p2_X_disp_X_density,2.1160456255400815e-05
raw_500m_density_interacted_event_study,rel_p1_X_disp,rel_p2_X_treated_X_disp_X_density,0.00012099971457029248
raw_500m_density_interacted_event_study,rel_p1_X_disp,rel_p3_X_treated,9.445416847444625e-05
raw_500m_density_interacted_event_study,rel_p1_X_disp,rel_p3_X_disp,0.00011049652919568087
raw_500m_density_interacted_event_study,rel_p1_X_disp,rel_p3_X_treated_X_disp,-9.303545541726535e-05
raw_500m_density_interacted_event_study,rel_p1_X_disp,rel_p3_X_density,1.49737515965387e-05
raw_500m_density_interacted_event_study,rel_p1_X_disp,rel_p3_X_treated_X_density,5.795847526753083e-05
raw_500m_density_interacted_event_study,rel_p1_X_disp,rel_p3_X_disp_X_density,3.098738769810581e-05
raw_500m_density_interacted_event_study,rel_p1_X_disp,rel_p3_X_treated_X_disp_X_density,-0.000145668017165949
raw_500m_density_interacted_event_study,rel_p1_X_disp,rel_p4_X_treated,6.725021789526758e-05
raw_500m_density_interacted_event_study,rel_p1_X_disp,rel_p4_X_disp,0.00014214887373004478
raw_500m_density_interacted_event_study,rel_p1_X_disp,rel_p4_X_treated_X_disp,-7.364633435018241e-05
raw_500m_density_interacted_event_study,rel_p1_X_disp,rel_p4_X_density,9.690918643374918e-05
raw_500m_density_interacted_event_study,rel_p1_X_disp,rel_p4_X_treated_X_density,-6.757412718876634e-05
raw_500m_density_interacted_event_study,rel_p1_X_disp,rel_p4_X_disp_X_density,-8.393417537510368e-05
raw_500m_density_interacted_event_study,rel_p1_X_disp,rel_p4_X_treated_X_disp_X_density,3.453426561035927e-05
raw_500m_density_interacted_event_study,rel_p1_X_treated_X_disp,rel_m4_X_treated,-0.0002940098097644554
raw_500m_density_interacted_event_study,rel_p1_X_treated_X_disp,rel_m4_X_disp,-0.00017528176302972573
raw_500m_density_interacted_event_study,rel_p1_X_treated_X_disp,rel_m4_X_treated_X_disp,0.00047665713991772266
raw_500m_density_interacted_event_study,rel_p1_X_treated_X_disp,rel_m4_X_density,-4.7724163151995094e-05
raw_500m_density_interacted_event_study,rel_p1_X_treated_X_disp,rel_m4_X_treated_X_density,-0.00018205008792358912
raw_500m_density_interacted_event_study,rel_p1_X_treated_X_disp,rel_m4_X_disp_X_density,-4.104392136616264e-06
raw_500m_density_interacted_event_study,rel_p1_X_treated_X_disp,rel_m4_X_treated_X_disp_X_density,0.0001503065712740074
raw_500m_density_interacted_event_study,rel_p1_X_treated_X_disp,rel_m3_X_treated,-0.0006531069207653932
raw_500m_density_interacted_event_study,rel_p1_X_treated_X_disp,rel_m3_X_disp,-6.393680694035262e-05
raw_500m_density_interacted_event_study,rel_p1_X_treated_X_disp,rel_m3_X_treated_X_disp,0.0007141005324673492
raw_500m_density_interacted_event_study,rel_p1_X_treated_X_disp,rel_m3_X_density,-7.987874955776214e-05
raw_500m_density_interacted_event_study,rel_p1_X_treated_X_disp,rel_m3_X_treated_X_density,-0.0006630526249144075
raw_500m_density_interacted_event_study,rel_p1_X_treated_X_disp,rel_m3_X_disp_X_density,8.8052785163984e-05
raw_500m_density_interacted_event_study,rel_p1_X_treated_X_disp,rel_m3_X_treated_X_disp_X_density,0.0006868668624956839
raw_500m_density_interacted_event_study,rel_p1_X_treated_X_disp,rel_m2_X_treated,-0.0005472169735066707
raw_500m_density_interacted_event_study,rel_p1_X_treated_X_disp,rel_m2_X_disp,-0.00011284402920998676
raw_500m_density_interacted_event_study,rel_p1_X_treated_X_disp,rel_m2_X_treated_X_disp,0.00044405239727706445
raw_500m_density_interacted_event_study,rel_p1_X_treated_X_disp,rel_m2_X_density,-0.00012224775164655638
raw_500m_density_interacted_event_study,rel_p1_X_treated_X_disp,rel_m2_X_treated_X_density,-0.0004591764637593693
raw_500m_density_interacted_event_study,rel_p1_X_treated_X_disp,rel_m2_X_disp_X_density,7.127921829766867e-05
raw_500m_density_interacted_event_study,rel_p1_X_treated_X_disp,rel_m2_X_treated_X_disp_X_density,0.00012178116748270168
raw_500m_density_interacted_event_study,rel_p1_X_treated_X_disp,rel_p1_X_treated,-0.0010739606589337592
raw_500m_density_interacted_event_study,rel_p1_X_treated_X_disp,rel_p1_X_disp,-0.00016157201451164486
raw_500m_density_interacted_event_study,rel_p1_X_treated_X_disp,rel_p1_X_treated_X_disp,0.0011213845725267981
raw_500m_density_interacted_event_study,rel_p1_X_treated_X_disp,rel_p1_X_density,-7.213823715091831e-05
raw_500m_density_interacted_event_study,rel_p1_X_treated_X_disp,rel_p1_X_treated_X_density,-0.0011334699265903407
raw_500m_density_interacted_event_study,rel_p1_X_treated_X_disp,rel_p1_X_disp_X_density,7.909484855821825e-05
raw_500m_density_interacted_event_study,rel_p1_X_treated_X_disp,rel_p1_X_treated_X_disp_X_density,0.0011516470782961241
raw_500m_density_interacted_event_study,rel_p1_X_treated_X_disp,rel_p2_X_treated,-0.00022130831364563773
raw_500m_density_interacted_event_study,rel_p1_X_treated_X_disp,rel_p2_X_disp,-5.4313917267351023e-05
raw_500m_density_interacted_event_study,rel_p1_X_treated_X_disp,rel_p2_X_treated_X_disp,0.0003446193317783752
raw_500m_density_interacted_event_study,rel_p1_X_treated_X_disp,rel_p2_X_density,-8.752346729716922e-05
raw_500m_density_interacted_event_study,rel_p1_X_treated_X_disp,rel_p2_X_treated_X_density,0.00015675781853030245
raw_500m_density_interacted_event_study,rel_p1_X_treated_X_disp,rel_p2_X_disp_X_density,2.200118889809239e-05
raw_500m_density_interacted_event_study,rel_p1_X_treated_X_disp,rel_p2_X_treated_X_disp_X_density,-2.1381855021122142e-05
raw_500m_density_interacted_event_study,rel_p1_X_treated_X_disp,rel_p3_X_treated,-0.0007132823494218798
raw_500m_density_interacted_event_study,rel_p1_X_treated_X_disp,rel_p3_X_disp,-0.00017439863535701757
raw_500m_density_interacted_event_study,rel_p1_X_treated_X_disp,rel_p3_X_treated_X_disp,0.0010207374356870909
raw_500m_density_interacted_event_study,rel_p1_X_treated_X_disp,rel_p3_X_density,-3.706616082973836e-05
raw_500m_density_interacted_event_study,rel_p1_X_treated_X_disp,rel_p3_X_treated_X_density,-0.000620221447548273
raw_500m_density_interacted_event_study,rel_p1_X_treated_X_disp,rel_p3_X_disp_X_density,-3.1121497257457306e-05
raw_500m_density_interacted_event_study,rel_p1_X_treated_X_disp,rel_p3_X_treated_X_disp_X_density,0.001249073995418188
raw_500m_density_interacted_event_study,rel_p1_X_treated_X_disp,rel_p4_X_treated,2.2728168780949947e-05
raw_500m_density_interacted_event_study,rel_p1_X_treated_X_disp,rel_p4_X_disp,-6.300554014962405e-06
raw_500m_density_interacted_event_study,rel_p1_X_treated_X_disp,rel_p4_X_treated_X_disp,1.2818948134800752e-05
raw_500m_density_interacted_event_study,rel_p1_X_treated_X_disp,rel_p4_X_density,-0.00014697527620539038
raw_500m_density_interacted_event_study,rel_p1_X_treated_X_disp,rel_p4_X_treated_X_density,0.0002530618637849836
raw_500m_density_interacted_event_study,rel_p1_X_treated_X_disp,rel_p4_X_disp_X_density,0.00011532702406871607
raw_500m_density_interacted_event_study,rel_p1_X_treated_X_disp,rel_p4_X_treated_X_disp_X_density,-0.00012527804781852067
raw_500m_density_interacted_event_study,rel_p1_X_density,rel_m4_X_treated,6.007857861505011e-05
raw_500m_density_interacted_event_study,rel_p1_X_density,rel_m4_X_disp,-1.7032411928829814e-06
raw_500m_density_interacted_event_study,rel_p1_X_density,rel_m4_X_treated_X_disp,-3.438008828779517e-05
raw_500m_density_interacted_event_study,rel_p1_X_density,rel_m4_X_density,4.286392487987271e-05
raw_500m_density_interacted_event_study,rel_p1_X_density,rel_m4_X_treated_X_density,-4.8121529199923556e-05
raw_500m_density_interacted_event_study,rel_p1_X_density,rel_m4_X_disp_X_density,-7.36295919256931e-05
raw_500m_density_interacted_event_study,rel_p1_X_density,rel_m4_X_treated_X_disp_X_density,0.0001262510135720897
raw_500m_density_interacted_event_study,rel_p1_X_density,rel_m3_X_treated,7.107835168963735e-05
raw_500m_density_interacted_event_study,rel_p1_X_density,rel_m3_X_disp,9.197365609417951e-06
raw_500m_density_interacted_event_study,rel_p1_X_density,rel_m3_X_treated_X_disp,-1.7207898649505816e-05
raw_500m_density_interacted_event_study,rel_p1_X_density,rel_m3_X_density,1.836868526208177e-05
raw_500m_density_interacted_event_study,rel_p1_X_density,rel_m3_X_treated_X_density,-6.802164140444635e-05
raw_500m_density_interacted_event_study,rel_p1_X_density,rel_m3_X_disp_X_density,-4.067024568022212e-05
raw_500m_density_interacted_event_study,rel_p1_X_density,rel_m3_X_treated_X_disp_X_density,8.251342441997299e-05
raw_500m_density_interacted_event_study,rel_p1_X_density,rel_m2_X_treated,6.688018617661229e-05
raw_500m_density_interacted_event_study,rel_p1_X_density,rel_m2_X_disp,6.077428866930442e-06
raw_500m_density_interacted_event_study,rel_p1_X_density,rel_m2_X_treated_X_disp,-4.482477386615418e-05
raw_500m_density_interacted_event_study,rel_p1_X_density,rel_m2_X_density,4.879742490970743e-05
raw_500m_density_interacted_event_study,rel_p1_X_density,rel_m2_X_treated_X_density,-3.797799731224095e-05
raw_500m_density_interacted_event_study,rel_p1_X_density,rel_m2_X_disp_X_density,-6.057951220854204e-05
raw_500m_density_interacted_event_study,rel_p1_X_density,rel_m2_X_treated_X_disp_X_density,0.00011199157502942209
raw_500m_density_interacted_event_study,rel_p1_X_density,rel_p1_X_treated,0.00012444062651308094
raw_500m_density_interacted_event_study,rel_p1_X_density,rel_p1_X_disp,3.010547307238068e-05
raw_500m_density_interacted_event_study,rel_p1_X_density,rel_p1_X_treated_X_disp,-7.213823715091844e-05
raw_500m_density_interacted_event_study,rel_p1_X_density,rel_p1_X_density,6.809536552350809e-05
raw_500m_density_interacted_event_study,rel_p1_X_density,rel_p1_X_treated_X_density,1.4205666414416436e-06
raw_500m_density_interacted_event_study,rel_p1_X_density,rel_p1_X_disp_X_density,-8.918230152421612e-05
raw_500m_density_interacted_event_study,rel_p1_X_density,rel_p1_X_treated_X_disp_X_density,1.867401666692763e-05
raw_500m_density_interacted_event_study,rel_p1_X_density,rel_p2_X_treated,-1.9023106000167022e-05
raw_500m_density_interacted_event_study,rel_p1_X_density,rel_p2_X_disp,-2.341007280679133e-05
raw_500m_density_interacted_event_study,rel_p1_X_density,rel_p2_X_treated_X_disp,2.709422235567398e-05
raw_500m_density_interacted_event_study,rel_p1_X_density,rel_p2_X_density,4.392404918397655e-05
raw_500m_density_interacted_event_study,rel_p1_X_density,rel_p2_X_treated_X_density,-9.8666796728237e-05
raw_500m_density_interacted_event_study,rel_p1_X_density,rel_p2_X_disp_X_density,-6.029230825354632e-05
raw_500m_density_interacted_event_study,rel_p1_X_density,rel_p2_X_treated_X_disp_X_density,0.00013018350874915242
raw_500m_density_interacted_event_study,rel_p1_X_density,rel_p3_X_treated,0.00011808324669959267
raw_500m_density_interacted_event_study,rel_p1_X_density,rel_p3_X_disp,5.145592391599066e-05
raw_500m_density_interacted_event_study,rel_p1_X_density,rel_p3_X_treated_X_disp,-0.00011127834361464923
raw_500m_density_interacted_event_study,rel_p1_X_density,rel_p3_X_density,5.4647297256253324e-05
raw_500m_density_interacted_event_study,rel_p1_X_density,rel_p3_X_treated_X_density,-5.0236539777633436e-05
raw_500m_density_interacted_event_study,rel_p1_X_density,rel_p3_X_disp_X_density,-7.977759614299015e-05
raw_500m_density_interacted_event_study,rel_p1_X_density,rel_p3_X_treated_X_disp_X_density,3.5150759398821e-05
raw_500m_density_interacted_event_study,rel_p1_X_density,rel_p4_X_treated,-6.062972508103518e-06
raw_500m_density_interacted_event_study,rel_p1_X_density,rel_p4_X_disp,-9.520167581782754e-06
raw_500m_density_interacted_event_study,rel_p1_X_density,rel_p4_X_treated_X_disp,4.582024006443568e-05
raw_500m_density_interacted_event_study,rel_p1_X_density,rel_p4_X_density,7.30884686788261e-05
raw_500m_density_interacted_event_study,rel_p1_X_density,rel_p4_X_treated_X_density,-0.00012033281556077943
raw_500m_density_interacted_event_study,rel_p1_X_density,rel_p4_X_disp_X_density,-7.665126867924692e-05
raw_500m_density_interacted_event_study,rel_p1_X_density,rel_p4_X_treated_X_disp_X_density,0.00013571361338100116
raw_500m_density_interacted_event_study,rel_p1_X_treated_X_density,rel_m4_X_treated,0.000556670341338681
raw_500m_density_interacted_event_study,rel_p1_X_treated_X_density,rel_m4_X_disp,8.012648602151706e-05
raw_500m_density_interacted_event_study,rel_p1_X_treated_X_density,rel_m4_X_treated_X_disp,-0.0004155916709253755
raw_500m_density_interacted_event_study,rel_p1_X_treated_X_density,rel_m4_X_density,7.419487386681112e-05
raw_500m_density_interacted_event_study,rel_p1_X_treated_X_density,rel_m4_X_treated_X_density,0.0007004203125799362
raw_500m_density_interacted_event_study,rel_p1_X_treated_X_density,rel_m4_X_disp_X_density,-0.00011222599171789704
raw_500m_density_interacted_event_study,rel_p1_X_treated_X_density,rel_m4_X_treated_X_disp_X_density,-0.0002625337605774171
raw_500m_density_interacted_event_study,rel_p1_X_treated_X_density,rel_m3_X_treated,0.0004142866115289639
raw_500m_density_interacted_event_study,rel_p1_X_treated_X_density,rel_m3_X_disp,-0.00021082001979827228
raw_500m_density_interacted_event_study,rel_p1_X_treated_X_density,rel_m3_X_treated_X_disp,-0.0002850602162950073
raw_500m_density_interacted_event_study,rel_p1_X_treated_X_density,rel_m3_X_density,-8.526884604905284e-05
raw_500m_density_interacted_event_study,rel_p1_X_treated_X_density,rel_m3_X_treated_X_density,0.002921064796814417
raw_500m_density_interacted_event_study,rel_p1_X_treated_X_density,rel_m3_X_disp_X_density,-6.021199643867833e-05
raw_500m_density_interacted_event_study,rel_p1_X_treated_X_density,rel_m3_X_treated_X_disp_X_density,-0.0012893859108196826
raw_500m_density_interacted_event_study,rel_p1_X_treated_X_density,rel_m2_X_treated,0.0009351998800285716
raw_500m_density_interacted_event_study,rel_p1_X_treated_X_density,rel_m2_X_disp,-0.00012879187085441788
raw_500m_density_interacted_event_study,rel_p1_X_treated_X_density,rel_m2_X_treated_X_disp,-0.0006291147989414773
raw_500m_density_interacted_event_study,rel_p1_X_treated_X_density,rel_m2_X_density,5.9633744715588564e-05
raw_500m_density_interacted_event_study,rel_p1_X_treated_X_density,rel_m2_X_treated_X_density,0.003518404492097983
raw_500m_density_interacted_event_study,rel_p1_X_treated_X_density,rel_m2_X_disp_X_density,-0.0002946972854586994
raw_500m_density_interacted_event_study,rel_p1_X_treated_X_density,rel_m2_X_treated_X_disp_X_density,-0.0020961119127478225
raw_500m_density_interacted_event_study,rel_p1_X_treated_X_density,rel_p1_X_treated,0.0013841502931516265
raw_500m_density_interacted_event_study,rel_p1_X_treated_X_density,rel_p1_X_disp,-5.040574495757661e-05
raw_500m_density_interacted_event_study,rel_p1_X_treated_X_density,rel_p1_X_treated_X_disp,-0.0011334699265903394
raw_500m_density_interacted_event_study,rel_p1_X_treated_X_density,rel_p1_X_density,1.4205666414415782e-06
raw_500m_density_interacted_event_study,rel_p1_X_treated_X_density,rel_p1_X_treated_X_density,0.005736695963863165
raw_500m_density_interacted_event_study,rel_p1_X_treated_X_density,rel_p1_X_disp_X_density,-0.00021126937392967475
raw_500m_density_interacted_event_study,rel_p1_X_treated_X_density,rel_p1_X_treated_X_disp_X_density,-0.004195936941266139
raw_500m_density_interacted_event_study,rel_p1_X_treated_X_density,rel_p2_X_treated,-0.0005842163642782829
raw_500m_density_interacted_event_study,rel_p1_X_treated_X_density,rel_p2_X_disp,-0.0004080857865040922
raw_500m_density_interacted_event_study,rel_p1_X_treated_X_density,rel_p2_X_treated_X_disp,0.0005115012058291271
raw_500m_density_interacted_event_study,rel_p1_X_treated_X_density,rel_p2_X_density,5.596952127997319e-05
raw_500m_density_interacted_event_study,rel_p1_X_treated_X_density,rel_p2_X_treated_X_density,0.001753068460698073
raw_500m_density_interacted_event_study,rel_p1_X_treated_X_density,rel_p2_X_disp_X_density,-0.0001279909718346709
raw_500m_density_interacted_event_study,rel_p1_X_treated_X_density,rel_p2_X_treated_X_disp_X_density,-0.0013214111120844118
raw_500m_density_interacted_event_study,rel_p1_X_treated_X_density,rel_p3_X_treated,8.119857882468442e-05
raw_500m_density_interacted_event_study,rel_p1_X_treated_X_density,rel_p3_X_disp,-0.00036120260508893027
raw_500m_density_interacted_event_study,rel_p1_X_treated_X_density,rel_p3_X_treated_X_disp,-0.0005987982838970998
raw_500m_density_interacted_event_study,rel_p1_X_treated_X_density,rel_p3_X_density,-0.000109564846843663
raw_500m_density_interacted_event_study,rel_p1_X_treated_X_density,rel_p3_X_treated_X_density,0.0028883086916772537
raw_500m_density_interacted_event_study,rel_p1_X_treated_X_density,rel_p3_X_disp_X_density,-1.4201195132142383e-05
raw_500m_density_interacted_event_study,rel_p1_X_treated_X_density,rel_p3_X_treated_X_disp_X_density,-0.004098271677456424
raw_500m_density_interacted_event_study,rel_p1_X_treated_X_density,rel_p4_X_treated,-0.00035884450633739067
raw_500m_density_interacted_event_study,rel_p1_X_treated_X_density,rel_p4_X_disp,-0.00013128598284016565
raw_500m_density_interacted_event_study,rel_p1_X_treated_X_density,rel_p4_X_treated_X_disp,0.00041538180204066065
raw_500m_density_interacted_event_study,rel_p1_X_treated_X_density,rel_p4_X_density,-8.136505783033227e-05
raw_500m_density_interacted_event_study,rel_p1_X_treated_X_density,rel_p4_X_treated_X_density,0.0009234020161758448
raw_500m_density_interacted_event_study,rel_p1_X_treated_X_density,rel_p4_X_disp_X_density,1.2201912284577799e-05
raw_500m_density_interacted_event_study,rel_p1_X_treated_X_density,rel_p4_X_treated_X_disp_X_density,-0.0011055315606150332
raw_500m_density_interacted_event_study,rel_p1_X_disp_X_density,rel_m4_X_treated,-8.790358091868347e-05
raw_500m_density_interacted_event_study,rel_p1_X_disp_X_density,rel_m4_X_disp,2.4227164350934753e-06
raw_500m_density_interacted_event_study,rel_p1_X_disp_X_density,rel_m4_X_treated_X_disp,-1.5947699547272213e-05
raw_500m_density_interacted_event_study,rel_p1_X_disp_X_density,rel_m4_X_density,-5.907716945474578e-05
raw_500m_density_interacted_event_study,rel_p1_X_disp_X_density,rel_m4_X_treated_X_density,-1.3608478212448144e-05
raw_500m_density_interacted_event_study,rel_p1_X_disp_X_density,rel_m4_X_disp_X_density,0.00012252378368333207
raw_500m_density_interacted_event_study,rel_p1_X_disp_X_density,rel_m4_X_treated_X_disp_X_density,-0.00022949493069761206
raw_500m_density_interacted_event_study,rel_p1_X_disp_X_density,rel_m3_X_treated,-5.19462265578028e-05
raw_500m_density_interacted_event_study,rel_p1_X_disp_X_density,rel_m3_X_disp,-6.235543430592122e-06
raw_500m_density_interacted_event_study,rel_p1_X_disp_X_density,rel_m3_X_treated_X_disp,-7.551595174556087e-05
raw_500m_density_interacted_event_study,rel_p1_X_disp_X_density,rel_m3_X_density,-3.26765558893113e-05
raw_500m_density_interacted_event_study,rel_p1_X_disp_X_density,rel_m3_X_treated_X_density,3.192597170760203e-05
raw_500m_density_interacted_event_study,rel_p1_X_disp_X_density,rel_m3_X_disp_X_density,9.547968476011425e-05
raw_500m_density_interacted_event_study,rel_p1_X_disp_X_density,rel_m3_X_treated_X_disp_X_density,-0.00014178375852192906
raw_500m_density_interacted_event_study,rel_p1_X_disp_X_density,rel_m2_X_treated,-9.880294248204875e-05
raw_500m_density_interacted_event_study,rel_p1_X_disp_X_density,rel_m2_X_disp,-5.040423418521648e-06
raw_500m_density_interacted_event_study,rel_p1_X_disp_X_density,rel_m2_X_treated_X_disp,3.178444294403783e-05
raw_500m_density_interacted_event_study,rel_p1_X_disp_X_density,rel_m2_X_density,-5.972253052672557e-05
raw_500m_density_interacted_event_study,rel_p1_X_disp_X_density,rel_m2_X_treated_X_density,-0.00011199403202010255
raw_500m_density_interacted_event_study,rel_p1_X_disp_X_density,rel_m2_X_disp_X_density,0.00012757102270235314
raw_500m_density_interacted_event_study,rel_p1_X_disp_X_density,rel_m2_X_treated_X_disp_X_density,-0.00013690982888403473
raw_500m_density_interacted_event_study,rel_p1_X_disp_X_density,rel_p1_X_treated,-0.00021781301116943728
raw_500m_density_interacted_event_study,rel_p1_X_disp_X_density,rel_p1_X_disp,-2.889622857117565e-05
raw_500m_density_interacted_event_study,rel_p1_X_disp_X_density,rel_p1_X_treated_X_disp,7.909484855821824e-05
raw_500m_density_interacted_event_study,rel_p1_X_disp_X_density,rel_p1_X_density,-8.918230152421601e-05
raw_500m_density_interacted_event_study,rel_p1_X_disp_X_density,rel_p1_X_treated_X_density,-0.00021126937392967492
raw_500m_density_interacted_event_study,rel_p1_X_disp_X_density,rel_p1_X_disp_X_density,0.00019126216650432813
raw_500m_density_interacted_event_study,rel_p1_X_disp_X_density,rel_p1_X_treated_X_disp_X_density,-5.091832426012815e-05
raw_500m_density_interacted_event_study,rel_p1_X_disp_X_density,rel_p2_X_treated,4.371904715409562e-05
raw_500m_density_interacted_event_study,rel_p1_X_disp_X_density,rel_p2_X_disp,3.298652299842283e-05
raw_500m_density_interacted_event_study,rel_p1_X_disp_X_density,rel_p2_X_treated_X_disp,-9.921943139082729e-05
raw_500m_density_interacted_event_study,rel_p1_X_disp_X_density,rel_p2_X_density,-7.930870014072935e-05
raw_500m_density_interacted_event_study,rel_p1_X_disp_X_density,rel_p2_X_treated_X_density,0.00017214639224098885
raw_500m_density_interacted_event_study,rel_p1_X_disp_X_density,rel_p2_X_disp_X_density,0.00014303552417098284
raw_500m_density_interacted_event_study,rel_p1_X_disp_X_density,rel_p2_X_treated_X_disp_X_density,-0.0003076781016739936
raw_500m_density_interacted_event_study,rel_p1_X_disp_X_density,rel_p3_X_treated,-0.00013704956518957787
raw_500m_density_interacted_event_study,rel_p1_X_disp_X_density,rel_p3_X_disp,-6.347599935941717e-05
raw_500m_density_interacted_event_study,rel_p1_X_disp_X_density,rel_p3_X_treated_X_disp,0.00011502656988920449
raw_500m_density_interacted_event_study,rel_p1_X_disp_X_density,rel_p3_X_density,-6.369592965368466e-05
raw_500m_density_interacted_event_study,rel_p1_X_disp_X_density,rel_p3_X_treated_X_density,7.986724765784346e-05
raw_500m_density_interacted_event_study,rel_p1_X_disp_X_density,rel_p3_X_disp_X_density,0.00012927294233965983
raw_500m_density_interacted_event_study,rel_p1_X_disp_X_density,rel_p3_X_treated_X_disp_X_density,-2.638499399841043e-05
raw_500m_density_interacted_event_study,rel_p1_X_disp_X_density,rel_p4_X_treated,3.168759242315399e-05
raw_500m_density_interacted_event_study,rel_p1_X_disp_X_density,rel_p4_X_disp,-2.7657678738216387e-05
raw_500m_density_interacted_event_study,rel_p1_X_disp_X_density,rel_p4_X_treated_X_disp,-8.148626766766337e-05
raw_500m_density_interacted_event_study,rel_p1_X_disp_X_density,rel_p4_X_density,-0.00013448080414895627
raw_500m_density_interacted_event_study,rel_p1_X_disp_X_density,rel_p4_X_treated_X_density,0.00025867180145175645
raw_500m_density_interacted_event_study,rel_p1_X_disp_X_density,rel_p4_X_disp_X_density,0.00017071108552012404
raw_500m_density_interacted_event_study,rel_p1_X_disp_X_density,rel_p4_X_treated_X_disp_X_density,-0.0003781064180858427
raw_500m_density_interacted_event_study,rel_p1_X_treated_X_disp_X_density,rel_m4_X_treated,-0.0004498963783454225
raw_500m_density_interacted_event_study,rel_p1_X_treated_X_disp_X_density,rel_m4_X_disp,-0.00010712218330360459
raw_500m_density_interacted_event_study,rel_p1_X_treated_X_disp_X_density,rel_m4_X_treated_X_disp,0.0005462489802834451
raw_500m_density_interacted_event_study,rel_p1_X_treated_X_disp_X_density,rel_m4_X_density,-5.320630652263501e-05
raw_500m_density_interacted_event_study,rel_p1_X_treated_X_disp_X_density,rel_m4_X_treated_X_density,-4.265012548515964e-05
raw_500m_density_interacted_event_study,rel_p1_X_treated_X_disp_X_density,rel_m4_X_disp_X_density,-1.4964972593671569e-05
raw_500m_density_interacted_event_study,rel_p1_X_treated_X_disp_X_density,rel_m4_X_treated_X_disp_X_density,0.00017917171269474553
raw_500m_density_interacted_event_study,rel_p1_X_treated_X_disp_X_density,rel_m3_X_treated,-0.0005630411284926385
raw_500m_density_interacted_event_study,rel_p1_X_treated_X_disp_X_density,rel_m3_X_disp,0.00011583311002970316
raw_500m_density_interacted_event_study,rel_p1_X_treated_X_disp_X_density,rel_m3_X_treated_X_disp,0.0006971133793894485
raw_500m_density_interacted_event_study,rel_p1_X_treated_X_disp_X_density,rel_m3_X_density,3.880553818358474e-05
raw_500m_density_interacted_event_study,rel_p1_X_treated_X_disp_X_density,rel_m3_X_treated_X_density,-0.002129913189365962
raw_500m_density_interacted_event_study,rel_p1_X_treated_X_disp_X_density,rel_m3_X_disp_X_density,-3.4470223149911994e-05
raw_500m_density_interacted_event_study,rel_p1_X_treated_X_disp_X_density,rel_m3_X_treated_X_disp_X_density,0.0011741937546104527
raw_500m_density_interacted_event_study,rel_p1_X_treated_X_disp_X_density,rel_m2_X_treated,-0.0006002043300860655
raw_500m_density_interacted_event_study,rel_p1_X_treated_X_disp_X_density,rel_m2_X_disp,5.472484443447655e-05
raw_500m_density_interacted_event_study,rel_p1_X_treated_X_disp_X_density,rel_m2_X_treated_X_disp,0.0005528325544586458
raw_500m_density_interacted_event_study,rel_p1_X_treated_X_disp_X_density,rel_m2_X_density,-3.276059769940103e-05
raw_500m_density_interacted_event_study,rel_p1_X_treated_X_disp_X_density,rel_m2_X_treated_X_density,-0.0020892151095811546
raw_500m_density_interacted_event_study,rel_p1_X_treated_X_disp_X_density,rel_m2_X_disp_X_density,4.2638277231396416e-05
raw_500m_density_interacted_event_study,rel_p1_X_treated_X_disp_X_density,rel_m2_X_treated_X_disp_X_density,0.0011567316071647664
raw_500m_density_interacted_event_study,rel_p1_X_treated_X_disp_X_density,rel_p1_X_treated,-0.0010728523942221473
raw_500m_density_interacted_event_study,rel_p1_X_treated_X_disp_X_density,rel_p1_X_disp,-8.297775597124097e-05
raw_500m_density_interacted_event_study,rel_p1_X_treated_X_disp_X_density,rel_p1_X_treated_X_disp,0.0011516470782961265
raw_500m_density_interacted_event_study,rel_p1_X_treated_X_disp_X_density,rel_p1_X_density,1.8674016666927347e-05
raw_500m_density_interacted_event_study,rel_p1_X_treated_X_disp_X_density,rel_p1_X_treated_X_density,-0.004195936941266148
raw_500m_density_interacted_event_study,rel_p1_X_treated_X_disp_X_density,rel_p1_X_disp_X_density,-5.091832426012787e-05
raw_500m_density_interacted_event_study,rel_p1_X_treated_X_disp_X_density,rel_p1_X_treated_X_disp_X_density,0.004049318330444456
raw_500m_density_interacted_event_study,rel_p1_X_treated_X_disp_X_density,rel_p2_X_treated,0.0002802197680731232
raw_500m_density_interacted_event_study,rel_p1_X_treated_X_disp_X_density,rel_p2_X_disp,0.0003077819222583975
raw_500m_density_interacted_event_study,rel_p1_X_treated_X_disp_X_density,rel_p2_X_treated_X_disp,-0.00010722915973122782
raw_500m_density_interacted_event_study,rel_p1_X_treated_X_disp_X_density,rel_p2_X_density,9.713734063760142e-06
raw_500m_density_interacted_event_study,rel_p1_X_treated_X_disp_X_density,rel_p2_X_treated_X_density,-0.0012378503552974447
raw_500m_density_interacted_event_study,rel_p1_X_treated_X_disp_X_density,rel_p2_X_disp_X_density,-0.00011698159084863579
raw_500m_density_interacted_event_study,rel_p1_X_treated_X_disp_X_density,rel_p2_X_treated_X_disp_X_density,0.0011558403117317385
raw_500m_density_interacted_event_study,rel_p1_X_treated_X_disp_X_density,rel_p3_X_treated,-0.00028027667112809275
raw_500m_density_interacted_event_study,rel_p1_X_treated_X_disp_X_density,rel_p3_X_disp,0.00022354641394710438
raw_500m_density_interacted_event_study,rel_p1_X_treated_X_disp_X_density,rel_p3_X_treated_X_disp,0.000740860087661154
raw_500m_density_interacted_event_study,rel_p1_X_treated_X_disp_X_density,rel_p3_X_density,9.589354791934134e-05
raw_500m_density_interacted_event_study,rel_p1_X_treated_X_disp_X_density,rel_p3_X_treated_X_density,-0.0023779302845820193
raw_500m_density_interacted_event_study,rel_p1_X_treated_X_disp_X_density,rel_p3_X_disp_X_density,-0.0001275584992124307
raw_500m_density_interacted_event_study,rel_p1_X_treated_X_disp_X_density,rel_p3_X_treated_X_disp_X_density,0.003510898978544324
raw_500m_density_interacted_event_study,rel_p1_X_treated_X_disp_X_density,rel_p4_X_treated,0.00019081333454609928
raw_500m_density_interacted_event_study,rel_p1_X_treated_X_disp_X_density,rel_p4_X_disp,8.60814288550265e-05
raw_500m_density_interacted_event_study,rel_p1_X_treated_X_disp_X_density,rel_p4_X_treated_X_disp,-0.0001439368753288664
raw_500m_density_interacted_event_study,rel_p1_X_treated_X_disp_X_density,rel_p4_X_density,3.829265720005003e-05
raw_500m_density_interacted_event_study,rel_p1_X_treated_X_disp_X_density,rel_p4_X_treated_X_density,-0.0005337362633191782
raw_500m_density_interacted_event_study,rel_p1_X_treated_X_disp_X_density,rel_p4_X_disp_X_density,-8.003376938903444e-05
raw_500m_density_interacted_event_study,rel_p1_X_treated_X_disp_X_density,rel_p4_X_treated_X_disp_X_density,0.0012019620319094022
raw_500m_density_interacted_event_study,rel_p2_X_treated,rel_m4_X_treated,5.0749818167745804e-05
raw_500m_density_interacted_event_study,rel_p2_X_treated,rel_m4_X_disp,8.397551546344154e-05
raw_500m_density_interacted_event_study,rel_p2_X_treated,rel_m4_X_treated_X_disp,-0.00020104187127265098
raw_500m_density_interacted_event_study,rel_p2_X_treated,rel_m4_X_density,-2.4330391479352054e-05
raw_500m_density_interacted_event_study,rel_p2_X_treated,rel_m4_X_treated_X_density,-4.074207283201105e-06
raw_500m_density_interacted_event_study,rel_p2_X_treated,rel_m4_X_disp_X_density,7.965111019815259e-05
raw_500m_density_interacted_event_study,rel_p2_X_treated,rel_m4_X_treated_X_disp_X_density,-1.9100800773773832e-05
raw_500m_density_interacted_event_study,rel_p2_X_treated,rel_m3_X_treated,0.00020744750582113683
raw_500m_density_interacted_event_study,rel_p2_X_treated,rel_m3_X_disp,3.2762648493247175e-05
raw_500m_density_interacted_event_study,rel_p2_X_treated,rel_m3_X_treated_X_disp,-0.0002993473801574656
raw_500m_density_interacted_event_study,rel_p2_X_treated,rel_m3_X_density,5.845636706427583e-05
raw_500m_density_interacted_event_study,rel_p2_X_treated,rel_m3_X_treated_X_density,-0.00010346751701749081
raw_500m_density_interacted_event_study,rel_p2_X_treated,rel_m3_X_disp_X_density,-3.523318384253541e-05
raw_500m_density_interacted_event_study,rel_p2_X_treated,rel_m3_X_treated_X_disp_X_density,-0.00023281683735053453
raw_500m_density_interacted_event_study,rel_p2_X_treated,rel_m2_X_treated,7.78929875306716e-05
raw_500m_density_interacted_event_study,rel_p2_X_treated,rel_m2_X_disp,3.292641778630734e-05
raw_500m_density_interacted_event_study,rel_p2_X_treated,rel_m2_X_treated_X_disp,-0.0001288493541778383
raw_500m_density_interacted_event_study,rel_p2_X_treated,rel_m2_X_density,-1.2232424316005723e-05
raw_500m_density_interacted_event_study,rel_p2_X_treated,rel_m2_X_treated_X_density,-0.0002695723872729808
raw_500m_density_interacted_event_study,rel_p2_X_treated,rel_m2_X_disp_X_density,9.97542196023131e-05
raw_500m_density_interacted_event_study,rel_p2_X_treated,rel_m2_X_treated_X_disp_X_density,0.00025561992280518877
raw_500m_density_interacted_event_study,rel_p2_X_treated,rel_p1_X_treated,0.0001579812589349619
raw_500m_density_interacted_event_study,rel_p2_X_treated,rel_p1_X_disp,0.00010552472165494267
raw_500m_density_interacted_event_study,rel_p2_X_treated,rel_p1_X_treated_X_disp,-0.00022130831364563876
raw_500m_density_interacted_event_study,rel_p2_X_treated,rel_p1_X_density,-1.9023106000166978e-05
raw_500m_density_interacted_event_study,rel_p2_X_treated,rel_p1_X_treated_X_density,-0.0005842163642782805
raw_500m_density_interacted_event_study,rel_p2_X_treated,rel_p1_X_disp_X_density,4.3719047154095494e-05
raw_500m_density_interacted_event_study,rel_p2_X_treated,rel_p1_X_treated_X_disp_X_density,0.0002802197680731233
raw_500m_density_interacted_event_study,rel_p2_X_treated,rel_p2_X_treated,0.00040504573057868385
raw_500m_density_interacted_event_study,rel_p2_X_treated,rel_p2_X_disp,0.00017462505921003862
raw_500m_density_interacted_event_study,rel_p2_X_treated,rel_p2_X_treated_X_disp,-0.000449760492704805
raw_500m_density_interacted_event_study,rel_p2_X_treated,rel_p2_X_density,-1.634494438667381e-05
raw_500m_density_interacted_event_study,rel_p2_X_treated,rel_p2_X_treated_X_density,-0.0002613605451089694
raw_500m_density_interacted_event_study,rel_p2_X_treated,rel_p2_X_disp_X_density,6.485309244159723e-05
raw_500m_density_interacted_event_study,rel_p2_X_treated,rel_p2_X_treated_X_disp_X_density,0.00020291621432035653
raw_500m_density_interacted_event_study,rel_p2_X_treated,rel_p3_X_treated,0.0002127131708449538
raw_500m_density_interacted_event_study,rel_p2_X_treated,rel_p3_X_disp,0.00013783968632480835
raw_500m_density_interacted_event_study,rel_p2_X_treated,rel_p3_X_treated_X_disp,-0.0002151262212453913
raw_500m_density_interacted_event_study,rel_p2_X_treated,rel_p3_X_density,-3.0452356127454867e-05
raw_500m_density_interacted_event_study,rel_p2_X_treated,rel_p3_X_treated_X_density,-0.0003216089836837582
raw_500m_density_interacted_event_study,rel_p2_X_treated,rel_p3_X_disp_X_density,0.00013418084395319408
raw_500m_density_interacted_event_study,rel_p2_X_treated,rel_p3_X_treated_X_disp_X_density,0.00021708093890978876
raw_500m_density_interacted_event_study,rel_p2_X_treated,rel_p4_X_treated,0.00023525932686771237
raw_500m_density_interacted_event_study,rel_p2_X_treated,rel_p4_X_disp,8.892778399839077e-05
raw_500m_density_interacted_event_study,rel_p2_X_treated,rel_p4_X_treated_X_disp,-0.00023077166954065402
raw_500m_density_interacted_event_study,rel_p2_X_treated,rel_p4_X_density,7.380654720325697e-05
raw_500m_density_interacted_event_study,rel_p2_X_treated,rel_p4_X_treated_X_density,-0.00016422388035846152
raw_500m_density_interacted_event_study,rel_p2_X_treated,rel_p4_X_disp_X_density,-5.516742091764899e-05
raw_500m_density_interacted_event_study,rel_p2_X_treated,rel_p4_X_treated_X_disp_X_density,0.00016330362336566836
raw_500m_density_interacted_event_study,rel_p2_X_disp,rel_m4_X_treated,-6.876991351682667e-05
raw_500m_density_interacted_event_study,rel_p2_X_disp,rel_m4_X_disp,6.854549721098254e-05
raw_500m_density_interacted_event_study,rel_p2_X_disp,rel_m4_X_treated_X_disp,-1.4233352291066025e-05
raw_500m_density_interacted_event_study,rel_p2_X_disp,rel_m4_X_density,-1.991114964273251e-05
raw_500m_density_interacted_event_study,rel_p2_X_disp,rel_m4_X_treated_X_density,-3.1348208381003057e-06
raw_500m_density_interacted_event_study,rel_p2_X_disp,rel_m4_X_disp_X_density,4.4726396778261985e-05
raw_500m_density_interacted_event_study,rel_p2_X_disp,rel_m4_X_treated_X_disp_X_density,-5.0916698862131575e-05
raw_500m_density_interacted_event_study,rel_p2_X_disp,rel_m3_X_treated,-6.927162625530449e-06
raw_500m_density_interacted_event_study,rel_p2_X_disp,rel_m3_X_disp,7.412144740137946e-05
raw_500m_density_interacted_event_study,rel_p2_X_disp,rel_m3_X_treated_X_disp,-7.395631382179914e-05
raw_500m_density_interacted_event_study,rel_p2_X_disp,rel_m3_X_density,5.678374475696193e-05
raw_500m_density_interacted_event_study,rel_p2_X_disp,rel_m3_X_treated_X_density,-8.598865011411199e-05
raw_500m_density_interacted_event_study,rel_p2_X_disp,rel_m3_X_disp_X_density,-3.612737146308325e-05
raw_500m_density_interacted_event_study,rel_p2_X_disp,rel_m3_X_treated_X_disp_X_density,-0.00011473557687266913
raw_500m_density_interacted_event_study,rel_p2_X_disp,rel_m2_X_treated,-1.5724020214823817e-05
raw_500m_density_interacted_event_study,rel_p2_X_disp,rel_m2_X_disp,9.171255698319589e-05
raw_500m_density_interacted_event_study,rel_p2_X_disp,rel_m2_X_treated_X_disp,-2.3653041201696896e-05
raw_500m_density_interacted_event_study,rel_p2_X_disp,rel_m2_X_density,4.328572176863007e-06
raw_500m_density_interacted_event_study,rel_p2_X_disp,rel_m2_X_treated_X_density,-0.0003310477478495239
raw_500m_density_interacted_event_study,rel_p2_X_disp,rel_m2_X_disp_X_density,4.669695609557484e-05
raw_500m_density_interacted_event_study,rel_p2_X_disp,rel_m2_X_treated_X_disp_X_density,0.00016617960899206844
raw_500m_density_interacted_event_study,rel_p2_X_disp,rel_p1_X_treated,1.2520747047086383e-06
raw_500m_density_interacted_event_study,rel_p2_X_disp,rel_p1_X_disp,7.634646586602187e-05
raw_500m_density_interacted_event_study,rel_p2_X_disp,rel_p1_X_treated_X_disp,-5.431391726735104e-05
raw_500m_density_interacted_event_study,rel_p2_X_disp,rel_p1_X_density,-2.341007280679143e-05
raw_500m_density_interacted_event_study,rel_p2_X_disp,rel_p1_X_treated_X_density,-0.0004080857865040913
raw_500m_density_interacted_event_study,rel_p2_X_disp,rel_p1_X_disp_X_density,3.29865229984228e-05
raw_500m_density_interacted_event_study,rel_p2_X_disp,rel_p1_X_treated_X_disp_X_density,0.0003077819222583973
raw_500m_density_interacted_event_study,rel_p2_X_disp,rel_p2_X_treated,0.00017462505921003868
raw_500m_density_interacted_event_study,rel_p2_X_disp,rel_p2_X_disp,0.00018501578909864774
raw_500m_density_interacted_event_study,rel_p2_X_disp,rel_p2_X_treated_X_disp,-0.0001861512469080367
raw_500m_density_interacted_event_study,rel_p2_X_disp,rel_p2_X_density,-8.41138370526012e-06
raw_500m_density_interacted_event_study,rel_p2_X_disp,rel_p2_X_treated_X_density,-2.8569347183880353e-05
raw_500m_density_interacted_event_study,rel_p2_X_disp,rel_p2_X_disp_X_density,3.165803115343243e-05
raw_500m_density_interacted_event_study,rel_p2_X_disp,rel_p2_X_treated_X_disp_X_density,8.624114301768966e-06
raw_500m_density_interacted_event_study,rel_p2_X_disp,rel_p3_X_treated,1.209527362131815e-05
raw_500m_density_interacted_event_study,rel_p2_X_disp,rel_p3_X_disp,0.00012425673595541762
raw_500m_density_interacted_event_study,rel_p2_X_disp,rel_p3_X_treated_X_disp,-1.482945779500147e-05
raw_500m_density_interacted_event_study,rel_p2_X_disp,rel_p3_X_density,-1.0207873709034133e-05
raw_500m_density_interacted_event_study,rel_p2_X_disp,rel_p3_X_treated_X_density,-0.000101055120570324
raw_500m_density_interacted_event_study,rel_p2_X_disp,rel_p3_X_disp_X_density,6.933312134828061e-05
raw_500m_density_interacted_event_study,rel_p2_X_disp,rel_p3_X_treated_X_disp_X_density,0.00011188578134222904
raw_500m_density_interacted_event_study,rel_p2_X_disp,rel_p4_X_treated,9.654576995403203e-05
raw_500m_density_interacted_event_study,rel_p2_X_disp,rel_p4_X_disp,0.00010674520748387238
raw_500m_density_interacted_event_study,rel_p2_X_disp,rel_p4_X_treated_X_disp,-0.00010498890727737673
raw_500m_density_interacted_event_study,rel_p2_X_disp,rel_p4_X_density,2.9143012067571235e-05
raw_500m_density_interacted_event_study,rel_p2_X_disp,rel_p4_X_treated_X_density,-4.0381612153874756e-05
raw_500m_density_interacted_event_study,rel_p2_X_disp,rel_p4_X_disp_X_density,-1.731286263583332e-05
raw_500m_density_interacted_event_study,rel_p2_X_disp,rel_p4_X_treated_X_disp_X_density,5.238665711857901e-05
raw_500m_density_interacted_event_study,rel_p2_X_treated_X_disp,rel_m4_X_treated,-4.189191700697607e-05
raw_500m_density_interacted_event_study,rel_p2_X_treated_X_disp,rel_m4_X_disp,-0.00010206037114501451
raw_500m_density_interacted_event_study,rel_p2_X_treated_X_disp,rel_m4_X_treated_X_disp,0.00031380421920404006
raw_500m_density_interacted_event_study,rel_p2_X_treated_X_disp,rel_m4_X_density,2.7267048118927156e-05
raw_500m_density_interacted_event_study,rel_p2_X_treated_X_disp,rel_m4_X_treated_X_density,-8.904996103348624e-05
raw_500m_density_interacted_event_study,rel_p2_X_treated_X_disp,rel_m4_X_disp_X_density,-0.00012115501619514878
raw_500m_density_interacted_event_study,rel_p2_X_treated_X_disp,rel_m4_X_treated_X_disp_X_density,0.0002449124674856452
raw_500m_density_interacted_event_study,rel_p2_X_treated_X_disp,rel_m3_X_treated,-0.0002646555620216739
raw_500m_density_interacted_event_study,rel_p2_X_treated_X_disp,rel_m3_X_disp,-1.1209561412246214e-05
raw_500m_density_interacted_event_study,rel_p2_X_treated_X_disp,rel_m3_X_treated_X_disp,0.0004639882329701967
raw_500m_density_interacted_event_study,rel_p2_X_treated_X_disp,rel_m3_X_density,-5.948019796398811e-05
raw_500m_density_interacted_event_study,rel_p2_X_treated_X_disp,rel_m3_X_treated_X_density,-0.00012866034209773578
raw_500m_density_interacted_event_study,rel_p2_X_treated_X_disp,rel_m3_X_disp_X_density,1.2035714391917268e-05
raw_500m_density_interacted_event_study,rel_p2_X_treated_X_disp,rel_m3_X_treated_X_disp_X_density,0.00048473501703381416
raw_500m_density_interacted_event_study,rel_p2_X_treated_X_disp,rel_m2_X_treated,-9.931525228469785e-05
raw_500m_density_interacted_event_study,rel_p2_X_treated_X_disp,rel_m2_X_disp,3.6660018273347505e-06
raw_500m_density_interacted_event_study,rel_p2_X_treated_X_disp,rel_m2_X_treated_X_disp,0.00014280020417824856
raw_500m_density_interacted_event_study,rel_p2_X_treated_X_disp,rel_m2_X_density,3.046655076834232e-06
raw_500m_density_interacted_event_study,rel_p2_X_treated_X_disp,rel_m2_X_treated_X_density,0.00012171733044051271
raw_500m_density_interacted_event_study,rel_p2_X_treated_X_disp,rel_m2_X_disp_X_density,-0.0001357507874306461
raw_500m_density_interacted_event_study,rel_p2_X_treated_X_disp,rel_m2_X_treated_X_disp_X_density,-9.822737087367076e-06
raw_500m_density_interacted_event_study,rel_p2_X_treated_X_disp,rel_p1_X_treated,-0.00020981639206285344
raw_500m_density_interacted_event_study,rel_p2_X_treated_X_disp,rel_p1_X_disp,-0.00011342952967909879
raw_500m_density_interacted_event_study,rel_p2_X_treated_X_disp,rel_p1_X_treated_X_disp,0.00034461933177837626
raw_500m_density_interacted_event_study,rel_p2_X_treated_X_disp,rel_p1_X_density,2.7094222355674226e-05
raw_500m_density_interacted_event_study,rel_p2_X_treated_X_disp,rel_p1_X_treated_X_density,0.0005115012058291221
raw_500m_density_interacted_event_study,rel_p2_X_treated_X_disp,rel_p1_X_disp_X_density,-9.92194313908274e-05
raw_500m_density_interacted_event_study,rel_p2_X_treated_X_disp,rel_p1_X_treated_X_disp_X_density,-0.00010722915973122751
raw_500m_density_interacted_event_study,rel_p2_X_treated_X_disp,rel_p2_X_treated,-0.00044976049270480426
raw_500m_density_interacted_event_study,rel_p2_X_treated_X_disp,rel_p2_X_disp,-0.00018615124690803635
raw_500m_density_interacted_event_study,rel_p2_X_treated_X_disp,rel_p2_X_treated_X_disp,0.0006217869282215425
raw_500m_density_interacted_event_study,rel_p2_X_treated_X_disp,rel_p2_X_density,1.004758395605219e-05
raw_500m_density_interacted_event_study,rel_p2_X_treated_X_disp,rel_p2_X_treated_X_density,0.00011004699354877233
raw_500m_density_interacted_event_study,rel_p2_X_treated_X_disp,rel_p2_X_disp_X_density,-0.00010238267892874681
raw_500m_density_interacted_event_study,rel_p2_X_treated_X_disp,rel_p2_X_treated_X_disp_X_density,1.2826414298186268e-05
raw_500m_density_interacted_event_study,rel_p2_X_treated_X_disp,rel_p3_X_treated,-0.00030537696037624104
raw_500m_density_interacted_event_study,rel_p2_X_treated_X_disp,rel_p3_X_disp,-0.0001813687756982323
raw_500m_density_interacted_event_study,rel_p2_X_treated_X_disp,rel_p3_X_treated_X_disp,0.0003498105050121413
raw_500m_density_interacted_event_study,rel_p2_X_treated_X_disp,rel_p3_X_density,2.6772506587657166e-05
raw_500m_density_interacted_event_study,rel_p2_X_treated_X_disp,rel_p3_X_treated_X_density,0.0001257139290054621
raw_500m_density_interacted_event_study,rel_p2_X_treated_X_disp,rel_p3_X_disp_X_density,-0.00015138462509550003
raw_500m_density_interacted_event_study,rel_p2_X_treated_X_disp,rel_p3_X_treated_X_disp_X_density,-7.10666824142507e-05
raw_500m_density_interacted_event_study,rel_p2_X_treated_X_disp,rel_p4_X_treated,-0.00025365599247508626
raw_500m_density_interacted_event_study,rel_p2_X_treated_X_disp,rel_p4_X_disp,-6.251712206801714e-05
raw_500m_density_interacted_event_study,rel_p2_X_treated_X_disp,rel_p4_X_treated_X_disp,0.0002724822840580916
raw_500m_density_interacted_event_study,rel_p2_X_treated_X_disp,rel_p4_X_density,-5.972087999609509e-05
raw_500m_density_interacted_event_study,rel_p2_X_treated_X_disp,rel_p4_X_treated_X_density,9.161886322852867e-06
raw_500m_density_interacted_event_study,rel_p2_X_treated_X_disp,rel_p4_X_disp_X_density,4.702545232069836e-06
raw_500m_density_interacted_event_study,rel_p2_X_treated_X_disp,rel_p4_X_treated_X_disp_X_density,2.277024500910983e-05
raw_500m_density_interacted_event_study,rel_p2_X_density,rel_m4_X_treated,3.9325920193302965e-05
raw_500m_density_interacted_event_study,rel_p2_X_density,rel_m4_X_disp,2.9416268236937407e-05
raw_500m_density_interacted_event_study,rel_p2_X_density,rel_m4_X_treated_X_disp,-2.9585581417147082e-05
raw_500m_density_interacted_event_study,rel_p2_X_density,rel_m4_X_density,4.3562755289910876e-05
raw_500m_density_interacted_event_study,rel_p2_X_density,rel_m4_X_treated_X_density,1.4672377971714126e-05
raw_500m_density_interacted_event_study,rel_p2_X_density,rel_m4_X_disp_X_density,-5.5322244330812056e-05
raw_500m_density_interacted_event_study,rel_p2_X_density,rel_m4_X_treated_X_disp_X_density,6.117054522025062e-05
raw_500m_density_interacted_event_study,rel_p2_X_density,rel_m3_X_treated,9.893306576895553e-05
raw_500m_density_interacted_event_study,rel_p2_X_density,rel_m3_X_disp,2.5329764291103724e-05
raw_500m_density_interacted_event_study,rel_p2_X_density,rel_m3_X_treated_X_disp,-9.192159084718397e-05
raw_500m_density_interacted_event_study,rel_p2_X_density,rel_m3_X_density,3.2279324942485266e-05
raw_500m_density_interacted_event_study,rel_p2_X_density,rel_m3_X_treated_X_density,-5.122064235317892e-06
raw_500m_density_interacted_event_study,rel_p2_X_density,rel_m3_X_disp_X_density,-4.523762118830813e-05
raw_500m_density_interacted_event_study,rel_p2_X_density,rel_m3_X_treated_X_disp_X_density,5.417057114527344e-06
raw_500m_density_interacted_event_study,rel_p2_X_density,rel_m2_X_treated,2.8669072036916077e-05
raw_500m_density_interacted_event_study,rel_p2_X_density,rel_m2_X_disp,1.3908744490032943e-05
raw_500m_density_interacted_event_study,rel_p2_X_density,rel_m2_X_treated_X_disp,4.039909136608031e-06
raw_500m_density_interacted_event_study,rel_p2_X_density,rel_m2_X_density,4.458852641445131e-05
raw_500m_density_interacted_event_study,rel_p2_X_density,rel_m2_X_treated_X_density,8.248471780566536e-06
raw_500m_density_interacted_event_study,rel_p2_X_density,rel_m2_X_disp_X_density,-5.84837664377833e-05
raw_500m_density_interacted_event_study,rel_p2_X_density,rel_m2_X_treated_X_disp_X_density,7.578105441945031e-05
raw_500m_density_interacted_event_study,rel_p2_X_density,rel_p1_X_treated,0.00010510497696999072
raw_500m_density_interacted_event_study,rel_p2_X_density,rel_p1_X_disp,3.0267284594656086e-05
raw_500m_density_interacted_event_study,rel_p2_X_density,rel_p1_X_treated_X_disp,-8.752346729716904e-05
raw_500m_density_interacted_event_study,rel_p2_X_density,rel_p1_X_density,4.392404918397645e-05
raw_500m_density_interacted_event_study,rel_p2_X_density,rel_p1_X_treated_X_density,5.596952127997302e-05
raw_500m_density_interacted_event_study,rel_p2_X_density,rel_p1_X_disp_X_density,-7.930870014072939e-05
raw_500m_density_interacted_event_study,rel_p2_X_density,rel_p1_X_treated_X_disp_X_density,9.713734063760638e-06
raw_500m_density_interacted_event_study,rel_p2_X_density,rel_p2_X_treated,-1.6344944386674003e-05
raw_500m_density_interacted_event_study,rel_p2_X_density,rel_p2_X_disp,-8.411383705260122e-06
raw_500m_density_interacted_event_study,rel_p2_X_density,rel_p2_X_treated_X_disp,1.0047583956052122e-05
raw_500m_density_interacted_event_study,rel_p2_X_density,rel_p2_X_density,7.53163036818932e-05
raw_500m_density_interacted_event_study,rel_p2_X_density,rel_p2_X_treated_X_density,-8.322161716528946e-05
raw_500m_density_interacted_event_study,rel_p2_X_density,rel_p2_X_disp_X_density,-7.94085354769703e-05
raw_500m_density_interacted_event_study,rel_p2_X_density,rel_p2_X_treated_X_disp_X_density,0.00010346857902702223
raw_500m_density_interacted_event_study,rel_p2_X_density,rel_p3_X_treated,0.00011153089094445731
raw_500m_density_interacted_event_study,rel_p2_X_density,rel_p3_X_disp,5.4122072866651475e-05
raw_500m_density_interacted_event_study,rel_p2_X_density,rel_p3_X_treated_X_disp,-9.096033293310903e-05
raw_500m_density_interacted_event_study,rel_p2_X_density,rel_p3_X_density,3.562105780500584e-05
raw_500m_density_interacted_event_study,rel_p2_X_density,rel_p3_X_treated_X_density,-2.3384243861342065e-06
raw_500m_density_interacted_event_study,rel_p2_X_density,rel_p3_X_disp_X_density,-6.424114319115867e-05
raw_500m_density_interacted_event_study,rel_p2_X_density,rel_p3_X_treated_X_disp_X_density,3.5765601462844963e-05
raw_500m_density_interacted_event_study,rel_p2_X_density,rel_p4_X_treated,-1.3397522698305558e-05
raw_500m_density_interacted_event_study,rel_p2_X_density,rel_p4_X_disp,5.136672327924333e-05
raw_500m_density_interacted_event_study,rel_p2_X_density,rel_p4_X_treated_X_disp,-9.106888851349837e-06
raw_500m_density_interacted_event_study,rel_p2_X_density,rel_p4_X_density,0.00010845800094236545
raw_500m_density_interacted_event_study,rel_p2_X_density,rel_p4_X_treated_X_density,-0.0001709201556517575
raw_500m_density_interacted_event_study,rel_p2_X_density,rel_p4_X_disp_X_density,-0.00011252161898976613
raw_500m_density_interacted_event_study,rel_p2_X_density,rel_p4_X_treated_X_disp_X_density,0.0002443762126669783
raw_500m_density_interacted_event_study,rel_p2_X_treated_X_density,rel_m4_X_treated,0.00010898912323086362
raw_500m_density_interacted_event_study,rel_p2_X_treated_X_density,rel_m4_X_disp,9.902009195173026e-05
raw_500m_density_interacted_event_study,rel_p2_X_treated_X_density,rel_m4_X_treated_X_disp,-0.0002252192768739711
raw_500m_density_interacted_event_study,rel_p2_X_treated_X_density,rel_m4_X_density,-4.72910428335048e-06
raw_500m_density_interacted_event_study,rel_p2_X_treated_X_density,rel_m4_X_treated_X_density,1.8114287541378528e-05
raw_500m_density_interacted_event_study,rel_p2_X_treated_X_density,rel_m4_X_disp_X_density,9.685710720099503e-05
raw_500m_density_interacted_event_study,rel_p2_X_treated_X_density,rel_m4_X_treated_X_disp_X_density,-0.00036967815118213644
raw_500m_density_interacted_event_study,rel_p2_X_treated_X_density,rel_m3_X_treated,-9.465181690192482e-05
raw_500m_density_interacted_event_study,rel_p2_X_treated_X_density,rel_m3_X_disp,-1.8965646949435577e-05
raw_500m_density_interacted_event_study,rel_p2_X_treated_X_density,rel_m3_X_treated_X_disp,-0.00017121536008928698
raw_500m_density_interacted_event_study,rel_p2_X_treated_X_density,rel_m3_X_density,-1.1232980167853552e-05
raw_500m_density_interacted_event_study,rel_p2_X_treated_X_density,rel_m3_X_treated_X_density,0.0013621252663091976
raw_500m_density_interacted_event_study,rel_p2_X_treated_X_density,rel_m3_X_disp_X_density,6.40733883211288e-05
raw_500m_density_interacted_event_study,rel_p2_X_treated_X_density,rel_m3_X_treated_X_disp_X_density,-0.0007202320336374168
raw_500m_density_interacted_event_study,rel_p2_X_treated_X_density,rel_m2_X_treated,5.1498986263426445e-05
raw_500m_density_interacted_event_study,rel_p2_X_treated_X_density,rel_m2_X_disp,3.514116784755192e-06
raw_500m_density_interacted_event_study,rel_p2_X_treated_X_density,rel_m2_X_treated_X_disp,-4.552788338266781e-05
raw_500m_density_interacted_event_study,rel_p2_X_treated_X_density,rel_m2_X_density,-2.5578421312260034e-05
raw_500m_density_interacted_event_study,rel_p2_X_treated_X_density,rel_m2_X_treated_X_density,0.0010339119816090005
raw_500m_density_interacted_event_study,rel_p2_X_treated_X_density,rel_m2_X_disp_X_density,7.630711679576564e-05
raw_500m_density_interacted_event_study,rel_p2_X_treated_X_density,rel_m2_X_treated_X_disp_X_density,-0.001260822428820109
raw_500m_density_interacted_event_study,rel_p2_X_treated_X_density,rel_p1_X_treated,-0.0003375891333407361
raw_500m_density_interacted_event_study,rel_p2_X_treated_X_density,rel_p1_X_disp,1.8846571903617077e-05
raw_500m_density_interacted_event_study,rel_p2_X_treated_X_density,rel_p1_X_treated_X_disp,0.00015675781853029974
raw_500m_density_interacted_event_study,rel_p2_X_treated_X_density,rel_p1_X_density,-9.866679672823675e-05
raw_500m_density_interacted_event_study,rel_p2_X_treated_X_density,rel_p1_X_treated_X_density,0.00175306846069808
raw_500m_density_interacted_event_study,rel_p2_X_treated_X_density,rel_p1_X_disp_X_density,0.00017214639224098823
raw_500m_density_interacted_event_study,rel_p2_X_treated_X_density,rel_p1_X_treated_X_disp_X_density,-0.0012378503552974447
raw_500m_density_interacted_event_study,rel_p2_X_treated_X_density,rel_p2_X_treated,-0.0002613605451089684
raw_500m_density_interacted_event_study,rel_p2_X_treated_X_density,rel_p2_X_disp,-2.8569347183880952e-05
raw_500m_density_interacted_event_study,rel_p2_X_treated_X_density,rel_p2_X_treated_X_disp,0.00011004699354877157
raw_500m_density_interacted_event_study,rel_p2_X_treated_X_density,rel_p2_X_density,-8.322161716528942e-05
raw_500m_density_interacted_event_study,rel_p2_X_treated_X_density,rel_p2_X_treated_X_density,0.002144498009877638
raw_500m_density_interacted_event_study,rel_p2_X_treated_X_density,rel_p2_X_disp_X_density,0.00018679876882649686
raw_500m_density_interacted_event_study,rel_p2_X_treated_X_density,rel_p2_X_treated_X_disp_X_density,-0.0019243091464066912
raw_500m_density_interacted_event_study,rel_p2_X_treated_X_density,rel_p3_X_treated,-0.0005574239041383104
raw_500m_density_interacted_event_study,rel_p2_X_treated_X_density,rel_p3_X_disp,-0.00013006475383508967
raw_500m_density_interacted_event_study,rel_p2_X_treated_X_density,rel_p3_X_treated_X_disp,0.0004831542523481994
raw_500m_density_interacted_event_study,rel_p2_X_treated_X_density,rel_p3_X_density,-0.00014169241890592228
raw_500m_density_interacted_event_study,rel_p2_X_treated_X_density,rel_p3_X_treated_X_density,0.0015780966740450162
raw_500m_density_interacted_event_study,rel_p2_X_treated_X_density,rel_p3_X_disp_X_density,0.000205632892346853
raw_500m_density_interacted_event_study,rel_p2_X_treated_X_density,rel_p3_X_treated_X_disp_X_density,-0.0015245300063900528
raw_500m_density_interacted_event_study,rel_p2_X_treated_X_density,rel_p4_X_treated,-6.837368942851401e-05
raw_500m_density_interacted_event_study,rel_p2_X_treated_X_density,rel_p4_X_disp,-6.23762549529794e-05
raw_500m_density_interacted_event_study,rel_p2_X_treated_X_density,rel_p4_X_treated_X_disp,0.00018597216510454076
raw_500m_density_interacted_event_study,rel_p2_X_treated_X_density,rel_p4_X_density,-0.000205186518523312
raw_500m_density_interacted_event_study,rel_p2_X_treated_X_density,rel_p4_X_treated_X_density,0.0014814645357437931
raw_500m_density_interacted_event_study,rel_p2_X_treated_X_density,rel_p4_X_disp_X_density,0.00023098628651231686
raw_500m_density_interacted_event_study,rel_p2_X_treated_X_density,rel_p4_X_treated_X_disp_X_density,-0.001716979484323447
raw_500m_density_interacted_event_study,rel_p2_X_disp_X_density,rel_m4_X_treated,-4.084622137086288e-05
raw_500m_density_interacted_event_study,rel_p2_X_disp_X_density,rel_m4_X_disp,2.242039576862014e-05
raw_500m_density_interacted_event_study,rel_p2_X_disp_X_density,rel_m4_X_treated_X_disp,-5.561903264963926e-05
raw_500m_density_interacted_event_study,rel_p2_X_disp_X_density,rel_m4_X_density,-4.449904634126186e-05
raw_500m_density_interacted_event_study,rel_p2_X_disp_X_density,rel_m4_X_treated_X_density,-8.140101242423005e-05
raw_500m_density_interacted_event_study,rel_p2_X_disp_X_density,rel_m4_X_disp_X_density,0.00010303124222720731
raw_500m_density_interacted_event_study,rel_p2_X_disp_X_density,rel_m4_X_treated_X_disp_X_density,-9.855972863263149e-05
raw_500m_density_interacted_event_study,rel_p2_X_disp_X_density,rel_m3_X_treated,-3.8654042268647464e-05
raw_500m_density_interacted_event_study,rel_p2_X_disp_X_density,rel_m3_X_disp,2.135873382524604e-05
raw_500m_density_interacted_event_study,rel_p2_X_disp_X_density,rel_m3_X_treated_X_disp,-6.369862940326926e-05
raw_500m_density_interacted_event_study,rel_p2_X_disp_X_density,rel_m3_X_density,-1.9799024492930377e-05
raw_500m_density_interacted_event_study,rel_p2_X_disp_X_density,rel_m3_X_treated_X_density,7.160467858988661e-05
raw_500m_density_interacted_event_study,rel_p2_X_disp_X_density,rel_m3_X_disp_X_density,6.747569194848557e-05
raw_500m_density_interacted_event_study,rel_p2_X_disp_X_density,rel_m3_X_treated_X_disp_X_density,-0.000138011054241659
raw_500m_density_interacted_event_study,rel_p2_X_disp_X_density,rel_m2_X_treated,-7.257594620214493e-05
raw_500m_density_interacted_event_study,rel_p2_X_disp_X_density,rel_m2_X_disp,2.4674752878927314e-05
raw_500m_density_interacted_event_study,rel_p2_X_disp_X_density,rel_m2_X_treated_X_disp,1.6106036698361955e-06
raw_500m_density_interacted_event_study,rel_p2_X_disp_X_density,rel_m2_X_density,-4.626366004028417e-05
raw_500m_density_interacted_event_study,rel_p2_X_disp_X_density,rel_m2_X_treated_X_density,-0.00015837623146349825
raw_500m_density_interacted_event_study,rel_p2_X_disp_X_density,rel_m2_X_disp_X_density,0.00011038865130352988
raw_500m_density_interacted_event_study,rel_p2_X_disp_X_density,rel_m2_X_treated_X_disp_X_density,-8.53456714338483e-06
raw_500m_density_interacted_event_study,rel_p2_X_disp_X_density,rel_p1_X_treated,-0.00014384060410704334
raw_500m_density_interacted_event_study,rel_p2_X_disp_X_density,rel_p1_X_disp,2.116045625540083e-05
raw_500m_density_interacted_event_study,rel_p2_X_disp_X_density,rel_p1_X_treated_X_disp,2.2001188898092218e-05
raw_500m_density_interacted_event_study,rel_p2_X_disp_X_density,rel_p1_X_density,-6.0292308253546106e-05
raw_500m_density_interacted_event_study,rel_p2_X_disp_X_density,rel_p1_X_treated_X_density,-0.00012799097183467068
raw_500m_density_interacted_event_study,rel_p2_X_disp_X_density,rel_p1_X_disp_X_density,0.00014303552417098276
raw_500m_density_interacted_event_study,rel_p2_X_disp_X_density,rel_p1_X_treated_X_disp_X_density,-0.00011698159084863636
raw_500m_density_interacted_event_study,rel_p2_X_disp_X_density,rel_p2_X_treated,6.485309244159717e-05
raw_500m_density_interacted_event_study,rel_p2_X_disp_X_density,rel_p2_X_disp,3.165803115343239e-05
raw_500m_density_interacted_event_study,rel_p2_X_disp_X_density,rel_p2_X_treated_X_disp,-0.00010238267892874673
raw_500m_density_interacted_event_study,rel_p2_X_disp_X_density,rel_p2_X_density,-7.940853547697012e-05
raw_500m_density_interacted_event_study,rel_p2_X_disp_X_density,rel_p2_X_treated_X_density,0.00018679876882649754
raw_500m_density_interacted_event_study,rel_p2_X_disp_X_density,rel_p2_X_disp_X_density,0.0001431980750572953
raw_500m_density_interacted_event_study,rel_p2_X_disp_X_density,rel_p2_X_treated_X_disp_X_density,-0.00024386468050282796
raw_500m_density_interacted_event_study,rel_p2_X_disp_X_density,rel_p3_X_treated,-8.052447993740745e-05
raw_500m_density_interacted_event_study,rel_p2_X_disp_X_density,rel_p3_X_disp,-3.13909166997751e-05
raw_500m_density_interacted_event_study,rel_p2_X_disp_X_density,rel_p3_X_treated_X_disp,6.0542866755672265e-05
raw_500m_density_interacted_event_study,rel_p2_X_disp_X_density,rel_p3_X_density,-5.218012203168556e-05
raw_500m_density_interacted_event_study,rel_p2_X_disp_X_density,rel_p3_X_treated_X_density,9.279880914026575e-05
raw_500m_density_interacted_event_study,rel_p2_X_disp_X_density,rel_p3_X_disp_X_density,0.00011929394999946382
raw_500m_density_interacted_event_study,rel_p2_X_disp_X_density,rel_p3_X_treated_X_disp_X_density,-0.00011274233611295588
raw_500m_density_interacted_event_study,rel_p2_X_disp_X_density,rel_p4_X_treated,3.650787915886447e-05
raw_500m_density_interacted_event_study,rel_p2_X_disp_X_density,rel_p4_X_disp,-2.0496856449946497e-05
raw_500m_density_interacted_event_study,rel_p2_X_disp_X_density,rel_p4_X_treated_X_disp,-4.626404907481022e-05
raw_500m_density_interacted_event_study,rel_p2_X_disp_X_density,rel_p4_X_density,-0.00010201678403530843
raw_500m_density_interacted_event_study,rel_p2_X_disp_X_density,rel_p4_X_treated_X_density,0.00022152204311878148
raw_500m_density_interacted_event_study,rel_p2_X_disp_X_density,rel_p4_X_disp_X_density,0.00013153832658562183
raw_500m_density_interacted_event_study,rel_p2_X_disp_X_density,rel_p4_X_treated_X_disp_X_density,-0.0003723749169593383
raw_500m_density_interacted_event_study,rel_p2_X_treated_X_disp_X_density,rel_m4_X_treated,-3.396976921177062e-05
raw_500m_density_interacted_event_study,rel_p2_X_treated_X_disp_X_density,rel_m4_X_disp,3.1879689758341255e-05
raw_500m_density_interacted_event_study,rel_p2_X_treated_X_disp_X_density,rel_m4_X_treated_X_disp,0.00019284158220624507
raw_500m_density_interacted_event_study,rel_p2_X_treated_X_disp_X_density,rel_m4_X_density,7.245261108798568e-05
raw_500m_density_interacted_event_study,rel_p2_X_treated_X_disp_X_density,rel_m4_X_treated_X_density,-5.9400625901190774e-05
raw_500m_density_interacted_event_study,rel_p2_X_treated_X_disp_X_density,rel_m4_X_disp_X_density,-0.0001795043723765688
raw_500m_density_interacted_event_study,rel_p2_X_treated_X_disp_X_density,rel_m4_X_treated_X_disp_X_density,0.0008435189755456623
raw_500m_density_interacted_event_study,rel_p2_X_treated_X_disp_X_density,rel_m3_X_treated,-0.00010621129092692122
raw_500m_density_interacted_event_study,rel_p2_X_treated_X_disp_X_density,rel_m3_X_disp,0.00014236890596232244
raw_500m_density_interacted_event_study,rel_p2_X_treated_X_disp_X_density,rel_m3_X_treated_X_disp,0.0003484279126567935
raw_500m_density_interacted_event_study,rel_p2_X_treated_X_disp_X_density,rel_m3_X_density,3.8482208355301906e-05
raw_500m_density_interacted_event_study,rel_p2_X_treated_X_disp_X_density,rel_m3_X_treated_X_density,-0.0010652592039648726
raw_500m_density_interacted_event_study,rel_p2_X_treated_X_disp_X_density,rel_m3_X_disp_X_density,-0.0001851723857954675
raw_500m_density_interacted_event_study,rel_p2_X_treated_X_disp_X_density,rel_m3_X_treated_X_disp_X_density,0.0010226438050182569
raw_500m_density_interacted_event_study,rel_p2_X_treated_X_disp_X_density,rel_m2_X_treated,-6.322182661101535e-05
raw_500m_density_interacted_event_study,rel_p2_X_treated_X_disp_X_density,rel_m2_X_disp,3.380869332726066e-05
raw_500m_density_interacted_event_study,rel_p2_X_treated_X_disp_X_density,rel_m2_X_treated_X_disp,7.362149673422051e-05
raw_500m_density_interacted_event_study,rel_p2_X_treated_X_disp_X_density,rel_m2_X_density,1.6766025642105445e-05
raw_500m_density_interacted_event_study,rel_p2_X_treated_X_disp_X_density,rel_m2_X_treated_X_density,-0.0009334699366898003
raw_500m_density_interacted_event_study,rel_p2_X_treated_X_disp_X_density,rel_m2_X_disp_X_density,-0.00011858687168252245
raw_500m_density_interacted_event_study,rel_p2_X_treated_X_disp_X_density,rel_m2_X_treated_X_disp_X_density,0.0015782970181070176
raw_500m_density_interacted_event_study,rel_p2_X_treated_X_disp_X_density,rel_p1_X_treated,0.00029793602459774745
raw_500m_density_interacted_event_study,rel_p2_X_treated_X_disp_X_density,rel_p1_X_disp,0.00012099971457029345
raw_500m_density_interacted_event_study,rel_p2_X_treated_X_disp_X_density,rel_p1_X_treated_X_disp,-2.1381855021121186e-05
raw_500m_density_interacted_event_study,rel_p2_X_treated_X_disp_X_density,rel_p1_X_density,0.00013018350874915226
raw_500m_density_interacted_event_study,rel_p2_X_treated_X_disp_X_density,rel_p1_X_treated_X_density,-0.0013214111120844222
raw_500m_density_interacted_event_study,rel_p2_X_treated_X_disp_X_density,rel_p1_X_disp_X_density,-0.0003076781016739937
raw_500m_density_interacted_event_study,rel_p2_X_treated_X_disp_X_density,rel_p1_X_treated_X_disp_X_density,0.0011558403117317413
raw_500m_density_interacted_event_study,rel_p2_X_treated_X_disp_X_density,rel_p2_X_treated,0.00020291621432035745
raw_500m_density_interacted_event_study,rel_p2_X_treated_X_disp_X_density,rel_p2_X_disp,8.62411430176959e-06
raw_500m_density_interacted_event_study,rel_p2_X_treated_X_disp_X_density,rel_p2_X_treated_X_disp,1.2826414298184244e-05
raw_500m_density_interacted_event_study,rel_p2_X_treated_X_disp_X_density,rel_p2_X_density,0.0001034685790270225
raw_500m_density_interacted_event_study,rel_p2_X_treated_X_disp_X_density,rel_p2_X_treated_X_density,-0.0019243091464066927
raw_500m_density_interacted_event_study,rel_p2_X_treated_X_disp_X_density,rel_p2_X_disp_X_density,-0.0002438646805028277
raw_500m_density_interacted_event_study,rel_p2_X_treated_X_disp_X_density,rel_p2_X_treated_X_disp_X_density,0.0023426042647371427
raw_500m_density_interacted_event_study,rel_p2_X_treated_X_disp_X_density,rel_p3_X_treated,0.0002881694273181557
raw_500m_density_interacted_event_study,rel_p2_X_treated_X_disp_X_density,rel_p3_X_disp,9.290043372632728e-05
raw_500m_density_interacted_event_study,rel_p2_X_treated_X_disp_X_density,rel_p3_X_treated_X_disp,-0.00014283571874430204
raw_500m_density_interacted_event_study,rel_p2_X_treated_X_disp_X_density,rel_p3_X_density,0.00011658366983538001
raw_500m_density_interacted_event_study,rel_p2_X_treated_X_disp_X_density,rel_p3_X_treated_X_density,-0.0013681935440843433
raw_500m_density_interacted_event_study,rel_p2_X_treated_X_disp_X_density,rel_p3_X_disp_X_density,-0.00022349546454204149
raw_500m_density_interacted_event_study,rel_p2_X_treated_X_disp_X_density,rel_p3_X_treated_X_disp_X_density,0.001163502320033419
raw_500m_density_interacted_event_study,rel_p2_X_treated_X_disp_X_density,rel_p4_X_treated,6.377975412679874e-05
raw_500m_density_interacted_event_study,rel_p2_X_treated_X_disp_X_density,rel_p4_X_disp,0.00020007479737810466
raw_500m_density_interacted_event_study,rel_p2_X_treated_X_disp_X_density,rel_p4_X_treated_X_disp,-0.00011584329411429151
raw_500m_density_interacted_event_study,rel_p2_X_treated_X_disp_X_density,rel_p4_X_density,0.0002599899548263795
raw_500m_density_interacted_event_study,rel_p2_X_treated_X_disp_X_density,rel_p4_X_treated_X_density,-0.0012356556909569286
raw_500m_density_interacted_event_study,rel_p2_X_treated_X_disp_X_density,rel_p4_X_disp_X_density,-0.00032789270613374055
raw_500m_density_interacted_event_study,rel_p2_X_treated_X_disp_X_density,rel_p4_X_treated_X_disp_X_density,0.0016633017824746956
raw_500m_density_interacted_event_study,rel_p3_X_treated,rel_m4_X_treated,0.0001764955795360446
raw_500m_density_interacted_event_study,rel_p3_X_treated,rel_m4_X_disp,2.9012158243429485e-05
raw_500m_density_interacted_event_study,rel_p3_X_treated,rel_m4_X_treated_X_disp,-0.0002894537385972904
raw_500m_density_interacted_event_study,rel_p3_X_treated,rel_m4_X_density,5.9376236629095464e-05
raw_500m_density_interacted_event_study,rel_p3_X_treated,rel_m4_X_treated_X_density,7.108104790982733e-05
raw_500m_density_interacted_event_study,rel_p3_X_treated,rel_m4_X_disp_X_density,-4.2588596289420814e-05
raw_500m_density_interacted_event_study,rel_p3_X_treated,rel_m4_X_treated_X_disp_X_density,1.6963720417150418e-06
raw_500m_density_interacted_event_study,rel_p3_X_treated,rel_m3_X_treated,0.0005415764775580186
raw_500m_density_interacted_event_study,rel_p3_X_treated,rel_m3_X_disp,3.40713370352435e-05
raw_500m_density_interacted_event_study,rel_p3_X_treated,rel_m3_X_treated_X_disp,-0.0005288818026052649
raw_500m_density_interacted_event_study,rel_p3_X_treated,rel_m3_X_density,7.219573075084888e-05
raw_500m_density_interacted_event_study,rel_p3_X_treated,rel_m3_X_treated_X_density,-5.12202527181764e-05
raw_500m_density_interacted_event_study,rel_p3_X_treated,rel_m3_X_disp_X_density,-8.071520154407057e-05
raw_500m_density_interacted_event_study,rel_p3_X_treated,rel_m3_X_treated_X_disp_X_density,-0.0003143179362200411
raw_500m_density_interacted_event_study,rel_p3_X_treated,rel_m2_X_treated,0.00024891388724424885
raw_500m_density_interacted_event_study,rel_p3_X_treated,rel_m2_X_disp,5.392746521799578e-05
raw_500m_density_interacted_event_study,rel_p3_X_treated,rel_m2_X_treated_X_disp,-0.0001884775451607038
raw_500m_density_interacted_event_study,rel_p3_X_treated,rel_m2_X_density,0.0001377429489756087
raw_500m_density_interacted_event_study,rel_p3_X_treated,rel_m2_X_treated_X_density,-0.00016616024288848948
raw_500m_density_interacted_event_study,rel_p3_X_treated,rel_m2_X_disp_X_density,-0.00010513340199518108
raw_500m_density_interacted_event_study,rel_p3_X_treated,rel_m2_X_treated_X_disp_X_density,0.0003038846380035172
raw_500m_density_interacted_event_study,rel_p3_X_treated,rel_p1_X_treated,0.0006916986660497741
raw_500m_density_interacted_event_study,rel_p3_X_treated,rel_p1_X_disp,9.445416847444625e-05
raw_500m_density_interacted_event_study,rel_p3_X_treated,rel_p1_X_treated_X_disp,-0.0007132823494218824
raw_500m_density_interacted_event_study,rel_p3_X_treated,rel_p1_X_density,0.00011808324669959264
raw_500m_density_interacted_event_study,rel_p3_X_treated,rel_p1_X_treated_X_density,8.119857882469011e-05
raw_500m_density_interacted_event_study,rel_p3_X_treated,rel_p1_X_disp_X_density,-0.00013704956518957812
raw_500m_density_interacted_event_study,rel_p3_X_treated,rel_p1_X_treated_X_disp_X_density,-0.0002802766711280927
raw_500m_density_interacted_event_study,rel_p3_X_treated,rel_p2_X_treated,0.00021271317084495364
raw_500m_density_interacted_event_study,rel_p3_X_treated,rel_p2_X_disp,1.2095273621317958e-05
raw_500m_density_interacted_event_study,rel_p3_X_treated,rel_p2_X_treated_X_disp,-0.0003053769603762418
raw_500m_density_interacted_event_study,rel_p3_X_treated,rel_p2_X_density,0.00011153089094445756
raw_500m_density_interacted_event_study,rel_p3_X_treated,rel_p2_X_treated_X_density,-0.0005574239041383124
raw_500m_density_interacted_event_study,rel_p3_X_treated,rel_p2_X_disp_X_density,-8.052447993740785e-05
raw_500m_density_interacted_event_study,rel_p3_X_treated,rel_p2_X_treated_X_disp_X_density,0.0002881694273181555
raw_500m_density_interacted_event_study,rel_p3_X_treated,rel_p3_X_treated,0.0008334729813816137
raw_500m_density_interacted_event_study,rel_p3_X_treated,rel_p3_X_disp,0.00024980750865619453
raw_500m_density_interacted_event_study,rel_p3_X_treated,rel_p3_X_treated_X_disp,-0.0009142335354725148
raw_500m_density_interacted_event_study,rel_p3_X_treated,rel_p3_X_density,0.00010646573004557775
raw_500m_density_interacted_event_study,rel_p3_X_treated,rel_p3_X_treated_X_density,-0.00013096867473968356
raw_500m_density_interacted_event_study,rel_p3_X_treated,rel_p3_X_disp_X_density,-9.416248391715388e-05
raw_500m_density_interacted_event_study,rel_p3_X_treated,rel_p3_X_treated_X_disp_X_density,-0.00016330805792144287
raw_500m_density_interacted_event_study,rel_p3_X_treated,rel_p4_X_treated,3.691588729333431e-05
raw_500m_density_interacted_event_study,rel_p3_X_treated,rel_p4_X_disp,-1.7161217391746955e-05
raw_500m_density_interacted_event_study,rel_p3_X_treated,rel_p4_X_treated_X_disp,-6.53417557904659e-05
raw_500m_density_interacted_event_study,rel_p3_X_treated,rel_p4_X_density,0.0002454545881611027
raw_500m_density_interacted_event_study,rel_p3_X_treated,rel_p4_X_treated_X_density,-0.0007669974786421301
raw_500m_density_interacted_event_study,rel_p3_X_treated,rel_p4_X_disp_X_density,-0.0002180941319121089
raw_500m_density_interacted_event_study,rel_p3_X_treated,rel_p4_X_treated_X_disp_X_density,0.0007049666657577631
raw_500m_density_interacted_event_study,rel_p3_X_disp,rel_m4_X_treated,-1.0445693128887864e-05
raw_500m_density_interacted_event_study,rel_p3_X_disp,rel_m4_X_disp,5.1681070369638965e-05
raw_500m_density_interacted_event_study,rel_p3_X_disp,rel_m4_X_treated_X_disp,-6.310193289571272e-05
raw_500m_density_interacted_event_study,rel_p3_X_disp,rel_m4_X_density,2.2271612493673327e-05
raw_500m_density_interacted_event_study,rel_p3_X_disp,rel_m4_X_treated_X_density,-0.0001146953915696295
raw_500m_density_interacted_event_study,rel_p3_X_disp,rel_m4_X_disp_X_density,-7.442484142811682e-06
raw_500m_density_interacted_event_study,rel_p3_X_disp,rel_m4_X_treated_X_disp_X_density,6.348818121469287e-05
raw_500m_density_interacted_event_study,rel_p3_X_disp,rel_m3_X_treated,0.00010189936391761172
raw_500m_density_interacted_event_study,rel_p3_X_disp,rel_m3_X_disp,8.069979547879629e-05
raw_500m_density_interacted_event_study,rel_p3_X_disp,rel_m3_X_treated_X_disp,-0.00017905202207079587
raw_500m_density_interacted_event_study,rel_p3_X_disp,rel_m3_X_density,9.180469013466126e-05
raw_500m_density_interacted_event_study,rel_p3_X_disp,rel_m3_X_treated_X_density,-0.0001598042493097623
raw_500m_density_interacted_event_study,rel_p3_X_disp,rel_m3_X_disp_X_density,-7.929050810448502e-05
raw_500m_density_interacted_event_study,rel_p3_X_disp,rel_m3_X_treated_X_disp_X_density,-4.830468566645243e-05
raw_500m_density_interacted_event_study,rel_p3_X_disp,rel_m2_X_treated,-4.7593143277460246e-05
raw_500m_density_interacted_event_study,rel_p3_X_disp,rel_m2_X_disp,8.629825321730308e-05
raw_500m_density_interacted_event_study,rel_p3_X_disp,rel_m2_X_treated_X_disp,3.283691186344547e-05
raw_500m_density_interacted_event_study,rel_p3_X_disp,rel_m2_X_density,6.469960953296308e-05
raw_500m_density_interacted_event_study,rel_p3_X_disp,rel_m2_X_treated_X_density,-0.00044711031521199525
raw_500m_density_interacted_event_study,rel_p3_X_disp,rel_m2_X_disp_X_density,-2.2077824576874204e-05
raw_500m_density_interacted_event_study,rel_p3_X_disp,rel_m2_X_treated_X_disp_X_density,0.0003441963755180857
raw_500m_density_interacted_event_study,rel_p3_X_disp,rel_p1_X_treated,0.0001251682885183247
raw_500m_density_interacted_event_study,rel_p3_X_disp,rel_p1_X_disp,0.00011049652919568102
raw_500m_density_interacted_event_study,rel_p3_X_disp,rel_p1_X_treated_X_disp,-0.0001743986353570178
raw_500m_density_interacted_event_study,rel_p3_X_disp,rel_p1_X_density,5.1455923915990495e-05
raw_500m_density_interacted_event_study,rel_p3_X_disp,rel_p1_X_treated_X_density,-0.00036120260508892957
raw_500m_density_interacted_event_study,rel_p3_X_disp,rel_p1_X_disp_X_density,-6.347599935941701e-05
raw_500m_density_interacted_event_study,rel_p3_X_disp,rel_p1_X_treated_X_disp_X_density,0.00022354641394710457
raw_500m_density_interacted_event_study,rel_p3_X_disp,rel_p2_X_treated,0.00013783968632480824
raw_500m_density_interacted_event_study,rel_p3_X_disp,rel_p2_X_disp,0.00012425673595541764
raw_500m_density_interacted_event_study,rel_p3_X_disp,rel_p2_X_treated_X_disp,-0.0001813687756982325
raw_500m_density_interacted_event_study,rel_p3_X_disp,rel_p2_X_density,5.4122072866651496e-05
raw_500m_density_interacted_event_study,rel_p3_X_disp,rel_p2_X_treated_X_density,-0.00013006475383508964
raw_500m_density_interacted_event_study,rel_p3_X_disp,rel_p2_X_disp_X_density,-3.139091669977496e-05
raw_500m_density_interacted_event_study,rel_p3_X_disp,rel_p2_X_treated_X_disp_X_density,9.29004337263275e-05
raw_500m_density_interacted_event_study,rel_p3_X_disp,rel_p3_X_treated,0.00024980750865619475
raw_500m_density_interacted_event_study,rel_p3_X_disp,rel_p3_X_disp,0.00022403837428491607
raw_500m_density_interacted_event_study,rel_p3_X_disp,rel_p3_X_treated_X_disp,-0.00026169013392573
raw_500m_density_interacted_event_study,rel_p3_X_disp,rel_p3_X_density,5.803893598844276e-05
raw_500m_density_interacted_event_study,rel_p3_X_disp,rel_p3_X_treated_X_density,-0.0001321339932462724
raw_500m_density_interacted_event_study,rel_p3_X_disp,rel_p3_X_disp_X_density,-2.6134043946656607e-05
raw_500m_density_interacted_event_study,rel_p3_X_disp,rel_p3_X_treated_X_disp_X_density,0.00017468811634320237
raw_500m_density_interacted_event_study,rel_p3_X_disp,rel_p4_X_treated,4.405661990508827e-05
raw_500m_density_interacted_event_study,rel_p3_X_disp,rel_p4_X_disp,9.823915053155217e-05
raw_500m_density_interacted_event_study,rel_p3_X_disp,rel_p4_X_treated_X_disp,-5.4239468957780574e-05
raw_500m_density_interacted_event_study,rel_p3_X_disp,rel_p4_X_density,0.00014113948974959616
raw_500m_density_interacted_event_study,rel_p3_X_disp,rel_p4_X_treated_X_density,-0.000293405774296356
raw_500m_density_interacted_event_study,rel_p3_X_disp,rel_p4_X_disp_X_density,-0.00012450929721842622
raw_500m_density_interacted_event_study,rel_p3_X_disp,rel_p4_X_treated_X_disp_X_density,0.00028434191357862385
raw_500m_density_interacted_event_study,rel_p3_X_treated_X_disp,rel_m4_X_treated,-0.00022820776392615068
raw_500m_density_interacted_event_study,rel_p3_X_treated_X_disp,rel_m4_X_disp,-3.6310447782809526e-05
raw_500m_density_interacted_event_study,rel_p3_X_treated_X_disp,rel_m4_X_treated_X_disp,0.0003667410039830313
raw_500m_density_interacted_event_study,rel_p3_X_treated_X_disp,rel_m4_X_density,-2.7880192038916383e-05
raw_500m_density_interacted_event_study,rel_p3_X_treated_X_disp,rel_m4_X_treated_X_density,-0.00011935975974800723
raw_500m_density_interacted_event_study,rel_p3_X_treated_X_disp,rel_m4_X_disp_X_density,-5.290868123310256e-07
raw_500m_density_interacted_event_study,rel_p3_X_treated_X_disp,rel_m4_X_treated_X_disp_X_density,0.00017100536136022704
raw_500m_density_interacted_event_study,rel_p3_X_treated_X_disp,rel_m3_X_treated,-0.0006310223333907528
raw_500m_density_interacted_event_study,rel_p3_X_treated_X_disp,rel_m3_X_disp,5.596480592402908e-06
raw_500m_density_interacted_event_study,rel_p3_X_treated_X_disp,rel_m3_X_treated_X_disp,0.0006349839146659812
raw_500m_density_interacted_event_study,rel_p3_X_treated_X_disp,rel_m3_X_density,-8.043181825314993e-05
raw_500m_density_interacted_event_study,rel_p3_X_treated_X_disp,rel_m3_X_treated_X_density,-0.00024065651870008354
raw_500m_density_interacted_event_study,rel_p3_X_treated_X_disp,rel_m3_X_disp_X_density,7.711978825404502e-05
raw_500m_density_interacted_event_study,rel_p3_X_treated_X_disp,rel_m3_X_treated_X_disp_X_density,0.0005023214065466394
raw_500m_density_interacted_event_study,rel_p3_X_treated_X_disp,rel_m2_X_treated,-0.00039074173597336033
raw_500m_density_interacted_event_study,rel_p3_X_treated_X_disp,rel_m2_X_disp,-5.2508836893064336e-05
raw_500m_density_interacted_event_study,rel_p3_X_treated_X_disp,rel_m2_X_treated_X_disp,0.00028826302213765415
raw_500m_density_interacted_event_study,rel_p3_X_treated_X_disp,rel_m2_X_density,-0.0001461420675023984
raw_500m_density_interacted_event_study,rel_p3_X_treated_X_disp,rel_m2_X_treated_X_density,-0.00015404777445110333
raw_500m_density_interacted_event_study,rel_p3_X_treated_X_disp,rel_m2_X_disp_X_density,0.00010985925295510762
raw_500m_density_interacted_event_study,rel_p3_X_treated_X_disp,rel_m2_X_treated_X_disp_X_density,-4.5355737886778855e-05
raw_500m_density_interacted_event_study,rel_p3_X_treated_X_disp,rel_p1_X_treated,-0.0009978163163570084
raw_500m_density_interacted_event_study,rel_p3_X_treated_X_disp,rel_p1_X_disp,-9.303545541726491e-05
raw_500m_density_interacted_event_study,rel_p3_X_treated_X_disp,rel_p1_X_treated_X_disp,0.0010207374356870928
raw_500m_density_interacted_event_study,rel_p3_X_treated_X_disp,rel_p1_X_density,-0.00011127834361464896
raw_500m_density_interacted_event_study,rel_p3_X_treated_X_disp,rel_p1_X_treated_X_density,-0.0005987982838971062
raw_500m_density_interacted_event_study,rel_p3_X_treated_X_disp,rel_p1_X_disp_X_density,0.00011502656988920452
raw_500m_density_interacted_event_study,rel_p3_X_treated_X_disp,rel_p1_X_treated_X_disp_X_density,0.0007408600876611528
raw_500m_density_interacted_event_study,rel_p3_X_treated_X_disp,rel_p2_X_treated,-0.0002151262212453894
raw_500m_density_interacted_event_study,rel_p3_X_treated_X_disp,rel_p2_X_disp,-1.4829457795000962e-05
raw_500m_density_interacted_event_study,rel_p3_X_treated_X_disp,rel_p2_X_treated_X_disp,0.00034981050501214
raw_500m_density_interacted_event_study,rel_p3_X_treated_X_disp,rel_p2_X_density,-9.09603329331091e-05
raw_500m_density_interacted_event_study,rel_p3_X_treated_X_disp,rel_p2_X_treated_X_density,0.0004831542523482029
raw_500m_density_interacted_event_study,rel_p3_X_treated_X_disp,rel_p2_X_disp_X_density,6.0542866755672556e-05
raw_500m_density_interacted_event_study,rel_p3_X_treated_X_disp,rel_p2_X_treated_X_disp_X_density,-0.0001428357187443031
raw_500m_density_interacted_event_study,rel_p3_X_treated_X_disp,rel_p3_X_treated,-0.0009142335354725142
raw_500m_density_interacted_event_study,rel_p3_X_treated_X_disp,rel_p3_X_disp,-0.0002616901339257296
raw_500m_density_interacted_event_study,rel_p3_X_treated_X_disp,rel_p3_X_treated_X_disp,0.0012086415011915476
raw_500m_density_interacted_event_study,rel_p3_X_treated_X_disp,rel_p3_X_density,-0.00011008242883763577
raw_500m_density_interacted_event_study,rel_p3_X_treated_X_disp,rel_p3_X_treated_X_density,-0.00018491642884422728
raw_500m_density_interacted_event_study,rel_p3_X_treated_X_disp,rel_p3_X_disp_X_density,5.9085450290087445e-05
raw_500m_density_interacted_event_study,rel_p3_X_treated_X_disp,rel_p3_X_treated_X_disp_X_density,0.0006438043571611802
raw_500m_density_interacted_event_study,rel_p3_X_treated_X_disp,rel_p4_X_treated,3.42488565449141e-05
raw_500m_density_interacted_event_study,rel_p3_X_treated_X_disp,rel_p4_X_disp,6.561770290188324e-05
raw_500m_density_interacted_event_study,rel_p3_X_treated_X_disp,rel_p4_X_treated_X_disp,1.677067682895992e-06
raw_500m_density_interacted_event_study,rel_p3_X_treated_X_disp,rel_p4_X_density,-0.00016922496042259716
raw_500m_density_interacted_event_study,rel_p3_X_treated_X_disp,rel_p4_X_treated_X_density,0.0005967598104017444
raw_500m_density_interacted_event_study,rel_p3_X_treated_X_disp,rel_p4_X_disp_X_density,0.00013481869217979526
raw_500m_density_interacted_event_study,rel_p3_X_treated_X_disp,rel_p4_X_treated_X_disp_X_density,-0.00046163260940382836
raw_500m_density_interacted_event_study,rel_p3_X_density,rel_m4_X_treated,-3.4529945259908674e-07
raw_500m_density_interacted_event_study,rel_p3_X_density,rel_m4_X_disp,-2.108224096528041e-05
raw_500m_density_interacted_event_study,rel_p3_X_density,rel_m4_X_treated_X_disp,1.536070037545744e-05
raw_500m_density_interacted_event_study,rel_p3_X_density,rel_m4_X_density,2.280823877260248e-05
raw_500m_density_interacted_event_study,rel_p3_X_density,rel_m4_X_treated_X_density,-3.742522813274254e-06
raw_500m_density_interacted_event_study,rel_p3_X_density,rel_m4_X_disp_X_density,-4.940238541986469e-05
raw_500m_density_interacted_event_study,rel_p3_X_density,rel_m4_X_treated_X_disp_X_density,3.852513949067819e-05
raw_500m_density_interacted_event_study,rel_p3_X_density,rel_m3_X_treated,1.3623723387277845e-05
raw_500m_density_interacted_event_study,rel_p3_X_density,rel_m3_X_disp,1.198193524187956e-06
raw_500m_density_interacted_event_study,rel_p3_X_density,rel_m3_X_treated_X_disp,3.2955334624980915e-05
raw_500m_density_interacted_event_study,rel_p3_X_density,rel_m3_X_density,8.583932124349436e-06
raw_500m_density_interacted_event_study,rel_p3_X_density,rel_m3_X_treated_X_density,-9.444081778169841e-05
raw_500m_density_interacted_event_study,rel_p3_X_density,rel_m3_X_disp_X_density,-1.67560978825108e-05
raw_500m_density_interacted_event_study,rel_p3_X_density,rel_m3_X_treated_X_disp_X_density,6.451366999042708e-05
raw_500m_density_interacted_event_study,rel_p3_X_density,rel_m2_X_treated,9.357800582903414e-06
raw_500m_density_interacted_event_study,rel_p3_X_density,rel_m2_X_disp,3.1967308853672925e-06
raw_500m_density_interacted_event_study,rel_p3_X_density,rel_m2_X_treated_X_disp,4.62441706829034e-06
raw_500m_density_interacted_event_study,rel_p3_X_density,rel_m2_X_density,3.915519233723761e-05
raw_500m_density_interacted_event_study,rel_p3_X_density,rel_m2_X_treated_X_density,-6.436664664953012e-05
raw_500m_density_interacted_event_study,rel_p3_X_density,rel_m2_X_disp_X_density,-5.0871177513867187e-05
raw_500m_density_interacted_event_study,rel_p3_X_density,rel_m2_X_treated_X_disp_X_density,8.040853554305374e-05
raw_500m_density_interacted_event_study,rel_p3_X_density,rel_p1_X_treated,7.662144239083623e-05
raw_500m_density_interacted_event_study,rel_p3_X_density,rel_p1_X_disp,1.4973751596538706e-05
raw_500m_density_interacted_event_study,rel_p3_X_density,rel_p1_X_treated_X_disp,-3.706616082973823e-05
raw_500m_density_interacted_event_study,rel_p3_X_density,rel_p1_X_density,5.464729725625329e-05
raw_500m_density_interacted_event_study,rel_p3_X_density,rel_p1_X_treated_X_density,-0.00010956484684366302
raw_500m_density_interacted_event_study,rel_p3_X_density,rel_p1_X_disp_X_density,-6.36959296536846e-05
raw_500m_density_interacted_event_study,rel_p3_X_density,rel_p1_X_treated_X_disp_X_density,9.589354791934165e-05
raw_500m_density_interacted_event_study,rel_p3_X_density,rel_p2_X_treated,-3.0452356127455e-05
raw_500m_density_interacted_event_study,rel_p3_X_density,rel_p2_X_disp,-1.020787370903413e-05
raw_500m_density_interacted_event_study,rel_p3_X_density,rel_p2_X_treated_X_disp,2.6772506587656972e-05
raw_500m_density_interacted_event_study,rel_p3_X_density,rel_p2_X_density,3.562105780500582e-05
raw_500m_density_interacted_event_study,rel_p3_X_density,rel_p2_X_treated_X_density,-0.00014169241890592225
raw_500m_density_interacted_event_study,rel_p3_X_density,rel_p2_X_disp_X_density,-5.218012203168563e-05
raw_500m_density_interacted_event_study,rel_p3_X_density,rel_p2_X_treated_X_disp_X_density,0.00011658366983537974
raw_500m_density_interacted_event_study,rel_p3_X_density,rel_p3_X_treated,0.00010646573004557773
raw_500m_density_interacted_event_study,rel_p3_X_density,rel_p3_X_disp,5.803893598844285e-05
raw_500m_density_interacted_event_study,rel_p3_X_density,rel_p3_X_treated_X_disp,-0.00011008242883763598
raw_500m_density_interacted_event_study,rel_p3_X_density,rel_p3_X_density,6.431949648570685e-05
raw_500m_density_interacted_event_study,rel_p3_X_density,rel_p3_X_treated_X_density,-9.309909738415377e-05
raw_500m_density_interacted_event_study,rel_p3_X_density,rel_p3_X_disp_X_density,-8.652113725634384e-05
raw_500m_density_interacted_event_study,rel_p3_X_density,rel_p3_X_treated_X_disp_X_density,0.00013780550393240984
raw_500m_density_interacted_event_study,rel_p3_X_density,rel_p4_X_treated,-7.2869253346974624e-06
raw_500m_density_interacted_event_study,rel_p3_X_density,rel_p4_X_disp,-3.1777929001118756e-06
raw_500m_density_interacted_event_study,rel_p3_X_density,rel_p4_X_treated_X_disp,2.8296135537687707e-05
raw_500m_density_interacted_event_study,rel_p3_X_density,rel_p4_X_density,4.2800018317589406e-05
raw_500m_density_interacted_event_study,rel_p3_X_density,rel_p4_X_treated_X_density,-0.00011405698893469543
raw_500m_density_interacted_event_study,rel_p3_X_density,rel_p4_X_disp_X_density,-4.023118162911724e-05
raw_500m_density_interacted_event_study,rel_p3_X_density,rel_p4_X_treated_X_disp_X_density,0.00012556526922322212
raw_500m_density_interacted_event_study,rel_p3_X_treated_X_density,rel_m4_X_treated,0.00024446506641040324
raw_500m_density_interacted_event_study,rel_p3_X_treated_X_density,rel_m4_X_disp,0.00017509617694365604
raw_500m_density_interacted_event_study,rel_p3_X_treated_X_density,rel_m4_X_treated_X_disp,-0.00035790662674504883
raw_500m_density_interacted_event_study,rel_p3_X_treated_X_density,rel_m4_X_density,5.027047764579148e-05
raw_500m_density_interacted_event_study,rel_p3_X_treated_X_density,rel_m4_X_treated_X_density,0.00021995798234602544
raw_500m_density_interacted_event_study,rel_p3_X_treated_X_density,rel_m4_X_disp_X_density,2.347038400606911e-05
raw_500m_density_interacted_event_study,rel_p3_X_treated_X_density,rel_m4_X_treated_X_disp_X_density,-0.0004541626545194205
raw_500m_density_interacted_event_study,rel_p3_X_treated_X_density,rel_m3_X_treated,0.0002132800195419092
raw_500m_density_interacted_event_study,rel_p3_X_treated_X_density,rel_m3_X_disp,8.136310703917403e-06
raw_500m_density_interacted_event_study,rel_p3_X_treated_X_density,rel_m3_X_treated_X_disp,-0.00041044908558846265
raw_500m_density_interacted_event_study,rel_p3_X_treated_X_density,rel_m3_X_density,-5.513677276320719e-07
raw_500m_density_interacted_event_study,rel_p3_X_treated_X_density,rel_m3_X_treated_X_density,0.0018198014510740217
raw_500m_density_interacted_event_study,rel_p3_X_treated_X_density,rel_m3_X_disp_X_density,1.0723968671264178e-06
raw_500m_density_interacted_event_study,rel_p3_X_treated_X_density,rel_m3_X_treated_X_disp_X_density,-0.0009856949374845293
raw_500m_density_interacted_event_study,rel_p3_X_treated_X_density,rel_m2_X_treated,0.00039983598324676967
raw_500m_density_interacted_event_study,rel_p3_X_treated_X_density,rel_m2_X_disp,4.778826681972343e-05
raw_500m_density_interacted_event_study,rel_p3_X_treated_X_density,rel_m2_X_treated_X_disp,-0.00028583584053953247
raw_500m_density_interacted_event_study,rel_p3_X_treated_X_density,rel_m2_X_density,4.399577390599331e-05
raw_500m_density_interacted_event_study,rel_p3_X_treated_X_density,rel_m2_X_treated_X_density,0.001435682279110265
raw_500m_density_interacted_event_study,rel_p3_X_treated_X_density,rel_m2_X_disp_X_density,-3.674644374794727e-05
raw_500m_density_interacted_event_study,rel_p3_X_treated_X_density,rel_m2_X_treated_X_disp_X_density,-0.0012386846968541509
raw_500m_density_interacted_event_study,rel_p3_X_treated_X_density,rel_p1_X_treated,0.00048585894594770334
raw_500m_density_interacted_event_study,rel_p3_X_treated_X_density,rel_p1_X_disp,5.7958475267530426e-05
raw_500m_density_interacted_event_study,rel_p3_X_treated_X_density,rel_p1_X_treated_X_disp,-0.0006202214475482731
raw_500m_density_interacted_event_study,rel_p3_X_treated_X_density,rel_p1_X_density,-5.0236539777633396e-05
raw_500m_density_interacted_event_study,rel_p3_X_treated_X_density,rel_p1_X_treated_X_density,0.0028883086916772606
raw_500m_density_interacted_event_study,rel_p3_X_treated_X_density,rel_p1_X_disp_X_density,7.986724765784338e-05
raw_500m_density_interacted_event_study,rel_p3_X_treated_X_density,rel_p1_X_treated_X_disp_X_density,-0.002377930284582015
raw_500m_density_interacted_event_study,rel_p3_X_treated_X_density,rel_p2_X_treated,-0.00032160898368375926
raw_500m_density_interacted_event_study,rel_p3_X_treated_X_density,rel_p2_X_disp,-0.0001010551205703249
raw_500m_density_interacted_event_study,rel_p3_X_treated_X_density,rel_p2_X_treated_X_disp,0.00012571392900546336
raw_500m_density_interacted_event_study,rel_p3_X_treated_X_density,rel_p2_X_density,-2.338424386133826e-06
raw_500m_density_interacted_event_study,rel_p3_X_treated_X_density,rel_p2_X_treated_X_density,0.0015780966740450103
raw_500m_density_interacted_event_study,rel_p3_X_treated_X_density,rel_p2_X_disp_X_density,9.279880914026476e-05
raw_500m_density_interacted_event_study,rel_p3_X_treated_X_density,rel_p2_X_treated_X_disp_X_density,-0.0013681935440843353
raw_500m_density_interacted_event_study,rel_p3_X_treated_X_density,rel_p3_X_treated,-0.00013096867473968345
raw_500m_density_interacted_event_study,rel_p3_X_treated_X_density,rel_p3_X_disp,-0.0001321339932462723
raw_500m_density_interacted_event_study,rel_p3_X_treated_X_density,rel_p3_X_treated_X_disp,-0.00018491642884422711
raw_500m_density_interacted_event_study,rel_p3_X_treated_X_density,rel_p3_X_density,-9.30990973841534e-05
raw_500m_density_interacted_event_study,rel_p3_X_treated_X_density,rel_p3_X_treated_X_density,0.0021243792523155587
raw_500m_density_interacted_event_study,rel_p3_X_treated_X_density,rel_p3_X_disp_X_density,0.00012544289541730594
raw_500m_density_interacted_event_study,rel_p3_X_treated_X_density,rel_p3_X_treated_X_disp_X_density,-0.002744319268262502
raw_500m_density_interacted_event_study,rel_p3_X_treated_X_density,rel_p4_X_treated,-0.000257864097516615
raw_500m_density_interacted_event_study,rel_p3_X_treated_X_density,rel_p4_X_disp,-6.490153720224554e-05
raw_500m_density_interacted_event_study,rel_p3_X_treated_X_density,rel_p4_X_treated_X_disp,0.0002625261874484186
raw_500m_density_interacted_event_study,rel_p3_X_treated_X_density,rel_p4_X_density,-0.000123569258544239
raw_500m_density_interacted_event_study,rel_p3_X_treated_X_density,rel_p4_X_treated_X_density,0.0010562254729320562
raw_500m_density_interacted_event_study,rel_p3_X_treated_X_density,rel_p4_X_disp_X_density,0.00015134234878322927
raw_500m_density_interacted_event_study,rel_p3_X_treated_X_density,rel_p4_X_treated_X_disp_X_density,-0.001426696037977131
raw_500m_density_interacted_event_study,rel_p3_X_disp_X_density,rel_m4_X_treated,8.832543079409669e-06
raw_500m_density_interacted_event_study,rel_p3_X_disp_X_density,rel_m4_X_disp,5.229667012119226e-05
raw_500m_density_interacted_event_study,rel_p3_X_disp_X_density,rel_m4_X_treated_X_disp,-8.256348764190051e-05
raw_500m_density_interacted_event_study,rel_p3_X_disp_X_density,rel_m4_X_density,-3.935922583646569e-05
raw_500m_density_interacted_event_study,rel_p3_X_disp_X_density,rel_m4_X_treated_X_density,-6.694682929218992e-05
raw_500m_density_interacted_event_study,rel_p3_X_disp_X_density,rel_m4_X_disp_X_density,0.00010869333419538102
raw_500m_density_interacted_event_study,rel_p3_X_disp_X_density,rel_m4_X_treated_X_disp_X_density,-8.332492501644767e-05
raw_500m_density_interacted_event_study,rel_p3_X_disp_X_density,rel_m3_X_treated,5.1761645301890795e-05
raw_500m_density_interacted_event_study,rel_p3_X_disp_X_density,rel_m3_X_disp,2.7173149396542384e-05
raw_500m_density_interacted_event_study,rel_p3_X_disp_X_density,rel_m3_X_treated_X_disp,-0.00016490651820539804
raw_500m_density_interacted_event_study,rel_p3_X_disp_X_density,rel_m3_X_density,1.934033520544359e-05
raw_500m_density_interacted_event_study,rel_p3_X_disp_X_density,rel_m3_X_treated_X_density,0.0001352128528751945
raw_500m_density_interacted_event_study,rel_p3_X_disp_X_density,rel_m3_X_disp_X_density,1.9359824542217766e-05
raw_500m_density_interacted_event_study,rel_p3_X_disp_X_density,rel_m3_X_treated_X_disp_X_density,-0.00019690358895626083
raw_500m_density_interacted_event_study,rel_p3_X_disp_X_density,rel_m2_X_treated,-4.016180334454275e-05
raw_500m_density_interacted_event_study,rel_p3_X_disp_X_density,rel_m2_X_disp,3.774132706936017e-05
raw_500m_density_interacted_event_study,rel_p3_X_disp_X_density,rel_m2_X_treated_X_disp,-1.2088086945192962e-05
raw_500m_density_interacted_event_study,rel_p3_X_disp_X_density,rel_m2_X_density,-4.49843901007036e-05
raw_500m_density_interacted_event_study,rel_p3_X_disp_X_density,rel_m2_X_treated_X_density,-0.00012106818437738452
raw_500m_density_interacted_event_study,rel_p3_X_disp_X_density,rel_m2_X_disp_X_density,0.0001036507061648736
raw_500m_density_interacted_event_study,rel_p3_X_disp_X_density,rel_m2_X_treated_X_disp_X_density,2.4624941333898705e-05
raw_500m_density_interacted_event_study,rel_p3_X_disp_X_density,rel_p1_X_treated,-9.088186905777003e-05
raw_500m_density_interacted_event_study,rel_p3_X_disp_X_density,rel_p1_X_disp,3.098738769810571e-05
raw_500m_density_interacted_event_study,rel_p3_X_disp_X_density,rel_p1_X_treated_X_disp,-3.112149725745744e-05
raw_500m_density_interacted_event_study,rel_p3_X_disp_X_density,rel_p1_X_density,-7.977759614298994e-05
raw_500m_density_interacted_event_study,rel_p3_X_disp_X_density,rel_p1_X_treated_X_density,-1.4201195132141927e-05
raw_500m_density_interacted_event_study,rel_p3_X_disp_X_density,rel_p1_X_disp_X_density,0.0001292729423396597
raw_500m_density_interacted_event_study,rel_p3_X_disp_X_density,rel_p1_X_treated_X_disp_X_density,-0.0001275584992124315
raw_500m_density_interacted_event_study,rel_p3_X_disp_X_density,rel_p2_X_treated,0.00013418084395319435
raw_500m_density_interacted_event_study,rel_p3_X_disp_X_density,rel_p2_X_disp,6.933312134828061e-05
raw_500m_density_interacted_event_study,rel_p3_X_disp_X_density,rel_p2_X_treated_X_disp,-0.00015138462509550014
raw_500m_density_interacted_event_study,rel_p3_X_disp_X_density,rel_p2_X_density,-6.424114319115851e-05
raw_500m_density_interacted_event_study,rel_p3_X_disp_X_density,rel_p2_X_treated_X_density,0.0002056328923468535
raw_500m_density_interacted_event_study,rel_p3_X_disp_X_density,rel_p2_X_disp_X_density,0.00011929394999946383
raw_500m_density_interacted_event_study,rel_p3_X_disp_X_density,rel_p2_X_treated_X_disp_X_density,-0.00022349546454204162
raw_500m_density_interacted_event_study,rel_p3_X_disp_X_density,rel_p3_X_treated,-9.416248391715365e-05
raw_500m_density_interacted_event_study,rel_p3_X_disp_X_density,rel_p3_X_disp,-2.6134043946656753e-05
raw_500m_density_interacted_event_study,rel_p3_X_disp_X_density,rel_p3_X_treated_X_disp,5.90854502900874e-05
raw_500m_density_interacted_event_study,rel_p3_X_disp_X_density,rel_p3_X_density,-8.652113725634365e-05
raw_500m_density_interacted_event_study,rel_p3_X_disp_X_density,rel_p3_X_treated_X_density,0.000125442895417307
raw_500m_density_interacted_event_study,rel_p3_X_disp_X_density,rel_p3_X_disp_X_density,0.00017908088059036113
raw_500m_density_interacted_event_study,rel_p3_X_disp_X_density,rel_p3_X_treated_X_disp_X_density,-0.0002531943639776244
raw_500m_density_interacted_event_study,rel_p3_X_disp_X_density,rel_p4_X_treated,6.055818228519093e-05
raw_500m_density_interacted_event_study,rel_p3_X_disp_X_density,rel_p4_X_disp,3.5858546176820636e-05
raw_500m_density_interacted_event_study,rel_p3_X_disp_X_density,rel_p4_X_treated_X_disp,-9.409522831084255e-05
raw_500m_density_interacted_event_study,rel_p3_X_disp_X_density,rel_p4_X_density,-5.863672986492007e-05
raw_500m_density_interacted_event_study,rel_p3_X_disp_X_density,rel_p4_X_treated_X_density,0.0001696175811938287
raw_500m_density_interacted_event_study,rel_p3_X_disp_X_density,rel_p4_X_disp_X_density,6.897894930804338e-05
raw_500m_density_interacted_event_study,rel_p3_X_disp_X_density,rel_p4_X_treated_X_disp_X_density,-0.0002747647260520344
raw_500m_density_interacted_event_study,rel_p3_X_treated_X_disp_X_density,rel_m4_X_treated,-0.0005602707832313948
raw_500m_density_interacted_event_study,rel_p3_X_treated_X_disp_X_density,rel_m4_X_disp,-0.00025447758450933885
raw_500m_density_interacted_event_study,rel_p3_X_treated_X_disp_X_density,rel_m4_X_treated_X_disp,0.0006215170084578341
raw_500m_density_interacted_event_study,rel_p3_X_treated_X_disp_X_density,rel_m4_X_density,-0.00011690218608157104
raw_500m_density_interacted_event_study,rel_p3_X_treated_X_disp_X_density,rel_m4_X_treated_X_density,-0.00024650432587716345
raw_500m_density_interacted_event_study,rel_p3_X_treated_X_disp_X_density,rel_m4_X_disp_X_density,2.9205387674378065e-05
raw_500m_density_interacted_event_study,rel_p3_X_treated_X_disp_X_density,rel_m4_X_treated_X_disp_X_density,0.0003033363054209973
raw_500m_density_interacted_event_study,rel_p3_X_treated_X_disp_X_density,rel_m3_X_treated,-0.000644403828990749
raw_500m_density_interacted_event_study,rel_p3_X_treated_X_disp_X_density,rel_m3_X_disp,-7.097100568674191e-05
raw_500m_density_interacted_event_study,rel_p3_X_treated_X_disp_X_density,rel_m3_X_treated_X_disp,0.000755181409471827
raw_500m_density_interacted_event_study,rel_p3_X_treated_X_disp_X_density,rel_m3_X_density,-5.088955070685657e-05
raw_500m_density_interacted_event_study,rel_p3_X_treated_X_disp_X_density,rel_m3_X_treated_X_density,-0.002334016660564463
raw_500m_density_interacted_event_study,rel_p3_X_treated_X_disp_X_density,rel_m3_X_disp_X_density,0.00012981386141861547
raw_500m_density_interacted_event_study,rel_p3_X_treated_X_disp_X_density,rel_m3_X_treated_X_disp_X_density,0.0012791184106312468
raw_500m_density_interacted_event_study,rel_p3_X_treated_X_disp_X_density,rel_m2_X_treated,-0.0008119401360692924
raw_500m_density_interacted_event_study,rel_p3_X_treated_X_disp_X_density,rel_m2_X_disp,-0.0001659892210156362
raw_500m_density_interacted_event_study,rel_p3_X_treated_X_disp_X_density,rel_m2_X_treated_X_disp,0.0006428227211883854
raw_500m_density_interacted_event_study,rel_p3_X_treated_X_disp_X_density,rel_m2_X_density,-0.00010918141420993675
raw_500m_density_interacted_event_study,rel_p3_X_treated_X_disp_X_density,rel_m2_X_treated_X_density,-0.0015523115437980069
raw_500m_density_interacted_event_study,rel_p3_X_treated_X_disp_X_density,rel_m2_X_disp_X_density,0.00011201662458929076
raw_500m_density_interacted_event_study,rel_p3_X_treated_X_disp_X_density,rel_m2_X_treated_X_disp_X_density,0.0009810477020401995
raw_500m_density_interacted_event_study,rel_p3_X_treated_X_disp_X_density,rel_p1_X_treated,-0.0011369173661335212
raw_500m_density_interacted_event_study,rel_p3_X_treated_X_disp_X_density,rel_p1_X_disp,-0.00014566801716594786
raw_500m_density_interacted_event_study,rel_p3_X_treated_X_disp_X_density,rel_p1_X_treated_X_disp,0.0012490739954181915
raw_500m_density_interacted_event_study,rel_p3_X_treated_X_disp_X_density,rel_p1_X_density,3.515075939882145e-05
raw_500m_density_interacted_event_study,rel_p3_X_treated_X_disp_X_density,rel_p1_X_treated_X_density,-0.004098271677456438
raw_500m_density_interacted_event_study,rel_p3_X_treated_X_disp_X_density,rel_p1_X_disp_X_density,-2.638499399841074e-05
raw_500m_density_interacted_event_study,rel_p3_X_treated_X_disp_X_density,rel_p1_X_treated_X_disp_X_density,0.0035108989785443212
raw_500m_density_interacted_event_study,rel_p3_X_treated_X_disp_X_density,rel_p2_X_treated,0.00021708093890978887
raw_500m_density_interacted_event_study,rel_p3_X_treated_X_disp_X_density,rel_p2_X_disp,0.00011188578134222983
raw_500m_density_interacted_event_study,rel_p3_X_treated_X_disp_X_density,rel_p2_X_treated_X_disp,-7.106668241425014e-05
raw_500m_density_interacted_event_study,rel_p3_X_treated_X_disp_X_density,rel_p2_X_density,3.5765601462844645e-05
raw_500m_density_interacted_event_study,rel_p3_X_treated_X_disp_X_density,rel_p2_X_treated_X_density,-0.0015245300063900498
raw_500m_density_interacted_event_study,rel_p3_X_treated_X_disp_X_density,rel_p2_X_disp_X_density,-0.00011274233611295489
raw_500m_density_interacted_event_study,rel_p3_X_treated_X_disp_X_density,rel_p2_X_treated_X_disp_X_density,0.001163502320033413
raw_500m_density_interacted_event_study,rel_p3_X_treated_X_disp_X_density,rel_p3_X_treated,-0.00016330805792144322
raw_500m_density_interacted_event_study,rel_p3_X_treated_X_disp_X_density,rel_p3_X_disp,0.00017468811634320207
raw_500m_density_interacted_event_study,rel_p3_X_treated_X_disp_X_density,rel_p3_X_treated_X_disp,0.000643804357161181
raw_500m_density_interacted_event_study,rel_p3_X_treated_X_disp_X_density,rel_p3_X_density,0.00013780550393240962
raw_500m_density_interacted_event_study,rel_p3_X_treated_X_disp_X_density,rel_p3_X_treated_X_density,-0.0027443192682625045
raw_500m_density_interacted_event_study,rel_p3_X_treated_X_disp_X_density,rel_p3_X_disp_X_density,-0.00025319436397762407
raw_500m_density_interacted_event_study,rel_p3_X_treated_X_disp_X_density,rel_p3_X_treated_X_disp_X_density,0.004506707892696676
raw_500m_density_interacted_event_study,rel_p3_X_treated_X_disp_X_density,rel_p4_X_treated,0.00029575592656980263
raw_500m_density_interacted_event_study,rel_p3_X_treated_X_disp_X_density,rel_p4_X_disp,0.00010464530992794506
raw_500m_density_interacted_event_study,rel_p3_X_treated_X_disp_X_density,rel_p4_X_treated_X_disp,-0.00035197403931110164
raw_500m_density_interacted_event_study,rel_p3_X_treated_X_disp_X_density,rel_p4_X_density,7.11375366526414e-05
raw_500m_density_interacted_event_study,rel_p3_X_treated_X_disp_X_density,rel_p4_X_treated_X_density,-0.0008630868836712171
raw_500m_density_interacted_event_study,rel_p3_X_treated_X_disp_X_density,rel_p4_X_disp_X_density,-6.348526798995983e-05
raw_500m_density_interacted_event_study,rel_p3_X_treated_X_disp_X_density,rel_p4_X_treated_X_disp_X_density,0.0015555569512163236
raw_500m_density_interacted_event_study,rel_p4_X_treated,rel_m4_X_treated,2.252254955795391e-06
raw_500m_density_interacted_event_study,rel_p4_X_treated,rel_m4_X_disp,2.9408926976943888e-05
raw_500m_density_interacted_event_study,rel_p4_X_treated,rel_m4_X_treated_X_disp,-0.00011340665092199361
raw_500m_density_interacted_event_study,rel_p4_X_treated,rel_m4_X_density,-1.5088487143775753e-05
raw_500m_density_interacted_event_study,rel_p4_X_treated,rel_m4_X_treated_X_density,0.00011254530782482595
raw_500m_density_interacted_event_study,rel_p4_X_treated,rel_m4_X_disp_X_density,3.6617461984859004e-05
raw_500m_density_interacted_event_study,rel_p4_X_treated,rel_m4_X_treated_X_disp_X_density,1.2705668425764779e-05
raw_500m_density_interacted_event_study,rel_p4_X_treated,rel_m3_X_treated,6.310633164784631e-05
raw_500m_density_interacted_event_study,rel_p4_X_treated,rel_m3_X_disp,-4.815405392634489e-06
raw_500m_density_interacted_event_study,rel_p4_X_treated,rel_m3_X_treated_X_disp,-9.420378365418444e-05
raw_500m_density_interacted_event_study,rel_p4_X_treated,rel_m3_X_density,-3.036470366647393e-06
raw_500m_density_interacted_event_study,rel_p4_X_treated,rel_m3_X_treated_X_density,2.7571269701602577e-05
raw_500m_density_interacted_event_study,rel_p4_X_treated,rel_m3_X_disp_X_density,2.083483512222341e-05
raw_500m_density_interacted_event_study,rel_p4_X_treated,rel_m3_X_treated_X_disp_X_density,-0.00019987330664115254
raw_500m_density_interacted_event_study,rel_p4_X_treated,rel_m2_X_treated,2.629235111611815e-05
raw_500m_density_interacted_event_study,rel_p4_X_treated,rel_m2_X_disp,-3.329505662326716e-05
raw_500m_density_interacted_event_study,rel_p4_X_treated,rel_m2_X_treated_X_disp,-9.39271251613291e-05
raw_500m_density_interacted_event_study,rel_p4_X_treated,rel_m2_X_density,-2.1604037624631687e-05
raw_500m_density_interacted_event_study,rel_p4_X_treated,rel_m2_X_treated_X_density,5.3708275620677934e-05
raw_500m_density_interacted_event_study,rel_p4_X_treated,rel_m2_X_disp_X_density,6.634796844422766e-05
raw_500m_density_interacted_event_study,rel_p4_X_treated,rel_m2_X_treated_X_disp_X_density,4.041770076979052e-05
raw_500m_density_interacted_event_study,rel_p4_X_treated,rel_p1_X_treated,-2.1626001111824868e-05
raw_500m_density_interacted_event_study,rel_p4_X_treated,rel_p1_X_disp,6.725021789526721e-05
raw_500m_density_interacted_event_study,rel_p4_X_treated,rel_p1_X_treated_X_disp,2.2728168780949008e-05
raw_500m_density_interacted_event_study,rel_p4_X_treated,rel_p1_X_density,-6.06297250810348e-06
raw_500m_density_interacted_event_study,rel_p4_X_treated,rel_p1_X_treated_X_density,-0.0003588445063373871
raw_500m_density_interacted_event_study,rel_p4_X_treated,rel_p1_X_disp_X_density,3.16875924231538e-05
raw_500m_density_interacted_event_study,rel_p4_X_treated,rel_p1_X_treated_X_disp_X_density,0.0001908133345460995
raw_500m_density_interacted_event_study,rel_p4_X_treated,rel_p2_X_treated,0.00023525932686771183
raw_500m_density_interacted_event_study,rel_p4_X_treated,rel_p2_X_disp,9.654576995403176e-05
raw_500m_density_interacted_event_study,rel_p4_X_treated,rel_p2_X_treated_X_disp,-0.00025365599247508604
raw_500m_density_interacted_event_study,rel_p4_X_treated,rel_p2_X_density,-1.3397522698305287e-05
raw_500m_density_interacted_event_study,rel_p4_X_treated,rel_p2_X_treated_X_density,-6.837368942851682e-05
raw_500m_density_interacted_event_study,rel_p4_X_treated,rel_p2_X_disp_X_density,3.650787915886415e-05
raw_500m_density_interacted_event_study,rel_p4_X_treated,rel_p2_X_treated_X_disp_X_density,6.377975412679969e-05
raw_500m_density_interacted_event_study,rel_p4_X_treated,rel_p3_X_treated,3.691588729333366e-05
raw_500m_density_interacted_event_study,rel_p4_X_treated,rel_p3_X_disp,4.4056619905088036e-05
raw_500m_density_interacted_event_study,rel_p4_X_treated,rel_p3_X_treated_X_disp,3.424885654491209e-05
raw_500m_density_interacted_event_study,rel_p4_X_treated,rel_p3_X_density,-7.286925334697468e-06
raw_500m_density_interacted_event_study,rel_p4_X_treated,rel_p3_X_treated_X_density,-0.0002578640975166143
raw_500m_density_interacted_event_study,rel_p4_X_treated,rel_p3_X_disp_X_density,6.055818228519074e-05
raw_500m_density_interacted_event_study,rel_p4_X_treated,rel_p3_X_treated_X_disp_X_density,0.00029575592656980155
raw_500m_density_interacted_event_study,rel_p4_X_treated,rel_p4_X_treated,0.00029164504626141456
raw_500m_density_interacted_event_study,rel_p4_X_treated,rel_p4_X_disp,0.00010285622550658139
raw_500m_density_interacted_event_study,rel_p4_X_treated,rel_p4_X_treated_X_disp,-0.0002558437535203316
raw_500m_density_interacted_event_study,rel_p4_X_treated,rel_p4_X_density,2.6091437760622356e-05
raw_500m_density_interacted_event_study,rel_p4_X_treated,rel_p4_X_treated_X_density,7.784204478644874e-06
raw_500m_density_interacted_event_study,rel_p4_X_treated,rel_p4_X_disp_X_density,-1.1174442039557222e-05
raw_500m_density_interacted_event_study,rel_p4_X_treated,rel_p4_X_treated_X_disp_X_density,5.034319110238275e-05
raw_500m_density_interacted_event_study,rel_p4_X_disp,rel_m4_X_treated,-6.0337033275142104e-05
raw_500m_density_interacted_event_study,rel_p4_X_disp,rel_m4_X_disp,0.00010733363309918046
raw_500m_density_interacted_event_study,rel_p4_X_disp,rel_m4_X_treated_X_disp,1.0093695955449366e-05
raw_500m_density_interacted_event_study,rel_p4_X_disp,rel_m4_X_density,1.1100066733044585e-05
raw_500m_density_interacted_event_study,rel_p4_X_disp,rel_m4_X_treated_X_density,-4.534897776768477e-05
raw_500m_density_interacted_event_study,rel_p4_X_disp,rel_m4_X_disp_X_density,2.8005492624792657e-05
raw_500m_density_interacted_event_study,rel_p4_X_disp,rel_m4_X_treated_X_disp_X_density,0.00017214851908512027
raw_500m_density_interacted_event_study,rel_p4_X_disp,rel_m3_X_treated,-2.286755495182846e-05
raw_500m_density_interacted_event_study,rel_p4_X_disp,rel_m3_X_disp,0.00012803986112283923
raw_500m_density_interacted_event_study,rel_p4_X_disp,rel_m3_X_treated_X_disp,-7.220439129844978e-05
raw_500m_density_interacted_event_study,rel_p4_X_disp,rel_m3_X_density,6.853405068070007e-05
raw_500m_density_interacted_event_study,rel_p4_X_disp,rel_m3_X_treated_X_density,4.6536491273358314e-05
raw_500m_density_interacted_event_study,rel_p4_X_disp,rel_m3_X_disp_X_density,-5.22749253394673e-05
raw_500m_density_interacted_event_study,rel_p4_X_disp,rel_m3_X_treated_X_disp_X_density,-6.162572732739804e-05
raw_500m_density_interacted_event_study,rel_p4_X_disp,rel_m2_X_treated,-0.0001777126154885989
raw_500m_density_interacted_event_study,rel_p4_X_disp,rel_m2_X_disp,9.837670364168388e-05
raw_500m_density_interacted_event_study,rel_p4_X_disp,rel_m2_X_treated_X_disp,0.00011917966154340616
raw_500m_density_interacted_event_study,rel_p4_X_disp,rel_m2_X_density,2.510121319642629e-06
raw_500m_density_interacted_event_study,rel_p4_X_disp,rel_m2_X_treated_X_density,-0.00028222787813115505
raw_500m_density_interacted_event_study,rel_p4_X_disp,rel_m2_X_disp_X_density,9.389941301275847e-06
raw_500m_density_interacted_event_study,rel_p4_X_disp,rel_m2_X_treated_X_disp_X_density,0.00042734923147529357
raw_500m_density_interacted_event_study,rel_p4_X_disp,rel_p1_X_treated,-5.9826263955543816e-05
raw_500m_density_interacted_event_study,rel_p4_X_disp,rel_p1_X_disp,0.00014214887373004478
raw_500m_density_interacted_event_study,rel_p4_X_disp,rel_p1_X_treated_X_disp,-6.300554014962574e-06
raw_500m_density_interacted_event_study,rel_p4_X_disp,rel_p1_X_density,-9.520167581782785e-06
raw_500m_density_interacted_event_study,rel_p4_X_disp,rel_p1_X_treated_X_density,-0.0001312859828401647
raw_500m_density_interacted_event_study,rel_p4_X_disp,rel_p1_X_disp_X_density,-2.7657678738216503e-05
raw_500m_density_interacted_event_study,rel_p4_X_disp,rel_p1_X_treated_X_disp_X_density,8.608142885502624e-05
raw_500m_density_interacted_event_study,rel_p4_X_disp,rel_p2_X_treated,8.892778399839077e-05
raw_500m_density_interacted_event_study,rel_p4_X_disp,rel_p2_X_disp,0.00010674520748387235
raw_500m_density_interacted_event_study,rel_p4_X_disp,rel_p2_X_treated_X_disp,-6.251712206801731e-05
raw_500m_density_interacted_event_study,rel_p4_X_disp,rel_p2_X_density,5.136672327924346e-05
raw_500m_density_interacted_event_study,rel_p4_X_disp,rel_p2_X_treated_X_density,-6.237625495297982e-05
raw_500m_density_interacted_event_study,rel_p4_X_disp,rel_p2_X_disp_X_density,-2.049685644994658e-05
raw_500m_density_interacted_event_study,rel_p4_X_disp,rel_p2_X_treated_X_disp_X_density,0.00020007479737810477
raw_500m_density_interacted_event_study,rel_p4_X_disp,rel_p3_X_treated,-1.716121739174685e-05
raw_500m_density_interacted_event_study,rel_p4_X_disp,rel_p3_X_disp,9.82391505315521e-05
raw_500m_density_interacted_event_study,rel_p4_X_disp,rel_p3_X_treated_X_disp,6.561770290188239e-05
raw_500m_density_interacted_event_study,rel_p4_X_disp,rel_p3_X_density,-3.1777929001117477e-06
raw_500m_density_interacted_event_study,rel_p4_X_disp,rel_p3_X_treated_X_density,-6.490153720224546e-05
raw_500m_density_interacted_event_study,rel_p4_X_disp,rel_p3_X_disp_X_density,3.585854617682062e-05
raw_500m_density_interacted_event_study,rel_p4_X_disp,rel_p3_X_treated_X_disp_X_density,0.00010464530992794462
raw_500m_density_interacted_event_study,rel_p4_X_disp,rel_p4_X_treated,0.00010285622550658158
raw_500m_density_interacted_event_study,rel_p4_X_disp,rel_p4_X_disp,0.00025913546642970884
raw_500m_density_interacted_event_study,rel_p4_X_disp,rel_p4_X_treated_X_disp,-0.00018500475894520828
raw_500m_density_interacted_event_study,rel_p4_X_disp,rel_p4_X_density,0.00012059448029308696
raw_500m_density_interacted_event_study,rel_p4_X_disp,rel_p4_X_treated_X_density,-0.00020496866062749887
raw_500m_density_interacted_event_study,rel_p4_X_disp,rel_p4_X_disp_X_density,-0.0001238611094839206
raw_500m_density_interacted_event_study,rel_p4_X_disp,rel_p4_X_treated_X_disp_X_density,0.00028187294066990174
raw_500m_density_interacted_event_study,rel_p4_X_treated_X_disp,rel_m4_X_treated,7.641520656080369e-05
raw_500m_density_interacted_event_study,rel_p4_X_treated_X_disp,rel_m4_X_disp,-4.79071338530362e-05
raw_500m_density_interacted_event_study,rel_p4_X_treated_X_disp,rel_m4_X_treated_X_disp,7.086027118661023e-05
raw_500m_density_interacted_event_study,rel_p4_X_treated_X_disp,rel_m4_X_density,2.7224532917810676e-05
raw_500m_density_interacted_event_study,rel_p4_X_treated_X_disp,rel_m4_X_treated_X_density,-9.694040941060327e-05
raw_500m_density_interacted_event_study,rel_p4_X_treated_X_disp,rel_m4_X_disp_X_density,-9.055547482267818e-05
raw_500m_density_interacted_event_study,rel_p4_X_treated_X_disp,rel_m4_X_treated_X_disp_X_density,3.90310461692196e-05
raw_500m_density_interacted_event_study,rel_p4_X_treated_X_disp,rel_m3_X_treated,-7.100058906200773e-05
raw_500m_density_interacted_event_study,rel_p4_X_treated_X_disp,rel_m3_X_disp,-3.152188616625397e-05
raw_500m_density_interacted_event_study,rel_p4_X_treated_X_disp,rel_m3_X_treated_X_disp,0.00019104463899993274
raw_500m_density_interacted_event_study,rel_p4_X_treated_X_disp,rel_m3_X_density,-1.9173801567092518e-05
raw_500m_density_interacted_event_study,rel_p4_X_treated_X_disp,rel_m3_X_treated_X_density,-7.965724574297135e-06
raw_500m_density_interacted_event_study,rel_p4_X_treated_X_disp,rel_m3_X_disp_X_density,-2.8095885979190543e-05
raw_500m_density_interacted_event_study,rel_p4_X_treated_X_disp,rel_m3_X_treated_X_disp_X_density,0.000247089959218888
raw_500m_density_interacted_event_study,rel_p4_X_treated_X_disp,rel_m2_X_treated,0.00011823446334616221
raw_500m_density_interacted_event_study,rel_p4_X_treated_X_disp,rel_m2_X_disp,7.903790630097033e-06
raw_500m_density_interacted_event_study,rel_p4_X_treated_X_disp,rel_m2_X_treated_X_disp,-2.7765945265901953e-05
raw_500m_density_interacted_event_study,rel_p4_X_treated_X_disp,rel_m2_X_density,3.005583369498475e-05
raw_500m_density_interacted_event_study,rel_p4_X_treated_X_disp,rel_m2_X_treated_X_density,0.0001199757127617249
raw_500m_density_interacted_event_study,rel_p4_X_treated_X_disp,rel_m2_X_disp_X_density,-8.8461643427947e-05
raw_500m_density_interacted_event_study,rel_p4_X_treated_X_disp,rel_m2_X_treated_X_disp_X_density,-0.00019134038805011344
raw_500m_density_interacted_event_study,rel_p4_X_treated_X_disp,rel_p1_X_treated,7.837020635007158e-05
raw_500m_density_interacted_event_study,rel_p4_X_treated_X_disp,rel_p1_X_disp,-7.364633435018192e-05
raw_500m_density_interacted_event_study,rel_p4_X_treated_X_disp,rel_p1_X_treated_X_disp,1.281894813480317e-05
raw_500m_density_interacted_event_study,rel_p4_X_treated_X_disp,rel_p1_X_density,4.582024006443587e-05
raw_500m_density_interacted_event_study,rel_p4_X_treated_X_disp,rel_p1_X_treated_X_density,0.000415381802040653
raw_500m_density_interacted_event_study,rel_p4_X_treated_X_disp,rel_p1_X_disp_X_density,-8.148626766766327e-05
raw_500m_density_interacted_event_study,rel_p4_X_treated_X_disp,rel_p1_X_treated_X_disp_X_density,-0.0001439368753288638
raw_500m_density_interacted_event_study,rel_p4_X_treated_X_disp,rel_p2_X_treated,-0.0002307716695406547
raw_500m_density_interacted_event_study,rel_p4_X_treated_X_disp,rel_p2_X_disp,-0.00010498890727737648
raw_500m_density_interacted_event_study,rel_p4_X_treated_X_disp,rel_p2_X_treated_X_disp,0.00027248228405809285
raw_500m_density_interacted_event_study,rel_p4_X_treated_X_disp,rel_p2_X_density,-9.106888851349849e-06
raw_500m_density_interacted_event_study,rel_p4_X_treated_X_disp,rel_p2_X_treated_X_density,0.00018597216510453962
raw_500m_density_interacted_event_study,rel_p4_X_treated_X_disp,rel_p2_X_disp_X_density,-4.626404907481e-05
raw_500m_density_interacted_event_study,rel_p4_X_treated_X_disp,rel_p2_X_treated_X_disp_X_density,-0.00011584329411428845
raw_500m_density_interacted_event_study,rel_p4_X_treated_X_disp,rel_p3_X_treated,-6.534175579046686e-05
raw_500m_density_interacted_event_study,rel_p4_X_treated_X_disp,rel_p3_X_disp,-5.4239468957780446e-05
raw_500m_density_interacted_event_study,rel_p4_X_treated_X_disp,rel_p3_X_treated_X_disp,1.6770676828994207e-06
raw_500m_density_interacted_event_study,rel_p4_X_treated_X_disp,rel_p3_X_density,2.829613553768786e-05
raw_500m_density_interacted_event_study,rel_p4_X_treated_X_disp,rel_p3_X_treated_X_density,0.0002625261874484148
raw_500m_density_interacted_event_study,rel_p4_X_treated_X_disp,rel_p3_X_disp_X_density,-9.409522831084266e-05
raw_500m_density_interacted_event_study,rel_p4_X_treated_X_disp,rel_p3_X_treated_X_disp_X_density,-0.00035197403931109845
raw_500m_density_interacted_event_study,rel_p4_X_treated_X_disp,rel_p4_X_treated,-0.00025584375352033257
raw_500m_density_interacted_event_study,rel_p4_X_treated_X_disp,rel_p4_X_disp,-0.0001850047589452081
raw_500m_density_interacted_event_study,rel_p4_X_treated_X_disp,rel_p4_X_treated_X_disp,0.0003477709814916776
raw_500m_density_interacted_event_study,rel_p4_X_treated_X_disp,rel_p4_X_density,-5.8676680793251734e-05
raw_500m_density_interacted_event_study,rel_p4_X_treated_X_disp,rel_p4_X_treated_X_density,0.00018319149487465056
raw_500m_density_interacted_event_study,rel_p4_X_treated_X_disp,rel_p4_X_disp_X_density,3.119065797255635e-05
raw_500m_density_interacted_event_study,rel_p4_X_treated_X_disp,rel_p4_X_treated_X_disp_X_density,-0.000261496111196265
raw_500m_density_interacted_event_study,rel_p4_X_density,rel_m4_X_treated,8.007899202302808e-05
raw_500m_density_interacted_event_study,rel_p4_X_density,rel_m4_X_disp,5.3511396617157136e-05
raw_500m_density_interacted_event_study,rel_p4_X_density,rel_m4_X_treated_X_disp,-6.444292105388827e-05
raw_500m_density_interacted_event_study,rel_p4_X_density,rel_m4_X_density,7.973726707648472e-05
raw_500m_density_interacted_event_study,rel_p4_X_density,rel_m4_X_treated_X_density,-0.00015039808538049187
raw_500m_density_interacted_event_study,rel_p4_X_density,rel_m4_X_disp_X_density,-8.732497172859582e-05
raw_500m_density_interacted_event_study,rel_p4_X_density,rel_m4_X_treated_X_disp_X_density,0.00026505511246372625
raw_500m_density_interacted_event_study,rel_p4_X_density,rel_m3_X_treated,0.00020183933009348474
raw_500m_density_interacted_event_study,rel_p4_X_density,rel_m3_X_disp,7.607370231337471e-05
raw_500m_density_interacted_event_study,rel_p4_X_density,rel_m3_X_treated_X_disp,-0.00021135121418871394
raw_500m_density_interacted_event_study,rel_p4_X_density,rel_m3_X_density,9.308109753463573e-05
raw_500m_density_interacted_event_study,rel_p4_X_density,rel_m3_X_treated_X_density,-0.00015766299438965597
raw_500m_density_interacted_event_study,rel_p4_X_density,rel_m3_X_disp_X_density,-0.00011655732303041642
raw_500m_density_interacted_event_study,rel_p4_X_density,rel_m3_X_treated_X_disp_X_density,5.296726314092436e-05
raw_500m_density_interacted_event_study,rel_p4_X_density,rel_m2_X_treated,-3.844335211425719e-06
raw_500m_density_interacted_event_study,rel_p4_X_density,rel_m2_X_disp,6.567563600015861e-05
raw_500m_density_interacted_event_study,rel_p4_X_density,rel_m2_X_treated_X_disp,7.847893529536673e-06
raw_500m_density_interacted_event_study,rel_p4_X_density,rel_m2_X_density,7.765383334049424e-05
raw_500m_density_interacted_event_study,rel_p4_X_density,rel_m2_X_treated_X_density,-0.0003196994041087544
raw_500m_density_interacted_event_study,rel_p4_X_density,rel_m2_X_disp_X_density,-7.499315432318247e-05
raw_500m_density_interacted_event_study,rel_p4_X_density,rel_m2_X_treated_X_disp_X_density,0.0004505676104260191
raw_500m_density_interacted_event_study,rel_p4_X_density,rel_p1_X_treated,0.00014625688565379804
raw_500m_density_interacted_event_study,rel_p4_X_density,rel_p1_X_disp,9.690918643374915e-05
raw_500m_density_interacted_event_study,rel_p4_X_density,rel_p1_X_treated_X_disp,-0.0001469752762053903
raw_500m_density_interacted_event_study,rel_p4_X_density,rel_p1_X_density,7.308846867882596e-05
raw_500m_density_interacted_event_study,rel_p4_X_density,rel_p1_X_treated_X_density,-8.13650578303323e-05
raw_500m_density_interacted_event_study,rel_p4_X_density,rel_p1_X_disp_X_density,-0.0001344808041489563
raw_500m_density_interacted_event_study,rel_p4_X_density,rel_p1_X_treated_X_disp_X_density,3.8292657200050875e-05
raw_500m_density_interacted_event_study,rel_p4_X_density,rel_p2_X_treated,7.380654720325675e-05
raw_500m_density_interacted_event_study,rel_p4_X_density,rel_p2_X_disp,2.91430120675711e-05
raw_500m_density_interacted_event_study,rel_p4_X_density,rel_p2_X_treated_X_disp,-5.9720879996095156e-05
raw_500m_density_interacted_event_study,rel_p4_X_density,rel_p2_X_density,0.0001084580009423656
raw_500m_density_interacted_event_study,rel_p4_X_density,rel_p2_X_treated_X_density,-0.0002051865185233124
raw_500m_density_interacted_event_study,rel_p4_X_density,rel_p2_X_disp_X_density,-0.00010201678403530851
raw_500m_density_interacted_event_study,rel_p4_X_density,rel_p2_X_treated_X_disp_X_density,0.00025998995482637993
raw_500m_density_interacted_event_study,rel_p4_X_density,rel_p3_X_treated,0.00024545458816110243
raw_500m_density_interacted_event_study,rel_p4_X_density,rel_p3_X_disp,0.00014113948974959622
raw_500m_density_interacted_event_study,rel_p4_X_density,rel_p3_X_treated_X_disp,-0.00016922496042259716
raw_500m_density_interacted_event_study,rel_p4_X_density,rel_p3_X_density,4.280001831758945e-05
raw_500m_density_interacted_event_study,rel_p4_X_density,rel_p3_X_treated_X_density,-0.00012356925854423978
raw_500m_density_interacted_event_study,rel_p4_X_density,rel_p3_X_disp_X_density,-5.863672986492022e-05
raw_500m_density_interacted_event_study,rel_p4_X_density,rel_p3_X_treated_X_disp_X_density,7.113753665264196e-05
raw_500m_density_interacted_event_study,rel_p4_X_density,rel_p4_X_treated,2.6091437760622044e-05
raw_500m_density_interacted_event_study,rel_p4_X_density,rel_p4_X_disp,0.00012059448029308684
raw_500m_density_interacted_event_study,rel_p4_X_density,rel_p4_X_treated_X_disp,-5.867668079325167e-05
raw_500m_density_interacted_event_study,rel_p4_X_density,rel_p4_X_density,0.00024383697712205443
raw_500m_density_interacted_event_study,rel_p4_X_density,rel_p4_X_treated_X_density,-0.0004917909049275156
raw_500m_density_interacted_event_study,rel_p4_X_density,rel_p4_X_disp_X_density,-0.00025172116682686384
raw_500m_density_interacted_event_study,rel_p4_X_density,rel_p4_X_treated_X_disp_X_density,0.0005335988861094342
raw_500m_density_interacted_event_study,rel_p4_X_treated_X_density,rel_m4_X_treated,2.7267783638763995e-05
raw_500m_density_interacted_event_study,rel_p4_X_treated_X_density,rel_m4_X_disp,7.433269800807912e-05
raw_500m_density_interacted_event_study,rel_p4_X_treated_X_density,rel_m4_X_treated_X_disp,-0.00018653972888041853
raw_500m_density_interacted_event_study,rel_p4_X_treated_X_density,rel_m4_X_density,-8.701235724038866e-05
raw_500m_density_interacted_event_study,rel_p4_X_treated_X_density,rel_m4_X_treated_X_density,0.00037496583110667404
raw_500m_density_interacted_event_study,rel_p4_X_treated_X_density,rel_m4_X_disp_X_density,0.00013973530650124386
raw_500m_density_interacted_event_study,rel_p4_X_treated_X_density,rel_m4_X_treated_X_disp_X_density,-0.0006207751830282084
raw_500m_density_interacted_event_study,rel_p4_X_treated_X_density,rel_m3_X_treated,-0.00033396788166491253
raw_500m_density_interacted_event_study,rel_p4_X_treated_X_density,rel_m3_X_disp,-0.00012198421216404095
raw_500m_density_interacted_event_study,rel_p4_X_treated_X_density,rel_m3_X_treated_X_disp,0.00019549562076152217
raw_500m_density_interacted_event_study,rel_p4_X_treated_X_density,rel_m3_X_density,-0.00015645168659485782
raw_500m_density_interacted_event_study,rel_p4_X_treated_X_density,rel_m3_X_treated_X_density,0.0011601956485359334
raw_500m_density_interacted_event_study,rel_p4_X_treated_X_density,rel_m3_X_disp_X_density,0.00019672529114042814
raw_500m_density_interacted_event_study,rel_p4_X_treated_X_density,rel_m3_X_treated_X_disp_X_density,-0.00046484595032970726
raw_500m_density_interacted_event_study,rel_p4_X_treated_X_density,rel_m2_X_treated,0.00022019484203697826
raw_500m_density_interacted_event_study,rel_p4_X_treated_X_density,rel_m2_X_disp,-0.00013722929353011636
raw_500m_density_interacted_event_study,rel_p4_X_treated_X_density,rel_m2_X_treated_X_disp,-0.0001779633814324611
raw_500m_density_interacted_event_study,rel_p4_X_treated_X_density,rel_m2_X_density,-0.000132232231633169
raw_500m_density_interacted_event_study,rel_p4_X_treated_X_density,rel_m2_X_treated_X_density,0.0013753161062628045
raw_500m_density_interacted_event_study,rel_p4_X_treated_X_density,rel_m2_X_disp_X_density,0.0001743251098399497
raw_500m_density_interacted_event_study,rel_p4_X_treated_X_density,rel_m2_X_treated_X_disp_X_density,-0.0015538488504467745
raw_500m_density_interacted_event_study,rel_p4_X_treated_X_density,rel_p1_X_treated,-0.00028429366010268705
raw_500m_density_interacted_event_study,rel_p4_X_treated_X_density,rel_p1_X_disp,-6.757412718876713e-05
raw_500m_density_interacted_event_study,rel_p4_X_treated_X_density,rel_p1_X_treated_X_disp,0.00025306186378498176
raw_500m_density_interacted_event_study,rel_p4_X_treated_X_density,rel_p1_X_density,-0.00012033281556077869
raw_500m_density_interacted_event_study,rel_p4_X_treated_X_density,rel_p1_X_treated_X_density,0.0009234020161758513
raw_500m_density_interacted_event_study,rel_p4_X_treated_X_density,rel_p1_X_disp_X_density,0.00025867180145175536
raw_500m_density_interacted_event_study,rel_p4_X_treated_X_density,rel_p1_X_treated_X_disp_X_density,-0.0005337362633191776
raw_500m_density_interacted_event_study,rel_p4_X_treated_X_density,rel_p2_X_treated,-0.0001642238803584629
raw_500m_density_interacted_event_study,rel_p4_X_treated_X_density,rel_p2_X_disp,-4.038161215387556e-05
raw_500m_density_interacted_event_study,rel_p4_X_treated_X_density,rel_p2_X_treated_X_disp,9.161886322853651e-06
raw_500m_density_interacted_event_study,rel_p4_X_treated_X_density,rel_p2_X_density,-0.0001709201556517567
raw_500m_density_interacted_event_study,rel_p4_X_treated_X_density,rel_p2_X_treated_X_density,0.00148146453574379
raw_500m_density_interacted_event_study,rel_p4_X_treated_X_density,rel_p2_X_disp_X_density,0.00022152204311877972
raw_500m_density_interacted_event_study,rel_p4_X_treated_X_density,rel_p2_X_treated_X_disp_X_density,-0.0012356556909569223
raw_500m_density_interacted_event_study,rel_p4_X_treated_X_density,rel_p3_X_treated,-0.000766997478642129
raw_500m_density_interacted_event_study,rel_p4_X_treated_X_density,rel_p3_X_disp,-0.0002934057742963561
raw_500m_density_interacted_event_study,rel_p4_X_treated_X_density,rel_p3_X_treated_X_disp,0.0005967598104017418
raw_500m_density_interacted_event_study,rel_p4_X_treated_X_density,rel_p3_X_density,-0.00011405698893469529
raw_500m_density_interacted_event_study,rel_p4_X_treated_X_density,rel_p3_X_treated_X_density,0.001056225472932058
raw_500m_density_interacted_event_study,rel_p4_X_treated_X_density,rel_p3_X_disp_X_density,0.00016961758119382757
raw_500m_density_interacted_event_study,rel_p4_X_treated_X_density,rel_p3_X_treated_X_disp_X_density,-0.0008630868836712194
raw_500m_density_interacted_event_study,rel_p4_X_treated_X_density,rel_p4_X_treated,7.784204478644576e-06
raw_500m_density_interacted_event_study,rel_p4_X_treated_X_density,rel_p4_X_disp,-0.00020496866062749908
raw_500m_density_interacted_event_study,rel_p4_X_treated_X_density,rel_p4_X_treated_X_disp,0.0001831914948746534
raw_500m_density_interacted_event_study,rel_p4_X_treated_X_density,rel_p4_X_density,-0.0004917909049275146
raw_500m_density_interacted_event_study,rel_p4_X_treated_X_density,rel_p4_X_treated_X_density,0.0019810796119005356
raw_500m_density_interacted_event_study,rel_p4_X_treated_X_density,rel_p4_X_disp_X_density,0.0005249239089268612
raw_500m_density_interacted_event_study,rel_p4_X_treated_X_density,rel_p4_X_treated_X_disp_X_density,-0.0020171029044736733
raw_500m_density_interacted_event_study,rel_p4_X_disp_X_density,rel_m4_X_treated,-9.915676854787868e-05
raw_500m_density_interacted_event_study,rel_p4_X_disp_X_density,rel_m4_X_disp,-4.4447023981297115e-05
raw_500m_density_interacted_event_study,rel_p4_X_disp_X_density,rel_m4_X_treated_X_disp,2.9603970290948022e-05
raw_500m_density_interacted_event_study,rel_p4_X_disp_X_density,rel_m4_X_density,-8.264216203457385e-05
raw_500m_density_interacted_event_study,rel_p4_X_disp_X_density,rel_m4_X_treated_X_density,0.0001360597198202508
raw_500m_density_interacted_event_study,rel_p4_X_disp_X_density,rel_m4_X_disp_X_density,0.00010694020047738913
raw_500m_density_interacted_event_study,rel_p4_X_disp_X_density,rel_m4_X_treated_X_disp_X_density,-0.0003121137020638356
raw_500m_density_interacted_event_study,rel_p4_X_disp_X_density,rel_m3_X_treated,-0.00018727090243745028
raw_500m_density_interacted_event_study,rel_p4_X_disp_X_density,rel_m3_X_disp,-6.824771944645141e-05
raw_500m_density_interacted_event_study,rel_p4_X_disp_X_density,rel_m3_X_treated_X_disp,0.0001472484276119886
raw_500m_density_interacted_event_study,rel_p4_X_disp_X_density,rel_m3_X_density,-9.341994786448077e-05
raw_500m_density_interacted_event_study,rel_p4_X_disp_X_density,rel_m3_X_treated_X_density,0.00016647814089042857
raw_500m_density_interacted_event_study,rel_p4_X_disp_X_density,rel_m3_X_disp_X_density,0.0001340951178819824
raw_500m_density_interacted_event_study,rel_p4_X_disp_X_density,rel_m3_X_treated_X_disp_X_density,-0.00010329304851748662
raw_500m_density_interacted_event_study,rel_p4_X_disp_X_density,rel_m2_X_treated,-6.0758058467736195e-06
raw_500m_density_interacted_event_study,rel_p4_X_disp_X_density,rel_m2_X_disp,-6.2439792403846e-05
raw_500m_density_interacted_event_study,rel_p4_X_disp_X_density,rel_m2_X_treated_X_disp,-1.729198876165535e-05
raw_500m_density_interacted_event_study,rel_p4_X_disp_X_density,rel_m2_X_density,-7.53096782032278e-05
raw_500m_density_interacted_event_study,rel_p4_X_disp_X_density,rel_m2_X_treated_X_density,0.0002678858709704487
raw_500m_density_interacted_event_study,rel_p4_X_disp_X_density,rel_m2_X_disp_X_density,0.00010085026081560933
raw_500m_density_interacted_event_study,rel_p4_X_disp_X_density,rel_m2_X_treated_X_disp_X_density,-0.00046138599887048104
raw_500m_density_interacted_event_study,rel_p4_X_disp_X_density,rel_p1_X_treated,-0.0001553150740014794
raw_500m_density_interacted_event_study,rel_p4_X_disp_X_density,rel_p1_X_disp,-8.393417537510364e-05
raw_500m_density_interacted_event_study,rel_p4_X_disp_X_density,rel_p1_X_treated_X_disp,0.0001153270240687154
raw_500m_density_interacted_event_study,rel_p4_X_disp_X_density,rel_p1_X_density,-7.665126867924687e-05
raw_500m_density_interacted_event_study,rel_p4_X_disp_X_density,rel_p1_X_treated_X_density,1.2201912284578437e-05
raw_500m_density_interacted_event_study,rel_p4_X_disp_X_density,rel_p1_X_disp_X_density,0.00017071108552012406
raw_500m_density_interacted_event_study,rel_p4_X_disp_X_density,rel_p1_X_treated_X_disp_X_density,-8.003376938903585e-05
raw_500m_density_interacted_event_study,rel_p4_X_disp_X_density,rel_p2_X_treated,-5.516742091764865e-05
raw_500m_density_interacted_event_study,rel_p4_X_disp_X_density,rel_p2_X_disp,-1.7312862635833265e-05
raw_500m_density_interacted_event_study,rel_p4_X_disp_X_density,rel_p2_X_treated_X_disp,4.7025452320697346e-06
raw_500m_density_interacted_event_study,rel_p4_X_disp_X_density,rel_p2_X_density,-0.00011252161898976633
raw_500m_density_interacted_event_study,rel_p4_X_disp_X_density,rel_p2_X_treated_X_density,0.0002309862865123177
raw_500m_density_interacted_event_study,rel_p4_X_disp_X_density,rel_p2_X_disp_X_density,0.000131538326585622
raw_500m_density_interacted_event_study,rel_p4_X_disp_X_density,rel_p2_X_treated_X_disp_X_density,-0.00032789270613374136
raw_500m_density_interacted_event_study,rel_p4_X_disp_X_density,rel_p3_X_treated,-0.0002180941319121082
raw_500m_density_interacted_event_study,rel_p4_X_disp_X_density,rel_p3_X_disp,-0.0001245092972184264
raw_500m_density_interacted_event_study,rel_p4_X_disp_X_density,rel_p3_X_treated_X_disp,0.00013481869217979488
raw_500m_density_interacted_event_study,rel_p4_X_disp_X_density,rel_p3_X_density,-4.023118162911742e-05
raw_500m_density_interacted_event_study,rel_p4_X_disp_X_density,rel_p3_X_treated_X_density,0.00015134234878323098
raw_500m_density_interacted_event_study,rel_p4_X_disp_X_density,rel_p3_X_disp_X_density,6.897894930804361e-05
raw_500m_density_interacted_event_study,rel_p4_X_disp_X_density,rel_p3_X_treated_X_disp_X_density,-6.348526798996089e-05
raw_500m_density_interacted_event_study,rel_p4_X_disp_X_density,rel_p4_X_treated,-1.117444203955678e-05
raw_500m_density_interacted_event_study,rel_p4_X_disp_X_density,rel_p4_X_disp,-0.00012386110948392053
raw_500m_density_interacted_event_study,rel_p4_X_disp_X_density,rel_p4_X_treated_X_disp,3.1190657972556076e-05
raw_500m_density_interacted_event_study,rel_p4_X_disp_X_density,rel_p4_X_density,-0.00025172116682686406
raw_500m_density_interacted_event_study,rel_p4_X_disp_X_density,rel_p4_X_treated_X_density,0.0005249239089268635
raw_500m_density_interacted_event_study,rel_p4_X_disp_X_density,rel_p4_X_disp_X_density,0.00027924763225500453
raw_500m_density_interacted_event_study,rel_p4_X_disp_X_density,rel_p4_X_treated_X_disp_X_density,-0.0005960021898896873
raw_500m_density_interacted_event_study,rel_p4_X_treated_X_disp_X_density,rel_m4_X_treated,-9.310471144401779e-05
raw_500m_density_interacted_event_study,rel_p4_X_treated_X_disp_X_density,rel_m4_X_disp,-6.05008890854827e-05
raw_500m_density_interacted_event_study,rel_p4_X_treated_X_disp_X_density,rel_m4_X_treated_X_disp,0.0002614393595496751
raw_500m_density_interacted_event_study,rel_p4_X_treated_X_disp_X_density,rel_m4_X_density,9.340268312291792e-05
raw_500m_density_interacted_event_study,rel_p4_X_treated_X_disp_X_density,rel_m4_X_treated_X_density,-7.720321370415448e-06
raw_500m_density_interacted_event_study,rel_p4_X_treated_X_disp_X_density,rel_m4_X_disp_X_density,-0.00018505679486977572
raw_500m_density_interacted_event_study,rel_p4_X_treated_X_disp_X_density,rel_m4_X_treated_X_disp_X_density,0.0007029827658870866
raw_500m_density_interacted_event_study,rel_p4_X_treated_X_disp_X_density,rel_m3_X_treated,0.00020897765769799053
raw_500m_density_interacted_event_study,rel_p4_X_treated_X_disp_X_density,rel_m3_X_disp,0.00011653923570885944
raw_500m_density_interacted_event_study,rel_p4_X_treated_X_disp_X_density,rel_m3_X_treated_X_disp,-3.3226859833072414e-05
raw_500m_density_interacted_event_study,rel_p4_X_treated_X_disp_X_density,rel_m3_X_density,0.00014020247007835783
raw_500m_density_interacted_event_study,rel_p4_X_treated_X_disp_X_density,rel_m3_X_treated_X_density,-0.0012236293811139591
raw_500m_density_interacted_event_study,rel_p4_X_treated_X_disp_X_density,rel_m3_X_disp_X_density,-0.0002423651352321784
raw_500m_density_interacted_event_study,rel_p4_X_treated_X_disp_X_density,rel_m3_X_treated_X_disp_X_density,0.000692855446738986
raw_500m_density_interacted_event_study,rel_p4_X_treated_X_disp_X_density,rel_m2_X_treated,-0.00015893508366305592
raw_500m_density_interacted_event_study,rel_p4_X_treated_X_disp_X_density,rel_m2_X_disp,6.777941983735184e-05
raw_500m_density_interacted_event_study,rel_p4_X_treated_X_disp_X_density,rel_m2_X_treated_X_disp,0.00019974463382559936
raw_500m_density_interacted_event_study,rel_p4_X_treated_X_disp_X_density,rel_m2_X_density,0.00013364086051150556
raw_500m_density_interacted_event_study,rel_p4_X_treated_X_disp_X_density,rel_m2_X_treated_X_density,-0.0010048193790997504
raw_500m_density_interacted_event_study,rel_p4_X_treated_X_disp_X_density,rel_m2_X_disp_X_density,-0.0002485443121010154
raw_500m_density_interacted_event_study,rel_p4_X_treated_X_disp_X_density,rel_m2_X_treated_X_disp_X_density,0.0014334113635865856
raw_500m_density_interacted_event_study,rel_p4_X_treated_X_disp_X_density,rel_p1_X_treated,0.0003198169021761369
raw_500m_density_interacted_event_study,rel_p4_X_treated_X_disp_X_density,rel_p1_X_disp,3.453426561036025e-05
raw_500m_density_interacted_event_study,rel_p4_X_treated_X_disp_X_density,rel_p1_X_treated_X_disp,-0.00012527804781851883
raw_500m_density_interacted_event_study,rel_p4_X_treated_X_disp_X_density,rel_p1_X_density,0.00013571361338100062
raw_500m_density_interacted_event_study,rel_p4_X_treated_X_disp_X_density,rel_p1_X_treated_X_density,-0.0011055315606150436
raw_500m_density_interacted_event_study,rel_p4_X_treated_X_disp_X_density,rel_p1_X_disp_X_density,-0.0003781064180858424
raw_500m_density_interacted_event_study,rel_p4_X_treated_X_disp_X_density,rel_p1_X_treated_X_disp_X_density,0.0012019620319094035
raw_500m_density_interacted_event_study,rel_p4_X_treated_X_disp_X_density,rel_p2_X_treated,0.00016330362336566823
raw_500m_density_interacted_event_study,rel_p4_X_treated_X_disp_X_density,rel_p2_X_disp,5.238665711857985e-05
raw_500m_density_interacted_event_study,rel_p4_X_treated_X_disp_X_density,rel_p2_X_treated_X_disp,2.2770245009109352e-05
raw_500m_density_interacted_event_study,rel_p4_X_treated_X_disp_X_density,rel_p2_X_density,0.00024437621266697824
raw_500m_density_interacted_event_study,rel_p4_X_treated_X_disp_X_density,rel_p2_X_treated_X_density,-0.001716979484323447
raw_500m_density_interacted_event_study,rel_p4_X_treated_X_disp_X_density,rel_p2_X_disp_X_density,-0.0003723749169593374
raw_500m_density_interacted_event_study,rel_p4_X_treated_X_disp_X_density,rel_p2_X_treated_X_disp_X_density,0.0016633017824746912
raw_500m_density_interacted_event_study,rel_p4_X_treated_X_disp_X_density,rel_p3_X_treated,0.0007049666657577606
raw_500m_density_interacted_event_study,rel_p4_X_treated_X_disp_X_density,rel_p3_X_disp,0.0002843419135786237
raw_500m_density_interacted_event_study,rel_p4_X_treated_X_disp_X_density,rel_p3_X_treated_X_disp,-0.0004616326094038247
raw_500m_density_interacted_event_study,rel_p4_X_treated_X_disp_X_density,rel_p3_X_density,0.00012556526922322226
raw_500m_density_interacted_event_study,rel_p4_X_treated_X_disp_X_density,rel_p3_X_treated_X_density,-0.0014266960379771363
raw_500m_density_interacted_event_study,rel_p4_X_treated_X_disp_X_density,rel_p3_X_disp_X_density,-0.00027476472605203386
raw_500m_density_interacted_event_study,rel_p4_X_treated_X_disp_X_density,rel_p3_X_treated_X_disp_X_density,0.0015555569512163295
raw_500m_density_interacted_event_study,rel_p4_X_treated_X_disp_X_density,rel_p4_X_treated,5.0343191102381304e-05
raw_500m_density_interacted_event_study,rel_p4_X_treated_X_disp_X_density,rel_p4_X_disp,0.00028187294066990174
raw_500m_density_interacted_event_study,rel_p4_X_treated_X_disp_X_density,rel_p4_X_treated_X_disp,-0.00026149611119626693
raw_500m_density_interacted_event_study,rel_p4_X_treated_X_disp_X_density,rel_p4_X_density,0.0005335988861094334
raw_500m_density_interacted_event_study,rel_p4_X_treated_X_disp_X_density,rel_p4_X_treated_X_density,-0.0020171029044736776
raw_500m_density_interacted_event_study,rel_p4_X_treated_X_disp_X_density,rel_p4_X_disp_X_density,-0.0005960021898896856
raw_500m_density_interacted_event_study,rel_p4_X_treated_X_disp_X_density,rel_p4_X_treated_X_disp_X_density,0.002608278050057786
preferred_store_event_period_fe_event_study,rel_m4_X_disp_store_fe,rel_m4_X_disp_store_fe,0.00021518587005853112
preferred_store_event_period_fe_event_study,rel_m4_X_disp_store_fe,rel_m4_X_treated_X_disp_store_fe,-0.00022888157717911327
preferred_store_event_period_fe_event_study,rel_m4_X_disp_store_fe,rel_m3_X_disp_store_fe,0.00015202205400348672
preferred_store_event_period_fe_event_study,rel_m4_X_disp_store_fe,rel_m3_X_treated_X_disp_store_fe,-0.0002265940377904218
preferred_store_event_period_fe_event_study,rel_m4_X_disp_store_fe,rel_m2_X_disp_store_fe,0.00013021926773223842
preferred_store_event_period_fe_event_study,rel_m4_X_disp_store_fe,rel_m2_X_treated_X_disp_store_fe,-0.00015007570915149312
preferred_store_event_period_fe_event_study,rel_m4_X_disp_store_fe,rel_p1_X_disp_store_fe,0.0001596941383233142
preferred_store_event_period_fe_event_study,rel_m4_X_disp_store_fe,rel_p1_X_treated_X_disp_store_fe,-0.00019948403428064827
preferred_store_event_period_fe_event_study,rel_m4_X_disp_store_fe,rel_p2_X_disp_store_fe,8.400332571605938e-05
preferred_store_event_period_fe_event_study,rel_m4_X_disp_store_fe,rel_p2_X_treated_X_disp_store_fe,-0.0001379721746399473
preferred_store_event_period_fe_event_study,rel_m4_X_disp_store_fe,rel_p3_X_disp_store_fe,8.817745680402979e-05
preferred_store_event_period_fe_event_study,rel_m4_X_disp_store_fe,rel_p3_X_treated_X_disp_store_fe,-3.545884283830189e-05
preferred_store_event_period_fe_event_study,rel_m4_X_disp_store_fe,rel_p4_X_disp_store_fe,0.00013876773569735846
preferred_store_event_period_fe_event_study,rel_m4_X_disp_store_fe,rel_p4_X_treated_X_disp_store_fe,-5.353524056555954e-05
preferred_store_event_period_fe_event_study,rel_m4_X_treated_X_disp_store_fe,rel_m4_X_disp_store_fe,-0.0002288815771791134
preferred_store_event_period_fe_event_study,rel_m4_X_treated_X_disp_store_fe,rel_m4_X_treated_X_disp_store_fe,0.0007618526940663178
preferred_store_event_period_fe_event_study,rel_m4_X_treated_X_disp_store_fe,rel_m3_X_disp_store_fe,-0.00016407085242257872
preferred_store_event_period_fe_event_study,rel_m4_X_treated_X_disp_store_fe,rel_m3_X_treated_X_disp_store_fe,0.0006805131073123473
preferred_store_event_period_fe_event_study,rel_m4_X_treated_X_disp_store_fe,rel_m2_X_disp_store_fe,-5.598153239751119e-05
preferred_store_event_period_fe_event_study,rel_m4_X_treated_X_disp_store_fe,rel_m2_X_treated_X_disp_store_fe,0.0003576927510447747
preferred_store_event_period_fe_event_study,rel_m4_X_treated_X_disp_store_fe,rel_p1_X_disp_store_fe,-0.0001488390281487655
preferred_store_event_period_fe_event_study,rel_m4_X_treated_X_disp_store_fe,rel_p1_X_treated_X_disp_store_fe,0.00040423425733097506
preferred_store_event_period_fe_event_study,rel_m4_X_treated_X_disp_store_fe,rel_p2_X_disp_store_fe,-7.358921721558686e-05
preferred_store_event_period_fe_event_study,rel_m4_X_treated_X_disp_store_fe,rel_p2_X_treated_X_disp_store_fe,0.0006854491677896346
preferred_store_event_period_fe_event_study,rel_m4_X_treated_X_disp_store_fe,rel_p3_X_disp_store_fe,-3.1232952300081363e-05
preferred_store_event_period_fe_event_study,rel_m4_X_treated_X_disp_store_fe,rel_p3_X_treated_X_disp_store_fe,0.00029132120827582935
preferred_store_event_period_fe_event_study,rel_m4_X_treated_X_disp_store_fe,rel_p4_X_disp_store_fe,-0.00012136627876949358
preferred_store_event_period_fe_event_study,rel_m4_X_treated_X_disp_store_fe,rel_p4_X_treated_X_disp_store_fe,0.00033941422452149706
preferred_store_event_period_fe_event_study,rel_m3_X_disp_store_fe,rel_m4_X_disp_store_fe,0.0001520220540034868
preferred_store_event_period_fe_event_study,rel_m3_X_disp_store_fe,rel_m4_X_treated_X_disp_store_fe,-0.0001640708524225787
preferred_store_event_period_fe_event_study,rel_m3_X_disp_store_fe,rel_m3_X_disp_store_fe,0.00019658445388363264
preferred_store_event_period_fe_event_study,rel_m3_X_disp_store_fe,rel_m3_X_treated_X_disp_store_fe,-0.0001943914613243546
preferred_store_event_period_fe_event_study,rel_m3_X_disp_store_fe,rel_m2_X_disp_store_fe,0.00018359253610584244
preferred_store_event_period_fe_event_study,rel_m3_X_disp_store_fe,rel_m2_X_treated_X_disp_store_fe,-0.00014054148543995226
preferred_store_event_period_fe_event_study,rel_m3_X_disp_store_fe,rel_p1_X_disp_store_fe,0.00015496957005902757
preferred_store_event_period_fe_event_study,rel_m3_X_disp_store_fe,rel_p1_X_treated_X_disp_store_fe,-0.0001733952992651727
preferred_store_event_period_fe_event_study,rel_m3_X_disp_store_fe,rel_p2_X_disp_store_fe,9.725144730932893e-05
preferred_store_event_period_fe_event_study,rel_m3_X_disp_store_fe,rel_p2_X_treated_X_disp_store_fe,-0.00011196808785818504
preferred_store_event_period_fe_event_study,rel_m3_X_disp_store_fe,rel_p3_X_disp_store_fe,0.00010298914202751192
preferred_store_event_period_fe_event_study,rel_m3_X_disp_store_fe,rel_p3_X_treated_X_disp_store_fe,-3.381676133223133e-05
preferred_store_event_period_fe_event_study,rel_m3_X_disp_store_fe,rel_p4_X_disp_store_fe,0.00015531558528049478
preferred_store_event_period_fe_event_study,rel_m3_X_disp_store_fe,rel_p4_X_treated_X_disp_store_fe,-0.00011829222731419985
preferred_store_event_period_fe_event_study,rel_m3_X_treated_X_disp_store_fe,rel_m4_X_disp_store_fe,-0.00022659403779042185
preferred_store_event_period_fe_event_study,rel_m3_X_treated_X_disp_store_fe,rel_m4_X_treated_X_disp_store_fe,0.0006805131073123476
preferred_store_event_period_fe_event_study,rel_m3_X_treated_X_disp_store_fe,rel_m3_X_disp_store_fe,-0.0001943914613243545
preferred_store_event_period_fe_event_study,rel_m3_X_treated_X_disp_store_fe,rel_m3_X_treated_X_disp_store_fe,0.0012338773376733318
preferred_store_event_period_fe_event_study,rel_m3_X_treated_X_disp_store_fe,rel_m2_X_disp_store_fe,-0.00012883066719503224
preferred_store_event_period_fe_event_study,rel_m3_X_treated_X_disp_store_fe,rel_m2_X_treated_X_disp_store_fe,0.00037834349622189876
preferred_store_event_period_fe_event_study,rel_m3_X_treated_X_disp_store_fe,rel_p1_X_disp_store_fe,-0.0001642828629523297
preferred_store_event_period_fe_event_study,rel_m3_X_treated_X_disp_store_fe,rel_p1_X_treated_X_disp_store_fe,0.0006850258728873754
preferred_store_event_period_fe_event_study,rel_m3_X_treated_X_disp_store_fe,rel_p2_X_disp_store_fe,-8.60496986721094e-05
preferred_store_event_period_fe_event_study,rel_m3_X_treated_X_disp_store_fe,rel_p2_X_treated_X_disp_store_fe,0.0007020336383477183
preferred_store_event_period_fe_event_study,rel_m3_X_treated_X_disp_store_fe,rel_p3_X_disp_store_fe,-0.00013938568665156455
preferred_store_event_period_fe_event_study,rel_m3_X_treated_X_disp_store_fe,rel_p3_X_treated_X_disp_store_fe,0.0005929951995885993
preferred_store_event_period_fe_event_study,rel_m3_X_treated_X_disp_store_fe,rel_p4_X_disp_store_fe,-0.00013643673516981498
preferred_store_event_period_fe_event_study,rel_m3_X_treated_X_disp_store_fe,rel_p4_X_treated_X_disp_store_fe,0.00042097290137536306
preferred_store_event_period_fe_event_study,rel_m2_X_disp_store_fe,rel_m4_X_disp_store_fe,0.00013021926773223836
preferred_store_event_period_fe_event_study,rel_m2_X_disp_store_fe,rel_m4_X_treated_X_disp_store_fe,-5.5981532397511065e-05
preferred_store_event_period_fe_event_study,rel_m2_X_disp_store_fe,rel_m3_X_disp_store_fe,0.0001835925361058423
preferred_store_event_period_fe_event_study,rel_m2_X_disp_store_fe,rel_m3_X_treated_X_disp_store_fe,-0.00012883066719503218
preferred_store_event_period_fe_event_study,rel_m2_X_disp_store_fe,rel_m2_X_disp_store_fe,0.00022731694441666814
preferred_store_event_period_fe_event_study,rel_m2_X_disp_store_fe,rel_m2_X_treated_X_disp_store_fe,-0.00011890327854310099
preferred_store_event_period_fe_event_study,rel_m2_X_disp_store_fe,rel_p1_X_disp_store_fe,0.00015314484812833416
preferred_store_event_period_fe_event_study,rel_m2_X_disp_store_fe,rel_p1_X_treated_X_disp_store_fe,-0.00015605451843728882
preferred_store_event_period_fe_event_study,rel_m2_X_disp_store_fe,rel_p2_X_disp_store_fe,0.0001286452187979732
preferred_store_event_period_fe_event_study,rel_m2_X_disp_store_fe,rel_p2_X_treated_X_disp_store_fe,-2.5835007820890304e-05
preferred_store_event_period_fe_event_study,rel_m2_X_disp_store_fe,rel_p3_X_disp_store_fe,0.00014701465933562784
preferred_store_event_period_fe_event_study,rel_m2_X_disp_store_fe,rel_p3_X_treated_X_disp_store_fe,-1.977853254775058e-05
preferred_store_event_period_fe_event_study,rel_m2_X_disp_store_fe,rel_p4_X_disp_store_fe,0.00015517247764857564
preferred_store_event_period_fe_event_study,rel_m2_X_disp_store_fe,rel_p4_X_treated_X_disp_store_fe,-4.862987626178622e-05
preferred_store_event_period_fe_event_study,rel_m2_X_treated_X_disp_store_fe,rel_m4_X_disp_store_fe,-0.0001500757091514932
preferred_store_event_period_fe_event_study,rel_m2_X_treated_X_disp_store_fe,rel_m4_X_treated_X_disp_store_fe,0.0003576927510447748
preferred_store_event_period_fe_event_study,rel_m2_X_treated_X_disp_store_fe,rel_m3_X_disp_store_fe,-0.0001405414854399524
preferred_store_event_period_fe_event_study,rel_m2_X_treated_X_disp_store_fe,rel_m3_X_treated_X_disp_store_fe,0.0003783434962218993
preferred_store_event_period_fe_event_study,rel_m2_X_treated_X_disp_store_fe,rel_m2_X_disp_store_fe,-0.0001189032785431012
preferred_store_event_period_fe_event_study,rel_m2_X_treated_X_disp_store_fe,rel_m2_X_treated_X_disp_store_fe,0.0004068161190715098
preferred_store_event_period_fe_event_study,rel_m2_X_treated_X_disp_store_fe,rel_p1_X_disp_store_fe,-0.0001474503778809308
preferred_store_event_period_fe_event_study,rel_m2_X_treated_X_disp_store_fe,rel_p1_X_treated_X_disp_store_fe,0.00032018328366043974
preferred_store_event_period_fe_event_study,rel_m2_X_treated_X_disp_store_fe,rel_p2_X_disp_store_fe,-0.0001245554705142366
preferred_store_event_period_fe_event_study,rel_m2_X_treated_X_disp_store_fe,rel_p2_X_treated_X_disp_store_fe,0.00036287341871911244
preferred_store_event_period_fe_event_study,rel_m2_X_treated_X_disp_store_fe,rel_p3_X_disp_store_fe,-6.20152198268683e-05
preferred_store_event_period_fe_event_study,rel_m2_X_treated_X_disp_store_fe,rel_p3_X_treated_X_disp_store_fe,0.00017185640071746118
preferred_store_event_period_fe_event_study,rel_m2_X_treated_X_disp_store_fe,rel_p4_X_disp_store_fe,-5.673791938711265e-05
preferred_store_event_period_fe_event_study,rel_m2_X_treated_X_disp_store_fe,rel_p4_X_treated_X_disp_store_fe,0.00013057250347101187
preferred_store_event_period_fe_event_study,rel_p1_X_disp_store_fe,rel_m4_X_disp_store_fe,0.0001596941383233141
preferred_store_event_period_fe_event_study,rel_p1_X_disp_store_fe,rel_m4_X_treated_X_disp_store_fe,-0.00014883902814876555
preferred_store_event_period_fe_event_study,rel_p1_X_disp_store_fe,rel_m3_X_disp_store_fe,0.00015496957005902754
preferred_store_event_period_fe_event_study,rel_p1_X_disp_store_fe,rel_m3_X_treated_X_disp_store_fe,-0.0001642828629523298
preferred_store_event_period_fe_event_study,rel_p1_X_disp_store_fe,rel_m2_X_disp_store_fe,0.00015314484812833432
preferred_store_event_period_fe_event_study,rel_p1_X_disp_store_fe,rel_m2_X_treated_X_disp_store_fe,-0.00014745037788093068
preferred_store_event_period_fe_event_study,rel_p1_X_disp_store_fe,rel_p1_X_disp_store_fe,0.00017433089366295965
preferred_store_event_period_fe_event_study,rel_p1_X_disp_store_fe,rel_p1_X_treated_X_disp_store_fe,-0.00015482040045825037
preferred_store_event_period_fe_event_study,rel_p1_X_disp_store_fe,rel_p2_X_disp_store_fe,9.260037547029666e-05
preferred_store_event_period_fe_event_study,rel_p1_X_disp_store_fe,rel_p2_X_treated_X_disp_store_fe,-6.0531128261933626e-05
preferred_store_event_period_fe_event_study,rel_p1_X_disp_store_fe,rel_p3_X_disp_store_fe,0.00012156292915305543
preferred_store_event_period_fe_event_study,rel_p1_X_disp_store_fe,rel_p3_X_treated_X_disp_store_fe,-3.156855372742405e-05
preferred_store_event_period_fe_event_study,rel_p1_X_disp_store_fe,rel_p4_X_disp_store_fe,0.0001470073326215352
preferred_store_event_period_fe_event_study,rel_p1_X_disp_store_fe,rel_p4_X_treated_X_disp_store_fe,-4.5677116562653664e-05
preferred_store_event_period_fe_event_study,rel_p1_X_treated_X_disp_store_fe,rel_m4_X_disp_store_fe,-0.00019948403428064813
preferred_store_event_period_fe_event_study,rel_p1_X_treated_X_disp_store_fe,rel_m4_X_treated_X_disp_store_fe,0.00040423425733097484
preferred_store_event_period_fe_event_study,rel_p1_X_treated_X_disp_store_fe,rel_m3_X_disp_store_fe,-0.0001733952992651725
preferred_store_event_period_fe_event_study,rel_p1_X_treated_X_disp_store_fe,rel_m3_X_treated_X_disp_store_fe,0.0006850258728873755
preferred_store_event_period_fe_event_study,rel_p1_X_treated_X_disp_store_fe,rel_m2_X_disp_store_fe,-0.0001560545184372887
preferred_store_event_period_fe_event_study,rel_p1_X_treated_X_disp_store_fe,rel_m2_X_treated_X_disp_store_fe,0.00032018328366043914
preferred_store_event_period_fe_event_study,rel_p1_X_treated_X_disp_store_fe,rel_p1_X_disp_store_fe,-0.00015482040045825007
preferred_store_event_period_fe_event_study,rel_p1_X_treated_X_disp_store_fe,rel_p1_X_treated_X_disp_store_fe,0.0008634417688963153
preferred_store_event_period_fe_event_study,rel_p1_X_treated_X_disp_store_fe,rel_p2_X_disp_store_fe,-0.00016189434570680928
preferred_store_event_period_fe_event_study,rel_p1_X_treated_X_disp_store_fe,rel_p2_X_treated_X_disp_store_fe,0.0005264840054225345
preferred_store_event_period_fe_event_study,rel_p1_X_treated_X_disp_store_fe,rel_p3_X_disp_store_fe,-0.00020217852481271823
preferred_store_event_period_fe_event_study,rel_p1_X_treated_X_disp_store_fe,rel_p3_X_treated_X_disp_store_fe,0.0007196212804932609
preferred_store_event_period_fe_event_study,rel_p1_X_treated_X_disp_store_fe,rel_p4_X_disp_store_fe,-6.853896920757136e-05
preferred_store_event_period_fe_event_study,rel_p1_X_treated_X_disp_store_fe,rel_p4_X_treated_X_disp_store_fe,0.00019281056995077228
preferred_store_event_period_fe_event_study,rel_p2_X_disp_store_fe,rel_m4_X_disp_store_fe,8.400332571605938e-05
preferred_store_event_period_fe_event_study,rel_p2_X_disp_store_fe,rel_m4_X_treated_X_disp_store_fe,-7.358921721558683e-05
preferred_store_event_period_fe_event_study,rel_p2_X_disp_store_fe,rel_m3_X_disp_store_fe,9.725144730932879e-05
preferred_store_event_period_fe_event_study,rel_p2_X_disp_store_fe,rel_m3_X_treated_X_disp_store_fe,-8.604969867210947e-05
preferred_store_event_period_fe_event_study,rel_p2_X_disp_store_fe,rel_m2_X_disp_store_fe,0.0001286452187979731
preferred_store_event_period_fe_event_study,rel_p2_X_disp_store_fe,rel_m2_X_treated_X_disp_store_fe,-0.00012455547051423648
preferred_store_event_period_fe_event_study,rel_p2_X_disp_store_fe,rel_p1_X_disp_store_fe,9.260037547029663e-05
preferred_store_event_period_fe_event_study,rel_p2_X_disp_store_fe,rel_p1_X_treated_X_disp_store_fe,-0.00016189434570680936
preferred_store_event_period_fe_event_study,rel_p2_X_disp_store_fe,rel_p2_X_disp_store_fe,0.00018807968871480552
preferred_store_event_period_fe_event_study,rel_p2_X_disp_store_fe,rel_p2_X_treated_X_disp_store_fe,-0.00021861242195899989
preferred_store_event_period_fe_event_study,rel_p2_X_disp_store_fe,rel_p3_X_disp_store_fe,0.0001761212644288343
preferred_store_event_period_fe_event_study,rel_p2_X_disp_store_fe,rel_p3_X_treated_X_disp_store_fe,-8.100538465341525e-05
preferred_store_event_period_fe_event_study,rel_p2_X_disp_store_fe,rel_p4_X_disp_store_fe,0.00011291920791911286
preferred_store_event_period_fe_event_study,rel_p2_X_disp_store_fe,rel_p4_X_treated_X_disp_store_fe,-0.00010051942173630136
preferred_store_event_period_fe_event_study,rel_p2_X_treated_X_disp_store_fe,rel_m4_X_disp_store_fe,-0.00013797217463994727
preferred_store_event_period_fe_event_study,rel_p2_X_treated_X_disp_store_fe,rel_m4_X_treated_X_disp_store_fe,0.0006854491677896344
preferred_store_event_period_fe_event_study,rel_p2_X_treated_X_disp_store_fe,rel_m3_X_disp_store_fe,-0.00011196808785818494
preferred_store_event_period_fe_event_study,rel_p2_X_treated_X_disp_store_fe,rel_m3_X_treated_X_disp_store_fe,0.0007020336383477185
preferred_store_event_period_fe_event_study,rel_p2_X_treated_X_disp_store_fe,rel_m2_X_disp_store_fe,-2.5835007820890178e-05
preferred_store_event_period_fe_event_study,rel_p2_X_treated_X_disp_store_fe,rel_m2_X_treated_X_disp_store_fe,0.0003628734187191121
preferred_store_event_period_fe_event_study,rel_p2_X_treated_X_disp_store_fe,rel_p1_X_disp_store_fe,-6.0531128261933545e-05
preferred_store_event_period_fe_event_study,rel_p2_X_treated_X_disp_store_fe,rel_p1_X_treated_X_disp_store_fe,0.000526484005422535
preferred_store_event_period_fe_event_study,rel_p2_X_treated_X_disp_store_fe,rel_p2_X_disp_store_fe,-0.00021861242195899972
preferred_store_event_period_fe_event_study,rel_p2_X_treated_X_disp_store_fe,rel_p2_X_treated_X_disp_store_fe,0.001164705423770376
preferred_store_event_period_fe_event_study,rel_p2_X_treated_X_disp_store_fe,rel_p3_X_disp_store_fe,-0.00014215276852727696
preferred_store_event_period_fe_event_study,rel_p2_X_treated_X_disp_store_fe,rel_p3_X_treated_X_disp_store_fe,0.0005399161150969869
preferred_store_event_period_fe_event_study,rel_p2_X_treated_X_disp_store_fe,rel_p4_X_disp_store_fe,-0.00011146824404857051
preferred_store_event_period_fe_event_study,rel_p2_X_treated_X_disp_store_fe,rel_p4_X_treated_X_disp_store_fe,0.0006182447802973046
preferred_store_event_period_fe_event_study,rel_p3_X_disp_store_fe,rel_m4_X_disp_store_fe,8.817745680402978e-05
preferred_store_event_period_fe_event_study,rel_p3_X_disp_store_fe,rel_m4_X_treated_X_disp_store_fe,-3.12329523000814e-05
preferred_store_event_period_fe_event_study,rel_p3_X_disp_store_fe,rel_m3_X_disp_store_fe,0.00010298914202751183
preferred_store_event_period_fe_event_study,rel_p3_X_disp_store_fe,rel_m3_X_treated_X_disp_store_fe,-0.00013938568665156485
preferred_store_event_period_fe_event_study,rel_p3_X_disp_store_fe,rel_m2_X_disp_store_fe,0.00014701465933562776
preferred_store_event_period_fe_event_study,rel_p3_X_disp_store_fe,rel_m2_X_treated_X_disp_store_fe,-6.201521982686826e-05
preferred_store_event_period_fe_event_study,rel_p3_X_disp_store_fe,rel_p1_X_disp_store_fe,0.00012156292915305534
preferred_store_event_period_fe_event_study,rel_p3_X_disp_store_fe,rel_p1_X_treated_X_disp_store_fe,-0.0002021785248127185
preferred_store_event_period_fe_event_study,rel_p3_X_disp_store_fe,rel_p2_X_disp_store_fe,0.00017612126442883438
preferred_store_event_period_fe_event_study,rel_p3_X_disp_store_fe,rel_p2_X_treated_X_disp_store_fe,-0.00014215276852727723
preferred_store_event_period_fe_event_study,rel_p3_X_disp_store_fe,rel_p3_X_disp_store_fe,0.0002616128352924673
preferred_store_event_period_fe_event_study,rel_p3_X_disp_store_fe,rel_p3_X_treated_X_disp_store_fe,-0.00020821316825996082
preferred_store_event_period_fe_event_study,rel_p3_X_disp_store_fe,rel_p4_X_disp_store_fe,0.0001462278381209954
preferred_store_event_period_fe_event_study,rel_p3_X_disp_store_fe,rel_p4_X_treated_X_disp_store_fe,-6.010465627739058e-05
preferred_store_event_period_fe_event_study,rel_p3_X_treated_X_disp_store_fe,rel_m4_X_disp_store_fe,-3.545884283830191e-05
preferred_store_event_period_fe_event_study,rel_p3_X_treated_X_disp_store_fe,rel_m4_X_treated_X_disp_store_fe,0.0002913212082758289
preferred_store_event_period_fe_event_study,rel_p3_X_treated_X_disp_store_fe,rel_m3_X_disp_store_fe,-3.3816761332231256e-05
preferred_store_event_period_fe_event_study,rel_p3_X_treated_X_disp_store_fe,rel_m3_X_treated_X_disp_store_fe,0.0005929951995886
preferred_store_event_period_fe_event_study,rel_p3_X_treated_X_disp_store_fe,rel_m2_X_disp_store_fe,-1.9778532547750513e-05
preferred_store_event_period_fe_event_study,rel_p3_X_treated_X_disp_store_fe,rel_m2_X_treated_X_disp_store_fe,0.0001718564007174608
preferred_store_event_period_fe_event_study,rel_p3_X_treated_X_disp_store_fe,rel_p1_X_disp_store_fe,-3.156855372742396e-05
preferred_store_event_period_fe_event_study,rel_p3_X_treated_X_disp_store_fe,rel_p1_X_treated_X_disp_store_fe,0.0007196212804932613
preferred_store_event_period_fe_event_study,rel_p3_X_treated_X_disp_store_fe,rel_p2_X_disp_store_fe,-8.100538465341523e-05
preferred_store_event_period_fe_event_study,rel_p3_X_treated_X_disp_store_fe,rel_p2_X_treated_X_disp_store_fe,0.0005399161150969868
preferred_store_event_period_fe_event_study,rel_p3_X_treated_X_disp_store_fe,rel_p3_X_disp_store_fe,-0.00020821316825996058
preferred_store_event_period_fe_event_study,rel_p3_X_treated_X_disp_store_fe,rel_p3_X_treated_X_disp_store_fe,0.0009476073278381297
preferred_store_event_period_fe_event_study,rel_p3_X_treated_X_disp_store_fe,rel_p4_X_disp_store_fe,-1.6962027484989685e-05
preferred_store_event_period_fe_event_study,rel_p3_X_treated_X_disp_store_fe,rel_p4_X_treated_X_disp_store_fe,0.0002836527067508386
preferred_store_event_period_fe_event_study,rel_p4_X_disp_store_fe,rel_m4_X_disp_store_fe,0.00013876773569735846
preferred_store_event_period_fe_event_study,rel_p4_X_disp_store_fe,rel_m4_X_treated_X_disp_store_fe,-0.00012136627876949354
preferred_store_event_period_fe_event_study,rel_p4_X_disp_store_fe,rel_m3_X_disp_store_fe,0.00015531558528049475
preferred_store_event_period_fe_event_study,rel_p4_X_disp_store_fe,rel_m3_X_treated_X_disp_store_fe,-0.00013643673516981498
preferred_store_event_period_fe_event_study,rel_p4_X_disp_store_fe,rel_m2_X_disp_store_fe,0.0001551724776485757
preferred_store_event_period_fe_event_study,rel_p4_X_disp_store_fe,rel_m2_X_treated_X_disp_store_fe,-5.6737919387112424e-05
preferred_store_event_period_fe_event_study,rel_p4_X_disp_store_fe,rel_p1_X_disp_store_fe,0.00014700733262153518
preferred_store_event_period_fe_event_study,rel_p4_X_disp_store_fe,rel_p1_X_treated_X_disp_store_fe,-6.85389692075714e-05
preferred_store_event_period_fe_event_study,rel_p4_X_disp_store_fe,rel_p2_X_disp_store_fe,0.00011291920791911284
preferred_store_event_period_fe_event_study,rel_p4_X_disp_store_fe,rel_p2_X_treated_X_disp_store_fe,-0.0001114682440485705
preferred_store_event_period_fe_event_study,rel_p4_X_disp_store_fe,rel_p3_X_disp_store_fe,0.0001462278381209954
preferred_store_event_period_fe_event_study,rel_p4_X_disp_store_fe,rel_p3_X_treated_X_disp_store_fe,-1.696202748498967e-05
preferred_store_event_period_fe_event_study,rel_p4_X_disp_store_fe,rel_p4_X_disp_store_fe,0.00024565033118138395
preferred_store_event_period_fe_event_study,rel_p4_X_disp_store_fe,rel_p4_X_treated_X_disp_store_fe,-0.00023941531014395526
preferred_store_event_period_fe_event_study,rel_p4_X_treated_X_disp_store_fe,rel_m4_X_disp_store_fe,-5.353524056555956e-05
preferred_store_event_period_fe_event_study,rel_p4_X_treated_X_disp_store_fe,rel_m4_X_treated_X_disp_store_fe,0.00033941422452149673
preferred_store_event_period_fe_event_study,rel_p4_X_treated_X_disp_store_fe,rel_m3_X_disp_store_fe,-0.00011829222731419977
preferred_store_event_period_fe_event_study,rel_p4_X_treated_X_disp_store_fe,rel_m3_X_treated_X_disp_store_fe,0.00042097290137536295
preferred_store_event_period_fe_event_study,rel_p4_X_treated_X_disp_store_fe,rel_m2_X_disp_store_fe,-4.8629876261786294e-05
preferred_store_event_period_fe_event_study,rel_p4_X_treated_X_disp_store_fe,rel_m2_X_treated_X_disp_store_fe,0.00013057250347101127
preferred_store_event_period_fe_event_study,rel_p4_X_treated_X_disp_store_fe,rel_p1_X_disp_store_fe,-4.56771165626536e-05
preferred_store_event_period_fe_event_study,rel_p4_X_treated_X_disp_store_fe,rel_p1_X_treated_X_disp_store_fe,0.00019281056995077255
preferred_store_event_period_fe_event_study,rel_p4_X_treated_X_disp_store_fe,rel_p2_X_disp_store_fe,-0.00010051942173630131
preferred_store_event_period_fe_event_study,rel_p4_X_treated_X_disp_store_fe,rel_p2_X_treated_X_disp_store_fe,0.0006182447802973044
preferred_store_event_period_fe_event_study,rel_p4_X_treated_X_disp_store_fe,rel_p3_X_disp_store_fe,-6.010465627739047e-05
preferred_store_event_period_fe_event_study,rel_p4_X_treated_X_disp_store_fe,rel_p3_X_treated_X_disp_store_fe,0.0002836527067508387
preferred_store_event_period_fe_event_study,rel_p4_X_treated_X_disp_store_fe,rel_p4_X_disp_store_fe,-0.00023941531014395526
preferred_store_event_period_fe_event_study,rel_p4_X_treated_X_disp_store_fe,rel_p4_X_treated_X_disp_store_fe,0.0007410688075279218
