spec,term,n,r2_within,coef,se,pvalue
binary_collapsed,post_X_treated,440904,0.0127449326838176,0.0015292127776150774,0.0006193918417022252,0.013556162994996734
binary_collapsed,post_X_disp,440904,0.0127449326838176,-0.033921785283783874,0.0009574307386986315,0.0
binary_collapsed,post_X_treated_X_disp,440904,0.0127449326838176,0.001824683051208569,0.0022667089091696693,0.4208276567993223
