spec,term,n,r2_within,coef,se,pvalue
binary_collapsed,post_X_treated,358864,0.012164863825226968,0.000808554678368592,0.0006418356727875866,0.20776488516713343
binary_collapsed,post_X_disp,358864,0.012164863825226968,-0.033527039008700965,0.0010746254231673521,0.0
binary_collapsed,post_X_treated_X_disp,358864,0.012164863825226968,0.005168616843707092,0.002406155526268716,0.03171266407280893
