spec,term,n,r2_within,coef,se,pvalue
score_collapsed,post_X_treated,358864,0.01794955935314191,0.0020506153388121576,0.0007844270534212693,0.00894778518819117
score_collapsed,post_X_score,358864,0.01794955935314191,-0.0578709613351077,0.0016144661392011035,0.0
score_collapsed,post_X_treated_X_score,358864,0.01794955935314191,0.007193982741131345,0.003626425176271624,0.04728790172662212
