member_id,dept_id,closure_start,novelty_pre_mean,novelty_pre_high,novelty_pre_group,novelty_pre_split_rule,novelty_pre_threshold_low,novelty_pre_threshold_high
248,46,2021-08-04,1.0,1,high,quartile_tails,0.25,1.0
287,46,2021-08-04,0.0,0,baseline,quartile_tails,0.25,1.0
327,46,2021-08-04,0.13333333333333333,0,baseline,quartile_tails,0.25,1.0
851,46,2021-08-04,1.0,1,high,quartile_tails,0.25,1.0
1996,46,2021-08-04,1.0,1,high,quartile_tails,0.25,1.0
2352,46,2021-08-04,1.0,1,high,quartile_tails,0.25,1.0
4517,46,2021-08-04,0.0,0,baseline,quartile_tails,0.25,1.0
6031,46,2021-08-04,1.0,1,high,quartile_tails,0.25,1.0
6361,46,2021-08-04,0.0,0,baseline,quartile_tails,0.25,1.0
7045,46,2021-08-04,0.0,0,baseline,quartile_tails,0.25,1.0
7917,46,2021-08-04,0.25,0,baseline,quartile_tails,0.25,1.0
8605,46,2021-08-04,1.0,1,high,quartile_tails,0.25,1.0
9857,46,2021-08-04,1.0,1,high,quartile_tails,0.25,1.0
12319,46,2021-08-04,1.0,1,high,quartile_tails,0.25,1.0
17202,46,2021-08-04,1.0,1,high,quartile_tails,0.25,1.0
18478,46,2021-08-04,0.0,0,baseline,quartile_tails,0.25,1.0
18545,46,2021-08-04,1.0,1,high,quartile_tails,0.25,1.0
18592,46,2021-08-04,0.25,0,baseline,quartile_tails,0.25,1.0
18732,46,2021-08-04,1.0,1,high,quartile_tails,0.25,1.0
19365,46,2021-08-04,0.25,0,baseline,quartile_tails,0.25,1.0
25402,46,2021-08-04,0.0,0,baseline,quartile_tails,0.25,1.0
25583,46,2021-08-04,0.0,0,baseline,quartile_tails,0.25,1.0
25694,46,2021-08-04,0.0,0,baseline,quartile_tails,0.25,1.0
26597,46,2021-08-04,1.0,1,high,quartile_tails,0.25,1.0
28026,46,2021-08-04,0.0,0,baseline,quartile_tails,0.25,1.0
29944,46,2021-08-04,0.0,0,baseline,quartile_tails,0.25,1.0
31514,46,2021-08-04,0.25,0,baseline,quartile_tails,0.25,1.0
31842,46,2021-08-04,0.25,0,baseline,quartile_tails,0.25,1.0
32062,46,2021-08-04,0.0,0,baseline,quartile_tails,0.25,1.0
32281,46,2021-08-04,0.16666666666666666,0,baseline,quartile_tails,0.25,1.0
32431,46,2021-08-04,0.0,0,baseline,quartile_tails,0.25,1.0
32447,46,2021-08-04,1.0,1,high,quartile_tails,0.25,1.0
32751,46,2021-08-04,0.25,0,baseline,quartile_tails,0.25,1.0
34312,46,2021-08-04,0.0,0,baseline,quartile_tails,0.25,1.0
34728,46,2021-08-04,0.0,0,baseline,quartile_tails,0.25,1.0
35370,46,2021-08-04,0.0,0,baseline,quartile_tails,0.25,1.0
36629,46,2021-08-04,0.1,0,baseline,quartile_tails,0.25,1.0
37079,46,2021-08-04,1.0,1,high,quartile_tails,0.25,1.0
37156,46,2021-08-04,1.0,1,high,quartile_tails,0.25,1.0
39224,46,2021-08-04,1.0,1,high,quartile_tails,0.25,1.0
40006,46,2021-08-04,0.125,0,baseline,quartile_tails,0.25,1.0
40284,46,2021-08-04,0.25,0,baseline,quartile_tails,0.25,1.0
41271,46,2021-08-04,1.0,1,high,quartile_tails,0.25,1.0
41446,46,2021-08-04,1.0,1,high,quartile_tails,0.25,1.0
42717,46,2021-08-04,0.0,0,baseline,quartile_tails,0.25,1.0
43607,46,2021-08-04,0.0,0,baseline,quartile_tails,0.25,1.0
43876,46,2021-08-04,0.125,0,baseline,quartile_tails,0.25,1.0
44181,46,2021-08-04,1.0,1,high,quartile_tails,0.25,1.0
45998,46,2021-08-04,1.0,1,high,quartile_tails,0.25,1.0
47248,46,2021-08-04,1.0,1,high,quartile_tails,0.25,1.0
49337,46,2021-08-04,0.0,0,baseline,quartile_tails,0.25,1.0
49892,46,2021-08-04,1.0,1,high,quartile_tails,0.25,1.0
51693,46,2021-08-04,1.0,1,high,quartile_tails,0.25,1.0
52087,46,2021-08-04,1.0,1,high,quartile_tails,0.25,1.0
52556,46,2021-08-04,0.25,0,baseline,quartile_tails,0.25,1.0
52958,46,2021-08-04,0.25,0,baseline,quartile_tails,0.25,1.0
53385,46,2021-08-04,1.0,1,high,quartile_tails,0.25,1.0
54224,46,2021-08-04,0.1111111111111111,0,baseline,quartile_tails,0.25,1.0
56946,46,2021-08-04,0.0,0,baseline,quartile_tails,0.25,1.0
60063,46,2021-08-04,1.0,1,high,quartile_tails,0.25,1.0
60311,46,2021-08-04,0.25,0,baseline,quartile_tails,0.25,1.0
60614,46,2021-08-04,1.0,1,high,quartile_tails,0.25,1.0
61147,46,2021-08-04,1.0,1,high,quartile_tails,0.25,1.0
62858,46,2021-08-04,1.0,1,high,quartile_tails,0.25,1.0
63486,46,2021-08-04,0.0,0,baseline,quartile_tails,0.25,1.0
63738,46,2021-08-04,0.0,0,baseline,quartile_tails,0.25,1.0
65854,46,2021-08-04,1.0,1,high,quartile_tails,0.25,1.0
66808,46,2021-08-04,1.0,1,high,quartile_tails,0.25,1.0
66890,46,2021-08-04,0.0,0,baseline,quartile_tails,0.25,1.0
70190,46,2021-08-04,1.0,1,high,quartile_tails,0.25,1.0
70888,46,2021-08-04,1.0,1,high,quartile_tails,0.25,1.0
71420,46,2021-08-04,1.0,1,high,quartile_tails,0.25,1.0
72184,46,2021-08-04,0.0,0,baseline,quartile_tails,0.25,1.0
73593,46,2021-08-04,0.0,0,baseline,quartile_tails,0.25,1.0
73594,46,2021-08-04,0.0,0,baseline,quartile_tails,0.25,1.0
74533,46,2021-08-04,1.0,1,high,quartile_tails,0.25,1.0
75435,46,2021-08-04,0.0,0,baseline,quartile_tails,0.25,1.0
76718,46,2021-08-04,1.0,1,high,quartile_tails,0.25,1.0
77908,46,2021-08-04,1.0,1,high,quartile_tails,0.25,1.0
78966,46,2021-08-04,1.0,1,high,quartile_tails,0.25,1.0
79264,46,2021-08-04,1.0,1,high,quartile_tails,0.25,1.0
80018,46,2021-08-04,1.0,1,high,quartile_tails,0.25,1.0
81151,46,2021-08-04,0.13333333333333333,0,baseline,quartile_tails,0.25,1.0
82528,46,2021-08-04,1.0,1,high,quartile_tails,0.25,1.0
83945,46,2021-08-04,1.0,1,high,quartile_tails,0.25,1.0
84219,46,2021-08-04,1.0,1,high,quartile_tails,0.25,1.0
84408,46,2021-08-04,1.0,1,high,quartile_tails,0.25,1.0
84584,46,2021-08-04,0.16666666666666666,0,baseline,quartile_tails,0.25,1.0
84886,46,2021-08-04,0.16666666666666666,0,baseline,quartile_tails,0.25,1.0
87147,46,2021-08-04,0.08333333333333333,0,baseline,quartile_tails,0.25,1.0
87383,46,2021-08-04,0.0,0,baseline,quartile_tails,0.25,1.0
87422,46,2021-08-04,0.25,0,baseline,quartile_tails,0.25,1.0
88645,46,2021-08-04,1.0,1,high,quartile_tails,0.25,1.0
89858,46,2021-08-04,0.0,0,baseline,quartile_tails,0.25,1.0
90453,46,2021-08-04,0.0,0,baseline,quartile_tails,0.25,1.0
91849,46,2021-08-04,1.0,1,high,quartile_tails,0.25,1.0
94039,46,2021-08-04,1.0,1,high,quartile_tails,0.25,1.0
94155,46,2021-08-04,0.25,0,baseline,quartile_tails,0.25,1.0
94695,46,2021-08-04,0.0,0,baseline,quartile_tails,0.25,1.0
95720,46,2021-08-04,0.0,0,baseline,quartile_tails,0.25,1.0
97486,46,2021-08-04,0.0,0,baseline,quartile_tails,0.25,1.0
98350,46,2021-08-04,0.25,0,baseline,quartile_tails,0.25,1.0
100184,46,2021-08-04,0.0,0,baseline,quartile_tails,0.25,1.0
101489,46,2021-08-04,1.0,1,high,quartile_tails,0.25,1.0
102123,46,2021-08-04,0.0,0,baseline,quartile_tails,0.25,1.0
102736,46,2021-08-04,1.0,1,high,quartile_tails,0.25,1.0
102854,46,2021-08-04,1.0,1,high,quartile_tails,0.25,1.0
103022,46,2021-08-04,1.0,1,high,quartile_tails,0.25,1.0
103347,46,2021-08-04,1.0,1,high,quartile_tails,0.25,1.0
105859,46,2021-08-04,0.0,0,baseline,quartile_tails,0.25,1.0
106109,46,2021-08-04,0.0,0,baseline,quartile_tails,0.25,1.0
106227,46,2021-08-04,1.0,1,high,quartile_tails,0.25,1.0
106529,46,2021-08-04,0.0,0,baseline,quartile_tails,0.25,1.0
107019,46,2021-08-04,1.0,1,high,quartile_tails,0.25,1.0
107907,46,2021-08-04,1.0,1,high,quartile_tails,0.25,1.0
110424,46,2021-08-04,0.16666666666666666,0,baseline,quartile_tails,0.25,1.0
112211,46,2021-08-04,0.0,0,baseline,quartile_tails,0.25,1.0
116198,46,2021-08-04,0.2222222222222222,0,baseline,quartile_tails,0.25,1.0
116273,46,2021-08-04,1.0,1,high,quartile_tails,0.25,1.0
116968,46,2021-08-04,0.0,0,baseline,quartile_tails,0.25,1.0
117965,46,2021-08-04,0.16666666666666666,0,baseline,quartile_tails,0.25,1.0
118435,46,2021-08-04,1.0,1,high,quartile_tails,0.25,1.0
118485,46,2021-08-04,0.0,0,baseline,quartile_tails,0.25,1.0
118994,46,2021-08-04,1.0,1,high,quartile_tails,0.25,1.0
119424,46,2021-08-04,0.0,0,baseline,quartile_tails,0.25,1.0
120535,46,2021-08-04,1.0,1,high,quartile_tails,0.25,1.0
120881,46,2021-08-04,1.0,1,high,quartile_tails,0.25,1.0
122189,46,2021-08-04,0.16666666666666666,0,baseline,quartile_tails,0.25,1.0
123895,46,2021-08-04,1.0,1,high,quartile_tails,0.25,1.0
125872,46,2021-08-04,1.0,1,high,quartile_tails,0.25,1.0
129501,46,2021-08-04,0.15,0,baseline,quartile_tails,0.25,1.0
129875,46,2021-08-04,1.0,1,high,quartile_tails,0.25,1.0
131362,46,2021-08-04,0.25,0,baseline,quartile_tails,0.25,1.0
131518,46,2021-08-04,1.0,1,high,quartile_tails,0.25,1.0
131997,46,2021-08-04,1.0,1,high,quartile_tails,0.25,1.0
132573,46,2021-08-04,0.25,0,baseline,quartile_tails,0.25,1.0
132779,46,2021-08-04,0.16666666666666666,0,baseline,quartile_tails,0.25,1.0
132934,46,2021-08-04,1.0,1,high,quartile_tails,0.25,1.0
133431,46,2021-08-04,0.20833333333333331,0,baseline,quartile_tails,0.25,1.0
133523,46,2021-08-04,1.0,1,high,quartile_tails,0.25,1.0
134288,46,2021-08-04,1.0,1,high,quartile_tails,0.25,1.0
135250,46,2021-08-04,1.0,1,high,quartile_tails,0.25,1.0
135357,46,2021-08-04,1.0,1,high,quartile_tails,0.25,1.0
138807,46,2021-08-04,0.0,0,baseline,quartile_tails,0.25,1.0
138843,46,2021-08-04,0.0,0,baseline,quartile_tails,0.25,1.0
140827,46,2021-08-04,0.0,0,baseline,quartile_tails,0.25,1.0
141525,46,2021-08-04,1.0,1,high,quartile_tails,0.25,1.0
141659,46,2021-08-04,1.0,1,high,quartile_tails,0.25,1.0
142343,46,2021-08-04,1.0,1,high,quartile_tails,0.25,1.0
144140,46,2021-08-04,1.0,1,high,quartile_tails,0.25,1.0
145873,46,2021-08-04,1.0,1,high,quartile_tails,0.25,1.0
146371,46,2021-08-04,0.08333333333333333,0,baseline,quartile_tails,0.25,1.0
146444,46,2021-08-04,1.0,1,high,quartile_tails,0.25,1.0
147333,46,2021-08-04,1.0,1,high,quartile_tails,0.25,1.0
149178,46,2021-08-04,0.0,0,baseline,quartile_tails,0.25,1.0
152334,46,2021-08-04,0.125,0,baseline,quartile_tails,0.25,1.0
152771,46,2021-08-04,0.25,0,baseline,quartile_tails,0.25,1.0
153738,46,2021-08-04,0.16666666666666666,0,baseline,quartile_tails,0.25,1.0
154030,46,2021-08-04,0.14583333333333331,0,baseline,quartile_tails,0.25,1.0
156570,46,2021-08-04,1.0,1,high,quartile_tails,0.25,1.0
156631,46,2021-08-04,0.0,0,baseline,quartile_tails,0.25,1.0
158023,46,2021-08-04,0.0,0,baseline,quartile_tails,0.25,1.0
159766,46,2021-08-04,0.25,0,baseline,quartile_tails,0.25,1.0
160740,46,2021-08-04,1.0,1,high,quartile_tails,0.25,1.0
160759,46,2021-08-04,0.0,0,baseline,quartile_tails,0.25,1.0
160811,46,2021-08-04,0.2222222222222222,0,baseline,quartile_tails,0.25,1.0
162842,46,2021-08-04,0.125,0,baseline,quartile_tails,0.25,1.0
164302,46,2021-08-04,1.0,1,high,quartile_tails,0.25,1.0
164827,46,2021-08-04,1.0,1,high,quartile_tails,0.25,1.0
166083,46,2021-08-04,0.0,0,baseline,quartile_tails,0.25,1.0
166912,46,2021-08-04,0.08333333333333333,0,baseline,quartile_tails,0.25,1.0
168601,46,2021-08-04,0.1111111111111111,0,baseline,quartile_tails,0.25,1.0
169183,46,2021-08-04,1.0,1,high,quartile_tails,0.25,1.0
169232,46,2021-08-04,1.0,1,high,quartile_tails,0.25,1.0
169291,46,2021-08-04,1.0,1,high,quartile_tails,0.25,1.0
169598,46,2021-08-04,1.0,1,high,quartile_tails,0.25,1.0
170449,46,2021-08-04,1.0,1,high,quartile_tails,0.25,1.0
170608,46,2021-08-04,0.0,0,baseline,quartile_tails,0.25,1.0
171077,46,2021-08-04,0.0,0,baseline,quartile_tails,0.25,1.0
171362,46,2021-08-04,0.0,0,baseline,quartile_tails,0.25,1.0
171771,46,2021-08-04,1.0,1,high,quartile_tails,0.25,1.0
172916,46,2021-08-04,1.0,1,high,quartile_tails,0.25,1.0
174095,46,2021-08-04,1.0,1,high,quartile_tails,0.25,1.0
174173,46,2021-08-04,1.0,1,high,quartile_tails,0.25,1.0
175174,46,2021-08-04,0.0,0,baseline,quartile_tails,0.25,1.0
176804,46,2021-08-04,0.0,0,baseline,quartile_tails,0.25,1.0
177354,46,2021-08-04,0.25,0,baseline,quartile_tails,0.25,1.0
179373,46,2021-08-04,0.0,0,baseline,quartile_tails,0.25,1.0
181038,46,2021-08-04,0.0,0,baseline,quartile_tails,0.25,1.0
181644,46,2021-08-04,0.0,0,baseline,quartile_tails,0.25,1.0
184022,46,2021-08-04,0.0,0,baseline,quartile_tails,0.25,1.0
184325,46,2021-08-04,1.0,1,high,quartile_tails,0.25,1.0
184731,46,2021-08-04,0.0,0,baseline,quartile_tails,0.25,1.0
185333,46,2021-08-04,0.25,0,baseline,quartile_tails,0.25,1.0
186021,46,2021-08-04,0.0,0,baseline,quartile_tails,0.25,1.0
190148,46,2021-08-04,1.0,1,high,quartile_tails,0.25,1.0
192271,46,2021-08-04,0.25,0,baseline,quartile_tails,0.25,1.0
192530,46,2021-08-04,1.0,1,high,quartile_tails,0.25,1.0
192983,46,2021-08-04,0.0,0,baseline,quartile_tails,0.25,1.0
193792,46,2021-08-04,0.0,0,baseline,quartile_tails,0.25,1.0
194464,46,2021-08-04,0.25,0,baseline,quartile_tails,0.25,1.0
195517,46,2021-08-04,0.25,0,baseline,quartile_tails,0.25,1.0
196646,46,2021-08-04,1.0,1,high,quartile_tails,0.25,1.0
199081,46,2021-08-04,0.125,0,baseline,quartile_tails,0.25,1.0
200067,46,2021-08-04,1.0,1,high,quartile_tails,0.25,1.0
202384,46,2021-08-04,1.0,1,high,quartile_tails,0.25,1.0
203263,46,2021-08-04,0.0,0,baseline,quartile_tails,0.25,1.0
204221,46,2021-08-04,1.0,1,high,quartile_tails,0.25,1.0
205056,46,2021-08-04,1.0,1,high,quartile_tails,0.25,1.0
209771,46,2021-08-04,0.0,0,baseline,quartile_tails,0.25,1.0
213765,46,2021-08-04,0.125,0,baseline,quartile_tails,0.25,1.0
213901,46,2021-08-04,0.0,0,baseline,quartile_tails,0.25,1.0
214514,46,2021-08-04,1.0,1,high,quartile_tails,0.25,1.0
217388,46,2021-08-04,1.0,1,high,quartile_tails,0.25,1.0
217710,46,2021-08-04,1.0,1,high,quartile_tails,0.25,1.0
219751,46,2021-08-04,1.0,1,high,quartile_tails,0.25,1.0
219896,46,2021-08-04,0.0,0,baseline,quartile_tails,0.25,1.0
220021,46,2021-08-04,0.0,0,baseline,quartile_tails,0.25,1.0
220810,46,2021-08-04,0.0,0,baseline,quartile_tails,0.25,1.0
221184,46,2021-08-04,1.0,1,high,quartile_tails,0.25,1.0
221334,46,2021-08-04,0.2222222222222222,0,baseline,quartile_tails,0.25,1.0
221859,46,2021-08-04,0.20833333333333331,0,baseline,quartile_tails,0.25,1.0
223948,46,2021-08-04,1.0,1,high,quartile_tails,0.25,1.0
224779,46,2021-08-04,1.0,1,high,quartile_tails,0.25,1.0
225205,46,2021-08-04,1.0,1,high,quartile_tails,0.25,1.0
225745,46,2021-08-04,0.16666666666666666,0,baseline,quartile_tails,0.25,1.0
226225,46,2021-08-04,0.25,0,baseline,quartile_tails,0.25,1.0
227041,46,2021-08-04,0.0,0,baseline,quartile_tails,0.25,1.0
227496,46,2021-08-04,0.0,0,baseline,quartile_tails,0.25,1.0
228027,46,2021-08-04,0.1,0,baseline,quartile_tails,0.25,1.0
228144,46,2021-08-04,0.1111111111111111,0,baseline,quartile_tails,0.25,1.0
228248,46,2021-08-04,1.0,1,high,quartile_tails,0.25,1.0
228734,46,2021-08-04,0.25,0,baseline,quartile_tails,0.25,1.0
229408,46,2021-08-04,1.0,1,high,quartile_tails,0.25,1.0
229860,46,2021-08-04,1.0,1,high,quartile_tails,0.25,1.0
231000,46,2021-08-04,1.0,1,high,quartile_tails,0.25,1.0
232660,46,2021-08-04,0.1875,0,baseline,quartile_tails,0.25,1.0
233090,46,2021-08-04,1.0,1,high,quartile_tails,0.25,1.0
233130,46,2021-08-04,1.0,1,high,quartile_tails,0.25,1.0
234446,46,2021-08-04,0.0,0,baseline,quartile_tails,0.25,1.0
234507,46,2021-08-04,1.0,1,high,quartile_tails,0.25,1.0
235002,46,2021-08-04,1.0,1,high,quartile_tails,0.25,1.0
239479,46,2021-08-04,1.0,1,high,quartile_tails,0.25,1.0
239603,46,2021-08-04,1.0,1,high,quartile_tails,0.25,1.0
241703,46,2021-08-04,0.0,0,baseline,quartile_tails,0.25,1.0
241808,46,2021-08-04,1.0,1,high,quartile_tails,0.25,1.0
242448,46,2021-08-04,1.0,1,high,quartile_tails,0.25,1.0
242450,46,2021-08-04,0.25,0,baseline,quartile_tails,0.25,1.0
242763,46,2021-08-04,0.0,0,baseline,quartile_tails,0.25,1.0
243994,46,2021-08-04,1.0,1,high,quartile_tails,0.25,1.0
244606,46,2021-08-04,0.125,0,baseline,quartile_tails,0.25,1.0
245397,46,2021-08-04,0.1875,0,baseline,quartile_tails,0.25,1.0
245807,46,2021-08-04,0.0,0,baseline,quartile_tails,0.25,1.0
245867,46,2021-08-04,0.08333333333333333,0,baseline,quartile_tails,0.25,1.0
245943,46,2021-08-04,0.16666666666666666,0,baseline,quartile_tails,0.25,1.0
246234,46,2021-08-04,0.25,0,baseline,quartile_tails,0.25,1.0
248072,46,2021-08-04,0.0,0,baseline,quartile_tails,0.25,1.0
248938,46,2021-08-04,0.2222222222222222,0,baseline,quartile_tails,0.25,1.0
249080,46,2021-08-04,1.0,1,high,quartile_tails,0.25,1.0
250926,46,2021-08-04,0.0,0,baseline,quartile_tails,0.25,1.0
251051,46,2021-08-04,0.0,0,baseline,quartile_tails,0.25,1.0
251533,46,2021-08-04,1.0,1,high,quartile_tails,0.25,1.0
251577,46,2021-08-04,1.0,1,high,quartile_tails,0.25,1.0
252566,46,2021-08-04,1.0,1,high,quartile_tails,0.25,1.0
252717,46,2021-08-04,1.0,1,high,quartile_tails,0.25,1.0
252816,46,2021-08-04,0.25,0,baseline,quartile_tails,0.25,1.0
252825,46,2021-08-04,0.08333333333333333,0,baseline,quartile_tails,0.25,1.0
252895,46,2021-08-04,0.0,0,baseline,quartile_tails,0.25,1.0
252899,46,2021-08-04,1.0,1,high,quartile_tails,0.25,1.0
252958,46,2021-08-04,1.0,1,high,quartile_tails,0.25,1.0
256745,46,2021-08-04,0.25,0,baseline,quartile_tails,0.25,1.0
258418,46,2021-08-04,1.0,1,high,quartile_tails,0.25,1.0
259414,46,2021-08-04,0.0,0,baseline,quartile_tails,0.25,1.0
260668,46,2021-08-04,1.0,1,high,quartile_tails,0.25,1.0
260895,46,2021-08-04,0.25,0,baseline,quartile_tails,0.25,1.0
261074,46,2021-08-04,1.0,1,high,quartile_tails,0.25,1.0
262691,46,2021-08-04,1.0,1,high,quartile_tails,0.25,1.0
262852,46,2021-08-04,0.0,0,baseline,quartile_tails,0.25,1.0
263255,46,2021-08-04,0.0,0,baseline,quartile_tails,0.25,1.0
263698,46,2021-08-04,0.0,0,baseline,quartile_tails,0.25,1.0
267730,46,2021-08-04,0.125,0,baseline,quartile_tails,0.25,1.0
267970,46,2021-08-04,0.16666666666666666,0,baseline,quartile_tails,0.25,1.0
269437,46,2021-08-04,0.2222222222222222,0,baseline,quartile_tails,0.25,1.0
271505,46,2021-08-04,0.0,0,baseline,quartile_tails,0.25,1.0
272380,46,2021-08-04,0.0,0,baseline,quartile_tails,0.25,1.0
272461,46,2021-08-04,0.1125,0,baseline,quartile_tails,0.25,1.0
272707,46,2021-08-04,0.0,0,baseline,quartile_tails,0.25,1.0
273418,46,2021-08-04,1.0,1,high,quartile_tails,0.25,1.0
273537,46,2021-08-04,0.0,0,baseline,quartile_tails,0.25,1.0
279137,46,2021-08-04,1.0,1,high,quartile_tails,0.25,1.0
279381,46,2021-08-04,1.0,1,high,quartile_tails,0.25,1.0
280352,46,2021-08-04,1.0,1,high,quartile_tails,0.25,1.0
280468,46,2021-08-04,1.0,1,high,quartile_tails,0.25,1.0
281284,46,2021-08-04,1.0,1,high,quartile_tails,0.25,1.0
282552,46,2021-08-04,0.0,0,baseline,quartile_tails,0.25,1.0
284374,46,2021-08-04,0.125,0,baseline,quartile_tails,0.25,1.0
284517,46,2021-08-04,1.0,1,high,quartile_tails,0.25,1.0
284947,46,2021-08-04,0.0,0,baseline,quartile_tails,0.25,1.0
285004,46,2021-08-04,0.0,0,baseline,quartile_tails,0.25,1.0
285088,46,2021-08-04,0.0,0,baseline,quartile_tails,0.25,1.0
285228,46,2021-08-04,1.0,1,high,quartile_tails,0.25,1.0
285451,46,2021-08-04,0.0,0,baseline,quartile_tails,0.25,1.0
285508,46,2021-08-04,1.0,1,high,quartile_tails,0.25,1.0
288556,46,2021-08-04,0.16666666666666666,0,baseline,quartile_tails,0.25,1.0
288584,46,2021-08-04,0.125,0,baseline,quartile_tails,0.25,1.0
288963,46,2021-08-04,0.0,0,baseline,quartile_tails,0.25,1.0
290015,46,2021-08-04,0.25,0,baseline,quartile_tails,0.25,1.0
290017,46,2021-08-04,1.0,1,high,quartile_tails,0.25,1.0
291690,46,2021-08-04,0.16666666666666666,0,baseline,quartile_tails,0.25,1.0
294022,46,2021-08-04,0.25,0,baseline,quartile_tails,0.25,1.0
296922,46,2021-08-04,0.0,0,baseline,quartile_tails,0.25,1.0
297235,46,2021-08-04,1.0,1,high,quartile_tails,0.25,1.0
297662,46,2021-08-04,0.0,0,baseline,quartile_tails,0.25,1.0
298065,46,2021-08-04,0.125,0,baseline,quartile_tails,0.25,1.0
298619,46,2021-08-04,1.0,1,high,quartile_tails,0.25,1.0
299461,46,2021-08-04,1.0,1,high,quartile_tails,0.25,1.0
299913,46,2021-08-04,0.0,0,baseline,quartile_tails,0.25,1.0
300637,46,2021-08-04,0.16666666666666666,0,baseline,quartile_tails,0.25,1.0
301381,46,2021-08-04,1.0,1,high,quartile_tails,0.25,1.0
301805,46,2021-08-04,0.23214285714285715,0,baseline,quartile_tails,0.25,1.0
302952,46,2021-08-04,0.0,0,baseline,quartile_tails,0.25,1.0
303256,46,2021-08-04,1.0,1,high,quartile_tails,0.25,1.0
304332,46,2021-08-04,0.0,0,baseline,quartile_tails,0.25,1.0
305551,46,2021-08-04,1.0,1,high,quartile_tails,0.25,1.0
305569,46,2021-08-04,1.0,1,high,quartile_tails,0.25,1.0
307454,46,2021-08-04,0.0,0,baseline,quartile_tails,0.25,1.0
307698,46,2021-08-04,0.0,0,baseline,quartile_tails,0.25,1.0
307773,46,2021-08-04,0.125,0,baseline,quartile_tails,0.25,1.0
308040,46,2021-08-04,0.125,0,baseline,quartile_tails,0.25,1.0
309900,46,2021-08-04,0.0,0,baseline,quartile_tails,0.25,1.0
310023,46,2021-08-04,0.25,0,baseline,quartile_tails,0.25,1.0
311254,46,2021-08-04,0.0,0,baseline,quartile_tails,0.25,1.0
311563,46,2021-08-04,1.0,1,high,quartile_tails,0.25,1.0
313015,46,2021-08-04,0.0,0,baseline,quartile_tails,0.25,1.0
313620,46,2021-08-04,0.16666666666666666,0,baseline,quartile_tails,0.25,1.0
314056,46,2021-08-04,0.0,0,baseline,quartile_tails,0.25,1.0
314100,46,2021-08-04,0.1625,0,baseline,quartile_tails,0.25,1.0
314999,46,2021-08-04,1.0,1,high,quartile_tails,0.25,1.0
319212,46,2021-08-04,0.25,0,baseline,quartile_tails,0.25,1.0
319295,46,2021-08-04,1.0,1,high,quartile_tails,0.25,1.0
320033,46,2021-08-04,0.16666666666666666,0,baseline,quartile_tails,0.25,1.0
321782,46,2021-08-04,1.0,1,high,quartile_tails,0.25,1.0
322107,46,2021-08-04,1.0,1,high,quartile_tails,0.25,1.0
322313,46,2021-08-04,1.0,1,high,quartile_tails,0.25,1.0
323187,46,2021-08-04,1.0,1,high,quartile_tails,0.25,1.0
326362,46,2021-08-04,1.0,1,high,quartile_tails,0.25,1.0
326901,46,2021-08-04,1.0,1,high,quartile_tails,0.25,1.0
332062,46,2021-08-04,1.0,1,high,quartile_tails,0.25,1.0
332537,46,2021-08-04,1.0,1,high,quartile_tails,0.25,1.0
336342,46,2021-08-04,0.2222222222222222,0,baseline,quartile_tails,0.25,1.0
336484,46,2021-08-04,1.0,1,high,quartile_tails,0.25,1.0
336722,46,2021-08-04,1.0,1,high,quartile_tails,0.25,1.0
336771,46,2021-08-04,0.20833333333333331,0,baseline,quartile_tails,0.25,1.0
338674,46,2021-08-04,0.0,0,baseline,quartile_tails,0.25,1.0
339356,46,2021-08-04,1.0,1,high,quartile_tails,0.25,1.0
339801,46,2021-08-04,0.0,0,baseline,quartile_tails,0.25,1.0
339820,46,2021-08-04,0.25,0,baseline,quartile_tails,0.25,1.0
339954,46,2021-08-04,1.0,1,high,quartile_tails,0.25,1.0
342552,46,2021-08-04,1.0,1,high,quartile_tails,0.25,1.0
342981,46,2021-08-04,1.0,1,high,quartile_tails,0.25,1.0
343671,46,2021-08-04,1.0,1,high,quartile_tails,0.25,1.0
344191,46,2021-08-04,1.0,1,high,quartile_tails,0.25,1.0
347399,46,2021-08-04,1.0,1,high,quartile_tails,0.25,1.0
347566,46,2021-08-04,1.0,1,high,quartile_tails,0.25,1.0
347701,46,2021-08-04,1.0,1,high,quartile_tails,0.25,1.0
347883,46,2021-08-04,1.0,1,high,quartile_tails,0.25,1.0
347954,46,2021-08-04,1.0,1,high,quartile_tails,0.25,1.0
348825,46,2021-08-04,0.22916666666666666,0,baseline,quartile_tails,0.25,1.0
349239,46,2021-08-04,0.14583333333333331,0,baseline,quartile_tails,0.25,1.0
350029,46,2021-08-04,0.25,0,baseline,quartile_tails,0.25,1.0
350477,46,2021-08-04,0.0,0,baseline,quartile_tails,0.25,1.0
350515,46,2021-08-04,1.0,1,high,quartile_tails,0.25,1.0
352191,46,2021-08-04,1.0,1,high,quartile_tails,0.25,1.0
352569,46,2021-08-04,1.0,1,high,quartile_tails,0.25,1.0
352659,46,2021-08-04,1.0,1,high,quartile_tails,0.25,1.0
353009,46,2021-08-04,1.0,1,high,quartile_tails,0.25,1.0
353829,46,2021-08-04,0.0,0,baseline,quartile_tails,0.25,1.0
354323,46,2021-08-04,1.0,1,high,quartile_tails,0.25,1.0
355829,46,2021-08-04,0.0,0,baseline,quartile_tails,0.25,1.0
355903,46,2021-08-04,0.0,0,baseline,quartile_tails,0.25,1.0
356211,46,2021-08-04,1.0,1,high,quartile_tails,0.25,1.0
357213,46,2021-08-04,1.0,1,high,quartile_tails,0.25,1.0
357477,46,2021-08-04,1.0,1,high,quartile_tails,0.25,1.0
357696,46,2021-08-04,1.0,1,high,quartile_tails,0.25,1.0
358167,46,2021-08-04,1.0,1,high,quartile_tails,0.25,1.0
359165,46,2021-08-04,1.0,1,high,quartile_tails,0.25,1.0
359634,46,2021-08-04,1.0,1,high,quartile_tails,0.25,1.0
360217,46,2021-08-04,1.0,1,high,quartile_tails,0.25,1.0
362621,46,2021-08-04,1.0,1,high,quartile_tails,0.25,1.0
362777,46,2021-08-04,1.0,1,high,quartile_tails,0.25,1.0
363140,46,2021-08-04,1.0,1,high,quartile_tails,0.25,1.0
366032,46,2021-08-04,0.0,0,baseline,quartile_tails,0.25,1.0
366468,46,2021-08-04,1.0,1,high,quartile_tails,0.25,1.0
366940,46,2021-08-04,1.0,1,high,quartile_tails,0.25,1.0
368726,46,2021-08-04,1.0,1,high,quartile_tails,0.25,1.0
368779,46,2021-08-04,0.0,0,baseline,quartile_tails,0.25,1.0
368808,46,2021-08-04,0.0,0,baseline,quartile_tails,0.25,1.0
372034,46,2021-08-04,1.0,1,high,quartile_tails,0.25,1.0
372458,46,2021-08-04,1.0,1,high,quartile_tails,0.25,1.0
372521,46,2021-08-04,1.0,1,high,quartile_tails,0.25,1.0
372617,46,2021-08-04,0.0,0,baseline,quartile_tails,0.25,1.0
373141,46,2021-08-04,1.0,1,high,quartile_tails,0.25,1.0
374724,46,2021-08-04,0.0,0,baseline,quartile_tails,0.25,1.0
375714,46,2021-08-04,0.08333333333333333,0,baseline,quartile_tails,0.25,1.0
376420,46,2021-08-04,1.0,1,high,quartile_tails,0.25,1.0
377086,46,2021-08-04,1.0,1,high,quartile_tails,0.25,1.0
378099,46,2021-08-04,1.0,1,high,quartile_tails,0.25,1.0
379540,46,2021-08-04,1.0,1,high,quartile_tails,0.25,1.0
381331,46,2021-08-04,1.0,1,high,quartile_tails,0.25,1.0
382462,46,2021-08-04,0.25,0,baseline,quartile_tails,0.25,1.0
383912,46,2021-08-04,0.1111111111111111,0,baseline,quartile_tails,0.25,1.0
384190,46,2021-08-04,0.0,0,baseline,quartile_tails,0.25,1.0
384890,46,2021-08-04,0.25,0,baseline,quartile_tails,0.25,1.0
385149,46,2021-08-04,0.0,0,baseline,quartile_tails,0.25,1.0
387093,46,2021-08-04,0.25,0,baseline,quartile_tails,0.25,1.0
388515,46,2021-08-04,0.1875,0,baseline,quartile_tails,0.25,1.0
388802,46,2021-08-04,1.0,1,high,quartile_tails,0.25,1.0
388886,46,2021-08-04,0.0,0,baseline,quartile_tails,0.25,1.0
389110,46,2021-08-04,1.0,1,high,quartile_tails,0.25,1.0
389411,46,2021-08-04,0.0,0,baseline,quartile_tails,0.25,1.0
390136,46,2021-08-04,1.0,1,high,quartile_tails,0.25,1.0
390235,46,2021-08-04,0.0,0,baseline,quartile_tails,0.25,1.0
390251,46,2021-08-04,1.0,1,high,quartile_tails,0.25,1.0
393048,46,2021-08-04,1.0,1,high,quartile_tails,0.25,1.0
397094,46,2021-08-04,0.25,0,baseline,quartile_tails,0.25,1.0
397662,46,2021-08-04,0.0,0,baseline,quartile_tails,0.25,1.0
398281,46,2021-08-04,0.125,0,baseline,quartile_tails,0.25,1.0
399081,46,2021-08-04,1.0,1,high,quartile_tails,0.25,1.0
400197,46,2021-08-04,0.0,0,baseline,quartile_tails,0.25,1.0
402239,46,2021-08-04,0.0,0,baseline,quartile_tails,0.25,1.0
402748,46,2021-08-04,0.0,0,baseline,quartile_tails,0.25,1.0
402950,46,2021-08-04,0.0,0,baseline,quartile_tails,0.25,1.0
403581,46,2021-08-04,0.25,0,baseline,quartile_tails,0.25,1.0
404176,46,2021-08-04,1.0,1,high,quartile_tails,0.25,1.0
405718,46,2021-08-04,0.16666666666666666,0,baseline,quartile_tails,0.25,1.0
407888,46,2021-08-04,0.0,0,baseline,quartile_tails,0.25,1.0
410809,46,2021-08-04,0.10714285714285714,0,baseline,quartile_tails,0.25,1.0
413512,46,2021-08-04,1.0,1,high,quartile_tails,0.25,1.0
414612,46,2021-08-04,0.25,0,baseline,quartile_tails,0.25,1.0
418621,46,2021-08-04,0.0,0,baseline,quartile_tails,0.25,1.0
419157,46,2021-08-04,0.25,0,baseline,quartile_tails,0.25,1.0
420318,46,2021-08-04,1.0,1,high,quartile_tails,0.25,1.0
420892,46,2021-08-04,1.0,1,high,quartile_tails,0.25,1.0
421455,46,2021-08-04,1.0,1,high,quartile_tails,0.25,1.0
423424,46,2021-08-04,1.0,1,high,quartile_tails,0.25,1.0
425894,46,2021-08-04,0.0,0,baseline,quartile_tails,0.25,1.0
426887,46,2021-08-04,1.0,1,high,quartile_tails,0.25,1.0
427138,46,2021-08-04,1.0,1,high,quartile_tails,0.25,1.0
427840,46,2021-08-04,0.0,0,baseline,quartile_tails,0.25,1.0
429634,46,2021-08-04,1.0,1,high,quartile_tails,0.25,1.0
429729,46,2021-08-04,1.0,1,high,quartile_tails,0.25,1.0
430074,46,2021-08-04,0.0,0,baseline,quartile_tails,0.25,1.0
430899,46,2021-08-04,0.0,0,baseline,quartile_tails,0.25,1.0
435055,46,2021-08-04,0.0,0,baseline,quartile_tails,0.25,1.0
437010,46,2021-08-04,1.0,1,high,quartile_tails,0.25,1.0
437038,46,2021-08-04,1.0,1,high,quartile_tails,0.25,1.0
437823,46,2021-08-04,0.19999999999999998,0,baseline,quartile_tails,0.25,1.0
439013,46,2021-08-04,1.0,1,high,quartile_tails,0.25,1.0
439055,46,2021-08-04,0.0,0,baseline,quartile_tails,0.25,1.0
440112,46,2021-08-04,0.0,0,baseline,quartile_tails,0.25,1.0
440428,46,2021-08-04,0.25,0,baseline,quartile_tails,0.25,1.0
441231,46,2021-08-04,1.0,1,high,quartile_tails,0.25,1.0
441270,46,2021-08-04,0.25,0,baseline,quartile_tails,0.25,1.0
441472,46,2021-08-04,0.0,0,baseline,quartile_tails,0.25,1.0
441483,46,2021-08-04,1.0,1,high,quartile_tails,0.25,1.0
442205,46,2021-08-04,0.125,0,baseline,quartile_tails,0.25,1.0
443027,46,2021-08-04,0.0,0,baseline,quartile_tails,0.25,1.0
445022,46,2021-08-04,0.25,0,baseline,quartile_tails,0.25,1.0
446125,46,2021-08-04,0.0,0,baseline,quartile_tails,0.25,1.0
448979,46,2021-08-04,1.0,1,high,quartile_tails,0.25,1.0
449336,46,2021-08-04,0.0,0,baseline,quartile_tails,0.25,1.0
451102,46,2021-08-04,1.0,1,high,quartile_tails,0.25,1.0
451510,46,2021-08-04,0.0,0,baseline,quartile_tails,0.25,1.0
452302,46,2021-08-04,1.0,1,high,quartile_tails,0.25,1.0
452361,46,2021-08-04,1.0,1,high,quartile_tails,0.25,1.0
453188,46,2021-08-04,1.0,1,high,quartile_tails,0.25,1.0
453451,46,2021-08-04,1.0,1,high,quartile_tails,0.25,1.0
454379,46,2021-08-04,0.16666666666666666,0,baseline,quartile_tails,0.25,1.0
455253,46,2021-08-04,0.08333333333333333,0,baseline,quartile_tails,0.25,1.0
455669,46,2021-08-04,0.0,0,baseline,quartile_tails,0.25,1.0
455892,46,2021-08-04,0.16666666666666666,0,baseline,quartile_tails,0.25,1.0
456910,46,2021-08-04,0.16666666666666666,0,baseline,quartile_tails,0.25,1.0
458839,46,2021-08-04,0.25,0,baseline,quartile_tails,0.25,1.0
460827,46,2021-08-04,0.2222222222222222,0,baseline,quartile_tails,0.25,1.0
460829,46,2021-08-04,0.25,0,baseline,quartile_tails,0.25,1.0
461845,46,2021-08-04,1.0,1,high,quartile_tails,0.25,1.0
462389,46,2021-08-04,1.0,1,high,quartile_tails,0.25,1.0
462410,46,2021-08-04,1.0,1,high,quartile_tails,0.25,1.0
466072,46,2021-08-04,0.0,0,baseline,quartile_tails,0.25,1.0
466634,46,2021-08-04,0.0,0,baseline,quartile_tails,0.25,1.0
468694,46,2021-08-04,1.0,1,high,quartile_tails,0.25,1.0
470712,46,2021-08-04,0.16666666666666666,0,baseline,quartile_tails,0.25,1.0
471053,46,2021-08-04,0.0,0,baseline,quartile_tails,0.25,1.0
471163,46,2021-08-04,0.0,0,baseline,quartile_tails,0.25,1.0
471239,46,2021-08-04,0.125,0,baseline,quartile_tails,0.25,1.0
472445,46,2021-08-04,1.0,1,high,quartile_tails,0.25,1.0
472530,46,2021-08-04,0.0,0,baseline,quartile_tails,0.25,1.0
474627,46,2021-08-04,1.0,1,high,quartile_tails,0.25,1.0
474819,46,2021-08-04,0.0,0,baseline,quartile_tails,0.25,1.0
476193,46,2021-08-04,0.0,0,baseline,quartile_tails,0.25,1.0
479588,46,2021-08-04,1.0,1,high,quartile_tails,0.25,1.0
480431,46,2021-08-04,1.0,1,high,quartile_tails,0.25,1.0
481564,46,2021-08-04,1.0,1,high,quartile_tails,0.25,1.0
482742,46,2021-08-04,0.25,0,baseline,quartile_tails,0.25,1.0
482781,46,2021-08-04,1.0,1,high,quartile_tails,0.25,1.0
483075,46,2021-08-04,1.0,1,high,quartile_tails,0.25,1.0
483429,46,2021-08-04,1.0,1,high,quartile_tails,0.25,1.0
484624,46,2021-08-04,1.0,1,high,quartile_tails,0.25,1.0
485053,46,2021-08-04,1.0,1,high,quartile_tails,0.25,1.0
485266,46,2021-08-04,0.25,0,baseline,quartile_tails,0.25,1.0
487894,46,2021-08-04,0.16666666666666666,0,baseline,quartile_tails,0.25,1.0
488913,46,2021-08-04,0.0,0,baseline,quartile_tails,0.25,1.0
489877,46,2021-08-04,0.16666666666666666,0,baseline,quartile_tails,0.25,1.0
490198,46,2021-08-04,1.0,1,high,quartile_tails,0.25,1.0
491187,46,2021-08-04,0.0,0,baseline,quartile_tails,0.25,1.0
491603,46,2021-08-04,0.0,0,baseline,quartile_tails,0.25,1.0
493355,46,2021-08-04,1.0,1,high,quartile_tails,0.25,1.0
493429,46,2021-08-04,0.25,0,baseline,quartile_tails,0.25,1.0
494504,46,2021-08-04,1.0,1,high,quartile_tails,0.25,1.0
494596,46,2021-08-04,1.0,1,high,quartile_tails,0.25,1.0
496554,46,2021-08-04,1.0,1,high,quartile_tails,0.25,1.0
497451,46,2021-08-04,0.0,0,baseline,quartile_tails,0.25,1.0
497674,46,2021-08-04,1.0,1,high,quartile_tails,0.25,1.0
498434,46,2021-08-04,0.0,0,baseline,quartile_tails,0.25,1.0
498456,46,2021-08-04,1.0,1,high,quartile_tails,0.25,1.0
502976,46,2021-08-04,0.1111111111111111,0,baseline,quartile_tails,0.25,1.0
504050,46,2021-08-04,0.16666666666666666,0,baseline,quartile_tails,0.25,1.0
505284,46,2021-08-04,0.0,0,baseline,quartile_tails,0.25,1.0
506420,46,2021-08-04,1.0,1,high,quartile_tails,0.25,1.0
507131,46,2021-08-04,1.0,1,high,quartile_tails,0.25,1.0
508850,46,2021-08-04,1.0,1,high,quartile_tails,0.25,1.0
510100,46,2021-08-04,1.0,1,high,quartile_tails,0.25,1.0
510386,46,2021-08-04,0.0,0,baseline,quartile_tails,0.25,1.0
510679,46,2021-08-04,0.0,0,baseline,quartile_tails,0.25,1.0
510764,46,2021-08-04,1.0,1,high,quartile_tails,0.25,1.0
511504,46,2021-08-04,1.0,1,high,quartile_tails,0.25,1.0
511889,46,2021-08-04,0.16666666666666666,0,baseline,quartile_tails,0.25,1.0
513798,46,2021-08-04,0.2222222222222222,0,baseline,quartile_tails,0.25,1.0
515047,46,2021-08-04,1.0,1,high,quartile_tails,0.25,1.0
515500,46,2021-08-04,0.125,0,baseline,quartile_tails,0.25,1.0
515588,46,2021-08-04,1.0,1,high,quartile_tails,0.25,1.0
515595,46,2021-08-04,1.0,1,high,quartile_tails,0.25,1.0
515736,46,2021-08-04,1.0,1,high,quartile_tails,0.25,1.0
516057,46,2021-08-04,1.0,1,high,quartile_tails,0.25,1.0
516171,46,2021-08-04,1.0,1,high,quartile_tails,0.25,1.0
516636,46,2021-08-04,0.125,0,baseline,quartile_tails,0.25,1.0
516790,46,2021-08-04,0.0,0,baseline,quartile_tails,0.25,1.0
518034,46,2021-08-04,1.0,1,high,quartile_tails,0.25,1.0
519987,46,2021-08-04,1.0,1,high,quartile_tails,0.25,1.0
520381,46,2021-08-04,0.0,0,baseline,quartile_tails,0.25,1.0
520973,46,2021-08-04,0.16666666666666666,0,baseline,quartile_tails,0.25,1.0
521551,46,2021-08-04,1.0,1,high,quartile_tails,0.25,1.0
522355,46,2021-08-04,1.0,1,high,quartile_tails,0.25,1.0
522731,46,2021-08-04,0.25,0,baseline,quartile_tails,0.25,1.0
523178,46,2021-08-04,1.0,1,high,quartile_tails,0.25,1.0
523259,46,2021-08-04,1.0,1,high,quartile_tails,0.25,1.0
523455,46,2021-08-04,0.20833333333333331,0,baseline,quartile_tails,0.25,1.0
523495,46,2021-08-04,0.25,0,baseline,quartile_tails,0.25,1.0
523845,46,2021-08-04,0.0,0,baseline,quartile_tails,0.25,1.0
525998,46,2021-08-04,1.0,1,high,quartile_tails,0.25,1.0
526230,46,2021-08-04,1.0,1,high,quartile_tails,0.25,1.0
526344,46,2021-08-04,0.0,0,baseline,quartile_tails,0.25,1.0
526779,46,2021-08-04,1.0,1,high,quartile_tails,0.25,1.0
527917,46,2021-08-04,0.16666666666666666,0,baseline,quartile_tails,0.25,1.0
528444,46,2021-08-04,1.0,1,high,quartile_tails,0.25,1.0
528563,46,2021-08-04,0.08333333333333333,0,baseline,quartile_tails,0.25,1.0
528567,46,2021-08-04,0.0,0,baseline,quartile_tails,0.25,1.0
528958,46,2021-08-04,1.0,1,high,quartile_tails,0.25,1.0
529054,46,2021-08-04,1.0,1,high,quartile_tails,0.25,1.0
529324,46,2021-08-04,0.0,0,baseline,quartile_tails,0.25,1.0
529845,46,2021-08-04,1.0,1,high,quartile_tails,0.25,1.0
531430,46,2021-08-04,1.0,1,high,quartile_tails,0.25,1.0
531978,46,2021-08-04,0.0,0,baseline,quartile_tails,0.25,1.0
532454,46,2021-08-04,0.20833333333333331,0,baseline,quartile_tails,0.25,1.0
533966,46,2021-08-04,1.0,1,high,quartile_tails,0.25,1.0
534740,46,2021-08-04,0.25,0,baseline,quartile_tails,0.25,1.0
535091,46,2021-08-04,0.25,0,baseline,quartile_tails,0.25,1.0
535583,46,2021-08-04,0.0,0,baseline,quartile_tails,0.25,1.0
536009,46,2021-08-04,0.25,0,baseline,quartile_tails,0.25,1.0
537095,46,2021-08-04,0.25,0,baseline,quartile_tails,0.25,1.0
537171,46,2021-08-04,1.0,1,high,quartile_tails,0.25,1.0
537369,46,2021-08-04,1.0,1,high,quartile_tails,0.25,1.0
537429,46,2021-08-04,0.0,0,baseline,quartile_tails,0.25,1.0
538475,46,2021-08-04,0.08333333333333333,0,baseline,quartile_tails,0.25,1.0
539287,46,2021-08-04,0.0,0,baseline,quartile_tails,0.25,1.0
539508,46,2021-08-04,1.0,1,high,quartile_tails,0.25,1.0
540604,46,2021-08-04,1.0,1,high,quartile_tails,0.25,1.0
541265,46,2021-08-04,0.0,0,baseline,quartile_tails,0.25,1.0
541345,46,2021-08-04,0.0,0,baseline,quartile_tails,0.25,1.0
542137,46,2021-08-04,1.0,1,high,quartile_tails,0.25,1.0
542396,46,2021-08-04,1.0,1,high,quartile_tails,0.25,1.0
542898,46,2021-08-04,1.0,1,high,quartile_tails,0.25,1.0
543473,46,2021-08-04,0.0,0,baseline,quartile_tails,0.25,1.0
543679,46,2021-08-04,1.0,1,high,quartile_tails,0.25,1.0
543867,46,2021-08-04,1.0,1,high,quartile_tails,0.25,1.0
544461,46,2021-08-04,1.0,1,high,quartile_tails,0.25,1.0
544565,46,2021-08-04,0.0,0,baseline,quartile_tails,0.25,1.0
545673,46,2021-08-04,1.0,1,high,quartile_tails,0.25,1.0
545820,46,2021-08-04,1.0,1,high,quartile_tails,0.25,1.0
545852,46,2021-08-04,0.0,0,baseline,quartile_tails,0.25,1.0
545877,46,2021-08-04,1.0,1,high,quartile_tails,0.25,1.0
546373,46,2021-08-04,1.0,1,high,quartile_tails,0.25,1.0
548989,46,2021-08-04,1.0,1,high,quartile_tails,0.25,1.0
549665,46,2021-08-04,0.0625,0,baseline,quartile_tails,0.25,1.0
550356,46,2021-08-04,1.0,1,high,quartile_tails,0.25,1.0
551367,46,2021-08-04,1.0,1,high,quartile_tails,0.25,1.0
551385,46,2021-08-04,1.0,1,high,quartile_tails,0.25,1.0
552249,46,2021-08-04,1.0,1,high,quartile_tails,0.25,1.0
552938,46,2021-08-04,1.0,1,high,quartile_tails,0.25,1.0
553750,46,2021-08-04,0.0,0,baseline,quartile_tails,0.25,1.0
555103,46,2021-08-04,1.0,1,high,quartile_tails,0.25,1.0
555312,46,2021-08-04,0.0,0,baseline,quartile_tails,0.25,1.0
555323,46,2021-08-04,1.0,1,high,quartile_tails,0.25,1.0
555910,46,2021-08-04,1.0,1,high,quartile_tails,0.25,1.0
556234,46,2021-08-04,0.25,0,baseline,quartile_tails,0.25,1.0
557765,46,2021-08-04,0.0,0,baseline,quartile_tails,0.25,1.0
559184,46,2021-08-04,1.0,1,high,quartile_tails,0.25,1.0
559502,46,2021-08-04,0.25,0,baseline,quartile_tails,0.25,1.0
559978,46,2021-08-04,0.0,0,baseline,quartile_tails,0.25,1.0
561508,46,2021-08-04,1.0,1,high,quartile_tails,0.25,1.0
561674,46,2021-08-04,1.0,1,high,quartile_tails,0.25,1.0
562040,46,2021-08-04,0.0,0,baseline,quartile_tails,0.25,1.0
562288,46,2021-08-04,0.0,0,baseline,quartile_tails,0.25,1.0
563970,46,2021-08-04,1.0,1,high,quartile_tails,0.25,1.0
564400,46,2021-08-04,0.0,0,baseline,quartile_tails,0.25,1.0
564701,46,2021-08-04,1.0,1,high,quartile_tails,0.25,1.0
564913,46,2021-08-04,1.0,1,high,quartile_tails,0.25,1.0
566520,46,2021-08-04,1.0,1,high,quartile_tails,0.25,1.0
566881,46,2021-08-04,1.0,1,high,quartile_tails,0.25,1.0
567338,46,2021-08-04,1.0,1,high,quartile_tails,0.25,1.0
568532,46,2021-08-04,0.0,0,baseline,quartile_tails,0.25,1.0
569550,46,2021-08-04,0.0,0,baseline,quartile_tails,0.25,1.0
570275,46,2021-08-04,1.0,1,high,quartile_tails,0.25,1.0
570503,46,2021-08-04,0.0,0,baseline,quartile_tails,0.25,1.0
573164,46,2021-08-04,0.0,0,baseline,quartile_tails,0.25,1.0
573629,46,2021-08-04,0.25,0,baseline,quartile_tails,0.25,1.0
574758,46,2021-08-04,1.0,1,high,quartile_tails,0.25,1.0
574800,46,2021-08-04,0.25,0,baseline,quartile_tails,0.25,1.0
575313,46,2021-08-04,0.22916666666666666,0,baseline,quartile_tails,0.25,1.0
575514,46,2021-08-04,1.0,1,high,quartile_tails,0.25,1.0
575808,46,2021-08-04,0.0,0,baseline,quartile_tails,0.25,1.0
576263,46,2021-08-04,0.0,0,baseline,quartile_tails,0.25,1.0
576433,46,2021-08-04,1.0,1,high,quartile_tails,0.25,1.0
576458,46,2021-08-04,0.0,0,baseline,quartile_tails,0.25,1.0
576519,46,2021-08-04,1.0,1,high,quartile_tails,0.25,1.0
577431,46,2021-08-04,0.0,0,baseline,quartile_tails,0.25,1.0
579058,46,2021-08-04,0.1111111111111111,0,baseline,quartile_tails,0.25,1.0
580231,46,2021-08-04,1.0,1,high,quartile_tails,0.25,1.0
581039,46,2021-08-04,0.1111111111111111,0,baseline,quartile_tails,0.25,1.0
581154,46,2021-08-04,0.16666666666666666,0,baseline,quartile_tails,0.25,1.0
581302,46,2021-08-04,1.0,1,high,quartile_tails,0.25,1.0
584795,46,2021-08-04,0.0,0,baseline,quartile_tails,0.25,1.0
584926,46,2021-08-04,1.0,1,high,quartile_tails,0.25,1.0
585400,46,2021-08-04,0.16666666666666666,0,baseline,quartile_tails,0.25,1.0
586490,46,2021-08-04,0.2125,0,baseline,quartile_tails,0.25,1.0
586827,46,2021-08-04,0.0,0,baseline,quartile_tails,0.25,1.0
587171,46,2021-08-04,1.0,1,high,quartile_tails,0.25,1.0
587472,46,2021-08-04,1.0,1,high,quartile_tails,0.25,1.0
587571,46,2021-08-04,1.0,1,high,quartile_tails,0.25,1.0
587611,46,2021-08-04,1.0,1,high,quartile_tails,0.25,1.0
587803,46,2021-08-04,1.0,1,high,quartile_tails,0.25,1.0
588458,46,2021-08-04,1.0,1,high,quartile_tails,0.25,1.0
588898,46,2021-08-04,0.0,0,baseline,quartile_tails,0.25,1.0
590523,46,2021-08-04,0.0,0,baseline,quartile_tails,0.25,1.0
591143,46,2021-08-04,1.0,1,high,quartile_tails,0.25,1.0
591511,46,2021-08-04,1.0,1,high,quartile_tails,0.25,1.0
592708,46,2021-08-04,0.0,0,baseline,quartile_tails,0.25,1.0
593622,46,2021-08-04,0.0,0,baseline,quartile_tails,0.25,1.0
594022,46,2021-08-04,1.0,1,high,quartile_tails,0.25,1.0
595976,46,2021-08-04,0.0,0,baseline,quartile_tails,0.25,1.0
596014,46,2021-08-04,1.0,1,high,quartile_tails,0.25,1.0
596585,46,2021-08-04,1.0,1,high,quartile_tails,0.25,1.0
597194,46,2021-08-04,1.0,1,high,quartile_tails,0.25,1.0
597620,46,2021-08-04,1.0,1,high,quartile_tails,0.25,1.0
598288,46,2021-08-04,0.0,0,baseline,quartile_tails,0.25,1.0
598402,46,2021-08-04,1.0,1,high,quartile_tails,0.25,1.0
598668,46,2021-08-04,1.0,1,high,quartile_tails,0.25,1.0
598872,46,2021-08-04,1.0,1,high,quartile_tails,0.25,1.0
599764,46,2021-08-04,0.16666666666666666,0,baseline,quartile_tails,0.25,1.0
601447,46,2021-08-04,1.0,1,high,quartile_tails,0.25,1.0
601646,46,2021-08-04,0.0,0,baseline,quartile_tails,0.25,1.0
602890,46,2021-08-04,1.0,1,high,quartile_tails,0.25,1.0
603077,46,2021-08-04,0.0,0,baseline,quartile_tails,0.25,1.0
603507,46,2021-08-04,0.0,0,baseline,quartile_tails,0.25,1.0
603915,46,2021-08-04,1.0,1,high,quartile_tails,0.25,1.0
604240,46,2021-08-04,1.0,1,high,quartile_tails,0.25,1.0
605724,46,2021-08-04,0.25,0,baseline,quartile_tails,0.25,1.0
606658,46,2021-08-04,0.25,0,baseline,quartile_tails,0.25,1.0
606854,46,2021-08-04,0.0,0,baseline,quartile_tails,0.25,1.0
607058,46,2021-08-04,1.0,1,high,quartile_tails,0.25,1.0
607542,46,2021-08-04,1.0,1,high,quartile_tails,0.25,1.0
607622,46,2021-08-04,1.0,1,high,quartile_tails,0.25,1.0
608134,46,2021-08-04,0.0,0,baseline,quartile_tails,0.25,1.0
608314,46,2021-08-04,1.0,1,high,quartile_tails,0.25,1.0
609583,46,2021-08-04,1.0,1,high,quartile_tails,0.25,1.0
610862,46,2021-08-04,1.0,1,high,quartile_tails,0.25,1.0
610882,46,2021-08-04,1.0,1,high,quartile_tails,0.25,1.0
611752,46,2021-08-04,0.125,0,baseline,quartile_tails,0.25,1.0
611928,46,2021-08-04,0.25,0,baseline,quartile_tails,0.25,1.0
612326,46,2021-08-04,0.0,0,baseline,quartile_tails,0.25,1.0
613436,46,2021-08-04,0.1111111111111111,0,baseline,quartile_tails,0.25,1.0
614613,46,2021-08-04,1.0,1,high,quartile_tails,0.25,1.0
615424,46,2021-08-04,1.0,1,high,quartile_tails,0.25,1.0
616118,46,2021-08-04,1.0,1,high,quartile_tails,0.25,1.0
618807,46,2021-08-04,0.0,0,baseline,quartile_tails,0.25,1.0
618968,46,2021-08-04,0.0,0,baseline,quartile_tails,0.25,1.0
619466,46,2021-08-04,1.0,1,high,quartile_tails,0.25,1.0
619694,46,2021-08-04,1.0,1,high,quartile_tails,0.25,1.0
619806,46,2021-08-04,1.0,1,high,quartile_tails,0.25,1.0
620243,46,2021-08-04,0.1875,0,baseline,quartile_tails,0.25,1.0
620269,46,2021-08-04,0.25,0,baseline,quartile_tails,0.25,1.0
620399,46,2021-08-04,1.0,1,high,quartile_tails,0.25,1.0
620529,46,2021-08-04,1.0,1,high,quartile_tails,0.25,1.0
620601,46,2021-08-04,1.0,1,high,quartile_tails,0.25,1.0
621069,46,2021-08-04,1.0,1,high,quartile_tails,0.25,1.0
622346,46,2021-08-04,1.0,1,high,quartile_tails,0.25,1.0
622643,46,2021-08-04,0.0,0,baseline,quartile_tails,0.25,1.0
624528,46,2021-08-04,1.0,1,high,quartile_tails,0.25,1.0
624834,46,2021-08-04,0.125,0,baseline,quartile_tails,0.25,1.0
624945,46,2021-08-04,1.0,1,high,quartile_tails,0.25,1.0
625053,46,2021-08-04,1.0,1,high,quartile_tails,0.25,1.0
625265,46,2021-08-04,0.0,0,baseline,quartile_tails,0.25,1.0
626438,46,2021-08-04,0.0,0,baseline,quartile_tails,0.25,1.0
626881,46,2021-08-04,1.0,1,high,quartile_tails,0.25,1.0
627881,46,2021-08-04,1.0,1,high,quartile_tails,0.25,1.0
630219,46,2021-08-04,1.0,1,high,quartile_tails,0.25,1.0
630547,46,2021-08-04,1.0,1,high,quartile_tails,0.25,1.0
631352,46,2021-08-04,1.0,1,high,quartile_tails,0.25,1.0
631715,46,2021-08-04,0.0,0,baseline,quartile_tails,0.25,1.0
632497,46,2021-08-04,1.0,1,high,quartile_tails,0.25,1.0
634170,46,2021-08-04,1.0,1,high,quartile_tails,0.25,1.0
634417,46,2021-08-04,0.08333333333333333,0,baseline,quartile_tails,0.25,1.0
635678,46,2021-08-04,0.0,0,baseline,quartile_tails,0.25,1.0
635754,46,2021-08-04,0.1,0,baseline,quartile_tails,0.25,1.0
636268,46,2021-08-04,0.08333333333333333,0,baseline,quartile_tails,0.25,1.0
637551,46,2021-08-04,0.0,0,baseline,quartile_tails,0.25,1.0
638691,46,2021-08-04,1.0,1,high,quartile_tails,0.25,1.0
638727,46,2021-08-04,0.0,0,baseline,quartile_tails,0.25,1.0
639047,46,2021-08-04,0.25,0,baseline,quartile_tails,0.25,1.0
639477,46,2021-08-04,1.0,1,high,quartile_tails,0.25,1.0
640764,46,2021-08-04,0.0,0,baseline,quartile_tails,0.25,1.0
642380,46,2021-08-04,1.0,1,high,quartile_tails,0.25,1.0
643405,46,2021-08-04,0.16666666666666666,0,baseline,quartile_tails,0.25,1.0
643481,46,2021-08-04,0.1111111111111111,0,baseline,quartile_tails,0.25,1.0
644316,46,2021-08-04,1.0,1,high,quartile_tails,0.25,1.0
644317,46,2021-08-04,1.0,1,high,quartile_tails,0.25,1.0
644350,46,2021-08-04,1.0,1,high,quartile_tails,0.25,1.0
644361,46,2021-08-04,0.0,0,baseline,quartile_tails,0.25,1.0
644450,46,2021-08-04,0.0,0,baseline,quartile_tails,0.25,1.0
644810,46,2021-08-04,0.1,0,baseline,quartile_tails,0.25,1.0
645422,46,2021-08-04,1.0,1,high,quartile_tails,0.25,1.0
645472,46,2021-08-04,1.0,1,high,quartile_tails,0.25,1.0
645751,46,2021-08-04,1.0,1,high,quartile_tails,0.25,1.0
646767,46,2021-08-04,0.25,0,baseline,quartile_tails,0.25,1.0
646988,46,2021-08-04,0.25,0,baseline,quartile_tails,0.25,1.0
649310,46,2021-08-04,0.0,0,baseline,quartile_tails,0.25,1.0
649321,46,2021-08-04,1.0,1,high,quartile_tails,0.25,1.0
649356,46,2021-08-04,1.0,1,high,quartile_tails,0.25,1.0
651197,46,2021-08-04,1.0,1,high,quartile_tails,0.25,1.0
651992,46,2021-08-04,0.0,0,baseline,quartile_tails,0.25,1.0
652670,46,2021-08-04,0.25,0,baseline,quartile_tails,0.25,1.0
652754,46,2021-08-04,1.0,1,high,quartile_tails,0.25,1.0
653216,46,2021-08-04,0.0,0,baseline,quartile_tails,0.25,1.0
653418,46,2021-08-04,0.0,0,baseline,quartile_tails,0.25,1.0
653652,46,2021-08-04,0.16666666666666666,0,baseline,quartile_tails,0.25,1.0
654051,46,2021-08-04,0.0,0,baseline,quartile_tails,0.25,1.0
654420,46,2021-08-04,1.0,1,high,quartile_tails,0.25,1.0
654763,46,2021-08-04,0.0,0,baseline,quartile_tails,0.25,1.0
655382,46,2021-08-04,1.0,1,high,quartile_tails,0.25,1.0
656293,46,2021-08-04,0.0,0,baseline,quartile_tails,0.25,1.0
658221,46,2021-08-04,1.0,1,high,quartile_tails,0.25,1.0
658222,46,2021-08-04,1.0,1,high,quartile_tails,0.25,1.0
659090,46,2021-08-04,0.0,0,baseline,quartile_tails,0.25,1.0
660262,46,2021-08-04,1.0,1,high,quartile_tails,0.25,1.0
660291,46,2021-08-04,0.0,0,baseline,quartile_tails,0.25,1.0
660662,46,2021-08-04,0.25,0,baseline,quartile_tails,0.25,1.0
660780,46,2021-08-04,0.0,0,baseline,quartile_tails,0.25,1.0
661550,46,2021-08-04,0.0,0,baseline,quartile_tails,0.25,1.0
661582,46,2021-08-04,0.16666666666666666,0,baseline,quartile_tails,0.25,1.0
661584,46,2021-08-04,1.0,1,high,quartile_tails,0.25,1.0
661601,46,2021-08-04,0.0,0,baseline,quartile_tails,0.25,1.0
663017,46,2021-08-04,0.19444444444444442,0,baseline,quartile_tails,0.25,1.0
665337,46,2021-08-04,1.0,1,high,quartile_tails,0.25,1.0
665516,46,2021-08-04,0.16666666666666666,0,baseline,quartile_tails,0.25,1.0
665659,46,2021-08-04,0.25,0,baseline,quartile_tails,0.25,1.0
665668,46,2021-08-04,0.1111111111111111,0,baseline,quartile_tails,0.25,1.0
666617,46,2021-08-04,1.0,1,high,quartile_tails,0.25,1.0
667499,46,2021-08-04,0.125,0,baseline,quartile_tails,0.25,1.0
667540,46,2021-08-04,1.0,1,high,quartile_tails,0.25,1.0
668205,46,2021-08-04,0.0,0,baseline,quartile_tails,0.25,1.0
668275,46,2021-08-04,0.0,0,baseline,quartile_tails,0.25,1.0
668736,46,2021-08-04,0.0,0,baseline,quartile_tails,0.25,1.0
669092,46,2021-08-04,1.0,1,high,quartile_tails,0.25,1.0
669094,46,2021-08-04,1.0,1,high,quartile_tails,0.25,1.0
669487,46,2021-08-04,0.25,0,baseline,quartile_tails,0.25,1.0
669890,46,2021-08-04,0.1875,0,baseline,quartile_tails,0.25,1.0
670410,46,2021-08-04,0.0,0,baseline,quartile_tails,0.25,1.0
670801,46,2021-08-04,0.125,0,baseline,quartile_tails,0.25,1.0
671068,46,2021-08-04,0.16666666666666666,0,baseline,quartile_tails,0.25,1.0
671274,46,2021-08-04,0.25,0,baseline,quartile_tails,0.25,1.0
672715,46,2021-08-04,0.16666666666666666,0,baseline,quartile_tails,0.25,1.0
673108,46,2021-08-04,0.20833333333333331,0,baseline,quartile_tails,0.25,1.0
673366,46,2021-08-04,0.25,0,baseline,quartile_tails,0.25,1.0
673840,46,2021-08-04,1.0,1,high,quartile_tails,0.25,1.0
677363,46,2021-08-04,1.0,1,high,quartile_tails,0.25,1.0
677438,46,2021-08-04,0.0,0,baseline,quartile_tails,0.25,1.0
678196,46,2021-08-04,0.25,0,baseline,quartile_tails,0.25,1.0
678200,46,2021-08-04,1.0,1,high,quartile_tails,0.25,1.0
679564,46,2021-08-04,1.0,1,high,quartile_tails,0.25,1.0
680586,46,2021-08-04,0.20833333333333331,0,baseline,quartile_tails,0.25,1.0
681438,46,2021-08-04,0.1,0,baseline,quartile_tails,0.25,1.0
681868,46,2021-08-04,1.0,1,high,quartile_tails,0.25,1.0
682180,46,2021-08-04,0.0,0,baseline,quartile_tails,0.25,1.0
682895,46,2021-08-04,1.0,1,high,quartile_tails,0.25,1.0
683839,46,2021-08-04,0.0,0,baseline,quartile_tails,0.25,1.0
684006,46,2021-08-04,0.0,0,baseline,quartile_tails,0.25,1.0
685006,46,2021-08-04,0.0,0,baseline,quartile_tails,0.25,1.0
685129,46,2021-08-04,0.0,0,baseline,quartile_tails,0.25,1.0
686923,46,2021-08-04,0.0,0,baseline,quartile_tails,0.25,1.0
687516,46,2021-08-04,0.0,0,baseline,quartile_tails,0.25,1.0
687699,46,2021-08-04,1.0,1,high,quartile_tails,0.25,1.0
687905,46,2021-08-04,0.25,0,baseline,quartile_tails,0.25,1.0
688088,46,2021-08-04,1.0,1,high,quartile_tails,0.25,1.0
688563,46,2021-08-04,1.0,1,high,quartile_tails,0.25,1.0
689909,46,2021-08-04,0.25,0,baseline,quartile_tails,0.25,1.0
691107,46,2021-08-04,1.0,1,high,quartile_tails,0.25,1.0
691163,46,2021-08-04,0.25,0,baseline,quartile_tails,0.25,1.0
691503,46,2021-08-04,1.0,1,high,quartile_tails,0.25,1.0
692531,46,2021-08-04,1.0,1,high,quartile_tails,0.25,1.0
692603,46,2021-08-04,0.0,0,baseline,quartile_tails,0.25,1.0
693422,46,2021-08-04,1.0,1,high,quartile_tails,0.25,1.0
693624,46,2021-08-04,1.0,1,high,quartile_tails,0.25,1.0
694727,46,2021-08-04,0.0,0,baseline,quartile_tails,0.25,1.0
696270,46,2021-08-04,0.25,0,baseline,quartile_tails,0.25,1.0
697254,46,2021-08-04,0.16666666666666666,0,baseline,quartile_tails,0.25,1.0
697713,46,2021-08-04,0.25,0,baseline,quartile_tails,0.25,1.0
698992,46,2021-08-04,1.0,1,high,quartile_tails,0.25,1.0
699409,46,2021-08-04,0.25,0,baseline,quartile_tails,0.25,1.0
701246,46,2021-08-04,1.0,1,high,quartile_tails,0.25,1.0
701460,46,2021-08-04,1.0,1,high,quartile_tails,0.25,1.0
702365,46,2021-08-04,1.0,1,high,quartile_tails,0.25,1.0
702393,46,2021-08-04,1.0,1,high,quartile_tails,0.25,1.0
702556,46,2021-08-04,0.0,0,baseline,quartile_tails,0.25,1.0
702814,46,2021-08-04,1.0,1,high,quartile_tails,0.25,1.0
705039,46,2021-08-04,0.0,0,baseline,quartile_tails,0.25,1.0
705214,46,2021-08-04,1.0,1,high,quartile_tails,0.25,1.0
705589,46,2021-08-04,1.0,1,high,quartile_tails,0.25,1.0
705792,46,2021-08-04,1.0,1,high,quartile_tails,0.25,1.0
706121,46,2021-08-04,0.0,0,baseline,quartile_tails,0.25,1.0
706616,46,2021-08-04,0.25,0,baseline,quartile_tails,0.25,1.0
707455,46,2021-08-04,0.0,0,baseline,quartile_tails,0.25,1.0
708421,46,2021-08-04,0.125,0,baseline,quartile_tails,0.25,1.0
711281,46,2021-08-04,0.0,0,baseline,quartile_tails,0.25,1.0
712195,46,2021-08-04,1.0,1,high,quartile_tails,0.25,1.0
712598,46,2021-08-04,1.0,1,high,quartile_tails,0.25,1.0
713505,46,2021-08-04,0.25,0,baseline,quartile_tails,0.25,1.0
713911,46,2021-08-04,0.25,0,baseline,quartile_tails,0.25,1.0
715002,46,2021-08-04,1.0,1,high,quartile_tails,0.25,1.0
715422,46,2021-08-04,0.0,0,baseline,quartile_tails,0.25,1.0
715829,46,2021-08-04,1.0,1,high,quartile_tails,0.25,1.0
716460,46,2021-08-04,1.0,1,high,quartile_tails,0.25,1.0
716890,46,2021-08-04,1.0,1,high,quartile_tails,0.25,1.0
716946,46,2021-08-04,1.0,1,high,quartile_tails,0.25,1.0
718936,46,2021-08-04,0.2125,0,baseline,quartile_tails,0.25,1.0
719475,46,2021-08-04,1.0,1,high,quartile_tails,0.25,1.0
719631,46,2021-08-04,1.0,1,high,quartile_tails,0.25,1.0
720569,46,2021-08-04,0.125,0,baseline,quartile_tails,0.25,1.0
721109,46,2021-08-04,0.0,0,baseline,quartile_tails,0.25,1.0
721339,46,2021-08-04,0.0,0,baseline,quartile_tails,0.25,1.0
722995,46,2021-08-04,0.0,0,baseline,quartile_tails,0.25,1.0
725272,46,2021-08-04,0.0,0,baseline,quartile_tails,0.25,1.0
726485,46,2021-08-04,1.0,1,high,quartile_tails,0.25,1.0
726744,46,2021-08-04,1.0,1,high,quartile_tails,0.25,1.0
726816,46,2021-08-04,0.16666666666666666,0,baseline,quartile_tails,0.25,1.0
726860,46,2021-08-04,0.0,0,baseline,quartile_tails,0.25,1.0
727417,46,2021-08-04,0.16666666666666666,0,baseline,quartile_tails,0.25,1.0
727842,46,2021-08-04,0.25,0,baseline,quartile_tails,0.25,1.0
728076,46,2021-08-04,0.0,0,baseline,quartile_tails,0.25,1.0
728081,46,2021-08-04,0.0,0,baseline,quartile_tails,0.25,1.0
728317,46,2021-08-04,1.0,1,high,quartile_tails,0.25,1.0
730088,46,2021-08-04,0.0,0,baseline,quartile_tails,0.25,1.0
730867,46,2021-08-04,0.0,0,baseline,quartile_tails,0.25,1.0
730877,46,2021-08-04,1.0,1,high,quartile_tails,0.25,1.0
731347,46,2021-08-04,1.0,1,high,quartile_tails,0.25,1.0
731613,46,2021-08-04,0.22916666666666666,0,baseline,quartile_tails,0.25,1.0
731711,46,2021-08-04,1.0,1,high,quartile_tails,0.25,1.0
732061,46,2021-08-04,0.0,0,baseline,quartile_tails,0.25,1.0
733081,46,2021-08-04,1.0,1,high,quartile_tails,0.25,1.0
733455,46,2021-08-04,1.0,1,high,quartile_tails,0.25,1.0
733484,46,2021-08-04,0.25,0,baseline,quartile_tails,0.25,1.0
734614,46,2021-08-04,1.0,1,high,quartile_tails,0.25,1.0
735235,46,2021-08-04,0.0,0,baseline,quartile_tails,0.25,1.0
736763,46,2021-08-04,0.0,0,baseline,quartile_tails,0.25,1.0
736827,46,2021-08-04,0.0,0,baseline,quartile_tails,0.25,1.0
737324,46,2021-08-04,1.0,1,high,quartile_tails,0.25,1.0
737791,46,2021-08-04,1.0,1,high,quartile_tails,0.25,1.0
738334,46,2021-08-04,1.0,1,high,quartile_tails,0.25,1.0
738907,46,2021-08-04,0.0,0,baseline,quartile_tails,0.25,1.0
738937,46,2021-08-04,0.0,0,baseline,quartile_tails,0.25,1.0
740471,46,2021-08-04,0.16666666666666666,0,baseline,quartile_tails,0.25,1.0
740950,46,2021-08-04,0.2222222222222222,0,baseline,quartile_tails,0.25,1.0
741488,46,2021-08-04,0.0,0,baseline,quartile_tails,0.25,1.0
742009,46,2021-08-04,1.0,1,high,quartile_tails,0.25,1.0
742146,46,2021-08-04,0.0,0,baseline,quartile_tails,0.25,1.0
742774,46,2021-08-04,1.0,1,high,quartile_tails,0.25,1.0
746196,46,2021-08-04,0.0,0,baseline,quartile_tails,0.25,1.0
746783,46,2021-08-04,1.0,1,high,quartile_tails,0.25,1.0
747000,46,2021-08-04,0.16666666666666666,0,baseline,quartile_tails,0.25,1.0
748929,46,2021-08-04,0.16666666666666666,0,baseline,quartile_tails,0.25,1.0
749635,46,2021-08-04,1.0,1,high,quartile_tails,0.25,1.0
750265,46,2021-08-04,0.0,0,baseline,quartile_tails,0.25,1.0
750357,46,2021-08-04,1.0,1,high,quartile_tails,0.25,1.0
750363,46,2021-08-04,0.25,0,baseline,quartile_tails,0.25,1.0
753176,46,2021-08-04,1.0,1,high,quartile_tails,0.25,1.0
753256,46,2021-08-04,0.0,0,baseline,quartile_tails,0.25,1.0
753869,46,2021-08-04,0.0,0,baseline,quartile_tails,0.25,1.0
756670,46,2021-08-04,1.0,1,high,quartile_tails,0.25,1.0
758892,46,2021-08-04,0.25,0,baseline,quartile_tails,0.25,1.0
759061,46,2021-08-04,0.20833333333333331,0,baseline,quartile_tails,0.25,1.0
759415,46,2021-08-04,0.0,0,baseline,quartile_tails,0.25,1.0
759945,46,2021-08-04,0.0,0,baseline,quartile_tails,0.25,1.0
760075,46,2021-08-04,1.0,1,high,quartile_tails,0.25,1.0
760305,46,2021-08-04,0.16666666666666666,0,baseline,quartile_tails,0.25,1.0
760696,46,2021-08-04,1.0,1,high,quartile_tails,0.25,1.0
761666,46,2021-08-04,0.16666666666666666,0,baseline,quartile_tails,0.25,1.0
762453,46,2021-08-04,1.0,1,high,quartile_tails,0.25,1.0
762846,46,2021-08-04,1.0,1,high,quartile_tails,0.25,1.0
763614,46,2021-08-04,1.0,1,high,quartile_tails,0.25,1.0
764725,46,2021-08-04,1.0,1,high,quartile_tails,0.25,1.0
765700,46,2021-08-04,0.0,0,baseline,quartile_tails,0.25,1.0
766043,46,2021-08-04,1.0,1,high,quartile_tails,0.25,1.0
766920,46,2021-08-04,1.0,1,high,quartile_tails,0.25,1.0
766923,46,2021-08-04,0.0,0,baseline,quartile_tails,0.25,1.0
767849,46,2021-08-04,0.0,0,baseline,quartile_tails,0.25,1.0
768300,46,2021-08-04,0.0,0,baseline,quartile_tails,0.25,1.0
770671,46,2021-08-04,0.0,0,baseline,quartile_tails,0.25,1.0
770763,46,2021-08-04,0.0,0,baseline,quartile_tails,0.25,1.0
772072,46,2021-08-04,1.0,1,high,quartile_tails,0.25,1.0
772073,46,2021-08-04,1.0,1,high,quartile_tails,0.25,1.0
772352,46,2021-08-04,1.0,1,high,quartile_tails,0.25,1.0
773280,46,2021-08-04,1.0,1,high,quartile_tails,0.25,1.0
773290,46,2021-08-04,0.0,0,baseline,quartile_tails,0.25,1.0
773610,46,2021-08-04,0.05,0,baseline,quartile_tails,0.25,1.0
773649,46,2021-08-04,1.0,1,high,quartile_tails,0.25,1.0
775005,46,2021-08-04,1.0,1,high,quartile_tails,0.25,1.0
775574,46,2021-08-04,0.25,0,baseline,quartile_tails,0.25,1.0
775867,46,2021-08-04,0.20833333333333331,0,baseline,quartile_tails,0.25,1.0
777047,46,2021-08-04,0.0,0,baseline,quartile_tails,0.25,1.0
777475,46,2021-08-04,1.0,1,high,quartile_tails,0.25,1.0
777856,46,2021-08-04,0.16666666666666666,0,baseline,quartile_tails,0.25,1.0
778543,46,2021-08-04,0.0,0,baseline,quartile_tails,0.25,1.0
779146,46,2021-08-04,0.0,0,baseline,quartile_tails,0.25,1.0
781036,46,2021-08-04,0.16666666666666666,0,baseline,quartile_tails,0.25,1.0
782383,46,2021-08-04,1.0,1,high,quartile_tails,0.25,1.0
782661,46,2021-08-04,1.0,1,high,quartile_tails,0.25,1.0
782731,46,2021-08-04,1.0,1,high,quartile_tails,0.25,1.0
783506,46,2021-08-04,0.15625,0,baseline,quartile_tails,0.25,1.0
785220,46,2021-08-04,0.0,0,baseline,quartile_tails,0.25,1.0
785450,46,2021-08-04,0.0,0,baseline,quartile_tails,0.25,1.0
785451,46,2021-08-04,0.0,0,baseline,quartile_tails,0.25,1.0
785753,46,2021-08-04,1.0,1,high,quartile_tails,0.25,1.0
785813,46,2021-08-04,0.25,0,baseline,quartile_tails,0.25,1.0
786183,46,2021-08-04,1.0,1,high,quartile_tails,0.25,1.0
786330,46,2021-08-04,0.25,0,baseline,quartile_tails,0.25,1.0
786842,46,2021-08-04,1.0,1,high,quartile_tails,0.25,1.0
786932,46,2021-08-04,1.0,1,high,quartile_tails,0.25,1.0
788684,46,2021-08-04,1.0,1,high,quartile_tails,0.25,1.0
789097,46,2021-08-04,0.125,0,baseline,quartile_tails,0.25,1.0
790579,46,2021-08-04,1.0,1,high,quartile_tails,0.25,1.0
791217,46,2021-08-04,1.0,1,high,quartile_tails,0.25,1.0
791399,46,2021-08-04,0.25,0,baseline,quartile_tails,0.25,1.0
793604,46,2021-08-04,1.0,1,high,quartile_tails,0.25,1.0
793654,46,2021-08-04,1.0,1,high,quartile_tails,0.25,1.0
793995,46,2021-08-04,0.16666666666666666,0,baseline,quartile_tails,0.25,1.0
794418,46,2021-08-04,1.0,1,high,quartile_tails,0.25,1.0
794749,46,2021-08-04,0.0,0,baseline,quartile_tails,0.25,1.0
795470,46,2021-08-04,1.0,1,high,quartile_tails,0.25,1.0
796788,46,2021-08-04,0.25,0,baseline,quartile_tails,0.25,1.0
797293,46,2021-08-04,1.0,1,high,quartile_tails,0.25,1.0
798520,46,2021-08-04,1.0,1,high,quartile_tails,0.25,1.0
799787,46,2021-08-04,0.125,0,baseline,quartile_tails,0.25,1.0
800559,46,2021-08-04,1.0,1,high,quartile_tails,0.25,1.0
801053,46,2021-08-04,1.0,1,high,quartile_tails,0.25,1.0
801517,46,2021-08-04,0.16666666666666666,0,baseline,quartile_tails,0.25,1.0
801658,46,2021-08-04,0.0,0,baseline,quartile_tails,0.25,1.0
801723,46,2021-08-04,1.0,1,high,quartile_tails,0.25,1.0
801960,46,2021-08-04,1.0,1,high,quartile_tails,0.25,1.0
801985,46,2021-08-04,1.0,1,high,quartile_tails,0.25,1.0
803834,46,2021-08-04,0.25,0,baseline,quartile_tails,0.25,1.0
803913,46,2021-08-04,0.0,0,baseline,quartile_tails,0.25,1.0
804727,46,2021-08-04,1.0,1,high,quartile_tails,0.25,1.0
804870,46,2021-08-04,1.0,1,high,quartile_tails,0.25,1.0
805258,46,2021-08-04,0.0,0,baseline,quartile_tails,0.25,1.0
805550,46,2021-08-04,1.0,1,high,quartile_tails,0.25,1.0
805960,46,2021-08-04,1.0,1,high,quartile_tails,0.25,1.0
806092,46,2021-08-04,0.25,0,baseline,quartile_tails,0.25,1.0
807332,46,2021-08-04,0.0,0,baseline,quartile_tails,0.25,1.0
807534,46,2021-08-04,0.25,0,baseline,quartile_tails,0.25,1.0
809225,46,2021-08-04,0.0,0,baseline,quartile_tails,0.25,1.0
809350,46,2021-08-04,0.0,0,baseline,quartile_tails,0.25,1.0
809681,46,2021-08-04,0.0,0,baseline,quartile_tails,0.25,1.0
50,59,2021-08-03,1.0,1,high,quartile_tails,0.25,1.0
809,59,2021-08-03,1.0,1,high,quartile_tails,0.25,1.0
1723,59,2021-08-03,1.0,1,high,quartile_tails,0.25,1.0
1873,59,2021-08-03,0.20833333333333331,0,baseline,quartile_tails,0.25,1.0
1950,59,2021-08-03,1.0,1,high,quartile_tails,0.25,1.0
1980,59,2021-08-03,0.25,0,baseline,quartile_tails,0.25,1.0
1992,59,2021-08-03,1.0,1,high,quartile_tails,0.25,1.0
2307,59,2021-08-03,0.1111111111111111,0,baseline,quartile_tails,0.25,1.0
2519,59,2021-08-03,1.0,1,high,quartile_tails,0.25,1.0
2799,59,2021-08-03,0.0,0,baseline,quartile_tails,0.25,1.0
2896,59,2021-08-03,1.0,1,high,quartile_tails,0.25,1.0
3760,59,2021-08-03,0.0,0,baseline,quartile_tails,0.25,1.0
4160,59,2021-08-03,1.0,1,high,quartile_tails,0.25,1.0
4584,59,2021-08-03,0.25,0,baseline,quartile_tails,0.25,1.0
5059,59,2021-08-03,0.19999999999999998,0,baseline,quartile_tails,0.25,1.0
5222,59,2021-08-03,0.0,0,baseline,quartile_tails,0.25,1.0
5592,59,2021-08-03,0.0,0,baseline,quartile_tails,0.25,1.0
6858,59,2021-08-03,1.0,1,high,quartile_tails,0.25,1.0
7238,59,2021-08-03,1.0,1,high,quartile_tails,0.25,1.0
7770,59,2021-08-03,1.0,1,high,quartile_tails,0.25,1.0
8070,59,2021-08-03,1.0,1,high,quartile_tails,0.25,1.0
9440,59,2021-08-03,1.0,1,high,quartile_tails,0.25,1.0
13675,59,2021-08-03,0.0,0,baseline,quartile_tails,0.25,1.0
14250,59,2021-08-03,0.0,0,baseline,quartile_tails,0.25,1.0
14759,59,2021-08-03,1.0,1,high,quartile_tails,0.25,1.0
15052,59,2021-08-03,1.0,1,high,quartile_tails,0.25,1.0
15683,59,2021-08-03,0.125,0,baseline,quartile_tails,0.25,1.0
15837,59,2021-08-03,1.0,1,high,quartile_tails,0.25,1.0
16572,59,2021-08-03,1.0,1,high,quartile_tails,0.25,1.0
19746,59,2021-08-03,1.0,1,high,quartile_tails,0.25,1.0
20528,59,2021-08-03,0.16666666666666666,0,baseline,quartile_tails,0.25,1.0
21070,59,2021-08-03,0.0,0,baseline,quartile_tails,0.25,1.0
23003,59,2021-08-03,1.0,1,high,quartile_tails,0.25,1.0
25817,59,2021-08-03,0.25,0,baseline,quartile_tails,0.25,1.0
26124,59,2021-08-03,1.0,1,high,quartile_tails,0.25,1.0
26658,59,2021-08-03,1.0,1,high,quartile_tails,0.25,1.0
27185,59,2021-08-03,1.0,1,high,quartile_tails,0.25,1.0
28353,59,2021-08-03,0.25,0,baseline,quartile_tails,0.25,1.0
28414,59,2021-08-03,1.0,1,high,quartile_tails,0.25,1.0
28696,59,2021-08-03,1.0,1,high,quartile_tails,0.25,1.0
29438,59,2021-08-03,1.0,1,high,quartile_tails,0.25,1.0
29719,59,2021-08-03,0.25,0,baseline,quartile_tails,0.25,1.0
31191,59,2021-08-03,0.16666666666666666,0,baseline,quartile_tails,0.25,1.0
32230,59,2021-08-03,0.20833333333333331,0,baseline,quartile_tails,0.25,1.0
32506,59,2021-08-03,0.2222222222222222,0,baseline,quartile_tails,0.25,1.0
35086,59,2021-08-03,0.0,0,baseline,quartile_tails,0.25,1.0
36402,59,2021-08-03,1.0,1,high,quartile_tails,0.25,1.0
37261,59,2021-08-03,1.0,1,high,quartile_tails,0.25,1.0
37700,59,2021-08-03,0.125,0,baseline,quartile_tails,0.25,1.0
38473,59,2021-08-03,1.0,1,high,quartile_tails,0.25,1.0
40819,59,2021-08-03,1.0,1,high,quartile_tails,0.25,1.0
41166,59,2021-08-03,0.0,0,baseline,quartile_tails,0.25,1.0
41258,59,2021-08-03,1.0,1,high,quartile_tails,0.25,1.0
41416,59,2021-08-03,1.0,1,high,quartile_tails,0.25,1.0
41466,59,2021-08-03,0.0,0,baseline,quartile_tails,0.25,1.0
42257,59,2021-08-03,0.0,0,baseline,quartile_tails,0.25,1.0
42447,59,2021-08-03,1.0,1,high,quartile_tails,0.25,1.0
42929,59,2021-08-03,0.25,0,baseline,quartile_tails,0.25,1.0
43505,59,2021-08-03,0.25,0,baseline,quartile_tails,0.25,1.0
45717,59,2021-08-03,1.0,1,high,quartile_tails,0.25,1.0
46992,59,2021-08-03,1.0,1,high,quartile_tails,0.25,1.0
47512,59,2021-08-03,0.25,0,baseline,quartile_tails,0.25,1.0
47669,59,2021-08-03,0.125,0,baseline,quartile_tails,0.25,1.0
48692,59,2021-08-03,1.0,1,high,quartile_tails,0.25,1.0
49280,59,2021-08-03,1.0,1,high,quartile_tails,0.25,1.0
49849,59,2021-08-03,1.0,1,high,quartile_tails,0.25,1.0
49927,59,2021-08-03,0.25,0,baseline,quartile_tails,0.25,1.0
50884,59,2021-08-03,1.0,1,high,quartile_tails,0.25,1.0
51806,59,2021-08-03,1.0,1,high,quartile_tails,0.25,1.0
51842,59,2021-08-03,0.0,0,baseline,quartile_tails,0.25,1.0
52142,59,2021-08-03,0.06666666666666667,0,baseline,quartile_tails,0.25,1.0
52389,59,2021-08-03,0.25,0,baseline,quartile_tails,0.25,1.0
53041,59,2021-08-03,1.0,1,high,quartile_tails,0.25,1.0
53168,59,2021-08-03,1.0,1,high,quartile_tails,0.25,1.0
53895,59,2021-08-03,0.125,0,baseline,quartile_tails,0.25,1.0
54174,59,2021-08-03,1.0,1,high,quartile_tails,0.25,1.0
55530,59,2021-08-03,1.0,1,high,quartile_tails,0.25,1.0
57326,59,2021-08-03,0.0,0,baseline,quartile_tails,0.25,1.0
57580,59,2021-08-03,1.0,1,high,quartile_tails,0.25,1.0
57925,59,2021-08-03,1.0,1,high,quartile_tails,0.25,1.0
57956,59,2021-08-03,0.1111111111111111,0,baseline,quartile_tails,0.25,1.0
59018,59,2021-08-03,0.0,0,baseline,quartile_tails,0.25,1.0
59496,59,2021-08-03,1.0,1,high,quartile_tails,0.25,1.0
59864,59,2021-08-03,0.05,0,baseline,quartile_tails,0.25,1.0
59889,59,2021-08-03,0.0,0,baseline,quartile_tails,0.25,1.0
60072,59,2021-08-03,1.0,1,high,quartile_tails,0.25,1.0
60095,59,2021-08-03,1.0,1,high,quartile_tails,0.25,1.0
61162,59,2021-08-03,1.0,1,high,quartile_tails,0.25,1.0
63826,59,2021-08-03,0.24583333333333335,0,baseline,quartile_tails,0.25,1.0
64296,59,2021-08-03,0.125,0,baseline,quartile_tails,0.25,1.0
67013,59,2021-08-03,0.0,0,baseline,quartile_tails,0.25,1.0
67172,59,2021-08-03,0.0,0,baseline,quartile_tails,0.25,1.0
68061,59,2021-08-03,1.0,1,high,quartile_tails,0.25,1.0
68835,59,2021-08-03,0.0,0,baseline,quartile_tails,0.25,1.0
70476,59,2021-08-03,1.0,1,high,quartile_tails,0.25,1.0
71705,59,2021-08-03,1.0,1,high,quartile_tails,0.25,1.0
74393,59,2021-08-03,1.0,1,high,quartile_tails,0.25,1.0
74403,59,2021-08-03,0.0,0,baseline,quartile_tails,0.25,1.0
74423,59,2021-08-03,0.0,0,baseline,quartile_tails,0.25,1.0
75410,59,2021-08-03,0.25,0,baseline,quartile_tails,0.25,1.0
76995,59,2021-08-03,1.0,1,high,quartile_tails,0.25,1.0
77517,59,2021-08-03,0.125,0,baseline,quartile_tails,0.25,1.0
78218,59,2021-08-03,0.2,0,baseline,quartile_tails,0.25,1.0
78422,59,2021-08-03,1.0,1,high,quartile_tails,0.25,1.0
79271,59,2021-08-03,0.20833333333333331,0,baseline,quartile_tails,0.25,1.0
79482,59,2021-08-03,0.25,0,baseline,quartile_tails,0.25,1.0
79853,59,2021-08-03,0.16666666666666666,0,baseline,quartile_tails,0.25,1.0
81368,59,2021-08-03,0.25,0,baseline,quartile_tails,0.25,1.0
82549,59,2021-08-03,1.0,1,high,quartile_tails,0.25,1.0
83078,59,2021-08-03,0.0,0,baseline,quartile_tails,0.25,1.0
83714,59,2021-08-03,1.0,1,high,quartile_tails,0.25,1.0
83808,59,2021-08-03,0.08333333333333333,0,baseline,quartile_tails,0.25,1.0
84344,59,2021-08-03,1.0,1,high,quartile_tails,0.25,1.0
86804,59,2021-08-03,1.0,1,high,quartile_tails,0.25,1.0
86992,59,2021-08-03,1.0,1,high,quartile_tails,0.25,1.0
87420,59,2021-08-03,0.25,0,baseline,quartile_tails,0.25,1.0
88697,59,2021-08-03,0.0625,0,baseline,quartile_tails,0.25,1.0
88729,59,2021-08-03,1.0,1,high,quartile_tails,0.25,1.0
88963,59,2021-08-03,1.0,1,high,quartile_tails,0.25,1.0
89239,59,2021-08-03,0.0,0,baseline,quartile_tails,0.25,1.0
89838,59,2021-08-03,0.25,0,baseline,quartile_tails,0.25,1.0
90083,59,2021-08-03,0.0,0,baseline,quartile_tails,0.25,1.0
95479,59,2021-08-03,1.0,1,high,quartile_tails,0.25,1.0
96275,59,2021-08-03,1.0,1,high,quartile_tails,0.25,1.0
96961,59,2021-08-03,1.0,1,high,quartile_tails,0.25,1.0
97549,59,2021-08-03,0.16666666666666666,0,baseline,quartile_tails,0.25,1.0
99535,59,2021-08-03,0.22727272727272727,0,baseline,quartile_tails,0.25,1.0
99957,59,2021-08-03,1.0,1,high,quartile_tails,0.25,1.0
102091,59,2021-08-03,1.0,1,high,quartile_tails,0.25,1.0
102215,59,2021-08-03,0.0,0,baseline,quartile_tails,0.25,1.0
102826,59,2021-08-03,0.0,0,baseline,quartile_tails,0.25,1.0
105471,59,2021-08-03,0.16666666666666666,0,baseline,quartile_tails,0.25,1.0
107634,59,2021-08-03,0.25,0,baseline,quartile_tails,0.25,1.0
108151,59,2021-08-03,1.0,1,high,quartile_tails,0.25,1.0
108524,59,2021-08-03,1.0,1,high,quartile_tails,0.25,1.0
109012,59,2021-08-03,1.0,1,high,quartile_tails,0.25,1.0
109653,59,2021-08-03,0.25,0,baseline,quartile_tails,0.25,1.0
109761,59,2021-08-03,0.25,0,baseline,quartile_tails,0.25,1.0
109958,59,2021-08-03,1.0,1,high,quartile_tails,0.25,1.0
110247,59,2021-08-03,1.0,1,high,quartile_tails,0.25,1.0
110375,59,2021-08-03,0.0,0,baseline,quartile_tails,0.25,1.0
111556,59,2021-08-03,1.0,1,high,quartile_tails,0.25,1.0
112068,59,2021-08-03,0.0,0,baseline,quartile_tails,0.25,1.0
112411,59,2021-08-03,1.0,1,high,quartile_tails,0.25,1.0
113242,59,2021-08-03,1.0,1,high,quartile_tails,0.25,1.0
113402,59,2021-08-03,0.0,0,baseline,quartile_tails,0.25,1.0
114930,59,2021-08-03,1.0,1,high,quartile_tails,0.25,1.0
117201,59,2021-08-03,1.0,1,high,quartile_tails,0.25,1.0
117523,59,2021-08-03,1.0,1,high,quartile_tails,0.25,1.0
118282,59,2021-08-03,0.16666666666666666,0,baseline,quartile_tails,0.25,1.0
118354,59,2021-08-03,1.0,1,high,quartile_tails,0.25,1.0
118901,59,2021-08-03,1.0,1,high,quartile_tails,0.25,1.0
119506,59,2021-08-03,1.0,1,high,quartile_tails,0.25,1.0
120747,59,2021-08-03,1.0,1,high,quartile_tails,0.25,1.0
122043,59,2021-08-03,0.2222222222222222,0,baseline,quartile_tails,0.25,1.0
123378,59,2021-08-03,0.25,0,baseline,quartile_tails,0.25,1.0
124131,59,2021-08-03,1.0,1,high,quartile_tails,0.25,1.0
125115,59,2021-08-03,1.0,1,high,quartile_tails,0.25,1.0
125217,59,2021-08-03,1.0,1,high,quartile_tails,0.25,1.0
125723,59,2021-08-03,0.0,0,baseline,quartile_tails,0.25,1.0
125783,59,2021-08-03,0.0,0,baseline,quartile_tails,0.25,1.0
126378,59,2021-08-03,0.0,0,baseline,quartile_tails,0.25,1.0
126775,59,2021-08-03,0.0,0,baseline,quartile_tails,0.25,1.0
129642,59,2021-08-03,0.0,0,baseline,quartile_tails,0.25,1.0
129968,59,2021-08-03,0.25,0,baseline,quartile_tails,0.25,1.0
131458,59,2021-08-03,0.0,0,baseline,quartile_tails,0.25,1.0
132058,59,2021-08-03,1.0,1,high,quartile_tails,0.25,1.0
132430,59,2021-08-03,0.0625,0,baseline,quartile_tails,0.25,1.0
137706,59,2021-08-03,0.0,0,baseline,quartile_tails,0.25,1.0
137782,59,2021-08-03,1.0,1,high,quartile_tails,0.25,1.0
138952,59,2021-08-03,0.0,0,baseline,quartile_tails,0.25,1.0
138972,59,2021-08-03,1.0,1,high,quartile_tails,0.25,1.0
139321,59,2021-08-03,1.0,1,high,quartile_tails,0.25,1.0
140848,59,2021-08-03,1.0,1,high,quartile_tails,0.25,1.0
142798,59,2021-08-03,0.25,0,baseline,quartile_tails,0.25,1.0
145319,59,2021-08-03,1.0,1,high,quartile_tails,0.25,1.0
145953,59,2021-08-03,0.0,0,baseline,quartile_tails,0.25,1.0
146054,59,2021-08-03,1.0,1,high,quartile_tails,0.25,1.0
147046,59,2021-08-03,0.0,0,baseline,quartile_tails,0.25,1.0
147244,59,2021-08-03,1.0,1,high,quartile_tails,0.25,1.0
148410,59,2021-08-03,0.0,0,baseline,quartile_tails,0.25,1.0
149027,59,2021-08-03,0.16666666666666666,0,baseline,quartile_tails,0.25,1.0
149553,59,2021-08-03,1.0,1,high,quartile_tails,0.25,1.0
150049,59,2021-08-03,1.0,1,high,quartile_tails,0.25,1.0
152250,59,2021-08-03,1.0,1,high,quartile_tails,0.25,1.0
153411,59,2021-08-03,0.0,0,baseline,quartile_tails,0.25,1.0
153472,59,2021-08-03,0.25,0,baseline,quartile_tails,0.25,1.0
154426,59,2021-08-03,0.25,0,baseline,quartile_tails,0.25,1.0
155295,59,2021-08-03,1.0,1,high,quartile_tails,0.25,1.0
155998,59,2021-08-03,0.25,0,baseline,quartile_tails,0.25,1.0
156055,59,2021-08-03,1.0,1,high,quartile_tails,0.25,1.0
156061,59,2021-08-03,0.0,0,baseline,quartile_tails,0.25,1.0
156083,59,2021-08-03,0.0,0,baseline,quartile_tails,0.25,1.0
156591,59,2021-08-03,0.175,0,baseline,quartile_tails,0.25,1.0
156821,59,2021-08-03,1.0,1,high,quartile_tails,0.25,1.0
157028,59,2021-08-03,0.0,0,baseline,quartile_tails,0.25,1.0
159730,59,2021-08-03,1.0,1,high,quartile_tails,0.25,1.0
159732,59,2021-08-03,1.0,1,high,quartile_tails,0.25,1.0
163658,59,2021-08-03,1.0,1,high,quartile_tails,0.25,1.0
164208,59,2021-08-03,1.0,1,high,quartile_tails,0.25,1.0
164353,59,2021-08-03,0.0,0,baseline,quartile_tails,0.25,1.0
166782,59,2021-08-03,0.0,0,baseline,quartile_tails,0.25,1.0
167584,59,2021-08-03,0.0,0,baseline,quartile_tails,0.25,1.0
168594,59,2021-08-03,1.0,1,high,quartile_tails,0.25,1.0
168678,59,2021-08-03,1.0,1,high,quartile_tails,0.25,1.0
169893,59,2021-08-03,1.0,1,high,quartile_tails,0.25,1.0
170698,59,2021-08-03,1.0,1,high,quartile_tails,0.25,1.0
171116,59,2021-08-03,0.0,0,baseline,quartile_tails,0.25,1.0
171816,59,2021-08-03,1.0,1,high,quartile_tails,0.25,1.0
171914,59,2021-08-03,1.0,1,high,quartile_tails,0.25,1.0
172629,59,2021-08-03,0.0,0,baseline,quartile_tails,0.25,1.0
173692,59,2021-08-03,0.2,0,baseline,quartile_tails,0.25,1.0
174450,59,2021-08-03,1.0,1,high,quartile_tails,0.25,1.0
174453,59,2021-08-03,0.0,0,baseline,quartile_tails,0.25,1.0
176090,59,2021-08-03,0.2222222222222222,0,baseline,quartile_tails,0.25,1.0
176243,59,2021-08-03,1.0,1,high,quartile_tails,0.25,1.0
178141,59,2021-08-03,1.0,1,high,quartile_tails,0.25,1.0
178653,59,2021-08-03,0.0,0,baseline,quartile_tails,0.25,1.0
178993,59,2021-08-03,0.0,0,baseline,quartile_tails,0.25,1.0
179229,59,2021-08-03,0.0625,0,baseline,quartile_tails,0.25,1.0
179495,59,2021-08-03,0.16666666666666666,0,baseline,quartile_tails,0.25,1.0
179778,59,2021-08-03,0.0,0,baseline,quartile_tails,0.25,1.0
180747,59,2021-08-03,0.0,0,baseline,quartile_tails,0.25,1.0
181106,59,2021-08-03,1.0,1,high,quartile_tails,0.25,1.0
181601,59,2021-08-03,1.0,1,high,quartile_tails,0.25,1.0
182967,59,2021-08-03,1.0,1,high,quartile_tails,0.25,1.0
184205,59,2021-08-03,0.125,0,baseline,quartile_tails,0.25,1.0
184693,59,2021-08-03,0.25,0,baseline,quartile_tails,0.25,1.0
184850,59,2021-08-03,1.0,1,high,quartile_tails,0.25,1.0
186566,59,2021-08-03,0.16666666666666666,0,baseline,quartile_tails,0.25,1.0
186606,59,2021-08-03,0.0,0,baseline,quartile_tails,0.25,1.0
187979,59,2021-08-03,0.20833333333333331,0,baseline,quartile_tails,0.25,1.0
188805,59,2021-08-03,1.0,1,high,quartile_tails,0.25,1.0
190387,59,2021-08-03,1.0,1,high,quartile_tails,0.25,1.0
190546,59,2021-08-03,0.1111111111111111,0,baseline,quartile_tails,0.25,1.0
191639,59,2021-08-03,0.0,0,baseline,quartile_tails,0.25,1.0
191834,59,2021-08-03,1.0,1,high,quartile_tails,0.25,1.0
191955,59,2021-08-03,0.0,0,baseline,quartile_tails,0.25,1.0
192342,59,2021-08-03,1.0,1,high,quartile_tails,0.25,1.0
193172,59,2021-08-03,0.0,0,baseline,quartile_tails,0.25,1.0
193188,59,2021-08-03,0.0,0,baseline,quartile_tails,0.25,1.0
193650,59,2021-08-03,0.0,0,baseline,quartile_tails,0.25,1.0
195838,59,2021-08-03,0.25,0,baseline,quartile_tails,0.25,1.0
196060,59,2021-08-03,0.21875,0,baseline,quartile_tails,0.25,1.0
196696,59,2021-08-03,1.0,1,high,quartile_tails,0.25,1.0
196894,59,2021-08-03,1.0,1,high,quartile_tails,0.25,1.0
198007,59,2021-08-03,1.0,1,high,quartile_tails,0.25,1.0
198226,59,2021-08-03,0.0,0,baseline,quartile_tails,0.25,1.0
198653,59,2021-08-03,1.0,1,high,quartile_tails,0.25,1.0
198847,59,2021-08-03,1.0,1,high,quartile_tails,0.25,1.0
199838,59,2021-08-03,0.0,0,baseline,quartile_tails,0.25,1.0
199934,59,2021-08-03,0.0,0,baseline,quartile_tails,0.25,1.0
200588,59,2021-08-03,1.0,1,high,quartile_tails,0.25,1.0
201308,59,2021-08-03,0.0,0,baseline,quartile_tails,0.25,1.0
206112,59,2021-08-03,0.0,0,baseline,quartile_tails,0.25,1.0
206335,59,2021-08-03,1.0,1,high,quartile_tails,0.25,1.0
206850,59,2021-08-03,1.0,1,high,quartile_tails,0.25,1.0
207288,59,2021-08-03,0.16666666666666666,0,baseline,quartile_tails,0.25,1.0
208878,59,2021-08-03,0.0,0,baseline,quartile_tails,0.25,1.0
209324,59,2021-08-03,0.22916666666666666,0,baseline,quartile_tails,0.25,1.0
209523,59,2021-08-03,1.0,1,high,quartile_tails,0.25,1.0
211093,59,2021-08-03,0.25,0,baseline,quartile_tails,0.25,1.0
211399,59,2021-08-03,1.0,1,high,quartile_tails,0.25,1.0
212182,59,2021-08-03,1.0,1,high,quartile_tails,0.25,1.0
213155,59,2021-08-03,1.0,1,high,quartile_tails,0.25,1.0
217775,59,2021-08-03,0.125,0,baseline,quartile_tails,0.25,1.0
218658,59,2021-08-03,0.15,0,baseline,quartile_tails,0.25,1.0
219444,59,2021-08-03,0.16666666666666666,0,baseline,quartile_tails,0.25,1.0
220267,59,2021-08-03,0.0,0,baseline,quartile_tails,0.25,1.0
220765,59,2021-08-03,0.0,0,baseline,quartile_tails,0.25,1.0
221226,59,2021-08-03,0.0,0,baseline,quartile_tails,0.25,1.0
222552,59,2021-08-03,0.2222222222222222,0,baseline,quartile_tails,0.25,1.0
222606,59,2021-08-03,1.0,1,high,quartile_tails,0.25,1.0
223360,59,2021-08-03,0.125,0,baseline,quartile_tails,0.25,1.0
224966,59,2021-08-03,0.25,0,baseline,quartile_tails,0.25,1.0
225829,59,2021-08-03,0.0,0,baseline,quartile_tails,0.25,1.0
227470,59,2021-08-03,0.125,0,baseline,quartile_tails,0.25,1.0
227824,59,2021-08-03,1.0,1,high,quartile_tails,0.25,1.0
228725,59,2021-08-03,0.0,0,baseline,quartile_tails,0.25,1.0
230024,59,2021-08-03,0.18181818181818182,0,baseline,quartile_tails,0.25,1.0
230932,59,2021-08-03,0.16666666666666666,0,baseline,quartile_tails,0.25,1.0
231302,59,2021-08-03,0.25,0,baseline,quartile_tails,0.25,1.0
232686,59,2021-08-03,1.0,1,high,quartile_tails,0.25,1.0
233236,59,2021-08-03,0.0,0,baseline,quartile_tails,0.25,1.0
233286,59,2021-08-03,1.0,1,high,quartile_tails,0.25,1.0
233464,59,2021-08-03,0.0,0,baseline,quartile_tails,0.25,1.0
235044,59,2021-08-03,1.0,1,high,quartile_tails,0.25,1.0
235201,59,2021-08-03,1.0,1,high,quartile_tails,0.25,1.0
236857,59,2021-08-03,1.0,1,high,quartile_tails,0.25,1.0
238224,59,2021-08-03,0.14583333333333331,0,baseline,quartile_tails,0.25,1.0
240086,59,2021-08-03,1.0,1,high,quartile_tails,0.25,1.0
241412,59,2021-08-03,1.0,1,high,quartile_tails,0.25,1.0
241784,59,2021-08-03,1.0,1,high,quartile_tails,0.25,1.0
242309,59,2021-08-03,1.0,1,high,quartile_tails,0.25,1.0
242553,59,2021-08-03,1.0,1,high,quartile_tails,0.25,1.0
244265,59,2021-08-03,1.0,1,high,quartile_tails,0.25,1.0
245036,59,2021-08-03,0.125,0,baseline,quartile_tails,0.25,1.0
246541,59,2021-08-03,1.0,1,high,quartile_tails,0.25,1.0
246834,59,2021-08-03,0.16666666666666666,0,baseline,quartile_tails,0.25,1.0
248707,59,2021-08-03,1.0,1,high,quartile_tails,0.25,1.0
250215,59,2021-08-03,0.0,0,baseline,quartile_tails,0.25,1.0
250910,59,2021-08-03,1.0,1,high,quartile_tails,0.25,1.0
251955,59,2021-08-03,0.0,0,baseline,quartile_tails,0.25,1.0
252488,59,2021-08-03,0.0,0,baseline,quartile_tails,0.25,1.0
252511,59,2021-08-03,0.25,0,baseline,quartile_tails,0.25,1.0
252929,59,2021-08-03,1.0,1,high,quartile_tails,0.25,1.0
253351,59,2021-08-03,0.16666666666666666,0,baseline,quartile_tails,0.25,1.0
253385,59,2021-08-03,0.0,0,baseline,quartile_tails,0.25,1.0
254658,59,2021-08-03,0.25,0,baseline,quartile_tails,0.25,1.0
254804,59,2021-08-03,1.0,1,high,quartile_tails,0.25,1.0
255197,59,2021-08-03,0.0,0,baseline,quartile_tails,0.25,1.0
255615,59,2021-08-03,0.25,0,baseline,quartile_tails,0.25,1.0
256417,59,2021-08-03,0.125,0,baseline,quartile_tails,0.25,1.0
256493,59,2021-08-03,0.25,0,baseline,quartile_tails,0.25,1.0
257958,59,2021-08-03,0.16666666666666666,0,baseline,quartile_tails,0.25,1.0
258554,59,2021-08-03,0.125,0,baseline,quartile_tails,0.25,1.0
259914,59,2021-08-03,1.0,1,high,quartile_tails,0.25,1.0
260692,59,2021-08-03,0.25,0,baseline,quartile_tails,0.25,1.0
263448,59,2021-08-03,0.125,0,baseline,quartile_tails,0.25,1.0
264570,59,2021-08-03,1.0,1,high,quartile_tails,0.25,1.0
264966,59,2021-08-03,1.0,1,high,quartile_tails,0.25,1.0
265303,59,2021-08-03,1.0,1,high,quartile_tails,0.25,1.0
267353,59,2021-08-03,0.0,0,baseline,quartile_tails,0.25,1.0
267895,59,2021-08-03,1.0,1,high,quartile_tails,0.25,1.0
269213,59,2021-08-03,1.0,1,high,quartile_tails,0.25,1.0
269711,59,2021-08-03,1.0,1,high,quartile_tails,0.25,1.0
270934,59,2021-08-03,0.0,0,baseline,quartile_tails,0.25,1.0
271240,59,2021-08-03,0.16666666666666666,0,baseline,quartile_tails,0.25,1.0
272664,59,2021-08-03,1.0,1,high,quartile_tails,0.25,1.0
273250,59,2021-08-03,0.0,0,baseline,quartile_tails,0.25,1.0
274650,59,2021-08-03,1.0,1,high,quartile_tails,0.25,1.0
274789,59,2021-08-03,0.0,0,baseline,quartile_tails,0.25,1.0
275048,59,2021-08-03,1.0,1,high,quartile_tails,0.25,1.0
277371,59,2021-08-03,0.13333333333333333,0,baseline,quartile_tails,0.25,1.0
277577,59,2021-08-03,1.0,1,high,quartile_tails,0.25,1.0
279732,59,2021-08-03,0.25,0,baseline,quartile_tails,0.25,1.0
280466,59,2021-08-03,0.0,0,baseline,quartile_tails,0.25,1.0
280577,59,2021-08-03,1.0,1,high,quartile_tails,0.25,1.0
280610,59,2021-08-03,1.0,1,high,quartile_tails,0.25,1.0
281733,59,2021-08-03,0.1111111111111111,0,baseline,quartile_tails,0.25,1.0
281927,59,2021-08-03,1.0,1,high,quartile_tails,0.25,1.0
281958,59,2021-08-03,0.0,0,baseline,quartile_tails,0.25,1.0
282984,59,2021-08-03,1.0,1,high,quartile_tails,0.25,1.0
283289,59,2021-08-03,0.0,0,baseline,quartile_tails,0.25,1.0
283632,59,2021-08-03,0.125,0,baseline,quartile_tails,0.25,1.0
284806,59,2021-08-03,1.0,1,high,quartile_tails,0.25,1.0
285114,59,2021-08-03,1.0,1,high,quartile_tails,0.25,1.0
285432,59,2021-08-03,1.0,1,high,quartile_tails,0.25,1.0
285515,59,2021-08-03,1.0,1,high,quartile_tails,0.25,1.0
285577,59,2021-08-03,1.0,1,high,quartile_tails,0.25,1.0
286677,59,2021-08-03,0.0,0,baseline,quartile_tails,0.25,1.0
286730,59,2021-08-03,1.0,1,high,quartile_tails,0.25,1.0
288181,59,2021-08-03,0.125,0,baseline,quartile_tails,0.25,1.0
288964,59,2021-08-03,1.0,1,high,quartile_tails,0.25,1.0
289261,59,2021-08-03,1.0,1,high,quartile_tails,0.25,1.0
289576,59,2021-08-03,0.125,0,baseline,quartile_tails,0.25,1.0
290158,59,2021-08-03,1.0,1,high,quartile_tails,0.25,1.0
290628,59,2021-08-03,0.0,0,baseline,quartile_tails,0.25,1.0
291200,59,2021-08-03,1.0,1,high,quartile_tails,0.25,1.0
291893,59,2021-08-03,0.25,0,baseline,quartile_tails,0.25,1.0
293044,59,2021-08-03,0.0,0,baseline,quartile_tails,0.25,1.0
293074,59,2021-08-03,0.0,0,baseline,quartile_tails,0.25,1.0
293106,59,2021-08-03,0.16666666666666666,0,baseline,quartile_tails,0.25,1.0
294108,59,2021-08-03,0.0,0,baseline,quartile_tails,0.25,1.0
294222,59,2021-08-03,0.16666666666666666,0,baseline,quartile_tails,0.25,1.0
294947,59,2021-08-03,1.0,1,high,quartile_tails,0.25,1.0
295029,59,2021-08-03,0.0,0,baseline,quartile_tails,0.25,1.0
295389,59,2021-08-03,1.0,1,high,quartile_tails,0.25,1.0
297648,59,2021-08-03,0.0,0,baseline,quartile_tails,0.25,1.0
298402,59,2021-08-03,0.0,0,baseline,quartile_tails,0.25,1.0
298921,59,2021-08-03,1.0,1,high,quartile_tails,0.25,1.0
299243,59,2021-08-03,0.25,0,baseline,quartile_tails,0.25,1.0
299418,59,2021-08-03,0.0,0,baseline,quartile_tails,0.25,1.0
300544,59,2021-08-03,1.0,1,high,quartile_tails,0.25,1.0
300720,59,2021-08-03,1.0,1,high,quartile_tails,0.25,1.0
301873,59,2021-08-03,0.0,0,baseline,quartile_tails,0.25,1.0
302160,59,2021-08-03,0.16666666666666666,0,baseline,quartile_tails,0.25,1.0
302172,59,2021-08-03,0.0,0,baseline,quartile_tails,0.25,1.0
304791,59,2021-08-03,1.0,1,high,quartile_tails,0.25,1.0
305933,59,2021-08-03,1.0,1,high,quartile_tails,0.25,1.0
306437,59,2021-08-03,0.16666666666666666,0,baseline,quartile_tails,0.25,1.0
307028,59,2021-08-03,1.0,1,high,quartile_tails,0.25,1.0
308663,59,2021-08-03,0.0,0,baseline,quartile_tails,0.25,1.0
309345,59,2021-08-03,1.0,1,high,quartile_tails,0.25,1.0
309874,59,2021-08-03,1.0,1,high,quartile_tails,0.25,1.0
311147,59,2021-08-03,0.0,0,baseline,quartile_tails,0.25,1.0
312468,59,2021-08-03,0.0,0,baseline,quartile_tails,0.25,1.0
313165,59,2021-08-03,1.0,1,high,quartile_tails,0.25,1.0
313185,59,2021-08-03,1.0,1,high,quartile_tails,0.25,1.0
317223,59,2021-08-03,1.0,1,high,quartile_tails,0.25,1.0
317408,59,2021-08-03,1.0,1,high,quartile_tails,0.25,1.0
318569,59,2021-08-03,0.0,0,baseline,quartile_tails,0.25,1.0
318709,59,2021-08-03,1.0,1,high,quartile_tails,0.25,1.0
318760,59,2021-08-03,0.16666666666666666,0,baseline,quartile_tails,0.25,1.0
320131,59,2021-08-03,1.0,1,high,quartile_tails,0.25,1.0
322290,59,2021-08-03,1.0,1,high,quartile_tails,0.25,1.0
323419,59,2021-08-03,0.0,0,baseline,quartile_tails,0.25,1.0
323661,59,2021-08-03,1.0,1,high,quartile_tails,0.25,1.0
324517,59,2021-08-03,1.0,1,high,quartile_tails,0.25,1.0
325801,59,2021-08-03,0.0,0,baseline,quartile_tails,0.25,1.0
326138,59,2021-08-03,1.0,1,high,quartile_tails,0.25,1.0
326898,59,2021-08-03,0.0,0,baseline,quartile_tails,0.25,1.0
327748,59,2021-08-03,0.25,0,baseline,quartile_tails,0.25,1.0
328162,59,2021-08-03,0.0,0,baseline,quartile_tails,0.25,1.0
330683,59,2021-08-03,1.0,1,high,quartile_tails,0.25,1.0
330882,59,2021-08-03,0.1,0,baseline,quartile_tails,0.25,1.0
332023,59,2021-08-03,0.16666666666666666,0,baseline,quartile_tails,0.25,1.0
332907,59,2021-08-03,1.0,1,high,quartile_tails,0.25,1.0
333339,59,2021-08-03,0.25,0,baseline,quartile_tails,0.25,1.0
333915,59,2021-08-03,0.0,0,baseline,quartile_tails,0.25,1.0
334880,59,2021-08-03,0.0,0,baseline,quartile_tails,0.25,1.0
336700,59,2021-08-03,1.0,1,high,quartile_tails,0.25,1.0
339809,59,2021-08-03,0.0,0,baseline,quartile_tails,0.25,1.0
339883,59,2021-08-03,1.0,1,high,quartile_tails,0.25,1.0
341664,59,2021-08-03,1.0,1,high,quartile_tails,0.25,1.0
341693,59,2021-08-03,0.0,0,baseline,quartile_tails,0.25,1.0
342367,59,2021-08-03,1.0,1,high,quartile_tails,0.25,1.0
344549,59,2021-08-03,1.0,1,high,quartile_tails,0.25,1.0
345007,59,2021-08-03,0.16666666666666666,0,baseline,quartile_tails,0.25,1.0
345198,59,2021-08-03,0.16666666666666666,0,baseline,quartile_tails,0.25,1.0
346088,59,2021-08-03,0.0,0,baseline,quartile_tails,0.25,1.0
346939,59,2021-08-03,0.0,0,baseline,quartile_tails,0.25,1.0
348541,59,2021-08-03,1.0,1,high,quartile_tails,0.25,1.0
349349,59,2021-08-03,1.0,1,high,quartile_tails,0.25,1.0
349452,59,2021-08-03,1.0,1,high,quartile_tails,0.25,1.0
349657,59,2021-08-03,0.16666666666666666,0,baseline,quartile_tails,0.25,1.0
349846,59,2021-08-03,0.14583333333333331,0,baseline,quartile_tails,0.25,1.0
351234,59,2021-08-03,1.0,1,high,quartile_tails,0.25,1.0
352627,59,2021-08-03,0.0,0,baseline,quartile_tails,0.25,1.0
352644,59,2021-08-03,1.0,1,high,quartile_tails,0.25,1.0
354537,59,2021-08-03,1.0,1,high,quartile_tails,0.25,1.0
354695,59,2021-08-03,0.2,0,baseline,quartile_tails,0.25,1.0
354909,59,2021-08-03,1.0,1,high,quartile_tails,0.25,1.0
356177,59,2021-08-03,0.25,0,baseline,quartile_tails,0.25,1.0
356569,59,2021-08-03,0.16666666666666666,0,baseline,quartile_tails,0.25,1.0
357347,59,2021-08-03,1.0,1,high,quartile_tails,0.25,1.0
357601,59,2021-08-03,1.0,1,high,quartile_tails,0.25,1.0
358105,59,2021-08-03,1.0,1,high,quartile_tails,0.25,1.0
358540,59,2021-08-03,1.0,1,high,quartile_tails,0.25,1.0
360641,59,2021-08-03,1.0,1,high,quartile_tails,0.25,1.0
360870,59,2021-08-03,0.125,0,baseline,quartile_tails,0.25,1.0
361256,59,2021-08-03,1.0,1,high,quartile_tails,0.25,1.0
361281,59,2021-08-03,1.0,1,high,quartile_tails,0.25,1.0
361567,59,2021-08-03,0.125,0,baseline,quartile_tails,0.25,1.0
363244,59,2021-08-03,0.0,0,baseline,quartile_tails,0.25,1.0
363914,59,2021-08-03,1.0,1,high,quartile_tails,0.25,1.0
366729,59,2021-08-03,0.125,0,baseline,quartile_tails,0.25,1.0
367199,59,2021-08-03,0.16666666666666666,0,baseline,quartile_tails,0.25,1.0
367327,59,2021-08-03,0.125,0,baseline,quartile_tails,0.25,1.0
368330,59,2021-08-03,0.0,0,baseline,quartile_tails,0.25,1.0
368352,59,2021-08-03,1.0,1,high,quartile_tails,0.25,1.0
368944,59,2021-08-03,0.0,0,baseline,quartile_tails,0.25,1.0
369353,59,2021-08-03,1.0,1,high,quartile_tails,0.25,1.0
369447,59,2021-08-03,0.0,0,baseline,quartile_tails,0.25,1.0
369796,59,2021-08-03,0.25,0,baseline,quartile_tails,0.25,1.0
370165,59,2021-08-03,0.13333333333333333,0,baseline,quartile_tails,0.25,1.0
370270,59,2021-08-03,0.16666666666666666,0,baseline,quartile_tails,0.25,1.0
370305,59,2021-08-03,0.0,0,baseline,quartile_tails,0.25,1.0
370692,59,2021-08-03,0.0,0,baseline,quartile_tails,0.25,1.0
371292,59,2021-08-03,1.0,1,high,quartile_tails,0.25,1.0
372229,59,2021-08-03,1.0,1,high,quartile_tails,0.25,1.0
377910,59,2021-08-03,1.0,1,high,quartile_tails,0.25,1.0
378309,59,2021-08-03,1.0,1,high,quartile_tails,0.25,1.0
378333,59,2021-08-03,1.0,1,high,quartile_tails,0.25,1.0
379106,59,2021-08-03,0.0,0,baseline,quartile_tails,0.25,1.0
379670,59,2021-08-03,1.0,1,high,quartile_tails,0.25,1.0
380002,59,2021-08-03,0.08333333333333333,0,baseline,quartile_tails,0.25,1.0
381539,59,2021-08-03,0.0,0,baseline,quartile_tails,0.25,1.0
382292,59,2021-08-03,1.0,1,high,quartile_tails,0.25,1.0
382785,59,2021-08-03,1.0,1,high,quartile_tails,0.25,1.0
383329,59,2021-08-03,1.0,1,high,quartile_tails,0.25,1.0
383595,59,2021-08-03,1.0,1,high,quartile_tails,0.25,1.0
383885,59,2021-08-03,0.1111111111111111,0,baseline,quartile_tails,0.25,1.0
385842,59,2021-08-03,1.0,1,high,quartile_tails,0.25,1.0
385913,59,2021-08-03,0.0,0,baseline,quartile_tails,0.25,1.0
386372,59,2021-08-03,1.0,1,high,quartile_tails,0.25,1.0
388814,59,2021-08-03,1.0,1,high,quartile_tails,0.25,1.0
391668,59,2021-08-03,1.0,1,high,quartile_tails,0.25,1.0
392100,59,2021-08-03,0.0625,0,baseline,quartile_tails,0.25,1.0
393553,59,2021-08-03,1.0,1,high,quartile_tails,0.25,1.0
394660,59,2021-08-03,0.0,0,baseline,quartile_tails,0.25,1.0
395137,59,2021-08-03,0.0,0,baseline,quartile_tails,0.25,1.0
396368,59,2021-08-03,1.0,1,high,quartile_tails,0.25,1.0
396582,59,2021-08-03,1.0,1,high,quartile_tails,0.25,1.0
397116,59,2021-08-03,0.0,0,baseline,quartile_tails,0.25,1.0
401357,59,2021-08-03,1.0,1,high,quartile_tails,0.25,1.0
402298,59,2021-08-03,1.0,1,high,quartile_tails,0.25,1.0
402674,59,2021-08-03,0.0,0,baseline,quartile_tails,0.25,1.0
402822,59,2021-08-03,0.0,0,baseline,quartile_tails,0.25,1.0
405077,59,2021-08-03,0.125,0,baseline,quartile_tails,0.25,1.0
406766,59,2021-08-03,1.0,1,high,quartile_tails,0.25,1.0
408406,59,2021-08-03,0.25,0,baseline,quartile_tails,0.25,1.0
408478,59,2021-08-03,0.16666666666666666,0,baseline,quartile_tails,0.25,1.0
408953,59,2021-08-03,1.0,1,high,quartile_tails,0.25,1.0
409307,59,2021-08-03,0.16666666666666666,0,baseline,quartile_tails,0.25,1.0
410063,59,2021-08-03,1.0,1,high,quartile_tails,0.25,1.0
412906,59,2021-08-03,0.0,0,baseline,quartile_tails,0.25,1.0
413075,59,2021-08-03,0.0625,0,baseline,quartile_tails,0.25,1.0
414818,59,2021-08-03,1.0,1,high,quartile_tails,0.25,1.0
417851,59,2021-08-03,1.0,1,high,quartile_tails,0.25,1.0
418961,59,2021-08-03,0.0,0,baseline,quartile_tails,0.25,1.0
419101,59,2021-08-03,0.25,0,baseline,quartile_tails,0.25,1.0
419703,59,2021-08-03,1.0,1,high,quartile_tails,0.25,1.0
420049,59,2021-08-03,1.0,1,high,quartile_tails,0.25,1.0
420836,59,2021-08-03,1.0,1,high,quartile_tails,0.25,1.0
422243,59,2021-08-03,1.0,1,high,quartile_tails,0.25,1.0
422298,59,2021-08-03,0.0,0,baseline,quartile_tails,0.25,1.0
423418,59,2021-08-03,1.0,1,high,quartile_tails,0.25,1.0
429004,59,2021-08-03,0.16666666666666666,0,baseline,quartile_tails,0.25,1.0
429589,59,2021-08-03,1.0,1,high,quartile_tails,0.25,1.0
429987,59,2021-08-03,0.0,0,baseline,quartile_tails,0.25,1.0
431284,59,2021-08-03,1.0,1,high,quartile_tails,0.25,1.0
431328,59,2021-08-03,1.0,1,high,quartile_tails,0.25,1.0
431331,59,2021-08-03,1.0,1,high,quartile_tails,0.25,1.0
432213,59,2021-08-03,0.0,0,baseline,quartile_tails,0.25,1.0
432244,59,2021-08-03,0.0,0,baseline,quartile_tails,0.25,1.0
435201,59,2021-08-03,0.16666666666666666,0,baseline,quartile_tails,0.25,1.0
435318,59,2021-08-03,0.0,0,baseline,quartile_tails,0.25,1.0
435810,59,2021-08-03,0.0,0,baseline,quartile_tails,0.25,1.0
436815,59,2021-08-03,0.0,0,baseline,quartile_tails,0.25,1.0
438055,59,2021-08-03,1.0,1,high,quartile_tails,0.25,1.0
438465,59,2021-08-03,0.08333333333333333,0,baseline,quartile_tails,0.25,1.0
439522,59,2021-08-03,1.0,1,high,quartile_tails,0.25,1.0
439813,59,2021-08-03,0.0,0,baseline,quartile_tails,0.25,1.0
440338,59,2021-08-03,1.0,1,high,quartile_tails,0.25,1.0
440409,59,2021-08-03,1.0,1,high,quartile_tails,0.25,1.0
440502,59,2021-08-03,1.0,1,high,quartile_tails,0.25,1.0
441751,59,2021-08-03,1.0,1,high,quartile_tails,0.25,1.0
441919,59,2021-08-03,1.0,1,high,quartile_tails,0.25,1.0
443106,59,2021-08-03,0.0,0,baseline,quartile_tails,0.25,1.0
443388,59,2021-08-03,0.25,0,baseline,quartile_tails,0.25,1.0
444091,59,2021-08-03,1.0,1,high,quartile_tails,0.25,1.0
444551,59,2021-08-03,1.0,1,high,quartile_tails,0.25,1.0
446132,59,2021-08-03,1.0,1,high,quartile_tails,0.25,1.0
446557,59,2021-08-03,1.0,1,high,quartile_tails,0.25,1.0
446662,59,2021-08-03,1.0,1,high,quartile_tails,0.25,1.0
447190,59,2021-08-03,0.1111111111111111,0,baseline,quartile_tails,0.25,1.0
448520,59,2021-08-03,0.0,0,baseline,quartile_tails,0.25,1.0
449378,59,2021-08-03,1.0,1,high,quartile_tails,0.25,1.0
450897,59,2021-08-03,1.0,1,high,quartile_tails,0.25,1.0
454600,59,2021-08-03,1.0,1,high,quartile_tails,0.25,1.0
454614,59,2021-08-03,0.25,0,baseline,quartile_tails,0.25,1.0
454801,59,2021-08-03,0.16666666666666666,0,baseline,quartile_tails,0.25,1.0
455878,59,2021-08-03,0.08333333333333333,0,baseline,quartile_tails,0.25,1.0
457172,59,2021-08-03,1.0,1,high,quartile_tails,0.25,1.0
458021,59,2021-08-03,0.25,0,baseline,quartile_tails,0.25,1.0
458725,59,2021-08-03,0.1111111111111111,0,baseline,quartile_tails,0.25,1.0
461626,59,2021-08-03,0.25,0,baseline,quartile_tails,0.25,1.0
461812,59,2021-08-03,1.0,1,high,quartile_tails,0.25,1.0
462219,59,2021-08-03,1.0,1,high,quartile_tails,0.25,1.0
464002,59,2021-08-03,1.0,1,high,quartile_tails,0.25,1.0
465921,59,2021-08-03,0.0,0,baseline,quartile_tails,0.25,1.0
466190,59,2021-08-03,0.0,0,baseline,quartile_tails,0.25,1.0
466581,59,2021-08-03,1.0,1,high,quartile_tails,0.25,1.0
466644,59,2021-08-03,1.0,1,high,quartile_tails,0.25,1.0
467173,59,2021-08-03,0.2333333333333333,0,baseline,quartile_tails,0.25,1.0
469141,59,2021-08-03,1.0,1,high,quartile_tails,0.25,1.0
469425,59,2021-08-03,1.0,1,high,quartile_tails,0.25,1.0
469695,59,2021-08-03,1.0,1,high,quartile_tails,0.25,1.0
470979,59,2021-08-03,1.0,1,high,quartile_tails,0.25,1.0
474998,59,2021-08-03,1.0,1,high,quartile_tails,0.25,1.0
475374,59,2021-08-03,1.0,1,high,quartile_tails,0.25,1.0
475555,59,2021-08-03,1.0,1,high,quartile_tails,0.25,1.0
477601,59,2021-08-03,1.0,1,high,quartile_tails,0.25,1.0
477801,59,2021-08-03,1.0,1,high,quartile_tails,0.25,1.0
478420,59,2021-08-03,0.1625,0,baseline,quartile_tails,0.25,1.0
479940,59,2021-08-03,1.0,1,high,quartile_tails,0.25,1.0
480640,59,2021-08-03,0.0,0,baseline,quartile_tails,0.25,1.0
480892,59,2021-08-03,1.0,1,high,quartile_tails,0.25,1.0
481051,59,2021-08-03,1.0,1,high,quartile_tails,0.25,1.0
481671,59,2021-08-03,1.0,1,high,quartile_tails,0.25,1.0
483197,59,2021-08-03,0.0,0,baseline,quartile_tails,0.25,1.0
484758,59,2021-08-03,1.0,1,high,quartile_tails,0.25,1.0
485199,59,2021-08-03,1.0,1,high,quartile_tails,0.25,1.0
488923,59,2021-08-03,1.0,1,high,quartile_tails,0.25,1.0
488958,59,2021-08-03,1.0,1,high,quartile_tails,0.25,1.0
489202,59,2021-08-03,1.0,1,high,quartile_tails,0.25,1.0
490433,59,2021-08-03,0.0,0,baseline,quartile_tails,0.25,1.0
491032,59,2021-08-03,0.125,0,baseline,quartile_tails,0.25,1.0
492100,59,2021-08-03,0.0,0,baseline,quartile_tails,0.25,1.0
492367,59,2021-08-03,1.0,1,high,quartile_tails,0.25,1.0
492972,59,2021-08-03,0.16666666666666666,0,baseline,quartile_tails,0.25,1.0
493574,59,2021-08-03,1.0,1,high,quartile_tails,0.25,1.0
496756,59,2021-08-03,0.0,0,baseline,quartile_tails,0.25,1.0
497427,59,2021-08-03,0.0,0,baseline,quartile_tails,0.25,1.0
498467,59,2021-08-03,0.0,0,baseline,quartile_tails,0.25,1.0
502170,59,2021-08-03,1.0,1,high,quartile_tails,0.25,1.0
503409,59,2021-08-03,1.0,1,high,quartile_tails,0.25,1.0
507937,59,2021-08-03,1.0,1,high,quartile_tails,0.25,1.0
510040,59,2021-08-03,1.0,1,high,quartile_tails,0.25,1.0
510184,59,2021-08-03,0.0,0,baseline,quartile_tails,0.25,1.0
510459,59,2021-08-03,1.0,1,high,quartile_tails,0.25,1.0
511227,59,2021-08-03,0.0,0,baseline,quartile_tails,0.25,1.0
511557,59,2021-08-03,0.25,0,baseline,quartile_tails,0.25,1.0
511714,59,2021-08-03,0.25,0,baseline,quartile_tails,0.25,1.0
512503,59,2021-08-03,1.0,1,high,quartile_tails,0.25,1.0
512529,59,2021-08-03,0.125,0,baseline,quartile_tails,0.25,1.0
512729,59,2021-08-03,1.0,1,high,quartile_tails,0.25,1.0
512875,59,2021-08-03,1.0,1,high,quartile_tails,0.25,1.0
513321,59,2021-08-03,1.0,1,high,quartile_tails,0.25,1.0
513618,59,2021-08-03,0.2222222222222222,0,baseline,quartile_tails,0.25,1.0
513783,59,2021-08-03,0.16666666666666666,0,baseline,quartile_tails,0.25,1.0
514237,59,2021-08-03,0.0,0,baseline,quartile_tails,0.25,1.0
514659,59,2021-08-03,0.0,0,baseline,quartile_tails,0.25,1.0
514899,59,2021-08-03,0.0,0,baseline,quartile_tails,0.25,1.0
516044,59,2021-08-03,0.25,0,baseline,quartile_tails,0.25,1.0
516889,59,2021-08-03,1.0,1,high,quartile_tails,0.25,1.0
518261,59,2021-08-03,0.0,0,baseline,quartile_tails,0.25,1.0
518658,59,2021-08-03,1.0,1,high,quartile_tails,0.25,1.0
519696,59,2021-08-03,0.0,0,baseline,quartile_tails,0.25,1.0
520058,59,2021-08-03,1.0,1,high,quartile_tails,0.25,1.0
520216,59,2021-08-03,0.0,0,baseline,quartile_tails,0.25,1.0
521123,59,2021-08-03,1.0,1,high,quartile_tails,0.25,1.0
521307,59,2021-08-03,0.0,0,baseline,quartile_tails,0.25,1.0
521547,59,2021-08-03,0.16666666666666666,0,baseline,quartile_tails,0.25,1.0
521937,59,2021-08-03,1.0,1,high,quartile_tails,0.25,1.0
522059,59,2021-08-03,1.0,1,high,quartile_tails,0.25,1.0
522396,59,2021-08-03,1.0,1,high,quartile_tails,0.25,1.0
522575,59,2021-08-03,1.0,1,high,quartile_tails,0.25,1.0
522662,59,2021-08-03,0.25,0,baseline,quartile_tails,0.25,1.0
523041,59,2021-08-03,0.0625,0,baseline,quartile_tails,0.25,1.0
523726,59,2021-08-03,0.0,0,baseline,quartile_tails,0.25,1.0
523801,59,2021-08-03,0.125,0,baseline,quartile_tails,0.25,1.0
524257,59,2021-08-03,0.0,0,baseline,quartile_tails,0.25,1.0
524273,59,2021-08-03,1.0,1,high,quartile_tails,0.25,1.0
524581,59,2021-08-03,1.0,1,high,quartile_tails,0.25,1.0
525247,59,2021-08-03,0.25,0,baseline,quartile_tails,0.25,1.0
525378,59,2021-08-03,0.25,0,baseline,quartile_tails,0.25,1.0
525462,59,2021-08-03,1.0,1,high,quartile_tails,0.25,1.0
526949,59,2021-08-03,1.0,1,high,quartile_tails,0.25,1.0
527327,59,2021-08-03,0.16666666666666666,0,baseline,quartile_tails,0.25,1.0
528264,59,2021-08-03,0.0,0,baseline,quartile_tails,0.25,1.0
529081,59,2021-08-03,1.0,1,high,quartile_tails,0.25,1.0
529088,59,2021-08-03,1.0,1,high,quartile_tails,0.25,1.0
529359,59,2021-08-03,0.0,0,baseline,quartile_tails,0.25,1.0
530393,59,2021-08-03,1.0,1,high,quartile_tails,0.25,1.0
531282,59,2021-08-03,0.0,0,baseline,quartile_tails,0.25,1.0
531360,59,2021-08-03,1.0,1,high,quartile_tails,0.25,1.0
533173,59,2021-08-03,0.25,0,baseline,quartile_tails,0.25,1.0
533786,59,2021-08-03,0.1111111111111111,0,baseline,quartile_tails,0.25,1.0
535639,59,2021-08-03,0.16666666666666666,0,baseline,quartile_tails,0.25,1.0
535641,59,2021-08-03,0.0,0,baseline,quartile_tails,0.25,1.0
535642,59,2021-08-03,1.0,1,high,quartile_tails,0.25,1.0
536062,59,2021-08-03,1.0,1,high,quartile_tails,0.25,1.0
537435,59,2021-08-03,0.0,0,baseline,quartile_tails,0.25,1.0
537644,59,2021-08-03,1.0,1,high,quartile_tails,0.25,1.0
537671,59,2021-08-03,0.0,0,baseline,quartile_tails,0.25,1.0
537979,59,2021-08-03,1.0,1,high,quartile_tails,0.25,1.0
537991,59,2021-08-03,0.0,0,baseline,quartile_tails,0.25,1.0
538197,59,2021-08-03,0.0,0,baseline,quartile_tails,0.25,1.0
539114,59,2021-08-03,1.0,1,high,quartile_tails,0.25,1.0
539433,59,2021-08-03,1.0,1,high,quartile_tails,0.25,1.0
539719,59,2021-08-03,1.0,1,high,quartile_tails,0.25,1.0
540112,59,2021-08-03,1.0,1,high,quartile_tails,0.25,1.0
540470,59,2021-08-03,1.0,1,high,quartile_tails,0.25,1.0
540523,59,2021-08-03,1.0,1,high,quartile_tails,0.25,1.0
540543,59,2021-08-03,1.0,1,high,quartile_tails,0.25,1.0
541531,59,2021-08-03,1.0,1,high,quartile_tails,0.25,1.0
542734,59,2021-08-03,0.08333333333333333,0,baseline,quartile_tails,0.25,1.0
543013,59,2021-08-03,0.16666666666666666,0,baseline,quartile_tails,0.25,1.0
544006,59,2021-08-03,0.0,0,baseline,quartile_tails,0.25,1.0
545162,59,2021-08-03,0.0,0,baseline,quartile_tails,0.25,1.0
545258,59,2021-08-03,1.0,1,high,quartile_tails,0.25,1.0
545553,59,2021-08-03,0.0,0,baseline,quartile_tails,0.25,1.0
546212,59,2021-08-03,1.0,1,high,quartile_tails,0.25,1.0
546255,59,2021-08-03,0.0,0,baseline,quartile_tails,0.25,1.0
546677,59,2021-08-03,1.0,1,high,quartile_tails,0.25,1.0
547558,59,2021-08-03,1.0,1,high,quartile_tails,0.25,1.0
548209,59,2021-08-03,1.0,1,high,quartile_tails,0.25,1.0
548538,59,2021-08-03,0.0,0,baseline,quartile_tails,0.25,1.0
550385,59,2021-08-03,0.0,0,baseline,quartile_tails,0.25,1.0
550442,59,2021-08-03,1.0,1,high,quartile_tails,0.25,1.0
552127,59,2021-08-03,1.0,1,high,quartile_tails,0.25,1.0
552244,59,2021-08-03,0.25,0,baseline,quartile_tails,0.25,1.0
552417,59,2021-08-03,1.0,1,high,quartile_tails,0.25,1.0
553335,59,2021-08-03,0.25,0,baseline,quartile_tails,0.25,1.0
553808,59,2021-08-03,1.0,1,high,quartile_tails,0.25,1.0
554096,59,2021-08-03,1.0,1,high,quartile_tails,0.25,1.0
555005,59,2021-08-03,1.0,1,high,quartile_tails,0.25,1.0
555017,59,2021-08-03,0.1875,0,baseline,quartile_tails,0.25,1.0
555286,59,2021-08-03,0.0,0,baseline,quartile_tails,0.25,1.0
556120,59,2021-08-03,1.0,1,high,quartile_tails,0.25,1.0
557274,59,2021-08-03,1.0,1,high,quartile_tails,0.25,1.0
557733,59,2021-08-03,1.0,1,high,quartile_tails,0.25,1.0
557860,59,2021-08-03,1.0,1,high,quartile_tails,0.25,1.0
558034,59,2021-08-03,0.20833333333333331,0,baseline,quartile_tails,0.25,1.0
558960,59,2021-08-03,0.0,0,baseline,quartile_tails,0.25,1.0
559179,59,2021-08-03,0.0,0,baseline,quartile_tails,0.25,1.0
560484,59,2021-08-03,1.0,1,high,quartile_tails,0.25,1.0
560528,59,2021-08-03,0.125,0,baseline,quartile_tails,0.25,1.0
560624,59,2021-08-03,0.0,0,baseline,quartile_tails,0.25,1.0
560780,59,2021-08-03,1.0,1,high,quartile_tails,0.25,1.0
561108,59,2021-08-03,0.16666666666666666,0,baseline,quartile_tails,0.25,1.0
561111,59,2021-08-03,0.0,0,baseline,quartile_tails,0.25,1.0
561319,59,2021-08-03,1.0,1,high,quartile_tails,0.25,1.0
561685,59,2021-08-03,0.0,0,baseline,quartile_tails,0.25,1.0
561750,59,2021-08-03,0.0,0,baseline,quartile_tails,0.25,1.0
561963,59,2021-08-03,0.15,0,baseline,quartile_tails,0.25,1.0
562041,59,2021-08-03,1.0,1,high,quartile_tails,0.25,1.0
562661,59,2021-08-03,0.0,0,baseline,quartile_tails,0.25,1.0
563223,59,2021-08-03,0.125,0,baseline,quartile_tails,0.25,1.0
563556,59,2021-08-03,1.0,1,high,quartile_tails,0.25,1.0
563771,59,2021-08-03,1.0,1,high,quartile_tails,0.25,1.0
564137,59,2021-08-03,1.0,1,high,quartile_tails,0.25,1.0
564703,59,2021-08-03,0.0,0,baseline,quartile_tails,0.25,1.0
564844,59,2021-08-03,0.25,0,baseline,quartile_tails,0.25,1.0
565665,59,2021-08-03,1.0,1,high,quartile_tails,0.25,1.0
565722,59,2021-08-03,1.0,1,high,quartile_tails,0.25,1.0
567500,59,2021-08-03,0.25,0,baseline,quartile_tails,0.25,1.0
567972,59,2021-08-03,1.0,1,high,quartile_tails,0.25,1.0
568948,59,2021-08-03,0.125,0,baseline,quartile_tails,0.25,1.0
571127,59,2021-08-03,0.0,0,baseline,quartile_tails,0.25,1.0
571248,59,2021-08-03,0.0,0,baseline,quartile_tails,0.25,1.0
572134,59,2021-08-03,0.21666666666666667,0,baseline,quartile_tails,0.25,1.0
572631,59,2021-08-03,1.0,1,high,quartile_tails,0.25,1.0
573805,59,2021-08-03,1.0,1,high,quartile_tails,0.25,1.0
573881,59,2021-08-03,1.0,1,high,quartile_tails,0.25,1.0
575656,59,2021-08-03,1.0,1,high,quartile_tails,0.25,1.0
577695,59,2021-08-03,0.2222222222222222,0,baseline,quartile_tails,0.25,1.0
578518,59,2021-08-03,0.25,0,baseline,quartile_tails,0.25,1.0
578623,59,2021-08-03,0.20833333333333331,0,baseline,quartile_tails,0.25,1.0
579512,59,2021-08-03,0.25,0,baseline,quartile_tails,0.25,1.0
580165,59,2021-08-03,1.0,1,high,quartile_tails,0.25,1.0
581757,59,2021-08-03,0.25,0,baseline,quartile_tails,0.25,1.0
582085,59,2021-08-03,0.0,0,baseline,quartile_tails,0.25,1.0
582924,59,2021-08-03,0.16666666666666666,0,baseline,quartile_tails,0.25,1.0
583324,59,2021-08-03,1.0,1,high,quartile_tails,0.25,1.0
583526,59,2021-08-03,1.0,1,high,quartile_tails,0.25,1.0
583776,59,2021-08-03,1.0,1,high,quartile_tails,0.25,1.0
583860,59,2021-08-03,1.0,1,high,quartile_tails,0.25,1.0
585279,59,2021-08-03,1.0,1,high,quartile_tails,0.25,1.0
585307,59,2021-08-03,1.0,1,high,quartile_tails,0.25,1.0
586223,59,2021-08-03,0.0,0,baseline,quartile_tails,0.25,1.0
586936,59,2021-08-03,1.0,1,high,quartile_tails,0.25,1.0
587718,59,2021-08-03,1.0,1,high,quartile_tails,0.25,1.0
588126,59,2021-08-03,0.125,0,baseline,quartile_tails,0.25,1.0
588949,59,2021-08-03,1.0,1,high,quartile_tails,0.25,1.0
589088,59,2021-08-03,0.0,0,baseline,quartile_tails,0.25,1.0
589184,59,2021-08-03,0.0,0,baseline,quartile_tails,0.25,1.0
591429,59,2021-08-03,0.14583333333333331,0,baseline,quartile_tails,0.25,1.0
591501,59,2021-08-03,0.125,0,baseline,quartile_tails,0.25,1.0
591906,59,2021-08-03,0.16666666666666666,0,baseline,quartile_tails,0.25,1.0
591999,59,2021-08-03,1.0,1,high,quartile_tails,0.25,1.0
592150,59,2021-08-03,0.0,0,baseline,quartile_tails,0.25,1.0
593397,59,2021-08-03,1.0,1,high,quartile_tails,0.25,1.0
593754,59,2021-08-03,0.0,0,baseline,quartile_tails,0.25,1.0
593905,59,2021-08-03,0.25,0,baseline,quartile_tails,0.25,1.0
593968,59,2021-08-03,0.25,0,baseline,quartile_tails,0.25,1.0
594330,59,2021-08-03,0.25,0,baseline,quartile_tails,0.25,1.0
595453,59,2021-08-03,0.25,0,baseline,quartile_tails,0.25,1.0
596059,59,2021-08-03,1.0,1,high,quartile_tails,0.25,1.0
596305,59,2021-08-03,1.0,1,high,quartile_tails,0.25,1.0
597502,59,2021-08-03,1.0,1,high,quartile_tails,0.25,1.0
597901,59,2021-08-03,1.0,1,high,quartile_tails,0.25,1.0
598670,59,2021-08-03,1.0,1,high,quartile_tails,0.25,1.0
599347,59,2021-08-03,0.14285714285714285,0,baseline,quartile_tails,0.25,1.0
599755,59,2021-08-03,0.0,0,baseline,quartile_tails,0.25,1.0
599973,59,2021-08-03,1.0,1,high,quartile_tails,0.25,1.0
601332,59,2021-08-03,1.0,1,high,quartile_tails,0.25,1.0
603335,59,2021-08-03,1.0,1,high,quartile_tails,0.25,1.0
603813,59,2021-08-03,0.16666666666666666,0,baseline,quartile_tails,0.25,1.0
604433,59,2021-08-03,1.0,1,high,quartile_tails,0.25,1.0
605529,59,2021-08-03,1.0,1,high,quartile_tails,0.25,1.0
607262,59,2021-08-03,0.0,0,baseline,quartile_tails,0.25,1.0
607723,59,2021-08-03,1.0,1,high,quartile_tails,0.25,1.0
607745,59,2021-08-03,0.0,0,baseline,quartile_tails,0.25,1.0
608390,59,2021-08-03,0.1875,0,baseline,quartile_tails,0.25,1.0
608562,59,2021-08-03,1.0,1,high,quartile_tails,0.25,1.0
608947,59,2021-08-03,0.25,0,baseline,quartile_tails,0.25,1.0
610277,59,2021-08-03,0.0,0,baseline,quartile_tails,0.25,1.0
611680,59,2021-08-03,0.1111111111111111,0,baseline,quartile_tails,0.25,1.0
611960,59,2021-08-03,1.0,1,high,quartile_tails,0.25,1.0
612482,59,2021-08-03,0.0,0,baseline,quartile_tails,0.25,1.0
612551,59,2021-08-03,1.0,1,high,quartile_tails,0.25,1.0
613009,59,2021-08-03,1.0,1,high,quartile_tails,0.25,1.0
613278,59,2021-08-03,0.0,0,baseline,quartile_tails,0.25,1.0
614993,59,2021-08-03,0.16666666666666666,0,baseline,quartile_tails,0.25,1.0
616434,59,2021-08-03,0.16666666666666666,0,baseline,quartile_tails,0.25,1.0
616630,59,2021-08-03,0.0,0,baseline,quartile_tails,0.25,1.0
617519,59,2021-08-03,1.0,1,high,quartile_tails,0.25,1.0
617893,59,2021-08-03,0.13333333333333333,0,baseline,quartile_tails,0.25,1.0
618590,59,2021-08-03,0.0,0,baseline,quartile_tails,0.25,1.0
622001,59,2021-08-03,1.0,1,high,quartile_tails,0.25,1.0
622233,59,2021-08-03,0.2222222222222222,0,baseline,quartile_tails,0.25,1.0
623180,59,2021-08-03,1.0,1,high,quartile_tails,0.25,1.0
624829,59,2021-08-03,0.0,0,baseline,quartile_tails,0.25,1.0
625466,59,2021-08-03,1.0,1,high,quartile_tails,0.25,1.0
625604,59,2021-08-03,0.0,0,baseline,quartile_tails,0.25,1.0
625660,59,2021-08-03,0.16666666666666666,0,baseline,quartile_tails,0.25,1.0
627680,59,2021-08-03,1.0,1,high,quartile_tails,0.25,1.0
628492,59,2021-08-03,1.0,1,high,quartile_tails,0.25,1.0
628700,59,2021-08-03,0.125,0,baseline,quartile_tails,0.25,1.0
629617,59,2021-08-03,1.0,1,high,quartile_tails,0.25,1.0
630202,59,2021-08-03,0.08333333333333333,0,baseline,quartile_tails,0.25,1.0
630847,59,2021-08-03,1.0,1,high,quartile_tails,0.25,1.0
631038,59,2021-08-03,0.2222222222222222,0,baseline,quartile_tails,0.25,1.0
633017,59,2021-08-03,0.0,0,baseline,quartile_tails,0.25,1.0
633271,59,2021-08-03,0.0,0,baseline,quartile_tails,0.25,1.0
633829,59,2021-08-03,1.0,1,high,quartile_tails,0.25,1.0
635634,59,2021-08-03,0.25,0,baseline,quartile_tails,0.25,1.0
635967,59,2021-08-03,0.2222222222222222,0,baseline,quartile_tails,0.25,1.0
636083,59,2021-08-03,0.0,0,baseline,quartile_tails,0.25,1.0
636622,59,2021-08-03,1.0,1,high,quartile_tails,0.25,1.0
636733,59,2021-08-03,0.0,0,baseline,quartile_tails,0.25,1.0
637062,59,2021-08-03,0.0,0,baseline,quartile_tails,0.25,1.0
637146,59,2021-08-03,1.0,1,high,quartile_tails,0.25,1.0
637408,59,2021-08-03,0.16666666666666666,0,baseline,quartile_tails,0.25,1.0
637662,59,2021-08-03,1.0,1,high,quartile_tails,0.25,1.0
638260,59,2021-08-03,0.0,0,baseline,quartile_tails,0.25,1.0
638855,59,2021-08-03,0.16666666666666666,0,baseline,quartile_tails,0.25,1.0
638986,59,2021-08-03,0.0,0,baseline,quartile_tails,0.25,1.0
640023,59,2021-08-03,0.16666666666666666,0,baseline,quartile_tails,0.25,1.0
640119,59,2021-08-03,0.0,0,baseline,quartile_tails,0.25,1.0
641997,59,2021-08-03,0.25,0,baseline,quartile_tails,0.25,1.0
642500,59,2021-08-03,0.25,0,baseline,quartile_tails,0.25,1.0
642673,59,2021-08-03,1.0,1,high,quartile_tails,0.25,1.0
642969,59,2021-08-03,1.0,1,high,quartile_tails,0.25,1.0
644755,59,2021-08-03,0.0,0,baseline,quartile_tails,0.25,1.0
644825,59,2021-08-03,0.25,0,baseline,quartile_tails,0.25,1.0
645783,59,2021-08-03,0.0,0,baseline,quartile_tails,0.25,1.0
645814,59,2021-08-03,0.0,0,baseline,quartile_tails,0.25,1.0
645871,59,2021-08-03,0.2222222222222222,0,baseline,quartile_tails,0.25,1.0
645956,59,2021-08-03,0.0,0,baseline,quartile_tails,0.25,1.0
646018,59,2021-08-03,1.0,1,high,quartile_tails,0.25,1.0
646332,59,2021-08-03,1.0,1,high,quartile_tails,0.25,1.0
646702,59,2021-08-03,0.0,0,baseline,quartile_tails,0.25,1.0
649306,59,2021-08-03,0.0,0,baseline,quartile_tails,0.25,1.0
649325,59,2021-08-03,0.08333333333333333,0,baseline,quartile_tails,0.25,1.0
649499,59,2021-08-03,0.0,0,baseline,quartile_tails,0.25,1.0
649573,59,2021-08-03,0.0,0,baseline,quartile_tails,0.25,1.0
649822,59,2021-08-03,1.0,1,high,quartile_tails,0.25,1.0
650767,59,2021-08-03,1.0,1,high,quartile_tails,0.25,1.0
652186,59,2021-08-03,1.0,1,high,quartile_tails,0.25,1.0
652348,59,2021-08-03,1.0,1,high,quartile_tails,0.25,1.0
654127,59,2021-08-03,0.16666666666666666,0,baseline,quartile_tails,0.25,1.0
654806,59,2021-08-03,1.0,1,high,quartile_tails,0.25,1.0
655943,59,2021-08-03,1.0,1,high,quartile_tails,0.25,1.0
656167,59,2021-08-03,0.0,0,baseline,quartile_tails,0.25,1.0
656385,59,2021-08-03,0.25,0,baseline,quartile_tails,0.25,1.0
656657,59,2021-08-03,1.0,1,high,quartile_tails,0.25,1.0
656824,59,2021-08-03,1.0,1,high,quartile_tails,0.25,1.0
657044,59,2021-08-03,0.0,0,baseline,quartile_tails,0.25,1.0
657089,59,2021-08-03,0.0,0,baseline,quartile_tails,0.25,1.0
657478,59,2021-08-03,0.0,0,baseline,quartile_tails,0.25,1.0
658090,59,2021-08-03,1.0,1,high,quartile_tails,0.25,1.0
658319,59,2021-08-03,1.0,1,high,quartile_tails,0.25,1.0
658616,59,2021-08-03,1.0,1,high,quartile_tails,0.25,1.0
659054,59,2021-08-03,0.0,0,baseline,quartile_tails,0.25,1.0
659437,59,2021-08-03,1.0,1,high,quartile_tails,0.25,1.0
659540,59,2021-08-03,0.0,0,baseline,quartile_tails,0.25,1.0
659645,59,2021-08-03,0.0,0,baseline,quartile_tails,0.25,1.0
659747,59,2021-08-03,1.0,1,high,quartile_tails,0.25,1.0
660664,59,2021-08-03,0.125,0,baseline,quartile_tails,0.25,1.0
663363,59,2021-08-03,0.0,0,baseline,quartile_tails,0.25,1.0
663488,59,2021-08-03,1.0,1,high,quartile_tails,0.25,1.0
664172,59,2021-08-03,0.0,0,baseline,quartile_tails,0.25,1.0
664689,59,2021-08-03,1.0,1,high,quartile_tails,0.25,1.0
665231,59,2021-08-03,0.0,0,baseline,quartile_tails,0.25,1.0
665646,59,2021-08-03,0.0,0,baseline,quartile_tails,0.25,1.0
666512,59,2021-08-03,1.0,1,high,quartile_tails,0.25,1.0
667216,59,2021-08-03,1.0,1,high,quartile_tails,0.25,1.0
667324,59,2021-08-03,0.25,0,baseline,quartile_tails,0.25,1.0
667413,59,2021-08-03,0.0,0,baseline,quartile_tails,0.25,1.0
667636,59,2021-08-03,1.0,1,high,quartile_tails,0.25,1.0
667863,59,2021-08-03,0.125,0,baseline,quartile_tails,0.25,1.0
667868,59,2021-08-03,1.0,1,high,quartile_tails,0.25,1.0
668429,59,2021-08-03,1.0,1,high,quartile_tails,0.25,1.0
668516,59,2021-08-03,0.08333333333333333,0,baseline,quartile_tails,0.25,1.0
668593,59,2021-08-03,0.14285714285714285,0,baseline,quartile_tails,0.25,1.0
668814,59,2021-08-03,1.0,1,high,quartile_tails,0.25,1.0
669173,59,2021-08-03,1.0,1,high,quartile_tails,0.25,1.0
671253,59,2021-08-03,0.2,0,baseline,quartile_tails,0.25,1.0
671695,59,2021-08-03,1.0,1,high,quartile_tails,0.25,1.0
671696,59,2021-08-03,0.0,0,baseline,quartile_tails,0.25,1.0
672029,59,2021-08-03,1.0,1,high,quartile_tails,0.25,1.0
672939,59,2021-08-03,1.0,1,high,quartile_tails,0.25,1.0
673007,59,2021-08-03,1.0,1,high,quartile_tails,0.25,1.0
673037,59,2021-08-03,0.16666666666666666,0,baseline,quartile_tails,0.25,1.0
674174,59,2021-08-03,1.0,1,high,quartile_tails,0.25,1.0
675558,59,2021-08-03,0.25,0,baseline,quartile_tails,0.25,1.0
676761,59,2021-08-03,0.0,0,baseline,quartile_tails,0.25,1.0
677357,59,2021-08-03,1.0,1,high,quartile_tails,0.25,1.0
678814,59,2021-08-03,1.0,1,high,quartile_tails,0.25,1.0
680591,59,2021-08-03,1.0,1,high,quartile_tails,0.25,1.0
681978,59,2021-08-03,0.0,0,baseline,quartile_tails,0.25,1.0
682823,59,2021-08-03,0.0,0,baseline,quartile_tails,0.25,1.0
683998,59,2021-08-03,0.0,0,baseline,quartile_tails,0.25,1.0
684150,59,2021-08-03,1.0,1,high,quartile_tails,0.25,1.0
684651,59,2021-08-03,0.0,0,baseline,quartile_tails,0.25,1.0
684708,59,2021-08-03,1.0,1,high,quartile_tails,0.25,1.0
685087,59,2021-08-03,1.0,1,high,quartile_tails,0.25,1.0
685450,59,2021-08-03,0.25,0,baseline,quartile_tails,0.25,1.0
685784,59,2021-08-03,0.0,0,baseline,quartile_tails,0.25,1.0
686177,59,2021-08-03,0.0,0,baseline,quartile_tails,0.25,1.0
686180,59,2021-08-03,1.0,1,high,quartile_tails,0.25,1.0
686182,59,2021-08-03,1.0,1,high,quartile_tails,0.25,1.0
686568,59,2021-08-03,0.0,0,baseline,quartile_tails,0.25,1.0
686811,59,2021-08-03,1.0,1,high,quartile_tails,0.25,1.0
687352,59,2021-08-03,1.0,1,high,quartile_tails,0.25,1.0
688478,59,2021-08-03,1.0,1,high,quartile_tails,0.25,1.0
690885,59,2021-08-03,1.0,1,high,quartile_tails,0.25,1.0
690960,59,2021-08-03,0.0,0,baseline,quartile_tails,0.25,1.0
691532,59,2021-08-03,0.0,0,baseline,quartile_tails,0.25,1.0
691665,59,2021-08-03,0.125,0,baseline,quartile_tails,0.25,1.0
693281,59,2021-08-03,0.20833333333333331,0,baseline,quartile_tails,0.25,1.0
693684,59,2021-08-03,1.0,1,high,quartile_tails,0.25,1.0
693825,59,2021-08-03,0.0,0,baseline,quartile_tails,0.25,1.0
694783,59,2021-08-03,1.0,1,high,quartile_tails,0.25,1.0
695397,59,2021-08-03,1.0,1,high,quartile_tails,0.25,1.0
695490,59,2021-08-03,0.0,0,baseline,quartile_tails,0.25,1.0
696669,59,2021-08-03,0.25,0,baseline,quartile_tails,0.25,1.0
697349,59,2021-08-03,0.0,0,baseline,quartile_tails,0.25,1.0
698878,59,2021-08-03,0.125,0,baseline,quartile_tails,0.25,1.0
699128,59,2021-08-03,1.0,1,high,quartile_tails,0.25,1.0
700255,59,2021-08-03,1.0,1,high,quartile_tails,0.25,1.0
700610,59,2021-08-03,0.08333333333333333,0,baseline,quartile_tails,0.25,1.0
701013,59,2021-08-03,1.0,1,high,quartile_tails,0.25,1.0
702342,59,2021-08-03,0.0,0,baseline,quartile_tails,0.25,1.0
703045,59,2021-08-03,0.25,0,baseline,quartile_tails,0.25,1.0
703278,59,2021-08-03,0.0,0,baseline,quartile_tails,0.25,1.0
703576,59,2021-08-03,1.0,1,high,quartile_tails,0.25,1.0
703919,59,2021-08-03,1.0,1,high,quartile_tails,0.25,1.0
704178,59,2021-08-03,0.0,0,baseline,quartile_tails,0.25,1.0
704483,59,2021-08-03,1.0,1,high,quartile_tails,0.25,1.0
706973,59,2021-08-03,0.0,0,baseline,quartile_tails,0.25,1.0
708317,59,2021-08-03,1.0,1,high,quartile_tails,0.25,1.0
708593,59,2021-08-03,1.0,1,high,quartile_tails,0.25,1.0
708595,59,2021-08-03,1.0,1,high,quartile_tails,0.25,1.0
708815,59,2021-08-03,1.0,1,high,quartile_tails,0.25,1.0
710165,59,2021-08-03,1.0,1,high,quartile_tails,0.25,1.0
710820,59,2021-08-03,0.25,0,baseline,quartile_tails,0.25,1.0
711104,59,2021-08-03,1.0,1,high,quartile_tails,0.25,1.0
711415,59,2021-08-03,0.0,0,baseline,quartile_tails,0.25,1.0
711529,59,2021-08-03,1.0,1,high,quartile_tails,0.25,1.0
712778,59,2021-08-03,0.16666666666666666,0,baseline,quartile_tails,0.25,1.0
713738,59,2021-08-03,1.0,1,high,quartile_tails,0.25,1.0
714656,59,2021-08-03,1.0,1,high,quartile_tails,0.25,1.0
716494,59,2021-08-03,1.0,1,high,quartile_tails,0.25,1.0
716613,59,2021-08-03,1.0,1,high,quartile_tails,0.25,1.0
716752,59,2021-08-03,0.0,0,baseline,quartile_tails,0.25,1.0
718112,59,2021-08-03,0.12777777777777777,0,baseline,quartile_tails,0.25,1.0
720242,59,2021-08-03,1.0,1,high,quartile_tails,0.25,1.0
720332,59,2021-08-03,0.2222222222222222,0,baseline,quartile_tails,0.25,1.0
720446,59,2021-08-03,0.16666666666666666,0,baseline,quartile_tails,0.25,1.0
720996,59,2021-08-03,1.0,1,high,quartile_tails,0.25,1.0
721614,59,2021-08-03,1.0,1,high,quartile_tails,0.25,1.0
722387,59,2021-08-03,1.0,1,high,quartile_tails,0.25,1.0
723181,59,2021-08-03,0.125,0,baseline,quartile_tails,0.25,1.0
723246,59,2021-08-03,1.0,1,high,quartile_tails,0.25,1.0
723468,59,2021-08-03,0.0,0,baseline,quartile_tails,0.25,1.0
723567,59,2021-08-03,0.0,0,baseline,quartile_tails,0.25,1.0
724228,59,2021-08-03,0.0,0,baseline,quartile_tails,0.25,1.0
724359,59,2021-08-03,0.08333333333333333,0,baseline,quartile_tails,0.25,1.0
724912,59,2021-08-03,1.0,1,high,quartile_tails,0.25,1.0
725002,59,2021-08-03,1.0,1,high,quartile_tails,0.25,1.0
725661,59,2021-08-03,0.0,0,baseline,quartile_tails,0.25,1.0
725768,59,2021-08-03,1.0,1,high,quartile_tails,0.25,1.0
726365,59,2021-08-03,0.0,0,baseline,quartile_tails,0.25,1.0
727895,59,2021-08-03,1.0,1,high,quartile_tails,0.25,1.0
727992,59,2021-08-03,1.0,1,high,quartile_tails,0.25,1.0
728369,59,2021-08-03,0.125,0,baseline,quartile_tails,0.25,1.0
729482,59,2021-08-03,1.0,1,high,quartile_tails,0.25,1.0
729629,59,2021-08-03,0.25,0,baseline,quartile_tails,0.25,1.0
729661,59,2021-08-03,0.25,0,baseline,quartile_tails,0.25,1.0
729837,59,2021-08-03,0.0,0,baseline,quartile_tails,0.25,1.0
730207,59,2021-08-03,0.0,0,baseline,quartile_tails,0.25,1.0
730750,59,2021-08-03,1.0,1,high,quartile_tails,0.25,1.0
731259,59,2021-08-03,0.25,0,baseline,quartile_tails,0.25,1.0
731761,59,2021-08-03,1.0,1,high,quartile_tails,0.25,1.0
732957,59,2021-08-03,1.0,1,high,quartile_tails,0.25,1.0
733230,59,2021-08-03,1.0,1,high,quartile_tails,0.25,1.0
733697,59,2021-08-03,0.25,0,baseline,quartile_tails,0.25,1.0
734077,59,2021-08-03,0.0,0,baseline,quartile_tails,0.25,1.0
734492,59,2021-08-03,0.25,0,baseline,quartile_tails,0.25,1.0
736771,59,2021-08-03,1.0,1,high,quartile_tails,0.25,1.0
737222,59,2021-08-03,1.0,1,high,quartile_tails,0.25,1.0
737942,59,2021-08-03,1.0,1,high,quartile_tails,0.25,1.0
738566,59,2021-08-03,0.25,0,baseline,quartile_tails,0.25,1.0
738786,59,2021-08-03,0.0,0,baseline,quartile_tails,0.25,1.0
739024,59,2021-08-03,1.0,1,high,quartile_tails,0.25,1.0
740174,59,2021-08-03,0.25,0,baseline,quartile_tails,0.25,1.0
740190,59,2021-08-03,1.0,1,high,quartile_tails,0.25,1.0
741635,59,2021-08-03,1.0,1,high,quartile_tails,0.25,1.0
743054,59,2021-08-03,0.1875,0,baseline,quartile_tails,0.25,1.0
744327,59,2021-08-03,1.0,1,high,quartile_tails,0.25,1.0
744365,59,2021-08-03,1.0,1,high,quartile_tails,0.25,1.0
744893,59,2021-08-03,1.0,1,high,quartile_tails,0.25,1.0
745139,59,2021-08-03,0.0,0,baseline,quartile_tails,0.25,1.0
746039,59,2021-08-03,0.16666666666666666,0,baseline,quartile_tails,0.25,1.0
746327,59,2021-08-03,0.125,0,baseline,quartile_tails,0.25,1.0
746463,59,2021-08-03,0.0,0,baseline,quartile_tails,0.25,1.0
746541,59,2021-08-03,1.0,1,high,quartile_tails,0.25,1.0
748194,59,2021-08-03,0.0,0,baseline,quartile_tails,0.25,1.0
748746,59,2021-08-03,1.0,1,high,quartile_tails,0.25,1.0
749362,59,2021-08-03,0.16666666666666666,0,baseline,quartile_tails,0.25,1.0
749436,59,2021-08-03,1.0,1,high,quartile_tails,0.25,1.0
750021,59,2021-08-03,0.0,0,baseline,quartile_tails,0.25,1.0
750287,59,2021-08-03,0.0,0,baseline,quartile_tails,0.25,1.0
750918,59,2021-08-03,0.0,0,baseline,quartile_tails,0.25,1.0
751535,59,2021-08-03,0.16666666666666666,0,baseline,quartile_tails,0.25,1.0
751552,59,2021-08-03,1.0,1,high,quartile_tails,0.25,1.0
752006,59,2021-08-03,1.0,1,high,quartile_tails,0.25,1.0
752261,59,2021-08-03,1.0,1,high,quartile_tails,0.25,1.0
753196,59,2021-08-03,0.0,0,baseline,quartile_tails,0.25,1.0
754276,59,2021-08-03,1.0,1,high,quartile_tails,0.25,1.0
754736,59,2021-08-03,1.0,1,high,quartile_tails,0.25,1.0
755246,59,2021-08-03,0.0,0,baseline,quartile_tails,0.25,1.0
755513,59,2021-08-03,1.0,1,high,quartile_tails,0.25,1.0
758478,59,2021-08-03,1.0,1,high,quartile_tails,0.25,1.0
758839,59,2021-08-03,0.0,0,baseline,quartile_tails,0.25,1.0
759368,59,2021-08-03,1.0,1,high,quartile_tails,0.25,1.0
759460,59,2021-08-03,0.0,0,baseline,quartile_tails,0.25,1.0
759941,59,2021-08-03,0.14583333333333331,0,baseline,quartile_tails,0.25,1.0
759987,59,2021-08-03,1.0,1,high,quartile_tails,0.25,1.0
760557,59,2021-08-03,1.0,1,high,quartile_tails,0.25,1.0
760622,59,2021-08-03,0.1625,0,baseline,quartile_tails,0.25,1.0
761331,59,2021-08-03,1.0,1,high,quartile_tails,0.25,1.0
761435,59,2021-08-03,0.0,0,baseline,quartile_tails,0.25,1.0
761436,59,2021-08-03,1.0,1,high,quartile_tails,0.25,1.0
761989,59,2021-08-03,1.0,1,high,quartile_tails,0.25,1.0
762398,59,2021-08-03,1.0,1,high,quartile_tails,0.25,1.0
762515,59,2021-08-03,0.0,0,baseline,quartile_tails,0.25,1.0
763659,59,2021-08-03,1.0,1,high,quartile_tails,0.25,1.0
763896,59,2021-08-03,1.0,1,high,quartile_tails,0.25,1.0
764529,59,2021-08-03,1.0,1,high,quartile_tails,0.25,1.0
766245,59,2021-08-03,1.0,1,high,quartile_tails,0.25,1.0
766276,59,2021-08-03,0.16666666666666666,0,baseline,quartile_tails,0.25,1.0
766819,59,2021-08-03,1.0,1,high,quartile_tails,0.25,1.0
767590,59,2021-08-03,1.0,1,high,quartile_tails,0.25,1.0
767779,59,2021-08-03,1.0,1,high,quartile_tails,0.25,1.0
768780,59,2021-08-03,1.0,1,high,quartile_tails,0.25,1.0
769299,59,2021-08-03,0.25,0,baseline,quartile_tails,0.25,1.0
769626,59,2021-08-03,1.0,1,high,quartile_tails,0.25,1.0
770115,59,2021-08-03,1.0,1,high,quartile_tails,0.25,1.0
770116,59,2021-08-03,0.25,0,baseline,quartile_tails,0.25,1.0
770732,59,2021-08-03,0.0,0,baseline,quartile_tails,0.25,1.0
771404,59,2021-08-03,1.0,1,high,quartile_tails,0.25,1.0
771514,59,2021-08-03,1.0,1,high,quartile_tails,0.25,1.0
771675,59,2021-08-03,0.0625,0,baseline,quartile_tails,0.25,1.0
773756,59,2021-08-03,1.0,1,high,quartile_tails,0.25,1.0
775307,59,2021-08-03,0.07291666666666666,0,baseline,quartile_tails,0.25,1.0
776335,59,2021-08-03,0.0,0,baseline,quartile_tails,0.25,1.0
777388,59,2021-08-03,1.0,1,high,quartile_tails,0.25,1.0
778248,59,2021-08-03,1.0,1,high,quartile_tails,0.25,1.0
778955,59,2021-08-03,1.0,1,high,quartile_tails,0.25,1.0
779129,59,2021-08-03,1.0,1,high,quartile_tails,0.25,1.0
779215,59,2021-08-03,1.0,1,high,quartile_tails,0.25,1.0
779216,59,2021-08-03,0.0,0,baseline,quartile_tails,0.25,1.0
779401,59,2021-08-03,1.0,1,high,quartile_tails,0.25,1.0
779619,59,2021-08-03,0.25,0,baseline,quartile_tails,0.25,1.0
780014,59,2021-08-03,1.0,1,high,quartile_tails,0.25,1.0
781098,59,2021-08-03,1.0,1,high,quartile_tails,0.25,1.0
783226,59,2021-08-03,0.0,0,baseline,quartile_tails,0.25,1.0
783238,59,2021-08-03,0.0,0,baseline,quartile_tails,0.25,1.0
783305,59,2021-08-03,0.25,0,baseline,quartile_tails,0.25,1.0
784337,59,2021-08-03,0.24444444444444446,0,baseline,quartile_tails,0.25,1.0
784565,59,2021-08-03,1.0,1,high,quartile_tails,0.25,1.0
784572,59,2021-08-03,0.16666666666666666,0,baseline,quartile_tails,0.25,1.0
784989,59,2021-08-03,0.125,0,baseline,quartile_tails,0.25,1.0
785685,59,2021-08-03,1.0,1,high,quartile_tails,0.25,1.0
786526,59,2021-08-03,1.0,1,high,quartile_tails,0.25,1.0
787140,59,2021-08-03,0.0,0,baseline,quartile_tails,0.25,1.0
787274,59,2021-08-03,1.0,1,high,quartile_tails,0.25,1.0
787354,59,2021-08-03,1.0,1,high,quartile_tails,0.25,1.0
788669,59,2021-08-03,0.125,0,baseline,quartile_tails,0.25,1.0
788827,59,2021-08-03,1.0,1,high,quartile_tails,0.25,1.0
789600,59,2021-08-03,0.25,0,baseline,quartile_tails,0.25,1.0
790270,59,2021-08-03,1.0,1,high,quartile_tails,0.25,1.0
790299,59,2021-08-03,1.0,1,high,quartile_tails,0.25,1.0
790564,59,2021-08-03,0.25,0,baseline,quartile_tails,0.25,1.0
790765,59,2021-08-03,0.20833333333333331,0,baseline,quartile_tails,0.25,1.0
790772,59,2021-08-03,1.0,1,high,quartile_tails,0.25,1.0
790861,59,2021-08-03,1.0,1,high,quartile_tails,0.25,1.0
792029,59,2021-08-03,1.0,1,high,quartile_tails,0.25,1.0
792165,59,2021-08-03,0.0,0,baseline,quartile_tails,0.25,1.0
792241,59,2021-08-03,0.25,0,baseline,quartile_tails,0.25,1.0
792335,59,2021-08-03,1.0,1,high,quartile_tails,0.25,1.0
793382,59,2021-08-03,1.0,1,high,quartile_tails,0.25,1.0
793740,59,2021-08-03,1.0,1,high,quartile_tails,0.25,1.0
793782,59,2021-08-03,0.25,0,baseline,quartile_tails,0.25,1.0
794032,59,2021-08-03,0.25,0,baseline,quartile_tails,0.25,1.0
794069,59,2021-08-03,0.0,0,baseline,quartile_tails,0.25,1.0
794630,59,2021-08-03,1.0,1,high,quartile_tails,0.25,1.0
794772,59,2021-08-03,1.0,1,high,quartile_tails,0.25,1.0
795940,59,2021-08-03,0.0,0,baseline,quartile_tails,0.25,1.0
797200,59,2021-08-03,1.0,1,high,quartile_tails,0.25,1.0
797506,59,2021-08-03,0.0,0,baseline,quartile_tails,0.25,1.0
797606,59,2021-08-03,1.0,1,high,quartile_tails,0.25,1.0
798695,59,2021-08-03,1.0,1,high,quartile_tails,0.25,1.0
798814,59,2021-08-03,0.25,0,baseline,quartile_tails,0.25,1.0
801208,59,2021-08-03,1.0,1,high,quartile_tails,0.25,1.0
801404,59,2021-08-03,1.0,1,high,quartile_tails,0.25,1.0
801876,59,2021-08-03,0.25,0,baseline,quartile_tails,0.25,1.0
801958,59,2021-08-03,0.25,0,baseline,quartile_tails,0.25,1.0
801970,59,2021-08-03,0.0,0,baseline,quartile_tails,0.25,1.0
803843,59,2021-08-03,0.0,0,baseline,quartile_tails,0.25,1.0
804105,59,2021-08-03,0.0,0,baseline,quartile_tails,0.25,1.0
805158,59,2021-08-03,1.0,1,high,quartile_tails,0.25,1.0
805789,59,2021-08-03,0.0,0,baseline,quartile_tails,0.25,1.0
806404,59,2021-08-03,0.25,0,baseline,quartile_tails,0.25,1.0
807786,59,2021-08-03,0.0,0,baseline,quartile_tails,0.25,1.0
807921,59,2021-08-03,1.0,1,high,quartile_tails,0.25,1.0
808216,59,2021-08-03,0.16666666666666666,0,baseline,quartile_tails,0.25,1.0
808489,59,2021-08-03,0.0,0,baseline,quartile_tails,0.25,1.0
809304,59,2021-08-03,0.25,0,baseline,quartile_tails,0.25,1.0
1311,124,2021-07-22,0.0,0,baseline,quartile_tails,0.25,1.0
1790,124,2021-07-22,1.0,1,high,quartile_tails,0.25,1.0
2849,124,2021-07-22,0.0,0,baseline,quartile_tails,0.25,1.0
2925,124,2021-07-22,1.0,1,high,quartile_tails,0.25,1.0
2979,124,2021-07-22,1.0,1,high,quartile_tails,0.25,1.0
4338,124,2021-07-22,0.16666666666666666,0,baseline,quartile_tails,0.25,1.0
4833,124,2021-07-22,1.0,1,high,quartile_tails,0.25,1.0
5321,124,2021-07-22,0.0,0,baseline,quartile_tails,0.25,1.0
5639,124,2021-07-22,0.0,0,baseline,quartile_tails,0.25,1.0
10804,124,2021-07-22,0.0,0,baseline,quartile_tails,0.25,1.0
10893,124,2021-07-22,1.0,1,high,quartile_tails,0.25,1.0
12970,124,2021-07-22,0.0,0,baseline,quartile_tails,0.25,1.0
12976,124,2021-07-22,1.0,1,high,quartile_tails,0.25,1.0
13967,124,2021-07-22,1.0,1,high,quartile_tails,0.25,1.0
14931,124,2021-07-22,1.0,1,high,quartile_tails,0.25,1.0
15951,124,2021-07-22,0.25,0,baseline,quartile_tails,0.25,1.0
16740,124,2021-07-22,1.0,1,high,quartile_tails,0.25,1.0
17809,124,2021-07-22,1.0,1,high,quartile_tails,0.25,1.0
18032,124,2021-07-22,1.0,1,high,quartile_tails,0.25,1.0
18463,124,2021-07-22,0.0,0,baseline,quartile_tails,0.25,1.0
20311,124,2021-07-22,0.0,0,baseline,quartile_tails,0.25,1.0
23442,124,2021-07-22,1.0,1,high,quartile_tails,0.25,1.0
23669,124,2021-07-22,1.0,1,high,quartile_tails,0.25,1.0
24511,124,2021-07-22,1.0,1,high,quartile_tails,0.25,1.0
24677,124,2021-07-22,1.0,1,high,quartile_tails,0.25,1.0
24860,124,2021-07-22,1.0,1,high,quartile_tails,0.25,1.0
25675,124,2021-07-22,1.0,1,high,quartile_tails,0.25,1.0
25716,124,2021-07-22,1.0,1,high,quartile_tails,0.25,1.0
27453,124,2021-07-22,0.2222222222222222,0,baseline,quartile_tails,0.25,1.0
27824,124,2021-07-22,0.0,0,baseline,quartile_tails,0.25,1.0
29101,124,2021-07-22,0.25,0,baseline,quartile_tails,0.25,1.0
30004,124,2021-07-22,1.0,1,high,quartile_tails,0.25,1.0
30095,124,2021-07-22,0.0,0,baseline,quartile_tails,0.25,1.0
30802,124,2021-07-22,0.0,0,baseline,quartile_tails,0.25,1.0
31003,124,2021-07-22,1.0,1,high,quartile_tails,0.25,1.0
31055,124,2021-07-22,1.0,1,high,quartile_tails,0.25,1.0
31595,124,2021-07-22,1.0,1,high,quartile_tails,0.25,1.0
32151,124,2021-07-22,1.0,1,high,quartile_tails,0.25,1.0
32914,124,2021-07-22,1.0,1,high,quartile_tails,0.25,1.0
35455,124,2021-07-22,0.125,0,baseline,quartile_tails,0.25,1.0
35897,124,2021-07-22,0.0,0,baseline,quartile_tails,0.25,1.0
35992,124,2021-07-22,1.0,1,high,quartile_tails,0.25,1.0
36343,124,2021-07-22,1.0,1,high,quartile_tails,0.25,1.0
36549,124,2021-07-22,1.0,1,high,quartile_tails,0.25,1.0
38122,124,2021-07-22,1.0,1,high,quartile_tails,0.25,1.0
38550,124,2021-07-22,1.0,1,high,quartile_tails,0.25,1.0
39242,124,2021-07-22,0.16666666666666666,0,baseline,quartile_tails,0.25,1.0
40025,124,2021-07-22,0.0,0,baseline,quartile_tails,0.25,1.0
41652,124,2021-07-22,1.0,1,high,quartile_tails,0.25,1.0
41735,124,2021-07-22,1.0,1,high,quartile_tails,0.25,1.0
41938,124,2021-07-22,1.0,1,high,quartile_tails,0.25,1.0
43066,124,2021-07-22,0.25,0,baseline,quartile_tails,0.25,1.0
43892,124,2021-07-22,1.0,1,high,quartile_tails,0.25,1.0
44980,124,2021-07-22,1.0,1,high,quartile_tails,0.25,1.0
46350,124,2021-07-22,0.25,0,baseline,quartile_tails,0.25,1.0
46677,124,2021-07-22,1.0,1,high,quartile_tails,0.25,1.0
47776,124,2021-07-22,1.0,1,high,quartile_tails,0.25,1.0
47843,124,2021-07-22,0.125,0,baseline,quartile_tails,0.25,1.0
49332,124,2021-07-22,1.0,1,high,quartile_tails,0.25,1.0
50686,124,2021-07-22,0.25,0,baseline,quartile_tails,0.25,1.0
52963,124,2021-07-22,0.0,0,baseline,quartile_tails,0.25,1.0
54170,124,2021-07-22,0.0,0,baseline,quartile_tails,0.25,1.0
54414,124,2021-07-22,0.0,0,baseline,quartile_tails,0.25,1.0
55447,124,2021-07-22,0.1875,0,baseline,quartile_tails,0.25,1.0
55923,124,2021-07-22,0.0,0,baseline,quartile_tails,0.25,1.0
56150,124,2021-07-22,0.0,0,baseline,quartile_tails,0.25,1.0
56397,124,2021-07-22,1.0,1,high,quartile_tails,0.25,1.0
56999,124,2021-07-22,1.0,1,high,quartile_tails,0.25,1.0
58412,124,2021-07-22,0.05,0,baseline,quartile_tails,0.25,1.0
59443,124,2021-07-22,1.0,1,high,quartile_tails,0.25,1.0
59987,124,2021-07-22,1.0,1,high,quartile_tails,0.25,1.0
61590,124,2021-07-22,1.0,1,high,quartile_tails,0.25,1.0
61856,124,2021-07-22,0.1875,0,baseline,quartile_tails,0.25,1.0
62445,124,2021-07-22,0.0,0,baseline,quartile_tails,0.25,1.0
63893,124,2021-07-22,1.0,1,high,quartile_tails,0.25,1.0
64124,124,2021-07-22,0.0,0,baseline,quartile_tails,0.25,1.0
64961,124,2021-07-22,1.0,1,high,quartile_tails,0.25,1.0
65031,124,2021-07-22,1.0,1,high,quartile_tails,0.25,1.0
67308,124,2021-07-22,1.0,1,high,quartile_tails,0.25,1.0
67423,124,2021-07-22,0.25,0,baseline,quartile_tails,0.25,1.0
68858,124,2021-07-22,0.125,0,baseline,quartile_tails,0.25,1.0
69914,124,2021-07-22,1.0,1,high,quartile_tails,0.25,1.0
70261,124,2021-07-22,1.0,1,high,quartile_tails,0.25,1.0
70695,124,2021-07-22,1.0,1,high,quartile_tails,0.25,1.0
71801,124,2021-07-22,1.0,1,high,quartile_tails,0.25,1.0
72938,124,2021-07-22,0.16666666666666666,0,baseline,quartile_tails,0.25,1.0
74295,124,2021-07-22,1.0,1,high,quartile_tails,0.25,1.0
76093,124,2021-07-22,0.0,0,baseline,quartile_tails,0.25,1.0
79496,124,2021-07-22,1.0,1,high,quartile_tails,0.25,1.0
80616,124,2021-07-22,1.0,1,high,quartile_tails,0.25,1.0
83121,124,2021-07-22,1.0,1,high,quartile_tails,0.25,1.0
83995,124,2021-07-22,0.0,0,baseline,quartile_tails,0.25,1.0
85838,124,2021-07-22,1.0,1,high,quartile_tails,0.25,1.0
88967,124,2021-07-22,1.0,1,high,quartile_tails,0.25,1.0
89603,124,2021-07-22,1.0,1,high,quartile_tails,0.25,1.0
90282,124,2021-07-22,0.0,0,baseline,quartile_tails,0.25,1.0
90326,124,2021-07-22,1.0,1,high,quartile_tails,0.25,1.0
90799,124,2021-07-22,0.0,0,baseline,quartile_tails,0.25,1.0
90849,124,2021-07-22,1.0,1,high,quartile_tails,0.25,1.0
91729,124,2021-07-22,1.0,1,high,quartile_tails,0.25,1.0
92409,124,2021-07-22,0.20833333333333331,0,baseline,quartile_tails,0.25,1.0
92425,124,2021-07-22,0.0,0,baseline,quartile_tails,0.25,1.0
94336,124,2021-07-22,0.0,0,baseline,quartile_tails,0.25,1.0
94421,124,2021-07-22,1.0,1,high,quartile_tails,0.25,1.0
95634,124,2021-07-22,0.0,0,baseline,quartile_tails,0.25,1.0
96263,124,2021-07-22,1.0,1,high,quartile_tails,0.25,1.0
96290,124,2021-07-22,1.0,1,high,quartile_tails,0.25,1.0
97065,124,2021-07-22,1.0,1,high,quartile_tails,0.25,1.0
97653,124,2021-07-22,1.0,1,high,quartile_tails,0.25,1.0
98271,124,2021-07-22,1.0,1,high,quartile_tails,0.25,1.0
98404,124,2021-07-22,1.0,1,high,quartile_tails,0.25,1.0
98569,124,2021-07-22,0.0,0,baseline,quartile_tails,0.25,1.0
99652,124,2021-07-22,1.0,1,high,quartile_tails,0.25,1.0
102334,124,2021-07-22,1.0,1,high,quartile_tails,0.25,1.0
102845,124,2021-07-22,1.0,1,high,quartile_tails,0.25,1.0
103407,124,2021-07-22,1.0,1,high,quartile_tails,0.25,1.0
104121,124,2021-07-22,1.0,1,high,quartile_tails,0.25,1.0
104771,124,2021-07-22,1.0,1,high,quartile_tails,0.25,1.0
106863,124,2021-07-22,0.16666666666666666,0,baseline,quartile_tails,0.25,1.0
108332,124,2021-07-22,0.125,0,baseline,quartile_tails,0.25,1.0
108532,124,2021-07-22,0.25,0,baseline,quartile_tails,0.25,1.0
108728,124,2021-07-22,1.0,1,high,quartile_tails,0.25,1.0
109048,124,2021-07-22,1.0,1,high,quartile_tails,0.25,1.0
109878,124,2021-07-22,1.0,1,high,quartile_tails,0.25,1.0
110414,124,2021-07-22,1.0,1,high,quartile_tails,0.25,1.0
110884,124,2021-07-22,1.0,1,high,quartile_tails,0.25,1.0
111394,124,2021-07-22,0.0,0,baseline,quartile_tails,0.25,1.0
111571,124,2021-07-22,1.0,1,high,quartile_tails,0.25,1.0
111684,124,2021-07-22,0.0,0,baseline,quartile_tails,0.25,1.0
112185,124,2021-07-22,1.0,1,high,quartile_tails,0.25,1.0
112961,124,2021-07-22,0.1111111111111111,0,baseline,quartile_tails,0.25,1.0
112992,124,2021-07-22,0.0,0,baseline,quartile_tails,0.25,1.0
113310,124,2021-07-22,1.0,1,high,quartile_tails,0.25,1.0
113846,124,2021-07-22,0.0,0,baseline,quartile_tails,0.25,1.0
114651,124,2021-07-22,0.0,0,baseline,quartile_tails,0.25,1.0
115878,124,2021-07-22,0.2333333333333333,0,baseline,quartile_tails,0.25,1.0
118377,124,2021-07-22,1.0,1,high,quartile_tails,0.25,1.0
118660,124,2021-07-22,1.0,1,high,quartile_tails,0.25,1.0
121505,124,2021-07-22,0.16666666666666666,0,baseline,quartile_tails,0.25,1.0
122018,124,2021-07-22,0.0,0,baseline,quartile_tails,0.25,1.0
122308,124,2021-07-22,1.0,1,high,quartile_tails,0.25,1.0
124827,124,2021-07-22,0.0,0,baseline,quartile_tails,0.25,1.0
124926,124,2021-07-22,0.0,0,baseline,quartile_tails,0.25,1.0
125295,124,2021-07-22,1.0,1,high,quartile_tails,0.25,1.0
126614,124,2021-07-22,1.0,1,high,quartile_tails,0.25,1.0
127646,124,2021-07-22,1.0,1,high,quartile_tails,0.25,1.0
127808,124,2021-07-22,1.0,1,high,quartile_tails,0.25,1.0
127955,124,2021-07-22,1.0,1,high,quartile_tails,0.25,1.0
128266,124,2021-07-22,0.0,0,baseline,quartile_tails,0.25,1.0
128289,124,2021-07-22,1.0,1,high,quartile_tails,0.25,1.0
129764,124,2021-07-22,0.25,0,baseline,quartile_tails,0.25,1.0
131854,124,2021-07-22,1.0,1,high,quartile_tails,0.25,1.0
131978,124,2021-07-22,1.0,1,high,quartile_tails,0.25,1.0
135190,124,2021-07-22,0.0,0,baseline,quartile_tails,0.25,1.0
136490,124,2021-07-22,1.0,1,high,quartile_tails,0.25,1.0
137200,124,2021-07-22,0.25,0,baseline,quartile_tails,0.25,1.0
137825,124,2021-07-22,1.0,1,high,quartile_tails,0.25,1.0
137879,124,2021-07-22,0.14583333333333331,0,baseline,quartile_tails,0.25,1.0
139352,124,2021-07-22,1.0,1,high,quartile_tails,0.25,1.0
139843,124,2021-07-22,0.0,0,baseline,quartile_tails,0.25,1.0
140710,124,2021-07-22,1.0,1,high,quartile_tails,0.25,1.0
141622,124,2021-07-22,0.0,0,baseline,quartile_tails,0.25,1.0
142770,124,2021-07-22,0.25,0,baseline,quartile_tails,0.25,1.0
143924,124,2021-07-22,1.0,1,high,quartile_tails,0.25,1.0
143997,124,2021-07-22,0.25,0,baseline,quartile_tails,0.25,1.0
144050,124,2021-07-22,0.0,0,baseline,quartile_tails,0.25,1.0
145390,124,2021-07-22,1.0,1,high,quartile_tails,0.25,1.0
146145,124,2021-07-22,1.0,1,high,quartile_tails,0.25,1.0
146516,124,2021-07-22,1.0,1,high,quartile_tails,0.25,1.0
147122,124,2021-07-22,1.0,1,high,quartile_tails,0.25,1.0
147455,124,2021-07-22,1.0,1,high,quartile_tails,0.25,1.0
148641,124,2021-07-22,1.0,1,high,quartile_tails,0.25,1.0
151840,124,2021-07-22,1.0,1,high,quartile_tails,0.25,1.0
152883,124,2021-07-22,0.1111111111111111,0,baseline,quartile_tails,0.25,1.0
153442,124,2021-07-22,0.0,0,baseline,quartile_tails,0.25,1.0
156042,124,2021-07-22,1.0,1,high,quartile_tails,0.25,1.0
158057,124,2021-07-22,0.25,0,baseline,quartile_tails,0.25,1.0
159422,124,2021-07-22,1.0,1,high,quartile_tails,0.25,1.0
160104,124,2021-07-22,1.0,1,high,quartile_tails,0.25,1.0
161026,124,2021-07-22,0.25,0,baseline,quartile_tails,0.25,1.0
161092,124,2021-07-22,1.0,1,high,quartile_tails,0.25,1.0
163150,124,2021-07-22,0.0,0,baseline,quartile_tails,0.25,1.0
163166,124,2021-07-22,0.0,0,baseline,quartile_tails,0.25,1.0
163728,124,2021-07-22,0.0,0,baseline,quartile_tails,0.25,1.0
165578,124,2021-07-22,1.0,1,high,quartile_tails,0.25,1.0
165729,124,2021-07-22,1.0,1,high,quartile_tails,0.25,1.0
166326,124,2021-07-22,1.0,1,high,quartile_tails,0.25,1.0
166511,124,2021-07-22,1.0,1,high,quartile_tails,0.25,1.0
166826,124,2021-07-22,1.0,1,high,quartile_tails,0.25,1.0
167518,124,2021-07-22,1.0,1,high,quartile_tails,0.25,1.0
167899,124,2021-07-22,1.0,1,high,quartile_tails,0.25,1.0
168283,124,2021-07-22,1.0,1,high,quartile_tails,0.25,1.0
168968,124,2021-07-22,1.0,1,high,quartile_tails,0.25,1.0
170158,124,2021-07-22,0.0,0,baseline,quartile_tails,0.25,1.0
171117,124,2021-07-22,0.25,0,baseline,quartile_tails,0.25,1.0
171468,124,2021-07-22,1.0,1,high,quartile_tails,0.25,1.0
173164,124,2021-07-22,1.0,1,high,quartile_tails,0.25,1.0
173641,124,2021-07-22,1.0,1,high,quartile_tails,0.25,1.0
174839,124,2021-07-22,0.20833333333333331,0,baseline,quartile_tails,0.25,1.0
175051,124,2021-07-22,1.0,1,high,quartile_tails,0.25,1.0
175122,124,2021-07-22,1.0,1,high,quartile_tails,0.25,1.0
175212,124,2021-07-22,0.16666666666666666,0,baseline,quartile_tails,0.25,1.0
175716,124,2021-07-22,1.0,1,high,quartile_tails,0.25,1.0
176615,124,2021-07-22,0.125,0,baseline,quartile_tails,0.25,1.0
176638,124,2021-07-22,0.0,0,baseline,quartile_tails,0.25,1.0
177724,124,2021-07-22,0.0,0,baseline,quartile_tails,0.25,1.0
177932,124,2021-07-22,0.0,0,baseline,quartile_tails,0.25,1.0
177993,124,2021-07-22,1.0,1,high,quartile_tails,0.25,1.0
179060,124,2021-07-22,1.0,1,high,quartile_tails,0.25,1.0
179703,124,2021-07-22,1.0,1,high,quartile_tails,0.25,1.0
181114,124,2021-07-22,0.25,0,baseline,quartile_tails,0.25,1.0
182478,124,2021-07-22,1.0,1,high,quartile_tails,0.25,1.0
182862,124,2021-07-22,0.0,0,baseline,quartile_tails,0.25,1.0
182964,124,2021-07-22,1.0,1,high,quartile_tails,0.25,1.0
184086,124,2021-07-22,0.0,0,baseline,quartile_tails,0.25,1.0
184945,124,2021-07-22,1.0,1,high,quartile_tails,0.25,1.0
185835,124,2021-07-22,1.0,1,high,quartile_tails,0.25,1.0
186994,124,2021-07-22,0.0,0,baseline,quartile_tails,0.25,1.0
187199,124,2021-07-22,1.0,1,high,quartile_tails,0.25,1.0
187871,124,2021-07-22,1.0,1,high,quartile_tails,0.25,1.0
188150,124,2021-07-22,1.0,1,high,quartile_tails,0.25,1.0
188781,124,2021-07-22,0.0,0,baseline,quartile_tails,0.25,1.0
190635,124,2021-07-22,0.0,0,baseline,quartile_tails,0.25,1.0
191203,124,2021-07-22,0.08333333333333333,0,baseline,quartile_tails,0.25,1.0
191263,124,2021-07-22,1.0,1,high,quartile_tails,0.25,1.0
191703,124,2021-07-22,0.25,0,baseline,quartile_tails,0.25,1.0
192389,124,2021-07-22,1.0,1,high,quartile_tails,0.25,1.0
193608,124,2021-07-22,0.25,0,baseline,quartile_tails,0.25,1.0
196441,124,2021-07-22,0.16666666666666666,0,baseline,quartile_tails,0.25,1.0
198061,124,2021-07-22,0.0,0,baseline,quartile_tails,0.25,1.0
198560,124,2021-07-22,1.0,1,high,quartile_tails,0.25,1.0
198652,124,2021-07-22,1.0,1,high,quartile_tails,0.25,1.0
200165,124,2021-07-22,1.0,1,high,quartile_tails,0.25,1.0
200875,124,2021-07-22,1.0,1,high,quartile_tails,0.25,1.0
203002,124,2021-07-22,1.0,1,high,quartile_tails,0.25,1.0
203694,124,2021-07-22,1.0,1,high,quartile_tails,0.25,1.0
203899,124,2021-07-22,0.0,0,baseline,quartile_tails,0.25,1.0
204390,124,2021-07-22,0.19999999999999998,0,baseline,quartile_tails,0.25,1.0
204402,124,2021-07-22,0.16666666666666666,0,baseline,quartile_tails,0.25,1.0
204427,124,2021-07-22,1.0,1,high,quartile_tails,0.25,1.0
205117,124,2021-07-22,1.0,1,high,quartile_tails,0.25,1.0
205124,124,2021-07-22,1.0,1,high,quartile_tails,0.25,1.0
208157,124,2021-07-22,0.0,0,baseline,quartile_tails,0.25,1.0
209990,124,2021-07-22,1.0,1,high,quartile_tails,0.25,1.0
210858,124,2021-07-22,1.0,1,high,quartile_tails,0.25,1.0
212075,124,2021-07-22,0.0,0,baseline,quartile_tails,0.25,1.0
212104,124,2021-07-22,0.25,0,baseline,quartile_tails,0.25,1.0
213130,124,2021-07-22,1.0,1,high,quartile_tails,0.25,1.0
213364,124,2021-07-22,1.0,1,high,quartile_tails,0.25,1.0
215012,124,2021-07-22,0.0,0,baseline,quartile_tails,0.25,1.0
217117,124,2021-07-22,1.0,1,high,quartile_tails,0.25,1.0
217670,124,2021-07-22,0.24384469696969696,0,baseline,quartile_tails,0.25,1.0
218076,124,2021-07-22,1.0,1,high,quartile_tails,0.25,1.0
218412,124,2021-07-22,1.0,1,high,quartile_tails,0.25,1.0
218661,124,2021-07-22,1.0,1,high,quartile_tails,0.25,1.0
219291,124,2021-07-22,1.0,1,high,quartile_tails,0.25,1.0
219418,124,2021-07-22,0.0625,0,baseline,quartile_tails,0.25,1.0
219595,124,2021-07-22,0.23333333333333334,0,baseline,quartile_tails,0.25,1.0
219933,124,2021-07-22,1.0,1,high,quartile_tails,0.25,1.0
220101,124,2021-07-22,0.0,0,baseline,quartile_tails,0.25,1.0
220175,124,2021-07-22,0.0,0,baseline,quartile_tails,0.25,1.0
222065,124,2021-07-22,1.0,1,high,quartile_tails,0.25,1.0
223165,124,2021-07-22,1.0,1,high,quartile_tails,0.25,1.0
224456,124,2021-07-22,0.0,0,baseline,quartile_tails,0.25,1.0
224623,124,2021-07-22,1.0,1,high,quartile_tails,0.25,1.0
225011,124,2021-07-22,0.0,0,baseline,quartile_tails,0.25,1.0
225586,124,2021-07-22,1.0,1,high,quartile_tails,0.25,1.0
226213,124,2021-07-22,0.16666666666666666,0,baseline,quartile_tails,0.25,1.0
226663,124,2021-07-22,1.0,1,high,quartile_tails,0.25,1.0
228191,124,2021-07-22,1.0,1,high,quartile_tails,0.25,1.0
228989,124,2021-07-22,0.0,0,baseline,quartile_tails,0.25,1.0
229134,124,2021-07-22,1.0,1,high,quartile_tails,0.25,1.0
229868,124,2021-07-22,0.1875,0,baseline,quartile_tails,0.25,1.0
232636,124,2021-07-22,1.0,1,high,quartile_tails,0.25,1.0
236583,124,2021-07-22,0.16666666666666666,0,baseline,quartile_tails,0.25,1.0
239046,124,2021-07-22,1.0,1,high,quartile_tails,0.25,1.0
240420,124,2021-07-22,0.0,0,baseline,quartile_tails,0.25,1.0
241035,124,2021-07-22,1.0,1,high,quartile_tails,0.25,1.0
242644,124,2021-07-22,1.0,1,high,quartile_tails,0.25,1.0
243875,124,2021-07-22,0.0,0,baseline,quartile_tails,0.25,1.0
244538,124,2021-07-22,0.20833333333333331,0,baseline,quartile_tails,0.25,1.0
244970,124,2021-07-22,1.0,1,high,quartile_tails,0.25,1.0
245045,124,2021-07-22,0.0,0,baseline,quartile_tails,0.25,1.0
245942,124,2021-07-22,0.0,0,baseline,quartile_tails,0.25,1.0
246777,124,2021-07-22,1.0,1,high,quartile_tails,0.25,1.0
251267,124,2021-07-22,1.0,1,high,quartile_tails,0.25,1.0
251920,124,2021-07-22,0.0,0,baseline,quartile_tails,0.25,1.0
253907,124,2021-07-22,0.0,0,baseline,quartile_tails,0.25,1.0
254344,124,2021-07-22,1.0,1,high,quartile_tails,0.25,1.0
255324,124,2021-07-22,0.0,0,baseline,quartile_tails,0.25,1.0
255346,124,2021-07-22,1.0,1,high,quartile_tails,0.25,1.0
256423,124,2021-07-22,1.0,1,high,quartile_tails,0.25,1.0
258147,124,2021-07-22,0.0,0,baseline,quartile_tails,0.25,1.0
258261,124,2021-07-22,0.1111111111111111,0,baseline,quartile_tails,0.25,1.0
258381,124,2021-07-22,1.0,1,high,quartile_tails,0.25,1.0
259843,124,2021-07-22,1.0,1,high,quartile_tails,0.25,1.0
260098,124,2021-07-22,1.0,1,high,quartile_tails,0.25,1.0
260714,124,2021-07-22,1.0,1,high,quartile_tails,0.25,1.0
261339,124,2021-07-22,1.0,1,high,quartile_tails,0.25,1.0
261531,124,2021-07-22,0.125,0,baseline,quartile_tails,0.25,1.0
262023,124,2021-07-22,1.0,1,high,quartile_tails,0.25,1.0
262216,124,2021-07-22,0.0,0,baseline,quartile_tails,0.25,1.0
262233,124,2021-07-22,0.19047619047619047,0,baseline,quartile_tails,0.25,1.0
263328,124,2021-07-22,0.1125,0,baseline,quartile_tails,0.25,1.0
264683,124,2021-07-22,1.0,1,high,quartile_tails,0.25,1.0
264923,124,2021-07-22,0.0,0,baseline,quartile_tails,0.25,1.0
265508,124,2021-07-22,1.0,1,high,quartile_tails,0.25,1.0
265832,124,2021-07-22,1.0,1,high,quartile_tails,0.25,1.0
266028,124,2021-07-22,1.0,1,high,quartile_tails,0.25,1.0
266582,124,2021-07-22,0.0,0,baseline,quartile_tails,0.25,1.0
267579,124,2021-07-22,0.2222222222222222,0,baseline,quartile_tails,0.25,1.0
269244,124,2021-07-22,1.0,1,high,quartile_tails,0.25,1.0
269696,124,2021-07-22,0.06666666666666667,0,baseline,quartile_tails,0.25,1.0
270321,124,2021-07-22,1.0,1,high,quartile_tails,0.25,1.0
271166,124,2021-07-22,1.0,1,high,quartile_tails,0.25,1.0
272097,124,2021-07-22,0.16666666666666666,0,baseline,quartile_tails,0.25,1.0
272178,124,2021-07-22,0.16666666666666666,0,baseline,quartile_tails,0.25,1.0
272960,124,2021-07-22,0.0625,0,baseline,quartile_tails,0.25,1.0
272970,124,2021-07-22,1.0,1,high,quartile_tails,0.25,1.0
273335,124,2021-07-22,0.0,0,baseline,quartile_tails,0.25,1.0
273348,124,2021-07-22,1.0,1,high,quartile_tails,0.25,1.0
274266,124,2021-07-22,1.0,1,high,quartile_tails,0.25,1.0
274645,124,2021-07-22,0.25,0,baseline,quartile_tails,0.25,1.0
277334,124,2021-07-22,0.0,0,baseline,quartile_tails,0.25,1.0
277350,124,2021-07-22,1.0,1,high,quartile_tails,0.25,1.0
277414,124,2021-07-22,1.0,1,high,quartile_tails,0.25,1.0
279860,124,2021-07-22,1.0,1,high,quartile_tails,0.25,1.0
281623,124,2021-07-22,0.20833333333333331,0,baseline,quartile_tails,0.25,1.0
283108,124,2021-07-22,1.0,1,high,quartile_tails,0.25,1.0
283148,124,2021-07-22,1.0,1,high,quartile_tails,0.25,1.0
283566,124,2021-07-22,1.0,1,high,quartile_tails,0.25,1.0
283614,124,2021-07-22,1.0,1,high,quartile_tails,0.25,1.0
284838,124,2021-07-22,0.0,0,baseline,quartile_tails,0.25,1.0
286736,124,2021-07-22,0.25,0,baseline,quartile_tails,0.25,1.0
288202,124,2021-07-22,1.0,1,high,quartile_tails,0.25,1.0
288592,124,2021-07-22,1.0,1,high,quartile_tails,0.25,1.0
289202,124,2021-07-22,1.0,1,high,quartile_tails,0.25,1.0
290366,124,2021-07-22,0.0,0,baseline,quartile_tails,0.25,1.0
291019,124,2021-07-22,0.16666666666666666,0,baseline,quartile_tails,0.25,1.0
292778,124,2021-07-22,0.0,0,baseline,quartile_tails,0.25,1.0
296879,124,2021-07-22,1.0,1,high,quartile_tails,0.25,1.0
297099,124,2021-07-22,0.0,0,baseline,quartile_tails,0.25,1.0
298174,124,2021-07-22,0.0,0,baseline,quartile_tails,0.25,1.0
298600,124,2021-07-22,0.23958333333333331,0,baseline,quartile_tails,0.25,1.0
298679,124,2021-07-22,0.20833333333333331,0,baseline,quartile_tails,0.25,1.0
300010,124,2021-07-22,0.0,0,baseline,quartile_tails,0.25,1.0
300067,124,2021-07-22,0.25,0,baseline,quartile_tails,0.25,1.0
300592,124,2021-07-22,1.0,1,high,quartile_tails,0.25,1.0
302737,124,2021-07-22,0.0,0,baseline,quartile_tails,0.25,1.0
303111,124,2021-07-22,0.0,0,baseline,quartile_tails,0.25,1.0
303816,124,2021-07-22,0.125,0,baseline,quartile_tails,0.25,1.0
305777,124,2021-07-22,0.0,0,baseline,quartile_tails,0.25,1.0
306848,124,2021-07-22,1.0,1,high,quartile_tails,0.25,1.0
307504,124,2021-07-22,1.0,1,high,quartile_tails,0.25,1.0
307605,124,2021-07-22,0.25,0,baseline,quartile_tails,0.25,1.0
308234,124,2021-07-22,0.16666666666666666,0,baseline,quartile_tails,0.25,1.0
308973,124,2021-07-22,0.0,0,baseline,quartile_tails,0.25,1.0
309652,124,2021-07-22,1.0,1,high,quartile_tails,0.25,1.0
310297,124,2021-07-22,0.0,0,baseline,quartile_tails,0.25,1.0
311766,124,2021-07-22,1.0,1,high,quartile_tails,0.25,1.0
311842,124,2021-07-22,0.0,0,baseline,quartile_tails,0.25,1.0
313940,124,2021-07-22,1.0,1,high,quartile_tails,0.25,1.0
314888,124,2021-07-22,1.0,1,high,quartile_tails,0.25,1.0
315651,124,2021-07-22,1.0,1,high,quartile_tails,0.25,1.0
315714,124,2021-07-22,1.0,1,high,quartile_tails,0.25,1.0
318160,124,2021-07-22,1.0,1,high,quartile_tails,0.25,1.0
318696,124,2021-07-22,0.25,0,baseline,quartile_tails,0.25,1.0
319449,124,2021-07-22,1.0,1,high,quartile_tails,0.25,1.0
319758,124,2021-07-22,0.16666666666666666,0,baseline,quartile_tails,0.25,1.0
319799,124,2021-07-22,1.0,1,high,quartile_tails,0.25,1.0
321811,124,2021-07-22,0.0,0,baseline,quartile_tails,0.25,1.0
322484,124,2021-07-22,1.0,1,high,quartile_tails,0.25,1.0
322531,124,2021-07-22,1.0,1,high,quartile_tails,0.25,1.0
324364,124,2021-07-22,1.0,1,high,quartile_tails,0.25,1.0
324412,124,2021-07-22,1.0,1,high,quartile_tails,0.25,1.0
325495,124,2021-07-22,0.16666666666666666,0,baseline,quartile_tails,0.25,1.0
326171,124,2021-07-22,0.16666666666666666,0,baseline,quartile_tails,0.25,1.0
326885,124,2021-07-22,0.16666666666666666,0,baseline,quartile_tails,0.25,1.0
326909,124,2021-07-22,0.25,0,baseline,quartile_tails,0.25,1.0
327446,124,2021-07-22,0.16666666666666666,0,baseline,quartile_tails,0.25,1.0
328703,124,2021-07-22,1.0,1,high,quartile_tails,0.25,1.0
329811,124,2021-07-22,0.24583333333333335,0,baseline,quartile_tails,0.25,1.0
330649,124,2021-07-22,0.0,0,baseline,quartile_tails,0.25,1.0
331348,124,2021-07-22,1.0,1,high,quartile_tails,0.25,1.0
331851,124,2021-07-22,0.16666666666666666,0,baseline,quartile_tails,0.25,1.0
332194,124,2021-07-22,1.0,1,high,quartile_tails,0.25,1.0
333078,124,2021-07-22,1.0,1,high,quartile_tails,0.25,1.0
333234,124,2021-07-22,0.0,0,baseline,quartile_tails,0.25,1.0
334641,124,2021-07-22,1.0,1,high,quartile_tails,0.25,1.0
335026,124,2021-07-22,1.0,1,high,quartile_tails,0.25,1.0
335665,124,2021-07-22,0.25,0,baseline,quartile_tails,0.25,1.0
335741,124,2021-07-22,1.0,1,high,quartile_tails,0.25,1.0
336737,124,2021-07-22,0.08333333333333333,0,baseline,quartile_tails,0.25,1.0
337504,124,2021-07-22,1.0,1,high,quartile_tails,0.25,1.0
338658,124,2021-07-22,0.06666666666666667,0,baseline,quartile_tails,0.25,1.0
339894,124,2021-07-22,1.0,1,high,quartile_tails,0.25,1.0
340609,124,2021-07-22,0.125,0,baseline,quartile_tails,0.25,1.0
341912,124,2021-07-22,1.0,1,high,quartile_tails,0.25,1.0
342911,124,2021-07-22,1.0,1,high,quartile_tails,0.25,1.0
343580,124,2021-07-22,1.0,1,high,quartile_tails,0.25,1.0
343868,124,2021-07-22,1.0,1,high,quartile_tails,0.25,1.0
343925,124,2021-07-22,1.0,1,high,quartile_tails,0.25,1.0
345474,124,2021-07-22,1.0,1,high,quartile_tails,0.25,1.0
345570,124,2021-07-22,0.1988095238095238,0,baseline,quartile_tails,0.25,1.0
346253,124,2021-07-22,0.0,0,baseline,quartile_tails,0.25,1.0
346450,124,2021-07-22,0.0,0,baseline,quartile_tails,0.25,1.0
347442,124,2021-07-22,0.25,0,baseline,quartile_tails,0.25,1.0
348789,124,2021-07-22,0.20833333333333331,0,baseline,quartile_tails,0.25,1.0
350680,124,2021-07-22,0.0,0,baseline,quartile_tails,0.25,1.0
351188,124,2021-07-22,1.0,1,high,quartile_tails,0.25,1.0
351427,124,2021-07-22,0.0,0,baseline,quartile_tails,0.25,1.0
351676,124,2021-07-22,0.16666666666666666,0,baseline,quartile_tails,0.25,1.0
354052,124,2021-07-22,1.0,1,high,quartile_tails,0.25,1.0
354283,124,2021-07-22,1.0,1,high,quartile_tails,0.25,1.0
356904,124,2021-07-22,1.0,1,high,quartile_tails,0.25,1.0
356921,124,2021-07-22,1.0,1,high,quartile_tails,0.25,1.0
356956,124,2021-07-22,0.0,0,baseline,quartile_tails,0.25,1.0
357489,124,2021-07-22,0.0,0,baseline,quartile_tails,0.25,1.0
360103,124,2021-07-22,0.125,0,baseline,quartile_tails,0.25,1.0
360167,124,2021-07-22,0.1111111111111111,0,baseline,quartile_tails,0.25,1.0
360764,124,2021-07-22,1.0,1,high,quartile_tails,0.25,1.0
362320,124,2021-07-22,1.0,1,high,quartile_tails,0.25,1.0
363134,124,2021-07-22,0.21428571428571427,0,baseline,quartile_tails,0.25,1.0
363461,124,2021-07-22,1.0,1,high,quartile_tails,0.25,1.0
363847,124,2021-07-22,0.0,0,baseline,quartile_tails,0.25,1.0
364397,124,2021-07-22,1.0,1,high,quartile_tails,0.25,1.0
364845,124,2021-07-22,1.0,1,high,quartile_tails,0.25,1.0
365912,124,2021-07-22,1.0,1,high,quartile_tails,0.25,1.0
366755,124,2021-07-22,1.0,1,high,quartile_tails,0.25,1.0
370834,124,2021-07-22,1.0,1,high,quartile_tails,0.25,1.0
370890,124,2021-07-22,1.0,1,high,quartile_tails,0.25,1.0
371897,124,2021-07-22,0.25,0,baseline,quartile_tails,0.25,1.0
371918,124,2021-07-22,0.0,0,baseline,quartile_tails,0.25,1.0
373176,124,2021-07-22,0.0,0,baseline,quartile_tails,0.25,1.0
375042,124,2021-07-22,0.225,0,baseline,quartile_tails,0.25,1.0
375108,124,2021-07-22,1.0,1,high,quartile_tails,0.25,1.0
375441,124,2021-07-22,1.0,1,high,quartile_tails,0.25,1.0
375800,124,2021-07-22,1.0,1,high,quartile_tails,0.25,1.0
376540,124,2021-07-22,0.16964285714285715,0,baseline,quartile_tails,0.25,1.0
376676,124,2021-07-22,1.0,1,high,quartile_tails,0.25,1.0
378404,124,2021-07-22,1.0,1,high,quartile_tails,0.25,1.0
378455,124,2021-07-22,0.0,0,baseline,quartile_tails,0.25,1.0
382171,124,2021-07-22,0.0,0,baseline,quartile_tails,0.25,1.0
382613,124,2021-07-22,1.0,1,high,quartile_tails,0.25,1.0
383059,124,2021-07-22,1.0,1,high,quartile_tails,0.25,1.0
384256,124,2021-07-22,1.0,1,high,quartile_tails,0.25,1.0
384844,124,2021-07-22,1.0,1,high,quartile_tails,0.25,1.0
386423,124,2021-07-22,1.0,1,high,quartile_tails,0.25,1.0
389735,124,2021-07-22,1.0,1,high,quartile_tails,0.25,1.0
390139,124,2021-07-22,1.0,1,high,quartile_tails,0.25,1.0
390370,124,2021-07-22,0.0,0,baseline,quartile_tails,0.25,1.0
394115,124,2021-07-22,1.0,1,high,quartile_tails,0.25,1.0
394220,124,2021-07-22,0.25,0,baseline,quartile_tails,0.25,1.0
394439,124,2021-07-22,1.0,1,high,quartile_tails,0.25,1.0
395543,124,2021-07-22,0.0,0,baseline,quartile_tails,0.25,1.0
397934,124,2021-07-22,1.0,1,high,quartile_tails,0.25,1.0
398456,124,2021-07-22,0.0,0,baseline,quartile_tails,0.25,1.0
399218,124,2021-07-22,0.0,0,baseline,quartile_tails,0.25,1.0
399586,124,2021-07-22,0.0,0,baseline,quartile_tails,0.25,1.0
401368,124,2021-07-22,1.0,1,high,quartile_tails,0.25,1.0
402055,124,2021-07-22,1.0,1,high,quartile_tails,0.25,1.0
402102,124,2021-07-22,0.16666666666666666,0,baseline,quartile_tails,0.25,1.0
402199,124,2021-07-22,1.0,1,high,quartile_tails,0.25,1.0
402794,124,2021-07-22,1.0,1,high,quartile_tails,0.25,1.0
402797,124,2021-07-22,1.0,1,high,quartile_tails,0.25,1.0
405146,124,2021-07-22,0.0,0,baseline,quartile_tails,0.25,1.0
405841,124,2021-07-22,0.25,0,baseline,quartile_tails,0.25,1.0
406418,124,2021-07-22,1.0,1,high,quartile_tails,0.25,1.0
406474,124,2021-07-22,1.0,1,high,quartile_tails,0.25,1.0
406574,124,2021-07-22,1.0,1,high,quartile_tails,0.25,1.0
408273,124,2021-07-22,0.0,0,baseline,quartile_tails,0.25,1.0
409327,124,2021-07-22,0.20833333333333331,0,baseline,quartile_tails,0.25,1.0
410072,124,2021-07-22,1.0,1,high,quartile_tails,0.25,1.0
410638,124,2021-07-22,1.0,1,high,quartile_tails,0.25,1.0
410967,124,2021-07-22,1.0,1,high,quartile_tails,0.25,1.0
411098,124,2021-07-22,1.0,1,high,quartile_tails,0.25,1.0
411440,124,2021-07-22,1.0,1,high,quartile_tails,0.25,1.0
412147,124,2021-07-22,1.0,1,high,quartile_tails,0.25,1.0
412469,124,2021-07-22,1.0,1,high,quartile_tails,0.25,1.0
414273,124,2021-07-22,0.0,0,baseline,quartile_tails,0.25,1.0
414815,124,2021-07-22,0.0,0,baseline,quartile_tails,0.25,1.0
415282,124,2021-07-22,1.0,1,high,quartile_tails,0.25,1.0
418184,124,2021-07-22,1.0,1,high,quartile_tails,0.25,1.0
418784,124,2021-07-22,0.125,0,baseline,quartile_tails,0.25,1.0
419437,124,2021-07-22,0.16666666666666666,0,baseline,quartile_tails,0.25,1.0
419793,124,2021-07-22,1.0,1,high,quartile_tails,0.25,1.0
421523,124,2021-07-22,1.0,1,high,quartile_tails,0.25,1.0
421589,124,2021-07-22,0.25,0,baseline,quartile_tails,0.25,1.0
422989,124,2021-07-22,0.0,0,baseline,quartile_tails,0.25,1.0
423025,124,2021-07-22,1.0,1,high,quartile_tails,0.25,1.0
423068,124,2021-07-22,1.0,1,high,quartile_tails,0.25,1.0
423104,124,2021-07-22,1.0,1,high,quartile_tails,0.25,1.0
423422,124,2021-07-22,1.0,1,high,quartile_tails,0.25,1.0
423442,124,2021-07-22,0.25,0,baseline,quartile_tails,0.25,1.0
424135,124,2021-07-22,0.25,0,baseline,quartile_tails,0.25,1.0
424867,124,2021-07-22,1.0,1,high,quartile_tails,0.25,1.0
425319,124,2021-07-22,1.0,1,high,quartile_tails,0.25,1.0
425331,124,2021-07-22,0.25,0,baseline,quartile_tails,0.25,1.0
426455,124,2021-07-22,0.0,0,baseline,quartile_tails,0.25,1.0
427219,124,2021-07-22,0.16666666666666666,0,baseline,quartile_tails,0.25,1.0
427747,124,2021-07-22,1.0,1,high,quartile_tails,0.25,1.0
428017,124,2021-07-22,1.0,1,high,quartile_tails,0.25,1.0
428321,124,2021-07-22,0.125,0,baseline,quartile_tails,0.25,1.0
428996,124,2021-07-22,1.0,1,high,quartile_tails,0.25,1.0
432827,124,2021-07-22,0.25,0,baseline,quartile_tails,0.25,1.0
433011,124,2021-07-22,1.0,1,high,quartile_tails,0.25,1.0
434342,124,2021-07-22,1.0,1,high,quartile_tails,0.25,1.0
436662,124,2021-07-22,1.0,1,high,quartile_tails,0.25,1.0
436668,124,2021-07-22,0.0,0,baseline,quartile_tails,0.25,1.0
436774,124,2021-07-22,0.0,0,baseline,quartile_tails,0.25,1.0
437032,124,2021-07-22,1.0,1,high,quartile_tails,0.25,1.0
437370,124,2021-07-22,0.0,0,baseline,quartile_tails,0.25,1.0
439054,124,2021-07-22,0.1,0,baseline,quartile_tails,0.25,1.0
439131,124,2021-07-22,0.0,0,baseline,quartile_tails,0.25,1.0
439759,124,2021-07-22,1.0,1,high,quartile_tails,0.25,1.0
439774,124,2021-07-22,0.125,0,baseline,quartile_tails,0.25,1.0
440453,124,2021-07-22,1.0,1,high,quartile_tails,0.25,1.0
440897,124,2021-07-22,0.25,0,baseline,quartile_tails,0.25,1.0
441010,124,2021-07-22,1.0,1,high,quartile_tails,0.25,1.0
441252,124,2021-07-22,0.0,0,baseline,quartile_tails,0.25,1.0
441574,124,2021-07-22,0.0,0,baseline,quartile_tails,0.25,1.0
442111,124,2021-07-22,0.16666666666666666,0,baseline,quartile_tails,0.25,1.0
443336,124,2021-07-22,1.0,1,high,quartile_tails,0.25,1.0
444121,124,2021-07-22,1.0,1,high,quartile_tails,0.25,1.0
445992,124,2021-07-22,0.0,0,baseline,quartile_tails,0.25,1.0
446091,124,2021-07-22,0.16666666666666666,0,baseline,quartile_tails,0.25,1.0
446144,124,2021-07-22,1.0,1,high,quartile_tails,0.25,1.0
447257,124,2021-07-22,1.0,1,high,quartile_tails,0.25,1.0
448024,124,2021-07-22,0.125,0,baseline,quartile_tails,0.25,1.0
448323,124,2021-07-22,1.0,1,high,quartile_tails,0.25,1.0
449943,124,2021-07-22,0.0,0,baseline,quartile_tails,0.25,1.0
450249,124,2021-07-22,1.0,1,high,quartile_tails,0.25,1.0
450255,124,2021-07-22,0.25,0,baseline,quartile_tails,0.25,1.0
450296,124,2021-07-22,1.0,1,high,quartile_tails,0.25,1.0
450892,124,2021-07-22,0.0,0,baseline,quartile_tails,0.25,1.0
453425,124,2021-07-22,0.0,0,baseline,quartile_tails,0.25,1.0
453490,124,2021-07-22,1.0,1,high,quartile_tails,0.25,1.0
456561,124,2021-07-22,1.0,1,high,quartile_tails,0.25,1.0
458032,124,2021-07-22,1.0,1,high,quartile_tails,0.25,1.0
458523,124,2021-07-22,1.0,1,high,quartile_tails,0.25,1.0
458884,124,2021-07-22,0.0,0,baseline,quartile_tails,0.25,1.0
460405,124,2021-07-22,0.25,0,baseline,quartile_tails,0.25,1.0
460882,124,2021-07-22,1.0,1,high,quartile_tails,0.25,1.0
461505,124,2021-07-22,0.25,0,baseline,quartile_tails,0.25,1.0
462901,124,2021-07-22,1.0,1,high,quartile_tails,0.25,1.0
464236,124,2021-07-22,0.13333333333333333,0,baseline,quartile_tails,0.25,1.0
467810,124,2021-07-22,0.25,0,baseline,quartile_tails,0.25,1.0
468457,124,2021-07-22,1.0,1,high,quartile_tails,0.25,1.0
469243,124,2021-07-22,1.0,1,high,quartile_tails,0.25,1.0
469651,124,2021-07-22,1.0,1,high,quartile_tails,0.25,1.0
470170,124,2021-07-22,0.16666666666666666,0,baseline,quartile_tails,0.25,1.0
471302,124,2021-07-22,0.125,0,baseline,quartile_tails,0.25,1.0
471626,124,2021-07-22,0.16666666666666666,0,baseline,quartile_tails,0.25,1.0
471733,124,2021-07-22,1.0,1,high,quartile_tails,0.25,1.0
471904,124,2021-07-22,0.0,0,baseline,quartile_tails,0.25,1.0
472872,124,2021-07-22,1.0,1,high,quartile_tails,0.25,1.0
474057,124,2021-07-22,1.0,1,high,quartile_tails,0.25,1.0
474815,124,2021-07-22,0.22916666666666666,0,baseline,quartile_tails,0.25,1.0
475448,124,2021-07-22,1.0,1,high,quartile_tails,0.25,1.0
477230,124,2021-07-22,1.0,1,high,quartile_tails,0.25,1.0
477642,124,2021-07-22,1.0,1,high,quartile_tails,0.25,1.0
478011,124,2021-07-22,0.2,0,baseline,quartile_tails,0.25,1.0
479056,124,2021-07-22,1.0,1,high,quartile_tails,0.25,1.0
481566,124,2021-07-22,1.0,1,high,quartile_tails,0.25,1.0
481735,124,2021-07-22,0.0,0,baseline,quartile_tails,0.25,1.0
482636,124,2021-07-22,1.0,1,high,quartile_tails,0.25,1.0
483512,124,2021-07-22,1.0,1,high,quartile_tails,0.25,1.0
484023,124,2021-07-22,0.0,0,baseline,quartile_tails,0.25,1.0
484635,124,2021-07-22,1.0,1,high,quartile_tails,0.25,1.0
484806,124,2021-07-22,1.0,1,high,quartile_tails,0.25,1.0
484840,124,2021-07-22,1.0,1,high,quartile_tails,0.25,1.0
485736,124,2021-07-22,0.16666666666666666,0,baseline,quartile_tails,0.25,1.0
487445,124,2021-07-22,1.0,1,high,quartile_tails,0.25,1.0
487719,124,2021-07-22,1.0,1,high,quartile_tails,0.25,1.0
488362,124,2021-07-22,0.08333333333333333,0,baseline,quartile_tails,0.25,1.0
489582,124,2021-07-22,1.0,1,high,quartile_tails,0.25,1.0
490067,124,2021-07-22,1.0,1,high,quartile_tails,0.25,1.0
490565,124,2021-07-22,1.0,1,high,quartile_tails,0.25,1.0
493075,124,2021-07-22,0.0,0,baseline,quartile_tails,0.25,1.0
494356,124,2021-07-22,1.0,1,high,quartile_tails,0.25,1.0
495345,124,2021-07-22,0.16666666666666666,0,baseline,quartile_tails,0.25,1.0
495433,124,2021-07-22,1.0,1,high,quartile_tails,0.25,1.0
495610,124,2021-07-22,1.0,1,high,quartile_tails,0.25,1.0
496374,124,2021-07-22,0.0,0,baseline,quartile_tails,0.25,1.0
496527,124,2021-07-22,1.0,1,high,quartile_tails,0.25,1.0
498217,124,2021-07-22,0.0,0,baseline,quartile_tails,0.25,1.0
499052,124,2021-07-22,1.0,1,high,quartile_tails,0.25,1.0
499862,124,2021-07-22,1.0,1,high,quartile_tails,0.25,1.0
499940,124,2021-07-22,0.0,0,baseline,quartile_tails,0.25,1.0
500580,124,2021-07-22,1.0,1,high,quartile_tails,0.25,1.0
501135,124,2021-07-22,0.25,0,baseline,quartile_tails,0.25,1.0
501511,124,2021-07-22,1.0,1,high,quartile_tails,0.25,1.0
501703,124,2021-07-22,0.125,0,baseline,quartile_tails,0.25,1.0
501912,124,2021-07-22,1.0,1,high,quartile_tails,0.25,1.0
502232,124,2021-07-22,0.0,0,baseline,quartile_tails,0.25,1.0
503428,124,2021-07-22,0.20833333333333331,0,baseline,quartile_tails,0.25,1.0
503439,124,2021-07-22,1.0,1,high,quartile_tails,0.25,1.0
503593,124,2021-07-22,0.25,0,baseline,quartile_tails,0.25,1.0
505124,124,2021-07-22,0.2222222222222222,0,baseline,quartile_tails,0.25,1.0
506467,124,2021-07-22,1.0,1,high,quartile_tails,0.25,1.0
507130,124,2021-07-22,0.0,0,baseline,quartile_tails,0.25,1.0
507750,124,2021-07-22,0.0,0,baseline,quartile_tails,0.25,1.0
510223,124,2021-07-22,1.0,1,high,quartile_tails,0.25,1.0
510910,124,2021-07-22,1.0,1,high,quartile_tails,0.25,1.0
511390,124,2021-07-22,1.0,1,high,quartile_tails,0.25,1.0
512082,124,2021-07-22,0.16666666666666666,0,baseline,quartile_tails,0.25,1.0
512565,124,2021-07-22,1.0,1,high,quartile_tails,0.25,1.0
512606,124,2021-07-22,1.0,1,high,quartile_tails,0.25,1.0
513629,124,2021-07-22,0.125,0,baseline,quartile_tails,0.25,1.0
513676,124,2021-07-22,0.0,0,baseline,quartile_tails,0.25,1.0
513884,124,2021-07-22,0.0,0,baseline,quartile_tails,0.25,1.0
514730,124,2021-07-22,1.0,1,high,quartile_tails,0.25,1.0
515017,124,2021-07-22,1.0,1,high,quartile_tails,0.25,1.0
516213,124,2021-07-22,1.0,1,high,quartile_tails,0.25,1.0
517238,124,2021-07-22,1.0,1,high,quartile_tails,0.25,1.0
517325,124,2021-07-22,0.25,0,baseline,quartile_tails,0.25,1.0
518294,124,2021-07-22,0.25,0,baseline,quartile_tails,0.25,1.0
519078,124,2021-07-22,1.0,1,high,quartile_tails,0.25,1.0
520189,124,2021-07-22,0.0,0,baseline,quartile_tails,0.25,1.0
520834,124,2021-07-22,1.0,1,high,quartile_tails,0.25,1.0
521546,124,2021-07-22,1.0,1,high,quartile_tails,0.25,1.0
522179,124,2021-07-22,1.0,1,high,quartile_tails,0.25,1.0
522552,124,2021-07-22,1.0,1,high,quartile_tails,0.25,1.0
523089,124,2021-07-22,1.0,1,high,quartile_tails,0.25,1.0
524797,124,2021-07-22,0.0,0,baseline,quartile_tails,0.25,1.0
524914,124,2021-07-22,0.1875,0,baseline,quartile_tails,0.25,1.0
525210,124,2021-07-22,1.0,1,high,quartile_tails,0.25,1.0
527470,124,2021-07-22,0.0,0,baseline,quartile_tails,0.25,1.0
527555,124,2021-07-22,1.0,1,high,quartile_tails,0.25,1.0
527829,124,2021-07-22,0.0,0,baseline,quartile_tails,0.25,1.0
528427,124,2021-07-22,0.25,0,baseline,quartile_tails,0.25,1.0
528595,124,2021-07-22,1.0,1,high,quartile_tails,0.25,1.0
528664,124,2021-07-22,0.0,0,baseline,quartile_tails,0.25,1.0
528784,124,2021-07-22,0.0,0,baseline,quartile_tails,0.25,1.0
529228,124,2021-07-22,1.0,1,high,quartile_tails,0.25,1.0
529593,124,2021-07-22,1.0,1,high,quartile_tails,0.25,1.0
532379,124,2021-07-22,0.0,0,baseline,quartile_tails,0.25,1.0
533586,124,2021-07-22,0.0,0,baseline,quartile_tails,0.25,1.0
534334,124,2021-07-22,1.0,1,high,quartile_tails,0.25,1.0
534925,124,2021-07-22,0.0,0,baseline,quartile_tails,0.25,1.0
535532,124,2021-07-22,1.0,1,high,quartile_tails,0.25,1.0
535759,124,2021-07-22,1.0,1,high,quartile_tails,0.25,1.0
536448,124,2021-07-22,1.0,1,high,quartile_tails,0.25,1.0
540089,124,2021-07-22,1.0,1,high,quartile_tails,0.25,1.0
540359,124,2021-07-22,0.0,0,baseline,quartile_tails,0.25,1.0
542660,124,2021-07-22,1.0,1,high,quartile_tails,0.25,1.0
542700,124,2021-07-22,1.0,1,high,quartile_tails,0.25,1.0
543668,124,2021-07-22,1.0,1,high,quartile_tails,0.25,1.0
543873,124,2021-07-22,0.16666666666666666,0,baseline,quartile_tails,0.25,1.0
544609,124,2021-07-22,0.25,0,baseline,quartile_tails,0.25,1.0
545798,124,2021-07-22,1.0,1,high,quartile_tails,0.25,1.0
545990,124,2021-07-22,1.0,1,high,quartile_tails,0.25,1.0
548212,124,2021-07-22,0.125,0,baseline,quartile_tails,0.25,1.0
548582,124,2021-07-22,1.0,1,high,quartile_tails,0.25,1.0
549137,124,2021-07-22,0.16666666666666666,0,baseline,quartile_tails,0.25,1.0
549268,124,2021-07-22,0.0,0,baseline,quartile_tails,0.25,1.0
549462,124,2021-07-22,0.0,0,baseline,quartile_tails,0.25,1.0
549630,124,2021-07-22,0.125,0,baseline,quartile_tails,0.25,1.0
549976,124,2021-07-22,1.0,1,high,quartile_tails,0.25,1.0
550365,124,2021-07-22,1.0,1,high,quartile_tails,0.25,1.0
552524,124,2021-07-22,1.0,1,high,quartile_tails,0.25,1.0
552588,124,2021-07-22,0.25,0,baseline,quartile_tails,0.25,1.0
552757,124,2021-07-22,1.0,1,high,quartile_tails,0.25,1.0
553097,124,2021-07-22,1.0,1,high,quartile_tails,0.25,1.0
554185,124,2021-07-22,1.0,1,high,quartile_tails,0.25,1.0
554437,124,2021-07-22,1.0,1,high,quartile_tails,0.25,1.0
554764,124,2021-07-22,0.125,0,baseline,quartile_tails,0.25,1.0
555968,124,2021-07-22,0.0,0,baseline,quartile_tails,0.25,1.0
556077,124,2021-07-22,0.25,0,baseline,quartile_tails,0.25,1.0
556984,124,2021-07-22,1.0,1,high,quartile_tails,0.25,1.0
557049,124,2021-07-22,1.0,1,high,quartile_tails,0.25,1.0
557606,124,2021-07-22,0.16666666666666666,0,baseline,quartile_tails,0.25,1.0
557829,124,2021-07-22,1.0,1,high,quartile_tails,0.25,1.0
557919,124,2021-07-22,0.125,0,baseline,quartile_tails,0.25,1.0
558239,124,2021-07-22,1.0,1,high,quartile_tails,0.25,1.0
558678,124,2021-07-22,0.0,0,baseline,quartile_tails,0.25,1.0
558731,124,2021-07-22,1.0,1,high,quartile_tails,0.25,1.0
562478,124,2021-07-22,0.0,0,baseline,quartile_tails,0.25,1.0
562877,124,2021-07-22,1.0,1,high,quartile_tails,0.25,1.0
562906,124,2021-07-22,1.0,1,high,quartile_tails,0.25,1.0
563744,124,2021-07-22,1.0,1,high,quartile_tails,0.25,1.0
565029,124,2021-07-22,0.0,0,baseline,quartile_tails,0.25,1.0
567430,124,2021-07-22,1.0,1,high,quartile_tails,0.25,1.0
569082,124,2021-07-22,1.0,1,high,quartile_tails,0.25,1.0
569329,124,2021-07-22,1.0,1,high,quartile_tails,0.25,1.0
570770,124,2021-07-22,1.0,1,high,quartile_tails,0.25,1.0
571259,124,2021-07-22,0.0,0,baseline,quartile_tails,0.25,1.0
571490,124,2021-07-22,0.25,0,baseline,quartile_tails,0.25,1.0
571787,124,2021-07-22,1.0,1,high,quartile_tails,0.25,1.0
572960,124,2021-07-22,1.0,1,high,quartile_tails,0.25,1.0
573333,124,2021-07-22,0.0,0,baseline,quartile_tails,0.25,1.0
573530,124,2021-07-22,1.0,1,high,quartile_tails,0.25,1.0
573904,124,2021-07-22,1.0,1,high,quartile_tails,0.25,1.0
574421,124,2021-07-22,1.0,1,high,quartile_tails,0.25,1.0
575659,124,2021-07-22,0.2222222222222222,0,baseline,quartile_tails,0.25,1.0
575745,124,2021-07-22,1.0,1,high,quartile_tails,0.25,1.0
576007,124,2021-07-22,0.0,0,baseline,quartile_tails,0.25,1.0
576157,124,2021-07-22,0.0,0,baseline,quartile_tails,0.25,1.0
576307,124,2021-07-22,1.0,1,high,quartile_tails,0.25,1.0
577475,124,2021-07-22,0.25,0,baseline,quartile_tails,0.25,1.0
577923,124,2021-07-22,1.0,1,high,quartile_tails,0.25,1.0
579433,124,2021-07-22,1.0,1,high,quartile_tails,0.25,1.0
580571,124,2021-07-22,1.0,1,high,quartile_tails,0.25,1.0
581637,124,2021-07-22,1.0,1,high,quartile_tails,0.25,1.0
581951,124,2021-07-22,0.23214285714285715,0,baseline,quartile_tails,0.25,1.0
583874,124,2021-07-22,1.0,1,high,quartile_tails,0.25,1.0
584623,124,2021-07-22,0.0,0,baseline,quartile_tails,0.25,1.0
585368,124,2021-07-22,1.0,1,high,quartile_tails,0.25,1.0
586527,124,2021-07-22,0.0,0,baseline,quartile_tails,0.25,1.0
587064,124,2021-07-22,0.0,0,baseline,quartile_tails,0.25,1.0
587070,124,2021-07-22,1.0,1,high,quartile_tails,0.25,1.0
587497,124,2021-07-22,0.16666666666666666,0,baseline,quartile_tails,0.25,1.0
587816,124,2021-07-22,0.08333333333333333,0,baseline,quartile_tails,0.25,1.0
591034,124,2021-07-22,0.20833333333333331,0,baseline,quartile_tails,0.25,1.0
591426,124,2021-07-22,1.0,1,high,quartile_tails,0.25,1.0
591540,124,2021-07-22,0.0,0,baseline,quartile_tails,0.25,1.0
592148,124,2021-07-22,0.16666666666666666,0,baseline,quartile_tails,0.25,1.0
593944,124,2021-07-22,0.20833333333333331,0,baseline,quartile_tails,0.25,1.0
594265,124,2021-07-22,1.0,1,high,quartile_tails,0.25,1.0
594860,124,2021-07-22,0.0,0,baseline,quartile_tails,0.25,1.0
595792,124,2021-07-22,1.0,1,high,quartile_tails,0.25,1.0
597254,124,2021-07-22,0.25,0,baseline,quartile_tails,0.25,1.0
597284,124,2021-07-22,0.0,0,baseline,quartile_tails,0.25,1.0
598191,124,2021-07-22,0.2333333333333333,0,baseline,quartile_tails,0.25,1.0
598192,124,2021-07-22,1.0,1,high,quartile_tails,0.25,1.0
598212,124,2021-07-22,1.0,1,high,quartile_tails,0.25,1.0
598435,124,2021-07-22,1.0,1,high,quartile_tails,0.25,1.0
599303,124,2021-07-22,0.1111111111111111,0,baseline,quartile_tails,0.25,1.0
601096,124,2021-07-22,1.0,1,high,quartile_tails,0.25,1.0
603288,124,2021-07-22,0.0,0,baseline,quartile_tails,0.25,1.0
603529,124,2021-07-22,0.25,0,baseline,quartile_tails,0.25,1.0
604098,124,2021-07-22,1.0,1,high,quartile_tails,0.25,1.0
604763,124,2021-07-22,0.0,0,baseline,quartile_tails,0.25,1.0
605254,124,2021-07-22,1.0,1,high,quartile_tails,0.25,1.0
605927,124,2021-07-22,1.0,1,high,quartile_tails,0.25,1.0
606162,124,2021-07-22,1.0,1,high,quartile_tails,0.25,1.0
606512,124,2021-07-22,0.0,0,baseline,quartile_tails,0.25,1.0
606518,124,2021-07-22,0.18333333333333335,0,baseline,quartile_tails,0.25,1.0
606949,124,2021-07-22,0.0,0,baseline,quartile_tails,0.25,1.0
607827,124,2021-07-22,0.1111111111111111,0,baseline,quartile_tails,0.25,1.0
610679,124,2021-07-22,1.0,1,high,quartile_tails,0.25,1.0
611577,124,2021-07-22,1.0,1,high,quartile_tails,0.25,1.0
612650,124,2021-07-22,0.0,0,baseline,quartile_tails,0.25,1.0
613977,124,2021-07-22,1.0,1,high,quartile_tails,0.25,1.0
616014,124,2021-07-22,1.0,1,high,quartile_tails,0.25,1.0
616245,124,2021-07-22,0.25,0,baseline,quartile_tails,0.25,1.0
616912,124,2021-07-22,0.125,0,baseline,quartile_tails,0.25,1.0
617655,124,2021-07-22,1.0,1,high,quartile_tails,0.25,1.0
618764,124,2021-07-22,0.25,0,baseline,quartile_tails,0.25,1.0
619052,124,2021-07-22,0.0,0,baseline,quartile_tails,0.25,1.0
619598,124,2021-07-22,1.0,1,high,quartile_tails,0.25,1.0
619790,124,2021-07-22,1.0,1,high,quartile_tails,0.25,1.0
620954,124,2021-07-22,0.0,0,baseline,quartile_tails,0.25,1.0
621792,124,2021-07-22,0.25,0,baseline,quartile_tails,0.25,1.0
623004,124,2021-07-22,0.0,0,baseline,quartile_tails,0.25,1.0
623154,124,2021-07-22,1.0,1,high,quartile_tails,0.25,1.0
623647,124,2021-07-22,1.0,1,high,quartile_tails,0.25,1.0
623988,124,2021-07-22,0.0,0,baseline,quartile_tails,0.25,1.0
624728,124,2021-07-22,0.16666666666666666,0,baseline,quartile_tails,0.25,1.0
625098,124,2021-07-22,0.25,0,baseline,quartile_tails,0.25,1.0
626058,124,2021-07-22,0.25,0,baseline,quartile_tails,0.25,1.0
627472,124,2021-07-22,0.0,0,baseline,quartile_tails,0.25,1.0
627921,124,2021-07-22,1.0,1,high,quartile_tails,0.25,1.0
629259,124,2021-07-22,1.0,1,high,quartile_tails,0.25,1.0
629813,124,2021-07-22,1.0,1,high,quartile_tails,0.25,1.0
629814,124,2021-07-22,1.0,1,high,quartile_tails,0.25,1.0
630568,124,2021-07-22,0.0,0,baseline,quartile_tails,0.25,1.0
631285,124,2021-07-22,1.0,1,high,quartile_tails,0.25,1.0
631791,124,2021-07-22,0.0,0,baseline,quartile_tails,0.25,1.0
632230,124,2021-07-22,1.0,1,high,quartile_tails,0.25,1.0
632307,124,2021-07-22,1.0,1,high,quartile_tails,0.25,1.0
632309,124,2021-07-22,0.25,0,baseline,quartile_tails,0.25,1.0
632546,124,2021-07-22,0.25,0,baseline,quartile_tails,0.25,1.0
632990,124,2021-07-22,0.0,0,baseline,quartile_tails,0.25,1.0
633784,124,2021-07-22,1.0,1,high,quartile_tails,0.25,1.0
634322,124,2021-07-22,1.0,1,high,quartile_tails,0.25,1.0
634361,124,2021-07-22,1.0,1,high,quartile_tails,0.25,1.0
635088,124,2021-07-22,0.0,0,baseline,quartile_tails,0.25,1.0
638466,124,2021-07-22,1.0,1,high,quartile_tails,0.25,1.0
640369,124,2021-07-22,1.0,1,high,quartile_tails,0.25,1.0
641583,124,2021-07-22,0.0,0,baseline,quartile_tails,0.25,1.0
641732,124,2021-07-22,0.0,0,baseline,quartile_tails,0.25,1.0
642423,124,2021-07-22,0.08333333333333333,0,baseline,quartile_tails,0.25,1.0
643606,124,2021-07-22,0.125,0,baseline,quartile_tails,0.25,1.0
644780,124,2021-07-22,0.16666666666666666,0,baseline,quartile_tails,0.25,1.0
645332,124,2021-07-22,1.0,1,high,quartile_tails,0.25,1.0
646401,124,2021-07-22,1.0,1,high,quartile_tails,0.25,1.0
648063,124,2021-07-22,1.0,1,high,quartile_tails,0.25,1.0
649578,124,2021-07-22,1.0,1,high,quartile_tails,0.25,1.0
649957,124,2021-07-22,0.0,0,baseline,quartile_tails,0.25,1.0
649958,124,2021-07-22,0.125,0,baseline,quartile_tails,0.25,1.0
650686,124,2021-07-22,1.0,1,high,quartile_tails,0.25,1.0
651889,124,2021-07-22,0.0,0,baseline,quartile_tails,0.25,1.0
652076,124,2021-07-22,0.0,0,baseline,quartile_tails,0.25,1.0
652275,124,2021-07-22,1.0,1,high,quartile_tails,0.25,1.0
652287,124,2021-07-22,1.0,1,high,quartile_tails,0.25,1.0
653285,124,2021-07-22,0.0625,0,baseline,quartile_tails,0.25,1.0
653429,124,2021-07-22,0.25,0,baseline,quartile_tails,0.25,1.0
655082,124,2021-07-22,1.0,1,high,quartile_tails,0.25,1.0
655399,124,2021-07-22,1.0,1,high,quartile_tails,0.25,1.0
655679,124,2021-07-22,1.0,1,high,quartile_tails,0.25,1.0
656145,124,2021-07-22,1.0,1,high,quartile_tails,0.25,1.0
656963,124,2021-07-22,1.0,1,high,quartile_tails,0.25,1.0
658212,124,2021-07-22,1.0,1,high,quartile_tails,0.25,1.0
658280,124,2021-07-22,0.125,0,baseline,quartile_tails,0.25,1.0
659084,124,2021-07-22,1.0,1,high,quartile_tails,0.25,1.0
659093,124,2021-07-22,1.0,1,high,quartile_tails,0.25,1.0
660397,124,2021-07-22,1.0,1,high,quartile_tails,0.25,1.0
660398,124,2021-07-22,0.25,0,baseline,quartile_tails,0.25,1.0
662587,124,2021-07-22,1.0,1,high,quartile_tails,0.25,1.0
664377,124,2021-07-22,0.0,0,baseline,quartile_tails,0.25,1.0
664402,124,2021-07-22,0.0,0,baseline,quartile_tails,0.25,1.0
665515,124,2021-07-22,1.0,1,high,quartile_tails,0.25,1.0
665683,124,2021-07-22,1.0,1,high,quartile_tails,0.25,1.0
666904,124,2021-07-22,1.0,1,high,quartile_tails,0.25,1.0
667292,124,2021-07-22,1.0,1,high,quartile_tails,0.25,1.0
670188,124,2021-07-22,0.0,0,baseline,quartile_tails,0.25,1.0
670464,124,2021-07-22,0.2333333333333333,0,baseline,quartile_tails,0.25,1.0
671489,124,2021-07-22,1.0,1,high,quartile_tails,0.25,1.0
672625,124,2021-07-22,1.0,1,high,quartile_tails,0.25,1.0
673775,124,2021-07-22,1.0,1,high,quartile_tails,0.25,1.0
673925,124,2021-07-22,0.0,0,baseline,quartile_tails,0.25,1.0
675430,124,2021-07-22,0.0,0,baseline,quartile_tails,0.25,1.0
676936,124,2021-07-22,1.0,1,high,quartile_tails,0.25,1.0
678424,124,2021-07-22,0.14583333333333331,0,baseline,quartile_tails,0.25,1.0
679264,124,2021-07-22,1.0,1,high,quartile_tails,0.25,1.0
680212,124,2021-07-22,1.0,1,high,quartile_tails,0.25,1.0
681444,124,2021-07-22,0.22916666666666666,0,baseline,quartile_tails,0.25,1.0
682230,124,2021-07-22,1.0,1,high,quartile_tails,0.25,1.0
682707,124,2021-07-22,0.16666666666666666,0,baseline,quartile_tails,0.25,1.0
682889,124,2021-07-22,0.0,0,baseline,quartile_tails,0.25,1.0
683869,124,2021-07-22,0.0,0,baseline,quartile_tails,0.25,1.0
684659,124,2021-07-22,1.0,1,high,quartile_tails,0.25,1.0
686120,124,2021-07-22,1.0,1,high,quartile_tails,0.25,1.0
686504,124,2021-07-22,0.0,0,baseline,quartile_tails,0.25,1.0
687248,124,2021-07-22,0.0,0,baseline,quartile_tails,0.25,1.0
687879,124,2021-07-22,0.125,0,baseline,quartile_tails,0.25,1.0
688072,124,2021-07-22,1.0,1,high,quartile_tails,0.25,1.0
688655,124,2021-07-22,0.16666666666666666,0,baseline,quartile_tails,0.25,1.0
689344,124,2021-07-22,1.0,1,high,quartile_tails,0.25,1.0
689374,124,2021-07-22,0.2125,0,baseline,quartile_tails,0.25,1.0
690532,124,2021-07-22,0.0,0,baseline,quartile_tails,0.25,1.0
692103,124,2021-07-22,1.0,1,high,quartile_tails,0.25,1.0
694821,124,2021-07-22,1.0,1,high,quartile_tails,0.25,1.0
696079,124,2021-07-22,1.0,1,high,quartile_tails,0.25,1.0
696911,124,2021-07-22,1.0,1,high,quartile_tails,0.25,1.0
699159,124,2021-07-22,1.0,1,high,quartile_tails,0.25,1.0
699652,124,2021-07-22,0.25,0,baseline,quartile_tails,0.25,1.0
699829,124,2021-07-22,1.0,1,high,quartile_tails,0.25,1.0
701147,124,2021-07-22,0.25,0,baseline,quartile_tails,0.25,1.0
701616,124,2021-07-22,0.25,0,baseline,quartile_tails,0.25,1.0
703397,124,2021-07-22,1.0,1,high,quartile_tails,0.25,1.0
703403,124,2021-07-22,0.0,0,baseline,quartile_tails,0.25,1.0
703928,124,2021-07-22,0.25,0,baseline,quartile_tails,0.25,1.0
704165,124,2021-07-22,1.0,1,high,quartile_tails,0.25,1.0
704176,124,2021-07-22,1.0,1,high,quartile_tails,0.25,1.0
704308,124,2021-07-22,1.0,1,high,quartile_tails,0.25,1.0
704362,124,2021-07-22,0.25,0,baseline,quartile_tails,0.25,1.0
705066,124,2021-07-22,0.16666666666666666,0,baseline,quartile_tails,0.25,1.0
705353,124,2021-07-22,0.20833333333333331,0,baseline,quartile_tails,0.25,1.0
706610,124,2021-07-22,1.0,1,high,quartile_tails,0.25,1.0
706982,124,2021-07-22,0.0,0,baseline,quartile_tails,0.25,1.0
707458,124,2021-07-22,1.0,1,high,quartile_tails,0.25,1.0
707774,124,2021-07-22,0.16666666666666666,0,baseline,quartile_tails,0.25,1.0
710312,124,2021-07-22,1.0,1,high,quartile_tails,0.25,1.0
712609,124,2021-07-22,0.125,0,baseline,quartile_tails,0.25,1.0
712949,124,2021-07-22,0.25,0,baseline,quartile_tails,0.25,1.0
713571,124,2021-07-22,1.0,1,high,quartile_tails,0.25,1.0
714141,124,2021-07-22,1.0,1,high,quartile_tails,0.25,1.0
715189,124,2021-07-22,1.0,1,high,quartile_tails,0.25,1.0
715907,124,2021-07-22,1.0,1,high,quartile_tails,0.25,1.0
716699,124,2021-07-22,0.125,0,baseline,quartile_tails,0.25,1.0
717505,124,2021-07-22,0.20833333333333331,0,baseline,quartile_tails,0.25,1.0
717609,124,2021-07-22,1.0,1,high,quartile_tails,0.25,1.0
718723,124,2021-07-22,1.0,1,high,quartile_tails,0.25,1.0
719796,124,2021-07-22,1.0,1,high,quartile_tails,0.25,1.0
719915,124,2021-07-22,1.0,1,high,quartile_tails,0.25,1.0
720050,124,2021-07-22,1.0,1,high,quartile_tails,0.25,1.0
720175,124,2021-07-22,1.0,1,high,quartile_tails,0.25,1.0
720964,124,2021-07-22,1.0,1,high,quartile_tails,0.25,1.0
721248,124,2021-07-22,1.0,1,high,quartile_tails,0.25,1.0
722194,124,2021-07-22,0.0,0,baseline,quartile_tails,0.25,1.0
722637,124,2021-07-22,0.0,0,baseline,quartile_tails,0.25,1.0
724064,124,2021-07-22,1.0,1,high,quartile_tails,0.25,1.0
724476,124,2021-07-22,0.0,0,baseline,quartile_tails,0.25,1.0
724572,124,2021-07-22,0.125,0,baseline,quartile_tails,0.25,1.0
725485,124,2021-07-22,0.0,0,baseline,quartile_tails,0.25,1.0
726228,124,2021-07-22,1.0,1,high,quartile_tails,0.25,1.0
726724,124,2021-07-22,0.0,0,baseline,quartile_tails,0.25,1.0
728271,124,2021-07-22,1.0,1,high,quartile_tails,0.25,1.0
728719,124,2021-07-22,1.0,1,high,quartile_tails,0.25,1.0
729523,124,2021-07-22,1.0,1,high,quartile_tails,0.25,1.0
731243,124,2021-07-22,1.0,1,high,quartile_tails,0.25,1.0
731819,124,2021-07-22,0.0,0,baseline,quartile_tails,0.25,1.0
731844,124,2021-07-22,0.0,0,baseline,quartile_tails,0.25,1.0
732001,124,2021-07-22,1.0,1,high,quartile_tails,0.25,1.0
732686,124,2021-07-22,1.0,1,high,quartile_tails,0.25,1.0
734397,124,2021-07-22,1.0,1,high,quartile_tails,0.25,1.0
734410,124,2021-07-22,1.0,1,high,quartile_tails,0.25,1.0
734689,124,2021-07-22,0.0,0,baseline,quartile_tails,0.25,1.0
735717,124,2021-07-22,1.0,1,high,quartile_tails,0.25,1.0
736004,124,2021-07-22,0.16666666666666666,0,baseline,quartile_tails,0.25,1.0
736846,124,2021-07-22,0.0,0,baseline,quartile_tails,0.25,1.0
737831,124,2021-07-22,1.0,1,high,quartile_tails,0.25,1.0
738080,124,2021-07-22,1.0,1,high,quartile_tails,0.25,1.0
738974,124,2021-07-22,1.0,1,high,quartile_tails,0.25,1.0
739034,124,2021-07-22,0.16666666666666666,0,baseline,quartile_tails,0.25,1.0
739150,124,2021-07-22,0.25,0,baseline,quartile_tails,0.25,1.0
739199,124,2021-07-22,1.0,1,high,quartile_tails,0.25,1.0
739204,124,2021-07-22,1.0,1,high,quartile_tails,0.25,1.0
739345,124,2021-07-22,0.22916666666666666,0,baseline,quartile_tails,0.25,1.0
740785,124,2021-07-22,1.0,1,high,quartile_tails,0.25,1.0
741294,124,2021-07-22,1.0,1,high,quartile_tails,0.25,1.0
742773,124,2021-07-22,0.25,0,baseline,quartile_tails,0.25,1.0
744400,124,2021-07-22,1.0,1,high,quartile_tails,0.25,1.0
744731,124,2021-07-22,1.0,1,high,quartile_tails,0.25,1.0
744777,124,2021-07-22,1.0,1,high,quartile_tails,0.25,1.0
746752,124,2021-07-22,0.0,0,baseline,quartile_tails,0.25,1.0
747127,124,2021-07-22,1.0,1,high,quartile_tails,0.25,1.0
747859,124,2021-07-22,0.0,0,baseline,quartile_tails,0.25,1.0
747945,124,2021-07-22,0.25,0,baseline,quartile_tails,0.25,1.0
748305,124,2021-07-22,0.0,0,baseline,quartile_tails,0.25,1.0
748330,124,2021-07-22,0.25,0,baseline,quartile_tails,0.25,1.0
748624,124,2021-07-22,0.08333333333333333,0,baseline,quartile_tails,0.25,1.0
751442,124,2021-07-22,1.0,1,high,quartile_tails,0.25,1.0
752103,124,2021-07-22,1.0,1,high,quartile_tails,0.25,1.0
753249,124,2021-07-22,0.0,0,baseline,quartile_tails,0.25,1.0
753716,124,2021-07-22,1.0,1,high,quartile_tails,0.25,1.0
755753,124,2021-07-22,1.0,1,high,quartile_tails,0.25,1.0
757273,124,2021-07-22,0.0,0,baseline,quartile_tails,0.25,1.0
758467,124,2021-07-22,0.25,0,baseline,quartile_tails,0.25,1.0
758820,124,2021-07-22,0.16666666666666666,0,baseline,quartile_tails,0.25,1.0
759176,124,2021-07-22,1.0,1,high,quartile_tails,0.25,1.0
760011,124,2021-07-22,0.0,0,baseline,quartile_tails,0.25,1.0
761254,124,2021-07-22,1.0,1,high,quartile_tails,0.25,1.0
762668,124,2021-07-22,0.16666666666666666,0,baseline,quartile_tails,0.25,1.0
763489,124,2021-07-22,1.0,1,high,quartile_tails,0.25,1.0
763909,124,2021-07-22,1.0,1,high,quartile_tails,0.25,1.0
763976,124,2021-07-22,1.0,1,high,quartile_tails,0.25,1.0
764315,124,2021-07-22,0.1875,0,baseline,quartile_tails,0.25,1.0
764331,124,2021-07-22,1.0,1,high,quartile_tails,0.25,1.0
764359,124,2021-07-22,0.0,0,baseline,quartile_tails,0.25,1.0
765262,124,2021-07-22,0.0,0,baseline,quartile_tails,0.25,1.0
765365,124,2021-07-22,0.25,0,baseline,quartile_tails,0.25,1.0
765554,124,2021-07-22,1.0,1,high,quartile_tails,0.25,1.0
766205,124,2021-07-22,1.0,1,high,quartile_tails,0.25,1.0
767135,124,2021-07-22,1.0,1,high,quartile_tails,0.25,1.0
768761,124,2021-07-22,1.0,1,high,quartile_tails,0.25,1.0
768827,124,2021-07-22,1.0,1,high,quartile_tails,0.25,1.0
769259,124,2021-07-22,0.16666666666666666,0,baseline,quartile_tails,0.25,1.0
769861,124,2021-07-22,0.25,0,baseline,quartile_tails,0.25,1.0
770145,124,2021-07-22,1.0,1,high,quartile_tails,0.25,1.0
770608,124,2021-07-22,1.0,1,high,quartile_tails,0.25,1.0
772083,124,2021-07-22,0.0,0,baseline,quartile_tails,0.25,1.0
772680,124,2021-07-22,1.0,1,high,quartile_tails,0.25,1.0
772875,124,2021-07-22,1.0,1,high,quartile_tails,0.25,1.0
773340,124,2021-07-22,1.0,1,high,quartile_tails,0.25,1.0
773430,124,2021-07-22,0.25,0,baseline,quartile_tails,0.25,1.0
773597,124,2021-07-22,0.08333333333333333,0,baseline,quartile_tails,0.25,1.0
773839,124,2021-07-22,0.0,0,baseline,quartile_tails,0.25,1.0
774501,124,2021-07-22,0.25,0,baseline,quartile_tails,0.25,1.0
774813,124,2021-07-22,0.16666666666666666,0,baseline,quartile_tails,0.25,1.0
774816,124,2021-07-22,0.0625,0,baseline,quartile_tails,0.25,1.0
775299,124,2021-07-22,1.0,1,high,quartile_tails,0.25,1.0
775400,124,2021-07-22,1.0,1,high,quartile_tails,0.25,1.0
778063,124,2021-07-22,1.0,1,high,quartile_tails,0.25,1.0
778064,124,2021-07-22,1.0,1,high,quartile_tails,0.25,1.0
778250,124,2021-07-22,0.25,0,baseline,quartile_tails,0.25,1.0
779513,124,2021-07-22,0.0,0,baseline,quartile_tails,0.25,1.0
779764,124,2021-07-22,1.0,1,high,quartile_tails,0.25,1.0
780150,124,2021-07-22,1.0,1,high,quartile_tails,0.25,1.0
780857,124,2021-07-22,0.16666666666666666,0,baseline,quartile_tails,0.25,1.0
781143,124,2021-07-22,0.16666666666666666,0,baseline,quartile_tails,0.25,1.0
781848,124,2021-07-22,0.08333333333333333,0,baseline,quartile_tails,0.25,1.0
781850,124,2021-07-22,0.16666666666666666,0,baseline,quartile_tails,0.25,1.0
781902,124,2021-07-22,0.0,0,baseline,quartile_tails,0.25,1.0
782065,124,2021-07-22,1.0,1,high,quartile_tails,0.25,1.0
783522,124,2021-07-22,1.0,1,high,quartile_tails,0.25,1.0
783700,124,2021-07-22,1.0,1,high,quartile_tails,0.25,1.0
783724,124,2021-07-22,1.0,1,high,quartile_tails,0.25,1.0
784902,124,2021-07-22,1.0,1,high,quartile_tails,0.25,1.0
786142,124,2021-07-22,1.0,1,high,quartile_tails,0.25,1.0
789895,124,2021-07-22,0.125,0,baseline,quartile_tails,0.25,1.0
789946,124,2021-07-22,1.0,1,high,quartile_tails,0.25,1.0
791044,124,2021-07-22,1.0,1,high,quartile_tails,0.25,1.0
791163,124,2021-07-22,1.0,1,high,quartile_tails,0.25,1.0
792068,124,2021-07-22,1.0,1,high,quartile_tails,0.25,1.0
792633,124,2021-07-22,1.0,1,high,quartile_tails,0.25,1.0
793850,124,2021-07-22,0.0,0,baseline,quartile_tails,0.25,1.0
794040,124,2021-07-22,1.0,1,high,quartile_tails,0.25,1.0
794952,124,2021-07-22,0.125,0,baseline,quartile_tails,0.25,1.0
795691,124,2021-07-22,1.0,1,high,quartile_tails,0.25,1.0
797019,124,2021-07-22,0.16666666666666666,0,baseline,quartile_tails,0.25,1.0
798224,124,2021-07-22,0.1388888888888889,0,baseline,quartile_tails,0.25,1.0
798336,124,2021-07-22,0.0,0,baseline,quartile_tails,0.25,1.0
798852,124,2021-07-22,1.0,1,high,quartile_tails,0.25,1.0
799267,124,2021-07-22,1.0,1,high,quartile_tails,0.25,1.0
799329,124,2021-07-22,1.0,1,high,quartile_tails,0.25,1.0
800524,124,2021-07-22,1.0,1,high,quartile_tails,0.25,1.0
800588,124,2021-07-22,1.0,1,high,quartile_tails,0.25,1.0
801012,124,2021-07-22,0.0,0,baseline,quartile_tails,0.25,1.0
801013,124,2021-07-22,1.0,1,high,quartile_tails,0.25,1.0
802256,124,2021-07-22,0.0,0,baseline,quartile_tails,0.25,1.0
803569,124,2021-07-22,0.16666666666666666,0,baseline,quartile_tails,0.25,1.0
803583,124,2021-07-22,1.0,1,high,quartile_tails,0.25,1.0
803756,124,2021-07-22,1.0,1,high,quartile_tails,0.25,1.0
803761,124,2021-07-22,1.0,1,high,quartile_tails,0.25,1.0
804459,124,2021-07-22,1.0,1,high,quartile_tails,0.25,1.0
805006,124,2021-07-22,0.19285714285714284,0,baseline,quartile_tails,0.25,1.0
805523,124,2021-07-22,1.0,1,high,quartile_tails,0.25,1.0
806161,124,2021-07-22,1.0,1,high,quartile_tails,0.25,1.0
85,133,2021-07-28,1.0,1,high,quartile_tails,0.25,1.0
948,133,2021-07-28,1.0,1,high,quartile_tails,0.25,1.0
1343,133,2021-07-28,1.0,1,high,quartile_tails,0.25,1.0
1552,133,2021-07-28,1.0,1,high,quartile_tails,0.25,1.0
1664,133,2021-07-28,1.0,1,high,quartile_tails,0.25,1.0
1780,133,2021-07-28,0.0,0,baseline,quartile_tails,0.25,1.0
1936,133,2021-07-28,0.0,0,baseline,quartile_tails,0.25,1.0
3337,133,2021-07-28,1.0,1,high,quartile_tails,0.25,1.0
3984,133,2021-07-28,1.0,1,high,quartile_tails,0.25,1.0
4683,133,2021-07-28,1.0,1,high,quartile_tails,0.25,1.0
4764,133,2021-07-28,1.0,1,high,quartile_tails,0.25,1.0
5309,133,2021-07-28,1.0,1,high,quartile_tails,0.25,1.0
5497,133,2021-07-28,1.0,1,high,quartile_tails,0.25,1.0
6380,133,2021-07-28,0.0,0,baseline,quartile_tails,0.25,1.0
7699,133,2021-07-28,0.1111111111111111,0,baseline,quartile_tails,0.25,1.0
7756,133,2021-07-28,1.0,1,high,quartile_tails,0.25,1.0
7772,133,2021-07-28,1.0,1,high,quartile_tails,0.25,1.0
7803,133,2021-07-28,0.20833333333333331,0,baseline,quartile_tails,0.25,1.0
8698,133,2021-07-28,1.0,1,high,quartile_tails,0.25,1.0
9157,133,2021-07-28,0.0,0,baseline,quartile_tails,0.25,1.0
12101,133,2021-07-28,1.0,1,high,quartile_tails,0.25,1.0
14995,133,2021-07-28,1.0,1,high,quartile_tails,0.25,1.0
17331,133,2021-07-28,0.0,0,baseline,quartile_tails,0.25,1.0
18271,133,2021-07-28,1.0,1,high,quartile_tails,0.25,1.0
19048,133,2021-07-28,1.0,1,high,quartile_tails,0.25,1.0
19321,133,2021-07-28,1.0,1,high,quartile_tails,0.25,1.0
19790,133,2021-07-28,0.1,0,baseline,quartile_tails,0.25,1.0
23827,133,2021-07-28,1.0,1,high,quartile_tails,0.25,1.0
24102,133,2021-07-28,1.0,1,high,quartile_tails,0.25,1.0
24767,133,2021-07-28,0.0,0,baseline,quartile_tails,0.25,1.0
24841,133,2021-07-28,0.0,0,baseline,quartile_tails,0.25,1.0
26099,133,2021-07-28,1.0,1,high,quartile_tails,0.25,1.0
27214,133,2021-07-28,0.16666666666666666,0,baseline,quartile_tails,0.25,1.0
29756,133,2021-07-28,1.0,1,high,quartile_tails,0.25,1.0
31005,133,2021-07-28,0.16666666666666666,0,baseline,quartile_tails,0.25,1.0
32881,133,2021-07-28,1.0,1,high,quartile_tails,0.25,1.0
33168,133,2021-07-28,1.0,1,high,quartile_tails,0.25,1.0
33968,133,2021-07-28,1.0,1,high,quartile_tails,0.25,1.0
34302,133,2021-07-28,1.0,1,high,quartile_tails,0.25,1.0
38574,133,2021-07-28,0.125,0,baseline,quartile_tails,0.25,1.0
40953,133,2021-07-28,0.25,0,baseline,quartile_tails,0.25,1.0
46192,133,2021-07-28,1.0,1,high,quartile_tails,0.25,1.0
48897,133,2021-07-28,1.0,1,high,quartile_tails,0.25,1.0
49296,133,2021-07-28,1.0,1,high,quartile_tails,0.25,1.0
49963,133,2021-07-28,1.0,1,high,quartile_tails,0.25,1.0
52293,133,2021-07-28,0.125,0,baseline,quartile_tails,0.25,1.0
53922,133,2021-07-28,0.16666666666666666,0,baseline,quartile_tails,0.25,1.0
55725,133,2021-07-28,0.2222222222222222,0,baseline,quartile_tails,0.25,1.0
57496,133,2021-07-28,1.0,1,high,quartile_tails,0.25,1.0
58456,133,2021-07-28,1.0,1,high,quartile_tails,0.25,1.0
59960,133,2021-07-28,1.0,1,high,quartile_tails,0.25,1.0
62518,133,2021-07-28,1.0,1,high,quartile_tails,0.25,1.0
62597,133,2021-07-28,1.0,1,high,quartile_tails,0.25,1.0
66295,133,2021-07-28,1.0,1,high,quartile_tails,0.25,1.0
67652,133,2021-07-28,0.25,0,baseline,quartile_tails,0.25,1.0
67748,133,2021-07-28,0.0,0,baseline,quartile_tails,0.25,1.0
68316,133,2021-07-28,0.0,0,baseline,quartile_tails,0.25,1.0
68642,133,2021-07-28,0.25,0,baseline,quartile_tails,0.25,1.0
68704,133,2021-07-28,0.0,0,baseline,quartile_tails,0.25,1.0
68759,133,2021-07-28,1.0,1,high,quartile_tails,0.25,1.0
70578,133,2021-07-28,0.0,0,baseline,quartile_tails,0.25,1.0
70593,133,2021-07-28,1.0,1,high,quartile_tails,0.25,1.0
74100,133,2021-07-28,1.0,1,high,quartile_tails,0.25,1.0
74392,133,2021-07-28,1.0,1,high,quartile_tails,0.25,1.0
76249,133,2021-07-28,1.0,1,high,quartile_tails,0.25,1.0
76930,133,2021-07-28,0.0,0,baseline,quartile_tails,0.25,1.0
78007,133,2021-07-28,1.0,1,high,quartile_tails,0.25,1.0
80154,133,2021-07-28,1.0,1,high,quartile_tails,0.25,1.0
81165,133,2021-07-28,1.0,1,high,quartile_tails,0.25,1.0
81951,133,2021-07-28,1.0,1,high,quartile_tails,0.25,1.0
83094,133,2021-07-28,0.0,0,baseline,quartile_tails,0.25,1.0
83287,133,2021-07-28,0.0,0,baseline,quartile_tails,0.25,1.0
83483,133,2021-07-28,1.0,1,high,quartile_tails,0.25,1.0
85952,133,2021-07-28,1.0,1,high,quartile_tails,0.25,1.0
88876,133,2021-07-28,1.0,1,high,quartile_tails,0.25,1.0
90148,133,2021-07-28,1.0,1,high,quartile_tails,0.25,1.0
91844,133,2021-07-28,1.0,1,high,quartile_tails,0.25,1.0
94593,133,2021-07-28,0.0,0,baseline,quartile_tails,0.25,1.0
96288,133,2021-07-28,1.0,1,high,quartile_tails,0.25,1.0
96481,133,2021-07-28,1.0,1,high,quartile_tails,0.25,1.0
97634,133,2021-07-28,1.0,1,high,quartile_tails,0.25,1.0
98158,133,2021-07-28,1.0,1,high,quartile_tails,0.25,1.0
99530,133,2021-07-28,1.0,1,high,quartile_tails,0.25,1.0
100451,133,2021-07-28,0.1111111111111111,0,baseline,quartile_tails,0.25,1.0
101038,133,2021-07-28,1.0,1,high,quartile_tails,0.25,1.0
103959,133,2021-07-28,1.0,1,high,quartile_tails,0.25,1.0
104168,133,2021-07-28,0.0,0,baseline,quartile_tails,0.25,1.0
104642,133,2021-07-28,1.0,1,high,quartile_tails,0.25,1.0
108793,133,2021-07-28,0.0,0,baseline,quartile_tails,0.25,1.0
111129,133,2021-07-28,1.0,1,high,quartile_tails,0.25,1.0
111508,133,2021-07-28,0.0,0,baseline,quartile_tails,0.25,1.0
112754,133,2021-07-28,1.0,1,high,quartile_tails,0.25,1.0
115170,133,2021-07-28,1.0,1,high,quartile_tails,0.25,1.0
115813,133,2021-07-28,0.0,0,baseline,quartile_tails,0.25,1.0
116422,133,2021-07-28,0.0,0,baseline,quartile_tails,0.25,1.0
118279,133,2021-07-28,1.0,1,high,quartile_tails,0.25,1.0
118297,133,2021-07-28,1.0,1,high,quartile_tails,0.25,1.0
119755,133,2021-07-28,0.0,0,baseline,quartile_tails,0.25,1.0
121597,133,2021-07-28,1.0,1,high,quartile_tails,0.25,1.0
123503,133,2021-07-28,0.25,0,baseline,quartile_tails,0.25,1.0
125289,133,2021-07-28,0.2222222222222222,0,baseline,quartile_tails,0.25,1.0
125775,133,2021-07-28,0.0,0,baseline,quartile_tails,0.25,1.0
126084,133,2021-07-28,1.0,1,high,quartile_tails,0.25,1.0
127269,133,2021-07-28,1.0,1,high,quartile_tails,0.25,1.0
127423,133,2021-07-28,1.0,1,high,quartile_tails,0.25,1.0
129815,133,2021-07-28,1.0,1,high,quartile_tails,0.25,1.0
130236,133,2021-07-28,0.0,0,baseline,quartile_tails,0.25,1.0
131567,133,2021-07-28,0.125,0,baseline,quartile_tails,0.25,1.0
132099,133,2021-07-28,1.0,1,high,quartile_tails,0.25,1.0
134220,133,2021-07-28,1.0,1,high,quartile_tails,0.25,1.0
134254,133,2021-07-28,1.0,1,high,quartile_tails,0.25,1.0
135037,133,2021-07-28,1.0,1,high,quartile_tails,0.25,1.0
135649,133,2021-07-28,0.16666666666666666,0,baseline,quartile_tails,0.25,1.0
136456,133,2021-07-28,0.0,0,baseline,quartile_tails,0.25,1.0
136740,133,2021-07-28,1.0,1,high,quartile_tails,0.25,1.0
137464,133,2021-07-28,1.0,1,high,quartile_tails,0.25,1.0
138824,133,2021-07-28,1.0,1,high,quartile_tails,0.25,1.0
141669,133,2021-07-28,0.08333333333333333,0,baseline,quartile_tails,0.25,1.0
142882,133,2021-07-28,1.0,1,high,quartile_tails,0.25,1.0
143599,133,2021-07-28,0.0,0,baseline,quartile_tails,0.25,1.0
144982,133,2021-07-28,0.0,0,baseline,quartile_tails,0.25,1.0
145541,133,2021-07-28,1.0,1,high,quartile_tails,0.25,1.0
146200,133,2021-07-28,0.0,0,baseline,quartile_tails,0.25,1.0
147877,133,2021-07-28,1.0,1,high,quartile_tails,0.25,1.0
148956,133,2021-07-28,0.25,0,baseline,quartile_tails,0.25,1.0
149762,133,2021-07-28,1.0,1,high,quartile_tails,0.25,1.0
150915,133,2021-07-28,0.0,0,baseline,quartile_tails,0.25,1.0
151113,133,2021-07-28,1.0,1,high,quartile_tails,0.25,1.0
151726,133,2021-07-28,1.0,1,high,quartile_tails,0.25,1.0
153478,133,2021-07-28,1.0,1,high,quartile_tails,0.25,1.0
154209,133,2021-07-28,0.0,0,baseline,quartile_tails,0.25,1.0
157289,133,2021-07-28,0.2222222222222222,0,baseline,quartile_tails,0.25,1.0
157829,133,2021-07-28,0.0,0,baseline,quartile_tails,0.25,1.0
158840,133,2021-07-28,0.2222222222222222,0,baseline,quartile_tails,0.25,1.0
159123,133,2021-07-28,1.0,1,high,quartile_tails,0.25,1.0
159709,133,2021-07-28,0.0,0,baseline,quartile_tails,0.25,1.0
160696,133,2021-07-28,0.25,0,baseline,quartile_tails,0.25,1.0
160769,133,2021-07-28,1.0,1,high,quartile_tails,0.25,1.0
160994,133,2021-07-28,0.0,0,baseline,quartile_tails,0.25,1.0
161088,133,2021-07-28,1.0,1,high,quartile_tails,0.25,1.0
162421,133,2021-07-28,1.0,1,high,quartile_tails,0.25,1.0
164946,133,2021-07-28,0.0,0,baseline,quartile_tails,0.25,1.0
166380,133,2021-07-28,1.0,1,high,quartile_tails,0.25,1.0
167269,133,2021-07-28,0.25,0,baseline,quartile_tails,0.25,1.0
172281,133,2021-07-28,1.0,1,high,quartile_tails,0.25,1.0
173092,133,2021-07-28,0.16666666666666666,0,baseline,quartile_tails,0.25,1.0
174032,133,2021-07-28,0.25,0,baseline,quartile_tails,0.25,1.0
174781,133,2021-07-28,1.0,1,high,quartile_tails,0.25,1.0
174851,133,2021-07-28,0.0,0,baseline,quartile_tails,0.25,1.0
174985,133,2021-07-28,0.0,0,baseline,quartile_tails,0.25,1.0
177817,133,2021-07-28,0.125,0,baseline,quartile_tails,0.25,1.0
180358,133,2021-07-28,0.0,0,baseline,quartile_tails,0.25,1.0
180372,133,2021-07-28,0.25,0,baseline,quartile_tails,0.25,1.0
182371,133,2021-07-28,1.0,1,high,quartile_tails,0.25,1.0
184627,133,2021-07-28,0.125,0,baseline,quartile_tails,0.25,1.0
185321,133,2021-07-28,1.0,1,high,quartile_tails,0.25,1.0
187268,133,2021-07-28,1.0,1,high,quartile_tails,0.25,1.0
188035,133,2021-07-28,0.0,0,baseline,quartile_tails,0.25,1.0
190389,133,2021-07-28,1.0,1,high,quartile_tails,0.25,1.0
191860,133,2021-07-28,1.0,1,high,quartile_tails,0.25,1.0
193688,133,2021-07-28,1.0,1,high,quartile_tails,0.25,1.0
194193,133,2021-07-28,1.0,1,high,quartile_tails,0.25,1.0
196774,133,2021-07-28,1.0,1,high,quartile_tails,0.25,1.0
196865,133,2021-07-28,0.25,0,baseline,quartile_tails,0.25,1.0
197068,133,2021-07-28,1.0,1,high,quartile_tails,0.25,1.0
198676,133,2021-07-28,1.0,1,high,quartile_tails,0.25,1.0
203140,133,2021-07-28,0.25,0,baseline,quartile_tails,0.25,1.0
204115,133,2021-07-28,1.0,1,high,quartile_tails,0.25,1.0
204354,133,2021-07-28,1.0,1,high,quartile_tails,0.25,1.0
204927,133,2021-07-28,1.0,1,high,quartile_tails,0.25,1.0
208226,133,2021-07-28,0.25,0,baseline,quartile_tails,0.25,1.0
208865,133,2021-07-28,1.0,1,high,quartile_tails,0.25,1.0
210785,133,2021-07-28,1.0,1,high,quartile_tails,0.25,1.0
211863,133,2021-07-28,1.0,1,high,quartile_tails,0.25,1.0
212074,133,2021-07-28,1.0,1,high,quartile_tails,0.25,1.0
212112,133,2021-07-28,0.0,0,baseline,quartile_tails,0.25,1.0
213857,133,2021-07-28,0.16666666666666666,0,baseline,quartile_tails,0.25,1.0
214256,133,2021-07-28,1.0,1,high,quartile_tails,0.25,1.0
214317,133,2021-07-28,1.0,1,high,quartile_tails,0.25,1.0
214906,133,2021-07-28,0.25,0,baseline,quartile_tails,0.25,1.0
217572,133,2021-07-28,1.0,1,high,quartile_tails,0.25,1.0
217604,133,2021-07-28,0.25,0,baseline,quartile_tails,0.25,1.0
220719,133,2021-07-28,1.0,1,high,quartile_tails,0.25,1.0
220914,133,2021-07-28,0.0,0,baseline,quartile_tails,0.25,1.0
221431,133,2021-07-28,0.0,0,baseline,quartile_tails,0.25,1.0
222115,133,2021-07-28,0.16666666666666666,0,baseline,quartile_tails,0.25,1.0
222202,133,2021-07-28,1.0,1,high,quartile_tails,0.25,1.0
222618,133,2021-07-28,0.0,0,baseline,quartile_tails,0.25,1.0
222901,133,2021-07-28,0.25,0,baseline,quartile_tails,0.25,1.0
223028,133,2021-07-28,1.0,1,high,quartile_tails,0.25,1.0
223376,133,2021-07-28,1.0,1,high,quartile_tails,0.25,1.0
223433,133,2021-07-28,1.0,1,high,quartile_tails,0.25,1.0
226193,133,2021-07-28,1.0,1,high,quartile_tails,0.25,1.0
227677,133,2021-07-28,1.0,1,high,quartile_tails,0.25,1.0
227797,133,2021-07-28,1.0,1,high,quartile_tails,0.25,1.0
228439,133,2021-07-28,1.0,1,high,quartile_tails,0.25,1.0
229525,133,2021-07-28,1.0,1,high,quartile_tails,0.25,1.0
231573,133,2021-07-28,1.0,1,high,quartile_tails,0.25,1.0
232176,133,2021-07-28,1.0,1,high,quartile_tails,0.25,1.0
232914,133,2021-07-28,0.125,0,baseline,quartile_tails,0.25,1.0
233579,133,2021-07-28,0.0,0,baseline,quartile_tails,0.25,1.0
233756,133,2021-07-28,1.0,1,high,quartile_tails,0.25,1.0
236559,133,2021-07-28,0.0,0,baseline,quartile_tails,0.25,1.0
237459,133,2021-07-28,1.0,1,high,quartile_tails,0.25,1.0
239149,133,2021-07-28,1.0,1,high,quartile_tails,0.25,1.0
240673,133,2021-07-28,1.0,1,high,quartile_tails,0.25,1.0
241254,133,2021-07-28,0.08333333333333333,0,baseline,quartile_tails,0.25,1.0
241292,133,2021-07-28,0.0,0,baseline,quartile_tails,0.25,1.0
241849,133,2021-07-28,0.0,0,baseline,quartile_tails,0.25,1.0
242010,133,2021-07-28,1.0,1,high,quartile_tails,0.25,1.0
242897,133,2021-07-28,0.16666666666666666,0,baseline,quartile_tails,0.25,1.0
243787,133,2021-07-28,1.0,1,high,quartile_tails,0.25,1.0
244072,133,2021-07-28,1.0,1,high,quartile_tails,0.25,1.0
244653,133,2021-07-28,1.0,1,high,quartile_tails,0.25,1.0
245237,133,2021-07-28,1.0,1,high,quartile_tails,0.25,1.0
246362,133,2021-07-28,1.0,1,high,quartile_tails,0.25,1.0
246957,133,2021-07-28,1.0,1,high,quartile_tails,0.25,1.0
247656,133,2021-07-28,0.0,0,baseline,quartile_tails,0.25,1.0
248039,133,2021-07-28,1.0,1,high,quartile_tails,0.25,1.0
250095,133,2021-07-28,0.16666666666666666,0,baseline,quartile_tails,0.25,1.0
250688,133,2021-07-28,1.0,1,high,quartile_tails,0.25,1.0
253887,133,2021-07-28,0.0,0,baseline,quartile_tails,0.25,1.0
254471,133,2021-07-28,1.0,1,high,quartile_tails,0.25,1.0
254642,133,2021-07-28,0.25,0,baseline,quartile_tails,0.25,1.0
255176,133,2021-07-28,0.25,0,baseline,quartile_tails,0.25,1.0
255972,133,2021-07-28,0.0,0,baseline,quartile_tails,0.25,1.0
256342,133,2021-07-28,1.0,1,high,quartile_tails,0.25,1.0
256575,133,2021-07-28,1.0,1,high,quartile_tails,0.25,1.0
257104,133,2021-07-28,1.0,1,high,quartile_tails,0.25,1.0
257236,133,2021-07-28,1.0,1,high,quartile_tails,0.25,1.0
258223,133,2021-07-28,1.0,1,high,quartile_tails,0.25,1.0
258775,133,2021-07-28,0.16666666666666666,0,baseline,quartile_tails,0.25,1.0
259151,133,2021-07-28,1.0,1,high,quartile_tails,0.25,1.0
259324,133,2021-07-28,1.0,1,high,quartile_tails,0.25,1.0
259567,133,2021-07-28,0.0,0,baseline,quartile_tails,0.25,1.0
261191,133,2021-07-28,1.0,1,high,quartile_tails,0.25,1.0
261834,133,2021-07-28,1.0,1,high,quartile_tails,0.25,1.0
262180,133,2021-07-28,1.0,1,high,quartile_tails,0.25,1.0
263309,133,2021-07-28,0.16666666666666666,0,baseline,quartile_tails,0.25,1.0
266552,133,2021-07-28,0.0,0,baseline,quartile_tails,0.25,1.0
267495,133,2021-07-28,1.0,1,high,quartile_tails,0.25,1.0
269569,133,2021-07-28,0.1111111111111111,0,baseline,quartile_tails,0.25,1.0
270221,133,2021-07-28,1.0,1,high,quartile_tails,0.25,1.0
270696,133,2021-07-28,0.0,0,baseline,quartile_tails,0.25,1.0
274217,133,2021-07-28,1.0,1,high,quartile_tails,0.25,1.0
274346,133,2021-07-28,0.25,0,baseline,quartile_tails,0.25,1.0
275531,133,2021-07-28,0.0,0,baseline,quartile_tails,0.25,1.0
275945,133,2021-07-28,0.16666666666666666,0,baseline,quartile_tails,0.25,1.0
276159,133,2021-07-28,0.0,0,baseline,quartile_tails,0.25,1.0
276593,133,2021-07-28,1.0,1,high,quartile_tails,0.25,1.0
276639,133,2021-07-28,0.0,0,baseline,quartile_tails,0.25,1.0
277252,133,2021-07-28,1.0,1,high,quartile_tails,0.25,1.0
278079,133,2021-07-28,1.0,1,high,quartile_tails,0.25,1.0
279340,133,2021-07-28,1.0,1,high,quartile_tails,0.25,1.0
280347,133,2021-07-28,0.0,0,baseline,quartile_tails,0.25,1.0
283865,133,2021-07-28,1.0,1,high,quartile_tails,0.25,1.0
285527,133,2021-07-28,1.0,1,high,quartile_tails,0.25,1.0
286108,133,2021-07-28,1.0,1,high,quartile_tails,0.25,1.0
286173,133,2021-07-28,1.0,1,high,quartile_tails,0.25,1.0
287017,133,2021-07-28,0.16666666666666666,0,baseline,quartile_tails,0.25,1.0
289419,133,2021-07-28,0.25,0,baseline,quartile_tails,0.25,1.0
289925,133,2021-07-28,1.0,1,high,quartile_tails,0.25,1.0
290101,133,2021-07-28,1.0,1,high,quartile_tails,0.25,1.0
290419,133,2021-07-28,1.0,1,high,quartile_tails,0.25,1.0
291218,133,2021-07-28,1.0,1,high,quartile_tails,0.25,1.0
292430,133,2021-07-28,0.16666666666666666,0,baseline,quartile_tails,0.25,1.0
292606,133,2021-07-28,0.0,0,baseline,quartile_tails,0.25,1.0
293147,133,2021-07-28,1.0,1,high,quartile_tails,0.25,1.0
293770,133,2021-07-28,0.25,0,baseline,quartile_tails,0.25,1.0
293859,133,2021-07-28,1.0,1,high,quartile_tails,0.25,1.0
294635,133,2021-07-28,1.0,1,high,quartile_tails,0.25,1.0
294827,133,2021-07-28,1.0,1,high,quartile_tails,0.25,1.0
297055,133,2021-07-28,0.0,0,baseline,quartile_tails,0.25,1.0
298707,133,2021-07-28,0.0,0,baseline,quartile_tails,0.25,1.0
299644,133,2021-07-28,0.20833333333333334,0,baseline,quartile_tails,0.25,1.0
299923,133,2021-07-28,1.0,1,high,quartile_tails,0.25,1.0
300603,133,2021-07-28,0.08333333333333333,0,baseline,quartile_tails,0.25,1.0
304344,133,2021-07-28,1.0,1,high,quartile_tails,0.25,1.0
305003,133,2021-07-28,0.0,0,baseline,quartile_tails,0.25,1.0
309444,133,2021-07-28,1.0,1,high,quartile_tails,0.25,1.0
310004,133,2021-07-28,0.25,0,baseline,quartile_tails,0.25,1.0
310600,133,2021-07-28,1.0,1,high,quartile_tails,0.25,1.0
311353,133,2021-07-28,0.0,0,baseline,quartile_tails,0.25,1.0
313017,133,2021-07-28,0.0,0,baseline,quartile_tails,0.25,1.0
314872,133,2021-07-28,0.2222222222222222,0,baseline,quartile_tails,0.25,1.0
314901,133,2021-07-28,1.0,1,high,quartile_tails,0.25,1.0
315507,133,2021-07-28,0.0,0,baseline,quartile_tails,0.25,1.0
315666,133,2021-07-28,0.0,0,baseline,quartile_tails,0.25,1.0
317050,133,2021-07-28,1.0,1,high,quartile_tails,0.25,1.0
320461,133,2021-07-28,0.0,0,baseline,quartile_tails,0.25,1.0
321667,133,2021-07-28,1.0,1,high,quartile_tails,0.25,1.0
321760,133,2021-07-28,1.0,1,high,quartile_tails,0.25,1.0
322456,133,2021-07-28,1.0,1,high,quartile_tails,0.25,1.0
323430,133,2021-07-28,0.0,0,baseline,quartile_tails,0.25,1.0
323624,133,2021-07-28,0.0,0,baseline,quartile_tails,0.25,1.0
324534,133,2021-07-28,0.2333333333333333,0,baseline,quartile_tails,0.25,1.0
325461,133,2021-07-28,1.0,1,high,quartile_tails,0.25,1.0
326411,133,2021-07-28,1.0,1,high,quartile_tails,0.25,1.0
328783,133,2021-07-28,0.0,0,baseline,quartile_tails,0.25,1.0
329189,133,2021-07-28,1.0,1,high,quartile_tails,0.25,1.0
329277,133,2021-07-28,0.0,0,baseline,quartile_tails,0.25,1.0
330634,133,2021-07-28,0.25,0,baseline,quartile_tails,0.25,1.0
331549,133,2021-07-28,0.0,0,baseline,quartile_tails,0.25,1.0
331886,133,2021-07-28,0.0,0,baseline,quartile_tails,0.25,1.0
332138,133,2021-07-28,1.0,1,high,quartile_tails,0.25,1.0
332410,133,2021-07-28,1.0,1,high,quartile_tails,0.25,1.0
332475,133,2021-07-28,1.0,1,high,quartile_tails,0.25,1.0
333215,133,2021-07-28,1.0,1,high,quartile_tails,0.25,1.0
334535,133,2021-07-28,1.0,1,high,quartile_tails,0.25,1.0
336244,133,2021-07-28,0.0,0,baseline,quartile_tails,0.25,1.0
336967,133,2021-07-28,1.0,1,high,quartile_tails,0.25,1.0
338792,133,2021-07-28,1.0,1,high,quartile_tails,0.25,1.0
339081,133,2021-07-28,1.0,1,high,quartile_tails,0.25,1.0
339970,133,2021-07-28,0.16666666666666666,0,baseline,quartile_tails,0.25,1.0
340412,133,2021-07-28,0.25,0,baseline,quartile_tails,0.25,1.0
344105,133,2021-07-28,0.0,0,baseline,quartile_tails,0.25,1.0
344127,133,2021-07-28,0.0,0,baseline,quartile_tails,0.25,1.0
346326,133,2021-07-28,1.0,1,high,quartile_tails,0.25,1.0
346899,133,2021-07-28,1.0,1,high,quartile_tails,0.25,1.0
347522,133,2021-07-28,1.0,1,high,quartile_tails,0.25,1.0
347601,133,2021-07-28,1.0,1,high,quartile_tails,0.25,1.0
347995,133,2021-07-28,0.0,0,baseline,quartile_tails,0.25,1.0
348454,133,2021-07-28,0.0,0,baseline,quartile_tails,0.25,1.0
348731,133,2021-07-28,0.125,0,baseline,quartile_tails,0.25,1.0
349186,133,2021-07-28,1.0,1,high,quartile_tails,0.25,1.0
350444,133,2021-07-28,0.1875,0,baseline,quartile_tails,0.25,1.0
350478,133,2021-07-28,1.0,1,high,quartile_tails,0.25,1.0
350485,133,2021-07-28,0.0,0,baseline,quartile_tails,0.25,1.0
353288,133,2021-07-28,1.0,1,high,quartile_tails,0.25,1.0
353825,133,2021-07-28,0.08333333333333333,0,baseline,quartile_tails,0.25,1.0
355440,133,2021-07-28,1.0,1,high,quartile_tails,0.25,1.0
356334,133,2021-07-28,0.25,0,baseline,quartile_tails,0.25,1.0
357506,133,2021-07-28,1.0,1,high,quartile_tails,0.25,1.0
359713,133,2021-07-28,0.13333333333333333,0,baseline,quartile_tails,0.25,1.0
360661,133,2021-07-28,1.0,1,high,quartile_tails,0.25,1.0
361276,133,2021-07-28,0.0,0,baseline,quartile_tails,0.25,1.0
362476,133,2021-07-28,1.0,1,high,quartile_tails,0.25,1.0
362544,133,2021-07-28,1.0,1,high,quartile_tails,0.25,1.0
363812,133,2021-07-28,1.0,1,high,quartile_tails,0.25,1.0
363940,133,2021-07-28,1.0,1,high,quartile_tails,0.25,1.0
365984,133,2021-07-28,0.25,0,baseline,quartile_tails,0.25,1.0
366300,133,2021-07-28,1.0,1,high,quartile_tails,0.25,1.0
367196,133,2021-07-28,1.0,1,high,quartile_tails,0.25,1.0
369691,133,2021-07-28,0.0,0,baseline,quartile_tails,0.25,1.0
370250,133,2021-07-28,0.125,0,baseline,quartile_tails,0.25,1.0
370896,133,2021-07-28,1.0,1,high,quartile_tails,0.25,1.0
372341,133,2021-07-28,1.0,1,high,quartile_tails,0.25,1.0
372519,133,2021-07-28,1.0,1,high,quartile_tails,0.25,1.0
373564,133,2021-07-28,1.0,1,high,quartile_tails,0.25,1.0
373902,133,2021-07-28,0.1875,0,baseline,quartile_tails,0.25,1.0
375921,133,2021-07-28,1.0,1,high,quartile_tails,0.25,1.0
378312,133,2021-07-28,0.25,0,baseline,quartile_tails,0.25,1.0
381024,133,2021-07-28,0.0,0,baseline,quartile_tails,0.25,1.0
382142,133,2021-07-28,0.16666666666666666,0,baseline,quartile_tails,0.25,1.0
382563,133,2021-07-28,0.0,0,baseline,quartile_tails,0.25,1.0
384032,133,2021-07-28,1.0,1,high,quartile_tails,0.25,1.0
384412,133,2021-07-28,0.0,0,baseline,quartile_tails,0.25,1.0
384486,133,2021-07-28,1.0,1,high,quartile_tails,0.25,1.0
385542,133,2021-07-28,1.0,1,high,quartile_tails,0.25,1.0
386637,133,2021-07-28,1.0,1,high,quartile_tails,0.25,1.0
387044,133,2021-07-28,1.0,1,high,quartile_tails,0.25,1.0
387737,133,2021-07-28,0.0,0,baseline,quartile_tails,0.25,1.0
387803,133,2021-07-28,0.0,0,baseline,quartile_tails,0.25,1.0
389553,133,2021-07-28,1.0,1,high,quartile_tails,0.25,1.0
390109,133,2021-07-28,0.0,0,baseline,quartile_tails,0.25,1.0
390274,133,2021-07-28,1.0,1,high,quartile_tails,0.25,1.0
392124,133,2021-07-28,0.25,0,baseline,quartile_tails,0.25,1.0
392216,133,2021-07-28,0.0,0,baseline,quartile_tails,0.25,1.0
394001,133,2021-07-28,1.0,1,high,quartile_tails,0.25,1.0
394327,133,2021-07-28,1.0,1,high,quartile_tails,0.25,1.0
400289,133,2021-07-28,0.0,0,baseline,quartile_tails,0.25,1.0
400744,133,2021-07-28,0.0,0,baseline,quartile_tails,0.25,1.0
402023,133,2021-07-28,1.0,1,high,quartile_tails,0.25,1.0
403262,133,2021-07-28,0.25,0,baseline,quartile_tails,0.25,1.0
403847,133,2021-07-28,0.20833333333333331,0,baseline,quartile_tails,0.25,1.0
404273,133,2021-07-28,0.0,0,baseline,quartile_tails,0.25,1.0
407711,133,2021-07-28,1.0,1,high,quartile_tails,0.25,1.0
408114,133,2021-07-28,1.0,1,high,quartile_tails,0.25,1.0
409094,133,2021-07-28,0.0,0,baseline,quartile_tails,0.25,1.0
411631,133,2021-07-28,1.0,1,high,quartile_tails,0.25,1.0
412868,133,2021-07-28,0.0,0,baseline,quartile_tails,0.25,1.0
412913,133,2021-07-28,1.0,1,high,quartile_tails,0.25,1.0
414192,133,2021-07-28,0.25,0,baseline,quartile_tails,0.25,1.0
415300,133,2021-07-28,0.0,0,baseline,quartile_tails,0.25,1.0
415765,133,2021-07-28,0.0,0,baseline,quartile_tails,0.25,1.0
416031,133,2021-07-28,1.0,1,high,quartile_tails,0.25,1.0
416061,133,2021-07-28,1.0,1,high,quartile_tails,0.25,1.0
416308,133,2021-07-28,0.25,0,baseline,quartile_tails,0.25,1.0
417237,133,2021-07-28,1.0,1,high,quartile_tails,0.25,1.0
419212,133,2021-07-28,1.0,1,high,quartile_tails,0.25,1.0
419882,133,2021-07-28,1.0,1,high,quartile_tails,0.25,1.0
420505,133,2021-07-28,1.0,1,high,quartile_tails,0.25,1.0
422584,133,2021-07-28,1.0,1,high,quartile_tails,0.25,1.0
422952,133,2021-07-28,1.0,1,high,quartile_tails,0.25,1.0
424974,133,2021-07-28,0.25,0,baseline,quartile_tails,0.25,1.0
425078,133,2021-07-28,1.0,1,high,quartile_tails,0.25,1.0
426829,133,2021-07-28,0.0,0,baseline,quartile_tails,0.25,1.0
427193,133,2021-07-28,1.0,1,high,quartile_tails,0.25,1.0
427897,133,2021-07-28,0.08333333333333333,0,baseline,quartile_tails,0.25,1.0
429058,133,2021-07-28,0.0,0,baseline,quartile_tails,0.25,1.0
429577,133,2021-07-28,1.0,1,high,quartile_tails,0.25,1.0
429635,133,2021-07-28,0.16666666666666666,0,baseline,quartile_tails,0.25,1.0
429821,133,2021-07-28,0.25,0,baseline,quartile_tails,0.25,1.0
429998,133,2021-07-28,1.0,1,high,quartile_tails,0.25,1.0
430254,133,2021-07-28,0.0,0,baseline,quartile_tails,0.25,1.0
430269,133,2021-07-28,0.0,0,baseline,quartile_tails,0.25,1.0
431704,133,2021-07-28,0.0,0,baseline,quartile_tails,0.25,1.0
433441,133,2021-07-28,0.0,0,baseline,quartile_tails,0.25,1.0
433444,133,2021-07-28,1.0,1,high,quartile_tails,0.25,1.0
434366,133,2021-07-28,0.0,0,baseline,quartile_tails,0.25,1.0
438639,133,2021-07-28,1.0,1,high,quartile_tails,0.25,1.0
440289,133,2021-07-28,1.0,1,high,quartile_tails,0.25,1.0
440871,133,2021-07-28,0.0,0,baseline,quartile_tails,0.25,1.0
447226,133,2021-07-28,0.2222222222222222,0,baseline,quartile_tails,0.25,1.0
447238,133,2021-07-28,1.0,1,high,quartile_tails,0.25,1.0
447889,133,2021-07-28,0.0,0,baseline,quartile_tails,0.25,1.0
448432,133,2021-07-28,1.0,1,high,quartile_tails,0.25,1.0
448544,133,2021-07-28,1.0,1,high,quartile_tails,0.25,1.0
448551,133,2021-07-28,1.0,1,high,quartile_tails,0.25,1.0
451494,133,2021-07-28,1.0,1,high,quartile_tails,0.25,1.0
452088,133,2021-07-28,1.0,1,high,quartile_tails,0.25,1.0
452673,133,2021-07-28,1.0,1,high,quartile_tails,0.25,1.0
454636,133,2021-07-28,1.0,1,high,quartile_tails,0.25,1.0
454719,133,2021-07-28,1.0,1,high,quartile_tails,0.25,1.0
455241,133,2021-07-28,0.0,0,baseline,quartile_tails,0.25,1.0
455959,133,2021-07-28,0.16666666666666666,0,baseline,quartile_tails,0.25,1.0
460355,133,2021-07-28,0.0,0,baseline,quartile_tails,0.25,1.0
461610,133,2021-07-28,0.16666666666666666,0,baseline,quartile_tails,0.25,1.0
462870,133,2021-07-28,1.0,1,high,quartile_tails,0.25,1.0
463373,133,2021-07-28,0.0,0,baseline,quartile_tails,0.25,1.0
464265,133,2021-07-28,0.16666666666666666,0,baseline,quartile_tails,0.25,1.0
466758,133,2021-07-28,0.0,0,baseline,quartile_tails,0.25,1.0
467168,133,2021-07-28,0.0,0,baseline,quartile_tails,0.25,1.0
472429,133,2021-07-28,1.0,1,high,quartile_tails,0.25,1.0
475389,133,2021-07-28,1.0,1,high,quartile_tails,0.25,1.0
476011,133,2021-07-28,0.0,0,baseline,quartile_tails,0.25,1.0
477413,133,2021-07-28,0.1111111111111111,0,baseline,quartile_tails,0.25,1.0
478718,133,2021-07-28,1.0,1,high,quartile_tails,0.25,1.0
480123,133,2021-07-28,1.0,1,high,quartile_tails,0.25,1.0
480514,133,2021-07-28,1.0,1,high,quartile_tails,0.25,1.0
481123,133,2021-07-28,0.0,0,baseline,quartile_tails,0.25,1.0
483100,133,2021-07-28,0.14285714285714285,0,baseline,quartile_tails,0.25,1.0
483685,133,2021-07-28,0.25,0,baseline,quartile_tails,0.25,1.0
484223,133,2021-07-28,1.0,1,high,quartile_tails,0.25,1.0
485311,133,2021-07-28,1.0,1,high,quartile_tails,0.25,1.0
486800,133,2021-07-28,0.2,0,baseline,quartile_tails,0.25,1.0
490278,133,2021-07-28,0.0,0,baseline,quartile_tails,0.25,1.0
490375,133,2021-07-28,1.0,1,high,quartile_tails,0.25,1.0
491061,133,2021-07-28,0.0,0,baseline,quartile_tails,0.25,1.0
491117,133,2021-07-28,0.15,0,baseline,quartile_tails,0.25,1.0
494135,133,2021-07-28,1.0,1,high,quartile_tails,0.25,1.0
494848,133,2021-07-28,0.0,0,baseline,quartile_tails,0.25,1.0
495326,133,2021-07-28,0.0,0,baseline,quartile_tails,0.25,1.0
498473,133,2021-07-28,1.0,1,high,quartile_tails,0.25,1.0
498507,133,2021-07-28,1.0,1,high,quartile_tails,0.25,1.0
498543,133,2021-07-28,0.0,0,baseline,quartile_tails,0.25,1.0
501058,133,2021-07-28,0.08333333333333333,0,baseline,quartile_tails,0.25,1.0
501225,133,2021-07-28,0.18333333333333335,0,baseline,quartile_tails,0.25,1.0
502335,133,2021-07-28,1.0,1,high,quartile_tails,0.25,1.0
502340,133,2021-07-28,0.25,0,baseline,quartile_tails,0.25,1.0
502523,133,2021-07-28,0.25,0,baseline,quartile_tails,0.25,1.0
504034,133,2021-07-28,1.0,1,high,quartile_tails,0.25,1.0
505105,133,2021-07-28,0.0,0,baseline,quartile_tails,0.25,1.0
505199,133,2021-07-28,1.0,1,high,quartile_tails,0.25,1.0
507299,133,2021-07-28,0.25,0,baseline,quartile_tails,0.25,1.0
507677,133,2021-07-28,0.0,0,baseline,quartile_tails,0.25,1.0
508375,133,2021-07-28,0.0,0,baseline,quartile_tails,0.25,1.0
508986,133,2021-07-28,0.0,0,baseline,quartile_tails,0.25,1.0
509837,133,2021-07-28,1.0,1,high,quartile_tails,0.25,1.0
512101,133,2021-07-28,0.0,0,baseline,quartile_tails,0.25,1.0
513448,133,2021-07-28,1.0,1,high,quartile_tails,0.25,1.0
514599,133,2021-07-28,0.25,0,baseline,quartile_tails,0.25,1.0
515325,133,2021-07-28,1.0,1,high,quartile_tails,0.25,1.0
515505,133,2021-07-28,1.0,1,high,quartile_tails,0.25,1.0
516462,133,2021-07-28,0.0,0,baseline,quartile_tails,0.25,1.0
517350,133,2021-07-28,0.25,0,baseline,quartile_tails,0.25,1.0
517617,133,2021-07-28,1.0,1,high,quartile_tails,0.25,1.0
518699,133,2021-07-28,1.0,1,high,quartile_tails,0.25,1.0
519294,133,2021-07-28,1.0,1,high,quartile_tails,0.25,1.0
522027,133,2021-07-28,1.0,1,high,quartile_tails,0.25,1.0
522093,133,2021-07-28,1.0,1,high,quartile_tails,0.25,1.0
522309,133,2021-07-28,1.0,1,high,quartile_tails,0.25,1.0
524002,133,2021-07-28,1.0,1,high,quartile_tails,0.25,1.0
524509,133,2021-07-28,1.0,1,high,quartile_tails,0.25,1.0
524585,133,2021-07-28,0.25,0,baseline,quartile_tails,0.25,1.0
525444,133,2021-07-28,1.0,1,high,quartile_tails,0.25,1.0
527876,133,2021-07-28,0.0,0,baseline,quartile_tails,0.25,1.0
528491,133,2021-07-28,1.0,1,high,quartile_tails,0.25,1.0
528828,133,2021-07-28,0.1875,0,baseline,quartile_tails,0.25,1.0
529227,133,2021-07-28,0.0,0,baseline,quartile_tails,0.25,1.0
529840,133,2021-07-28,0.0,0,baseline,quartile_tails,0.25,1.0
530584,133,2021-07-28,0.18333333333333335,0,baseline,quartile_tails,0.25,1.0
530586,133,2021-07-28,1.0,1,high,quartile_tails,0.25,1.0
531642,133,2021-07-28,0.25,0,baseline,quartile_tails,0.25,1.0
533363,133,2021-07-28,0.16666666666666666,0,baseline,quartile_tails,0.25,1.0
533673,133,2021-07-28,0.125,0,baseline,quartile_tails,0.25,1.0
534760,133,2021-07-28,0.0,0,baseline,quartile_tails,0.25,1.0
537047,133,2021-07-28,1.0,1,high,quartile_tails,0.25,1.0
537800,133,2021-07-28,1.0,1,high,quartile_tails,0.25,1.0
538071,133,2021-07-28,0.25,0,baseline,quartile_tails,0.25,1.0
541052,133,2021-07-28,0.2,0,baseline,quartile_tails,0.25,1.0
542179,133,2021-07-28,0.16666666666666666,0,baseline,quartile_tails,0.25,1.0
542870,133,2021-07-28,0.2,0,baseline,quartile_tails,0.25,1.0
543526,133,2021-07-28,0.0,0,baseline,quartile_tails,0.25,1.0
546852,133,2021-07-28,0.25,0,baseline,quartile_tails,0.25,1.0
547983,133,2021-07-28,0.25,0,baseline,quartile_tails,0.25,1.0
548308,133,2021-07-28,0.25,0,baseline,quartile_tails,0.25,1.0
548809,133,2021-07-28,0.25,0,baseline,quartile_tails,0.25,1.0
549650,133,2021-07-28,1.0,1,high,quartile_tails,0.25,1.0
550043,133,2021-07-28,1.0,1,high,quartile_tails,0.25,1.0
553195,133,2021-07-28,1.0,1,high,quartile_tails,0.25,1.0
554372,133,2021-07-28,0.0,0,baseline,quartile_tails,0.25,1.0
554451,133,2021-07-28,1.0,1,high,quartile_tails,0.25,1.0
554881,133,2021-07-28,1.0,1,high,quartile_tails,0.25,1.0
554964,133,2021-07-28,1.0,1,high,quartile_tails,0.25,1.0
555909,133,2021-07-28,0.25,0,baseline,quartile_tails,0.25,1.0
556091,133,2021-07-28,1.0,1,high,quartile_tails,0.25,1.0
558235,133,2021-07-28,0.1,0,baseline,quartile_tails,0.25,1.0
558556,133,2021-07-28,1.0,1,high,quartile_tails,0.25,1.0
559431,133,2021-07-28,1.0,1,high,quartile_tails,0.25,1.0
560105,133,2021-07-28,0.13392857142857142,0,baseline,quartile_tails,0.25,1.0
562110,133,2021-07-28,1.0,1,high,quartile_tails,0.25,1.0
562142,133,2021-07-28,0.0,0,baseline,quartile_tails,0.25,1.0
562734,133,2021-07-28,0.25,0,baseline,quartile_tails,0.25,1.0
563045,133,2021-07-28,1.0,1,high,quartile_tails,0.25,1.0
564252,133,2021-07-28,1.0,1,high,quartile_tails,0.25,1.0
564943,133,2021-07-28,0.25,0,baseline,quartile_tails,0.25,1.0
568930,133,2021-07-28,0.25,0,baseline,quartile_tails,0.25,1.0
569336,133,2021-07-28,1.0,1,high,quartile_tails,0.25,1.0
569759,133,2021-07-28,1.0,1,high,quartile_tails,0.25,1.0
569944,133,2021-07-28,0.25,0,baseline,quartile_tails,0.25,1.0
570874,133,2021-07-28,0.08333333333333333,0,baseline,quartile_tails,0.25,1.0
572595,133,2021-07-28,0.0,0,baseline,quartile_tails,0.25,1.0
572651,133,2021-07-28,0.0,0,baseline,quartile_tails,0.25,1.0
572720,133,2021-07-28,0.0,0,baseline,quartile_tails,0.25,1.0
574336,133,2021-07-28,1.0,1,high,quartile_tails,0.25,1.0
574905,133,2021-07-28,1.0,1,high,quartile_tails,0.25,1.0
575679,133,2021-07-28,1.0,1,high,quartile_tails,0.25,1.0
577326,133,2021-07-28,1.0,1,high,quartile_tails,0.25,1.0
581678,133,2021-07-28,1.0,1,high,quartile_tails,0.25,1.0
581939,133,2021-07-28,0.2222222222222222,0,baseline,quartile_tails,0.25,1.0
582308,133,2021-07-28,1.0,1,high,quartile_tails,0.25,1.0
584058,133,2021-07-28,1.0,1,high,quartile_tails,0.25,1.0
584358,133,2021-07-28,0.16666666666666666,0,baseline,quartile_tails,0.25,1.0
585819,133,2021-07-28,0.16666666666666666,0,baseline,quartile_tails,0.25,1.0
586413,133,2021-07-28,1.0,1,high,quartile_tails,0.25,1.0
586474,133,2021-07-28,1.0,1,high,quartile_tails,0.25,1.0
587469,133,2021-07-28,0.0,0,baseline,quartile_tails,0.25,1.0
589698,133,2021-07-28,1.0,1,high,quartile_tails,0.25,1.0
593641,133,2021-07-28,1.0,1,high,quartile_tails,0.25,1.0
593644,133,2021-07-28,1.0,1,high,quartile_tails,0.25,1.0
593758,133,2021-07-28,0.20833333333333331,0,baseline,quartile_tails,0.25,1.0
594013,133,2021-07-28,1.0,1,high,quartile_tails,0.25,1.0
594599,133,2021-07-28,0.25,0,baseline,quartile_tails,0.25,1.0
594875,133,2021-07-28,0.25,0,baseline,quartile_tails,0.25,1.0
595059,133,2021-07-28,1.0,1,high,quartile_tails,0.25,1.0
596559,133,2021-07-28,1.0,1,high,quartile_tails,0.25,1.0
598586,133,2021-07-28,1.0,1,high,quartile_tails,0.25,1.0
598593,133,2021-07-28,1.0,1,high,quartile_tails,0.25,1.0
603159,133,2021-07-28,1.0,1,high,quartile_tails,0.25,1.0
603487,133,2021-07-28,1.0,1,high,quartile_tails,0.25,1.0
604394,133,2021-07-28,0.0,0,baseline,quartile_tails,0.25,1.0
606274,133,2021-07-28,1.0,1,high,quartile_tails,0.25,1.0
607289,133,2021-07-28,0.0,0,baseline,quartile_tails,0.25,1.0
607640,133,2021-07-28,0.0,0,baseline,quartile_tails,0.25,1.0
608768,133,2021-07-28,1.0,1,high,quartile_tails,0.25,1.0
609376,133,2021-07-28,0.2222222222222222,0,baseline,quartile_tails,0.25,1.0
609595,133,2021-07-28,1.0,1,high,quartile_tails,0.25,1.0
610062,133,2021-07-28,0.0,0,baseline,quartile_tails,0.25,1.0
611932,133,2021-07-28,1.0,1,high,quartile_tails,0.25,1.0
614643,133,2021-07-28,0.16666666666666666,0,baseline,quartile_tails,0.25,1.0
615029,133,2021-07-28,0.1111111111111111,0,baseline,quartile_tails,0.25,1.0
620162,133,2021-07-28,1.0,1,high,quartile_tails,0.25,1.0
620253,133,2021-07-28,0.0,0,baseline,quartile_tails,0.25,1.0
621010,133,2021-07-28,1.0,1,high,quartile_tails,0.25,1.0
621222,133,2021-07-28,0.2222222222222222,0,baseline,quartile_tails,0.25,1.0
622958,133,2021-07-28,1.0,1,high,quartile_tails,0.25,1.0
622986,133,2021-07-28,1.0,1,high,quartile_tails,0.25,1.0
623667,133,2021-07-28,1.0,1,high,quartile_tails,0.25,1.0
623923,133,2021-07-28,1.0,1,high,quartile_tails,0.25,1.0
624509,133,2021-07-28,1.0,1,high,quartile_tails,0.25,1.0
627242,133,2021-07-28,1.0,1,high,quartile_tails,0.25,1.0
627268,133,2021-07-28,0.0,0,baseline,quartile_tails,0.25,1.0
628968,133,2021-07-28,0.1111111111111111,0,baseline,quartile_tails,0.25,1.0
628995,133,2021-07-28,1.0,1,high,quartile_tails,0.25,1.0
629495,133,2021-07-28,1.0,1,high,quartile_tails,0.25,1.0
630344,133,2021-07-28,0.0,0,baseline,quartile_tails,0.25,1.0
630951,133,2021-07-28,1.0,1,high,quartile_tails,0.25,1.0
630955,133,2021-07-28,1.0,1,high,quartile_tails,0.25,1.0
630958,133,2021-07-28,1.0,1,high,quartile_tails,0.25,1.0
630964,133,2021-07-28,1.0,1,high,quartile_tails,0.25,1.0
631308,133,2021-07-28,1.0,1,high,quartile_tails,0.25,1.0
631544,133,2021-07-28,1.0,1,high,quartile_tails,0.25,1.0
632166,133,2021-07-28,1.0,1,high,quartile_tails,0.25,1.0
632257,133,2021-07-28,1.0,1,high,quartile_tails,0.25,1.0
632549,133,2021-07-28,0.0,0,baseline,quartile_tails,0.25,1.0
632613,133,2021-07-28,0.0,0,baseline,quartile_tails,0.25,1.0
632831,133,2021-07-28,0.1875,0,baseline,quartile_tails,0.25,1.0
633827,133,2021-07-28,1.0,1,high,quartile_tails,0.25,1.0
635656,133,2021-07-28,0.25,0,baseline,quartile_tails,0.25,1.0
636520,133,2021-07-28,1.0,1,high,quartile_tails,0.25,1.0
638594,133,2021-07-28,1.0,1,high,quartile_tails,0.25,1.0
643442,133,2021-07-28,1.0,1,high,quartile_tails,0.25,1.0
644694,133,2021-07-28,1.0,1,high,quartile_tails,0.25,1.0
644941,133,2021-07-28,0.0,0,baseline,quartile_tails,0.25,1.0
647157,133,2021-07-28,0.0,0,baseline,quartile_tails,0.25,1.0
648067,133,2021-07-28,1.0,1,high,quartile_tails,0.25,1.0
655152,133,2021-07-28,0.1125,0,baseline,quartile_tails,0.25,1.0
656119,133,2021-07-28,0.0,0,baseline,quartile_tails,0.25,1.0
657199,133,2021-07-28,0.0,0,baseline,quartile_tails,0.25,1.0
657424,133,2021-07-28,1.0,1,high,quartile_tails,0.25,1.0
657592,133,2021-07-28,1.0,1,high,quartile_tails,0.25,1.0
657763,133,2021-07-28,0.0,0,baseline,quartile_tails,0.25,1.0
659679,133,2021-07-28,1.0,1,high,quartile_tails,0.25,1.0
659735,133,2021-07-28,1.0,1,high,quartile_tails,0.25,1.0
662425,133,2021-07-28,0.20833333333333331,0,baseline,quartile_tails,0.25,1.0
663181,133,2021-07-28,0.0,0,baseline,quartile_tails,0.25,1.0
664450,133,2021-07-28,0.08333333333333333,0,baseline,quartile_tails,0.25,1.0
665839,133,2021-07-28,0.0,0,baseline,quartile_tails,0.25,1.0
666475,133,2021-07-28,0.0,0,baseline,quartile_tails,0.25,1.0
666839,133,2021-07-28,0.0,0,baseline,quartile_tails,0.25,1.0
666912,133,2021-07-28,1.0,1,high,quartile_tails,0.25,1.0
667266,133,2021-07-28,1.0,1,high,quartile_tails,0.25,1.0
667638,133,2021-07-28,1.0,1,high,quartile_tails,0.25,1.0
668601,133,2021-07-28,1.0,1,high,quartile_tails,0.25,1.0
668918,133,2021-07-28,0.16666666666666666,0,baseline,quartile_tails,0.25,1.0
669877,133,2021-07-28,0.16666666666666666,0,baseline,quartile_tails,0.25,1.0
670100,133,2021-07-28,1.0,1,high,quartile_tails,0.25,1.0
670579,133,2021-07-28,1.0,1,high,quartile_tails,0.25,1.0
673370,133,2021-07-28,1.0,1,high,quartile_tails,0.25,1.0
676207,133,2021-07-28,1.0,1,high,quartile_tails,0.25,1.0
676588,133,2021-07-28,1.0,1,high,quartile_tails,0.25,1.0
677015,133,2021-07-28,1.0,1,high,quartile_tails,0.25,1.0
679816,133,2021-07-28,0.0,0,baseline,quartile_tails,0.25,1.0
680693,133,2021-07-28,1.0,1,high,quartile_tails,0.25,1.0
682201,133,2021-07-28,0.0,0,baseline,quartile_tails,0.25,1.0
682671,133,2021-07-28,0.16666666666666666,0,baseline,quartile_tails,0.25,1.0
683561,133,2021-07-28,1.0,1,high,quartile_tails,0.25,1.0
683661,133,2021-07-28,1.0,1,high,quartile_tails,0.25,1.0
683677,133,2021-07-28,0.2,0,baseline,quartile_tails,0.25,1.0
684328,133,2021-07-28,1.0,1,high,quartile_tails,0.25,1.0
684933,133,2021-07-28,1.0,1,high,quartile_tails,0.25,1.0
686193,133,2021-07-28,0.0,0,baseline,quartile_tails,0.25,1.0
687333,133,2021-07-28,0.0,0,baseline,quartile_tails,0.25,1.0
688224,133,2021-07-28,1.0,1,high,quartile_tails,0.25,1.0
688267,133,2021-07-28,0.25,0,baseline,quartile_tails,0.25,1.0
688871,133,2021-07-28,1.0,1,high,quartile_tails,0.25,1.0
690095,133,2021-07-28,0.25,0,baseline,quartile_tails,0.25,1.0
690132,133,2021-07-28,1.0,1,high,quartile_tails,0.25,1.0
691184,133,2021-07-28,0.0,0,baseline,quartile_tails,0.25,1.0
691549,133,2021-07-28,0.0,0,baseline,quartile_tails,0.25,1.0
697814,133,2021-07-28,0.0,0,baseline,quartile_tails,0.25,1.0
697815,133,2021-07-28,0.0,0,baseline,quartile_tails,0.25,1.0
697844,133,2021-07-28,0.0,0,baseline,quartile_tails,0.25,1.0
698476,133,2021-07-28,1.0,1,high,quartile_tails,0.25,1.0
699350,133,2021-07-28,0.25,0,baseline,quartile_tails,0.25,1.0
700094,133,2021-07-28,1.0,1,high,quartile_tails,0.25,1.0
700638,133,2021-07-28,1.0,1,high,quartile_tails,0.25,1.0
700792,133,2021-07-28,0.0,0,baseline,quartile_tails,0.25,1.0
702091,133,2021-07-28,1.0,1,high,quartile_tails,0.25,1.0
702312,133,2021-07-28,1.0,1,high,quartile_tails,0.25,1.0
702531,133,2021-07-28,0.25,0,baseline,quartile_tails,0.25,1.0
702936,133,2021-07-28,0.20833333333333331,0,baseline,quartile_tails,0.25,1.0
703317,133,2021-07-28,1.0,1,high,quartile_tails,0.25,1.0
703733,133,2021-07-28,1.0,1,high,quartile_tails,0.25,1.0
704196,133,2021-07-28,1.0,1,high,quartile_tails,0.25,1.0
706391,133,2021-07-28,1.0,1,high,quartile_tails,0.25,1.0
707958,133,2021-07-28,1.0,1,high,quartile_tails,0.25,1.0
708374,133,2021-07-28,1.0,1,high,quartile_tails,0.25,1.0
708713,133,2021-07-28,1.0,1,high,quartile_tails,0.25,1.0
710092,133,2021-07-28,0.0,0,baseline,quartile_tails,0.25,1.0
711196,133,2021-07-28,0.0,0,baseline,quartile_tails,0.25,1.0
713007,133,2021-07-28,1.0,1,high,quartile_tails,0.25,1.0
713830,133,2021-07-28,1.0,1,high,quartile_tails,0.25,1.0
714438,133,2021-07-28,1.0,1,high,quartile_tails,0.25,1.0
714712,133,2021-07-28,1.0,1,high,quartile_tails,0.25,1.0
715447,133,2021-07-28,0.1125,0,baseline,quartile_tails,0.25,1.0
716114,133,2021-07-28,1.0,1,high,quartile_tails,0.25,1.0
716252,133,2021-07-28,0.0,0,baseline,quartile_tails,0.25,1.0
717062,133,2021-07-28,0.0,0,baseline,quartile_tails,0.25,1.0
717777,133,2021-07-28,0.0,0,baseline,quartile_tails,0.25,1.0
718091,133,2021-07-28,1.0,1,high,quartile_tails,0.25,1.0
719072,133,2021-07-28,1.0,1,high,quartile_tails,0.25,1.0
719156,133,2021-07-28,0.0,0,baseline,quartile_tails,0.25,1.0
719309,133,2021-07-28,0.0,0,baseline,quartile_tails,0.25,1.0
719895,133,2021-07-28,1.0,1,high,quartile_tails,0.25,1.0
720172,133,2021-07-28,0.15,0,baseline,quartile_tails,0.25,1.0
723726,133,2021-07-28,1.0,1,high,quartile_tails,0.25,1.0
724173,133,2021-07-28,0.0,0,baseline,quartile_tails,0.25,1.0
724720,133,2021-07-28,0.0,0,baseline,quartile_tails,0.25,1.0
725352,133,2021-07-28,0.0,0,baseline,quartile_tails,0.25,1.0
726410,133,2021-07-28,0.0,0,baseline,quartile_tails,0.25,1.0
728583,133,2021-07-28,0.0,0,baseline,quartile_tails,0.25,1.0
729126,133,2021-07-28,1.0,1,high,quartile_tails,0.25,1.0
729491,133,2021-07-28,1.0,1,high,quartile_tails,0.25,1.0
729871,133,2021-07-28,1.0,1,high,quartile_tails,0.25,1.0
730135,133,2021-07-28,1.0,1,high,quartile_tails,0.25,1.0
732721,133,2021-07-28,0.0,0,baseline,quartile_tails,0.25,1.0
732883,133,2021-07-28,0.25,0,baseline,quartile_tails,0.25,1.0
733395,133,2021-07-28,1.0,1,high,quartile_tails,0.25,1.0
734372,133,2021-07-28,0.25,0,baseline,quartile_tails,0.25,1.0
735238,133,2021-07-28,1.0,1,high,quartile_tails,0.25,1.0
735597,133,2021-07-28,1.0,1,high,quartile_tails,0.25,1.0
736524,133,2021-07-28,0.25,0,baseline,quartile_tails,0.25,1.0
737382,133,2021-07-28,1.0,1,high,quartile_tails,0.25,1.0
739830,133,2021-07-28,0.0,0,baseline,quartile_tails,0.25,1.0
739901,133,2021-07-28,1.0,1,high,quartile_tails,0.25,1.0
740317,133,2021-07-28,1.0,1,high,quartile_tails,0.25,1.0
740956,133,2021-07-28,1.0,1,high,quartile_tails,0.25,1.0
741846,133,2021-07-28,1.0,1,high,quartile_tails,0.25,1.0
742679,133,2021-07-28,1.0,1,high,quartile_tails,0.25,1.0
742984,133,2021-07-28,0.225,0,baseline,quartile_tails,0.25,1.0
744142,133,2021-07-28,1.0,1,high,quartile_tails,0.25,1.0
744275,133,2021-07-28,0.125,0,baseline,quartile_tails,0.25,1.0
744741,133,2021-07-28,0.25,0,baseline,quartile_tails,0.25,1.0
745135,133,2021-07-28,1.0,1,high,quartile_tails,0.25,1.0
746164,133,2021-07-28,1.0,1,high,quartile_tails,0.25,1.0
748316,133,2021-07-28,1.0,1,high,quartile_tails,0.25,1.0
748417,133,2021-07-28,1.0,1,high,quartile_tails,0.25,1.0
748848,133,2021-07-28,0.0625,0,baseline,quartile_tails,0.25,1.0
749318,133,2021-07-28,1.0,1,high,quartile_tails,0.25,1.0
749340,133,2021-07-28,1.0,1,high,quartile_tails,0.25,1.0
749901,133,2021-07-28,1.0,1,high,quartile_tails,0.25,1.0
750103,133,2021-07-28,1.0,1,high,quartile_tails,0.25,1.0
750756,133,2021-07-28,1.0,1,high,quartile_tails,0.25,1.0
753423,133,2021-07-28,0.125,0,baseline,quartile_tails,0.25,1.0
753486,133,2021-07-28,1.0,1,high,quartile_tails,0.25,1.0
753777,133,2021-07-28,1.0,1,high,quartile_tails,0.25,1.0
754614,133,2021-07-28,0.0,0,baseline,quartile_tails,0.25,1.0
755391,133,2021-07-28,1.0,1,high,quartile_tails,0.25,1.0
755586,133,2021-07-28,1.0,1,high,quartile_tails,0.25,1.0
756715,133,2021-07-28,0.0,0,baseline,quartile_tails,0.25,1.0
756869,133,2021-07-28,0.25,0,baseline,quartile_tails,0.25,1.0
759006,133,2021-07-28,0.20833333333333331,0,baseline,quartile_tails,0.25,1.0
759248,133,2021-07-28,1.0,1,high,quartile_tails,0.25,1.0
761622,133,2021-07-28,1.0,1,high,quartile_tails,0.25,1.0
761638,133,2021-07-28,1.0,1,high,quartile_tails,0.25,1.0
762247,133,2021-07-28,1.0,1,high,quartile_tails,0.25,1.0
764648,133,2021-07-28,1.0,1,high,quartile_tails,0.25,1.0
764744,133,2021-07-28,1.0,1,high,quartile_tails,0.25,1.0
764992,133,2021-07-28,0.0,0,baseline,quartile_tails,0.25,1.0
766518,133,2021-07-28,1.0,1,high,quartile_tails,0.25,1.0
766632,133,2021-07-28,0.0,0,baseline,quartile_tails,0.25,1.0
767902,133,2021-07-28,1.0,1,high,quartile_tails,0.25,1.0
768321,133,2021-07-28,1.0,1,high,quartile_tails,0.25,1.0
770423,133,2021-07-28,0.0,0,baseline,quartile_tails,0.25,1.0
770535,133,2021-07-28,1.0,1,high,quartile_tails,0.25,1.0
770949,133,2021-07-28,1.0,1,high,quartile_tails,0.25,1.0
771235,133,2021-07-28,1.0,1,high,quartile_tails,0.25,1.0
772117,133,2021-07-28,1.0,1,high,quartile_tails,0.25,1.0
772392,133,2021-07-28,0.0,0,baseline,quartile_tails,0.25,1.0
773324,133,2021-07-28,0.05,0,baseline,quartile_tails,0.25,1.0
773615,133,2021-07-28,0.0,0,baseline,quartile_tails,0.25,1.0
773632,133,2021-07-28,0.0,0,baseline,quartile_tails,0.25,1.0
774334,133,2021-07-28,1.0,1,high,quartile_tails,0.25,1.0
774527,133,2021-07-28,0.0,0,baseline,quartile_tails,0.25,1.0
774628,133,2021-07-28,1.0,1,high,quartile_tails,0.25,1.0
777552,133,2021-07-28,0.0,0,baseline,quartile_tails,0.25,1.0
778236,133,2021-07-28,0.0,0,baseline,quartile_tails,0.25,1.0
780062,133,2021-07-28,1.0,1,high,quartile_tails,0.25,1.0
781305,133,2021-07-28,1.0,1,high,quartile_tails,0.25,1.0
784008,133,2021-07-28,0.16666666666666666,0,baseline,quartile_tails,0.25,1.0
784279,133,2021-07-28,1.0,1,high,quartile_tails,0.25,1.0
785890,133,2021-07-28,0.0,0,baseline,quartile_tails,0.25,1.0
786863,133,2021-07-28,0.0,0,baseline,quartile_tails,0.25,1.0
787356,133,2021-07-28,1.0,1,high,quartile_tails,0.25,1.0
787436,133,2021-07-28,1.0,1,high,quartile_tails,0.25,1.0
787465,133,2021-07-28,1.0,1,high,quartile_tails,0.25,1.0
787741,133,2021-07-28,1.0,1,high,quartile_tails,0.25,1.0
787856,133,2021-07-28,0.0,0,baseline,quartile_tails,0.25,1.0
789049,133,2021-07-28,1.0,1,high,quartile_tails,0.25,1.0
790026,133,2021-07-28,1.0,1,high,quartile_tails,0.25,1.0
791565,133,2021-07-28,0.0,0,baseline,quartile_tails,0.25,1.0
792276,133,2021-07-28,1.0,1,high,quartile_tails,0.25,1.0
793655,133,2021-07-28,1.0,1,high,quartile_tails,0.25,1.0
794412,133,2021-07-28,0.0,0,baseline,quartile_tails,0.25,1.0
794844,133,2021-07-28,1.0,1,high,quartile_tails,0.25,1.0
794850,133,2021-07-28,0.0,0,baseline,quartile_tails,0.25,1.0
795135,133,2021-07-28,0.0,0,baseline,quartile_tails,0.25,1.0
795562,133,2021-07-28,0.0,0,baseline,quartile_tails,0.25,1.0
796255,133,2021-07-28,1.0,1,high,quartile_tails,0.25,1.0
796730,133,2021-07-28,1.0,1,high,quartile_tails,0.25,1.0
797623,133,2021-07-28,0.0,0,baseline,quartile_tails,0.25,1.0
798609,133,2021-07-28,0.0,0,baseline,quartile_tails,0.25,1.0
798789,133,2021-07-28,0.0,0,baseline,quartile_tails,0.25,1.0
798795,133,2021-07-28,1.0,1,high,quartile_tails,0.25,1.0
799741,133,2021-07-28,1.0,1,high,quartile_tails,0.25,1.0
800356,133,2021-07-28,1.0,1,high,quartile_tails,0.25,1.0
802624,133,2021-07-28,1.0,1,high,quartile_tails,0.25,1.0
802754,133,2021-07-28,1.0,1,high,quartile_tails,0.25,1.0
804271,133,2021-07-28,0.0,0,baseline,quartile_tails,0.25,1.0
804601,133,2021-07-28,0.16666666666666666,0,baseline,quartile_tails,0.25,1.0
804686,133,2021-07-28,0.1875,0,baseline,quartile_tails,0.25,1.0
805087,133,2021-07-28,1.0,1,high,quartile_tails,0.25,1.0
805646,133,2021-07-28,1.0,1,high,quartile_tails,0.25,1.0
109,121,2021-08-03,0.22916666666666666,0,baseline,quartile_tails,0.25,1.0
435,121,2021-08-03,1.0,1,high,quartile_tails,0.25,1.0
1427,121,2021-08-03,0.0,0,baseline,quartile_tails,0.25,1.0
3233,121,2021-08-03,1.0,1,high,quartile_tails,0.25,1.0
4170,121,2021-08-03,1.0,1,high,quartile_tails,0.25,1.0
4174,121,2021-08-03,1.0,1,high,quartile_tails,0.25,1.0
4175,121,2021-08-03,1.0,1,high,quartile_tails,0.25,1.0
4201,121,2021-08-03,1.0,1,high,quartile_tails,0.25,1.0
4317,121,2021-08-03,0.25,0,baseline,quartile_tails,0.25,1.0
4510,121,2021-08-03,1.0,1,high,quartile_tails,0.25,1.0
4827,121,2021-08-03,1.0,1,high,quartile_tails,0.25,1.0
8339,121,2021-08-03,0.16666666666666666,0,baseline,quartile_tails,0.25,1.0
8983,121,2021-08-03,1.0,1,high,quartile_tails,0.25,1.0
10353,121,2021-08-03,0.25,0,baseline,quartile_tails,0.25,1.0
10526,121,2021-08-03,1.0,1,high,quartile_tails,0.25,1.0
12983,121,2021-08-03,1.0,1,high,quartile_tails,0.25,1.0
13546,121,2021-08-03,1.0,1,high,quartile_tails,0.25,1.0
14732,121,2021-08-03,1.0,1,high,quartile_tails,0.25,1.0
14942,121,2021-08-03,1.0,1,high,quartile_tails,0.25,1.0
16557,121,2021-08-03,1.0,1,high,quartile_tails,0.25,1.0
21635,121,2021-08-03,1.0,1,high,quartile_tails,0.25,1.0
22770,121,2021-08-03,1.0,1,high,quartile_tails,0.25,1.0
23082,121,2021-08-03,0.16666666666666666,0,baseline,quartile_tails,0.25,1.0
23411,121,2021-08-03,1.0,1,high,quartile_tails,0.25,1.0
24227,121,2021-08-03,1.0,1,high,quartile_tails,0.25,1.0
25391,121,2021-08-03,1.0,1,high,quartile_tails,0.25,1.0
25570,121,2021-08-03,1.0,1,high,quartile_tails,0.25,1.0
26136,121,2021-08-03,0.25,0,baseline,quartile_tails,0.25,1.0
29496,121,2021-08-03,0.125,0,baseline,quartile_tails,0.25,1.0
30517,121,2021-08-03,1.0,1,high,quartile_tails,0.25,1.0
30693,121,2021-08-03,1.0,1,high,quartile_tails,0.25,1.0
31341,121,2021-08-03,1.0,1,high,quartile_tails,0.25,1.0
31558,121,2021-08-03,1.0,1,high,quartile_tails,0.25,1.0
34038,121,2021-08-03,1.0,1,high,quartile_tails,0.25,1.0
34102,121,2021-08-03,1.0,1,high,quartile_tails,0.25,1.0
35812,121,2021-08-03,1.0,1,high,quartile_tails,0.25,1.0
37540,121,2021-08-03,1.0,1,high,quartile_tails,0.25,1.0
37779,121,2021-08-03,1.0,1,high,quartile_tails,0.25,1.0
37946,121,2021-08-03,1.0,1,high,quartile_tails,0.25,1.0
38931,121,2021-08-03,1.0,1,high,quartile_tails,0.25,1.0
39209,121,2021-08-03,0.08333333333333333,0,baseline,quartile_tails,0.25,1.0
43112,121,2021-08-03,0.0,0,baseline,quartile_tails,0.25,1.0
43611,121,2021-08-03,0.14583333333333331,0,baseline,quartile_tails,0.25,1.0
47859,121,2021-08-03,1.0,1,high,quartile_tails,0.25,1.0
50681,121,2021-08-03,0.0,0,baseline,quartile_tails,0.25,1.0
52751,121,2021-08-03,0.25,0,baseline,quartile_tails,0.25,1.0
53058,121,2021-08-03,1.0,1,high,quartile_tails,0.25,1.0
53186,121,2021-08-03,0.2222222222222222,0,baseline,quartile_tails,0.25,1.0
53586,121,2021-08-03,0.0,0,baseline,quartile_tails,0.25,1.0
53619,121,2021-08-03,1.0,1,high,quartile_tails,0.25,1.0
54121,121,2021-08-03,0.125,0,baseline,quartile_tails,0.25,1.0
60897,121,2021-08-03,1.0,1,high,quartile_tails,0.25,1.0
61236,121,2021-08-03,0.0,0,baseline,quartile_tails,0.25,1.0
63898,121,2021-08-03,1.0,1,high,quartile_tails,0.25,1.0
66601,121,2021-08-03,0.13333333333333333,0,baseline,quartile_tails,0.25,1.0
66869,121,2021-08-03,1.0,1,high,quartile_tails,0.25,1.0
68173,121,2021-08-03,1.0,1,high,quartile_tails,0.25,1.0
69753,121,2021-08-03,0.20833333333333331,0,baseline,quartile_tails,0.25,1.0
70197,121,2021-08-03,1.0,1,high,quartile_tails,0.25,1.0
71786,121,2021-08-03,0.0,0,baseline,quartile_tails,0.25,1.0
71815,121,2021-08-03,1.0,1,high,quartile_tails,0.25,1.0
72953,121,2021-08-03,0.1875,0,baseline,quartile_tails,0.25,1.0
73876,121,2021-08-03,0.25,0,baseline,quartile_tails,0.25,1.0
74234,121,2021-08-03,1.0,1,high,quartile_tails,0.25,1.0
74334,121,2021-08-03,0.0,0,baseline,quartile_tails,0.25,1.0
74443,121,2021-08-03,0.0,0,baseline,quartile_tails,0.25,1.0
75503,121,2021-08-03,0.0,0,baseline,quartile_tails,0.25,1.0
76939,121,2021-08-03,0.0,0,baseline,quartile_tails,0.25,1.0
77669,121,2021-08-03,1.0,1,high,quartile_tails,0.25,1.0
78207,121,2021-08-03,0.0,0,baseline,quartile_tails,0.25,1.0
78234,121,2021-08-03,1.0,1,high,quartile_tails,0.25,1.0
79604,121,2021-08-03,1.0,1,high,quartile_tails,0.25,1.0
80135,121,2021-08-03,1.0,1,high,quartile_tails,0.25,1.0
81163,121,2021-08-03,0.0,0,baseline,quartile_tails,0.25,1.0
81207,121,2021-08-03,0.0,0,baseline,quartile_tails,0.25,1.0
82415,121,2021-08-03,1.0,1,high,quartile_tails,0.25,1.0
82758,121,2021-08-03,1.0,1,high,quartile_tails,0.25,1.0
83128,121,2021-08-03,1.0,1,high,quartile_tails,0.25,1.0
84087,121,2021-08-03,0.0,0,baseline,quartile_tails,0.25,1.0
87821,121,2021-08-03,1.0,1,high,quartile_tails,0.25,1.0
88717,121,2021-08-03,0.20833333333333331,0,baseline,quartile_tails,0.25,1.0
89926,121,2021-08-03,1.0,1,high,quartile_tails,0.25,1.0
91738,121,2021-08-03,0.25,0,baseline,quartile_tails,0.25,1.0
91859,121,2021-08-03,1.0,1,high,quartile_tails,0.25,1.0
94521,121,2021-08-03,1.0,1,high,quartile_tails,0.25,1.0
96867,121,2021-08-03,1.0,1,high,quartile_tails,0.25,1.0
96970,121,2021-08-03,0.16666666666666666,0,baseline,quartile_tails,0.25,1.0
99010,121,2021-08-03,1.0,1,high,quartile_tails,0.25,1.0
99253,121,2021-08-03,1.0,1,high,quartile_tails,0.25,1.0
100779,121,2021-08-03,1.0,1,high,quartile_tails,0.25,1.0
103032,121,2021-08-03,1.0,1,high,quartile_tails,0.25,1.0
104216,121,2021-08-03,1.0,1,high,quartile_tails,0.25,1.0
104667,121,2021-08-03,1.0,1,high,quartile_tails,0.25,1.0
107036,121,2021-08-03,1.0,1,high,quartile_tails,0.25,1.0
107070,121,2021-08-03,1.0,1,high,quartile_tails,0.25,1.0
109082,121,2021-08-03,1.0,1,high,quartile_tails,0.25,1.0
109490,121,2021-08-03,0.0,0,baseline,quartile_tails,0.25,1.0
111562,121,2021-08-03,1.0,1,high,quartile_tails,0.25,1.0
112441,121,2021-08-03,1.0,1,high,quartile_tails,0.25,1.0
112985,121,2021-08-03,1.0,1,high,quartile_tails,0.25,1.0
113252,121,2021-08-03,0.16666666666666666,0,baseline,quartile_tails,0.25,1.0
113465,121,2021-08-03,0.25,0,baseline,quartile_tails,0.25,1.0
114657,121,2021-08-03,0.0,0,baseline,quartile_tails,0.25,1.0
117899,121,2021-08-03,0.0,0,baseline,quartile_tails,0.25,1.0
118863,121,2021-08-03,1.0,1,high,quartile_tails,0.25,1.0
118993,121,2021-08-03,1.0,1,high,quartile_tails,0.25,1.0
120255,121,2021-08-03,1.0,1,high,quartile_tails,0.25,1.0
120401,121,2021-08-03,1.0,1,high,quartile_tails,0.25,1.0
121030,121,2021-08-03,1.0,1,high,quartile_tails,0.25,1.0
124082,121,2021-08-03,1.0,1,high,quartile_tails,0.25,1.0
124108,121,2021-08-03,0.25,0,baseline,quartile_tails,0.25,1.0
125264,121,2021-08-03,1.0,1,high,quartile_tails,0.25,1.0
126421,121,2021-08-03,1.0,1,high,quartile_tails,0.25,1.0
126548,121,2021-08-03,1.0,1,high,quartile_tails,0.25,1.0
127058,121,2021-08-03,1.0,1,high,quartile_tails,0.25,1.0
127882,121,2021-08-03,1.0,1,high,quartile_tails,0.25,1.0
131759,121,2021-08-03,1.0,1,high,quartile_tails,0.25,1.0
132040,121,2021-08-03,1.0,1,high,quartile_tails,0.25,1.0
132061,121,2021-08-03,0.0,0,baseline,quartile_tails,0.25,1.0
132213,121,2021-08-03,0.1625,0,baseline,quartile_tails,0.25,1.0
133898,121,2021-08-03,0.25,0,baseline,quartile_tails,0.25,1.0
135578,121,2021-08-03,1.0,1,high,quartile_tails,0.25,1.0
136844,121,2021-08-03,1.0,1,high,quartile_tails,0.25,1.0
138829,121,2021-08-03,1.0,1,high,quartile_tails,0.25,1.0
139442,121,2021-08-03,0.1875,0,baseline,quartile_tails,0.25,1.0
140240,121,2021-08-03,1.0,1,high,quartile_tails,0.25,1.0
142195,121,2021-08-03,1.0,1,high,quartile_tails,0.25,1.0
142927,121,2021-08-03,1.0,1,high,quartile_tails,0.25,1.0
146406,121,2021-08-03,0.0,0,baseline,quartile_tails,0.25,1.0
146676,121,2021-08-03,1.0,1,high,quartile_tails,0.25,1.0
147082,121,2021-08-03,0.0,0,baseline,quartile_tails,0.25,1.0
147151,121,2021-08-03,1.0,1,high,quartile_tails,0.25,1.0
147861,121,2021-08-03,1.0,1,high,quartile_tails,0.25,1.0
149705,121,2021-08-03,1.0,1,high,quartile_tails,0.25,1.0
150898,121,2021-08-03,0.0,0,baseline,quartile_tails,0.25,1.0
151184,121,2021-08-03,1.0,1,high,quartile_tails,0.25,1.0
154178,121,2021-08-03,1.0,1,high,quartile_tails,0.25,1.0
154823,121,2021-08-03,1.0,1,high,quartile_tails,0.25,1.0
155980,121,2021-08-03,0.16666666666666666,0,baseline,quartile_tails,0.25,1.0
156790,121,2021-08-03,1.0,1,high,quartile_tails,0.25,1.0
158551,121,2021-08-03,1.0,1,high,quartile_tails,0.25,1.0
158680,121,2021-08-03,0.0,0,baseline,quartile_tails,0.25,1.0
159138,121,2021-08-03,0.0,0,baseline,quartile_tails,0.25,1.0
162306,121,2021-08-03,1.0,1,high,quartile_tails,0.25,1.0
165458,121,2021-08-03,0.125,0,baseline,quartile_tails,0.25,1.0
165556,121,2021-08-03,1.0,1,high,quartile_tails,0.25,1.0
165876,121,2021-08-03,1.0,1,high,quartile_tails,0.25,1.0
167606,121,2021-08-03,1.0,1,high,quartile_tails,0.25,1.0
168011,121,2021-08-03,1.0,1,high,quartile_tails,0.25,1.0
168749,121,2021-08-03,0.0,0,baseline,quartile_tails,0.25,1.0
170762,121,2021-08-03,1.0,1,high,quartile_tails,0.25,1.0
171265,121,2021-08-03,0.0,0,baseline,quartile_tails,0.25,1.0
171498,121,2021-08-03,1.0,1,high,quartile_tails,0.25,1.0
173848,121,2021-08-03,1.0,1,high,quartile_tails,0.25,1.0
174405,121,2021-08-03,1.0,1,high,quartile_tails,0.25,1.0
175616,121,2021-08-03,0.0,0,baseline,quartile_tails,0.25,1.0
176246,121,2021-08-03,0.0,0,baseline,quartile_tails,0.25,1.0
176699,121,2021-08-03,0.0,0,baseline,quartile_tails,0.25,1.0
179050,121,2021-08-03,0.2222222222222222,0,baseline,quartile_tails,0.25,1.0
180001,121,2021-08-03,1.0,1,high,quartile_tails,0.25,1.0
180542,121,2021-08-03,0.16666666666666666,0,baseline,quartile_tails,0.25,1.0
182103,121,2021-08-03,1.0,1,high,quartile_tails,0.25,1.0
184414,121,2021-08-03,1.0,1,high,quartile_tails,0.25,1.0
187714,121,2021-08-03,1.0,1,high,quartile_tails,0.25,1.0
189085,121,2021-08-03,1.0,1,high,quartile_tails,0.25,1.0
191123,121,2021-08-03,1.0,1,high,quartile_tails,0.25,1.0
191313,121,2021-08-03,1.0,1,high,quartile_tails,0.25,1.0
192371,121,2021-08-03,0.0,0,baseline,quartile_tails,0.25,1.0
193609,121,2021-08-03,1.0,1,high,quartile_tails,0.25,1.0
193773,121,2021-08-03,0.0,0,baseline,quartile_tails,0.25,1.0
194300,121,2021-08-03,0.0,0,baseline,quartile_tails,0.25,1.0
196159,121,2021-08-03,1.0,1,high,quartile_tails,0.25,1.0
197252,121,2021-08-03,0.15714285714285714,0,baseline,quartile_tails,0.25,1.0
197979,121,2021-08-03,0.0,0,baseline,quartile_tails,0.25,1.0
199659,121,2021-08-03,1.0,1,high,quartile_tails,0.25,1.0
200609,121,2021-08-03,0.21666666666666667,0,baseline,quartile_tails,0.25,1.0
207371,121,2021-08-03,0.0,0,baseline,quartile_tails,0.25,1.0
207774,121,2021-08-03,0.20833333333333331,0,baseline,quartile_tails,0.25,1.0
207803,121,2021-08-03,1.0,1,high,quartile_tails,0.25,1.0
209233,121,2021-08-03,0.25,0,baseline,quartile_tails,0.25,1.0
210676,121,2021-08-03,0.0,0,baseline,quartile_tails,0.25,1.0
213577,121,2021-08-03,0.125,0,baseline,quartile_tails,0.25,1.0
214781,121,2021-08-03,0.16666666666666666,0,baseline,quartile_tails,0.25,1.0
216943,121,2021-08-03,1.0,1,high,quartile_tails,0.25,1.0
220287,121,2021-08-03,1.0,1,high,quartile_tails,0.25,1.0
221168,121,2021-08-03,1.0,1,high,quartile_tails,0.25,1.0
221194,121,2021-08-03,1.0,1,high,quartile_tails,0.25,1.0
221783,121,2021-08-03,0.25,0,baseline,quartile_tails,0.25,1.0
222272,121,2021-08-03,0.25,0,baseline,quartile_tails,0.25,1.0
222543,121,2021-08-03,1.0,1,high,quartile_tails,0.25,1.0
223168,121,2021-08-03,0.25,0,baseline,quartile_tails,0.25,1.0
224431,121,2021-08-03,1.0,1,high,quartile_tails,0.25,1.0
225084,121,2021-08-03,1.0,1,high,quartile_tails,0.25,1.0
225639,121,2021-08-03,1.0,1,high,quartile_tails,0.25,1.0
227163,121,2021-08-03,1.0,1,high,quartile_tails,0.25,1.0
227226,121,2021-08-03,1.0,1,high,quartile_tails,0.25,1.0
227534,121,2021-08-03,1.0,1,high,quartile_tails,0.25,1.0
228505,121,2021-08-03,0.0,0,baseline,quartile_tails,0.25,1.0
229604,121,2021-08-03,0.0,0,baseline,quartile_tails,0.25,1.0
230774,121,2021-08-03,0.0,0,baseline,quartile_tails,0.25,1.0
231533,121,2021-08-03,0.16666666666666666,0,baseline,quartile_tails,0.25,1.0
233189,121,2021-08-03,1.0,1,high,quartile_tails,0.25,1.0
233422,121,2021-08-03,0.0,0,baseline,quartile_tails,0.25,1.0
233807,121,2021-08-03,1.0,1,high,quartile_tails,0.25,1.0
233885,121,2021-08-03,1.0,1,high,quartile_tails,0.25,1.0
240371,121,2021-08-03,0.0,0,baseline,quartile_tails,0.25,1.0
243211,121,2021-08-03,0.0,0,baseline,quartile_tails,0.25,1.0
243731,121,2021-08-03,0.0,0,baseline,quartile_tails,0.25,1.0
243852,121,2021-08-03,1.0,1,high,quartile_tails,0.25,1.0
244039,121,2021-08-03,1.0,1,high,quartile_tails,0.25,1.0
244586,121,2021-08-03,1.0,1,high,quartile_tails,0.25,1.0
250203,121,2021-08-03,1.0,1,high,quartile_tails,0.25,1.0
253436,121,2021-08-03,0.0,0,baseline,quartile_tails,0.25,1.0
256428,121,2021-08-03,1.0,1,high,quartile_tails,0.25,1.0
257043,121,2021-08-03,1.0,1,high,quartile_tails,0.25,1.0
260665,121,2021-08-03,1.0,1,high,quartile_tails,0.25,1.0
262098,121,2021-08-03,1.0,1,high,quartile_tails,0.25,1.0
263462,121,2021-08-03,0.0,0,baseline,quartile_tails,0.25,1.0
263549,121,2021-08-03,0.15,0,baseline,quartile_tails,0.25,1.0
263641,121,2021-08-03,1.0,1,high,quartile_tails,0.25,1.0
263872,121,2021-08-03,0.16666666666666666,0,baseline,quartile_tails,0.25,1.0
264758,121,2021-08-03,0.0,0,baseline,quartile_tails,0.25,1.0
265282,121,2021-08-03,1.0,1,high,quartile_tails,0.25,1.0
265896,121,2021-08-03,0.0,0,baseline,quartile_tails,0.25,1.0
267735,121,2021-08-03,0.16666666666666666,0,baseline,quartile_tails,0.25,1.0
267818,121,2021-08-03,0.1875,0,baseline,quartile_tails,0.25,1.0
267825,121,2021-08-03,1.0,1,high,quartile_tails,0.25,1.0
267888,121,2021-08-03,1.0,1,high,quartile_tails,0.25,1.0
269353,121,2021-08-03,0.25,0,baseline,quartile_tails,0.25,1.0
269413,121,2021-08-03,0.0,0,baseline,quartile_tails,0.25,1.0
270183,121,2021-08-03,1.0,1,high,quartile_tails,0.25,1.0
270239,121,2021-08-03,1.0,1,high,quartile_tails,0.25,1.0
271562,121,2021-08-03,1.0,1,high,quartile_tails,0.25,1.0
272427,121,2021-08-03,0.0,0,baseline,quartile_tails,0.25,1.0
272874,121,2021-08-03,1.0,1,high,quartile_tails,0.25,1.0
276337,121,2021-08-03,0.0,0,baseline,quartile_tails,0.25,1.0
278601,121,2021-08-03,0.0,0,baseline,quartile_tails,0.25,1.0
278770,121,2021-08-03,1.0,1,high,quartile_tails,0.25,1.0
280328,121,2021-08-03,0.0,0,baseline,quartile_tails,0.25,1.0
282700,121,2021-08-03,0.25,0,baseline,quartile_tails,0.25,1.0
285252,121,2021-08-03,1.0,1,high,quartile_tails,0.25,1.0
285529,121,2021-08-03,1.0,1,high,quartile_tails,0.25,1.0
285648,121,2021-08-03,1.0,1,high,quartile_tails,0.25,1.0
285739,121,2021-08-03,0.125,0,baseline,quartile_tails,0.25,1.0
289520,121,2021-08-03,1.0,1,high,quartile_tails,0.25,1.0
290698,121,2021-08-03,1.0,1,high,quartile_tails,0.25,1.0
291141,121,2021-08-03,0.16666666666666666,0,baseline,quartile_tails,0.25,1.0
291206,121,2021-08-03,0.25,0,baseline,quartile_tails,0.25,1.0
291246,121,2021-08-03,1.0,1,high,quartile_tails,0.25,1.0
291698,121,2021-08-03,1.0,1,high,quartile_tails,0.25,1.0
293161,121,2021-08-03,1.0,1,high,quartile_tails,0.25,1.0
293176,121,2021-08-03,0.0,0,baseline,quartile_tails,0.25,1.0
293656,121,2021-08-03,0.0,0,baseline,quartile_tails,0.25,1.0
294811,121,2021-08-03,0.0,0,baseline,quartile_tails,0.25,1.0
295932,121,2021-08-03,1.0,1,high,quartile_tails,0.25,1.0
296304,121,2021-08-03,1.0,1,high,quartile_tails,0.25,1.0
296982,121,2021-08-03,0.0,0,baseline,quartile_tails,0.25,1.0
297028,121,2021-08-03,1.0,1,high,quartile_tails,0.25,1.0
298295,121,2021-08-03,1.0,1,high,quartile_tails,0.25,1.0
299434,121,2021-08-03,0.0,0,baseline,quartile_tails,0.25,1.0
300825,121,2021-08-03,1.0,1,high,quartile_tails,0.25,1.0
302088,121,2021-08-03,1.0,1,high,quartile_tails,0.25,1.0
302148,121,2021-08-03,0.0,0,baseline,quartile_tails,0.25,1.0
307537,121,2021-08-03,0.0,0,baseline,quartile_tails,0.25,1.0
308133,121,2021-08-03,1.0,1,high,quartile_tails,0.25,1.0
309409,121,2021-08-03,1.0,1,high,quartile_tails,0.25,1.0
309695,121,2021-08-03,1.0,1,high,quartile_tails,0.25,1.0
310288,121,2021-08-03,1.0,1,high,quartile_tails,0.25,1.0
310481,121,2021-08-03,0.16666666666666666,0,baseline,quartile_tails,0.25,1.0
311161,121,2021-08-03,0.0,0,baseline,quartile_tails,0.25,1.0
313149,121,2021-08-03,0.25,0,baseline,quartile_tails,0.25,1.0
313474,121,2021-08-03,0.0,0,baseline,quartile_tails,0.25,1.0
314274,121,2021-08-03,0.25,0,baseline,quartile_tails,0.25,1.0
314349,121,2021-08-03,1.0,1,high,quartile_tails,0.25,1.0
315019,121,2021-08-03,1.0,1,high,quartile_tails,0.25,1.0
316267,121,2021-08-03,1.0,1,high,quartile_tails,0.25,1.0
318544,121,2021-08-03,0.0,0,baseline,quartile_tails,0.25,1.0
318817,121,2021-08-03,1.0,1,high,quartile_tails,0.25,1.0
323007,121,2021-08-03,1.0,1,high,quartile_tails,0.25,1.0
323651,121,2021-08-03,0.0,0,baseline,quartile_tails,0.25,1.0
324377,121,2021-08-03,1.0,1,high,quartile_tails,0.25,1.0
325606,121,2021-08-03,0.0,0,baseline,quartile_tails,0.25,1.0
325870,121,2021-08-03,1.0,1,high,quartile_tails,0.25,1.0
327207,121,2021-08-03,1.0,1,high,quartile_tails,0.25,1.0
329019,121,2021-08-03,1.0,1,high,quartile_tails,0.25,1.0
331006,121,2021-08-03,0.25,0,baseline,quartile_tails,0.25,1.0
333780,121,2021-08-03,0.0,0,baseline,quartile_tails,0.25,1.0
334440,121,2021-08-03,0.0,0,baseline,quartile_tails,0.25,1.0
334988,121,2021-08-03,0.0,0,baseline,quartile_tails,0.25,1.0
336318,121,2021-08-03,1.0,1,high,quartile_tails,0.25,1.0
338337,121,2021-08-03,0.0,0,baseline,quartile_tails,0.25,1.0
338761,121,2021-08-03,0.25,0,baseline,quartile_tails,0.25,1.0
339269,121,2021-08-03,0.0,0,baseline,quartile_tails,0.25,1.0
341539,121,2021-08-03,0.2,0,baseline,quartile_tails,0.25,1.0
341760,121,2021-08-03,0.0,0,baseline,quartile_tails,0.25,1.0
345093,121,2021-08-03,1.0,1,high,quartile_tails,0.25,1.0
348005,121,2021-08-03,1.0,1,high,quartile_tails,0.25,1.0
350745,121,2021-08-03,1.0,1,high,quartile_tails,0.25,1.0
351430,121,2021-08-03,0.0,0,baseline,quartile_tails,0.25,1.0
352677,121,2021-08-03,0.0,0,baseline,quartile_tails,0.25,1.0
352798,121,2021-08-03,1.0,1,high,quartile_tails,0.25,1.0
353331,121,2021-08-03,1.0,1,high,quartile_tails,0.25,1.0
354291,121,2021-08-03,0.25,0,baseline,quartile_tails,0.25,1.0
357457,121,2021-08-03,0.125,0,baseline,quartile_tails,0.25,1.0
360478,121,2021-08-03,0.25,0,baseline,quartile_tails,0.25,1.0
363965,121,2021-08-03,0.25,0,baseline,quartile_tails,0.25,1.0
364408,121,2021-08-03,0.0,0,baseline,quartile_tails,0.25,1.0
365671,121,2021-08-03,0.0,0,baseline,quartile_tails,0.25,1.0
365994,121,2021-08-03,0.0,0,baseline,quartile_tails,0.25,1.0
366341,121,2021-08-03,0.2222222222222222,0,baseline,quartile_tails,0.25,1.0
367125,121,2021-08-03,1.0,1,high,quartile_tails,0.25,1.0
367265,121,2021-08-03,1.0,1,high,quartile_tails,0.25,1.0
368432,121,2021-08-03,1.0,1,high,quartile_tails,0.25,1.0
368559,121,2021-08-03,1.0,1,high,quartile_tails,0.25,1.0
369016,121,2021-08-03,1.0,1,high,quartile_tails,0.25,1.0
370063,121,2021-08-03,1.0,1,high,quartile_tails,0.25,1.0
370242,121,2021-08-03,1.0,1,high,quartile_tails,0.25,1.0
370507,121,2021-08-03,0.2222222222222222,0,baseline,quartile_tails,0.25,1.0
372239,121,2021-08-03,1.0,1,high,quartile_tails,0.25,1.0
373180,121,2021-08-03,0.2222222222222222,0,baseline,quartile_tails,0.25,1.0
373439,121,2021-08-03,0.0,0,baseline,quartile_tails,0.25,1.0
374101,121,2021-08-03,1.0,1,high,quartile_tails,0.25,1.0
375117,121,2021-08-03,0.25,0,baseline,quartile_tails,0.25,1.0
375435,121,2021-08-03,0.25,0,baseline,quartile_tails,0.25,1.0
375789,121,2021-08-03,0.0,0,baseline,quartile_tails,0.25,1.0
376361,121,2021-08-03,1.0,1,high,quartile_tails,0.25,1.0
376941,121,2021-08-03,0.0,0,baseline,quartile_tails,0.25,1.0
377945,121,2021-08-03,1.0,1,high,quartile_tails,0.25,1.0
379042,121,2021-08-03,0.0,0,baseline,quartile_tails,0.25,1.0
381450,121,2021-08-03,0.16666666666666666,0,baseline,quartile_tails,0.25,1.0
381531,121,2021-08-03,1.0,1,high,quartile_tails,0.25,1.0
382298,121,2021-08-03,0.25,0,baseline,quartile_tails,0.25,1.0
386063,121,2021-08-03,1.0,1,high,quartile_tails,0.25,1.0
386736,121,2021-08-03,1.0,1,high,quartile_tails,0.25,1.0
388910,121,2021-08-03,1.0,1,high,quartile_tails,0.25,1.0
389315,121,2021-08-03,0.0,0,baseline,quartile_tails,0.25,1.0
389549,121,2021-08-03,1.0,1,high,quartile_tails,0.25,1.0
389775,121,2021-08-03,0.0,0,baseline,quartile_tails,0.25,1.0
390051,121,2021-08-03,0.0,0,baseline,quartile_tails,0.25,1.0
390420,121,2021-08-03,0.16666666666666666,0,baseline,quartile_tails,0.25,1.0
392068,121,2021-08-03,1.0,1,high,quartile_tails,0.25,1.0
393658,121,2021-08-03,0.0,0,baseline,quartile_tails,0.25,1.0
395516,121,2021-08-03,0.0,0,baseline,quartile_tails,0.25,1.0
395971,121,2021-08-03,0.0,0,baseline,quartile_tails,0.25,1.0
399110,121,2021-08-03,0.0,0,baseline,quartile_tails,0.25,1.0
399128,121,2021-08-03,0.19999999999999998,0,baseline,quartile_tails,0.25,1.0
400255,121,2021-08-03,1.0,1,high,quartile_tails,0.25,1.0
400368,121,2021-08-03,1.0,1,high,quartile_tails,0.25,1.0
402636,121,2021-08-03,0.0,0,baseline,quartile_tails,0.25,1.0
404216,121,2021-08-03,1.0,1,high,quartile_tails,0.25,1.0
404306,121,2021-08-03,0.2222222222222222,0,baseline,quartile_tails,0.25,1.0
405116,121,2021-08-03,0.0,0,baseline,quartile_tails,0.25,1.0
407924,121,2021-08-03,1.0,1,high,quartile_tails,0.25,1.0
408396,121,2021-08-03,1.0,1,high,quartile_tails,0.25,1.0
411535,121,2021-08-03,1.0,1,high,quartile_tails,0.25,1.0
412197,121,2021-08-03,1.0,1,high,quartile_tails,0.25,1.0
412838,121,2021-08-03,1.0,1,high,quartile_tails,0.25,1.0
413991,121,2021-08-03,1.0,1,high,quartile_tails,0.25,1.0
414326,121,2021-08-03,1.0,1,high,quartile_tails,0.25,1.0
414676,121,2021-08-03,1.0,1,high,quartile_tails,0.25,1.0
416955,121,2021-08-03,1.0,1,high,quartile_tails,0.25,1.0
424241,121,2021-08-03,0.25,0,baseline,quartile_tails,0.25,1.0
424251,121,2021-08-03,1.0,1,high,quartile_tails,0.25,1.0
428355,121,2021-08-03,1.0,1,high,quartile_tails,0.25,1.0
429969,121,2021-08-03,1.0,1,high,quartile_tails,0.25,1.0
430310,121,2021-08-03,0.16666666666666666,0,baseline,quartile_tails,0.25,1.0
431630,121,2021-08-03,0.0,0,baseline,quartile_tails,0.25,1.0
432285,121,2021-08-03,1.0,1,high,quartile_tails,0.25,1.0
433679,121,2021-08-03,1.0,1,high,quartile_tails,0.25,1.0
433834,121,2021-08-03,0.25,0,baseline,quartile_tails,0.25,1.0
433888,121,2021-08-03,1.0,1,high,quartile_tails,0.25,1.0
433905,121,2021-08-03,1.0,1,high,quartile_tails,0.25,1.0
435420,121,2021-08-03,1.0,1,high,quartile_tails,0.25,1.0
435685,121,2021-08-03,0.16666666666666666,0,baseline,quartile_tails,0.25,1.0
436862,121,2021-08-03,0.25,0,baseline,quartile_tails,0.25,1.0
437235,121,2021-08-03,1.0,1,high,quartile_tails,0.25,1.0
437846,121,2021-08-03,1.0,1,high,quartile_tails,0.25,1.0
441737,121,2021-08-03,1.0,1,high,quartile_tails,0.25,1.0
443465,121,2021-08-03,0.0,0,baseline,quartile_tails,0.25,1.0
443979,121,2021-08-03,0.0,0,baseline,quartile_tails,0.25,1.0
444640,121,2021-08-03,1.0,1,high,quartile_tails,0.25,1.0
445829,121,2021-08-03,0.0,0,baseline,quartile_tails,0.25,1.0
446477,121,2021-08-03,1.0,1,high,quartile_tails,0.25,1.0
447359,121,2021-08-03,1.0,1,high,quartile_tails,0.25,1.0
447903,121,2021-08-03,1.0,1,high,quartile_tails,0.25,1.0
448086,121,2021-08-03,1.0,1,high,quartile_tails,0.25,1.0
448380,121,2021-08-03,1.0,1,high,quartile_tails,0.25,1.0
448755,121,2021-08-03,1.0,1,high,quartile_tails,0.25,1.0
450340,121,2021-08-03,1.0,1,high,quartile_tails,0.25,1.0
451517,121,2021-08-03,1.0,1,high,quartile_tails,0.25,1.0
451664,121,2021-08-03,0.0,0,baseline,quartile_tails,0.25,1.0
452058,121,2021-08-03,0.0,0,baseline,quartile_tails,0.25,1.0
452145,121,2021-08-03,1.0,1,high,quartile_tails,0.25,1.0
452208,121,2021-08-03,1.0,1,high,quartile_tails,0.25,1.0
452960,121,2021-08-03,1.0,1,high,quartile_tails,0.25,1.0
453367,121,2021-08-03,1.0,1,high,quartile_tails,0.25,1.0
454352,121,2021-08-03,1.0,1,high,quartile_tails,0.25,1.0
454816,121,2021-08-03,0.0,0,baseline,quartile_tails,0.25,1.0
455149,121,2021-08-03,0.0,0,baseline,quartile_tails,0.25,1.0
455613,121,2021-08-03,0.0,0,baseline,quartile_tails,0.25,1.0
457286,121,2021-08-03,0.0,0,baseline,quartile_tails,0.25,1.0
459953,121,2021-08-03,1.0,1,high,quartile_tails,0.25,1.0
460980,121,2021-08-03,1.0,1,high,quartile_tails,0.25,1.0
462924,121,2021-08-03,1.0,1,high,quartile_tails,0.25,1.0
464186,121,2021-08-03,0.0,0,baseline,quartile_tails,0.25,1.0
466295,121,2021-08-03,1.0,1,high,quartile_tails,0.25,1.0
469418,121,2021-08-03,1.0,1,high,quartile_tails,0.25,1.0
472294,121,2021-08-03,1.0,1,high,quartile_tails,0.25,1.0
478434,121,2021-08-03,1.0,1,high,quartile_tails,0.25,1.0
478522,121,2021-08-03,1.0,1,high,quartile_tails,0.25,1.0
480906,121,2021-08-03,1.0,1,high,quartile_tails,0.25,1.0
482040,121,2021-08-03,1.0,1,high,quartile_tails,0.25,1.0
484534,121,2021-08-03,1.0,1,high,quartile_tails,0.25,1.0
485259,121,2021-08-03,1.0,1,high,quartile_tails,0.25,1.0
486271,121,2021-08-03,1.0,1,high,quartile_tails,0.25,1.0
487101,121,2021-08-03,0.0,0,baseline,quartile_tails,0.25,1.0
487340,121,2021-08-03,0.20833333333333331,0,baseline,quartile_tails,0.25,1.0
487674,121,2021-08-03,1.0,1,high,quartile_tails,0.25,1.0
488440,121,2021-08-03,0.0,0,baseline,quartile_tails,0.25,1.0
488519,121,2021-08-03,1.0,1,high,quartile_tails,0.25,1.0
488668,121,2021-08-03,1.0,1,high,quartile_tails,0.25,1.0
488690,121,2021-08-03,1.0,1,high,quartile_tails,0.25,1.0
490818,121,2021-08-03,1.0,1,high,quartile_tails,0.25,1.0
493480,121,2021-08-03,1.0,1,high,quartile_tails,0.25,1.0
494280,121,2021-08-03,1.0,1,high,quartile_tails,0.25,1.0
494446,121,2021-08-03,1.0,1,high,quartile_tails,0.25,1.0
495463,121,2021-08-03,1.0,1,high,quartile_tails,0.25,1.0
497193,121,2021-08-03,0.125,0,baseline,quartile_tails,0.25,1.0
497207,121,2021-08-03,0.0,0,baseline,quartile_tails,0.25,1.0
498373,121,2021-08-03,1.0,1,high,quartile_tails,0.25,1.0
500712,121,2021-08-03,1.0,1,high,quartile_tails,0.25,1.0
500741,121,2021-08-03,0.25,0,baseline,quartile_tails,0.25,1.0
501569,121,2021-08-03,1.0,1,high,quartile_tails,0.25,1.0
501781,121,2021-08-03,0.0,0,baseline,quartile_tails,0.25,1.0
502114,121,2021-08-03,0.25,0,baseline,quartile_tails,0.25,1.0
504339,121,2021-08-03,1.0,1,high,quartile_tails,0.25,1.0
508477,121,2021-08-03,1.0,1,high,quartile_tails,0.25,1.0
509232,121,2021-08-03,0.0,0,baseline,quartile_tails,0.25,1.0
511045,121,2021-08-03,1.0,1,high,quartile_tails,0.25,1.0
511549,121,2021-08-03,1.0,1,high,quartile_tails,0.25,1.0
512955,121,2021-08-03,0.16666666666666666,0,baseline,quartile_tails,0.25,1.0
513866,121,2021-08-03,0.25,0,baseline,quartile_tails,0.25,1.0
514343,121,2021-08-03,0.0,0,baseline,quartile_tails,0.25,1.0
514728,121,2021-08-03,1.0,1,high,quartile_tails,0.25,1.0
515207,121,2021-08-03,1.0,1,high,quartile_tails,0.25,1.0
515431,121,2021-08-03,0.0,0,baseline,quartile_tails,0.25,1.0
515585,121,2021-08-03,1.0,1,high,quartile_tails,0.25,1.0
516968,121,2021-08-03,1.0,1,high,quartile_tails,0.25,1.0
518888,121,2021-08-03,0.25,0,baseline,quartile_tails,0.25,1.0
519677,121,2021-08-03,1.0,1,high,quartile_tails,0.25,1.0
519908,121,2021-08-03,0.0,0,baseline,quartile_tails,0.25,1.0
520493,121,2021-08-03,1.0,1,high,quartile_tails,0.25,1.0
520644,121,2021-08-03,1.0,1,high,quartile_tails,0.25,1.0
520702,121,2021-08-03,0.1,0,baseline,quartile_tails,0.25,1.0
520747,121,2021-08-03,1.0,1,high,quartile_tails,0.25,1.0
521102,121,2021-08-03,0.25,0,baseline,quartile_tails,0.25,1.0
521702,121,2021-08-03,1.0,1,high,quartile_tails,0.25,1.0
521712,121,2021-08-03,1.0,1,high,quartile_tails,0.25,1.0
521879,121,2021-08-03,1.0,1,high,quartile_tails,0.25,1.0
521913,121,2021-08-03,1.0,1,high,quartile_tails,0.25,1.0
522035,121,2021-08-03,0.0,0,baseline,quartile_tails,0.25,1.0
522163,121,2021-08-03,1.0,1,high,quartile_tails,0.25,1.0
523635,121,2021-08-03,0.125,0,baseline,quartile_tails,0.25,1.0
524874,121,2021-08-03,1.0,1,high,quartile_tails,0.25,1.0
525338,121,2021-08-03,0.0,0,baseline,quartile_tails,0.25,1.0
525553,121,2021-08-03,1.0,1,high,quartile_tails,0.25,1.0
526140,121,2021-08-03,1.0,1,high,quartile_tails,0.25,1.0
526814,121,2021-08-03,1.0,1,high,quartile_tails,0.25,1.0
526989,121,2021-08-03,1.0,1,high,quartile_tails,0.25,1.0
527126,121,2021-08-03,0.0,0,baseline,quartile_tails,0.25,1.0
527354,121,2021-08-03,1.0,1,high,quartile_tails,0.25,1.0
529169,121,2021-08-03,0.0,0,baseline,quartile_tails,0.25,1.0
529453,121,2021-08-03,1.0,1,high,quartile_tails,0.25,1.0
530468,121,2021-08-03,0.0,0,baseline,quartile_tails,0.25,1.0
530736,121,2021-08-03,1.0,1,high,quartile_tails,0.25,1.0
531495,121,2021-08-03,0.0,0,baseline,quartile_tails,0.25,1.0
533060,121,2021-08-03,0.25,0,baseline,quartile_tails,0.25,1.0
533380,121,2021-08-03,1.0,1,high,quartile_tails,0.25,1.0
533749,121,2021-08-03,1.0,1,high,quartile_tails,0.25,1.0
534998,121,2021-08-03,1.0,1,high,quartile_tails,0.25,1.0
535698,121,2021-08-03,0.0,0,baseline,quartile_tails,0.25,1.0
536863,121,2021-08-03,1.0,1,high,quartile_tails,0.25,1.0
536879,121,2021-08-03,0.125,0,baseline,quartile_tails,0.25,1.0
537285,121,2021-08-03,1.0,1,high,quartile_tails,0.25,1.0
539090,121,2021-08-03,1.0,1,high,quartile_tails,0.25,1.0
539762,121,2021-08-03,0.125,0,baseline,quartile_tails,0.25,1.0
539814,121,2021-08-03,1.0,1,high,quartile_tails,0.25,1.0
540362,121,2021-08-03,1.0,1,high,quartile_tails,0.25,1.0
541076,121,2021-08-03,1.0,1,high,quartile_tails,0.25,1.0
541189,121,2021-08-03,1.0,1,high,quartile_tails,0.25,1.0
541303,121,2021-08-03,1.0,1,high,quartile_tails,0.25,1.0
542049,121,2021-08-03,1.0,1,high,quartile_tails,0.25,1.0
542629,121,2021-08-03,1.0,1,high,quartile_tails,0.25,1.0
543631,121,2021-08-03,1.0,1,high,quartile_tails,0.25,1.0
544769,121,2021-08-03,1.0,1,high,quartile_tails,0.25,1.0
544820,121,2021-08-03,1.0,1,high,quartile_tails,0.25,1.0
545254,121,2021-08-03,1.0,1,high,quartile_tails,0.25,1.0
545441,121,2021-08-03,1.0,1,high,quartile_tails,0.25,1.0
548528,121,2021-08-03,0.16666666666666666,0,baseline,quartile_tails,0.25,1.0
549154,121,2021-08-03,1.0,1,high,quartile_tails,0.25,1.0
549790,121,2021-08-03,1.0,1,high,quartile_tails,0.25,1.0
549962,121,2021-08-03,1.0,1,high,quartile_tails,0.25,1.0
552523,121,2021-08-03,0.0,0,baseline,quartile_tails,0.25,1.0
553444,121,2021-08-03,1.0,1,high,quartile_tails,0.25,1.0
553672,121,2021-08-03,1.0,1,high,quartile_tails,0.25,1.0
555164,121,2021-08-03,0.0,0,baseline,quartile_tails,0.25,1.0
555347,121,2021-08-03,1.0,1,high,quartile_tails,0.25,1.0
557102,121,2021-08-03,1.0,1,high,quartile_tails,0.25,1.0
557764,121,2021-08-03,1.0,1,high,quartile_tails,0.25,1.0
558637,121,2021-08-03,0.0,0,baseline,quartile_tails,0.25,1.0
560018,121,2021-08-03,0.0,0,baseline,quartile_tails,0.25,1.0
560851,121,2021-08-03,1.0,1,high,quartile_tails,0.25,1.0
561835,121,2021-08-03,1.0,1,high,quartile_tails,0.25,1.0
565944,121,2021-08-03,0.16666666666666666,0,baseline,quartile_tails,0.25,1.0
566343,121,2021-08-03,0.25,0,baseline,quartile_tails,0.25,1.0
567202,121,2021-08-03,0.0,0,baseline,quartile_tails,0.25,1.0
568298,121,2021-08-03,1.0,1,high,quartile_tails,0.25,1.0
569486,121,2021-08-03,0.0,0,baseline,quartile_tails,0.25,1.0
570043,121,2021-08-03,1.0,1,high,quartile_tails,0.25,1.0
571133,121,2021-08-03,0.16666666666666666,0,baseline,quartile_tails,0.25,1.0
571641,121,2021-08-03,1.0,1,high,quartile_tails,0.25,1.0
572251,121,2021-08-03,0.0,0,baseline,quartile_tails,0.25,1.0
572252,121,2021-08-03,0.0,0,baseline,quartile_tails,0.25,1.0
572987,121,2021-08-03,0.16666666666666666,0,baseline,quartile_tails,0.25,1.0
573234,121,2021-08-03,0.0,0,baseline,quartile_tails,0.25,1.0
575166,121,2021-08-03,0.25,0,baseline,quartile_tails,0.25,1.0
575370,121,2021-08-03,0.0,0,baseline,quartile_tails,0.25,1.0
577797,121,2021-08-03,0.125,0,baseline,quartile_tails,0.25,1.0
578660,121,2021-08-03,1.0,1,high,quartile_tails,0.25,1.0
579204,121,2021-08-03,0.16666666666666666,0,baseline,quartile_tails,0.25,1.0
579585,121,2021-08-03,0.25,0,baseline,quartile_tails,0.25,1.0
579784,121,2021-08-03,1.0,1,high,quartile_tails,0.25,1.0
580173,121,2021-08-03,1.0,1,high,quartile_tails,0.25,1.0
580450,121,2021-08-03,1.0,1,high,quartile_tails,0.25,1.0
582591,121,2021-08-03,1.0,1,high,quartile_tails,0.25,1.0
582808,121,2021-08-03,1.0,1,high,quartile_tails,0.25,1.0
583310,121,2021-08-03,1.0,1,high,quartile_tails,0.25,1.0
583515,121,2021-08-03,1.0,1,high,quartile_tails,0.25,1.0
583657,121,2021-08-03,1.0,1,high,quartile_tails,0.25,1.0
585373,121,2021-08-03,1.0,1,high,quartile_tails,0.25,1.0
585500,121,2021-08-03,0.0,0,baseline,quartile_tails,0.25,1.0
586819,121,2021-08-03,0.0,0,baseline,quartile_tails,0.25,1.0
587835,121,2021-08-03,0.0,0,baseline,quartile_tails,0.25,1.0
589626,121,2021-08-03,0.0,0,baseline,quartile_tails,0.25,1.0
589762,121,2021-08-03,1.0,1,high,quartile_tails,0.25,1.0
590271,121,2021-08-03,1.0,1,high,quartile_tails,0.25,1.0
590943,121,2021-08-03,0.0,0,baseline,quartile_tails,0.25,1.0
591908,121,2021-08-03,1.0,1,high,quartile_tails,0.25,1.0
591984,121,2021-08-03,0.25,0,baseline,quartile_tails,0.25,1.0
592263,121,2021-08-03,0.0,0,baseline,quartile_tails,0.25,1.0
592455,121,2021-08-03,0.0,0,baseline,quartile_tails,0.25,1.0
592538,121,2021-08-03,0.0,0,baseline,quartile_tails,0.25,1.0
593957,121,2021-08-03,1.0,1,high,quartile_tails,0.25,1.0
593958,121,2021-08-03,1.0,1,high,quartile_tails,0.25,1.0
593960,121,2021-08-03,1.0,1,high,quartile_tails,0.25,1.0
594454,121,2021-08-03,1.0,1,high,quartile_tails,0.25,1.0
595018,121,2021-08-03,1.0,1,high,quartile_tails,0.25,1.0
595154,121,2021-08-03,0.0,0,baseline,quartile_tails,0.25,1.0
597925,121,2021-08-03,0.0,0,baseline,quartile_tails,0.25,1.0
598069,121,2021-08-03,1.0,1,high,quartile_tails,0.25,1.0
599179,121,2021-08-03,1.0,1,high,quartile_tails,0.25,1.0
599273,121,2021-08-03,1.0,1,high,quartile_tails,0.25,1.0
599672,121,2021-08-03,0.25,0,baseline,quartile_tails,0.25,1.0
600889,121,2021-08-03,0.125,0,baseline,quartile_tails,0.25,1.0
601191,121,2021-08-03,0.16666666666666666,0,baseline,quartile_tails,0.25,1.0
601235,121,2021-08-03,0.0,0,baseline,quartile_tails,0.25,1.0
602454,121,2021-08-03,0.0,0,baseline,quartile_tails,0.25,1.0
602674,121,2021-08-03,1.0,1,high,quartile_tails,0.25,1.0
602861,121,2021-08-03,1.0,1,high,quartile_tails,0.25,1.0
603138,121,2021-08-03,0.125,0,baseline,quartile_tails,0.25,1.0
603504,121,2021-08-03,1.0,1,high,quartile_tails,0.25,1.0
605652,121,2021-08-03,1.0,1,high,quartile_tails,0.25,1.0
606012,121,2021-08-03,1.0,1,high,quartile_tails,0.25,1.0
606823,121,2021-08-03,1.0,1,high,quartile_tails,0.25,1.0
607420,121,2021-08-03,0.25,0,baseline,quartile_tails,0.25,1.0
608581,121,2021-08-03,1.0,1,high,quartile_tails,0.25,1.0
608824,121,2021-08-03,0.20833333333333331,0,baseline,quartile_tails,0.25,1.0
610326,121,2021-08-03,0.16666666666666666,0,baseline,quartile_tails,0.25,1.0
610721,121,2021-08-03,1.0,1,high,quartile_tails,0.25,1.0
610815,121,2021-08-03,0.125,0,baseline,quartile_tails,0.25,1.0
610854,121,2021-08-03,0.0,0,baseline,quartile_tails,0.25,1.0
611880,121,2021-08-03,1.0,1,high,quartile_tails,0.25,1.0
612602,121,2021-08-03,0.0,0,baseline,quartile_tails,0.25,1.0
612984,121,2021-08-03,0.0,0,baseline,quartile_tails,0.25,1.0
615286,121,2021-08-03,0.0,0,baseline,quartile_tails,0.25,1.0
616037,121,2021-08-03,0.0,0,baseline,quartile_tails,0.25,1.0
616220,121,2021-08-03,1.0,1,high,quartile_tails,0.25,1.0
616415,121,2021-08-03,1.0,1,high,quartile_tails,0.25,1.0
616442,121,2021-08-03,0.16666666666666666,0,baseline,quartile_tails,0.25,1.0
616554,121,2021-08-03,0.25,0,baseline,quartile_tails,0.25,1.0
619807,121,2021-08-03,1.0,1,high,quartile_tails,0.25,1.0
620075,121,2021-08-03,1.0,1,high,quartile_tails,0.25,1.0
620310,121,2021-08-03,0.16666666666666666,0,baseline,quartile_tails,0.25,1.0
621348,121,2021-08-03,0.0,0,baseline,quartile_tails,0.25,1.0
621635,121,2021-08-03,1.0,1,high,quartile_tails,0.25,1.0
622663,121,2021-08-03,1.0,1,high,quartile_tails,0.25,1.0
623480,121,2021-08-03,0.2,0,baseline,quartile_tails,0.25,1.0
626898,121,2021-08-03,0.0,0,baseline,quartile_tails,0.25,1.0
627460,121,2021-08-03,1.0,1,high,quartile_tails,0.25,1.0
627757,121,2021-08-03,0.0,0,baseline,quartile_tails,0.25,1.0
629248,121,2021-08-03,0.0,0,baseline,quartile_tails,0.25,1.0
630475,121,2021-08-03,1.0,1,high,quartile_tails,0.25,1.0
630819,121,2021-08-03,0.0,0,baseline,quartile_tails,0.25,1.0
630855,121,2021-08-03,0.2,0,baseline,quartile_tails,0.25,1.0
631274,121,2021-08-03,0.0,0,baseline,quartile_tails,0.25,1.0
632039,121,2021-08-03,1.0,1,high,quartile_tails,0.25,1.0
633113,121,2021-08-03,0.0,0,baseline,quartile_tails,0.25,1.0
636080,121,2021-08-03,1.0,1,high,quartile_tails,0.25,1.0
642460,121,2021-08-03,0.0,0,baseline,quartile_tails,0.25,1.0
642567,121,2021-08-03,0.16666666666666666,0,baseline,quartile_tails,0.25,1.0
646956,121,2021-08-03,1.0,1,high,quartile_tails,0.25,1.0
646967,121,2021-08-03,1.0,1,high,quartile_tails,0.25,1.0
647378,121,2021-08-03,1.0,1,high,quartile_tails,0.25,1.0
647584,121,2021-08-03,0.2222222222222222,0,baseline,quartile_tails,0.25,1.0
648235,121,2021-08-03,0.125,0,baseline,quartile_tails,0.25,1.0
649369,121,2021-08-03,1.0,1,high,quartile_tails,0.25,1.0
649656,121,2021-08-03,1.0,1,high,quartile_tails,0.25,1.0
649683,121,2021-08-03,0.0,0,baseline,quartile_tails,0.25,1.0
649919,121,2021-08-03,0.0,0,baseline,quartile_tails,0.25,1.0
650436,121,2021-08-03,1.0,1,high,quartile_tails,0.25,1.0
650677,121,2021-08-03,1.0,1,high,quartile_tails,0.25,1.0
653378,121,2021-08-03,1.0,1,high,quartile_tails,0.25,1.0
656571,121,2021-08-03,1.0,1,high,quartile_tails,0.25,1.0
656815,121,2021-08-03,1.0,1,high,quartile_tails,0.25,1.0
657037,121,2021-08-03,1.0,1,high,quartile_tails,0.25,1.0
657930,121,2021-08-03,0.0,0,baseline,quartile_tails,0.25,1.0
659287,121,2021-08-03,1.0,1,high,quartile_tails,0.25,1.0
659883,121,2021-08-03,0.0,0,baseline,quartile_tails,0.25,1.0
663466,121,2021-08-03,1.0,1,high,quartile_tails,0.25,1.0
664650,121,2021-08-03,1.0,1,high,quartile_tails,0.25,1.0
665166,121,2021-08-03,0.0,0,baseline,quartile_tails,0.25,1.0
666401,121,2021-08-03,0.0,0,baseline,quartile_tails,0.25,1.0
667061,121,2021-08-03,0.0,0,baseline,quartile_tails,0.25,1.0
667718,121,2021-08-03,1.0,1,high,quartile_tails,0.25,1.0
668128,121,2021-08-03,1.0,1,high,quartile_tails,0.25,1.0
668809,121,2021-08-03,0.0,0,baseline,quartile_tails,0.25,1.0
669120,121,2021-08-03,1.0,1,high,quartile_tails,0.25,1.0
670530,121,2021-08-03,0.0625,0,baseline,quartile_tails,0.25,1.0
670671,121,2021-08-03,0.08333333333333333,0,baseline,quartile_tails,0.25,1.0
671818,121,2021-08-03,0.08333333333333333,0,baseline,quartile_tails,0.25,1.0
672358,121,2021-08-03,0.0,0,baseline,quartile_tails,0.25,1.0
672871,121,2021-08-03,1.0,1,high,quartile_tails,0.25,1.0
673545,121,2021-08-03,1.0,1,high,quartile_tails,0.25,1.0
675049,121,2021-08-03,1.0,1,high,quartile_tails,0.25,1.0
675672,121,2021-08-03,0.0,0,baseline,quartile_tails,0.25,1.0
675871,121,2021-08-03,0.0,0,baseline,quartile_tails,0.25,1.0
676450,121,2021-08-03,1.0,1,high,quartile_tails,0.25,1.0
678839,121,2021-08-03,0.0,0,baseline,quartile_tails,0.25,1.0
679328,121,2021-08-03,0.16666666666666666,0,baseline,quartile_tails,0.25,1.0
679579,121,2021-08-03,1.0,1,high,quartile_tails,0.25,1.0
682663,121,2021-08-03,1.0,1,high,quartile_tails,0.25,1.0
683230,121,2021-08-03,0.0,0,baseline,quartile_tails,0.25,1.0
683304,121,2021-08-03,0.16666666666666666,0,baseline,quartile_tails,0.25,1.0
683644,121,2021-08-03,1.0,1,high,quartile_tails,0.25,1.0
685814,121,2021-08-03,0.0,0,baseline,quartile_tails,0.25,1.0
688027,121,2021-08-03,1.0,1,high,quartile_tails,0.25,1.0
688419,121,2021-08-03,1.0,1,high,quartile_tails,0.25,1.0
688614,121,2021-08-03,0.0,0,baseline,quartile_tails,0.25,1.0
689307,121,2021-08-03,1.0,1,high,quartile_tails,0.25,1.0
690886,121,2021-08-03,0.0,0,baseline,quartile_tails,0.25,1.0
691108,121,2021-08-03,1.0,1,high,quartile_tails,0.25,1.0
693026,121,2021-08-03,1.0,1,high,quartile_tails,0.25,1.0
694689,121,2021-08-03,0.25,0,baseline,quartile_tails,0.25,1.0
695881,121,2021-08-03,0.25,0,baseline,quartile_tails,0.25,1.0
696054,121,2021-08-03,0.20833333333333331,0,baseline,quartile_tails,0.25,1.0
696195,121,2021-08-03,1.0,1,high,quartile_tails,0.25,1.0
696575,121,2021-08-03,1.0,1,high,quartile_tails,0.25,1.0
696841,121,2021-08-03,1.0,1,high,quartile_tails,0.25,1.0
696989,121,2021-08-03,1.0,1,high,quartile_tails,0.25,1.0
697626,121,2021-08-03,0.0,0,baseline,quartile_tails,0.25,1.0
697745,121,2021-08-03,1.0,1,high,quartile_tails,0.25,1.0
701064,121,2021-08-03,1.0,1,high,quartile_tails,0.25,1.0
702020,121,2021-08-03,1.0,1,high,quartile_tails,0.25,1.0
703203,121,2021-08-03,1.0,1,high,quartile_tails,0.25,1.0
704830,121,2021-08-03,1.0,1,high,quartile_tails,0.25,1.0
705043,121,2021-08-03,0.125,0,baseline,quartile_tails,0.25,1.0
705104,121,2021-08-03,1.0,1,high,quartile_tails,0.25,1.0
705709,121,2021-08-03,1.0,1,high,quartile_tails,0.25,1.0
706849,121,2021-08-03,0.0,0,baseline,quartile_tails,0.25,1.0
708380,121,2021-08-03,1.0,1,high,quartile_tails,0.25,1.0
708580,121,2021-08-03,1.0,1,high,quartile_tails,0.25,1.0
708601,121,2021-08-03,1.0,1,high,quartile_tails,0.25,1.0
708820,121,2021-08-03,1.0,1,high,quartile_tails,0.25,1.0
708879,121,2021-08-03,1.0,1,high,quartile_tails,0.25,1.0
710149,121,2021-08-03,0.125,0,baseline,quartile_tails,0.25,1.0
710498,121,2021-08-03,1.0,1,high,quartile_tails,0.25,1.0
711118,121,2021-08-03,0.0,0,baseline,quartile_tails,0.25,1.0
711254,121,2021-08-03,1.0,1,high,quartile_tails,0.25,1.0
711479,121,2021-08-03,1.0,1,high,quartile_tails,0.25,1.0
711703,121,2021-08-03,0.125,0,baseline,quartile_tails,0.25,1.0
713008,121,2021-08-03,1.0,1,high,quartile_tails,0.25,1.0
713349,121,2021-08-03,0.0,0,baseline,quartile_tails,0.25,1.0
713698,121,2021-08-03,1.0,1,high,quartile_tails,0.25,1.0
714220,121,2021-08-03,1.0,1,high,quartile_tails,0.25,1.0
714747,121,2021-08-03,1.0,1,high,quartile_tails,0.25,1.0
714936,121,2021-08-03,0.08333333333333333,0,baseline,quartile_tails,0.25,1.0
716254,121,2021-08-03,1.0,1,high,quartile_tails,0.25,1.0
716329,121,2021-08-03,0.25,0,baseline,quartile_tails,0.25,1.0
716936,121,2021-08-03,1.0,1,high,quartile_tails,0.25,1.0
718765,121,2021-08-03,1.0,1,high,quartile_tails,0.25,1.0
718931,121,2021-08-03,0.25,0,baseline,quartile_tails,0.25,1.0
720756,121,2021-08-03,1.0,1,high,quartile_tails,0.25,1.0
723212,121,2021-08-03,0.1111111111111111,0,baseline,quartile_tails,0.25,1.0
724757,121,2021-08-03,1.0,1,high,quartile_tails,0.25,1.0
726232,121,2021-08-03,1.0,1,high,quartile_tails,0.25,1.0
727001,121,2021-08-03,1.0,1,high,quartile_tails,0.25,1.0
727038,121,2021-08-03,1.0,1,high,quartile_tails,0.25,1.0
727044,121,2021-08-03,1.0,1,high,quartile_tails,0.25,1.0
727866,121,2021-08-03,0.0,0,baseline,quartile_tails,0.25,1.0
728455,121,2021-08-03,0.0,0,baseline,quartile_tails,0.25,1.0
730118,121,2021-08-03,0.0,0,baseline,quartile_tails,0.25,1.0
730122,121,2021-08-03,0.0,0,baseline,quartile_tails,0.25,1.0
731057,121,2021-08-03,1.0,1,high,quartile_tails,0.25,1.0
732446,121,2021-08-03,0.0,0,baseline,quartile_tails,0.25,1.0
732659,121,2021-08-03,0.0,0,baseline,quartile_tails,0.25,1.0
733315,121,2021-08-03,0.0,0,baseline,quartile_tails,0.25,1.0
734125,121,2021-08-03,1.0,1,high,quartile_tails,0.25,1.0
734669,121,2021-08-03,1.0,1,high,quartile_tails,0.25,1.0
734825,121,2021-08-03,1.0,1,high,quartile_tails,0.25,1.0
735623,121,2021-08-03,1.0,1,high,quartile_tails,0.25,1.0
736669,121,2021-08-03,1.0,1,high,quartile_tails,0.25,1.0
737522,121,2021-08-03,0.0,0,baseline,quartile_tails,0.25,1.0
738020,121,2021-08-03,0.0,0,baseline,quartile_tails,0.25,1.0
739522,121,2021-08-03,0.0,0,baseline,quartile_tails,0.25,1.0
740040,121,2021-08-03,0.20833333333333331,0,baseline,quartile_tails,0.25,1.0
742056,121,2021-08-03,1.0,1,high,quartile_tails,0.25,1.0
742894,121,2021-08-03,0.0,0,baseline,quartile_tails,0.25,1.0
743092,121,2021-08-03,0.0,0,baseline,quartile_tails,0.25,1.0
743468,121,2021-08-03,1.0,1,high,quartile_tails,0.25,1.0
743842,121,2021-08-03,0.0,0,baseline,quartile_tails,0.25,1.0
743998,121,2021-08-03,1.0,1,high,quartile_tails,0.25,1.0
744090,121,2021-08-03,0.25,0,baseline,quartile_tails,0.25,1.0
746412,121,2021-08-03,1.0,1,high,quartile_tails,0.25,1.0
748069,121,2021-08-03,1.0,1,high,quartile_tails,0.25,1.0
748183,121,2021-08-03,1.0,1,high,quartile_tails,0.25,1.0
748849,121,2021-08-03,0.25,0,baseline,quartile_tails,0.25,1.0
749019,121,2021-08-03,1.0,1,high,quartile_tails,0.25,1.0
749516,121,2021-08-03,0.2222222222222222,0,baseline,quartile_tails,0.25,1.0
749711,121,2021-08-03,1.0,1,high,quartile_tails,0.25,1.0
749857,121,2021-08-03,1.0,1,high,quartile_tails,0.25,1.0
750268,121,2021-08-03,1.0,1,high,quartile_tails,0.25,1.0
750550,121,2021-08-03,1.0,1,high,quartile_tails,0.25,1.0
751342,121,2021-08-03,0.0,0,baseline,quartile_tails,0.25,1.0
751379,121,2021-08-03,1.0,1,high,quartile_tails,0.25,1.0
752692,121,2021-08-03,1.0,1,high,quartile_tails,0.25,1.0
753534,121,2021-08-03,1.0,1,high,quartile_tails,0.25,1.0
753713,121,2021-08-03,1.0,1,high,quartile_tails,0.25,1.0
753960,121,2021-08-03,1.0,1,high,quartile_tails,0.25,1.0
757500,121,2021-08-03,1.0,1,high,quartile_tails,0.25,1.0
757543,121,2021-08-03,1.0,1,high,quartile_tails,0.25,1.0
757630,121,2021-08-03,0.08333333333333333,0,baseline,quartile_tails,0.25,1.0
759453,121,2021-08-03,0.0,0,baseline,quartile_tails,0.25,1.0
760015,121,2021-08-03,0.0,0,baseline,quartile_tails,0.25,1.0
760418,121,2021-08-03,1.0,1,high,quartile_tails,0.25,1.0
760496,121,2021-08-03,1.0,1,high,quartile_tails,0.25,1.0
762014,121,2021-08-03,1.0,1,high,quartile_tails,0.25,1.0
762724,121,2021-08-03,1.0,1,high,quartile_tails,0.25,1.0
763108,121,2021-08-03,0.125,0,baseline,quartile_tails,0.25,1.0
763968,121,2021-08-03,0.25,0,baseline,quartile_tails,0.25,1.0
764045,121,2021-08-03,1.0,1,high,quartile_tails,0.25,1.0
764404,121,2021-08-03,1.0,1,high,quartile_tails,0.25,1.0
764910,121,2021-08-03,0.25,0,baseline,quartile_tails,0.25,1.0
767581,121,2021-08-03,0.0,0,baseline,quartile_tails,0.25,1.0
767734,121,2021-08-03,0.0,0,baseline,quartile_tails,0.25,1.0
770107,121,2021-08-03,0.0,0,baseline,quartile_tails,0.25,1.0
770258,121,2021-08-03,1.0,1,high,quartile_tails,0.25,1.0
773691,121,2021-08-03,1.0,1,high,quartile_tails,0.25,1.0
773693,121,2021-08-03,1.0,1,high,quartile_tails,0.25,1.0
774710,121,2021-08-03,1.0,1,high,quartile_tails,0.25,1.0
776189,121,2021-08-03,0.0,0,baseline,quartile_tails,0.25,1.0
776580,121,2021-08-03,0.16666666666666666,0,baseline,quartile_tails,0.25,1.0
776918,121,2021-08-03,1.0,1,high,quartile_tails,0.25,1.0
777135,121,2021-08-03,1.0,1,high,quartile_tails,0.25,1.0
777615,121,2021-08-03,1.0,1,high,quartile_tails,0.25,1.0
777749,121,2021-08-03,0.0,0,baseline,quartile_tails,0.25,1.0
778715,121,2021-08-03,1.0,1,high,quartile_tails,0.25,1.0
778731,121,2021-08-03,0.0,0,baseline,quartile_tails,0.25,1.0
778743,121,2021-08-03,1.0,1,high,quartile_tails,0.25,1.0
780126,121,2021-08-03,1.0,1,high,quartile_tails,0.25,1.0
780986,121,2021-08-03,1.0,1,high,quartile_tails,0.25,1.0
781228,121,2021-08-03,0.0,0,baseline,quartile_tails,0.25,1.0
781528,121,2021-08-03,0.16666666666666666,0,baseline,quartile_tails,0.25,1.0
782060,121,2021-08-03,0.22619047619047616,0,baseline,quartile_tails,0.25,1.0
782288,121,2021-08-03,0.25,0,baseline,quartile_tails,0.25,1.0
782355,121,2021-08-03,1.0,1,high,quartile_tails,0.25,1.0
782705,121,2021-08-03,0.25,0,baseline,quartile_tails,0.25,1.0
783791,121,2021-08-03,1.0,1,high,quartile_tails,0.25,1.0
785694,121,2021-08-03,1.0,1,high,quartile_tails,0.25,1.0
786079,121,2021-08-03,0.16666666666666666,0,baseline,quartile_tails,0.25,1.0
786384,121,2021-08-03,0.0,0,baseline,quartile_tails,0.25,1.0
786829,121,2021-08-03,1.0,1,high,quartile_tails,0.25,1.0
789519,121,2021-08-03,0.25,0,baseline,quartile_tails,0.25,1.0
789540,121,2021-08-03,1.0,1,high,quartile_tails,0.25,1.0
789814,121,2021-08-03,0.0,0,baseline,quartile_tails,0.25,1.0
791168,121,2021-08-03,1.0,1,high,quartile_tails,0.25,1.0
791398,121,2021-08-03,0.0,0,baseline,quartile_tails,0.25,1.0
791792,121,2021-08-03,1.0,1,high,quartile_tails,0.25,1.0
792351,121,2021-08-03,1.0,1,high,quartile_tails,0.25,1.0
794088,121,2021-08-03,0.125,0,baseline,quartile_tails,0.25,1.0
794306,121,2021-08-03,0.16666666666666666,0,baseline,quartile_tails,0.25,1.0
795359,121,2021-08-03,0.0,0,baseline,quartile_tails,0.25,1.0
795954,121,2021-08-03,1.0,1,high,quartile_tails,0.25,1.0
796224,121,2021-08-03,1.0,1,high,quartile_tails,0.25,1.0
797912,121,2021-08-03,1.0,1,high,quartile_tails,0.25,1.0
798569,121,2021-08-03,0.0,0,baseline,quartile_tails,0.25,1.0
799763,121,2021-08-03,0.0,0,baseline,quartile_tails,0.25,1.0
801417,121,2021-08-03,0.2222222222222222,0,baseline,quartile_tails,0.25,1.0
802354,121,2021-08-03,1.0,1,high,quartile_tails,0.25,1.0
803198,121,2021-08-03,0.0,0,baseline,quartile_tails,0.25,1.0
805839,121,2021-08-03,0.0,0,baseline,quartile_tails,0.25,1.0
807121,121,2021-08-03,1.0,1,high,quartile_tails,0.25,1.0
807815,121,2021-08-03,0.25,0,baseline,quartile_tails,0.25,1.0
807965,121,2021-08-03,1.0,1,high,quartile_tails,0.25,1.0
808054,121,2021-08-03,1.0,1,high,quartile_tails,0.25,1.0
808816,121,2021-08-03,0.23333333333333334,0,baseline,quartile_tails,0.25,1.0
809242,121,2021-08-03,0.08333333333333333,0,baseline,quartile_tails,0.25,1.0
487,62,2021-08-04,0.0,0,baseline,quartile_tails,0.25,1.0
1611,62,2021-08-04,0.0,0,baseline,quartile_tails,0.25,1.0
3205,62,2021-08-04,1.0,1,high,quartile_tails,0.25,1.0
3761,62,2021-08-04,0.0,0,baseline,quartile_tails,0.25,1.0
4767,62,2021-08-04,0.16666666666666666,0,baseline,quartile_tails,0.25,1.0
5278,62,2021-08-04,0.25,0,baseline,quartile_tails,0.25,1.0
5441,62,2021-08-04,1.0,1,high,quartile_tails,0.25,1.0
5710,62,2021-08-04,0.25,0,baseline,quartile_tails,0.25,1.0
6551,62,2021-08-04,0.0,0,baseline,quartile_tails,0.25,1.0
6939,62,2021-08-04,1.0,1,high,quartile_tails,0.25,1.0
7994,62,2021-08-04,1.0,1,high,quartile_tails,0.25,1.0
9050,62,2021-08-04,1.0,1,high,quartile_tails,0.25,1.0
9745,62,2021-08-04,0.25,0,baseline,quartile_tails,0.25,1.0
9824,62,2021-08-04,0.16666666666666666,0,baseline,quartile_tails,0.25,1.0
10459,62,2021-08-04,0.25,0,baseline,quartile_tails,0.25,1.0
10853,62,2021-08-04,0.0,0,baseline,quartile_tails,0.25,1.0
12321,62,2021-08-04,0.20833333333333331,0,baseline,quartile_tails,0.25,1.0
15536,62,2021-08-04,0.25,0,baseline,quartile_tails,0.25,1.0
16765,62,2021-08-04,0.20833333333333331,0,baseline,quartile_tails,0.25,1.0
17880,62,2021-08-04,0.0,0,baseline,quartile_tails,0.25,1.0
19028,62,2021-08-04,1.0,1,high,quartile_tails,0.25,1.0
19157,62,2021-08-04,1.0,1,high,quartile_tails,0.25,1.0
20757,62,2021-08-04,1.0,1,high,quartile_tails,0.25,1.0
21187,62,2021-08-04,1.0,1,high,quartile_tails,0.25,1.0
22944,62,2021-08-04,0.0,0,baseline,quartile_tails,0.25,1.0
23792,62,2021-08-04,0.0,0,baseline,quartile_tails,0.25,1.0
25010,62,2021-08-04,1.0,1,high,quartile_tails,0.25,1.0
25822,62,2021-08-04,1.0,1,high,quartile_tails,0.25,1.0
26363,62,2021-08-04,0.0,0,baseline,quartile_tails,0.25,1.0
26594,62,2021-08-04,1.0,1,high,quartile_tails,0.25,1.0
26614,62,2021-08-04,1.0,1,high,quartile_tails,0.25,1.0
26814,62,2021-08-04,0.08333333333333333,0,baseline,quartile_tails,0.25,1.0
28202,62,2021-08-04,1.0,1,high,quartile_tails,0.25,1.0
30148,62,2021-08-04,0.0,0,baseline,quartile_tails,0.25,1.0
30627,62,2021-08-04,1.0,1,high,quartile_tails,0.25,1.0
31347,62,2021-08-04,1.0,1,high,quartile_tails,0.25,1.0
31671,62,2021-08-04,0.0,0,baseline,quartile_tails,0.25,1.0
31685,62,2021-08-04,1.0,1,high,quartile_tails,0.25,1.0
32467,62,2021-08-04,0.25,0,baseline,quartile_tails,0.25,1.0
32795,62,2021-08-04,0.0,0,baseline,quartile_tails,0.25,1.0
35004,62,2021-08-04,0.16666666666666666,0,baseline,quartile_tails,0.25,1.0
35432,62,2021-08-04,0.0,0,baseline,quartile_tails,0.25,1.0
36672,62,2021-08-04,0.0,0,baseline,quartile_tails,0.25,1.0
37060,62,2021-08-04,1.0,1,high,quartile_tails,0.25,1.0
38486,62,2021-08-04,1.0,1,high,quartile_tails,0.25,1.0
41215,62,2021-08-04,1.0,1,high,quartile_tails,0.25,1.0
42292,62,2021-08-04,0.0,0,baseline,quartile_tails,0.25,1.0
42953,62,2021-08-04,1.0,1,high,quartile_tails,0.25,1.0
43023,62,2021-08-04,0.0,0,baseline,quartile_tails,0.25,1.0
44278,62,2021-08-04,0.19999999999999998,0,baseline,quartile_tails,0.25,1.0
44761,62,2021-08-04,1.0,1,high,quartile_tails,0.25,1.0
46069,62,2021-08-04,0.0,0,baseline,quartile_tails,0.25,1.0
46149,62,2021-08-04,1.0,1,high,quartile_tails,0.25,1.0
47247,62,2021-08-04,1.0,1,high,quartile_tails,0.25,1.0
47363,62,2021-08-04,1.0,1,high,quartile_tails,0.25,1.0
47918,62,2021-08-04,0.16666666666666666,0,baseline,quartile_tails,0.25,1.0
49269,62,2021-08-04,1.0,1,high,quartile_tails,0.25,1.0
49399,62,2021-08-04,0.0,0,baseline,quartile_tails,0.25,1.0
49557,62,2021-08-04,1.0,1,high,quartile_tails,0.25,1.0
50713,62,2021-08-04,1.0,1,high,quartile_tails,0.25,1.0
51123,62,2021-08-04,0.25,0,baseline,quartile_tails,0.25,1.0
51701,62,2021-08-04,1.0,1,high,quartile_tails,0.25,1.0
51964,62,2021-08-04,0.0,0,baseline,quartile_tails,0.25,1.0
54946,62,2021-08-04,0.0,0,baseline,quartile_tails,0.25,1.0
54973,62,2021-08-04,0.16666666666666666,0,baseline,quartile_tails,0.25,1.0
55319,62,2021-08-04,1.0,1,high,quartile_tails,0.25,1.0
56314,62,2021-08-04,1.0,1,high,quartile_tails,0.25,1.0
57864,62,2021-08-04,1.0,1,high,quartile_tails,0.25,1.0
58736,62,2021-08-04,1.0,1,high,quartile_tails,0.25,1.0
58828,62,2021-08-04,0.0,0,baseline,quartile_tails,0.25,1.0
59600,62,2021-08-04,0.0,0,baseline,quartile_tails,0.25,1.0
59692,62,2021-08-04,0.16666666666666666,0,baseline,quartile_tails,0.25,1.0
60663,62,2021-08-04,1.0,1,high,quartile_tails,0.25,1.0
61504,62,2021-08-04,1.0,1,high,quartile_tails,0.25,1.0
62011,62,2021-08-04,1.0,1,high,quartile_tails,0.25,1.0
62097,62,2021-08-04,1.0,1,high,quartile_tails,0.25,1.0
62584,62,2021-08-04,1.0,1,high,quartile_tails,0.25,1.0
63131,62,2021-08-04,0.1111111111111111,0,baseline,quartile_tails,0.25,1.0
63708,62,2021-08-04,0.0,0,baseline,quartile_tails,0.25,1.0
64038,62,2021-08-04,1.0,1,high,quartile_tails,0.25,1.0
64477,62,2021-08-04,1.0,1,high,quartile_tails,0.25,1.0
65039,62,2021-08-04,1.0,1,high,quartile_tails,0.25,1.0
65649,62,2021-08-04,1.0,1,high,quartile_tails,0.25,1.0
65664,62,2021-08-04,0.0,0,baseline,quartile_tails,0.25,1.0
66785,62,2021-08-04,0.0,0,baseline,quartile_tails,0.25,1.0
67068,62,2021-08-04,0.0,0,baseline,quartile_tails,0.25,1.0
67533,62,2021-08-04,1.0,1,high,quartile_tails,0.25,1.0
67606,62,2021-08-04,1.0,1,high,quartile_tails,0.25,1.0
68455,62,2021-08-04,0.0,0,baseline,quartile_tails,0.25,1.0
68893,62,2021-08-04,1.0,1,high,quartile_tails,0.25,1.0
68949,62,2021-08-04,0.25,0,baseline,quartile_tails,0.25,1.0
69020,62,2021-08-04,1.0,1,high,quartile_tails,0.25,1.0
69131,62,2021-08-04,0.15,0,baseline,quartile_tails,0.25,1.0
69677,62,2021-08-04,0.125,0,baseline,quartile_tails,0.25,1.0
71139,62,2021-08-04,1.0,1,high,quartile_tails,0.25,1.0
72367,62,2021-08-04,0.0,0,baseline,quartile_tails,0.25,1.0
72982,62,2021-08-04,0.0,0,baseline,quartile_tails,0.25,1.0
74245,62,2021-08-04,0.0,0,baseline,quartile_tails,0.25,1.0
74806,62,2021-08-04,0.0,0,baseline,quartile_tails,0.25,1.0
76653,62,2021-08-04,0.25,0,baseline,quartile_tails,0.25,1.0
77136,62,2021-08-04,1.0,1,high,quartile_tails,0.25,1.0
79445,62,2021-08-04,1.0,1,high,quartile_tails,0.25,1.0
80315,62,2021-08-04,1.0,1,high,quartile_tails,0.25,1.0
80916,62,2021-08-04,0.0,0,baseline,quartile_tails,0.25,1.0
81196,62,2021-08-04,1.0,1,high,quartile_tails,0.25,1.0
82051,62,2021-08-04,0.0,0,baseline,quartile_tails,0.25,1.0
82412,62,2021-08-04,0.25,0,baseline,quartile_tails,0.25,1.0
82965,62,2021-08-04,1.0,1,high,quartile_tails,0.25,1.0
83701,62,2021-08-04,1.0,1,high,quartile_tails,0.25,1.0
84031,62,2021-08-04,0.0,0,baseline,quartile_tails,0.25,1.0
84607,62,2021-08-04,0.0,0,baseline,quartile_tails,0.25,1.0
86783,62,2021-08-04,1.0,1,high,quartile_tails,0.25,1.0
87402,62,2021-08-04,1.0,1,high,quartile_tails,0.25,1.0
88823,62,2021-08-04,0.125,0,baseline,quartile_tails,0.25,1.0
89534,62,2021-08-04,1.0,1,high,quartile_tails,0.25,1.0
89987,62,2021-08-04,1.0,1,high,quartile_tails,0.25,1.0
90642,62,2021-08-04,0.0,0,baseline,quartile_tails,0.25,1.0
90921,62,2021-08-04,0.1111111111111111,0,baseline,quartile_tails,0.25,1.0
91909,62,2021-08-04,1.0,1,high,quartile_tails,0.25,1.0
93089,62,2021-08-04,1.0,1,high,quartile_tails,0.25,1.0
93220,62,2021-08-04,0.0,0,baseline,quartile_tails,0.25,1.0
95104,62,2021-08-04,0.13333333333333333,0,baseline,quartile_tails,0.25,1.0
95612,62,2021-08-04,0.0,0,baseline,quartile_tails,0.25,1.0
96937,62,2021-08-04,1.0,1,high,quartile_tails,0.25,1.0
97701,62,2021-08-04,1.0,1,high,quartile_tails,0.25,1.0
101505,62,2021-08-04,1.0,1,high,quartile_tails,0.25,1.0
102437,62,2021-08-04,0.0,0,baseline,quartile_tails,0.25,1.0
102478,62,2021-08-04,1.0,1,high,quartile_tails,0.25,1.0
102646,62,2021-08-04,0.0,0,baseline,quartile_tails,0.25,1.0
104552,62,2021-08-04,1.0,1,high,quartile_tails,0.25,1.0
104729,62,2021-08-04,0.0,0,baseline,quartile_tails,0.25,1.0
105249,62,2021-08-04,1.0,1,high,quartile_tails,0.25,1.0
105251,62,2021-08-04,0.0,0,baseline,quartile_tails,0.25,1.0
105764,62,2021-08-04,0.0,0,baseline,quartile_tails,0.25,1.0
106407,62,2021-08-04,0.25,0,baseline,quartile_tails,0.25,1.0
106429,62,2021-08-04,1.0,1,high,quartile_tails,0.25,1.0
106565,62,2021-08-04,0.16666666666666666,0,baseline,quartile_tails,0.25,1.0
107264,62,2021-08-04,0.0,0,baseline,quartile_tails,0.25,1.0
109094,62,2021-08-04,0.16666666666666666,0,baseline,quartile_tails,0.25,1.0
109860,62,2021-08-04,1.0,1,high,quartile_tails,0.25,1.0
110198,62,2021-08-04,0.0,0,baseline,quartile_tails,0.25,1.0
110906,62,2021-08-04,0.16666666666666666,0,baseline,quartile_tails,0.25,1.0
111866,62,2021-08-04,0.0,0,baseline,quartile_tails,0.25,1.0
112197,62,2021-08-04,1.0,1,high,quartile_tails,0.25,1.0
112262,62,2021-08-04,0.16666666666666666,0,baseline,quartile_tails,0.25,1.0
112851,62,2021-08-04,0.0,0,baseline,quartile_tails,0.25,1.0
114586,62,2021-08-04,0.0,0,baseline,quartile_tails,0.25,1.0
114635,62,2021-08-04,0.0,0,baseline,quartile_tails,0.25,1.0
116070,62,2021-08-04,1.0,1,high,quartile_tails,0.25,1.0
116142,62,2021-08-04,1.0,1,high,quartile_tails,0.25,1.0
117361,62,2021-08-04,1.0,1,high,quartile_tails,0.25,1.0
117704,62,2021-08-04,0.0,0,baseline,quartile_tails,0.25,1.0
118941,62,2021-08-04,0.0,0,baseline,quartile_tails,0.25,1.0
119013,62,2021-08-04,1.0,1,high,quartile_tails,0.25,1.0
120840,62,2021-08-04,1.0,1,high,quartile_tails,0.25,1.0
120927,62,2021-08-04,0.0,0,baseline,quartile_tails,0.25,1.0
121819,62,2021-08-04,0.0,0,baseline,quartile_tails,0.25,1.0
122340,62,2021-08-04,0.25,0,baseline,quartile_tails,0.25,1.0
122899,62,2021-08-04,1.0,1,high,quartile_tails,0.25,1.0
124143,62,2021-08-04,0.16666666666666666,0,baseline,quartile_tails,0.25,1.0
124243,62,2021-08-04,0.225,0,baseline,quartile_tails,0.25,1.0
124545,62,2021-08-04,1.0,1,high,quartile_tails,0.25,1.0
124840,62,2021-08-04,1.0,1,high,quartile_tails,0.25,1.0
126094,62,2021-08-04,1.0,1,high,quartile_tails,0.25,1.0
126702,62,2021-08-04,0.0,0,baseline,quartile_tails,0.25,1.0
127083,62,2021-08-04,0.0,0,baseline,quartile_tails,0.25,1.0
127347,62,2021-08-04,0.0,0,baseline,quartile_tails,0.25,1.0
128978,62,2021-08-04,1.0,1,high,quartile_tails,0.25,1.0
130991,62,2021-08-04,1.0,1,high,quartile_tails,0.25,1.0
131162,62,2021-08-04,0.125,0,baseline,quartile_tails,0.25,1.0
132145,62,2021-08-04,1.0,1,high,quartile_tails,0.25,1.0
132158,62,2021-08-04,0.25,0,baseline,quartile_tails,0.25,1.0
133238,62,2021-08-04,0.125,0,baseline,quartile_tails,0.25,1.0
133392,62,2021-08-04,0.0,0,baseline,quartile_tails,0.25,1.0
133658,62,2021-08-04,0.0,0,baseline,quartile_tails,0.25,1.0
133869,62,2021-08-04,1.0,1,high,quartile_tails,0.25,1.0
135115,62,2021-08-04,0.0,0,baseline,quartile_tails,0.25,1.0
135170,62,2021-08-04,0.25,0,baseline,quartile_tails,0.25,1.0
138560,62,2021-08-04,0.20833333333333331,0,baseline,quartile_tails,0.25,1.0
142664,62,2021-08-04,0.0,0,baseline,quartile_tails,0.25,1.0
143518,62,2021-08-04,1.0,1,high,quartile_tails,0.25,1.0
145186,62,2021-08-04,1.0,1,high,quartile_tails,0.25,1.0
145560,62,2021-08-04,1.0,1,high,quartile_tails,0.25,1.0
145855,62,2021-08-04,1.0,1,high,quartile_tails,0.25,1.0
147250,62,2021-08-04,1.0,1,high,quartile_tails,0.25,1.0
148259,62,2021-08-04,1.0,1,high,quartile_tails,0.25,1.0
149099,62,2021-08-04,1.0,1,high,quartile_tails,0.25,1.0
151261,62,2021-08-04,1.0,1,high,quartile_tails,0.25,1.0
151493,62,2021-08-04,1.0,1,high,quartile_tails,0.25,1.0
154695,62,2021-08-04,1.0,1,high,quartile_tails,0.25,1.0
155849,62,2021-08-04,1.0,1,high,quartile_tails,0.25,1.0
156569,62,2021-08-04,0.0,0,baseline,quartile_tails,0.25,1.0
156619,62,2021-08-04,0.16666666666666666,0,baseline,quartile_tails,0.25,1.0
157509,62,2021-08-04,1.0,1,high,quartile_tails,0.25,1.0
159087,62,2021-08-04,0.0,0,baseline,quartile_tails,0.25,1.0
159205,62,2021-08-04,0.25,0,baseline,quartile_tails,0.25,1.0
160411,62,2021-08-04,1.0,1,high,quartile_tails,0.25,1.0
161096,62,2021-08-04,1.0,1,high,quartile_tails,0.25,1.0
161880,62,2021-08-04,0.0,0,baseline,quartile_tails,0.25,1.0
162253,62,2021-08-04,1.0,1,high,quartile_tails,0.25,1.0
163754,62,2021-08-04,1.0,1,high,quartile_tails,0.25,1.0
163916,62,2021-08-04,1.0,1,high,quartile_tails,0.25,1.0
164552,62,2021-08-04,0.0,0,baseline,quartile_tails,0.25,1.0
164794,62,2021-08-04,0.125,0,baseline,quartile_tails,0.25,1.0
165065,62,2021-08-04,0.0,0,baseline,quartile_tails,0.25,1.0
165174,62,2021-08-04,1.0,1,high,quartile_tails,0.25,1.0
165750,62,2021-08-04,1.0,1,high,quartile_tails,0.25,1.0
166850,62,2021-08-04,1.0,1,high,quartile_tails,0.25,1.0
170429,62,2021-08-04,1.0,1,high,quartile_tails,0.25,1.0
170585,62,2021-08-04,0.16666666666666666,0,baseline,quartile_tails,0.25,1.0
172781,62,2021-08-04,0.0,0,baseline,quartile_tails,0.25,1.0
173095,62,2021-08-04,1.0,1,high,quartile_tails,0.25,1.0
176028,62,2021-08-04,0.0,0,baseline,quartile_tails,0.25,1.0
176598,62,2021-08-04,0.2222222222222222,0,baseline,quartile_tails,0.25,1.0
176599,62,2021-08-04,0.0,0,baseline,quartile_tails,0.25,1.0
178194,62,2021-08-04,0.0,0,baseline,quartile_tails,0.25,1.0
179401,62,2021-08-04,0.0,0,baseline,quartile_tails,0.25,1.0
180296,62,2021-08-04,1.0,1,high,quartile_tails,0.25,1.0
180353,62,2021-08-04,0.0,0,baseline,quartile_tails,0.25,1.0
181061,62,2021-08-04,1.0,1,high,quartile_tails,0.25,1.0
181903,62,2021-08-04,1.0,1,high,quartile_tails,0.25,1.0
182703,62,2021-08-04,0.0,0,baseline,quartile_tails,0.25,1.0
183509,62,2021-08-04,1.0,1,high,quartile_tails,0.25,1.0
183664,62,2021-08-04,0.0,0,baseline,quartile_tails,0.25,1.0
183754,62,2021-08-04,0.0,0,baseline,quartile_tails,0.25,1.0
184415,62,2021-08-04,1.0,1,high,quartile_tails,0.25,1.0
184671,62,2021-08-04,1.0,1,high,quartile_tails,0.25,1.0
185222,62,2021-08-04,1.0,1,high,quartile_tails,0.25,1.0
186642,62,2021-08-04,1.0,1,high,quartile_tails,0.25,1.0
187137,62,2021-08-04,1.0,1,high,quartile_tails,0.25,1.0
187823,62,2021-08-04,1.0,1,high,quartile_tails,0.25,1.0
187876,62,2021-08-04,1.0,1,high,quartile_tails,0.25,1.0
188137,62,2021-08-04,0.0,0,baseline,quartile_tails,0.25,1.0
190356,62,2021-08-04,0.0,0,baseline,quartile_tails,0.25,1.0
190361,62,2021-08-04,0.16666666666666666,0,baseline,quartile_tails,0.25,1.0
190753,62,2021-08-04,1.0,1,high,quartile_tails,0.25,1.0
191190,62,2021-08-04,1.0,1,high,quartile_tails,0.25,1.0
191445,62,2021-08-04,0.0,0,baseline,quartile_tails,0.25,1.0
191550,62,2021-08-04,1.0,1,high,quartile_tails,0.25,1.0
191995,62,2021-08-04,0.225,0,baseline,quartile_tails,0.25,1.0
192604,62,2021-08-04,1.0,1,high,quartile_tails,0.25,1.0
193424,62,2021-08-04,0.2222222222222222,0,baseline,quartile_tails,0.25,1.0
193722,62,2021-08-04,1.0,1,high,quartile_tails,0.25,1.0
194350,62,2021-08-04,0.16666666666666666,0,baseline,quartile_tails,0.25,1.0
196012,62,2021-08-04,0.0,0,baseline,quartile_tails,0.25,1.0
196036,62,2021-08-04,1.0,1,high,quartile_tails,0.25,1.0
196699,62,2021-08-04,0.0,0,baseline,quartile_tails,0.25,1.0
197705,62,2021-08-04,0.0,0,baseline,quartile_tails,0.25,1.0
198853,62,2021-08-04,1.0,1,high,quartile_tails,0.25,1.0
200114,62,2021-08-04,1.0,1,high,quartile_tails,0.25,1.0
200204,62,2021-08-04,1.0,1,high,quartile_tails,0.25,1.0
201154,62,2021-08-04,1.0,1,high,quartile_tails,0.25,1.0
201904,62,2021-08-04,0.0,0,baseline,quartile_tails,0.25,1.0
203111,62,2021-08-04,0.15625,0,baseline,quartile_tails,0.25,1.0
203353,62,2021-08-04,1.0,1,high,quartile_tails,0.25,1.0
203604,62,2021-08-04,0.0,0,baseline,quartile_tails,0.25,1.0
203621,62,2021-08-04,1.0,1,high,quartile_tails,0.25,1.0
204451,62,2021-08-04,1.0,1,high,quartile_tails,0.25,1.0
205091,62,2021-08-04,0.0,0,baseline,quartile_tails,0.25,1.0
205325,62,2021-08-04,0.0,0,baseline,quartile_tails,0.25,1.0
205556,62,2021-08-04,0.16666666666666666,0,baseline,quartile_tails,0.25,1.0
205932,62,2021-08-04,1.0,1,high,quartile_tails,0.25,1.0
206311,62,2021-08-04,1.0,1,high,quartile_tails,0.25,1.0
207912,62,2021-08-04,0.0,0,baseline,quartile_tails,0.25,1.0
207988,62,2021-08-04,1.0,1,high,quartile_tails,0.25,1.0
211333,62,2021-08-04,1.0,1,high,quartile_tails,0.25,1.0
213088,62,2021-08-04,0.16666666666666666,0,baseline,quartile_tails,0.25,1.0
214246,62,2021-08-04,1.0,1,high,quartile_tails,0.25,1.0
216266,62,2021-08-04,0.2222222222222222,0,baseline,quartile_tails,0.25,1.0
216544,62,2021-08-04,1.0,1,high,quartile_tails,0.25,1.0
217679,62,2021-08-04,1.0,1,high,quartile_tails,0.25,1.0
218672,62,2021-08-04,0.0,0,baseline,quartile_tails,0.25,1.0
220083,62,2021-08-04,1.0,1,high,quartile_tails,0.25,1.0
220115,62,2021-08-04,1.0,1,high,quartile_tails,0.25,1.0
220637,62,2021-08-04,1.0,1,high,quartile_tails,0.25,1.0
220766,62,2021-08-04,1.0,1,high,quartile_tails,0.25,1.0
220787,62,2021-08-04,0.0,0,baseline,quartile_tails,0.25,1.0
223221,62,2021-08-04,1.0,1,high,quartile_tails,0.25,1.0
223967,62,2021-08-04,0.0,0,baseline,quartile_tails,0.25,1.0
225015,62,2021-08-04,1.0,1,high,quartile_tails,0.25,1.0
225030,62,2021-08-04,1.0,1,high,quartile_tails,0.25,1.0
226469,62,2021-08-04,0.08333333333333333,0,baseline,quartile_tails,0.25,1.0
228269,62,2021-08-04,0.0,0,baseline,quartile_tails,0.25,1.0
229409,62,2021-08-04,1.0,1,high,quartile_tails,0.25,1.0
230000,62,2021-08-04,0.21666666666666665,0,baseline,quartile_tails,0.25,1.0
230913,62,2021-08-04,1.0,1,high,quartile_tails,0.25,1.0
231529,62,2021-08-04,1.0,1,high,quartile_tails,0.25,1.0
231938,62,2021-08-04,1.0,1,high,quartile_tails,0.25,1.0
233962,62,2021-08-04,0.0,0,baseline,quartile_tails,0.25,1.0
234221,62,2021-08-04,0.0,0,baseline,quartile_tails,0.25,1.0
235181,62,2021-08-04,0.0625,0,baseline,quartile_tails,0.25,1.0
235680,62,2021-08-04,1.0,1,high,quartile_tails,0.25,1.0
236529,62,2021-08-04,0.0,0,baseline,quartile_tails,0.25,1.0
237856,62,2021-08-04,1.0,1,high,quartile_tails,0.25,1.0
238379,62,2021-08-04,1.0,1,high,quartile_tails,0.25,1.0
239181,62,2021-08-04,0.16666666666666666,0,baseline,quartile_tails,0.25,1.0
239385,62,2021-08-04,1.0,1,high,quartile_tails,0.25,1.0
240987,62,2021-08-04,0.0,0,baseline,quartile_tails,0.25,1.0
241206,62,2021-08-04,0.0,0,baseline,quartile_tails,0.25,1.0
241238,62,2021-08-04,0.0,0,baseline,quartile_tails,0.25,1.0
242515,62,2021-08-04,1.0,1,high,quartile_tails,0.25,1.0
244545,62,2021-08-04,0.25,0,baseline,quartile_tails,0.25,1.0
244631,62,2021-08-04,0.0,0,baseline,quartile_tails,0.25,1.0
244682,62,2021-08-04,1.0,1,high,quartile_tails,0.25,1.0
245608,62,2021-08-04,0.22708333333333333,0,baseline,quartile_tails,0.25,1.0
245624,62,2021-08-04,1.0,1,high,quartile_tails,0.25,1.0
248311,62,2021-08-04,0.1111111111111111,0,baseline,quartile_tails,0.25,1.0
248333,62,2021-08-04,0.16666666666666666,0,baseline,quartile_tails,0.25,1.0
249975,62,2021-08-04,0.125,0,baseline,quartile_tails,0.25,1.0
250003,62,2021-08-04,1.0,1,high,quartile_tails,0.25,1.0
250013,62,2021-08-04,0.16666666666666666,0,baseline,quartile_tails,0.25,1.0
250339,62,2021-08-04,1.0,1,high,quartile_tails,0.25,1.0
252299,62,2021-08-04,0.25,0,baseline,quartile_tails,0.25,1.0
252486,62,2021-08-04,0.0,0,baseline,quartile_tails,0.25,1.0
252608,62,2021-08-04,1.0,1,high,quartile_tails,0.25,1.0
252646,62,2021-08-04,0.25,0,baseline,quartile_tails,0.25,1.0
254460,62,2021-08-04,0.0,0,baseline,quartile_tails,0.25,1.0
254593,62,2021-08-04,1.0,1,high,quartile_tails,0.25,1.0
255020,62,2021-08-04,1.0,1,high,quartile_tails,0.25,1.0
256420,62,2021-08-04,1.0,1,high,quartile_tails,0.25,1.0
256557,62,2021-08-04,0.0,0,baseline,quartile_tails,0.25,1.0
258964,62,2021-08-04,0.25,0,baseline,quartile_tails,0.25,1.0
258977,62,2021-08-04,1.0,1,high,quartile_tails,0.25,1.0
261654,62,2021-08-04,1.0,1,high,quartile_tails,0.25,1.0
262887,62,2021-08-04,0.125,0,baseline,quartile_tails,0.25,1.0
263455,62,2021-08-04,1.0,1,high,quartile_tails,0.25,1.0
263977,62,2021-08-04,1.0,1,high,quartile_tails,0.25,1.0
265594,62,2021-08-04,0.0,0,baseline,quartile_tails,0.25,1.0
266264,62,2021-08-04,1.0,1,high,quartile_tails,0.25,1.0
266505,62,2021-08-04,1.0,1,high,quartile_tails,0.25,1.0
267238,62,2021-08-04,0.25,0,baseline,quartile_tails,0.25,1.0
267695,62,2021-08-04,0.2222222222222222,0,baseline,quartile_tails,0.25,1.0
267868,62,2021-08-04,1.0,1,high,quartile_tails,0.25,1.0
268176,62,2021-08-04,0.0,0,baseline,quartile_tails,0.25,1.0
269319,62,2021-08-04,1.0,1,high,quartile_tails,0.25,1.0
270232,62,2021-08-04,0.0,0,baseline,quartile_tails,0.25,1.0
270695,62,2021-08-04,1.0,1,high,quartile_tails,0.25,1.0
270884,62,2021-08-04,0.0,0,baseline,quartile_tails,0.25,1.0
271885,62,2021-08-04,0.0,0,baseline,quartile_tails,0.25,1.0
272339,62,2021-08-04,0.0,0,baseline,quartile_tails,0.25,1.0
272503,62,2021-08-04,1.0,1,high,quartile_tails,0.25,1.0
273420,62,2021-08-04,1.0,1,high,quartile_tails,0.25,1.0
273480,62,2021-08-04,1.0,1,high,quartile_tails,0.25,1.0
274334,62,2021-08-04,0.0,0,baseline,quartile_tails,0.25,1.0
274847,62,2021-08-04,0.0,0,baseline,quartile_tails,0.25,1.0
276150,62,2021-08-04,0.0,0,baseline,quartile_tails,0.25,1.0
276251,62,2021-08-04,1.0,1,high,quartile_tails,0.25,1.0
276276,62,2021-08-04,1.0,1,high,quartile_tails,0.25,1.0
276713,62,2021-08-04,1.0,1,high,quartile_tails,0.25,1.0
277171,62,2021-08-04,0.25,0,baseline,quartile_tails,0.25,1.0
278049,62,2021-08-04,1.0,1,high,quartile_tails,0.25,1.0
278277,62,2021-08-04,0.0,0,baseline,quartile_tails,0.25,1.0
278525,62,2021-08-04,1.0,1,high,quartile_tails,0.25,1.0
279007,62,2021-08-04,1.0,1,high,quartile_tails,0.25,1.0
279115,62,2021-08-04,0.0,0,baseline,quartile_tails,0.25,1.0
280172,62,2021-08-04,0.25,0,baseline,quartile_tails,0.25,1.0
281276,62,2021-08-04,1.0,1,high,quartile_tails,0.25,1.0
281547,62,2021-08-04,1.0,1,high,quartile_tails,0.25,1.0
283862,62,2021-08-04,0.0,0,baseline,quartile_tails,0.25,1.0
284773,62,2021-08-04,0.0,0,baseline,quartile_tails,0.25,1.0
285850,62,2021-08-04,0.16666666666666666,0,baseline,quartile_tails,0.25,1.0
286651,62,2021-08-04,1.0,1,high,quartile_tails,0.25,1.0
287198,62,2021-08-04,1.0,1,high,quartile_tails,0.25,1.0
287491,62,2021-08-04,1.0,1,high,quartile_tails,0.25,1.0
287497,62,2021-08-04,0.16666666666666666,0,baseline,quartile_tails,0.25,1.0
287548,62,2021-08-04,1.0,1,high,quartile_tails,0.25,1.0
287815,62,2021-08-04,0.25,0,baseline,quartile_tails,0.25,1.0
289542,62,2021-08-04,1.0,1,high,quartile_tails,0.25,1.0
291705,62,2021-08-04,1.0,1,high,quartile_tails,0.25,1.0
291725,62,2021-08-04,0.25,0,baseline,quartile_tails,0.25,1.0
293916,62,2021-08-04,1.0,1,high,quartile_tails,0.25,1.0
294314,62,2021-08-04,0.0,0,baseline,quartile_tails,0.25,1.0
294650,62,2021-08-04,1.0,1,high,quartile_tails,0.25,1.0
295129,62,2021-08-04,1.0,1,high,quartile_tails,0.25,1.0
298275,62,2021-08-04,0.0,0,baseline,quartile_tails,0.25,1.0
298691,62,2021-08-04,1.0,1,high,quartile_tails,0.25,1.0
298787,62,2021-08-04,1.0,1,high,quartile_tails,0.25,1.0
299508,62,2021-08-04,0.25,0,baseline,quartile_tails,0.25,1.0
301847,62,2021-08-04,0.25,0,baseline,quartile_tails,0.25,1.0
304151,62,2021-08-04,1.0,1,high,quartile_tails,0.25,1.0
304339,62,2021-08-04,0.16666666666666666,0,baseline,quartile_tails,0.25,1.0
304806,62,2021-08-04,1.0,1,high,quartile_tails,0.25,1.0
305732,62,2021-08-04,1.0,1,high,quartile_tails,0.25,1.0
306792,62,2021-08-04,0.0,0,baseline,quartile_tails,0.25,1.0
306916,62,2021-08-04,0.2222222222222222,0,baseline,quartile_tails,0.25,1.0
306949,62,2021-08-04,1.0,1,high,quartile_tails,0.25,1.0
307509,62,2021-08-04,0.0,0,baseline,quartile_tails,0.25,1.0
309274,62,2021-08-04,0.1875,0,baseline,quartile_tails,0.25,1.0
311334,62,2021-08-04,1.0,1,high,quartile_tails,0.25,1.0
311850,62,2021-08-04,1.0,1,high,quartile_tails,0.25,1.0
312571,62,2021-08-04,1.0,1,high,quartile_tails,0.25,1.0
313183,62,2021-08-04,0.0,0,baseline,quartile_tails,0.25,1.0
313918,62,2021-08-04,1.0,1,high,quartile_tails,0.25,1.0
313945,62,2021-08-04,1.0,1,high,quartile_tails,0.25,1.0
314942,62,2021-08-04,1.0,1,high,quartile_tails,0.25,1.0
314960,62,2021-08-04,1.0,1,high,quartile_tails,0.25,1.0
316555,62,2021-08-04,0.0,0,baseline,quartile_tails,0.25,1.0
316773,62,2021-08-04,0.1111111111111111,0,baseline,quartile_tails,0.25,1.0
316832,62,2021-08-04,1.0,1,high,quartile_tails,0.25,1.0
317454,62,2021-08-04,1.0,1,high,quartile_tails,0.25,1.0
317490,62,2021-08-04,0.0,0,baseline,quartile_tails,0.25,1.0
319162,62,2021-08-04,1.0,1,high,quartile_tails,0.25,1.0
319495,62,2021-08-04,1.0,1,high,quartile_tails,0.25,1.0
320036,62,2021-08-04,1.0,1,high,quartile_tails,0.25,1.0
322110,62,2021-08-04,1.0,1,high,quartile_tails,0.25,1.0
323315,62,2021-08-04,1.0,1,high,quartile_tails,0.25,1.0
323325,62,2021-08-04,0.0,0,baseline,quartile_tails,0.25,1.0
324155,62,2021-08-04,1.0,1,high,quartile_tails,0.25,1.0
324169,62,2021-08-04,1.0,1,high,quartile_tails,0.25,1.0
324219,62,2021-08-04,1.0,1,high,quartile_tails,0.25,1.0
324620,62,2021-08-04,0.0,0,baseline,quartile_tails,0.25,1.0
327930,62,2021-08-04,1.0,1,high,quartile_tails,0.25,1.0
328170,62,2021-08-04,1.0,1,high,quartile_tails,0.25,1.0
328270,62,2021-08-04,0.16666666666666666,0,baseline,quartile_tails,0.25,1.0
330721,62,2021-08-04,1.0,1,high,quartile_tails,0.25,1.0
330797,62,2021-08-04,0.0,0,baseline,quartile_tails,0.25,1.0
331529,62,2021-08-04,0.0,0,baseline,quartile_tails,0.25,1.0
331785,62,2021-08-04,0.0,0,baseline,quartile_tails,0.25,1.0
334388,62,2021-08-04,0.0,0,baseline,quartile_tails,0.25,1.0
335470,62,2021-08-04,0.0,0,baseline,quartile_tails,0.25,1.0
336104,62,2021-08-04,0.0,0,baseline,quartile_tails,0.25,1.0
336402,62,2021-08-04,1.0,1,high,quartile_tails,0.25,1.0
336646,62,2021-08-04,1.0,1,high,quartile_tails,0.25,1.0
336814,62,2021-08-04,1.0,1,high,quartile_tails,0.25,1.0
338437,62,2021-08-04,1.0,1,high,quartile_tails,0.25,1.0
339869,62,2021-08-04,0.25,0,baseline,quartile_tails,0.25,1.0
340569,62,2021-08-04,1.0,1,high,quartile_tails,0.25,1.0
341217,62,2021-08-04,1.0,1,high,quartile_tails,0.25,1.0
341506,62,2021-08-04,0.0,0,baseline,quartile_tails,0.25,1.0
343669,62,2021-08-04,1.0,1,high,quartile_tails,0.25,1.0
343869,62,2021-08-04,1.0,1,high,quartile_tails,0.25,1.0
344130,62,2021-08-04,0.08333333333333333,0,baseline,quartile_tails,0.25,1.0
344614,62,2021-08-04,1.0,1,high,quartile_tails,0.25,1.0
345035,62,2021-08-04,1.0,1,high,quartile_tails,0.25,1.0
345703,62,2021-08-04,0.25,0,baseline,quartile_tails,0.25,1.0
346115,62,2021-08-04,1.0,1,high,quartile_tails,0.25,1.0
348432,62,2021-08-04,1.0,1,high,quartile_tails,0.25,1.0
348617,62,2021-08-04,0.0,0,baseline,quartile_tails,0.25,1.0
349569,62,2021-08-04,0.0,0,baseline,quartile_tails,0.25,1.0
349859,62,2021-08-04,1.0,1,high,quartile_tails,0.25,1.0
349962,62,2021-08-04,1.0,1,high,quartile_tails,0.25,1.0
350369,62,2021-08-04,1.0,1,high,quartile_tails,0.25,1.0
351198,62,2021-08-04,0.25,0,baseline,quartile_tails,0.25,1.0
352171,62,2021-08-04,0.0,0,baseline,quartile_tails,0.25,1.0
354507,62,2021-08-04,1.0,1,high,quartile_tails,0.25,1.0
355213,62,2021-08-04,1.0,1,high,quartile_tails,0.25,1.0
359451,62,2021-08-04,1.0,1,high,quartile_tails,0.25,1.0
360653,62,2021-08-04,1.0,1,high,quartile_tails,0.25,1.0
360721,62,2021-08-04,0.0,0,baseline,quartile_tails,0.25,1.0
363266,62,2021-08-04,0.0,0,baseline,quartile_tails,0.25,1.0
363736,62,2021-08-04,1.0,1,high,quartile_tails,0.25,1.0
365425,62,2021-08-04,0.0,0,baseline,quartile_tails,0.25,1.0
366292,62,2021-08-04,0.16666666666666666,0,baseline,quartile_tails,0.25,1.0
367154,62,2021-08-04,1.0,1,high,quartile_tails,0.25,1.0
368079,62,2021-08-04,1.0,1,high,quartile_tails,0.25,1.0
368932,62,2021-08-04,0.0,0,baseline,quartile_tails,0.25,1.0
369480,62,2021-08-04,1.0,1,high,quartile_tails,0.25,1.0
372001,62,2021-08-04,1.0,1,high,quartile_tails,0.25,1.0
372064,62,2021-08-04,0.0,0,baseline,quartile_tails,0.25,1.0
372707,62,2021-08-04,0.19444444444444442,0,baseline,quartile_tails,0.25,1.0
373528,62,2021-08-04,1.0,1,high,quartile_tails,0.25,1.0
374163,62,2021-08-04,0.125,0,baseline,quartile_tails,0.25,1.0
374415,62,2021-08-04,0.16666666666666666,0,baseline,quartile_tails,0.25,1.0
374595,62,2021-08-04,1.0,1,high,quartile_tails,0.25,1.0
375213,62,2021-08-04,1.0,1,high,quartile_tails,0.25,1.0
376430,62,2021-08-04,1.0,1,high,quartile_tails,0.25,1.0
376743,62,2021-08-04,0.25,0,baseline,quartile_tails,0.25,1.0
376896,62,2021-08-04,0.0,0,baseline,quartile_tails,0.25,1.0
377476,62,2021-08-04,0.0,0,baseline,quartile_tails,0.25,1.0
378143,62,2021-08-04,1.0,1,high,quartile_tails,0.25,1.0
379566,62,2021-08-04,0.0,0,baseline,quartile_tails,0.25,1.0
380705,62,2021-08-04,0.0,0,baseline,quartile_tails,0.25,1.0
382836,62,2021-08-04,0.0,0,baseline,quartile_tails,0.25,1.0
383800,62,2021-08-04,0.0,0,baseline,quartile_tails,0.25,1.0
383801,62,2021-08-04,0.25,0,baseline,quartile_tails,0.25,1.0
385096,62,2021-08-04,0.0,0,baseline,quartile_tails,0.25,1.0
385553,62,2021-08-04,0.0,0,baseline,quartile_tails,0.25,1.0
386617,62,2021-08-04,1.0,1,high,quartile_tails,0.25,1.0
388930,62,2021-08-04,0.08333333333333333,0,baseline,quartile_tails,0.25,1.0
389469,62,2021-08-04,1.0,1,high,quartile_tails,0.25,1.0
389550,62,2021-08-04,1.0,1,high,quartile_tails,0.25,1.0
390509,62,2021-08-04,1.0,1,high,quartile_tails,0.25,1.0
390859,62,2021-08-04,0.16666666666666666,0,baseline,quartile_tails,0.25,1.0
393501,62,2021-08-04,0.25,0,baseline,quartile_tails,0.25,1.0
396581,62,2021-08-04,1.0,1,high,quartile_tails,0.25,1.0
397450,62,2021-08-04,0.0,0,baseline,quartile_tails,0.25,1.0
398252,62,2021-08-04,0.0,0,baseline,quartile_tails,0.25,1.0
398289,62,2021-08-04,1.0,1,high,quartile_tails,0.25,1.0
398301,62,2021-08-04,1.0,1,high,quartile_tails,0.25,1.0
399023,62,2021-08-04,1.0,1,high,quartile_tails,0.25,1.0
402539,62,2021-08-04,0.0,0,baseline,quartile_tails,0.25,1.0
402694,62,2021-08-04,0.16666666666666666,0,baseline,quartile_tails,0.25,1.0
402943,62,2021-08-04,0.0,0,baseline,quartile_tails,0.25,1.0
404647,62,2021-08-04,1.0,1,high,quartile_tails,0.25,1.0
404656,62,2021-08-04,1.0,1,high,quartile_tails,0.25,1.0
405204,62,2021-08-04,0.0,0,baseline,quartile_tails,0.25,1.0
405851,62,2021-08-04,1.0,1,high,quartile_tails,0.25,1.0
407194,62,2021-08-04,1.0,1,high,quartile_tails,0.25,1.0
407349,62,2021-08-04,1.0,1,high,quartile_tails,0.25,1.0
407351,62,2021-08-04,1.0,1,high,quartile_tails,0.25,1.0
410102,62,2021-08-04,1.0,1,high,quartile_tails,0.25,1.0
410320,62,2021-08-04,0.16666666666666666,0,baseline,quartile_tails,0.25,1.0
410527,62,2021-08-04,1.0,1,high,quartile_tails,0.25,1.0
410646,62,2021-08-04,1.0,1,high,quartile_tails,0.25,1.0
412768,62,2021-08-04,1.0,1,high,quartile_tails,0.25,1.0
412835,62,2021-08-04,0.0,0,baseline,quartile_tails,0.25,1.0
413473,62,2021-08-04,0.0,0,baseline,quartile_tails,0.25,1.0
413941,62,2021-08-04,1.0,1,high,quartile_tails,0.25,1.0
414013,62,2021-08-04,1.0,1,high,quartile_tails,0.25,1.0
414452,62,2021-08-04,1.0,1,high,quartile_tails,0.25,1.0
414780,62,2021-08-04,1.0,1,high,quartile_tails,0.25,1.0
414914,62,2021-08-04,0.0,0,baseline,quartile_tails,0.25,1.0
415238,62,2021-08-04,1.0,1,high,quartile_tails,0.25,1.0
415414,62,2021-08-04,0.0,0,baseline,quartile_tails,0.25,1.0
415457,62,2021-08-04,0.0,0,baseline,quartile_tails,0.25,1.0
415821,62,2021-08-04,1.0,1,high,quartile_tails,0.25,1.0
417145,62,2021-08-04,1.0,1,high,quartile_tails,0.25,1.0
417942,62,2021-08-04,1.0,1,high,quartile_tails,0.25,1.0
418085,62,2021-08-04,1.0,1,high,quartile_tails,0.25,1.0
418697,62,2021-08-04,1.0,1,high,quartile_tails,0.25,1.0
418741,62,2021-08-04,1.0,1,high,quartile_tails,0.25,1.0
419983,62,2021-08-04,1.0,1,high,quartile_tails,0.25,1.0
420243,62,2021-08-04,1.0,1,high,quartile_tails,0.25,1.0
420885,62,2021-08-04,1.0,1,high,quartile_tails,0.25,1.0
420988,62,2021-08-04,1.0,1,high,quartile_tails,0.25,1.0
422193,62,2021-08-04,1.0,1,high,quartile_tails,0.25,1.0
422896,62,2021-08-04,0.0,0,baseline,quartile_tails,0.25,1.0
427133,62,2021-08-04,0.19999999999999998,0,baseline,quartile_tails,0.25,1.0
428146,62,2021-08-04,1.0,1,high,quartile_tails,0.25,1.0
432929,62,2021-08-04,1.0,1,high,quartile_tails,0.25,1.0
433037,62,2021-08-04,0.0,0,baseline,quartile_tails,0.25,1.0
433213,62,2021-08-04,1.0,1,high,quartile_tails,0.25,1.0
437905,62,2021-08-04,0.0,0,baseline,quartile_tails,0.25,1.0
438194,62,2021-08-04,1.0,1,high,quartile_tails,0.25,1.0
439160,62,2021-08-04,0.0,0,baseline,quartile_tails,0.25,1.0
441091,62,2021-08-04,1.0,1,high,quartile_tails,0.25,1.0
442401,62,2021-08-04,0.0,0,baseline,quartile_tails,0.25,1.0
443329,62,2021-08-04,1.0,1,high,quartile_tails,0.25,1.0
444593,62,2021-08-04,0.0,0,baseline,quartile_tails,0.25,1.0
444638,62,2021-08-04,1.0,1,high,quartile_tails,0.25,1.0
445322,62,2021-08-04,0.20000000000000004,0,baseline,quartile_tails,0.25,1.0
445934,62,2021-08-04,1.0,1,high,quartile_tails,0.25,1.0
446694,62,2021-08-04,1.0,1,high,quartile_tails,0.25,1.0
447094,62,2021-08-04,1.0,1,high,quartile_tails,0.25,1.0
448996,62,2021-08-04,0.0,0,baseline,quartile_tails,0.25,1.0
450054,62,2021-08-04,1.0,1,high,quartile_tails,0.25,1.0
450313,62,2021-08-04,0.0,0,baseline,quartile_tails,0.25,1.0
450324,62,2021-08-04,1.0,1,high,quartile_tails,0.25,1.0
451185,62,2021-08-04,1.0,1,high,quartile_tails,0.25,1.0
451496,62,2021-08-04,1.0,1,high,quartile_tails,0.25,1.0
451505,62,2021-08-04,1.0,1,high,quartile_tails,0.25,1.0
451525,62,2021-08-04,0.25,0,baseline,quartile_tails,0.25,1.0
451658,62,2021-08-04,0.0,0,baseline,quartile_tails,0.25,1.0
451674,62,2021-08-04,0.0,0,baseline,quartile_tails,0.25,1.0
452434,62,2021-08-04,0.0,0,baseline,quartile_tails,0.25,1.0
452462,62,2021-08-04,0.125,0,baseline,quartile_tails,0.25,1.0
452893,62,2021-08-04,0.0,0,baseline,quartile_tails,0.25,1.0
453227,62,2021-08-04,1.0,1,high,quartile_tails,0.25,1.0
453481,62,2021-08-04,0.25,0,baseline,quartile_tails,0.25,1.0
453637,62,2021-08-04,1.0,1,high,quartile_tails,0.25,1.0
454969,62,2021-08-04,0.0,0,baseline,quartile_tails,0.25,1.0
455387,62,2021-08-04,0.125,0,baseline,quartile_tails,0.25,1.0
457090,62,2021-08-04,1.0,1,high,quartile_tails,0.25,1.0
457319,62,2021-08-04,0.0,0,baseline,quartile_tails,0.25,1.0
457804,62,2021-08-04,0.16666666666666666,0,baseline,quartile_tails,0.25,1.0
457971,62,2021-08-04,0.0,0,baseline,quartile_tails,0.25,1.0
458205,62,2021-08-04,1.0,1,high,quartile_tails,0.25,1.0
458444,62,2021-08-04,1.0,1,high,quartile_tails,0.25,1.0
459615,62,2021-08-04,0.0,0,baseline,quartile_tails,0.25,1.0
459977,62,2021-08-04,1.0,1,high,quartile_tails,0.25,1.0
460705,62,2021-08-04,1.0,1,high,quartile_tails,0.25,1.0
461303,62,2021-08-04,1.0,1,high,quartile_tails,0.25,1.0
461766,62,2021-08-04,1.0,1,high,quartile_tails,0.25,1.0
462178,62,2021-08-04,1.0,1,high,quartile_tails,0.25,1.0
463123,62,2021-08-04,1.0,1,high,quartile_tails,0.25,1.0
464268,62,2021-08-04,0.25,0,baseline,quartile_tails,0.25,1.0
464407,62,2021-08-04,1.0,1,high,quartile_tails,0.25,1.0
465333,62,2021-08-04,1.0,1,high,quartile_tails,0.25,1.0
466104,62,2021-08-04,0.0,0,baseline,quartile_tails,0.25,1.0
466493,62,2021-08-04,0.0,0,baseline,quartile_tails,0.25,1.0
468587,62,2021-08-04,1.0,1,high,quartile_tails,0.25,1.0
468674,62,2021-08-04,1.0,1,high,quartile_tails,0.25,1.0
468830,62,2021-08-04,1.0,1,high,quartile_tails,0.25,1.0
469262,62,2021-08-04,1.0,1,high,quartile_tails,0.25,1.0
469736,62,2021-08-04,1.0,1,high,quartile_tails,0.25,1.0
470189,62,2021-08-04,0.0,0,baseline,quartile_tails,0.25,1.0
471828,62,2021-08-04,0.0,0,baseline,quartile_tails,0.25,1.0
473451,62,2021-08-04,1.0,1,high,quartile_tails,0.25,1.0
474523,62,2021-08-04,0.0,0,baseline,quartile_tails,0.25,1.0
474563,62,2021-08-04,0.16666666666666666,0,baseline,quartile_tails,0.25,1.0
475366,62,2021-08-04,0.0,0,baseline,quartile_tails,0.25,1.0
477127,62,2021-08-04,1.0,1,high,quartile_tails,0.25,1.0
477645,62,2021-08-04,0.0,0,baseline,quartile_tails,0.25,1.0
479346,62,2021-08-04,0.0,0,baseline,quartile_tails,0.25,1.0
480028,62,2021-08-04,0.1111111111111111,0,baseline,quartile_tails,0.25,1.0
480390,62,2021-08-04,1.0,1,high,quartile_tails,0.25,1.0
481052,62,2021-08-04,1.0,1,high,quartile_tails,0.25,1.0
481136,62,2021-08-04,1.0,1,high,quartile_tails,0.25,1.0
482166,62,2021-08-04,0.0,0,baseline,quartile_tails,0.25,1.0
482234,62,2021-08-04,1.0,1,high,quartile_tails,0.25,1.0
484347,62,2021-08-04,0.0,0,baseline,quartile_tails,0.25,1.0
484627,62,2021-08-04,0.0,0,baseline,quartile_tails,0.25,1.0
486023,62,2021-08-04,0.0,0,baseline,quartile_tails,0.25,1.0
486262,62,2021-08-04,0.25,0,baseline,quartile_tails,0.25,1.0
486513,62,2021-08-04,1.0,1,high,quartile_tails,0.25,1.0
488375,62,2021-08-04,1.0,1,high,quartile_tails,0.25,1.0
489854,62,2021-08-04,0.16666666666666666,0,baseline,quartile_tails,0.25,1.0
490779,62,2021-08-04,0.0,0,baseline,quartile_tails,0.25,1.0
492371,62,2021-08-04,1.0,1,high,quartile_tails,0.25,1.0
492529,62,2021-08-04,1.0,1,high,quartile_tails,0.25,1.0
493975,62,2021-08-04,1.0,1,high,quartile_tails,0.25,1.0
497140,62,2021-08-04,0.0,0,baseline,quartile_tails,0.25,1.0
497160,62,2021-08-04,1.0,1,high,quartile_tails,0.25,1.0
498095,62,2021-08-04,1.0,1,high,quartile_tails,0.25,1.0
498516,62,2021-08-04,0.0,0,baseline,quartile_tails,0.25,1.0
500105,62,2021-08-04,1.0,1,high,quartile_tails,0.25,1.0
500260,62,2021-08-04,0.0,0,baseline,quartile_tails,0.25,1.0
500916,62,2021-08-04,0.0,0,baseline,quartile_tails,0.25,1.0
501860,62,2021-08-04,1.0,1,high,quartile_tails,0.25,1.0
502129,62,2021-08-04,0.2222222222222222,0,baseline,quartile_tails,0.25,1.0
502714,62,2021-08-04,1.0,1,high,quartile_tails,0.25,1.0
504016,62,2021-08-04,1.0,1,high,quartile_tails,0.25,1.0
505269,62,2021-08-04,1.0,1,high,quartile_tails,0.25,1.0
507069,62,2021-08-04,0.08333333333333333,0,baseline,quartile_tails,0.25,1.0
507291,62,2021-08-04,0.0,0,baseline,quartile_tails,0.25,1.0
507767,62,2021-08-04,1.0,1,high,quartile_tails,0.25,1.0
510488,62,2021-08-04,1.0,1,high,quartile_tails,0.25,1.0
511331,62,2021-08-04,0.225,0,baseline,quartile_tails,0.25,1.0
511621,62,2021-08-04,1.0,1,high,quartile_tails,0.25,1.0
511668,62,2021-08-04,1.0,1,high,quartile_tails,0.25,1.0
511708,62,2021-08-04,0.125,0,baseline,quartile_tails,0.25,1.0
512380,62,2021-08-04,0.0,0,baseline,quartile_tails,0.25,1.0
512816,62,2021-08-04,0.125,0,baseline,quartile_tails,0.25,1.0
513067,62,2021-08-04,0.0,0,baseline,quartile_tails,0.25,1.0
513365,62,2021-08-04,1.0,1,high,quartile_tails,0.25,1.0
514134,62,2021-08-04,1.0,1,high,quartile_tails,0.25,1.0
514174,62,2021-08-04,1.0,1,high,quartile_tails,0.25,1.0
514532,62,2021-08-04,0.16666666666666666,0,baseline,quartile_tails,0.25,1.0
515332,62,2021-08-04,0.16666666666666666,0,baseline,quartile_tails,0.25,1.0
515377,62,2021-08-04,1.0,1,high,quartile_tails,0.25,1.0
515488,62,2021-08-04,0.175,0,baseline,quartile_tails,0.25,1.0
515790,62,2021-08-04,0.125,0,baseline,quartile_tails,0.25,1.0
516357,62,2021-08-04,1.0,1,high,quartile_tails,0.25,1.0
516789,62,2021-08-04,1.0,1,high,quartile_tails,0.25,1.0
516820,62,2021-08-04,1.0,1,high,quartile_tails,0.25,1.0
520021,62,2021-08-04,1.0,1,high,quartile_tails,0.25,1.0
520767,62,2021-08-04,0.0,0,baseline,quartile_tails,0.25,1.0
521194,62,2021-08-04,1.0,1,high,quartile_tails,0.25,1.0
521975,62,2021-08-04,0.16666666666666666,0,baseline,quartile_tails,0.25,1.0
522136,62,2021-08-04,1.0,1,high,quartile_tails,0.25,1.0
522697,62,2021-08-04,0.25,0,baseline,quartile_tails,0.25,1.0
523559,62,2021-08-04,1.0,1,high,quartile_tails,0.25,1.0
524725,62,2021-08-04,0.0,0,baseline,quartile_tails,0.25,1.0
525475,62,2021-08-04,0.16666666666666666,0,baseline,quartile_tails,0.25,1.0
525492,62,2021-08-04,0.0,0,baseline,quartile_tails,0.25,1.0
525683,62,2021-08-04,1.0,1,high,quartile_tails,0.25,1.0
525728,62,2021-08-04,1.0,1,high,quartile_tails,0.25,1.0
527132,62,2021-08-04,0.0,0,baseline,quartile_tails,0.25,1.0
527490,62,2021-08-04,0.25,0,baseline,quartile_tails,0.25,1.0
528998,62,2021-08-04,1.0,1,high,quartile_tails,0.25,1.0
529513,62,2021-08-04,0.0,0,baseline,quartile_tails,0.25,1.0
530519,62,2021-08-04,1.0,1,high,quartile_tails,0.25,1.0
531404,62,2021-08-04,1.0,1,high,quartile_tails,0.25,1.0
531669,62,2021-08-04,1.0,1,high,quartile_tails,0.25,1.0
531842,62,2021-08-04,0.25,0,baseline,quartile_tails,0.25,1.0
532270,62,2021-08-04,0.125,0,baseline,quartile_tails,0.25,1.0
532671,62,2021-08-04,1.0,1,high,quartile_tails,0.25,1.0
533295,62,2021-08-04,1.0,1,high,quartile_tails,0.25,1.0
534445,62,2021-08-04,1.0,1,high,quartile_tails,0.25,1.0
534484,62,2021-08-04,0.0,0,baseline,quartile_tails,0.25,1.0
537615,62,2021-08-04,1.0,1,high,quartile_tails,0.25,1.0
537672,62,2021-08-04,0.16666666666666666,0,baseline,quartile_tails,0.25,1.0
538202,62,2021-08-04,1.0,1,high,quartile_tails,0.25,1.0
538518,62,2021-08-04,1.0,1,high,quartile_tails,0.25,1.0
539355,62,2021-08-04,1.0,1,high,quartile_tails,0.25,1.0
539543,62,2021-08-04,1.0,1,high,quartile_tails,0.25,1.0
540140,62,2021-08-04,1.0,1,high,quartile_tails,0.25,1.0
540274,62,2021-08-04,0.25,0,baseline,quartile_tails,0.25,1.0
540943,62,2021-08-04,0.0,0,baseline,quartile_tails,0.25,1.0
541007,62,2021-08-04,1.0,1,high,quartile_tails,0.25,1.0
542506,62,2021-08-04,0.0,0,baseline,quartile_tails,0.25,1.0
542633,62,2021-08-04,1.0,1,high,quartile_tails,0.25,1.0
542801,62,2021-08-04,1.0,1,high,quartile_tails,0.25,1.0
544429,62,2021-08-04,1.0,1,high,quartile_tails,0.25,1.0
544476,62,2021-08-04,0.25,0,baseline,quartile_tails,0.25,1.0
545438,62,2021-08-04,1.0,1,high,quartile_tails,0.25,1.0
545535,62,2021-08-04,0.0,0,baseline,quartile_tails,0.25,1.0
545565,62,2021-08-04,1.0,1,high,quartile_tails,0.25,1.0
546759,62,2021-08-04,1.0,1,high,quartile_tails,0.25,1.0
546760,62,2021-08-04,1.0,1,high,quartile_tails,0.25,1.0
546886,62,2021-08-04,0.0,0,baseline,quartile_tails,0.25,1.0
546986,62,2021-08-04,1.0,1,high,quartile_tails,0.25,1.0
547059,62,2021-08-04,0.24583333333333335,0,baseline,quartile_tails,0.25,1.0
547837,62,2021-08-04,0.25,0,baseline,quartile_tails,0.25,1.0
548288,62,2021-08-04,0.08333333333333333,0,baseline,quartile_tails,0.25,1.0
549230,62,2021-08-04,1.0,1,high,quartile_tails,0.25,1.0
550764,62,2021-08-04,0.0,0,baseline,quartile_tails,0.25,1.0
551372,62,2021-08-04,1.0,1,high,quartile_tails,0.25,1.0
551626,62,2021-08-04,1.0,1,high,quartile_tails,0.25,1.0
552175,62,2021-08-04,1.0,1,high,quartile_tails,0.25,1.0
552222,62,2021-08-04,1.0,1,high,quartile_tails,0.25,1.0
552294,62,2021-08-04,0.20833333333333331,0,baseline,quartile_tails,0.25,1.0
552494,62,2021-08-04,1.0,1,high,quartile_tails,0.25,1.0
552708,62,2021-08-04,0.25,0,baseline,quartile_tails,0.25,1.0
552815,62,2021-08-04,1.0,1,high,quartile_tails,0.25,1.0
553618,62,2021-08-04,0.0,0,baseline,quartile_tails,0.25,1.0
553887,62,2021-08-04,1.0,1,high,quartile_tails,0.25,1.0
555179,62,2021-08-04,1.0,1,high,quartile_tails,0.25,1.0
555384,62,2021-08-04,1.0,1,high,quartile_tails,0.25,1.0
560277,62,2021-08-04,0.1875,0,baseline,quartile_tails,0.25,1.0
560418,62,2021-08-04,0.0,0,baseline,quartile_tails,0.25,1.0
561149,62,2021-08-04,0.0,0,baseline,quartile_tails,0.25,1.0
562285,62,2021-08-04,1.0,1,high,quartile_tails,0.25,1.0
562408,62,2021-08-04,1.0,1,high,quartile_tails,0.25,1.0
562419,62,2021-08-04,0.0,0,baseline,quartile_tails,0.25,1.0
562891,62,2021-08-04,1.0,1,high,quartile_tails,0.25,1.0
563829,62,2021-08-04,1.0,1,high,quartile_tails,0.25,1.0
565556,62,2021-08-04,0.125,0,baseline,quartile_tails,0.25,1.0
566193,62,2021-08-04,1.0,1,high,quartile_tails,0.25,1.0
566885,62,2021-08-04,0.16666666666666666,0,baseline,quartile_tails,0.25,1.0
568129,62,2021-08-04,1.0,1,high,quartile_tails,0.25,1.0
568501,62,2021-08-04,0.16666666666666666,0,baseline,quartile_tails,0.25,1.0
568911,62,2021-08-04,1.0,1,high,quartile_tails,0.25,1.0
571621,62,2021-08-04,0.0,0,baseline,quartile_tails,0.25,1.0
572420,62,2021-08-04,0.25,0,baseline,quartile_tails,0.25,1.0
573326,62,2021-08-04,1.0,1,high,quartile_tails,0.25,1.0
575190,62,2021-08-04,0.0,0,baseline,quartile_tails,0.25,1.0
577237,62,2021-08-04,1.0,1,high,quartile_tails,0.25,1.0
577959,62,2021-08-04,1.0,1,high,quartile_tails,0.25,1.0
577978,62,2021-08-04,0.25,0,baseline,quartile_tails,0.25,1.0
578619,62,2021-08-04,0.16666666666666666,0,baseline,quartile_tails,0.25,1.0
579386,62,2021-08-04,1.0,1,high,quartile_tails,0.25,1.0
580635,62,2021-08-04,0.0,0,baseline,quartile_tails,0.25,1.0
581301,62,2021-08-04,0.0,0,baseline,quartile_tails,0.25,1.0
581671,62,2021-08-04,1.0,1,high,quartile_tails,0.25,1.0
581974,62,2021-08-04,1.0,1,high,quartile_tails,0.25,1.0
582242,62,2021-08-04,1.0,1,high,quartile_tails,0.25,1.0
582243,62,2021-08-04,1.0,1,high,quartile_tails,0.25,1.0
582340,62,2021-08-04,0.0,0,baseline,quartile_tails,0.25,1.0
582978,62,2021-08-04,1.0,1,high,quartile_tails,0.25,1.0
583172,62,2021-08-04,1.0,1,high,quartile_tails,0.25,1.0
583900,62,2021-08-04,1.0,1,high,quartile_tails,0.25,1.0
584649,62,2021-08-04,0.0,0,baseline,quartile_tails,0.25,1.0
585905,62,2021-08-04,1.0,1,high,quartile_tails,0.25,1.0
586392,62,2021-08-04,1.0,1,high,quartile_tails,0.25,1.0
586856,62,2021-08-04,1.0,1,high,quartile_tails,0.25,1.0
587160,62,2021-08-04,0.0,0,baseline,quartile_tails,0.25,1.0
588862,62,2021-08-04,0.0,0,baseline,quartile_tails,0.25,1.0
589705,62,2021-08-04,1.0,1,high,quartile_tails,0.25,1.0
589836,62,2021-08-04,1.0,1,high,quartile_tails,0.25,1.0
589916,62,2021-08-04,0.0,0,baseline,quartile_tails,0.25,1.0
590590,62,2021-08-04,0.0,0,baseline,quartile_tails,0.25,1.0
591419,62,2021-08-04,0.0,0,baseline,quartile_tails,0.25,1.0
592335,62,2021-08-04,1.0,1,high,quartile_tails,0.25,1.0
592838,62,2021-08-04,0.0,0,baseline,quartile_tails,0.25,1.0
592840,62,2021-08-04,1.0,1,high,quartile_tails,0.25,1.0
593103,62,2021-08-04,0.16666666666666666,0,baseline,quartile_tails,0.25,1.0
593519,62,2021-08-04,1.0,1,high,quartile_tails,0.25,1.0
593593,62,2021-08-04,1.0,1,high,quartile_tails,0.25,1.0
595179,62,2021-08-04,0.25,0,baseline,quartile_tails,0.25,1.0
595988,62,2021-08-04,0.0,0,baseline,quartile_tails,0.25,1.0
596431,62,2021-08-04,1.0,1,high,quartile_tails,0.25,1.0
597838,62,2021-08-04,0.0,0,baseline,quartile_tails,0.25,1.0
598372,62,2021-08-04,1.0,1,high,quartile_tails,0.25,1.0
598609,62,2021-08-04,1.0,1,high,quartile_tails,0.25,1.0
598798,62,2021-08-04,0.08333333333333333,0,baseline,quartile_tails,0.25,1.0
598900,62,2021-08-04,1.0,1,high,quartile_tails,0.25,1.0
599430,62,2021-08-04,0.1111111111111111,0,baseline,quartile_tails,0.25,1.0
600898,62,2021-08-04,1.0,1,high,quartile_tails,0.25,1.0
601729,62,2021-08-04,0.20833333333333331,0,baseline,quartile_tails,0.25,1.0
602314,62,2021-08-04,0.0,0,baseline,quartile_tails,0.25,1.0
602457,62,2021-08-04,0.0,0,baseline,quartile_tails,0.25,1.0
602696,62,2021-08-04,1.0,1,high,quartile_tails,0.25,1.0
603254,62,2021-08-04,0.125,0,baseline,quartile_tails,0.25,1.0
603384,62,2021-08-04,0.0,0,baseline,quartile_tails,0.25,1.0
603961,62,2021-08-04,1.0,1,high,quartile_tails,0.25,1.0
604168,62,2021-08-04,1.0,1,high,quartile_tails,0.25,1.0
604809,62,2021-08-04,1.0,1,high,quartile_tails,0.25,1.0
605024,62,2021-08-04,0.0,0,baseline,quartile_tails,0.25,1.0
605954,62,2021-08-04,1.0,1,high,quartile_tails,0.25,1.0
606367,62,2021-08-04,1.0,1,high,quartile_tails,0.25,1.0
606401,62,2021-08-04,0.14583333333333331,0,baseline,quartile_tails,0.25,1.0
606841,62,2021-08-04,1.0,1,high,quartile_tails,0.25,1.0
606969,62,2021-08-04,1.0,1,high,quartile_tails,0.25,1.0
607608,62,2021-08-04,0.25,0,baseline,quartile_tails,0.25,1.0
608010,62,2021-08-04,1.0,1,high,quartile_tails,0.25,1.0
608147,62,2021-08-04,0.16666666666666666,0,baseline,quartile_tails,0.25,1.0
608515,62,2021-08-04,0.16666666666666666,0,baseline,quartile_tails,0.25,1.0
608858,62,2021-08-04,1.0,1,high,quartile_tails,0.25,1.0
608969,62,2021-08-04,1.0,1,high,quartile_tails,0.25,1.0
610218,62,2021-08-04,0.16666666666666666,0,baseline,quartile_tails,0.25,1.0
612050,62,2021-08-04,1.0,1,high,quartile_tails,0.25,1.0
612069,62,2021-08-04,1.0,1,high,quartile_tails,0.25,1.0
612311,62,2021-08-04,1.0,1,high,quartile_tails,0.25,1.0
618489,62,2021-08-04,1.0,1,high,quartile_tails,0.25,1.0
619640,62,2021-08-04,1.0,1,high,quartile_tails,0.25,1.0
619871,62,2021-08-04,0.0,0,baseline,quartile_tails,0.25,1.0
621511,62,2021-08-04,1.0,1,high,quartile_tails,0.25,1.0
621657,62,2021-08-04,0.16666666666666666,0,baseline,quartile_tails,0.25,1.0
621779,62,2021-08-04,1.0,1,high,quartile_tails,0.25,1.0
622449,62,2021-08-04,1.0,1,high,quartile_tails,0.25,1.0
622484,62,2021-08-04,1.0,1,high,quartile_tails,0.25,1.0
623315,62,2021-08-04,0.0,0,baseline,quartile_tails,0.25,1.0
623378,62,2021-08-04,1.0,1,high,quartile_tails,0.25,1.0
624027,62,2021-08-04,1.0,1,high,quartile_tails,0.25,1.0
624222,62,2021-08-04,0.16666666666666666,0,baseline,quartile_tails,0.25,1.0
624292,62,2021-08-04,1.0,1,high,quartile_tails,0.25,1.0
624330,62,2021-08-04,0.0,0,baseline,quartile_tails,0.25,1.0
624686,62,2021-08-04,1.0,1,high,quartile_tails,0.25,1.0
625130,62,2021-08-04,1.0,1,high,quartile_tails,0.25,1.0
625400,62,2021-08-04,1.0,1,high,quartile_tails,0.25,1.0
626249,62,2021-08-04,0.125,0,baseline,quartile_tails,0.25,1.0
628024,62,2021-08-04,0.0,0,baseline,quartile_tails,0.25,1.0
628325,62,2021-08-04,1.0,1,high,quartile_tails,0.25,1.0
628911,62,2021-08-04,0.0,0,baseline,quartile_tails,0.25,1.0
628986,62,2021-08-04,1.0,1,high,quartile_tails,0.25,1.0
629696,62,2021-08-04,0.125,0,baseline,quartile_tails,0.25,1.0
630551,62,2021-08-04,0.15000000000000002,0,baseline,quartile_tails,0.25,1.0
630711,62,2021-08-04,1.0,1,high,quartile_tails,0.25,1.0
635120,62,2021-08-04,0.25,0,baseline,quartile_tails,0.25,1.0
635123,62,2021-08-04,1.0,1,high,quartile_tails,0.25,1.0
635419,62,2021-08-04,1.0,1,high,quartile_tails,0.25,1.0
636316,62,2021-08-04,0.125,0,baseline,quartile_tails,0.25,1.0
636512,62,2021-08-04,0.047619047619047616,0,baseline,quartile_tails,0.25,1.0
637523,62,2021-08-04,0.0,0,baseline,quartile_tails,0.25,1.0
638337,62,2021-08-04,1.0,1,high,quartile_tails,0.25,1.0
638421,62,2021-08-04,1.0,1,high,quartile_tails,0.25,1.0
638498,62,2021-08-04,1.0,1,high,quartile_tails,0.25,1.0
639278,62,2021-08-04,1.0,1,high,quartile_tails,0.25,1.0
639666,62,2021-08-04,1.0,1,high,quartile_tails,0.25,1.0
640379,62,2021-08-04,0.16666666666666666,0,baseline,quartile_tails,0.25,1.0
641482,62,2021-08-04,1.0,1,high,quartile_tails,0.25,1.0
642051,62,2021-08-04,0.1,0,baseline,quartile_tails,0.25,1.0
642556,62,2021-08-04,1.0,1,high,quartile_tails,0.25,1.0
642911,62,2021-08-04,0.0,0,baseline,quartile_tails,0.25,1.0
643155,62,2021-08-04,1.0,1,high,quartile_tails,0.25,1.0
643529,62,2021-08-04,0.25,0,baseline,quartile_tails,0.25,1.0
645823,62,2021-08-04,0.125,0,baseline,quartile_tails,0.25,1.0
646058,62,2021-08-04,1.0,1,high,quartile_tails,0.25,1.0
646315,62,2021-08-04,0.0,0,baseline,quartile_tails,0.25,1.0
646384,62,2021-08-04,1.0,1,high,quartile_tails,0.25,1.0
646599,62,2021-08-04,0.20833333333333331,0,baseline,quartile_tails,0.25,1.0
646703,62,2021-08-04,1.0,1,high,quartile_tails,0.25,1.0
647421,62,2021-08-04,0.17291666666666666,0,baseline,quartile_tails,0.25,1.0
647477,62,2021-08-04,1.0,1,high,quartile_tails,0.25,1.0
650882,62,2021-08-04,0.1111111111111111,0,baseline,quartile_tails,0.25,1.0
650889,62,2021-08-04,0.0,0,baseline,quartile_tails,0.25,1.0
651367,62,2021-08-04,0.0,0,baseline,quartile_tails,0.25,1.0
652187,62,2021-08-04,1.0,1,high,quartile_tails,0.25,1.0
653338,62,2021-08-04,0.0,0,baseline,quartile_tails,0.25,1.0
653647,62,2021-08-04,0.0,0,baseline,quartile_tails,0.25,1.0
655418,62,2021-08-04,0.0,0,baseline,quartile_tails,0.25,1.0
655566,62,2021-08-04,1.0,1,high,quartile_tails,0.25,1.0
656563,62,2021-08-04,0.16666666666666666,0,baseline,quartile_tails,0.25,1.0
656783,62,2021-08-04,0.25,0,baseline,quartile_tails,0.25,1.0
657534,62,2021-08-04,0.0,0,baseline,quartile_tails,0.25,1.0
658635,62,2021-08-04,1.0,1,high,quartile_tails,0.25,1.0
659038,62,2021-08-04,0.2222222222222222,0,baseline,quartile_tails,0.25,1.0
659173,62,2021-08-04,0.25,0,baseline,quartile_tails,0.25,1.0
659387,62,2021-08-04,1.0,1,high,quartile_tails,0.25,1.0
659893,62,2021-08-04,0.0,0,baseline,quartile_tails,0.25,1.0
660090,62,2021-08-04,1.0,1,high,quartile_tails,0.25,1.0
660959,62,2021-08-04,0.2,0,baseline,quartile_tails,0.25,1.0
661375,62,2021-08-04,1.0,1,high,quartile_tails,0.25,1.0
663295,62,2021-08-04,1.0,1,high,quartile_tails,0.25,1.0
663976,62,2021-08-04,0.20833333333333331,0,baseline,quartile_tails,0.25,1.0
664635,62,2021-08-04,1.0,1,high,quartile_tails,0.25,1.0
665403,62,2021-08-04,0.25,0,baseline,quartile_tails,0.25,1.0
665607,62,2021-08-04,1.0,1,high,quartile_tails,0.25,1.0
665877,62,2021-08-04,0.0,0,baseline,quartile_tails,0.25,1.0
665881,62,2021-08-04,0.0,0,baseline,quartile_tails,0.25,1.0
666104,62,2021-08-04,0.16666666666666666,0,baseline,quartile_tails,0.25,1.0
666172,62,2021-08-04,1.0,1,high,quartile_tails,0.25,1.0
666961,62,2021-08-04,1.0,1,high,quartile_tails,0.25,1.0
667426,62,2021-08-04,0.25,0,baseline,quartile_tails,0.25,1.0
668129,62,2021-08-04,1.0,1,high,quartile_tails,0.25,1.0
668188,62,2021-08-04,0.0,0,baseline,quartile_tails,0.25,1.0
668633,62,2021-08-04,1.0,1,high,quartile_tails,0.25,1.0
669064,62,2021-08-04,0.0,0,baseline,quartile_tails,0.25,1.0
670426,62,2021-08-04,0.0,0,baseline,quartile_tails,0.25,1.0
670431,62,2021-08-04,0.0,0,baseline,quartile_tails,0.25,1.0
672041,62,2021-08-04,0.0,0,baseline,quartile_tails,0.25,1.0
672688,62,2021-08-04,0.125,0,baseline,quartile_tails,0.25,1.0
673358,62,2021-08-04,0.0,0,baseline,quartile_tails,0.25,1.0
673365,62,2021-08-04,1.0,1,high,quartile_tails,0.25,1.0
673380,62,2021-08-04,1.0,1,high,quartile_tails,0.25,1.0
673981,62,2021-08-04,0.25,0,baseline,quartile_tails,0.25,1.0
675414,62,2021-08-04,0.0,0,baseline,quartile_tails,0.25,1.0
675793,62,2021-08-04,1.0,1,high,quartile_tails,0.25,1.0
677483,62,2021-08-04,0.0,0,baseline,quartile_tails,0.25,1.0
677855,62,2021-08-04,1.0,1,high,quartile_tails,0.25,1.0
678931,62,2021-08-04,1.0,1,high,quartile_tails,0.25,1.0
679501,62,2021-08-04,1.0,1,high,quartile_tails,0.25,1.0
681744,62,2021-08-04,1.0,1,high,quartile_tails,0.25,1.0
681894,62,2021-08-04,1.0,1,high,quartile_tails,0.25,1.0
681992,62,2021-08-04,1.0,1,high,quartile_tails,0.25,1.0
684154,62,2021-08-04,1.0,1,high,quartile_tails,0.25,1.0
685338,62,2021-08-04,1.0,1,high,quartile_tails,0.25,1.0
686204,62,2021-08-04,0.20833333333333331,0,baseline,quartile_tails,0.25,1.0
687216,62,2021-08-04,1.0,1,high,quartile_tails,0.25,1.0
687586,62,2021-08-04,0.25,0,baseline,quartile_tails,0.25,1.0
687615,62,2021-08-04,1.0,1,high,quartile_tails,0.25,1.0
688181,62,2021-08-04,1.0,1,high,quartile_tails,0.25,1.0
689156,62,2021-08-04,0.0,0,baseline,quartile_tails,0.25,1.0
689794,62,2021-08-04,1.0,1,high,quartile_tails,0.25,1.0
689854,62,2021-08-04,0.0,0,baseline,quartile_tails,0.25,1.0
690217,62,2021-08-04,1.0,1,high,quartile_tails,0.25,1.0
690219,62,2021-08-04,1.0,1,high,quartile_tails,0.25,1.0
690738,62,2021-08-04,1.0,1,high,quartile_tails,0.25,1.0
691353,62,2021-08-04,0.0,0,baseline,quartile_tails,0.25,1.0
693067,62,2021-08-04,1.0,1,high,quartile_tails,0.25,1.0
694279,62,2021-08-04,0.2222222222222222,0,baseline,quartile_tails,0.25,1.0
694428,62,2021-08-04,1.0,1,high,quartile_tails,0.25,1.0
694430,62,2021-08-04,0.0,0,baseline,quartile_tails,0.25,1.0
694643,62,2021-08-04,1.0,1,high,quartile_tails,0.25,1.0
694704,62,2021-08-04,0.0,0,baseline,quartile_tails,0.25,1.0
695476,62,2021-08-04,1.0,1,high,quartile_tails,0.25,1.0
695624,62,2021-08-04,0.125,0,baseline,quartile_tails,0.25,1.0
695876,62,2021-08-04,1.0,1,high,quartile_tails,0.25,1.0
696334,62,2021-08-04,0.25,0,baseline,quartile_tails,0.25,1.0
698853,62,2021-08-04,0.0,0,baseline,quartile_tails,0.25,1.0
698870,62,2021-08-04,1.0,1,high,quartile_tails,0.25,1.0
701368,62,2021-08-04,0.16666666666666666,0,baseline,quartile_tails,0.25,1.0
701528,62,2021-08-04,1.0,1,high,quartile_tails,0.25,1.0
701772,62,2021-08-04,0.0,0,baseline,quartile_tails,0.25,1.0
702099,62,2021-08-04,0.0,0,baseline,quartile_tails,0.25,1.0
702435,62,2021-08-04,1.0,1,high,quartile_tails,0.25,1.0
703048,62,2021-08-04,1.0,1,high,quartile_tails,0.25,1.0
705712,62,2021-08-04,0.0,0,baseline,quartile_tails,0.25,1.0
707400,62,2021-08-04,0.0625,0,baseline,quartile_tails,0.25,1.0
707981,62,2021-08-04,0.125,0,baseline,quartile_tails,0.25,1.0
708385,62,2021-08-04,1.0,1,high,quartile_tails,0.25,1.0
709032,62,2021-08-04,1.0,1,high,quartile_tails,0.25,1.0
709167,62,2021-08-04,1.0,1,high,quartile_tails,0.25,1.0
709168,62,2021-08-04,1.0,1,high,quartile_tails,0.25,1.0
710103,62,2021-08-04,0.19999999999999998,0,baseline,quartile_tails,0.25,1.0
710426,62,2021-08-04,1.0,1,high,quartile_tails,0.25,1.0
712354,62,2021-08-04,1.0,1,high,quartile_tails,0.25,1.0
714035,62,2021-08-04,0.0,0,baseline,quartile_tails,0.25,1.0
714063,62,2021-08-04,1.0,1,high,quartile_tails,0.25,1.0
715722,62,2021-08-04,1.0,1,high,quartile_tails,0.25,1.0
716823,62,2021-08-04,1.0,1,high,quartile_tails,0.25,1.0
717316,62,2021-08-04,0.0,0,baseline,quartile_tails,0.25,1.0
717711,62,2021-08-04,0.16666666666666666,0,baseline,quartile_tails,0.25,1.0
718124,62,2021-08-04,1.0,1,high,quartile_tails,0.25,1.0
718282,62,2021-08-04,0.0,0,baseline,quartile_tails,0.25,1.0
718588,62,2021-08-04,0.25,0,baseline,quartile_tails,0.25,1.0
719743,62,2021-08-04,1.0,1,high,quartile_tails,0.25,1.0
719936,62,2021-08-04,1.0,1,high,quartile_tails,0.25,1.0
720203,62,2021-08-04,0.25,0,baseline,quartile_tails,0.25,1.0
723217,62,2021-08-04,0.0,0,baseline,quartile_tails,0.25,1.0
723506,62,2021-08-04,1.0,1,high,quartile_tails,0.25,1.0
723747,62,2021-08-04,1.0,1,high,quartile_tails,0.25,1.0
724528,62,2021-08-04,1.0,1,high,quartile_tails,0.25,1.0
724725,62,2021-08-04,1.0,1,high,quartile_tails,0.25,1.0
724941,62,2021-08-04,1.0,1,high,quartile_tails,0.25,1.0
728110,62,2021-08-04,1.0,1,high,quartile_tails,0.25,1.0
728424,62,2021-08-04,0.0,0,baseline,quartile_tails,0.25,1.0
728898,62,2021-08-04,1.0,1,high,quartile_tails,0.25,1.0
729472,62,2021-08-04,0.0,0,baseline,quartile_tails,0.25,1.0
731502,62,2021-08-04,0.0,0,baseline,quartile_tails,0.25,1.0
731831,62,2021-08-04,1.0,1,high,quartile_tails,0.25,1.0
732369,62,2021-08-04,1.0,1,high,quartile_tails,0.25,1.0
732869,62,2021-08-04,1.0,1,high,quartile_tails,0.25,1.0
733123,62,2021-08-04,0.0,0,baseline,quartile_tails,0.25,1.0
734239,62,2021-08-04,0.0,0,baseline,quartile_tails,0.25,1.0
734668,62,2021-08-04,1.0,1,high,quartile_tails,0.25,1.0
734848,62,2021-08-04,0.0,0,baseline,quartile_tails,0.25,1.0
735515,62,2021-08-04,1.0,1,high,quartile_tails,0.25,1.0
736158,62,2021-08-04,1.0,1,high,quartile_tails,0.25,1.0
736250,62,2021-08-04,1.0,1,high,quartile_tails,0.25,1.0
737697,62,2021-08-04,1.0,1,high,quartile_tails,0.25,1.0
738350,62,2021-08-04,1.0,1,high,quartile_tails,0.25,1.0
738815,62,2021-08-04,1.0,1,high,quartile_tails,0.25,1.0
739751,62,2021-08-04,0.0,0,baseline,quartile_tails,0.25,1.0
740546,62,2021-08-04,0.0,0,baseline,quartile_tails,0.25,1.0
741290,62,2021-08-04,1.0,1,high,quartile_tails,0.25,1.0
744507,62,2021-08-04,0.0,0,baseline,quartile_tails,0.25,1.0
744789,62,2021-08-04,0.0,0,baseline,quartile_tails,0.25,1.0
746128,62,2021-08-04,0.0,0,baseline,quartile_tails,0.25,1.0
746135,62,2021-08-04,1.0,1,high,quartile_tails,0.25,1.0
746448,62,2021-08-04,1.0,1,high,quartile_tails,0.25,1.0
747742,62,2021-08-04,1.0,1,high,quartile_tails,0.25,1.0
750942,62,2021-08-04,0.0,0,baseline,quartile_tails,0.25,1.0
751132,62,2021-08-04,1.0,1,high,quartile_tails,0.25,1.0
751306,62,2021-08-04,0.0,0,baseline,quartile_tails,0.25,1.0
752383,62,2021-08-04,0.125,0,baseline,quartile_tails,0.25,1.0
753356,62,2021-08-04,0.0,0,baseline,quartile_tails,0.25,1.0
754490,62,2021-08-04,1.0,1,high,quartile_tails,0.25,1.0
754778,62,2021-08-04,1.0,1,high,quartile_tails,0.25,1.0
755326,62,2021-08-04,0.0,0,baseline,quartile_tails,0.25,1.0
756460,62,2021-08-04,0.16666666666666666,0,baseline,quartile_tails,0.25,1.0
756724,62,2021-08-04,1.0,1,high,quartile_tails,0.25,1.0
756890,62,2021-08-04,0.0,0,baseline,quartile_tails,0.25,1.0
757313,62,2021-08-04,1.0,1,high,quartile_tails,0.25,1.0
757649,62,2021-08-04,0.0,0,baseline,quartile_tails,0.25,1.0
757743,62,2021-08-04,0.125,0,baseline,quartile_tails,0.25,1.0
757810,62,2021-08-04,0.0,0,baseline,quartile_tails,0.25,1.0
759464,62,2021-08-04,0.2222222222222222,0,baseline,quartile_tails,0.25,1.0
762740,62,2021-08-04,1.0,1,high,quartile_tails,0.25,1.0
764072,62,2021-08-04,1.0,1,high,quartile_tails,0.25,1.0
765679,62,2021-08-04,1.0,1,high,quartile_tails,0.25,1.0
767188,62,2021-08-04,0.0,0,baseline,quartile_tails,0.25,1.0
767826,62,2021-08-04,0.0,0,baseline,quartile_tails,0.25,1.0
768489,62,2021-08-04,1.0,1,high,quartile_tails,0.25,1.0
769678,62,2021-08-04,1.0,1,high,quartile_tails,0.25,1.0
769896,62,2021-08-04,0.0625,0,baseline,quartile_tails,0.25,1.0
770127,62,2021-08-04,0.0,0,baseline,quartile_tails,0.25,1.0
772462,62,2021-08-04,0.0,0,baseline,quartile_tails,0.25,1.0
772790,62,2021-08-04,0.0,0,baseline,quartile_tails,0.25,1.0
775664,62,2021-08-04,0.16666666666666666,0,baseline,quartile_tails,0.25,1.0
776783,62,2021-08-04,0.16666666666666666,0,baseline,quartile_tails,0.25,1.0
777192,62,2021-08-04,1.0,1,high,quartile_tails,0.25,1.0
777544,62,2021-08-04,1.0,1,high,quartile_tails,0.25,1.0
777591,62,2021-08-04,0.0,0,baseline,quartile_tails,0.25,1.0
777985,62,2021-08-04,1.0,1,high,quartile_tails,0.25,1.0
778134,62,2021-08-04,0.25,0,baseline,quartile_tails,0.25,1.0
779204,62,2021-08-04,1.0,1,high,quartile_tails,0.25,1.0
781321,62,2021-08-04,1.0,1,high,quartile_tails,0.25,1.0
781949,62,2021-08-04,1.0,1,high,quartile_tails,0.25,1.0
782055,62,2021-08-04,1.0,1,high,quartile_tails,0.25,1.0
782929,62,2021-08-04,0.25,0,baseline,quartile_tails,0.25,1.0
784668,62,2021-08-04,0.0,0,baseline,quartile_tails,0.25,1.0
786915,62,2021-08-04,0.25,0,baseline,quartile_tails,0.25,1.0
788155,62,2021-08-04,0.0,0,baseline,quartile_tails,0.25,1.0
788543,62,2021-08-04,1.0,1,high,quartile_tails,0.25,1.0
789127,62,2021-08-04,1.0,1,high,quartile_tails,0.25,1.0
789169,62,2021-08-04,0.25,0,baseline,quartile_tails,0.25,1.0
789270,62,2021-08-04,0.16666666666666666,0,baseline,quartile_tails,0.25,1.0
792603,62,2021-08-04,0.125,0,baseline,quartile_tails,0.25,1.0
795890,62,2021-08-04,1.0,1,high,quartile_tails,0.25,1.0
796728,62,2021-08-04,1.0,1,high,quartile_tails,0.25,1.0
797605,62,2021-08-04,1.0,1,high,quartile_tails,0.25,1.0
797737,62,2021-08-04,1.0,1,high,quartile_tails,0.25,1.0
798078,62,2021-08-04,0.25,0,baseline,quartile_tails,0.25,1.0
799422,62,2021-08-04,1.0,1,high,quartile_tails,0.25,1.0
799793,62,2021-08-04,0.0,0,baseline,quartile_tails,0.25,1.0
800597,62,2021-08-04,0.25,0,baseline,quartile_tails,0.25,1.0
801248,62,2021-08-04,0.0,0,baseline,quartile_tails,0.25,1.0
802296,62,2021-08-04,0.0,0,baseline,quartile_tails,0.25,1.0
802984,62,2021-08-04,1.0,1,high,quartile_tails,0.25,1.0
803003,62,2021-08-04,0.2222222222222222,0,baseline,quartile_tails,0.25,1.0
804801,62,2021-08-04,1.0,1,high,quartile_tails,0.25,1.0
805290,62,2021-08-04,1.0,1,high,quartile_tails,0.25,1.0
805537,62,2021-08-04,1.0,1,high,quartile_tails,0.25,1.0
806670,62,2021-08-04,0.0,0,baseline,quartile_tails,0.25,1.0
806735,62,2021-08-04,0.0,0,baseline,quartile_tails,0.25,1.0
808595,62,2021-08-04,0.08333333333333333,0,baseline,quartile_tails,0.25,1.0
809171,62,2021-08-04,1.0,1,high,quartile_tails,0.25,1.0
185,47,2021-07-30,0.0,0,baseline,quartile_tails,0.25,1.0
852,47,2021-07-30,1.0,1,high,quartile_tails,0.25,1.0
2173,47,2021-07-30,1.0,1,high,quartile_tails,0.25,1.0
2440,47,2021-07-30,0.0,0,baseline,quartile_tails,0.25,1.0
3177,47,2021-07-30,1.0,1,high,quartile_tails,0.25,1.0
3725,47,2021-07-30,1.0,1,high,quartile_tails,0.25,1.0
3911,47,2021-07-30,0.08333333333333333,0,baseline,quartile_tails,0.25,1.0
4146,47,2021-07-30,0.0,0,baseline,quartile_tails,0.25,1.0
4344,47,2021-07-30,1.0,1,high,quartile_tails,0.25,1.0
4367,47,2021-07-30,0.0,0,baseline,quartile_tails,0.25,1.0
4776,47,2021-07-30,1.0,1,high,quartile_tails,0.25,1.0
5407,47,2021-07-30,0.0,0,baseline,quartile_tails,0.25,1.0
6784,47,2021-07-30,0.0,0,baseline,quartile_tails,0.25,1.0
6862,47,2021-07-30,1.0,1,high,quartile_tails,0.25,1.0
6960,47,2021-07-30,0.0,0,baseline,quartile_tails,0.25,1.0
6990,47,2021-07-30,1.0,1,high,quartile_tails,0.25,1.0
7626,47,2021-07-30,0.16666666666666666,0,baseline,quartile_tails,0.25,1.0
8079,47,2021-07-30,1.0,1,high,quartile_tails,0.25,1.0
10874,47,2021-07-30,1.0,1,high,quartile_tails,0.25,1.0
10947,47,2021-07-30,0.0,0,baseline,quartile_tails,0.25,1.0
11564,47,2021-07-30,1.0,1,high,quartile_tails,0.25,1.0
11719,47,2021-07-30,1.0,1,high,quartile_tails,0.25,1.0
11934,47,2021-07-30,0.0,0,baseline,quartile_tails,0.25,1.0
12564,47,2021-07-30,0.0,0,baseline,quartile_tails,0.25,1.0
12925,47,2021-07-30,0.0,0,baseline,quartile_tails,0.25,1.0
13662,47,2021-07-30,0.16666666666666666,0,baseline,quartile_tails,0.25,1.0
13793,47,2021-07-30,1.0,1,high,quartile_tails,0.25,1.0
15265,47,2021-07-30,0.25,0,baseline,quartile_tails,0.25,1.0
17157,47,2021-07-30,0.0,0,baseline,quartile_tails,0.25,1.0
18358,47,2021-07-30,1.0,1,high,quartile_tails,0.25,1.0
18395,47,2021-07-30,0.0,0,baseline,quartile_tails,0.25,1.0
19943,47,2021-07-30,0.0,0,baseline,quartile_tails,0.25,1.0
20115,47,2021-07-30,1.0,1,high,quartile_tails,0.25,1.0
21114,47,2021-07-30,0.0,0,baseline,quartile_tails,0.25,1.0
22340,47,2021-07-30,0.0,0,baseline,quartile_tails,0.25,1.0
23564,47,2021-07-30,1.0,1,high,quartile_tails,0.25,1.0
25198,47,2021-07-30,1.0,1,high,quartile_tails,0.25,1.0
25422,47,2021-07-30,1.0,1,high,quartile_tails,0.25,1.0
27180,47,2021-07-30,1.0,1,high,quartile_tails,0.25,1.0
28177,47,2021-07-30,1.0,1,high,quartile_tails,0.25,1.0
29159,47,2021-07-30,1.0,1,high,quartile_tails,0.25,1.0
29742,47,2021-07-30,1.0,1,high,quartile_tails,0.25,1.0
30338,47,2021-07-30,0.0,0,baseline,quartile_tails,0.25,1.0
31213,47,2021-07-30,0.24583333333333335,0,baseline,quartile_tails,0.25,1.0
32493,47,2021-07-30,0.0,0,baseline,quartile_tails,0.25,1.0
33072,47,2021-07-30,1.0,1,high,quartile_tails,0.25,1.0
33476,47,2021-07-30,1.0,1,high,quartile_tails,0.25,1.0
34224,47,2021-07-30,0.16666666666666666,0,baseline,quartile_tails,0.25,1.0
34953,47,2021-07-30,0.25,0,baseline,quartile_tails,0.25,1.0
36483,47,2021-07-30,1.0,1,high,quartile_tails,0.25,1.0
37923,47,2021-07-30,0.0,0,baseline,quartile_tails,0.25,1.0
38708,47,2021-07-30,0.0,0,baseline,quartile_tails,0.25,1.0
39163,47,2021-07-30,0.25,0,baseline,quartile_tails,0.25,1.0
39595,47,2021-07-30,0.0,0,baseline,quartile_tails,0.25,1.0
39812,47,2021-07-30,0.0,0,baseline,quartile_tails,0.25,1.0
40433,47,2021-07-30,0.0,0,baseline,quartile_tails,0.25,1.0
40609,47,2021-07-30,1.0,1,high,quartile_tails,0.25,1.0
42302,47,2021-07-30,1.0,1,high,quartile_tails,0.25,1.0
42926,47,2021-07-30,1.0,1,high,quartile_tails,0.25,1.0
43114,47,2021-07-30,0.13333333333333333,0,baseline,quartile_tails,0.25,1.0
43732,47,2021-07-30,1.0,1,high,quartile_tails,0.25,1.0
43743,47,2021-07-30,0.0,0,baseline,quartile_tails,0.25,1.0
44775,47,2021-07-30,0.0,0,baseline,quartile_tails,0.25,1.0
45286,47,2021-07-30,1.0,1,high,quartile_tails,0.25,1.0
46685,47,2021-07-30,0.0,0,baseline,quartile_tails,0.25,1.0
48083,47,2021-07-30,0.0,0,baseline,quartile_tails,0.25,1.0
48762,47,2021-07-30,0.0,0,baseline,quartile_tails,0.25,1.0
49225,47,2021-07-30,0.0,0,baseline,quartile_tails,0.25,1.0
50455,47,2021-07-30,1.0,1,high,quartile_tails,0.25,1.0
50515,47,2021-07-30,0.0,0,baseline,quartile_tails,0.25,1.0
50549,47,2021-07-30,0.16666666666666666,0,baseline,quartile_tails,0.25,1.0
50980,47,2021-07-30,1.0,1,high,quartile_tails,0.25,1.0
51195,47,2021-07-30,1.0,1,high,quartile_tails,0.25,1.0
51227,47,2021-07-30,0.0,0,baseline,quartile_tails,0.25,1.0
52327,47,2021-07-30,0.0,0,baseline,quartile_tails,0.25,1.0
52955,47,2021-07-30,0.0,0,baseline,quartile_tails,0.25,1.0
53480,47,2021-07-30,0.0,0,baseline,quartile_tails,0.25,1.0
53632,47,2021-07-30,0.125,0,baseline,quartile_tails,0.25,1.0
53779,47,2021-07-30,1.0,1,high,quartile_tails,0.25,1.0
55275,47,2021-07-30,0.0,0,baseline,quartile_tails,0.25,1.0
55486,47,2021-07-30,1.0,1,high,quartile_tails,0.25,1.0
56726,47,2021-07-30,0.0,0,baseline,quartile_tails,0.25,1.0
56751,47,2021-07-30,0.0,0,baseline,quartile_tails,0.25,1.0
58678,47,2021-07-30,0.16666666666666666,0,baseline,quartile_tails,0.25,1.0
58860,47,2021-07-30,1.0,1,high,quartile_tails,0.25,1.0
59498,47,2021-07-30,0.0,0,baseline,quartile_tails,0.25,1.0
60014,47,2021-07-30,0.2222222222222222,0,baseline,quartile_tails,0.25,1.0
60098,47,2021-07-30,1.0,1,high,quartile_tails,0.25,1.0
60186,47,2021-07-30,0.0,0,baseline,quartile_tails,0.25,1.0
62469,47,2021-07-30,1.0,1,high,quartile_tails,0.25,1.0
63990,47,2021-07-30,1.0,1,high,quartile_tails,0.25,1.0
67410,47,2021-07-30,0.0,0,baseline,quartile_tails,0.25,1.0
70529,47,2021-07-30,1.0,1,high,quartile_tails,0.25,1.0
70547,47,2021-07-30,0.0,0,baseline,quartile_tails,0.25,1.0
74204,47,2021-07-30,1.0,1,high,quartile_tails,0.25,1.0
74835,47,2021-07-30,0.16666666666666666,0,baseline,quartile_tails,0.25,1.0
75045,47,2021-07-30,0.0,0,baseline,quartile_tails,0.25,1.0
75067,47,2021-07-30,1.0,1,high,quartile_tails,0.25,1.0
75314,47,2021-07-30,0.0,0,baseline,quartile_tails,0.25,1.0
75500,47,2021-07-30,1.0,1,high,quartile_tails,0.25,1.0
76070,47,2021-07-30,0.0,0,baseline,quartile_tails,0.25,1.0
76092,47,2021-07-30,1.0,1,high,quartile_tails,0.25,1.0
77528,47,2021-07-30,0.16666666666666666,0,baseline,quartile_tails,0.25,1.0
77609,47,2021-07-30,1.0,1,high,quartile_tails,0.25,1.0
78681,47,2021-07-30,0.0,0,baseline,quartile_tails,0.25,1.0
80752,47,2021-07-30,0.0,0,baseline,quartile_tails,0.25,1.0
80785,47,2021-07-30,0.0,0,baseline,quartile_tails,0.25,1.0
81773,47,2021-07-30,0.0,0,baseline,quartile_tails,0.25,1.0
81914,47,2021-07-30,1.0,1,high,quartile_tails,0.25,1.0
82519,47,2021-07-30,0.0,0,baseline,quartile_tails,0.25,1.0
82956,47,2021-07-30,0.16666666666666666,0,baseline,quartile_tails,0.25,1.0
85054,47,2021-07-30,0.25,0,baseline,quartile_tails,0.25,1.0
86238,47,2021-07-30,1.0,1,high,quartile_tails,0.25,1.0
88225,47,2021-07-30,1.0,1,high,quartile_tails,0.25,1.0
88688,47,2021-07-30,1.0,1,high,quartile_tails,0.25,1.0
89524,47,2021-07-30,0.25,0,baseline,quartile_tails,0.25,1.0
89621,47,2021-07-30,0.0,0,baseline,quartile_tails,0.25,1.0
90021,47,2021-07-30,0.24999999999999997,0,baseline,quartile_tails,0.25,1.0
90496,47,2021-07-30,0.1111111111111111,0,baseline,quartile_tails,0.25,1.0
90601,47,2021-07-30,0.25,0,baseline,quartile_tails,0.25,1.0
91140,47,2021-07-30,1.0,1,high,quartile_tails,0.25,1.0
91441,47,2021-07-30,0.0,0,baseline,quartile_tails,0.25,1.0
92524,47,2021-07-30,0.19444444444444442,0,baseline,quartile_tails,0.25,1.0
92876,47,2021-07-30,0.0,0,baseline,quartile_tails,0.25,1.0
94415,47,2021-07-30,0.16666666666666666,0,baseline,quartile_tails,0.25,1.0
94994,47,2021-07-30,1.0,1,high,quartile_tails,0.25,1.0
95128,47,2021-07-30,1.0,1,high,quartile_tails,0.25,1.0
95559,47,2021-07-30,1.0,1,high,quartile_tails,0.25,1.0
95682,47,2021-07-30,1.0,1,high,quartile_tails,0.25,1.0
97229,47,2021-07-30,0.0,0,baseline,quartile_tails,0.25,1.0
97367,47,2021-07-30,0.0,0,baseline,quartile_tails,0.25,1.0
98062,47,2021-07-30,0.0,0,baseline,quartile_tails,0.25,1.0
100731,47,2021-07-30,0.0,0,baseline,quartile_tails,0.25,1.0
101091,47,2021-07-30,0.0,0,baseline,quartile_tails,0.25,1.0
101701,47,2021-07-30,1.0,1,high,quartile_tails,0.25,1.0
102135,47,2021-07-30,0.16666666666666666,0,baseline,quartile_tails,0.25,1.0
102474,47,2021-07-30,1.0,1,high,quartile_tails,0.25,1.0
103527,47,2021-07-30,1.0,1,high,quartile_tails,0.25,1.0
103642,47,2021-07-30,1.0,1,high,quartile_tails,0.25,1.0
104665,47,2021-07-30,1.0,1,high,quartile_tails,0.25,1.0
105244,47,2021-07-30,1.0,1,high,quartile_tails,0.25,1.0
105854,47,2021-07-30,0.0,0,baseline,quartile_tails,0.25,1.0
106106,47,2021-07-30,0.125,0,baseline,quartile_tails,0.25,1.0
109360,47,2021-07-30,0.16666666666666666,0,baseline,quartile_tails,0.25,1.0
109585,47,2021-07-30,0.0,0,baseline,quartile_tails,0.25,1.0
109626,47,2021-07-30,1.0,1,high,quartile_tails,0.25,1.0
110012,47,2021-07-30,1.0,1,high,quartile_tails,0.25,1.0
110192,47,2021-07-30,0.1875,0,baseline,quartile_tails,0.25,1.0
110384,47,2021-07-30,0.0,0,baseline,quartile_tails,0.25,1.0
110871,47,2021-07-30,1.0,1,high,quartile_tails,0.25,1.0
111115,47,2021-07-30,0.0,0,baseline,quartile_tails,0.25,1.0
111162,47,2021-07-30,1.0,1,high,quartile_tails,0.25,1.0
111496,47,2021-07-30,0.0,0,baseline,quartile_tails,0.25,1.0
113009,47,2021-07-30,0.125,0,baseline,quartile_tails,0.25,1.0
113266,47,2021-07-30,0.0,0,baseline,quartile_tails,0.25,1.0
113780,47,2021-07-30,1.0,1,high,quartile_tails,0.25,1.0
115211,47,2021-07-30,0.0,0,baseline,quartile_tails,0.25,1.0
116068,47,2021-07-30,0.16666666666666666,0,baseline,quartile_tails,0.25,1.0
117336,47,2021-07-30,1.0,1,high,quartile_tails,0.25,1.0
117700,47,2021-07-30,1.0,1,high,quartile_tails,0.25,1.0
118547,47,2021-07-30,0.1111111111111111,0,baseline,quartile_tails,0.25,1.0
118864,47,2021-07-30,1.0,1,high,quartile_tails,0.25,1.0
119011,47,2021-07-30,0.0,0,baseline,quartile_tails,0.25,1.0
119106,47,2021-07-30,1.0,1,high,quartile_tails,0.25,1.0
119683,47,2021-07-30,0.1111111111111111,0,baseline,quartile_tails,0.25,1.0
120366,47,2021-07-30,1.0,1,high,quartile_tails,0.25,1.0
121085,47,2021-07-30,0.25,0,baseline,quartile_tails,0.25,1.0
121391,47,2021-07-30,1.0,1,high,quartile_tails,0.25,1.0
122038,47,2021-07-30,0.0,0,baseline,quartile_tails,0.25,1.0
122479,47,2021-07-30,1.0,1,high,quartile_tails,0.25,1.0
123181,47,2021-07-30,0.0,0,baseline,quartile_tails,0.25,1.0
123393,47,2021-07-30,0.0,0,baseline,quartile_tails,0.25,1.0
123941,47,2021-07-30,0.25,0,baseline,quartile_tails,0.25,1.0
125727,47,2021-07-30,0.0,0,baseline,quartile_tails,0.25,1.0
125767,47,2021-07-30,1.0,1,high,quartile_tails,0.25,1.0
126286,47,2021-07-30,0.125,0,baseline,quartile_tails,0.25,1.0
130168,47,2021-07-30,1.0,1,high,quartile_tails,0.25,1.0
130640,47,2021-07-30,0.0,0,baseline,quartile_tails,0.25,1.0
132742,47,2021-07-30,1.0,1,high,quartile_tails,0.25,1.0
133236,47,2021-07-30,0.0,0,baseline,quartile_tails,0.25,1.0
133661,47,2021-07-30,1.0,1,high,quartile_tails,0.25,1.0
134860,47,2021-07-30,0.0,0,baseline,quartile_tails,0.25,1.0
134914,47,2021-07-30,1.0,1,high,quartile_tails,0.25,1.0
135113,47,2021-07-30,1.0,1,high,quartile_tails,0.25,1.0
135388,47,2021-07-30,0.0,0,baseline,quartile_tails,0.25,1.0
136002,47,2021-07-30,0.25,0,baseline,quartile_tails,0.25,1.0
137808,47,2021-07-30,0.125,0,baseline,quartile_tails,0.25,1.0
137864,47,2021-07-30,0.0,0,baseline,quartile_tails,0.25,1.0
138490,47,2021-07-30,1.0,1,high,quartile_tails,0.25,1.0
138787,47,2021-07-30,1.0,1,high,quartile_tails,0.25,1.0
138854,47,2021-07-30,0.0,0,baseline,quartile_tails,0.25,1.0
138865,47,2021-07-30,1.0,1,high,quartile_tails,0.25,1.0
139762,47,2021-07-30,1.0,1,high,quartile_tails,0.25,1.0
142766,47,2021-07-30,0.16666666666666666,0,baseline,quartile_tails,0.25,1.0
146423,47,2021-07-30,1.0,1,high,quartile_tails,0.25,1.0
148368,47,2021-07-30,1.0,1,high,quartile_tails,0.25,1.0
149811,47,2021-07-30,0.16666666666666666,0,baseline,quartile_tails,0.25,1.0
150392,47,2021-07-30,0.0,0,baseline,quartile_tails,0.25,1.0
150921,47,2021-07-30,1.0,1,high,quartile_tails,0.25,1.0
151563,47,2021-07-30,0.0,0,baseline,quartile_tails,0.25,1.0
152236,47,2021-07-30,0.25,0,baseline,quartile_tails,0.25,1.0
152776,47,2021-07-30,0.16666666666666666,0,baseline,quartile_tails,0.25,1.0
153324,47,2021-07-30,0.25,0,baseline,quartile_tails,0.25,1.0
154019,47,2021-07-30,0.0,0,baseline,quartile_tails,0.25,1.0
154043,47,2021-07-30,1.0,1,high,quartile_tails,0.25,1.0
155000,47,2021-07-30,1.0,1,high,quartile_tails,0.25,1.0
155690,47,2021-07-30,1.0,1,high,quartile_tails,0.25,1.0
156041,47,2021-07-30,0.0,0,baseline,quartile_tails,0.25,1.0
157216,47,2021-07-30,1.0,1,high,quartile_tails,0.25,1.0
157403,47,2021-07-30,1.0,1,high,quartile_tails,0.25,1.0
159685,47,2021-07-30,1.0,1,high,quartile_tails,0.25,1.0
160346,47,2021-07-30,0.0,0,baseline,quartile_tails,0.25,1.0
161701,47,2021-07-30,1.0,1,high,quartile_tails,0.25,1.0
161749,47,2021-07-30,0.0,0,baseline,quartile_tails,0.25,1.0
162271,47,2021-07-30,1.0,1,high,quartile_tails,0.25,1.0
163409,47,2021-07-30,1.0,1,high,quartile_tails,0.25,1.0
164279,47,2021-07-30,0.0,0,baseline,quartile_tails,0.25,1.0
165547,47,2021-07-30,0.0,0,baseline,quartile_tails,0.25,1.0
166781,47,2021-07-30,0.25,0,baseline,quartile_tails,0.25,1.0
167073,47,2021-07-30,0.0,0,baseline,quartile_tails,0.25,1.0
167161,47,2021-07-30,0.0,0,baseline,quartile_tails,0.25,1.0
169053,47,2021-07-30,1.0,1,high,quartile_tails,0.25,1.0
169729,47,2021-07-30,1.0,1,high,quartile_tails,0.25,1.0
170487,47,2021-07-30,0.0,0,baseline,quartile_tails,0.25,1.0
170656,47,2021-07-30,0.16666666666666666,0,baseline,quartile_tails,0.25,1.0
170818,47,2021-07-30,0.25,0,baseline,quartile_tails,0.25,1.0
171234,47,2021-07-30,1.0,1,high,quartile_tails,0.25,1.0
171256,47,2021-07-30,0.16666666666666666,0,baseline,quartile_tails,0.25,1.0
173170,47,2021-07-30,0.0,0,baseline,quartile_tails,0.25,1.0
173337,47,2021-07-30,0.125,0,baseline,quartile_tails,0.25,1.0
173878,47,2021-07-30,0.0,0,baseline,quartile_tails,0.25,1.0
174847,47,2021-07-30,1.0,1,high,quartile_tails,0.25,1.0
175140,47,2021-07-30,0.0,0,baseline,quartile_tails,0.25,1.0
176022,47,2021-07-30,1.0,1,high,quartile_tails,0.25,1.0
176769,47,2021-07-30,0.0,0,baseline,quartile_tails,0.25,1.0
176899,47,2021-07-30,1.0,1,high,quartile_tails,0.25,1.0
177003,47,2021-07-30,0.16666666666666666,0,baseline,quartile_tails,0.25,1.0
178045,47,2021-07-30,0.0,0,baseline,quartile_tails,0.25,1.0
179209,47,2021-07-30,0.0,0,baseline,quartile_tails,0.25,1.0
179653,47,2021-07-30,1.0,1,high,quartile_tails,0.25,1.0
180915,47,2021-07-30,1.0,1,high,quartile_tails,0.25,1.0
181113,47,2021-07-30,1.0,1,high,quartile_tails,0.25,1.0
182348,47,2021-07-30,1.0,1,high,quartile_tails,0.25,1.0
182745,47,2021-07-30,0.0,0,baseline,quartile_tails,0.25,1.0
182766,47,2021-07-30,0.0,0,baseline,quartile_tails,0.25,1.0
183008,47,2021-07-30,1.0,1,high,quartile_tails,0.25,1.0
183675,47,2021-07-30,0.0,0,baseline,quartile_tails,0.25,1.0
185249,47,2021-07-30,1.0,1,high,quartile_tails,0.25,1.0
185286,47,2021-07-30,0.0,0,baseline,quartile_tails,0.25,1.0
186713,47,2021-07-30,0.0,0,baseline,quartile_tails,0.25,1.0
187335,47,2021-07-30,0.0,0,baseline,quartile_tails,0.25,1.0
188976,47,2021-07-30,0.0,0,baseline,quartile_tails,0.25,1.0
189084,47,2021-07-30,0.2222222222222222,0,baseline,quartile_tails,0.25,1.0
189501,47,2021-07-30,0.20833333333333331,0,baseline,quartile_tails,0.25,1.0
189881,47,2021-07-30,1.0,1,high,quartile_tails,0.25,1.0
191652,47,2021-07-30,1.0,1,high,quartile_tails,0.25,1.0
194829,47,2021-07-30,1.0,1,high,quartile_tails,0.25,1.0
198048,47,2021-07-30,0.0,0,baseline,quartile_tails,0.25,1.0
198859,47,2021-07-30,1.0,1,high,quartile_tails,0.25,1.0
198918,47,2021-07-30,0.0,0,baseline,quartile_tails,0.25,1.0
198973,47,2021-07-30,0.0,0,baseline,quartile_tails,0.25,1.0
199227,47,2021-07-30,0.16666666666666666,0,baseline,quartile_tails,0.25,1.0
199754,47,2021-07-30,1.0,1,high,quartile_tails,0.25,1.0
200258,47,2021-07-30,0.05,0,baseline,quartile_tails,0.25,1.0
201134,47,2021-07-30,1.0,1,high,quartile_tails,0.25,1.0
201173,47,2021-07-30,0.0,0,baseline,quartile_tails,0.25,1.0
201199,47,2021-07-30,0.25,0,baseline,quartile_tails,0.25,1.0
203788,47,2021-07-30,0.125,0,baseline,quartile_tails,0.25,1.0
203976,47,2021-07-30,1.0,1,high,quartile_tails,0.25,1.0
204086,47,2021-07-30,0.0,0,baseline,quartile_tails,0.25,1.0
204301,47,2021-07-30,0.0,0,baseline,quartile_tails,0.25,1.0
204332,47,2021-07-30,0.25,0,baseline,quartile_tails,0.25,1.0
205531,47,2021-07-30,0.2222222222222222,0,baseline,quartile_tails,0.25,1.0
205551,47,2021-07-30,0.0,0,baseline,quartile_tails,0.25,1.0
207088,47,2021-07-30,0.125,0,baseline,quartile_tails,0.25,1.0
207319,47,2021-07-30,1.0,1,high,quartile_tails,0.25,1.0
207722,47,2021-07-30,0.0,0,baseline,quartile_tails,0.25,1.0
208113,47,2021-07-30,0.125,0,baseline,quartile_tails,0.25,1.0
209886,47,2021-07-30,1.0,1,high,quartile_tails,0.25,1.0
211812,47,2021-07-30,0.0,0,baseline,quartile_tails,0.25,1.0
212201,47,2021-07-30,1.0,1,high,quartile_tails,0.25,1.0
212495,47,2021-07-30,0.2222222222222222,0,baseline,quartile_tails,0.25,1.0
212813,47,2021-07-30,1.0,1,high,quartile_tails,0.25,1.0
212995,47,2021-07-30,1.0,1,high,quartile_tails,0.25,1.0
212997,47,2021-07-30,0.0,0,baseline,quartile_tails,0.25,1.0
215547,47,2021-07-30,0.16666666666666666,0,baseline,quartile_tails,0.25,1.0
216199,47,2021-07-30,0.0,0,baseline,quartile_tails,0.25,1.0
216357,47,2021-07-30,1.0,1,high,quartile_tails,0.25,1.0
216536,47,2021-07-30,1.0,1,high,quartile_tails,0.25,1.0
216658,47,2021-07-30,0.125,0,baseline,quartile_tails,0.25,1.0
216968,47,2021-07-30,0.16666666666666666,0,baseline,quartile_tails,0.25,1.0
217950,47,2021-07-30,1.0,1,high,quartile_tails,0.25,1.0
218729,47,2021-07-30,0.0,0,baseline,quartile_tails,0.25,1.0
219122,47,2021-07-30,0.0,0,baseline,quartile_tails,0.25,1.0
219280,47,2021-07-30,0.0,0,baseline,quartile_tails,0.25,1.0
219552,47,2021-07-30,1.0,1,high,quartile_tails,0.25,1.0
220563,47,2021-07-30,0.16666666666666666,0,baseline,quartile_tails,0.25,1.0
220568,47,2021-07-30,0.0,0,baseline,quartile_tails,0.25,1.0
220607,47,2021-07-30,0.0,0,baseline,quartile_tails,0.25,1.0
221169,47,2021-07-30,0.25,0,baseline,quartile_tails,0.25,1.0
221803,47,2021-07-30,0.0,0,baseline,quartile_tails,0.25,1.0
224657,47,2021-07-30,0.16666666666666666,0,baseline,quartile_tails,0.25,1.0
226877,47,2021-07-30,1.0,1,high,quartile_tails,0.25,1.0
226930,47,2021-07-30,1.0,1,high,quartile_tails,0.25,1.0
226943,47,2021-07-30,1.0,1,high,quartile_tails,0.25,1.0
228470,47,2021-07-30,0.0,0,baseline,quartile_tails,0.25,1.0
228823,47,2021-07-30,1.0,1,high,quartile_tails,0.25,1.0
229282,47,2021-07-30,0.25,0,baseline,quartile_tails,0.25,1.0
229547,47,2021-07-30,0.16666666666666666,0,baseline,quartile_tails,0.25,1.0
230037,47,2021-07-30,1.0,1,high,quartile_tails,0.25,1.0
230084,47,2021-07-30,0.0,0,baseline,quartile_tails,0.25,1.0
232486,47,2021-07-30,1.0,1,high,quartile_tails,0.25,1.0
232939,47,2021-07-30,0.1111111111111111,0,baseline,quartile_tails,0.25,1.0
235689,47,2021-07-30,1.0,1,high,quartile_tails,0.25,1.0
236193,47,2021-07-30,0.2222222222222222,0,baseline,quartile_tails,0.25,1.0
236462,47,2021-07-30,0.0,0,baseline,quartile_tails,0.25,1.0
236622,47,2021-07-30,0.25,0,baseline,quartile_tails,0.25,1.0
237373,47,2021-07-30,0.0,0,baseline,quartile_tails,0.25,1.0
238771,47,2021-07-30,1.0,1,high,quartile_tails,0.25,1.0
238996,47,2021-07-30,0.0,0,baseline,quartile_tails,0.25,1.0
240232,47,2021-07-30,1.0,1,high,quartile_tails,0.25,1.0
240874,47,2021-07-30,0.0,0,baseline,quartile_tails,0.25,1.0
242404,47,2021-07-30,1.0,1,high,quartile_tails,0.25,1.0
244230,47,2021-07-30,1.0,1,high,quartile_tails,0.25,1.0
245616,47,2021-07-30,0.0625,0,baseline,quartile_tails,0.25,1.0
246520,47,2021-07-30,1.0,1,high,quartile_tails,0.25,1.0
247027,47,2021-07-30,1.0,1,high,quartile_tails,0.25,1.0
247474,47,2021-07-30,0.125,0,baseline,quartile_tails,0.25,1.0
250166,47,2021-07-30,0.2222222222222222,0,baseline,quartile_tails,0.25,1.0
250696,47,2021-07-30,0.0,0,baseline,quartile_tails,0.25,1.0
251348,47,2021-07-30,0.0,0,baseline,quartile_tails,0.25,1.0
251508,47,2021-07-30,0.0,0,baseline,quartile_tails,0.25,1.0
252021,47,2021-07-30,1.0,1,high,quartile_tails,0.25,1.0
252048,47,2021-07-30,0.0,0,baseline,quartile_tails,0.25,1.0
252419,47,2021-07-30,0.20833333333333331,0,baseline,quartile_tails,0.25,1.0
253184,47,2021-07-30,1.0,1,high,quartile_tails,0.25,1.0
253708,47,2021-07-30,1.0,1,high,quartile_tails,0.25,1.0
255287,47,2021-07-30,0.0,0,baseline,quartile_tails,0.25,1.0
256304,47,2021-07-30,0.0,0,baseline,quartile_tails,0.25,1.0
258625,47,2021-07-30,0.0,0,baseline,quartile_tails,0.25,1.0
261979,47,2021-07-30,1.0,1,high,quartile_tails,0.25,1.0
262196,47,2021-07-30,0.0,0,baseline,quartile_tails,0.25,1.0
262622,47,2021-07-30,1.0,1,high,quartile_tails,0.25,1.0
263146,47,2021-07-30,1.0,1,high,quartile_tails,0.25,1.0
263376,47,2021-07-30,0.0,0,baseline,quartile_tails,0.25,1.0
263955,47,2021-07-30,1.0,1,high,quartile_tails,0.25,1.0
264814,47,2021-07-30,0.16666666666666666,0,baseline,quartile_tails,0.25,1.0
265880,47,2021-07-30,0.0,0,baseline,quartile_tails,0.25,1.0
268033,47,2021-07-30,0.25,0,baseline,quartile_tails,0.25,1.0
268337,47,2021-07-30,0.0,0,baseline,quartile_tails,0.25,1.0
269694,47,2021-07-30,1.0,1,high,quartile_tails,0.25,1.0
271093,47,2021-07-30,0.0,0,baseline,quartile_tails,0.25,1.0
271698,47,2021-07-30,1.0,1,high,quartile_tails,0.25,1.0
272134,47,2021-07-30,1.0,1,high,quartile_tails,0.25,1.0
272648,47,2021-07-30,1.0,1,high,quartile_tails,0.25,1.0
274779,47,2021-07-30,0.0,0,baseline,quartile_tails,0.25,1.0
275452,47,2021-07-30,1.0,1,high,quartile_tails,0.25,1.0
276316,47,2021-07-30,1.0,1,high,quartile_tails,0.25,1.0
276512,47,2021-07-30,1.0,1,high,quartile_tails,0.25,1.0
277173,47,2021-07-30,1.0,1,high,quartile_tails,0.25,1.0
277186,47,2021-07-30,0.0,0,baseline,quartile_tails,0.25,1.0
277857,47,2021-07-30,0.0,0,baseline,quartile_tails,0.25,1.0
277879,47,2021-07-30,1.0,1,high,quartile_tails,0.25,1.0
279542,47,2021-07-30,1.0,1,high,quartile_tails,0.25,1.0
279947,47,2021-07-30,0.0,0,baseline,quartile_tails,0.25,1.0
281624,47,2021-07-30,1.0,1,high,quartile_tails,0.25,1.0
282234,47,2021-07-30,0.0,0,baseline,quartile_tails,0.25,1.0
282254,47,2021-07-30,1.0,1,high,quartile_tails,0.25,1.0
284199,47,2021-07-30,0.0,0,baseline,quartile_tails,0.25,1.0
284423,47,2021-07-30,0.0,0,baseline,quartile_tails,0.25,1.0
285219,47,2021-07-30,1.0,1,high,quartile_tails,0.25,1.0
286843,47,2021-07-30,0.1111111111111111,0,baseline,quartile_tails,0.25,1.0
288464,47,2021-07-30,1.0,1,high,quartile_tails,0.25,1.0
289183,47,2021-07-30,1.0,1,high,quartile_tails,0.25,1.0
289230,47,2021-07-30,0.0,0,baseline,quartile_tails,0.25,1.0
289243,47,2021-07-30,1.0,1,high,quartile_tails,0.25,1.0
289749,47,2021-07-30,1.0,1,high,quartile_tails,0.25,1.0
290763,47,2021-07-30,1.0,1,high,quartile_tails,0.25,1.0
292673,47,2021-07-30,0.08333333333333333,0,baseline,quartile_tails,0.25,1.0
295063,47,2021-07-30,0.0,0,baseline,quartile_tails,0.25,1.0
295187,47,2021-07-30,0.125,0,baseline,quartile_tails,0.25,1.0
295764,47,2021-07-30,0.125,0,baseline,quartile_tails,0.25,1.0
296928,47,2021-07-30,1.0,1,high,quartile_tails,0.25,1.0
296940,47,2021-07-30,0.0,0,baseline,quartile_tails,0.25,1.0
297495,47,2021-07-30,0.25,0,baseline,quartile_tails,0.25,1.0
298283,47,2021-07-30,1.0,1,high,quartile_tails,0.25,1.0
298989,47,2021-07-30,0.25,0,baseline,quartile_tails,0.25,1.0
299276,47,2021-07-30,0.1111111111111111,0,baseline,quartile_tails,0.25,1.0
300804,47,2021-07-30,1.0,1,high,quartile_tails,0.25,1.0
301080,47,2021-07-30,0.25,0,baseline,quartile_tails,0.25,1.0
301148,47,2021-07-30,0.16666666666666666,0,baseline,quartile_tails,0.25,1.0
301761,47,2021-07-30,1.0,1,high,quartile_tails,0.25,1.0
302120,47,2021-07-30,1.0,1,high,quartile_tails,0.25,1.0
302656,47,2021-07-30,1.0,1,high,quartile_tails,0.25,1.0
306231,47,2021-07-30,1.0,1,high,quartile_tails,0.25,1.0
308231,47,2021-07-30,0.25,0,baseline,quartile_tails,0.25,1.0
308780,47,2021-07-30,1.0,1,high,quartile_tails,0.25,1.0
308958,47,2021-07-30,0.0,0,baseline,quartile_tails,0.25,1.0
310528,47,2021-07-30,1.0,1,high,quartile_tails,0.25,1.0
311219,47,2021-07-30,1.0,1,high,quartile_tails,0.25,1.0
312631,47,2021-07-30,1.0,1,high,quartile_tails,0.25,1.0
313106,47,2021-07-30,0.125,0,baseline,quartile_tails,0.25,1.0
313249,47,2021-07-30,0.0,0,baseline,quartile_tails,0.25,1.0
314266,47,2021-07-30,0.0,0,baseline,quartile_tails,0.25,1.0
314676,47,2021-07-30,0.0,0,baseline,quartile_tails,0.25,1.0
315563,47,2021-07-30,1.0,1,high,quartile_tails,0.25,1.0
315908,47,2021-07-30,1.0,1,high,quartile_tails,0.25,1.0
316366,47,2021-07-30,1.0,1,high,quartile_tails,0.25,1.0
317982,47,2021-07-30,0.0,0,baseline,quartile_tails,0.25,1.0
318312,47,2021-07-30,1.0,1,high,quartile_tails,0.25,1.0
319937,47,2021-07-30,0.0,0,baseline,quartile_tails,0.25,1.0
320866,47,2021-07-30,0.0,0,baseline,quartile_tails,0.25,1.0
321423,47,2021-07-30,0.0,0,baseline,quartile_tails,0.25,1.0
321705,47,2021-07-30,0.0,0,baseline,quartile_tails,0.25,1.0
321741,47,2021-07-30,0.0,0,baseline,quartile_tails,0.25,1.0
322015,47,2021-07-30,0.25,0,baseline,quartile_tails,0.25,1.0
324203,47,2021-07-30,1.0,1,high,quartile_tails,0.25,1.0
324466,47,2021-07-30,1.0,1,high,quartile_tails,0.25,1.0
324990,47,2021-07-30,1.0,1,high,quartile_tails,0.25,1.0
325036,47,2021-07-30,0.0,0,baseline,quartile_tails,0.25,1.0
325619,47,2021-07-30,1.0,1,high,quartile_tails,0.25,1.0
326205,47,2021-07-30,1.0,1,high,quartile_tails,0.25,1.0
326799,47,2021-07-30,1.0,1,high,quartile_tails,0.25,1.0
327194,47,2021-07-30,1.0,1,high,quartile_tails,0.25,1.0
327513,47,2021-07-30,1.0,1,high,quartile_tails,0.25,1.0
327841,47,2021-07-30,1.0,1,high,quartile_tails,0.25,1.0
328675,47,2021-07-30,0.0,0,baseline,quartile_tails,0.25,1.0
329518,47,2021-07-30,0.0,0,baseline,quartile_tails,0.25,1.0
329834,47,2021-07-30,0.2222222222222222,0,baseline,quartile_tails,0.25,1.0
330776,47,2021-07-30,0.0,0,baseline,quartile_tails,0.25,1.0
331558,47,2021-07-30,0.25,0,baseline,quartile_tails,0.25,1.0
331926,47,2021-07-30,0.0,0,baseline,quartile_tails,0.25,1.0
333066,47,2021-07-30,1.0,1,high,quartile_tails,0.25,1.0
334323,47,2021-07-30,1.0,1,high,quartile_tails,0.25,1.0
334411,47,2021-07-30,0.0,0,baseline,quartile_tails,0.25,1.0
334455,47,2021-07-30,1.0,1,high,quartile_tails,0.25,1.0
335477,47,2021-07-30,1.0,1,high,quartile_tails,0.25,1.0
336121,47,2021-07-30,0.0,0,baseline,quartile_tails,0.25,1.0
337155,47,2021-07-30,0.0,0,baseline,quartile_tails,0.25,1.0
337853,47,2021-07-30,1.0,1,high,quartile_tails,0.25,1.0
338224,47,2021-07-30,0.0,0,baseline,quartile_tails,0.25,1.0
338297,47,2021-07-30,0.0,0,baseline,quartile_tails,0.25,1.0
338637,47,2021-07-30,0.25,0,baseline,quartile_tails,0.25,1.0
338729,47,2021-07-30,0.0,0,baseline,quartile_tails,0.25,1.0
339198,47,2021-07-30,0.0,0,baseline,quartile_tails,0.25,1.0
339818,47,2021-07-30,1.0,1,high,quartile_tails,0.25,1.0
343209,47,2021-07-30,0.25,0,baseline,quartile_tails,0.25,1.0
343893,47,2021-07-30,1.0,1,high,quartile_tails,0.25,1.0
344119,47,2021-07-30,0.25,0,baseline,quartile_tails,0.25,1.0
345494,47,2021-07-30,0.0,0,baseline,quartile_tails,0.25,1.0
346103,47,2021-07-30,0.0,0,baseline,quartile_tails,0.25,1.0
347504,47,2021-07-30,1.0,1,high,quartile_tails,0.25,1.0
347999,47,2021-07-30,1.0,1,high,quartile_tails,0.25,1.0
349128,47,2021-07-30,0.0,0,baseline,quartile_tails,0.25,1.0
349629,47,2021-07-30,0.19444444444444442,0,baseline,quartile_tails,0.25,1.0
352661,47,2021-07-30,0.0,0,baseline,quartile_tails,0.25,1.0
353226,47,2021-07-30,0.0,0,baseline,quartile_tails,0.25,1.0
353320,47,2021-07-30,0.0,0,baseline,quartile_tails,0.25,1.0
355715,47,2021-07-30,0.1111111111111111,0,baseline,quartile_tails,0.25,1.0
357231,47,2021-07-30,0.0,0,baseline,quartile_tails,0.25,1.0
359460,47,2021-07-30,1.0,1,high,quartile_tails,0.25,1.0
360005,47,2021-07-30,0.0,0,baseline,quartile_tails,0.25,1.0
361291,47,2021-07-30,1.0,1,high,quartile_tails,0.25,1.0
362833,47,2021-07-30,0.0,0,baseline,quartile_tails,0.25,1.0
366504,47,2021-07-30,0.0,0,baseline,quartile_tails,0.25,1.0
370868,47,2021-07-30,1.0,1,high,quartile_tails,0.25,1.0
371057,47,2021-07-30,0.0,0,baseline,quartile_tails,0.25,1.0
371841,47,2021-07-30,0.0,0,baseline,quartile_tails,0.25,1.0
372578,47,2021-07-30,1.0,1,high,quartile_tails,0.25,1.0
372853,47,2021-07-30,0.0,0,baseline,quartile_tails,0.25,1.0
373216,47,2021-07-30,0.0,0,baseline,quartile_tails,0.25,1.0
375127,47,2021-07-30,0.0,0,baseline,quartile_tails,0.25,1.0
376377,47,2021-07-30,0.0,0,baseline,quartile_tails,0.25,1.0
378319,47,2021-07-30,1.0,1,high,quartile_tails,0.25,1.0
380151,47,2021-07-30,0.0,0,baseline,quartile_tails,0.25,1.0
380359,47,2021-07-30,1.0,1,high,quartile_tails,0.25,1.0
380640,47,2021-07-30,1.0,1,high,quartile_tails,0.25,1.0
380655,47,2021-07-30,0.0,0,baseline,quartile_tails,0.25,1.0
381119,47,2021-07-30,1.0,1,high,quartile_tails,0.25,1.0
381271,47,2021-07-30,1.0,1,high,quartile_tails,0.25,1.0
381901,47,2021-07-30,0.25,0,baseline,quartile_tails,0.25,1.0
382029,47,2021-07-30,0.0,0,baseline,quartile_tails,0.25,1.0
382587,47,2021-07-30,0.0,0,baseline,quartile_tails,0.25,1.0
382889,47,2021-07-30,0.0,0,baseline,quartile_tails,0.25,1.0
382969,47,2021-07-30,1.0,1,high,quartile_tails,0.25,1.0
383974,47,2021-07-30,1.0,1,high,quartile_tails,0.25,1.0
384817,47,2021-07-30,0.125,0,baseline,quartile_tails,0.25,1.0
390812,47,2021-07-30,1.0,1,high,quartile_tails,0.25,1.0
391979,47,2021-07-30,1.0,1,high,quartile_tails,0.25,1.0
392165,47,2021-07-30,0.0,0,baseline,quartile_tails,0.25,1.0
394131,47,2021-07-30,0.0,0,baseline,quartile_tails,0.25,1.0
394900,47,2021-07-30,0.0,0,baseline,quartile_tails,0.25,1.0
395485,47,2021-07-30,0.1111111111111111,0,baseline,quartile_tails,0.25,1.0
396302,47,2021-07-30,0.1875,0,baseline,quartile_tails,0.25,1.0
396387,47,2021-07-30,0.16666666666666666,0,baseline,quartile_tails,0.25,1.0
397165,47,2021-07-30,0.0,0,baseline,quartile_tails,0.25,1.0
397413,47,2021-07-30,1.0,1,high,quartile_tails,0.25,1.0
398274,47,2021-07-30,0.0,0,baseline,quartile_tails,0.25,1.0
399905,47,2021-07-30,0.0,0,baseline,quartile_tails,0.25,1.0
400201,47,2021-07-30,1.0,1,high,quartile_tails,0.25,1.0
400731,47,2021-07-30,0.16666666666666666,0,baseline,quartile_tails,0.25,1.0
400785,47,2021-07-30,1.0,1,high,quartile_tails,0.25,1.0
402067,47,2021-07-30,0.0,0,baseline,quartile_tails,0.25,1.0
403719,47,2021-07-30,0.0,0,baseline,quartile_tails,0.25,1.0
404200,47,2021-07-30,0.125,0,baseline,quartile_tails,0.25,1.0
404418,47,2021-07-30,0.0,0,baseline,quartile_tails,0.25,1.0
404605,47,2021-07-30,0.0,0,baseline,quartile_tails,0.25,1.0
405872,47,2021-07-30,0.16666666666666666,0,baseline,quartile_tails,0.25,1.0
406147,47,2021-07-30,0.0,0,baseline,quartile_tails,0.25,1.0
406374,47,2021-07-30,0.0,0,baseline,quartile_tails,0.25,1.0
407614,47,2021-07-30,1.0,1,high,quartile_tails,0.25,1.0
407683,47,2021-07-30,1.0,1,high,quartile_tails,0.25,1.0
407698,47,2021-07-30,0.0,0,baseline,quartile_tails,0.25,1.0
409154,47,2021-07-30,0.0,0,baseline,quartile_tails,0.25,1.0
409225,47,2021-07-30,0.25,0,baseline,quartile_tails,0.25,1.0
409541,47,2021-07-30,0.0,0,baseline,quartile_tails,0.25,1.0
411250,47,2021-07-30,0.0,0,baseline,quartile_tails,0.25,1.0
411710,47,2021-07-30,1.0,1,high,quartile_tails,0.25,1.0
413785,47,2021-07-30,1.0,1,high,quartile_tails,0.25,1.0
413992,47,2021-07-30,0.0,0,baseline,quartile_tails,0.25,1.0
414608,47,2021-07-30,0.2,0,baseline,quartile_tails,0.25,1.0
414871,47,2021-07-30,0.0,0,baseline,quartile_tails,0.25,1.0
416171,47,2021-07-30,1.0,1,high,quartile_tails,0.25,1.0
419865,47,2021-07-30,1.0,1,high,quartile_tails,0.25,1.0
420942,47,2021-07-30,1.0,1,high,quartile_tails,0.25,1.0
421005,47,2021-07-30,1.0,1,high,quartile_tails,0.25,1.0
422912,47,2021-07-30,1.0,1,high,quartile_tails,0.25,1.0
424068,47,2021-07-30,0.0,0,baseline,quartile_tails,0.25,1.0
424307,47,2021-07-30,1.0,1,high,quartile_tails,0.25,1.0
426849,47,2021-07-30,0.08333333333333333,0,baseline,quartile_tails,0.25,1.0
427814,47,2021-07-30,1.0,1,high,quartile_tails,0.25,1.0
430050,47,2021-07-30,0.0,0,baseline,quartile_tails,0.25,1.0
430225,47,2021-07-30,1.0,1,high,quartile_tails,0.25,1.0
430945,47,2021-07-30,0.0,0,baseline,quartile_tails,0.25,1.0
433261,47,2021-07-30,0.0,0,baseline,quartile_tails,0.25,1.0
434660,47,2021-07-30,0.25,0,baseline,quartile_tails,0.25,1.0
434711,47,2021-07-30,0.0,0,baseline,quartile_tails,0.25,1.0
436114,47,2021-07-30,1.0,1,high,quartile_tails,0.25,1.0
436822,47,2021-07-30,1.0,1,high,quartile_tails,0.25,1.0
437258,47,2021-07-30,0.0,0,baseline,quartile_tails,0.25,1.0
439216,47,2021-07-30,0.20833333333333331,0,baseline,quartile_tails,0.25,1.0
439329,47,2021-07-30,1.0,1,high,quartile_tails,0.25,1.0
440121,47,2021-07-30,0.0,0,baseline,quartile_tails,0.25,1.0
440690,47,2021-07-30,0.0,0,baseline,quartile_tails,0.25,1.0
441725,47,2021-07-30,1.0,1,high,quartile_tails,0.25,1.0
442504,47,2021-07-30,1.0,1,high,quartile_tails,0.25,1.0
442948,47,2021-07-30,0.0,0,baseline,quartile_tails,0.25,1.0
443261,47,2021-07-30,1.0,1,high,quartile_tails,0.25,1.0
443517,47,2021-07-30,0.0,0,baseline,quartile_tails,0.25,1.0
444305,47,2021-07-30,0.0,0,baseline,quartile_tails,0.25,1.0
445268,47,2021-07-30,0.16666666666666666,0,baseline,quartile_tails,0.25,1.0
445899,47,2021-07-30,1.0,1,high,quartile_tails,0.25,1.0
446488,47,2021-07-30,1.0,1,high,quartile_tails,0.25,1.0
446584,47,2021-07-30,1.0,1,high,quartile_tails,0.25,1.0
446611,47,2021-07-30,1.0,1,high,quartile_tails,0.25,1.0
447230,47,2021-07-30,1.0,1,high,quartile_tails,0.25,1.0
447237,47,2021-07-30,0.0,0,baseline,quartile_tails,0.25,1.0
447344,47,2021-07-30,0.16666666666666666,0,baseline,quartile_tails,0.25,1.0
447713,47,2021-07-30,1.0,1,high,quartile_tails,0.25,1.0
447808,47,2021-07-30,1.0,1,high,quartile_tails,0.25,1.0
448519,47,2021-07-30,1.0,1,high,quartile_tails,0.25,1.0
449148,47,2021-07-30,1.0,1,high,quartile_tails,0.25,1.0
451605,47,2021-07-30,1.0,1,high,quartile_tails,0.25,1.0
452695,47,2021-07-30,1.0,1,high,quartile_tails,0.25,1.0
453439,47,2021-07-30,0.25,0,baseline,quartile_tails,0.25,1.0
453543,47,2021-07-30,0.0,0,baseline,quartile_tails,0.25,1.0
453568,47,2021-07-30,0.0,0,baseline,quartile_tails,0.25,1.0
453945,47,2021-07-30,0.0,0,baseline,quartile_tails,0.25,1.0
456267,47,2021-07-30,0.25,0,baseline,quartile_tails,0.25,1.0
456489,47,2021-07-30,0.0,0,baseline,quartile_tails,0.25,1.0
456750,47,2021-07-30,1.0,1,high,quartile_tails,0.25,1.0
457134,47,2021-07-30,0.0,0,baseline,quartile_tails,0.25,1.0
457138,47,2021-07-30,1.0,1,high,quartile_tails,0.25,1.0
458756,47,2021-07-30,0.0,0,baseline,quartile_tails,0.25,1.0
460499,47,2021-07-30,0.0,0,baseline,quartile_tails,0.25,1.0
461133,47,2021-07-30,1.0,1,high,quartile_tails,0.25,1.0
461603,47,2021-07-30,0.0,0,baseline,quartile_tails,0.25,1.0
462270,47,2021-07-30,0.0,0,baseline,quartile_tails,0.25,1.0
462766,47,2021-07-30,0.0,0,baseline,quartile_tails,0.25,1.0
462770,47,2021-07-30,1.0,1,high,quartile_tails,0.25,1.0
462784,47,2021-07-30,1.0,1,high,quartile_tails,0.25,1.0
463440,47,2021-07-30,1.0,1,high,quartile_tails,0.25,1.0
463727,47,2021-07-30,0.0,0,baseline,quartile_tails,0.25,1.0
465300,47,2021-07-30,1.0,1,high,quartile_tails,0.25,1.0
465958,47,2021-07-30,0.08333333333333333,0,baseline,quartile_tails,0.25,1.0
466325,47,2021-07-30,0.0,0,baseline,quartile_tails,0.25,1.0
466336,47,2021-07-30,0.25,0,baseline,quartile_tails,0.25,1.0
466488,47,2021-07-30,1.0,1,high,quartile_tails,0.25,1.0
468101,47,2021-07-30,0.0,0,baseline,quartile_tails,0.25,1.0
469875,47,2021-07-30,1.0,1,high,quartile_tails,0.25,1.0
470875,47,2021-07-30,1.0,1,high,quartile_tails,0.25,1.0
471347,47,2021-07-30,0.0,0,baseline,quartile_tails,0.25,1.0
471476,47,2021-07-30,0.0,0,baseline,quartile_tails,0.25,1.0
471542,47,2021-07-30,0.0,0,baseline,quartile_tails,0.25,1.0
472278,47,2021-07-30,1.0,1,high,quartile_tails,0.25,1.0
472809,47,2021-07-30,0.0,0,baseline,quartile_tails,0.25,1.0
472899,47,2021-07-30,0.125,0,baseline,quartile_tails,0.25,1.0
473820,47,2021-07-30,1.0,1,high,quartile_tails,0.25,1.0
474799,47,2021-07-30,1.0,1,high,quartile_tails,0.25,1.0
478159,47,2021-07-30,0.0,0,baseline,quartile_tails,0.25,1.0
479022,47,2021-07-30,0.0,0,baseline,quartile_tails,0.25,1.0
480975,47,2021-07-30,0.0,0,baseline,quartile_tails,0.25,1.0
482773,47,2021-07-30,0.0,0,baseline,quartile_tails,0.25,1.0
482838,47,2021-07-30,0.0,0,baseline,quartile_tails,0.25,1.0
484262,47,2021-07-30,0.16666666666666666,0,baseline,quartile_tails,0.25,1.0
484783,47,2021-07-30,1.0,1,high,quartile_tails,0.25,1.0
487185,47,2021-07-30,0.0,0,baseline,quartile_tails,0.25,1.0
487923,47,2021-07-30,1.0,1,high,quartile_tails,0.25,1.0
487951,47,2021-07-30,0.05,0,baseline,quartile_tails,0.25,1.0
488624,47,2021-07-30,1.0,1,high,quartile_tails,0.25,1.0
489097,47,2021-07-30,0.0,0,baseline,quartile_tails,0.25,1.0
490372,47,2021-07-30,1.0,1,high,quartile_tails,0.25,1.0
493031,47,2021-07-30,0.25,0,baseline,quartile_tails,0.25,1.0
493400,47,2021-07-30,1.0,1,high,quartile_tails,0.25,1.0
496777,47,2021-07-30,1.0,1,high,quartile_tails,0.25,1.0
497104,47,2021-07-30,0.16666666666666666,0,baseline,quartile_tails,0.25,1.0
499997,47,2021-07-30,1.0,1,high,quartile_tails,0.25,1.0
500076,47,2021-07-30,0.0,0,baseline,quartile_tails,0.25,1.0
500423,47,2021-07-30,1.0,1,high,quartile_tails,0.25,1.0
500878,47,2021-07-30,0.20833333333333331,0,baseline,quartile_tails,0.25,1.0
500961,47,2021-07-30,0.0,0,baseline,quartile_tails,0.25,1.0
501264,47,2021-07-30,0.0,0,baseline,quartile_tails,0.25,1.0
501562,47,2021-07-30,0.0,0,baseline,quartile_tails,0.25,1.0
501577,47,2021-07-30,1.0,1,high,quartile_tails,0.25,1.0
502544,47,2021-07-30,0.0,0,baseline,quartile_tails,0.25,1.0
502860,47,2021-07-30,0.0,0,baseline,quartile_tails,0.25,1.0
504037,47,2021-07-30,0.0,0,baseline,quartile_tails,0.25,1.0
504193,47,2021-07-30,0.125,0,baseline,quartile_tails,0.25,1.0
505474,47,2021-07-30,1.0,1,high,quartile_tails,0.25,1.0
505660,47,2021-07-30,0.0,0,baseline,quartile_tails,0.25,1.0
505709,47,2021-07-30,1.0,1,high,quartile_tails,0.25,1.0
506450,47,2021-07-30,0.0,0,baseline,quartile_tails,0.25,1.0
507706,47,2021-07-30,0.0,0,baseline,quartile_tails,0.25,1.0
507712,47,2021-07-30,0.0,0,baseline,quartile_tails,0.25,1.0
509114,47,2021-07-30,0.0,0,baseline,quartile_tails,0.25,1.0
509416,47,2021-07-30,0.0,0,baseline,quartile_tails,0.25,1.0
509576,47,2021-07-30,0.16666666666666666,0,baseline,quartile_tails,0.25,1.0
510922,47,2021-07-30,1.0,1,high,quartile_tails,0.25,1.0
511051,47,2021-07-30,1.0,1,high,quartile_tails,0.25,1.0
511111,47,2021-07-30,0.0,0,baseline,quartile_tails,0.25,1.0
512298,47,2021-07-30,0.0,0,baseline,quartile_tails,0.25,1.0
513133,47,2021-07-30,0.25,0,baseline,quartile_tails,0.25,1.0
513645,47,2021-07-30,0.0,0,baseline,quartile_tails,0.25,1.0
514002,47,2021-07-30,0.1111111111111111,0,baseline,quartile_tails,0.25,1.0
514192,47,2021-07-30,0.0,0,baseline,quartile_tails,0.25,1.0
514292,47,2021-07-30,0.0,0,baseline,quartile_tails,0.25,1.0
514565,47,2021-07-30,1.0,1,high,quartile_tails,0.25,1.0
515740,47,2021-07-30,1.0,1,high,quartile_tails,0.25,1.0
515925,47,2021-07-30,0.0,0,baseline,quartile_tails,0.25,1.0
515938,47,2021-07-30,1.0,1,high,quartile_tails,0.25,1.0
516364,47,2021-07-30,0.0,0,baseline,quartile_tails,0.25,1.0
516426,47,2021-07-30,1.0,1,high,quartile_tails,0.25,1.0
516574,47,2021-07-30,0.08333333333333333,0,baseline,quartile_tails,0.25,1.0
516755,47,2021-07-30,0.16666666666666666,0,baseline,quartile_tails,0.25,1.0
516829,47,2021-07-30,1.0,1,high,quartile_tails,0.25,1.0
517127,47,2021-07-30,0.0,0,baseline,quartile_tails,0.25,1.0
517431,47,2021-07-30,0.0,0,baseline,quartile_tails,0.25,1.0
517574,47,2021-07-30,0.0,0,baseline,quartile_tails,0.25,1.0
518706,47,2021-07-30,1.0,1,high,quartile_tails,0.25,1.0
521407,47,2021-07-30,0.0,0,baseline,quartile_tails,0.25,1.0
521543,47,2021-07-30,0.0,0,baseline,quartile_tails,0.25,1.0
522222,47,2021-07-30,0.0,0,baseline,quartile_tails,0.25,1.0
522500,47,2021-07-30,0.0,0,baseline,quartile_tails,0.25,1.0
522690,47,2021-07-30,1.0,1,high,quartile_tails,0.25,1.0
524266,47,2021-07-30,1.0,1,high,quartile_tails,0.25,1.0
524715,47,2021-07-30,1.0,1,high,quartile_tails,0.25,1.0
525094,47,2021-07-30,0.0,0,baseline,quartile_tails,0.25,1.0
525348,47,2021-07-30,1.0,1,high,quartile_tails,0.25,1.0
525669,47,2021-07-30,0.25,0,baseline,quartile_tails,0.25,1.0
527984,47,2021-07-30,0.0,0,baseline,quartile_tails,0.25,1.0
528620,47,2021-07-30,0.0,0,baseline,quartile_tails,0.25,1.0
529906,47,2021-07-30,0.0,0,baseline,quartile_tails,0.25,1.0
530308,47,2021-07-30,1.0,1,high,quartile_tails,0.25,1.0
530318,47,2021-07-30,0.25,0,baseline,quartile_tails,0.25,1.0
530330,47,2021-07-30,1.0,1,high,quartile_tails,0.25,1.0
530982,47,2021-07-30,0.0,0,baseline,quartile_tails,0.25,1.0
531114,47,2021-07-30,0.0,0,baseline,quartile_tails,0.25,1.0
531292,47,2021-07-30,0.25,0,baseline,quartile_tails,0.25,1.0
531414,47,2021-07-30,1.0,1,high,quartile_tails,0.25,1.0
531420,47,2021-07-30,1.0,1,high,quartile_tails,0.25,1.0
533170,47,2021-07-30,0.0,0,baseline,quartile_tails,0.25,1.0
533318,47,2021-07-30,0.25,0,baseline,quartile_tails,0.25,1.0
534214,47,2021-07-30,0.16666666666666666,0,baseline,quartile_tails,0.25,1.0
536216,47,2021-07-30,0.25,0,baseline,quartile_tails,0.25,1.0
537310,47,2021-07-30,0.1875,0,baseline,quartile_tails,0.25,1.0
537450,47,2021-07-30,1.0,1,high,quartile_tails,0.25,1.0
537623,47,2021-07-30,0.1111111111111111,0,baseline,quartile_tails,0.25,1.0
538628,47,2021-07-30,0.0,0,baseline,quartile_tails,0.25,1.0
539300,47,2021-07-30,0.0,0,baseline,quartile_tails,0.25,1.0
539844,47,2021-07-30,0.125,0,baseline,quartile_tails,0.25,1.0
540418,47,2021-07-30,0.0,0,baseline,quartile_tails,0.25,1.0
540938,47,2021-07-30,1.0,1,high,quartile_tails,0.25,1.0
541033,47,2021-07-30,1.0,1,high,quartile_tails,0.25,1.0
542074,47,2021-07-30,0.1625,0,baseline,quartile_tails,0.25,1.0
544376,47,2021-07-30,1.0,1,high,quartile_tails,0.25,1.0
544619,47,2021-07-30,1.0,1,high,quartile_tails,0.25,1.0
545370,47,2021-07-30,0.0,0,baseline,quartile_tails,0.25,1.0
545411,47,2021-07-30,0.0,0,baseline,quartile_tails,0.25,1.0
545832,47,2021-07-30,0.25,0,baseline,quartile_tails,0.25,1.0
545840,47,2021-07-30,1.0,1,high,quartile_tails,0.25,1.0
546598,47,2021-07-30,1.0,1,high,quartile_tails,0.25,1.0
547330,47,2021-07-30,0.25,0,baseline,quartile_tails,0.25,1.0
549219,47,2021-07-30,1.0,1,high,quartile_tails,0.25,1.0
549748,47,2021-07-30,1.0,1,high,quartile_tails,0.25,1.0
549845,47,2021-07-30,1.0,1,high,quartile_tails,0.25,1.0
550954,47,2021-07-30,0.0,0,baseline,quartile_tails,0.25,1.0
550987,47,2021-07-30,1.0,1,high,quartile_tails,0.25,1.0
551856,47,2021-07-30,0.16666666666666666,0,baseline,quartile_tails,0.25,1.0
552167,47,2021-07-30,1.0,1,high,quartile_tails,0.25,1.0
552871,47,2021-07-30,1.0,1,high,quartile_tails,0.25,1.0
553037,47,2021-07-30,0.0,0,baseline,quartile_tails,0.25,1.0
553264,47,2021-07-30,0.16666666666666666,0,baseline,quartile_tails,0.25,1.0
553391,47,2021-07-30,0.0,0,baseline,quartile_tails,0.25,1.0
553566,47,2021-07-30,0.16666666666666666,0,baseline,quartile_tails,0.25,1.0
554538,47,2021-07-30,1.0,1,high,quartile_tails,0.25,1.0
554670,47,2021-07-30,0.0,0,baseline,quartile_tails,0.25,1.0
555892,47,2021-07-30,0.25,0,baseline,quartile_tails,0.25,1.0
556678,47,2021-07-30,1.0,1,high,quartile_tails,0.25,1.0
556866,47,2021-07-30,1.0,1,high,quartile_tails,0.25,1.0
557035,47,2021-07-30,1.0,1,high,quartile_tails,0.25,1.0
557246,47,2021-07-30,0.0,0,baseline,quartile_tails,0.25,1.0
558026,47,2021-07-30,0.25,0,baseline,quartile_tails,0.25,1.0
558237,47,2021-07-30,1.0,1,high,quartile_tails,0.25,1.0
558748,47,2021-07-30,1.0,1,high,quartile_tails,0.25,1.0
558868,47,2021-07-30,0.0,0,baseline,quartile_tails,0.25,1.0
559039,47,2021-07-30,1.0,1,high,quartile_tails,0.25,1.0
559537,47,2021-07-30,1.0,1,high,quartile_tails,0.25,1.0
560115,47,2021-07-30,0.16666666666666666,0,baseline,quartile_tails,0.25,1.0
560835,47,2021-07-30,1.0,1,high,quartile_tails,0.25,1.0
561086,47,2021-07-30,0.0,0,baseline,quartile_tails,0.25,1.0
561188,47,2021-07-30,1.0,1,high,quartile_tails,0.25,1.0
561720,47,2021-07-30,0.0,0,baseline,quartile_tails,0.25,1.0
564187,47,2021-07-30,0.0,0,baseline,quartile_tails,0.25,1.0
564689,47,2021-07-30,1.0,1,high,quartile_tails,0.25,1.0
565199,47,2021-07-30,0.0,0,baseline,quartile_tails,0.25,1.0
566333,47,2021-07-30,0.0,0,baseline,quartile_tails,0.25,1.0
566540,47,2021-07-30,0.25,0,baseline,quartile_tails,0.25,1.0
567165,47,2021-07-30,1.0,1,high,quartile_tails,0.25,1.0
567445,47,2021-07-30,0.0,0,baseline,quartile_tails,0.25,1.0
567984,47,2021-07-30,1.0,1,high,quartile_tails,0.25,1.0
568707,47,2021-07-30,0.0,0,baseline,quartile_tails,0.25,1.0
569575,47,2021-07-30,1.0,1,high,quartile_tails,0.25,1.0
569594,47,2021-07-30,1.0,1,high,quartile_tails,0.25,1.0
570967,47,2021-07-30,0.0,0,baseline,quartile_tails,0.25,1.0
571024,47,2021-07-30,1.0,1,high,quartile_tails,0.25,1.0
571315,47,2021-07-30,0.0,0,baseline,quartile_tails,0.25,1.0
572105,47,2021-07-30,0.0,0,baseline,quartile_tails,0.25,1.0
572377,47,2021-07-30,0.0,0,baseline,quartile_tails,0.25,1.0
572546,47,2021-07-30,1.0,1,high,quartile_tails,0.25,1.0
573355,47,2021-07-30,1.0,1,high,quartile_tails,0.25,1.0
574386,47,2021-07-30,1.0,1,high,quartile_tails,0.25,1.0
574765,47,2021-07-30,0.0,0,baseline,quartile_tails,0.25,1.0
574935,47,2021-07-30,1.0,1,high,quartile_tails,0.25,1.0
575095,47,2021-07-30,1.0,1,high,quartile_tails,0.25,1.0
575116,47,2021-07-30,0.0,0,baseline,quartile_tails,0.25,1.0
575275,47,2021-07-30,1.0,1,high,quartile_tails,0.25,1.0
575940,47,2021-07-30,0.0,0,baseline,quartile_tails,0.25,1.0
576350,47,2021-07-30,1.0,1,high,quartile_tails,0.25,1.0
576351,47,2021-07-30,0.25,0,baseline,quartile_tails,0.25,1.0
577488,47,2021-07-30,0.125,0,baseline,quartile_tails,0.25,1.0
578331,47,2021-07-30,0.1875,0,baseline,quartile_tails,0.25,1.0
578902,47,2021-07-30,0.08333333333333333,0,baseline,quartile_tails,0.25,1.0
579611,47,2021-07-30,0.0,0,baseline,quartile_tails,0.25,1.0
580062,47,2021-07-30,1.0,1,high,quartile_tails,0.25,1.0
581226,47,2021-07-30,1.0,1,high,quartile_tails,0.25,1.0
581565,47,2021-07-30,0.25,0,baseline,quartile_tails,0.25,1.0
581673,47,2021-07-30,1.0,1,high,quartile_tails,0.25,1.0
582271,47,2021-07-30,1.0,1,high,quartile_tails,0.25,1.0
582429,47,2021-07-30,0.0,0,baseline,quartile_tails,0.25,1.0
582636,47,2021-07-30,0.0,0,baseline,quartile_tails,0.25,1.0
583546,47,2021-07-30,1.0,1,high,quartile_tails,0.25,1.0
585231,47,2021-07-30,0.0,0,baseline,quartile_tails,0.25,1.0
585721,47,2021-07-30,0.25,0,baseline,quartile_tails,0.25,1.0
587696,47,2021-07-30,0.20833333333333331,0,baseline,quartile_tails,0.25,1.0
588278,47,2021-07-30,0.125,0,baseline,quartile_tails,0.25,1.0
589320,47,2021-07-30,1.0,1,high,quartile_tails,0.25,1.0
589650,47,2021-07-30,1.0,1,high,quartile_tails,0.25,1.0
592815,47,2021-07-30,1.0,1,high,quartile_tails,0.25,1.0
593368,47,2021-07-30,0.0,0,baseline,quartile_tails,0.25,1.0
594462,47,2021-07-30,0.0,0,baseline,quartile_tails,0.25,1.0
594941,47,2021-07-30,0.0,0,baseline,quartile_tails,0.25,1.0
594958,47,2021-07-30,0.0,0,baseline,quartile_tails,0.25,1.0
594995,47,2021-07-30,1.0,1,high,quartile_tails,0.25,1.0
595086,47,2021-07-30,0.0,0,baseline,quartile_tails,0.25,1.0
595869,47,2021-07-30,0.125,0,baseline,quartile_tails,0.25,1.0
596063,47,2021-07-30,0.25,0,baseline,quartile_tails,0.25,1.0
597853,47,2021-07-30,1.0,1,high,quartile_tails,0.25,1.0
598856,47,2021-07-30,0.1111111111111111,0,baseline,quartile_tails,0.25,1.0
600015,47,2021-07-30,1.0,1,high,quartile_tails,0.25,1.0
600692,47,2021-07-30,0.16666666666666666,0,baseline,quartile_tails,0.25,1.0
600760,47,2021-07-30,0.25,0,baseline,quartile_tails,0.25,1.0
601434,47,2021-07-30,0.24999999999999997,0,baseline,quartile_tails,0.25,1.0
601528,47,2021-07-30,1.0,1,high,quartile_tails,0.25,1.0
601921,47,2021-07-30,1.0,1,high,quartile_tails,0.25,1.0
602475,47,2021-07-30,0.0,0,baseline,quartile_tails,0.25,1.0
602562,47,2021-07-30,1.0,1,high,quartile_tails,0.25,1.0
602908,47,2021-07-30,0.0625,0,baseline,quartile_tails,0.25,1.0
602909,47,2021-07-30,0.16666666666666666,0,baseline,quartile_tails,0.25,1.0
603610,47,2021-07-30,0.25,0,baseline,quartile_tails,0.25,1.0
603707,47,2021-07-30,1.0,1,high,quartile_tails,0.25,1.0
603988,47,2021-07-30,1.0,1,high,quartile_tails,0.25,1.0
604854,47,2021-07-30,1.0,1,high,quartile_tails,0.25,1.0
605235,47,2021-07-30,0.0,0,baseline,quartile_tails,0.25,1.0
605891,47,2021-07-30,0.125,0,baseline,quartile_tails,0.25,1.0
605980,47,2021-07-30,1.0,1,high,quartile_tails,0.25,1.0
605981,47,2021-07-30,1.0,1,high,quartile_tails,0.25,1.0
606539,47,2021-07-30,1.0,1,high,quartile_tails,0.25,1.0
606936,47,2021-07-30,1.0,1,high,quartile_tails,0.25,1.0
607195,47,2021-07-30,0.2222222222222222,0,baseline,quartile_tails,0.25,1.0
607842,47,2021-07-30,1.0,1,high,quartile_tails,0.25,1.0
608845,47,2021-07-30,0.0,0,baseline,quartile_tails,0.25,1.0
608964,47,2021-07-30,1.0,1,high,quartile_tails,0.25,1.0
609702,47,2021-07-30,0.0625,0,baseline,quartile_tails,0.25,1.0
610077,47,2021-07-30,0.0,0,baseline,quartile_tails,0.25,1.0
610716,47,2021-07-30,0.25,0,baseline,quartile_tails,0.25,1.0
611089,47,2021-07-30,0.0,0,baseline,quartile_tails,0.25,1.0
611694,47,2021-07-30,0.16666666666666666,0,baseline,quartile_tails,0.25,1.0
611863,47,2021-07-30,0.0,0,baseline,quartile_tails,0.25,1.0
612089,47,2021-07-30,1.0,1,high,quartile_tails,0.25,1.0
612295,47,2021-07-30,0.25,0,baseline,quartile_tails,0.25,1.0
612707,47,2021-07-30,1.0,1,high,quartile_tails,0.25,1.0
613050,47,2021-07-30,0.2222222222222222,0,baseline,quartile_tails,0.25,1.0
613333,47,2021-07-30,0.0625,0,baseline,quartile_tails,0.25,1.0
613742,47,2021-07-30,1.0,1,high,quartile_tails,0.25,1.0
613966,47,2021-07-30,1.0,1,high,quartile_tails,0.25,1.0
614252,47,2021-07-30,1.0,1,high,quartile_tails,0.25,1.0
614510,47,2021-07-30,1.0,1,high,quartile_tails,0.25,1.0
614574,47,2021-07-30,0.0,0,baseline,quartile_tails,0.25,1.0
614751,47,2021-07-30,1.0,1,high,quartile_tails,0.25,1.0
615079,47,2021-07-30,1.0,1,high,quartile_tails,0.25,1.0
615363,47,2021-07-30,1.0,1,high,quartile_tails,0.25,1.0
615731,47,2021-07-30,1.0,1,high,quartile_tails,0.25,1.0
616262,47,2021-07-30,0.0,0,baseline,quartile_tails,0.25,1.0
616606,47,2021-07-30,0.0,0,baseline,quartile_tails,0.25,1.0
616837,47,2021-07-30,0.25,0,baseline,quartile_tails,0.25,1.0
617179,47,2021-07-30,0.0,0,baseline,quartile_tails,0.25,1.0
617771,47,2021-07-30,0.0,0,baseline,quartile_tails,0.25,1.0
618012,47,2021-07-30,1.0,1,high,quartile_tails,0.25,1.0
618866,47,2021-07-30,1.0,1,high,quartile_tails,0.25,1.0
619111,47,2021-07-30,1.0,1,high,quartile_tails,0.25,1.0
619902,47,2021-07-30,0.0,0,baseline,quartile_tails,0.25,1.0
620097,47,2021-07-30,1.0,1,high,quartile_tails,0.25,1.0
620341,47,2021-07-30,0.25,0,baseline,quartile_tails,0.25,1.0
620449,47,2021-07-30,1.0,1,high,quartile_tails,0.25,1.0
620856,47,2021-07-30,1.0,1,high,quartile_tails,0.25,1.0
621530,47,2021-07-30,0.1125,0,baseline,quartile_tails,0.25,1.0
621658,47,2021-07-30,0.13333333333333333,0,baseline,quartile_tails,0.25,1.0
623264,47,2021-07-30,0.125,0,baseline,quartile_tails,0.25,1.0
623831,47,2021-07-30,1.0,1,high,quartile_tails,0.25,1.0
624009,47,2021-07-30,0.0,0,baseline,quartile_tails,0.25,1.0
624359,47,2021-07-30,0.0,0,baseline,quartile_tails,0.25,1.0
624621,47,2021-07-30,1.0,1,high,quartile_tails,0.25,1.0
624942,47,2021-07-30,0.0,0,baseline,quartile_tails,0.25,1.0
625112,47,2021-07-30,1.0,1,high,quartile_tails,0.25,1.0
625775,47,2021-07-30,0.125,0,baseline,quartile_tails,0.25,1.0
626113,47,2021-07-30,0.16666666666666666,0,baseline,quartile_tails,0.25,1.0
626199,47,2021-07-30,1.0,1,high,quartile_tails,0.25,1.0
626411,47,2021-07-30,1.0,1,high,quartile_tails,0.25,1.0
626547,47,2021-07-30,1.0,1,high,quartile_tails,0.25,1.0
626971,47,2021-07-30,1.0,1,high,quartile_tails,0.25,1.0
627203,47,2021-07-30,1.0,1,high,quartile_tails,0.25,1.0
627245,47,2021-07-30,1.0,1,high,quartile_tails,0.25,1.0
628528,47,2021-07-30,0.0,0,baseline,quartile_tails,0.25,1.0
628834,47,2021-07-30,1.0,1,high,quartile_tails,0.25,1.0
629073,47,2021-07-30,1.0,1,high,quartile_tails,0.25,1.0
630138,47,2021-07-30,1.0,1,high,quartile_tails,0.25,1.0
630183,47,2021-07-30,1.0,1,high,quartile_tails,0.25,1.0
630388,47,2021-07-30,0.08333333333333333,0,baseline,quartile_tails,0.25,1.0
630613,47,2021-07-30,0.0,0,baseline,quartile_tails,0.25,1.0
632836,47,2021-07-30,0.25,0,baseline,quartile_tails,0.25,1.0
633401,47,2021-07-30,1.0,1,high,quartile_tails,0.25,1.0
633477,47,2021-07-30,0.0,0,baseline,quartile_tails,0.25,1.0
634948,47,2021-07-30,1.0,1,high,quartile_tails,0.25,1.0
635990,47,2021-07-30,0.25,0,baseline,quartile_tails,0.25,1.0
636022,47,2021-07-30,0.20833333333333331,0,baseline,quartile_tails,0.25,1.0
636126,47,2021-07-30,1.0,1,high,quartile_tails,0.25,1.0
636576,47,2021-07-30,1.0,1,high,quartile_tails,0.25,1.0
639057,47,2021-07-30,0.0,0,baseline,quartile_tails,0.25,1.0
639189,47,2021-07-30,0.25,0,baseline,quartile_tails,0.25,1.0
639297,47,2021-07-30,0.0,0,baseline,quartile_tails,0.25,1.0
639956,47,2021-07-30,1.0,1,high,quartile_tails,0.25,1.0
640048,47,2021-07-30,1.0,1,high,quartile_tails,0.25,1.0
640767,47,2021-07-30,0.0,0,baseline,quartile_tails,0.25,1.0
640801,47,2021-07-30,1.0,1,high,quartile_tails,0.25,1.0
641170,47,2021-07-30,0.0,0,baseline,quartile_tails,0.25,1.0
642923,47,2021-07-30,0.0,0,baseline,quartile_tails,0.25,1.0
643351,47,2021-07-30,1.0,1,high,quartile_tails,0.25,1.0
643794,47,2021-07-30,0.0,0,baseline,quartile_tails,0.25,1.0
644067,47,2021-07-30,0.0,0,baseline,quartile_tails,0.25,1.0
644400,47,2021-07-30,0.0,0,baseline,quartile_tails,0.25,1.0
644503,47,2021-07-30,1.0,1,high,quartile_tails,0.25,1.0
644814,47,2021-07-30,0.25,0,baseline,quartile_tails,0.25,1.0
645461,47,2021-07-30,0.0,0,baseline,quartile_tails,0.25,1.0
645462,47,2021-07-30,1.0,1,high,quartile_tails,0.25,1.0
645660,47,2021-07-30,1.0,1,high,quartile_tails,0.25,1.0
645970,47,2021-07-30,0.125,0,baseline,quartile_tails,0.25,1.0
645980,47,2021-07-30,0.0,0,baseline,quartile_tails,0.25,1.0
646434,47,2021-07-30,1.0,1,high,quartile_tails,0.25,1.0
648086,47,2021-07-30,1.0,1,high,quartile_tails,0.25,1.0
648566,47,2021-07-30,1.0,1,high,quartile_tails,0.25,1.0
649192,47,2021-07-30,0.0,0,baseline,quartile_tails,0.25,1.0
650236,47,2021-07-30,1.0,1,high,quartile_tails,0.25,1.0
650732,47,2021-07-30,1.0,1,high,quartile_tails,0.25,1.0
651772,47,2021-07-30,0.0,0,baseline,quartile_tails,0.25,1.0
651795,47,2021-07-30,1.0,1,high,quartile_tails,0.25,1.0
652625,47,2021-07-30,0.0,0,baseline,quartile_tails,0.25,1.0
652646,47,2021-07-30,0.0,0,baseline,quartile_tails,0.25,1.0
653574,47,2021-07-30,0.0,0,baseline,quartile_tails,0.25,1.0
654818,47,2021-07-30,1.0,1,high,quartile_tails,0.25,1.0
655068,47,2021-07-30,0.0,0,baseline,quartile_tails,0.25,1.0
656432,47,2021-07-30,0.1111111111111111,0,baseline,quartile_tails,0.25,1.0
657600,47,2021-07-30,1.0,1,high,quartile_tails,0.25,1.0
658382,47,2021-07-30,1.0,1,high,quartile_tails,0.25,1.0
658710,47,2021-07-30,1.0,1,high,quartile_tails,0.25,1.0
660546,47,2021-07-30,1.0,1,high,quartile_tails,0.25,1.0
660714,47,2021-07-30,1.0,1,high,quartile_tails,0.25,1.0
661004,47,2021-07-30,0.18333333333333335,0,baseline,quartile_tails,0.25,1.0
661656,47,2021-07-30,0.0,0,baseline,quartile_tails,0.25,1.0
661844,47,2021-07-30,1.0,1,high,quartile_tails,0.25,1.0
662044,47,2021-07-30,1.0,1,high,quartile_tails,0.25,1.0
662297,47,2021-07-30,0.0,0,baseline,quartile_tails,0.25,1.0
663783,47,2021-07-30,0.25,0,baseline,quartile_tails,0.25,1.0
663986,47,2021-07-30,0.0,0,baseline,quartile_tails,0.25,1.0
664823,47,2021-07-30,1.0,1,high,quartile_tails,0.25,1.0
665517,47,2021-07-30,1.0,1,high,quartile_tails,0.25,1.0
665885,47,2021-07-30,0.0,0,baseline,quartile_tails,0.25,1.0
666257,47,2021-07-30,1.0,1,high,quartile_tails,0.25,1.0
666483,47,2021-07-30,0.25,0,baseline,quartile_tails,0.25,1.0
667121,47,2021-07-30,1.0,1,high,quartile_tails,0.25,1.0
667245,47,2021-07-30,1.0,1,high,quartile_tails,0.25,1.0
668371,47,2021-07-30,0.0,0,baseline,quartile_tails,0.25,1.0
668651,47,2021-07-30,1.0,1,high,quartile_tails,0.25,1.0
668879,47,2021-07-30,0.0,0,baseline,quartile_tails,0.25,1.0
669237,47,2021-07-30,1.0,1,high,quartile_tails,0.25,1.0
669535,47,2021-07-30,1.0,1,high,quartile_tails,0.25,1.0
670927,47,2021-07-30,1.0,1,high,quartile_tails,0.25,1.0
671225,47,2021-07-30,0.0625,0,baseline,quartile_tails,0.25,1.0
671281,47,2021-07-30,0.0,0,baseline,quartile_tails,0.25,1.0
671389,47,2021-07-30,0.08333333333333333,0,baseline,quartile_tails,0.25,1.0
672483,47,2021-07-30,0.0,0,baseline,quartile_tails,0.25,1.0
672582,47,2021-07-30,0.25,0,baseline,quartile_tails,0.25,1.0
676957,47,2021-07-30,0.25,0,baseline,quartile_tails,0.25,1.0
676965,47,2021-07-30,0.0,0,baseline,quartile_tails,0.25,1.0
678274,47,2021-07-30,0.0,0,baseline,quartile_tails,0.25,1.0
678762,47,2021-07-30,0.0,0,baseline,quartile_tails,0.25,1.0
679479,47,2021-07-30,0.0,0,baseline,quartile_tails,0.25,1.0
679672,47,2021-07-30,0.08333333333333333,0,baseline,quartile_tails,0.25,1.0
680434,47,2021-07-30,1.0,1,high,quartile_tails,0.25,1.0
680845,47,2021-07-30,0.0,0,baseline,quartile_tails,0.25,1.0
680975,47,2021-07-30,1.0,1,high,quartile_tails,0.25,1.0
680976,47,2021-07-30,1.0,1,high,quartile_tails,0.25,1.0
682046,47,2021-07-30,0.0,0,baseline,quartile_tails,0.25,1.0
683495,47,2021-07-30,1.0,1,high,quartile_tails,0.25,1.0
683778,47,2021-07-30,0.0,0,baseline,quartile_tails,0.25,1.0
683863,47,2021-07-30,0.0,0,baseline,quartile_tails,0.25,1.0
684987,47,2021-07-30,0.0,0,baseline,quartile_tails,0.25,1.0
685201,47,2021-07-30,1.0,1,high,quartile_tails,0.25,1.0
685353,47,2021-07-30,0.0,0,baseline,quartile_tails,0.25,1.0
685479,47,2021-07-30,1.0,1,high,quartile_tails,0.25,1.0
686521,47,2021-07-30,1.0,1,high,quartile_tails,0.25,1.0
686571,47,2021-07-30,0.0,0,baseline,quartile_tails,0.25,1.0
686683,47,2021-07-30,1.0,1,high,quartile_tails,0.25,1.0
686788,47,2021-07-30,0.19444444444444442,0,baseline,quartile_tails,0.25,1.0
687442,47,2021-07-30,0.0,0,baseline,quartile_tails,0.25,1.0
688738,47,2021-07-30,0.25,0,baseline,quartile_tails,0.25,1.0
689393,47,2021-07-30,0.0,0,baseline,quartile_tails,0.25,1.0
690152,47,2021-07-30,1.0,1,high,quartile_tails,0.25,1.0
691484,47,2021-07-30,0.0,0,baseline,quartile_tails,0.25,1.0
692977,47,2021-07-30,1.0,1,high,quartile_tails,0.25,1.0
695000,47,2021-07-30,1.0,1,high,quartile_tails,0.25,1.0
695175,47,2021-07-30,0.0,0,baseline,quartile_tails,0.25,1.0
695322,47,2021-07-30,0.0,0,baseline,quartile_tails,0.25,1.0
696644,47,2021-07-30,0.0,0,baseline,quartile_tails,0.25,1.0
697068,47,2021-07-30,0.0,0,baseline,quartile_tails,0.25,1.0
697708,47,2021-07-30,0.16666666666666666,0,baseline,quartile_tails,0.25,1.0
698172,47,2021-07-30,1.0,1,high,quartile_tails,0.25,1.0
698289,47,2021-07-30,1.0,1,high,quartile_tails,0.25,1.0
698946,47,2021-07-30,0.0,0,baseline,quartile_tails,0.25,1.0
699163,47,2021-07-30,1.0,1,high,quartile_tails,0.25,1.0
699297,47,2021-07-30,0.0,0,baseline,quartile_tails,0.25,1.0
699746,47,2021-07-30,1.0,1,high,quartile_tails,0.25,1.0
699815,47,2021-07-30,0.16666666666666666,0,baseline,quartile_tails,0.25,1.0
700114,47,2021-07-30,1.0,1,high,quartile_tails,0.25,1.0
700408,47,2021-07-30,0.25,0,baseline,quartile_tails,0.25,1.0
700596,47,2021-07-30,0.1111111111111111,0,baseline,quartile_tails,0.25,1.0
700822,47,2021-07-30,0.0,0,baseline,quartile_tails,0.25,1.0
701481,47,2021-07-30,1.0,1,high,quartile_tails,0.25,1.0
701615,47,2021-07-30,0.2361111111111111,0,baseline,quartile_tails,0.25,1.0
702961,47,2021-07-30,1.0,1,high,quartile_tails,0.25,1.0
703398,47,2021-07-30,0.0,0,baseline,quartile_tails,0.25,1.0
703399,47,2021-07-30,0.0,0,baseline,quartile_tails,0.25,1.0
703682,47,2021-07-30,0.0,0,baseline,quartile_tails,0.25,1.0
704428,47,2021-07-30,1.0,1,high,quartile_tails,0.25,1.0
705403,47,2021-07-30,1.0,1,high,quartile_tails,0.25,1.0
705699,47,2021-07-30,1.0,1,high,quartile_tails,0.25,1.0
705895,47,2021-07-30,0.0,0,baseline,quartile_tails,0.25,1.0
706051,47,2021-07-30,1.0,1,high,quartile_tails,0.25,1.0
706500,47,2021-07-30,1.0,1,high,quartile_tails,0.25,1.0
706665,47,2021-07-30,1.0,1,high,quartile_tails,0.25,1.0
706848,47,2021-07-30,1.0,1,high,quartile_tails,0.25,1.0
707170,47,2021-07-30,0.0,0,baseline,quartile_tails,0.25,1.0
707186,47,2021-07-30,1.0,1,high,quartile_tails,0.25,1.0
708435,47,2021-07-30,0.0,0,baseline,quartile_tails,0.25,1.0
708776,47,2021-07-30,0.0,0,baseline,quartile_tails,0.25,1.0
709761,47,2021-07-30,0.0,0,baseline,quartile_tails,0.25,1.0
710569,47,2021-07-30,1.0,1,high,quartile_tails,0.25,1.0
710802,47,2021-07-30,1.0,1,high,quartile_tails,0.25,1.0
711348,47,2021-07-30,0.0,0,baseline,quartile_tails,0.25,1.0
711395,47,2021-07-30,0.0,0,baseline,quartile_tails,0.25,1.0
712018,47,2021-07-30,1.0,1,high,quartile_tails,0.25,1.0
713064,47,2021-07-30,1.0,1,high,quartile_tails,0.25,1.0
713321,47,2021-07-30,1.0,1,high,quartile_tails,0.25,1.0
714214,47,2021-07-30,0.0,0,baseline,quartile_tails,0.25,1.0
714546,47,2021-07-30,1.0,1,high,quartile_tails,0.25,1.0
715129,47,2021-07-30,1.0,1,high,quartile_tails,0.25,1.0
715287,47,2021-07-30,0.0,0,baseline,quartile_tails,0.25,1.0
715343,47,2021-07-30,0.0,0,baseline,quartile_tails,0.25,1.0
716049,47,2021-07-30,1.0,1,high,quartile_tails,0.25,1.0
717161,47,2021-07-30,0.20833333333333331,0,baseline,quartile_tails,0.25,1.0
719124,47,2021-07-30,0.0,0,baseline,quartile_tails,0.25,1.0
719241,47,2021-07-30,1.0,1,high,quartile_tails,0.25,1.0
719976,47,2021-07-30,1.0,1,high,quartile_tails,0.25,1.0
720296,47,2021-07-30,1.0,1,high,quartile_tails,0.25,1.0
721434,47,2021-07-30,1.0,1,high,quartile_tails,0.25,1.0
721448,47,2021-07-30,1.0,1,high,quartile_tails,0.25,1.0
721637,47,2021-07-30,1.0,1,high,quartile_tails,0.25,1.0
722342,47,2021-07-30,0.0,0,baseline,quartile_tails,0.25,1.0
722440,47,2021-07-30,1.0,1,high,quartile_tails,0.25,1.0
723483,47,2021-07-30,1.0,1,high,quartile_tails,0.25,1.0
723741,47,2021-07-30,0.0,0,baseline,quartile_tails,0.25,1.0
724198,47,2021-07-30,0.125,0,baseline,quartile_tails,0.25,1.0
724354,47,2021-07-30,0.14583333333333331,0,baseline,quartile_tails,0.25,1.0
724420,47,2021-07-30,1.0,1,high,quartile_tails,0.25,1.0
725837,47,2021-07-30,0.0,0,baseline,quartile_tails,0.25,1.0
725889,47,2021-07-30,1.0,1,high,quartile_tails,0.25,1.0
726142,47,2021-07-30,0.0,0,baseline,quartile_tails,0.25,1.0
726430,47,2021-07-30,0.0,0,baseline,quartile_tails,0.25,1.0
726587,47,2021-07-30,0.20833333333333331,0,baseline,quartile_tails,0.25,1.0
726698,47,2021-07-30,1.0,1,high,quartile_tails,0.25,1.0
726928,47,2021-07-30,0.0,0,baseline,quartile_tails,0.25,1.0
727014,47,2021-07-30,0.25,0,baseline,quartile_tails,0.25,1.0
727093,47,2021-07-30,0.125,0,baseline,quartile_tails,0.25,1.0
727623,47,2021-07-30,0.0,0,baseline,quartile_tails,0.25,1.0
727638,47,2021-07-30,0.16666666666666666,0,baseline,quartile_tails,0.25,1.0
727924,47,2021-07-30,1.0,1,high,quartile_tails,0.25,1.0
729062,47,2021-07-30,0.0,0,baseline,quartile_tails,0.25,1.0
729680,47,2021-07-30,0.25,0,baseline,quartile_tails,0.25,1.0
729977,47,2021-07-30,1.0,1,high,quartile_tails,0.25,1.0
730200,47,2021-07-30,0.16666666666666666,0,baseline,quartile_tails,0.25,1.0
731564,47,2021-07-30,1.0,1,high,quartile_tails,0.25,1.0
731705,47,2021-07-30,1.0,1,high,quartile_tails,0.25,1.0
734316,47,2021-07-30,0.0,0,baseline,quartile_tails,0.25,1.0
734430,47,2021-07-30,1.0,1,high,quartile_tails,0.25,1.0
735230,47,2021-07-30,1.0,1,high,quartile_tails,0.25,1.0
736731,47,2021-07-30,1.0,1,high,quartile_tails,0.25,1.0
737450,47,2021-07-30,0.0,0,baseline,quartile_tails,0.25,1.0
737464,47,2021-07-30,0.0,0,baseline,quartile_tails,0.25,1.0
739211,47,2021-07-30,0.16666666666666666,0,baseline,quartile_tails,0.25,1.0
739646,47,2021-07-30,1.0,1,high,quartile_tails,0.25,1.0
740271,47,2021-07-30,1.0,1,high,quartile_tails,0.25,1.0
740443,47,2021-07-30,1.0,1,high,quartile_tails,0.25,1.0
740463,47,2021-07-30,1.0,1,high,quartile_tails,0.25,1.0
740544,47,2021-07-30,1.0,1,high,quartile_tails,0.25,1.0
741336,47,2021-07-30,0.08333333333333333,0,baseline,quartile_tails,0.25,1.0
742278,47,2021-07-30,0.0,0,baseline,quartile_tails,0.25,1.0
742761,47,2021-07-30,0.25,0,baseline,quartile_tails,0.25,1.0
743152,47,2021-07-30,0.125,0,baseline,quartile_tails,0.25,1.0
743156,47,2021-07-30,0.0,0,baseline,quartile_tails,0.25,1.0
744460,47,2021-07-30,0.0,0,baseline,quartile_tails,0.25,1.0
744886,47,2021-07-30,1.0,1,high,quartile_tails,0.25,1.0
745310,47,2021-07-30,1.0,1,high,quartile_tails,0.25,1.0
746483,47,2021-07-30,1.0,1,high,quartile_tails,0.25,1.0
746831,47,2021-07-30,1.0,1,high,quartile_tails,0.25,1.0
747498,47,2021-07-30,0.24999999999999997,0,baseline,quartile_tails,0.25,1.0
748625,47,2021-07-30,1.0,1,high,quartile_tails,0.25,1.0
748942,47,2021-07-30,1.0,1,high,quartile_tails,0.25,1.0
749096,47,2021-07-30,0.0,0,baseline,quartile_tails,0.25,1.0
749468,47,2021-07-30,0.125,0,baseline,quartile_tails,0.25,1.0
752544,47,2021-07-30,1.0,1,high,quartile_tails,0.25,1.0
752710,47,2021-07-30,1.0,1,high,quartile_tails,0.25,1.0
753362,47,2021-07-30,0.25,0,baseline,quartile_tails,0.25,1.0
753549,47,2021-07-30,1.0,1,high,quartile_tails,0.25,1.0
753596,47,2021-07-30,1.0,1,high,quartile_tails,0.25,1.0
753807,47,2021-07-30,0.16666666666666666,0,baseline,quartile_tails,0.25,1.0
755570,47,2021-07-30,1.0,1,high,quartile_tails,0.25,1.0
755917,47,2021-07-30,1.0,1,high,quartile_tails,0.25,1.0
756167,47,2021-07-30,0.0,0,baseline,quartile_tails,0.25,1.0
757403,47,2021-07-30,0.16666666666666666,0,baseline,quartile_tails,0.25,1.0
758041,47,2021-07-30,0.08333333333333333,0,baseline,quartile_tails,0.25,1.0
759872,47,2021-07-30,1.0,1,high,quartile_tails,0.25,1.0
761419,47,2021-07-30,0.0,0,baseline,quartile_tails,0.25,1.0
761671,47,2021-07-30,0.0,0,baseline,quartile_tails,0.25,1.0
762263,47,2021-07-30,0.0,0,baseline,quartile_tails,0.25,1.0
762535,47,2021-07-30,0.0,0,baseline,quartile_tails,0.25,1.0
762576,47,2021-07-30,0.0,0,baseline,quartile_tails,0.25,1.0
762719,47,2021-07-30,0.25,0,baseline,quartile_tails,0.25,1.0
763246,47,2021-07-30,0.2222222222222222,0,baseline,quartile_tails,0.25,1.0
763574,47,2021-07-30,0.0,0,baseline,quartile_tails,0.25,1.0
763587,47,2021-07-30,1.0,1,high,quartile_tails,0.25,1.0
763891,47,2021-07-30,0.0,0,baseline,quartile_tails,0.25,1.0
764759,47,2021-07-30,0.0,0,baseline,quartile_tails,0.25,1.0
764909,47,2021-07-30,0.16666666666666666,0,baseline,quartile_tails,0.25,1.0
765186,47,2021-07-30,1.0,1,high,quartile_tails,0.25,1.0
766507,47,2021-07-30,0.13333333333333333,0,baseline,quartile_tails,0.25,1.0
768064,47,2021-07-30,0.0,0,baseline,quartile_tails,0.25,1.0
768151,47,2021-07-30,0.1111111111111111,0,baseline,quartile_tails,0.25,1.0
769532,47,2021-07-30,0.0,0,baseline,quartile_tails,0.25,1.0
770089,47,2021-07-30,0.20833333333333331,0,baseline,quartile_tails,0.25,1.0
770160,47,2021-07-30,1.0,1,high,quartile_tails,0.25,1.0
770437,47,2021-07-30,1.0,1,high,quartile_tails,0.25,1.0
770651,47,2021-07-30,0.0,0,baseline,quartile_tails,0.25,1.0
771282,47,2021-07-30,1.0,1,high,quartile_tails,0.25,1.0
771669,47,2021-07-30,0.0,0,baseline,quartile_tails,0.25,1.0
771910,47,2021-07-30,0.0,0,baseline,quartile_tails,0.25,1.0
772418,47,2021-07-30,0.25,0,baseline,quartile_tails,0.25,1.0
772646,47,2021-07-30,1.0,1,high,quartile_tails,0.25,1.0
773471,47,2021-07-30,0.0,0,baseline,quartile_tails,0.25,1.0
773644,47,2021-07-30,0.09523809523809523,0,baseline,quartile_tails,0.25,1.0
774732,47,2021-07-30,0.16666666666666666,0,baseline,quartile_tails,0.25,1.0
775372,47,2021-07-30,0.0,0,baseline,quartile_tails,0.25,1.0
777035,47,2021-07-30,1.0,1,high,quartile_tails,0.25,1.0
777610,47,2021-07-30,1.0,1,high,quartile_tails,0.25,1.0
777910,47,2021-07-30,1.0,1,high,quartile_tails,0.25,1.0
779332,47,2021-07-30,1.0,1,high,quartile_tails,0.25,1.0
779982,47,2021-07-30,0.0,0,baseline,quartile_tails,0.25,1.0
780054,47,2021-07-30,1.0,1,high,quartile_tails,0.25,1.0
780448,47,2021-07-30,0.0,0,baseline,quartile_tails,0.25,1.0
781470,47,2021-07-30,0.0,0,baseline,quartile_tails,0.25,1.0
783368,47,2021-07-30,1.0,1,high,quartile_tails,0.25,1.0
783965,47,2021-07-30,1.0,1,high,quartile_tails,0.25,1.0
784179,47,2021-07-30,0.0,0,baseline,quartile_tails,0.25,1.0
784836,47,2021-07-30,1.0,1,high,quartile_tails,0.25,1.0
785490,47,2021-07-30,0.0,0,baseline,quartile_tails,0.25,1.0
786295,47,2021-07-30,0.0,0,baseline,quartile_tails,0.25,1.0
786461,47,2021-07-30,1.0,1,high,quartile_tails,0.25,1.0
787141,47,2021-07-30,0.0,0,baseline,quartile_tails,0.25,1.0
788857,47,2021-07-30,1.0,1,high,quartile_tails,0.25,1.0
788945,47,2021-07-30,0.0,0,baseline,quartile_tails,0.25,1.0
789320,47,2021-07-30,0.25,0,baseline,quartile_tails,0.25,1.0
789994,47,2021-07-30,0.0,0,baseline,quartile_tails,0.25,1.0
790183,47,2021-07-30,0.0,0,baseline,quartile_tails,0.25,1.0
791153,47,2021-07-30,0.0,0,baseline,quartile_tails,0.25,1.0
791346,47,2021-07-30,0.2222222222222222,0,baseline,quartile_tails,0.25,1.0
791955,47,2021-07-30,1.0,1,high,quartile_tails,0.25,1.0
792508,47,2021-07-30,0.0,0,baseline,quartile_tails,0.25,1.0
792784,47,2021-07-30,1.0,1,high,quartile_tails,0.25,1.0
792857,47,2021-07-30,0.0,0,baseline,quartile_tails,0.25,1.0
794199,47,2021-07-30,1.0,1,high,quartile_tails,0.25,1.0
795670,47,2021-07-30,0.0,0,baseline,quartile_tails,0.25,1.0
795762,47,2021-07-30,0.0,0,baseline,quartile_tails,0.25,1.0
795900,47,2021-07-30,1.0,1,high,quartile_tails,0.25,1.0
795901,47,2021-07-30,1.0,1,high,quartile_tails,0.25,1.0
795902,47,2021-07-30,1.0,1,high,quartile_tails,0.25,1.0
796829,47,2021-07-30,1.0,1,high,quartile_tails,0.25,1.0
798171,47,2021-07-30,0.0,0,baseline,quartile_tails,0.25,1.0
798677,47,2021-07-30,0.0,0,baseline,quartile_tails,0.25,1.0
798735,47,2021-07-30,0.0,0,baseline,quartile_tails,0.25,1.0
798744,47,2021-07-30,1.0,1,high,quartile_tails,0.25,1.0
798750,47,2021-07-30,1.0,1,high,quartile_tails,0.25,1.0
798751,47,2021-07-30,0.0,0,baseline,quartile_tails,0.25,1.0
799058,47,2021-07-30,1.0,1,high,quartile_tails,0.25,1.0
799063,47,2021-07-30,0.0,0,baseline,quartile_tails,0.25,1.0
799400,47,2021-07-30,0.125,0,baseline,quartile_tails,0.25,1.0
799816,47,2021-07-30,0.1111111111111111,0,baseline,quartile_tails,0.25,1.0
799846,47,2021-07-30,1.0,1,high,quartile_tails,0.25,1.0
799848,47,2021-07-30,1.0,1,high,quartile_tails,0.25,1.0
799985,47,2021-07-30,0.0625,0,baseline,quartile_tails,0.25,1.0
800302,47,2021-07-30,0.0,0,baseline,quartile_tails,0.25,1.0
800434,47,2021-07-30,0.0,0,baseline,quartile_tails,0.25,1.0
800849,47,2021-07-30,1.0,1,high,quartile_tails,0.25,1.0
801920,47,2021-07-30,0.0,0,baseline,quartile_tails,0.25,1.0
802782,47,2021-07-30,1.0,1,high,quartile_tails,0.25,1.0
802994,47,2021-07-30,1.0,1,high,quartile_tails,0.25,1.0
804947,47,2021-07-30,0.0,0,baseline,quartile_tails,0.25,1.0
805054,47,2021-07-30,0.20833333333333331,0,baseline,quartile_tails,0.25,1.0
805224,47,2021-07-30,0.0,0,baseline,quartile_tails,0.25,1.0
806005,47,2021-07-30,0.0,0,baseline,quartile_tails,0.25,1.0
809230,47,2021-07-30,0.1111111111111111,0,baseline,quartile_tails,0.25,1.0
2006,220,2021-08-03,0.0,0,baseline,quartile_tails,0.25,1.0
2759,220,2021-08-03,0.0,0,baseline,quartile_tails,0.25,1.0
3014,220,2021-08-03,0.0,0,baseline,quartile_tails,0.25,1.0
6047,220,2021-08-03,1.0,1,high,quartile_tails,0.25,1.0
7977,220,2021-08-03,1.0,1,high,quartile_tails,0.25,1.0
8575,220,2021-08-03,0.2222222222222222,0,baseline,quartile_tails,0.25,1.0
9564,220,2021-08-03,0.0,0,baseline,quartile_tails,0.25,1.0
9566,220,2021-08-03,0.125,0,baseline,quartile_tails,0.25,1.0
12846,220,2021-08-03,1.0,1,high,quartile_tails,0.25,1.0
13288,220,2021-08-03,0.25,0,baseline,quartile_tails,0.25,1.0
13849,220,2021-08-03,1.0,1,high,quartile_tails,0.25,1.0
14625,220,2021-08-03,1.0,1,high,quartile_tails,0.25,1.0
16323,220,2021-08-03,0.16666666666666666,0,baseline,quartile_tails,0.25,1.0
16369,220,2021-08-03,0.0,0,baseline,quartile_tails,0.25,1.0
16590,220,2021-08-03,1.0,1,high,quartile_tails,0.25,1.0
17290,220,2021-08-03,0.25,0,baseline,quartile_tails,0.25,1.0
18108,220,2021-08-03,1.0,1,high,quartile_tails,0.25,1.0
19809,220,2021-08-03,0.0,0,baseline,quartile_tails,0.25,1.0
21144,220,2021-08-03,0.0,0,baseline,quartile_tails,0.25,1.0
21302,220,2021-08-03,0.25,0,baseline,quartile_tails,0.25,1.0
21754,220,2021-08-03,1.0,1,high,quartile_tails,0.25,1.0
23211,220,2021-08-03,1.0,1,high,quartile_tails,0.25,1.0
24488,220,2021-08-03,0.0,0,baseline,quartile_tails,0.25,1.0
24582,220,2021-08-03,1.0,1,high,quartile_tails,0.25,1.0
26610,220,2021-08-03,1.0,1,high,quartile_tails,0.25,1.0
26680,220,2021-08-03,1.0,1,high,quartile_tails,0.25,1.0
26728,220,2021-08-03,0.0,0,baseline,quartile_tails,0.25,1.0
28217,220,2021-08-03,0.0,0,baseline,quartile_tails,0.25,1.0
28356,220,2021-08-03,0.0,0,baseline,quartile_tails,0.25,1.0
29822,220,2021-08-03,0.0,0,baseline,quartile_tails,0.25,1.0
30569,220,2021-08-03,0.15625,0,baseline,quartile_tails,0.25,1.0
31038,220,2021-08-03,1.0,1,high,quartile_tails,0.25,1.0
31798,220,2021-08-03,1.0,1,high,quartile_tails,0.25,1.0
31821,220,2021-08-03,0.0,0,baseline,quartile_tails,0.25,1.0
31880,220,2021-08-03,1.0,1,high,quartile_tails,0.25,1.0
32177,220,2021-08-03,1.0,1,high,quartile_tails,0.25,1.0
35611,220,2021-08-03,0.0,0,baseline,quartile_tails,0.25,1.0
39588,220,2021-08-03,1.0,1,high,quartile_tails,0.25,1.0
42986,220,2021-08-03,1.0,1,high,quartile_tails,0.25,1.0
44462,220,2021-08-03,0.25,0,baseline,quartile_tails,0.25,1.0
45992,220,2021-08-03,1.0,1,high,quartile_tails,0.25,1.0
47412,220,2021-08-03,0.0,0,baseline,quartile_tails,0.25,1.0
47845,220,2021-08-03,0.0,0,baseline,quartile_tails,0.25,1.0
48448,220,2021-08-03,1.0,1,high,quartile_tails,0.25,1.0
48450,220,2021-08-03,0.0,0,baseline,quartile_tails,0.25,1.0
49499,220,2021-08-03,1.0,1,high,quartile_tails,0.25,1.0
51560,220,2021-08-03,0.16666666666666666,0,baseline,quartile_tails,0.25,1.0
51831,220,2021-08-03,1.0,1,high,quartile_tails,0.25,1.0
51835,220,2021-08-03,0.08333333333333333,0,baseline,quartile_tails,0.25,1.0
51910,220,2021-08-03,0.0,0,baseline,quartile_tails,0.25,1.0
52320,220,2021-08-03,1.0,1,high,quartile_tails,0.25,1.0
54207,220,2021-08-03,0.0,0,baseline,quartile_tails,0.25,1.0
54561,220,2021-08-03,0.0,0,baseline,quartile_tails,0.25,1.0
55478,220,2021-08-03,1.0,1,high,quartile_tails,0.25,1.0
55728,220,2021-08-03,0.0,0,baseline,quartile_tails,0.25,1.0
56188,220,2021-08-03,0.25,0,baseline,quartile_tails,0.25,1.0
56530,220,2021-08-03,1.0,1,high,quartile_tails,0.25,1.0
56895,220,2021-08-03,0.0,0,baseline,quartile_tails,0.25,1.0
57802,220,2021-08-03,0.25,0,baseline,quartile_tails,0.25,1.0
60480,220,2021-08-03,0.0,0,baseline,quartile_tails,0.25,1.0
61126,220,2021-08-03,0.0,0,baseline,quartile_tails,0.25,1.0
61805,220,2021-08-03,1.0,1,high,quartile_tails,0.25,1.0
62865,220,2021-08-03,1.0,1,high,quartile_tails,0.25,1.0
64808,220,2021-08-03,0.0,0,baseline,quartile_tails,0.25,1.0
67270,220,2021-08-03,0.08333333333333333,0,baseline,quartile_tails,0.25,1.0
68771,220,2021-08-03,1.0,1,high,quartile_tails,0.25,1.0
69097,220,2021-08-03,1.0,1,high,quartile_tails,0.25,1.0
70291,220,2021-08-03,0.25,0,baseline,quartile_tails,0.25,1.0
71137,220,2021-08-03,0.0,0,baseline,quartile_tails,0.25,1.0
72021,220,2021-08-03,0.16666666666666666,0,baseline,quartile_tails,0.25,1.0
73084,220,2021-08-03,1.0,1,high,quartile_tails,0.25,1.0
73619,220,2021-08-03,1.0,1,high,quartile_tails,0.25,1.0
74782,220,2021-08-03,0.0,0,baseline,quartile_tails,0.25,1.0
75708,220,2021-08-03,1.0,1,high,quartile_tails,0.25,1.0
76671,220,2021-08-03,0.0,0,baseline,quartile_tails,0.25,1.0
77536,220,2021-08-03,0.0,0,baseline,quartile_tails,0.25,1.0
77760,220,2021-08-03,1.0,1,high,quartile_tails,0.25,1.0
78968,220,2021-08-03,0.16666666666666666,0,baseline,quartile_tails,0.25,1.0
79406,220,2021-08-03,1.0,1,high,quartile_tails,0.25,1.0
80983,220,2021-08-03,1.0,1,high,quartile_tails,0.25,1.0
81886,220,2021-08-03,0.0,0,baseline,quartile_tails,0.25,1.0
82122,220,2021-08-03,0.0,0,baseline,quartile_tails,0.25,1.0
83594,220,2021-08-03,1.0,1,high,quartile_tails,0.25,1.0
86149,220,2021-08-03,0.0,0,baseline,quartile_tails,0.25,1.0
86253,220,2021-08-03,0.0,0,baseline,quartile_tails,0.25,1.0
86317,220,2021-08-03,0.0,0,baseline,quartile_tails,0.25,1.0
87039,220,2021-08-03,1.0,1,high,quartile_tails,0.25,1.0
89303,220,2021-08-03,0.16666666666666666,0,baseline,quartile_tails,0.25,1.0
95562,220,2021-08-03,0.08333333333333333,0,baseline,quartile_tails,0.25,1.0
96397,220,2021-08-03,0.0,0,baseline,quartile_tails,0.25,1.0
97755,220,2021-08-03,0.0,0,baseline,quartile_tails,0.25,1.0
98595,220,2021-08-03,1.0,1,high,quartile_tails,0.25,1.0
102186,220,2021-08-03,1.0,1,high,quartile_tails,0.25,1.0
102663,220,2021-08-03,1.0,1,high,quartile_tails,0.25,1.0
103097,220,2021-08-03,1.0,1,high,quartile_tails,0.25,1.0
104861,220,2021-08-03,0.0,0,baseline,quartile_tails,0.25,1.0
106116,220,2021-08-03,0.125,0,baseline,quartile_tails,0.25,1.0
106387,220,2021-08-03,0.0,0,baseline,quartile_tails,0.25,1.0
107092,220,2021-08-03,1.0,1,high,quartile_tails,0.25,1.0
108391,220,2021-08-03,1.0,1,high,quartile_tails,0.25,1.0
110293,220,2021-08-03,1.0,1,high,quartile_tails,0.25,1.0
110783,220,2021-08-03,0.0,0,baseline,quartile_tails,0.25,1.0
110868,220,2021-08-03,0.0,0,baseline,quartile_tails,0.25,1.0
111438,220,2021-08-03,0.0,0,baseline,quartile_tails,0.25,1.0
111626,220,2021-08-03,1.0,1,high,quartile_tails,0.25,1.0
114409,220,2021-08-03,1.0,1,high,quartile_tails,0.25,1.0
115708,220,2021-08-03,1.0,1,high,quartile_tails,0.25,1.0
117386,220,2021-08-03,0.0,0,baseline,quartile_tails,0.25,1.0
121721,220,2021-08-03,1.0,1,high,quartile_tails,0.25,1.0
122635,220,2021-08-03,1.0,1,high,quartile_tails,0.25,1.0
123832,220,2021-08-03,0.0,0,baseline,quartile_tails,0.25,1.0
126938,220,2021-08-03,0.0,0,baseline,quartile_tails,0.25,1.0
131156,220,2021-08-03,0.0,0,baseline,quartile_tails,0.25,1.0
133719,220,2021-08-03,0.0,0,baseline,quartile_tails,0.25,1.0
135765,220,2021-08-03,0.0,0,baseline,quartile_tails,0.25,1.0
136363,220,2021-08-03,0.0,0,baseline,quartile_tails,0.25,1.0
139734,220,2021-08-03,0.0,0,baseline,quartile_tails,0.25,1.0
144346,220,2021-08-03,0.0,0,baseline,quartile_tails,0.25,1.0
144701,220,2021-08-03,0.0,0,baseline,quartile_tails,0.25,1.0
147388,220,2021-08-03,1.0,1,high,quartile_tails,0.25,1.0
147790,220,2021-08-03,0.20833333333333331,0,baseline,quartile_tails,0.25,1.0
152709,220,2021-08-03,0.0,0,baseline,quartile_tails,0.25,1.0
153463,220,2021-08-03,0.25,0,baseline,quartile_tails,0.25,1.0
155485,220,2021-08-03,1.0,1,high,quartile_tails,0.25,1.0
156563,220,2021-08-03,1.0,1,high,quartile_tails,0.25,1.0
159139,220,2021-08-03,1.0,1,high,quartile_tails,0.25,1.0
159830,220,2021-08-03,0.1111111111111111,0,baseline,quartile_tails,0.25,1.0
160691,220,2021-08-03,1.0,1,high,quartile_tails,0.25,1.0
162757,220,2021-08-03,0.125,0,baseline,quartile_tails,0.25,1.0
164594,220,2021-08-03,0.25,0,baseline,quartile_tails,0.25,1.0
166542,220,2021-08-03,0.125,0,baseline,quartile_tails,0.25,1.0
166737,220,2021-08-03,0.0,0,baseline,quartile_tails,0.25,1.0
169303,220,2021-08-03,1.0,1,high,quartile_tails,0.25,1.0
170454,220,2021-08-03,1.0,1,high,quartile_tails,0.25,1.0
171551,220,2021-08-03,0.25,0,baseline,quartile_tails,0.25,1.0
171729,220,2021-08-03,1.0,1,high,quartile_tails,0.25,1.0
172397,220,2021-08-03,1.0,1,high,quartile_tails,0.25,1.0
172789,220,2021-08-03,0.0,0,baseline,quartile_tails,0.25,1.0
176234,220,2021-08-03,0.2333333333333333,0,baseline,quartile_tails,0.25,1.0
176921,220,2021-08-03,1.0,1,high,quartile_tails,0.25,1.0
177789,220,2021-08-03,1.0,1,high,quartile_tails,0.25,1.0
184080,220,2021-08-03,0.0,0,baseline,quartile_tails,0.25,1.0
184800,220,2021-08-03,0.125,0,baseline,quartile_tails,0.25,1.0
185246,220,2021-08-03,1.0,1,high,quartile_tails,0.25,1.0
186062,220,2021-08-03,0.0,0,baseline,quartile_tails,0.25,1.0
186172,220,2021-08-03,0.0,0,baseline,quartile_tails,0.25,1.0
188147,220,2021-08-03,0.0,0,baseline,quartile_tails,0.25,1.0
189814,220,2021-08-03,1.0,1,high,quartile_tails,0.25,1.0
190828,220,2021-08-03,0.0,0,baseline,quartile_tails,0.25,1.0
191109,220,2021-08-03,1.0,1,high,quartile_tails,0.25,1.0
192092,220,2021-08-03,0.0,0,baseline,quartile_tails,0.25,1.0
193214,220,2021-08-03,1.0,1,high,quartile_tails,0.25,1.0
196496,220,2021-08-03,0.0,0,baseline,quartile_tails,0.25,1.0
200119,220,2021-08-03,0.25,0,baseline,quartile_tails,0.25,1.0
200211,220,2021-08-03,1.0,1,high,quartile_tails,0.25,1.0
200655,220,2021-08-03,0.0,0,baseline,quartile_tails,0.25,1.0
202181,220,2021-08-03,0.0,0,baseline,quartile_tails,0.25,1.0
202560,220,2021-08-03,0.125,0,baseline,quartile_tails,0.25,1.0
202707,220,2021-08-03,1.0,1,high,quartile_tails,0.25,1.0
204127,220,2021-08-03,0.0,0,baseline,quartile_tails,0.25,1.0
205562,220,2021-08-03,1.0,1,high,quartile_tails,0.25,1.0
206521,220,2021-08-03,0.0,0,baseline,quartile_tails,0.25,1.0
206905,220,2021-08-03,0.0,0,baseline,quartile_tails,0.25,1.0
207962,220,2021-08-03,0.16666666666666666,0,baseline,quartile_tails,0.25,1.0
210604,220,2021-08-03,0.0,0,baseline,quartile_tails,0.25,1.0
211578,220,2021-08-03,0.16666666666666666,0,baseline,quartile_tails,0.25,1.0
214920,220,2021-08-03,0.2222222222222222,0,baseline,quartile_tails,0.25,1.0
217427,220,2021-08-03,1.0,1,high,quartile_tails,0.25,1.0
218080,220,2021-08-03,0.0,0,baseline,quartile_tails,0.25,1.0
219215,220,2021-08-03,0.21875,0,baseline,quartile_tails,0.25,1.0
221429,220,2021-08-03,1.0,1,high,quartile_tails,0.25,1.0
223082,220,2021-08-03,0.2222222222222222,0,baseline,quartile_tails,0.25,1.0
226879,220,2021-08-03,1.0,1,high,quartile_tails,0.25,1.0
227065,220,2021-08-03,1.0,1,high,quartile_tails,0.25,1.0
229617,220,2021-08-03,0.16666666666666666,0,baseline,quartile_tails,0.25,1.0
232180,220,2021-08-03,1.0,1,high,quartile_tails,0.25,1.0
232424,220,2021-08-03,0.0,0,baseline,quartile_tails,0.25,1.0
232482,220,2021-08-03,0.25,0,baseline,quartile_tails,0.25,1.0
233087,220,2021-08-03,1.0,1,high,quartile_tails,0.25,1.0
233961,220,2021-08-03,0.125,0,baseline,quartile_tails,0.25,1.0
234582,220,2021-08-03,1.0,1,high,quartile_tails,0.25,1.0
237229,220,2021-08-03,1.0,1,high,quartile_tails,0.25,1.0
238705,220,2021-08-03,1.0,1,high,quartile_tails,0.25,1.0
239429,220,2021-08-03,0.1111111111111111,0,baseline,quartile_tails,0.25,1.0
241192,220,2021-08-03,1.0,1,high,quartile_tails,0.25,1.0
241450,220,2021-08-03,0.0,0,baseline,quartile_tails,0.25,1.0
242392,220,2021-08-03,0.16666666666666666,0,baseline,quartile_tails,0.25,1.0
242413,220,2021-08-03,0.2222222222222222,0,baseline,quartile_tails,0.25,1.0
245946,220,2021-08-03,1.0,1,high,quartile_tails,0.25,1.0
246238,220,2021-08-03,1.0,1,high,quartile_tails,0.25,1.0
246337,220,2021-08-03,0.0,0,baseline,quartile_tails,0.25,1.0
249557,220,2021-08-03,1.0,1,high,quartile_tails,0.25,1.0
250058,220,2021-08-03,0.0,0,baseline,quartile_tails,0.25,1.0
251289,220,2021-08-03,0.0,0,baseline,quartile_tails,0.25,1.0
252090,220,2021-08-03,0.0,0,baseline,quartile_tails,0.25,1.0
252876,220,2021-08-03,0.0,0,baseline,quartile_tails,0.25,1.0
254143,220,2021-08-03,0.0,0,baseline,quartile_tails,0.25,1.0
256275,220,2021-08-03,1.0,1,high,quartile_tails,0.25,1.0
256467,220,2021-08-03,1.0,1,high,quartile_tails,0.25,1.0
256976,220,2021-08-03,0.16666666666666666,0,baseline,quartile_tails,0.25,1.0
261832,220,2021-08-03,1.0,1,high,quartile_tails,0.25,1.0
261960,220,2021-08-03,0.11904761904761904,0,baseline,quartile_tails,0.25,1.0
261985,220,2021-08-03,0.0,0,baseline,quartile_tails,0.25,1.0
263559,220,2021-08-03,1.0,1,high,quartile_tails,0.25,1.0
263691,220,2021-08-03,0.25,0,baseline,quartile_tails,0.25,1.0
265226,220,2021-08-03,0.0,0,baseline,quartile_tails,0.25,1.0
266047,220,2021-08-03,1.0,1,high,quartile_tails,0.25,1.0
267799,220,2021-08-03,1.0,1,high,quartile_tails,0.25,1.0
279120,220,2021-08-03,0.25,0,baseline,quartile_tails,0.25,1.0
283544,220,2021-08-03,0.2222222222222222,0,baseline,quartile_tails,0.25,1.0
285804,220,2021-08-03,1.0,1,high,quartile_tails,0.25,1.0
286444,220,2021-08-03,0.1111111111111111,0,baseline,quartile_tails,0.25,1.0
290462,220,2021-08-03,1.0,1,high,quartile_tails,0.25,1.0
291003,220,2021-08-03,0.0,0,baseline,quartile_tails,0.25,1.0
292145,220,2021-08-03,0.0,0,baseline,quartile_tails,0.25,1.0
293803,220,2021-08-03,0.0,0,baseline,quartile_tails,0.25,1.0
293912,220,2021-08-03,0.2222222222222222,0,baseline,quartile_tails,0.25,1.0
294450,220,2021-08-03,0.0,0,baseline,quartile_tails,0.25,1.0
298423,220,2021-08-03,0.0,0,baseline,quartile_tails,0.25,1.0
298919,220,2021-08-03,0.0,0,baseline,quartile_tails,0.25,1.0
299900,220,2021-08-03,1.0,1,high,quartile_tails,0.25,1.0
299990,220,2021-08-03,0.16666666666666666,0,baseline,quartile_tails,0.25,1.0
300484,220,2021-08-03,0.0,0,baseline,quartile_tails,0.25,1.0
308219,220,2021-08-03,1.0,1,high,quartile_tails,0.25,1.0
309946,220,2021-08-03,0.0,0,baseline,quartile_tails,0.25,1.0
310696,220,2021-08-03,1.0,1,high,quartile_tails,0.25,1.0
313881,220,2021-08-03,0.25,0,baseline,quartile_tails,0.25,1.0
314309,220,2021-08-03,0.0,0,baseline,quartile_tails,0.25,1.0
318545,220,2021-08-03,1.0,1,high,quartile_tails,0.25,1.0
319376,220,2021-08-03,0.14583333333333331,0,baseline,quartile_tails,0.25,1.0
319608,220,2021-08-03,0.16666666666666666,0,baseline,quartile_tails,0.25,1.0
322889,220,2021-08-03,0.0,0,baseline,quartile_tails,0.25,1.0
323001,220,2021-08-03,0.0,0,baseline,quartile_tails,0.25,1.0
323061,220,2021-08-03,1.0,1,high,quartile_tails,0.25,1.0
323117,220,2021-08-03,0.0,0,baseline,quartile_tails,0.25,1.0
325523,220,2021-08-03,0.0,0,baseline,quartile_tails,0.25,1.0
325919,220,2021-08-03,0.0,0,baseline,quartile_tails,0.25,1.0
330908,220,2021-08-03,1.0,1,high,quartile_tails,0.25,1.0
332395,220,2021-08-03,1.0,1,high,quartile_tails,0.25,1.0
334119,220,2021-08-03,1.0,1,high,quartile_tails,0.25,1.0
335249,220,2021-08-03,0.16666666666666666,0,baseline,quartile_tails,0.25,1.0
335822,220,2021-08-03,0.0,0,baseline,quartile_tails,0.25,1.0
341172,220,2021-08-03,1.0,1,high,quartile_tails,0.25,1.0
342336,220,2021-08-03,0.0,0,baseline,quartile_tails,0.25,1.0
344679,220,2021-08-03,0.0,0,baseline,quartile_tails,0.25,1.0
345461,220,2021-08-03,0.0,0,baseline,quartile_tails,0.25,1.0
350030,220,2021-08-03,0.0,0,baseline,quartile_tails,0.25,1.0
350311,220,2021-08-03,0.0,0,baseline,quartile_tails,0.25,1.0
351551,220,2021-08-03,1.0,1,high,quartile_tails,0.25,1.0
353668,220,2021-08-03,0.0,0,baseline,quartile_tails,0.25,1.0
356190,220,2021-08-03,0.0,0,baseline,quartile_tails,0.25,1.0
357613,220,2021-08-03,0.2,0,baseline,quartile_tails,0.25,1.0
360030,220,2021-08-03,1.0,1,high,quartile_tails,0.25,1.0
360045,220,2021-08-03,0.2222222222222222,0,baseline,quartile_tails,0.25,1.0
360085,220,2021-08-03,0.08333333333333333,0,baseline,quartile_tails,0.25,1.0
360114,220,2021-08-03,0.0,0,baseline,quartile_tails,0.25,1.0
360485,220,2021-08-03,0.0,0,baseline,quartile_tails,0.25,1.0
362153,220,2021-08-03,0.0,0,baseline,quartile_tails,0.25,1.0
362585,220,2021-08-03,1.0,1,high,quartile_tails,0.25,1.0
364111,220,2021-08-03,1.0,1,high,quartile_tails,0.25,1.0
364894,220,2021-08-03,1.0,1,high,quartile_tails,0.25,1.0
365783,220,2021-08-03,0.0,0,baseline,quartile_tails,0.25,1.0
367225,220,2021-08-03,0.0,0,baseline,quartile_tails,0.25,1.0
367671,220,2021-08-03,1.0,1,high,quartile_tails,0.25,1.0
370251,220,2021-08-03,0.0,0,baseline,quartile_tails,0.25,1.0
370745,220,2021-08-03,1.0,1,high,quartile_tails,0.25,1.0
370799,220,2021-08-03,0.0,0,baseline,quartile_tails,0.25,1.0
370975,220,2021-08-03,1.0,1,high,quartile_tails,0.25,1.0
371176,220,2021-08-03,0.08333333333333333,0,baseline,quartile_tails,0.25,1.0
372244,220,2021-08-03,0.0,0,baseline,quartile_tails,0.25,1.0
374602,220,2021-08-03,0.2222222222222222,0,baseline,quartile_tails,0.25,1.0
381960,220,2021-08-03,0.0,0,baseline,quartile_tails,0.25,1.0
385706,220,2021-08-03,0.0,0,baseline,quartile_tails,0.25,1.0
385808,220,2021-08-03,0.0,0,baseline,quartile_tails,0.25,1.0
387792,220,2021-08-03,0.0,0,baseline,quartile_tails,0.25,1.0
387925,220,2021-08-03,0.0,0,baseline,quartile_tails,0.25,1.0
388408,220,2021-08-03,0.16666666666666666,0,baseline,quartile_tails,0.25,1.0
390767,220,2021-08-03,1.0,1,high,quartile_tails,0.25,1.0
390885,220,2021-08-03,0.0,0,baseline,quartile_tails,0.25,1.0
392831,220,2021-08-03,0.0,0,baseline,quartile_tails,0.25,1.0
394571,220,2021-08-03,0.0,0,baseline,quartile_tails,0.25,1.0
395863,220,2021-08-03,0.0,0,baseline,quartile_tails,0.25,1.0
396616,220,2021-08-03,1.0,1,high,quartile_tails,0.25,1.0
397692,220,2021-08-03,1.0,1,high,quartile_tails,0.25,1.0
400495,220,2021-08-03,0.0,0,baseline,quartile_tails,0.25,1.0
401581,220,2021-08-03,0.0,0,baseline,quartile_tails,0.25,1.0
401909,220,2021-08-03,0.16666666666666666,0,baseline,quartile_tails,0.25,1.0
403383,220,2021-08-03,0.0,0,baseline,quartile_tails,0.25,1.0
403529,220,2021-08-03,0.0,0,baseline,quartile_tails,0.25,1.0
406039,220,2021-08-03,1.0,1,high,quartile_tails,0.25,1.0
407138,220,2021-08-03,1.0,1,high,quartile_tails,0.25,1.0
409693,220,2021-08-03,1.0,1,high,quartile_tails,0.25,1.0
410847,220,2021-08-03,1.0,1,high,quartile_tails,0.25,1.0
411445,220,2021-08-03,0.0,0,baseline,quartile_tails,0.25,1.0
411883,220,2021-08-03,0.0,0,baseline,quartile_tails,0.25,1.0
412057,220,2021-08-03,0.0,0,baseline,quartile_tails,0.25,1.0
414140,220,2021-08-03,0.0,0,baseline,quartile_tails,0.25,1.0
414184,220,2021-08-03,0.0,0,baseline,quartile_tails,0.25,1.0
414269,220,2021-08-03,0.0,0,baseline,quartile_tails,0.25,1.0
414792,220,2021-08-03,1.0,1,high,quartile_tails,0.25,1.0
416522,220,2021-08-03,0.0,0,baseline,quartile_tails,0.25,1.0
417254,220,2021-08-03,1.0,1,high,quartile_tails,0.25,1.0
417937,220,2021-08-03,0.25,0,baseline,quartile_tails,0.25,1.0
420558,220,2021-08-03,1.0,1,high,quartile_tails,0.25,1.0
421073,220,2021-08-03,0.0,0,baseline,quartile_tails,0.25,1.0
421737,220,2021-08-03,0.25,0,baseline,quartile_tails,0.25,1.0
422320,220,2021-08-03,0.0,0,baseline,quartile_tails,0.25,1.0
422949,220,2021-08-03,0.15476190476190477,0,baseline,quartile_tails,0.25,1.0
424573,220,2021-08-03,1.0,1,high,quartile_tails,0.25,1.0
426157,220,2021-08-03,1.0,1,high,quartile_tails,0.25,1.0
429301,220,2021-08-03,1.0,1,high,quartile_tails,0.25,1.0
431023,220,2021-08-03,1.0,1,high,quartile_tails,0.25,1.0
431064,220,2021-08-03,0.0,0,baseline,quartile_tails,0.25,1.0
432099,220,2021-08-03,0.0,0,baseline,quartile_tails,0.25,1.0
433153,220,2021-08-03,1.0,1,high,quartile_tails,0.25,1.0
433787,220,2021-08-03,1.0,1,high,quartile_tails,0.25,1.0
434053,220,2021-08-03,0.16666666666666666,0,baseline,quartile_tails,0.25,1.0
434114,220,2021-08-03,1.0,1,high,quartile_tails,0.25,1.0
435714,220,2021-08-03,1.0,1,high,quartile_tails,0.25,1.0
436364,220,2021-08-03,0.0,0,baseline,quartile_tails,0.25,1.0
436873,220,2021-08-03,0.08333333333333333,0,baseline,quartile_tails,0.25,1.0
440861,220,2021-08-03,0.0,0,baseline,quartile_tails,0.25,1.0
444096,220,2021-08-03,0.25,0,baseline,quartile_tails,0.25,1.0
445306,220,2021-08-03,0.25,0,baseline,quartile_tails,0.25,1.0
450325,220,2021-08-03,1.0,1,high,quartile_tails,0.25,1.0
450782,220,2021-08-03,0.0,0,baseline,quartile_tails,0.25,1.0
451454,220,2021-08-03,1.0,1,high,quartile_tails,0.25,1.0
453405,220,2021-08-03,1.0,1,high,quartile_tails,0.25,1.0
456923,220,2021-08-03,1.0,1,high,quartile_tails,0.25,1.0
458678,220,2021-08-03,0.05,0,baseline,quartile_tails,0.25,1.0
458874,220,2021-08-03,1.0,1,high,quartile_tails,0.25,1.0
462005,220,2021-08-03,1.0,1,high,quartile_tails,0.25,1.0
462265,220,2021-08-03,0.0,0,baseline,quartile_tails,0.25,1.0
462623,220,2021-08-03,1.0,1,high,quartile_tails,0.25,1.0
465534,220,2021-08-03,0.0,0,baseline,quartile_tails,0.25,1.0
467338,220,2021-08-03,0.0,0,baseline,quartile_tails,0.25,1.0
467861,220,2021-08-03,0.0,0,baseline,quartile_tails,0.25,1.0
468385,220,2021-08-03,0.0,0,baseline,quartile_tails,0.25,1.0
468524,220,2021-08-03,1.0,1,high,quartile_tails,0.25,1.0
468745,220,2021-08-03,1.0,1,high,quartile_tails,0.25,1.0
470488,220,2021-08-03,1.0,1,high,quartile_tails,0.25,1.0
471545,220,2021-08-03,0.0,0,baseline,quartile_tails,0.25,1.0
471787,220,2021-08-03,1.0,1,high,quartile_tails,0.25,1.0
471964,220,2021-08-03,1.0,1,high,quartile_tails,0.25,1.0
473787,220,2021-08-03,0.0,0,baseline,quartile_tails,0.25,1.0
474455,220,2021-08-03,0.0,0,baseline,quartile_tails,0.25,1.0
477134,220,2021-08-03,0.08333333333333333,0,baseline,quartile_tails,0.25,1.0
480206,220,2021-08-03,0.0,0,baseline,quartile_tails,0.25,1.0
480830,220,2021-08-03,0.0,0,baseline,quartile_tails,0.25,1.0
482374,220,2021-08-03,1.0,1,high,quartile_tails,0.25,1.0
486671,220,2021-08-03,0.25,0,baseline,quartile_tails,0.25,1.0
488919,220,2021-08-03,0.16666666666666666,0,baseline,quartile_tails,0.25,1.0
488965,220,2021-08-03,0.0,0,baseline,quartile_tails,0.25,1.0
489825,220,2021-08-03,0.25,0,baseline,quartile_tails,0.25,1.0
492075,220,2021-08-03,0.1875,0,baseline,quartile_tails,0.25,1.0
492311,220,2021-08-03,0.0,0,baseline,quartile_tails,0.25,1.0
492801,220,2021-08-03,1.0,1,high,quartile_tails,0.25,1.0
493722,220,2021-08-03,1.0,1,high,quartile_tails,0.25,1.0
494662,220,2021-08-03,0.1111111111111111,0,baseline,quartile_tails,0.25,1.0
495524,220,2021-08-03,0.0,0,baseline,quartile_tails,0.25,1.0
495655,220,2021-08-03,1.0,1,high,quartile_tails,0.25,1.0
496091,220,2021-08-03,0.0,0,baseline,quartile_tails,0.25,1.0
497650,220,2021-08-03,0.0,0,baseline,quartile_tails,0.25,1.0
499774,220,2021-08-03,0.25,0,baseline,quartile_tails,0.25,1.0
504664,220,2021-08-03,0.0,0,baseline,quartile_tails,0.25,1.0
505598,220,2021-08-03,0.0,0,baseline,quartile_tails,0.25,1.0
508914,220,2021-08-03,0.0,0,baseline,quartile_tails,0.25,1.0
509177,220,2021-08-03,1.0,1,high,quartile_tails,0.25,1.0
509412,220,2021-08-03,0.0,0,baseline,quartile_tails,0.25,1.0
509855,220,2021-08-03,0.0,0,baseline,quartile_tails,0.25,1.0
511846,220,2021-08-03,0.16666666666666666,0,baseline,quartile_tails,0.25,1.0
513789,220,2021-08-03,0.0,0,baseline,quartile_tails,0.25,1.0
513848,220,2021-08-03,1.0,1,high,quartile_tails,0.25,1.0
519212,220,2021-08-03,0.0,0,baseline,quartile_tails,0.25,1.0
523106,220,2021-08-03,0.0,0,baseline,quartile_tails,0.25,1.0
523120,220,2021-08-03,0.0,0,baseline,quartile_tails,0.25,1.0
523548,220,2021-08-03,0.0,0,baseline,quartile_tails,0.25,1.0
524895,220,2021-08-03,1.0,1,high,quartile_tails,0.25,1.0
526292,220,2021-08-03,1.0,1,high,quartile_tails,0.25,1.0
526817,220,2021-08-03,1.0,1,high,quartile_tails,0.25,1.0
530142,220,2021-08-03,0.25,0,baseline,quartile_tails,0.25,1.0
530312,220,2021-08-03,1.0,1,high,quartile_tails,0.25,1.0
531841,220,2021-08-03,0.16666666666666666,0,baseline,quartile_tails,0.25,1.0
532786,220,2021-08-03,1.0,1,high,quartile_tails,0.25,1.0
533118,220,2021-08-03,0.0,0,baseline,quartile_tails,0.25,1.0
533945,220,2021-08-03,0.0,0,baseline,quartile_tails,0.25,1.0
534055,220,2021-08-03,1.0,1,high,quartile_tails,0.25,1.0
535792,220,2021-08-03,0.0,0,baseline,quartile_tails,0.25,1.0
538862,220,2021-08-03,0.16666666666666666,0,baseline,quartile_tails,0.25,1.0
539990,220,2021-08-03,1.0,1,high,quartile_tails,0.25,1.0
540301,220,2021-08-03,0.0,0,baseline,quartile_tails,0.25,1.0
540977,220,2021-08-03,0.0,0,baseline,quartile_tails,0.25,1.0
541669,220,2021-08-03,0.19444444444444442,0,baseline,quartile_tails,0.25,1.0
542676,220,2021-08-03,1.0,1,high,quartile_tails,0.25,1.0
545342,220,2021-08-03,0.0,0,baseline,quartile_tails,0.25,1.0
547425,220,2021-08-03,1.0,1,high,quartile_tails,0.25,1.0
548177,220,2021-08-03,0.0,0,baseline,quartile_tails,0.25,1.0
548503,220,2021-08-03,0.25,0,baseline,quartile_tails,0.25,1.0
550372,220,2021-08-03,0.0,0,baseline,quartile_tails,0.25,1.0
553076,220,2021-08-03,0.0,0,baseline,quartile_tails,0.25,1.0
554457,220,2021-08-03,0.0,0,baseline,quartile_tails,0.25,1.0
555873,220,2021-08-03,0.0,0,baseline,quartile_tails,0.25,1.0
555954,220,2021-08-03,0.0,0,baseline,quartile_tails,0.25,1.0
558683,220,2021-08-03,1.0,1,high,quartile_tails,0.25,1.0
559008,220,2021-08-03,0.16666666666666666,0,baseline,quartile_tails,0.25,1.0
560877,220,2021-08-03,1.0,1,high,quartile_tails,0.25,1.0
561226,220,2021-08-03,1.0,1,high,quartile_tails,0.25,1.0
561440,220,2021-08-03,1.0,1,high,quartile_tails,0.25,1.0
561612,220,2021-08-03,1.0,1,high,quartile_tails,0.25,1.0
561912,220,2021-08-03,0.0,0,baseline,quartile_tails,0.25,1.0
566421,220,2021-08-03,1.0,1,high,quartile_tails,0.25,1.0
568986,220,2021-08-03,1.0,1,high,quartile_tails,0.25,1.0
569372,220,2021-08-03,0.25,0,baseline,quartile_tails,0.25,1.0
570779,220,2021-08-03,1.0,1,high,quartile_tails,0.25,1.0
572456,220,2021-08-03,1.0,1,high,quartile_tails,0.25,1.0
573606,220,2021-08-03,1.0,1,high,quartile_tails,0.25,1.0
578869,220,2021-08-03,1.0,1,high,quartile_tails,0.25,1.0
579263,220,2021-08-03,1.0,1,high,quartile_tails,0.25,1.0
580303,220,2021-08-03,0.2222222222222222,0,baseline,quartile_tails,0.25,1.0
580857,220,2021-08-03,1.0,1,high,quartile_tails,0.25,1.0
583467,220,2021-08-03,0.0,0,baseline,quartile_tails,0.25,1.0
584099,220,2021-08-03,0.0625,0,baseline,quartile_tails,0.25,1.0
584380,220,2021-08-03,1.0,1,high,quartile_tails,0.25,1.0
584993,220,2021-08-03,0.0,0,baseline,quartile_tails,0.25,1.0
584994,220,2021-08-03,1.0,1,high,quartile_tails,0.25,1.0
587417,220,2021-08-03,1.0,1,high,quartile_tails,0.25,1.0
588980,220,2021-08-03,0.0,0,baseline,quartile_tails,0.25,1.0
590510,220,2021-08-03,0.0,0,baseline,quartile_tails,0.25,1.0
592364,220,2021-08-03,0.0,0,baseline,quartile_tails,0.25,1.0
592536,220,2021-08-03,0.125,0,baseline,quartile_tails,0.25,1.0
592960,220,2021-08-03,1.0,1,high,quartile_tails,0.25,1.0
593388,220,2021-08-03,0.25,0,baseline,quartile_tails,0.25,1.0
595592,220,2021-08-03,0.0,0,baseline,quartile_tails,0.25,1.0
595698,220,2021-08-03,0.0,0,baseline,quartile_tails,0.25,1.0
596828,220,2021-08-03,1.0,1,high,quartile_tails,0.25,1.0
601329,220,2021-08-03,1.0,1,high,quartile_tails,0.25,1.0
602296,220,2021-08-03,1.0,1,high,quartile_tails,0.25,1.0
603041,220,2021-08-03,0.0,0,baseline,quartile_tails,0.25,1.0
603054,220,2021-08-03,0.0,0,baseline,quartile_tails,0.25,1.0
604421,220,2021-08-03,1.0,1,high,quartile_tails,0.25,1.0
605931,220,2021-08-03,0.08333333333333333,0,baseline,quartile_tails,0.25,1.0
606680,220,2021-08-03,0.0,0,baseline,quartile_tails,0.25,1.0
607202,220,2021-08-03,0.2222222222222222,0,baseline,quartile_tails,0.25,1.0
612430,220,2021-08-03,1.0,1,high,quartile_tails,0.25,1.0
613739,220,2021-08-03,0.1111111111111111,0,baseline,quartile_tails,0.25,1.0
615422,220,2021-08-03,1.0,1,high,quartile_tails,0.25,1.0
616335,220,2021-08-03,0.25,0,baseline,quartile_tails,0.25,1.0
618332,220,2021-08-03,0.25,0,baseline,quartile_tails,0.25,1.0
619321,220,2021-08-03,1.0,1,high,quartile_tails,0.25,1.0
619568,220,2021-08-03,1.0,1,high,quartile_tails,0.25,1.0
620106,220,2021-08-03,1.0,1,high,quartile_tails,0.25,1.0
621771,220,2021-08-03,0.0,0,baseline,quartile_tails,0.25,1.0
622152,220,2021-08-03,0.0,0,baseline,quartile_tails,0.25,1.0
622299,220,2021-08-03,1.0,1,high,quartile_tails,0.25,1.0
622795,220,2021-08-03,0.08333333333333333,0,baseline,quartile_tails,0.25,1.0
622916,220,2021-08-03,0.0,0,baseline,quartile_tails,0.25,1.0
624033,220,2021-08-03,1.0,1,high,quartile_tails,0.25,1.0
625165,220,2021-08-03,0.0,0,baseline,quartile_tails,0.25,1.0
626491,220,2021-08-03,0.16666666666666666,0,baseline,quartile_tails,0.25,1.0
626860,220,2021-08-03,0.0,0,baseline,quartile_tails,0.25,1.0
629989,220,2021-08-03,1.0,1,high,quartile_tails,0.25,1.0
630783,220,2021-08-03,0.25,0,baseline,quartile_tails,0.25,1.0
631057,220,2021-08-03,0.0,0,baseline,quartile_tails,0.25,1.0
631895,220,2021-08-03,1.0,1,high,quartile_tails,0.25,1.0
632624,220,2021-08-03,1.0,1,high,quartile_tails,0.25,1.0
633984,220,2021-08-03,0.0,0,baseline,quartile_tails,0.25,1.0
634468,220,2021-08-03,1.0,1,high,quartile_tails,0.25,1.0
634717,220,2021-08-03,0.0,0,baseline,quartile_tails,0.25,1.0
636599,220,2021-08-03,1.0,1,high,quartile_tails,0.25,1.0
636777,220,2021-08-03,1.0,1,high,quartile_tails,0.25,1.0
637474,220,2021-08-03,0.0,0,baseline,quartile_tails,0.25,1.0
641521,220,2021-08-03,1.0,1,high,quartile_tails,0.25,1.0
642462,220,2021-08-03,1.0,1,high,quartile_tails,0.25,1.0
642830,220,2021-08-03,0.0,0,baseline,quartile_tails,0.25,1.0
643144,220,2021-08-03,1.0,1,high,quartile_tails,0.25,1.0
644540,220,2021-08-03,0.0,0,baseline,quartile_tails,0.25,1.0
647249,220,2021-08-03,1.0,1,high,quartile_tails,0.25,1.0
648349,220,2021-08-03,1.0,1,high,quartile_tails,0.25,1.0
650867,220,2021-08-03,1.0,1,high,quartile_tails,0.25,1.0
650880,220,2021-08-03,0.0,0,baseline,quartile_tails,0.25,1.0
651065,220,2021-08-03,1.0,1,high,quartile_tails,0.25,1.0
651658,220,2021-08-03,1.0,1,high,quartile_tails,0.25,1.0
652139,220,2021-08-03,0.25,0,baseline,quartile_tails,0.25,1.0
657865,220,2021-08-03,0.0,0,baseline,quartile_tails,0.25,1.0
658373,220,2021-08-03,1.0,1,high,quartile_tails,0.25,1.0
658894,220,2021-08-03,1.0,1,high,quartile_tails,0.25,1.0
660115,220,2021-08-03,0.16666666666666666,0,baseline,quartile_tails,0.25,1.0
660326,220,2021-08-03,1.0,1,high,quartile_tails,0.25,1.0
661619,220,2021-08-03,0.16666666666666666,0,baseline,quartile_tails,0.25,1.0
663281,220,2021-08-03,0.0,0,baseline,quartile_tails,0.25,1.0
663732,220,2021-08-03,0.0,0,baseline,quartile_tails,0.25,1.0
664214,220,2021-08-03,1.0,1,high,quartile_tails,0.25,1.0
664664,220,2021-08-03,0.0,0,baseline,quartile_tails,0.25,1.0
664799,220,2021-08-03,1.0,1,high,quartile_tails,0.25,1.0
665679,220,2021-08-03,0.16666666666666666,0,baseline,quartile_tails,0.25,1.0
665710,220,2021-08-03,0.25,0,baseline,quartile_tails,0.25,1.0
665871,220,2021-08-03,1.0,1,high,quartile_tails,0.25,1.0
667087,220,2021-08-03,1.0,1,high,quartile_tails,0.25,1.0
667286,220,2021-08-03,1.0,1,high,quartile_tails,0.25,1.0
670865,220,2021-08-03,0.0,0,baseline,quartile_tails,0.25,1.0
671955,220,2021-08-03,0.25,0,baseline,quartile_tails,0.25,1.0
671988,220,2021-08-03,0.0,0,baseline,quartile_tails,0.25,1.0
672193,220,2021-08-03,1.0,1,high,quartile_tails,0.25,1.0
673455,220,2021-08-03,1.0,1,high,quartile_tails,0.25,1.0
673541,220,2021-08-03,1.0,1,high,quartile_tails,0.25,1.0
675242,220,2021-08-03,1.0,1,high,quartile_tails,0.25,1.0
676041,220,2021-08-03,0.125,0,baseline,quartile_tails,0.25,1.0
677500,220,2021-08-03,1.0,1,high,quartile_tails,0.25,1.0
680196,220,2021-08-03,1.0,1,high,quartile_tails,0.25,1.0
680968,220,2021-08-03,0.0,0,baseline,quartile_tails,0.25,1.0
684416,220,2021-08-03,1.0,1,high,quartile_tails,0.25,1.0
687766,220,2021-08-03,0.0,0,baseline,quartile_tails,0.25,1.0
689565,220,2021-08-03,1.0,1,high,quartile_tails,0.25,1.0
691147,220,2021-08-03,0.0,0,baseline,quartile_tails,0.25,1.0
691797,220,2021-08-03,1.0,1,high,quartile_tails,0.25,1.0
692516,220,2021-08-03,0.0,0,baseline,quartile_tails,0.25,1.0
692896,220,2021-08-03,0.0,0,baseline,quartile_tails,0.25,1.0
694251,220,2021-08-03,0.0,0,baseline,quartile_tails,0.25,1.0
694414,220,2021-08-03,1.0,1,high,quartile_tails,0.25,1.0
694481,220,2021-08-03,0.25,0,baseline,quartile_tails,0.25,1.0
696241,220,2021-08-03,0.0,0,baseline,quartile_tails,0.25,1.0
697421,220,2021-08-03,1.0,1,high,quartile_tails,0.25,1.0
700923,220,2021-08-03,0.0,0,baseline,quartile_tails,0.25,1.0
701143,220,2021-08-03,1.0,1,high,quartile_tails,0.25,1.0
703663,220,2021-08-03,0.0,0,baseline,quartile_tails,0.25,1.0
704648,220,2021-08-03,0.0,0,baseline,quartile_tails,0.25,1.0
704777,220,2021-08-03,0.0,0,baseline,quartile_tails,0.25,1.0
705529,220,2021-08-03,1.0,1,high,quartile_tails,0.25,1.0
708669,220,2021-08-03,0.16666666666666666,0,baseline,quartile_tails,0.25,1.0
711807,220,2021-08-03,0.25,0,baseline,quartile_tails,0.25,1.0
712663,220,2021-08-03,1.0,1,high,quartile_tails,0.25,1.0
713569,220,2021-08-03,1.0,1,high,quartile_tails,0.25,1.0
714404,220,2021-08-03,0.0,0,baseline,quartile_tails,0.25,1.0
715833,220,2021-08-03,0.0,0,baseline,quartile_tails,0.25,1.0
716909,220,2021-08-03,0.0,0,baseline,quartile_tails,0.25,1.0
718283,220,2021-08-03,0.0,0,baseline,quartile_tails,0.25,1.0
718352,220,2021-08-03,0.0,0,baseline,quartile_tails,0.25,1.0
719272,220,2021-08-03,1.0,1,high,quartile_tails,0.25,1.0
720410,220,2021-08-03,1.0,1,high,quartile_tails,0.25,1.0
721306,220,2021-08-03,1.0,1,high,quartile_tails,0.25,1.0
721592,220,2021-08-03,0.22916666666666666,0,baseline,quartile_tails,0.25,1.0
721686,220,2021-08-03,0.0,0,baseline,quartile_tails,0.25,1.0
722507,220,2021-08-03,1.0,1,high,quartile_tails,0.25,1.0
722904,220,2021-08-03,0.0,0,baseline,quartile_tails,0.25,1.0
724234,220,2021-08-03,0.08333333333333333,0,baseline,quartile_tails,0.25,1.0
724558,220,2021-08-03,0.0,0,baseline,quartile_tails,0.25,1.0
725128,220,2021-08-03,1.0,1,high,quartile_tails,0.25,1.0
725324,220,2021-08-03,0.0,0,baseline,quartile_tails,0.25,1.0
725952,220,2021-08-03,1.0,1,high,quartile_tails,0.25,1.0
726261,220,2021-08-03,0.0,0,baseline,quartile_tails,0.25,1.0
726993,220,2021-08-03,0.08333333333333333,0,baseline,quartile_tails,0.25,1.0
727094,220,2021-08-03,1.0,1,high,quartile_tails,0.25,1.0
729196,220,2021-08-03,0.08333333333333333,0,baseline,quartile_tails,0.25,1.0
729460,220,2021-08-03,1.0,1,high,quartile_tails,0.25,1.0
730546,220,2021-08-03,1.0,1,high,quartile_tails,0.25,1.0
731001,220,2021-08-03,1.0,1,high,quartile_tails,0.25,1.0
732014,220,2021-08-03,1.0,1,high,quartile_tails,0.25,1.0
732486,220,2021-08-03,0.16666666666666666,0,baseline,quartile_tails,0.25,1.0
734273,220,2021-08-03,0.0,0,baseline,quartile_tails,0.25,1.0
735724,220,2021-08-03,0.25,0,baseline,quartile_tails,0.25,1.0
737032,220,2021-08-03,0.0,0,baseline,quartile_tails,0.25,1.0
737886,220,2021-08-03,0.25,0,baseline,quartile_tails,0.25,1.0
743375,220,2021-08-03,0.0,0,baseline,quartile_tails,0.25,1.0
743545,220,2021-08-03,0.0,0,baseline,quartile_tails,0.25,1.0
743745,220,2021-08-03,0.0,0,baseline,quartile_tails,0.25,1.0
745250,220,2021-08-03,1.0,1,high,quartile_tails,0.25,1.0
746913,220,2021-08-03,0.0,0,baseline,quartile_tails,0.25,1.0
747848,220,2021-08-03,0.0,0,baseline,quartile_tails,0.25,1.0
748028,220,2021-08-03,0.0,0,baseline,quartile_tails,0.25,1.0
748159,220,2021-08-03,1.0,1,high,quartile_tails,0.25,1.0
748497,220,2021-08-03,0.13333333333333333,0,baseline,quartile_tails,0.25,1.0
748725,220,2021-08-03,0.16666666666666666,0,baseline,quartile_tails,0.25,1.0
748804,220,2021-08-03,1.0,1,high,quartile_tails,0.25,1.0
748966,220,2021-08-03,0.25,0,baseline,quartile_tails,0.25,1.0
749240,220,2021-08-03,0.08333333333333333,0,baseline,quartile_tails,0.25,1.0
749397,220,2021-08-03,0.0,0,baseline,quartile_tails,0.25,1.0
750960,220,2021-08-03,0.0,0,baseline,quartile_tails,0.25,1.0
751636,220,2021-08-03,1.0,1,high,quartile_tails,0.25,1.0
753678,220,2021-08-03,1.0,1,high,quartile_tails,0.25,1.0
754043,220,2021-08-03,1.0,1,high,quartile_tails,0.25,1.0
755685,220,2021-08-03,0.25,0,baseline,quartile_tails,0.25,1.0
757622,220,2021-08-03,1.0,1,high,quartile_tails,0.25,1.0
757694,220,2021-08-03,0.25,0,baseline,quartile_tails,0.25,1.0
758227,220,2021-08-03,1.0,1,high,quartile_tails,0.25,1.0
758942,220,2021-08-03,0.0,0,baseline,quartile_tails,0.25,1.0
759499,220,2021-08-03,0.1111111111111111,0,baseline,quartile_tails,0.25,1.0
759600,220,2021-08-03,0.0,0,baseline,quartile_tails,0.25,1.0
760702,220,2021-08-03,1.0,1,high,quartile_tails,0.25,1.0
762069,220,2021-08-03,0.25,0,baseline,quartile_tails,0.25,1.0
762857,220,2021-08-03,1.0,1,high,quartile_tails,0.25,1.0
764184,220,2021-08-03,1.0,1,high,quartile_tails,0.25,1.0
765122,220,2021-08-03,1.0,1,high,quartile_tails,0.25,1.0
765901,220,2021-08-03,0.2,0,baseline,quartile_tails,0.25,1.0
766084,220,2021-08-03,0.25,0,baseline,quartile_tails,0.25,1.0
767998,220,2021-08-03,1.0,1,high,quartile_tails,0.25,1.0
770688,220,2021-08-03,1.0,1,high,quartile_tails,0.25,1.0
771492,220,2021-08-03,1.0,1,high,quartile_tails,0.25,1.0
771961,220,2021-08-03,0.0,0,baseline,quartile_tails,0.25,1.0
772123,220,2021-08-03,1.0,1,high,quartile_tails,0.25,1.0
772619,220,2021-08-03,0.16666666666666666,0,baseline,quartile_tails,0.25,1.0
774689,220,2021-08-03,0.0,0,baseline,quartile_tails,0.25,1.0
775631,220,2021-08-03,0.25,0,baseline,quartile_tails,0.25,1.0
775700,220,2021-08-03,0.0,0,baseline,quartile_tails,0.25,1.0
775989,220,2021-08-03,1.0,1,high,quartile_tails,0.25,1.0
776796,220,2021-08-03,0.16666666666666666,0,baseline,quartile_tails,0.25,1.0
779235,220,2021-08-03,0.0,0,baseline,quartile_tails,0.25,1.0
779717,220,2021-08-03,1.0,1,high,quartile_tails,0.25,1.0
780250,220,2021-08-03,1.0,1,high,quartile_tails,0.25,1.0
780520,220,2021-08-03,1.0,1,high,quartile_tails,0.25,1.0
785944,220,2021-08-03,0.0,0,baseline,quartile_tails,0.25,1.0
786793,220,2021-08-03,1.0,1,high,quartile_tails,0.25,1.0
786943,220,2021-08-03,0.0,0,baseline,quartile_tails,0.25,1.0
787555,220,2021-08-03,0.0,0,baseline,quartile_tails,0.25,1.0
789070,220,2021-08-03,1.0,1,high,quartile_tails,0.25,1.0
789274,220,2021-08-03,1.0,1,high,quartile_tails,0.25,1.0
790524,220,2021-08-03,0.0,0,baseline,quartile_tails,0.25,1.0
790788,220,2021-08-03,1.0,1,high,quartile_tails,0.25,1.0
791448,220,2021-08-03,0.0,0,baseline,quartile_tails,0.25,1.0
791991,220,2021-08-03,1.0,1,high,quartile_tails,0.25,1.0
792110,220,2021-08-03,0.16666666666666666,0,baseline,quartile_tails,0.25,1.0
792631,220,2021-08-03,1.0,1,high,quartile_tails,0.25,1.0
792648,220,2021-08-03,0.0,0,baseline,quartile_tails,0.25,1.0
793723,220,2021-08-03,0.0,0,baseline,quartile_tails,0.25,1.0
793838,220,2021-08-03,0.125,0,baseline,quartile_tails,0.25,1.0
795270,220,2021-08-03,0.16666666666666666,0,baseline,quartile_tails,0.25,1.0
795842,220,2021-08-03,0.0,0,baseline,quartile_tails,0.25,1.0
797556,220,2021-08-03,0.0,0,baseline,quartile_tails,0.25,1.0
797641,220,2021-08-03,0.0,0,baseline,quartile_tails,0.25,1.0
802598,220,2021-08-03,1.0,1,high,quartile_tails,0.25,1.0
802789,220,2021-08-03,0.25,0,baseline,quartile_tails,0.25,1.0
804674,220,2021-08-03,0.0,0,baseline,quartile_tails,0.25,1.0
804676,220,2021-08-03,0.0,0,baseline,quartile_tails,0.25,1.0
805702,220,2021-08-03,1.0,1,high,quartile_tails,0.25,1.0
806831,220,2021-08-03,0.0,0,baseline,quartile_tails,0.25,1.0
807503,220,2021-08-03,1.0,1,high,quartile_tails,0.25,1.0
807712,220,2021-08-03,0.0,0,baseline,quartile_tails,0.25,1.0
808436,220,2021-08-03,0.0,0,baseline,quartile_tails,0.25,1.0
889,5,2021-08-18,0.08333333333333333,0,baseline,quartile_tails,0.25,1.0
1457,5,2021-08-18,0.0,0,baseline,quartile_tails,0.25,1.0
1531,5,2021-08-18,1.0,1,high,quartile_tails,0.25,1.0
1596,5,2021-08-18,1.0,1,high,quartile_tails,0.25,1.0
3929,5,2021-08-18,0.16666666666666666,0,baseline,quartile_tails,0.25,1.0
4499,5,2021-08-18,0.0,0,baseline,quartile_tails,0.25,1.0
5261,5,2021-08-18,0.0,0,baseline,quartile_tails,0.25,1.0
6123,5,2021-08-18,1.0,1,high,quartile_tails,0.25,1.0
8364,5,2021-08-18,1.0,1,high,quartile_tails,0.25,1.0
8451,5,2021-08-18,0.0,0,baseline,quartile_tails,0.25,1.0
8472,5,2021-08-18,1.0,1,high,quartile_tails,0.25,1.0
8899,5,2021-08-18,0.0,0,baseline,quartile_tails,0.25,1.0
13465,5,2021-08-18,1.0,1,high,quartile_tails,0.25,1.0
16215,5,2021-08-18,0.0,0,baseline,quartile_tails,0.25,1.0
17617,5,2021-08-18,0.16666666666666666,0,baseline,quartile_tails,0.25,1.0
19165,5,2021-08-18,0.0,0,baseline,quartile_tails,0.25,1.0
19836,5,2021-08-18,1.0,1,high,quartile_tails,0.25,1.0
22322,5,2021-08-18,1.0,1,high,quartile_tails,0.25,1.0
23072,5,2021-08-18,1.0,1,high,quartile_tails,0.25,1.0
24452,5,2021-08-18,0.0,0,baseline,quartile_tails,0.25,1.0
26187,5,2021-08-18,0.0,0,baseline,quartile_tails,0.25,1.0
27145,5,2021-08-18,1.0,1,high,quartile_tails,0.25,1.0
29020,5,2021-08-18,0.0,0,baseline,quartile_tails,0.25,1.0
29813,5,2021-08-18,0.2,0,baseline,quartile_tails,0.25,1.0
34356,5,2021-08-18,1.0,1,high,quartile_tails,0.25,1.0
35216,5,2021-08-18,0.0,0,baseline,quartile_tails,0.25,1.0
35220,5,2021-08-18,1.0,1,high,quartile_tails,0.25,1.0
36393,5,2021-08-18,0.0,0,baseline,quartile_tails,0.25,1.0
36436,5,2021-08-18,0.08333333333333333,0,baseline,quartile_tails,0.25,1.0
37985,5,2021-08-18,0.0,0,baseline,quartile_tails,0.25,1.0
38618,5,2021-08-18,0.0,0,baseline,quartile_tails,0.25,1.0
38698,5,2021-08-18,0.0,0,baseline,quartile_tails,0.25,1.0
40106,5,2021-08-18,1.0,1,high,quartile_tails,0.25,1.0
41256,5,2021-08-18,1.0,1,high,quartile_tails,0.25,1.0
41846,5,2021-08-18,1.0,1,high,quartile_tails,0.25,1.0
43087,5,2021-08-18,1.0,1,high,quartile_tails,0.25,1.0
43371,5,2021-08-18,0.25,0,baseline,quartile_tails,0.25,1.0
43552,5,2021-08-18,0.25,0,baseline,quartile_tails,0.25,1.0
44560,5,2021-08-18,0.25,0,baseline,quartile_tails,0.25,1.0
45452,5,2021-08-18,0.125,0,baseline,quartile_tails,0.25,1.0
50033,5,2021-08-18,0.25,0,baseline,quartile_tails,0.25,1.0
50096,5,2021-08-18,0.0,0,baseline,quartile_tails,0.25,1.0
53155,5,2021-08-18,0.0,0,baseline,quartile_tails,0.25,1.0
53825,5,2021-08-18,1.0,1,high,quartile_tails,0.25,1.0
54577,5,2021-08-18,1.0,1,high,quartile_tails,0.25,1.0
54956,5,2021-08-18,0.25,0,baseline,quartile_tails,0.25,1.0
56382,5,2021-08-18,1.0,1,high,quartile_tails,0.25,1.0
57049,5,2021-08-18,1.0,1,high,quartile_tails,0.25,1.0
57412,5,2021-08-18,0.0,0,baseline,quartile_tails,0.25,1.0
57983,5,2021-08-18,0.0,0,baseline,quartile_tails,0.25,1.0
58790,5,2021-08-18,0.0,0,baseline,quartile_tails,0.25,1.0
59441,5,2021-08-18,1.0,1,high,quartile_tails,0.25,1.0
60872,5,2021-08-18,0.0,0,baseline,quartile_tails,0.25,1.0
60883,5,2021-08-18,1.0,1,high,quartile_tails,0.25,1.0
61006,5,2021-08-18,0.16666666666666666,0,baseline,quartile_tails,0.25,1.0
62003,5,2021-08-18,1.0,1,high,quartile_tails,0.25,1.0
62495,5,2021-08-18,1.0,1,high,quartile_tails,0.25,1.0
62497,5,2021-08-18,0.16666666666666666,0,baseline,quartile_tails,0.25,1.0
62880,5,2021-08-18,1.0,1,high,quartile_tails,0.25,1.0
63840,5,2021-08-18,1.0,1,high,quartile_tails,0.25,1.0
63883,5,2021-08-18,1.0,1,high,quartile_tails,0.25,1.0
68377,5,2021-08-18,1.0,1,high,quartile_tails,0.25,1.0
68946,5,2021-08-18,0.0,0,baseline,quartile_tails,0.25,1.0
69292,5,2021-08-18,0.0,0,baseline,quartile_tails,0.25,1.0
69330,5,2021-08-18,1.0,1,high,quartile_tails,0.25,1.0
70146,5,2021-08-18,1.0,1,high,quartile_tails,0.25,1.0
70761,5,2021-08-18,0.0,0,baseline,quartile_tails,0.25,1.0
71940,5,2021-08-18,0.0,0,baseline,quartile_tails,0.25,1.0
74404,5,2021-08-18,1.0,1,high,quartile_tails,0.25,1.0
77766,5,2021-08-18,1.0,1,high,quartile_tails,0.25,1.0
79018,5,2021-08-18,1.0,1,high,quartile_tails,0.25,1.0
79519,5,2021-08-18,1.0,1,high,quartile_tails,0.25,1.0
79572,5,2021-08-18,0.0,0,baseline,quartile_tails,0.25,1.0
80073,5,2021-08-18,1.0,1,high,quartile_tails,0.25,1.0
80680,5,2021-08-18,1.0,1,high,quartile_tails,0.25,1.0
82969,5,2021-08-18,1.0,1,high,quartile_tails,0.25,1.0
83360,5,2021-08-18,1.0,1,high,quartile_tails,0.25,1.0
84391,5,2021-08-18,1.0,1,high,quartile_tails,0.25,1.0
85241,5,2021-08-18,1.0,1,high,quartile_tails,0.25,1.0
85283,5,2021-08-18,1.0,1,high,quartile_tails,0.25,1.0
85518,5,2021-08-18,1.0,1,high,quartile_tails,0.25,1.0
85660,5,2021-08-18,0.25,0,baseline,quartile_tails,0.25,1.0
88927,5,2021-08-18,0.1111111111111111,0,baseline,quartile_tails,0.25,1.0
89679,5,2021-08-18,0.0,0,baseline,quartile_tails,0.25,1.0
92091,5,2021-08-18,0.0,0,baseline,quartile_tails,0.25,1.0
93275,5,2021-08-18,0.0,0,baseline,quartile_tails,0.25,1.0
94657,5,2021-08-18,1.0,1,high,quartile_tails,0.25,1.0
94661,5,2021-08-18,1.0,1,high,quartile_tails,0.25,1.0
95109,5,2021-08-18,0.0,0,baseline,quartile_tails,0.25,1.0
96577,5,2021-08-18,0.0,0,baseline,quartile_tails,0.25,1.0
96597,5,2021-08-18,0.16666666666666666,0,baseline,quartile_tails,0.25,1.0
97226,5,2021-08-18,1.0,1,high,quartile_tails,0.25,1.0
97532,5,2021-08-18,1.0,1,high,quartile_tails,0.25,1.0
99885,5,2021-08-18,0.0,0,baseline,quartile_tails,0.25,1.0
101738,5,2021-08-18,0.0,0,baseline,quartile_tails,0.25,1.0
102331,5,2021-08-18,1.0,1,high,quartile_tails,0.25,1.0
104174,5,2021-08-18,0.20833333333333331,0,baseline,quartile_tails,0.25,1.0
105916,5,2021-08-18,1.0,1,high,quartile_tails,0.25,1.0
107090,5,2021-08-18,1.0,1,high,quartile_tails,0.25,1.0
107149,5,2021-08-18,0.0,0,baseline,quartile_tails,0.25,1.0
109510,5,2021-08-18,0.0,0,baseline,quartile_tails,0.25,1.0
110340,5,2021-08-18,0.0,0,baseline,quartile_tails,0.25,1.0
110417,5,2021-08-18,0.16666666666666666,0,baseline,quartile_tails,0.25,1.0
110425,5,2021-08-18,0.16666666666666666,0,baseline,quartile_tails,0.25,1.0
110982,5,2021-08-18,0.16666666666666666,0,baseline,quartile_tails,0.25,1.0
111060,5,2021-08-18,0.0,0,baseline,quartile_tails,0.25,1.0
111071,5,2021-08-18,0.0,0,baseline,quartile_tails,0.25,1.0
111283,5,2021-08-18,1.0,1,high,quartile_tails,0.25,1.0
111725,5,2021-08-18,1.0,1,high,quartile_tails,0.25,1.0
113918,5,2021-08-18,1.0,1,high,quartile_tails,0.25,1.0
114718,5,2021-08-18,1.0,1,high,quartile_tails,0.25,1.0
114892,5,2021-08-18,0.0,0,baseline,quartile_tails,0.25,1.0
115001,5,2021-08-18,0.2222222222222222,0,baseline,quartile_tails,0.25,1.0
115404,5,2021-08-18,0.0,0,baseline,quartile_tails,0.25,1.0
116680,5,2021-08-18,1.0,1,high,quartile_tails,0.25,1.0
117047,5,2021-08-18,0.0,0,baseline,quartile_tails,0.25,1.0
117057,5,2021-08-18,1.0,1,high,quartile_tails,0.25,1.0
117291,5,2021-08-18,0.16666666666666666,0,baseline,quartile_tails,0.25,1.0
120130,5,2021-08-18,1.0,1,high,quartile_tails,0.25,1.0
120897,5,2021-08-18,0.25,0,baseline,quartile_tails,0.25,1.0
122170,5,2021-08-18,1.0,1,high,quartile_tails,0.25,1.0
124546,5,2021-08-18,0.25,0,baseline,quartile_tails,0.25,1.0
124674,5,2021-08-18,0.125,0,baseline,quartile_tails,0.25,1.0
124721,5,2021-08-18,0.0,0,baseline,quartile_tails,0.25,1.0
129568,5,2021-08-18,0.0,0,baseline,quartile_tails,0.25,1.0
133486,5,2021-08-18,0.0,0,baseline,quartile_tails,0.25,1.0
134822,5,2021-08-18,0.0,0,baseline,quartile_tails,0.25,1.0
135752,5,2021-08-18,1.0,1,high,quartile_tails,0.25,1.0
136728,5,2021-08-18,1.0,1,high,quartile_tails,0.25,1.0
136772,5,2021-08-18,1.0,1,high,quartile_tails,0.25,1.0
140954,5,2021-08-18,1.0,1,high,quartile_tails,0.25,1.0
141379,5,2021-08-18,0.0,0,baseline,quartile_tails,0.25,1.0
141840,5,2021-08-18,1.0,1,high,quartile_tails,0.25,1.0
142806,5,2021-08-18,0.15,0,baseline,quartile_tails,0.25,1.0
143548,5,2021-08-18,1.0,1,high,quartile_tails,0.25,1.0
144632,5,2021-08-18,0.0,0,baseline,quartile_tails,0.25,1.0
146045,5,2021-08-18,0.0,0,baseline,quartile_tails,0.25,1.0
147015,5,2021-08-18,1.0,1,high,quartile_tails,0.25,1.0
147203,5,2021-08-18,0.0,0,baseline,quartile_tails,0.25,1.0
147241,5,2021-08-18,0.16666666666666666,0,baseline,quartile_tails,0.25,1.0
147324,5,2021-08-18,1.0,1,high,quartile_tails,0.25,1.0
150316,5,2021-08-18,1.0,1,high,quartile_tails,0.25,1.0
151004,5,2021-08-18,1.0,1,high,quartile_tails,0.25,1.0
152857,5,2021-08-18,1.0,1,high,quartile_tails,0.25,1.0
155394,5,2021-08-18,0.0,0,baseline,quartile_tails,0.25,1.0
159083,5,2021-08-18,0.2,0,baseline,quartile_tails,0.25,1.0
159281,5,2021-08-18,0.25,0,baseline,quartile_tails,0.25,1.0
159892,5,2021-08-18,1.0,1,high,quartile_tails,0.25,1.0
161355,5,2021-08-18,0.25,0,baseline,quartile_tails,0.25,1.0
163262,5,2021-08-18,1.0,1,high,quartile_tails,0.25,1.0
163808,5,2021-08-18,1.0,1,high,quartile_tails,0.25,1.0
163838,5,2021-08-18,0.0,0,baseline,quartile_tails,0.25,1.0
164264,5,2021-08-18,0.0,0,baseline,quartile_tails,0.25,1.0
164397,5,2021-08-18,1.0,1,high,quartile_tails,0.25,1.0
166943,5,2021-08-18,0.0,0,baseline,quartile_tails,0.25,1.0
169625,5,2021-08-18,1.0,1,high,quartile_tails,0.25,1.0
170013,5,2021-08-18,1.0,1,high,quartile_tails,0.25,1.0
171170,5,2021-08-18,1.0,1,high,quartile_tails,0.25,1.0
171718,5,2021-08-18,0.0,0,baseline,quartile_tails,0.25,1.0
172776,5,2021-08-18,1.0,1,high,quartile_tails,0.25,1.0
173013,5,2021-08-18,1.0,1,high,quartile_tails,0.25,1.0
173104,5,2021-08-18,1.0,1,high,quartile_tails,0.25,1.0
173258,5,2021-08-18,1.0,1,high,quartile_tails,0.25,1.0
173392,5,2021-08-18,0.0,0,baseline,quartile_tails,0.25,1.0
173716,5,2021-08-18,0.0,0,baseline,quartile_tails,0.25,1.0
173791,5,2021-08-18,0.0,0,baseline,quartile_tails,0.25,1.0
174421,5,2021-08-18,0.1111111111111111,0,baseline,quartile_tails,0.25,1.0
175069,5,2021-08-18,0.0,0,baseline,quartile_tails,0.25,1.0
176603,5,2021-08-18,0.25,0,baseline,quartile_tails,0.25,1.0
176689,5,2021-08-18,0.0,0,baseline,quartile_tails,0.25,1.0
178021,5,2021-08-18,0.1,0,baseline,quartile_tails,0.25,1.0
178409,5,2021-08-18,0.25,0,baseline,quartile_tails,0.25,1.0
178809,5,2021-08-18,1.0,1,high,quartile_tails,0.25,1.0
180957,5,2021-08-18,0.0,0,baseline,quartile_tails,0.25,1.0
181973,5,2021-08-18,1.0,1,high,quartile_tails,0.25,1.0
182938,5,2021-08-18,0.0,0,baseline,quartile_tails,0.25,1.0
183389,5,2021-08-18,0.0,0,baseline,quartile_tails,0.25,1.0
183400,5,2021-08-18,1.0,1,high,quartile_tails,0.25,1.0
184030,5,2021-08-18,1.0,1,high,quartile_tails,0.25,1.0
184160,5,2021-08-18,0.16666666666666666,0,baseline,quartile_tails,0.25,1.0
184206,5,2021-08-18,0.0,0,baseline,quartile_tails,0.25,1.0
187147,5,2021-08-18,0.0,0,baseline,quartile_tails,0.25,1.0
188572,5,2021-08-18,1.0,1,high,quartile_tails,0.25,1.0
189385,5,2021-08-18,0.0,0,baseline,quartile_tails,0.25,1.0
190452,5,2021-08-18,0.0,0,baseline,quartile_tails,0.25,1.0
190796,5,2021-08-18,1.0,1,high,quartile_tails,0.25,1.0
193264,5,2021-08-18,1.0,1,high,quartile_tails,0.25,1.0
198105,5,2021-08-18,0.25,0,baseline,quartile_tails,0.25,1.0
198861,5,2021-08-18,1.0,1,high,quartile_tails,0.25,1.0
199984,5,2021-08-18,1.0,1,high,quartile_tails,0.25,1.0
201147,5,2021-08-18,0.16666666666666666,0,baseline,quartile_tails,0.25,1.0
201361,5,2021-08-18,1.0,1,high,quartile_tails,0.25,1.0
201893,5,2021-08-18,1.0,1,high,quartile_tails,0.25,1.0
202578,5,2021-08-18,0.1111111111111111,0,baseline,quartile_tails,0.25,1.0
202765,5,2021-08-18,0.0,0,baseline,quartile_tails,0.25,1.0
203274,5,2021-08-18,0.0,0,baseline,quartile_tails,0.25,1.0
204537,5,2021-08-18,1.0,1,high,quartile_tails,0.25,1.0
205090,5,2021-08-18,1.0,1,high,quartile_tails,0.25,1.0
205477,5,2021-08-18,0.0,0,baseline,quartile_tails,0.25,1.0
205755,5,2021-08-18,0.0,0,baseline,quartile_tails,0.25,1.0
207770,5,2021-08-18,1.0,1,high,quartile_tails,0.25,1.0
207980,5,2021-08-18,0.0,0,baseline,quartile_tails,0.25,1.0
208384,5,2021-08-18,1.0,1,high,quartile_tails,0.25,1.0
208651,5,2021-08-18,0.08333333333333333,0,baseline,quartile_tails,0.25,1.0
208776,5,2021-08-18,1.0,1,high,quartile_tails,0.25,1.0
208848,5,2021-08-18,0.0,0,baseline,quartile_tails,0.25,1.0
208906,5,2021-08-18,1.0,1,high,quartile_tails,0.25,1.0
209138,5,2021-08-18,1.0,1,high,quartile_tails,0.25,1.0
209450,5,2021-08-18,1.0,1,high,quartile_tails,0.25,1.0
211309,5,2021-08-18,0.25,0,baseline,quartile_tails,0.25,1.0
211428,5,2021-08-18,1.0,1,high,quartile_tails,0.25,1.0
211920,5,2021-08-18,0.25,0,baseline,quartile_tails,0.25,1.0
213069,5,2021-08-18,0.0,0,baseline,quartile_tails,0.25,1.0
213147,5,2021-08-18,0.0,0,baseline,quartile_tails,0.25,1.0
213886,5,2021-08-18,1.0,1,high,quartile_tails,0.25,1.0
215290,5,2021-08-18,0.0,0,baseline,quartile_tails,0.25,1.0
215921,5,2021-08-18,0.0,0,baseline,quartile_tails,0.25,1.0
216378,5,2021-08-18,1.0,1,high,quartile_tails,0.25,1.0
216609,5,2021-08-18,0.0,0,baseline,quartile_tails,0.25,1.0
218285,5,2021-08-18,0.0,0,baseline,quartile_tails,0.25,1.0
218537,5,2021-08-18,0.0,0,baseline,quartile_tails,0.25,1.0
219725,5,2021-08-18,1.0,1,high,quartile_tails,0.25,1.0
219804,5,2021-08-18,0.0,0,baseline,quartile_tails,0.25,1.0
220795,5,2021-08-18,0.0,0,baseline,quartile_tails,0.25,1.0
222829,5,2021-08-18,1.0,1,high,quartile_tails,0.25,1.0
223120,5,2021-08-18,0.16666666666666666,0,baseline,quartile_tails,0.25,1.0
223391,5,2021-08-18,1.0,1,high,quartile_tails,0.25,1.0
223420,5,2021-08-18,1.0,1,high,quartile_tails,0.25,1.0
223920,5,2021-08-18,1.0,1,high,quartile_tails,0.25,1.0
225047,5,2021-08-18,0.25,0,baseline,quartile_tails,0.25,1.0
227146,5,2021-08-18,1.0,1,high,quartile_tails,0.25,1.0
228087,5,2021-08-18,1.0,1,high,quartile_tails,0.25,1.0
229561,5,2021-08-18,0.0,0,baseline,quartile_tails,0.25,1.0
229918,5,2021-08-18,0.0,0,baseline,quartile_tails,0.25,1.0
232069,5,2021-08-18,1.0,1,high,quartile_tails,0.25,1.0
233195,5,2021-08-18,0.125,0,baseline,quartile_tails,0.25,1.0
234048,5,2021-08-18,1.0,1,high,quartile_tails,0.25,1.0
234698,5,2021-08-18,1.0,1,high,quartile_tails,0.25,1.0
236076,5,2021-08-18,0.0,0,baseline,quartile_tails,0.25,1.0
236211,5,2021-08-18,0.25,0,baseline,quartile_tails,0.25,1.0
239441,5,2021-08-18,0.0,0,baseline,quartile_tails,0.25,1.0
239617,5,2021-08-18,1.0,1,high,quartile_tails,0.25,1.0
239939,5,2021-08-18,0.0,0,baseline,quartile_tails,0.25,1.0
240599,5,2021-08-18,0.0,0,baseline,quartile_tails,0.25,1.0
244547,5,2021-08-18,1.0,1,high,quartile_tails,0.25,1.0
244593,5,2021-08-18,0.0,0,baseline,quartile_tails,0.25,1.0
245638,5,2021-08-18,1.0,1,high,quartile_tails,0.25,1.0
247884,5,2021-08-18,1.0,1,high,quartile_tails,0.25,1.0
248239,5,2021-08-18,1.0,1,high,quartile_tails,0.25,1.0
248983,5,2021-08-18,0.0625,0,baseline,quartile_tails,0.25,1.0
251034,5,2021-08-18,1.0,1,high,quartile_tails,0.25,1.0
251136,5,2021-08-18,0.125,0,baseline,quartile_tails,0.25,1.0
251622,5,2021-08-18,1.0,1,high,quartile_tails,0.25,1.0
251951,5,2021-08-18,0.0,0,baseline,quartile_tails,0.25,1.0
252283,5,2021-08-18,1.0,1,high,quartile_tails,0.25,1.0
252939,5,2021-08-18,0.0,0,baseline,quartile_tails,0.25,1.0
253338,5,2021-08-18,1.0,1,high,quartile_tails,0.25,1.0
253345,5,2021-08-18,1.0,1,high,quartile_tails,0.25,1.0
256934,5,2021-08-18,1.0,1,high,quartile_tails,0.25,1.0
257026,5,2021-08-18,0.0,0,baseline,quartile_tails,0.25,1.0
257994,5,2021-08-18,1.0,1,high,quartile_tails,0.25,1.0
258311,5,2021-08-18,1.0,1,high,quartile_tails,0.25,1.0
259569,5,2021-08-18,0.0,0,baseline,quartile_tails,0.25,1.0
262692,5,2021-08-18,0.0,0,baseline,quartile_tails,0.25,1.0
262828,5,2021-08-18,1.0,1,high,quartile_tails,0.25,1.0
263834,5,2021-08-18,1.0,1,high,quartile_tails,0.25,1.0
264230,5,2021-08-18,1.0,1,high,quartile_tails,0.25,1.0
264349,5,2021-08-18,0.0,0,baseline,quartile_tails,0.25,1.0
264426,5,2021-08-18,1.0,1,high,quartile_tails,0.25,1.0
265000,5,2021-08-18,1.0,1,high,quartile_tails,0.25,1.0
265151,5,2021-08-18,0.16666666666666666,0,baseline,quartile_tails,0.25,1.0
265214,5,2021-08-18,0.07142857142857142,0,baseline,quartile_tails,0.25,1.0
265932,5,2021-08-18,0.0,0,baseline,quartile_tails,0.25,1.0
266061,5,2021-08-18,0.0,0,baseline,quartile_tails,0.25,1.0
266141,5,2021-08-18,1.0,1,high,quartile_tails,0.25,1.0
267265,5,2021-08-18,0.0,0,baseline,quartile_tails,0.25,1.0
267324,5,2021-08-18,1.0,1,high,quartile_tails,0.25,1.0
268107,5,2021-08-18,0.0,0,baseline,quartile_tails,0.25,1.0
270393,5,2021-08-18,1.0,1,high,quartile_tails,0.25,1.0
270434,5,2021-08-18,1.0,1,high,quartile_tails,0.25,1.0
271271,5,2021-08-18,1.0,1,high,quartile_tails,0.25,1.0
272877,5,2021-08-18,0.0,0,baseline,quartile_tails,0.25,1.0
273490,5,2021-08-18,0.0,0,baseline,quartile_tails,0.25,1.0
275615,5,2021-08-18,0.0,0,baseline,quartile_tails,0.25,1.0
276323,5,2021-08-18,1.0,1,high,quartile_tails,0.25,1.0
278033,5,2021-08-18,0.0,0,baseline,quartile_tails,0.25,1.0
279102,5,2021-08-18,1.0,1,high,quartile_tails,0.25,1.0
280759,5,2021-08-18,0.16666666666666666,0,baseline,quartile_tails,0.25,1.0
281601,5,2021-08-18,1.0,1,high,quartile_tails,0.25,1.0
282255,5,2021-08-18,1.0,1,high,quartile_tails,0.25,1.0
282321,5,2021-08-18,1.0,1,high,quartile_tails,0.25,1.0
285690,5,2021-08-18,1.0,1,high,quartile_tails,0.25,1.0
286364,5,2021-08-18,0.0,0,baseline,quartile_tails,0.25,1.0
288751,5,2021-08-18,0.0,0,baseline,quartile_tails,0.25,1.0
289213,5,2021-08-18,1.0,1,high,quartile_tails,0.25,1.0
291987,5,2021-08-18,1.0,1,high,quartile_tails,0.25,1.0
292338,5,2021-08-18,0.0,0,baseline,quartile_tails,0.25,1.0
292750,5,2021-08-18,1.0,1,high,quartile_tails,0.25,1.0
294949,5,2021-08-18,1.0,1,high,quartile_tails,0.25,1.0
294996,5,2021-08-18,1.0,1,high,quartile_tails,0.25,1.0
295304,5,2021-08-18,0.0,0,baseline,quartile_tails,0.25,1.0
295852,5,2021-08-18,1.0,1,high,quartile_tails,0.25,1.0
296158,5,2021-08-18,0.25,0,baseline,quartile_tails,0.25,1.0
296416,5,2021-08-18,1.0,1,high,quartile_tails,0.25,1.0
297645,5,2021-08-18,1.0,1,high,quartile_tails,0.25,1.0
298171,5,2021-08-18,0.0,0,baseline,quartile_tails,0.25,1.0
298722,5,2021-08-18,1.0,1,high,quartile_tails,0.25,1.0
300007,5,2021-08-18,0.08333333333333333,0,baseline,quartile_tails,0.25,1.0
302416,5,2021-08-18,1.0,1,high,quartile_tails,0.25,1.0
302756,5,2021-08-18,0.16666666666666666,0,baseline,quartile_tails,0.25,1.0
305217,5,2021-08-18,1.0,1,high,quartile_tails,0.25,1.0
306000,5,2021-08-18,0.25,0,baseline,quartile_tails,0.25,1.0
307107,5,2021-08-18,0.0,0,baseline,quartile_tails,0.25,1.0
308325,5,2021-08-18,1.0,1,high,quartile_tails,0.25,1.0
309611,5,2021-08-18,0.20833333333333331,0,baseline,quartile_tails,0.25,1.0
310711,5,2021-08-18,0.0,0,baseline,quartile_tails,0.25,1.0
312010,5,2021-08-18,1.0,1,high,quartile_tails,0.25,1.0
312426,5,2021-08-18,0.0,0,baseline,quartile_tails,0.25,1.0
313257,5,2021-08-18,0.0,0,baseline,quartile_tails,0.25,1.0
313989,5,2021-08-18,0.0,0,baseline,quartile_tails,0.25,1.0
314443,5,2021-08-18,0.0,0,baseline,quartile_tails,0.25,1.0
315275,5,2021-08-18,0.0,0,baseline,quartile_tails,0.25,1.0
316127,5,2021-08-18,1.0,1,high,quartile_tails,0.25,1.0
317542,5,2021-08-18,0.0,0,baseline,quartile_tails,0.25,1.0
318815,5,2021-08-18,1.0,1,high,quartile_tails,0.25,1.0
319358,5,2021-08-18,1.0,1,high,quartile_tails,0.25,1.0
319586,5,2021-08-18,1.0,1,high,quartile_tails,0.25,1.0
320137,5,2021-08-18,1.0,1,high,quartile_tails,0.25,1.0
320500,5,2021-08-18,0.0,0,baseline,quartile_tails,0.25,1.0
322916,5,2021-08-18,0.25,0,baseline,quartile_tails,0.25,1.0
324081,5,2021-08-18,1.0,1,high,quartile_tails,0.25,1.0
324307,5,2021-08-18,1.0,1,high,quartile_tails,0.25,1.0
325667,5,2021-08-18,1.0,1,high,quartile_tails,0.25,1.0
325789,5,2021-08-18,1.0,1,high,quartile_tails,0.25,1.0
325851,5,2021-08-18,1.0,1,high,quartile_tails,0.25,1.0
327896,5,2021-08-18,1.0,1,high,quartile_tails,0.25,1.0
332578,5,2021-08-18,0.0,0,baseline,quartile_tails,0.25,1.0
336840,5,2021-08-18,0.25,0,baseline,quartile_tails,0.25,1.0
339009,5,2021-08-18,1.0,1,high,quartile_tails,0.25,1.0
339824,5,2021-08-18,0.25,0,baseline,quartile_tails,0.25,1.0
340159,5,2021-08-18,0.0,0,baseline,quartile_tails,0.25,1.0
340784,5,2021-08-18,1.0,1,high,quartile_tails,0.25,1.0
341443,5,2021-08-18,1.0,1,high,quartile_tails,0.25,1.0
344574,5,2021-08-18,0.14583333333333331,0,baseline,quartile_tails,0.25,1.0
346132,5,2021-08-18,1.0,1,high,quartile_tails,0.25,1.0
346434,5,2021-08-18,1.0,1,high,quartile_tails,0.25,1.0
350246,5,2021-08-18,1.0,1,high,quartile_tails,0.25,1.0
352773,5,2021-08-18,0.0,0,baseline,quartile_tails,0.25,1.0
355198,5,2021-08-18,0.0,0,baseline,quartile_tails,0.25,1.0
355751,5,2021-08-18,1.0,1,high,quartile_tails,0.25,1.0
358960,5,2021-08-18,0.19444444444444442,0,baseline,quartile_tails,0.25,1.0
360073,5,2021-08-18,0.20833333333333331,0,baseline,quartile_tails,0.25,1.0
363509,5,2021-08-18,0.0,0,baseline,quartile_tails,0.25,1.0
363871,5,2021-08-18,1.0,1,high,quartile_tails,0.25,1.0
363922,5,2021-08-18,1.0,1,high,quartile_tails,0.25,1.0
363978,5,2021-08-18,1.0,1,high,quartile_tails,0.25,1.0
364659,5,2021-08-18,0.0,0,baseline,quartile_tails,0.25,1.0
365985,5,2021-08-18,0.0,0,baseline,quartile_tails,0.25,1.0
366022,5,2021-08-18,0.125,0,baseline,quartile_tails,0.25,1.0
366528,5,2021-08-18,0.0,0,baseline,quartile_tails,0.25,1.0
366899,5,2021-08-18,1.0,1,high,quartile_tails,0.25,1.0
368973,5,2021-08-18,1.0,1,high,quartile_tails,0.25,1.0
370625,5,2021-08-18,1.0,1,high,quartile_tails,0.25,1.0
370773,5,2021-08-18,1.0,1,high,quartile_tails,0.25,1.0
370924,5,2021-08-18,0.0,0,baseline,quartile_tails,0.25,1.0
371261,5,2021-08-18,0.0,0,baseline,quartile_tails,0.25,1.0
371700,5,2021-08-18,1.0,1,high,quartile_tails,0.25,1.0
372894,5,2021-08-18,1.0,1,high,quartile_tails,0.25,1.0
373957,5,2021-08-18,1.0,1,high,quartile_tails,0.25,1.0
374448,5,2021-08-18,0.08333333333333333,0,baseline,quartile_tails,0.25,1.0
374794,5,2021-08-18,1.0,1,high,quartile_tails,0.25,1.0
375063,5,2021-08-18,0.125,0,baseline,quartile_tails,0.25,1.0
376122,5,2021-08-18,0.1111111111111111,0,baseline,quartile_tails,0.25,1.0
377668,5,2021-08-18,0.0,0,baseline,quartile_tails,0.25,1.0
378128,5,2021-08-18,0.0,0,baseline,quartile_tails,0.25,1.0
381054,5,2021-08-18,0.20833333333333331,0,baseline,quartile_tails,0.25,1.0
381419,5,2021-08-18,1.0,1,high,quartile_tails,0.25,1.0
381530,5,2021-08-18,0.0,0,baseline,quartile_tails,0.25,1.0
382304,5,2021-08-18,1.0,1,high,quartile_tails,0.25,1.0
383333,5,2021-08-18,1.0,1,high,quartile_tails,0.25,1.0
383761,5,2021-08-18,0.0,0,baseline,quartile_tails,0.25,1.0
384793,5,2021-08-18,1.0,1,high,quartile_tails,0.25,1.0
385023,5,2021-08-18,0.0,0,baseline,quartile_tails,0.25,1.0
385211,5,2021-08-18,0.0,0,baseline,quartile_tails,0.25,1.0
385916,5,2021-08-18,0.125,0,baseline,quartile_tails,0.25,1.0
386523,5,2021-08-18,0.0,0,baseline,quartile_tails,0.25,1.0
386550,5,2021-08-18,0.0,0,baseline,quartile_tails,0.25,1.0
387781,5,2021-08-18,0.0,0,baseline,quartile_tails,0.25,1.0
389870,5,2021-08-18,0.25,0,baseline,quartile_tails,0.25,1.0
392913,5,2021-08-18,1.0,1,high,quartile_tails,0.25,1.0
393438,5,2021-08-18,0.0,0,baseline,quartile_tails,0.25,1.0
393602,5,2021-08-18,0.0,0,baseline,quartile_tails,0.25,1.0
394119,5,2021-08-18,1.0,1,high,quartile_tails,0.25,1.0
395673,5,2021-08-18,1.0,1,high,quartile_tails,0.25,1.0
396696,5,2021-08-18,1.0,1,high,quartile_tails,0.25,1.0
397344,5,2021-08-18,0.0,0,baseline,quartile_tails,0.25,1.0
398468,5,2021-08-18,1.0,1,high,quartile_tails,0.25,1.0
398501,5,2021-08-18,1.0,1,high,quartile_tails,0.25,1.0
398850,5,2021-08-18,1.0,1,high,quartile_tails,0.25,1.0
399630,5,2021-08-18,1.0,1,high,quartile_tails,0.25,1.0
400508,5,2021-08-18,0.25,0,baseline,quartile_tails,0.25,1.0
404872,5,2021-08-18,1.0,1,high,quartile_tails,0.25,1.0
405079,5,2021-08-18,0.0,0,baseline,quartile_tails,0.25,1.0
405382,5,2021-08-18,1.0,1,high,quartile_tails,0.25,1.0
405913,5,2021-08-18,1.0,1,high,quartile_tails,0.25,1.0
406063,5,2021-08-18,1.0,1,high,quartile_tails,0.25,1.0
406174,5,2021-08-18,0.0,0,baseline,quartile_tails,0.25,1.0
407253,5,2021-08-18,1.0,1,high,quartile_tails,0.25,1.0
409350,5,2021-08-18,0.0,0,baseline,quartile_tails,0.25,1.0
409373,5,2021-08-18,1.0,1,high,quartile_tails,0.25,1.0
409759,5,2021-08-18,0.0,0,baseline,quartile_tails,0.25,1.0
410012,5,2021-08-18,0.25,0,baseline,quartile_tails,0.25,1.0
413716,5,2021-08-18,1.0,1,high,quartile_tails,0.25,1.0
414362,5,2021-08-18,1.0,1,high,quartile_tails,0.25,1.0
414778,5,2021-08-18,0.16666666666666666,0,baseline,quartile_tails,0.25,1.0
414857,5,2021-08-18,0.0,0,baseline,quartile_tails,0.25,1.0
415403,5,2021-08-18,1.0,1,high,quartile_tails,0.25,1.0
416661,5,2021-08-18,0.2222222222222222,0,baseline,quartile_tails,0.25,1.0
417340,5,2021-08-18,0.0,0,baseline,quartile_tails,0.25,1.0
418430,5,2021-08-18,0.0,0,baseline,quartile_tails,0.25,1.0
419108,5,2021-08-18,1.0,1,high,quartile_tails,0.25,1.0
419196,5,2021-08-18,0.0,0,baseline,quartile_tails,0.25,1.0
420658,5,2021-08-18,1.0,1,high,quartile_tails,0.25,1.0
420698,5,2021-08-18,1.0,1,high,quartile_tails,0.25,1.0
425531,5,2021-08-18,1.0,1,high,quartile_tails,0.25,1.0
426692,5,2021-08-18,1.0,1,high,quartile_tails,0.25,1.0
426928,5,2021-08-18,1.0,1,high,quartile_tails,0.25,1.0
427276,5,2021-08-18,1.0,1,high,quartile_tails,0.25,1.0
427415,5,2021-08-18,0.0,0,baseline,quartile_tails,0.25,1.0
427885,5,2021-08-18,0.0,0,baseline,quartile_tails,0.25,1.0
428501,5,2021-08-18,1.0,1,high,quartile_tails,0.25,1.0
429068,5,2021-08-18,0.0,0,baseline,quartile_tails,0.25,1.0
429799,5,2021-08-18,0.0,0,baseline,quartile_tails,0.25,1.0
429828,5,2021-08-18,1.0,1,high,quartile_tails,0.25,1.0
429847,5,2021-08-18,0.0,0,baseline,quartile_tails,0.25,1.0
430908,5,2021-08-18,0.0,0,baseline,quartile_tails,0.25,1.0
431037,5,2021-08-18,0.0,0,baseline,quartile_tails,0.25,1.0
431068,5,2021-08-18,1.0,1,high,quartile_tails,0.25,1.0
431115,5,2021-08-18,1.0,1,high,quartile_tails,0.25,1.0
431793,5,2021-08-18,0.1111111111111111,0,baseline,quartile_tails,0.25,1.0
433202,5,2021-08-18,1.0,1,high,quartile_tails,0.25,1.0
433882,5,2021-08-18,0.0,0,baseline,quartile_tails,0.25,1.0
434121,5,2021-08-18,1.0,1,high,quartile_tails,0.25,1.0
436732,5,2021-08-18,0.25,0,baseline,quartile_tails,0.25,1.0
437643,5,2021-08-18,1.0,1,high,quartile_tails,0.25,1.0
438315,5,2021-08-18,0.0,0,baseline,quartile_tails,0.25,1.0
438791,5,2021-08-18,1.0,1,high,quartile_tails,0.25,1.0
439254,5,2021-08-18,1.0,1,high,quartile_tails,0.25,1.0
439378,5,2021-08-18,0.0,0,baseline,quartile_tails,0.25,1.0
439880,5,2021-08-18,1.0,1,high,quartile_tails,0.25,1.0
440353,5,2021-08-18,0.0,0,baseline,quartile_tails,0.25,1.0
443492,5,2021-08-18,0.0,0,baseline,quartile_tails,0.25,1.0
445911,5,2021-08-18,0.0,0,baseline,quartile_tails,0.25,1.0
445926,5,2021-08-18,0.25,0,baseline,quartile_tails,0.25,1.0
446246,5,2021-08-18,1.0,1,high,quartile_tails,0.25,1.0
447174,5,2021-08-18,1.0,1,high,quartile_tails,0.25,1.0
448464,5,2021-08-18,0.08333333333333333,0,baseline,quartile_tails,0.25,1.0
449018,5,2021-08-18,0.0,0,baseline,quartile_tails,0.25,1.0
450481,5,2021-08-18,0.0,0,baseline,quartile_tails,0.25,1.0
450854,5,2021-08-18,1.0,1,high,quartile_tails,0.25,1.0
453458,5,2021-08-18,0.16666666666666666,0,baseline,quartile_tails,0.25,1.0
453677,5,2021-08-18,0.25,0,baseline,quartile_tails,0.25,1.0
454409,5,2021-08-18,1.0,1,high,quartile_tails,0.25,1.0
457393,5,2021-08-18,1.0,1,high,quartile_tails,0.25,1.0
459171,5,2021-08-18,1.0,1,high,quartile_tails,0.25,1.0
460082,5,2021-08-18,1.0,1,high,quartile_tails,0.25,1.0
463168,5,2021-08-18,0.0,0,baseline,quartile_tails,0.25,1.0
464022,5,2021-08-18,0.25,0,baseline,quartile_tails,0.25,1.0
464134,5,2021-08-18,1.0,1,high,quartile_tails,0.25,1.0
464337,5,2021-08-18,0.125,0,baseline,quartile_tails,0.25,1.0
464477,5,2021-08-18,0.0,0,baseline,quartile_tails,0.25,1.0
466470,5,2021-08-18,0.0,0,baseline,quartile_tails,0.25,1.0
469066,5,2021-08-18,0.0,0,baseline,quartile_tails,0.25,1.0
469670,5,2021-08-18,1.0,1,high,quartile_tails,0.25,1.0
470870,5,2021-08-18,0.0,0,baseline,quartile_tails,0.25,1.0
471510,5,2021-08-18,1.0,1,high,quartile_tails,0.25,1.0
471718,5,2021-08-18,1.0,1,high,quartile_tails,0.25,1.0
474509,5,2021-08-18,0.0,0,baseline,quartile_tails,0.25,1.0
475445,5,2021-08-18,1.0,1,high,quartile_tails,0.25,1.0
475925,5,2021-08-18,0.125,0,baseline,quartile_tails,0.25,1.0
476238,5,2021-08-18,0.1,0,baseline,quartile_tails,0.25,1.0
478561,5,2021-08-18,0.25,0,baseline,quartile_tails,0.25,1.0
478735,5,2021-08-18,0.0,0,baseline,quartile_tails,0.25,1.0
479525,5,2021-08-18,0.0,0,baseline,quartile_tails,0.25,1.0
479721,5,2021-08-18,0.0,0,baseline,quartile_tails,0.25,1.0
481212,5,2021-08-18,0.0,0,baseline,quartile_tails,0.25,1.0
482138,5,2021-08-18,0.0,0,baseline,quartile_tails,0.25,1.0
483367,5,2021-08-18,0.0,0,baseline,quartile_tails,0.25,1.0
483730,5,2021-08-18,0.0,0,baseline,quartile_tails,0.25,1.0
484649,5,2021-08-18,0.0,0,baseline,quartile_tails,0.25,1.0
485247,5,2021-08-18,0.0,0,baseline,quartile_tails,0.25,1.0
486589,5,2021-08-18,0.25,0,baseline,quartile_tails,0.25,1.0
486842,5,2021-08-18,1.0,1,high,quartile_tails,0.25,1.0
487375,5,2021-08-18,1.0,1,high,quartile_tails,0.25,1.0
489144,5,2021-08-18,0.1111111111111111,0,baseline,quartile_tails,0.25,1.0
489808,5,2021-08-18,0.0,0,baseline,quartile_tails,0.25,1.0
489815,5,2021-08-18,1.0,1,high,quartile_tails,0.25,1.0
491010,5,2021-08-18,0.0,0,baseline,quartile_tails,0.25,1.0
491231,5,2021-08-18,1.0,1,high,quartile_tails,0.25,1.0
491666,5,2021-08-18,1.0,1,high,quartile_tails,0.25,1.0
491881,5,2021-08-18,1.0,1,high,quartile_tails,0.25,1.0
492724,5,2021-08-18,1.0,1,high,quartile_tails,0.25,1.0
492911,5,2021-08-18,0.25,0,baseline,quartile_tails,0.25,1.0
494068,5,2021-08-18,0.0,0,baseline,quartile_tails,0.25,1.0
494463,5,2021-08-18,0.16666666666666666,0,baseline,quartile_tails,0.25,1.0
495336,5,2021-08-18,1.0,1,high,quartile_tails,0.25,1.0
495342,5,2021-08-18,0.25,0,baseline,quartile_tails,0.25,1.0
495509,5,2021-08-18,0.0,0,baseline,quartile_tails,0.25,1.0
496671,5,2021-08-18,1.0,1,high,quartile_tails,0.25,1.0
499143,5,2021-08-18,0.0,0,baseline,quartile_tails,0.25,1.0
499763,5,2021-08-18,1.0,1,high,quartile_tails,0.25,1.0
500654,5,2021-08-18,0.0,0,baseline,quartile_tails,0.25,1.0
502985,5,2021-08-18,0.0,0,baseline,quartile_tails,0.25,1.0
506806,5,2021-08-18,0.0,0,baseline,quartile_tails,0.25,1.0
507327,5,2021-08-18,1.0,1,high,quartile_tails,0.25,1.0
507328,5,2021-08-18,1.0,1,high,quartile_tails,0.25,1.0
507364,5,2021-08-18,1.0,1,high,quartile_tails,0.25,1.0
507759,5,2021-08-18,0.0,0,baseline,quartile_tails,0.25,1.0
510281,5,2021-08-18,0.0,0,baseline,quartile_tails,0.25,1.0
511175,5,2021-08-18,1.0,1,high,quartile_tails,0.25,1.0
512791,5,2021-08-18,1.0,1,high,quartile_tails,0.25,1.0
513221,5,2021-08-18,1.0,1,high,quartile_tails,0.25,1.0
514279,5,2021-08-18,0.16666666666666666,0,baseline,quartile_tails,0.25,1.0
516382,5,2021-08-18,0.0,0,baseline,quartile_tails,0.25,1.0
516763,5,2021-08-18,0.0,0,baseline,quartile_tails,0.25,1.0
517802,5,2021-08-18,1.0,1,high,quartile_tails,0.25,1.0
518911,5,2021-08-18,1.0,1,high,quartile_tails,0.25,1.0
519014,5,2021-08-18,1.0,1,high,quartile_tails,0.25,1.0
519911,5,2021-08-18,1.0,1,high,quartile_tails,0.25,1.0
520320,5,2021-08-18,1.0,1,high,quartile_tails,0.25,1.0
523240,5,2021-08-18,1.0,1,high,quartile_tails,0.25,1.0
523275,5,2021-08-18,0.0,0,baseline,quartile_tails,0.25,1.0
524039,5,2021-08-18,0.0,0,baseline,quartile_tails,0.25,1.0
530118,5,2021-08-18,1.0,1,high,quartile_tails,0.25,1.0
530898,5,2021-08-18,0.25,0,baseline,quartile_tails,0.25,1.0
532850,5,2021-08-18,0.16666666666666666,0,baseline,quartile_tails,0.25,1.0
533998,5,2021-08-18,1.0,1,high,quartile_tails,0.25,1.0
534247,5,2021-08-18,1.0,1,high,quartile_tails,0.25,1.0
534259,5,2021-08-18,1.0,1,high,quartile_tails,0.25,1.0
534374,5,2021-08-18,1.0,1,high,quartile_tails,0.25,1.0
536055,5,2021-08-18,1.0,1,high,quartile_tails,0.25,1.0
536139,5,2021-08-18,0.0,0,baseline,quartile_tails,0.25,1.0
537795,5,2021-08-18,1.0,1,high,quartile_tails,0.25,1.0
538092,5,2021-08-18,1.0,1,high,quartile_tails,0.25,1.0
538426,5,2021-08-18,1.0,1,high,quartile_tails,0.25,1.0
538783,5,2021-08-18,0.0,0,baseline,quartile_tails,0.25,1.0
540415,5,2021-08-18,1.0,1,high,quartile_tails,0.25,1.0
540761,5,2021-08-18,0.0,0,baseline,quartile_tails,0.25,1.0
540826,5,2021-08-18,1.0,1,high,quartile_tails,0.25,1.0
542945,5,2021-08-18,0.16666666666666666,0,baseline,quartile_tails,0.25,1.0
543958,5,2021-08-18,0.0,0,baseline,quartile_tails,0.25,1.0
544830,5,2021-08-18,0.0,0,baseline,quartile_tails,0.25,1.0
545294,5,2021-08-18,0.16666666666666666,0,baseline,quartile_tails,0.25,1.0
545577,5,2021-08-18,1.0,1,high,quartile_tails,0.25,1.0
545583,5,2021-08-18,1.0,1,high,quartile_tails,0.25,1.0
546900,5,2021-08-18,1.0,1,high,quartile_tails,0.25,1.0
546929,5,2021-08-18,1.0,1,high,quartile_tails,0.25,1.0
548082,5,2021-08-18,0.0,0,baseline,quartile_tails,0.25,1.0
549442,5,2021-08-18,0.0,0,baseline,quartile_tails,0.25,1.0
549842,5,2021-08-18,1.0,1,high,quartile_tails,0.25,1.0
551604,5,2021-08-18,0.25,0,baseline,quartile_tails,0.25,1.0
551654,5,2021-08-18,1.0,1,high,quartile_tails,0.25,1.0
551916,5,2021-08-18,0.1111111111111111,0,baseline,quartile_tails,0.25,1.0
552408,5,2021-08-18,1.0,1,high,quartile_tails,0.25,1.0
554068,5,2021-08-18,1.0,1,high,quartile_tails,0.25,1.0
556179,5,2021-08-18,1.0,1,high,quartile_tails,0.25,1.0
557822,5,2021-08-18,1.0,1,high,quartile_tails,0.25,1.0
558354,5,2021-08-18,0.0,0,baseline,quartile_tails,0.25,1.0
559604,5,2021-08-18,1.0,1,high,quartile_tails,0.25,1.0
560104,5,2021-08-18,0.0,0,baseline,quartile_tails,0.25,1.0
560589,5,2021-08-18,0.25,0,baseline,quartile_tails,0.25,1.0
560683,5,2021-08-18,0.0,0,baseline,quartile_tails,0.25,1.0
562376,5,2021-08-18,0.0,0,baseline,quartile_tails,0.25,1.0
562594,5,2021-08-18,0.25,0,baseline,quartile_tails,0.25,1.0
563290,5,2021-08-18,1.0,1,high,quartile_tails,0.25,1.0
564324,5,2021-08-18,1.0,1,high,quartile_tails,0.25,1.0
564659,5,2021-08-18,0.0,0,baseline,quartile_tails,0.25,1.0
565309,5,2021-08-18,0.0,0,baseline,quartile_tails,0.25,1.0
565734,5,2021-08-18,0.0,0,baseline,quartile_tails,0.25,1.0
566167,5,2021-08-18,1.0,1,high,quartile_tails,0.25,1.0
566561,5,2021-08-18,0.25,0,baseline,quartile_tails,0.25,1.0
568281,5,2021-08-18,0.0,0,baseline,quartile_tails,0.25,1.0
568465,5,2021-08-18,1.0,1,high,quartile_tails,0.25,1.0
568925,5,2021-08-18,1.0,1,high,quartile_tails,0.25,1.0
570009,5,2021-08-18,0.25,0,baseline,quartile_tails,0.25,1.0
570289,5,2021-08-18,1.0,1,high,quartile_tails,0.25,1.0
571762,5,2021-08-18,0.0,0,baseline,quartile_tails,0.25,1.0
572604,5,2021-08-18,0.21428571428571427,0,baseline,quartile_tails,0.25,1.0
573429,5,2021-08-18,0.25,0,baseline,quartile_tails,0.25,1.0
574165,5,2021-08-18,0.25,0,baseline,quartile_tails,0.25,1.0
574955,5,2021-08-18,1.0,1,high,quartile_tails,0.25,1.0
577620,5,2021-08-18,1.0,1,high,quartile_tails,0.25,1.0
578497,5,2021-08-18,1.0,1,high,quartile_tails,0.25,1.0
579533,5,2021-08-18,1.0,1,high,quartile_tails,0.25,1.0
581358,5,2021-08-18,1.0,1,high,quartile_tails,0.25,1.0
581918,5,2021-08-18,0.0,0,baseline,quartile_tails,0.25,1.0
582602,5,2021-08-18,0.0,0,baseline,quartile_tails,0.25,1.0
582795,5,2021-08-18,0.0,0,baseline,quartile_tails,0.25,1.0
582860,5,2021-08-18,1.0,1,high,quartile_tails,0.25,1.0
583042,5,2021-08-18,1.0,1,high,quartile_tails,0.25,1.0
583921,5,2021-08-18,1.0,1,high,quartile_tails,0.25,1.0
586986,5,2021-08-18,0.0,0,baseline,quartile_tails,0.25,1.0
587152,5,2021-08-18,0.0,0,baseline,quartile_tails,0.25,1.0
587263,5,2021-08-18,0.0,0,baseline,quartile_tails,0.25,1.0
588086,5,2021-08-18,1.0,1,high,quartile_tails,0.25,1.0
589223,5,2021-08-18,0.0,0,baseline,quartile_tails,0.25,1.0
589771,5,2021-08-18,0.2222222222222222,0,baseline,quartile_tails,0.25,1.0
589806,5,2021-08-18,0.0,0,baseline,quartile_tails,0.25,1.0
590016,5,2021-08-18,1.0,1,high,quartile_tails,0.25,1.0
591392,5,2021-08-18,0.0,0,baseline,quartile_tails,0.25,1.0
592013,5,2021-08-18,0.0,0,baseline,quartile_tails,0.25,1.0
592799,5,2021-08-18,0.0,0,baseline,quartile_tails,0.25,1.0
595669,5,2021-08-18,1.0,1,high,quartile_tails,0.25,1.0
596225,5,2021-08-18,0.0,0,baseline,quartile_tails,0.25,1.0
596359,5,2021-08-18,0.0,0,baseline,quartile_tails,0.25,1.0
596558,5,2021-08-18,1.0,1,high,quartile_tails,0.25,1.0
597163,5,2021-08-18,1.0,1,high,quartile_tails,0.25,1.0
597259,5,2021-08-18,1.0,1,high,quartile_tails,0.25,1.0
599435,5,2021-08-18,1.0,1,high,quartile_tails,0.25,1.0
599817,5,2021-08-18,1.0,1,high,quartile_tails,0.25,1.0
600369,5,2021-08-18,0.0,0,baseline,quartile_tails,0.25,1.0
601548,5,2021-08-18,1.0,1,high,quartile_tails,0.25,1.0
601694,5,2021-08-18,0.25,0,baseline,quartile_tails,0.25,1.0
602550,5,2021-08-18,1.0,1,high,quartile_tails,0.25,1.0
604921,5,2021-08-18,1.0,1,high,quartile_tails,0.25,1.0
605748,5,2021-08-18,1.0,1,high,quartile_tails,0.25,1.0
607085,5,2021-08-18,1.0,1,high,quartile_tails,0.25,1.0
607264,5,2021-08-18,0.16666666666666666,0,baseline,quartile_tails,0.25,1.0
608817,5,2021-08-18,1.0,1,high,quartile_tails,0.25,1.0
609132,5,2021-08-18,0.0,0,baseline,quartile_tails,0.25,1.0
611864,5,2021-08-18,0.08333333333333333,0,baseline,quartile_tails,0.25,1.0
611908,5,2021-08-18,1.0,1,high,quartile_tails,0.25,1.0
611966,5,2021-08-18,1.0,1,high,quartile_tails,0.25,1.0
612727,5,2021-08-18,0.0,0,baseline,quartile_tails,0.25,1.0
613475,5,2021-08-18,1.0,1,high,quartile_tails,0.25,1.0
614660,5,2021-08-18,0.25,0,baseline,quartile_tails,0.25,1.0
616492,5,2021-08-18,1.0,1,high,quartile_tails,0.25,1.0
616970,5,2021-08-18,1.0,1,high,quartile_tails,0.25,1.0
617118,5,2021-08-18,1.0,1,high,quartile_tails,0.25,1.0
618533,5,2021-08-18,1.0,1,high,quartile_tails,0.25,1.0
618561,5,2021-08-18,0.0,0,baseline,quartile_tails,0.25,1.0
619352,5,2021-08-18,1.0,1,high,quartile_tails,0.25,1.0
622204,5,2021-08-18,0.20833333333333331,0,baseline,quartile_tails,0.25,1.0
624783,5,2021-08-18,1.0,1,high,quartile_tails,0.25,1.0
627523,5,2021-08-18,0.25,0,baseline,quartile_tails,0.25,1.0
627530,5,2021-08-18,1.0,1,high,quartile_tails,0.25,1.0
627907,5,2021-08-18,1.0,1,high,quartile_tails,0.25,1.0
633521,5,2021-08-18,0.0,0,baseline,quartile_tails,0.25,1.0
633671,5,2021-08-18,1.0,1,high,quartile_tails,0.25,1.0
633730,5,2021-08-18,1.0,1,high,quartile_tails,0.25,1.0
634478,5,2021-08-18,1.0,1,high,quartile_tails,0.25,1.0
635833,5,2021-08-18,0.16666666666666666,0,baseline,quartile_tails,0.25,1.0
635841,5,2021-08-18,1.0,1,high,quartile_tails,0.25,1.0
636188,5,2021-08-18,1.0,1,high,quartile_tails,0.25,1.0
636535,5,2021-08-18,1.0,1,high,quartile_tails,0.25,1.0
637941,5,2021-08-18,1.0,1,high,quartile_tails,0.25,1.0
638530,5,2021-08-18,0.16666666666666666,0,baseline,quartile_tails,0.25,1.0
639486,5,2021-08-18,1.0,1,high,quartile_tails,0.25,1.0
640138,5,2021-08-18,1.0,1,high,quartile_tails,0.25,1.0
642563,5,2021-08-18,1.0,1,high,quartile_tails,0.25,1.0
642729,5,2021-08-18,0.0,0,baseline,quartile_tails,0.25,1.0
645029,5,2021-08-18,0.0,0,baseline,quartile_tails,0.25,1.0
645587,5,2021-08-18,0.1111111111111111,0,baseline,quartile_tails,0.25,1.0
646519,5,2021-08-18,1.0,1,high,quartile_tails,0.25,1.0
646527,5,2021-08-18,1.0,1,high,quartile_tails,0.25,1.0
646533,5,2021-08-18,0.18154761904761904,0,baseline,quartile_tails,0.25,1.0
646534,5,2021-08-18,1.0,1,high,quartile_tails,0.25,1.0
646539,5,2021-08-18,1.0,1,high,quartile_tails,0.25,1.0
648116,5,2021-08-18,1.0,1,high,quartile_tails,0.25,1.0
649855,5,2021-08-18,0.25,0,baseline,quartile_tails,0.25,1.0
651390,5,2021-08-18,1.0,1,high,quartile_tails,0.25,1.0
651630,5,2021-08-18,0.16666666666666666,0,baseline,quartile_tails,0.25,1.0
651691,5,2021-08-18,0.0,0,baseline,quartile_tails,0.25,1.0
651775,5,2021-08-18,0.0,0,baseline,quartile_tails,0.25,1.0
652262,5,2021-08-18,0.0,0,baseline,quartile_tails,0.25,1.0
653377,5,2021-08-18,0.0,0,baseline,quartile_tails,0.25,1.0
653561,5,2021-08-18,1.0,1,high,quartile_tails,0.25,1.0
653856,5,2021-08-18,1.0,1,high,quartile_tails,0.25,1.0
654104,5,2021-08-18,1.0,1,high,quartile_tails,0.25,1.0
656549,5,2021-08-18,0.0,0,baseline,quartile_tails,0.25,1.0
658765,5,2021-08-18,0.0,0,baseline,quartile_tails,0.25,1.0
658808,5,2021-08-18,0.0,0,baseline,quartile_tails,0.25,1.0
659711,5,2021-08-18,0.16666666666666666,0,baseline,quartile_tails,0.25,1.0
660098,5,2021-08-18,1.0,1,high,quartile_tails,0.25,1.0
660429,5,2021-08-18,0.0,0,baseline,quartile_tails,0.25,1.0
660435,5,2021-08-18,0.0,0,baseline,quartile_tails,0.25,1.0
661021,5,2021-08-18,1.0,1,high,quartile_tails,0.25,1.0
661109,5,2021-08-18,0.0,0,baseline,quartile_tails,0.25,1.0
661450,5,2021-08-18,1.0,1,high,quartile_tails,0.25,1.0
661883,5,2021-08-18,0.125,0,baseline,quartile_tails,0.25,1.0
662830,5,2021-08-18,0.0,0,baseline,quartile_tails,0.25,1.0
664444,5,2021-08-18,1.0,1,high,quartile_tails,0.25,1.0
664850,5,2021-08-18,0.22916666666666666,0,baseline,quartile_tails,0.25,1.0
665187,5,2021-08-18,0.0,0,baseline,quartile_tails,0.25,1.0
666079,5,2021-08-18,0.0,0,baseline,quartile_tails,0.25,1.0
666875,5,2021-08-18,0.16666666666666666,0,baseline,quartile_tails,0.25,1.0
667712,5,2021-08-18,0.0,0,baseline,quartile_tails,0.25,1.0
669494,5,2021-08-18,0.0,0,baseline,quartile_tails,0.25,1.0
669824,5,2021-08-18,0.0,0,baseline,quartile_tails,0.25,1.0
670130,5,2021-08-18,1.0,1,high,quartile_tails,0.25,1.0
671379,5,2021-08-18,0.0,0,baseline,quartile_tails,0.25,1.0
671502,5,2021-08-18,1.0,1,high,quartile_tails,0.25,1.0
672739,5,2021-08-18,1.0,1,high,quartile_tails,0.25,1.0
673408,5,2021-08-18,1.0,1,high,quartile_tails,0.25,1.0
673968,5,2021-08-18,1.0,1,high,quartile_tails,0.25,1.0
674030,5,2021-08-18,1.0,1,high,quartile_tails,0.25,1.0
674531,5,2021-08-18,1.0,1,high,quartile_tails,0.25,1.0
674751,5,2021-08-18,0.0,0,baseline,quartile_tails,0.25,1.0
675623,5,2021-08-18,0.16666666666666666,0,baseline,quartile_tails,0.25,1.0
676174,5,2021-08-18,1.0,1,high,quartile_tails,0.25,1.0
676303,5,2021-08-18,0.0,0,baseline,quartile_tails,0.25,1.0
676390,5,2021-08-18,0.0,0,baseline,quartile_tails,0.25,1.0
676585,5,2021-08-18,0.16666666666666666,0,baseline,quartile_tails,0.25,1.0
677060,5,2021-08-18,1.0,1,high,quartile_tails,0.25,1.0
677298,5,2021-08-18,1.0,1,high,quartile_tails,0.25,1.0
678204,5,2021-08-18,0.16666666666666666,0,baseline,quartile_tails,0.25,1.0
679693,5,2021-08-18,1.0,1,high,quartile_tails,0.25,1.0
680896,5,2021-08-18,1.0,1,high,quartile_tails,0.25,1.0
680910,5,2021-08-18,0.0,0,baseline,quartile_tails,0.25,1.0
680947,5,2021-08-18,1.0,1,high,quartile_tails,0.25,1.0
681819,5,2021-08-18,0.1111111111111111,0,baseline,quartile_tails,0.25,1.0
682009,5,2021-08-18,1.0,1,high,quartile_tails,0.25,1.0
682452,5,2021-08-18,0.0,0,baseline,quartile_tails,0.25,1.0
682478,5,2021-08-18,0.0,0,baseline,quartile_tails,0.25,1.0
682695,5,2021-08-18,1.0,1,high,quartile_tails,0.25,1.0
682853,5,2021-08-18,0.0,0,baseline,quartile_tails,0.25,1.0
683593,5,2021-08-18,0.125,0,baseline,quartile_tails,0.25,1.0
684460,5,2021-08-18,0.0,0,baseline,quartile_tails,0.25,1.0
685268,5,2021-08-18,0.0,0,baseline,quartile_tails,0.25,1.0
686183,5,2021-08-18,1.0,1,high,quartile_tails,0.25,1.0
687826,5,2021-08-18,0.14285714285714285,0,baseline,quartile_tails,0.25,1.0
690119,5,2021-08-18,0.0,0,baseline,quartile_tails,0.25,1.0
690318,5,2021-08-18,1.0,1,high,quartile_tails,0.25,1.0
691588,5,2021-08-18,1.0,1,high,quartile_tails,0.25,1.0
691648,5,2021-08-18,0.0,0,baseline,quartile_tails,0.25,1.0
694115,5,2021-08-18,1.0,1,high,quartile_tails,0.25,1.0
694988,5,2021-08-18,0.125,0,baseline,quartile_tails,0.25,1.0
695523,5,2021-08-18,0.0,0,baseline,quartile_tails,0.25,1.0
697174,5,2021-08-18,1.0,1,high,quartile_tails,0.25,1.0
697410,5,2021-08-18,1.0,1,high,quartile_tails,0.25,1.0
697436,5,2021-08-18,1.0,1,high,quartile_tails,0.25,1.0
697948,5,2021-08-18,0.0,0,baseline,quartile_tails,0.25,1.0
698493,5,2021-08-18,1.0,1,high,quartile_tails,0.25,1.0
699042,5,2021-08-18,0.0,0,baseline,quartile_tails,0.25,1.0
701208,5,2021-08-18,1.0,1,high,quartile_tails,0.25,1.0
701844,5,2021-08-18,0.0,0,baseline,quartile_tails,0.25,1.0
702608,5,2021-08-18,1.0,1,high,quartile_tails,0.25,1.0
702637,5,2021-08-18,0.0,0,baseline,quartile_tails,0.25,1.0
702731,5,2021-08-18,0.0,0,baseline,quartile_tails,0.25,1.0
702851,5,2021-08-18,0.0,0,baseline,quartile_tails,0.25,1.0
703445,5,2021-08-18,0.25,0,baseline,quartile_tails,0.25,1.0
703610,5,2021-08-18,0.1111111111111111,0,baseline,quartile_tails,0.25,1.0
704063,5,2021-08-18,1.0,1,high,quartile_tails,0.25,1.0
706134,5,2021-08-18,0.0,0,baseline,quartile_tails,0.25,1.0
706870,5,2021-08-18,1.0,1,high,quartile_tails,0.25,1.0
707101,5,2021-08-18,1.0,1,high,quartile_tails,0.25,1.0
708112,5,2021-08-18,0.0,0,baseline,quartile_tails,0.25,1.0
708348,5,2021-08-18,0.25,0,baseline,quartile_tails,0.25,1.0
708521,5,2021-08-18,0.0,0,baseline,quartile_tails,0.25,1.0
708774,5,2021-08-18,0.0,0,baseline,quartile_tails,0.25,1.0
711715,5,2021-08-18,0.0,0,baseline,quartile_tails,0.25,1.0
713981,5,2021-08-18,0.0,0,baseline,quartile_tails,0.25,1.0
714823,5,2021-08-18,0.0,0,baseline,quartile_tails,0.25,1.0
716697,5,2021-08-18,1.0,1,high,quartile_tails,0.25,1.0
717618,5,2021-08-18,1.0,1,high,quartile_tails,0.25,1.0
717627,5,2021-08-18,1.0,1,high,quartile_tails,0.25,1.0
718482,5,2021-08-18,0.0,0,baseline,quartile_tails,0.25,1.0
718746,5,2021-08-18,0.08333333333333333,0,baseline,quartile_tails,0.25,1.0
720745,5,2021-08-18,1.0,1,high,quartile_tails,0.25,1.0
721979,5,2021-08-18,1.0,1,high,quartile_tails,0.25,1.0
722072,5,2021-08-18,0.0,0,baseline,quartile_tails,0.25,1.0
722164,5,2021-08-18,0.19444444444444442,0,baseline,quartile_tails,0.25,1.0
722269,5,2021-08-18,1.0,1,high,quartile_tails,0.25,1.0
722542,5,2021-08-18,0.0,0,baseline,quartile_tails,0.25,1.0
722752,5,2021-08-18,0.0,0,baseline,quartile_tails,0.25,1.0
722955,5,2021-08-18,1.0,1,high,quartile_tails,0.25,1.0
723624,5,2021-08-18,1.0,1,high,quartile_tails,0.25,1.0
724202,5,2021-08-18,1.0,1,high,quartile_tails,0.25,1.0
726727,5,2021-08-18,0.0,0,baseline,quartile_tails,0.25,1.0
726815,5,2021-08-18,0.0,0,baseline,quartile_tails,0.25,1.0
729972,5,2021-08-18,1.0,1,high,quartile_tails,0.25,1.0
734722,5,2021-08-18,1.0,1,high,quartile_tails,0.25,1.0
735361,5,2021-08-18,0.0,0,baseline,quartile_tails,0.25,1.0
736010,5,2021-08-18,0.07142857142857142,0,baseline,quartile_tails,0.25,1.0
736932,5,2021-08-18,0.125,0,baseline,quartile_tails,0.25,1.0
738526,5,2021-08-18,0.0,0,baseline,quartile_tails,0.25,1.0
739709,5,2021-08-18,1.0,1,high,quartile_tails,0.25,1.0
740247,5,2021-08-18,1.0,1,high,quartile_tails,0.25,1.0
740779,5,2021-08-18,1.0,1,high,quartile_tails,0.25,1.0
741119,5,2021-08-18,0.2222222222222222,0,baseline,quartile_tails,0.25,1.0
741179,5,2021-08-18,0.16666666666666666,0,baseline,quartile_tails,0.25,1.0
741216,5,2021-08-18,0.0,0,baseline,quartile_tails,0.25,1.0
741779,5,2021-08-18,0.0,0,baseline,quartile_tails,0.25,1.0
741990,5,2021-08-18,1.0,1,high,quartile_tails,0.25,1.0
744683,5,2021-08-18,0.25,0,baseline,quartile_tails,0.25,1.0
744977,5,2021-08-18,0.25,0,baseline,quartile_tails,0.25,1.0
745177,5,2021-08-18,1.0,1,high,quartile_tails,0.25,1.0
745874,5,2021-08-18,0.0,0,baseline,quartile_tails,0.25,1.0
746286,5,2021-08-18,1.0,1,high,quartile_tails,0.25,1.0
746398,5,2021-08-18,0.1111111111111111,0,baseline,quartile_tails,0.25,1.0
746806,5,2021-08-18,0.0,0,baseline,quartile_tails,0.25,1.0
746809,5,2021-08-18,0.16666666666666666,0,baseline,quartile_tails,0.25,1.0
747587,5,2021-08-18,1.0,1,high,quartile_tails,0.25,1.0
747760,5,2021-08-18,0.0,0,baseline,quartile_tails,0.25,1.0
750321,5,2021-08-18,1.0,1,high,quartile_tails,0.25,1.0
753349,5,2021-08-18,0.0,0,baseline,quartile_tails,0.25,1.0
754787,5,2021-08-18,1.0,1,high,quartile_tails,0.25,1.0
755260,5,2021-08-18,1.0,1,high,quartile_tails,0.25,1.0
755319,5,2021-08-18,0.125,0,baseline,quartile_tails,0.25,1.0
756058,5,2021-08-18,0.0,0,baseline,quartile_tails,0.25,1.0
757224,5,2021-08-18,0.0,0,baseline,quartile_tails,0.25,1.0
758877,5,2021-08-18,1.0,1,high,quartile_tails,0.25,1.0
759479,5,2021-08-18,0.0,0,baseline,quartile_tails,0.25,1.0
759836,5,2021-08-18,1.0,1,high,quartile_tails,0.25,1.0
760061,5,2021-08-18,1.0,1,high,quartile_tails,0.25,1.0
760923,5,2021-08-18,0.0,0,baseline,quartile_tails,0.25,1.0
761160,5,2021-08-18,0.22916666666666666,0,baseline,quartile_tails,0.25,1.0
761242,5,2021-08-18,0.0,0,baseline,quartile_tails,0.25,1.0
761466,5,2021-08-18,1.0,1,high,quartile_tails,0.25,1.0
763498,5,2021-08-18,1.0,1,high,quartile_tails,0.25,1.0
763581,5,2021-08-18,1.0,1,high,quartile_tails,0.25,1.0
763811,5,2021-08-18,0.0,0,baseline,quartile_tails,0.25,1.0
763956,5,2021-08-18,0.0,0,baseline,quartile_tails,0.25,1.0
764288,5,2021-08-18,1.0,1,high,quartile_tails,0.25,1.0
765686,5,2021-08-18,0.0,0,baseline,quartile_tails,0.25,1.0
767518,5,2021-08-18,0.0,0,baseline,quartile_tails,0.25,1.0
768118,5,2021-08-18,0.125,0,baseline,quartile_tails,0.25,1.0
768398,5,2021-08-18,0.0,0,baseline,quartile_tails,0.25,1.0
768411,5,2021-08-18,0.16666666666666666,0,baseline,quartile_tails,0.25,1.0
770748,5,2021-08-18,1.0,1,high,quartile_tails,0.25,1.0
771027,5,2021-08-18,0.0,0,baseline,quartile_tails,0.25,1.0
771950,5,2021-08-18,0.0,0,baseline,quartile_tails,0.25,1.0
772049,5,2021-08-18,0.0,0,baseline,quartile_tails,0.25,1.0
772469,5,2021-08-18,0.0,0,baseline,quartile_tails,0.25,1.0
773668,5,2021-08-18,0.25,0,baseline,quartile_tails,0.25,1.0
775397,5,2021-08-18,1.0,1,high,quartile_tails,0.25,1.0
777742,5,2021-08-18,1.0,1,high,quartile_tails,0.25,1.0
780118,5,2021-08-18,1.0,1,high,quartile_tails,0.25,1.0
780624,5,2021-08-18,0.25,0,baseline,quartile_tails,0.25,1.0
782408,5,2021-08-18,0.0,0,baseline,quartile_tails,0.25,1.0
783735,5,2021-08-18,0.0,0,baseline,quartile_tails,0.25,1.0
785494,5,2021-08-18,0.25,0,baseline,quartile_tails,0.25,1.0
785530,5,2021-08-18,0.0,0,baseline,quartile_tails,0.25,1.0
786129,5,2021-08-18,1.0,1,high,quartile_tails,0.25,1.0
786414,5,2021-08-18,1.0,1,high,quartile_tails,0.25,1.0
786428,5,2021-08-18,1.0,1,high,quartile_tails,0.25,1.0
787249,5,2021-08-18,0.0,0,baseline,quartile_tails,0.25,1.0
790056,5,2021-08-18,0.0,0,baseline,quartile_tails,0.25,1.0
790058,5,2021-08-18,1.0,1,high,quartile_tails,0.25,1.0
792260,5,2021-08-18,1.0,1,high,quartile_tails,0.25,1.0
793013,5,2021-08-18,0.25,0,baseline,quartile_tails,0.25,1.0
793312,5,2021-08-18,0.0,0,baseline,quartile_tails,0.25,1.0
793703,5,2021-08-18,0.0,0,baseline,quartile_tails,0.25,1.0
796729,5,2021-08-18,1.0,1,high,quartile_tails,0.25,1.0
797473,5,2021-08-18,1.0,1,high,quartile_tails,0.25,1.0
799106,5,2021-08-18,0.0,0,baseline,quartile_tails,0.25,1.0
801264,5,2021-08-18,1.0,1,high,quartile_tails,0.25,1.0
801266,5,2021-08-18,0.0,0,baseline,quartile_tails,0.25,1.0
803428,5,2021-08-18,1.0,1,high,quartile_tails,0.25,1.0
804279,5,2021-08-18,1.0,1,high,quartile_tails,0.25,1.0
805610,5,2021-08-18,0.0,0,baseline,quartile_tails,0.25,1.0
805670,5,2021-08-18,0.16666666666666666,0,baseline,quartile_tails,0.25,1.0
807140,5,2021-08-18,0.0,0,baseline,quartile_tails,0.25,1.0
807416,5,2021-08-18,1.0,1,high,quartile_tails,0.25,1.0
807776,5,2021-08-18,0.0,0,baseline,quartile_tails,0.25,1.0
808422,5,2021-08-18,0.125,0,baseline,quartile_tails,0.25,1.0
538,19,2021-07-15,0.0,0,baseline,quartile_tails,0.25,1.0
574,19,2021-07-15,0.0,0,baseline,quartile_tails,0.25,1.0
720,19,2021-07-15,0.0,0,baseline,quartile_tails,0.25,1.0
1293,19,2021-07-15,0.16666666666666666,0,baseline,quartile_tails,0.25,1.0
1325,19,2021-07-15,1.0,1,high,quartile_tails,0.25,1.0
3388,19,2021-07-15,1.0,1,high,quartile_tails,0.25,1.0
3658,19,2021-07-15,0.0,0,baseline,quartile_tails,0.25,1.0
4244,19,2021-07-15,1.0,1,high,quartile_tails,0.25,1.0
4951,19,2021-07-15,0.0,0,baseline,quartile_tails,0.25,1.0
7336,19,2021-07-15,1.0,1,high,quartile_tails,0.25,1.0
7802,19,2021-07-15,1.0,1,high,quartile_tails,0.25,1.0
9353,19,2021-07-15,0.0,0,baseline,quartile_tails,0.25,1.0
9866,19,2021-07-15,1.0,1,high,quartile_tails,0.25,1.0
9964,19,2021-07-15,0.0,0,baseline,quartile_tails,0.25,1.0
10147,19,2021-07-15,1.0,1,high,quartile_tails,0.25,1.0
11330,19,2021-07-15,0.0,0,baseline,quartile_tails,0.25,1.0
11532,19,2021-07-15,0.0,0,baseline,quartile_tails,0.25,1.0
12486,19,2021-07-15,0.16666666666666666,0,baseline,quartile_tails,0.25,1.0
12892,19,2021-07-15,1.0,1,high,quartile_tails,0.25,1.0
14880,19,2021-07-15,1.0,1,high,quartile_tails,0.25,1.0
14972,19,2021-07-15,0.16666666666666666,0,baseline,quartile_tails,0.25,1.0
16600,19,2021-07-15,0.0,0,baseline,quartile_tails,0.25,1.0
17996,19,2021-07-15,1.0,1,high,quartile_tails,0.25,1.0
18419,19,2021-07-15,0.0,0,baseline,quartile_tails,0.25,1.0
18507,19,2021-07-15,1.0,1,high,quartile_tails,0.25,1.0
19188,19,2021-07-15,0.16666666666666666,0,baseline,quartile_tails,0.25,1.0
19736,19,2021-07-15,1.0,1,high,quartile_tails,0.25,1.0
19797,19,2021-07-15,1.0,1,high,quartile_tails,0.25,1.0
20373,19,2021-07-15,1.0,1,high,quartile_tails,0.25,1.0
21561,19,2021-07-15,0.0,0,baseline,quartile_tails,0.25,1.0
22877,19,2021-07-15,0.0,0,baseline,quartile_tails,0.25,1.0
24671,19,2021-07-15,1.0,1,high,quartile_tails,0.25,1.0
25976,19,2021-07-15,1.0,1,high,quartile_tails,0.25,1.0
26302,19,2021-07-15,0.0,0,baseline,quartile_tails,0.25,1.0
29034,19,2021-07-15,0.0,0,baseline,quartile_tails,0.25,1.0
29656,19,2021-07-15,1.0,1,high,quartile_tails,0.25,1.0
29721,19,2021-07-15,1.0,1,high,quartile_tails,0.25,1.0
29768,19,2021-07-15,1.0,1,high,quartile_tails,0.25,1.0
29836,19,2021-07-15,0.25,0,baseline,quartile_tails,0.25,1.0
32718,19,2021-07-15,0.0,0,baseline,quartile_tails,0.25,1.0
33003,19,2021-07-15,0.0,0,baseline,quartile_tails,0.25,1.0
34473,19,2021-07-15,0.08333333333333333,0,baseline,quartile_tails,0.25,1.0
36775,19,2021-07-15,1.0,1,high,quartile_tails,0.25,1.0
36851,19,2021-07-15,1.0,1,high,quartile_tails,0.25,1.0
38690,19,2021-07-15,0.0,0,baseline,quartile_tails,0.25,1.0
39749,19,2021-07-15,1.0,1,high,quartile_tails,0.25,1.0
39773,19,2021-07-15,0.0,0,baseline,quartile_tails,0.25,1.0
39889,19,2021-07-15,0.0,0,baseline,quartile_tails,0.25,1.0
40041,19,2021-07-15,0.0,0,baseline,quartile_tails,0.25,1.0
40429,19,2021-07-15,1.0,1,high,quartile_tails,0.25,1.0
40491,19,2021-07-15,0.0,0,baseline,quartile_tails,0.25,1.0
41078,19,2021-07-15,0.14583333333333331,0,baseline,quartile_tails,0.25,1.0
42389,19,2021-07-15,1.0,1,high,quartile_tails,0.25,1.0
42413,19,2021-07-15,0.0,0,baseline,quartile_tails,0.25,1.0
47168,19,2021-07-15,0.0,0,baseline,quartile_tails,0.25,1.0
47286,19,2021-07-15,0.0,0,baseline,quartile_tails,0.25,1.0
47838,19,2021-07-15,0.0,0,baseline,quartile_tails,0.25,1.0
47862,19,2021-07-15,1.0,1,high,quartile_tails,0.25,1.0
47865,19,2021-07-15,0.0,0,baseline,quartile_tails,0.25,1.0
48825,19,2021-07-15,1.0,1,high,quartile_tails,0.25,1.0
49282,19,2021-07-15,1.0,1,high,quartile_tails,0.25,1.0
49629,19,2021-07-15,0.0,0,baseline,quartile_tails,0.25,1.0
49815,19,2021-07-15,0.0,0,baseline,quartile_tails,0.25,1.0
51361,19,2021-07-15,1.0,1,high,quartile_tails,0.25,1.0
51415,19,2021-07-15,0.0,0,baseline,quartile_tails,0.25,1.0
51740,19,2021-07-15,0.0,0,baseline,quartile_tails,0.25,1.0
51834,19,2021-07-15,0.25,0,baseline,quartile_tails,0.25,1.0
51859,19,2021-07-15,0.0,0,baseline,quartile_tails,0.25,1.0
53928,19,2021-07-15,1.0,1,high,quartile_tails,0.25,1.0
55989,19,2021-07-15,0.0,0,baseline,quartile_tails,0.25,1.0
56066,19,2021-07-15,1.0,1,high,quartile_tails,0.25,1.0
57965,19,2021-07-15,0.0,0,baseline,quartile_tails,0.25,1.0
58873,19,2021-07-15,0.0,0,baseline,quartile_tails,0.25,1.0
58953,19,2021-07-15,1.0,1,high,quartile_tails,0.25,1.0
59579,19,2021-07-15,0.0,0,baseline,quartile_tails,0.25,1.0
59749,19,2021-07-15,1.0,1,high,quartile_tails,0.25,1.0
59787,19,2021-07-15,0.25,0,baseline,quartile_tails,0.25,1.0
60521,19,2021-07-15,0.0,0,baseline,quartile_tails,0.25,1.0
60649,19,2021-07-15,0.125,0,baseline,quartile_tails,0.25,1.0
63141,19,2021-07-15,0.0,0,baseline,quartile_tails,0.25,1.0
63174,19,2021-07-15,1.0,1,high,quartile_tails,0.25,1.0
64332,19,2021-07-15,0.25,0,baseline,quartile_tails,0.25,1.0
64502,19,2021-07-15,0.25,0,baseline,quartile_tails,0.25,1.0
64520,19,2021-07-15,0.0,0,baseline,quartile_tails,0.25,1.0
65293,19,2021-07-15,0.0,0,baseline,quartile_tails,0.25,1.0
65524,19,2021-07-15,0.0,0,baseline,quartile_tails,0.25,1.0
66165,19,2021-07-15,0.16666666666666666,0,baseline,quartile_tails,0.25,1.0
66268,19,2021-07-15,1.0,1,high,quartile_tails,0.25,1.0
67003,19,2021-07-15,1.0,1,high,quartile_tails,0.25,1.0
68681,19,2021-07-15,1.0,1,high,quartile_tails,0.25,1.0
68850,19,2021-07-15,1.0,1,high,quartile_tails,0.25,1.0
69876,19,2021-07-15,0.0,0,baseline,quartile_tails,0.25,1.0
70916,19,2021-07-15,1.0,1,high,quartile_tails,0.25,1.0
71127,19,2021-07-15,0.0,0,baseline,quartile_tails,0.25,1.0
73559,19,2021-07-15,0.25,0,baseline,quartile_tails,0.25,1.0
73819,19,2021-07-15,0.125,0,baseline,quartile_tails,0.25,1.0
74216,19,2021-07-15,1.0,1,high,quartile_tails,0.25,1.0
74941,19,2021-07-15,0.0,0,baseline,quartile_tails,0.25,1.0
75046,19,2021-07-15,1.0,1,high,quartile_tails,0.25,1.0
76138,19,2021-07-15,0.0,0,baseline,quartile_tails,0.25,1.0
76923,19,2021-07-15,0.0,0,baseline,quartile_tails,0.25,1.0
77258,19,2021-07-15,0.0,0,baseline,quartile_tails,0.25,1.0
77985,19,2021-07-15,0.16666666666666666,0,baseline,quartile_tails,0.25,1.0
78037,19,2021-07-15,1.0,1,high,quartile_tails,0.25,1.0
80242,19,2021-07-15,0.0,0,baseline,quartile_tails,0.25,1.0
81017,19,2021-07-15,0.0,0,baseline,quartile_tails,0.25,1.0
82186,19,2021-07-15,1.0,1,high,quartile_tails,0.25,1.0
82426,19,2021-07-15,1.0,1,high,quartile_tails,0.25,1.0
83049,19,2021-07-15,1.0,1,high,quartile_tails,0.25,1.0
84593,19,2021-07-15,1.0,1,high,quartile_tails,0.25,1.0
85694,19,2021-07-15,0.125,0,baseline,quartile_tails,0.25,1.0
86780,19,2021-07-15,0.0,0,baseline,quartile_tails,0.25,1.0
87538,19,2021-07-15,0.0,0,baseline,quartile_tails,0.25,1.0
88687,19,2021-07-15,1.0,1,high,quartile_tails,0.25,1.0
88929,19,2021-07-15,0.16666666666666666,0,baseline,quartile_tails,0.25,1.0
89320,19,2021-07-15,0.0,0,baseline,quartile_tails,0.25,1.0
89966,19,2021-07-15,1.0,1,high,quartile_tails,0.25,1.0
91469,19,2021-07-15,0.0,0,baseline,quartile_tails,0.25,1.0
91753,19,2021-07-15,0.16666666666666666,0,baseline,quartile_tails,0.25,1.0
92513,19,2021-07-15,1.0,1,high,quartile_tails,0.25,1.0
93516,19,2021-07-15,0.25,0,baseline,quartile_tails,0.25,1.0
94433,19,2021-07-15,0.0,0,baseline,quartile_tails,0.25,1.0
94730,19,2021-07-15,1.0,1,high,quartile_tails,0.25,1.0
95193,19,2021-07-15,0.0,0,baseline,quartile_tails,0.25,1.0
96036,19,2021-07-15,1.0,1,high,quartile_tails,0.25,1.0
97083,19,2021-07-15,0.25,0,baseline,quartile_tails,0.25,1.0
97165,19,2021-07-15,0.0,0,baseline,quartile_tails,0.25,1.0
97797,19,2021-07-15,1.0,1,high,quartile_tails,0.25,1.0
99125,19,2021-07-15,1.0,1,high,quartile_tails,0.25,1.0
100234,19,2021-07-15,1.0,1,high,quartile_tails,0.25,1.0
100240,19,2021-07-15,1.0,1,high,quartile_tails,0.25,1.0
100694,19,2021-07-15,1.0,1,high,quartile_tails,0.25,1.0
101161,19,2021-07-15,1.0,1,high,quartile_tails,0.25,1.0
101369,19,2021-07-15,0.25,0,baseline,quartile_tails,0.25,1.0
101972,19,2021-07-15,1.0,1,high,quartile_tails,0.25,1.0
102105,19,2021-07-15,0.16666666666666666,0,baseline,quartile_tails,0.25,1.0
102185,19,2021-07-15,1.0,1,high,quartile_tails,0.25,1.0
102214,19,2021-07-15,0.0,0,baseline,quartile_tails,0.25,1.0
102234,19,2021-07-15,0.0,0,baseline,quartile_tails,0.25,1.0
102428,19,2021-07-15,0.0,0,baseline,quartile_tails,0.25,1.0
102431,19,2021-07-15,1.0,1,high,quartile_tails,0.25,1.0
103267,19,2021-07-15,0.0,0,baseline,quartile_tails,0.25,1.0
103412,19,2021-07-15,0.0,0,baseline,quartile_tails,0.25,1.0
104514,19,2021-07-15,0.0,0,baseline,quartile_tails,0.25,1.0
105727,19,2021-07-15,0.0,0,baseline,quartile_tails,0.25,1.0
106415,19,2021-07-15,0.0,0,baseline,quartile_tails,0.25,1.0
106574,19,2021-07-15,1.0,1,high,quartile_tails,0.25,1.0
107701,19,2021-07-15,1.0,1,high,quartile_tails,0.25,1.0
107857,19,2021-07-15,1.0,1,high,quartile_tails,0.25,1.0
108761,19,2021-07-15,1.0,1,high,quartile_tails,0.25,1.0
108778,19,2021-07-15,0.0,0,baseline,quartile_tails,0.25,1.0
110408,19,2021-07-15,0.2222222222222222,0,baseline,quartile_tails,0.25,1.0
111030,19,2021-07-15,0.0,0,baseline,quartile_tails,0.25,1.0
111682,19,2021-07-15,0.0,0,baseline,quartile_tails,0.25,1.0
112347,19,2021-07-15,0.25,0,baseline,quartile_tails,0.25,1.0
112493,19,2021-07-15,1.0,1,high,quartile_tails,0.25,1.0
112867,19,2021-07-15,0.16666666666666666,0,baseline,quartile_tails,0.25,1.0
113856,19,2021-07-15,1.0,1,high,quartile_tails,0.25,1.0
114637,19,2021-07-15,1.0,1,high,quartile_tails,0.25,1.0
114897,19,2021-07-15,1.0,1,high,quartile_tails,0.25,1.0
115057,19,2021-07-15,1.0,1,high,quartile_tails,0.25,1.0
115884,19,2021-07-15,1.0,1,high,quartile_tails,0.25,1.0
116296,19,2021-07-15,0.125,0,baseline,quartile_tails,0.25,1.0
116527,19,2021-07-15,0.25,0,baseline,quartile_tails,0.25,1.0
116700,19,2021-07-15,1.0,1,high,quartile_tails,0.25,1.0
117064,19,2021-07-15,1.0,1,high,quartile_tails,0.25,1.0
118295,19,2021-07-15,0.1875,0,baseline,quartile_tails,0.25,1.0
118347,19,2021-07-15,0.0,0,baseline,quartile_tails,0.25,1.0
119369,19,2021-07-15,1.0,1,high,quartile_tails,0.25,1.0
120226,19,2021-07-15,0.0,0,baseline,quartile_tails,0.25,1.0
120853,19,2021-07-15,0.25,0,baseline,quartile_tails,0.25,1.0
121607,19,2021-07-15,1.0,1,high,quartile_tails,0.25,1.0
122586,19,2021-07-15,0.16666666666666666,0,baseline,quartile_tails,0.25,1.0
123943,19,2021-07-15,0.125,0,baseline,quartile_tails,0.25,1.0
125225,19,2021-07-15,1.0,1,high,quartile_tails,0.25,1.0
127344,19,2021-07-15,1.0,1,high,quartile_tails,0.25,1.0
129057,19,2021-07-15,0.0,0,baseline,quartile_tails,0.25,1.0
130142,19,2021-07-15,0.0,0,baseline,quartile_tails,0.25,1.0
130161,19,2021-07-15,0.0,0,baseline,quartile_tails,0.25,1.0
130980,19,2021-07-15,1.0,1,high,quartile_tails,0.25,1.0
131975,19,2021-07-15,0.0,0,baseline,quartile_tails,0.25,1.0
133227,19,2021-07-15,0.0,0,baseline,quartile_tails,0.25,1.0
134095,19,2021-07-15,1.0,1,high,quartile_tails,0.25,1.0
134661,19,2021-07-15,0.0,0,baseline,quartile_tails,0.25,1.0
135256,19,2021-07-15,1.0,1,high,quartile_tails,0.25,1.0
136411,19,2021-07-15,0.0,0,baseline,quartile_tails,0.25,1.0
136457,19,2021-07-15,0.0,0,baseline,quartile_tails,0.25,1.0
137611,19,2021-07-15,1.0,1,high,quartile_tails,0.25,1.0
138224,19,2021-07-15,0.0,0,baseline,quartile_tails,0.25,1.0
138435,19,2021-07-15,1.0,1,high,quartile_tails,0.25,1.0
138662,19,2021-07-15,1.0,1,high,quartile_tails,0.25,1.0
139449,19,2021-07-15,0.0,0,baseline,quartile_tails,0.25,1.0
139603,19,2021-07-15,1.0,1,high,quartile_tails,0.25,1.0
139968,19,2021-07-15,0.16666666666666666,0,baseline,quartile_tails,0.25,1.0
141402,19,2021-07-15,1.0,1,high,quartile_tails,0.25,1.0
141428,19,2021-07-15,0.16666666666666666,0,baseline,quartile_tails,0.25,1.0
143990,19,2021-07-15,0.0,0,baseline,quartile_tails,0.25,1.0
144549,19,2021-07-15,1.0,1,high,quartile_tails,0.25,1.0
144562,19,2021-07-15,0.25,0,baseline,quartile_tails,0.25,1.0
145176,19,2021-07-15,1.0,1,high,quartile_tails,0.25,1.0
146469,19,2021-07-15,1.0,1,high,quartile_tails,0.25,1.0
146622,19,2021-07-15,1.0,1,high,quartile_tails,0.25,1.0
147066,19,2021-07-15,0.16666666666666666,0,baseline,quartile_tails,0.25,1.0
147910,19,2021-07-15,0.0,0,baseline,quartile_tails,0.25,1.0
150262,19,2021-07-15,0.20833333333333331,0,baseline,quartile_tails,0.25,1.0
150867,19,2021-07-15,1.0,1,high,quartile_tails,0.25,1.0
154260,19,2021-07-15,1.0,1,high,quartile_tails,0.25,1.0
154887,19,2021-07-15,1.0,1,high,quartile_tails,0.25,1.0
155693,19,2021-07-15,1.0,1,high,quartile_tails,0.25,1.0
155907,19,2021-07-15,1.0,1,high,quartile_tails,0.25,1.0
155925,19,2021-07-15,0.0,0,baseline,quartile_tails,0.25,1.0
156802,19,2021-07-15,0.125,0,baseline,quartile_tails,0.25,1.0
157078,19,2021-07-15,1.0,1,high,quartile_tails,0.25,1.0
159675,19,2021-07-15,1.0,1,high,quartile_tails,0.25,1.0
160990,19,2021-07-15,0.25,0,baseline,quartile_tails,0.25,1.0
161539,19,2021-07-15,1.0,1,high,quartile_tails,0.25,1.0
161670,19,2021-07-15,1.0,1,high,quartile_tails,0.25,1.0
162959,19,2021-07-15,0.0,0,baseline,quartile_tails,0.25,1.0
164960,19,2021-07-15,0.0,0,baseline,quartile_tails,0.25,1.0
165513,19,2021-07-15,1.0,1,high,quartile_tails,0.25,1.0
166151,19,2021-07-15,0.16666666666666666,0,baseline,quartile_tails,0.25,1.0
167679,19,2021-07-15,0.25,0,baseline,quartile_tails,0.25,1.0
168199,19,2021-07-15,0.0,0,baseline,quartile_tails,0.25,1.0
168762,19,2021-07-15,0.25,0,baseline,quartile_tails,0.25,1.0
168932,19,2021-07-15,1.0,1,high,quartile_tails,0.25,1.0
170890,19,2021-07-15,0.0,0,baseline,quartile_tails,0.25,1.0
171503,19,2021-07-15,1.0,1,high,quartile_tails,0.25,1.0
171701,19,2021-07-15,1.0,1,high,quartile_tails,0.25,1.0
171814,19,2021-07-15,1.0,1,high,quartile_tails,0.25,1.0
171878,19,2021-07-15,0.25,0,baseline,quartile_tails,0.25,1.0
172077,19,2021-07-15,0.0,0,baseline,quartile_tails,0.25,1.0
173721,19,2021-07-15,1.0,1,high,quartile_tails,0.25,1.0
173762,19,2021-07-15,0.0,0,baseline,quartile_tails,0.25,1.0
174776,19,2021-07-15,0.2222222222222222,0,baseline,quartile_tails,0.25,1.0
174990,19,2021-07-15,1.0,1,high,quartile_tails,0.25,1.0
175380,19,2021-07-15,0.25,0,baseline,quartile_tails,0.25,1.0
175384,19,2021-07-15,0.0,0,baseline,quartile_tails,0.25,1.0
175408,19,2021-07-15,0.0,0,baseline,quartile_tails,0.25,1.0
177551,19,2021-07-15,1.0,1,high,quartile_tails,0.25,1.0
177842,19,2021-07-15,0.0,0,baseline,quartile_tails,0.25,1.0
177978,19,2021-07-15,1.0,1,high,quartile_tails,0.25,1.0
178610,19,2021-07-15,1.0,1,high,quartile_tails,0.25,1.0
179743,19,2021-07-15,1.0,1,high,quartile_tails,0.25,1.0
180220,19,2021-07-15,1.0,1,high,quartile_tails,0.25,1.0
180944,19,2021-07-15,0.0,0,baseline,quartile_tails,0.25,1.0
181891,19,2021-07-15,1.0,1,high,quartile_tails,0.25,1.0
183863,19,2021-07-15,0.0,0,baseline,quartile_tails,0.25,1.0
184072,19,2021-07-15,1.0,1,high,quartile_tails,0.25,1.0
184466,19,2021-07-15,0.0,0,baseline,quartile_tails,0.25,1.0
184615,19,2021-07-15,0.0,0,baseline,quartile_tails,0.25,1.0
184866,19,2021-07-15,0.0,0,baseline,quartile_tails,0.25,1.0
185266,19,2021-07-15,0.25,0,baseline,quartile_tails,0.25,1.0
185472,19,2021-07-15,0.0,0,baseline,quartile_tails,0.25,1.0
185971,19,2021-07-15,1.0,1,high,quartile_tails,0.25,1.0
186049,19,2021-07-15,0.25,0,baseline,quartile_tails,0.25,1.0
186177,19,2021-07-15,1.0,1,high,quartile_tails,0.25,1.0
186529,19,2021-07-15,0.0,0,baseline,quartile_tails,0.25,1.0
186680,19,2021-07-15,1.0,1,high,quartile_tails,0.25,1.0
187018,19,2021-07-15,0.0,0,baseline,quartile_tails,0.25,1.0
187182,19,2021-07-15,1.0,1,high,quartile_tails,0.25,1.0
187376,19,2021-07-15,0.125,0,baseline,quartile_tails,0.25,1.0
187409,19,2021-07-15,1.0,1,high,quartile_tails,0.25,1.0
188104,19,2021-07-15,0.0,0,baseline,quartile_tails,0.25,1.0
188669,19,2021-07-15,0.25,0,baseline,quartile_tails,0.25,1.0
189466,19,2021-07-15,0.0,0,baseline,quartile_tails,0.25,1.0
191311,19,2021-07-15,1.0,1,high,quartile_tails,0.25,1.0
191671,19,2021-07-15,0.0,0,baseline,quartile_tails,0.25,1.0
191953,19,2021-07-15,1.0,1,high,quartile_tails,0.25,1.0
193187,19,2021-07-15,0.0,0,baseline,quartile_tails,0.25,1.0
196156,19,2021-07-15,0.1111111111111111,0,baseline,quartile_tails,0.25,1.0
197030,19,2021-07-15,1.0,1,high,quartile_tails,0.25,1.0
197909,19,2021-07-15,0.0,0,baseline,quartile_tails,0.25,1.0
198378,19,2021-07-15,1.0,1,high,quartile_tails,0.25,1.0
199829,19,2021-07-15,0.0,0,baseline,quartile_tails,0.25,1.0
199932,19,2021-07-15,0.0,0,baseline,quartile_tails,0.25,1.0
201863,19,2021-07-15,0.16666666666666666,0,baseline,quartile_tails,0.25,1.0
202006,19,2021-07-15,1.0,1,high,quartile_tails,0.25,1.0
202597,19,2021-07-15,0.0,0,baseline,quartile_tails,0.25,1.0
203003,19,2021-07-15,0.125,0,baseline,quartile_tails,0.25,1.0
203577,19,2021-07-15,1.0,1,high,quartile_tails,0.25,1.0
203949,19,2021-07-15,1.0,1,high,quartile_tails,0.25,1.0
206887,19,2021-07-15,0.125,0,baseline,quartile_tails,0.25,1.0
206953,19,2021-07-15,0.0625,0,baseline,quartile_tails,0.25,1.0
207091,19,2021-07-15,1.0,1,high,quartile_tails,0.25,1.0
207496,19,2021-07-15,0.25,0,baseline,quartile_tails,0.25,1.0
207775,19,2021-07-15,0.0,0,baseline,quartile_tails,0.25,1.0
208163,19,2021-07-15,0.0625,0,baseline,quartile_tails,0.25,1.0
208430,19,2021-07-15,0.125,0,baseline,quartile_tails,0.25,1.0
208887,19,2021-07-15,0.25,0,baseline,quartile_tails,0.25,1.0
209067,19,2021-07-15,0.0,0,baseline,quartile_tails,0.25,1.0
209966,19,2021-07-15,0.0,0,baseline,quartile_tails,0.25,1.0
211133,19,2021-07-15,0.0,0,baseline,quartile_tails,0.25,1.0
211199,19,2021-07-15,1.0,1,high,quartile_tails,0.25,1.0
211391,19,2021-07-15,0.0,0,baseline,quartile_tails,0.25,1.0
211821,19,2021-07-15,0.0,0,baseline,quartile_tails,0.25,1.0
212217,19,2021-07-15,0.0,0,baseline,quartile_tails,0.25,1.0
212432,19,2021-07-15,1.0,1,high,quartile_tails,0.25,1.0
212443,19,2021-07-15,1.0,1,high,quartile_tails,0.25,1.0
212604,19,2021-07-15,0.0,0,baseline,quartile_tails,0.25,1.0
213067,19,2021-07-15,1.0,1,high,quartile_tails,0.25,1.0
213361,19,2021-07-15,1.0,1,high,quartile_tails,0.25,1.0
213775,19,2021-07-15,1.0,1,high,quartile_tails,0.25,1.0
214827,19,2021-07-15,0.0,0,baseline,quartile_tails,0.25,1.0
215373,19,2021-07-15,0.0,0,baseline,quartile_tails,0.25,1.0
216240,19,2021-07-15,1.0,1,high,quartile_tails,0.25,1.0
216517,19,2021-07-15,1.0,1,high,quartile_tails,0.25,1.0
217163,19,2021-07-15,0.0,0,baseline,quartile_tails,0.25,1.0
217549,19,2021-07-15,0.0,0,baseline,quartile_tails,0.25,1.0
218117,19,2021-07-15,0.0,0,baseline,quartile_tails,0.25,1.0
218329,19,2021-07-15,1.0,1,high,quartile_tails,0.25,1.0
219434,19,2021-07-15,1.0,1,high,quartile_tails,0.25,1.0
219779,19,2021-07-15,0.0,0,baseline,quartile_tails,0.25,1.0
220462,19,2021-07-15,0.20833333333333331,0,baseline,quartile_tails,0.25,1.0
220499,19,2021-07-15,0.0,0,baseline,quartile_tails,0.25,1.0
220712,19,2021-07-15,1.0,1,high,quartile_tails,0.25,1.0
220777,19,2021-07-15,1.0,1,high,quartile_tails,0.25,1.0
221428,19,2021-07-15,1.0,1,high,quartile_tails,0.25,1.0
223149,19,2021-07-15,1.0,1,high,quartile_tails,0.25,1.0
223461,19,2021-07-15,0.0,0,baseline,quartile_tails,0.25,1.0
223750,19,2021-07-15,0.0,0,baseline,quartile_tails,0.25,1.0
224490,19,2021-07-15,0.0,0,baseline,quartile_tails,0.25,1.0
225109,19,2021-07-15,1.0,1,high,quartile_tails,0.25,1.0
225188,19,2021-07-15,1.0,1,high,quartile_tails,0.25,1.0
226592,19,2021-07-15,0.25,0,baseline,quartile_tails,0.25,1.0
226834,19,2021-07-15,0.0,0,baseline,quartile_tails,0.25,1.0
226927,19,2021-07-15,0.25,0,baseline,quartile_tails,0.25,1.0
227011,19,2021-07-15,1.0,1,high,quartile_tails,0.25,1.0
227109,19,2021-07-15,0.16666666666666666,0,baseline,quartile_tails,0.25,1.0
227619,19,2021-07-15,1.0,1,high,quartile_tails,0.25,1.0
227945,19,2021-07-15,0.0,0,baseline,quartile_tails,0.25,1.0
227980,19,2021-07-15,1.0,1,high,quartile_tails,0.25,1.0
229301,19,2021-07-15,0.0,0,baseline,quartile_tails,0.25,1.0
232273,19,2021-07-15,0.0,0,baseline,quartile_tails,0.25,1.0
232492,19,2021-07-15,1.0,1,high,quartile_tails,0.25,1.0
232627,19,2021-07-15,0.0,0,baseline,quartile_tails,0.25,1.0
233225,19,2021-07-15,0.2222222222222222,0,baseline,quartile_tails,0.25,1.0
233327,19,2021-07-15,0.16666666666666666,0,baseline,quartile_tails,0.25,1.0
233706,19,2021-07-15,0.0,0,baseline,quartile_tails,0.25,1.0
233963,19,2021-07-15,0.0,0,baseline,quartile_tails,0.25,1.0
236549,19,2021-07-15,0.0,0,baseline,quartile_tails,0.25,1.0
237165,19,2021-07-15,0.0,0,baseline,quartile_tails,0.25,1.0
237777,19,2021-07-15,0.125,0,baseline,quartile_tails,0.25,1.0
238750,19,2021-07-15,0.0,0,baseline,quartile_tails,0.25,1.0
239957,19,2021-07-15,1.0,1,high,quartile_tails,0.25,1.0
240758,19,2021-07-15,0.0,0,baseline,quartile_tails,0.25,1.0
241484,19,2021-07-15,0.0,0,baseline,quartile_tails,0.25,1.0
241903,19,2021-07-15,0.0,0,baseline,quartile_tails,0.25,1.0
242267,19,2021-07-15,0.0,0,baseline,quartile_tails,0.25,1.0
242464,19,2021-07-15,0.0,0,baseline,quartile_tails,0.25,1.0
243813,19,2021-07-15,0.2222222222222222,0,baseline,quartile_tails,0.25,1.0
244693,19,2021-07-15,0.25,0,baseline,quartile_tails,0.25,1.0
248451,19,2021-07-15,0.0,0,baseline,quartile_tails,0.25,1.0
249348,19,2021-07-15,1.0,1,high,quartile_tails,0.25,1.0
249849,19,2021-07-15,1.0,1,high,quartile_tails,0.25,1.0
249997,19,2021-07-15,0.0,0,baseline,quartile_tails,0.25,1.0
250106,19,2021-07-15,0.0,0,baseline,quartile_tails,0.25,1.0
250348,19,2021-07-15,0.0,0,baseline,quartile_tails,0.25,1.0
252157,19,2021-07-15,0.0,0,baseline,quartile_tails,0.25,1.0
253537,19,2021-07-15,1.0,1,high,quartile_tails,0.25,1.0
254652,19,2021-07-15,0.0,0,baseline,quartile_tails,0.25,1.0
255353,19,2021-07-15,1.0,1,high,quartile_tails,0.25,1.0
256800,19,2021-07-15,0.0,0,baseline,quartile_tails,0.25,1.0
257079,19,2021-07-15,0.0,0,baseline,quartile_tails,0.25,1.0
258195,19,2021-07-15,0.0,0,baseline,quartile_tails,0.25,1.0
259182,19,2021-07-15,0.0,0,baseline,quartile_tails,0.25,1.0
259658,19,2021-07-15,1.0,1,high,quartile_tails,0.25,1.0
259757,19,2021-07-15,0.0,0,baseline,quartile_tails,0.25,1.0
261073,19,2021-07-15,0.0,0,baseline,quartile_tails,0.25,1.0
261538,19,2021-07-15,1.0,1,high,quartile_tails,0.25,1.0
263628,19,2021-07-15,1.0,1,high,quartile_tails,0.25,1.0
263899,19,2021-07-15,0.0,0,baseline,quartile_tails,0.25,1.0
264154,19,2021-07-15,0.08333333333333333,0,baseline,quartile_tails,0.25,1.0
266473,19,2021-07-15,1.0,1,high,quartile_tails,0.25,1.0
266770,19,2021-07-15,1.0,1,high,quartile_tails,0.25,1.0
267083,19,2021-07-15,0.0,0,baseline,quartile_tails,0.25,1.0
267793,19,2021-07-15,0.0,0,baseline,quartile_tails,0.25,1.0
268563,19,2021-07-15,1.0,1,high,quartile_tails,0.25,1.0
268586,19,2021-07-15,0.0,0,baseline,quartile_tails,0.25,1.0
269587,19,2021-07-15,0.0,0,baseline,quartile_tails,0.25,1.0
269854,19,2021-07-15,1.0,1,high,quartile_tails,0.25,1.0
270498,19,2021-07-15,1.0,1,high,quartile_tails,0.25,1.0
271499,19,2021-07-15,0.0,0,baseline,quartile_tails,0.25,1.0
271605,19,2021-07-15,1.0,1,high,quartile_tails,0.25,1.0
272200,19,2021-07-15,1.0,1,high,quartile_tails,0.25,1.0
273374,19,2021-07-15,1.0,1,high,quartile_tails,0.25,1.0
275821,19,2021-07-15,0.0,0,baseline,quartile_tails,0.25,1.0
275907,19,2021-07-15,1.0,1,high,quartile_tails,0.25,1.0
276559,19,2021-07-15,0.0,0,baseline,quartile_tails,0.25,1.0
276990,19,2021-07-15,0.16666666666666666,0,baseline,quartile_tails,0.25,1.0
277272,19,2021-07-15,0.0,0,baseline,quartile_tails,0.25,1.0
278149,19,2021-07-15,0.0,0,baseline,quartile_tails,0.25,1.0
280334,19,2021-07-15,0.0,0,baseline,quartile_tails,0.25,1.0
280953,19,2021-07-15,1.0,1,high,quartile_tails,0.25,1.0
281100,19,2021-07-15,0.0,0,baseline,quartile_tails,0.25,1.0
281164,19,2021-07-15,1.0,1,high,quartile_tails,0.25,1.0
282055,19,2021-07-15,1.0,1,high,quartile_tails,0.25,1.0
282390,19,2021-07-15,0.0,0,baseline,quartile_tails,0.25,1.0
284822,19,2021-07-15,1.0,1,high,quartile_tails,0.25,1.0
284832,19,2021-07-15,1.0,1,high,quartile_tails,0.25,1.0
285237,19,2021-07-15,1.0,1,high,quartile_tails,0.25,1.0
285616,19,2021-07-15,0.0,0,baseline,quartile_tails,0.25,1.0
286368,19,2021-07-15,1.0,1,high,quartile_tails,0.25,1.0
286703,19,2021-07-15,1.0,1,high,quartile_tails,0.25,1.0
287224,19,2021-07-15,1.0,1,high,quartile_tails,0.25,1.0
287391,19,2021-07-15,0.0,0,baseline,quartile_tails,0.25,1.0
287674,19,2021-07-15,0.1,0,baseline,quartile_tails,0.25,1.0
287714,19,2021-07-15,0.125,0,baseline,quartile_tails,0.25,1.0
289543,19,2021-07-15,0.0,0,baseline,quartile_tails,0.25,1.0
290068,19,2021-07-15,0.125,0,baseline,quartile_tails,0.25,1.0
291037,19,2021-07-15,1.0,1,high,quartile_tails,0.25,1.0
291611,19,2021-07-15,0.0,0,baseline,quartile_tails,0.25,1.0
291739,19,2021-07-15,0.16666666666666666,0,baseline,quartile_tails,0.25,1.0
293094,19,2021-07-15,0.25,0,baseline,quartile_tails,0.25,1.0
293356,19,2021-07-15,0.0,0,baseline,quartile_tails,0.25,1.0
293358,19,2021-07-15,0.25,0,baseline,quartile_tails,0.25,1.0
294828,19,2021-07-15,1.0,1,high,quartile_tails,0.25,1.0
296393,19,2021-07-15,1.0,1,high,quartile_tails,0.25,1.0
296952,19,2021-07-15,1.0,1,high,quartile_tails,0.25,1.0
298133,19,2021-07-15,0.0,0,baseline,quartile_tails,0.25,1.0
299886,19,2021-07-15,1.0,1,high,quartile_tails,0.25,1.0
300143,19,2021-07-15,1.0,1,high,quartile_tails,0.25,1.0
301081,19,2021-07-15,0.0,0,baseline,quartile_tails,0.25,1.0
301084,19,2021-07-15,0.0,0,baseline,quartile_tails,0.25,1.0
302154,19,2021-07-15,0.0,0,baseline,quartile_tails,0.25,1.0
302624,19,2021-07-15,1.0,1,high,quartile_tails,0.25,1.0
303166,19,2021-07-15,1.0,1,high,quartile_tails,0.25,1.0
303228,19,2021-07-15,1.0,1,high,quartile_tails,0.25,1.0
303759,19,2021-07-15,0.0,0,baseline,quartile_tails,0.25,1.0
304451,19,2021-07-15,0.0,0,baseline,quartile_tails,0.25,1.0
304705,19,2021-07-15,0.0,0,baseline,quartile_tails,0.25,1.0
306221,19,2021-07-15,0.0,0,baseline,quartile_tails,0.25,1.0
306569,19,2021-07-15,0.0,0,baseline,quartile_tails,0.25,1.0
308644,19,2021-07-15,0.25,0,baseline,quartile_tails,0.25,1.0
309058,19,2021-07-15,0.0,0,baseline,quartile_tails,0.25,1.0
309324,19,2021-07-15,1.0,1,high,quartile_tails,0.25,1.0
310634,19,2021-07-15,1.0,1,high,quartile_tails,0.25,1.0
310971,19,2021-07-15,0.0,0,baseline,quartile_tails,0.25,1.0
311226,19,2021-07-15,0.16666666666666666,0,baseline,quartile_tails,0.25,1.0
311577,19,2021-07-15,0.0,0,baseline,quartile_tails,0.25,1.0
313123,19,2021-07-15,1.0,1,high,quartile_tails,0.25,1.0
313701,19,2021-07-15,1.0,1,high,quartile_tails,0.25,1.0
314501,19,2021-07-15,0.25,0,baseline,quartile_tails,0.25,1.0
316175,19,2021-07-15,0.0,0,baseline,quartile_tails,0.25,1.0
316739,19,2021-07-15,1.0,1,high,quartile_tails,0.25,1.0
317505,19,2021-07-15,1.0,1,high,quartile_tails,0.25,1.0
320899,19,2021-07-15,0.0,0,baseline,quartile_tails,0.25,1.0
322155,19,2021-07-15,0.0,0,baseline,quartile_tails,0.25,1.0
322517,19,2021-07-15,0.16666666666666666,0,baseline,quartile_tails,0.25,1.0
322892,19,2021-07-15,0.0,0,baseline,quartile_tails,0.25,1.0
323016,19,2021-07-15,1.0,1,high,quartile_tails,0.25,1.0
323192,19,2021-07-15,1.0,1,high,quartile_tails,0.25,1.0
323273,19,2021-07-15,0.16666666666666666,0,baseline,quartile_tails,0.25,1.0
323615,19,2021-07-15,0.0,0,baseline,quartile_tails,0.25,1.0
323773,19,2021-07-15,0.25,0,baseline,quartile_tails,0.25,1.0
324202,19,2021-07-15,1.0,1,high,quartile_tails,0.25,1.0
324392,19,2021-07-15,1.0,1,high,quartile_tails,0.25,1.0
325468,19,2021-07-15,0.0,0,baseline,quartile_tails,0.25,1.0
326954,19,2021-07-15,0.1,0,baseline,quartile_tails,0.25,1.0
327053,19,2021-07-15,0.125,0,baseline,quartile_tails,0.25,1.0
327577,19,2021-07-15,1.0,1,high,quartile_tails,0.25,1.0
327593,19,2021-07-15,1.0,1,high,quartile_tails,0.25,1.0
329331,19,2021-07-15,1.0,1,high,quartile_tails,0.25,1.0
332116,19,2021-07-15,1.0,1,high,quartile_tails,0.25,1.0
332242,19,2021-07-15,0.16666666666666666,0,baseline,quartile_tails,0.25,1.0
332399,19,2021-07-15,1.0,1,high,quartile_tails,0.25,1.0
333707,19,2021-07-15,1.0,1,high,quartile_tails,0.25,1.0
335655,19,2021-07-15,0.0,0,baseline,quartile_tails,0.25,1.0
336216,19,2021-07-15,0.0,0,baseline,quartile_tails,0.25,1.0
337089,19,2021-07-15,0.0,0,baseline,quartile_tails,0.25,1.0
338075,19,2021-07-15,1.0,1,high,quartile_tails,0.25,1.0
338392,19,2021-07-15,0.0,0,baseline,quartile_tails,0.25,1.0
339502,19,2021-07-15,0.16666666666666666,0,baseline,quartile_tails,0.25,1.0
341666,19,2021-07-15,0.0,0,baseline,quartile_tails,0.25,1.0
341684,19,2021-07-15,1.0,1,high,quartile_tails,0.25,1.0
342249,19,2021-07-15,1.0,1,high,quartile_tails,0.25,1.0
342301,19,2021-07-15,0.0,0,baseline,quartile_tails,0.25,1.0
342359,19,2021-07-15,1.0,1,high,quartile_tails,0.25,1.0
343599,19,2021-07-15,1.0,1,high,quartile_tails,0.25,1.0
344112,19,2021-07-15,1.0,1,high,quartile_tails,0.25,1.0
344733,19,2021-07-15,1.0,1,high,quartile_tails,0.25,1.0
345643,19,2021-07-15,1.0,1,high,quartile_tails,0.25,1.0
345874,19,2021-07-15,0.0,0,baseline,quartile_tails,0.25,1.0
347659,19,2021-07-15,1.0,1,high,quartile_tails,0.25,1.0
347742,19,2021-07-15,1.0,1,high,quartile_tails,0.25,1.0
349350,19,2021-07-15,1.0,1,high,quartile_tails,0.25,1.0
349581,19,2021-07-15,1.0,1,high,quartile_tails,0.25,1.0
350759,19,2021-07-15,0.25,0,baseline,quartile_tails,0.25,1.0
350840,19,2021-07-15,0.0,0,baseline,quartile_tails,0.25,1.0
351738,19,2021-07-15,1.0,1,high,quartile_tails,0.25,1.0
351808,19,2021-07-15,0.16666666666666666,0,baseline,quartile_tails,0.25,1.0
354691,19,2021-07-15,1.0,1,high,quartile_tails,0.25,1.0
355708,19,2021-07-15,0.25,0,baseline,quartile_tails,0.25,1.0
356257,19,2021-07-15,1.0,1,high,quartile_tails,0.25,1.0
356673,19,2021-07-15,0.0,0,baseline,quartile_tails,0.25,1.0
356851,19,2021-07-15,0.25,0,baseline,quartile_tails,0.25,1.0
360041,19,2021-07-15,0.0,0,baseline,quartile_tails,0.25,1.0
360057,19,2021-07-15,0.05,0,baseline,quartile_tails,0.25,1.0
360799,19,2021-07-15,1.0,1,high,quartile_tails,0.25,1.0
363829,19,2021-07-15,1.0,1,high,quartile_tails,0.25,1.0
363878,19,2021-07-15,1.0,1,high,quartile_tails,0.25,1.0
364153,19,2021-07-15,1.0,1,high,quartile_tails,0.25,1.0
365961,19,2021-07-15,1.0,1,high,quartile_tails,0.25,1.0
366155,19,2021-07-15,0.0,0,baseline,quartile_tails,0.25,1.0
366291,19,2021-07-15,0.0,0,baseline,quartile_tails,0.25,1.0
366830,19,2021-07-15,0.125,0,baseline,quartile_tails,0.25,1.0
369557,19,2021-07-15,0.0,0,baseline,quartile_tails,0.25,1.0
369621,19,2021-07-15,0.0,0,baseline,quartile_tails,0.25,1.0
370405,19,2021-07-15,1.0,1,high,quartile_tails,0.25,1.0
370620,19,2021-07-15,1.0,1,high,quartile_tails,0.25,1.0
370622,19,2021-07-15,0.0,0,baseline,quartile_tails,0.25,1.0
372685,19,2021-07-15,0.0,0,baseline,quartile_tails,0.25,1.0
373626,19,2021-07-15,0.25,0,baseline,quartile_tails,0.25,1.0
373733,19,2021-07-15,0.25,0,baseline,quartile_tails,0.25,1.0
373773,19,2021-07-15,0.16666666666666666,0,baseline,quartile_tails,0.25,1.0
374059,19,2021-07-15,0.125,0,baseline,quartile_tails,0.25,1.0
375211,19,2021-07-15,0.0,0,baseline,quartile_tails,0.25,1.0
375314,19,2021-07-15,1.0,1,high,quartile_tails,0.25,1.0
376297,19,2021-07-15,1.0,1,high,quartile_tails,0.25,1.0
377485,19,2021-07-15,0.16666666666666666,0,baseline,quartile_tails,0.25,1.0
377578,19,2021-07-15,0.16666666666666666,0,baseline,quartile_tails,0.25,1.0
378382,19,2021-07-15,0.0,0,baseline,quartile_tails,0.25,1.0
379512,19,2021-07-15,1.0,1,high,quartile_tails,0.25,1.0
379764,19,2021-07-15,0.0,0,baseline,quartile_tails,0.25,1.0
379804,19,2021-07-15,0.16666666666666666,0,baseline,quartile_tails,0.25,1.0
381408,19,2021-07-15,1.0,1,high,quartile_tails,0.25,1.0
383170,19,2021-07-15,1.0,1,high,quartile_tails,0.25,1.0
385481,19,2021-07-15,1.0,1,high,quartile_tails,0.25,1.0
386114,19,2021-07-15,0.125,0,baseline,quartile_tails,0.25,1.0
387656,19,2021-07-15,0.0,0,baseline,quartile_tails,0.25,1.0
387778,19,2021-07-15,0.0,0,baseline,quartile_tails,0.25,1.0
387788,19,2021-07-15,0.25,0,baseline,quartile_tails,0.25,1.0
387838,19,2021-07-15,1.0,1,high,quartile_tails,0.25,1.0
388392,19,2021-07-15,0.0,0,baseline,quartile_tails,0.25,1.0
388500,19,2021-07-15,0.0,0,baseline,quartile_tails,0.25,1.0
389463,19,2021-07-15,1.0,1,high,quartile_tails,0.25,1.0
389662,19,2021-07-15,1.0,1,high,quartile_tails,0.25,1.0
390304,19,2021-07-15,0.0,0,baseline,quartile_tails,0.25,1.0
390918,19,2021-07-15,0.0,0,baseline,quartile_tails,0.25,1.0
391944,19,2021-07-15,1.0,1,high,quartile_tails,0.25,1.0
391999,19,2021-07-15,0.25,0,baseline,quartile_tails,0.25,1.0
392053,19,2021-07-15,0.0,0,baseline,quartile_tails,0.25,1.0
392155,19,2021-07-15,1.0,1,high,quartile_tails,0.25,1.0
392608,19,2021-07-15,0.0,0,baseline,quartile_tails,0.25,1.0
392771,19,2021-07-15,0.0,0,baseline,quartile_tails,0.25,1.0
393392,19,2021-07-15,1.0,1,high,quartile_tails,0.25,1.0
393919,19,2021-07-15,0.0,0,baseline,quartile_tails,0.25,1.0
395195,19,2021-07-15,1.0,1,high,quartile_tails,0.25,1.0
395339,19,2021-07-15,0.25,0,baseline,quartile_tails,0.25,1.0
396111,19,2021-07-15,0.0,0,baseline,quartile_tails,0.25,1.0
398942,19,2021-07-15,0.0,0,baseline,quartile_tails,0.25,1.0
399103,19,2021-07-15,0.0,0,baseline,quartile_tails,0.25,1.0
400343,19,2021-07-15,0.0,0,baseline,quartile_tails,0.25,1.0
401168,19,2021-07-15,0.0,0,baseline,quartile_tails,0.25,1.0
401518,19,2021-07-15,0.0,0,baseline,quartile_tails,0.25,1.0
404157,19,2021-07-15,0.2222222222222222,0,baseline,quartile_tails,0.25,1.0
404556,19,2021-07-15,0.0,0,baseline,quartile_tails,0.25,1.0
404849,19,2021-07-15,0.0,0,baseline,quartile_tails,0.25,1.0
405690,19,2021-07-15,1.0,1,high,quartile_tails,0.25,1.0
405870,19,2021-07-15,0.0,0,baseline,quartile_tails,0.25,1.0
407022,19,2021-07-15,1.0,1,high,quartile_tails,0.25,1.0
407042,19,2021-07-15,0.16666666666666666,0,baseline,quartile_tails,0.25,1.0
407631,19,2021-07-15,1.0,1,high,quartile_tails,0.25,1.0
408286,19,2021-07-15,0.0,0,baseline,quartile_tails,0.25,1.0
411651,19,2021-07-15,1.0,1,high,quartile_tails,0.25,1.0
412923,19,2021-07-15,1.0,1,high,quartile_tails,0.25,1.0
413068,19,2021-07-15,1.0,1,high,quartile_tails,0.25,1.0
415466,19,2021-07-15,1.0,1,high,quartile_tails,0.25,1.0
416529,19,2021-07-15,1.0,1,high,quartile_tails,0.25,1.0
417403,19,2021-07-15,1.0,1,high,quartile_tails,0.25,1.0
417829,19,2021-07-15,0.25,0,baseline,quartile_tails,0.25,1.0
418048,19,2021-07-15,1.0,1,high,quartile_tails,0.25,1.0
418432,19,2021-07-15,0.25,0,baseline,quartile_tails,0.25,1.0
419284,19,2021-07-15,0.0,0,baseline,quartile_tails,0.25,1.0
419799,19,2021-07-15,0.16666666666666666,0,baseline,quartile_tails,0.25,1.0
420091,19,2021-07-15,1.0,1,high,quartile_tails,0.25,1.0
420309,19,2021-07-15,1.0,1,high,quartile_tails,0.25,1.0
420503,19,2021-07-15,0.0,0,baseline,quartile_tails,0.25,1.0
420889,19,2021-07-15,1.0,1,high,quartile_tails,0.25,1.0
421109,19,2021-07-15,0.0,0,baseline,quartile_tails,0.25,1.0
421678,19,2021-07-15,0.0,0,baseline,quartile_tails,0.25,1.0
421697,19,2021-07-15,1.0,1,high,quartile_tails,0.25,1.0
422372,19,2021-07-15,0.0,0,baseline,quartile_tails,0.25,1.0
422637,19,2021-07-15,0.16666666666666666,0,baseline,quartile_tails,0.25,1.0
422845,19,2021-07-15,1.0,1,high,quartile_tails,0.25,1.0
424114,19,2021-07-15,1.0,1,high,quartile_tails,0.25,1.0
425511,19,2021-07-15,0.0,0,baseline,quartile_tails,0.25,1.0
427795,19,2021-07-15,0.0,0,baseline,quartile_tails,0.25,1.0
428159,19,2021-07-15,0.0,0,baseline,quartile_tails,0.25,1.0
428354,19,2021-07-15,1.0,1,high,quartile_tails,0.25,1.0
428389,19,2021-07-15,1.0,1,high,quartile_tails,0.25,1.0
428969,19,2021-07-15,1.0,1,high,quartile_tails,0.25,1.0
429118,19,2021-07-15,0.0,0,baseline,quartile_tails,0.25,1.0
429250,19,2021-07-15,0.0,0,baseline,quartile_tails,0.25,1.0
433421,19,2021-07-15,1.0,1,high,quartile_tails,0.25,1.0
433659,19,2021-07-15,1.0,1,high,quartile_tails,0.25,1.0
434097,19,2021-07-15,1.0,1,high,quartile_tails,0.25,1.0
434712,19,2021-07-15,0.0,0,baseline,quartile_tails,0.25,1.0
435449,19,2021-07-15,0.20833333333333331,0,baseline,quartile_tails,0.25,1.0
436057,19,2021-07-15,1.0,1,high,quartile_tails,0.25,1.0
436165,19,2021-07-15,1.0,1,high,quartile_tails,0.25,1.0
436846,19,2021-07-15,0.0,0,baseline,quartile_tails,0.25,1.0
437402,19,2021-07-15,0.16666666666666666,0,baseline,quartile_tails,0.25,1.0
438730,19,2021-07-15,1.0,1,high,quartile_tails,0.25,1.0
439046,19,2021-07-15,1.0,1,high,quartile_tails,0.25,1.0
439184,19,2021-07-15,1.0,1,high,quartile_tails,0.25,1.0
439474,19,2021-07-15,0.0,0,baseline,quartile_tails,0.25,1.0
439496,19,2021-07-15,0.0,0,baseline,quartile_tails,0.25,1.0
439790,19,2021-07-15,0.0,0,baseline,quartile_tails,0.25,1.0
440739,19,2021-07-15,1.0,1,high,quartile_tails,0.25,1.0
441034,19,2021-07-15,0.08333333333333333,0,baseline,quartile_tails,0.25,1.0
441203,19,2021-07-15,0.0,0,baseline,quartile_tails,0.25,1.0
441779,19,2021-07-15,1.0,1,high,quartile_tails,0.25,1.0
442701,19,2021-07-15,0.0,0,baseline,quartile_tails,0.25,1.0
442851,19,2021-07-15,0.08333333333333333,0,baseline,quartile_tails,0.25,1.0
444198,19,2021-07-15,1.0,1,high,quartile_tails,0.25,1.0
444633,19,2021-07-15,0.16666666666666666,0,baseline,quartile_tails,0.25,1.0
446031,19,2021-07-15,1.0,1,high,quartile_tails,0.25,1.0
446040,19,2021-07-15,0.1875,0,baseline,quartile_tails,0.25,1.0
447101,19,2021-07-15,1.0,1,high,quartile_tails,0.25,1.0
448419,19,2021-07-15,0.125,0,baseline,quartile_tails,0.25,1.0
448571,19,2021-07-15,0.0,0,baseline,quartile_tails,0.25,1.0
448952,19,2021-07-15,1.0,1,high,quartile_tails,0.25,1.0
449055,19,2021-07-15,1.0,1,high,quartile_tails,0.25,1.0
449431,19,2021-07-15,1.0,1,high,quartile_tails,0.25,1.0
449515,19,2021-07-15,0.0,0,baseline,quartile_tails,0.25,1.0
450027,19,2021-07-15,0.0,0,baseline,quartile_tails,0.25,1.0
450816,19,2021-07-15,0.0,0,baseline,quartile_tails,0.25,1.0
451090,19,2021-07-15,0.0,0,baseline,quartile_tails,0.25,1.0
451157,19,2021-07-15,0.25,0,baseline,quartile_tails,0.25,1.0
451479,19,2021-07-15,0.125,0,baseline,quartile_tails,0.25,1.0
453370,19,2021-07-15,1.0,1,high,quartile_tails,0.25,1.0
456540,19,2021-07-15,1.0,1,high,quartile_tails,0.25,1.0
456869,19,2021-07-15,1.0,1,high,quartile_tails,0.25,1.0
457278,19,2021-07-15,1.0,1,high,quartile_tails,0.25,1.0
457460,19,2021-07-15,0.0,0,baseline,quartile_tails,0.25,1.0
458213,19,2021-07-15,0.0,0,baseline,quartile_tails,0.25,1.0
458997,19,2021-07-15,0.08333333333333333,0,baseline,quartile_tails,0.25,1.0
459213,19,2021-07-15,1.0,1,high,quartile_tails,0.25,1.0
459573,19,2021-07-15,0.25,0,baseline,quartile_tails,0.25,1.0
459602,19,2021-07-15,0.0,0,baseline,quartile_tails,0.25,1.0
459852,19,2021-07-15,0.25,0,baseline,quartile_tails,0.25,1.0
462742,19,2021-07-15,0.0,0,baseline,quartile_tails,0.25,1.0
462996,19,2021-07-15,0.0,0,baseline,quartile_tails,0.25,1.0
463113,19,2021-07-15,1.0,1,high,quartile_tails,0.25,1.0
463592,19,2021-07-15,0.0,0,baseline,quartile_tails,0.25,1.0
463794,19,2021-07-15,1.0,1,high,quartile_tails,0.25,1.0
464222,19,2021-07-15,0.125,0,baseline,quartile_tails,0.25,1.0
464566,19,2021-07-15,1.0,1,high,quartile_tails,0.25,1.0
465030,19,2021-07-15,0.0,0,baseline,quartile_tails,0.25,1.0
465218,19,2021-07-15,1.0,1,high,quartile_tails,0.25,1.0
465293,19,2021-07-15,0.0,0,baseline,quartile_tails,0.25,1.0
465725,19,2021-07-15,0.16666666666666666,0,baseline,quartile_tails,0.25,1.0
466289,19,2021-07-15,0.0,0,baseline,quartile_tails,0.25,1.0
466745,19,2021-07-15,1.0,1,high,quartile_tails,0.25,1.0
467312,19,2021-07-15,1.0,1,high,quartile_tails,0.25,1.0
467572,19,2021-07-15,0.0,0,baseline,quartile_tails,0.25,1.0
467594,19,2021-07-15,0.1111111111111111,0,baseline,quartile_tails,0.25,1.0
468204,19,2021-07-15,1.0,1,high,quartile_tails,0.25,1.0
469069,19,2021-07-15,0.0,0,baseline,quartile_tails,0.25,1.0
470195,19,2021-07-15,0.0,0,baseline,quartile_tails,0.25,1.0
471187,19,2021-07-15,1.0,1,high,quartile_tails,0.25,1.0
471394,19,2021-07-15,0.25,0,baseline,quartile_tails,0.25,1.0
471712,19,2021-07-15,0.0,0,baseline,quartile_tails,0.25,1.0
472606,19,2021-07-15,0.0,0,baseline,quartile_tails,0.25,1.0
473565,19,2021-07-15,1.0,1,high,quartile_tails,0.25,1.0
474640,19,2021-07-15,0.0,0,baseline,quartile_tails,0.25,1.0
475697,19,2021-07-15,1.0,1,high,quartile_tails,0.25,1.0
476511,19,2021-07-15,0.0,0,baseline,quartile_tails,0.25,1.0
477412,19,2021-07-15,0.25,0,baseline,quartile_tails,0.25,1.0
478354,19,2021-07-15,1.0,1,high,quartile_tails,0.25,1.0
478381,19,2021-07-15,1.0,1,high,quartile_tails,0.25,1.0
479342,19,2021-07-15,0.25,0,baseline,quartile_tails,0.25,1.0
480155,19,2021-07-15,0.20833333333333331,0,baseline,quartile_tails,0.25,1.0
480922,19,2021-07-15,0.0,0,baseline,quartile_tails,0.25,1.0
481559,19,2021-07-15,0.13333333333333333,0,baseline,quartile_tails,0.25,1.0
482245,19,2021-07-15,0.0,0,baseline,quartile_tails,0.25,1.0
482867,19,2021-07-15,1.0,1,high,quartile_tails,0.25,1.0
483655,19,2021-07-15,1.0,1,high,quartile_tails,0.25,1.0
485255,19,2021-07-15,0.0,0,baseline,quartile_tails,0.25,1.0
485510,19,2021-07-15,1.0,1,high,quartile_tails,0.25,1.0
486044,19,2021-07-15,0.0,0,baseline,quartile_tails,0.25,1.0
486587,19,2021-07-15,1.0,1,high,quartile_tails,0.25,1.0
486675,19,2021-07-15,1.0,1,high,quartile_tails,0.25,1.0
487196,19,2021-07-15,0.0,0,baseline,quartile_tails,0.25,1.0
487534,19,2021-07-15,0.0,0,baseline,quartile_tails,0.25,1.0
488381,19,2021-07-15,1.0,1,high,quartile_tails,0.25,1.0
488424,19,2021-07-15,1.0,1,high,quartile_tails,0.25,1.0
488912,19,2021-07-15,0.0,0,baseline,quartile_tails,0.25,1.0
489266,19,2021-07-15,1.0,1,high,quartile_tails,0.25,1.0
490214,19,2021-07-15,1.0,1,high,quartile_tails,0.25,1.0
491476,19,2021-07-15,0.0,0,baseline,quartile_tails,0.25,1.0
492269,19,2021-07-15,1.0,1,high,quartile_tails,0.25,1.0
492393,19,2021-07-15,0.0,0,baseline,quartile_tails,0.25,1.0
493236,19,2021-07-15,0.0,0,baseline,quartile_tails,0.25,1.0
493346,19,2021-07-15,0.25,0,baseline,quartile_tails,0.25,1.0
493559,19,2021-07-15,1.0,1,high,quartile_tails,0.25,1.0
494121,19,2021-07-15,0.05,0,baseline,quartile_tails,0.25,1.0
494152,19,2021-07-15,0.0,0,baseline,quartile_tails,0.25,1.0
495946,19,2021-07-15,1.0,1,high,quartile_tails,0.25,1.0
497186,19,2021-07-15,0.0,0,baseline,quartile_tails,0.25,1.0
498664,19,2021-07-15,1.0,1,high,quartile_tails,0.25,1.0
499030,19,2021-07-15,0.0,0,baseline,quartile_tails,0.25,1.0
499142,19,2021-07-15,1.0,1,high,quartile_tails,0.25,1.0
499373,19,2021-07-15,1.0,1,high,quartile_tails,0.25,1.0
499801,19,2021-07-15,0.16666666666666666,0,baseline,quartile_tails,0.25,1.0
499893,19,2021-07-15,0.0,0,baseline,quartile_tails,0.25,1.0
501208,19,2021-07-15,0.0,0,baseline,quartile_tails,0.25,1.0
501751,19,2021-07-15,0.18392857142857144,0,baseline,quartile_tails,0.25,1.0
502367,19,2021-07-15,0.0,0,baseline,quartile_tails,0.25,1.0
502692,19,2021-07-15,0.0,0,baseline,quartile_tails,0.25,1.0
503736,19,2021-07-15,0.0,0,baseline,quartile_tails,0.25,1.0
506424,19,2021-07-15,0.1875,0,baseline,quartile_tails,0.25,1.0
506608,19,2021-07-15,0.2222222222222222,0,baseline,quartile_tails,0.25,1.0
506661,19,2021-07-15,0.16666666666666666,0,baseline,quartile_tails,0.25,1.0
507764,19,2021-07-15,0.0,0,baseline,quartile_tails,0.25,1.0
507783,19,2021-07-15,0.0,0,baseline,quartile_tails,0.25,1.0
508634,19,2021-07-15,0.0,0,baseline,quartile_tails,0.25,1.0
509139,19,2021-07-15,0.0,0,baseline,quartile_tails,0.25,1.0
509999,19,2021-07-15,0.0,0,baseline,quartile_tails,0.25,1.0
510454,19,2021-07-15,0.0,0,baseline,quartile_tails,0.25,1.0
511109,19,2021-07-15,1.0,1,high,quartile_tails,0.25,1.0
511116,19,2021-07-15,0.25,0,baseline,quartile_tails,0.25,1.0
514492,19,2021-07-15,0.16666666666666666,0,baseline,quartile_tails,0.25,1.0
514821,19,2021-07-15,1.0,1,high,quartile_tails,0.25,1.0
515070,19,2021-07-15,0.14583333333333331,0,baseline,quartile_tails,0.25,1.0
515498,19,2021-07-15,0.16666666666666666,0,baseline,quartile_tails,0.25,1.0
515517,19,2021-07-15,1.0,1,high,quartile_tails,0.25,1.0
516866,19,2021-07-15,1.0,1,high,quartile_tails,0.25,1.0
517875,19,2021-07-15,1.0,1,high,quartile_tails,0.25,1.0
518048,19,2021-07-15,1.0,1,high,quartile_tails,0.25,1.0
518287,19,2021-07-15,0.0,0,baseline,quartile_tails,0.25,1.0
518495,19,2021-07-15,1.0,1,high,quartile_tails,0.25,1.0
518766,19,2021-07-15,0.0,0,baseline,quartile_tails,0.25,1.0
519272,19,2021-07-15,1.0,1,high,quartile_tails,0.25,1.0
519554,19,2021-07-15,1.0,1,high,quartile_tails,0.25,1.0
519690,19,2021-07-15,0.0,0,baseline,quartile_tails,0.25,1.0
520872,19,2021-07-15,0.25,0,baseline,quartile_tails,0.25,1.0
521591,19,2021-07-15,1.0,1,high,quartile_tails,0.25,1.0
521655,19,2021-07-15,0.25,0,baseline,quartile_tails,0.25,1.0
521797,19,2021-07-15,0.25,0,baseline,quartile_tails,0.25,1.0
522030,19,2021-07-15,0.0,0,baseline,quartile_tails,0.25,1.0
522056,19,2021-07-15,1.0,1,high,quartile_tails,0.25,1.0
522215,19,2021-07-15,1.0,1,high,quartile_tails,0.25,1.0
522466,19,2021-07-15,0.0,0,baseline,quartile_tails,0.25,1.0
522550,19,2021-07-15,0.25,0,baseline,quartile_tails,0.25,1.0
523484,19,2021-07-15,0.0,0,baseline,quartile_tails,0.25,1.0
523789,19,2021-07-15,0.0,0,baseline,quartile_tails,0.25,1.0
524136,19,2021-07-15,0.0,0,baseline,quartile_tails,0.25,1.0
524197,19,2021-07-15,1.0,1,high,quartile_tails,0.25,1.0
524350,19,2021-07-15,1.0,1,high,quartile_tails,0.25,1.0
524657,19,2021-07-15,1.0,1,high,quartile_tails,0.25,1.0
524750,19,2021-07-15,0.0,0,baseline,quartile_tails,0.25,1.0
525674,19,2021-07-15,1.0,1,high,quartile_tails,0.25,1.0
526163,19,2021-07-15,0.0,0,baseline,quartile_tails,0.25,1.0
526272,19,2021-07-15,1.0,1,high,quartile_tails,0.25,1.0
526898,19,2021-07-15,0.08333333333333333,0,baseline,quartile_tails,0.25,1.0
526936,19,2021-07-15,1.0,1,high,quartile_tails,0.25,1.0
527146,19,2021-07-15,1.0,1,high,quartile_tails,0.25,1.0
528245,19,2021-07-15,0.0,0,baseline,quartile_tails,0.25,1.0
528441,19,2021-07-15,1.0,1,high,quartile_tails,0.25,1.0
528631,19,2021-07-15,0.0,0,baseline,quartile_tails,0.25,1.0
530458,19,2021-07-15,1.0,1,high,quartile_tails,0.25,1.0
531245,19,2021-07-15,1.0,1,high,quartile_tails,0.25,1.0
531462,19,2021-07-15,1.0,1,high,quartile_tails,0.25,1.0
531585,19,2021-07-15,0.25,0,baseline,quartile_tails,0.25,1.0
533303,19,2021-07-15,1.0,1,high,quartile_tails,0.25,1.0
533356,19,2021-07-15,0.1111111111111111,0,baseline,quartile_tails,0.25,1.0
534102,19,2021-07-15,1.0,1,high,quartile_tails,0.25,1.0
535165,19,2021-07-15,1.0,1,high,quartile_tails,0.25,1.0
537620,19,2021-07-15,0.0,0,baseline,quartile_tails,0.25,1.0
537801,19,2021-07-15,1.0,1,high,quartile_tails,0.25,1.0
537853,19,2021-07-15,0.0,0,baseline,quartile_tails,0.25,1.0
538016,19,2021-07-15,0.0,0,baseline,quartile_tails,0.25,1.0
538374,19,2021-07-15,0.0,0,baseline,quartile_tails,0.25,1.0
539714,19,2021-07-15,0.0,0,baseline,quartile_tails,0.25,1.0
540324,19,2021-07-15,0.125,0,baseline,quartile_tails,0.25,1.0
540419,19,2021-07-15,0.25,0,baseline,quartile_tails,0.25,1.0
540524,19,2021-07-15,1.0,1,high,quartile_tails,0.25,1.0
540978,19,2021-07-15,0.25,0,baseline,quartile_tails,0.25,1.0
541046,19,2021-07-15,1.0,1,high,quartile_tails,0.25,1.0
541248,19,2021-07-15,0.0,0,baseline,quartile_tails,0.25,1.0
541579,19,2021-07-15,1.0,1,high,quartile_tails,0.25,1.0
542184,19,2021-07-15,1.0,1,high,quartile_tails,0.25,1.0
542319,19,2021-07-15,1.0,1,high,quartile_tails,0.25,1.0
542832,19,2021-07-15,1.0,1,high,quartile_tails,0.25,1.0
544088,19,2021-07-15,0.0,0,baseline,quartile_tails,0.25,1.0
544407,19,2021-07-15,0.0,0,baseline,quartile_tails,0.25,1.0
544882,19,2021-07-15,1.0,1,high,quartile_tails,0.25,1.0
545141,19,2021-07-15,0.125,0,baseline,quartile_tails,0.25,1.0
545443,19,2021-07-15,0.0,0,baseline,quartile_tails,0.25,1.0
545548,19,2021-07-15,1.0,1,high,quartile_tails,0.25,1.0
545652,19,2021-07-15,1.0,1,high,quartile_tails,0.25,1.0
546416,19,2021-07-15,0.25,0,baseline,quartile_tails,0.25,1.0
547657,19,2021-07-15,1.0,1,high,quartile_tails,0.25,1.0
548037,19,2021-07-15,0.0,0,baseline,quartile_tails,0.25,1.0
548105,19,2021-07-15,1.0,1,high,quartile_tails,0.25,1.0
548128,19,2021-07-15,0.25,0,baseline,quartile_tails,0.25,1.0
548621,19,2021-07-15,1.0,1,high,quartile_tails,0.25,1.0
549436,19,2021-07-15,0.1111111111111111,0,baseline,quartile_tails,0.25,1.0
550399,19,2021-07-15,1.0,1,high,quartile_tails,0.25,1.0
550572,19,2021-07-15,0.0,0,baseline,quartile_tails,0.25,1.0
550589,19,2021-07-15,1.0,1,high,quartile_tails,0.25,1.0
550793,19,2021-07-15,1.0,1,high,quartile_tails,0.25,1.0
551605,19,2021-07-15,1.0,1,high,quartile_tails,0.25,1.0
551664,19,2021-07-15,1.0,1,high,quartile_tails,0.25,1.0
551905,19,2021-07-15,1.0,1,high,quartile_tails,0.25,1.0
552091,19,2021-07-15,1.0,1,high,quartile_tails,0.25,1.0
552254,19,2021-07-15,0.06818181818181818,0,baseline,quartile_tails,0.25,1.0
552527,19,2021-07-15,1.0,1,high,quartile_tails,0.25,1.0
553338,19,2021-07-15,1.0,1,high,quartile_tails,0.25,1.0
553981,19,2021-07-15,1.0,1,high,quartile_tails,0.25,1.0
554053,19,2021-07-15,1.0,1,high,quartile_tails,0.25,1.0
554359,19,2021-07-15,1.0,1,high,quartile_tails,0.25,1.0
554519,19,2021-07-15,1.0,1,high,quartile_tails,0.25,1.0
554796,19,2021-07-15,0.16666666666666666,0,baseline,quartile_tails,0.25,1.0
555235,19,2021-07-15,0.25,0,baseline,quartile_tails,0.25,1.0
555841,19,2021-07-15,1.0,1,high,quartile_tails,0.25,1.0
556658,19,2021-07-15,0.0,0,baseline,quartile_tails,0.25,1.0
556910,19,2021-07-15,1.0,1,high,quartile_tails,0.25,1.0
557244,19,2021-07-15,0.0,0,baseline,quartile_tails,0.25,1.0
557508,19,2021-07-15,1.0,1,high,quartile_tails,0.25,1.0
557697,19,2021-07-15,1.0,1,high,quartile_tails,0.25,1.0
557875,19,2021-07-15,0.0,0,baseline,quartile_tails,0.25,1.0
558050,19,2021-07-15,0.16666666666666666,0,baseline,quartile_tails,0.25,1.0
558051,19,2021-07-15,0.0,0,baseline,quartile_tails,0.25,1.0
558511,19,2021-07-15,1.0,1,high,quartile_tails,0.25,1.0
558587,19,2021-07-15,1.0,1,high,quartile_tails,0.25,1.0
558911,19,2021-07-15,1.0,1,high,quartile_tails,0.25,1.0
560135,19,2021-07-15,0.16666666666666666,0,baseline,quartile_tails,0.25,1.0
560625,19,2021-07-15,0.0,0,baseline,quartile_tails,0.25,1.0
561026,19,2021-07-15,1.0,1,high,quartile_tails,0.25,1.0
561666,19,2021-07-15,0.125,0,baseline,quartile_tails,0.25,1.0
561730,19,2021-07-15,0.16666666666666666,0,baseline,quartile_tails,0.25,1.0
562554,19,2021-07-15,1.0,1,high,quartile_tails,0.25,1.0
562895,19,2021-07-15,1.0,1,high,quartile_tails,0.25,1.0
563424,19,2021-07-15,0.25,0,baseline,quartile_tails,0.25,1.0
563626,19,2021-07-15,1.0,1,high,quartile_tails,0.25,1.0
564849,19,2021-07-15,1.0,1,high,quartile_tails,0.25,1.0
565662,19,2021-07-15,0.25,0,baseline,quartile_tails,0.25,1.0
565731,19,2021-07-15,0.0,0,baseline,quartile_tails,0.25,1.0
565800,19,2021-07-15,1.0,1,high,quartile_tails,0.25,1.0
565822,19,2021-07-15,1.0,1,high,quartile_tails,0.25,1.0
565960,19,2021-07-15,1.0,1,high,quartile_tails,0.25,1.0
566245,19,2021-07-15,1.0,1,high,quartile_tails,0.25,1.0
566706,19,2021-07-15,1.0,1,high,quartile_tails,0.25,1.0
566955,19,2021-07-15,0.0,0,baseline,quartile_tails,0.25,1.0
567793,19,2021-07-15,0.125,0,baseline,quartile_tails,0.25,1.0
568510,19,2021-07-15,1.0,1,high,quartile_tails,0.25,1.0
569994,19,2021-07-15,0.0,0,baseline,quartile_tails,0.25,1.0
570381,19,2021-07-15,0.0,0,baseline,quartile_tails,0.25,1.0
570643,19,2021-07-15,0.0,0,baseline,quartile_tails,0.25,1.0
570950,19,2021-07-15,0.0,0,baseline,quartile_tails,0.25,1.0
571391,19,2021-07-15,0.0,0,baseline,quartile_tails,0.25,1.0
572489,19,2021-07-15,0.0,0,baseline,quartile_tails,0.25,1.0
572782,19,2021-07-15,1.0,1,high,quartile_tails,0.25,1.0
572930,19,2021-07-15,0.0,0,baseline,quartile_tails,0.25,1.0
572941,19,2021-07-15,0.0,0,baseline,quartile_tails,0.25,1.0
573213,19,2021-07-15,1.0,1,high,quartile_tails,0.25,1.0
573626,19,2021-07-15,1.0,1,high,quartile_tails,0.25,1.0
573731,19,2021-07-15,0.0,0,baseline,quartile_tails,0.25,1.0
573879,19,2021-07-15,0.0,0,baseline,quartile_tails,0.25,1.0
574145,19,2021-07-15,1.0,1,high,quartile_tails,0.25,1.0
574773,19,2021-07-15,0.0,0,baseline,quartile_tails,0.25,1.0
575792,19,2021-07-15,0.0,0,baseline,quartile_tails,0.25,1.0
577802,19,2021-07-15,0.0,0,baseline,quartile_tails,0.25,1.0
577840,19,2021-07-15,1.0,1,high,quartile_tails,0.25,1.0
578176,19,2021-07-15,1.0,1,high,quartile_tails,0.25,1.0
578532,19,2021-07-15,0.0,0,baseline,quartile_tails,0.25,1.0
578583,19,2021-07-15,0.0,0,baseline,quartile_tails,0.25,1.0
579469,19,2021-07-15,0.0,0,baseline,quartile_tails,0.25,1.0
580905,19,2021-07-15,0.0,0,baseline,quartile_tails,0.25,1.0
581341,19,2021-07-15,0.0,0,baseline,quartile_tails,0.25,1.0
581837,19,2021-07-15,0.0,0,baseline,quartile_tails,0.25,1.0
582290,19,2021-07-15,1.0,1,high,quartile_tails,0.25,1.0
582383,19,2021-07-15,1.0,1,high,quartile_tails,0.25,1.0
582777,19,2021-07-15,0.0,0,baseline,quartile_tails,0.25,1.0
582917,19,2021-07-15,0.0,0,baseline,quartile_tails,0.25,1.0
583331,19,2021-07-15,0.0,0,baseline,quartile_tails,0.25,1.0
583679,19,2021-07-15,0.0,0,baseline,quartile_tails,0.25,1.0
584401,19,2021-07-15,1.0,1,high,quartile_tails,0.25,1.0
584765,19,2021-07-15,0.0,0,baseline,quartile_tails,0.25,1.0
584782,19,2021-07-15,0.0,0,baseline,quartile_tails,0.25,1.0
585113,19,2021-07-15,1.0,1,high,quartile_tails,0.25,1.0
586165,19,2021-07-15,1.0,1,high,quartile_tails,0.25,1.0
586247,19,2021-07-15,0.16666666666666666,0,baseline,quartile_tails,0.25,1.0
586538,19,2021-07-15,0.25,0,baseline,quartile_tails,0.25,1.0
587413,19,2021-07-15,0.25,0,baseline,quartile_tails,0.25,1.0
587486,19,2021-07-15,1.0,1,high,quartile_tails,0.25,1.0
589055,19,2021-07-15,0.0,0,baseline,quartile_tails,0.25,1.0
589246,19,2021-07-15,0.0,0,baseline,quartile_tails,0.25,1.0
589441,19,2021-07-15,1.0,1,high,quartile_tails,0.25,1.0
589627,19,2021-07-15,1.0,1,high,quartile_tails,0.25,1.0
589646,19,2021-07-15,1.0,1,high,quartile_tails,0.25,1.0
590859,19,2021-07-15,1.0,1,high,quartile_tails,0.25,1.0
591430,19,2021-07-15,1.0,1,high,quartile_tails,0.25,1.0
591702,19,2021-07-15,0.0,0,baseline,quartile_tails,0.25,1.0
591948,19,2021-07-15,0.2222222222222222,0,baseline,quartile_tails,0.25,1.0
593307,19,2021-07-15,0.20833333333333331,0,baseline,quartile_tails,0.25,1.0
593404,19,2021-07-15,1.0,1,high,quartile_tails,0.25,1.0
593561,19,2021-07-15,1.0,1,high,quartile_tails,0.25,1.0
594182,19,2021-07-15,1.0,1,high,quartile_tails,0.25,1.0
594263,19,2021-07-15,1.0,1,high,quartile_tails,0.25,1.0
594340,19,2021-07-15,1.0,1,high,quartile_tails,0.25,1.0
594705,19,2021-07-15,0.0,0,baseline,quartile_tails,0.25,1.0
595105,19,2021-07-15,0.0,0,baseline,quartile_tails,0.25,1.0
595401,19,2021-07-15,0.0,0,baseline,quartile_tails,0.25,1.0
595482,19,2021-07-15,0.0,0,baseline,quartile_tails,0.25,1.0
595725,19,2021-07-15,1.0,1,high,quartile_tails,0.25,1.0
595855,19,2021-07-15,0.25,0,baseline,quartile_tails,0.25,1.0
596347,19,2021-07-15,1.0,1,high,quartile_tails,0.25,1.0
597202,19,2021-07-15,0.0,0,baseline,quartile_tails,0.25,1.0
597519,19,2021-07-15,0.0,0,baseline,quartile_tails,0.25,1.0
598220,19,2021-07-15,0.16666666666666666,0,baseline,quartile_tails,0.25,1.0
598596,19,2021-07-15,1.0,1,high,quartile_tails,0.25,1.0
599319,19,2021-07-15,0.0,0,baseline,quartile_tails,0.25,1.0
600542,19,2021-07-15,0.0,0,baseline,quartile_tails,0.25,1.0
600869,19,2021-07-15,0.25,0,baseline,quartile_tails,0.25,1.0
602492,19,2021-07-15,1.0,1,high,quartile_tails,0.25,1.0
603881,19,2021-07-15,0.0,0,baseline,quartile_tails,0.25,1.0
604562,19,2021-07-15,0.25,0,baseline,quartile_tails,0.25,1.0
604649,19,2021-07-15,0.25,0,baseline,quartile_tails,0.25,1.0
605067,19,2021-07-15,0.0,0,baseline,quartile_tails,0.25,1.0
605697,19,2021-07-15,0.0,0,baseline,quartile_tails,0.25,1.0
605907,19,2021-07-15,1.0,1,high,quartile_tails,0.25,1.0
607857,19,2021-07-15,0.0,0,baseline,quartile_tails,0.25,1.0
608520,19,2021-07-15,1.0,1,high,quartile_tails,0.25,1.0
609083,19,2021-07-15,0.25,0,baseline,quartile_tails,0.25,1.0
609339,19,2021-07-15,0.16666666666666666,0,baseline,quartile_tails,0.25,1.0
609496,19,2021-07-15,1.0,1,high,quartile_tails,0.25,1.0
609559,19,2021-07-15,1.0,1,high,quartile_tails,0.25,1.0
610191,19,2021-07-15,1.0,1,high,quartile_tails,0.25,1.0
610900,19,2021-07-15,1.0,1,high,quartile_tails,0.25,1.0
612055,19,2021-07-15,0.0,0,baseline,quartile_tails,0.25,1.0
612240,19,2021-07-15,0.0,0,baseline,quartile_tails,0.25,1.0
612565,19,2021-07-15,0.0,0,baseline,quartile_tails,0.25,1.0
613633,19,2021-07-15,1.0,1,high,quartile_tails,0.25,1.0
613817,19,2021-07-15,0.0,0,baseline,quartile_tails,0.25,1.0
615176,19,2021-07-15,0.0,0,baseline,quartile_tails,0.25,1.0
615544,19,2021-07-15,0.16666666666666666,0,baseline,quartile_tails,0.25,1.0
616427,19,2021-07-15,0.125,0,baseline,quartile_tails,0.25,1.0
616846,19,2021-07-15,0.0,0,baseline,quartile_tails,0.25,1.0
617154,19,2021-07-15,1.0,1,high,quartile_tails,0.25,1.0
617400,19,2021-07-15,0.0,0,baseline,quartile_tails,0.25,1.0
617844,19,2021-07-15,0.0,0,baseline,quartile_tails,0.25,1.0
617949,19,2021-07-15,1.0,1,high,quartile_tails,0.25,1.0
619421,19,2021-07-15,1.0,1,high,quartile_tails,0.25,1.0
619457,19,2021-07-15,0.08333333333333333,0,baseline,quartile_tails,0.25,1.0
619463,19,2021-07-15,0.0,0,baseline,quartile_tails,0.25,1.0
619645,19,2021-07-15,1.0,1,high,quartile_tails,0.25,1.0
620054,19,2021-07-15,1.0,1,high,quartile_tails,0.25,1.0
620502,19,2021-07-15,1.0,1,high,quartile_tails,0.25,1.0
621830,19,2021-07-15,1.0,1,high,quartile_tails,0.25,1.0
623155,19,2021-07-15,0.16666666666666666,0,baseline,quartile_tails,0.25,1.0
623201,19,2021-07-15,1.0,1,high,quartile_tails,0.25,1.0
623350,19,2021-07-15,1.0,1,high,quartile_tails,0.25,1.0
623367,19,2021-07-15,1.0,1,high,quartile_tails,0.25,1.0
623374,19,2021-07-15,0.20833333333333331,0,baseline,quartile_tails,0.25,1.0
623458,19,2021-07-15,1.0,1,high,quartile_tails,0.25,1.0
624866,19,2021-07-15,0.0,0,baseline,quartile_tails,0.25,1.0
624965,19,2021-07-15,1.0,1,high,quartile_tails,0.25,1.0
625122,19,2021-07-15,1.0,1,high,quartile_tails,0.25,1.0
625282,19,2021-07-15,0.0,0,baseline,quartile_tails,0.25,1.0
625284,19,2021-07-15,0.0,0,baseline,quartile_tails,0.25,1.0
625600,19,2021-07-15,0.0,0,baseline,quartile_tails,0.25,1.0
625618,19,2021-07-15,1.0,1,high,quartile_tails,0.25,1.0
625748,19,2021-07-15,0.1111111111111111,0,baseline,quartile_tails,0.25,1.0
626299,19,2021-07-15,0.0,0,baseline,quartile_tails,0.25,1.0
626325,19,2021-07-15,0.125,0,baseline,quartile_tails,0.25,1.0
627089,19,2021-07-15,1.0,1,high,quartile_tails,0.25,1.0
627683,19,2021-07-15,0.0,0,baseline,quartile_tails,0.25,1.0
628125,19,2021-07-15,1.0,1,high,quartile_tails,0.25,1.0
628160,19,2021-07-15,1.0,1,high,quartile_tails,0.25,1.0
628660,19,2021-07-15,0.08333333333333333,0,baseline,quartile_tails,0.25,1.0
629230,19,2021-07-15,1.0,1,high,quartile_tails,0.25,1.0
630816,19,2021-07-15,0.25,0,baseline,quartile_tails,0.25,1.0
632243,19,2021-07-15,0.0,0,baseline,quartile_tails,0.25,1.0
632537,19,2021-07-15,0.16666666666666666,0,baseline,quartile_tails,0.25,1.0
632640,19,2021-07-15,0.125,0,baseline,quartile_tails,0.25,1.0
633421,19,2021-07-15,0.25,0,baseline,quartile_tails,0.25,1.0
634091,19,2021-07-15,0.0,0,baseline,quartile_tails,0.25,1.0
636495,19,2021-07-15,0.0,0,baseline,quartile_tails,0.25,1.0
636551,19,2021-07-15,1.0,1,high,quartile_tails,0.25,1.0
637491,19,2021-07-15,1.0,1,high,quartile_tails,0.25,1.0
638384,19,2021-07-15,1.0,1,high,quartile_tails,0.25,1.0
638439,19,2021-07-15,0.0,0,baseline,quartile_tails,0.25,1.0
638517,19,2021-07-15,0.08333333333333333,0,baseline,quartile_tails,0.25,1.0
638735,19,2021-07-15,0.0,0,baseline,quartile_tails,0.25,1.0
639168,19,2021-07-15,1.0,1,high,quartile_tails,0.25,1.0
640175,19,2021-07-15,1.0,1,high,quartile_tails,0.25,1.0
642397,19,2021-07-15,0.125,0,baseline,quartile_tails,0.25,1.0
642745,19,2021-07-15,0.0,0,baseline,quartile_tails,0.25,1.0
643500,19,2021-07-15,0.0,0,baseline,quartile_tails,0.25,1.0
645385,19,2021-07-15,1.0,1,high,quartile_tails,0.25,1.0
645701,19,2021-07-15,0.125,0,baseline,quartile_tails,0.25,1.0
647260,19,2021-07-15,1.0,1,high,quartile_tails,0.25,1.0
649113,19,2021-07-15,1.0,1,high,quartile_tails,0.25,1.0
649332,19,2021-07-15,1.0,1,high,quartile_tails,0.25,1.0
650086,19,2021-07-15,0.0,0,baseline,quartile_tails,0.25,1.0
651748,19,2021-07-15,1.0,1,high,quartile_tails,0.25,1.0
652624,19,2021-07-15,0.0,0,baseline,quartile_tails,0.25,1.0
653489,19,2021-07-15,1.0,1,high,quartile_tails,0.25,1.0
653672,19,2021-07-15,0.0,0,baseline,quartile_tails,0.25,1.0
654057,19,2021-07-15,1.0,1,high,quartile_tails,0.25,1.0
654084,19,2021-07-15,0.0,0,baseline,quartile_tails,0.25,1.0
655018,19,2021-07-15,1.0,1,high,quartile_tails,0.25,1.0
655138,19,2021-07-15,1.0,1,high,quartile_tails,0.25,1.0
655247,19,2021-07-15,1.0,1,high,quartile_tails,0.25,1.0
655557,19,2021-07-15,0.13333333333333333,0,baseline,quartile_tails,0.25,1.0
656003,19,2021-07-15,1.0,1,high,quartile_tails,0.25,1.0
656256,19,2021-07-15,0.1125,0,baseline,quartile_tails,0.25,1.0
656439,19,2021-07-15,1.0,1,high,quartile_tails,0.25,1.0
656459,19,2021-07-15,0.0,0,baseline,quartile_tails,0.25,1.0
656509,19,2021-07-15,0.0,0,baseline,quartile_tails,0.25,1.0
657003,19,2021-07-15,0.0,0,baseline,quartile_tails,0.25,1.0
657533,19,2021-07-15,1.0,1,high,quartile_tails,0.25,1.0
658031,19,2021-07-15,0.20833333333333331,0,baseline,quartile_tails,0.25,1.0
659449,19,2021-07-15,0.25,0,baseline,quartile_tails,0.25,1.0
659967,19,2021-07-15,0.0,0,baseline,quartile_tails,0.25,1.0
660257,19,2021-07-15,1.0,1,high,quartile_tails,0.25,1.0
660690,19,2021-07-15,0.16666666666666666,0,baseline,quartile_tails,0.25,1.0
662125,19,2021-07-15,1.0,1,high,quartile_tails,0.25,1.0
662483,19,2021-07-15,1.0,1,high,quartile_tails,0.25,1.0
663349,19,2021-07-15,0.0,0,baseline,quartile_tails,0.25,1.0
663531,19,2021-07-15,1.0,1,high,quartile_tails,0.25,1.0
663608,19,2021-07-15,1.0,1,high,quartile_tails,0.25,1.0
665256,19,2021-07-15,1.0,1,high,quartile_tails,0.25,1.0
666111,19,2021-07-15,0.0,0,baseline,quartile_tails,0.25,1.0
666528,19,2021-07-15,1.0,1,high,quartile_tails,0.25,1.0
666832,19,2021-07-15,1.0,1,high,quartile_tails,0.25,1.0
667196,19,2021-07-15,0.0,0,baseline,quartile_tails,0.25,1.0
667444,19,2021-07-15,0.25,0,baseline,quartile_tails,0.25,1.0
667484,19,2021-07-15,0.0,0,baseline,quartile_tails,0.25,1.0
667835,19,2021-07-15,0.125,0,baseline,quartile_tails,0.25,1.0
668741,19,2021-07-15,0.25,0,baseline,quartile_tails,0.25,1.0
669201,19,2021-07-15,0.0,0,baseline,quartile_tails,0.25,1.0
669433,19,2021-07-15,1.0,1,high,quartile_tails,0.25,1.0
669482,19,2021-07-15,1.0,1,high,quartile_tails,0.25,1.0
669911,19,2021-07-15,0.16666666666666666,0,baseline,quartile_tails,0.25,1.0
670444,19,2021-07-15,1.0,1,high,quartile_tails,0.25,1.0
672133,19,2021-07-15,1.0,1,high,quartile_tails,0.25,1.0
672251,19,2021-07-15,0.08333333333333333,0,baseline,quartile_tails,0.25,1.0
672476,19,2021-07-15,1.0,1,high,quartile_tails,0.25,1.0
674863,19,2021-07-15,1.0,1,high,quartile_tails,0.25,1.0
675325,19,2021-07-15,1.0,1,high,quartile_tails,0.25,1.0
675690,19,2021-07-15,1.0,1,high,quartile_tails,0.25,1.0
675734,19,2021-07-15,0.0,0,baseline,quartile_tails,0.25,1.0
675813,19,2021-07-15,0.0,0,baseline,quartile_tails,0.25,1.0
676264,19,2021-07-15,0.25,0,baseline,quartile_tails,0.25,1.0
676576,19,2021-07-15,0.0,0,baseline,quartile_tails,0.25,1.0
676833,19,2021-07-15,1.0,1,high,quartile_tails,0.25,1.0
677962,19,2021-07-15,1.0,1,high,quartile_tails,0.25,1.0
678896,19,2021-07-15,0.0,0,baseline,quartile_tails,0.25,1.0
679433,19,2021-07-15,1.0,1,high,quartile_tails,0.25,1.0
679835,19,2021-07-15,1.0,1,high,quartile_tails,0.25,1.0
681543,19,2021-07-15,1.0,1,high,quartile_tails,0.25,1.0
684100,19,2021-07-15,1.0,1,high,quartile_tails,0.25,1.0
684244,19,2021-07-15,0.0,0,baseline,quartile_tails,0.25,1.0
684451,19,2021-07-15,0.0,0,baseline,quartile_tails,0.25,1.0
684501,19,2021-07-15,0.0,0,baseline,quartile_tails,0.25,1.0
684986,19,2021-07-15,1.0,1,high,quartile_tails,0.25,1.0
685154,19,2021-07-15,0.0,0,baseline,quartile_tails,0.25,1.0
685865,19,2021-07-15,1.0,1,high,quartile_tails,0.25,1.0
686701,19,2021-07-15,1.0,1,high,quartile_tails,0.25,1.0
686754,19,2021-07-15,0.25,0,baseline,quartile_tails,0.25,1.0
686777,19,2021-07-15,0.125,0,baseline,quartile_tails,0.25,1.0
687253,19,2021-07-15,1.0,1,high,quartile_tails,0.25,1.0
687495,19,2021-07-15,0.0,0,baseline,quartile_tails,0.25,1.0
688071,19,2021-07-15,1.0,1,high,quartile_tails,0.25,1.0
688189,19,2021-07-15,0.0,0,baseline,quartile_tails,0.25,1.0
689471,19,2021-07-15,1.0,1,high,quartile_tails,0.25,1.0
690218,19,2021-07-15,0.0,0,baseline,quartile_tails,0.25,1.0
690291,19,2021-07-15,0.0,0,baseline,quartile_tails,0.25,1.0
690647,19,2021-07-15,1.0,1,high,quartile_tails,0.25,1.0
690704,19,2021-07-15,0.25,0,baseline,quartile_tails,0.25,1.0
691360,19,2021-07-15,1.0,1,high,quartile_tails,0.25,1.0
691425,19,2021-07-15,0.0,0,baseline,quartile_tails,0.25,1.0
692149,19,2021-07-15,0.0,0,baseline,quartile_tails,0.25,1.0
692430,19,2021-07-15,0.0,0,baseline,quartile_tails,0.25,1.0
693167,19,2021-07-15,0.0,0,baseline,quartile_tails,0.25,1.0
693693,19,2021-07-15,0.0,0,baseline,quartile_tails,0.25,1.0
694785,19,2021-07-15,1.0,1,high,quartile_tails,0.25,1.0
695368,19,2021-07-15,1.0,1,high,quartile_tails,0.25,1.0
695407,19,2021-07-15,0.16666666666666666,0,baseline,quartile_tails,0.25,1.0
695684,19,2021-07-15,0.0,0,baseline,quartile_tails,0.25,1.0
696221,19,2021-07-15,0.0,0,baseline,quartile_tails,0.25,1.0
696260,19,2021-07-15,0.0,0,baseline,quartile_tails,0.25,1.0
698462,19,2021-07-15,1.0,1,high,quartile_tails,0.25,1.0
699372,19,2021-07-15,1.0,1,high,quartile_tails,0.25,1.0
700141,19,2021-07-15,0.25,0,baseline,quartile_tails,0.25,1.0
700277,19,2021-07-15,1.0,1,high,quartile_tails,0.25,1.0
700595,19,2021-07-15,1.0,1,high,quartile_tails,0.25,1.0
701574,19,2021-07-15,0.0,0,baseline,quartile_tails,0.25,1.0
702602,19,2021-07-15,1.0,1,high,quartile_tails,0.25,1.0
702872,19,2021-07-15,1.0,1,high,quartile_tails,0.25,1.0
703108,19,2021-07-15,1.0,1,high,quartile_tails,0.25,1.0
703726,19,2021-07-15,0.0,0,baseline,quartile_tails,0.25,1.0
703806,19,2021-07-15,1.0,1,high,quartile_tails,0.25,1.0
704484,19,2021-07-15,0.0,0,baseline,quartile_tails,0.25,1.0
705243,19,2021-07-15,1.0,1,high,quartile_tails,0.25,1.0
705715,19,2021-07-15,0.0,0,baseline,quartile_tails,0.25,1.0
706259,19,2021-07-15,1.0,1,high,quartile_tails,0.25,1.0
707004,19,2021-07-15,1.0,1,high,quartile_tails,0.25,1.0
707311,19,2021-07-15,0.0,0,baseline,quartile_tails,0.25,1.0
707874,19,2021-07-15,1.0,1,high,quartile_tails,0.25,1.0
707889,19,2021-07-15,0.0,0,baseline,quartile_tails,0.25,1.0
708683,19,2021-07-15,1.0,1,high,quartile_tails,0.25,1.0
708841,19,2021-07-15,1.0,1,high,quartile_tails,0.25,1.0
709059,19,2021-07-15,0.25,0,baseline,quartile_tails,0.25,1.0
709764,19,2021-07-15,0.0,0,baseline,quartile_tails,0.25,1.0
709838,19,2021-07-15,0.25,0,baseline,quartile_tails,0.25,1.0
710322,19,2021-07-15,1.0,1,high,quartile_tails,0.25,1.0
710432,19,2021-07-15,1.0,1,high,quartile_tails,0.25,1.0
710445,19,2021-07-15,0.0,0,baseline,quartile_tails,0.25,1.0
710458,19,2021-07-15,1.0,1,high,quartile_tails,0.25,1.0
710873,19,2021-07-15,1.0,1,high,quartile_tails,0.25,1.0
710957,19,2021-07-15,0.0,0,baseline,quartile_tails,0.25,1.0
711197,19,2021-07-15,0.125,0,baseline,quartile_tails,0.25,1.0
711261,19,2021-07-15,0.0,0,baseline,quartile_tails,0.25,1.0
712213,19,2021-07-15,1.0,1,high,quartile_tails,0.25,1.0
712530,19,2021-07-15,0.0,0,baseline,quartile_tails,0.25,1.0
712744,19,2021-07-15,0.0,0,baseline,quartile_tails,0.25,1.0
713081,19,2021-07-15,1.0,1,high,quartile_tails,0.25,1.0
713542,19,2021-07-15,0.25,0,baseline,quartile_tails,0.25,1.0
714084,19,2021-07-15,0.25,0,baseline,quartile_tails,0.25,1.0
714102,19,2021-07-15,0.0,0,baseline,quartile_tails,0.25,1.0
715077,19,2021-07-15,0.0,0,baseline,quartile_tails,0.25,1.0
715316,19,2021-07-15,0.22916666666666666,0,baseline,quartile_tails,0.25,1.0
716687,19,2021-07-15,0.0,0,baseline,quartile_tails,0.25,1.0
716778,19,2021-07-15,0.0,0,baseline,quartile_tails,0.25,1.0
718514,19,2021-07-15,0.0,0,baseline,quartile_tails,0.25,1.0
719243,19,2021-07-15,0.0,0,baseline,quartile_tails,0.25,1.0
719264,19,2021-07-15,0.0,0,baseline,quartile_tails,0.25,1.0
719450,19,2021-07-15,0.25,0,baseline,quartile_tails,0.25,1.0
719629,19,2021-07-15,0.0,0,baseline,quartile_tails,0.25,1.0
719779,19,2021-07-15,0.25,0,baseline,quartile_tails,0.25,1.0
720824,19,2021-07-15,0.125,0,baseline,quartile_tails,0.25,1.0
720986,19,2021-07-15,0.0,0,baseline,quartile_tails,0.25,1.0
721055,19,2021-07-15,0.0,0,baseline,quartile_tails,0.25,1.0
721331,19,2021-07-15,0.25,0,baseline,quartile_tails,0.25,1.0
728133,19,2021-07-15,0.25,0,baseline,quartile_tails,0.25,1.0
728574,19,2021-07-15,0.05,0,baseline,quartile_tails,0.25,1.0
730009,19,2021-07-15,0.0,0,baseline,quartile_tails,0.25,1.0
730822,19,2021-07-15,0.19444444444444442,0,baseline,quartile_tails,0.25,1.0
731641,19,2021-07-15,1.0,1,high,quartile_tails,0.25,1.0
731872,19,2021-07-15,0.0,0,baseline,quartile_tails,0.25,1.0
732130,19,2021-07-15,0.0,0,baseline,quartile_tails,0.25,1.0
732536,19,2021-07-15,0.0,0,baseline,quartile_tails,0.25,1.0
732559,19,2021-07-15,1.0,1,high,quartile_tails,0.25,1.0
732677,19,2021-07-15,0.0,0,baseline,quartile_tails,0.25,1.0
733256,19,2021-07-15,1.0,1,high,quartile_tails,0.25,1.0
734505,19,2021-07-15,0.0,0,baseline,quartile_tails,0.25,1.0
734562,19,2021-07-15,1.0,1,high,quartile_tails,0.25,1.0
735743,19,2021-07-15,0.25,0,baseline,quartile_tails,0.25,1.0
735803,19,2021-07-15,0.16666666666666666,0,baseline,quartile_tails,0.25,1.0
736431,19,2021-07-15,1.0,1,high,quartile_tails,0.25,1.0
736467,19,2021-07-15,1.0,1,high,quartile_tails,0.25,1.0
736651,19,2021-07-15,0.0,0,baseline,quartile_tails,0.25,1.0
737092,19,2021-07-15,0.0,0,baseline,quartile_tails,0.25,1.0
739223,19,2021-07-15,0.2222222222222222,0,baseline,quartile_tails,0.25,1.0
740140,19,2021-07-15,1.0,1,high,quartile_tails,0.25,1.0
740558,19,2021-07-15,0.0,0,baseline,quartile_tails,0.25,1.0
740827,19,2021-07-15,1.0,1,high,quartile_tails,0.25,1.0
741140,19,2021-07-15,1.0,1,high,quartile_tails,0.25,1.0
741306,19,2021-07-15,1.0,1,high,quartile_tails,0.25,1.0
741472,19,2021-07-15,1.0,1,high,quartile_tails,0.25,1.0
743235,19,2021-07-15,0.16666666666666666,0,baseline,quartile_tails,0.25,1.0
743551,19,2021-07-15,0.25,0,baseline,quartile_tails,0.25,1.0
743568,19,2021-07-15,1.0,1,high,quartile_tails,0.25,1.0
743947,19,2021-07-15,0.25,0,baseline,quartile_tails,0.25,1.0
744035,19,2021-07-15,0.0,0,baseline,quartile_tails,0.25,1.0
744091,19,2021-07-15,0.0,0,baseline,quartile_tails,0.25,1.0
744220,19,2021-07-15,1.0,1,high,quartile_tails,0.25,1.0
747112,19,2021-07-15,1.0,1,high,quartile_tails,0.25,1.0
748464,19,2021-07-15,0.16666666666666666,0,baseline,quartile_tails,0.25,1.0
749713,19,2021-07-15,0.0,0,baseline,quartile_tails,0.25,1.0
750748,19,2021-07-15,1.0,1,high,quartile_tails,0.25,1.0
752064,19,2021-07-15,1.0,1,high,quartile_tails,0.25,1.0
752488,19,2021-07-15,1.0,1,high,quartile_tails,0.25,1.0
753375,19,2021-07-15,0.0,0,baseline,quartile_tails,0.25,1.0
753983,19,2021-07-15,0.25,0,baseline,quartile_tails,0.25,1.0
754290,19,2021-07-15,1.0,1,high,quartile_tails,0.25,1.0
754655,19,2021-07-15,1.0,1,high,quartile_tails,0.25,1.0
754656,19,2021-07-15,1.0,1,high,quartile_tails,0.25,1.0
754680,19,2021-07-15,1.0,1,high,quartile_tails,0.25,1.0
754937,19,2021-07-15,0.0,0,baseline,quartile_tails,0.25,1.0
756054,19,2021-07-15,1.0,1,high,quartile_tails,0.25,1.0
757023,19,2021-07-15,1.0,1,high,quartile_tails,0.25,1.0
757248,19,2021-07-15,1.0,1,high,quartile_tails,0.25,1.0
757845,19,2021-07-15,1.0,1,high,quartile_tails,0.25,1.0
758391,19,2021-07-15,1.0,1,high,quartile_tails,0.25,1.0
759553,19,2021-07-15,1.0,1,high,quartile_tails,0.25,1.0
760182,19,2021-07-15,1.0,1,high,quartile_tails,0.25,1.0
760679,19,2021-07-15,0.0,0,baseline,quartile_tails,0.25,1.0
761064,19,2021-07-15,0.125,0,baseline,quartile_tails,0.25,1.0
761822,19,2021-07-15,1.0,1,high,quartile_tails,0.25,1.0
761823,19,2021-07-15,0.0,0,baseline,quartile_tails,0.25,1.0
761875,19,2021-07-15,1.0,1,high,quartile_tails,0.25,1.0
761904,19,2021-07-15,1.0,1,high,quartile_tails,0.25,1.0
761930,19,2021-07-15,0.0,0,baseline,quartile_tails,0.25,1.0
762003,19,2021-07-15,1.0,1,high,quartile_tails,0.25,1.0
763022,19,2021-07-15,1.0,1,high,quartile_tails,0.25,1.0
763845,19,2021-07-15,0.1111111111111111,0,baseline,quartile_tails,0.25,1.0
764193,19,2021-07-15,1.0,1,high,quartile_tails,0.25,1.0
764249,19,2021-07-15,1.0,1,high,quartile_tails,0.25,1.0
764394,19,2021-07-15,0.0,0,baseline,quartile_tails,0.25,1.0
765167,19,2021-07-15,1.0,1,high,quartile_tails,0.25,1.0
765757,19,2021-07-15,0.0,0,baseline,quartile_tails,0.25,1.0
765837,19,2021-07-15,0.0,0,baseline,quartile_tails,0.25,1.0
765983,19,2021-07-15,1.0,1,high,quartile_tails,0.25,1.0
766429,19,2021-07-15,0.0,0,baseline,quartile_tails,0.25,1.0
766513,19,2021-07-15,1.0,1,high,quartile_tails,0.25,1.0
766779,19,2021-07-15,0.08333333333333333,0,baseline,quartile_tails,0.25,1.0
767211,19,2021-07-15,0.125,0,baseline,quartile_tails,0.25,1.0
768113,19,2021-07-15,1.0,1,high,quartile_tails,0.25,1.0
768487,19,2021-07-15,0.0,0,baseline,quartile_tails,0.25,1.0
768516,19,2021-07-15,0.25,0,baseline,quartile_tails,0.25,1.0
768692,19,2021-07-15,0.0,0,baseline,quartile_tails,0.25,1.0
768969,19,2021-07-15,1.0,1,high,quartile_tails,0.25,1.0
771003,19,2021-07-15,0.0,0,baseline,quartile_tails,0.25,1.0
771087,19,2021-07-15,1.0,1,high,quartile_tails,0.25,1.0
771361,19,2021-07-15,0.0,0,baseline,quartile_tails,0.25,1.0
772107,19,2021-07-15,1.0,1,high,quartile_tails,0.25,1.0
772858,19,2021-07-15,1.0,1,high,quartile_tails,0.25,1.0
773319,19,2021-07-15,0.0,0,baseline,quartile_tails,0.25,1.0
773466,19,2021-07-15,0.0,0,baseline,quartile_tails,0.25,1.0
774484,19,2021-07-15,0.25,0,baseline,quartile_tails,0.25,1.0
775125,19,2021-07-15,0.1875,0,baseline,quartile_tails,0.25,1.0
775565,19,2021-07-15,1.0,1,high,quartile_tails,0.25,1.0
775580,19,2021-07-15,0.25,0,baseline,quartile_tails,0.25,1.0
775804,19,2021-07-15,0.16666666666666666,0,baseline,quartile_tails,0.25,1.0
777624,19,2021-07-15,0.0,0,baseline,quartile_tails,0.25,1.0
777892,19,2021-07-15,0.0,0,baseline,quartile_tails,0.25,1.0
777945,19,2021-07-15,0.0,0,baseline,quartile_tails,0.25,1.0
778004,19,2021-07-15,0.0,0,baseline,quartile_tails,0.25,1.0
778431,19,2021-07-15,1.0,1,high,quartile_tails,0.25,1.0
779863,19,2021-07-15,0.0,0,baseline,quartile_tails,0.25,1.0
780928,19,2021-07-15,0.0,0,baseline,quartile_tails,0.25,1.0
781334,19,2021-07-15,1.0,1,high,quartile_tails,0.25,1.0
781447,19,2021-07-15,1.0,1,high,quartile_tails,0.25,1.0
781661,19,2021-07-15,1.0,1,high,quartile_tails,0.25,1.0
782399,19,2021-07-15,0.0,0,baseline,quartile_tails,0.25,1.0
783121,19,2021-07-15,0.0,0,baseline,quartile_tails,0.25,1.0
783188,19,2021-07-15,0.0,0,baseline,quartile_tails,0.25,1.0
783454,19,2021-07-15,1.0,1,high,quartile_tails,0.25,1.0
784232,19,2021-07-15,0.16666666666666666,0,baseline,quartile_tails,0.25,1.0
784850,19,2021-07-15,0.125,0,baseline,quartile_tails,0.25,1.0
785067,19,2021-07-15,1.0,1,high,quartile_tails,0.25,1.0
785289,19,2021-07-15,0.13333333333333333,0,baseline,quartile_tails,0.25,1.0
785374,19,2021-07-15,0.16666666666666666,0,baseline,quartile_tails,0.25,1.0
785985,19,2021-07-15,0.0,0,baseline,quartile_tails,0.25,1.0
786561,19,2021-07-15,0.0,0,baseline,quartile_tails,0.25,1.0
786924,19,2021-07-15,0.0,0,baseline,quartile_tails,0.25,1.0
787038,19,2021-07-15,1.0,1,high,quartile_tails,0.25,1.0
787664,19,2021-07-15,0.0,0,baseline,quartile_tails,0.25,1.0
787744,19,2021-07-15,1.0,1,high,quartile_tails,0.25,1.0
787951,19,2021-07-15,0.0,0,baseline,quartile_tails,0.25,1.0
788436,19,2021-07-15,0.0,0,baseline,quartile_tails,0.25,1.0
789886,19,2021-07-15,1.0,1,high,quartile_tails,0.25,1.0
790049,19,2021-07-15,0.0,0,baseline,quartile_tails,0.25,1.0
791986,19,2021-07-15,1.0,1,high,quartile_tails,0.25,1.0
792329,19,2021-07-15,0.0,0,baseline,quartile_tails,0.25,1.0
792659,19,2021-07-15,1.0,1,high,quartile_tails,0.25,1.0
794118,19,2021-07-15,0.0,0,baseline,quartile_tails,0.25,1.0
794210,19,2021-07-15,0.0,0,baseline,quartile_tails,0.25,1.0
794319,19,2021-07-15,0.0,0,baseline,quartile_tails,0.25,1.0
794667,19,2021-07-15,0.2222222222222222,0,baseline,quartile_tails,0.25,1.0
795864,19,2021-07-15,0.25,0,baseline,quartile_tails,0.25,1.0
795945,19,2021-07-15,1.0,1,high,quartile_tails,0.25,1.0
796591,19,2021-07-15,0.0,0,baseline,quartile_tails,0.25,1.0
796596,19,2021-07-15,0.25,0,baseline,quartile_tails,0.25,1.0
798669,19,2021-07-15,0.25,0,baseline,quartile_tails,0.25,1.0
799384,19,2021-07-15,0.0,0,baseline,quartile_tails,0.25,1.0
799768,19,2021-07-15,0.0,0,baseline,quartile_tails,0.25,1.0
800090,19,2021-07-15,0.0,0,baseline,quartile_tails,0.25,1.0
800192,19,2021-07-15,0.25,0,baseline,quartile_tails,0.25,1.0
800722,19,2021-07-15,1.0,1,high,quartile_tails,0.25,1.0
801043,19,2021-07-15,1.0,1,high,quartile_tails,0.25,1.0
801733,19,2021-07-15,1.0,1,high,quartile_tails,0.25,1.0
802453,19,2021-07-15,0.1111111111111111,0,baseline,quartile_tails,0.25,1.0
802541,19,2021-07-15,1.0,1,high,quartile_tails,0.25,1.0
803221,19,2021-07-15,1.0,1,high,quartile_tails,0.25,1.0
803277,19,2021-07-15,0.0,0,baseline,quartile_tails,0.25,1.0
803499,19,2021-07-15,0.1111111111111111,0,baseline,quartile_tails,0.25,1.0
804835,19,2021-07-15,0.0,0,baseline,quartile_tails,0.25,1.0
805493,19,2021-07-15,1.0,1,high,quartile_tails,0.25,1.0
805857,19,2021-07-15,0.0,0,baseline,quartile_tails,0.25,1.0
805859,19,2021-07-15,0.0,0,baseline,quartile_tails,0.25,1.0
805862,19,2021-07-15,0.1111111111111111,0,baseline,quartile_tails,0.25,1.0
805921,19,2021-07-15,0.25,0,baseline,quartile_tails,0.25,1.0
806650,19,2021-07-15,0.0,0,baseline,quartile_tails,0.25,1.0
806998,19,2021-07-15,0.08333333333333333,0,baseline,quartile_tails,0.25,1.0
807204,19,2021-07-15,0.0,0,baseline,quartile_tails,0.25,1.0
807750,19,2021-07-15,0.0,0,baseline,quartile_tails,0.25,1.0
807929,19,2021-07-15,0.0,0,baseline,quartile_tails,0.25,1.0
808308,19,2021-07-15,0.0,0,baseline,quartile_tails,0.25,1.0
808532,19,2021-07-15,0.0,0,baseline,quartile_tails,0.25,1.0
808777,19,2021-07-15,0.125,0,baseline,quartile_tails,0.25,1.0
808815,19,2021-07-15,0.0,0,baseline,quartile_tails,0.25,1.0
795,3,2021-08-09,1.0,1,high,quartile_tails,0.25,1.0
3384,3,2021-08-09,0.25,0,baseline,quartile_tails,0.25,1.0
4544,3,2021-08-09,1.0,1,high,quartile_tails,0.25,1.0
9967,3,2021-08-09,1.0,1,high,quartile_tails,0.25,1.0
10443,3,2021-08-09,1.0,1,high,quartile_tails,0.25,1.0
11100,3,2021-08-09,1.0,1,high,quartile_tails,0.25,1.0
11559,3,2021-08-09,0.0,0,baseline,quartile_tails,0.25,1.0
14158,3,2021-08-09,0.0,0,baseline,quartile_tails,0.25,1.0
14276,3,2021-08-09,1.0,1,high,quartile_tails,0.25,1.0
16961,3,2021-08-09,1.0,1,high,quartile_tails,0.25,1.0
18192,3,2021-08-09,0.0,0,baseline,quartile_tails,0.25,1.0
19893,3,2021-08-09,1.0,1,high,quartile_tails,0.25,1.0
23214,3,2021-08-09,1.0,1,high,quartile_tails,0.25,1.0
23537,3,2021-08-09,1.0,1,high,quartile_tails,0.25,1.0
24073,3,2021-08-09,1.0,1,high,quartile_tails,0.25,1.0
25545,3,2021-08-09,0.0,0,baseline,quartile_tails,0.25,1.0
28219,3,2021-08-09,1.0,1,high,quartile_tails,0.25,1.0
28224,3,2021-08-09,1.0,1,high,quartile_tails,0.25,1.0
33062,3,2021-08-09,1.0,1,high,quartile_tails,0.25,1.0
33073,3,2021-08-09,1.0,1,high,quartile_tails,0.25,1.0
37309,3,2021-08-09,0.0,0,baseline,quartile_tails,0.25,1.0
37408,3,2021-08-09,1.0,1,high,quartile_tails,0.25,1.0
38276,3,2021-08-09,0.0,0,baseline,quartile_tails,0.25,1.0
41254,3,2021-08-09,1.0,1,high,quartile_tails,0.25,1.0
41731,3,2021-08-09,0.0,0,baseline,quartile_tails,0.25,1.0
42381,3,2021-08-09,1.0,1,high,quartile_tails,0.25,1.0
50094,3,2021-08-09,1.0,1,high,quartile_tails,0.25,1.0
50124,3,2021-08-09,1.0,1,high,quartile_tails,0.25,1.0
51780,3,2021-08-09,1.0,1,high,quartile_tails,0.25,1.0
52795,3,2021-08-09,1.0,1,high,quartile_tails,0.25,1.0
53334,3,2021-08-09,0.25,0,baseline,quartile_tails,0.25,1.0
55479,3,2021-08-09,0.0,0,baseline,quartile_tails,0.25,1.0
57452,3,2021-08-09,0.0,0,baseline,quartile_tails,0.25,1.0
58405,3,2021-08-09,0.25,0,baseline,quartile_tails,0.25,1.0
58767,3,2021-08-09,0.0,0,baseline,quartile_tails,0.25,1.0
58954,3,2021-08-09,1.0,1,high,quartile_tails,0.25,1.0
60015,3,2021-08-09,0.16666666666666666,0,baseline,quartile_tails,0.25,1.0
62099,3,2021-08-09,1.0,1,high,quartile_tails,0.25,1.0
65827,3,2021-08-09,1.0,1,high,quartile_tails,0.25,1.0
65922,3,2021-08-09,1.0,1,high,quartile_tails,0.25,1.0
66884,3,2021-08-09,1.0,1,high,quartile_tails,0.25,1.0
69886,3,2021-08-09,0.0,0,baseline,quartile_tails,0.25,1.0
70752,3,2021-08-09,1.0,1,high,quartile_tails,0.25,1.0
70911,3,2021-08-09,0.25,0,baseline,quartile_tails,0.25,1.0
72671,3,2021-08-09,1.0,1,high,quartile_tails,0.25,1.0
74537,3,2021-08-09,1.0,1,high,quartile_tails,0.25,1.0
76415,3,2021-08-09,1.0,1,high,quartile_tails,0.25,1.0
78855,3,2021-08-09,1.0,1,high,quartile_tails,0.25,1.0
80028,3,2021-08-09,1.0,1,high,quartile_tails,0.25,1.0
82760,3,2021-08-09,1.0,1,high,quartile_tails,0.25,1.0
86454,3,2021-08-09,1.0,1,high,quartile_tails,0.25,1.0
89560,3,2021-08-09,1.0,1,high,quartile_tails,0.25,1.0
91158,3,2021-08-09,0.125,0,baseline,quartile_tails,0.25,1.0
91931,3,2021-08-09,1.0,1,high,quartile_tails,0.25,1.0
93705,3,2021-08-09,0.0,0,baseline,quartile_tails,0.25,1.0
94317,3,2021-08-09,0.16666666666666666,0,baseline,quartile_tails,0.25,1.0
95778,3,2021-08-09,0.0,0,baseline,quartile_tails,0.25,1.0
97803,3,2021-08-09,1.0,1,high,quartile_tails,0.25,1.0
99771,3,2021-08-09,1.0,1,high,quartile_tails,0.25,1.0
100264,3,2021-08-09,0.0,0,baseline,quartile_tails,0.25,1.0
104115,3,2021-08-09,1.0,1,high,quartile_tails,0.25,1.0
104211,3,2021-08-09,1.0,1,high,quartile_tails,0.25,1.0
105478,3,2021-08-09,0.0,0,baseline,quartile_tails,0.25,1.0
106078,3,2021-08-09,0.0,0,baseline,quartile_tails,0.25,1.0
109979,3,2021-08-09,1.0,1,high,quartile_tails,0.25,1.0
110469,3,2021-08-09,1.0,1,high,quartile_tails,0.25,1.0
111409,3,2021-08-09,0.0,0,baseline,quartile_tails,0.25,1.0
112309,3,2021-08-09,0.0,0,baseline,quartile_tails,0.25,1.0
113703,3,2021-08-09,0.0,0,baseline,quartile_tails,0.25,1.0
114183,3,2021-08-09,0.0,0,baseline,quartile_tails,0.25,1.0
115659,3,2021-08-09,0.0,0,baseline,quartile_tails,0.25,1.0
116706,3,2021-08-09,0.0,0,baseline,quartile_tails,0.25,1.0
119629,3,2021-08-09,1.0,1,high,quartile_tails,0.25,1.0
121061,3,2021-08-09,1.0,1,high,quartile_tails,0.25,1.0
121785,3,2021-08-09,1.0,1,high,quartile_tails,0.25,1.0
124073,3,2021-08-09,0.08333333333333333,0,baseline,quartile_tails,0.25,1.0
124521,3,2021-08-09,1.0,1,high,quartile_tails,0.25,1.0
126675,3,2021-08-09,0.16666666666666666,0,baseline,quartile_tails,0.25,1.0
127185,3,2021-08-09,0.0,0,baseline,quartile_tails,0.25,1.0
129159,3,2021-08-09,0.0,0,baseline,quartile_tails,0.25,1.0
131430,3,2021-08-09,0.0,0,baseline,quartile_tails,0.25,1.0
132130,3,2021-08-09,1.0,1,high,quartile_tails,0.25,1.0
133017,3,2021-08-09,1.0,1,high,quartile_tails,0.25,1.0
138990,3,2021-08-09,0.0,0,baseline,quartile_tails,0.25,1.0
142669,3,2021-08-09,0.08333333333333333,0,baseline,quartile_tails,0.25,1.0
142949,3,2021-08-09,1.0,1,high,quartile_tails,0.25,1.0
144914,3,2021-08-09,1.0,1,high,quartile_tails,0.25,1.0
146716,3,2021-08-09,1.0,1,high,quartile_tails,0.25,1.0
148780,3,2021-08-09,0.16666666666666666,0,baseline,quartile_tails,0.25,1.0
150454,3,2021-08-09,0.0,0,baseline,quartile_tails,0.25,1.0
154267,3,2021-08-09,1.0,1,high,quartile_tails,0.25,1.0
156025,3,2021-08-09,1.0,1,high,quartile_tails,0.25,1.0
159008,3,2021-08-09,1.0,1,high,quartile_tails,0.25,1.0
160678,3,2021-08-09,1.0,1,high,quartile_tails,0.25,1.0
161311,3,2021-08-09,0.0,0,baseline,quartile_tails,0.25,1.0
162676,3,2021-08-09,0.16666666666666666,0,baseline,quartile_tails,0.25,1.0
163440,3,2021-08-09,1.0,1,high,quartile_tails,0.25,1.0
166548,3,2021-08-09,1.0,1,high,quartile_tails,0.25,1.0
168428,3,2021-08-09,1.0,1,high,quartile_tails,0.25,1.0
168656,3,2021-08-09,0.0,0,baseline,quartile_tails,0.25,1.0
170625,3,2021-08-09,0.16666666666666666,0,baseline,quartile_tails,0.25,1.0
173947,3,2021-08-09,1.0,1,high,quartile_tails,0.25,1.0
174330,3,2021-08-09,1.0,1,high,quartile_tails,0.25,1.0
175109,3,2021-08-09,0.25,0,baseline,quartile_tails,0.25,1.0
175158,3,2021-08-09,0.0,0,baseline,quartile_tails,0.25,1.0
176104,3,2021-08-09,0.0,0,baseline,quartile_tails,0.25,1.0
179752,3,2021-08-09,0.0,0,baseline,quartile_tails,0.25,1.0
179884,3,2021-08-09,0.05555555555555555,0,baseline,quartile_tails,0.25,1.0
183446,3,2021-08-09,1.0,1,high,quartile_tails,0.25,1.0
185394,3,2021-08-09,1.0,1,high,quartile_tails,0.25,1.0
185870,3,2021-08-09,0.0,0,baseline,quartile_tails,0.25,1.0
186856,3,2021-08-09,0.20833333333333331,0,baseline,quartile_tails,0.25,1.0
187277,3,2021-08-09,0.0,0,baseline,quartile_tails,0.25,1.0
188026,3,2021-08-09,0.0,0,baseline,quartile_tails,0.25,1.0
188496,3,2021-08-09,0.16666666666666666,0,baseline,quartile_tails,0.25,1.0
190055,3,2021-08-09,0.0,0,baseline,quartile_tails,0.25,1.0
190092,3,2021-08-09,1.0,1,high,quartile_tails,0.25,1.0
191373,3,2021-08-09,0.0,0,baseline,quartile_tails,0.25,1.0
192418,3,2021-08-09,1.0,1,high,quartile_tails,0.25,1.0
193097,3,2021-08-09,0.08333333333333333,0,baseline,quartile_tails,0.25,1.0
193206,3,2021-08-09,1.0,1,high,quartile_tails,0.25,1.0
195049,3,2021-08-09,0.0,0,baseline,quartile_tails,0.25,1.0
195869,3,2021-08-09,1.0,1,high,quartile_tails,0.25,1.0
196054,3,2021-08-09,1.0,1,high,quartile_tails,0.25,1.0
196378,3,2021-08-09,0.2375,0,baseline,quartile_tails,0.25,1.0
198640,3,2021-08-09,0.0,0,baseline,quartile_tails,0.25,1.0
199300,3,2021-08-09,1.0,1,high,quartile_tails,0.25,1.0
199671,3,2021-08-09,0.0,0,baseline,quartile_tails,0.25,1.0
202405,3,2021-08-09,0.0,0,baseline,quartile_tails,0.25,1.0
203708,3,2021-08-09,1.0,1,high,quartile_tails,0.25,1.0
205300,3,2021-08-09,1.0,1,high,quartile_tails,0.25,1.0
212125,3,2021-08-09,1.0,1,high,quartile_tails,0.25,1.0
212753,3,2021-08-09,1.0,1,high,quartile_tails,0.25,1.0
212796,3,2021-08-09,1.0,1,high,quartile_tails,0.25,1.0
213026,3,2021-08-09,1.0,1,high,quartile_tails,0.25,1.0
213286,3,2021-08-09,1.0,1,high,quartile_tails,0.25,1.0
216309,3,2021-08-09,1.0,1,high,quartile_tails,0.25,1.0
216934,3,2021-08-09,0.0,0,baseline,quartile_tails,0.25,1.0
217477,3,2021-08-09,0.0,0,baseline,quartile_tails,0.25,1.0
217995,3,2021-08-09,0.25,0,baseline,quartile_tails,0.25,1.0
222367,3,2021-08-09,1.0,1,high,quartile_tails,0.25,1.0
222659,3,2021-08-09,0.0,0,baseline,quartile_tails,0.25,1.0
222931,3,2021-08-09,0.16666666666666666,0,baseline,quartile_tails,0.25,1.0
225143,3,2021-08-09,1.0,1,high,quartile_tails,0.25,1.0
231582,3,2021-08-09,1.0,1,high,quartile_tails,0.25,1.0
231588,3,2021-08-09,1.0,1,high,quartile_tails,0.25,1.0
232024,3,2021-08-09,0.16666666666666666,0,baseline,quartile_tails,0.25,1.0
232195,3,2021-08-09,0.0,0,baseline,quartile_tails,0.25,1.0
232593,3,2021-08-09,0.0,0,baseline,quartile_tails,0.25,1.0
232882,3,2021-08-09,0.0,0,baseline,quartile_tails,0.25,1.0
233264,3,2021-08-09,0.0,0,baseline,quartile_tails,0.25,1.0
234239,3,2021-08-09,1.0,1,high,quartile_tails,0.25,1.0
237349,3,2021-08-09,1.0,1,high,quartile_tails,0.25,1.0
237759,3,2021-08-09,0.0,0,baseline,quartile_tails,0.25,1.0
238497,3,2021-08-09,1.0,1,high,quartile_tails,0.25,1.0
240112,3,2021-08-09,0.25,0,baseline,quartile_tails,0.25,1.0
242076,3,2021-08-09,1.0,1,high,quartile_tails,0.25,1.0
242144,3,2021-08-09,0.0,0,baseline,quartile_tails,0.25,1.0
242712,3,2021-08-09,0.0,0,baseline,quartile_tails,0.25,1.0
243413,3,2021-08-09,1.0,1,high,quartile_tails,0.25,1.0
245836,3,2021-08-09,1.0,1,high,quartile_tails,0.25,1.0
248966,3,2021-08-09,1.0,1,high,quartile_tails,0.25,1.0
250028,3,2021-08-09,1.0,1,high,quartile_tails,0.25,1.0
250933,3,2021-08-09,1.0,1,high,quartile_tails,0.25,1.0
254042,3,2021-08-09,0.0,0,baseline,quartile_tails,0.25,1.0
260037,3,2021-08-09,0.0,0,baseline,quartile_tails,0.25,1.0
260515,3,2021-08-09,0.25,0,baseline,quartile_tails,0.25,1.0
260902,3,2021-08-09,0.0,0,baseline,quartile_tails,0.25,1.0
262207,3,2021-08-09,1.0,1,high,quartile_tails,0.25,1.0
265113,3,2021-08-09,0.0,0,baseline,quartile_tails,0.25,1.0
266606,3,2021-08-09,0.0,0,baseline,quartile_tails,0.25,1.0
268533,3,2021-08-09,0.16666666666666666,0,baseline,quartile_tails,0.25,1.0
270517,3,2021-08-09,0.0,0,baseline,quartile_tails,0.25,1.0
270607,3,2021-08-09,0.0,0,baseline,quartile_tails,0.25,1.0
270672,3,2021-08-09,0.0,0,baseline,quartile_tails,0.25,1.0
274318,3,2021-08-09,1.0,1,high,quartile_tails,0.25,1.0
274387,3,2021-08-09,1.0,1,high,quartile_tails,0.25,1.0
275495,3,2021-08-09,1.0,1,high,quartile_tails,0.25,1.0
276540,3,2021-08-09,0.1111111111111111,0,baseline,quartile_tails,0.25,1.0
277597,3,2021-08-09,0.0,0,baseline,quartile_tails,0.25,1.0
278036,3,2021-08-09,1.0,1,high,quartile_tails,0.25,1.0
279372,3,2021-08-09,0.0,0,baseline,quartile_tails,0.25,1.0
281711,3,2021-08-09,1.0,1,high,quartile_tails,0.25,1.0
282910,3,2021-08-09,1.0,1,high,quartile_tails,0.25,1.0
283311,3,2021-08-09,0.0,0,baseline,quartile_tails,0.25,1.0
284503,3,2021-08-09,0.16666666666666666,0,baseline,quartile_tails,0.25,1.0
286028,3,2021-08-09,0.1625,0,baseline,quartile_tails,0.25,1.0
286293,3,2021-08-09,0.0,0,baseline,quartile_tails,0.25,1.0
286343,3,2021-08-09,0.0,0,baseline,quartile_tails,0.25,1.0
291220,3,2021-08-09,0.07738095238095238,0,baseline,quartile_tails,0.25,1.0
293909,3,2021-08-09,0.0,0,baseline,quartile_tails,0.25,1.0
294572,3,2021-08-09,1.0,1,high,quartile_tails,0.25,1.0
296630,3,2021-08-09,0.0,0,baseline,quartile_tails,0.25,1.0
300122,3,2021-08-09,1.0,1,high,quartile_tails,0.25,1.0
302773,3,2021-08-09,0.25,0,baseline,quartile_tails,0.25,1.0
303040,3,2021-08-09,1.0,1,high,quartile_tails,0.25,1.0
303327,3,2021-08-09,1.0,1,high,quartile_tails,0.25,1.0
305790,3,2021-08-09,1.0,1,high,quartile_tails,0.25,1.0
305815,3,2021-08-09,1.0,1,high,quartile_tails,0.25,1.0
305851,3,2021-08-09,1.0,1,high,quartile_tails,0.25,1.0
308864,3,2021-08-09,1.0,1,high,quartile_tails,0.25,1.0
312118,3,2021-08-09,1.0,1,high,quartile_tails,0.25,1.0
314688,3,2021-08-09,1.0,1,high,quartile_tails,0.25,1.0
315896,3,2021-08-09,0.0,0,baseline,quartile_tails,0.25,1.0
317769,3,2021-08-09,1.0,1,high,quartile_tails,0.25,1.0
319166,3,2021-08-09,1.0,1,high,quartile_tails,0.25,1.0
319550,3,2021-08-09,1.0,1,high,quartile_tails,0.25,1.0
320059,3,2021-08-09,1.0,1,high,quartile_tails,0.25,1.0
320453,3,2021-08-09,0.25,0,baseline,quartile_tails,0.25,1.0
322364,3,2021-08-09,0.08333333333333333,0,baseline,quartile_tails,0.25,1.0
322954,3,2021-08-09,0.21904761904761905,0,baseline,quartile_tails,0.25,1.0
324477,3,2021-08-09,0.0,0,baseline,quartile_tails,0.25,1.0
327662,3,2021-08-09,1.0,1,high,quartile_tails,0.25,1.0
328068,3,2021-08-09,1.0,1,high,quartile_tails,0.25,1.0
328964,3,2021-08-09,1.0,1,high,quartile_tails,0.25,1.0
336425,3,2021-08-09,0.25,0,baseline,quartile_tails,0.25,1.0
337034,3,2021-08-09,1.0,1,high,quartile_tails,0.25,1.0
337306,3,2021-08-09,0.0,0,baseline,quartile_tails,0.25,1.0
338245,3,2021-08-09,0.0,0,baseline,quartile_tails,0.25,1.0
338839,3,2021-08-09,0.0,0,baseline,quartile_tails,0.25,1.0
340062,3,2021-08-09,1.0,1,high,quartile_tails,0.25,1.0
341176,3,2021-08-09,1.0,1,high,quartile_tails,0.25,1.0
341411,3,2021-08-09,0.0,0,baseline,quartile_tails,0.25,1.0
344208,3,2021-08-09,0.0,0,baseline,quartile_tails,0.25,1.0
344467,3,2021-08-09,1.0,1,high,quartile_tails,0.25,1.0
346149,3,2021-08-09,0.19999999999999998,0,baseline,quartile_tails,0.25,1.0
346346,3,2021-08-09,0.16666666666666666,0,baseline,quartile_tails,0.25,1.0
347096,3,2021-08-09,0.16666666666666666,0,baseline,quartile_tails,0.25,1.0
348595,3,2021-08-09,0.0,0,baseline,quartile_tails,0.25,1.0
349299,3,2021-08-09,0.0,0,baseline,quartile_tails,0.25,1.0
352213,3,2021-08-09,0.2222222222222222,0,baseline,quartile_tails,0.25,1.0
357703,3,2021-08-09,1.0,1,high,quartile_tails,0.25,1.0
358215,3,2021-08-09,1.0,1,high,quartile_tails,0.25,1.0
361938,3,2021-08-09,1.0,1,high,quartile_tails,0.25,1.0
364001,3,2021-08-09,1.0,1,high,quartile_tails,0.25,1.0
364669,3,2021-08-09,1.0,1,high,quartile_tails,0.25,1.0
365788,3,2021-08-09,1.0,1,high,quartile_tails,0.25,1.0
370386,3,2021-08-09,1.0,1,high,quartile_tails,0.25,1.0
370820,3,2021-08-09,1.0,1,high,quartile_tails,0.25,1.0
372709,3,2021-08-09,0.25,0,baseline,quartile_tails,0.25,1.0
375455,3,2021-08-09,0.0,0,baseline,quartile_tails,0.25,1.0
376328,3,2021-08-09,1.0,1,high,quartile_tails,0.25,1.0
376663,3,2021-08-09,1.0,1,high,quartile_tails,0.25,1.0
377875,3,2021-08-09,1.0,1,high,quartile_tails,0.25,1.0
379811,3,2021-08-09,1.0,1,high,quartile_tails,0.25,1.0
379892,3,2021-08-09,1.0,1,high,quartile_tails,0.25,1.0
380814,3,2021-08-09,0.125,0,baseline,quartile_tails,0.25,1.0
383546,3,2021-08-09,1.0,1,high,quartile_tails,0.25,1.0
385496,3,2021-08-09,1.0,1,high,quartile_tails,0.25,1.0
385779,3,2021-08-09,1.0,1,high,quartile_tails,0.25,1.0
386075,3,2021-08-09,0.18333333333333335,0,baseline,quartile_tails,0.25,1.0
386143,3,2021-08-09,1.0,1,high,quartile_tails,0.25,1.0
386400,3,2021-08-09,1.0,1,high,quartile_tails,0.25,1.0
387880,3,2021-08-09,1.0,1,high,quartile_tails,0.25,1.0
388675,3,2021-08-09,0.0,0,baseline,quartile_tails,0.25,1.0
390424,3,2021-08-09,1.0,1,high,quartile_tails,0.25,1.0
392234,3,2021-08-09,1.0,1,high,quartile_tails,0.25,1.0
392953,3,2021-08-09,1.0,1,high,quartile_tails,0.25,1.0
394317,3,2021-08-09,0.25,0,baseline,quartile_tails,0.25,1.0
394741,3,2021-08-09,1.0,1,high,quartile_tails,0.25,1.0
395467,3,2021-08-09,0.0,0,baseline,quartile_tails,0.25,1.0
396762,3,2021-08-09,0.0,0,baseline,quartile_tails,0.25,1.0
396797,3,2021-08-09,0.0,0,baseline,quartile_tails,0.25,1.0
397296,3,2021-08-09,1.0,1,high,quartile_tails,0.25,1.0
399254,3,2021-08-09,1.0,1,high,quartile_tails,0.25,1.0
401783,3,2021-08-09,0.0,0,baseline,quartile_tails,0.25,1.0
402162,3,2021-08-09,1.0,1,high,quartile_tails,0.25,1.0
403378,3,2021-08-09,0.0,0,baseline,quartile_tails,0.25,1.0
403666,3,2021-08-09,1.0,1,high,quartile_tails,0.25,1.0
404478,3,2021-08-09,1.0,1,high,quartile_tails,0.25,1.0
404580,3,2021-08-09,0.0,0,baseline,quartile_tails,0.25,1.0
405885,3,2021-08-09,1.0,1,high,quartile_tails,0.25,1.0
405926,3,2021-08-09,0.0,0,baseline,quartile_tails,0.25,1.0
406628,3,2021-08-09,1.0,1,high,quartile_tails,0.25,1.0
407632,3,2021-08-09,0.16666666666666666,0,baseline,quartile_tails,0.25,1.0
408409,3,2021-08-09,1.0,1,high,quartile_tails,0.25,1.0
408431,3,2021-08-09,1.0,1,high,quartile_tails,0.25,1.0
409582,3,2021-08-09,0.19444444444444442,0,baseline,quartile_tails,0.25,1.0
411679,3,2021-08-09,1.0,1,high,quartile_tails,0.25,1.0
417262,3,2021-08-09,1.0,1,high,quartile_tails,0.25,1.0
418218,3,2021-08-09,0.0,0,baseline,quartile_tails,0.25,1.0
418759,3,2021-08-09,0.16666666666666666,0,baseline,quartile_tails,0.25,1.0
418801,3,2021-08-09,0.0,0,baseline,quartile_tails,0.25,1.0
419332,3,2021-08-09,0.16666666666666666,0,baseline,quartile_tails,0.25,1.0
420989,3,2021-08-09,1.0,1,high,quartile_tails,0.25,1.0
421555,3,2021-08-09,1.0,1,high,quartile_tails,0.25,1.0
421797,3,2021-08-09,0.0,0,baseline,quartile_tails,0.25,1.0
423274,3,2021-08-09,0.0,0,baseline,quartile_tails,0.25,1.0
423761,3,2021-08-09,0.0,0,baseline,quartile_tails,0.25,1.0
424444,3,2021-08-09,1.0,1,high,quartile_tails,0.25,1.0
426784,3,2021-08-09,0.25,0,baseline,quartile_tails,0.25,1.0
428113,3,2021-08-09,1.0,1,high,quartile_tails,0.25,1.0
429718,3,2021-08-09,0.1111111111111111,0,baseline,quartile_tails,0.25,1.0
429961,3,2021-08-09,0.25,0,baseline,quartile_tails,0.25,1.0
434537,3,2021-08-09,0.0,0,baseline,quartile_tails,0.25,1.0
434816,3,2021-08-09,1.0,1,high,quartile_tails,0.25,1.0
435641,3,2021-08-09,1.0,1,high,quartile_tails,0.25,1.0
436234,3,2021-08-09,0.0,0,baseline,quartile_tails,0.25,1.0
436953,3,2021-08-09,0.0,0,baseline,quartile_tails,0.25,1.0
437448,3,2021-08-09,0.0,0,baseline,quartile_tails,0.25,1.0
439228,3,2021-08-09,1.0,1,high,quartile_tails,0.25,1.0
439374,3,2021-08-09,1.0,1,high,quartile_tails,0.25,1.0
440535,3,2021-08-09,1.0,1,high,quartile_tails,0.25,1.0
441191,3,2021-08-09,1.0,1,high,quartile_tails,0.25,1.0
441334,3,2021-08-09,0.0,0,baseline,quartile_tails,0.25,1.0
442551,3,2021-08-09,0.0,0,baseline,quartile_tails,0.25,1.0
446785,3,2021-08-09,0.16666666666666666,0,baseline,quartile_tails,0.25,1.0
447422,3,2021-08-09,1.0,1,high,quartile_tails,0.25,1.0
449719,3,2021-08-09,1.0,1,high,quartile_tails,0.25,1.0
449742,3,2021-08-09,0.25,0,baseline,quartile_tails,0.25,1.0
450046,3,2021-08-09,0.25,0,baseline,quartile_tails,0.25,1.0
452981,3,2021-08-09,1.0,1,high,quartile_tails,0.25,1.0
453952,3,2021-08-09,1.0,1,high,quartile_tails,0.25,1.0
454504,3,2021-08-09,0.2375,0,baseline,quartile_tails,0.25,1.0
457577,3,2021-08-09,1.0,1,high,quartile_tails,0.25,1.0
458842,3,2021-08-09,0.25,0,baseline,quartile_tails,0.25,1.0
459346,3,2021-08-09,0.0,0,baseline,quartile_tails,0.25,1.0
460534,3,2021-08-09,0.0,0,baseline,quartile_tails,0.25,1.0
460575,3,2021-08-09,1.0,1,high,quartile_tails,0.25,1.0
461798,3,2021-08-09,1.0,1,high,quartile_tails,0.25,1.0
462401,3,2021-08-09,0.0,0,baseline,quartile_tails,0.25,1.0
462963,3,2021-08-09,0.0,0,baseline,quartile_tails,0.25,1.0
463127,3,2021-08-09,1.0,1,high,quartile_tails,0.25,1.0
464456,3,2021-08-09,1.0,1,high,quartile_tails,0.25,1.0
468756,3,2021-08-09,0.15,0,baseline,quartile_tails,0.25,1.0
470944,3,2021-08-09,0.0,0,baseline,quartile_tails,0.25,1.0
471329,3,2021-08-09,0.0,0,baseline,quartile_tails,0.25,1.0
471523,3,2021-08-09,1.0,1,high,quartile_tails,0.25,1.0
471590,3,2021-08-09,1.0,1,high,quartile_tails,0.25,1.0
472583,3,2021-08-09,0.0,0,baseline,quartile_tails,0.25,1.0
476896,3,2021-08-09,1.0,1,high,quartile_tails,0.25,1.0
477121,3,2021-08-09,1.0,1,high,quartile_tails,0.25,1.0
479877,3,2021-08-09,0.25,0,baseline,quartile_tails,0.25,1.0
482503,3,2021-08-09,1.0,1,high,quartile_tails,0.25,1.0
484372,3,2021-08-09,1.0,1,high,quartile_tails,0.25,1.0
487948,3,2021-08-09,1.0,1,high,quartile_tails,0.25,1.0
488082,3,2021-08-09,1.0,1,high,quartile_tails,0.25,1.0
488367,3,2021-08-09,1.0,1,high,quartile_tails,0.25,1.0
490795,3,2021-08-09,0.0,0,baseline,quartile_tails,0.25,1.0
494398,3,2021-08-09,1.0,1,high,quartile_tails,0.25,1.0
495921,3,2021-08-09,0.225,0,baseline,quartile_tails,0.25,1.0
497195,3,2021-08-09,0.0,0,baseline,quartile_tails,0.25,1.0
497443,3,2021-08-09,0.0,0,baseline,quartile_tails,0.25,1.0
497454,3,2021-08-09,0.0,0,baseline,quartile_tails,0.25,1.0
497526,3,2021-08-09,0.16666666666666666,0,baseline,quartile_tails,0.25,1.0
497983,3,2021-08-09,1.0,1,high,quartile_tails,0.25,1.0
498777,3,2021-08-09,0.0,0,baseline,quartile_tails,0.25,1.0
500576,3,2021-08-09,0.0,0,baseline,quartile_tails,0.25,1.0
502572,3,2021-08-09,0.1111111111111111,0,baseline,quartile_tails,0.25,1.0
504289,3,2021-08-09,1.0,1,high,quartile_tails,0.25,1.0
504335,3,2021-08-09,0.25,0,baseline,quartile_tails,0.25,1.0
505525,3,2021-08-09,1.0,1,high,quartile_tails,0.25,1.0
506874,3,2021-08-09,0.25,0,baseline,quartile_tails,0.25,1.0
507843,3,2021-08-09,1.0,1,high,quartile_tails,0.25,1.0
508918,3,2021-08-09,1.0,1,high,quartile_tails,0.25,1.0
509609,3,2021-08-09,1.0,1,high,quartile_tails,0.25,1.0
510375,3,2021-08-09,1.0,1,high,quartile_tails,0.25,1.0
511609,3,2021-08-09,0.13333333333333333,0,baseline,quartile_tails,0.25,1.0
512659,3,2021-08-09,1.0,1,high,quartile_tails,0.25,1.0
515218,3,2021-08-09,0.0,0,baseline,quartile_tails,0.25,1.0
517470,3,2021-08-09,1.0,1,high,quartile_tails,0.25,1.0
519032,3,2021-08-09,1.0,1,high,quartile_tails,0.25,1.0
522751,3,2021-08-09,0.2222222222222222,0,baseline,quartile_tails,0.25,1.0
522917,3,2021-08-09,1.0,1,high,quartile_tails,0.25,1.0
524186,3,2021-08-09,1.0,1,high,quartile_tails,0.25,1.0
526612,3,2021-08-09,1.0,1,high,quartile_tails,0.25,1.0
528157,3,2021-08-09,0.0,0,baseline,quartile_tails,0.25,1.0
529377,3,2021-08-09,1.0,1,high,quartile_tails,0.25,1.0
529799,3,2021-08-09,0.0,0,baseline,quartile_tails,0.25,1.0
529877,3,2021-08-09,1.0,1,high,quartile_tails,0.25,1.0
531055,3,2021-08-09,1.0,1,high,quartile_tails,0.25,1.0
531993,3,2021-08-09,1.0,1,high,quartile_tails,0.25,1.0
533968,3,2021-08-09,1.0,1,high,quartile_tails,0.25,1.0
534175,3,2021-08-09,1.0,1,high,quartile_tails,0.25,1.0
534813,3,2021-08-09,1.0,1,high,quartile_tails,0.25,1.0
535349,3,2021-08-09,1.0,1,high,quartile_tails,0.25,1.0
536423,3,2021-08-09,1.0,1,high,quartile_tails,0.25,1.0
537967,3,2021-08-09,0.15,0,baseline,quartile_tails,0.25,1.0
539939,3,2021-08-09,1.0,1,high,quartile_tails,0.25,1.0
542446,3,2021-08-09,1.0,1,high,quartile_tails,0.25,1.0
545943,3,2021-08-09,0.0,0,baseline,quartile_tails,0.25,1.0
547049,3,2021-08-09,0.0625,0,baseline,quartile_tails,0.25,1.0
547398,3,2021-08-09,1.0,1,high,quartile_tails,0.25,1.0
547668,3,2021-08-09,0.0,0,baseline,quartile_tails,0.25,1.0
553326,3,2021-08-09,1.0,1,high,quartile_tails,0.25,1.0
553546,3,2021-08-09,0.0,0,baseline,quartile_tails,0.25,1.0
556579,3,2021-08-09,1.0,1,high,quartile_tails,0.25,1.0
557903,3,2021-08-09,1.0,1,high,quartile_tails,0.25,1.0
558530,3,2021-08-09,1.0,1,high,quartile_tails,0.25,1.0
558615,3,2021-08-09,1.0,1,high,quartile_tails,0.25,1.0
559349,3,2021-08-09,0.0,0,baseline,quartile_tails,0.25,1.0
560999,3,2021-08-09,1.0,1,high,quartile_tails,0.25,1.0
561448,3,2021-08-09,1.0,1,high,quartile_tails,0.25,1.0
564461,3,2021-08-09,0.0,0,baseline,quartile_tails,0.25,1.0
566660,3,2021-08-09,1.0,1,high,quartile_tails,0.25,1.0
566829,3,2021-08-09,1.0,1,high,quartile_tails,0.25,1.0
569394,3,2021-08-09,0.25,0,baseline,quartile_tails,0.25,1.0
572397,3,2021-08-09,1.0,1,high,quartile_tails,0.25,1.0
573697,3,2021-08-09,0.0,0,baseline,quartile_tails,0.25,1.0
574132,3,2021-08-09,1.0,1,high,quartile_tails,0.25,1.0
574598,3,2021-08-09,1.0,1,high,quartile_tails,0.25,1.0
575052,3,2021-08-09,0.25,0,baseline,quartile_tails,0.25,1.0
576523,3,2021-08-09,1.0,1,high,quartile_tails,0.25,1.0
579573,3,2021-08-09,1.0,1,high,quartile_tails,0.25,1.0
586359,3,2021-08-09,0.0,0,baseline,quartile_tails,0.25,1.0
591304,3,2021-08-09,1.0,1,high,quartile_tails,0.25,1.0
592573,3,2021-08-09,1.0,1,high,quartile_tails,0.25,1.0
597074,3,2021-08-09,1.0,1,high,quartile_tails,0.25,1.0
597313,3,2021-08-09,1.0,1,high,quartile_tails,0.25,1.0
597876,3,2021-08-09,0.0,0,baseline,quartile_tails,0.25,1.0
601179,3,2021-08-09,0.0,0,baseline,quartile_tails,0.25,1.0
604399,3,2021-08-09,1.0,1,high,quartile_tails,0.25,1.0
605289,3,2021-08-09,0.0,0,baseline,quartile_tails,0.25,1.0
605404,3,2021-08-09,1.0,1,high,quartile_tails,0.25,1.0
606618,3,2021-08-09,0.0,0,baseline,quartile_tails,0.25,1.0
608232,3,2021-08-09,1.0,1,high,quartile_tails,0.25,1.0
608846,3,2021-08-09,1.0,1,high,quartile_tails,0.25,1.0
609801,3,2021-08-09,1.0,1,high,quartile_tails,0.25,1.0
611717,3,2021-08-09,0.0,0,baseline,quartile_tails,0.25,1.0
613314,3,2021-08-09,1.0,1,high,quartile_tails,0.25,1.0
614789,3,2021-08-09,0.0,0,baseline,quartile_tails,0.25,1.0
615699,3,2021-08-09,1.0,1,high,quartile_tails,0.25,1.0
617555,3,2021-08-09,0.0,0,baseline,quartile_tails,0.25,1.0
618097,3,2021-08-09,0.0,0,baseline,quartile_tails,0.25,1.0
619820,3,2021-08-09,1.0,1,high,quartile_tails,0.25,1.0
620663,3,2021-08-09,1.0,1,high,quartile_tails,0.25,1.0
622408,3,2021-08-09,0.0,0,baseline,quartile_tails,0.25,1.0
622487,3,2021-08-09,0.0,0,baseline,quartile_tails,0.25,1.0
623156,3,2021-08-09,0.16666666666666666,0,baseline,quartile_tails,0.25,1.0
623225,3,2021-08-09,1.0,1,high,quartile_tails,0.25,1.0
627039,3,2021-08-09,1.0,1,high,quartile_tails,0.25,1.0
627380,3,2021-08-09,1.0,1,high,quartile_tails,0.25,1.0
627681,3,2021-08-09,0.0,0,baseline,quartile_tails,0.25,1.0
635767,3,2021-08-09,1.0,1,high,quartile_tails,0.25,1.0
637016,3,2021-08-09,1.0,1,high,quartile_tails,0.25,1.0
641604,3,2021-08-09,0.0,0,baseline,quartile_tails,0.25,1.0
643362,3,2021-08-09,1.0,1,high,quartile_tails,0.25,1.0
643947,3,2021-08-09,1.0,1,high,quartile_tails,0.25,1.0
645446,3,2021-08-09,1.0,1,high,quartile_tails,0.25,1.0
647724,3,2021-08-09,1.0,1,high,quartile_tails,0.25,1.0
647793,3,2021-08-09,1.0,1,high,quartile_tails,0.25,1.0
649308,3,2021-08-09,0.16666666666666666,0,baseline,quartile_tails,0.25,1.0
652266,3,2021-08-09,1.0,1,high,quartile_tails,0.25,1.0
653658,3,2021-08-09,1.0,1,high,quartile_tails,0.25,1.0
657360,3,2021-08-09,1.0,1,high,quartile_tails,0.25,1.0
657546,3,2021-08-09,1.0,1,high,quartile_tails,0.25,1.0
657753,3,2021-08-09,1.0,1,high,quartile_tails,0.25,1.0
661259,3,2021-08-09,1.0,1,high,quartile_tails,0.25,1.0
664992,3,2021-08-09,1.0,1,high,quartile_tails,0.25,1.0
666751,3,2021-08-09,0.25,0,baseline,quartile_tails,0.25,1.0
672584,3,2021-08-09,0.0,0,baseline,quartile_tails,0.25,1.0
673728,3,2021-08-09,0.0,0,baseline,quartile_tails,0.25,1.0
676967,3,2021-08-09,1.0,1,high,quartile_tails,0.25,1.0
677417,3,2021-08-09,0.125,0,baseline,quartile_tails,0.25,1.0
680767,3,2021-08-09,0.125,0,baseline,quartile_tails,0.25,1.0
680770,3,2021-08-09,0.0,0,baseline,quartile_tails,0.25,1.0
680803,3,2021-08-09,1.0,1,high,quartile_tails,0.25,1.0
680806,3,2021-08-09,1.0,1,high,quartile_tails,0.25,1.0
680811,3,2021-08-09,0.25,0,baseline,quartile_tails,0.25,1.0
683491,3,2021-08-09,0.16666666666666666,0,baseline,quartile_tails,0.25,1.0
683543,3,2021-08-09,1.0,1,high,quartile_tails,0.25,1.0
684953,3,2021-08-09,0.25,0,baseline,quartile_tails,0.25,1.0
686428,3,2021-08-09,1.0,1,high,quartile_tails,0.25,1.0
688130,3,2021-08-09,0.0,0,baseline,quartile_tails,0.25,1.0
689176,3,2021-08-09,1.0,1,high,quartile_tails,0.25,1.0
690343,3,2021-08-09,0.0,0,baseline,quartile_tails,0.25,1.0
690348,3,2021-08-09,0.0,0,baseline,quartile_tails,0.25,1.0
693257,3,2021-08-09,0.0,0,baseline,quartile_tails,0.25,1.0
693278,3,2021-08-09,0.0,0,baseline,quartile_tails,0.25,1.0
693538,3,2021-08-09,1.0,1,high,quartile_tails,0.25,1.0
694610,3,2021-08-09,1.0,1,high,quartile_tails,0.25,1.0
696002,3,2021-08-09,1.0,1,high,quartile_tails,0.25,1.0
697551,3,2021-08-09,0.25,0,baseline,quartile_tails,0.25,1.0
698554,3,2021-08-09,1.0,1,high,quartile_tails,0.25,1.0
699258,3,2021-08-09,0.16666666666666666,0,baseline,quartile_tails,0.25,1.0
700719,3,2021-08-09,0.0,0,baseline,quartile_tails,0.25,1.0
700930,3,2021-08-09,0.0,0,baseline,quartile_tails,0.25,1.0
701077,3,2021-08-09,0.125,0,baseline,quartile_tails,0.25,1.0
701318,3,2021-08-09,0.25,0,baseline,quartile_tails,0.25,1.0
705121,3,2021-08-09,1.0,1,high,quartile_tails,0.25,1.0
706295,3,2021-08-09,0.16666666666666666,0,baseline,quartile_tails,0.25,1.0
707581,3,2021-08-09,0.0,0,baseline,quartile_tails,0.25,1.0
708493,3,2021-08-09,1.0,1,high,quartile_tails,0.25,1.0
709710,3,2021-08-09,1.0,1,high,quartile_tails,0.25,1.0
714248,3,2021-08-09,1.0,1,high,quartile_tails,0.25,1.0
718191,3,2021-08-09,1.0,1,high,quartile_tails,0.25,1.0
718293,3,2021-08-09,0.0,0,baseline,quartile_tails,0.25,1.0
721227,3,2021-08-09,0.0,0,baseline,quartile_tails,0.25,1.0
721269,3,2021-08-09,1.0,1,high,quartile_tails,0.25,1.0
724563,3,2021-08-09,0.0,0,baseline,quartile_tails,0.25,1.0
724603,3,2021-08-09,0.16666666666666666,0,baseline,quartile_tails,0.25,1.0
726690,3,2021-08-09,0.0,0,baseline,quartile_tails,0.25,1.0
728337,3,2021-08-09,0.125,0,baseline,quartile_tails,0.25,1.0
728499,3,2021-08-09,1.0,1,high,quartile_tails,0.25,1.0
729284,3,2021-08-09,1.0,1,high,quartile_tails,0.25,1.0
730255,3,2021-08-09,1.0,1,high,quartile_tails,0.25,1.0
730267,3,2021-08-09,1.0,1,high,quartile_tails,0.25,1.0
732241,3,2021-08-09,0.0,0,baseline,quartile_tails,0.25,1.0
735490,3,2021-08-09,0.0,0,baseline,quartile_tails,0.25,1.0
735574,3,2021-08-09,0.16666666666666666,0,baseline,quartile_tails,0.25,1.0
735644,3,2021-08-09,1.0,1,high,quartile_tails,0.25,1.0
735987,3,2021-08-09,1.0,1,high,quartile_tails,0.25,1.0
739041,3,2021-08-09,1.0,1,high,quartile_tails,0.25,1.0
741241,3,2021-08-09,1.0,1,high,quartile_tails,0.25,1.0
744136,3,2021-08-09,0.0,0,baseline,quartile_tails,0.25,1.0
745072,3,2021-08-09,0.25,0,baseline,quartile_tails,0.25,1.0
745618,3,2021-08-09,0.0,0,baseline,quartile_tails,0.25,1.0
746455,3,2021-08-09,0.0,0,baseline,quartile_tails,0.25,1.0
748059,3,2021-08-09,0.0,0,baseline,quartile_tails,0.25,1.0
748487,3,2021-08-09,0.0,0,baseline,quartile_tails,0.25,1.0
751765,3,2021-08-09,1.0,1,high,quartile_tails,0.25,1.0
754477,3,2021-08-09,0.0,0,baseline,quartile_tails,0.25,1.0
755245,3,2021-08-09,0.16666666666666666,0,baseline,quartile_tails,0.25,1.0
756501,3,2021-08-09,0.0,0,baseline,quartile_tails,0.25,1.0
760355,3,2021-08-09,1.0,1,high,quartile_tails,0.25,1.0
761274,3,2021-08-09,1.0,1,high,quartile_tails,0.25,1.0
763251,3,2021-08-09,1.0,1,high,quartile_tails,0.25,1.0
764095,3,2021-08-09,1.0,1,high,quartile_tails,0.25,1.0
765292,3,2021-08-09,1.0,1,high,quartile_tails,0.25,1.0
766983,3,2021-08-09,1.0,1,high,quartile_tails,0.25,1.0
767796,3,2021-08-09,1.0,1,high,quartile_tails,0.25,1.0
772880,3,2021-08-09,0.08333333333333333,0,baseline,quartile_tails,0.25,1.0
773449,3,2021-08-09,0.16666666666666666,0,baseline,quartile_tails,0.25,1.0
773998,3,2021-08-09,0.0,0,baseline,quartile_tails,0.25,1.0
777557,3,2021-08-09,1.0,1,high,quartile_tails,0.25,1.0
779828,3,2021-08-09,1.0,1,high,quartile_tails,0.25,1.0
783433,3,2021-08-09,0.25,0,baseline,quartile_tails,0.25,1.0
783753,3,2021-08-09,1.0,1,high,quartile_tails,0.25,1.0
785789,3,2021-08-09,0.25,0,baseline,quartile_tails,0.25,1.0
790477,3,2021-08-09,0.0,0,baseline,quartile_tails,0.25,1.0
790678,3,2021-08-09,1.0,1,high,quartile_tails,0.25,1.0
791263,3,2021-08-09,0.0,0,baseline,quartile_tails,0.25,1.0
792939,3,2021-08-09,0.0,0,baseline,quartile_tails,0.25,1.0
795740,3,2021-08-09,1.0,1,high,quartile_tails,0.25,1.0
796023,3,2021-08-09,1.0,1,high,quartile_tails,0.25,1.0
796349,3,2021-08-09,1.0,1,high,quartile_tails,0.25,1.0
796630,3,2021-08-09,0.0,0,baseline,quartile_tails,0.25,1.0
797176,3,2021-08-09,1.0,1,high,quartile_tails,0.25,1.0
798964,3,2021-08-09,0.0,0,baseline,quartile_tails,0.25,1.0
800914,3,2021-08-09,0.16666666666666666,0,baseline,quartile_tails,0.25,1.0
800921,3,2021-08-09,1.0,1,high,quartile_tails,0.25,1.0
800951,3,2021-08-09,1.0,1,high,quartile_tails,0.25,1.0
800969,3,2021-08-09,0.0,0,baseline,quartile_tails,0.25,1.0
800975,3,2021-08-09,1.0,1,high,quartile_tails,0.25,1.0
800977,3,2021-08-09,0.0,0,baseline,quartile_tails,0.25,1.0
800982,3,2021-08-09,0.0,0,baseline,quartile_tails,0.25,1.0
800990,3,2021-08-09,0.125,0,baseline,quartile_tails,0.25,1.0
804378,3,2021-08-09,1.0,1,high,quartile_tails,0.25,1.0
805530,3,2021-08-09,1.0,1,high,quartile_tails,0.25,1.0
806189,3,2021-08-09,1.0,1,high,quartile_tails,0.25,1.0
526,39,2021-07-25,0.16666666666666666,0,baseline,quartile_tails,0.25,1.0
686,39,2021-07-25,1.0,1,high,quartile_tails,0.25,1.0
1370,39,2021-07-25,0.0,0,baseline,quartile_tails,0.25,1.0
1650,39,2021-07-25,1.0,1,high,quartile_tails,0.25,1.0
4365,39,2021-07-25,0.1488095238095238,0,baseline,quartile_tails,0.25,1.0
4915,39,2021-07-25,1.0,1,high,quartile_tails,0.25,1.0
5254,39,2021-07-25,1.0,1,high,quartile_tails,0.25,1.0
9643,39,2021-07-25,0.1875,0,baseline,quartile_tails,0.25,1.0
11054,39,2021-07-25,0.0,0,baseline,quartile_tails,0.25,1.0
12167,39,2021-07-25,0.0,0,baseline,quartile_tails,0.25,1.0
13296,39,2021-07-25,1.0,1,high,quartile_tails,0.25,1.0
14339,39,2021-07-25,1.0,1,high,quartile_tails,0.25,1.0
14683,39,2021-07-25,1.0,1,high,quartile_tails,0.25,1.0
14775,39,2021-07-25,1.0,1,high,quartile_tails,0.25,1.0
14842,39,2021-07-25,0.2222222222222222,0,baseline,quartile_tails,0.25,1.0
15463,39,2021-07-25,0.0,0,baseline,quartile_tails,0.25,1.0
15533,39,2021-07-25,0.0,0,baseline,quartile_tails,0.25,1.0
15551,39,2021-07-25,0.1111111111111111,0,baseline,quartile_tails,0.25,1.0
15882,39,2021-07-25,0.1875,0,baseline,quartile_tails,0.25,1.0
15917,39,2021-07-25,0.13333333333333333,0,baseline,quartile_tails,0.25,1.0
16629,39,2021-07-25,1.0,1,high,quartile_tails,0.25,1.0
16660,39,2021-07-25,0.14583333333333331,0,baseline,quartile_tails,0.25,1.0
16721,39,2021-07-25,0.125,0,baseline,quartile_tails,0.25,1.0
17169,39,2021-07-25,1.0,1,high,quartile_tails,0.25,1.0
18730,39,2021-07-25,0.0,0,baseline,quartile_tails,0.25,1.0
20067,39,2021-07-25,1.0,1,high,quartile_tails,0.25,1.0
20101,39,2021-07-25,0.0,0,baseline,quartile_tails,0.25,1.0
21036,39,2021-07-25,1.0,1,high,quartile_tails,0.25,1.0
22559,39,2021-07-25,0.25,0,baseline,quartile_tails,0.25,1.0
23030,39,2021-07-25,0.16666666666666666,0,baseline,quartile_tails,0.25,1.0
25936,39,2021-07-25,1.0,1,high,quartile_tails,0.25,1.0
29997,39,2021-07-25,0.125,0,baseline,quartile_tails,0.25,1.0
30374,39,2021-07-25,0.16666666666666666,0,baseline,quartile_tails,0.25,1.0
30509,39,2021-07-25,1.0,1,high,quartile_tails,0.25,1.0
30572,39,2021-07-25,0.0,0,baseline,quartile_tails,0.25,1.0
30878,39,2021-07-25,1.0,1,high,quartile_tails,0.25,1.0
31276,39,2021-07-25,1.0,1,high,quartile_tails,0.25,1.0
32453,39,2021-07-25,1.0,1,high,quartile_tails,0.25,1.0
35431,39,2021-07-25,0.125,0,baseline,quartile_tails,0.25,1.0
36034,39,2021-07-25,1.0,1,high,quartile_tails,0.25,1.0
36256,39,2021-07-25,0.16666666666666666,0,baseline,quartile_tails,0.25,1.0
36940,39,2021-07-25,1.0,1,high,quartile_tails,0.25,1.0
36942,39,2021-07-25,0.25,0,baseline,quartile_tails,0.25,1.0
36988,39,2021-07-25,0.25,0,baseline,quartile_tails,0.25,1.0
39364,39,2021-07-25,1.0,1,high,quartile_tails,0.25,1.0
39686,39,2021-07-25,0.0,0,baseline,quartile_tails,0.25,1.0
40663,39,2021-07-25,1.0,1,high,quartile_tails,0.25,1.0
40781,39,2021-07-25,0.0,0,baseline,quartile_tails,0.25,1.0
43156,39,2021-07-25,1.0,1,high,quartile_tails,0.25,1.0
43589,39,2021-07-25,0.16666666666666666,0,baseline,quartile_tails,0.25,1.0
43734,39,2021-07-25,1.0,1,high,quartile_tails,0.25,1.0
44265,39,2021-07-25,0.0,0,baseline,quartile_tails,0.25,1.0
45040,39,2021-07-25,0.0,0,baseline,quartile_tails,0.25,1.0
45476,39,2021-07-25,0.25,0,baseline,quartile_tails,0.25,1.0
45588,39,2021-07-25,1.0,1,high,quartile_tails,0.25,1.0
46663,39,2021-07-25,0.125,0,baseline,quartile_tails,0.25,1.0
47016,39,2021-07-25,0.0,0,baseline,quartile_tails,0.25,1.0
47232,39,2021-07-25,1.0,1,high,quartile_tails,0.25,1.0
47409,39,2021-07-25,1.0,1,high,quartile_tails,0.25,1.0
48061,39,2021-07-25,0.16666666666666666,0,baseline,quartile_tails,0.25,1.0
49878,39,2021-07-25,1.0,1,high,quartile_tails,0.25,1.0
51077,39,2021-07-25,0.0,0,baseline,quartile_tails,0.25,1.0
51406,39,2021-07-25,0.0,0,baseline,quartile_tails,0.25,1.0
52506,39,2021-07-25,1.0,1,high,quartile_tails,0.25,1.0
52542,39,2021-07-25,1.0,1,high,quartile_tails,0.25,1.0
53262,39,2021-07-25,1.0,1,high,quartile_tails,0.25,1.0
54197,39,2021-07-25,0.16666666666666666,0,baseline,quartile_tails,0.25,1.0
54549,39,2021-07-25,1.0,1,high,quartile_tails,0.25,1.0
57390,39,2021-07-25,0.0,0,baseline,quartile_tails,0.25,1.0
59268,39,2021-07-25,1.0,1,high,quartile_tails,0.25,1.0
59312,39,2021-07-25,1.0,1,high,quartile_tails,0.25,1.0
60233,39,2021-07-25,1.0,1,high,quartile_tails,0.25,1.0
61402,39,2021-07-25,0.1111111111111111,0,baseline,quartile_tails,0.25,1.0
63339,39,2021-07-25,0.0,0,baseline,quartile_tails,0.25,1.0
63685,39,2021-07-25,1.0,1,high,quartile_tails,0.25,1.0
63979,39,2021-07-25,0.0,0,baseline,quartile_tails,0.25,1.0
64180,39,2021-07-25,0.0,0,baseline,quartile_tails,0.25,1.0
64532,39,2021-07-25,0.0,0,baseline,quartile_tails,0.25,1.0
66238,39,2021-07-25,1.0,1,high,quartile_tails,0.25,1.0
66404,39,2021-07-25,1.0,1,high,quartile_tails,0.25,1.0
67550,39,2021-07-25,1.0,1,high,quartile_tails,0.25,1.0
68399,39,2021-07-25,1.0,1,high,quartile_tails,0.25,1.0
69223,39,2021-07-25,0.25,0,baseline,quartile_tails,0.25,1.0
69394,39,2021-07-25,0.25,0,baseline,quartile_tails,0.25,1.0
71843,39,2021-07-25,0.0,0,baseline,quartile_tails,0.25,1.0
72129,39,2021-07-25,1.0,1,high,quartile_tails,0.25,1.0
72482,39,2021-07-25,0.0,0,baseline,quartile_tails,0.25,1.0
72723,39,2021-07-25,1.0,1,high,quartile_tails,0.25,1.0
73083,39,2021-07-25,0.25,0,baseline,quartile_tails,0.25,1.0
73185,39,2021-07-25,0.0,0,baseline,quartile_tails,0.25,1.0
73860,39,2021-07-25,1.0,1,high,quartile_tails,0.25,1.0
73892,39,2021-07-25,1.0,1,high,quartile_tails,0.25,1.0
74799,39,2021-07-25,0.25,0,baseline,quartile_tails,0.25,1.0
77039,39,2021-07-25,0.0,0,baseline,quartile_tails,0.25,1.0
77533,39,2021-07-25,1.0,1,high,quartile_tails,0.25,1.0
77978,39,2021-07-25,1.0,1,high,quartile_tails,0.25,1.0
78828,39,2021-07-25,0.0,0,baseline,quartile_tails,0.25,1.0
79838,39,2021-07-25,1.0,1,high,quartile_tails,0.25,1.0
80875,39,2021-07-25,1.0,1,high,quartile_tails,0.25,1.0
81817,39,2021-07-25,1.0,1,high,quartile_tails,0.25,1.0
81931,39,2021-07-25,0.25,0,baseline,quartile_tails,0.25,1.0
82747,39,2021-07-25,1.0,1,high,quartile_tails,0.25,1.0
84890,39,2021-07-25,1.0,1,high,quartile_tails,0.25,1.0
85025,39,2021-07-25,1.0,1,high,quartile_tails,0.25,1.0
86828,39,2021-07-25,1.0,1,high,quartile_tails,0.25,1.0
86996,39,2021-07-25,1.0,1,high,quartile_tails,0.25,1.0
87483,39,2021-07-25,0.125,0,baseline,quartile_tails,0.25,1.0
87800,39,2021-07-25,1.0,1,high,quartile_tails,0.25,1.0
88214,39,2021-07-25,1.0,1,high,quartile_tails,0.25,1.0
88841,39,2021-07-25,1.0,1,high,quartile_tails,0.25,1.0
90107,39,2021-07-25,1.0,1,high,quartile_tails,0.25,1.0
90108,39,2021-07-25,1.0,1,high,quartile_tails,0.25,1.0
90862,39,2021-07-25,0.0,0,baseline,quartile_tails,0.25,1.0
92123,39,2021-07-25,1.0,1,high,quartile_tails,0.25,1.0
92433,39,2021-07-25,1.0,1,high,quartile_tails,0.25,1.0
92757,39,2021-07-25,1.0,1,high,quartile_tails,0.25,1.0
93059,39,2021-07-25,1.0,1,high,quartile_tails,0.25,1.0
93304,39,2021-07-25,1.0,1,high,quartile_tails,0.25,1.0
94564,39,2021-07-25,1.0,1,high,quartile_tails,0.25,1.0
95824,39,2021-07-25,1.0,1,high,quartile_tails,0.25,1.0
97039,39,2021-07-25,0.25,0,baseline,quartile_tails,0.25,1.0
97087,39,2021-07-25,1.0,1,high,quartile_tails,0.25,1.0
97133,39,2021-07-25,1.0,1,high,quartile_tails,0.25,1.0
97719,39,2021-07-25,1.0,1,high,quartile_tails,0.25,1.0
98585,39,2021-07-25,1.0,1,high,quartile_tails,0.25,1.0
99487,39,2021-07-25,0.16666666666666666,0,baseline,quartile_tails,0.25,1.0
99600,39,2021-07-25,0.25,0,baseline,quartile_tails,0.25,1.0
99628,39,2021-07-25,0.2222222222222222,0,baseline,quartile_tails,0.25,1.0
101984,39,2021-07-25,0.25,0,baseline,quartile_tails,0.25,1.0
102709,39,2021-07-25,1.0,1,high,quartile_tails,0.25,1.0
102751,39,2021-07-25,1.0,1,high,quartile_tails,0.25,1.0
102933,39,2021-07-25,1.0,1,high,quartile_tails,0.25,1.0
103246,39,2021-07-25,1.0,1,high,quartile_tails,0.25,1.0
104811,39,2021-07-25,1.0,1,high,quartile_tails,0.25,1.0
104869,39,2021-07-25,0.125,0,baseline,quartile_tails,0.25,1.0
105889,39,2021-07-25,1.0,1,high,quartile_tails,0.25,1.0
108379,39,2021-07-25,0.0,0,baseline,quartile_tails,0.25,1.0
108941,39,2021-07-25,0.25,0,baseline,quartile_tails,0.25,1.0
109269,39,2021-07-25,1.0,1,high,quartile_tails,0.25,1.0
111087,39,2021-07-25,0.0,0,baseline,quartile_tails,0.25,1.0
111089,39,2021-07-25,1.0,1,high,quartile_tails,0.25,1.0
111827,39,2021-07-25,0.125,0,baseline,quartile_tails,0.25,1.0
112135,39,2021-07-25,1.0,1,high,quartile_tails,0.25,1.0
113390,39,2021-07-25,1.0,1,high,quartile_tails,0.25,1.0
114498,39,2021-07-25,1.0,1,high,quartile_tails,0.25,1.0
114824,39,2021-07-25,1.0,1,high,quartile_tails,0.25,1.0
114862,39,2021-07-25,1.0,1,high,quartile_tails,0.25,1.0
115295,39,2021-07-25,0.225,0,baseline,quartile_tails,0.25,1.0
115508,39,2021-07-25,0.25,0,baseline,quartile_tails,0.25,1.0
115818,39,2021-07-25,1.0,1,high,quartile_tails,0.25,1.0
117060,39,2021-07-25,1.0,1,high,quartile_tails,0.25,1.0
117211,39,2021-07-25,1.0,1,high,quartile_tails,0.25,1.0
118464,39,2021-07-25,1.0,1,high,quartile_tails,0.25,1.0
118553,39,2021-07-25,1.0,1,high,quartile_tails,0.25,1.0
119702,39,2021-07-25,0.0,0,baseline,quartile_tails,0.25,1.0
119718,39,2021-07-25,1.0,1,high,quartile_tails,0.25,1.0
120792,39,2021-07-25,0.0,0,baseline,quartile_tails,0.25,1.0
121449,39,2021-07-25,1.0,1,high,quartile_tails,0.25,1.0
121622,39,2021-07-25,1.0,1,high,quartile_tails,0.25,1.0
121634,39,2021-07-25,1.0,1,high,quartile_tails,0.25,1.0
121880,39,2021-07-25,1.0,1,high,quartile_tails,0.25,1.0
122006,39,2021-07-25,1.0,1,high,quartile_tails,0.25,1.0
122401,39,2021-07-25,1.0,1,high,quartile_tails,0.25,1.0
126553,39,2021-07-25,0.0,0,baseline,quartile_tails,0.25,1.0
127273,39,2021-07-25,0.25,0,baseline,quartile_tails,0.25,1.0
127389,39,2021-07-25,0.25,0,baseline,quartile_tails,0.25,1.0
127697,39,2021-07-25,1.0,1,high,quartile_tails,0.25,1.0
127733,39,2021-07-25,1.0,1,high,quartile_tails,0.25,1.0
129595,39,2021-07-25,0.0,0,baseline,quartile_tails,0.25,1.0
129663,39,2021-07-25,1.0,1,high,quartile_tails,0.25,1.0
130177,39,2021-07-25,0.20833333333333331,0,baseline,quartile_tails,0.25,1.0
130890,39,2021-07-25,0.0,0,baseline,quartile_tails,0.25,1.0
132660,39,2021-07-25,1.0,1,high,quartile_tails,0.25,1.0
134605,39,2021-07-25,1.0,1,high,quartile_tails,0.25,1.0
134781,39,2021-07-25,1.0,1,high,quartile_tails,0.25,1.0
137305,39,2021-07-25,1.0,1,high,quartile_tails,0.25,1.0
140063,39,2021-07-25,1.0,1,high,quartile_tails,0.25,1.0
140616,39,2021-07-25,0.0,0,baseline,quartile_tails,0.25,1.0
140737,39,2021-07-25,1.0,1,high,quartile_tails,0.25,1.0
140777,39,2021-07-25,0.125,0,baseline,quartile_tails,0.25,1.0
142074,39,2021-07-25,1.0,1,high,quartile_tails,0.25,1.0
142131,39,2021-07-25,1.0,1,high,quartile_tails,0.25,1.0
142285,39,2021-07-25,1.0,1,high,quartile_tails,0.25,1.0
143028,39,2021-07-25,1.0,1,high,quartile_tails,0.25,1.0
143285,39,2021-07-25,1.0,1,high,quartile_tails,0.25,1.0
143294,39,2021-07-25,1.0,1,high,quartile_tails,0.25,1.0
143907,39,2021-07-25,1.0,1,high,quartile_tails,0.25,1.0
144000,39,2021-07-25,1.0,1,high,quartile_tails,0.25,1.0
144022,39,2021-07-25,0.0,0,baseline,quartile_tails,0.25,1.0
144025,39,2021-07-25,0.0,0,baseline,quartile_tails,0.25,1.0
148364,39,2021-07-25,0.0,0,baseline,quartile_tails,0.25,1.0
149395,39,2021-07-25,1.0,1,high,quartile_tails,0.25,1.0
149925,39,2021-07-25,0.0,0,baseline,quartile_tails,0.25,1.0
150379,39,2021-07-25,1.0,1,high,quartile_tails,0.25,1.0
150834,39,2021-07-25,1.0,1,high,quartile_tails,0.25,1.0
151495,39,2021-07-25,1.0,1,high,quartile_tails,0.25,1.0
153586,39,2021-07-25,0.0,0,baseline,quartile_tails,0.25,1.0
154131,39,2021-07-25,0.0,0,baseline,quartile_tails,0.25,1.0
154415,39,2021-07-25,1.0,1,high,quartile_tails,0.25,1.0
154643,39,2021-07-25,1.0,1,high,quartile_tails,0.25,1.0
154842,39,2021-07-25,0.25,0,baseline,quartile_tails,0.25,1.0
154860,39,2021-07-25,1.0,1,high,quartile_tails,0.25,1.0
155403,39,2021-07-25,0.0,0,baseline,quartile_tails,0.25,1.0
156033,39,2021-07-25,0.0,0,baseline,quartile_tails,0.25,1.0
156617,39,2021-07-25,1.0,1,high,quartile_tails,0.25,1.0
157885,39,2021-07-25,1.0,1,high,quartile_tails,0.25,1.0
158615,39,2021-07-25,1.0,1,high,quartile_tails,0.25,1.0
159041,39,2021-07-25,1.0,1,high,quartile_tails,0.25,1.0
160030,39,2021-07-25,1.0,1,high,quartile_tails,0.25,1.0
161064,39,2021-07-25,0.2222222222222222,0,baseline,quartile_tails,0.25,1.0
161969,39,2021-07-25,1.0,1,high,quartile_tails,0.25,1.0
162249,39,2021-07-25,1.0,1,high,quartile_tails,0.25,1.0
163654,39,2021-07-25,1.0,1,high,quartile_tails,0.25,1.0
163668,39,2021-07-25,1.0,1,high,quartile_tails,0.25,1.0
163782,39,2021-07-25,1.0,1,high,quartile_tails,0.25,1.0
164984,39,2021-07-25,0.0,0,baseline,quartile_tails,0.25,1.0
165648,39,2021-07-25,0.0,0,baseline,quartile_tails,0.25,1.0
165831,39,2021-07-25,1.0,1,high,quartile_tails,0.25,1.0
167529,39,2021-07-25,1.0,1,high,quartile_tails,0.25,1.0
167776,39,2021-07-25,1.0,1,high,quartile_tails,0.25,1.0
167785,39,2021-07-25,0.0,0,baseline,quartile_tails,0.25,1.0
167799,39,2021-07-25,1.0,1,high,quartile_tails,0.25,1.0
168586,39,2021-07-25,0.25,0,baseline,quartile_tails,0.25,1.0
168600,39,2021-07-25,0.0,0,baseline,quartile_tails,0.25,1.0
168806,39,2021-07-25,0.0,0,baseline,quartile_tails,0.25,1.0
170214,39,2021-07-25,0.16666666666666666,0,baseline,quartile_tails,0.25,1.0
171198,39,2021-07-25,0.0,0,baseline,quartile_tails,0.25,1.0
171754,39,2021-07-25,0.0,0,baseline,quartile_tails,0.25,1.0
172056,39,2021-07-25,1.0,1,high,quartile_tails,0.25,1.0
172913,39,2021-07-25,0.0,0,baseline,quartile_tails,0.25,1.0
175228,39,2021-07-25,0.0,0,baseline,quartile_tails,0.25,1.0
175452,39,2021-07-25,1.0,1,high,quartile_tails,0.25,1.0
176074,39,2021-07-25,1.0,1,high,quartile_tails,0.25,1.0
176390,39,2021-07-25,0.0,0,baseline,quartile_tails,0.25,1.0
177324,39,2021-07-25,0.25,0,baseline,quartile_tails,0.25,1.0
178698,39,2021-07-25,1.0,1,high,quartile_tails,0.25,1.0
179856,39,2021-07-25,0.2222222222222222,0,baseline,quartile_tails,0.25,1.0
180258,39,2021-07-25,0.14583333333333331,0,baseline,quartile_tails,0.25,1.0
181875,39,2021-07-25,0.0,0,baseline,quartile_tails,0.25,1.0
182546,39,2021-07-25,0.0,0,baseline,quartile_tails,0.25,1.0
182803,39,2021-07-25,1.0,1,high,quartile_tails,0.25,1.0
185502,39,2021-07-25,1.0,1,high,quartile_tails,0.25,1.0
186071,39,2021-07-25,0.0,0,baseline,quartile_tails,0.25,1.0
188102,39,2021-07-25,1.0,1,high,quartile_tails,0.25,1.0
188458,39,2021-07-25,1.0,1,high,quartile_tails,0.25,1.0
191411,39,2021-07-25,1.0,1,high,quartile_tails,0.25,1.0
191426,39,2021-07-25,0.16666666666666666,0,baseline,quartile_tails,0.25,1.0
194324,39,2021-07-25,0.0,0,baseline,quartile_tails,0.25,1.0
194373,39,2021-07-25,1.0,1,high,quartile_tails,0.25,1.0
194490,39,2021-07-25,1.0,1,high,quartile_tails,0.25,1.0
194984,39,2021-07-25,0.0,0,baseline,quartile_tails,0.25,1.0
196838,39,2021-07-25,1.0,1,high,quartile_tails,0.25,1.0
198991,39,2021-07-25,1.0,1,high,quartile_tails,0.25,1.0
199414,39,2021-07-25,1.0,1,high,quartile_tails,0.25,1.0
199592,39,2021-07-25,1.0,1,high,quartile_tails,0.25,1.0
199994,39,2021-07-25,1.0,1,high,quartile_tails,0.25,1.0
201305,39,2021-07-25,0.0,0,baseline,quartile_tails,0.25,1.0
202068,39,2021-07-25,0.15,0,baseline,quartile_tails,0.25,1.0
203069,39,2021-07-25,1.0,1,high,quartile_tails,0.25,1.0
203971,39,2021-07-25,1.0,1,high,quartile_tails,0.25,1.0
204397,39,2021-07-25,1.0,1,high,quartile_tails,0.25,1.0
204430,39,2021-07-25,1.0,1,high,quartile_tails,0.25,1.0
205847,39,2021-07-25,0.0,0,baseline,quartile_tails,0.25,1.0
208641,39,2021-07-25,1.0,1,high,quartile_tails,0.25,1.0
211867,39,2021-07-25,0.0,0,baseline,quartile_tails,0.25,1.0
211887,39,2021-07-25,0.14583333333333331,0,baseline,quartile_tails,0.25,1.0
213165,39,2021-07-25,1.0,1,high,quartile_tails,0.25,1.0
215259,39,2021-07-25,0.0,0,baseline,quartile_tails,0.25,1.0
216383,39,2021-07-25,0.1875,0,baseline,quartile_tails,0.25,1.0
217410,39,2021-07-25,0.16666666666666666,0,baseline,quartile_tails,0.25,1.0
217684,39,2021-07-25,0.0,0,baseline,quartile_tails,0.25,1.0
218214,39,2021-07-25,1.0,1,high,quartile_tails,0.25,1.0
219541,39,2021-07-25,1.0,1,high,quartile_tails,0.25,1.0
220129,39,2021-07-25,1.0,1,high,quartile_tails,0.25,1.0
220523,39,2021-07-25,1.0,1,high,quartile_tails,0.25,1.0
220725,39,2021-07-25,1.0,1,high,quartile_tails,0.25,1.0
222450,39,2021-07-25,0.0,0,baseline,quartile_tails,0.25,1.0
223167,39,2021-07-25,1.0,1,high,quartile_tails,0.25,1.0
223737,39,2021-07-25,0.0,0,baseline,quartile_tails,0.25,1.0
223815,39,2021-07-25,1.0,1,high,quartile_tails,0.25,1.0
224074,39,2021-07-25,1.0,1,high,quartile_tails,0.25,1.0
224463,39,2021-07-25,1.0,1,high,quartile_tails,0.25,1.0
224547,39,2021-07-25,1.0,1,high,quartile_tails,0.25,1.0
225112,39,2021-07-25,1.0,1,high,quartile_tails,0.25,1.0
228440,39,2021-07-25,1.0,1,high,quartile_tails,0.25,1.0
230141,39,2021-07-25,1.0,1,high,quartile_tails,0.25,1.0
230212,39,2021-07-25,0.0,0,baseline,quartile_tails,0.25,1.0
230999,39,2021-07-25,0.0,0,baseline,quartile_tails,0.25,1.0
231315,39,2021-07-25,0.0,0,baseline,quartile_tails,0.25,1.0
231634,39,2021-07-25,1.0,1,high,quartile_tails,0.25,1.0
231901,39,2021-07-25,0.0,0,baseline,quartile_tails,0.25,1.0
231922,39,2021-07-25,0.08333333333333333,0,baseline,quartile_tails,0.25,1.0
231961,39,2021-07-25,1.0,1,high,quartile_tails,0.25,1.0
232372,39,2021-07-25,0.0,0,baseline,quartile_tails,0.25,1.0
233135,39,2021-07-25,0.16666666666666666,0,baseline,quartile_tails,0.25,1.0
234128,39,2021-07-25,1.0,1,high,quartile_tails,0.25,1.0
234549,39,2021-07-25,0.19999999999999998,0,baseline,quartile_tails,0.25,1.0
234619,39,2021-07-25,0.25,0,baseline,quartile_tails,0.25,1.0
235382,39,2021-07-25,1.0,1,high,quartile_tails,0.25,1.0
236977,39,2021-07-25,0.0,0,baseline,quartile_tails,0.25,1.0
237231,39,2021-07-25,1.0,1,high,quartile_tails,0.25,1.0
237790,39,2021-07-25,0.0,0,baseline,quartile_tails,0.25,1.0
238143,39,2021-07-25,1.0,1,high,quartile_tails,0.25,1.0
240360,39,2021-07-25,0.0,0,baseline,quartile_tails,0.25,1.0
240736,39,2021-07-25,0.0,0,baseline,quartile_tails,0.25,1.0
240875,39,2021-07-25,1.0,1,high,quartile_tails,0.25,1.0
241434,39,2021-07-25,1.0,1,high,quartile_tails,0.25,1.0
244437,39,2021-07-25,0.0,0,baseline,quartile_tails,0.25,1.0
245033,39,2021-07-25,1.0,1,high,quartile_tails,0.25,1.0
245734,39,2021-07-25,0.0,0,baseline,quartile_tails,0.25,1.0
245766,39,2021-07-25,0.25,0,baseline,quartile_tails,0.25,1.0
245822,39,2021-07-25,0.0,0,baseline,quartile_tails,0.25,1.0
246602,39,2021-07-25,0.25,0,baseline,quartile_tails,0.25,1.0
248809,39,2021-07-25,1.0,1,high,quartile_tails,0.25,1.0
249313,39,2021-07-25,1.0,1,high,quartile_tails,0.25,1.0
249660,39,2021-07-25,1.0,1,high,quartile_tails,0.25,1.0
250577,39,2021-07-25,0.0,0,baseline,quartile_tails,0.25,1.0
250613,39,2021-07-25,1.0,1,high,quartile_tails,0.25,1.0
252467,39,2021-07-25,1.0,1,high,quartile_tails,0.25,1.0
253249,39,2021-07-25,0.0,0,baseline,quartile_tails,0.25,1.0
254508,39,2021-07-25,1.0,1,high,quartile_tails,0.25,1.0
254589,39,2021-07-25,1.0,1,high,quartile_tails,0.25,1.0
255103,39,2021-07-25,1.0,1,high,quartile_tails,0.25,1.0
256589,39,2021-07-25,0.0,0,baseline,quartile_tails,0.25,1.0
256876,39,2021-07-25,1.0,1,high,quartile_tails,0.25,1.0
257133,39,2021-07-25,0.16666666666666666,0,baseline,quartile_tails,0.25,1.0
257168,39,2021-07-25,0.0,0,baseline,quartile_tails,0.25,1.0
258402,39,2021-07-25,1.0,1,high,quartile_tails,0.25,1.0
259780,39,2021-07-25,1.0,1,high,quartile_tails,0.25,1.0
260829,39,2021-07-25,1.0,1,high,quartile_tails,0.25,1.0
261831,39,2021-07-25,0.0,0,baseline,quartile_tails,0.25,1.0
262232,39,2021-07-25,1.0,1,high,quartile_tails,0.25,1.0
262400,39,2021-07-25,0.0,0,baseline,quartile_tails,0.25,1.0
262883,39,2021-07-25,0.0,0,baseline,quartile_tails,0.25,1.0
262966,39,2021-07-25,1.0,1,high,quartile_tails,0.25,1.0
264181,39,2021-07-25,1.0,1,high,quartile_tails,0.25,1.0
264948,39,2021-07-25,0.125,0,baseline,quartile_tails,0.25,1.0
265588,39,2021-07-25,1.0,1,high,quartile_tails,0.25,1.0
265923,39,2021-07-25,1.0,1,high,quartile_tails,0.25,1.0
266125,39,2021-07-25,1.0,1,high,quartile_tails,0.25,1.0
268510,39,2021-07-25,1.0,1,high,quartile_tails,0.25,1.0
269196,39,2021-07-25,1.0,1,high,quartile_tails,0.25,1.0
269207,39,2021-07-25,0.16666666666666666,0,baseline,quartile_tails,0.25,1.0
270933,39,2021-07-25,0.08333333333333333,0,baseline,quartile_tails,0.25,1.0
271039,39,2021-07-25,0.0,0,baseline,quartile_tails,0.25,1.0
272289,39,2021-07-25,1.0,1,high,quartile_tails,0.25,1.0
273560,39,2021-07-25,0.0,0,baseline,quartile_tails,0.25,1.0
274254,39,2021-07-25,1.0,1,high,quartile_tails,0.25,1.0
274535,39,2021-07-25,1.0,1,high,quartile_tails,0.25,1.0
275092,39,2021-07-25,0.25,0,baseline,quartile_tails,0.25,1.0
275956,39,2021-07-25,0.0,0,baseline,quartile_tails,0.25,1.0
278704,39,2021-07-25,0.125,0,baseline,quartile_tails,0.25,1.0
279215,39,2021-07-25,0.0,0,baseline,quartile_tails,0.25,1.0
279851,39,2021-07-25,1.0,1,high,quartile_tails,0.25,1.0
280255,39,2021-07-25,0.0,0,baseline,quartile_tails,0.25,1.0
280340,39,2021-07-25,0.14583333333333331,0,baseline,quartile_tails,0.25,1.0
281750,39,2021-07-25,1.0,1,high,quartile_tails,0.25,1.0
281859,39,2021-07-25,1.0,1,high,quartile_tails,0.25,1.0
282454,39,2021-07-25,0.16666666666666666,0,baseline,quartile_tails,0.25,1.0
282894,39,2021-07-25,0.0,0,baseline,quartile_tails,0.25,1.0
283645,39,2021-07-25,0.20833333333333331,0,baseline,quartile_tails,0.25,1.0
285497,39,2021-07-25,1.0,1,high,quartile_tails,0.25,1.0
286437,39,2021-07-25,0.25,0,baseline,quartile_tails,0.25,1.0
287308,39,2021-07-25,0.0,0,baseline,quartile_tails,0.25,1.0
287444,39,2021-07-25,1.0,1,high,quartile_tails,0.25,1.0
291756,39,2021-07-25,1.0,1,high,quartile_tails,0.25,1.0
292151,39,2021-07-25,1.0,1,high,quartile_tails,0.25,1.0
293129,39,2021-07-25,1.0,1,high,quartile_tails,0.25,1.0
295538,39,2021-07-25,1.0,1,high,quartile_tails,0.25,1.0
295623,39,2021-07-25,1.0,1,high,quartile_tails,0.25,1.0
298081,39,2021-07-25,1.0,1,high,quartile_tails,0.25,1.0
298596,39,2021-07-25,1.0,1,high,quartile_tails,0.25,1.0
298673,39,2021-07-25,0.0,0,baseline,quartile_tails,0.25,1.0
301313,39,2021-07-25,0.0,0,baseline,quartile_tails,0.25,1.0
302810,39,2021-07-25,1.0,1,high,quartile_tails,0.25,1.0
303453,39,2021-07-25,0.0,0,baseline,quartile_tails,0.25,1.0
303904,39,2021-07-25,0.0,0,baseline,quartile_tails,0.25,1.0
305688,39,2021-07-25,1.0,1,high,quartile_tails,0.25,1.0
305739,39,2021-07-25,1.0,1,high,quartile_tails,0.25,1.0
306781,39,2021-07-25,0.2222222222222222,0,baseline,quartile_tails,0.25,1.0
307019,39,2021-07-25,1.0,1,high,quartile_tails,0.25,1.0
307430,39,2021-07-25,1.0,1,high,quartile_tails,0.25,1.0
307667,39,2021-07-25,0.0,0,baseline,quartile_tails,0.25,1.0
308044,39,2021-07-25,1.0,1,high,quartile_tails,0.25,1.0
311143,39,2021-07-25,1.0,1,high,quartile_tails,0.25,1.0
312023,39,2021-07-25,1.0,1,high,quartile_tails,0.25,1.0
312099,39,2021-07-25,1.0,1,high,quartile_tails,0.25,1.0
313122,39,2021-07-25,0.0,0,baseline,quartile_tails,0.25,1.0
313785,39,2021-07-25,1.0,1,high,quartile_tails,0.25,1.0
314480,39,2021-07-25,1.0,1,high,quartile_tails,0.25,1.0
314485,39,2021-07-25,0.0,0,baseline,quartile_tails,0.25,1.0
315404,39,2021-07-25,1.0,1,high,quartile_tails,0.25,1.0
317038,39,2021-07-25,1.0,1,high,quartile_tails,0.25,1.0
317981,39,2021-07-25,0.0,0,baseline,quartile_tails,0.25,1.0
319666,39,2021-07-25,1.0,1,high,quartile_tails,0.25,1.0
319792,39,2021-07-25,0.25,0,baseline,quartile_tails,0.25,1.0
320076,39,2021-07-25,1.0,1,high,quartile_tails,0.25,1.0
321746,39,2021-07-25,1.0,1,high,quartile_tails,0.25,1.0
321895,39,2021-07-25,1.0,1,high,quartile_tails,0.25,1.0
322221,39,2021-07-25,0.0,0,baseline,quartile_tails,0.25,1.0
322505,39,2021-07-25,0.2222222222222222,0,baseline,quartile_tails,0.25,1.0
322666,39,2021-07-25,1.0,1,high,quartile_tails,0.25,1.0
322895,39,2021-07-25,1.0,1,high,quartile_tails,0.25,1.0
323645,39,2021-07-25,1.0,1,high,quartile_tails,0.25,1.0
324378,39,2021-07-25,1.0,1,high,quartile_tails,0.25,1.0
325840,39,2021-07-25,1.0,1,high,quartile_tails,0.25,1.0
326093,39,2021-07-25,1.0,1,high,quartile_tails,0.25,1.0
326266,39,2021-07-25,1.0,1,high,quartile_tails,0.25,1.0
328094,39,2021-07-25,0.0,0,baseline,quartile_tails,0.25,1.0
329406,39,2021-07-25,1.0,1,high,quartile_tails,0.25,1.0
329959,39,2021-07-25,0.16666666666666666,0,baseline,quartile_tails,0.25,1.0
330809,39,2021-07-25,0.07142857142857142,0,baseline,quartile_tails,0.25,1.0
331842,39,2021-07-25,1.0,1,high,quartile_tails,0.25,1.0
332427,39,2021-07-25,0.0,0,baseline,quartile_tails,0.25,1.0
332457,39,2021-07-25,1.0,1,high,quartile_tails,0.25,1.0
333257,39,2021-07-25,1.0,1,high,quartile_tails,0.25,1.0
334904,39,2021-07-25,1.0,1,high,quartile_tails,0.25,1.0
335049,39,2021-07-25,1.0,1,high,quartile_tails,0.25,1.0
335815,39,2021-07-25,0.16666666666666666,0,baseline,quartile_tails,0.25,1.0
336417,39,2021-07-25,0.16666666666666666,0,baseline,quartile_tails,0.25,1.0
336687,39,2021-07-25,0.0,0,baseline,quartile_tails,0.25,1.0
336730,39,2021-07-25,1.0,1,high,quartile_tails,0.25,1.0
337609,39,2021-07-25,1.0,1,high,quartile_tails,0.25,1.0
337765,39,2021-07-25,1.0,1,high,quartile_tails,0.25,1.0
337802,39,2021-07-25,1.0,1,high,quartile_tails,0.25,1.0
337859,39,2021-07-25,0.0,0,baseline,quartile_tails,0.25,1.0
338875,39,2021-07-25,1.0,1,high,quartile_tails,0.25,1.0
344221,39,2021-07-25,1.0,1,high,quartile_tails,0.25,1.0
344236,39,2021-07-25,1.0,1,high,quartile_tails,0.25,1.0
344593,39,2021-07-25,1.0,1,high,quartile_tails,0.25,1.0
344796,39,2021-07-25,1.0,1,high,quartile_tails,0.25,1.0
347851,39,2021-07-25,0.16666666666666666,0,baseline,quartile_tails,0.25,1.0
348642,39,2021-07-25,1.0,1,high,quartile_tails,0.25,1.0
348721,39,2021-07-25,1.0,1,high,quartile_tails,0.25,1.0
349005,39,2021-07-25,0.20833333333333331,0,baseline,quartile_tails,0.25,1.0
349267,39,2021-07-25,1.0,1,high,quartile_tails,0.25,1.0
349600,39,2021-07-25,0.0,0,baseline,quartile_tails,0.25,1.0
349998,39,2021-07-25,1.0,1,high,quartile_tails,0.25,1.0
350051,39,2021-07-25,1.0,1,high,quartile_tails,0.25,1.0
350281,39,2021-07-25,0.0,0,baseline,quartile_tails,0.25,1.0
351295,39,2021-07-25,1.0,1,high,quartile_tails,0.25,1.0
351850,39,2021-07-25,0.0,0,baseline,quartile_tails,0.25,1.0
353141,39,2021-07-25,1.0,1,high,quartile_tails,0.25,1.0
354204,39,2021-07-25,1.0,1,high,quartile_tails,0.25,1.0
354298,39,2021-07-25,0.0,0,baseline,quartile_tails,0.25,1.0
354531,39,2021-07-25,0.25,0,baseline,quartile_tails,0.25,1.0
354560,39,2021-07-25,0.25,0,baseline,quartile_tails,0.25,1.0
356439,39,2021-07-25,0.0,0,baseline,quartile_tails,0.25,1.0
356513,39,2021-07-25,1.0,1,high,quartile_tails,0.25,1.0
357812,39,2021-07-25,1.0,1,high,quartile_tails,0.25,1.0
358292,39,2021-07-25,0.0,0,baseline,quartile_tails,0.25,1.0
360191,39,2021-07-25,0.08333333333333333,0,baseline,quartile_tails,0.25,1.0
361088,39,2021-07-25,0.0,0,baseline,quartile_tails,0.25,1.0
361396,39,2021-07-25,0.0,0,baseline,quartile_tails,0.25,1.0
364377,39,2021-07-25,1.0,1,high,quartile_tails,0.25,1.0
366034,39,2021-07-25,1.0,1,high,quartile_tails,0.25,1.0
366337,39,2021-07-25,1.0,1,high,quartile_tails,0.25,1.0
367152,39,2021-07-25,0.2,0,baseline,quartile_tails,0.25,1.0
367177,39,2021-07-25,1.0,1,high,quartile_tails,0.25,1.0
368230,39,2021-07-25,1.0,1,high,quartile_tails,0.25,1.0
370111,39,2021-07-25,1.0,1,high,quartile_tails,0.25,1.0
370785,39,2021-07-25,1.0,1,high,quartile_tails,0.25,1.0
371142,39,2021-07-25,1.0,1,high,quartile_tails,0.25,1.0
371564,39,2021-07-25,0.0,0,baseline,quartile_tails,0.25,1.0
372909,39,2021-07-25,1.0,1,high,quartile_tails,0.25,1.0
373295,39,2021-07-25,1.0,1,high,quartile_tails,0.25,1.0
373547,39,2021-07-25,0.0,0,baseline,quartile_tails,0.25,1.0
373772,39,2021-07-25,0.0,0,baseline,quartile_tails,0.25,1.0
374099,39,2021-07-25,0.16666666666666666,0,baseline,quartile_tails,0.25,1.0
375266,39,2021-07-25,1.0,1,high,quartile_tails,0.25,1.0
376921,39,2021-07-25,0.0,0,baseline,quartile_tails,0.25,1.0
378197,39,2021-07-25,1.0,1,high,quartile_tails,0.25,1.0
378247,39,2021-07-25,1.0,1,high,quartile_tails,0.25,1.0
378966,39,2021-07-25,1.0,1,high,quartile_tails,0.25,1.0
380733,39,2021-07-25,1.0,1,high,quartile_tails,0.25,1.0
381325,39,2021-07-25,1.0,1,high,quartile_tails,0.25,1.0
381905,39,2021-07-25,1.0,1,high,quartile_tails,0.25,1.0
382068,39,2021-07-25,1.0,1,high,quartile_tails,0.25,1.0
383516,39,2021-07-25,1.0,1,high,quartile_tails,0.25,1.0
384450,39,2021-07-25,0.16666666666666666,0,baseline,quartile_tails,0.25,1.0
384468,39,2021-07-25,1.0,1,high,quartile_tails,0.25,1.0
386336,39,2021-07-25,1.0,1,high,quartile_tails,0.25,1.0
386506,39,2021-07-25,1.0,1,high,quartile_tails,0.25,1.0
386945,39,2021-07-25,1.0,1,high,quartile_tails,0.25,1.0
387184,39,2021-07-25,0.0,0,baseline,quartile_tails,0.25,1.0
387327,39,2021-07-25,1.0,1,high,quartile_tails,0.25,1.0
388503,39,2021-07-25,0.16666666666666666,0,baseline,quartile_tails,0.25,1.0
389178,39,2021-07-25,0.0,0,baseline,quartile_tails,0.25,1.0
390069,39,2021-07-25,0.125,0,baseline,quartile_tails,0.25,1.0
391116,39,2021-07-25,0.16666666666666666,0,baseline,quartile_tails,0.25,1.0
391937,39,2021-07-25,1.0,1,high,quartile_tails,0.25,1.0
392836,39,2021-07-25,1.0,1,high,quartile_tails,0.25,1.0
393336,39,2021-07-25,0.125,0,baseline,quartile_tails,0.25,1.0
393608,39,2021-07-25,0.2222222222222222,0,baseline,quartile_tails,0.25,1.0
393878,39,2021-07-25,1.0,1,high,quartile_tails,0.25,1.0
394039,39,2021-07-25,1.0,1,high,quartile_tails,0.25,1.0
394650,39,2021-07-25,0.0,0,baseline,quartile_tails,0.25,1.0
395324,39,2021-07-25,1.0,1,high,quartile_tails,0.25,1.0
396711,39,2021-07-25,0.0,0,baseline,quartile_tails,0.25,1.0
397427,39,2021-07-25,0.0,0,baseline,quartile_tails,0.25,1.0
398534,39,2021-07-25,0.25,0,baseline,quartile_tails,0.25,1.0
400914,39,2021-07-25,0.16666666666666666,0,baseline,quartile_tails,0.25,1.0
401091,39,2021-07-25,0.125,0,baseline,quartile_tails,0.25,1.0
403168,39,2021-07-25,0.25,0,baseline,quartile_tails,0.25,1.0
403890,39,2021-07-25,1.0,1,high,quartile_tails,0.25,1.0
405151,39,2021-07-25,1.0,1,high,quartile_tails,0.25,1.0
406383,39,2021-07-25,0.0,0,baseline,quartile_tails,0.25,1.0
406872,39,2021-07-25,0.0,0,baseline,quartile_tails,0.25,1.0
407299,39,2021-07-25,0.0,0,baseline,quartile_tails,0.25,1.0
408011,39,2021-07-25,0.0,0,baseline,quartile_tails,0.25,1.0
411006,39,2021-07-25,0.0,0,baseline,quartile_tails,0.25,1.0
411560,39,2021-07-25,1.0,1,high,quartile_tails,0.25,1.0
412076,39,2021-07-25,0.0,0,baseline,quartile_tails,0.25,1.0
412131,39,2021-07-25,1.0,1,high,quartile_tails,0.25,1.0
412184,39,2021-07-25,1.0,1,high,quartile_tails,0.25,1.0
414129,39,2021-07-25,1.0,1,high,quartile_tails,0.25,1.0
414178,39,2021-07-25,1.0,1,high,quartile_tails,0.25,1.0
415519,39,2021-07-25,1.0,1,high,quartile_tails,0.25,1.0
418774,39,2021-07-25,1.0,1,high,quartile_tails,0.25,1.0
419711,39,2021-07-25,0.2222222222222222,0,baseline,quartile_tails,0.25,1.0
421929,39,2021-07-25,1.0,1,high,quartile_tails,0.25,1.0
422152,39,2021-07-25,0.0,0,baseline,quartile_tails,0.25,1.0
422836,39,2021-07-25,1.0,1,high,quartile_tails,0.25,1.0
423551,39,2021-07-25,0.0,0,baseline,quartile_tails,0.25,1.0
424276,39,2021-07-25,1.0,1,high,quartile_tails,0.25,1.0
427794,39,2021-07-25,1.0,1,high,quartile_tails,0.25,1.0
428116,39,2021-07-25,0.0,0,baseline,quartile_tails,0.25,1.0
429289,39,2021-07-25,0.0,0,baseline,quartile_tails,0.25,1.0
429842,39,2021-07-25,1.0,1,high,quartile_tails,0.25,1.0
430219,39,2021-07-25,0.16666666666666666,0,baseline,quartile_tails,0.25,1.0
431495,39,2021-07-25,1.0,1,high,quartile_tails,0.25,1.0
432416,39,2021-07-25,1.0,1,high,quartile_tails,0.25,1.0
432471,39,2021-07-25,0.0,0,baseline,quartile_tails,0.25,1.0
432747,39,2021-07-25,1.0,1,high,quartile_tails,0.25,1.0
432959,39,2021-07-25,0.16666666666666666,0,baseline,quartile_tails,0.25,1.0
433039,39,2021-07-25,0.225,0,baseline,quartile_tails,0.25,1.0
434893,39,2021-07-25,1.0,1,high,quartile_tails,0.25,1.0
435475,39,2021-07-25,1.0,1,high,quartile_tails,0.25,1.0
436905,39,2021-07-25,1.0,1,high,quartile_tails,0.25,1.0
438615,39,2021-07-25,0.0,0,baseline,quartile_tails,0.25,1.0
438835,39,2021-07-25,1.0,1,high,quartile_tails,0.25,1.0
439105,39,2021-07-25,1.0,1,high,quartile_tails,0.25,1.0
439364,39,2021-07-25,1.0,1,high,quartile_tails,0.25,1.0
443924,39,2021-07-25,0.0,0,baseline,quartile_tails,0.25,1.0
445413,39,2021-07-25,1.0,1,high,quartile_tails,0.25,1.0
445990,39,2021-07-25,0.25,0,baseline,quartile_tails,0.25,1.0
446048,39,2021-07-25,1.0,1,high,quartile_tails,0.25,1.0
446547,39,2021-07-25,1.0,1,high,quartile_tails,0.25,1.0
450312,39,2021-07-25,1.0,1,high,quartile_tails,0.25,1.0
451043,39,2021-07-25,1.0,1,high,quartile_tails,0.25,1.0
452293,39,2021-07-25,1.0,1,high,quartile_tails,0.25,1.0
452911,39,2021-07-25,0.1111111111111111,0,baseline,quartile_tails,0.25,1.0
456128,39,2021-07-25,0.125,0,baseline,quartile_tails,0.25,1.0
456605,39,2021-07-25,1.0,1,high,quartile_tails,0.25,1.0
457101,39,2021-07-25,0.0,0,baseline,quartile_tails,0.25,1.0
457279,39,2021-07-25,0.125,0,baseline,quartile_tails,0.25,1.0
458976,39,2021-07-25,1.0,1,high,quartile_tails,0.25,1.0
459109,39,2021-07-25,1.0,1,high,quartile_tails,0.25,1.0
460321,39,2021-07-25,1.0,1,high,quartile_tails,0.25,1.0
461695,39,2021-07-25,1.0,1,high,quartile_tails,0.25,1.0
462858,39,2021-07-25,0.0,0,baseline,quartile_tails,0.25,1.0
463019,39,2021-07-25,0.0,0,baseline,quartile_tails,0.25,1.0
463629,39,2021-07-25,0.0,0,baseline,quartile_tails,0.25,1.0
464346,39,2021-07-25,1.0,1,high,quartile_tails,0.25,1.0
464374,39,2021-07-25,1.0,1,high,quartile_tails,0.25,1.0
464665,39,2021-07-25,1.0,1,high,quartile_tails,0.25,1.0
464672,39,2021-07-25,1.0,1,high,quartile_tails,0.25,1.0
465316,39,2021-07-25,0.25,0,baseline,quartile_tails,0.25,1.0
466510,39,2021-07-25,1.0,1,high,quartile_tails,0.25,1.0
466710,39,2021-07-25,0.2380952380952381,0,baseline,quartile_tails,0.25,1.0
467343,39,2021-07-25,1.0,1,high,quartile_tails,0.25,1.0
469253,39,2021-07-25,1.0,1,high,quartile_tails,0.25,1.0
469622,39,2021-07-25,1.0,1,high,quartile_tails,0.25,1.0
469976,39,2021-07-25,1.0,1,high,quartile_tails,0.25,1.0
470566,39,2021-07-25,0.175,0,baseline,quartile_tails,0.25,1.0
471253,39,2021-07-25,1.0,1,high,quartile_tails,0.25,1.0
471287,39,2021-07-25,0.0,0,baseline,quartile_tails,0.25,1.0
471406,39,2021-07-25,1.0,1,high,quartile_tails,0.25,1.0
471409,39,2021-07-25,1.0,1,high,quartile_tails,0.25,1.0
471541,39,2021-07-25,0.2222222222222222,0,baseline,quartile_tails,0.25,1.0
471562,39,2021-07-25,1.0,1,high,quartile_tails,0.25,1.0
471636,39,2021-07-25,0.0,0,baseline,quartile_tails,0.25,1.0
471809,39,2021-07-25,0.0,0,baseline,quartile_tails,0.25,1.0
472895,39,2021-07-25,1.0,1,high,quartile_tails,0.25,1.0
473531,39,2021-07-25,1.0,1,high,quartile_tails,0.25,1.0
474260,39,2021-07-25,0.24583333333333335,0,baseline,quartile_tails,0.25,1.0
474678,39,2021-07-25,1.0,1,high,quartile_tails,0.25,1.0
474870,39,2021-07-25,1.0,1,high,quartile_tails,0.25,1.0
474981,39,2021-07-25,1.0,1,high,quartile_tails,0.25,1.0
475526,39,2021-07-25,1.0,1,high,quartile_tails,0.25,1.0
477246,39,2021-07-25,0.25,0,baseline,quartile_tails,0.25,1.0
477268,39,2021-07-25,0.0,0,baseline,quartile_tails,0.25,1.0
477351,39,2021-07-25,0.0,0,baseline,quartile_tails,0.25,1.0
478979,39,2021-07-25,1.0,1,high,quartile_tails,0.25,1.0
479803,39,2021-07-25,0.20833333333333331,0,baseline,quartile_tails,0.25,1.0
482243,39,2021-07-25,0.0,0,baseline,quartile_tails,0.25,1.0
482910,39,2021-07-25,1.0,1,high,quartile_tails,0.25,1.0
484516,39,2021-07-25,1.0,1,high,quartile_tails,0.25,1.0
484761,39,2021-07-25,1.0,1,high,quartile_tails,0.25,1.0
484978,39,2021-07-25,1.0,1,high,quartile_tails,0.25,1.0
485151,39,2021-07-25,0.0,0,baseline,quartile_tails,0.25,1.0
485797,39,2021-07-25,1.0,1,high,quartile_tails,0.25,1.0
486419,39,2021-07-25,0.25,0,baseline,quartile_tails,0.25,1.0
487261,39,2021-07-25,1.0,1,high,quartile_tails,0.25,1.0
487946,39,2021-07-25,0.0,0,baseline,quartile_tails,0.25,1.0
488472,39,2021-07-25,1.0,1,high,quartile_tails,0.25,1.0
488484,39,2021-07-25,1.0,1,high,quartile_tails,0.25,1.0
488534,39,2021-07-25,1.0,1,high,quartile_tails,0.25,1.0
489216,39,2021-07-25,1.0,1,high,quartile_tails,0.25,1.0
489734,39,2021-07-25,1.0,1,high,quartile_tails,0.25,1.0
491049,39,2021-07-25,1.0,1,high,quartile_tails,0.25,1.0
491612,39,2021-07-25,0.2222222222222222,0,baseline,quartile_tails,0.25,1.0
491729,39,2021-07-25,0.16666666666666666,0,baseline,quartile_tails,0.25,1.0
492959,39,2021-07-25,0.0,0,baseline,quartile_tails,0.25,1.0
493761,39,2021-07-25,0.0,0,baseline,quartile_tails,0.25,1.0
495827,39,2021-07-25,0.0,0,baseline,quartile_tails,0.25,1.0
495996,39,2021-07-25,1.0,1,high,quartile_tails,0.25,1.0
496634,39,2021-07-25,1.0,1,high,quartile_tails,0.25,1.0
497747,39,2021-07-25,0.0,0,baseline,quartile_tails,0.25,1.0
498371,39,2021-07-25,1.0,1,high,quartile_tails,0.25,1.0
501121,39,2021-07-25,0.25,0,baseline,quartile_tails,0.25,1.0
501767,39,2021-07-25,1.0,1,high,quartile_tails,0.25,1.0
501906,39,2021-07-25,1.0,1,high,quartile_tails,0.25,1.0
504739,39,2021-07-25,0.0,0,baseline,quartile_tails,0.25,1.0
505010,39,2021-07-25,1.0,1,high,quartile_tails,0.25,1.0
507859,39,2021-07-25,0.0,0,baseline,quartile_tails,0.25,1.0
508292,39,2021-07-25,0.19999999999999998,0,baseline,quartile_tails,0.25,1.0
508410,39,2021-07-25,1.0,1,high,quartile_tails,0.25,1.0
509166,39,2021-07-25,1.0,1,high,quartile_tails,0.25,1.0
510436,39,2021-07-25,0.125,0,baseline,quartile_tails,0.25,1.0
510767,39,2021-07-25,1.0,1,high,quartile_tails,0.25,1.0
510850,39,2021-07-25,0.0,0,baseline,quartile_tails,0.25,1.0
510961,39,2021-07-25,1.0,1,high,quartile_tails,0.25,1.0
511589,39,2021-07-25,0.0,0,baseline,quartile_tails,0.25,1.0
511682,39,2021-07-25,1.0,1,high,quartile_tails,0.25,1.0
511913,39,2021-07-25,1.0,1,high,quartile_tails,0.25,1.0
512754,39,2021-07-25,0.0,0,baseline,quartile_tails,0.25,1.0
512766,39,2021-07-25,1.0,1,high,quartile_tails,0.25,1.0
512978,39,2021-07-25,0.0,0,baseline,quartile_tails,0.25,1.0
513119,39,2021-07-25,1.0,1,high,quartile_tails,0.25,1.0
513340,39,2021-07-25,1.0,1,high,quartile_tails,0.25,1.0
513832,39,2021-07-25,0.125,0,baseline,quartile_tails,0.25,1.0
516127,39,2021-07-25,0.0,0,baseline,quartile_tails,0.25,1.0
516207,39,2021-07-25,1.0,1,high,quartile_tails,0.25,1.0
517654,39,2021-07-25,1.0,1,high,quartile_tails,0.25,1.0
517719,39,2021-07-25,0.0,0,baseline,quartile_tails,0.25,1.0
519737,39,2021-07-25,1.0,1,high,quartile_tails,0.25,1.0
519830,39,2021-07-25,0.0,0,baseline,quartile_tails,0.25,1.0
521264,39,2021-07-25,0.0,0,baseline,quartile_tails,0.25,1.0
521527,39,2021-07-25,1.0,1,high,quartile_tails,0.25,1.0
521566,39,2021-07-25,1.0,1,high,quartile_tails,0.25,1.0
521660,39,2021-07-25,0.25,0,baseline,quartile_tails,0.25,1.0
522038,39,2021-07-25,1.0,1,high,quartile_tails,0.25,1.0
522319,39,2021-07-25,0.0,0,baseline,quartile_tails,0.25,1.0
522812,39,2021-07-25,1.0,1,high,quartile_tails,0.25,1.0
523160,39,2021-07-25,1.0,1,high,quartile_tails,0.25,1.0
523170,39,2021-07-25,1.0,1,high,quartile_tails,0.25,1.0
523195,39,2021-07-25,0.16666666666666666,0,baseline,quartile_tails,0.25,1.0
523882,39,2021-07-25,0.16666666666666666,0,baseline,quartile_tails,0.25,1.0
524399,39,2021-07-25,0.0,0,baseline,quartile_tails,0.25,1.0
526178,39,2021-07-25,1.0,1,high,quartile_tails,0.25,1.0
526504,39,2021-07-25,1.0,1,high,quartile_tails,0.25,1.0
526644,39,2021-07-25,1.0,1,high,quartile_tails,0.25,1.0
529678,39,2021-07-25,1.0,1,high,quartile_tails,0.25,1.0
530545,39,2021-07-25,0.25,0,baseline,quartile_tails,0.25,1.0
531300,39,2021-07-25,1.0,1,high,quartile_tails,0.25,1.0
532691,39,2021-07-25,1.0,1,high,quartile_tails,0.25,1.0
532830,39,2021-07-25,1.0,1,high,quartile_tails,0.25,1.0
533655,39,2021-07-25,1.0,1,high,quartile_tails,0.25,1.0
534009,39,2021-07-25,0.16666666666666666,0,baseline,quartile_tails,0.25,1.0
534126,39,2021-07-25,0.0,0,baseline,quartile_tails,0.25,1.0
534171,39,2021-07-25,1.0,1,high,quartile_tails,0.25,1.0
534357,39,2021-07-25,0.0,0,baseline,quartile_tails,0.25,1.0
534849,39,2021-07-25,0.0,0,baseline,quartile_tails,0.25,1.0
535284,39,2021-07-25,1.0,1,high,quartile_tails,0.25,1.0
535288,39,2021-07-25,1.0,1,high,quartile_tails,0.25,1.0
535707,39,2021-07-25,1.0,1,high,quartile_tails,0.25,1.0
536162,39,2021-07-25,1.0,1,high,quartile_tails,0.25,1.0
536774,39,2021-07-25,1.0,1,high,quartile_tails,0.25,1.0
536981,39,2021-07-25,0.25,0,baseline,quartile_tails,0.25,1.0
537307,39,2021-07-25,0.19444444444444442,0,baseline,quartile_tails,0.25,1.0
537534,39,2021-07-25,1.0,1,high,quartile_tails,0.25,1.0
538632,39,2021-07-25,1.0,1,high,quartile_tails,0.25,1.0
538931,39,2021-07-25,0.0,0,baseline,quartile_tails,0.25,1.0
539377,39,2021-07-25,1.0,1,high,quartile_tails,0.25,1.0
539853,39,2021-07-25,1.0,1,high,quartile_tails,0.25,1.0
540160,39,2021-07-25,1.0,1,high,quartile_tails,0.25,1.0
541423,39,2021-07-25,0.0,0,baseline,quartile_tails,0.25,1.0
542515,39,2021-07-25,1.0,1,high,quartile_tails,0.25,1.0
543684,39,2021-07-25,0.125,0,baseline,quartile_tails,0.25,1.0
544898,39,2021-07-25,1.0,1,high,quartile_tails,0.25,1.0
545363,39,2021-07-25,1.0,1,high,quartile_tails,0.25,1.0
546965,39,2021-07-25,1.0,1,high,quartile_tails,0.25,1.0
547234,39,2021-07-25,0.25,0,baseline,quartile_tails,0.25,1.0
547280,39,2021-07-25,0.0,0,baseline,quartile_tails,0.25,1.0
548527,39,2021-07-25,0.0,0,baseline,quartile_tails,0.25,1.0
549114,39,2021-07-25,0.125,0,baseline,quartile_tails,0.25,1.0
549818,39,2021-07-25,0.25,0,baseline,quartile_tails,0.25,1.0
549943,39,2021-07-25,1.0,1,high,quartile_tails,0.25,1.0
550026,39,2021-07-25,0.125,0,baseline,quartile_tails,0.25,1.0
550619,39,2021-07-25,1.0,1,high,quartile_tails,0.25,1.0
551871,39,2021-07-25,1.0,1,high,quartile_tails,0.25,1.0
552266,39,2021-07-25,1.0,1,high,quartile_tails,0.25,1.0
552689,39,2021-07-25,1.0,1,high,quartile_tails,0.25,1.0
554429,39,2021-07-25,1.0,1,high,quartile_tails,0.25,1.0
555158,39,2021-07-25,0.08333333333333333,0,baseline,quartile_tails,0.25,1.0
556753,39,2021-07-25,1.0,1,high,quartile_tails,0.25,1.0
557787,39,2021-07-25,0.0,0,baseline,quartile_tails,0.25,1.0
559374,39,2021-07-25,1.0,1,high,quartile_tails,0.25,1.0
559508,39,2021-07-25,1.0,1,high,quartile_tails,0.25,1.0
559786,39,2021-07-25,1.0,1,high,quartile_tails,0.25,1.0
560044,39,2021-07-25,0.16666666666666666,0,baseline,quartile_tails,0.25,1.0
560047,39,2021-07-25,1.0,1,high,quartile_tails,0.25,1.0
560571,39,2021-07-25,1.0,1,high,quartile_tails,0.25,1.0
560883,39,2021-07-25,1.0,1,high,quartile_tails,0.25,1.0
561002,39,2021-07-25,1.0,1,high,quartile_tails,0.25,1.0
561035,39,2021-07-25,1.0,1,high,quartile_tails,0.25,1.0
562033,39,2021-07-25,0.0,0,baseline,quartile_tails,0.25,1.0
563329,39,2021-07-25,1.0,1,high,quartile_tails,0.25,1.0
564044,39,2021-07-25,0.16666666666666666,0,baseline,quartile_tails,0.25,1.0
564045,39,2021-07-25,0.0,0,baseline,quartile_tails,0.25,1.0
564046,39,2021-07-25,0.0,0,baseline,quartile_tails,0.25,1.0
565874,39,2021-07-25,0.16666666666666666,0,baseline,quartile_tails,0.25,1.0
567369,39,2021-07-25,1.0,1,high,quartile_tails,0.25,1.0
568638,39,2021-07-25,0.125,0,baseline,quartile_tails,0.25,1.0
568839,39,2021-07-25,1.0,1,high,quartile_tails,0.25,1.0
568971,39,2021-07-25,0.25,0,baseline,quartile_tails,0.25,1.0
569611,39,2021-07-25,0.0,0,baseline,quartile_tails,0.25,1.0
572851,39,2021-07-25,0.2222222222222222,0,baseline,quartile_tails,0.25,1.0
573287,39,2021-07-25,0.25,0,baseline,quartile_tails,0.25,1.0
574607,39,2021-07-25,0.0,0,baseline,quartile_tails,0.25,1.0
574621,39,2021-07-25,1.0,1,high,quartile_tails,0.25,1.0
575133,39,2021-07-25,0.20833333333333331,0,baseline,quartile_tails,0.25,1.0
576720,39,2021-07-25,0.20833333333333331,0,baseline,quartile_tails,0.25,1.0
576862,39,2021-07-25,0.1875,0,baseline,quartile_tails,0.25,1.0
578127,39,2021-07-25,1.0,1,high,quartile_tails,0.25,1.0
581126,39,2021-07-25,0.0,0,baseline,quartile_tails,0.25,1.0
581683,39,2021-07-25,1.0,1,high,quartile_tails,0.25,1.0
583619,39,2021-07-25,0.20833333333333331,0,baseline,quartile_tails,0.25,1.0
583957,39,2021-07-25,1.0,1,high,quartile_tails,0.25,1.0
586171,39,2021-07-25,1.0,1,high,quartile_tails,0.25,1.0
588421,39,2021-07-25,0.125,0,baseline,quartile_tails,0.25,1.0
588470,39,2021-07-25,1.0,1,high,quartile_tails,0.25,1.0
588549,39,2021-07-25,1.0,1,high,quartile_tails,0.25,1.0
588942,39,2021-07-25,0.25,0,baseline,quartile_tails,0.25,1.0
589802,39,2021-07-25,1.0,1,high,quartile_tails,0.25,1.0
590325,39,2021-07-25,0.25,0,baseline,quartile_tails,0.25,1.0
591139,39,2021-07-25,0.125,0,baseline,quartile_tails,0.25,1.0
591938,39,2021-07-25,0.1875,0,baseline,quartile_tails,0.25,1.0
592301,39,2021-07-25,1.0,1,high,quartile_tails,0.25,1.0
593489,39,2021-07-25,0.0,0,baseline,quartile_tails,0.25,1.0
593720,39,2021-07-25,0.25,0,baseline,quartile_tails,0.25,1.0
595181,39,2021-07-25,1.0,1,high,quartile_tails,0.25,1.0
596016,39,2021-07-25,1.0,1,high,quartile_tails,0.25,1.0
596192,39,2021-07-25,1.0,1,high,quartile_tails,0.25,1.0
596207,39,2021-07-25,0.16666666666666666,0,baseline,quartile_tails,0.25,1.0
596495,39,2021-07-25,0.0,0,baseline,quartile_tails,0.25,1.0
596581,39,2021-07-25,1.0,1,high,quartile_tails,0.25,1.0
596790,39,2021-07-25,1.0,1,high,quartile_tails,0.25,1.0
597779,39,2021-07-25,0.0,0,baseline,quartile_tails,0.25,1.0
598433,39,2021-07-25,1.0,1,high,quartile_tails,0.25,1.0
599589,39,2021-07-25,1.0,1,high,quartile_tails,0.25,1.0
599610,39,2021-07-25,0.0,0,baseline,quartile_tails,0.25,1.0
600112,39,2021-07-25,0.20833333333333331,0,baseline,quartile_tails,0.25,1.0
600925,39,2021-07-25,0.16666666666666666,0,baseline,quartile_tails,0.25,1.0
603091,39,2021-07-25,0.125,0,baseline,quartile_tails,0.25,1.0
604101,39,2021-07-25,0.0,0,baseline,quartile_tails,0.25,1.0
604169,39,2021-07-25,1.0,1,high,quartile_tails,0.25,1.0
604884,39,2021-07-25,0.0,0,baseline,quartile_tails,0.25,1.0
605830,39,2021-07-25,1.0,1,high,quartile_tails,0.25,1.0
607600,39,2021-07-25,0.125,0,baseline,quartile_tails,0.25,1.0
608264,39,2021-07-25,1.0,1,high,quartile_tails,0.25,1.0
608496,39,2021-07-25,1.0,1,high,quartile_tails,0.25,1.0
609019,39,2021-07-25,0.0,0,baseline,quartile_tails,0.25,1.0
609985,39,2021-07-25,0.0,0,baseline,quartile_tails,0.25,1.0
610127,39,2021-07-25,1.0,1,high,quartile_tails,0.25,1.0
613270,39,2021-07-25,0.24444444444444446,0,baseline,quartile_tails,0.25,1.0
613303,39,2021-07-25,1.0,1,high,quartile_tails,0.25,1.0
614474,39,2021-07-25,0.0,0,baseline,quartile_tails,0.25,1.0
614592,39,2021-07-25,1.0,1,high,quartile_tails,0.25,1.0
615223,39,2021-07-25,1.0,1,high,quartile_tails,0.25,1.0
617964,39,2021-07-25,1.0,1,high,quartile_tails,0.25,1.0
618219,39,2021-07-25,1.0,1,high,quartile_tails,0.25,1.0
618339,39,2021-07-25,0.0,0,baseline,quartile_tails,0.25,1.0
618353,39,2021-07-25,0.0,0,baseline,quartile_tails,0.25,1.0
618949,39,2021-07-25,1.0,1,high,quartile_tails,0.25,1.0
619132,39,2021-07-25,0.0,0,baseline,quartile_tails,0.25,1.0
621025,39,2021-07-25,1.0,1,high,quartile_tails,0.25,1.0
621096,39,2021-07-25,1.0,1,high,quartile_tails,0.25,1.0
621692,39,2021-07-25,0.0,0,baseline,quartile_tails,0.25,1.0
622843,39,2021-07-25,0.0,0,baseline,quartile_tails,0.25,1.0
623033,39,2021-07-25,0.0625,0,baseline,quartile_tails,0.25,1.0
625016,39,2021-07-25,1.0,1,high,quartile_tails,0.25,1.0
625023,39,2021-07-25,1.0,1,high,quartile_tails,0.25,1.0
625366,39,2021-07-25,0.25,0,baseline,quartile_tails,0.25,1.0
625393,39,2021-07-25,1.0,1,high,quartile_tails,0.25,1.0
625898,39,2021-07-25,1.0,1,high,quartile_tails,0.25,1.0
627396,39,2021-07-25,0.0,0,baseline,quartile_tails,0.25,1.0
631012,39,2021-07-25,1.0,1,high,quartile_tails,0.25,1.0
631086,39,2021-07-25,1.0,1,high,quartile_tails,0.25,1.0
631175,39,2021-07-25,0.0,0,baseline,quartile_tails,0.25,1.0
631568,39,2021-07-25,1.0,1,high,quartile_tails,0.25,1.0
632252,39,2021-07-25,1.0,1,high,quartile_tails,0.25,1.0
632368,39,2021-07-25,1.0,1,high,quartile_tails,0.25,1.0
632728,39,2021-07-25,1.0,1,high,quartile_tails,0.25,1.0
633107,39,2021-07-25,0.0,0,baseline,quartile_tails,0.25,1.0
633900,39,2021-07-25,1.0,1,high,quartile_tails,0.25,1.0
635906,39,2021-07-25,0.0,0,baseline,quartile_tails,0.25,1.0
636043,39,2021-07-25,1.0,1,high,quartile_tails,0.25,1.0
636793,39,2021-07-25,0.0,0,baseline,quartile_tails,0.25,1.0
637552,39,2021-07-25,1.0,1,high,quartile_tails,0.25,1.0
638346,39,2021-07-25,1.0,1,high,quartile_tails,0.25,1.0
638604,39,2021-07-25,1.0,1,high,quartile_tails,0.25,1.0
638717,39,2021-07-25,1.0,1,high,quartile_tails,0.25,1.0
640840,39,2021-07-25,1.0,1,high,quartile_tails,0.25,1.0
641038,39,2021-07-25,1.0,1,high,quartile_tails,0.25,1.0
641110,39,2021-07-25,0.125,0,baseline,quartile_tails,0.25,1.0
642780,39,2021-07-25,0.25,0,baseline,quartile_tails,0.25,1.0
642826,39,2021-07-25,1.0,1,high,quartile_tails,0.25,1.0
643117,39,2021-07-25,1.0,1,high,quartile_tails,0.25,1.0
643346,39,2021-07-25,1.0,1,high,quartile_tails,0.25,1.0
643489,39,2021-07-25,1.0,1,high,quartile_tails,0.25,1.0
644003,39,2021-07-25,1.0,1,high,quartile_tails,0.25,1.0
644480,39,2021-07-25,1.0,1,high,quartile_tails,0.25,1.0
644729,39,2021-07-25,1.0,1,high,quartile_tails,0.25,1.0
645709,39,2021-07-25,0.0,0,baseline,quartile_tails,0.25,1.0
646992,39,2021-07-25,1.0,1,high,quartile_tails,0.25,1.0
648256,39,2021-07-25,0.0,0,baseline,quartile_tails,0.25,1.0
648378,39,2021-07-25,0.2222222222222222,0,baseline,quartile_tails,0.25,1.0
648633,39,2021-07-25,0.1111111111111111,0,baseline,quartile_tails,0.25,1.0
649996,39,2021-07-25,0.16666666666666666,0,baseline,quartile_tails,0.25,1.0
651001,39,2021-07-25,0.1111111111111111,0,baseline,quartile_tails,0.25,1.0
651195,39,2021-07-25,1.0,1,high,quartile_tails,0.25,1.0
652805,39,2021-07-25,1.0,1,high,quartile_tails,0.25,1.0
652866,39,2021-07-25,0.0,0,baseline,quartile_tails,0.25,1.0
654202,39,2021-07-25,1.0,1,high,quartile_tails,0.25,1.0
655478,39,2021-07-25,1.0,1,high,quartile_tails,0.25,1.0
655827,39,2021-07-25,1.0,1,high,quartile_tails,0.25,1.0
656456,39,2021-07-25,0.25,0,baseline,quartile_tails,0.25,1.0
657131,39,2021-07-25,1.0,1,high,quartile_tails,0.25,1.0
657713,39,2021-07-25,1.0,1,high,quartile_tails,0.25,1.0
660304,39,2021-07-25,0.0,0,baseline,quartile_tails,0.25,1.0
661766,39,2021-07-25,0.0,0,baseline,quartile_tails,0.25,1.0
661991,39,2021-07-25,0.0,0,baseline,quartile_tails,0.25,1.0
663736,39,2021-07-25,0.0,0,baseline,quartile_tails,0.25,1.0
664279,39,2021-07-25,1.0,1,high,quartile_tails,0.25,1.0
664489,39,2021-07-25,1.0,1,high,quartile_tails,0.25,1.0
666397,39,2021-07-25,1.0,1,high,quartile_tails,0.25,1.0
667060,39,2021-07-25,1.0,1,high,quartile_tails,0.25,1.0
667649,39,2021-07-25,1.0,1,high,quartile_tails,0.25,1.0
669295,39,2021-07-25,1.0,1,high,quartile_tails,0.25,1.0
669636,39,2021-07-25,0.0,0,baseline,quartile_tails,0.25,1.0
670016,39,2021-07-25,0.125,0,baseline,quartile_tails,0.25,1.0
673472,39,2021-07-25,1.0,1,high,quartile_tails,0.25,1.0
673830,39,2021-07-25,0.0625,0,baseline,quartile_tails,0.25,1.0
674815,39,2021-07-25,1.0,1,high,quartile_tails,0.25,1.0
677822,39,2021-07-25,1.0,1,high,quartile_tails,0.25,1.0
678203,39,2021-07-25,1.0,1,high,quartile_tails,0.25,1.0
678246,39,2021-07-25,0.0,0,baseline,quartile_tails,0.25,1.0
679187,39,2021-07-25,1.0,1,high,quartile_tails,0.25,1.0
679540,39,2021-07-25,0.0,0,baseline,quartile_tails,0.25,1.0
679787,39,2021-07-25,0.0,0,baseline,quartile_tails,0.25,1.0
680868,39,2021-07-25,1.0,1,high,quartile_tails,0.25,1.0
684819,39,2021-07-25,0.20833333333333331,0,baseline,quartile_tails,0.25,1.0
686714,39,2021-07-25,0.2222222222222222,0,baseline,quartile_tails,0.25,1.0
686993,39,2021-07-25,0.16666666666666666,0,baseline,quartile_tails,0.25,1.0
687805,39,2021-07-25,0.0,0,baseline,quartile_tails,0.25,1.0
689837,39,2021-07-25,0.0,0,baseline,quartile_tails,0.25,1.0
690755,39,2021-07-25,0.0,0,baseline,quartile_tails,0.25,1.0
691172,39,2021-07-25,1.0,1,high,quartile_tails,0.25,1.0
692314,39,2021-07-25,0.24583333333333335,0,baseline,quartile_tails,0.25,1.0
692650,39,2021-07-25,1.0,1,high,quartile_tails,0.25,1.0
692773,39,2021-07-25,0.1875,0,baseline,quartile_tails,0.25,1.0
692952,39,2021-07-25,0.16666666666666666,0,baseline,quartile_tails,0.25,1.0
693130,39,2021-07-25,0.16666666666666666,0,baseline,quartile_tails,0.25,1.0
693784,39,2021-07-25,1.0,1,high,quartile_tails,0.25,1.0
694273,39,2021-07-25,1.0,1,high,quartile_tails,0.25,1.0
696973,39,2021-07-25,0.25,0,baseline,quartile_tails,0.25,1.0
697570,39,2021-07-25,0.1111111111111111,0,baseline,quartile_tails,0.25,1.0
697978,39,2021-07-25,0.16666666666666666,0,baseline,quartile_tails,0.25,1.0
698486,39,2021-07-25,1.0,1,high,quartile_tails,0.25,1.0
698690,39,2021-07-25,1.0,1,high,quartile_tails,0.25,1.0
699404,39,2021-07-25,1.0,1,high,quartile_tails,0.25,1.0
700712,39,2021-07-25,1.0,1,high,quartile_tails,0.25,1.0
700801,39,2021-07-25,0.0,0,baseline,quartile_tails,0.25,1.0
703482,39,2021-07-25,1.0,1,high,quartile_tails,0.25,1.0
703634,39,2021-07-25,0.25,0,baseline,quartile_tails,0.25,1.0
705505,39,2021-07-25,1.0,1,high,quartile_tails,0.25,1.0
706781,39,2021-07-25,0.0,0,baseline,quartile_tails,0.25,1.0
706782,39,2021-07-25,0.0625,0,baseline,quartile_tails,0.25,1.0
707260,39,2021-07-25,1.0,1,high,quartile_tails,0.25,1.0
707473,39,2021-07-25,0.0,0,baseline,quartile_tails,0.25,1.0
708351,39,2021-07-25,0.0,0,baseline,quartile_tails,0.25,1.0
710096,39,2021-07-25,0.0,0,baseline,quartile_tails,0.25,1.0
710529,39,2021-07-25,1.0,1,high,quartile_tails,0.25,1.0
711928,39,2021-07-25,1.0,1,high,quartile_tails,0.25,1.0
712285,39,2021-07-25,1.0,1,high,quartile_tails,0.25,1.0
712610,39,2021-07-25,1.0,1,high,quartile_tails,0.25,1.0
712664,39,2021-07-25,0.20833333333333331,0,baseline,quartile_tails,0.25,1.0
712948,39,2021-07-25,1.0,1,high,quartile_tails,0.25,1.0
713049,39,2021-07-25,1.0,1,high,quartile_tails,0.25,1.0
713143,39,2021-07-25,0.16666666666666666,0,baseline,quartile_tails,0.25,1.0
714506,39,2021-07-25,0.25,0,baseline,quartile_tails,0.25,1.0
715096,39,2021-07-25,0.0,0,baseline,quartile_tails,0.25,1.0
715338,39,2021-07-25,0.0,0,baseline,quartile_tails,0.25,1.0
716514,39,2021-07-25,1.0,1,high,quartile_tails,0.25,1.0
717103,39,2021-07-25,0.125,0,baseline,quartile_tails,0.25,1.0
717166,39,2021-07-25,1.0,1,high,quartile_tails,0.25,1.0
717391,39,2021-07-25,1.0,1,high,quartile_tails,0.25,1.0
717807,39,2021-07-25,0.25,0,baseline,quartile_tails,0.25,1.0
718680,39,2021-07-25,1.0,1,high,quartile_tails,0.25,1.0
718956,39,2021-07-25,0.14583333333333331,0,baseline,quartile_tails,0.25,1.0
720623,39,2021-07-25,0.0,0,baseline,quartile_tails,0.25,1.0
721561,39,2021-07-25,1.0,1,high,quartile_tails,0.25,1.0
721646,39,2021-07-25,1.0,1,high,quartile_tails,0.25,1.0
722157,39,2021-07-25,0.0,0,baseline,quartile_tails,0.25,1.0
722310,39,2021-07-25,0.0,0,baseline,quartile_tails,0.25,1.0
723330,39,2021-07-25,1.0,1,high,quartile_tails,0.25,1.0
724155,39,2021-07-25,0.0,0,baseline,quartile_tails,0.25,1.0
724370,39,2021-07-25,0.16666666666666666,0,baseline,quartile_tails,0.25,1.0
724499,39,2021-07-25,1.0,1,high,quartile_tails,0.25,1.0
724512,39,2021-07-25,1.0,1,high,quartile_tails,0.25,1.0
724514,39,2021-07-25,1.0,1,high,quartile_tails,0.25,1.0
725643,39,2021-07-25,0.0,0,baseline,quartile_tails,0.25,1.0
726092,39,2021-07-25,0.0,0,baseline,quartile_tails,0.25,1.0
727934,39,2021-07-25,0.16666666666666666,0,baseline,quartile_tails,0.25,1.0
728796,39,2021-07-25,0.2375,0,baseline,quartile_tails,0.25,1.0
731077,39,2021-07-25,0.23958333333333331,0,baseline,quartile_tails,0.25,1.0
731835,39,2021-07-25,0.0,0,baseline,quartile_tails,0.25,1.0
732022,39,2021-07-25,1.0,1,high,quartile_tails,0.25,1.0
732159,39,2021-07-25,1.0,1,high,quartile_tails,0.25,1.0
732169,39,2021-07-25,1.0,1,high,quartile_tails,0.25,1.0
732170,39,2021-07-25,0.0,0,baseline,quartile_tails,0.25,1.0
732714,39,2021-07-25,1.0,1,high,quartile_tails,0.25,1.0
733155,39,2021-07-25,1.0,1,high,quartile_tails,0.25,1.0
733206,39,2021-07-25,0.25,0,baseline,quartile_tails,0.25,1.0
733444,39,2021-07-25,1.0,1,high,quartile_tails,0.25,1.0
733798,39,2021-07-25,1.0,1,high,quartile_tails,0.25,1.0
735729,39,2021-07-25,1.0,1,high,quartile_tails,0.25,1.0
735994,39,2021-07-25,1.0,1,high,quartile_tails,0.25,1.0
736201,39,2021-07-25,0.0,0,baseline,quartile_tails,0.25,1.0
736550,39,2021-07-25,1.0,1,high,quartile_tails,0.25,1.0
736826,39,2021-07-25,1.0,1,high,quartile_tails,0.25,1.0
736926,39,2021-07-25,0.0,0,baseline,quartile_tails,0.25,1.0
737506,39,2021-07-25,1.0,1,high,quartile_tails,0.25,1.0
737828,39,2021-07-25,1.0,1,high,quartile_tails,0.25,1.0
739911,39,2021-07-25,0.0,0,baseline,quartile_tails,0.25,1.0
740697,39,2021-07-25,0.0,0,baseline,quartile_tails,0.25,1.0
741603,39,2021-07-25,1.0,1,high,quartile_tails,0.25,1.0
742071,39,2021-07-25,1.0,1,high,quartile_tails,0.25,1.0
742120,39,2021-07-25,1.0,1,high,quartile_tails,0.25,1.0
744050,39,2021-07-25,1.0,1,high,quartile_tails,0.25,1.0
746315,39,2021-07-25,1.0,1,high,quartile_tails,0.25,1.0
748011,39,2021-07-25,1.0,1,high,quartile_tails,0.25,1.0
748620,39,2021-07-25,1.0,1,high,quartile_tails,0.25,1.0
748972,39,2021-07-25,0.0,0,baseline,quartile_tails,0.25,1.0
749095,39,2021-07-25,0.25,0,baseline,quartile_tails,0.25,1.0
749185,39,2021-07-25,1.0,1,high,quartile_tails,0.25,1.0
749448,39,2021-07-25,1.0,1,high,quartile_tails,0.25,1.0
749610,39,2021-07-25,0.25,0,baseline,quartile_tails,0.25,1.0
750149,39,2021-07-25,0.0,0,baseline,quartile_tails,0.25,1.0
750441,39,2021-07-25,1.0,1,high,quartile_tails,0.25,1.0
750934,39,2021-07-25,0.0,0,baseline,quartile_tails,0.25,1.0
751338,39,2021-07-25,0.25,0,baseline,quartile_tails,0.25,1.0
752223,39,2021-07-25,0.0,0,baseline,quartile_tails,0.25,1.0
752283,39,2021-07-25,1.0,1,high,quartile_tails,0.25,1.0
753601,39,2021-07-25,1.0,1,high,quartile_tails,0.25,1.0
754113,39,2021-07-25,0.25,0,baseline,quartile_tails,0.25,1.0
754583,39,2021-07-25,1.0,1,high,quartile_tails,0.25,1.0
755092,39,2021-07-25,0.2222222222222222,0,baseline,quartile_tails,0.25,1.0
756696,39,2021-07-25,1.0,1,high,quartile_tails,0.25,1.0
756861,39,2021-07-25,0.0,0,baseline,quartile_tails,0.25,1.0
757063,39,2021-07-25,0.0,0,baseline,quartile_tails,0.25,1.0
757421,39,2021-07-25,1.0,1,high,quartile_tails,0.25,1.0
757897,39,2021-07-25,0.0,0,baseline,quartile_tails,0.25,1.0
758668,39,2021-07-25,1.0,1,high,quartile_tails,0.25,1.0
760199,39,2021-07-25,1.0,1,high,quartile_tails,0.25,1.0
760626,39,2021-07-25,0.0,0,baseline,quartile_tails,0.25,1.0
760922,39,2021-07-25,0.0,0,baseline,quartile_tails,0.25,1.0
761165,39,2021-07-25,1.0,1,high,quartile_tails,0.25,1.0
762159,39,2021-07-25,0.0,0,baseline,quartile_tails,0.25,1.0
762548,39,2021-07-25,1.0,1,high,quartile_tails,0.25,1.0
762759,39,2021-07-25,1.0,1,high,quartile_tails,0.25,1.0
762762,39,2021-07-25,0.0,0,baseline,quartile_tails,0.25,1.0
763949,39,2021-07-25,1.0,1,high,quartile_tails,0.25,1.0
764057,39,2021-07-25,0.25,0,baseline,quartile_tails,0.25,1.0
764302,39,2021-07-25,1.0,1,high,quartile_tails,0.25,1.0
764921,39,2021-07-25,1.0,1,high,quartile_tails,0.25,1.0
765477,39,2021-07-25,1.0,1,high,quartile_tails,0.25,1.0
766044,39,2021-07-25,1.0,1,high,quartile_tails,0.25,1.0
766655,39,2021-07-25,1.0,1,high,quartile_tails,0.25,1.0
767184,39,2021-07-25,1.0,1,high,quartile_tails,0.25,1.0
768505,39,2021-07-25,1.0,1,high,quartile_tails,0.25,1.0
770091,39,2021-07-25,1.0,1,high,quartile_tails,0.25,1.0
770736,39,2021-07-25,0.0,0,baseline,quartile_tails,0.25,1.0
771650,39,2021-07-25,0.0,0,baseline,quartile_tails,0.25,1.0
773301,39,2021-07-25,1.0,1,high,quartile_tails,0.25,1.0
773474,39,2021-07-25,1.0,1,high,quartile_tails,0.25,1.0
773489,39,2021-07-25,1.0,1,high,quartile_tails,0.25,1.0
774472,39,2021-07-25,0.25,0,baseline,quartile_tails,0.25,1.0
774498,39,2021-07-25,1.0,1,high,quartile_tails,0.25,1.0
774518,39,2021-07-25,1.0,1,high,quartile_tails,0.25,1.0
774798,39,2021-07-25,1.0,1,high,quartile_tails,0.25,1.0
774883,39,2021-07-25,0.25,0,baseline,quartile_tails,0.25,1.0
776476,39,2021-07-25,1.0,1,high,quartile_tails,0.25,1.0
777125,39,2021-07-25,1.0,1,high,quartile_tails,0.25,1.0
777644,39,2021-07-25,0.2222222222222222,0,baseline,quartile_tails,0.25,1.0
779659,39,2021-07-25,1.0,1,high,quartile_tails,0.25,1.0
779730,39,2021-07-25,1.0,1,high,quartile_tails,0.25,1.0
782058,39,2021-07-25,0.0,0,baseline,quartile_tails,0.25,1.0
782284,39,2021-07-25,1.0,1,high,quartile_tails,0.25,1.0
782975,39,2021-07-25,0.16666666666666666,0,baseline,quartile_tails,0.25,1.0
783691,39,2021-07-25,1.0,1,high,quartile_tails,0.25,1.0
784956,39,2021-07-25,1.0,1,high,quartile_tails,0.25,1.0
785980,39,2021-07-25,1.0,1,high,quartile_tails,0.25,1.0
786061,39,2021-07-25,0.08333333333333333,0,baseline,quartile_tails,0.25,1.0
787957,39,2021-07-25,1.0,1,high,quartile_tails,0.25,1.0
788050,39,2021-07-25,1.0,1,high,quartile_tails,0.25,1.0
788347,39,2021-07-25,0.16666666666666666,0,baseline,quartile_tails,0.25,1.0
788648,39,2021-07-25,0.0,0,baseline,quartile_tails,0.25,1.0
791146,39,2021-07-25,1.0,1,high,quartile_tails,0.25,1.0
791511,39,2021-07-25,1.0,1,high,quartile_tails,0.25,1.0
792654,39,2021-07-25,0.0,0,baseline,quartile_tails,0.25,1.0
793131,39,2021-07-25,1.0,1,high,quartile_tails,0.25,1.0
794033,39,2021-07-25,0.25,0,baseline,quartile_tails,0.25,1.0
794621,39,2021-07-25,1.0,1,high,quartile_tails,0.25,1.0
795144,39,2021-07-25,1.0,1,high,quartile_tails,0.25,1.0
796092,39,2021-07-25,1.0,1,high,quartile_tails,0.25,1.0
796497,39,2021-07-25,0.1875,0,baseline,quartile_tails,0.25,1.0
796799,39,2021-07-25,1.0,1,high,quartile_tails,0.25,1.0
796889,39,2021-07-25,1.0,1,high,quartile_tails,0.25,1.0
797014,39,2021-07-25,1.0,1,high,quartile_tails,0.25,1.0
797366,39,2021-07-25,0.0,0,baseline,quartile_tails,0.25,1.0
797870,39,2021-07-25,0.25,0,baseline,quartile_tails,0.25,1.0
798503,39,2021-07-25,1.0,1,high,quartile_tails,0.25,1.0
798600,39,2021-07-25,0.0,0,baseline,quartile_tails,0.25,1.0
800247,39,2021-07-25,0.25,0,baseline,quartile_tails,0.25,1.0
800714,39,2021-07-25,1.0,1,high,quartile_tails,0.25,1.0
801870,39,2021-07-25,1.0,1,high,quartile_tails,0.25,1.0
802345,39,2021-07-25,1.0,1,high,quartile_tails,0.25,1.0
802395,39,2021-07-25,0.0,0,baseline,quartile_tails,0.25,1.0
803749,39,2021-07-25,1.0,1,high,quartile_tails,0.25,1.0
804380,39,2021-07-25,1.0,1,high,quartile_tails,0.25,1.0
805552,39,2021-07-25,0.0,0,baseline,quartile_tails,0.25,1.0
805621,39,2021-07-25,1.0,1,high,quartile_tails,0.25,1.0
805671,39,2021-07-25,0.2222222222222222,0,baseline,quartile_tails,0.25,1.0
806569,39,2021-07-25,0.0,0,baseline,quartile_tails,0.25,1.0
807438,39,2021-07-25,0.20833333333333331,0,baseline,quartile_tails,0.25,1.0
807994,39,2021-07-25,0.0,0,baseline,quartile_tails,0.25,1.0
808652,39,2021-07-25,0.0,0,baseline,quartile_tails,0.25,1.0
809069,39,2021-07-25,0.0,0,baseline,quartile_tails,0.25,1.0
809139,39,2021-07-25,1.0,1,high,quartile_tails,0.25,1.0
2204,182,2021-08-03,1.0,1,high,quartile_tails,0.25,1.0
2516,182,2021-08-03,1.0,1,high,quartile_tails,0.25,1.0
2661,182,2021-08-03,0.08333333333333333,0,baseline,quartile_tails,0.25,1.0
3529,182,2021-08-03,1.0,1,high,quartile_tails,0.25,1.0
4289,182,2021-08-03,1.0,1,high,quartile_tails,0.25,1.0
6845,182,2021-08-03,1.0,1,high,quartile_tails,0.25,1.0
7984,182,2021-08-03,0.2222222222222222,0,baseline,quartile_tails,0.25,1.0
8366,182,2021-08-03,0.16666666666666666,0,baseline,quartile_tails,0.25,1.0
8624,182,2021-08-03,0.0,0,baseline,quartile_tails,0.25,1.0
10616,182,2021-08-03,0.0,0,baseline,quartile_tails,0.25,1.0
14086,182,2021-08-03,1.0,1,high,quartile_tails,0.25,1.0
15822,182,2021-08-03,1.0,1,high,quartile_tails,0.25,1.0
16898,182,2021-08-03,1.0,1,high,quartile_tails,0.25,1.0
19044,182,2021-08-03,0.0,0,baseline,quartile_tails,0.25,1.0
22179,182,2021-08-03,0.125,0,baseline,quartile_tails,0.25,1.0
23577,182,2021-08-03,1.0,1,high,quartile_tails,0.25,1.0
24376,182,2021-08-03,1.0,1,high,quartile_tails,0.25,1.0
25055,182,2021-08-03,1.0,1,high,quartile_tails,0.25,1.0
25150,182,2021-08-03,1.0,1,high,quartile_tails,0.25,1.0
26495,182,2021-08-03,0.125,0,baseline,quartile_tails,0.25,1.0
28010,182,2021-08-03,1.0,1,high,quartile_tails,0.25,1.0
29728,182,2021-08-03,1.0,1,high,quartile_tails,0.25,1.0
33712,182,2021-08-03,0.20833333333333331,0,baseline,quartile_tails,0.25,1.0
34553,182,2021-08-03,1.0,1,high,quartile_tails,0.25,1.0
35131,182,2021-08-03,0.0,0,baseline,quartile_tails,0.25,1.0
35464,182,2021-08-03,1.0,1,high,quartile_tails,0.25,1.0
35681,182,2021-08-03,0.0,0,baseline,quartile_tails,0.25,1.0
36044,182,2021-08-03,0.25,0,baseline,quartile_tails,0.25,1.0
36263,182,2021-08-03,0.0,0,baseline,quartile_tails,0.25,1.0
38776,182,2021-08-03,0.25,0,baseline,quartile_tails,0.25,1.0
39625,182,2021-08-03,0.0,0,baseline,quartile_tails,0.25,1.0
39712,182,2021-08-03,0.0,0,baseline,quartile_tails,0.25,1.0
42931,182,2021-08-03,1.0,1,high,quartile_tails,0.25,1.0
43239,182,2021-08-03,1.0,1,high,quartile_tails,0.25,1.0
48057,182,2021-08-03,1.0,1,high,quartile_tails,0.25,1.0
48186,182,2021-08-03,0.0,0,baseline,quartile_tails,0.25,1.0
49454,182,2021-08-03,1.0,1,high,quartile_tails,0.25,1.0
50158,182,2021-08-03,1.0,1,high,quartile_tails,0.25,1.0
51592,182,2021-08-03,1.0,1,high,quartile_tails,0.25,1.0
53322,182,2021-08-03,1.0,1,high,quartile_tails,0.25,1.0
57074,182,2021-08-03,1.0,1,high,quartile_tails,0.25,1.0
57589,182,2021-08-03,0.16666666666666666,0,baseline,quartile_tails,0.25,1.0
58127,182,2021-08-03,1.0,1,high,quartile_tails,0.25,1.0
59326,182,2021-08-03,0.08333333333333333,0,baseline,quartile_tails,0.25,1.0
61227,182,2021-08-03,1.0,1,high,quartile_tails,0.25,1.0
63784,182,2021-08-03,1.0,1,high,quartile_tails,0.25,1.0
65816,182,2021-08-03,1.0,1,high,quartile_tails,0.25,1.0
67596,182,2021-08-03,1.0,1,high,quartile_tails,0.25,1.0
68958,182,2021-08-03,1.0,1,high,quartile_tails,0.25,1.0
68995,182,2021-08-03,1.0,1,high,quartile_tails,0.25,1.0
71923,182,2021-08-03,0.0,0,baseline,quartile_tails,0.25,1.0
74246,182,2021-08-03,0.1111111111111111,0,baseline,quartile_tails,0.25,1.0
77558,182,2021-08-03,0.25,0,baseline,quartile_tails,0.25,1.0
78425,182,2021-08-03,1.0,1,high,quartile_tails,0.25,1.0
79643,182,2021-08-03,1.0,1,high,quartile_tails,0.25,1.0
84574,182,2021-08-03,0.0,0,baseline,quartile_tails,0.25,1.0
88834,182,2021-08-03,1.0,1,high,quartile_tails,0.25,1.0
89177,182,2021-08-03,1.0,1,high,quartile_tails,0.25,1.0
89492,182,2021-08-03,0.0,0,baseline,quartile_tails,0.25,1.0
90224,182,2021-08-03,1.0,1,high,quartile_tails,0.25,1.0
92029,182,2021-08-03,1.0,1,high,quartile_tails,0.25,1.0
93270,182,2021-08-03,1.0,1,high,quartile_tails,0.25,1.0
93976,182,2021-08-03,1.0,1,high,quartile_tails,0.25,1.0
94408,182,2021-08-03,0.0,0,baseline,quartile_tails,0.25,1.0
94889,182,2021-08-03,0.16666666666666666,0,baseline,quartile_tails,0.25,1.0
95303,182,2021-08-03,1.0,1,high,quartile_tails,0.25,1.0
98067,182,2021-08-03,1.0,1,high,quartile_tails,0.25,1.0
102049,182,2021-08-03,0.0,0,baseline,quartile_tails,0.25,1.0
102805,182,2021-08-03,1.0,1,high,quartile_tails,0.25,1.0
102828,182,2021-08-03,1.0,1,high,quartile_tails,0.25,1.0
103297,182,2021-08-03,1.0,1,high,quartile_tails,0.25,1.0
104001,182,2021-08-03,1.0,1,high,quartile_tails,0.25,1.0
104939,182,2021-08-03,1.0,1,high,quartile_tails,0.25,1.0
108119,182,2021-08-03,0.0,0,baseline,quartile_tails,0.25,1.0
108477,182,2021-08-03,1.0,1,high,quartile_tails,0.25,1.0
108478,182,2021-08-03,0.25,0,baseline,quartile_tails,0.25,1.0
109651,182,2021-08-03,1.0,1,high,quartile_tails,0.25,1.0
113031,182,2021-08-03,1.0,1,high,quartile_tails,0.25,1.0
113172,182,2021-08-03,1.0,1,high,quartile_tails,0.25,1.0
113547,182,2021-08-03,1.0,1,high,quartile_tails,0.25,1.0
113801,182,2021-08-03,0.0,0,baseline,quartile_tails,0.25,1.0
117246,182,2021-08-03,0.0,0,baseline,quartile_tails,0.25,1.0
118539,182,2021-08-03,1.0,1,high,quartile_tails,0.25,1.0
120769,182,2021-08-03,0.125,0,baseline,quartile_tails,0.25,1.0
126574,182,2021-08-03,1.0,1,high,quartile_tails,0.25,1.0
127032,182,2021-08-03,0.125,0,baseline,quartile_tails,0.25,1.0
128267,182,2021-08-03,1.0,1,high,quartile_tails,0.25,1.0
131099,182,2021-08-03,1.0,1,high,quartile_tails,0.25,1.0
131881,182,2021-08-03,1.0,1,high,quartile_tails,0.25,1.0
133538,182,2021-08-03,1.0,1,high,quartile_tails,0.25,1.0
139010,182,2021-08-03,0.25,0,baseline,quartile_tails,0.25,1.0
140845,182,2021-08-03,0.0,0,baseline,quartile_tails,0.25,1.0
145425,182,2021-08-03,0.0,0,baseline,quartile_tails,0.25,1.0
147499,182,2021-08-03,1.0,1,high,quartile_tails,0.25,1.0
148566,182,2021-08-03,1.0,1,high,quartile_tails,0.25,1.0
149190,182,2021-08-03,0.0,0,baseline,quartile_tails,0.25,1.0
150442,182,2021-08-03,1.0,1,high,quartile_tails,0.25,1.0
151041,182,2021-08-03,0.0,0,baseline,quartile_tails,0.25,1.0
151950,182,2021-08-03,1.0,1,high,quartile_tails,0.25,1.0
152426,182,2021-08-03,1.0,1,high,quartile_tails,0.25,1.0
155090,182,2021-08-03,0.0,0,baseline,quartile_tails,0.25,1.0
156722,182,2021-08-03,1.0,1,high,quartile_tails,0.25,1.0
157451,182,2021-08-03,1.0,1,high,quartile_tails,0.25,1.0
159144,182,2021-08-03,0.0,0,baseline,quartile_tails,0.25,1.0
160551,182,2021-08-03,0.0,0,baseline,quartile_tails,0.25,1.0
162386,182,2021-08-03,1.0,1,high,quartile_tails,0.25,1.0
163918,182,2021-08-03,1.0,1,high,quartile_tails,0.25,1.0
164367,182,2021-08-03,0.0,0,baseline,quartile_tails,0.25,1.0
165156,182,2021-08-03,1.0,1,high,quartile_tails,0.25,1.0
166304,182,2021-08-03,0.0,0,baseline,quartile_tails,0.25,1.0
168783,182,2021-08-03,0.0,0,baseline,quartile_tails,0.25,1.0
169610,182,2021-08-03,0.16666666666666666,0,baseline,quartile_tails,0.25,1.0
170011,182,2021-08-03,1.0,1,high,quartile_tails,0.25,1.0
171356,182,2021-08-03,1.0,1,high,quartile_tails,0.25,1.0
172960,182,2021-08-03,0.0,0,baseline,quartile_tails,0.25,1.0
174129,182,2021-08-03,1.0,1,high,quartile_tails,0.25,1.0
174263,182,2021-08-03,1.0,1,high,quartile_tails,0.25,1.0
174335,182,2021-08-03,0.1875,0,baseline,quartile_tails,0.25,1.0
174524,182,2021-08-03,0.25,0,baseline,quartile_tails,0.25,1.0
175515,182,2021-08-03,0.08333333333333333,0,baseline,quartile_tails,0.25,1.0
175686,182,2021-08-03,0.0,0,baseline,quartile_tails,0.25,1.0
176280,182,2021-08-03,1.0,1,high,quartile_tails,0.25,1.0
177401,182,2021-08-03,0.0,0,baseline,quartile_tails,0.25,1.0
178009,182,2021-08-03,1.0,1,high,quartile_tails,0.25,1.0
179910,182,2021-08-03,0.0,0,baseline,quartile_tails,0.25,1.0
180431,182,2021-08-03,1.0,1,high,quartile_tails,0.25,1.0
183530,182,2021-08-03,0.0,0,baseline,quartile_tails,0.25,1.0
183756,182,2021-08-03,1.0,1,high,quartile_tails,0.25,1.0
183769,182,2021-08-03,1.0,1,high,quartile_tails,0.25,1.0
184837,182,2021-08-03,0.0,0,baseline,quartile_tails,0.25,1.0
187977,182,2021-08-03,0.0,0,baseline,quartile_tails,0.25,1.0
188532,182,2021-08-03,0.0,0,baseline,quartile_tails,0.25,1.0
189300,182,2021-08-03,0.05,0,baseline,quartile_tails,0.25,1.0
194642,182,2021-08-03,0.0,0,baseline,quartile_tails,0.25,1.0
195750,182,2021-08-03,1.0,1,high,quartile_tails,0.25,1.0
199853,182,2021-08-03,1.0,1,high,quartile_tails,0.25,1.0
200651,182,2021-08-03,0.0,0,baseline,quartile_tails,0.25,1.0
201968,182,2021-08-03,1.0,1,high,quartile_tails,0.25,1.0
202238,182,2021-08-03,1.0,1,high,quartile_tails,0.25,1.0
204873,182,2021-08-03,1.0,1,high,quartile_tails,0.25,1.0
205545,182,2021-08-03,0.0,0,baseline,quartile_tails,0.25,1.0
206414,182,2021-08-03,0.25,0,baseline,quartile_tails,0.25,1.0
207394,182,2021-08-03,1.0,1,high,quartile_tails,0.25,1.0
209401,182,2021-08-03,1.0,1,high,quartile_tails,0.25,1.0
209998,182,2021-08-03,1.0,1,high,quartile_tails,0.25,1.0
211401,182,2021-08-03,1.0,1,high,quartile_tails,0.25,1.0
212353,182,2021-08-03,1.0,1,high,quartile_tails,0.25,1.0
212695,182,2021-08-03,1.0,1,high,quartile_tails,0.25,1.0
213746,182,2021-08-03,1.0,1,high,quartile_tails,0.25,1.0
214637,182,2021-08-03,1.0,1,high,quartile_tails,0.25,1.0
215093,182,2021-08-03,1.0,1,high,quartile_tails,0.25,1.0
216089,182,2021-08-03,1.0,1,high,quartile_tails,0.25,1.0
219607,182,2021-08-03,1.0,1,high,quartile_tails,0.25,1.0
220494,182,2021-08-03,1.0,1,high,quartile_tails,0.25,1.0
221887,182,2021-08-03,1.0,1,high,quartile_tails,0.25,1.0
221907,182,2021-08-03,0.0,0,baseline,quartile_tails,0.25,1.0
222491,182,2021-08-03,0.25,0,baseline,quartile_tails,0.25,1.0
223315,182,2021-08-03,1.0,1,high,quartile_tails,0.25,1.0
224602,182,2021-08-03,0.0,0,baseline,quartile_tails,0.25,1.0
225071,182,2021-08-03,0.0,0,baseline,quartile_tails,0.25,1.0
225605,182,2021-08-03,0.0,0,baseline,quartile_tails,0.25,1.0
230909,182,2021-08-03,0.0,0,baseline,quartile_tails,0.25,1.0
232239,182,2021-08-03,1.0,1,high,quartile_tails,0.25,1.0
232970,182,2021-08-03,1.0,1,high,quartile_tails,0.25,1.0
233999,182,2021-08-03,1.0,1,high,quartile_tails,0.25,1.0
234436,182,2021-08-03,0.0,0,baseline,quartile_tails,0.25,1.0
234595,182,2021-08-03,1.0,1,high,quartile_tails,0.25,1.0
234715,182,2021-08-03,1.0,1,high,quartile_tails,0.25,1.0
235199,182,2021-08-03,1.0,1,high,quartile_tails,0.25,1.0
235397,182,2021-08-03,1.0,1,high,quartile_tails,0.25,1.0
237887,182,2021-08-03,0.0,0,baseline,quartile_tails,0.25,1.0
238238,182,2021-08-03,1.0,1,high,quartile_tails,0.25,1.0
239292,182,2021-08-03,0.0,0,baseline,quartile_tails,0.25,1.0
240174,182,2021-08-03,1.0,1,high,quartile_tails,0.25,1.0
240624,182,2021-08-03,1.0,1,high,quartile_tails,0.25,1.0
241567,182,2021-08-03,0.0,0,baseline,quartile_tails,0.25,1.0
242421,182,2021-08-03,1.0,1,high,quartile_tails,0.25,1.0
246850,182,2021-08-03,0.0,0,baseline,quartile_tails,0.25,1.0
247162,182,2021-08-03,0.0,0,baseline,quartile_tails,0.25,1.0
248965,182,2021-08-03,0.0,0,baseline,quartile_tails,0.25,1.0
249387,182,2021-08-03,1.0,1,high,quartile_tails,0.25,1.0
251565,182,2021-08-03,1.0,1,high,quartile_tails,0.25,1.0
253179,182,2021-08-03,1.0,1,high,quartile_tails,0.25,1.0
253369,182,2021-08-03,0.0,0,baseline,quartile_tails,0.25,1.0
254747,182,2021-08-03,0.1111111111111111,0,baseline,quartile_tails,0.25,1.0
257910,182,2021-08-03,1.0,1,high,quartile_tails,0.25,1.0
258982,182,2021-08-03,1.0,1,high,quartile_tails,0.25,1.0
262401,182,2021-08-03,0.0,0,baseline,quartile_tails,0.25,1.0
263590,182,2021-08-03,0.0,0,baseline,quartile_tails,0.25,1.0
263703,182,2021-08-03,1.0,1,high,quartile_tails,0.25,1.0
266678,182,2021-08-03,1.0,1,high,quartile_tails,0.25,1.0
268472,182,2021-08-03,1.0,1,high,quartile_tails,0.25,1.0
268537,182,2021-08-03,1.0,1,high,quartile_tails,0.25,1.0
268882,182,2021-08-03,1.0,1,high,quartile_tails,0.25,1.0
269057,182,2021-08-03,1.0,1,high,quartile_tails,0.25,1.0
269791,182,2021-08-03,1.0,1,high,quartile_tails,0.25,1.0
271613,182,2021-08-03,1.0,1,high,quartile_tails,0.25,1.0
272788,182,2021-08-03,0.0,0,baseline,quartile_tails,0.25,1.0
273332,182,2021-08-03,1.0,1,high,quartile_tails,0.25,1.0
275368,182,2021-08-03,1.0,1,high,quartile_tails,0.25,1.0
275649,182,2021-08-03,1.0,1,high,quartile_tails,0.25,1.0
277588,182,2021-08-03,0.0,0,baseline,quartile_tails,0.25,1.0
279182,182,2021-08-03,0.2222222222222222,0,baseline,quartile_tails,0.25,1.0
282655,182,2021-08-03,1.0,1,high,quartile_tails,0.25,1.0
284714,182,2021-08-03,1.0,1,high,quartile_tails,0.25,1.0
288090,182,2021-08-03,1.0,1,high,quartile_tails,0.25,1.0
288209,182,2021-08-03,1.0,1,high,quartile_tails,0.25,1.0
290136,182,2021-08-03,1.0,1,high,quartile_tails,0.25,1.0
291255,182,2021-08-03,1.0,1,high,quartile_tails,0.25,1.0
293761,182,2021-08-03,1.0,1,high,quartile_tails,0.25,1.0
296482,182,2021-08-03,0.0,0,baseline,quartile_tails,0.25,1.0
300506,182,2021-08-03,1.0,1,high,quartile_tails,0.25,1.0
303750,182,2021-08-03,1.0,1,high,quartile_tails,0.25,1.0
310506,182,2021-08-03,1.0,1,high,quartile_tails,0.25,1.0
310832,182,2021-08-03,0.0,0,baseline,quartile_tails,0.25,1.0
311206,182,2021-08-03,1.0,1,high,quartile_tails,0.25,1.0
311937,182,2021-08-03,1.0,1,high,quartile_tails,0.25,1.0
312704,182,2021-08-03,1.0,1,high,quartile_tails,0.25,1.0
314426,182,2021-08-03,1.0,1,high,quartile_tails,0.25,1.0
314609,182,2021-08-03,1.0,1,high,quartile_tails,0.25,1.0
314651,182,2021-08-03,1.0,1,high,quartile_tails,0.25,1.0
315304,182,2021-08-03,0.1111111111111111,0,baseline,quartile_tails,0.25,1.0
315845,182,2021-08-03,1.0,1,high,quartile_tails,0.25,1.0
320747,182,2021-08-03,0.0,0,baseline,quartile_tails,0.25,1.0
324538,182,2021-08-03,1.0,1,high,quartile_tails,0.25,1.0
328409,182,2021-08-03,1.0,1,high,quartile_tails,0.25,1.0
329716,182,2021-08-03,0.0,0,baseline,quartile_tails,0.25,1.0
332129,182,2021-08-03,0.0,0,baseline,quartile_tails,0.25,1.0
337732,182,2021-08-03,1.0,1,high,quartile_tails,0.25,1.0
340156,182,2021-08-03,1.0,1,high,quartile_tails,0.25,1.0
340847,182,2021-08-03,1.0,1,high,quartile_tails,0.25,1.0
343864,182,2021-08-03,1.0,1,high,quartile_tails,0.25,1.0
343945,182,2021-08-03,1.0,1,high,quartile_tails,0.25,1.0
344265,182,2021-08-03,0.0,0,baseline,quartile_tails,0.25,1.0
344588,182,2021-08-03,1.0,1,high,quartile_tails,0.25,1.0
345005,182,2021-08-03,0.16666666666666666,0,baseline,quartile_tails,0.25,1.0
347699,182,2021-08-03,1.0,1,high,quartile_tails,0.25,1.0
348100,182,2021-08-03,0.25,0,baseline,quartile_tails,0.25,1.0
349529,182,2021-08-03,0.0,0,baseline,quartile_tails,0.25,1.0
349546,182,2021-08-03,0.0,0,baseline,quartile_tails,0.25,1.0
352684,182,2021-08-03,0.0,0,baseline,quartile_tails,0.25,1.0
353661,182,2021-08-03,0.0,0,baseline,quartile_tails,0.25,1.0
356848,182,2021-08-03,0.08333333333333333,0,baseline,quartile_tails,0.25,1.0
357824,182,2021-08-03,1.0,1,high,quartile_tails,0.25,1.0
357890,182,2021-08-03,1.0,1,high,quartile_tails,0.25,1.0
359220,182,2021-08-03,1.0,1,high,quartile_tails,0.25,1.0
362107,182,2021-08-03,1.0,1,high,quartile_tails,0.25,1.0
362794,182,2021-08-03,1.0,1,high,quartile_tails,0.25,1.0
363345,182,2021-08-03,0.25,0,baseline,quartile_tails,0.25,1.0
363506,182,2021-08-03,0.25,0,baseline,quartile_tails,0.25,1.0
363937,182,2021-08-03,1.0,1,high,quartile_tails,0.25,1.0
364574,182,2021-08-03,0.0,0,baseline,quartile_tails,0.25,1.0
366706,182,2021-08-03,0.0,0,baseline,quartile_tails,0.25,1.0
371338,182,2021-08-03,0.1111111111111111,0,baseline,quartile_tails,0.25,1.0
371595,182,2021-08-03,1.0,1,high,quartile_tails,0.25,1.0
373341,182,2021-08-03,0.25,0,baseline,quartile_tails,0.25,1.0
375425,182,2021-08-03,1.0,1,high,quartile_tails,0.25,1.0
375910,182,2021-08-03,1.0,1,high,quartile_tails,0.25,1.0
377065,182,2021-08-03,1.0,1,high,quartile_tails,0.25,1.0
377569,182,2021-08-03,0.16666666666666666,0,baseline,quartile_tails,0.25,1.0
378129,182,2021-08-03,1.0,1,high,quartile_tails,0.25,1.0
380233,182,2021-08-03,1.0,1,high,quartile_tails,0.25,1.0
381230,182,2021-08-03,1.0,1,high,quartile_tails,0.25,1.0
381238,182,2021-08-03,0.25,0,baseline,quartile_tails,0.25,1.0
381475,182,2021-08-03,0.0,0,baseline,quartile_tails,0.25,1.0
381560,182,2021-08-03,1.0,1,high,quartile_tails,0.25,1.0
382229,182,2021-08-03,0.0,0,baseline,quartile_tails,0.25,1.0
382880,182,2021-08-03,1.0,1,high,quartile_tails,0.25,1.0
383227,182,2021-08-03,1.0,1,high,quartile_tails,0.25,1.0
383465,182,2021-08-03,0.0,0,baseline,quartile_tails,0.25,1.0
383776,182,2021-08-03,1.0,1,high,quartile_tails,0.25,1.0
388031,182,2021-08-03,0.0,0,baseline,quartile_tails,0.25,1.0
388745,182,2021-08-03,0.125,0,baseline,quartile_tails,0.25,1.0
388844,182,2021-08-03,1.0,1,high,quartile_tails,0.25,1.0
389532,182,2021-08-03,0.0,0,baseline,quartile_tails,0.25,1.0
392290,182,2021-08-03,0.25,0,baseline,quartile_tails,0.25,1.0
392853,182,2021-08-03,1.0,1,high,quartile_tails,0.25,1.0
396760,182,2021-08-03,0.0,0,baseline,quartile_tails,0.25,1.0
397735,182,2021-08-03,0.0,0,baseline,quartile_tails,0.25,1.0
397970,182,2021-08-03,1.0,1,high,quartile_tails,0.25,1.0
398617,182,2021-08-03,0.25,0,baseline,quartile_tails,0.25,1.0
401575,182,2021-08-03,1.0,1,high,quartile_tails,0.25,1.0
401696,182,2021-08-03,1.0,1,high,quartile_tails,0.25,1.0
402290,182,2021-08-03,0.0,0,baseline,quartile_tails,0.25,1.0
405457,182,2021-08-03,1.0,1,high,quartile_tails,0.25,1.0
407655,182,2021-08-03,1.0,1,high,quartile_tails,0.25,1.0
412257,182,2021-08-03,0.25,0,baseline,quartile_tails,0.25,1.0
413978,182,2021-08-03,0.0,0,baseline,quartile_tails,0.25,1.0
414577,182,2021-08-03,0.0,0,baseline,quartile_tails,0.25,1.0
414819,182,2021-08-03,1.0,1,high,quartile_tails,0.25,1.0
415647,182,2021-08-03,1.0,1,high,quartile_tails,0.25,1.0
417550,182,2021-08-03,0.0,0,baseline,quartile_tails,0.25,1.0
418060,182,2021-08-03,0.125,0,baseline,quartile_tails,0.25,1.0
419316,182,2021-08-03,1.0,1,high,quartile_tails,0.25,1.0
419777,182,2021-08-03,1.0,1,high,quartile_tails,0.25,1.0
422317,182,2021-08-03,0.0,0,baseline,quartile_tails,0.25,1.0
424756,182,2021-08-03,0.0,0,baseline,quartile_tails,0.25,1.0
425237,182,2021-08-03,1.0,1,high,quartile_tails,0.25,1.0
426182,182,2021-08-03,0.14285714285714285,0,baseline,quartile_tails,0.25,1.0
426921,182,2021-08-03,0.0,0,baseline,quartile_tails,0.25,1.0
428334,182,2021-08-03,1.0,1,high,quartile_tails,0.25,1.0
429603,182,2021-08-03,0.21666666666666667,0,baseline,quartile_tails,0.25,1.0
429878,182,2021-08-03,1.0,1,high,quartile_tails,0.25,1.0
430396,182,2021-08-03,0.0625,0,baseline,quartile_tails,0.25,1.0
431250,182,2021-08-03,1.0,1,high,quartile_tails,0.25,1.0
437282,182,2021-08-03,0.16666666666666666,0,baseline,quartile_tails,0.25,1.0
437983,182,2021-08-03,1.0,1,high,quartile_tails,0.25,1.0
438141,182,2021-08-03,0.0,0,baseline,quartile_tails,0.25,1.0
439081,182,2021-08-03,0.0,0,baseline,quartile_tails,0.25,1.0
442930,182,2021-08-03,1.0,1,high,quartile_tails,0.25,1.0
445974,182,2021-08-03,1.0,1,high,quartile_tails,0.25,1.0
446685,182,2021-08-03,0.0,0,baseline,quartile_tails,0.25,1.0
447461,182,2021-08-03,1.0,1,high,quartile_tails,0.25,1.0
447624,182,2021-08-03,0.125,0,baseline,quartile_tails,0.25,1.0
449545,182,2021-08-03,1.0,1,high,quartile_tails,0.25,1.0
450341,182,2021-08-03,1.0,1,high,quartile_tails,0.25,1.0
450542,182,2021-08-03,1.0,1,high,quartile_tails,0.25,1.0
452217,182,2021-08-03,0.25,0,baseline,quartile_tails,0.25,1.0
452275,182,2021-08-03,0.0,0,baseline,quartile_tails,0.25,1.0
452331,182,2021-08-03,1.0,1,high,quartile_tails,0.25,1.0
454009,182,2021-08-03,1.0,1,high,quartile_tails,0.25,1.0
454810,182,2021-08-03,0.0,0,baseline,quartile_tails,0.25,1.0
456488,182,2021-08-03,0.0,0,baseline,quartile_tails,0.25,1.0
457496,182,2021-08-03,1.0,1,high,quartile_tails,0.25,1.0
460076,182,2021-08-03,0.25,0,baseline,quartile_tails,0.25,1.0
461546,182,2021-08-03,0.0,0,baseline,quartile_tails,0.25,1.0
461945,182,2021-08-03,0.0,0,baseline,quartile_tails,0.25,1.0
462441,182,2021-08-03,1.0,1,high,quartile_tails,0.25,1.0
465037,182,2021-08-03,1.0,1,high,quartile_tails,0.25,1.0
465447,182,2021-08-03,1.0,1,high,quartile_tails,0.25,1.0
467400,182,2021-08-03,1.0,1,high,quartile_tails,0.25,1.0
468015,182,2021-08-03,1.0,1,high,quartile_tails,0.25,1.0
469068,182,2021-08-03,0.0,0,baseline,quartile_tails,0.25,1.0
471041,182,2021-08-03,1.0,1,high,quartile_tails,0.25,1.0
471876,182,2021-08-03,1.0,1,high,quartile_tails,0.25,1.0
472425,182,2021-08-03,0.25,0,baseline,quartile_tails,0.25,1.0
473242,182,2021-08-03,1.0,1,high,quartile_tails,0.25,1.0
475106,182,2021-08-03,1.0,1,high,quartile_tails,0.25,1.0
475351,182,2021-08-03,1.0,1,high,quartile_tails,0.25,1.0
475870,182,2021-08-03,0.0,0,baseline,quartile_tails,0.25,1.0
475988,182,2021-08-03,1.0,1,high,quartile_tails,0.25,1.0
479052,182,2021-08-03,0.0,0,baseline,quartile_tails,0.25,1.0
479286,182,2021-08-03,1.0,1,high,quartile_tails,0.25,1.0
480355,182,2021-08-03,0.0,0,baseline,quartile_tails,0.25,1.0
481650,182,2021-08-03,0.16666666666666666,0,baseline,quartile_tails,0.25,1.0
481690,182,2021-08-03,1.0,1,high,quartile_tails,0.25,1.0
481769,182,2021-08-03,0.0,0,baseline,quartile_tails,0.25,1.0
482233,182,2021-08-03,1.0,1,high,quartile_tails,0.25,1.0
482293,182,2021-08-03,0.0,0,baseline,quartile_tails,0.25,1.0
483047,182,2021-08-03,0.0,0,baseline,quartile_tails,0.25,1.0
483697,182,2021-08-03,1.0,1,high,quartile_tails,0.25,1.0
485290,182,2021-08-03,1.0,1,high,quartile_tails,0.25,1.0
486002,182,2021-08-03,1.0,1,high,quartile_tails,0.25,1.0
486119,182,2021-08-03,0.2222222222222222,0,baseline,quartile_tails,0.25,1.0
487427,182,2021-08-03,1.0,1,high,quartile_tails,0.25,1.0
487782,182,2021-08-03,1.0,1,high,quartile_tails,0.25,1.0
487793,182,2021-08-03,1.0,1,high,quartile_tails,0.25,1.0
488058,182,2021-08-03,0.0,0,baseline,quartile_tails,0.25,1.0
488152,182,2021-08-03,1.0,1,high,quartile_tails,0.25,1.0
488553,182,2021-08-03,0.0,0,baseline,quartile_tails,0.25,1.0
492316,182,2021-08-03,0.25,0,baseline,quartile_tails,0.25,1.0
493391,182,2021-08-03,0.0,0,baseline,quartile_tails,0.25,1.0
493998,182,2021-08-03,0.0,0,baseline,quartile_tails,0.25,1.0
494244,182,2021-08-03,1.0,1,high,quartile_tails,0.25,1.0
495323,182,2021-08-03,0.0,0,baseline,quartile_tails,0.25,1.0
495442,182,2021-08-03,1.0,1,high,quartile_tails,0.25,1.0
496004,182,2021-08-03,1.0,1,high,quartile_tails,0.25,1.0
496278,182,2021-08-03,1.0,1,high,quartile_tails,0.25,1.0
504184,182,2021-08-03,0.0,0,baseline,quartile_tails,0.25,1.0
506016,182,2021-08-03,1.0,1,high,quartile_tails,0.25,1.0
507847,182,2021-08-03,1.0,1,high,quartile_tails,0.25,1.0
509765,182,2021-08-03,1.0,1,high,quartile_tails,0.25,1.0
511149,182,2021-08-03,1.0,1,high,quartile_tails,0.25,1.0
511563,182,2021-08-03,1.0,1,high,quartile_tails,0.25,1.0
518178,182,2021-08-03,1.0,1,high,quartile_tails,0.25,1.0
518787,182,2021-08-03,1.0,1,high,quartile_tails,0.25,1.0
519329,182,2021-08-03,0.22619047619047616,0,baseline,quartile_tails,0.25,1.0
520833,182,2021-08-03,1.0,1,high,quartile_tails,0.25,1.0
521711,182,2021-08-03,1.0,1,high,quartile_tails,0.25,1.0
530357,182,2021-08-03,1.0,1,high,quartile_tails,0.25,1.0
531269,182,2021-08-03,0.25,0,baseline,quartile_tails,0.25,1.0
532315,182,2021-08-03,1.0,1,high,quartile_tails,0.25,1.0
533375,182,2021-08-03,0.0,0,baseline,quartile_tails,0.25,1.0
535750,182,2021-08-03,1.0,1,high,quartile_tails,0.25,1.0
538687,182,2021-08-03,1.0,1,high,quartile_tails,0.25,1.0
538944,182,2021-08-03,0.0,0,baseline,quartile_tails,0.25,1.0
539232,182,2021-08-03,0.25,0,baseline,quartile_tails,0.25,1.0
541888,182,2021-08-03,0.0,0,baseline,quartile_tails,0.25,1.0
542473,182,2021-08-03,0.0,0,baseline,quartile_tails,0.25,1.0
542992,182,2021-08-03,1.0,1,high,quartile_tails,0.25,1.0
543517,182,2021-08-03,1.0,1,high,quartile_tails,0.25,1.0
543552,182,2021-08-03,1.0,1,high,quartile_tails,0.25,1.0
544293,182,2021-08-03,1.0,1,high,quartile_tails,0.25,1.0
544398,182,2021-08-03,1.0,1,high,quartile_tails,0.25,1.0
545766,182,2021-08-03,1.0,1,high,quartile_tails,0.25,1.0
546819,182,2021-08-03,0.25,0,baseline,quartile_tails,0.25,1.0
549941,182,2021-08-03,0.16666666666666666,0,baseline,quartile_tails,0.25,1.0
550299,182,2021-08-03,0.0,0,baseline,quartile_tails,0.25,1.0
551405,182,2021-08-03,1.0,1,high,quartile_tails,0.25,1.0
554314,182,2021-08-03,0.0,0,baseline,quartile_tails,0.25,1.0
554856,182,2021-08-03,0.0,0,baseline,quartile_tails,0.25,1.0
554920,182,2021-08-03,1.0,1,high,quartile_tails,0.25,1.0
558769,182,2021-08-03,1.0,1,high,quartile_tails,0.25,1.0
559744,182,2021-08-03,1.0,1,high,quartile_tails,0.25,1.0
561418,182,2021-08-03,0.16666666666666666,0,baseline,quartile_tails,0.25,1.0
563803,182,2021-08-03,0.125,0,baseline,quartile_tails,0.25,1.0
564390,182,2021-08-03,0.0,0,baseline,quartile_tails,0.25,1.0
565006,182,2021-08-03,0.0,0,baseline,quartile_tails,0.25,1.0
569822,182,2021-08-03,1.0,1,high,quartile_tails,0.25,1.0
570116,182,2021-08-03,0.0,0,baseline,quartile_tails,0.25,1.0
572607,182,2021-08-03,1.0,1,high,quartile_tails,0.25,1.0
573080,182,2021-08-03,1.0,1,high,quartile_tails,0.25,1.0
573861,182,2021-08-03,1.0,1,high,quartile_tails,0.25,1.0
574881,182,2021-08-03,1.0,1,high,quartile_tails,0.25,1.0
575944,182,2021-08-03,0.125,0,baseline,quartile_tails,0.25,1.0
576280,182,2021-08-03,0.0,0,baseline,quartile_tails,0.25,1.0
577348,182,2021-08-03,1.0,1,high,quartile_tails,0.25,1.0
577353,182,2021-08-03,0.16666666666666666,0,baseline,quartile_tails,0.25,1.0
577526,182,2021-08-03,0.0,0,baseline,quartile_tails,0.25,1.0
577701,182,2021-08-03,1.0,1,high,quartile_tails,0.25,1.0
579373,182,2021-08-03,0.125,0,baseline,quartile_tails,0.25,1.0
581350,182,2021-08-03,1.0,1,high,quartile_tails,0.25,1.0
582800,182,2021-08-03,0.0,0,baseline,quartile_tails,0.25,1.0
583122,182,2021-08-03,1.0,1,high,quartile_tails,0.25,1.0
583723,182,2021-08-03,0.25,0,baseline,quartile_tails,0.25,1.0
586766,182,2021-08-03,1.0,1,high,quartile_tails,0.25,1.0
590555,182,2021-08-03,0.0,0,baseline,quartile_tails,0.25,1.0
594418,182,2021-08-03,1.0,1,high,quartile_tails,0.25,1.0
595208,182,2021-08-03,0.0,0,baseline,quartile_tails,0.25,1.0
595833,182,2021-08-03,1.0,1,high,quartile_tails,0.25,1.0
596201,182,2021-08-03,1.0,1,high,quartile_tails,0.25,1.0
596838,182,2021-08-03,1.0,1,high,quartile_tails,0.25,1.0
599613,182,2021-08-03,1.0,1,high,quartile_tails,0.25,1.0
600587,182,2021-08-03,0.08333333333333333,0,baseline,quartile_tails,0.25,1.0
600758,182,2021-08-03,0.2222222222222222,0,baseline,quartile_tails,0.25,1.0
601508,182,2021-08-03,1.0,1,high,quartile_tails,0.25,1.0
602748,182,2021-08-03,1.0,1,high,quartile_tails,0.25,1.0
603049,182,2021-08-03,0.25,0,baseline,quartile_tails,0.25,1.0
604521,182,2021-08-03,0.25,0,baseline,quartile_tails,0.25,1.0
604760,182,2021-08-03,1.0,1,high,quartile_tails,0.25,1.0
607179,182,2021-08-03,0.0,0,baseline,quartile_tails,0.25,1.0
612017,182,2021-08-03,0.0,0,baseline,quartile_tails,0.25,1.0
612054,182,2021-08-03,0.25,0,baseline,quartile_tails,0.25,1.0
613868,182,2021-08-03,0.25,0,baseline,quartile_tails,0.25,1.0
614428,182,2021-08-03,1.0,1,high,quartile_tails,0.25,1.0
615612,182,2021-08-03,0.0,0,baseline,quartile_tails,0.25,1.0
616408,182,2021-08-03,1.0,1,high,quartile_tails,0.25,1.0
617304,182,2021-08-03,1.0,1,high,quartile_tails,0.25,1.0
617418,182,2021-08-03,0.20833333333333334,0,baseline,quartile_tails,0.25,1.0
617490,182,2021-08-03,1.0,1,high,quartile_tails,0.25,1.0
617955,182,2021-08-03,0.0,0,baseline,quartile_tails,0.25,1.0
617996,182,2021-08-03,0.0,0,baseline,quartile_tails,0.25,1.0
618762,182,2021-08-03,1.0,1,high,quartile_tails,0.25,1.0
619222,182,2021-08-03,0.0,0,baseline,quartile_tails,0.25,1.0
619565,182,2021-08-03,0.2222222222222222,0,baseline,quartile_tails,0.25,1.0
620652,182,2021-08-03,1.0,1,high,quartile_tails,0.25,1.0
620701,182,2021-08-03,0.0,0,baseline,quartile_tails,0.25,1.0
621219,182,2021-08-03,1.0,1,high,quartile_tails,0.25,1.0
621850,182,2021-08-03,1.0,1,high,quartile_tails,0.25,1.0
622288,182,2021-08-03,1.0,1,high,quartile_tails,0.25,1.0
622356,182,2021-08-03,0.25,0,baseline,quartile_tails,0.25,1.0
622360,182,2021-08-03,1.0,1,high,quartile_tails,0.25,1.0
624969,182,2021-08-03,0.0,0,baseline,quartile_tails,0.25,1.0
625670,182,2021-08-03,0.21666666666666665,0,baseline,quartile_tails,0.25,1.0
626018,182,2021-08-03,0.0,0,baseline,quartile_tails,0.25,1.0
627317,182,2021-08-03,0.0,0,baseline,quartile_tails,0.25,1.0
629195,182,2021-08-03,1.0,1,high,quartile_tails,0.25,1.0
629322,182,2021-08-03,0.0,0,baseline,quartile_tails,0.25,1.0
632946,182,2021-08-03,1.0,1,high,quartile_tails,0.25,1.0
633557,182,2021-08-03,1.0,1,high,quartile_tails,0.25,1.0
633622,182,2021-08-03,1.0,1,high,quartile_tails,0.25,1.0
636547,182,2021-08-03,1.0,1,high,quartile_tails,0.25,1.0
637267,182,2021-08-03,0.0,0,baseline,quartile_tails,0.25,1.0
639136,182,2021-08-03,1.0,1,high,quartile_tails,0.25,1.0
639677,182,2021-08-03,1.0,1,high,quartile_tails,0.25,1.0
641852,182,2021-08-03,0.0,0,baseline,quartile_tails,0.25,1.0
642432,182,2021-08-03,1.0,1,high,quartile_tails,0.25,1.0
643925,182,2021-08-03,1.0,1,high,quartile_tails,0.25,1.0
644692,182,2021-08-03,0.0,0,baseline,quartile_tails,0.25,1.0
645681,182,2021-08-03,1.0,1,high,quartile_tails,0.25,1.0
649348,182,2021-08-03,1.0,1,high,quartile_tails,0.25,1.0
650198,182,2021-08-03,0.0,0,baseline,quartile_tails,0.25,1.0
650438,182,2021-08-03,0.25,0,baseline,quartile_tails,0.25,1.0
652682,182,2021-08-03,0.0,0,baseline,quartile_tails,0.25,1.0
653512,182,2021-08-03,1.0,1,high,quartile_tails,0.25,1.0
653513,182,2021-08-03,1.0,1,high,quartile_tails,0.25,1.0
654518,182,2021-08-03,1.0,1,high,quartile_tails,0.25,1.0
654819,182,2021-08-03,1.0,1,high,quartile_tails,0.25,1.0
656855,182,2021-08-03,0.0,0,baseline,quartile_tails,0.25,1.0
658624,182,2021-08-03,1.0,1,high,quartile_tails,0.25,1.0
662199,182,2021-08-03,0.0,0,baseline,quartile_tails,0.25,1.0
662818,182,2021-08-03,1.0,1,high,quartile_tails,0.25,1.0
662976,182,2021-08-03,1.0,1,high,quartile_tails,0.25,1.0
664033,182,2021-08-03,0.0,0,baseline,quartile_tails,0.25,1.0
668386,182,2021-08-03,1.0,1,high,quartile_tails,0.25,1.0
670071,182,2021-08-03,1.0,1,high,quartile_tails,0.25,1.0
670072,182,2021-08-03,1.0,1,high,quartile_tails,0.25,1.0
672538,182,2021-08-03,0.0,0,baseline,quartile_tails,0.25,1.0
672586,182,2021-08-03,0.06666666666666667,0,baseline,quartile_tails,0.25,1.0
674788,182,2021-08-03,1.0,1,high,quartile_tails,0.25,1.0
676652,182,2021-08-03,0.125,0,baseline,quartile_tails,0.25,1.0
676858,182,2021-08-03,0.25,0,baseline,quartile_tails,0.25,1.0
678439,182,2021-08-03,0.08333333333333333,0,baseline,quartile_tails,0.25,1.0
678851,182,2021-08-03,0.0,0,baseline,quartile_tails,0.25,1.0
682272,182,2021-08-03,0.0,0,baseline,quartile_tails,0.25,1.0
686282,182,2021-08-03,0.0,0,baseline,quartile_tails,0.25,1.0
686789,182,2021-08-03,1.0,1,high,quartile_tails,0.25,1.0
686937,182,2021-08-03,1.0,1,high,quartile_tails,0.25,1.0
688980,182,2021-08-03,1.0,1,high,quartile_tails,0.25,1.0
689737,182,2021-08-03,0.0,0,baseline,quartile_tails,0.25,1.0
691538,182,2021-08-03,1.0,1,high,quartile_tails,0.25,1.0
693555,182,2021-08-03,0.20833333333333331,0,baseline,quartile_tails,0.25,1.0
693640,182,2021-08-03,0.25,0,baseline,quartile_tails,0.25,1.0
693816,182,2021-08-03,1.0,1,high,quartile_tails,0.25,1.0
697048,182,2021-08-03,1.0,1,high,quartile_tails,0.25,1.0
700154,182,2021-08-03,1.0,1,high,quartile_tails,0.25,1.0
702290,182,2021-08-03,0.0,0,baseline,quartile_tails,0.25,1.0
702424,182,2021-08-03,1.0,1,high,quartile_tails,0.25,1.0
707787,182,2021-08-03,1.0,1,high,quartile_tails,0.25,1.0
708714,182,2021-08-03,0.0,0,baseline,quartile_tails,0.25,1.0
708941,182,2021-08-03,1.0,1,high,quartile_tails,0.25,1.0
710118,182,2021-08-03,0.08333333333333333,0,baseline,quartile_tails,0.25,1.0
710256,182,2021-08-03,1.0,1,high,quartile_tails,0.25,1.0
711489,182,2021-08-03,0.25,0,baseline,quartile_tails,0.25,1.0
713524,182,2021-08-03,1.0,1,high,quartile_tails,0.25,1.0
714659,182,2021-08-03,1.0,1,high,quartile_tails,0.25,1.0
718393,182,2021-08-03,0.0,0,baseline,quartile_tails,0.25,1.0
719313,182,2021-08-03,1.0,1,high,quartile_tails,0.25,1.0
719828,182,2021-08-03,0.0,0,baseline,quartile_tails,0.25,1.0
722745,182,2021-08-03,0.25,0,baseline,quartile_tails,0.25,1.0
723408,182,2021-08-03,1.0,1,high,quartile_tails,0.25,1.0
726187,182,2021-08-03,1.0,1,high,quartile_tails,0.25,1.0
726383,182,2021-08-03,0.16666666666666666,0,baseline,quartile_tails,0.25,1.0
726765,182,2021-08-03,0.0,0,baseline,quartile_tails,0.25,1.0
729128,182,2021-08-03,0.25,0,baseline,quartile_tails,0.25,1.0
729202,182,2021-08-03,1.0,1,high,quartile_tails,0.25,1.0
729846,182,2021-08-03,0.16666666666666666,0,baseline,quartile_tails,0.25,1.0
732781,182,2021-08-03,0.0,0,baseline,quartile_tails,0.25,1.0
734531,182,2021-08-03,1.0,1,high,quartile_tails,0.25,1.0
734568,182,2021-08-03,1.0,1,high,quartile_tails,0.25,1.0
735790,182,2021-08-03,1.0,1,high,quartile_tails,0.25,1.0
737102,182,2021-08-03,1.0,1,high,quartile_tails,0.25,1.0
742067,182,2021-08-03,0.25,0,baseline,quartile_tails,0.25,1.0
743901,182,2021-08-03,0.0,0,baseline,quartile_tails,0.25,1.0
743902,182,2021-08-03,0.0,0,baseline,quartile_tails,0.25,1.0
744339,182,2021-08-03,0.1875,0,baseline,quartile_tails,0.25,1.0
744814,182,2021-08-03,1.0,1,high,quartile_tails,0.25,1.0
745610,182,2021-08-03,1.0,1,high,quartile_tails,0.25,1.0
746565,182,2021-08-03,0.1875,0,baseline,quartile_tails,0.25,1.0
746804,182,2021-08-03,1.0,1,high,quartile_tails,0.25,1.0
748569,182,2021-08-03,0.25,0,baseline,quartile_tails,0.25,1.0
749630,182,2021-08-03,0.0,0,baseline,quartile_tails,0.25,1.0
749865,182,2021-08-03,1.0,1,high,quartile_tails,0.25,1.0
750500,182,2021-08-03,1.0,1,high,quartile_tails,0.25,1.0
750621,182,2021-08-03,1.0,1,high,quartile_tails,0.25,1.0
756508,182,2021-08-03,0.20833333333333331,0,baseline,quartile_tails,0.25,1.0
757862,182,2021-08-03,0.0,0,baseline,quartile_tails,0.25,1.0
760329,182,2021-08-03,0.0,0,baseline,quartile_tails,0.25,1.0
761135,182,2021-08-03,1.0,1,high,quartile_tails,0.25,1.0
762605,182,2021-08-03,1.0,1,high,quartile_tails,0.25,1.0
763186,182,2021-08-03,1.0,1,high,quartile_tails,0.25,1.0
763984,182,2021-08-03,0.20833333333333331,0,baseline,quartile_tails,0.25,1.0
764208,182,2021-08-03,0.16666666666666666,0,baseline,quartile_tails,0.25,1.0
764828,182,2021-08-03,1.0,1,high,quartile_tails,0.25,1.0
768050,182,2021-08-03,0.0,0,baseline,quartile_tails,0.25,1.0
769840,182,2021-08-03,1.0,1,high,quartile_tails,0.25,1.0
769985,182,2021-08-03,0.25,0,baseline,quartile_tails,0.25,1.0
771181,182,2021-08-03,0.25,0,baseline,quartile_tails,0.25,1.0
773162,182,2021-08-03,1.0,1,high,quartile_tails,0.25,1.0
773848,182,2021-08-03,1.0,1,high,quartile_tails,0.25,1.0
776730,182,2021-08-03,0.0,0,baseline,quartile_tails,0.25,1.0
776737,182,2021-08-03,1.0,1,high,quartile_tails,0.25,1.0
778683,182,2021-08-03,1.0,1,high,quartile_tails,0.25,1.0
778771,182,2021-08-03,0.25,0,baseline,quartile_tails,0.25,1.0
778816,182,2021-08-03,0.0,0,baseline,quartile_tails,0.25,1.0
779681,182,2021-08-03,1.0,1,high,quartile_tails,0.25,1.0
781584,182,2021-08-03,1.0,1,high,quartile_tails,0.25,1.0
783397,182,2021-08-03,0.0,0,baseline,quartile_tails,0.25,1.0
784057,182,2021-08-03,1.0,1,high,quartile_tails,0.25,1.0
784597,182,2021-08-03,1.0,1,high,quartile_tails,0.25,1.0
792170,182,2021-08-03,1.0,1,high,quartile_tails,0.25,1.0
795667,182,2021-08-03,0.0,0,baseline,quartile_tails,0.25,1.0
796810,182,2021-08-03,1.0,1,high,quartile_tails,0.25,1.0
796967,182,2021-08-03,0.25,0,baseline,quartile_tails,0.25,1.0
798441,182,2021-08-03,0.0,0,baseline,quartile_tails,0.25,1.0
799998,182,2021-08-03,1.0,1,high,quartile_tails,0.25,1.0
801767,182,2021-08-03,1.0,1,high,quartile_tails,0.25,1.0
803101,182,2021-08-03,0.20833333333333331,0,baseline,quartile_tails,0.25,1.0
803456,182,2021-08-03,0.0,0,baseline,quartile_tails,0.25,1.0
803503,182,2021-08-03,1.0,1,high,quartile_tails,0.25,1.0
804438,182,2021-08-03,1.0,1,high,quartile_tails,0.25,1.0
804933,182,2021-08-03,0.0,0,baseline,quartile_tails,0.25,1.0
805939,182,2021-08-03,1.0,1,high,quartile_tails,0.25,1.0
808868,182,2021-08-03,0.08333333333333333,0,baseline,quartile_tails,0.25,1.0
808959,182,2021-08-03,0.25,0,baseline,quartile_tails,0.25,1.0
3618,44,2021-07-24,1.0,1,high,quartile_tails,0.25,1.0
4321,44,2021-07-24,1.0,1,high,quartile_tails,0.25,1.0
6171,44,2021-07-24,0.0,0,baseline,quartile_tails,0.25,1.0
8425,44,2021-07-24,1.0,1,high,quartile_tails,0.25,1.0
8445,44,2021-07-24,0.0,0,baseline,quartile_tails,0.25,1.0
9616,44,2021-07-24,1.0,1,high,quartile_tails,0.25,1.0
10042,44,2021-07-24,1.0,1,high,quartile_tails,0.25,1.0
10511,44,2021-07-24,0.0,0,baseline,quartile_tails,0.25,1.0
10926,44,2021-07-24,1.0,1,high,quartile_tails,0.25,1.0
13420,44,2021-07-24,1.0,1,high,quartile_tails,0.25,1.0
15570,44,2021-07-24,1.0,1,high,quartile_tails,0.25,1.0
27156,44,2021-07-24,1.0,1,high,quartile_tails,0.25,1.0
28355,44,2021-07-24,1.0,1,high,quartile_tails,0.25,1.0
30649,44,2021-07-24,1.0,1,high,quartile_tails,0.25,1.0
31073,44,2021-07-24,0.25,0,baseline,quartile_tails,0.25,1.0
31500,44,2021-07-24,0.16666666666666666,0,baseline,quartile_tails,0.25,1.0
34938,44,2021-07-24,1.0,1,high,quartile_tails,0.25,1.0
39846,44,2021-07-24,1.0,1,high,quartile_tails,0.25,1.0
44187,44,2021-07-24,0.0,0,baseline,quartile_tails,0.25,1.0
49480,44,2021-07-24,1.0,1,high,quartile_tails,0.25,1.0
50058,44,2021-07-24,1.0,1,high,quartile_tails,0.25,1.0
51210,44,2021-07-24,0.0,0,baseline,quartile_tails,0.25,1.0
57439,44,2021-07-24,1.0,1,high,quartile_tails,0.25,1.0
57976,44,2021-07-24,0.0,0,baseline,quartile_tails,0.25,1.0
62072,44,2021-07-24,0.0,0,baseline,quartile_tails,0.25,1.0
69043,44,2021-07-24,0.0,0,baseline,quartile_tails,0.25,1.0
69077,44,2021-07-24,0.0,0,baseline,quartile_tails,0.25,1.0
71284,44,2021-07-24,1.0,1,high,quartile_tails,0.25,1.0
72319,44,2021-07-24,0.16666666666666666,0,baseline,quartile_tails,0.25,1.0
74947,44,2021-07-24,1.0,1,high,quartile_tails,0.25,1.0
75109,44,2021-07-24,0.0,0,baseline,quartile_tails,0.25,1.0
76711,44,2021-07-24,1.0,1,high,quartile_tails,0.25,1.0
76776,44,2021-07-24,0.25,0,baseline,quartile_tails,0.25,1.0
77965,44,2021-07-24,1.0,1,high,quartile_tails,0.25,1.0
78132,44,2021-07-24,1.0,1,high,quartile_tails,0.25,1.0
79257,44,2021-07-24,0.0,0,baseline,quartile_tails,0.25,1.0
80528,44,2021-07-24,0.25,0,baseline,quartile_tails,0.25,1.0
81794,44,2021-07-24,0.0,0,baseline,quartile_tails,0.25,1.0
82529,44,2021-07-24,0.0,0,baseline,quartile_tails,0.25,1.0
82987,44,2021-07-24,0.0,0,baseline,quartile_tails,0.25,1.0
82996,44,2021-07-24,0.0,0,baseline,quartile_tails,0.25,1.0
83057,44,2021-07-24,0.0,0,baseline,quartile_tails,0.25,1.0
85643,44,2021-07-24,1.0,1,high,quartile_tails,0.25,1.0
86166,44,2021-07-24,0.0,0,baseline,quartile_tails,0.25,1.0
89277,44,2021-07-24,0.0,0,baseline,quartile_tails,0.25,1.0
89280,44,2021-07-24,0.25,0,baseline,quartile_tails,0.25,1.0
90826,44,2021-07-24,1.0,1,high,quartile_tails,0.25,1.0
93506,44,2021-07-24,0.25,0,baseline,quartile_tails,0.25,1.0
96124,44,2021-07-24,1.0,1,high,quartile_tails,0.25,1.0
96877,44,2021-07-24,1.0,1,high,quartile_tails,0.25,1.0
97820,44,2021-07-24,1.0,1,high,quartile_tails,0.25,1.0
97968,44,2021-07-24,0.25,0,baseline,quartile_tails,0.25,1.0
98243,44,2021-07-24,1.0,1,high,quartile_tails,0.25,1.0
98795,44,2021-07-24,1.0,1,high,quartile_tails,0.25,1.0
99108,44,2021-07-24,1.0,1,high,quartile_tails,0.25,1.0
99239,44,2021-07-24,0.25,0,baseline,quartile_tails,0.25,1.0
100201,44,2021-07-24,0.125,0,baseline,quartile_tails,0.25,1.0
102801,44,2021-07-24,0.0,0,baseline,quartile_tails,0.25,1.0
105153,44,2021-07-24,1.0,1,high,quartile_tails,0.25,1.0
107095,44,2021-07-24,1.0,1,high,quartile_tails,0.25,1.0
112193,44,2021-07-24,1.0,1,high,quartile_tails,0.25,1.0
113349,44,2021-07-24,1.0,1,high,quartile_tails,0.25,1.0
113493,44,2021-07-24,1.0,1,high,quartile_tails,0.25,1.0
113534,44,2021-07-24,0.0,0,baseline,quartile_tails,0.25,1.0
114972,44,2021-07-24,0.25,0,baseline,quartile_tails,0.25,1.0
115642,44,2021-07-24,0.0,0,baseline,quartile_tails,0.25,1.0
118248,44,2021-07-24,1.0,1,high,quartile_tails,0.25,1.0
118951,44,2021-07-24,0.0,0,baseline,quartile_tails,0.25,1.0
119118,44,2021-07-24,1.0,1,high,quartile_tails,0.25,1.0
119226,44,2021-07-24,0.0,0,baseline,quartile_tails,0.25,1.0
119728,44,2021-07-24,0.0,0,baseline,quartile_tails,0.25,1.0
120755,44,2021-07-24,0.0,0,baseline,quartile_tails,0.25,1.0
121947,44,2021-07-24,1.0,1,high,quartile_tails,0.25,1.0
123221,44,2021-07-24,0.0,0,baseline,quartile_tails,0.25,1.0
123861,44,2021-07-24,0.22916666666666666,0,baseline,quartile_tails,0.25,1.0
124777,44,2021-07-24,0.0,0,baseline,quartile_tails,0.25,1.0
124901,44,2021-07-24,0.0,0,baseline,quartile_tails,0.25,1.0
125105,44,2021-07-24,0.0,0,baseline,quartile_tails,0.25,1.0
125157,44,2021-07-24,1.0,1,high,quartile_tails,0.25,1.0
126468,44,2021-07-24,0.0,0,baseline,quartile_tails,0.25,1.0
130958,44,2021-07-24,1.0,1,high,quartile_tails,0.25,1.0
131499,44,2021-07-24,0.25,0,baseline,quartile_tails,0.25,1.0
132611,44,2021-07-24,1.0,1,high,quartile_tails,0.25,1.0
132908,44,2021-07-24,0.0,0,baseline,quartile_tails,0.25,1.0
136471,44,2021-07-24,1.0,1,high,quartile_tails,0.25,1.0
137291,44,2021-07-24,1.0,1,high,quartile_tails,0.25,1.0
137350,44,2021-07-24,0.0,0,baseline,quartile_tails,0.25,1.0
137814,44,2021-07-24,0.16666666666666666,0,baseline,quartile_tails,0.25,1.0
138475,44,2021-07-24,1.0,1,high,quartile_tails,0.25,1.0
138798,44,2021-07-24,1.0,1,high,quartile_tails,0.25,1.0
139316,44,2021-07-24,1.0,1,high,quartile_tails,0.25,1.0
139778,44,2021-07-24,0.0,0,baseline,quartile_tails,0.25,1.0
149775,44,2021-07-24,1.0,1,high,quartile_tails,0.25,1.0
155564,44,2021-07-24,0.16666666666666666,0,baseline,quartile_tails,0.25,1.0
155906,44,2021-07-24,0.14583333333333331,0,baseline,quartile_tails,0.25,1.0
160363,44,2021-07-24,1.0,1,high,quartile_tails,0.25,1.0
163634,44,2021-07-24,0.225,0,baseline,quartile_tails,0.25,1.0
166501,44,2021-07-24,1.0,1,high,quartile_tails,0.25,1.0
166774,44,2021-07-24,0.0,0,baseline,quartile_tails,0.25,1.0
168698,44,2021-07-24,0.0,0,baseline,quartile_tails,0.25,1.0
169098,44,2021-07-24,0.25,0,baseline,quartile_tails,0.25,1.0
170009,44,2021-07-24,1.0,1,high,quartile_tails,0.25,1.0
170505,44,2021-07-24,1.0,1,high,quartile_tails,0.25,1.0
172924,44,2021-07-24,1.0,1,high,quartile_tails,0.25,1.0
172953,44,2021-07-24,1.0,1,high,quartile_tails,0.25,1.0
172958,44,2021-07-24,0.25,0,baseline,quartile_tails,0.25,1.0
175423,44,2021-07-24,0.0,0,baseline,quartile_tails,0.25,1.0
178359,44,2021-07-24,1.0,1,high,quartile_tails,0.25,1.0
178574,44,2021-07-24,0.0,0,baseline,quartile_tails,0.25,1.0
180923,44,2021-07-24,0.25,0,baseline,quartile_tails,0.25,1.0
182322,44,2021-07-24,1.0,1,high,quartile_tails,0.25,1.0
183542,44,2021-07-24,0.0,0,baseline,quartile_tails,0.25,1.0
186453,44,2021-07-24,0.25,0,baseline,quartile_tails,0.25,1.0
193454,44,2021-07-24,0.16666666666666666,0,baseline,quartile_tails,0.25,1.0
195641,44,2021-07-24,0.25,0,baseline,quartile_tails,0.25,1.0
198026,44,2021-07-24,0.0,0,baseline,quartile_tails,0.25,1.0
199933,44,2021-07-24,1.0,1,high,quartile_tails,0.25,1.0
202518,44,2021-07-24,0.0,0,baseline,quartile_tails,0.25,1.0
204971,44,2021-07-24,1.0,1,high,quartile_tails,0.25,1.0
205018,44,2021-07-24,1.0,1,high,quartile_tails,0.25,1.0
205561,44,2021-07-24,1.0,1,high,quartile_tails,0.25,1.0
206948,44,2021-07-24,0.0,0,baseline,quartile_tails,0.25,1.0
215509,44,2021-07-24,1.0,1,high,quartile_tails,0.25,1.0
221256,44,2021-07-24,1.0,1,high,quartile_tails,0.25,1.0
222284,44,2021-07-24,0.0,0,baseline,quartile_tails,0.25,1.0
225712,44,2021-07-24,0.25,0,baseline,quartile_tails,0.25,1.0
226067,44,2021-07-24,1.0,1,high,quartile_tails,0.25,1.0
226170,44,2021-07-24,0.0,0,baseline,quartile_tails,0.25,1.0
231107,44,2021-07-24,1.0,1,high,quartile_tails,0.25,1.0
232725,44,2021-07-24,1.0,1,high,quartile_tails,0.25,1.0
232764,44,2021-07-24,0.0,0,baseline,quartile_tails,0.25,1.0
235284,44,2021-07-24,0.08333333333333333,0,baseline,quartile_tails,0.25,1.0
236222,44,2021-07-24,1.0,1,high,quartile_tails,0.25,1.0
237540,44,2021-07-24,0.0,0,baseline,quartile_tails,0.25,1.0
239389,44,2021-07-24,0.0,0,baseline,quartile_tails,0.25,1.0
240077,44,2021-07-24,0.2222222222222222,0,baseline,quartile_tails,0.25,1.0
241958,44,2021-07-24,0.0,0,baseline,quartile_tails,0.25,1.0
245646,44,2021-07-24,0.25,0,baseline,quartile_tails,0.25,1.0
246242,44,2021-07-24,0.25,0,baseline,quartile_tails,0.25,1.0
246568,44,2021-07-24,0.0,0,baseline,quartile_tails,0.25,1.0
250440,44,2021-07-24,1.0,1,high,quartile_tails,0.25,1.0
253761,44,2021-07-24,1.0,1,high,quartile_tails,0.25,1.0
259357,44,2021-07-24,0.125,0,baseline,quartile_tails,0.25,1.0
262843,44,2021-07-24,1.0,1,high,quartile_tails,0.25,1.0
263496,44,2021-07-24,0.1111111111111111,0,baseline,quartile_tails,0.25,1.0
264024,44,2021-07-24,0.0,0,baseline,quartile_tails,0.25,1.0
265970,44,2021-07-24,0.0,0,baseline,quartile_tails,0.25,1.0
267515,44,2021-07-24,0.0,0,baseline,quartile_tails,0.25,1.0
273336,44,2021-07-24,0.20833333333333331,0,baseline,quartile_tails,0.25,1.0
274206,44,2021-07-24,1.0,1,high,quartile_tails,0.25,1.0
274251,44,2021-07-24,1.0,1,high,quartile_tails,0.25,1.0
275563,44,2021-07-24,0.25,0,baseline,quartile_tails,0.25,1.0
278537,44,2021-07-24,0.0,0,baseline,quartile_tails,0.25,1.0
279077,44,2021-07-24,1.0,1,high,quartile_tails,0.25,1.0
279922,44,2021-07-24,0.16666666666666666,0,baseline,quartile_tails,0.25,1.0
279941,44,2021-07-24,1.0,1,high,quartile_tails,0.25,1.0
280387,44,2021-07-24,1.0,1,high,quartile_tails,0.25,1.0
281867,44,2021-07-24,1.0,1,high,quartile_tails,0.25,1.0
282819,44,2021-07-24,1.0,1,high,quartile_tails,0.25,1.0
283694,44,2021-07-24,0.225,0,baseline,quartile_tails,0.25,1.0
284840,44,2021-07-24,0.0,0,baseline,quartile_tails,0.25,1.0
284882,44,2021-07-24,0.25,0,baseline,quartile_tails,0.25,1.0
287980,44,2021-07-24,1.0,1,high,quartile_tails,0.25,1.0
292341,44,2021-07-24,1.0,1,high,quartile_tails,0.25,1.0
293606,44,2021-07-24,1.0,1,high,quartile_tails,0.25,1.0
293658,44,2021-07-24,1.0,1,high,quartile_tails,0.25,1.0
295711,44,2021-07-24,1.0,1,high,quartile_tails,0.25,1.0
296376,44,2021-07-24,0.0,0,baseline,quartile_tails,0.25,1.0
297388,44,2021-07-24,0.0,0,baseline,quartile_tails,0.25,1.0
298185,44,2021-07-24,1.0,1,high,quartile_tails,0.25,1.0
298714,44,2021-07-24,0.1111111111111111,0,baseline,quartile_tails,0.25,1.0
299755,44,2021-07-24,1.0,1,high,quartile_tails,0.25,1.0
300049,44,2021-07-24,0.16666666666666666,0,baseline,quartile_tails,0.25,1.0
310308,44,2021-07-24,0.0,0,baseline,quartile_tails,0.25,1.0
311230,44,2021-07-24,1.0,1,high,quartile_tails,0.25,1.0
314054,44,2021-07-24,1.0,1,high,quartile_tails,0.25,1.0
314850,44,2021-07-24,0.25,0,baseline,quartile_tails,0.25,1.0
315418,44,2021-07-24,1.0,1,high,quartile_tails,0.25,1.0
315646,44,2021-07-24,1.0,1,high,quartile_tails,0.25,1.0
315694,44,2021-07-24,0.0,0,baseline,quartile_tails,0.25,1.0
318316,44,2021-07-24,1.0,1,high,quartile_tails,0.25,1.0
319336,44,2021-07-24,1.0,1,high,quartile_tails,0.25,1.0
319925,44,2021-07-24,0.0,0,baseline,quartile_tails,0.25,1.0
327403,44,2021-07-24,0.0,0,baseline,quartile_tails,0.25,1.0
328293,44,2021-07-24,0.0,0,baseline,quartile_tails,0.25,1.0
330594,44,2021-07-24,0.0,0,baseline,quartile_tails,0.25,1.0
331629,44,2021-07-24,1.0,1,high,quartile_tails,0.25,1.0
335319,44,2021-07-24,0.0,0,baseline,quartile_tails,0.25,1.0
336157,44,2021-07-24,0.0,0,baseline,quartile_tails,0.25,1.0
337304,44,2021-07-24,0.16666666666666666,0,baseline,quartile_tails,0.25,1.0
339995,44,2021-07-24,1.0,1,high,quartile_tails,0.25,1.0
346927,44,2021-07-24,0.25,0,baseline,quartile_tails,0.25,1.0
347377,44,2021-07-24,0.0,0,baseline,quartile_tails,0.25,1.0
351649,44,2021-07-24,1.0,1,high,quartile_tails,0.25,1.0
353694,44,2021-07-24,1.0,1,high,quartile_tails,0.25,1.0
354289,44,2021-07-24,0.0,0,baseline,quartile_tails,0.25,1.0
354701,44,2021-07-24,0.0,0,baseline,quartile_tails,0.25,1.0
356405,44,2021-07-24,0.16666666666666666,0,baseline,quartile_tails,0.25,1.0
356822,44,2021-07-24,0.0,0,baseline,quartile_tails,0.25,1.0
357037,44,2021-07-24,1.0,1,high,quartile_tails,0.25,1.0
360078,44,2021-07-24,1.0,1,high,quartile_tails,0.25,1.0
360281,44,2021-07-24,0.0,0,baseline,quartile_tails,0.25,1.0
361682,44,2021-07-24,0.0,0,baseline,quartile_tails,0.25,1.0
364167,44,2021-07-24,0.25,0,baseline,quartile_tails,0.25,1.0
364972,44,2021-07-24,0.0,0,baseline,quartile_tails,0.25,1.0
365610,44,2021-07-24,0.125,0,baseline,quartile_tails,0.25,1.0
365649,44,2021-07-24,0.0,0,baseline,quartile_tails,0.25,1.0
366075,44,2021-07-24,0.0,0,baseline,quartile_tails,0.25,1.0
366386,44,2021-07-24,1.0,1,high,quartile_tails,0.25,1.0
367416,44,2021-07-24,0.0,0,baseline,quartile_tails,0.25,1.0
367967,44,2021-07-24,0.16666666666666666,0,baseline,quartile_tails,0.25,1.0
369729,44,2021-07-24,0.19444444444444442,0,baseline,quartile_tails,0.25,1.0
383132,44,2021-07-24,1.0,1,high,quartile_tails,0.25,1.0
383772,44,2021-07-24,1.0,1,high,quartile_tails,0.25,1.0
383839,44,2021-07-24,1.0,1,high,quartile_tails,0.25,1.0
384454,44,2021-07-24,0.0,0,baseline,quartile_tails,0.25,1.0
385875,44,2021-07-24,0.0,0,baseline,quartile_tails,0.25,1.0
387056,44,2021-07-24,0.0,0,baseline,quartile_tails,0.25,1.0
388988,44,2021-07-24,0.0,0,baseline,quartile_tails,0.25,1.0
390857,44,2021-07-24,0.25,0,baseline,quartile_tails,0.25,1.0
391477,44,2021-07-24,0.16666666666666666,0,baseline,quartile_tails,0.25,1.0
392304,44,2021-07-24,0.0,0,baseline,quartile_tails,0.25,1.0
392728,44,2021-07-24,0.0,0,baseline,quartile_tails,0.25,1.0
392795,44,2021-07-24,1.0,1,high,quartile_tails,0.25,1.0
393353,44,2021-07-24,0.0,0,baseline,quartile_tails,0.25,1.0
397023,44,2021-07-24,1.0,1,high,quartile_tails,0.25,1.0
401933,44,2021-07-24,0.25,0,baseline,quartile_tails,0.25,1.0
403593,44,2021-07-24,1.0,1,high,quartile_tails,0.25,1.0
404493,44,2021-07-24,1.0,1,high,quartile_tails,0.25,1.0
404649,44,2021-07-24,1.0,1,high,quartile_tails,0.25,1.0
404798,44,2021-07-24,0.25,0,baseline,quartile_tails,0.25,1.0
407666,44,2021-07-24,1.0,1,high,quartile_tails,0.25,1.0
409680,44,2021-07-24,0.0,0,baseline,quartile_tails,0.25,1.0
411672,44,2021-07-24,0.0,0,baseline,quartile_tails,0.25,1.0
412237,44,2021-07-24,0.20833333333333331,0,baseline,quartile_tails,0.25,1.0
412260,44,2021-07-24,1.0,1,high,quartile_tails,0.25,1.0
413241,44,2021-07-24,0.0,0,baseline,quartile_tails,0.25,1.0
415197,44,2021-07-24,0.0,0,baseline,quartile_tails,0.25,1.0
417185,44,2021-07-24,1.0,1,high,quartile_tails,0.25,1.0
417236,44,2021-07-24,1.0,1,high,quartile_tails,0.25,1.0
417382,44,2021-07-24,0.0,0,baseline,quartile_tails,0.25,1.0
420270,44,2021-07-24,0.0,0,baseline,quartile_tails,0.25,1.0
420878,44,2021-07-24,1.0,1,high,quartile_tails,0.25,1.0
420888,44,2021-07-24,0.08333333333333333,0,baseline,quartile_tails,0.25,1.0
422247,44,2021-07-24,1.0,1,high,quartile_tails,0.25,1.0
427511,44,2021-07-24,0.25,0,baseline,quartile_tails,0.25,1.0
428221,44,2021-07-24,0.16666666666666666,0,baseline,quartile_tails,0.25,1.0
428500,44,2021-07-24,0.25,0,baseline,quartile_tails,0.25,1.0
428905,44,2021-07-24,1.0,1,high,quartile_tails,0.25,1.0
429145,44,2021-07-24,1.0,1,high,quartile_tails,0.25,1.0
429739,44,2021-07-24,1.0,1,high,quartile_tails,0.25,1.0
433053,44,2021-07-24,0.0,0,baseline,quartile_tails,0.25,1.0
434046,44,2021-07-24,0.0,0,baseline,quartile_tails,0.25,1.0
434152,44,2021-07-24,0.25,0,baseline,quartile_tails,0.25,1.0
434654,44,2021-07-24,0.0,0,baseline,quartile_tails,0.25,1.0
434794,44,2021-07-24,1.0,1,high,quartile_tails,0.25,1.0
435023,44,2021-07-24,0.0,0,baseline,quartile_tails,0.25,1.0
437020,44,2021-07-24,0.0,0,baseline,quartile_tails,0.25,1.0
440424,44,2021-07-24,1.0,1,high,quartile_tails,0.25,1.0
441320,44,2021-07-24,1.0,1,high,quartile_tails,0.25,1.0
443513,44,2021-07-24,0.0,0,baseline,quartile_tails,0.25,1.0
444295,44,2021-07-24,0.16666666666666666,0,baseline,quartile_tails,0.25,1.0
448863,44,2021-07-24,1.0,1,high,quartile_tails,0.25,1.0
451500,44,2021-07-24,0.16666666666666666,0,baseline,quartile_tails,0.25,1.0
452800,44,2021-07-24,0.125,0,baseline,quartile_tails,0.25,1.0
457808,44,2021-07-24,0.25,0,baseline,quartile_tails,0.25,1.0
459686,44,2021-07-24,0.0,0,baseline,quartile_tails,0.25,1.0
462046,44,2021-07-24,0.0,0,baseline,quartile_tails,0.25,1.0
463744,44,2021-07-24,1.0,1,high,quartile_tails,0.25,1.0
464223,44,2021-07-24,0.25,0,baseline,quartile_tails,0.25,1.0
465182,44,2021-07-24,0.15,0,baseline,quartile_tails,0.25,1.0
466015,44,2021-07-24,0.25,0,baseline,quartile_tails,0.25,1.0
466803,44,2021-07-24,0.20833333333333331,0,baseline,quartile_tails,0.25,1.0
467310,44,2021-07-24,0.20833333333333331,0,baseline,quartile_tails,0.25,1.0
469971,44,2021-07-24,1.0,1,high,quartile_tails,0.25,1.0
470596,44,2021-07-24,0.0,0,baseline,quartile_tails,0.25,1.0
471139,44,2021-07-24,1.0,1,high,quartile_tails,0.25,1.0
473766,44,2021-07-24,1.0,1,high,quartile_tails,0.25,1.0
474045,44,2021-07-24,0.0,0,baseline,quartile_tails,0.25,1.0
476014,44,2021-07-24,1.0,1,high,quartile_tails,0.25,1.0
477875,44,2021-07-24,1.0,1,high,quartile_tails,0.25,1.0
482273,44,2021-07-24,1.0,1,high,quartile_tails,0.25,1.0
486062,44,2021-07-24,0.0,0,baseline,quartile_tails,0.25,1.0
491211,44,2021-07-24,0.0,0,baseline,quartile_tails,0.25,1.0
493403,44,2021-07-24,1.0,1,high,quartile_tails,0.25,1.0
493428,44,2021-07-24,1.0,1,high,quartile_tails,0.25,1.0
493568,44,2021-07-24,0.25,0,baseline,quartile_tails,0.25,1.0
496038,44,2021-07-24,1.0,1,high,quartile_tails,0.25,1.0
496417,44,2021-07-24,0.0,0,baseline,quartile_tails,0.25,1.0
498527,44,2021-07-24,0.0,0,baseline,quartile_tails,0.25,1.0
498817,44,2021-07-24,0.0,0,baseline,quartile_tails,0.25,1.0
499369,44,2021-07-24,1.0,1,high,quartile_tails,0.25,1.0
499453,44,2021-07-24,1.0,1,high,quartile_tails,0.25,1.0
499719,44,2021-07-24,0.0,0,baseline,quartile_tails,0.25,1.0
502842,44,2021-07-24,1.0,1,high,quartile_tails,0.25,1.0
504615,44,2021-07-24,0.0,0,baseline,quartile_tails,0.25,1.0
505744,44,2021-07-24,1.0,1,high,quartile_tails,0.25,1.0
507001,44,2021-07-24,0.16666666666666666,0,baseline,quartile_tails,0.25,1.0
508870,44,2021-07-24,0.125,0,baseline,quartile_tails,0.25,1.0
508983,44,2021-07-24,1.0,1,high,quartile_tails,0.25,1.0
509283,44,2021-07-24,0.0,0,baseline,quartile_tails,0.25,1.0
510127,44,2021-07-24,1.0,1,high,quartile_tails,0.25,1.0
511114,44,2021-07-24,0.16666666666666666,0,baseline,quartile_tails,0.25,1.0
511190,44,2021-07-24,1.0,1,high,quartile_tails,0.25,1.0
511801,44,2021-07-24,0.0,0,baseline,quartile_tails,0.25,1.0
511820,44,2021-07-24,1.0,1,high,quartile_tails,0.25,1.0
512424,44,2021-07-24,1.0,1,high,quartile_tails,0.25,1.0
512442,44,2021-07-24,1.0,1,high,quartile_tails,0.25,1.0
513182,44,2021-07-24,0.16666666666666666,0,baseline,quartile_tails,0.25,1.0
513519,44,2021-07-24,1.0,1,high,quartile_tails,0.25,1.0
514938,44,2021-07-24,1.0,1,high,quartile_tails,0.25,1.0
515550,44,2021-07-24,1.0,1,high,quartile_tails,0.25,1.0
515551,44,2021-07-24,0.0,0,baseline,quartile_tails,0.25,1.0
516013,44,2021-07-24,1.0,1,high,quartile_tails,0.25,1.0
516945,44,2021-07-24,1.0,1,high,quartile_tails,0.25,1.0
517108,44,2021-07-24,0.0,0,baseline,quartile_tails,0.25,1.0
517558,44,2021-07-24,1.0,1,high,quartile_tails,0.25,1.0
521997,44,2021-07-24,1.0,1,high,quartile_tails,0.25,1.0
523150,44,2021-07-24,1.0,1,high,quartile_tails,0.25,1.0
523954,44,2021-07-24,1.0,1,high,quartile_tails,0.25,1.0
524612,44,2021-07-24,1.0,1,high,quartile_tails,0.25,1.0
526960,44,2021-07-24,0.0,0,baseline,quartile_tails,0.25,1.0
528253,44,2021-07-24,1.0,1,high,quartile_tails,0.25,1.0
528371,44,2021-07-24,0.25,0,baseline,quartile_tails,0.25,1.0
531199,44,2021-07-24,0.0,0,baseline,quartile_tails,0.25,1.0
534277,44,2021-07-24,0.16666666666666666,0,baseline,quartile_tails,0.25,1.0
535991,44,2021-07-24,1.0,1,high,quartile_tails,0.25,1.0
536815,44,2021-07-24,1.0,1,high,quartile_tails,0.25,1.0
537650,44,2021-07-24,1.0,1,high,quartile_tails,0.25,1.0
541800,44,2021-07-24,1.0,1,high,quartile_tails,0.25,1.0
541851,44,2021-07-24,1.0,1,high,quartile_tails,0.25,1.0
543518,44,2021-07-24,0.25,0,baseline,quartile_tails,0.25,1.0
544070,44,2021-07-24,1.0,1,high,quartile_tails,0.25,1.0
545155,44,2021-07-24,0.25,0,baseline,quartile_tails,0.25,1.0
548922,44,2021-07-24,0.21666666666666667,0,baseline,quartile_tails,0.25,1.0
548972,44,2021-07-24,1.0,1,high,quartile_tails,0.25,1.0
549271,44,2021-07-24,0.0,0,baseline,quartile_tails,0.25,1.0
550289,44,2021-07-24,1.0,1,high,quartile_tails,0.25,1.0
551376,44,2021-07-24,1.0,1,high,quartile_tails,0.25,1.0
552028,44,2021-07-24,0.1,0,baseline,quartile_tails,0.25,1.0
552189,44,2021-07-24,1.0,1,high,quartile_tails,0.25,1.0
552862,44,2021-07-24,0.0,0,baseline,quartile_tails,0.25,1.0
555985,44,2021-07-24,1.0,1,high,quartile_tails,0.25,1.0
558369,44,2021-07-24,1.0,1,high,quartile_tails,0.25,1.0
559420,44,2021-07-24,1.0,1,high,quartile_tails,0.25,1.0
559613,44,2021-07-24,1.0,1,high,quartile_tails,0.25,1.0
559936,44,2021-07-24,1.0,1,high,quartile_tails,0.25,1.0
561359,44,2021-07-24,1.0,1,high,quartile_tails,0.25,1.0
561606,44,2021-07-24,0.0,0,baseline,quartile_tails,0.25,1.0
562158,44,2021-07-24,1.0,1,high,quartile_tails,0.25,1.0
562480,44,2021-07-24,1.0,1,high,quartile_tails,0.25,1.0
562654,44,2021-07-24,1.0,1,high,quartile_tails,0.25,1.0
563344,44,2021-07-24,0.0,0,baseline,quartile_tails,0.25,1.0
565100,44,2021-07-24,1.0,1,high,quartile_tails,0.25,1.0
565538,44,2021-07-24,0.0,0,baseline,quartile_tails,0.25,1.0
566768,44,2021-07-24,1.0,1,high,quartile_tails,0.25,1.0
567694,44,2021-07-24,1.0,1,high,quartile_tails,0.25,1.0
568436,44,2021-07-24,0.0,0,baseline,quartile_tails,0.25,1.0
570031,44,2021-07-24,1.0,1,high,quartile_tails,0.25,1.0
577861,44,2021-07-24,1.0,1,high,quartile_tails,0.25,1.0
578056,44,2021-07-24,0.16666666666666666,0,baseline,quartile_tails,0.25,1.0
578124,44,2021-07-24,1.0,1,high,quartile_tails,0.25,1.0
578500,44,2021-07-24,0.0,0,baseline,quartile_tails,0.25,1.0
579349,44,2021-07-24,1.0,1,high,quartile_tails,0.25,1.0
581083,44,2021-07-24,1.0,1,high,quartile_tails,0.25,1.0
581489,44,2021-07-24,1.0,1,high,quartile_tails,0.25,1.0
581713,44,2021-07-24,0.16666666666666666,0,baseline,quartile_tails,0.25,1.0
582219,44,2021-07-24,0.0,0,baseline,quartile_tails,0.25,1.0
582549,44,2021-07-24,1.0,1,high,quartile_tails,0.25,1.0
583180,44,2021-07-24,0.0,0,baseline,quartile_tails,0.25,1.0
584205,44,2021-07-24,1.0,1,high,quartile_tails,0.25,1.0
585266,44,2021-07-24,0.0,0,baseline,quartile_tails,0.25,1.0
586434,44,2021-07-24,0.1,0,baseline,quartile_tails,0.25,1.0
587726,44,2021-07-24,0.0,0,baseline,quartile_tails,0.25,1.0
588642,44,2021-07-24,0.2222222222222222,0,baseline,quartile_tails,0.25,1.0
591405,44,2021-07-24,1.0,1,high,quartile_tails,0.25,1.0
592686,44,2021-07-24,1.0,1,high,quartile_tails,0.25,1.0
594577,44,2021-07-24,1.0,1,high,quartile_tails,0.25,1.0
595100,44,2021-07-24,0.16666666666666666,0,baseline,quartile_tails,0.25,1.0
597044,44,2021-07-24,0.25,0,baseline,quartile_tails,0.25,1.0
599176,44,2021-07-24,0.0,0,baseline,quartile_tails,0.25,1.0
602426,44,2021-07-24,1.0,1,high,quartile_tails,0.25,1.0
603675,44,2021-07-24,0.0,0,baseline,quartile_tails,0.25,1.0
604086,44,2021-07-24,0.25,0,baseline,quartile_tails,0.25,1.0
605703,44,2021-07-24,0.0,0,baseline,quartile_tails,0.25,1.0
607182,44,2021-07-24,1.0,1,high,quartile_tails,0.25,1.0
607183,44,2021-07-24,0.0,0,baseline,quartile_tails,0.25,1.0
607211,44,2021-07-24,1.0,1,high,quartile_tails,0.25,1.0
609552,44,2021-07-24,1.0,1,high,quartile_tails,0.25,1.0
609945,44,2021-07-24,0.0,0,baseline,quartile_tails,0.25,1.0
610048,44,2021-07-24,0.25,0,baseline,quartile_tails,0.25,1.0
610785,44,2021-07-24,0.16666666666666666,0,baseline,quartile_tails,0.25,1.0
610786,44,2021-07-24,1.0,1,high,quartile_tails,0.25,1.0
610920,44,2021-07-24,1.0,1,high,quartile_tails,0.25,1.0
611122,44,2021-07-24,0.0,0,baseline,quartile_tails,0.25,1.0
611785,44,2021-07-24,0.0,0,baseline,quartile_tails,0.25,1.0
616478,44,2021-07-24,1.0,1,high,quartile_tails,0.25,1.0
618191,44,2021-07-24,0.0,0,baseline,quartile_tails,0.25,1.0
620131,44,2021-07-24,1.0,1,high,quartile_tails,0.25,1.0
620550,44,2021-07-24,1.0,1,high,quartile_tails,0.25,1.0
620858,44,2021-07-24,1.0,1,high,quartile_tails,0.25,1.0
621614,44,2021-07-24,1.0,1,high,quartile_tails,0.25,1.0
623836,44,2021-07-24,0.0,0,baseline,quartile_tails,0.25,1.0
623857,44,2021-07-24,1.0,1,high,quartile_tails,0.25,1.0
624513,44,2021-07-24,1.0,1,high,quartile_tails,0.25,1.0
625153,44,2021-07-24,0.25,0,baseline,quartile_tails,0.25,1.0
627148,44,2021-07-24,0.0,0,baseline,quartile_tails,0.25,1.0
627592,44,2021-07-24,1.0,1,high,quartile_tails,0.25,1.0
629547,44,2021-07-24,0.25,0,baseline,quartile_tails,0.25,1.0
631679,44,2021-07-24,1.0,1,high,quartile_tails,0.25,1.0
632165,44,2021-07-24,0.0,0,baseline,quartile_tails,0.25,1.0
632731,44,2021-07-24,1.0,1,high,quartile_tails,0.25,1.0
632928,44,2021-07-24,1.0,1,high,quartile_tails,0.25,1.0
633023,44,2021-07-24,0.25,0,baseline,quartile_tails,0.25,1.0
634360,44,2021-07-24,1.0,1,high,quartile_tails,0.25,1.0
637942,44,2021-07-24,0.24999999999999997,0,baseline,quartile_tails,0.25,1.0
638918,44,2021-07-24,1.0,1,high,quartile_tails,0.25,1.0
639436,44,2021-07-24,0.25,0,baseline,quartile_tails,0.25,1.0
642421,44,2021-07-24,1.0,1,high,quartile_tails,0.25,1.0
644034,44,2021-07-24,0.0,0,baseline,quartile_tails,0.25,1.0
646481,44,2021-07-24,0.25,0,baseline,quartile_tails,0.25,1.0
649481,44,2021-07-24,1.0,1,high,quartile_tails,0.25,1.0
650494,44,2021-07-24,0.0,0,baseline,quartile_tails,0.25,1.0
651449,44,2021-07-24,0.125,0,baseline,quartile_tails,0.25,1.0
651472,44,2021-07-24,0.0,0,baseline,quartile_tails,0.25,1.0
652875,44,2021-07-24,1.0,1,high,quartile_tails,0.25,1.0
653024,44,2021-07-24,0.0,0,baseline,quartile_tails,0.25,1.0
654213,44,2021-07-24,1.0,1,high,quartile_tails,0.25,1.0
655302,44,2021-07-24,0.25,0,baseline,quartile_tails,0.25,1.0
655483,44,2021-07-24,0.0,0,baseline,quartile_tails,0.25,1.0
655787,44,2021-07-24,0.125,0,baseline,quartile_tails,0.25,1.0
656540,44,2021-07-24,1.0,1,high,quartile_tails,0.25,1.0
657726,44,2021-07-24,1.0,1,high,quartile_tails,0.25,1.0
660189,44,2021-07-24,0.25,0,baseline,quartile_tails,0.25,1.0
662485,44,2021-07-24,1.0,1,high,quartile_tails,0.25,1.0
663942,44,2021-07-24,0.0,0,baseline,quartile_tails,0.25,1.0
664017,44,2021-07-24,0.0,0,baseline,quartile_tails,0.25,1.0
664296,44,2021-07-24,1.0,1,high,quartile_tails,0.25,1.0
664525,44,2021-07-24,1.0,1,high,quartile_tails,0.25,1.0
666256,44,2021-07-24,1.0,1,high,quartile_tails,0.25,1.0
666997,44,2021-07-24,1.0,1,high,quartile_tails,0.25,1.0
667022,44,2021-07-24,1.0,1,high,quartile_tails,0.25,1.0
673502,44,2021-07-24,1.0,1,high,quartile_tails,0.25,1.0
676108,44,2021-07-24,0.1111111111111111,0,baseline,quartile_tails,0.25,1.0
676276,44,2021-07-24,1.0,1,high,quartile_tails,0.25,1.0
677883,44,2021-07-24,0.0,0,baseline,quartile_tails,0.25,1.0
678632,44,2021-07-24,1.0,1,high,quartile_tails,0.25,1.0
680020,44,2021-07-24,0.0,0,baseline,quartile_tails,0.25,1.0
680399,44,2021-07-24,1.0,1,high,quartile_tails,0.25,1.0
681875,44,2021-07-24,1.0,1,high,quartile_tails,0.25,1.0
683317,44,2021-07-24,1.0,1,high,quartile_tails,0.25,1.0
684468,44,2021-07-24,0.23333333333333334,0,baseline,quartile_tails,0.25,1.0
686779,44,2021-07-24,0.0,0,baseline,quartile_tails,0.25,1.0
688354,44,2021-07-24,1.0,1,high,quartile_tails,0.25,1.0
688529,44,2021-07-24,0.0,0,baseline,quartile_tails,0.25,1.0
689086,44,2021-07-24,0.0,0,baseline,quartile_tails,0.25,1.0
689824,44,2021-07-24,0.0,0,baseline,quartile_tails,0.25,1.0
691501,44,2021-07-24,0.25,0,baseline,quartile_tails,0.25,1.0
691714,44,2021-07-24,1.0,1,high,quartile_tails,0.25,1.0
691743,44,2021-07-24,0.0,0,baseline,quartile_tails,0.25,1.0
695769,44,2021-07-24,0.225,0,baseline,quartile_tails,0.25,1.0
697583,44,2021-07-24,1.0,1,high,quartile_tails,0.25,1.0
701340,44,2021-07-24,0.0,0,baseline,quartile_tails,0.25,1.0
701591,44,2021-07-24,1.0,1,high,quartile_tails,0.25,1.0
701919,44,2021-07-24,0.16666666666666666,0,baseline,quartile_tails,0.25,1.0
702580,44,2021-07-24,0.0,0,baseline,quartile_tails,0.25,1.0
702740,44,2021-07-24,0.0,0,baseline,quartile_tails,0.25,1.0
703390,44,2021-07-24,0.0,0,baseline,quartile_tails,0.25,1.0
703948,44,2021-07-24,0.0,0,baseline,quartile_tails,0.25,1.0
704571,44,2021-07-24,1.0,1,high,quartile_tails,0.25,1.0
704823,44,2021-07-24,1.0,1,high,quartile_tails,0.25,1.0
704982,44,2021-07-24,0.08333333333333333,0,baseline,quartile_tails,0.25,1.0
706535,44,2021-07-24,0.14583333333333331,0,baseline,quartile_tails,0.25,1.0
706554,44,2021-07-24,0.0,0,baseline,quartile_tails,0.25,1.0
707130,44,2021-07-24,0.0,0,baseline,quartile_tails,0.25,1.0
707199,44,2021-07-24,1.0,1,high,quartile_tails,0.25,1.0
707201,44,2021-07-24,0.0,0,baseline,quartile_tails,0.25,1.0
707397,44,2021-07-24,0.16666666666666666,0,baseline,quartile_tails,0.25,1.0
708688,44,2021-07-24,0.0,0,baseline,quartile_tails,0.25,1.0
708860,44,2021-07-24,1.0,1,high,quartile_tails,0.25,1.0
709503,44,2021-07-24,1.0,1,high,quartile_tails,0.25,1.0
710865,44,2021-07-24,1.0,1,high,quartile_tails,0.25,1.0
711068,44,2021-07-24,1.0,1,high,quartile_tails,0.25,1.0
717301,44,2021-07-24,1.0,1,high,quartile_tails,0.25,1.0
717302,44,2021-07-24,1.0,1,high,quartile_tails,0.25,1.0
718752,44,2021-07-24,1.0,1,high,quartile_tails,0.25,1.0
719650,44,2021-07-24,0.0,0,baseline,quartile_tails,0.25,1.0
719651,44,2021-07-24,1.0,1,high,quartile_tails,0.25,1.0
720397,44,2021-07-24,1.0,1,high,quartile_tails,0.25,1.0
722139,44,2021-07-24,0.0,0,baseline,quartile_tails,0.25,1.0
722349,44,2021-07-24,1.0,1,high,quartile_tails,0.25,1.0
723690,44,2021-07-24,1.0,1,high,quartile_tails,0.25,1.0
723712,44,2021-07-24,0.0,0,baseline,quartile_tails,0.25,1.0
726086,44,2021-07-24,1.0,1,high,quartile_tails,0.25,1.0
727378,44,2021-07-24,0.15,0,baseline,quartile_tails,0.25,1.0
727703,44,2021-07-24,1.0,1,high,quartile_tails,0.25,1.0
728021,44,2021-07-24,0.0,0,baseline,quartile_tails,0.25,1.0
730061,44,2021-07-24,0.0,0,baseline,quartile_tails,0.25,1.0
730142,44,2021-07-24,0.0,0,baseline,quartile_tails,0.25,1.0
730377,44,2021-07-24,0.25,0,baseline,quartile_tails,0.25,1.0
731021,44,2021-07-24,1.0,1,high,quartile_tails,0.25,1.0
731048,44,2021-07-24,1.0,1,high,quartile_tails,0.25,1.0
732634,44,2021-07-24,0.16666666666666666,0,baseline,quartile_tails,0.25,1.0
734390,44,2021-07-24,0.16666666666666666,0,baseline,quartile_tails,0.25,1.0
734646,44,2021-07-24,1.0,1,high,quartile_tails,0.25,1.0
734880,44,2021-07-24,1.0,1,high,quartile_tails,0.25,1.0
734958,44,2021-07-24,0.0,0,baseline,quartile_tails,0.25,1.0
735775,44,2021-07-24,1.0,1,high,quartile_tails,0.25,1.0
735814,44,2021-07-24,1.0,1,high,quartile_tails,0.25,1.0
737339,44,2021-07-24,1.0,1,high,quartile_tails,0.25,1.0
737468,44,2021-07-24,1.0,1,high,quartile_tails,0.25,1.0
737689,44,2021-07-24,1.0,1,high,quartile_tails,0.25,1.0
739638,44,2021-07-24,0.0,0,baseline,quartile_tails,0.25,1.0
740826,44,2021-07-24,0.25,0,baseline,quartile_tails,0.25,1.0
741321,44,2021-07-24,0.0,0,baseline,quartile_tails,0.25,1.0
742386,44,2021-07-24,1.0,1,high,quartile_tails,0.25,1.0
742927,44,2021-07-24,1.0,1,high,quartile_tails,0.25,1.0
743086,44,2021-07-24,0.20833333333333331,0,baseline,quartile_tails,0.25,1.0
744113,44,2021-07-24,0.0,0,baseline,quartile_tails,0.25,1.0
744230,44,2021-07-24,0.125,0,baseline,quartile_tails,0.25,1.0
744296,44,2021-07-24,0.0,0,baseline,quartile_tails,0.25,1.0
744855,44,2021-07-24,1.0,1,high,quartile_tails,0.25,1.0
745082,44,2021-07-24,1.0,1,high,quartile_tails,0.25,1.0
747536,44,2021-07-24,0.25,0,baseline,quartile_tails,0.25,1.0
750958,44,2021-07-24,1.0,1,high,quartile_tails,0.25,1.0
752259,44,2021-07-24,0.16666666666666666,0,baseline,quartile_tails,0.25,1.0
752577,44,2021-07-24,0.16666666666666666,0,baseline,quartile_tails,0.25,1.0
754146,44,2021-07-24,1.0,1,high,quartile_tails,0.25,1.0
756852,44,2021-07-24,1.0,1,high,quartile_tails,0.25,1.0
756855,44,2021-07-24,1.0,1,high,quartile_tails,0.25,1.0
757257,44,2021-07-24,1.0,1,high,quartile_tails,0.25,1.0
759567,44,2021-07-24,1.0,1,high,quartile_tails,0.25,1.0
759639,44,2021-07-24,0.0,0,baseline,quartile_tails,0.25,1.0
760155,44,2021-07-24,1.0,1,high,quartile_tails,0.25,1.0
760992,44,2021-07-24,1.0,1,high,quartile_tails,0.25,1.0
761712,44,2021-07-24,1.0,1,high,quartile_tails,0.25,1.0
763101,44,2021-07-24,1.0,1,high,quartile_tails,0.25,1.0
764005,44,2021-07-24,0.16666666666666666,0,baseline,quartile_tails,0.25,1.0
764751,44,2021-07-24,1.0,1,high,quartile_tails,0.25,1.0
765880,44,2021-07-24,1.0,1,high,quartile_tails,0.25,1.0
767171,44,2021-07-24,0.0,0,baseline,quartile_tails,0.25,1.0
768623,44,2021-07-24,0.0,0,baseline,quartile_tails,0.25,1.0
769339,44,2021-07-24,0.0,0,baseline,quartile_tails,0.25,1.0
769792,44,2021-07-24,1.0,1,high,quartile_tails,0.25,1.0
769808,44,2021-07-24,1.0,1,high,quartile_tails,0.25,1.0
770822,44,2021-07-24,1.0,1,high,quartile_tails,0.25,1.0
770932,44,2021-07-24,0.25,0,baseline,quartile_tails,0.25,1.0
771475,44,2021-07-24,0.0,0,baseline,quartile_tails,0.25,1.0
772289,44,2021-07-24,1.0,1,high,quartile_tails,0.25,1.0
772390,44,2021-07-24,1.0,1,high,quartile_tails,0.25,1.0
772671,44,2021-07-24,1.0,1,high,quartile_tails,0.25,1.0
772851,44,2021-07-24,0.0,0,baseline,quartile_tails,0.25,1.0
775854,44,2021-07-24,0.0,0,baseline,quartile_tails,0.25,1.0
777543,44,2021-07-24,0.0,0,baseline,quartile_tails,0.25,1.0
778803,44,2021-07-24,0.0,0,baseline,quartile_tails,0.25,1.0
781112,44,2021-07-24,0.25,0,baseline,quartile_tails,0.25,1.0
781124,44,2021-07-24,1.0,1,high,quartile_tails,0.25,1.0
783453,44,2021-07-24,0.0,0,baseline,quartile_tails,0.25,1.0
784428,44,2021-07-24,0.0,0,baseline,quartile_tails,0.25,1.0
785210,44,2021-07-24,1.0,1,high,quartile_tails,0.25,1.0
792108,44,2021-07-24,0.0,0,baseline,quartile_tails,0.25,1.0
794583,44,2021-07-24,0.2222222222222222,0,baseline,quartile_tails,0.25,1.0
795942,44,2021-07-24,0.0,0,baseline,quartile_tails,0.25,1.0
798575,44,2021-07-24,0.0,0,baseline,quartile_tails,0.25,1.0
799599,44,2021-07-24,0.0,0,baseline,quartile_tails,0.25,1.0
799806,44,2021-07-24,0.2222222222222222,0,baseline,quartile_tails,0.25,1.0
801929,44,2021-07-24,0.25,0,baseline,quartile_tails,0.25,1.0
802090,44,2021-07-24,0.0,0,baseline,quartile_tails,0.25,1.0
802981,44,2021-07-24,1.0,1,high,quartile_tails,0.25,1.0
804199,44,2021-07-24,1.0,1,high,quartile_tails,0.25,1.0
805169,44,2021-07-24,1.0,1,high,quartile_tails,0.25,1.0
806361,44,2021-07-24,1.0,1,high,quartile_tails,0.25,1.0
809580,44,2021-07-24,0.0,0,baseline,quartile_tails,0.25,1.0
934,8,2021-05-27,1.0,1,high,quartile_tails,0.25,1.0
11867,8,2021-05-27,1.0,1,high,quartile_tails,0.25,1.0
14712,8,2021-05-27,0.0,0,baseline,quartile_tails,0.25,1.0
17560,8,2021-05-27,0.25,0,baseline,quartile_tails,0.25,1.0
22177,8,2021-05-27,1.0,1,high,quartile_tails,0.25,1.0
22317,8,2021-05-27,1.0,1,high,quartile_tails,0.25,1.0
24438,8,2021-05-27,1.0,1,high,quartile_tails,0.25,1.0
25676,8,2021-05-27,0.0,0,baseline,quartile_tails,0.25,1.0
25739,8,2021-05-27,0.24444444444444446,0,baseline,quartile_tails,0.25,1.0
27526,8,2021-05-27,0.0,0,baseline,quartile_tails,0.25,1.0
27598,8,2021-05-27,0.0,0,baseline,quartile_tails,0.25,1.0
32568,8,2021-05-27,0.0,0,baseline,quartile_tails,0.25,1.0
33227,8,2021-05-27,1.0,1,high,quartile_tails,0.25,1.0
38482,8,2021-05-27,1.0,1,high,quartile_tails,0.25,1.0
41839,8,2021-05-27,1.0,1,high,quartile_tails,0.25,1.0
42049,8,2021-05-27,0.0,0,baseline,quartile_tails,0.25,1.0
46035,8,2021-05-27,1.0,1,high,quartile_tails,0.25,1.0
49552,8,2021-05-27,0.1,0,baseline,quartile_tails,0.25,1.0
59944,8,2021-05-27,0.0,0,baseline,quartile_tails,0.25,1.0
59974,8,2021-05-27,0.0,0,baseline,quartile_tails,0.25,1.0
63931,8,2021-05-27,0.0,0,baseline,quartile_tails,0.25,1.0
70256,8,2021-05-27,1.0,1,high,quartile_tails,0.25,1.0
70718,8,2021-05-27,0.0,0,baseline,quartile_tails,0.25,1.0
71494,8,2021-05-27,0.0,0,baseline,quartile_tails,0.25,1.0
73821,8,2021-05-27,0.125,0,baseline,quartile_tails,0.25,1.0
79354,8,2021-05-27,0.16666666666666666,0,baseline,quartile_tails,0.25,1.0
79888,8,2021-05-27,0.25,0,baseline,quartile_tails,0.25,1.0
81175,8,2021-05-27,1.0,1,high,quartile_tails,0.25,1.0
81517,8,2021-05-27,0.0,0,baseline,quartile_tails,0.25,1.0
82089,8,2021-05-27,0.16666666666666666,0,baseline,quartile_tails,0.25,1.0
86528,8,2021-05-27,0.0,0,baseline,quartile_tails,0.25,1.0
88354,8,2021-05-27,1.0,1,high,quartile_tails,0.25,1.0
97677,8,2021-05-27,1.0,1,high,quartile_tails,0.25,1.0
98577,8,2021-05-27,0.125,0,baseline,quartile_tails,0.25,1.0
100879,8,2021-05-27,0.25,0,baseline,quartile_tails,0.25,1.0
104025,8,2021-05-27,1.0,1,high,quartile_tails,0.25,1.0
106781,8,2021-05-27,0.0,0,baseline,quartile_tails,0.25,1.0
107435,8,2021-05-27,0.25,0,baseline,quartile_tails,0.25,1.0
108654,8,2021-05-27,0.0,0,baseline,quartile_tails,0.25,1.0
110624,8,2021-05-27,0.0,0,baseline,quartile_tails,0.25,1.0
112733,8,2021-05-27,1.0,1,high,quartile_tails,0.25,1.0
113661,8,2021-05-27,1.0,1,high,quartile_tails,0.25,1.0
114301,8,2021-05-27,0.25,0,baseline,quartile_tails,0.25,1.0
118523,8,2021-05-27,0.0,0,baseline,quartile_tails,0.25,1.0
120122,8,2021-05-27,0.125,0,baseline,quartile_tails,0.25,1.0
122959,8,2021-05-27,1.0,1,high,quartile_tails,0.25,1.0
126123,8,2021-05-27,0.25,0,baseline,quartile_tails,0.25,1.0
127888,8,2021-05-27,1.0,1,high,quartile_tails,0.25,1.0
132932,8,2021-05-27,0.0,0,baseline,quartile_tails,0.25,1.0
137811,8,2021-05-27,0.25,0,baseline,quartile_tails,0.25,1.0
139869,8,2021-05-27,0.0,0,baseline,quartile_tails,0.25,1.0
142910,8,2021-05-27,1.0,1,high,quartile_tails,0.25,1.0
143266,8,2021-05-27,0.08333333333333333,0,baseline,quartile_tails,0.25,1.0
147344,8,2021-05-27,0.0,0,baseline,quartile_tails,0.25,1.0
149564,8,2021-05-27,0.0,0,baseline,quartile_tails,0.25,1.0
149709,8,2021-05-27,0.25,0,baseline,quartile_tails,0.25,1.0
149848,8,2021-05-27,1.0,1,high,quartile_tails,0.25,1.0
150374,8,2021-05-27,0.0,0,baseline,quartile_tails,0.25,1.0
153265,8,2021-05-27,1.0,1,high,quartile_tails,0.25,1.0
157256,8,2021-05-27,0.0,0,baseline,quartile_tails,0.25,1.0
158605,8,2021-05-27,1.0,1,high,quartile_tails,0.25,1.0
161410,8,2021-05-27,0.25,0,baseline,quartile_tails,0.25,1.0
164557,8,2021-05-27,0.125,0,baseline,quartile_tails,0.25,1.0
170397,8,2021-05-27,0.0,0,baseline,quartile_tails,0.25,1.0
170825,8,2021-05-27,1.0,1,high,quartile_tails,0.25,1.0
174520,8,2021-05-27,0.125,0,baseline,quartile_tails,0.25,1.0
175518,8,2021-05-27,0.0,0,baseline,quartile_tails,0.25,1.0
181156,8,2021-05-27,1.0,1,high,quartile_tails,0.25,1.0
181264,8,2021-05-27,1.0,1,high,quartile_tails,0.25,1.0
183006,8,2021-05-27,1.0,1,high,quartile_tails,0.25,1.0
185542,8,2021-05-27,1.0,1,high,quartile_tails,0.25,1.0
188158,8,2021-05-27,0.0,0,baseline,quartile_tails,0.25,1.0
190066,8,2021-05-27,1.0,1,high,quartile_tails,0.25,1.0
191376,8,2021-05-27,1.0,1,high,quartile_tails,0.25,1.0
194606,8,2021-05-27,1.0,1,high,quartile_tails,0.25,1.0
199666,8,2021-05-27,1.0,1,high,quartile_tails,0.25,1.0
200881,8,2021-05-27,1.0,1,high,quartile_tails,0.25,1.0
201532,8,2021-05-27,0.0,0,baseline,quartile_tails,0.25,1.0
210477,8,2021-05-27,0.0,0,baseline,quartile_tails,0.25,1.0
215764,8,2021-05-27,1.0,1,high,quartile_tails,0.25,1.0
216889,8,2021-05-27,0.0,0,baseline,quartile_tails,0.25,1.0
220698,8,2021-05-27,0.2222222222222222,0,baseline,quartile_tails,0.25,1.0
223848,8,2021-05-27,1.0,1,high,quartile_tails,0.25,1.0
226203,8,2021-05-27,0.0,0,baseline,quartile_tails,0.25,1.0
226421,8,2021-05-27,0.0,0,baseline,quartile_tails,0.25,1.0
226524,8,2021-05-27,0.14583333333333331,0,baseline,quartile_tails,0.25,1.0
226844,8,2021-05-27,1.0,1,high,quartile_tails,0.25,1.0
232111,8,2021-05-27,1.0,1,high,quartile_tails,0.25,1.0
237260,8,2021-05-27,0.0,0,baseline,quartile_tails,0.25,1.0
237344,8,2021-05-27,1.0,1,high,quartile_tails,0.25,1.0
243214,8,2021-05-27,1.0,1,high,quartile_tails,0.25,1.0
244404,8,2021-05-27,1.0,1,high,quartile_tails,0.25,1.0
245393,8,2021-05-27,0.0,0,baseline,quartile_tails,0.25,1.0
245761,8,2021-05-27,0.0,0,baseline,quartile_tails,0.25,1.0
247252,8,2021-05-27,0.0,0,baseline,quartile_tails,0.25,1.0
253461,8,2021-05-27,0.0,0,baseline,quartile_tails,0.25,1.0
258816,8,2021-05-27,0.0,0,baseline,quartile_tails,0.25,1.0
260040,8,2021-05-27,1.0,1,high,quartile_tails,0.25,1.0
263515,8,2021-05-27,1.0,1,high,quartile_tails,0.25,1.0
263688,8,2021-05-27,0.25,0,baseline,quartile_tails,0.25,1.0
263721,8,2021-05-27,0.0,0,baseline,quartile_tails,0.25,1.0
264158,8,2021-05-27,1.0,1,high,quartile_tails,0.25,1.0
264935,8,2021-05-27,1.0,1,high,quartile_tails,0.25,1.0
273115,8,2021-05-27,1.0,1,high,quartile_tails,0.25,1.0
273716,8,2021-05-27,0.25,0,baseline,quartile_tails,0.25,1.0
274088,8,2021-05-27,0.0,0,baseline,quartile_tails,0.25,1.0
275284,8,2021-05-27,1.0,1,high,quartile_tails,0.25,1.0
275665,8,2021-05-27,0.25,0,baseline,quartile_tails,0.25,1.0
277476,8,2021-05-27,1.0,1,high,quartile_tails,0.25,1.0
282172,8,2021-05-27,0.0,0,baseline,quartile_tails,0.25,1.0
286671,8,2021-05-27,1.0,1,high,quartile_tails,0.25,1.0
287998,8,2021-05-27,0.0,0,baseline,quartile_tails,0.25,1.0
289368,8,2021-05-27,0.25,0,baseline,quartile_tails,0.25,1.0
297632,8,2021-05-27,1.0,1,high,quartile_tails,0.25,1.0
298083,8,2021-05-27,0.0,0,baseline,quartile_tails,0.25,1.0
299631,8,2021-05-27,0.0,0,baseline,quartile_tails,0.25,1.0
309501,8,2021-05-27,1.0,1,high,quartile_tails,0.25,1.0
310872,8,2021-05-27,0.125,0,baseline,quartile_tails,0.25,1.0
311115,8,2021-05-27,0.25,0,baseline,quartile_tails,0.25,1.0
313582,8,2021-05-27,0.23333333333333334,0,baseline,quartile_tails,0.25,1.0
317139,8,2021-05-27,0.0,0,baseline,quartile_tails,0.25,1.0
320817,8,2021-05-27,0.0,0,baseline,quartile_tails,0.25,1.0
324576,8,2021-05-27,1.0,1,high,quartile_tails,0.25,1.0
325737,8,2021-05-27,0.0,0,baseline,quartile_tails,0.25,1.0
331496,8,2021-05-27,0.08333333333333333,0,baseline,quartile_tails,0.25,1.0
336759,8,2021-05-27,0.0,0,baseline,quartile_tails,0.25,1.0
340586,8,2021-05-27,1.0,1,high,quartile_tails,0.25,1.0
341153,8,2021-05-27,0.0,0,baseline,quartile_tails,0.25,1.0
342618,8,2021-05-27,0.0,0,baseline,quartile_tails,0.25,1.0
343104,8,2021-05-27,0.125,0,baseline,quartile_tails,0.25,1.0
344893,8,2021-05-27,1.0,1,high,quartile_tails,0.25,1.0
353359,8,2021-05-27,0.0,0,baseline,quartile_tails,0.25,1.0
353387,8,2021-05-27,0.0,0,baseline,quartile_tails,0.25,1.0
367275,8,2021-05-27,0.0,0,baseline,quartile_tails,0.25,1.0
369412,8,2021-05-27,0.0,0,baseline,quartile_tails,0.25,1.0
369788,8,2021-05-27,0.0,0,baseline,quartile_tails,0.25,1.0
376999,8,2021-05-27,0.0,0,baseline,quartile_tails,0.25,1.0
378401,8,2021-05-27,0.0,0,baseline,quartile_tails,0.25,1.0
378517,8,2021-05-27,0.16666666666666666,0,baseline,quartile_tails,0.25,1.0
383817,8,2021-05-27,1.0,1,high,quartile_tails,0.25,1.0
384509,8,2021-05-27,1.0,1,high,quartile_tails,0.25,1.0
387140,8,2021-05-27,1.0,1,high,quartile_tails,0.25,1.0
393661,8,2021-05-27,0.25,0,baseline,quartile_tails,0.25,1.0
397739,8,2021-05-27,1.0,1,high,quartile_tails,0.25,1.0
397845,8,2021-05-27,0.2222222222222222,0,baseline,quartile_tails,0.25,1.0
398901,8,2021-05-27,0.25,0,baseline,quartile_tails,0.25,1.0
400473,8,2021-05-27,1.0,1,high,quartile_tails,0.25,1.0
401968,8,2021-05-27,1.0,1,high,quartile_tails,0.25,1.0
405308,8,2021-05-27,1.0,1,high,quartile_tails,0.25,1.0
405883,8,2021-05-27,0.25,0,baseline,quartile_tails,0.25,1.0
409425,8,2021-05-27,0.0,0,baseline,quartile_tails,0.25,1.0
414116,8,2021-05-27,1.0,1,high,quartile_tails,0.25,1.0
416858,8,2021-05-27,0.0,0,baseline,quartile_tails,0.25,1.0
417490,8,2021-05-27,1.0,1,high,quartile_tails,0.25,1.0
417540,8,2021-05-27,0.0,0,baseline,quartile_tails,0.25,1.0
421281,8,2021-05-27,0.0,0,baseline,quartile_tails,0.25,1.0
425513,8,2021-05-27,0.0,0,baseline,quartile_tails,0.25,1.0
426899,8,2021-05-27,0.25,0,baseline,quartile_tails,0.25,1.0
429954,8,2021-05-27,1.0,1,high,quartile_tails,0.25,1.0
431615,8,2021-05-27,0.16666666666666666,0,baseline,quartile_tails,0.25,1.0
433896,8,2021-05-27,0.0,0,baseline,quartile_tails,0.25,1.0
433962,8,2021-05-27,1.0,1,high,quartile_tails,0.25,1.0
434189,8,2021-05-27,0.16666666666666666,0,baseline,quartile_tails,0.25,1.0
438678,8,2021-05-27,0.0,0,baseline,quartile_tails,0.25,1.0
438797,8,2021-05-27,0.0,0,baseline,quartile_tails,0.25,1.0
441049,8,2021-05-27,1.0,1,high,quartile_tails,0.25,1.0
445577,8,2021-05-27,0.25,0,baseline,quartile_tails,0.25,1.0
446688,8,2021-05-27,0.0,0,baseline,quartile_tails,0.25,1.0
452795,8,2021-05-27,0.25,0,baseline,quartile_tails,0.25,1.0
456179,8,2021-05-27,1.0,1,high,quartile_tails,0.25,1.0
461235,8,2021-05-27,0.25,0,baseline,quartile_tails,0.25,1.0
463130,8,2021-05-27,0.0,0,baseline,quartile_tails,0.25,1.0
467988,8,2021-05-27,1.0,1,high,quartile_tails,0.25,1.0
471606,8,2021-05-27,0.08333333333333333,0,baseline,quartile_tails,0.25,1.0
472605,8,2021-05-27,0.0,0,baseline,quartile_tails,0.25,1.0
475707,8,2021-05-27,0.0,0,baseline,quartile_tails,0.25,1.0
478569,8,2021-05-27,0.0,0,baseline,quartile_tails,0.25,1.0
479284,8,2021-05-27,1.0,1,high,quartile_tails,0.25,1.0
480412,8,2021-05-27,0.0,0,baseline,quartile_tails,0.25,1.0
482248,8,2021-05-27,0.0,0,baseline,quartile_tails,0.25,1.0
489145,8,2021-05-27,0.0,0,baseline,quartile_tails,0.25,1.0
490391,8,2021-05-27,0.0,0,baseline,quartile_tails,0.25,1.0
492520,8,2021-05-27,0.16666666666666666,0,baseline,quartile_tails,0.25,1.0
493455,8,2021-05-27,0.25,0,baseline,quartile_tails,0.25,1.0
501089,8,2021-05-27,0.0,0,baseline,quartile_tails,0.25,1.0
503550,8,2021-05-27,1.0,1,high,quartile_tails,0.25,1.0
504993,8,2021-05-27,1.0,1,high,quartile_tails,0.25,1.0
511852,8,2021-05-27,0.0,0,baseline,quartile_tails,0.25,1.0
516976,8,2021-05-27,0.125,0,baseline,quartile_tails,0.25,1.0
518696,8,2021-05-27,0.0,0,baseline,quartile_tails,0.25,1.0
527659,8,2021-05-27,0.0,0,baseline,quartile_tails,0.25,1.0
532446,8,2021-05-27,0.0,0,baseline,quartile_tails,0.25,1.0
534151,8,2021-05-27,1.0,1,high,quartile_tails,0.25,1.0
535440,8,2021-05-27,0.25,0,baseline,quartile_tails,0.25,1.0
536968,8,2021-05-27,1.0,1,high,quartile_tails,0.25,1.0
546903,8,2021-05-27,1.0,1,high,quartile_tails,0.25,1.0
547220,8,2021-05-27,0.0,0,baseline,quartile_tails,0.25,1.0
547917,8,2021-05-27,1.0,1,high,quartile_tails,0.25,1.0
549382,8,2021-05-27,0.0,0,baseline,quartile_tails,0.25,1.0
549890,8,2021-05-27,1.0,1,high,quartile_tails,0.25,1.0
549951,8,2021-05-27,0.0,0,baseline,quartile_tails,0.25,1.0
549971,8,2021-05-27,1.0,1,high,quartile_tails,0.25,1.0
551613,8,2021-05-27,1.0,1,high,quartile_tails,0.25,1.0
552614,8,2021-05-27,0.25,0,baseline,quartile_tails,0.25,1.0
554076,8,2021-05-27,1.0,1,high,quartile_tails,0.25,1.0
554767,8,2021-05-27,1.0,1,high,quartile_tails,0.25,1.0
556823,8,2021-05-27,0.0,0,baseline,quartile_tails,0.25,1.0
557916,8,2021-05-27,0.0,0,baseline,quartile_tails,0.25,1.0
564863,8,2021-05-27,0.25,0,baseline,quartile_tails,0.25,1.0
565615,8,2021-05-27,1.0,1,high,quartile_tails,0.25,1.0
575403,8,2021-05-27,0.25,0,baseline,quartile_tails,0.25,1.0
578550,8,2021-05-27,1.0,1,high,quartile_tails,0.25,1.0
581333,8,2021-05-27,0.0,0,baseline,quartile_tails,0.25,1.0
584977,8,2021-05-27,1.0,1,high,quartile_tails,0.25,1.0
585540,8,2021-05-27,1.0,1,high,quartile_tails,0.25,1.0
586696,8,2021-05-27,0.0,0,baseline,quartile_tails,0.25,1.0
598948,8,2021-05-27,0.14583333333333331,0,baseline,quartile_tails,0.25,1.0
601687,8,2021-05-27,0.0,0,baseline,quartile_tails,0.25,1.0
602291,8,2021-05-27,1.0,1,high,quartile_tails,0.25,1.0
602590,8,2021-05-27,0.125,0,baseline,quartile_tails,0.25,1.0
602758,8,2021-05-27,0.0,0,baseline,quartile_tails,0.25,1.0
604987,8,2021-05-27,0.125,0,baseline,quartile_tails,0.25,1.0
610652,8,2021-05-27,1.0,1,high,quartile_tails,0.25,1.0
612926,8,2021-05-27,0.16666666666666666,0,baseline,quartile_tails,0.25,1.0
615248,8,2021-05-27,0.25,0,baseline,quartile_tails,0.25,1.0
615305,8,2021-05-27,1.0,1,high,quartile_tails,0.25,1.0
619740,8,2021-05-27,1.0,1,high,quartile_tails,0.25,1.0
625776,8,2021-05-27,0.0,0,baseline,quartile_tails,0.25,1.0
626118,8,2021-05-27,1.0,1,high,quartile_tails,0.25,1.0
626764,8,2021-05-27,0.20833333333333331,0,baseline,quartile_tails,0.25,1.0
627208,8,2021-05-27,0.0,0,baseline,quartile_tails,0.25,1.0
628971,8,2021-05-27,0.16666666666666666,0,baseline,quartile_tails,0.25,1.0
633314,8,2021-05-27,1.0,1,high,quartile_tails,0.25,1.0
636012,8,2021-05-27,0.0,0,baseline,quartile_tails,0.25,1.0
636346,8,2021-05-27,1.0,1,high,quartile_tails,0.25,1.0
652868,8,2021-05-27,1.0,1,high,quartile_tails,0.25,1.0
654219,8,2021-05-27,0.25,0,baseline,quartile_tails,0.25,1.0
663078,8,2021-05-27,1.0,1,high,quartile_tails,0.25,1.0
666018,8,2021-05-27,0.0,0,baseline,quartile_tails,0.25,1.0
667913,8,2021-05-27,0.0,0,baseline,quartile_tails,0.25,1.0
670344,8,2021-05-27,1.0,1,high,quartile_tails,0.25,1.0
674121,8,2021-05-27,0.0,0,baseline,quartile_tails,0.25,1.0
677554,8,2021-05-27,1.0,1,high,quartile_tails,0.25,1.0
677652,8,2021-05-27,0.20833333333333331,0,baseline,quartile_tails,0.25,1.0
679909,8,2021-05-27,1.0,1,high,quartile_tails,0.25,1.0
681456,8,2021-05-27,0.0,0,baseline,quartile_tails,0.25,1.0
681936,8,2021-05-27,0.20833333333333331,0,baseline,quartile_tails,0.25,1.0
682891,8,2021-05-27,1.0,1,high,quartile_tails,0.25,1.0
684941,8,2021-05-27,0.25,0,baseline,quartile_tails,0.25,1.0
687909,8,2021-05-27,0.0,0,baseline,quartile_tails,0.25,1.0
694652,8,2021-05-27,0.0,0,baseline,quartile_tails,0.25,1.0
694878,8,2021-05-27,1.0,1,high,quartile_tails,0.25,1.0
695655,8,2021-05-27,1.0,1,high,quartile_tails,0.25,1.0
697792,8,2021-05-27,0.125,0,baseline,quartile_tails,0.25,1.0
699686,8,2021-05-27,1.0,1,high,quartile_tails,0.25,1.0
702467,8,2021-05-27,0.0,0,baseline,quartile_tails,0.25,1.0
704874,8,2021-05-27,1.0,1,high,quartile_tails,0.25,1.0
709645,8,2021-05-27,1.0,1,high,quartile_tails,0.25,1.0
711212,8,2021-05-27,0.25,0,baseline,quartile_tails,0.25,1.0
711873,8,2021-05-27,1.0,1,high,quartile_tails,0.25,1.0
712239,8,2021-05-27,1.0,1,high,quartile_tails,0.25,1.0
715231,8,2021-05-27,0.25,0,baseline,quartile_tails,0.25,1.0
717022,8,2021-05-27,1.0,1,high,quartile_tails,0.25,1.0
718848,8,2021-05-27,0.0,0,baseline,quartile_tails,0.25,1.0
724226,8,2021-05-27,0.0,0,baseline,quartile_tails,0.25,1.0
726903,8,2021-05-27,0.0,0,baseline,quartile_tails,0.25,1.0
727375,8,2021-05-27,0.14583333333333331,0,baseline,quartile_tails,0.25,1.0
728063,8,2021-05-27,1.0,1,high,quartile_tails,0.25,1.0
731071,8,2021-05-27,0.0,0,baseline,quartile_tails,0.25,1.0
734213,8,2021-05-27,0.1111111111111111,0,baseline,quartile_tails,0.25,1.0
737688,8,2021-05-27,0.25,0,baseline,quartile_tails,0.25,1.0
740569,8,2021-05-27,1.0,1,high,quartile_tails,0.25,1.0
741988,8,2021-05-27,0.0,0,baseline,quartile_tails,0.25,1.0
743007,8,2021-05-27,0.0,0,baseline,quartile_tails,0.25,1.0
745801,8,2021-05-27,0.0,0,baseline,quartile_tails,0.25,1.0
747262,8,2021-05-27,1.0,1,high,quartile_tails,0.25,1.0
748276,8,2021-05-27,1.0,1,high,quartile_tails,0.25,1.0
750096,8,2021-05-27,0.0,0,baseline,quartile_tails,0.25,1.0
750804,8,2021-05-27,0.0,0,baseline,quartile_tails,0.25,1.0
751059,8,2021-05-27,0.0,0,baseline,quartile_tails,0.25,1.0
754794,8,2021-05-27,1.0,1,high,quartile_tails,0.25,1.0
755129,8,2021-05-27,0.0,0,baseline,quartile_tails,0.25,1.0
757416,8,2021-05-27,1.0,1,high,quartile_tails,0.25,1.0
767722,8,2021-05-27,1.0,1,high,quartile_tails,0.25,1.0
770768,8,2021-05-27,0.0,0,baseline,quartile_tails,0.25,1.0
771021,8,2021-05-27,0.0,0,baseline,quartile_tails,0.25,1.0
773784,8,2021-05-27,0.0,0,baseline,quartile_tails,0.25,1.0
773872,8,2021-05-27,0.0,0,baseline,quartile_tails,0.25,1.0
774534,8,2021-05-27,1.0,1,high,quartile_tails,0.25,1.0
776959,8,2021-05-27,1.0,1,high,quartile_tails,0.25,1.0
783219,8,2021-05-27,1.0,1,high,quartile_tails,0.25,1.0
785367,8,2021-05-27,1.0,1,high,quartile_tails,0.25,1.0
786405,8,2021-05-27,1.0,1,high,quartile_tails,0.25,1.0
788532,8,2021-05-27,1.0,1,high,quartile_tails,0.25,1.0
790486,8,2021-05-27,1.0,1,high,quartile_tails,0.25,1.0
792821,8,2021-05-27,0.0,0,baseline,quartile_tails,0.25,1.0
792943,8,2021-05-27,1.0,1,high,quartile_tails,0.25,1.0
794098,8,2021-05-27,1.0,1,high,quartile_tails,0.25,1.0
794751,8,2021-05-27,1.0,1,high,quartile_tails,0.25,1.0
798331,8,2021-05-27,0.0,0,baseline,quartile_tails,0.25,1.0
798977,8,2021-05-27,0.0,0,baseline,quartile_tails,0.25,1.0
803009,8,2021-05-27,1.0,1,high,quartile_tails,0.25,1.0
806110,8,2021-05-27,1.0,1,high,quartile_tails,0.25,1.0
808098,8,2021-05-27,0.25,0,baseline,quartile_tails,0.25,1.0
1051,131,2021-08-29,1.0,1,high,quartile_tails,0.25,1.0
1795,131,2021-08-29,0.2222222222222222,0,baseline,quartile_tails,0.25,1.0
2582,131,2021-08-29,1.0,1,high,quartile_tails,0.25,1.0
2583,131,2021-08-29,1.0,1,high,quartile_tails,0.25,1.0
4539,131,2021-08-29,0.0,0,baseline,quartile_tails,0.25,1.0
6648,131,2021-08-29,1.0,1,high,quartile_tails,0.25,1.0
7119,131,2021-08-29,1.0,1,high,quartile_tails,0.25,1.0
12396,131,2021-08-29,1.0,1,high,quartile_tails,0.25,1.0
15456,131,2021-08-29,1.0,1,high,quartile_tails,0.25,1.0
15592,131,2021-08-29,0.0,0,baseline,quartile_tails,0.25,1.0
17794,131,2021-08-29,0.0,0,baseline,quartile_tails,0.25,1.0
17981,131,2021-08-29,1.0,1,high,quartile_tails,0.25,1.0
18067,131,2021-08-29,1.0,1,high,quartile_tails,0.25,1.0
18468,131,2021-08-29,0.20833333333333331,0,baseline,quartile_tails,0.25,1.0
19208,131,2021-08-29,0.0,0,baseline,quartile_tails,0.25,1.0
21727,131,2021-08-29,0.0,0,baseline,quartile_tails,0.25,1.0
24191,131,2021-08-29,1.0,1,high,quartile_tails,0.25,1.0
24752,131,2021-08-29,0.16666666666666666,0,baseline,quartile_tails,0.25,1.0
25376,131,2021-08-29,0.125,0,baseline,quartile_tails,0.25,1.0
25534,131,2021-08-29,0.0,0,baseline,quartile_tails,0.25,1.0
25594,131,2021-08-29,0.0,0,baseline,quartile_tails,0.25,1.0
26644,131,2021-08-29,1.0,1,high,quartile_tails,0.25,1.0
27341,131,2021-08-29,0.0,0,baseline,quartile_tails,0.25,1.0
27488,131,2021-08-29,0.125,0,baseline,quartile_tails,0.25,1.0
29680,131,2021-08-29,0.0,0,baseline,quartile_tails,0.25,1.0
29779,131,2021-08-29,0.25,0,baseline,quartile_tails,0.25,1.0
30054,131,2021-08-29,1.0,1,high,quartile_tails,0.25,1.0
30653,131,2021-08-29,0.25,0,baseline,quartile_tails,0.25,1.0
30925,131,2021-08-29,1.0,1,high,quartile_tails,0.25,1.0
31750,131,2021-08-29,0.0,0,baseline,quartile_tails,0.25,1.0
34092,131,2021-08-29,1.0,1,high,quartile_tails,0.25,1.0
34796,131,2021-08-29,0.1111111111111111,0,baseline,quartile_tails,0.25,1.0
35043,131,2021-08-29,0.25,0,baseline,quartile_tails,0.25,1.0
35050,131,2021-08-29,1.0,1,high,quartile_tails,0.25,1.0
35606,131,2021-08-29,0.0,0,baseline,quartile_tails,0.25,1.0
37147,131,2021-08-29,1.0,1,high,quartile_tails,0.25,1.0
37403,131,2021-08-29,0.0,0,baseline,quartile_tails,0.25,1.0
37486,131,2021-08-29,1.0,1,high,quartile_tails,0.25,1.0
41327,131,2021-08-29,0.0,0,baseline,quartile_tails,0.25,1.0
42966,131,2021-08-29,0.0,0,baseline,quartile_tails,0.25,1.0
43168,131,2021-08-29,1.0,1,high,quartile_tails,0.25,1.0
43495,131,2021-08-29,0.0,0,baseline,quartile_tails,0.25,1.0
43507,131,2021-08-29,1.0,1,high,quartile_tails,0.25,1.0
43546,131,2021-08-29,1.0,1,high,quartile_tails,0.25,1.0
44279,131,2021-08-29,1.0,1,high,quartile_tails,0.25,1.0
45542,131,2021-08-29,1.0,1,high,quartile_tails,0.25,1.0
45548,131,2021-08-29,0.0,0,baseline,quartile_tails,0.25,1.0
46146,131,2021-08-29,1.0,1,high,quartile_tails,0.25,1.0
46611,131,2021-08-29,1.0,1,high,quartile_tails,0.25,1.0
48405,131,2021-08-29,0.0,0,baseline,quartile_tails,0.25,1.0
49648,131,2021-08-29,0.0,0,baseline,quartile_tails,0.25,1.0
49898,131,2021-08-29,0.25,0,baseline,quartile_tails,0.25,1.0
50853,131,2021-08-29,1.0,1,high,quartile_tails,0.25,1.0
50867,131,2021-08-29,1.0,1,high,quartile_tails,0.25,1.0
50975,131,2021-08-29,1.0,1,high,quartile_tails,0.25,1.0
51275,131,2021-08-29,0.0,0,baseline,quartile_tails,0.25,1.0
51332,131,2021-08-29,0.16666666666666666,0,baseline,quartile_tails,0.25,1.0
51559,131,2021-08-29,0.25,0,baseline,quartile_tails,0.25,1.0
51991,131,2021-08-29,0.0,0,baseline,quartile_tails,0.25,1.0
53650,131,2021-08-29,0.0,0,baseline,quartile_tails,0.25,1.0
53835,131,2021-08-29,1.0,1,high,quartile_tails,0.25,1.0
54195,131,2021-08-29,0.0,0,baseline,quartile_tails,0.25,1.0
54335,131,2021-08-29,0.0,0,baseline,quartile_tails,0.25,1.0
57020,131,2021-08-29,0.08333333333333333,0,baseline,quartile_tails,0.25,1.0
60520,131,2021-08-29,1.0,1,high,quartile_tails,0.25,1.0
60533,131,2021-08-29,0.0,0,baseline,quartile_tails,0.25,1.0
61913,131,2021-08-29,0.0,0,baseline,quartile_tails,0.25,1.0
63125,131,2021-08-29,1.0,1,high,quartile_tails,0.25,1.0
64805,131,2021-08-29,0.0,0,baseline,quartile_tails,0.25,1.0
66234,131,2021-08-29,0.0,0,baseline,quartile_tails,0.25,1.0
66854,131,2021-08-29,1.0,1,high,quartile_tails,0.25,1.0
67501,131,2021-08-29,0.0,0,baseline,quartile_tails,0.25,1.0
68578,131,2021-08-29,1.0,1,high,quartile_tails,0.25,1.0
71233,131,2021-08-29,0.25,0,baseline,quartile_tails,0.25,1.0
71263,131,2021-08-29,0.0,0,baseline,quartile_tails,0.25,1.0
74045,131,2021-08-29,1.0,1,high,quartile_tails,0.25,1.0
75190,131,2021-08-29,0.0,0,baseline,quartile_tails,0.25,1.0
75407,131,2021-08-29,1.0,1,high,quartile_tails,0.25,1.0
76230,131,2021-08-29,0.25,0,baseline,quartile_tails,0.25,1.0
76897,131,2021-08-29,1.0,1,high,quartile_tails,0.25,1.0
76919,131,2021-08-29,1.0,1,high,quartile_tails,0.25,1.0
77049,131,2021-08-29,0.25,0,baseline,quartile_tails,0.25,1.0
78219,131,2021-08-29,0.0,0,baseline,quartile_tails,0.25,1.0
78924,131,2021-08-29,1.0,1,high,quartile_tails,0.25,1.0
83148,131,2021-08-29,0.19047619047619047,0,baseline,quartile_tails,0.25,1.0
83855,131,2021-08-29,0.0,0,baseline,quartile_tails,0.25,1.0
84261,131,2021-08-29,0.0,0,baseline,quartile_tails,0.25,1.0
85177,131,2021-08-29,0.125,0,baseline,quartile_tails,0.25,1.0
88039,131,2021-08-29,0.0,0,baseline,quartile_tails,0.25,1.0
88924,131,2021-08-29,1.0,1,high,quartile_tails,0.25,1.0
90454,131,2021-08-29,0.0,0,baseline,quartile_tails,0.25,1.0
91321,131,2021-08-29,0.0,0,baseline,quartile_tails,0.25,1.0
91945,131,2021-08-29,1.0,1,high,quartile_tails,0.25,1.0
93802,131,2021-08-29,0.0,0,baseline,quartile_tails,0.25,1.0
94016,131,2021-08-29,0.0,0,baseline,quartile_tails,0.25,1.0
94327,131,2021-08-29,1.0,1,high,quartile_tails,0.25,1.0
95301,131,2021-08-29,1.0,1,high,quartile_tails,0.25,1.0
95589,131,2021-08-29,0.0,0,baseline,quartile_tails,0.25,1.0
97104,131,2021-08-29,1.0,1,high,quartile_tails,0.25,1.0
97577,131,2021-08-29,1.0,1,high,quartile_tails,0.25,1.0
99049,131,2021-08-29,0.0,0,baseline,quartile_tails,0.25,1.0
99135,131,2021-08-29,0.16666666666666666,0,baseline,quartile_tails,0.25,1.0
99714,131,2021-08-29,0.0,0,baseline,quartile_tails,0.25,1.0
100862,131,2021-08-29,0.0,0,baseline,quartile_tails,0.25,1.0
102935,131,2021-08-29,0.0,0,baseline,quartile_tails,0.25,1.0
103471,131,2021-08-29,1.0,1,high,quartile_tails,0.25,1.0
105165,131,2021-08-29,1.0,1,high,quartile_tails,0.25,1.0
106484,131,2021-08-29,1.0,1,high,quartile_tails,0.25,1.0
107963,131,2021-08-29,1.0,1,high,quartile_tails,0.25,1.0
110201,131,2021-08-29,0.0,0,baseline,quartile_tails,0.25,1.0
111296,131,2021-08-29,0.25,0,baseline,quartile_tails,0.25,1.0
111620,131,2021-08-29,0.13333333333333333,0,baseline,quartile_tails,0.25,1.0
112029,131,2021-08-29,0.0,0,baseline,quartile_tails,0.25,1.0
113379,131,2021-08-29,1.0,1,high,quartile_tails,0.25,1.0
113408,131,2021-08-29,0.25,0,baseline,quartile_tails,0.25,1.0
113867,131,2021-08-29,0.0,0,baseline,quartile_tails,0.25,1.0
115646,131,2021-08-29,0.0,0,baseline,quartile_tails,0.25,1.0
117994,131,2021-08-29,1.0,1,high,quartile_tails,0.25,1.0
119183,131,2021-08-29,0.0,0,baseline,quartile_tails,0.25,1.0
119820,131,2021-08-29,0.0,0,baseline,quartile_tails,0.25,1.0
120337,131,2021-08-29,0.0,0,baseline,quartile_tails,0.25,1.0
120703,131,2021-08-29,1.0,1,high,quartile_tails,0.25,1.0
122305,131,2021-08-29,0.1111111111111111,0,baseline,quartile_tails,0.25,1.0
125695,131,2021-08-29,1.0,1,high,quartile_tails,0.25,1.0
127846,131,2021-08-29,0.25,0,baseline,quartile_tails,0.25,1.0
128079,131,2021-08-29,0.16875,0,baseline,quartile_tails,0.25,1.0
128318,131,2021-08-29,1.0,1,high,quartile_tails,0.25,1.0
129722,131,2021-08-29,0.0,0,baseline,quartile_tails,0.25,1.0
130246,131,2021-08-29,0.0,0,baseline,quartile_tails,0.25,1.0
131118,131,2021-08-29,0.125,0,baseline,quartile_tails,0.25,1.0
132021,131,2021-08-29,1.0,1,high,quartile_tails,0.25,1.0
132636,131,2021-08-29,0.0,0,baseline,quartile_tails,0.25,1.0
133187,131,2021-08-29,1.0,1,high,quartile_tails,0.25,1.0
134672,131,2021-08-29,0.0,0,baseline,quartile_tails,0.25,1.0
136459,131,2021-08-29,0.25,0,baseline,quartile_tails,0.25,1.0
138440,131,2021-08-29,0.0,0,baseline,quartile_tails,0.25,1.0
140463,131,2021-08-29,0.0,0,baseline,quartile_tails,0.25,1.0
141087,131,2021-08-29,1.0,1,high,quartile_tails,0.25,1.0
141481,131,2021-08-29,0.0,0,baseline,quartile_tails,0.25,1.0
142208,131,2021-08-29,0.2222222222222222,0,baseline,quartile_tails,0.25,1.0
142928,131,2021-08-29,0.0,0,baseline,quartile_tails,0.25,1.0
143003,131,2021-08-29,0.0,0,baseline,quartile_tails,0.25,1.0
143261,131,2021-08-29,1.0,1,high,quartile_tails,0.25,1.0
143961,131,2021-08-29,1.0,1,high,quartile_tails,0.25,1.0
145044,131,2021-08-29,1.0,1,high,quartile_tails,0.25,1.0
148054,131,2021-08-29,1.0,1,high,quartile_tails,0.25,1.0
148976,131,2021-08-29,1.0,1,high,quartile_tails,0.25,1.0
149197,131,2021-08-29,1.0,1,high,quartile_tails,0.25,1.0
149594,131,2021-08-29,0.0,0,baseline,quartile_tails,0.25,1.0
149731,131,2021-08-29,1.0,1,high,quartile_tails,0.25,1.0
150900,131,2021-08-29,0.0,0,baseline,quartile_tails,0.25,1.0
151284,131,2021-08-29,0.16666666666666666,0,baseline,quartile_tails,0.25,1.0
153771,131,2021-08-29,0.0,0,baseline,quartile_tails,0.25,1.0
154751,131,2021-08-29,1.0,1,high,quartile_tails,0.25,1.0
158085,131,2021-08-29,0.125,0,baseline,quartile_tails,0.25,1.0
159238,131,2021-08-29,0.0,0,baseline,quartile_tails,0.25,1.0
160553,131,2021-08-29,0.16666666666666666,0,baseline,quartile_tails,0.25,1.0
161066,131,2021-08-29,1.0,1,high,quartile_tails,0.25,1.0
161080,131,2021-08-29,1.0,1,high,quartile_tails,0.25,1.0
161215,131,2021-08-29,1.0,1,high,quartile_tails,0.25,1.0
162059,131,2021-08-29,1.0,1,high,quartile_tails,0.25,1.0
163907,131,2021-08-29,0.125,0,baseline,quartile_tails,0.25,1.0
164372,131,2021-08-29,1.0,1,high,quartile_tails,0.25,1.0
165409,131,2021-08-29,1.0,1,high,quartile_tails,0.25,1.0
165787,131,2021-08-29,1.0,1,high,quartile_tails,0.25,1.0
166266,131,2021-08-29,1.0,1,high,quartile_tails,0.25,1.0
166297,131,2021-08-29,1.0,1,high,quartile_tails,0.25,1.0
166748,131,2021-08-29,1.0,1,high,quartile_tails,0.25,1.0
167013,131,2021-08-29,1.0,1,high,quartile_tails,0.25,1.0
168733,131,2021-08-29,0.0,0,baseline,quartile_tails,0.25,1.0
169750,131,2021-08-29,0.0,0,baseline,quartile_tails,0.25,1.0
171130,131,2021-08-29,1.0,1,high,quartile_tails,0.25,1.0
173430,131,2021-08-29,0.0,0,baseline,quartile_tails,0.25,1.0
173553,131,2021-08-29,1.0,1,high,quartile_tails,0.25,1.0
174170,131,2021-08-29,0.0,0,baseline,quartile_tails,0.25,1.0
174843,131,2021-08-29,0.0,0,baseline,quartile_tails,0.25,1.0
175335,131,2021-08-29,1.0,1,high,quartile_tails,0.25,1.0
176066,131,2021-08-29,1.0,1,high,quartile_tails,0.25,1.0
176138,131,2021-08-29,1.0,1,high,quartile_tails,0.25,1.0
176448,131,2021-08-29,0.25,0,baseline,quartile_tails,0.25,1.0
177349,131,2021-08-29,1.0,1,high,quartile_tails,0.25,1.0
179065,131,2021-08-29,0.0,0,baseline,quartile_tails,0.25,1.0
179583,131,2021-08-29,1.0,1,high,quartile_tails,0.25,1.0
179881,131,2021-08-29,0.16666666666666666,0,baseline,quartile_tails,0.25,1.0
180517,131,2021-08-29,0.0,0,baseline,quartile_tails,0.25,1.0
181040,131,2021-08-29,0.0,0,baseline,quartile_tails,0.25,1.0
182742,131,2021-08-29,0.0,0,baseline,quartile_tails,0.25,1.0
183337,131,2021-08-29,0.0,0,baseline,quartile_tails,0.25,1.0
185578,131,2021-08-29,1.0,1,high,quartile_tails,0.25,1.0
186150,131,2021-08-29,1.0,1,high,quartile_tails,0.25,1.0
186300,131,2021-08-29,1.0,1,high,quartile_tails,0.25,1.0
186422,131,2021-08-29,1.0,1,high,quartile_tails,0.25,1.0
190419,131,2021-08-29,1.0,1,high,quartile_tails,0.25,1.0
191083,131,2021-08-29,1.0,1,high,quartile_tails,0.25,1.0
191120,131,2021-08-29,0.0,0,baseline,quartile_tails,0.25,1.0
191483,131,2021-08-29,0.25,0,baseline,quartile_tails,0.25,1.0
191517,131,2021-08-29,0.2222222222222222,0,baseline,quartile_tails,0.25,1.0
191945,131,2021-08-29,0.16666666666666666,0,baseline,quartile_tails,0.25,1.0
193108,131,2021-08-29,0.0,0,baseline,quartile_tails,0.25,1.0
193615,131,2021-08-29,0.25,0,baseline,quartile_tails,0.25,1.0
194040,131,2021-08-29,0.0,0,baseline,quartile_tails,0.25,1.0
196057,131,2021-08-29,1.0,1,high,quartile_tails,0.25,1.0
201213,131,2021-08-29,0.20833333333333331,0,baseline,quartile_tails,0.25,1.0
201597,131,2021-08-29,1.0,1,high,quartile_tails,0.25,1.0
202045,131,2021-08-29,1.0,1,high,quartile_tails,0.25,1.0
202163,131,2021-08-29,1.0,1,high,quartile_tails,0.25,1.0
206101,131,2021-08-29,0.0,0,baseline,quartile_tails,0.25,1.0
206419,131,2021-08-29,0.0,0,baseline,quartile_tails,0.25,1.0
206771,131,2021-08-29,0.22916666666666666,0,baseline,quartile_tails,0.25,1.0
207007,131,2021-08-29,0.0,0,baseline,quartile_tails,0.25,1.0
207173,131,2021-08-29,0.0,0,baseline,quartile_tails,0.25,1.0
207397,131,2021-08-29,0.0,0,baseline,quartile_tails,0.25,1.0
207611,131,2021-08-29,1.0,1,high,quartile_tails,0.25,1.0
207900,131,2021-08-29,1.0,1,high,quartile_tails,0.25,1.0
208709,131,2021-08-29,0.0,0,baseline,quartile_tails,0.25,1.0
209464,131,2021-08-29,1.0,1,high,quartile_tails,0.25,1.0
210219,131,2021-08-29,1.0,1,high,quartile_tails,0.25,1.0
210562,131,2021-08-29,1.0,1,high,quartile_tails,0.25,1.0
213678,131,2021-08-29,0.0,0,baseline,quartile_tails,0.25,1.0
214352,131,2021-08-29,0.0,0,baseline,quartile_tails,0.25,1.0
214910,131,2021-08-29,0.2222222222222222,0,baseline,quartile_tails,0.25,1.0
215707,131,2021-08-29,0.0,0,baseline,quartile_tails,0.25,1.0
216217,131,2021-08-29,1.0,1,high,quartile_tails,0.25,1.0
216917,131,2021-08-29,0.0,0,baseline,quartile_tails,0.25,1.0
217582,131,2021-08-29,0.0,0,baseline,quartile_tails,0.25,1.0
221337,131,2021-08-29,1.0,1,high,quartile_tails,0.25,1.0
225250,131,2021-08-29,0.25,0,baseline,quartile_tails,0.25,1.0
225716,131,2021-08-29,1.0,1,high,quartile_tails,0.25,1.0
226426,131,2021-08-29,1.0,1,high,quartile_tails,0.25,1.0
226904,131,2021-08-29,0.16666666666666666,0,baseline,quartile_tails,0.25,1.0
227001,131,2021-08-29,0.0,0,baseline,quartile_tails,0.25,1.0
228752,131,2021-08-29,0.0,0,baseline,quartile_tails,0.25,1.0
229395,131,2021-08-29,1.0,1,high,quartile_tails,0.25,1.0
229558,131,2021-08-29,0.0,0,baseline,quartile_tails,0.25,1.0
230850,131,2021-08-29,0.2222222222222222,0,baseline,quartile_tails,0.25,1.0
233763,131,2021-08-29,0.0,0,baseline,quartile_tails,0.25,1.0
235127,131,2021-08-29,1.0,1,high,quartile_tails,0.25,1.0
235732,131,2021-08-29,0.0,0,baseline,quartile_tails,0.25,1.0
237593,131,2021-08-29,0.0,0,baseline,quartile_tails,0.25,1.0
238595,131,2021-08-29,1.0,1,high,quartile_tails,0.25,1.0
239964,131,2021-08-29,0.0,0,baseline,quartile_tails,0.25,1.0
241878,131,2021-08-29,1.0,1,high,quartile_tails,0.25,1.0
243147,131,2021-08-29,0.16666666666666666,0,baseline,quartile_tails,0.25,1.0
243860,131,2021-08-29,1.0,1,high,quartile_tails,0.25,1.0
244364,131,2021-08-29,0.0,0,baseline,quartile_tails,0.25,1.0
245516,131,2021-08-29,0.125,0,baseline,quartile_tails,0.25,1.0
245593,131,2021-08-29,0.0,0,baseline,quartile_tails,0.25,1.0
245606,131,2021-08-29,1.0,1,high,quartile_tails,0.25,1.0
245725,131,2021-08-29,0.16666666666666666,0,baseline,quartile_tails,0.25,1.0
246367,131,2021-08-29,0.0,0,baseline,quartile_tails,0.25,1.0
249181,131,2021-08-29,0.0,0,baseline,quartile_tails,0.25,1.0
251165,131,2021-08-29,0.0,0,baseline,quartile_tails,0.25,1.0
251544,131,2021-08-29,1.0,1,high,quartile_tails,0.25,1.0
252250,131,2021-08-29,0.2222222222222222,0,baseline,quartile_tails,0.25,1.0
252329,131,2021-08-29,1.0,1,high,quartile_tails,0.25,1.0
255632,131,2021-08-29,0.16666666666666666,0,baseline,quartile_tails,0.25,1.0
256613,131,2021-08-29,1.0,1,high,quartile_tails,0.25,1.0
257612,131,2021-08-29,1.0,1,high,quartile_tails,0.25,1.0
257656,131,2021-08-29,0.0,0,baseline,quartile_tails,0.25,1.0
261418,131,2021-08-29,0.0,0,baseline,quartile_tails,0.25,1.0
263103,131,2021-08-29,1.0,1,high,quartile_tails,0.25,1.0
264972,131,2021-08-29,0.16666666666666666,0,baseline,quartile_tails,0.25,1.0
267181,131,2021-08-29,1.0,1,high,quartile_tails,0.25,1.0
267553,131,2021-08-29,0.0,0,baseline,quartile_tails,0.25,1.0
267811,131,2021-08-29,0.25,0,baseline,quartile_tails,0.25,1.0
269818,131,2021-08-29,0.0,0,baseline,quartile_tails,0.25,1.0
270554,131,2021-08-29,0.0,0,baseline,quartile_tails,0.25,1.0
271084,131,2021-08-29,1.0,1,high,quartile_tails,0.25,1.0
271574,131,2021-08-29,0.25,0,baseline,quartile_tails,0.25,1.0
272255,131,2021-08-29,1.0,1,high,quartile_tails,0.25,1.0
275487,131,2021-08-29,0.0,0,baseline,quartile_tails,0.25,1.0
276054,131,2021-08-29,1.0,1,high,quartile_tails,0.25,1.0
276194,131,2021-08-29,0.0,0,baseline,quartile_tails,0.25,1.0
278522,131,2021-08-29,0.0,0,baseline,quartile_tails,0.25,1.0
281071,131,2021-08-29,0.0,0,baseline,quartile_tails,0.25,1.0
282443,131,2021-08-29,0.25,0,baseline,quartile_tails,0.25,1.0
283154,131,2021-08-29,0.14583333333333331,0,baseline,quartile_tails,0.25,1.0
286681,131,2021-08-29,1.0,1,high,quartile_tails,0.25,1.0
287914,131,2021-08-29,0.0,0,baseline,quartile_tails,0.25,1.0
288781,131,2021-08-29,1.0,1,high,quartile_tails,0.25,1.0
289795,131,2021-08-29,0.0,0,baseline,quartile_tails,0.25,1.0
291508,131,2021-08-29,0.0,0,baseline,quartile_tails,0.25,1.0
291767,131,2021-08-29,0.16666666666666666,0,baseline,quartile_tails,0.25,1.0
291917,131,2021-08-29,0.0,0,baseline,quartile_tails,0.25,1.0
293029,131,2021-08-29,1.0,1,high,quartile_tails,0.25,1.0
294381,131,2021-08-29,1.0,1,high,quartile_tails,0.25,1.0
297267,131,2021-08-29,0.0,0,baseline,quartile_tails,0.25,1.0
297515,131,2021-08-29,1.0,1,high,quartile_tails,0.25,1.0
298015,131,2021-08-29,0.0,0,baseline,quartile_tails,0.25,1.0
298781,131,2021-08-29,0.1,0,baseline,quartile_tails,0.25,1.0
301189,131,2021-08-29,1.0,1,high,quartile_tails,0.25,1.0
301754,131,2021-08-29,0.0,0,baseline,quartile_tails,0.25,1.0
302032,131,2021-08-29,0.0,0,baseline,quartile_tails,0.25,1.0
302408,131,2021-08-29,1.0,1,high,quartile_tails,0.25,1.0
304759,131,2021-08-29,0.125,0,baseline,quartile_tails,0.25,1.0
305757,131,2021-08-29,0.125,0,baseline,quartile_tails,0.25,1.0
306921,131,2021-08-29,0.0,0,baseline,quartile_tails,0.25,1.0
308392,131,2021-08-29,0.0,0,baseline,quartile_tails,0.25,1.0
312089,131,2021-08-29,1.0,1,high,quartile_tails,0.25,1.0
312441,131,2021-08-29,0.25,0,baseline,quartile_tails,0.25,1.0
314875,131,2021-08-29,1.0,1,high,quartile_tails,0.25,1.0
317537,131,2021-08-29,0.0,0,baseline,quartile_tails,0.25,1.0
318165,131,2021-08-29,0.25,0,baseline,quartile_tails,0.25,1.0
320421,131,2021-08-29,1.0,1,high,quartile_tails,0.25,1.0
320548,131,2021-08-29,1.0,1,high,quartile_tails,0.25,1.0
323264,131,2021-08-29,0.0,0,baseline,quartile_tails,0.25,1.0
324603,131,2021-08-29,0.25,0,baseline,quartile_tails,0.25,1.0
325395,131,2021-08-29,0.0,0,baseline,quartile_tails,0.25,1.0
326769,131,2021-08-29,0.0,0,baseline,quartile_tails,0.25,1.0
328120,131,2021-08-29,0.0,0,baseline,quartile_tails,0.25,1.0
329714,131,2021-08-29,1.0,1,high,quartile_tails,0.25,1.0
330053,131,2021-08-29,0.0,0,baseline,quartile_tails,0.25,1.0
330112,131,2021-08-29,0.25,0,baseline,quartile_tails,0.25,1.0
330963,131,2021-08-29,1.0,1,high,quartile_tails,0.25,1.0
331623,131,2021-08-29,0.2222222222222222,0,baseline,quartile_tails,0.25,1.0
331946,131,2021-08-29,1.0,1,high,quartile_tails,0.25,1.0
333165,131,2021-08-29,1.0,1,high,quartile_tails,0.25,1.0
334940,131,2021-08-29,0.0,0,baseline,quartile_tails,0.25,1.0
335196,131,2021-08-29,1.0,1,high,quartile_tails,0.25,1.0
336081,131,2021-08-29,0.0,0,baseline,quartile_tails,0.25,1.0
336125,131,2021-08-29,1.0,1,high,quartile_tails,0.25,1.0
338599,131,2021-08-29,1.0,1,high,quartile_tails,0.25,1.0
339514,131,2021-08-29,1.0,1,high,quartile_tails,0.25,1.0
339964,131,2021-08-29,0.0,0,baseline,quartile_tails,0.25,1.0
340852,131,2021-08-29,0.0,0,baseline,quartile_tails,0.25,1.0
342332,131,2021-08-29,1.0,1,high,quartile_tails,0.25,1.0
344787,131,2021-08-29,0.25,0,baseline,quartile_tails,0.25,1.0
345467,131,2021-08-29,1.0,1,high,quartile_tails,0.25,1.0
346388,131,2021-08-29,0.25,0,baseline,quartile_tails,0.25,1.0
347430,131,2021-08-29,0.25,0,baseline,quartile_tails,0.25,1.0
347739,131,2021-08-29,0.20833333333333331,0,baseline,quartile_tails,0.25,1.0
348165,131,2021-08-29,1.0,1,high,quartile_tails,0.25,1.0
348999,131,2021-08-29,0.0,0,baseline,quartile_tails,0.25,1.0
349916,131,2021-08-29,0.0,0,baseline,quartile_tails,0.25,1.0
350472,131,2021-08-29,0.0,0,baseline,quartile_tails,0.25,1.0
350876,131,2021-08-29,1.0,1,high,quartile_tails,0.25,1.0
351224,131,2021-08-29,0.0,0,baseline,quartile_tails,0.25,1.0
353007,131,2021-08-29,0.0,0,baseline,quartile_tails,0.25,1.0
353581,131,2021-08-29,0.16666666666666666,0,baseline,quartile_tails,0.25,1.0
353889,131,2021-08-29,0.0,0,baseline,quartile_tails,0.25,1.0
354114,131,2021-08-29,0.25,0,baseline,quartile_tails,0.25,1.0
355382,131,2021-08-29,0.25,0,baseline,quartile_tails,0.25,1.0
356517,131,2021-08-29,0.16666666666666666,0,baseline,quartile_tails,0.25,1.0
356989,131,2021-08-29,1.0,1,high,quartile_tails,0.25,1.0
358905,131,2021-08-29,0.25,0,baseline,quartile_tails,0.25,1.0
358967,131,2021-08-29,1.0,1,high,quartile_tails,0.25,1.0
359478,131,2021-08-29,1.0,1,high,quartile_tails,0.25,1.0
360182,131,2021-08-29,0.0,0,baseline,quartile_tails,0.25,1.0
360439,131,2021-08-29,1.0,1,high,quartile_tails,0.25,1.0
361688,131,2021-08-29,0.0,0,baseline,quartile_tails,0.25,1.0
362239,131,2021-08-29,0.0,0,baseline,quartile_tails,0.25,1.0
362714,131,2021-08-29,0.0,0,baseline,quartile_tails,0.25,1.0
366657,131,2021-08-29,0.0,0,baseline,quartile_tails,0.25,1.0
369405,131,2021-08-29,1.0,1,high,quartile_tails,0.25,1.0
369876,131,2021-08-29,1.0,1,high,quartile_tails,0.25,1.0
374488,131,2021-08-29,1.0,1,high,quartile_tails,0.25,1.0
374777,131,2021-08-29,1.0,1,high,quartile_tails,0.25,1.0
377567,131,2021-08-29,1.0,1,high,quartile_tails,0.25,1.0
378282,131,2021-08-29,0.0,0,baseline,quartile_tails,0.25,1.0
380416,131,2021-08-29,0.0,0,baseline,quartile_tails,0.25,1.0
382603,131,2021-08-29,1.0,1,high,quartile_tails,0.25,1.0
383155,131,2021-08-29,0.0,0,baseline,quartile_tails,0.25,1.0
384522,131,2021-08-29,0.25,0,baseline,quartile_tails,0.25,1.0
384585,131,2021-08-29,0.1875,0,baseline,quartile_tails,0.25,1.0
386949,131,2021-08-29,0.0,0,baseline,quartile_tails,0.25,1.0
388616,131,2021-08-29,1.0,1,high,quartile_tails,0.25,1.0
390619,131,2021-08-29,0.0,0,baseline,quartile_tails,0.25,1.0
391442,131,2021-08-29,0.0,0,baseline,quartile_tails,0.25,1.0
391705,131,2021-08-29,1.0,1,high,quartile_tails,0.25,1.0
391708,131,2021-08-29,1.0,1,high,quartile_tails,0.25,1.0
392472,131,2021-08-29,1.0,1,high,quartile_tails,0.25,1.0
393000,131,2021-08-29,1.0,1,high,quartile_tails,0.25,1.0
393326,131,2021-08-29,0.0,0,baseline,quartile_tails,0.25,1.0
394798,131,2021-08-29,0.0,0,baseline,quartile_tails,0.25,1.0
396411,131,2021-08-29,1.0,1,high,quartile_tails,0.25,1.0
400590,131,2021-08-29,0.0,0,baseline,quartile_tails,0.25,1.0
400600,131,2021-08-29,0.0,0,baseline,quartile_tails,0.25,1.0
400754,131,2021-08-29,1.0,1,high,quartile_tails,0.25,1.0
401430,131,2021-08-29,1.0,1,high,quartile_tails,0.25,1.0
403491,131,2021-08-29,0.25,0,baseline,quartile_tails,0.25,1.0
406995,131,2021-08-29,0.0,0,baseline,quartile_tails,0.25,1.0
407710,131,2021-08-29,1.0,1,high,quartile_tails,0.25,1.0
408316,131,2021-08-29,1.0,1,high,quartile_tails,0.25,1.0
410245,131,2021-08-29,1.0,1,high,quartile_tails,0.25,1.0
410419,131,2021-08-29,0.2375,0,baseline,quartile_tails,0.25,1.0
410824,131,2021-08-29,0.0,0,baseline,quartile_tails,0.25,1.0
411274,131,2021-08-29,0.0,0,baseline,quartile_tails,0.25,1.0
413377,131,2021-08-29,0.125,0,baseline,quartile_tails,0.25,1.0
413559,131,2021-08-29,0.0,0,baseline,quartile_tails,0.25,1.0
415456,131,2021-08-29,1.0,1,high,quartile_tails,0.25,1.0
415935,131,2021-08-29,0.25,0,baseline,quartile_tails,0.25,1.0
417214,131,2021-08-29,0.0,0,baseline,quartile_tails,0.25,1.0
417868,131,2021-08-29,0.0,0,baseline,quartile_tails,0.25,1.0
418512,131,2021-08-29,1.0,1,high,quartile_tails,0.25,1.0
418976,131,2021-08-29,1.0,1,high,quartile_tails,0.25,1.0
419419,131,2021-08-29,1.0,1,high,quartile_tails,0.25,1.0
419784,131,2021-08-29,1.0,1,high,quartile_tails,0.25,1.0
423420,131,2021-08-29,0.16666666666666666,0,baseline,quartile_tails,0.25,1.0
423482,131,2021-08-29,1.0,1,high,quartile_tails,0.25,1.0
424169,131,2021-08-29,0.0,0,baseline,quartile_tails,0.25,1.0
424324,131,2021-08-29,1.0,1,high,quartile_tails,0.25,1.0
432148,131,2021-08-29,0.0,0,baseline,quartile_tails,0.25,1.0
432957,131,2021-08-29,0.0,0,baseline,quartile_tails,0.25,1.0
434096,131,2021-08-29,1.0,1,high,quartile_tails,0.25,1.0
434228,131,2021-08-29,1.0,1,high,quartile_tails,0.25,1.0
434377,131,2021-08-29,0.0,0,baseline,quartile_tails,0.25,1.0
435441,131,2021-08-29,1.0,1,high,quartile_tails,0.25,1.0
435914,131,2021-08-29,1.0,1,high,quartile_tails,0.25,1.0
436055,131,2021-08-29,0.0,0,baseline,quartile_tails,0.25,1.0
436646,131,2021-08-29,1.0,1,high,quartile_tails,0.25,1.0
436684,131,2021-08-29,1.0,1,high,quartile_tails,0.25,1.0
436763,131,2021-08-29,1.0,1,high,quartile_tails,0.25,1.0
437687,131,2021-08-29,0.0,0,baseline,quartile_tails,0.25,1.0
439217,131,2021-08-29,0.0,0,baseline,quartile_tails,0.25,1.0
442575,131,2021-08-29,0.0,0,baseline,quartile_tails,0.25,1.0
442892,131,2021-08-29,1.0,1,high,quartile_tails,0.25,1.0
443715,131,2021-08-29,0.0,0,baseline,quartile_tails,0.25,1.0
444117,131,2021-08-29,0.0,0,baseline,quartile_tails,0.25,1.0
444559,131,2021-08-29,1.0,1,high,quartile_tails,0.25,1.0
446901,131,2021-08-29,1.0,1,high,quartile_tails,0.25,1.0
448297,131,2021-08-29,1.0,1,high,quartile_tails,0.25,1.0
448787,131,2021-08-29,0.25,0,baseline,quartile_tails,0.25,1.0
450022,131,2021-08-29,0.0,0,baseline,quartile_tails,0.25,1.0
450697,131,2021-08-29,0.2222222222222222,0,baseline,quartile_tails,0.25,1.0
451516,131,2021-08-29,0.0,0,baseline,quartile_tails,0.25,1.0
451554,131,2021-08-29,1.0,1,high,quartile_tails,0.25,1.0
452383,131,2021-08-29,0.25,0,baseline,quartile_tails,0.25,1.0
453356,131,2021-08-29,0.0,0,baseline,quartile_tails,0.25,1.0
456268,131,2021-08-29,0.0,0,baseline,quartile_tails,0.25,1.0
458195,131,2021-08-29,0.25,0,baseline,quartile_tails,0.25,1.0
458200,131,2021-08-29,1.0,1,high,quartile_tails,0.25,1.0
459026,131,2021-08-29,0.0,0,baseline,quartile_tails,0.25,1.0
460197,131,2021-08-29,0.0,0,baseline,quartile_tails,0.25,1.0
465906,131,2021-08-29,0.0,0,baseline,quartile_tails,0.25,1.0
466591,131,2021-08-29,0.25,0,baseline,quartile_tails,0.25,1.0
469410,131,2021-08-29,0.0,0,baseline,quartile_tails,0.25,1.0
471037,131,2021-08-29,0.0,0,baseline,quartile_tails,0.25,1.0
471682,131,2021-08-29,0.0,0,baseline,quartile_tails,0.25,1.0
472813,131,2021-08-29,0.1,0,baseline,quartile_tails,0.25,1.0
473731,131,2021-08-29,0.0,0,baseline,quartile_tails,0.25,1.0
475142,131,2021-08-29,1.0,1,high,quartile_tails,0.25,1.0
476220,131,2021-08-29,0.0,0,baseline,quartile_tails,0.25,1.0
477393,131,2021-08-29,1.0,1,high,quartile_tails,0.25,1.0
478588,131,2021-08-29,0.16666666666666666,0,baseline,quartile_tails,0.25,1.0
479944,131,2021-08-29,0.25,0,baseline,quartile_tails,0.25,1.0
480049,131,2021-08-29,1.0,1,high,quartile_tails,0.25,1.0
480143,131,2021-08-29,0.0,0,baseline,quartile_tails,0.25,1.0
481487,131,2021-08-29,1.0,1,high,quartile_tails,0.25,1.0
482791,131,2021-08-29,0.22916666666666666,0,baseline,quartile_tails,0.25,1.0
482961,131,2021-08-29,1.0,1,high,quartile_tails,0.25,1.0
484247,131,2021-08-29,1.0,1,high,quartile_tails,0.25,1.0
484694,131,2021-08-29,1.0,1,high,quartile_tails,0.25,1.0
485895,131,2021-08-29,0.0,0,baseline,quartile_tails,0.25,1.0
487120,131,2021-08-29,1.0,1,high,quartile_tails,0.25,1.0
487166,131,2021-08-29,1.0,1,high,quartile_tails,0.25,1.0
487944,131,2021-08-29,0.1111111111111111,0,baseline,quartile_tails,0.25,1.0
488015,131,2021-08-29,1.0,1,high,quartile_tails,0.25,1.0
488439,131,2021-08-29,0.08333333333333333,0,baseline,quartile_tails,0.25,1.0
488639,131,2021-08-29,1.0,1,high,quartile_tails,0.25,1.0
489646,131,2021-08-29,1.0,1,high,quartile_tails,0.25,1.0
490875,131,2021-08-29,0.0,0,baseline,quartile_tails,0.25,1.0
491913,131,2021-08-29,0.0,0,baseline,quartile_tails,0.25,1.0
494046,131,2021-08-29,0.0,0,baseline,quartile_tails,0.25,1.0
494322,131,2021-08-29,0.0,0,baseline,quartile_tails,0.25,1.0
494464,131,2021-08-29,0.25,0,baseline,quartile_tails,0.25,1.0
495013,131,2021-08-29,1.0,1,high,quartile_tails,0.25,1.0
495418,131,2021-08-29,0.0,0,baseline,quartile_tails,0.25,1.0
495822,131,2021-08-29,0.0,0,baseline,quartile_tails,0.25,1.0
497856,131,2021-08-29,1.0,1,high,quartile_tails,0.25,1.0
498989,131,2021-08-29,0.25,0,baseline,quartile_tails,0.25,1.0
499163,131,2021-08-29,1.0,1,high,quartile_tails,0.25,1.0
500716,131,2021-08-29,1.0,1,high,quartile_tails,0.25,1.0
501652,131,2021-08-29,1.0,1,high,quartile_tails,0.25,1.0
502208,131,2021-08-29,0.0,0,baseline,quartile_tails,0.25,1.0
502693,131,2021-08-29,1.0,1,high,quartile_tails,0.25,1.0
503405,131,2021-08-29,0.0,0,baseline,quartile_tails,0.25,1.0
505141,131,2021-08-29,0.25,0,baseline,quartile_tails,0.25,1.0
506139,131,2021-08-29,0.0,0,baseline,quartile_tails,0.25,1.0
506823,131,2021-08-29,0.20833333333333331,0,baseline,quartile_tails,0.25,1.0
507397,131,2021-08-29,1.0,1,high,quartile_tails,0.25,1.0
508349,131,2021-08-29,1.0,1,high,quartile_tails,0.25,1.0
508558,131,2021-08-29,1.0,1,high,quartile_tails,0.25,1.0
509318,131,2021-08-29,0.2222222222222222,0,baseline,quartile_tails,0.25,1.0
510668,131,2021-08-29,1.0,1,high,quartile_tails,0.25,1.0
511444,131,2021-08-29,1.0,1,high,quartile_tails,0.25,1.0
511716,131,2021-08-29,0.16666666666666666,0,baseline,quartile_tails,0.25,1.0
513453,131,2021-08-29,1.0,1,high,quartile_tails,0.25,1.0
514028,131,2021-08-29,0.0,0,baseline,quartile_tails,0.25,1.0
516155,131,2021-08-29,0.0,0,baseline,quartile_tails,0.25,1.0
516614,131,2021-08-29,0.0,0,baseline,quartile_tails,0.25,1.0
516654,131,2021-08-29,1.0,1,high,quartile_tails,0.25,1.0
517075,131,2021-08-29,0.0,0,baseline,quartile_tails,0.25,1.0
518838,131,2021-08-29,0.1111111111111111,0,baseline,quartile_tails,0.25,1.0
521216,131,2021-08-29,0.0,0,baseline,quartile_tails,0.25,1.0
521453,131,2021-08-29,0.25,0,baseline,quartile_tails,0.25,1.0
521695,131,2021-08-29,0.0,0,baseline,quartile_tails,0.25,1.0
521951,131,2021-08-29,0.1111111111111111,0,baseline,quartile_tails,0.25,1.0
522069,131,2021-08-29,0.16666666666666666,0,baseline,quartile_tails,0.25,1.0
522942,131,2021-08-29,0.0,0,baseline,quartile_tails,0.25,1.0
523337,131,2021-08-29,0.25,0,baseline,quartile_tails,0.25,1.0
523832,131,2021-08-29,0.125,0,baseline,quartile_tails,0.25,1.0
525511,131,2021-08-29,1.0,1,high,quartile_tails,0.25,1.0
526013,131,2021-08-29,0.0,0,baseline,quartile_tails,0.25,1.0
526420,131,2021-08-29,0.0,0,baseline,quartile_tails,0.25,1.0
528429,131,2021-08-29,1.0,1,high,quartile_tails,0.25,1.0
528493,131,2021-08-29,1.0,1,high,quartile_tails,0.25,1.0
528573,131,2021-08-29,1.0,1,high,quartile_tails,0.25,1.0
528825,131,2021-08-29,1.0,1,high,quartile_tails,0.25,1.0
529428,131,2021-08-29,1.0,1,high,quartile_tails,0.25,1.0
529429,131,2021-08-29,0.0,0,baseline,quartile_tails,0.25,1.0
530373,131,2021-08-29,1.0,1,high,quartile_tails,0.25,1.0
530494,131,2021-08-29,1.0,1,high,quartile_tails,0.25,1.0
530672,131,2021-08-29,0.25,0,baseline,quartile_tails,0.25,1.0
530975,131,2021-08-29,0.25,0,baseline,quartile_tails,0.25,1.0
531440,131,2021-08-29,0.0,0,baseline,quartile_tails,0.25,1.0
531459,131,2021-08-29,1.0,1,high,quartile_tails,0.25,1.0
532040,131,2021-08-29,1.0,1,high,quartile_tails,0.25,1.0
534111,131,2021-08-29,1.0,1,high,quartile_tails,0.25,1.0
535359,131,2021-08-29,0.0,0,baseline,quartile_tails,0.25,1.0
536366,131,2021-08-29,0.0,0,baseline,quartile_tails,0.25,1.0
536471,131,2021-08-29,1.0,1,high,quartile_tails,0.25,1.0
537332,131,2021-08-29,1.0,1,high,quartile_tails,0.25,1.0
538131,131,2021-08-29,1.0,1,high,quartile_tails,0.25,1.0
539406,131,2021-08-29,0.0,0,baseline,quartile_tails,0.25,1.0
540135,131,2021-08-29,1.0,1,high,quartile_tails,0.25,1.0
541366,131,2021-08-29,0.0,0,baseline,quartile_tails,0.25,1.0
541778,131,2021-08-29,1.0,1,high,quartile_tails,0.25,1.0
542480,131,2021-08-29,0.0,0,baseline,quartile_tails,0.25,1.0
543222,131,2021-08-29,0.0,0,baseline,quartile_tails,0.25,1.0
544289,131,2021-08-29,0.0,0,baseline,quartile_tails,0.25,1.0
544406,131,2021-08-29,0.0,0,baseline,quartile_tails,0.25,1.0
544721,131,2021-08-29,0.2261904761904762,0,baseline,quartile_tails,0.25,1.0
544722,131,2021-08-29,0.16666666666666666,0,baseline,quartile_tails,0.25,1.0
544729,131,2021-08-29,0.0,0,baseline,quartile_tails,0.25,1.0
545466,131,2021-08-29,0.0,0,baseline,quartile_tails,0.25,1.0
546730,131,2021-08-29,1.0,1,high,quartile_tails,0.25,1.0
547101,131,2021-08-29,0.0,0,baseline,quartile_tails,0.25,1.0
547106,131,2021-08-29,1.0,1,high,quartile_tails,0.25,1.0
547587,131,2021-08-29,1.0,1,high,quartile_tails,0.25,1.0
548221,131,2021-08-29,1.0,1,high,quartile_tails,0.25,1.0
549505,131,2021-08-29,1.0,1,high,quartile_tails,0.25,1.0
550917,131,2021-08-29,0.25,0,baseline,quartile_tails,0.25,1.0
551570,131,2021-08-29,0.0,0,baseline,quartile_tails,0.25,1.0
552448,131,2021-08-29,1.0,1,high,quartile_tails,0.25,1.0
552978,131,2021-08-29,0.125,0,baseline,quartile_tails,0.25,1.0
554839,131,2021-08-29,1.0,1,high,quartile_tails,0.25,1.0
556225,131,2021-08-29,0.0,0,baseline,quartile_tails,0.25,1.0
556885,131,2021-08-29,1.0,1,high,quartile_tails,0.25,1.0
560782,131,2021-08-29,1.0,1,high,quartile_tails,0.25,1.0
561023,131,2021-08-29,0.0,0,baseline,quartile_tails,0.25,1.0
563782,131,2021-08-29,1.0,1,high,quartile_tails,0.25,1.0
563960,131,2021-08-29,0.125,0,baseline,quartile_tails,0.25,1.0
564891,131,2021-08-29,0.16666666666666666,0,baseline,quartile_tails,0.25,1.0
565200,131,2021-08-29,0.0,0,baseline,quartile_tails,0.25,1.0
568723,131,2021-08-29,1.0,1,high,quartile_tails,0.25,1.0
570344,131,2021-08-29,1.0,1,high,quartile_tails,0.25,1.0
571184,131,2021-08-29,0.0,0,baseline,quartile_tails,0.25,1.0
571350,131,2021-08-29,1.0,1,high,quartile_tails,0.25,1.0
572459,131,2021-08-29,0.0,0,baseline,quartile_tails,0.25,1.0
573231,131,2021-08-29,0.0,0,baseline,quartile_tails,0.25,1.0
575627,131,2021-08-29,0.125,0,baseline,quartile_tails,0.25,1.0
575672,131,2021-08-29,1.0,1,high,quartile_tails,0.25,1.0
576056,131,2021-08-29,0.1111111111111111,0,baseline,quartile_tails,0.25,1.0
576105,131,2021-08-29,1.0,1,high,quartile_tails,0.25,1.0
576662,131,2021-08-29,1.0,1,high,quartile_tails,0.25,1.0
577567,131,2021-08-29,0.0,0,baseline,quartile_tails,0.25,1.0
579290,131,2021-08-29,1.0,1,high,quartile_tails,0.25,1.0
580340,131,2021-08-29,1.0,1,high,quartile_tails,0.25,1.0
580458,131,2021-08-29,0.0,0,baseline,quartile_tails,0.25,1.0
580980,131,2021-08-29,0.16666666666666666,0,baseline,quartile_tails,0.25,1.0
583504,131,2021-08-29,0.0,0,baseline,quartile_tails,0.25,1.0
584026,131,2021-08-29,0.08333333333333333,0,baseline,quartile_tails,0.25,1.0
584512,131,2021-08-29,1.0,1,high,quartile_tails,0.25,1.0
585247,131,2021-08-29,1.0,1,high,quartile_tails,0.25,1.0
585585,131,2021-08-29,0.0,0,baseline,quartile_tails,0.25,1.0
586614,131,2021-08-29,0.0,0,baseline,quartile_tails,0.25,1.0
586832,131,2021-08-29,0.0,0,baseline,quartile_tails,0.25,1.0
586887,131,2021-08-29,0.25,0,baseline,quartile_tails,0.25,1.0
587053,131,2021-08-29,0.0,0,baseline,quartile_tails,0.25,1.0
587926,131,2021-08-29,0.0,0,baseline,quartile_tails,0.25,1.0
588650,131,2021-08-29,0.0,0,baseline,quartile_tails,0.25,1.0
588738,131,2021-08-29,1.0,1,high,quartile_tails,0.25,1.0
588961,131,2021-08-29,0.25,0,baseline,quartile_tails,0.25,1.0
589412,131,2021-08-29,0.20512820512820515,0,baseline,quartile_tails,0.25,1.0
589740,131,2021-08-29,1.0,1,high,quartile_tails,0.25,1.0
590225,131,2021-08-29,1.0,1,high,quartile_tails,0.25,1.0
590793,131,2021-08-29,1.0,1,high,quartile_tails,0.25,1.0
590939,131,2021-08-29,0.0,0,baseline,quartile_tails,0.25,1.0
590993,131,2021-08-29,0.0,0,baseline,quartile_tails,0.25,1.0
591337,131,2021-08-29,0.0,0,baseline,quartile_tails,0.25,1.0
591502,131,2021-08-29,1.0,1,high,quartile_tails,0.25,1.0
591746,131,2021-08-29,1.0,1,high,quartile_tails,0.25,1.0
592494,131,2021-08-29,1.0,1,high,quartile_tails,0.25,1.0
593410,131,2021-08-29,0.0,0,baseline,quartile_tails,0.25,1.0
593650,131,2021-08-29,0.1,0,baseline,quartile_tails,0.25,1.0
593977,131,2021-08-29,0.0,0,baseline,quartile_tails,0.25,1.0
594152,131,2021-08-29,0.0,0,baseline,quartile_tails,0.25,1.0
594453,131,2021-08-29,0.0,0,baseline,quartile_tails,0.25,1.0
594754,131,2021-08-29,0.0,0,baseline,quartile_tails,0.25,1.0
596100,131,2021-08-29,0.0,0,baseline,quartile_tails,0.25,1.0
596262,131,2021-08-29,1.0,1,high,quartile_tails,0.25,1.0
598360,131,2021-08-29,0.0,0,baseline,quartile_tails,0.25,1.0
599257,131,2021-08-29,1.0,1,high,quartile_tails,0.25,1.0
599453,131,2021-08-29,1.0,1,high,quartile_tails,0.25,1.0
600366,131,2021-08-29,1.0,1,high,quartile_tails,0.25,1.0
600685,131,2021-08-29,1.0,1,high,quartile_tails,0.25,1.0
601966,131,2021-08-29,0.0,0,baseline,quartile_tails,0.25,1.0
602524,131,2021-08-29,1.0,1,high,quartile_tails,0.25,1.0
604188,131,2021-08-29,0.1125,0,baseline,quartile_tails,0.25,1.0
604348,131,2021-08-29,1.0,1,high,quartile_tails,0.25,1.0
604372,131,2021-08-29,0.16666666666666666,0,baseline,quartile_tails,0.25,1.0
604782,131,2021-08-29,0.0,0,baseline,quartile_tails,0.25,1.0
607784,131,2021-08-29,0.2222222222222222,0,baseline,quartile_tails,0.25,1.0
608624,131,2021-08-29,0.2222222222222222,0,baseline,quartile_tails,0.25,1.0
609442,131,2021-08-29,1.0,1,high,quartile_tails,0.25,1.0
610033,131,2021-08-29,1.0,1,high,quartile_tails,0.25,1.0
611692,131,2021-08-29,1.0,1,high,quartile_tails,0.25,1.0
613494,131,2021-08-29,0.0,0,baseline,quartile_tails,0.25,1.0
615153,131,2021-08-29,0.0,0,baseline,quartile_tails,0.25,1.0
617445,131,2021-08-29,0.0,0,baseline,quartile_tails,0.25,1.0
619358,131,2021-08-29,0.0,0,baseline,quartile_tails,0.25,1.0
619485,131,2021-08-29,1.0,1,high,quartile_tails,0.25,1.0
619487,131,2021-08-29,1.0,1,high,quartile_tails,0.25,1.0
621495,131,2021-08-29,1.0,1,high,quartile_tails,0.25,1.0
621576,131,2021-08-29,0.0,0,baseline,quartile_tails,0.25,1.0
622029,131,2021-08-29,0.125,0,baseline,quartile_tails,0.25,1.0
623294,131,2021-08-29,0.0,0,baseline,quartile_tails,0.25,1.0
623323,131,2021-08-29,1.0,1,high,quartile_tails,0.25,1.0
624062,131,2021-08-29,1.0,1,high,quartile_tails,0.25,1.0
624998,131,2021-08-29,1.0,1,high,quartile_tails,0.25,1.0
626553,131,2021-08-29,1.0,1,high,quartile_tails,0.25,1.0
626865,131,2021-08-29,1.0,1,high,quartile_tails,0.25,1.0
627492,131,2021-08-29,1.0,1,high,quartile_tails,0.25,1.0
627715,131,2021-08-29,0.0,0,baseline,quartile_tails,0.25,1.0
627747,131,2021-08-29,1.0,1,high,quartile_tails,0.25,1.0
628040,131,2021-08-29,0.0,0,baseline,quartile_tails,0.25,1.0
628046,131,2021-08-29,1.0,1,high,quartile_tails,0.25,1.0
628404,131,2021-08-29,0.0,0,baseline,quartile_tails,0.25,1.0
629804,131,2021-08-29,0.0,0,baseline,quartile_tails,0.25,1.0
631954,131,2021-08-29,1.0,1,high,quartile_tails,0.25,1.0
633408,131,2021-08-29,0.0,0,baseline,quartile_tails,0.25,1.0
634030,131,2021-08-29,0.0,0,baseline,quartile_tails,0.25,1.0
635590,131,2021-08-29,1.0,1,high,quartile_tails,0.25,1.0
636207,131,2021-08-29,1.0,1,high,quartile_tails,0.25,1.0
636226,131,2021-08-29,1.0,1,high,quartile_tails,0.25,1.0
638228,131,2021-08-29,0.0,0,baseline,quartile_tails,0.25,1.0
638793,131,2021-08-29,1.0,1,high,quartile_tails,0.25,1.0
638870,131,2021-08-29,0.0,0,baseline,quartile_tails,0.25,1.0
639371,131,2021-08-29,0.16666666666666666,0,baseline,quartile_tails,0.25,1.0
641405,131,2021-08-29,1.0,1,high,quartile_tails,0.25,1.0
641875,131,2021-08-29,1.0,1,high,quartile_tails,0.25,1.0
642394,131,2021-08-29,0.0,0,baseline,quartile_tails,0.25,1.0
642468,131,2021-08-29,1.0,1,high,quartile_tails,0.25,1.0
643165,131,2021-08-29,0.0,0,baseline,quartile_tails,0.25,1.0
643508,131,2021-08-29,1.0,1,high,quartile_tails,0.25,1.0
645302,131,2021-08-29,0.0,0,baseline,quartile_tails,0.25,1.0
646877,131,2021-08-29,0.1875,0,baseline,quartile_tails,0.25,1.0
647718,131,2021-08-29,0.0,0,baseline,quartile_tails,0.25,1.0
647861,131,2021-08-29,0.0,0,baseline,quartile_tails,0.25,1.0
650566,131,2021-08-29,0.16666666666666666,0,baseline,quartile_tails,0.25,1.0
651350,131,2021-08-29,0.125,0,baseline,quartile_tails,0.25,1.0
651356,131,2021-08-29,0.0,0,baseline,quartile_tails,0.25,1.0
651486,131,2021-08-29,0.0,0,baseline,quartile_tails,0.25,1.0
653550,131,2021-08-29,1.0,1,high,quartile_tails,0.25,1.0
653700,131,2021-08-29,0.125,0,baseline,quartile_tails,0.25,1.0
654203,131,2021-08-29,0.16666666666666666,0,baseline,quartile_tails,0.25,1.0
654628,131,2021-08-29,0.0,0,baseline,quartile_tails,0.25,1.0
654811,131,2021-08-29,1.0,1,high,quartile_tails,0.25,1.0
655146,131,2021-08-29,0.0,0,baseline,quartile_tails,0.25,1.0
655381,131,2021-08-29,1.0,1,high,quartile_tails,0.25,1.0
656738,131,2021-08-29,0.0,0,baseline,quartile_tails,0.25,1.0
657184,131,2021-08-29,0.0,0,baseline,quartile_tails,0.25,1.0
659746,131,2021-08-29,0.0,0,baseline,quartile_tails,0.25,1.0
660576,131,2021-08-29,0.0,0,baseline,quartile_tails,0.25,1.0
661168,131,2021-08-29,0.0,0,baseline,quartile_tails,0.25,1.0
661293,131,2021-08-29,0.0,0,baseline,quartile_tails,0.25,1.0
662507,131,2021-08-29,0.0,0,baseline,quartile_tails,0.25,1.0
662850,131,2021-08-29,0.25,0,baseline,quartile_tails,0.25,1.0
662851,131,2021-08-29,0.25,0,baseline,quartile_tails,0.25,1.0
663018,131,2021-08-29,1.0,1,high,quartile_tails,0.25,1.0
663214,131,2021-08-29,0.16666666666666666,0,baseline,quartile_tails,0.25,1.0
663216,131,2021-08-29,1.0,1,high,quartile_tails,0.25,1.0
663848,131,2021-08-29,0.0,0,baseline,quartile_tails,0.25,1.0
664447,131,2021-08-29,1.0,1,high,quartile_tails,0.25,1.0
665927,131,2021-08-29,0.0,0,baseline,quartile_tails,0.25,1.0
667849,131,2021-08-29,0.0,0,baseline,quartile_tails,0.25,1.0
668485,131,2021-08-29,0.0,0,baseline,quartile_tails,0.25,1.0
668498,131,2021-08-29,0.0,0,baseline,quartile_tails,0.25,1.0
668554,131,2021-08-29,0.0,0,baseline,quartile_tails,0.25,1.0
669131,131,2021-08-29,0.0,0,baseline,quartile_tails,0.25,1.0
671019,131,2021-08-29,1.0,1,high,quartile_tails,0.25,1.0
671423,131,2021-08-29,0.0,0,baseline,quartile_tails,0.25,1.0
672032,131,2021-08-29,0.2222222222222222,0,baseline,quartile_tails,0.25,1.0
672655,131,2021-08-29,0.0,0,baseline,quartile_tails,0.25,1.0
674485,131,2021-08-29,0.0,0,baseline,quartile_tails,0.25,1.0
675104,131,2021-08-29,0.0,0,baseline,quartile_tails,0.25,1.0
675779,131,2021-08-29,0.0,0,baseline,quartile_tails,0.25,1.0
680347,131,2021-08-29,0.0,0,baseline,quartile_tails,0.25,1.0
681514,131,2021-08-29,0.23333333333333334,0,baseline,quartile_tails,0.25,1.0
681900,131,2021-08-29,0.0,0,baseline,quartile_tails,0.25,1.0
682901,131,2021-08-29,0.0,0,baseline,quartile_tails,0.25,1.0
683811,131,2021-08-29,1.0,1,high,quartile_tails,0.25,1.0
685583,131,2021-08-29,0.24444444444444446,0,baseline,quartile_tails,0.25,1.0
686797,131,2021-08-29,1.0,1,high,quartile_tails,0.25,1.0
691159,131,2021-08-29,1.0,1,high,quartile_tails,0.25,1.0
692859,131,2021-08-29,0.0,0,baseline,quartile_tails,0.25,1.0
693017,131,2021-08-29,0.0,0,baseline,quartile_tails,0.25,1.0
693318,131,2021-08-29,1.0,1,high,quartile_tails,0.25,1.0
694265,131,2021-08-29,1.0,1,high,quartile_tails,0.25,1.0
695035,131,2021-08-29,0.0,0,baseline,quartile_tails,0.25,1.0
695776,131,2021-08-29,1.0,1,high,quartile_tails,0.25,1.0
697571,131,2021-08-29,0.0,0,baseline,quartile_tails,0.25,1.0
700090,131,2021-08-29,0.0,0,baseline,quartile_tails,0.25,1.0
701976,131,2021-08-29,0.25,0,baseline,quartile_tails,0.25,1.0
702381,131,2021-08-29,0.0,0,baseline,quartile_tails,0.25,1.0
702575,131,2021-08-29,0.0,0,baseline,quartile_tails,0.25,1.0
702578,131,2021-08-29,0.0,0,baseline,quartile_tails,0.25,1.0
702596,131,2021-08-29,1.0,1,high,quartile_tails,0.25,1.0
702752,131,2021-08-29,1.0,1,high,quartile_tails,0.25,1.0
704533,131,2021-08-29,1.0,1,high,quartile_tails,0.25,1.0
704587,131,2021-08-29,1.0,1,high,quartile_tails,0.25,1.0
705621,131,2021-08-29,0.0,0,baseline,quartile_tails,0.25,1.0
707063,131,2021-08-29,1.0,1,high,quartile_tails,0.25,1.0
707475,131,2021-08-29,1.0,1,high,quartile_tails,0.25,1.0
707680,131,2021-08-29,0.0,0,baseline,quartile_tails,0.25,1.0
707685,131,2021-08-29,1.0,1,high,quartile_tails,0.25,1.0
708550,131,2021-08-29,0.0,0,baseline,quartile_tails,0.25,1.0
708670,131,2021-08-29,0.0,0,baseline,quartile_tails,0.25,1.0
708908,131,2021-08-29,0.0,0,baseline,quartile_tails,0.25,1.0
709144,131,2021-08-29,1.0,1,high,quartile_tails,0.25,1.0
709177,131,2021-08-29,0.0,0,baseline,quartile_tails,0.25,1.0
711650,131,2021-08-29,0.0,0,baseline,quartile_tails,0.25,1.0
713009,131,2021-08-29,0.2375,0,baseline,quartile_tails,0.25,1.0
713825,131,2021-08-29,0.0,0,baseline,quartile_tails,0.25,1.0
714301,131,2021-08-29,1.0,1,high,quartile_tails,0.25,1.0
714515,131,2021-08-29,1.0,1,high,quartile_tails,0.25,1.0
717322,131,2021-08-29,0.0,0,baseline,quartile_tails,0.25,1.0
718557,131,2021-08-29,0.0,0,baseline,quartile_tails,0.25,1.0
719291,131,2021-08-29,0.0,0,baseline,quartile_tails,0.25,1.0
720287,131,2021-08-29,0.14583333333333331,0,baseline,quartile_tails,0.25,1.0
723200,131,2021-08-29,1.0,1,high,quartile_tails,0.25,1.0
723204,131,2021-08-29,0.0,0,baseline,quartile_tails,0.25,1.0
723820,131,2021-08-29,0.0,0,baseline,quartile_tails,0.25,1.0
724745,131,2021-08-29,0.0,0,baseline,quartile_tails,0.25,1.0
727639,131,2021-08-29,0.25,0,baseline,quartile_tails,0.25,1.0
729606,131,2021-08-29,1.0,1,high,quartile_tails,0.25,1.0
729631,131,2021-08-29,0.0,0,baseline,quartile_tails,0.25,1.0
734338,131,2021-08-29,0.12222222222222223,0,baseline,quartile_tails,0.25,1.0
734516,131,2021-08-29,0.0,0,baseline,quartile_tails,0.25,1.0
735246,131,2021-08-29,0.0,0,baseline,quartile_tails,0.25,1.0
736155,131,2021-08-29,1.0,1,high,quartile_tails,0.25,1.0
736577,131,2021-08-29,1.0,1,high,quartile_tails,0.25,1.0
737715,131,2021-08-29,0.0,0,baseline,quartile_tails,0.25,1.0
737723,131,2021-08-29,0.0,0,baseline,quartile_tails,0.25,1.0
737726,131,2021-08-29,0.0,0,baseline,quartile_tails,0.25,1.0
737777,131,2021-08-29,1.0,1,high,quartile_tails,0.25,1.0
737985,131,2021-08-29,1.0,1,high,quartile_tails,0.25,1.0
738305,131,2021-08-29,0.0,0,baseline,quartile_tails,0.25,1.0
739608,131,2021-08-29,1.0,1,high,quartile_tails,0.25,1.0
739617,131,2021-08-29,0.0,0,baseline,quartile_tails,0.25,1.0
740455,131,2021-08-29,0.0,0,baseline,quartile_tails,0.25,1.0
741443,131,2021-08-29,1.0,1,high,quartile_tails,0.25,1.0
741520,131,2021-08-29,1.0,1,high,quartile_tails,0.25,1.0
741556,131,2021-08-29,0.0,0,baseline,quartile_tails,0.25,1.0
743406,131,2021-08-29,0.0,0,baseline,quartile_tails,0.25,1.0
743656,131,2021-08-29,0.0,0,baseline,quartile_tails,0.25,1.0
744933,131,2021-08-29,0.0,0,baseline,quartile_tails,0.25,1.0
745190,131,2021-08-29,0.0,0,baseline,quartile_tails,0.25,1.0
745376,131,2021-08-29,0.0,0,baseline,quartile_tails,0.25,1.0
747163,131,2021-08-29,1.0,1,high,quartile_tails,0.25,1.0
749279,131,2021-08-29,0.0,0,baseline,quartile_tails,0.25,1.0
749613,131,2021-08-29,0.0,0,baseline,quartile_tails,0.25,1.0
750049,131,2021-08-29,0.0,0,baseline,quartile_tails,0.25,1.0
750253,131,2021-08-29,1.0,1,high,quartile_tails,0.25,1.0
750986,131,2021-08-29,0.0,0,baseline,quartile_tails,0.25,1.0
751076,131,2021-08-29,0.0,0,baseline,quartile_tails,0.25,1.0
751349,131,2021-08-29,0.14583333333333331,0,baseline,quartile_tails,0.25,1.0
751420,131,2021-08-29,1.0,1,high,quartile_tails,0.25,1.0
751756,131,2021-08-29,0.08333333333333333,0,baseline,quartile_tails,0.25,1.0
754203,131,2021-08-29,0.0,0,baseline,quartile_tails,0.25,1.0
754255,131,2021-08-29,1.0,1,high,quartile_tails,0.25,1.0
757061,131,2021-08-29,0.25,0,baseline,quartile_tails,0.25,1.0
759074,131,2021-08-29,0.0,0,baseline,quartile_tails,0.25,1.0
760299,131,2021-08-29,0.0,0,baseline,quartile_tails,0.25,1.0
760691,131,2021-08-29,0.0,0,baseline,quartile_tails,0.25,1.0
762125,131,2021-08-29,0.0,0,baseline,quartile_tails,0.25,1.0
762378,131,2021-08-29,0.0,0,baseline,quartile_tails,0.25,1.0
762950,131,2021-08-29,0.0,0,baseline,quartile_tails,0.25,1.0
763013,131,2021-08-29,0.0,0,baseline,quartile_tails,0.25,1.0
763224,131,2021-08-29,1.0,1,high,quartile_tails,0.25,1.0
766175,131,2021-08-29,1.0,1,high,quartile_tails,0.25,1.0
769683,131,2021-08-29,0.0,0,baseline,quartile_tails,0.25,1.0
771177,131,2021-08-29,0.0,0,baseline,quartile_tails,0.25,1.0
771571,131,2021-08-29,0.0,0,baseline,quartile_tails,0.25,1.0
771626,131,2021-08-29,1.0,1,high,quartile_tails,0.25,1.0
772009,131,2021-08-29,1.0,1,high,quartile_tails,0.25,1.0
772808,131,2021-08-29,1.0,1,high,quartile_tails,0.25,1.0
772913,131,2021-08-29,1.0,1,high,quartile_tails,0.25,1.0
773202,131,2021-08-29,1.0,1,high,quartile_tails,0.25,1.0
773909,131,2021-08-29,0.0,0,baseline,quartile_tails,0.25,1.0
773938,131,2021-08-29,1.0,1,high,quartile_tails,0.25,1.0
774005,131,2021-08-29,1.0,1,high,quartile_tails,0.25,1.0
774133,131,2021-08-29,0.0,0,baseline,quartile_tails,0.25,1.0
774205,131,2021-08-29,0.0,0,baseline,quartile_tails,0.25,1.0
774644,131,2021-08-29,0.0,0,baseline,quartile_tails,0.25,1.0
775002,131,2021-08-29,0.0,0,baseline,quartile_tails,0.25,1.0
776319,131,2021-08-29,0.25,0,baseline,quartile_tails,0.25,1.0
777167,131,2021-08-29,1.0,1,high,quartile_tails,0.25,1.0
777445,131,2021-08-29,0.041666666666666664,0,baseline,quartile_tails,0.25,1.0
778418,131,2021-08-29,1.0,1,high,quartile_tails,0.25,1.0
779339,131,2021-08-29,1.0,1,high,quartile_tails,0.25,1.0
779733,131,2021-08-29,0.0,0,baseline,quartile_tails,0.25,1.0
780398,131,2021-08-29,0.06666666666666667,0,baseline,quartile_tails,0.25,1.0
781371,131,2021-08-29,0.0,0,baseline,quartile_tails,0.25,1.0
783640,131,2021-08-29,0.0,0,baseline,quartile_tails,0.25,1.0
784712,131,2021-08-29,1.0,1,high,quartile_tails,0.25,1.0
784971,131,2021-08-29,1.0,1,high,quartile_tails,0.25,1.0
785320,131,2021-08-29,0.0,0,baseline,quartile_tails,0.25,1.0
786105,131,2021-08-29,1.0,1,high,quartile_tails,0.25,1.0
786381,131,2021-08-29,0.25,0,baseline,quartile_tails,0.25,1.0
788660,131,2021-08-29,1.0,1,high,quartile_tails,0.25,1.0
788863,131,2021-08-29,1.0,1,high,quartile_tails,0.25,1.0
788957,131,2021-08-29,0.0,0,baseline,quartile_tails,0.25,1.0
789478,131,2021-08-29,0.16666666666666666,0,baseline,quartile_tails,0.25,1.0
791264,131,2021-08-29,0.0,0,baseline,quartile_tails,0.25,1.0
791813,131,2021-08-29,0.0,0,baseline,quartile_tails,0.25,1.0
792677,131,2021-08-29,0.0,0,baseline,quartile_tails,0.25,1.0
793987,131,2021-08-29,0.16666666666666666,0,baseline,quartile_tails,0.25,1.0
794099,131,2021-08-29,1.0,1,high,quartile_tails,0.25,1.0
795484,131,2021-08-29,1.0,1,high,quartile_tails,0.25,1.0
798387,131,2021-08-29,0.0,0,baseline,quartile_tails,0.25,1.0
798578,131,2021-08-29,1.0,1,high,quartile_tails,0.25,1.0
798663,131,2021-08-29,0.0,0,baseline,quartile_tails,0.25,1.0
800202,131,2021-08-29,0.0,0,baseline,quartile_tails,0.25,1.0
801602,131,2021-08-29,0.0,0,baseline,quartile_tails,0.25,1.0
802103,131,2021-08-29,1.0,1,high,quartile_tails,0.25,1.0
804098,131,2021-08-29,1.0,1,high,quartile_tails,0.25,1.0
804286,131,2021-08-29,1.0,1,high,quartile_tails,0.25,1.0
804631,131,2021-08-29,0.25,0,baseline,quartile_tails,0.25,1.0
804949,131,2021-08-29,1.0,1,high,quartile_tails,0.25,1.0
806029,131,2021-08-29,0.125,0,baseline,quartile_tails,0.25,1.0
806389,131,2021-08-29,0.0,0,baseline,quartile_tails,0.25,1.0
807780,131,2021-08-29,0.0,0,baseline,quartile_tails,0.25,1.0
808580,131,2021-08-29,1.0,1,high,quartile_tails,0.25,1.0
808662,131,2021-08-29,1.0,1,high,quartile_tails,0.25,1.0
808753,131,2021-08-29,0.0,0,baseline,quartile_tails,0.25,1.0
809174,131,2021-08-29,1.0,1,high,quartile_tails,0.25,1.0
1058,238,2021-07-24,1.0,1,high,quartile_tails,0.25,1.0
1976,238,2021-07-24,1.0,1,high,quartile_tails,0.25,1.0
2982,238,2021-07-24,1.0,1,high,quartile_tails,0.25,1.0
3262,238,2021-07-24,1.0,1,high,quartile_tails,0.25,1.0
3786,238,2021-07-24,1.0,1,high,quartile_tails,0.25,1.0
4509,238,2021-07-24,1.0,1,high,quartile_tails,0.25,1.0
5956,238,2021-07-24,1.0,1,high,quartile_tails,0.25,1.0
7077,238,2021-07-24,0.25,0,baseline,quartile_tails,0.25,1.0
10260,238,2021-07-24,0.16666666666666666,0,baseline,quartile_tails,0.25,1.0
14058,238,2021-07-24,0.0,0,baseline,quartile_tails,0.25,1.0
14840,238,2021-07-24,0.0,0,baseline,quartile_tails,0.25,1.0
15488,238,2021-07-24,1.0,1,high,quartile_tails,0.25,1.0
16777,238,2021-07-24,0.0,0,baseline,quartile_tails,0.25,1.0
18511,238,2021-07-24,0.0,0,baseline,quartile_tails,0.25,1.0
19276,238,2021-07-24,0.08333333333333333,0,baseline,quartile_tails,0.25,1.0
23009,238,2021-07-24,0.25,0,baseline,quartile_tails,0.25,1.0
23660,238,2021-07-24,1.0,1,high,quartile_tails,0.25,1.0
24245,238,2021-07-24,1.0,1,high,quartile_tails,0.25,1.0
25352,238,2021-07-24,0.0,0,baseline,quartile_tails,0.25,1.0
27750,238,2021-07-24,1.0,1,high,quartile_tails,0.25,1.0
27872,238,2021-07-24,1.0,1,high,quartile_tails,0.25,1.0
31243,238,2021-07-24,1.0,1,high,quartile_tails,0.25,1.0
31630,238,2021-07-24,0.0,0,baseline,quartile_tails,0.25,1.0
33009,238,2021-07-24,1.0,1,high,quartile_tails,0.25,1.0
33682,238,2021-07-24,0.24583333333333335,0,baseline,quartile_tails,0.25,1.0
33778,238,2021-07-24,0.16666666666666666,0,baseline,quartile_tails,0.25,1.0
36081,238,2021-07-24,1.0,1,high,quartile_tails,0.25,1.0
37246,238,2021-07-24,1.0,1,high,quartile_tails,0.25,1.0
37910,238,2021-07-24,1.0,1,high,quartile_tails,0.25,1.0
43600,238,2021-07-24,0.0,0,baseline,quartile_tails,0.25,1.0
43699,238,2021-07-24,0.125,0,baseline,quartile_tails,0.25,1.0
45592,238,2021-07-24,1.0,1,high,quartile_tails,0.25,1.0
46988,238,2021-07-24,0.125,0,baseline,quartile_tails,0.25,1.0
47004,238,2021-07-24,1.0,1,high,quartile_tails,0.25,1.0
48719,238,2021-07-24,1.0,1,high,quartile_tails,0.25,1.0
51223,238,2021-07-24,1.0,1,high,quartile_tails,0.25,1.0
52806,238,2021-07-24,0.0,0,baseline,quartile_tails,0.25,1.0
55468,238,2021-07-24,0.0,0,baseline,quartile_tails,0.25,1.0
58653,238,2021-07-24,0.25,0,baseline,quartile_tails,0.25,1.0
59472,238,2021-07-24,1.0,1,high,quartile_tails,0.25,1.0
65943,238,2021-07-24,0.1111111111111111,0,baseline,quartile_tails,0.25,1.0
66970,238,2021-07-24,1.0,1,high,quartile_tails,0.25,1.0
67476,238,2021-07-24,1.0,1,high,quartile_tails,0.25,1.0
70565,238,2021-07-24,0.0,0,baseline,quartile_tails,0.25,1.0
71721,238,2021-07-24,1.0,1,high,quartile_tails,0.25,1.0
73211,238,2021-07-24,0.0,0,baseline,quartile_tails,0.25,1.0
73392,238,2021-07-24,1.0,1,high,quartile_tails,0.25,1.0
73950,238,2021-07-24,0.0,0,baseline,quartile_tails,0.25,1.0
76281,238,2021-07-24,1.0,1,high,quartile_tails,0.25,1.0
78193,238,2021-07-24,0.0,0,baseline,quartile_tails,0.25,1.0
78736,238,2021-07-24,0.2222222222222222,0,baseline,quartile_tails,0.25,1.0
81293,238,2021-07-24,1.0,1,high,quartile_tails,0.25,1.0
82144,238,2021-07-24,0.0,0,baseline,quartile_tails,0.25,1.0
87293,238,2021-07-24,1.0,1,high,quartile_tails,0.25,1.0
88654,238,2021-07-24,1.0,1,high,quartile_tails,0.25,1.0
89503,238,2021-07-24,0.0,0,baseline,quartile_tails,0.25,1.0
91490,238,2021-07-24,0.0,0,baseline,quartile_tails,0.25,1.0
98346,238,2021-07-24,0.0,0,baseline,quartile_tails,0.25,1.0
98390,238,2021-07-24,0.0,0,baseline,quartile_tails,0.25,1.0
100193,238,2021-07-24,1.0,1,high,quartile_tails,0.25,1.0
100217,238,2021-07-24,1.0,1,high,quartile_tails,0.25,1.0
100860,238,2021-07-24,1.0,1,high,quartile_tails,0.25,1.0
102019,238,2021-07-24,1.0,1,high,quartile_tails,0.25,1.0
104196,238,2021-07-24,1.0,1,high,quartile_tails,0.25,1.0
104601,238,2021-07-24,1.0,1,high,quartile_tails,0.25,1.0
105352,238,2021-07-24,1.0,1,high,quartile_tails,0.25,1.0
105363,238,2021-07-24,0.0,0,baseline,quartile_tails,0.25,1.0
107815,238,2021-07-24,1.0,1,high,quartile_tails,0.25,1.0
108347,238,2021-07-24,0.0,0,baseline,quartile_tails,0.25,1.0
109013,238,2021-07-24,1.0,1,high,quartile_tails,0.25,1.0
110329,238,2021-07-24,1.0,1,high,quartile_tails,0.25,1.0
111015,238,2021-07-24,1.0,1,high,quartile_tails,0.25,1.0
111155,238,2021-07-24,0.0,0,baseline,quartile_tails,0.25,1.0
112240,238,2021-07-24,1.0,1,high,quartile_tails,0.25,1.0
112649,238,2021-07-24,0.25,0,baseline,quartile_tails,0.25,1.0
112866,238,2021-07-24,1.0,1,high,quartile_tails,0.25,1.0
113249,238,2021-07-24,0.0,0,baseline,quartile_tails,0.25,1.0
114539,238,2021-07-24,0.15,0,baseline,quartile_tails,0.25,1.0
114850,238,2021-07-24,1.0,1,high,quartile_tails,0.25,1.0
116189,238,2021-07-24,0.0,0,baseline,quartile_tails,0.25,1.0
119145,238,2021-07-24,0.0,0,baseline,quartile_tails,0.25,1.0
119604,238,2021-07-24,1.0,1,high,quartile_tails,0.25,1.0
120190,238,2021-07-24,1.0,1,high,quartile_tails,0.25,1.0
124652,238,2021-07-24,1.0,1,high,quartile_tails,0.25,1.0
125263,238,2021-07-24,1.0,1,high,quartile_tails,0.25,1.0
127915,238,2021-07-24,0.0,0,baseline,quartile_tails,0.25,1.0
129219,238,2021-07-24,0.0,0,baseline,quartile_tails,0.25,1.0
129517,238,2021-07-24,0.0,0,baseline,quartile_tails,0.25,1.0
129945,238,2021-07-24,0.16666666666666666,0,baseline,quartile_tails,0.25,1.0
130147,238,2021-07-24,1.0,1,high,quartile_tails,0.25,1.0
130967,238,2021-07-24,0.0,0,baseline,quartile_tails,0.25,1.0
133005,238,2021-07-24,1.0,1,high,quartile_tails,0.25,1.0
133277,238,2021-07-24,0.16666666666666666,0,baseline,quartile_tails,0.25,1.0
136012,238,2021-07-24,1.0,1,high,quartile_tails,0.25,1.0
137177,238,2021-07-24,1.0,1,high,quartile_tails,0.25,1.0
138374,238,2021-07-24,1.0,1,high,quartile_tails,0.25,1.0
139144,238,2021-07-24,1.0,1,high,quartile_tails,0.25,1.0
140594,238,2021-07-24,0.125,0,baseline,quartile_tails,0.25,1.0
141030,238,2021-07-24,0.0,0,baseline,quartile_tails,0.25,1.0
142040,238,2021-07-24,0.25,0,baseline,quartile_tails,0.25,1.0
142815,238,2021-07-24,1.0,1,high,quartile_tails,0.25,1.0
143931,238,2021-07-24,1.0,1,high,quartile_tails,0.25,1.0
143953,238,2021-07-24,0.0,0,baseline,quartile_tails,0.25,1.0
145884,238,2021-07-24,1.0,1,high,quartile_tails,0.25,1.0
146618,238,2021-07-24,0.0,0,baseline,quartile_tails,0.25,1.0
147158,238,2021-07-24,0.16666666666666666,0,baseline,quartile_tails,0.25,1.0
147277,238,2021-07-24,0.0,0,baseline,quartile_tails,0.25,1.0
147334,238,2021-07-24,1.0,1,high,quartile_tails,0.25,1.0
148346,238,2021-07-24,1.0,1,high,quartile_tails,0.25,1.0
148554,238,2021-07-24,0.16666666666666666,0,baseline,quartile_tails,0.25,1.0
149654,238,2021-07-24,1.0,1,high,quartile_tails,0.25,1.0
152430,238,2021-07-24,0.12142857142857143,0,baseline,quartile_tails,0.25,1.0
152585,238,2021-07-24,0.0,0,baseline,quartile_tails,0.25,1.0
153142,238,2021-07-24,0.0,0,baseline,quartile_tails,0.25,1.0
154061,238,2021-07-24,1.0,1,high,quartile_tails,0.25,1.0
154877,238,2021-07-24,0.08333333333333333,0,baseline,quartile_tails,0.25,1.0
156071,238,2021-07-24,1.0,1,high,quartile_tails,0.25,1.0
156126,238,2021-07-24,1.0,1,high,quartile_tails,0.25,1.0
156642,238,2021-07-24,1.0,1,high,quartile_tails,0.25,1.0
157397,238,2021-07-24,0.0,0,baseline,quartile_tails,0.25,1.0
159174,238,2021-07-24,1.0,1,high,quartile_tails,0.25,1.0
159778,238,2021-07-24,0.0,0,baseline,quartile_tails,0.25,1.0
161177,238,2021-07-24,1.0,1,high,quartile_tails,0.25,1.0
163427,238,2021-07-24,0.0,0,baseline,quartile_tails,0.25,1.0
163735,238,2021-07-24,1.0,1,high,quartile_tails,0.25,1.0
163904,238,2021-07-24,0.0,0,baseline,quartile_tails,0.25,1.0
166186,238,2021-07-24,0.0,0,baseline,quartile_tails,0.25,1.0
166977,238,2021-07-24,0.0,0,baseline,quartile_tails,0.25,1.0
167509,238,2021-07-24,0.0,0,baseline,quartile_tails,0.25,1.0
170791,238,2021-07-24,0.16666666666666666,0,baseline,quartile_tails,0.25,1.0
172168,238,2021-07-24,0.1625,0,baseline,quartile_tails,0.25,1.0
172318,238,2021-07-24,1.0,1,high,quartile_tails,0.25,1.0
172479,238,2021-07-24,1.0,1,high,quartile_tails,0.25,1.0
180412,238,2021-07-24,0.125,0,baseline,quartile_tails,0.25,1.0
180927,238,2021-07-24,0.0,0,baseline,quartile_tails,0.25,1.0
182370,238,2021-07-24,0.16666666666666666,0,baseline,quartile_tails,0.25,1.0
182793,238,2021-07-24,0.0,0,baseline,quartile_tails,0.25,1.0
187311,238,2021-07-24,0.16666666666666666,0,baseline,quartile_tails,0.25,1.0
191700,238,2021-07-24,0.0,0,baseline,quartile_tails,0.25,1.0
195473,238,2021-07-24,0.08333333333333333,0,baseline,quartile_tails,0.25,1.0
195822,238,2021-07-24,0.0,0,baseline,quartile_tails,0.25,1.0
196233,238,2021-07-24,1.0,1,high,quartile_tails,0.25,1.0
198740,238,2021-07-24,1.0,1,high,quartile_tails,0.25,1.0
201828,238,2021-07-24,0.23333333333333334,0,baseline,quartile_tails,0.25,1.0
202546,238,2021-07-24,1.0,1,high,quartile_tails,0.25,1.0
203395,238,2021-07-24,0.0,0,baseline,quartile_tails,0.25,1.0
206478,238,2021-07-24,1.0,1,high,quartile_tails,0.25,1.0
207418,238,2021-07-24,1.0,1,high,quartile_tails,0.25,1.0
208369,238,2021-07-24,0.125,0,baseline,quartile_tails,0.25,1.0
209939,238,2021-07-24,1.0,1,high,quartile_tails,0.25,1.0
210614,238,2021-07-24,0.20833333333333331,0,baseline,quartile_tails,0.25,1.0
211129,238,2021-07-24,1.0,1,high,quartile_tails,0.25,1.0
213247,238,2021-07-24,0.16666666666666666,0,baseline,quartile_tails,0.25,1.0
214224,238,2021-07-24,1.0,1,high,quartile_tails,0.25,1.0
214846,238,2021-07-24,0.125,0,baseline,quartile_tails,0.25,1.0
216198,238,2021-07-24,0.0,0,baseline,quartile_tails,0.25,1.0
219374,238,2021-07-24,1.0,1,high,quartile_tails,0.25,1.0
221230,238,2021-07-24,0.0,0,baseline,quartile_tails,0.25,1.0
221848,238,2021-07-24,0.0,0,baseline,quartile_tails,0.25,1.0
223240,238,2021-07-24,0.0,0,baseline,quartile_tails,0.25,1.0
225123,238,2021-07-24,0.25,0,baseline,quartile_tails,0.25,1.0
227629,238,2021-07-24,1.0,1,high,quartile_tails,0.25,1.0
229394,238,2021-07-24,0.0,0,baseline,quartile_tails,0.25,1.0
232329,238,2021-07-24,1.0,1,high,quartile_tails,0.25,1.0
235743,238,2021-07-24,0.25,0,baseline,quartile_tails,0.25,1.0
239686,238,2021-07-24,1.0,1,high,quartile_tails,0.25,1.0
242609,238,2021-07-24,0.1875,0,baseline,quartile_tails,0.25,1.0
245068,238,2021-07-24,0.16666666666666666,0,baseline,quartile_tails,0.25,1.0
248384,238,2021-07-24,0.25,0,baseline,quartile_tails,0.25,1.0
248781,238,2021-07-24,0.25,0,baseline,quartile_tails,0.25,1.0
248905,238,2021-07-24,1.0,1,high,quartile_tails,0.25,1.0
249297,238,2021-07-24,0.0,0,baseline,quartile_tails,0.25,1.0
249974,238,2021-07-24,0.125,0,baseline,quartile_tails,0.25,1.0
252652,238,2021-07-24,0.25,0,baseline,quartile_tails,0.25,1.0
255712,238,2021-07-24,0.08333333333333333,0,baseline,quartile_tails,0.25,1.0
259201,238,2021-07-24,1.0,1,high,quartile_tails,0.25,1.0
259436,238,2021-07-24,1.0,1,high,quartile_tails,0.25,1.0
262339,238,2021-07-24,0.20833333333333331,0,baseline,quartile_tails,0.25,1.0
267261,238,2021-07-24,1.0,1,high,quartile_tails,0.25,1.0
269737,238,2021-07-24,0.25,0,baseline,quartile_tails,0.25,1.0
270271,238,2021-07-24,0.0,0,baseline,quartile_tails,0.25,1.0
271120,238,2021-07-24,0.0,0,baseline,quartile_tails,0.25,1.0
272738,238,2021-07-24,0.0,0,baseline,quartile_tails,0.25,1.0
273366,238,2021-07-24,1.0,1,high,quartile_tails,0.25,1.0
274245,238,2021-07-24,1.0,1,high,quartile_tails,0.25,1.0
275298,238,2021-07-24,1.0,1,high,quartile_tails,0.25,1.0
275323,238,2021-07-24,0.0,0,baseline,quartile_tails,0.25,1.0
275591,238,2021-07-24,1.0,1,high,quartile_tails,0.25,1.0
277400,238,2021-07-24,0.16666666666666666,0,baseline,quartile_tails,0.25,1.0
278531,238,2021-07-24,0.25,0,baseline,quartile_tails,0.25,1.0
279168,238,2021-07-24,0.0,0,baseline,quartile_tails,0.25,1.0
279789,238,2021-07-24,1.0,1,high,quartile_tails,0.25,1.0
280360,238,2021-07-24,1.0,1,high,quartile_tails,0.25,1.0
280833,238,2021-07-24,0.0,0,baseline,quartile_tails,0.25,1.0
281584,238,2021-07-24,1.0,1,high,quartile_tails,0.25,1.0
281674,238,2021-07-24,1.0,1,high,quartile_tails,0.25,1.0
283131,238,2021-07-24,1.0,1,high,quartile_tails,0.25,1.0
284570,238,2021-07-24,1.0,1,high,quartile_tails,0.25,1.0
284695,238,2021-07-24,0.08333333333333333,0,baseline,quartile_tails,0.25,1.0
284900,238,2021-07-24,0.24583333333333335,0,baseline,quartile_tails,0.25,1.0
285136,238,2021-07-24,0.25,0,baseline,quartile_tails,0.25,1.0
287001,238,2021-07-24,0.0,0,baseline,quartile_tails,0.25,1.0
290211,238,2021-07-24,1.0,1,high,quartile_tails,0.25,1.0
293145,238,2021-07-24,1.0,1,high,quartile_tails,0.25,1.0
293674,238,2021-07-24,1.0,1,high,quartile_tails,0.25,1.0
295255,238,2021-07-24,0.0,0,baseline,quartile_tails,0.25,1.0
296264,238,2021-07-24,1.0,1,high,quartile_tails,0.25,1.0
299149,238,2021-07-24,0.0,0,baseline,quartile_tails,0.25,1.0
300761,238,2021-07-24,1.0,1,high,quartile_tails,0.25,1.0
301156,238,2021-07-24,0.25,0,baseline,quartile_tails,0.25,1.0
303062,238,2021-07-24,1.0,1,high,quartile_tails,0.25,1.0
305303,238,2021-07-24,1.0,1,high,quartile_tails,0.25,1.0
307794,238,2021-07-24,1.0,1,high,quartile_tails,0.25,1.0
308119,238,2021-07-24,0.125,0,baseline,quartile_tails,0.25,1.0
311377,238,2021-07-24,1.0,1,high,quartile_tails,0.25,1.0
311466,238,2021-07-24,1.0,1,high,quartile_tails,0.25,1.0
312750,238,2021-07-24,1.0,1,high,quartile_tails,0.25,1.0
313045,238,2021-07-24,1.0,1,high,quartile_tails,0.25,1.0
313086,238,2021-07-24,0.0,0,baseline,quartile_tails,0.25,1.0
317952,238,2021-07-24,1.0,1,high,quartile_tails,0.25,1.0
324396,238,2021-07-24,0.0,0,baseline,quartile_tails,0.25,1.0
324955,238,2021-07-24,1.0,1,high,quartile_tails,0.25,1.0
326113,238,2021-07-24,1.0,1,high,quartile_tails,0.25,1.0
327083,238,2021-07-24,1.0,1,high,quartile_tails,0.25,1.0
328466,238,2021-07-24,1.0,1,high,quartile_tails,0.25,1.0
329972,238,2021-07-24,1.0,1,high,quartile_tails,0.25,1.0
330846,238,2021-07-24,0.25,0,baseline,quartile_tails,0.25,1.0
332683,238,2021-07-24,0.25,0,baseline,quartile_tails,0.25,1.0
333081,238,2021-07-24,1.0,1,high,quartile_tails,0.25,1.0
333363,238,2021-07-24,1.0,1,high,quartile_tails,0.25,1.0
333680,238,2021-07-24,1.0,1,high,quartile_tails,0.25,1.0
334888,238,2021-07-24,1.0,1,high,quartile_tails,0.25,1.0
337040,238,2021-07-24,1.0,1,high,quartile_tails,0.25,1.0
338741,238,2021-07-24,0.08333333333333333,0,baseline,quartile_tails,0.25,1.0
339853,238,2021-07-24,1.0,1,high,quartile_tails,0.25,1.0
339927,238,2021-07-24,1.0,1,high,quartile_tails,0.25,1.0
340934,238,2021-07-24,0.0,0,baseline,quartile_tails,0.25,1.0
341817,238,2021-07-24,1.0,1,high,quartile_tails,0.25,1.0
344489,238,2021-07-24,1.0,1,high,quartile_tails,0.25,1.0
353412,238,2021-07-24,1.0,1,high,quartile_tails,0.25,1.0
355144,238,2021-07-24,1.0,1,high,quartile_tails,0.25,1.0
358175,238,2021-07-24,1.0,1,high,quartile_tails,0.25,1.0
360470,238,2021-07-24,1.0,1,high,quartile_tails,0.25,1.0
360770,238,2021-07-24,1.0,1,high,quartile_tails,0.25,1.0
360772,238,2021-07-24,1.0,1,high,quartile_tails,0.25,1.0
360949,238,2021-07-24,1.0,1,high,quartile_tails,0.25,1.0
362103,238,2021-07-24,1.0,1,high,quartile_tails,0.25,1.0
363960,238,2021-07-24,1.0,1,high,quartile_tails,0.25,1.0
368749,238,2021-07-24,0.0,0,baseline,quartile_tails,0.25,1.0
369391,238,2021-07-24,0.2222222222222222,0,baseline,quartile_tails,0.25,1.0
371578,238,2021-07-24,0.0,0,baseline,quartile_tails,0.25,1.0
374922,238,2021-07-24,1.0,1,high,quartile_tails,0.25,1.0
376363,238,2021-07-24,1.0,1,high,quartile_tails,0.25,1.0
380061,238,2021-07-24,0.0,0,baseline,quartile_tails,0.25,1.0
380771,238,2021-07-24,1.0,1,high,quartile_tails,0.25,1.0
381897,238,2021-07-24,1.0,1,high,quartile_tails,0.25,1.0
382111,238,2021-07-24,0.0,0,baseline,quartile_tails,0.25,1.0
384489,238,2021-07-24,0.0,0,baseline,quartile_tails,0.25,1.0
385399,238,2021-07-24,0.0,0,baseline,quartile_tails,0.25,1.0
389778,238,2021-07-24,1.0,1,high,quartile_tails,0.25,1.0
391340,238,2021-07-24,0.0,0,baseline,quartile_tails,0.25,1.0
392499,238,2021-07-24,1.0,1,high,quartile_tails,0.25,1.0
393317,238,2021-07-24,1.0,1,high,quartile_tails,0.25,1.0
393907,238,2021-07-24,0.25,0,baseline,quartile_tails,0.25,1.0
395607,238,2021-07-24,0.0,0,baseline,quartile_tails,0.25,1.0
396942,238,2021-07-24,1.0,1,high,quartile_tails,0.25,1.0
398438,238,2021-07-24,0.0,0,baseline,quartile_tails,0.25,1.0
398867,238,2021-07-24,0.25,0,baseline,quartile_tails,0.25,1.0
400402,238,2021-07-24,1.0,1,high,quartile_tails,0.25,1.0
407405,238,2021-07-24,1.0,1,high,quartile_tails,0.25,1.0
413974,238,2021-07-24,0.0,0,baseline,quartile_tails,0.25,1.0
417820,238,2021-07-24,0.0625,0,baseline,quartile_tails,0.25,1.0
418632,238,2021-07-24,0.0,0,baseline,quartile_tails,0.25,1.0
419052,238,2021-07-24,1.0,1,high,quartile_tails,0.25,1.0
421679,238,2021-07-24,1.0,1,high,quartile_tails,0.25,1.0
422406,238,2021-07-24,1.0,1,high,quartile_tails,0.25,1.0
422889,238,2021-07-24,1.0,1,high,quartile_tails,0.25,1.0
423449,238,2021-07-24,1.0,1,high,quartile_tails,0.25,1.0
424141,238,2021-07-24,0.2,0,baseline,quartile_tails,0.25,1.0
424304,238,2021-07-24,1.0,1,high,quartile_tails,0.25,1.0
426266,238,2021-07-24,0.0,0,baseline,quartile_tails,0.25,1.0
426512,238,2021-07-24,0.125,0,baseline,quartile_tails,0.25,1.0
427908,238,2021-07-24,1.0,1,high,quartile_tails,0.25,1.0
428503,238,2021-07-24,0.0,0,baseline,quartile_tails,0.25,1.0
430028,238,2021-07-24,1.0,1,high,quartile_tails,0.25,1.0
430912,238,2021-07-24,0.0,0,baseline,quartile_tails,0.25,1.0
432082,238,2021-07-24,0.0,0,baseline,quartile_tails,0.25,1.0
434231,238,2021-07-24,1.0,1,high,quartile_tails,0.25,1.0
434267,238,2021-07-24,1.0,1,high,quartile_tails,0.25,1.0
437073,238,2021-07-24,0.0,0,baseline,quartile_tails,0.25,1.0
439110,238,2021-07-24,1.0,1,high,quartile_tails,0.25,1.0
441560,238,2021-07-24,1.0,1,high,quartile_tails,0.25,1.0
442238,238,2021-07-24,0.125,0,baseline,quartile_tails,0.25,1.0
443425,238,2021-07-24,0.25,0,baseline,quartile_tails,0.25,1.0
443929,238,2021-07-24,1.0,1,high,quartile_tails,0.25,1.0
443988,238,2021-07-24,1.0,1,high,quartile_tails,0.25,1.0
444020,238,2021-07-24,1.0,1,high,quartile_tails,0.25,1.0
444069,238,2021-07-24,0.0,0,baseline,quartile_tails,0.25,1.0
446117,238,2021-07-24,0.125,0,baseline,quartile_tails,0.25,1.0
446496,238,2021-07-24,1.0,1,high,quartile_tails,0.25,1.0
446839,238,2021-07-24,0.0,0,baseline,quartile_tails,0.25,1.0
447268,238,2021-07-24,0.1111111111111111,0,baseline,quartile_tails,0.25,1.0
451536,238,2021-07-24,1.0,1,high,quartile_tails,0.25,1.0
455190,238,2021-07-24,0.20535714285714285,0,baseline,quartile_tails,0.25,1.0
456058,238,2021-07-24,1.0,1,high,quartile_tails,0.25,1.0
456116,238,2021-07-24,0.0,0,baseline,quartile_tails,0.25,1.0
457091,238,2021-07-24,1.0,1,high,quartile_tails,0.25,1.0
459552,238,2021-07-24,0.125,0,baseline,quartile_tails,0.25,1.0
460184,238,2021-07-24,1.0,1,high,quartile_tails,0.25,1.0
463175,238,2021-07-24,1.0,1,high,quartile_tails,0.25,1.0
473479,238,2021-07-24,0.19999999999999998,0,baseline,quartile_tails,0.25,1.0
474685,238,2021-07-24,0.25,0,baseline,quartile_tails,0.25,1.0
476080,238,2021-07-24,0.20833333333333331,0,baseline,quartile_tails,0.25,1.0
480564,238,2021-07-24,1.0,1,high,quartile_tails,0.25,1.0
480901,238,2021-07-24,1.0,1,high,quartile_tails,0.25,1.0
482121,238,2021-07-24,0.16666666666666666,0,baseline,quartile_tails,0.25,1.0
482462,238,2021-07-24,1.0,1,high,quartile_tails,0.25,1.0
483488,238,2021-07-24,1.0,1,high,quartile_tails,0.25,1.0
485944,238,2021-07-24,0.0,0,baseline,quartile_tails,0.25,1.0
492153,238,2021-07-24,1.0,1,high,quartile_tails,0.25,1.0
492873,238,2021-07-24,1.0,1,high,quartile_tails,0.25,1.0
494051,238,2021-07-24,1.0,1,high,quartile_tails,0.25,1.0
494067,238,2021-07-24,1.0,1,high,quartile_tails,0.25,1.0
496183,238,2021-07-24,1.0,1,high,quartile_tails,0.25,1.0
496494,238,2021-07-24,1.0,1,high,quartile_tails,0.25,1.0
496632,238,2021-07-24,0.1,0,baseline,quartile_tails,0.25,1.0
496897,238,2021-07-24,0.0,0,baseline,quartile_tails,0.25,1.0
499887,238,2021-07-24,1.0,1,high,quartile_tails,0.25,1.0
503429,238,2021-07-24,1.0,1,high,quartile_tails,0.25,1.0
504070,238,2021-07-24,1.0,1,high,quartile_tails,0.25,1.0
508905,238,2021-07-24,0.24444444444444446,0,baseline,quartile_tails,0.25,1.0
508974,238,2021-07-24,0.0,0,baseline,quartile_tails,0.25,1.0
509782,238,2021-07-24,1.0,1,high,quartile_tails,0.25,1.0
510566,238,2021-07-24,1.0,1,high,quartile_tails,0.25,1.0
511864,238,2021-07-24,0.25,0,baseline,quartile_tails,0.25,1.0
513031,238,2021-07-24,1.0,1,high,quartile_tails,0.25,1.0
515367,238,2021-07-24,1.0,1,high,quartile_tails,0.25,1.0
517426,238,2021-07-24,0.0,0,baseline,quartile_tails,0.25,1.0
519227,238,2021-07-24,0.0,0,baseline,quartile_tails,0.25,1.0
519604,238,2021-07-24,1.0,1,high,quartile_tails,0.25,1.0
520015,238,2021-07-24,0.16666666666666666,0,baseline,quartile_tails,0.25,1.0
520717,238,2021-07-24,1.0,1,high,quartile_tails,0.25,1.0
521005,238,2021-07-24,1.0,1,high,quartile_tails,0.25,1.0
521116,238,2021-07-24,1.0,1,high,quartile_tails,0.25,1.0
523843,238,2021-07-24,1.0,1,high,quartile_tails,0.25,1.0
524647,238,2021-07-24,1.0,1,high,quartile_tails,0.25,1.0
525598,238,2021-07-24,0.125,0,baseline,quartile_tails,0.25,1.0
528931,238,2021-07-24,1.0,1,high,quartile_tails,0.25,1.0
530135,238,2021-07-24,0.0,0,baseline,quartile_tails,0.25,1.0
530984,238,2021-07-24,1.0,1,high,quartile_tails,0.25,1.0
531856,238,2021-07-24,1.0,1,high,quartile_tails,0.25,1.0
532236,238,2021-07-24,1.0,1,high,quartile_tails,0.25,1.0
532394,238,2021-07-24,0.0,0,baseline,quartile_tails,0.25,1.0
533640,238,2021-07-24,1.0,1,high,quartile_tails,0.25,1.0
534274,238,2021-07-24,0.0,0,baseline,quartile_tails,0.25,1.0
535591,238,2021-07-24,1.0,1,high,quartile_tails,0.25,1.0
536429,238,2021-07-24,1.0,1,high,quartile_tails,0.25,1.0
536684,238,2021-07-24,0.0,0,baseline,quartile_tails,0.25,1.0
537687,238,2021-07-24,1.0,1,high,quartile_tails,0.25,1.0
539535,238,2021-07-24,0.25,0,baseline,quartile_tails,0.25,1.0
540352,238,2021-07-24,1.0,1,high,quartile_tails,0.25,1.0
540461,238,2021-07-24,1.0,1,high,quartile_tails,0.25,1.0
543751,238,2021-07-24,0.0,0,baseline,quartile_tails,0.25,1.0
546358,238,2021-07-24,1.0,1,high,quartile_tails,0.25,1.0
546452,238,2021-07-24,1.0,1,high,quartile_tails,0.25,1.0
546507,238,2021-07-24,1.0,1,high,quartile_tails,0.25,1.0
547520,238,2021-07-24,1.0,1,high,quartile_tails,0.25,1.0
548860,238,2021-07-24,0.25,0,baseline,quartile_tails,0.25,1.0
549678,238,2021-07-24,1.0,1,high,quartile_tails,0.25,1.0
550871,238,2021-07-24,0.25,0,baseline,quartile_tails,0.25,1.0
551860,238,2021-07-24,0.125,0,baseline,quartile_tails,0.25,1.0
552185,238,2021-07-24,1.0,1,high,quartile_tails,0.25,1.0
554406,238,2021-07-24,0.0,0,baseline,quartile_tails,0.25,1.0
555248,238,2021-07-24,1.0,1,high,quartile_tails,0.25,1.0
555559,238,2021-07-24,0.0,0,baseline,quartile_tails,0.25,1.0
557416,238,2021-07-24,0.0,0,baseline,quartile_tails,0.25,1.0
560811,238,2021-07-24,0.25,0,baseline,quartile_tails,0.25,1.0
561665,238,2021-07-24,1.0,1,high,quartile_tails,0.25,1.0
562006,238,2021-07-24,0.12499999999999999,0,baseline,quartile_tails,0.25,1.0
563470,238,2021-07-24,0.16666666666666666,0,baseline,quartile_tails,0.25,1.0
565476,238,2021-07-24,1.0,1,high,quartile_tails,0.25,1.0
565986,238,2021-07-24,1.0,1,high,quartile_tails,0.25,1.0
566009,238,2021-07-24,0.20833333333333331,0,baseline,quartile_tails,0.25,1.0
566284,238,2021-07-24,1.0,1,high,quartile_tails,0.25,1.0
570285,238,2021-07-24,1.0,1,high,quartile_tails,0.25,1.0
571567,238,2021-07-24,1.0,1,high,quartile_tails,0.25,1.0
572149,238,2021-07-24,1.0,1,high,quartile_tails,0.25,1.0
573065,238,2021-07-24,0.16666666666666666,0,baseline,quartile_tails,0.25,1.0
573439,238,2021-07-24,0.0,0,baseline,quartile_tails,0.25,1.0
574014,238,2021-07-24,1.0,1,high,quartile_tails,0.25,1.0
576610,238,2021-07-24,1.0,1,high,quartile_tails,0.25,1.0
578638,238,2021-07-24,1.0,1,high,quartile_tails,0.25,1.0
580193,238,2021-07-24,1.0,1,high,quartile_tails,0.25,1.0
580462,238,2021-07-24,1.0,1,high,quartile_tails,0.25,1.0
581992,238,2021-07-24,0.0,0,baseline,quartile_tails,0.25,1.0
582186,238,2021-07-24,1.0,1,high,quartile_tails,0.25,1.0
583898,238,2021-07-24,1.0,1,high,quartile_tails,0.25,1.0
584990,238,2021-07-24,0.0,0,baseline,quartile_tails,0.25,1.0
586293,238,2021-07-24,1.0,1,high,quartile_tails,0.25,1.0
588240,238,2021-07-24,1.0,1,high,quartile_tails,0.25,1.0
588349,238,2021-07-24,1.0,1,high,quartile_tails,0.25,1.0
588435,238,2021-07-24,1.0,1,high,quartile_tails,0.25,1.0
588660,238,2021-07-24,1.0,1,high,quartile_tails,0.25,1.0
589228,238,2021-07-24,0.16666666666666666,0,baseline,quartile_tails,0.25,1.0
589418,238,2021-07-24,0.2222222222222222,0,baseline,quartile_tails,0.25,1.0
589770,238,2021-07-24,0.0,0,baseline,quartile_tails,0.25,1.0
593084,238,2021-07-24,1.0,1,high,quartile_tails,0.25,1.0
596371,238,2021-07-24,1.0,1,high,quartile_tails,0.25,1.0
597481,238,2021-07-24,0.16666666666666666,0,baseline,quartile_tails,0.25,1.0
599120,238,2021-07-24,0.0,0,baseline,quartile_tails,0.25,1.0
599447,238,2021-07-24,1.0,1,high,quartile_tails,0.25,1.0
599807,238,2021-07-24,1.0,1,high,quartile_tails,0.25,1.0
603534,238,2021-07-24,1.0,1,high,quartile_tails,0.25,1.0
603623,238,2021-07-24,1.0,1,high,quartile_tails,0.25,1.0
605622,238,2021-07-24,1.0,1,high,quartile_tails,0.25,1.0
606382,238,2021-07-24,0.0625,0,baseline,quartile_tails,0.25,1.0
606526,238,2021-07-24,0.20833333333333331,0,baseline,quartile_tails,0.25,1.0
607865,238,2021-07-24,1.0,1,high,quartile_tails,0.25,1.0
608899,238,2021-07-24,1.0,1,high,quartile_tails,0.25,1.0
610149,238,2021-07-24,1.0,1,high,quartile_tails,0.25,1.0
612509,238,2021-07-24,1.0,1,high,quartile_tails,0.25,1.0
613465,238,2021-07-24,1.0,1,high,quartile_tails,0.25,1.0
615087,238,2021-07-24,1.0,1,high,quartile_tails,0.25,1.0
615549,238,2021-07-24,1.0,1,high,quartile_tails,0.25,1.0
615746,238,2021-07-24,1.0,1,high,quartile_tails,0.25,1.0
620715,238,2021-07-24,1.0,1,high,quartile_tails,0.25,1.0
623077,238,2021-07-24,1.0,1,high,quartile_tails,0.25,1.0
623570,238,2021-07-24,0.25,0,baseline,quartile_tails,0.25,1.0
624738,238,2021-07-24,1.0,1,high,quartile_tails,0.25,1.0
625000,238,2021-07-24,1.0,1,high,quartile_tails,0.25,1.0
625368,238,2021-07-24,1.0,1,high,quartile_tails,0.25,1.0
625951,238,2021-07-24,1.0,1,high,quartile_tails,0.25,1.0
626049,238,2021-07-24,0.0,0,baseline,quartile_tails,0.25,1.0
626885,238,2021-07-24,0.0,0,baseline,quartile_tails,0.25,1.0
626912,238,2021-07-24,0.0,0,baseline,quartile_tails,0.25,1.0
628895,238,2021-07-24,1.0,1,high,quartile_tails,0.25,1.0
628916,238,2021-07-24,0.0,0,baseline,quartile_tails,0.25,1.0
629680,238,2021-07-24,1.0,1,high,quartile_tails,0.25,1.0
631318,238,2021-07-24,0.0,0,baseline,quartile_tails,0.25,1.0
633204,238,2021-07-24,1.0,1,high,quartile_tails,0.25,1.0
635252,238,2021-07-24,0.16666666666666666,0,baseline,quartile_tails,0.25,1.0
635392,238,2021-07-24,1.0,1,high,quartile_tails,0.25,1.0
635602,238,2021-07-24,1.0,1,high,quartile_tails,0.25,1.0
639607,238,2021-07-24,1.0,1,high,quartile_tails,0.25,1.0
641378,238,2021-07-24,0.25,0,baseline,quartile_tails,0.25,1.0
641540,238,2021-07-24,1.0,1,high,quartile_tails,0.25,1.0
642268,238,2021-07-24,1.0,1,high,quartile_tails,0.25,1.0
643527,238,2021-07-24,0.0,0,baseline,quartile_tails,0.25,1.0
644800,238,2021-07-24,0.125,0,baseline,quartile_tails,0.25,1.0
645387,238,2021-07-24,0.0,0,baseline,quartile_tails,0.25,1.0
647489,238,2021-07-24,0.14583333333333331,0,baseline,quartile_tails,0.25,1.0
647559,238,2021-07-24,1.0,1,high,quartile_tails,0.25,1.0
649576,238,2021-07-24,0.0,0,baseline,quartile_tails,0.25,1.0
650120,238,2021-07-24,0.125,0,baseline,quartile_tails,0.25,1.0
651521,238,2021-07-24,1.0,1,high,quartile_tails,0.25,1.0
652162,238,2021-07-24,0.0,0,baseline,quartile_tails,0.25,1.0
653097,238,2021-07-24,1.0,1,high,quartile_tails,0.25,1.0
653819,238,2021-07-24,0.1875,0,baseline,quartile_tails,0.25,1.0
654495,238,2021-07-24,1.0,1,high,quartile_tails,0.25,1.0
654506,238,2021-07-24,0.18333333333333335,0,baseline,quartile_tails,0.25,1.0
654920,238,2021-07-24,0.25,0,baseline,quartile_tails,0.25,1.0
654966,238,2021-07-24,1.0,1,high,quartile_tails,0.25,1.0
655067,238,2021-07-24,1.0,1,high,quartile_tails,0.25,1.0
656181,238,2021-07-24,0.0,0,baseline,quartile_tails,0.25,1.0
657114,238,2021-07-24,1.0,1,high,quartile_tails,0.25,1.0
658011,238,2021-07-24,0.1875,0,baseline,quartile_tails,0.25,1.0
659409,238,2021-07-24,0.0,0,baseline,quartile_tails,0.25,1.0
660385,238,2021-07-24,0.0,0,baseline,quartile_tails,0.25,1.0
660481,238,2021-07-24,1.0,1,high,quartile_tails,0.25,1.0
662278,238,2021-07-24,0.25,0,baseline,quartile_tails,0.25,1.0
663282,238,2021-07-24,1.0,1,high,quartile_tails,0.25,1.0
664661,238,2021-07-24,0.25,0,baseline,quartile_tails,0.25,1.0
664665,238,2021-07-24,1.0,1,high,quartile_tails,0.25,1.0
664959,238,2021-07-24,1.0,1,high,quartile_tails,0.25,1.0
665947,238,2021-07-24,1.0,1,high,quartile_tails,0.25,1.0
666268,238,2021-07-24,0.24583333333333335,0,baseline,quartile_tails,0.25,1.0
666978,238,2021-07-24,0.0,0,baseline,quartile_tails,0.25,1.0
669793,238,2021-07-24,1.0,1,high,quartile_tails,0.25,1.0
669821,238,2021-07-24,0.0,0,baseline,quartile_tails,0.25,1.0
671785,238,2021-07-24,1.0,1,high,quartile_tails,0.25,1.0
672167,238,2021-07-24,1.0,1,high,quartile_tails,0.25,1.0
673026,238,2021-07-24,1.0,1,high,quartile_tails,0.25,1.0
673947,238,2021-07-24,1.0,1,high,quartile_tails,0.25,1.0
674167,238,2021-07-24,1.0,1,high,quartile_tails,0.25,1.0
674420,238,2021-07-24,0.2222222222222222,0,baseline,quartile_tails,0.25,1.0
675210,238,2021-07-24,1.0,1,high,quartile_tails,0.25,1.0
675685,238,2021-07-24,0.2222222222222222,0,baseline,quartile_tails,0.25,1.0
676198,238,2021-07-24,0.0,0,baseline,quartile_tails,0.25,1.0
676487,238,2021-07-24,0.25,0,baseline,quartile_tails,0.25,1.0
677420,238,2021-07-24,0.125,0,baseline,quartile_tails,0.25,1.0
677739,238,2021-07-24,1.0,1,high,quartile_tails,0.25,1.0
677863,238,2021-07-24,1.0,1,high,quartile_tails,0.25,1.0
680596,238,2021-07-24,1.0,1,high,quartile_tails,0.25,1.0
682196,238,2021-07-24,0.0,0,baseline,quartile_tails,0.25,1.0
683285,238,2021-07-24,1.0,1,high,quartile_tails,0.25,1.0
684072,238,2021-07-24,0.0,0,baseline,quartile_tails,0.25,1.0
684396,238,2021-07-24,1.0,1,high,quartile_tails,0.25,1.0
685016,238,2021-07-24,0.0,0,baseline,quartile_tails,0.25,1.0
686670,238,2021-07-24,0.0,0,baseline,quartile_tails,0.25,1.0
688601,238,2021-07-24,1.0,1,high,quartile_tails,0.25,1.0
689139,238,2021-07-24,0.0,0,baseline,quartile_tails,0.25,1.0
690510,238,2021-07-24,0.0,0,baseline,quartile_tails,0.25,1.0
692620,238,2021-07-24,1.0,1,high,quartile_tails,0.25,1.0
693425,238,2021-07-24,1.0,1,high,quartile_tails,0.25,1.0
693746,238,2021-07-24,1.0,1,high,quartile_tails,0.25,1.0
695016,238,2021-07-24,1.0,1,high,quartile_tails,0.25,1.0
695631,238,2021-07-24,0.0,0,baseline,quartile_tails,0.25,1.0
696254,238,2021-07-24,0.0,0,baseline,quartile_tails,0.25,1.0
696880,238,2021-07-24,0.18333333333333335,0,baseline,quartile_tails,0.25,1.0
701831,238,2021-07-24,1.0,1,high,quartile_tails,0.25,1.0
702745,238,2021-07-24,1.0,1,high,quartile_tails,0.25,1.0
703226,238,2021-07-24,1.0,1,high,quartile_tails,0.25,1.0
703714,238,2021-07-24,1.0,1,high,quartile_tails,0.25,1.0
705425,238,2021-07-24,1.0,1,high,quartile_tails,0.25,1.0
706208,238,2021-07-24,0.1875,0,baseline,quartile_tails,0.25,1.0
707917,238,2021-07-24,0.19999999999999998,0,baseline,quartile_tails,0.25,1.0
709071,238,2021-07-24,1.0,1,high,quartile_tails,0.25,1.0
709509,238,2021-07-24,0.25,0,baseline,quartile_tails,0.25,1.0
711116,238,2021-07-24,1.0,1,high,quartile_tails,0.25,1.0
712788,238,2021-07-24,1.0,1,high,quartile_tails,0.25,1.0
713057,238,2021-07-24,1.0,1,high,quartile_tails,0.25,1.0
715144,238,2021-07-24,1.0,1,high,quartile_tails,0.25,1.0
715642,238,2021-07-24,0.0,0,baseline,quartile_tails,0.25,1.0
717734,238,2021-07-24,1.0,1,high,quartile_tails,0.25,1.0
721719,238,2021-07-24,0.0,0,baseline,quartile_tails,0.25,1.0
721720,238,2021-07-24,1.0,1,high,quartile_tails,0.25,1.0
722084,238,2021-07-24,1.0,1,high,quartile_tails,0.25,1.0
725045,238,2021-07-24,1.0,1,high,quartile_tails,0.25,1.0
725347,238,2021-07-24,1.0,1,high,quartile_tails,0.25,1.0
726318,238,2021-07-24,1.0,1,high,quartile_tails,0.25,1.0
726610,238,2021-07-24,0.0,0,baseline,quartile_tails,0.25,1.0
726706,238,2021-07-24,1.0,1,high,quartile_tails,0.25,1.0
726882,238,2021-07-24,0.0,0,baseline,quartile_tails,0.25,1.0
728048,238,2021-07-24,1.0,1,high,quartile_tails,0.25,1.0
728215,238,2021-07-24,1.0,1,high,quartile_tails,0.25,1.0
728820,238,2021-07-24,1.0,1,high,quartile_tails,0.25,1.0
729106,238,2021-07-24,0.0,0,baseline,quartile_tails,0.25,1.0
729961,238,2021-07-24,1.0,1,high,quartile_tails,0.25,1.0
730285,238,2021-07-24,0.16666666666666666,0,baseline,quartile_tails,0.25,1.0
730675,238,2021-07-24,0.24285714285714285,0,baseline,quartile_tails,0.25,1.0
731367,238,2021-07-24,0.0,0,baseline,quartile_tails,0.25,1.0
731841,238,2021-07-24,0.16666666666666666,0,baseline,quartile_tails,0.25,1.0
733160,238,2021-07-24,1.0,1,high,quartile_tails,0.25,1.0
734883,238,2021-07-24,0.0,0,baseline,quartile_tails,0.25,1.0
735253,238,2021-07-24,0.0,0,baseline,quartile_tails,0.25,1.0
740883,238,2021-07-24,1.0,1,high,quartile_tails,0.25,1.0
741000,238,2021-07-24,1.0,1,high,quartile_tails,0.25,1.0
741566,238,2021-07-24,1.0,1,high,quartile_tails,0.25,1.0
741757,238,2021-07-24,0.25,0,baseline,quartile_tails,0.25,1.0
742250,238,2021-07-24,0.0,0,baseline,quartile_tails,0.25,1.0
743738,238,2021-07-24,0.0,0,baseline,quartile_tails,0.25,1.0
744589,238,2021-07-24,1.0,1,high,quartile_tails,0.25,1.0
745701,238,2021-07-24,1.0,1,high,quartile_tails,0.25,1.0
746906,238,2021-07-24,0.0,0,baseline,quartile_tails,0.25,1.0
747486,238,2021-07-24,1.0,1,high,quartile_tails,0.25,1.0
747964,238,2021-07-24,0.16666666666666666,0,baseline,quartile_tails,0.25,1.0
749571,238,2021-07-24,1.0,1,high,quartile_tails,0.25,1.0
750098,238,2021-07-24,0.0,0,baseline,quartile_tails,0.25,1.0
751875,238,2021-07-24,1.0,1,high,quartile_tails,0.25,1.0
752058,238,2021-07-24,1.0,1,high,quartile_tails,0.25,1.0
754048,238,2021-07-24,1.0,1,high,quartile_tails,0.25,1.0
754956,238,2021-07-24,1.0,1,high,quartile_tails,0.25,1.0
757256,238,2021-07-24,1.0,1,high,quartile_tails,0.25,1.0
757902,238,2021-07-24,0.0,0,baseline,quartile_tails,0.25,1.0
759948,238,2021-07-24,0.08333333333333333,0,baseline,quartile_tails,0.25,1.0
762052,238,2021-07-24,0.0,0,baseline,quartile_tails,0.25,1.0
762220,238,2021-07-24,1.0,1,high,quartile_tails,0.25,1.0
762230,238,2021-07-24,0.0,0,baseline,quartile_tails,0.25,1.0
762785,238,2021-07-24,1.0,1,high,quartile_tails,0.25,1.0
763580,238,2021-07-24,1.0,1,high,quartile_tails,0.25,1.0
764190,238,2021-07-24,0.25,0,baseline,quartile_tails,0.25,1.0
764750,238,2021-07-24,1.0,1,high,quartile_tails,0.25,1.0
764900,238,2021-07-24,1.0,1,high,quartile_tails,0.25,1.0
765697,238,2021-07-24,0.25,0,baseline,quartile_tails,0.25,1.0
766218,238,2021-07-24,0.25,0,baseline,quartile_tails,0.25,1.0
767131,238,2021-07-24,1.0,1,high,quartile_tails,0.25,1.0
770342,238,2021-07-24,0.1875,0,baseline,quartile_tails,0.25,1.0
771020,238,2021-07-24,1.0,1,high,quartile_tails,0.25,1.0
772744,238,2021-07-24,1.0,1,high,quartile_tails,0.25,1.0
772831,238,2021-07-24,1.0,1,high,quartile_tails,0.25,1.0
773503,238,2021-07-24,0.0,0,baseline,quartile_tails,0.25,1.0
777838,238,2021-07-24,1.0,1,high,quartile_tails,0.25,1.0
778309,238,2021-07-24,0.16666666666666666,0,baseline,quartile_tails,0.25,1.0
780103,238,2021-07-24,1.0,1,high,quartile_tails,0.25,1.0
780269,238,2021-07-24,1.0,1,high,quartile_tails,0.25,1.0
780340,238,2021-07-24,0.0,0,baseline,quartile_tails,0.25,1.0
780471,238,2021-07-24,1.0,1,high,quartile_tails,0.25,1.0
780864,238,2021-07-24,0.0,0,baseline,quartile_tails,0.25,1.0
781548,238,2021-07-24,0.0,0,baseline,quartile_tails,0.25,1.0
783542,238,2021-07-24,0.0,0,baseline,quartile_tails,0.25,1.0
784094,238,2021-07-24,1.0,1,high,quartile_tails,0.25,1.0
784857,238,2021-07-24,1.0,1,high,quartile_tails,0.25,1.0
785156,238,2021-07-24,0.0,0,baseline,quartile_tails,0.25,1.0
786302,238,2021-07-24,0.0625,0,baseline,quartile_tails,0.25,1.0
787011,238,2021-07-24,1.0,1,high,quartile_tails,0.25,1.0
787228,238,2021-07-24,0.25,0,baseline,quartile_tails,0.25,1.0
791034,238,2021-07-24,1.0,1,high,quartile_tails,0.25,1.0
792249,238,2021-07-24,1.0,1,high,quartile_tails,0.25,1.0
792288,238,2021-07-24,0.0,0,baseline,quartile_tails,0.25,1.0
792770,238,2021-07-24,0.25,0,baseline,quartile_tails,0.25,1.0
793251,238,2021-07-24,0.16666666666666666,0,baseline,quartile_tails,0.25,1.0
793574,238,2021-07-24,0.25,0,baseline,quartile_tails,0.25,1.0
794212,238,2021-07-24,1.0,1,high,quartile_tails,0.25,1.0
794696,238,2021-07-24,1.0,1,high,quartile_tails,0.25,1.0
795991,238,2021-07-24,0.0,0,baseline,quartile_tails,0.25,1.0
796922,238,2021-07-24,1.0,1,high,quartile_tails,0.25,1.0
797126,238,2021-07-24,0.16666666666666666,0,baseline,quartile_tails,0.25,1.0
798960,238,2021-07-24,0.0,0,baseline,quartile_tails,0.25,1.0
801361,238,2021-07-24,0.0,0,baseline,quartile_tails,0.25,1.0
802134,238,2021-07-24,0.125,0,baseline,quartile_tails,0.25,1.0
803593,238,2021-07-24,1.0,1,high,quartile_tails,0.25,1.0
804542,238,2021-07-24,0.0,0,baseline,quartile_tails,0.25,1.0
806284,238,2021-07-24,1.0,1,high,quartile_tails,0.25,1.0
3053,246,2021-07-27,0.25,0,baseline,quartile_tails,0.25,1.0
3602,246,2021-07-27,1.0,1,high,quartile_tails,0.25,1.0
4261,246,2021-07-27,1.0,1,high,quartile_tails,0.25,1.0
4800,246,2021-07-27,1.0,1,high,quartile_tails,0.25,1.0
7245,246,2021-07-27,0.0625,0,baseline,quartile_tails,0.25,1.0
8291,246,2021-07-27,0.175,0,baseline,quartile_tails,0.25,1.0
10179,246,2021-07-27,1.0,1,high,quartile_tails,0.25,1.0
10427,246,2021-07-27,1.0,1,high,quartile_tails,0.25,1.0
10453,246,2021-07-27,0.0,0,baseline,quartile_tails,0.25,1.0
15110,246,2021-07-27,0.16666666666666666,0,baseline,quartile_tails,0.25,1.0
17165,246,2021-07-27,0.0,0,baseline,quartile_tails,0.25,1.0
24301,246,2021-07-27,0.0,0,baseline,quartile_tails,0.25,1.0
37506,246,2021-07-27,0.25,0,baseline,quartile_tails,0.25,1.0
37541,246,2021-07-27,1.0,1,high,quartile_tails,0.25,1.0
49114,246,2021-07-27,1.0,1,high,quartile_tails,0.25,1.0
50430,246,2021-07-27,1.0,1,high,quartile_tails,0.25,1.0
55719,246,2021-07-27,1.0,1,high,quartile_tails,0.25,1.0
62467,246,2021-07-27,0.06666666666666667,0,baseline,quartile_tails,0.25,1.0
64161,246,2021-07-27,1.0,1,high,quartile_tails,0.25,1.0
65724,246,2021-07-27,1.0,1,high,quartile_tails,0.25,1.0
83197,246,2021-07-27,1.0,1,high,quartile_tails,0.25,1.0
94006,246,2021-07-27,1.0,1,high,quartile_tails,0.25,1.0
107729,246,2021-07-27,0.08299272486772487,0,baseline,quartile_tails,0.25,1.0
115213,246,2021-07-27,0.25,0,baseline,quartile_tails,0.25,1.0
117266,246,2021-07-27,0.0,0,baseline,quartile_tails,0.25,1.0
117689,246,2021-07-27,0.25,0,baseline,quartile_tails,0.25,1.0
124519,246,2021-07-27,0.0,0,baseline,quartile_tails,0.25,1.0
138417,246,2021-07-27,1.0,1,high,quartile_tails,0.25,1.0
147307,246,2021-07-27,1.0,1,high,quartile_tails,0.25,1.0
159290,246,2021-07-27,0.25,0,baseline,quartile_tails,0.25,1.0
168851,246,2021-07-27,1.0,1,high,quartile_tails,0.25,1.0
168859,246,2021-07-27,1.0,1,high,quartile_tails,0.25,1.0
169779,246,2021-07-27,0.0,0,baseline,quartile_tails,0.25,1.0
174299,246,2021-07-27,1.0,1,high,quartile_tails,0.25,1.0
184868,246,2021-07-27,1.0,1,high,quartile_tails,0.25,1.0
205498,246,2021-07-27,0.0,0,baseline,quartile_tails,0.25,1.0
210109,246,2021-07-27,0.25,0,baseline,quartile_tails,0.25,1.0
210669,246,2021-07-27,0.25,0,baseline,quartile_tails,0.25,1.0
215562,246,2021-07-27,1.0,1,high,quartile_tails,0.25,1.0
226835,246,2021-07-27,1.0,1,high,quartile_tails,0.25,1.0
229636,246,2021-07-27,1.0,1,high,quartile_tails,0.25,1.0
233290,246,2021-07-27,1.0,1,high,quartile_tails,0.25,1.0
241338,246,2021-07-27,1.0,1,high,quartile_tails,0.25,1.0
241507,246,2021-07-27,0.0,0,baseline,quartile_tails,0.25,1.0
245077,246,2021-07-27,0.25,0,baseline,quartile_tails,0.25,1.0
249817,246,2021-07-27,0.0,0,baseline,quartile_tails,0.25,1.0
252087,246,2021-07-27,1.0,1,high,quartile_tails,0.25,1.0
259539,246,2021-07-27,0.25,0,baseline,quartile_tails,0.25,1.0
259582,246,2021-07-27,1.0,1,high,quartile_tails,0.25,1.0
260406,246,2021-07-27,0.25,0,baseline,quartile_tails,0.25,1.0
265383,246,2021-07-27,0.25,0,baseline,quartile_tails,0.25,1.0
266110,246,2021-07-27,0.2222222222222222,0,baseline,quartile_tails,0.25,1.0
271753,246,2021-07-27,0.1111111111111111,0,baseline,quartile_tails,0.25,1.0
272325,246,2021-07-27,1.0,1,high,quartile_tails,0.25,1.0
277601,246,2021-07-27,1.0,1,high,quartile_tails,0.25,1.0
285633,246,2021-07-27,1.0,1,high,quartile_tails,0.25,1.0
286482,246,2021-07-27,1.0,1,high,quartile_tails,0.25,1.0
286897,246,2021-07-27,1.0,1,high,quartile_tails,0.25,1.0
287756,246,2021-07-27,1.0,1,high,quartile_tails,0.25,1.0
288975,246,2021-07-27,1.0,1,high,quartile_tails,0.25,1.0
304979,246,2021-07-27,0.0,0,baseline,quartile_tails,0.25,1.0
307417,246,2021-07-27,0.125,0,baseline,quartile_tails,0.25,1.0
313013,246,2021-07-27,0.0,0,baseline,quartile_tails,0.25,1.0
338562,246,2021-07-27,1.0,1,high,quartile_tails,0.25,1.0
339792,246,2021-07-27,0.0,0,baseline,quartile_tails,0.25,1.0
344830,246,2021-07-27,1.0,1,high,quartile_tails,0.25,1.0
357111,246,2021-07-27,1.0,1,high,quartile_tails,0.25,1.0
359844,246,2021-07-27,0.25,0,baseline,quartile_tails,0.25,1.0
365341,246,2021-07-27,0.0,0,baseline,quartile_tails,0.25,1.0
375645,246,2021-07-27,1.0,1,high,quartile_tails,0.25,1.0
398720,246,2021-07-27,1.0,1,high,quartile_tails,0.25,1.0
400356,246,2021-07-27,1.0,1,high,quartile_tails,0.25,1.0
403400,246,2021-07-27,1.0,1,high,quartile_tails,0.25,1.0
417897,246,2021-07-27,1.0,1,high,quartile_tails,0.25,1.0
423045,246,2021-07-27,0.25,0,baseline,quartile_tails,0.25,1.0
440301,246,2021-07-27,0.16666666666666666,0,baseline,quartile_tails,0.25,1.0
441960,246,2021-07-27,0.0,0,baseline,quartile_tails,0.25,1.0
442347,246,2021-07-27,0.0,0,baseline,quartile_tails,0.25,1.0
444724,246,2021-07-27,1.0,1,high,quartile_tails,0.25,1.0
449149,246,2021-07-27,0.0,0,baseline,quartile_tails,0.25,1.0
452195,246,2021-07-27,1.0,1,high,quartile_tails,0.25,1.0
452907,246,2021-07-27,1.0,1,high,quartile_tails,0.25,1.0
470518,246,2021-07-27,1.0,1,high,quartile_tails,0.25,1.0
476923,246,2021-07-27,1.0,1,high,quartile_tails,0.25,1.0
477028,246,2021-07-27,0.0,0,baseline,quartile_tails,0.25,1.0
495255,246,2021-07-27,1.0,1,high,quartile_tails,0.25,1.0
495653,246,2021-07-27,1.0,1,high,quartile_tails,0.25,1.0
501027,246,2021-07-27,0.0,0,baseline,quartile_tails,0.25,1.0
507059,246,2021-07-27,1.0,1,high,quartile_tails,0.25,1.0
516387,246,2021-07-27,0.0,0,baseline,quartile_tails,0.25,1.0
523756,246,2021-07-27,0.0,0,baseline,quartile_tails,0.25,1.0
524242,246,2021-07-27,0.0,0,baseline,quartile_tails,0.25,1.0
525089,246,2021-07-27,0.0,0,baseline,quartile_tails,0.25,1.0
527214,246,2021-07-27,0.16666666666666666,0,baseline,quartile_tails,0.25,1.0
529562,246,2021-07-27,1.0,1,high,quartile_tails,0.25,1.0
531816,246,2021-07-27,1.0,1,high,quartile_tails,0.25,1.0
545758,246,2021-07-27,0.0,0,baseline,quartile_tails,0.25,1.0
546891,246,2021-07-27,0.25,0,baseline,quartile_tails,0.25,1.0
553155,246,2021-07-27,1.0,1,high,quartile_tails,0.25,1.0
555790,246,2021-07-27,1.0,1,high,quartile_tails,0.25,1.0
559337,246,2021-07-27,1.0,1,high,quartile_tails,0.25,1.0
559409,246,2021-07-27,0.0,0,baseline,quartile_tails,0.25,1.0
564033,246,2021-07-27,1.0,1,high,quartile_tails,0.25,1.0
568304,246,2021-07-27,1.0,1,high,quartile_tails,0.25,1.0
568710,246,2021-07-27,1.0,1,high,quartile_tails,0.25,1.0
568717,246,2021-07-27,1.0,1,high,quartile_tails,0.25,1.0
572425,246,2021-07-27,1.0,1,high,quartile_tails,0.25,1.0
576316,246,2021-07-27,1.0,1,high,quartile_tails,0.25,1.0
578943,246,2021-07-27,1.0,1,high,quartile_tails,0.25,1.0
579360,246,2021-07-27,1.0,1,high,quartile_tails,0.25,1.0
588443,246,2021-07-27,1.0,1,high,quartile_tails,0.25,1.0
595167,246,2021-07-27,1.0,1,high,quartile_tails,0.25,1.0
597426,246,2021-07-27,0.0,0,baseline,quartile_tails,0.25,1.0
597841,246,2021-07-27,0.0,0,baseline,quartile_tails,0.25,1.0
599014,246,2021-07-27,0.16666666666666666,0,baseline,quartile_tails,0.25,1.0
602120,246,2021-07-27,1.0,1,high,quartile_tails,0.25,1.0
602124,246,2021-07-27,0.0,0,baseline,quartile_tails,0.25,1.0
602125,246,2021-07-27,0.0,0,baseline,quartile_tails,0.25,1.0
603013,246,2021-07-27,1.0,1,high,quartile_tails,0.25,1.0
614813,246,2021-07-27,1.0,1,high,quartile_tails,0.25,1.0
615015,246,2021-07-27,1.0,1,high,quartile_tails,0.25,1.0
618999,246,2021-07-27,0.0,0,baseline,quartile_tails,0.25,1.0
628437,246,2021-07-27,0.0,0,baseline,quartile_tails,0.25,1.0
636407,246,2021-07-27,1.0,1,high,quartile_tails,0.25,1.0
646267,246,2021-07-27,0.0,0,baseline,quartile_tails,0.25,1.0
650314,246,2021-07-27,0.0,0,baseline,quartile_tails,0.25,1.0
650796,246,2021-07-27,0.0,0,baseline,quartile_tails,0.25,1.0
651898,246,2021-07-27,0.225,0,baseline,quartile_tails,0.25,1.0
653494,246,2021-07-27,1.0,1,high,quartile_tails,0.25,1.0
654396,246,2021-07-27,0.0,0,baseline,quartile_tails,0.25,1.0
654539,246,2021-07-27,1.0,1,high,quartile_tails,0.25,1.0
655906,246,2021-07-27,1.0,1,high,quartile_tails,0.25,1.0
657354,246,2021-07-27,1.0,1,high,quartile_tails,0.25,1.0
657358,246,2021-07-27,1.0,1,high,quartile_tails,0.25,1.0
664460,246,2021-07-27,1.0,1,high,quartile_tails,0.25,1.0
664767,246,2021-07-27,1.0,1,high,quartile_tails,0.25,1.0
665519,246,2021-07-27,0.24999999999999997,0,baseline,quartile_tails,0.25,1.0
667695,246,2021-07-27,1.0,1,high,quartile_tails,0.25,1.0
672880,246,2021-07-27,1.0,1,high,quartile_tails,0.25,1.0
674161,246,2021-07-27,0.0,0,baseline,quartile_tails,0.25,1.0
674724,246,2021-07-27,1.0,1,high,quartile_tails,0.25,1.0
675505,246,2021-07-27,1.0,1,high,quartile_tails,0.25,1.0
691273,246,2021-07-27,0.0,0,baseline,quartile_tails,0.25,1.0
698986,246,2021-07-27,1.0,1,high,quartile_tails,0.25,1.0
700881,246,2021-07-27,0.0,0,baseline,quartile_tails,0.25,1.0
703568,246,2021-07-27,0.0,0,baseline,quartile_tails,0.25,1.0
705741,246,2021-07-27,1.0,1,high,quartile_tails,0.25,1.0
706055,246,2021-07-27,0.0,0,baseline,quartile_tails,0.25,1.0
710677,246,2021-07-27,1.0,1,high,quartile_tails,0.25,1.0
713935,246,2021-07-27,0.0,0,baseline,quartile_tails,0.25,1.0
718772,246,2021-07-27,1.0,1,high,quartile_tails,0.25,1.0
720882,246,2021-07-27,1.0,1,high,quartile_tails,0.25,1.0
729236,246,2021-07-27,1.0,1,high,quartile_tails,0.25,1.0
729889,246,2021-07-27,1.0,1,high,quartile_tails,0.25,1.0
733186,246,2021-07-27,1.0,1,high,quartile_tails,0.25,1.0
736734,246,2021-07-27,1.0,1,high,quartile_tails,0.25,1.0
743481,246,2021-07-27,0.0,0,baseline,quartile_tails,0.25,1.0
745784,246,2021-07-27,0.25,0,baseline,quartile_tails,0.25,1.0
746756,246,2021-07-27,1.0,1,high,quartile_tails,0.25,1.0
750565,246,2021-07-27,1.0,1,high,quartile_tails,0.25,1.0
758569,246,2021-07-27,1.0,1,high,quartile_tails,0.25,1.0
760910,246,2021-07-27,1.0,1,high,quartile_tails,0.25,1.0
763277,246,2021-07-27,0.0,0,baseline,quartile_tails,0.25,1.0
768714,246,2021-07-27,1.0,1,high,quartile_tails,0.25,1.0
775273,246,2021-07-27,0.16666666666666666,0,baseline,quartile_tails,0.25,1.0
781479,246,2021-07-27,1.0,1,high,quartile_tails,0.25,1.0
787051,246,2021-07-27,0.16666666666666666,0,baseline,quartile_tails,0.25,1.0
794821,246,2021-07-27,1.0,1,high,quartile_tails,0.25,1.0
797984,246,2021-07-27,0.0,0,baseline,quartile_tails,0.25,1.0
807138,246,2021-07-27,1.0,1,high,quartile_tails,0.25,1.0
807628,246,2021-07-27,1.0,1,high,quartile_tails,0.25,1.0
