spec,test,n_restrictions,statistic,pvalue,n
event_att,pretrend_att_joint_zero,3,0.5523814188831989,0.9072416131711568,358864
event_binary_B,pretrend_baseline_joint_zero,3,7.224998597051947,0.065061781702713,358864
event_binary_B,pretrend_displacement_joint_zero,3,13.319552175705152,0.003994130744897831,358864
event_binary_D,pretrend_length_displacement_joint_zero,3,3.03296696324223,0.38657019516779884,358864
event_binary_D,pretrend_length_baseline_joint_zero,3,24.101531796887635,2.378993703209993e-05,358864
event_score_C,pretrend_score_baseline_joint_zero,3,0.8039737053134423,0.8485163412653336,358864
event_score_C,pretrend_score_slope_joint_zero,3,13.197187953679483,0.004229011935672109,358864
