,time,time,time,event,event
,mean,median,max,sum,mean
push_group,,,,,
0,138.17093239828264,69.0,548.0,78599,0.6872884987014805
1,154.46528603791464,100.0,548.0,317674,0.5226285249877023
