member_id,dept_id,closure_start,closure_end,period,period_start,period_end,is_treated,group,label,displacement_prob,predicted_displaced
31920,181,2021-02-11,2021-02-25,-4,2020-12-13,2020-12-27,1,treatment,1,0.9986546,1
57056,181,2021-02-11,2021-02-25,-4,2020-12-13,2020-12-27,1,treatment,1,0.899684,1
77695,181,2021-02-11,2021-02-25,-4,2020-12-13,2020-12-27,1,treatment,1,0.9259005,1
84919,181,2021-02-11,2021-02-25,-4,2020-12-13,2020-12-27,1,treatment,1,0.9885174,1
85672,181,2021-02-11,2021-02-25,-4,2020-12-13,2020-12-27,1,treatment,1,0.82434213,1
89598,181,2021-02-11,2021-02-25,-4,2020-12-13,2020-12-27,1,treatment,0,0.09264324,0
97868,181,2021-02-11,2021-02-25,-4,2020-12-13,2020-12-27,1,treatment,1,0.99263847,1
106464,181,2021-02-11,2021-02-25,-4,2020-12-13,2020-12-27,1,treatment,1,0.99911374,1
122085,181,2021-02-11,2021-02-25,-4,2020-12-13,2020-12-27,1,treatment,0,0.2451334,0
137119,181,2021-02-11,2021-02-25,-4,2020-12-13,2020-12-27,1,treatment,1,0.9963505,1
150255,181,2021-02-11,2021-02-25,-4,2020-12-13,2020-12-27,1,treatment,0,0.0365551,0
196861,181,2021-02-11,2021-02-25,-4,2020-12-13,2020-12-27,1,treatment,0,0.19172633,0
244949,181,2021-02-11,2021-02-25,-4,2020-12-13,2020-12-27,1,treatment,0,0.0046208906,0
274124,181,2021-02-11,2021-02-25,-4,2020-12-13,2020-12-27,1,treatment,1,0.94945866,1
294577,181,2021-02-11,2021-02-25,-4,2020-12-13,2020-12-27,1,treatment,1,0.94627506,1
294952,181,2021-02-11,2021-02-25,-4,2020-12-13,2020-12-27,1,treatment,1,0.99092066,1
318872,181,2021-02-11,2021-02-25,-4,2020-12-13,2020-12-27,1,treatment,1,0.98829263,1
333774,181,2021-02-11,2021-02-25,-4,2020-12-13,2020-12-27,1,treatment,1,0.9554786,1
337758,181,2021-02-11,2021-02-25,-4,2020-12-13,2020-12-27,1,treatment,1,0.9948186,1
349457,181,2021-02-11,2021-02-25,-4,2020-12-13,2020-12-27,1,treatment,1,0.9810812,1
369738,181,2021-02-11,2021-02-25,-4,2020-12-13,2020-12-27,1,treatment,1,0.992494,1
392045,181,2021-02-11,2021-02-25,-4,2020-12-13,2020-12-27,1,treatment,1,0.93315166,1
421880,181,2021-02-11,2021-02-25,-4,2020-12-13,2020-12-27,1,treatment,1,0.9090715,1
447907,181,2021-02-11,2021-02-25,-4,2020-12-13,2020-12-27,1,treatment,1,0.9756763,1
461484,181,2021-02-11,2021-02-25,-4,2020-12-13,2020-12-27,1,treatment,1,0.96503407,1
491152,181,2021-02-11,2021-02-25,-4,2020-12-13,2020-12-27,1,treatment,0,0.025271535,0
532476,181,2021-02-11,2021-02-25,-4,2020-12-13,2020-12-27,1,treatment,1,0.9994112,1
578090,181,2021-02-11,2021-02-25,-4,2020-12-13,2020-12-27,1,treatment,1,0.9824071,1
588545,181,2021-02-11,2021-02-25,-4,2020-12-13,2020-12-27,1,treatment,1,0.91084635,1
596682,181,2021-02-11,2021-02-25,-4,2020-12-13,2020-12-27,1,treatment,0,0.029019548,0
606319,181,2021-02-11,2021-02-25,-4,2020-12-13,2020-12-27,1,treatment,1,0.9983925,1
623979,181,2021-02-11,2021-02-25,-4,2020-12-13,2020-12-27,1,treatment,0,0.04382661,0
644816,181,2021-02-11,2021-02-25,-4,2020-12-13,2020-12-27,1,treatment,1,0.9713984,1
653762,181,2021-02-11,2021-02-25,-4,2020-12-13,2020-12-27,1,treatment,1,0.9407779,1
717771,181,2021-02-11,2021-02-25,-4,2020-12-13,2020-12-27,1,treatment,1,0.9312007,1
725546,181,2021-02-11,2021-02-25,-4,2020-12-13,2020-12-27,1,treatment,1,0.9931109,1
731988,181,2021-02-11,2021-02-25,-4,2020-12-13,2020-12-27,1,treatment,0,0.0055815578,0
744890,181,2021-02-11,2021-02-25,-4,2020-12-13,2020-12-27,1,treatment,0,0.050703645,0
782891,181,2021-02-11,2021-02-25,-4,2020-12-13,2020-12-27,1,treatment,0,0.039874822,0
783683,181,2021-02-11,2021-02-25,-4,2020-12-13,2020-12-27,1,treatment,1,0.98750556,1
803266,181,2021-02-11,2021-02-25,-4,2020-12-13,2020-12-27,1,treatment,0,0.026010832,0
805319,181,2021-02-11,2021-02-25,-4,2020-12-13,2020-12-27,1,treatment,1,0.86668855,1
809423,181,2021-02-11,2021-02-25,-4,2020-12-13,2020-12-27,1,treatment,1,0.90895605,1
31920,181,2021-02-11,2021-02-25,-3,2020-12-28,2021-01-11,1,treatment,1,0.9922162,1
57056,181,2021-02-11,2021-02-25,-3,2020-12-28,2021-01-11,1,treatment,0,0.14232501,0
77695,181,2021-02-11,2021-02-25,-3,2020-12-28,2021-01-11,1,treatment,0,0.01034735,0
84919,181,2021-02-11,2021-02-25,-3,2020-12-28,2021-01-11,1,treatment,1,0.9873602,1
85672,181,2021-02-11,2021-02-25,-3,2020-12-28,2021-01-11,1,treatment,0,0.02655624,0
89598,181,2021-02-11,2021-02-25,-3,2020-12-28,2021-01-11,1,treatment,1,0.8613688,1
97868,181,2021-02-11,2021-02-25,-3,2020-12-28,2021-01-11,1,treatment,1,0.98857075,1
106464,181,2021-02-11,2021-02-25,-3,2020-12-28,2021-01-11,1,treatment,1,0.9985708,1
122085,181,2021-02-11,2021-02-25,-3,2020-12-28,2021-01-11,1,treatment,1,0.8251161,1
137119,181,2021-02-11,2021-02-25,-3,2020-12-28,2021-01-11,1,treatment,1,0.90750885,1
150255,181,2021-02-11,2021-02-25,-3,2020-12-28,2021-01-11,1,treatment,0,0.044537168,0
196861,181,2021-02-11,2021-02-25,-3,2020-12-28,2021-01-11,1,treatment,1,0.79225945,1
244949,181,2021-02-11,2021-02-25,-3,2020-12-28,2021-01-11,1,treatment,0,0.024845986,0
274124,181,2021-02-11,2021-02-25,-3,2020-12-28,2021-01-11,1,treatment,1,0.9693242,1
294577,181,2021-02-11,2021-02-25,-3,2020-12-28,2021-01-11,1,treatment,1,0.9949385,1
294952,181,2021-02-11,2021-02-25,-3,2020-12-28,2021-01-11,1,treatment,1,0.97076845,1
318872,181,2021-02-11,2021-02-25,-3,2020-12-28,2021-01-11,1,treatment,1,0.98318005,1
333774,181,2021-02-11,2021-02-25,-3,2020-12-28,2021-01-11,1,treatment,0,0.07488073,0
337758,181,2021-02-11,2021-02-25,-3,2020-12-28,2021-01-11,1,treatment,1,0.9947402,1
349457,181,2021-02-11,2021-02-25,-3,2020-12-28,2021-01-11,1,treatment,1,0.92008144,1
369738,181,2021-02-11,2021-02-25,-3,2020-12-28,2021-01-11,1,treatment,1,0.98419094,1
392045,181,2021-02-11,2021-02-25,-3,2020-12-28,2021-01-11,1,treatment,0,0.09680627,0
421880,181,2021-02-11,2021-02-25,-3,2020-12-28,2021-01-11,1,treatment,0,0.0336547,0
447907,181,2021-02-11,2021-02-25,-3,2020-12-28,2021-01-11,1,treatment,0,0.056185625,0
461484,181,2021-02-11,2021-02-25,-3,2020-12-28,2021-01-11,1,treatment,1,0.96096563,1
491152,181,2021-02-11,2021-02-25,-3,2020-12-28,2021-01-11,1,treatment,0,0.026511626,0
532476,181,2021-02-11,2021-02-25,-3,2020-12-28,2021-01-11,1,treatment,1,0.99854326,1
578090,181,2021-02-11,2021-02-25,-3,2020-12-28,2021-01-11,1,treatment,1,0.99671566,1
588545,181,2021-02-11,2021-02-25,-3,2020-12-28,2021-01-11,1,treatment,1,0.964182,1
596682,181,2021-02-11,2021-02-25,-3,2020-12-28,2021-01-11,1,treatment,0,0.030486004,0
606319,181,2021-02-11,2021-02-25,-3,2020-12-28,2021-01-11,1,treatment,1,0.99678636,1
623979,181,2021-02-11,2021-02-25,-3,2020-12-28,2021-01-11,1,treatment,0,0.088702135,0
644816,181,2021-02-11,2021-02-25,-3,2020-12-28,2021-01-11,1,treatment,0,0.03261337,0
653762,181,2021-02-11,2021-02-25,-3,2020-12-28,2021-01-11,1,treatment,1,0.88876635,1
717771,181,2021-02-11,2021-02-25,-3,2020-12-28,2021-01-11,1,treatment,1,0.85986984,1
725546,181,2021-02-11,2021-02-25,-3,2020-12-28,2021-01-11,1,treatment,1,0.99667597,1
731988,181,2021-02-11,2021-02-25,-3,2020-12-28,2021-01-11,1,treatment,0,0.006706165,0
744890,181,2021-02-11,2021-02-25,-3,2020-12-28,2021-01-11,1,treatment,0,0.03423078,0
782891,181,2021-02-11,2021-02-25,-3,2020-12-28,2021-01-11,1,treatment,0,0.045173302,0
783683,181,2021-02-11,2021-02-25,-3,2020-12-28,2021-01-11,1,treatment,1,0.92949,1
803266,181,2021-02-11,2021-02-25,-3,2020-12-28,2021-01-11,1,treatment,0,0.036786493,0
805319,181,2021-02-11,2021-02-25,-3,2020-12-28,2021-01-11,1,treatment,1,0.9150754,1
809423,181,2021-02-11,2021-02-25,-3,2020-12-28,2021-01-11,1,treatment,0,0.034373336,0
31920,181,2021-02-11,2021-02-25,-2,2021-01-12,2021-01-26,1,treatment,1,0.9939551,1
57056,181,2021-02-11,2021-02-25,-2,2021-01-12,2021-01-26,1,treatment,1,0.8526581,1
77695,181,2021-02-11,2021-02-25,-2,2021-01-12,2021-01-26,1,treatment,0,0.046646617,0
84919,181,2021-02-11,2021-02-25,-2,2021-01-12,2021-01-26,1,treatment,1,0.99555534,1
85672,181,2021-02-11,2021-02-25,-2,2021-01-12,2021-01-26,1,treatment,0,0.11776206,0
89598,181,2021-02-11,2021-02-25,-2,2021-01-12,2021-01-26,1,treatment,1,0.90743816,1
97868,181,2021-02-11,2021-02-25,-2,2021-01-12,2021-01-26,1,treatment,0,0.047809735,0
106464,181,2021-02-11,2021-02-25,-2,2021-01-12,2021-01-26,1,treatment,1,0.9988268,1
122085,181,2021-02-11,2021-02-25,-2,2021-01-12,2021-01-26,1,treatment,1,0.97014767,1
137119,181,2021-02-11,2021-02-25,-2,2021-01-12,2021-01-26,1,treatment,0,0.0902528,0
150255,181,2021-02-11,2021-02-25,-2,2021-01-12,2021-01-26,1,treatment,0,0.027241256,0
196861,181,2021-02-11,2021-02-25,-2,2021-01-12,2021-01-26,1,treatment,0,0.098266855,0
244949,181,2021-02-11,2021-02-25,-2,2021-01-12,2021-01-26,1,treatment,0,0.016924867,0
274124,181,2021-02-11,2021-02-25,-2,2021-01-12,2021-01-26,1,treatment,1,0.9426103,1
294577,181,2021-02-11,2021-02-25,-2,2021-01-12,2021-01-26,1,treatment,1,0.9871072,1
294952,181,2021-02-11,2021-02-25,-2,2021-01-12,2021-01-26,1,treatment,1,0.93811065,1
318872,181,2021-02-11,2021-02-25,-2,2021-01-12,2021-01-26,1,treatment,1,0.99469393,1
333774,181,2021-02-11,2021-02-25,-2,2021-01-12,2021-01-26,1,treatment,1,0.91532034,1
337758,181,2021-02-11,2021-02-25,-2,2021-01-12,2021-01-26,1,treatment,1,0.988902,1
349457,181,2021-02-11,2021-02-25,-2,2021-01-12,2021-01-26,1,treatment,1,0.92283005,1
369738,181,2021-02-11,2021-02-25,-2,2021-01-12,2021-01-26,1,treatment,0,0.064104326,0
392045,181,2021-02-11,2021-02-25,-2,2021-01-12,2021-01-26,1,treatment,1,0.9553675,1
421880,181,2021-02-11,2021-02-25,-2,2021-01-12,2021-01-26,1,treatment,1,0.92553157,1
447907,181,2021-02-11,2021-02-25,-2,2021-01-12,2021-01-26,1,treatment,0,0.03685523,0
461484,181,2021-02-11,2021-02-25,-2,2021-01-12,2021-01-26,1,treatment,0,0.06051158,0
491152,181,2021-02-11,2021-02-25,-2,2021-01-12,2021-01-26,1,treatment,0,0.048741788,0
532476,181,2021-02-11,2021-02-25,-2,2021-01-12,2021-01-26,1,treatment,1,0.9986732,1
578090,181,2021-02-11,2021-02-25,-2,2021-01-12,2021-01-26,1,treatment,0,0.030206122,0
588545,181,2021-02-11,2021-02-25,-2,2021-01-12,2021-01-26,1,treatment,1,0.91665715,1
596682,181,2021-02-11,2021-02-25,-2,2021-01-12,2021-01-26,1,treatment,0,0.0061217393,0
606319,181,2021-02-11,2021-02-25,-2,2021-01-12,2021-01-26,1,treatment,1,0.95072025,1
623979,181,2021-02-11,2021-02-25,-2,2021-01-12,2021-01-26,1,treatment,0,0.011960084,0
644816,181,2021-02-11,2021-02-25,-2,2021-01-12,2021-01-26,1,treatment,0,0.023300104,0
653762,181,2021-02-11,2021-02-25,-2,2021-01-12,2021-01-26,1,treatment,0,0.056573108,0
717771,181,2021-02-11,2021-02-25,-2,2021-01-12,2021-01-26,1,treatment,0,0.053247716,0
725546,181,2021-02-11,2021-02-25,-2,2021-01-12,2021-01-26,1,treatment,1,0.9990096,1
731988,181,2021-02-11,2021-02-25,-2,2021-01-12,2021-01-26,1,treatment,0,0.005898426,0
744890,181,2021-02-11,2021-02-25,-2,2021-01-12,2021-01-26,1,treatment,0,0.04937084,0
782891,181,2021-02-11,2021-02-25,-2,2021-01-12,2021-01-26,1,treatment,0,0.022810437,0
783683,181,2021-02-11,2021-02-25,-2,2021-01-12,2021-01-26,1,treatment,0,0.049667716,0
803266,181,2021-02-11,2021-02-25,-2,2021-01-12,2021-01-26,1,treatment,0,0.0859486,0
805319,181,2021-02-11,2021-02-25,-2,2021-01-12,2021-01-26,1,treatment,1,0.92278445,1
809423,181,2021-02-11,2021-02-25,-2,2021-01-12,2021-01-26,1,treatment,0,0.03417042,0
31920,181,2021-02-11,2021-02-25,-1,2021-01-27,2021-02-10,1,treatment,1,0.5633119,1
57056,181,2021-02-11,2021-02-25,-1,2021-01-27,2021-02-10,1,treatment,0,0.5247471,1
77695,181,2021-02-11,2021-02-25,-1,2021-01-27,2021-02-10,1,treatment,0,0.055176277,0
84919,181,2021-02-11,2021-02-25,-1,2021-01-27,2021-02-10,1,treatment,1,0.9519321,1
85672,181,2021-02-11,2021-02-25,-1,2021-01-27,2021-02-10,1,treatment,0,0.12715614,0
89598,181,2021-02-11,2021-02-25,-1,2021-01-27,2021-02-10,1,treatment,1,0.7334034,1
97868,181,2021-02-11,2021-02-25,-1,2021-01-27,2021-02-10,1,treatment,0,0.03249814,0
106464,181,2021-02-11,2021-02-25,-1,2021-01-27,2021-02-10,1,treatment,1,0.99685043,1
122085,181,2021-02-11,2021-02-25,-1,2021-01-27,2021-02-10,1,treatment,0,0.6573436,1
137119,181,2021-02-11,2021-02-25,-1,2021-01-27,2021-02-10,1,treatment,1,0.31142682,0
150255,181,2021-02-11,2021-02-25,-1,2021-01-27,2021-02-10,1,treatment,0,0.017080393,0
196861,181,2021-02-11,2021-02-25,-1,2021-01-27,2021-02-10,1,treatment,0,0.2316803,0
244949,181,2021-02-11,2021-02-25,-1,2021-01-27,2021-02-10,1,treatment,0,0.013517854,0
274124,181,2021-02-11,2021-02-25,-1,2021-01-27,2021-02-10,1,treatment,0,0.84345067,1
294577,181,2021-02-11,2021-02-25,-1,2021-01-27,2021-02-10,1,treatment,1,0.85555506,1
294952,181,2021-02-11,2021-02-25,-1,2021-01-27,2021-02-10,1,treatment,0,0.10806307,0
318872,181,2021-02-11,2021-02-25,-1,2021-01-27,2021-02-10,1,treatment,1,0.99859565,1
333774,181,2021-02-11,2021-02-25,-1,2021-01-27,2021-02-10,1,treatment,1,0.5275053,1
337758,181,2021-02-11,2021-02-25,-1,2021-01-27,2021-02-10,1,treatment,1,0.9748038,1
349457,181,2021-02-11,2021-02-25,-1,2021-01-27,2021-02-10,1,treatment,0,0.96932125,1
369738,181,2021-02-11,2021-02-25,-1,2021-01-27,2021-02-10,1,treatment,0,0.82327,1
392045,181,2021-02-11,2021-02-25,-1,2021-01-27,2021-02-10,1,treatment,0,0.6424616,1
421880,181,2021-02-11,2021-02-25,-1,2021-01-27,2021-02-10,1,treatment,1,0.19598806,0
447907,181,2021-02-11,2021-02-25,-1,2021-01-27,2021-02-10,1,treatment,0,0.10433229,0
461484,181,2021-02-11,2021-02-25,-1,2021-01-27,2021-02-10,1,treatment,0,0.27468115,0
491152,181,2021-02-11,2021-02-25,-1,2021-01-27,2021-02-10,1,treatment,0,0.05020852,0
532476,181,2021-02-11,2021-02-25,-1,2021-01-27,2021-02-10,1,treatment,0,0.9964393,1
578090,181,2021-02-11,2021-02-25,-1,2021-01-27,2021-02-10,1,treatment,1,0.22342396,0
588545,181,2021-02-11,2021-02-25,-1,2021-01-27,2021-02-10,1,treatment,1,0.91630846,1
596682,181,2021-02-11,2021-02-25,-1,2021-01-27,2021-02-10,1,treatment,0,0.005011644,0
606319,181,2021-02-11,2021-02-25,-1,2021-01-27,2021-02-10,1,treatment,1,0.9676519,1
623979,181,2021-02-11,2021-02-25,-1,2021-01-27,2021-02-10,1,treatment,0,0.032059617,0
644816,181,2021-02-11,2021-02-25,-1,2021-01-27,2021-02-10,1,treatment,0,0.020273387,0
653762,181,2021-02-11,2021-02-25,-1,2021-01-27,2021-02-10,1,treatment,1,0.27442363,0
717771,181,2021-02-11,2021-02-25,-1,2021-01-27,2021-02-10,1,treatment,0,0.44188663,0
725546,181,2021-02-11,2021-02-25,-1,2021-01-27,2021-02-10,1,treatment,1,0.999231,1
731988,181,2021-02-11,2021-02-25,-1,2021-01-27,2021-02-10,1,treatment,0,0.0025781142,0
744890,181,2021-02-11,2021-02-25,-1,2021-01-27,2021-02-10,1,treatment,0,0.19292468,0
782891,181,2021-02-11,2021-02-25,-1,2021-01-27,2021-02-10,1,treatment,0,0.017089048,0
783683,181,2021-02-11,2021-02-25,-1,2021-01-27,2021-02-10,1,treatment,0,0.32779747,0
803266,181,2021-02-11,2021-02-25,-1,2021-01-27,2021-02-10,1,treatment,0,0.03296463,0
805319,181,2021-02-11,2021-02-25,-1,2021-01-27,2021-02-10,1,treatment,1,0.7017113,1
809423,181,2021-02-11,2021-02-25,-1,2021-01-27,2021-02-10,1,treatment,0,0.029358065,0
838,181,2021-02-11,2021-02-25,-4,2020-12-13,2020-12-27,0,control,1,0.9837623,1
3974,181,2021-02-11,2021-02-25,-4,2020-12-13,2020-12-27,0,control,1,0.91214323,1
6547,181,2021-02-11,2021-02-25,-4,2020-12-13,2020-12-27,0,control,0,0.029560838,0
7542,181,2021-02-11,2021-02-25,-4,2020-12-13,2020-12-27,0,control,0,0.021888707,0
7974,181,2021-02-11,2021-02-25,-4,2020-12-13,2020-12-27,0,control,1,0.9047568,1
8595,181,2021-02-11,2021-02-25,-4,2020-12-13,2020-12-27,0,control,0,0.016653089,0
10320,181,2021-02-11,2021-02-25,-4,2020-12-13,2020-12-27,0,control,1,0.92737913,1
10590,181,2021-02-11,2021-02-25,-4,2020-12-13,2020-12-27,0,control,1,0.98301893,1
11595,181,2021-02-11,2021-02-25,-4,2020-12-13,2020-12-27,0,control,1,0.9866426,1
12152,181,2021-02-11,2021-02-25,-4,2020-12-13,2020-12-27,0,control,0,0.084805004,0
13587,181,2021-02-11,2021-02-25,-4,2020-12-13,2020-12-27,0,control,0,0.059606638,0
14317,181,2021-02-11,2021-02-25,-4,2020-12-13,2020-12-27,0,control,0,0.07584356,0
14730,181,2021-02-11,2021-02-25,-4,2020-12-13,2020-12-27,0,control,0,0.04522221,0
16213,181,2021-02-11,2021-02-25,-4,2020-12-13,2020-12-27,0,control,0,0.026311614,0
16219,181,2021-02-11,2021-02-25,-4,2020-12-13,2020-12-27,0,control,1,0.92615896,1
17489,181,2021-02-11,2021-02-25,-4,2020-12-13,2020-12-27,0,control,1,0.98857087,1
17494,181,2021-02-11,2021-02-25,-4,2020-12-13,2020-12-27,0,control,0,0.09674262,0
19215,181,2021-02-11,2021-02-25,-4,2020-12-13,2020-12-27,0,control,1,0.93868035,1
20016,181,2021-02-11,2021-02-25,-4,2020-12-13,2020-12-27,0,control,0,0.10792834,0
27330,181,2021-02-11,2021-02-25,-4,2020-12-13,2020-12-27,0,control,1,0.94767267,1
28091,181,2021-02-11,2021-02-25,-4,2020-12-13,2020-12-27,0,control,1,0.98800176,1
28732,181,2021-02-11,2021-02-25,-4,2020-12-13,2020-12-27,0,control,1,0.99690163,1
29089,181,2021-02-11,2021-02-25,-4,2020-12-13,2020-12-27,0,control,0,0.06950593,0
29361,181,2021-02-11,2021-02-25,-4,2020-12-13,2020-12-27,0,control,1,0.92983824,1
32547,181,2021-02-11,2021-02-25,-4,2020-12-13,2020-12-27,0,control,0,0.03214804,0
36956,181,2021-02-11,2021-02-25,-4,2020-12-13,2020-12-27,0,control,1,0.988679,1
44995,181,2021-02-11,2021-02-25,-4,2020-12-13,2020-12-27,0,control,1,0.9385975,1
45697,181,2021-02-11,2021-02-25,-4,2020-12-13,2020-12-27,0,control,0,0.06375611,0
46662,181,2021-02-11,2021-02-25,-4,2020-12-13,2020-12-27,0,control,1,0.89208907,1
48853,181,2021-02-11,2021-02-25,-4,2020-12-13,2020-12-27,0,control,1,0.9444446,1
50800,181,2021-02-11,2021-02-25,-4,2020-12-13,2020-12-27,0,control,1,0.9522119,1
51224,181,2021-02-11,2021-02-25,-4,2020-12-13,2020-12-27,0,control,1,0.9762888,1
54897,181,2021-02-11,2021-02-25,-4,2020-12-13,2020-12-27,0,control,0,0.015584077,0
61501,181,2021-02-11,2021-02-25,-4,2020-12-13,2020-12-27,0,control,0,0.07698354,0
65859,181,2021-02-11,2021-02-25,-4,2020-12-13,2020-12-27,0,control,1,0.9484704,1
74313,181,2021-02-11,2021-02-25,-4,2020-12-13,2020-12-27,0,control,1,0.99182105,1
75140,181,2021-02-11,2021-02-25,-4,2020-12-13,2020-12-27,0,control,1,0.9741431,1
76387,181,2021-02-11,2021-02-25,-4,2020-12-13,2020-12-27,0,control,1,0.86486757,1
78195,181,2021-02-11,2021-02-25,-4,2020-12-13,2020-12-27,0,control,1,0.99652076,1
78682,181,2021-02-11,2021-02-25,-4,2020-12-13,2020-12-27,0,control,1,0.9300869,1
82320,181,2021-02-11,2021-02-25,-4,2020-12-13,2020-12-27,0,control,0,0.04181783,0
82970,181,2021-02-11,2021-02-25,-4,2020-12-13,2020-12-27,0,control,1,0.99920815,1
88755,181,2021-02-11,2021-02-25,-4,2020-12-13,2020-12-27,0,control,0,0.105333574,0
88781,181,2021-02-11,2021-02-25,-4,2020-12-13,2020-12-27,0,control,1,0.9904056,1
89439,181,2021-02-11,2021-02-25,-4,2020-12-13,2020-12-27,0,control,1,0.99324375,1
90047,181,2021-02-11,2021-02-25,-4,2020-12-13,2020-12-27,0,control,0,0.018386938,0
90049,181,2021-02-11,2021-02-25,-4,2020-12-13,2020-12-27,0,control,1,0.9469509,1
90256,181,2021-02-11,2021-02-25,-4,2020-12-13,2020-12-27,0,control,1,0.9740664,1
90685,181,2021-02-11,2021-02-25,-4,2020-12-13,2020-12-27,0,control,0,0.10529227,0
91730,181,2021-02-11,2021-02-25,-4,2020-12-13,2020-12-27,0,control,1,0.9515054,1
97122,181,2021-02-11,2021-02-25,-4,2020-12-13,2020-12-27,0,control,1,0.8893064,1
100147,181,2021-02-11,2021-02-25,-4,2020-12-13,2020-12-27,0,control,0,0.055795543,0
101550,181,2021-02-11,2021-02-25,-4,2020-12-13,2020-12-27,0,control,0,0.04015297,0
102907,181,2021-02-11,2021-02-25,-4,2020-12-13,2020-12-27,0,control,1,0.99461997,1
105738,181,2021-02-11,2021-02-25,-4,2020-12-13,2020-12-27,0,control,0,0.029506898,0
106499,181,2021-02-11,2021-02-25,-4,2020-12-13,2020-12-27,0,control,1,0.97969306,1
107885,181,2021-02-11,2021-02-25,-4,2020-12-13,2020-12-27,0,control,0,0.029876595,0
110758,181,2021-02-11,2021-02-25,-4,2020-12-13,2020-12-27,0,control,0,0.080106646,0
110980,181,2021-02-11,2021-02-25,-4,2020-12-13,2020-12-27,0,control,1,0.9627964,1
117239,181,2021-02-11,2021-02-25,-4,2020-12-13,2020-12-27,0,control,1,0.96938086,1
123343,181,2021-02-11,2021-02-25,-4,2020-12-13,2020-12-27,0,control,1,0.9707949,1
125257,181,2021-02-11,2021-02-25,-4,2020-12-13,2020-12-27,0,control,0,0.0467542,0
136678,181,2021-02-11,2021-02-25,-4,2020-12-13,2020-12-27,0,control,1,0.97346365,1
140392,181,2021-02-11,2021-02-25,-4,2020-12-13,2020-12-27,0,control,0,0.06974204,0
140771,181,2021-02-11,2021-02-25,-4,2020-12-13,2020-12-27,0,control,1,0.8788994,1
141059,181,2021-02-11,2021-02-25,-4,2020-12-13,2020-12-27,0,control,0,0.16370213,0
141720,181,2021-02-11,2021-02-25,-4,2020-12-13,2020-12-27,0,control,0,0.10923985,0
142114,181,2021-02-11,2021-02-25,-4,2020-12-13,2020-12-27,0,control,0,0.01728661,0
142954,181,2021-02-11,2021-02-25,-4,2020-12-13,2020-12-27,0,control,0,0.022802077,0
147315,181,2021-02-11,2021-02-25,-4,2020-12-13,2020-12-27,0,control,1,0.9427493,1
147383,181,2021-02-11,2021-02-25,-4,2020-12-13,2020-12-27,0,control,0,0.020404141,0
150407,181,2021-02-11,2021-02-25,-4,2020-12-13,2020-12-27,0,control,0,0.043337066,0
156593,181,2021-02-11,2021-02-25,-4,2020-12-13,2020-12-27,0,control,0,0.04580717,0
159020,181,2021-02-11,2021-02-25,-4,2020-12-13,2020-12-27,0,control,1,0.9682114,1
159687,181,2021-02-11,2021-02-25,-4,2020-12-13,2020-12-27,0,control,1,0.9749537,1
162974,181,2021-02-11,2021-02-25,-4,2020-12-13,2020-12-27,0,control,1,0.9992435,1
164547,181,2021-02-11,2021-02-25,-4,2020-12-13,2020-12-27,0,control,0,0.008098475,0
166288,181,2021-02-11,2021-02-25,-4,2020-12-13,2020-12-27,0,control,0,0.11348989,0
169333,181,2021-02-11,2021-02-25,-4,2020-12-13,2020-12-27,0,control,1,0.9938287,1
173235,181,2021-02-11,2021-02-25,-4,2020-12-13,2020-12-27,0,control,0,0.048012257,0
181788,181,2021-02-11,2021-02-25,-4,2020-12-13,2020-12-27,0,control,0,0.0068299365,0
183042,181,2021-02-11,2021-02-25,-4,2020-12-13,2020-12-27,0,control,0,0.08277545,0
184236,181,2021-02-11,2021-02-25,-4,2020-12-13,2020-12-27,0,control,1,0.9708664,1
184688,181,2021-02-11,2021-02-25,-4,2020-12-13,2020-12-27,0,control,0,0.03984434,0
187192,181,2021-02-11,2021-02-25,-4,2020-12-13,2020-12-27,0,control,1,0.9720976,1
189699,181,2021-02-11,2021-02-25,-4,2020-12-13,2020-12-27,0,control,0,0.04699597,0
190437,181,2021-02-11,2021-02-25,-4,2020-12-13,2020-12-27,0,control,0,0.05521707,0
190494,181,2021-02-11,2021-02-25,-4,2020-12-13,2020-12-27,0,control,0,0.014104892,0
193824,181,2021-02-11,2021-02-25,-4,2020-12-13,2020-12-27,0,control,0,0.03653776,0
194335,181,2021-02-11,2021-02-25,-4,2020-12-13,2020-12-27,0,control,1,0.9434523,1
198183,181,2021-02-11,2021-02-25,-4,2020-12-13,2020-12-27,0,control,0,0.073852085,0
200757,181,2021-02-11,2021-02-25,-4,2020-12-13,2020-12-27,0,control,0,0.12532914,0
201185,181,2021-02-11,2021-02-25,-4,2020-12-13,2020-12-27,0,control,0,0.008825075,0
202120,181,2021-02-11,2021-02-25,-4,2020-12-13,2020-12-27,0,control,1,0.88022625,1
203696,181,2021-02-11,2021-02-25,-4,2020-12-13,2020-12-27,0,control,1,0.979045,1
203984,181,2021-02-11,2021-02-25,-4,2020-12-13,2020-12-27,0,control,1,0.9903814,1
208060,181,2021-02-11,2021-02-25,-4,2020-12-13,2020-12-27,0,control,0,0.02228774,0
209102,181,2021-02-11,2021-02-25,-4,2020-12-13,2020-12-27,0,control,1,0.96215236,1
210723,181,2021-02-11,2021-02-25,-4,2020-12-13,2020-12-27,0,control,1,0.9309353,1
213171,181,2021-02-11,2021-02-25,-4,2020-12-13,2020-12-27,0,control,1,0.9855633,1
213173,181,2021-02-11,2021-02-25,-4,2020-12-13,2020-12-27,0,control,1,0.8970313,1
216957,181,2021-02-11,2021-02-25,-4,2020-12-13,2020-12-27,0,control,0,0.036746707,0
222847,181,2021-02-11,2021-02-25,-4,2020-12-13,2020-12-27,0,control,0,0.06320241,0
228283,181,2021-02-11,2021-02-25,-4,2020-12-13,2020-12-27,0,control,1,0.9881925,1
234089,181,2021-02-11,2021-02-25,-4,2020-12-13,2020-12-27,0,control,0,0.025489518,0
234523,181,2021-02-11,2021-02-25,-4,2020-12-13,2020-12-27,0,control,1,0.98089063,1
235756,181,2021-02-11,2021-02-25,-4,2020-12-13,2020-12-27,0,control,1,0.9316922,1
240235,181,2021-02-11,2021-02-25,-4,2020-12-13,2020-12-27,0,control,1,0.93458265,1
242788,181,2021-02-11,2021-02-25,-4,2020-12-13,2020-12-27,0,control,1,0.96750367,1
243676,181,2021-02-11,2021-02-25,-4,2020-12-13,2020-12-27,0,control,1,0.885479,1
246215,181,2021-02-11,2021-02-25,-4,2020-12-13,2020-12-27,0,control,1,0.9866171,1
246348,181,2021-02-11,2021-02-25,-4,2020-12-13,2020-12-27,0,control,1,0.9608858,1
248086,181,2021-02-11,2021-02-25,-4,2020-12-13,2020-12-27,0,control,1,0.9511249,1
248409,181,2021-02-11,2021-02-25,-4,2020-12-13,2020-12-27,0,control,0,0.09327006,0
253777,181,2021-02-11,2021-02-25,-4,2020-12-13,2020-12-27,0,control,0,0.018992638,0
253993,181,2021-02-11,2021-02-25,-4,2020-12-13,2020-12-27,0,control,1,0.9940392,1
255968,181,2021-02-11,2021-02-25,-4,2020-12-13,2020-12-27,0,control,0,0.0790567,0
256602,181,2021-02-11,2021-02-25,-4,2020-12-13,2020-12-27,0,control,1,0.96553826,1
257861,181,2021-02-11,2021-02-25,-4,2020-12-13,2020-12-27,0,control,0,0.008034612,0
261514,181,2021-02-11,2021-02-25,-4,2020-12-13,2020-12-27,0,control,0,0.027690457,0
261543,181,2021-02-11,2021-02-25,-4,2020-12-13,2020-12-27,0,control,0,0.058917064,0
265370,181,2021-02-11,2021-02-25,-4,2020-12-13,2020-12-27,0,control,0,0.05669584,0
272093,181,2021-02-11,2021-02-25,-4,2020-12-13,2020-12-27,0,control,0,0.077153854,0
272130,181,2021-02-11,2021-02-25,-4,2020-12-13,2020-12-27,0,control,1,0.9652173,1
274965,181,2021-02-11,2021-02-25,-4,2020-12-13,2020-12-27,0,control,1,0.9299748,1
277504,181,2021-02-11,2021-02-25,-4,2020-12-13,2020-12-27,0,control,0,0.035489853,0
277576,181,2021-02-11,2021-02-25,-4,2020-12-13,2020-12-27,0,control,1,0.9701221,1
279299,181,2021-02-11,2021-02-25,-4,2020-12-13,2020-12-27,0,control,1,0.9301201,1
279350,181,2021-02-11,2021-02-25,-4,2020-12-13,2020-12-27,0,control,1,0.96547294,1
282476,181,2021-02-11,2021-02-25,-4,2020-12-13,2020-12-27,0,control,1,0.97880757,1
283923,181,2021-02-11,2021-02-25,-4,2020-12-13,2020-12-27,0,control,0,0.01363043,0
284956,181,2021-02-11,2021-02-25,-4,2020-12-13,2020-12-27,0,control,1,0.9346953,1
286014,181,2021-02-11,2021-02-25,-4,2020-12-13,2020-12-27,0,control,1,0.86413866,1
286164,181,2021-02-11,2021-02-25,-4,2020-12-13,2020-12-27,0,control,1,0.9908338,1
289500,181,2021-02-11,2021-02-25,-4,2020-12-13,2020-12-27,0,control,1,0.97640437,1
289514,181,2021-02-11,2021-02-25,-4,2020-12-13,2020-12-27,0,control,1,0.99491274,1
292316,181,2021-02-11,2021-02-25,-4,2020-12-13,2020-12-27,0,control,0,0.022310855,0
293645,181,2021-02-11,2021-02-25,-4,2020-12-13,2020-12-27,0,control,0,0.07059714,0
293665,181,2021-02-11,2021-02-25,-4,2020-12-13,2020-12-27,0,control,0,0.03635814,0
293667,181,2021-02-11,2021-02-25,-4,2020-12-13,2020-12-27,0,control,1,0.9857244,1
295855,181,2021-02-11,2021-02-25,-4,2020-12-13,2020-12-27,0,control,1,0.9939154,1
295886,181,2021-02-11,2021-02-25,-4,2020-12-13,2020-12-27,0,control,0,0.09949512,0
296564,181,2021-02-11,2021-02-25,-4,2020-12-13,2020-12-27,0,control,1,0.9792789,1
302084,181,2021-02-11,2021-02-25,-4,2020-12-13,2020-12-27,0,control,1,0.8720667,1
302153,181,2021-02-11,2021-02-25,-4,2020-12-13,2020-12-27,0,control,1,0.96720326,1
302419,181,2021-02-11,2021-02-25,-4,2020-12-13,2020-12-27,0,control,1,0.9560879,1
304391,181,2021-02-11,2021-02-25,-4,2020-12-13,2020-12-27,0,control,0,0.04560081,0
306989,181,2021-02-11,2021-02-25,-4,2020-12-13,2020-12-27,0,control,1,0.99943584,1
313836,181,2021-02-11,2021-02-25,-4,2020-12-13,2020-12-27,0,control,0,0.051941875,0
315070,181,2021-02-11,2021-02-25,-4,2020-12-13,2020-12-27,0,control,0,0.061499365,0
315623,181,2021-02-11,2021-02-25,-4,2020-12-13,2020-12-27,0,control,0,0.10270438,0
317401,181,2021-02-11,2021-02-25,-4,2020-12-13,2020-12-27,0,control,1,0.97893256,1
317668,181,2021-02-11,2021-02-25,-4,2020-12-13,2020-12-27,0,control,1,0.91746676,1
322946,181,2021-02-11,2021-02-25,-4,2020-12-13,2020-12-27,0,control,1,0.9633063,1
324884,181,2021-02-11,2021-02-25,-4,2020-12-13,2020-12-27,0,control,0,0.01711793,0
342540,181,2021-02-11,2021-02-25,-4,2020-12-13,2020-12-27,0,control,1,0.8098995,1
342954,181,2021-02-11,2021-02-25,-4,2020-12-13,2020-12-27,0,control,0,0.042737424,0
344513,181,2021-02-11,2021-02-25,-4,2020-12-13,2020-12-27,0,control,1,0.88388455,1
344937,181,2021-02-11,2021-02-25,-4,2020-12-13,2020-12-27,0,control,0,0.041391134,0
346365,181,2021-02-11,2021-02-25,-4,2020-12-13,2020-12-27,0,control,0,0.054638956,0
346747,181,2021-02-11,2021-02-25,-4,2020-12-13,2020-12-27,0,control,1,0.97557086,1
348900,181,2021-02-11,2021-02-25,-4,2020-12-13,2020-12-27,0,control,0,0.003011248,0
349533,181,2021-02-11,2021-02-25,-4,2020-12-13,2020-12-27,0,control,0,0.051912323,0
349570,181,2021-02-11,2021-02-25,-4,2020-12-13,2020-12-27,0,control,1,0.976789,1
354591,181,2021-02-11,2021-02-25,-4,2020-12-13,2020-12-27,0,control,0,0.070892,0
354596,181,2021-02-11,2021-02-25,-4,2020-12-13,2020-12-27,0,control,0,0.0174942,0
355253,181,2021-02-11,2021-02-25,-4,2020-12-13,2020-12-27,0,control,0,0.10755837,0
356351,181,2021-02-11,2021-02-25,-4,2020-12-13,2020-12-27,0,control,1,0.9998192,1
356396,181,2021-02-11,2021-02-25,-4,2020-12-13,2020-12-27,0,control,0,0.15239921,0
359674,181,2021-02-11,2021-02-25,-4,2020-12-13,2020-12-27,0,control,0,0.09397108,0
359729,181,2021-02-11,2021-02-25,-4,2020-12-13,2020-12-27,0,control,0,0.07010433,0
359747,181,2021-02-11,2021-02-25,-4,2020-12-13,2020-12-27,0,control,0,0.0644535,0
361843,181,2021-02-11,2021-02-25,-4,2020-12-13,2020-12-27,0,control,0,0.09933375,0
364683,181,2021-02-11,2021-02-25,-4,2020-12-13,2020-12-27,0,control,0,0.045207407,0
367070,181,2021-02-11,2021-02-25,-4,2020-12-13,2020-12-27,0,control,0,0.013932488,0
367668,181,2021-02-11,2021-02-25,-4,2020-12-13,2020-12-27,0,control,0,0.081177644,0
370636,181,2021-02-11,2021-02-25,-4,2020-12-13,2020-12-27,0,control,0,0.109938115,0
373500,181,2021-02-11,2021-02-25,-4,2020-12-13,2020-12-27,0,control,0,0.029882018,0
374125,181,2021-02-11,2021-02-25,-4,2020-12-13,2020-12-27,0,control,1,0.9505158,1
378773,181,2021-02-11,2021-02-25,-4,2020-12-13,2020-12-27,0,control,0,0.0070550777,0
379490,181,2021-02-11,2021-02-25,-4,2020-12-13,2020-12-27,0,control,0,0.070592,0
379590,181,2021-02-11,2021-02-25,-4,2020-12-13,2020-12-27,0,control,1,0.9993799,1
380331,181,2021-02-11,2021-02-25,-4,2020-12-13,2020-12-27,0,control,0,0.034131106,0
381588,181,2021-02-11,2021-02-25,-4,2020-12-13,2020-12-27,0,control,0,0.047130283,0
382200,181,2021-02-11,2021-02-25,-4,2020-12-13,2020-12-27,0,control,0,0.02579682,0
383932,181,2021-02-11,2021-02-25,-4,2020-12-13,2020-12-27,0,control,0,0.08736977,0
385927,181,2021-02-11,2021-02-25,-4,2020-12-13,2020-12-27,0,control,1,0.977808,1
386709,181,2021-02-11,2021-02-25,-4,2020-12-13,2020-12-27,0,control,1,0.97119033,1
390241,181,2021-02-11,2021-02-25,-4,2020-12-13,2020-12-27,0,control,1,0.99913234,1
390371,181,2021-02-11,2021-02-25,-4,2020-12-13,2020-12-27,0,control,0,0.15450777,0
391041,181,2021-02-11,2021-02-25,-4,2020-12-13,2020-12-27,0,control,1,0.96954894,1
392211,181,2021-02-11,2021-02-25,-4,2020-12-13,2020-12-27,0,control,1,0.9904806,1
392806,181,2021-02-11,2021-02-25,-4,2020-12-13,2020-12-27,0,control,0,0.06002782,0
394542,181,2021-02-11,2021-02-25,-4,2020-12-13,2020-12-27,0,control,1,0.99234045,1
405444,181,2021-02-11,2021-02-25,-4,2020-12-13,2020-12-27,0,control,0,0.047514964,0
407251,181,2021-02-11,2021-02-25,-4,2020-12-13,2020-12-27,0,control,1,0.9897355,1
408424,181,2021-02-11,2021-02-25,-4,2020-12-13,2020-12-27,0,control,1,0.8739647,1
408652,181,2021-02-11,2021-02-25,-4,2020-12-13,2020-12-27,0,control,1,0.9954724,1
413506,181,2021-02-11,2021-02-25,-4,2020-12-13,2020-12-27,0,control,1,0.95295084,1
417890,181,2021-02-11,2021-02-25,-4,2020-12-13,2020-12-27,0,control,0,0.18978402,0
418026,181,2021-02-11,2021-02-25,-4,2020-12-13,2020-12-27,0,control,1,0.94679666,1
418417,181,2021-02-11,2021-02-25,-4,2020-12-13,2020-12-27,0,control,0,0.11884383,0
420370,181,2021-02-11,2021-02-25,-4,2020-12-13,2020-12-27,0,control,1,0.95360017,1
423203,181,2021-02-11,2021-02-25,-4,2020-12-13,2020-12-27,0,control,1,0.97137105,1
424713,181,2021-02-11,2021-02-25,-4,2020-12-13,2020-12-27,0,control,0,0.0592046,0
424923,181,2021-02-11,2021-02-25,-4,2020-12-13,2020-12-27,0,control,1,0.9888022,1
429648,181,2021-02-11,2021-02-25,-4,2020-12-13,2020-12-27,0,control,0,0.013423371,0
429975,181,2021-02-11,2021-02-25,-4,2020-12-13,2020-12-27,0,control,1,0.94928205,1
430322,181,2021-02-11,2021-02-25,-4,2020-12-13,2020-12-27,0,control,1,0.9831729,1
434305,181,2021-02-11,2021-02-25,-4,2020-12-13,2020-12-27,0,control,0,0.081752695,0
436279,181,2021-02-11,2021-02-25,-4,2020-12-13,2020-12-27,0,control,0,0.00886923,0
437067,181,2021-02-11,2021-02-25,-4,2020-12-13,2020-12-27,0,control,1,0.9139757,1
438631,181,2021-02-11,2021-02-25,-4,2020-12-13,2020-12-27,0,control,0,0.14627211,0
438696,181,2021-02-11,2021-02-25,-4,2020-12-13,2020-12-27,0,control,1,0.8912518,1
439403,181,2021-02-11,2021-02-25,-4,2020-12-13,2020-12-27,0,control,0,0.04940353,0
441619,181,2021-02-11,2021-02-25,-4,2020-12-13,2020-12-27,0,control,1,0.909064,1
446715,181,2021-02-11,2021-02-25,-4,2020-12-13,2020-12-27,0,control,0,0.06737977,0
446720,181,2021-02-11,2021-02-25,-4,2020-12-13,2020-12-27,0,control,1,0.9685056,1
447932,181,2021-02-11,2021-02-25,-4,2020-12-13,2020-12-27,0,control,1,0.8400696,1
449072,181,2021-02-11,2021-02-25,-4,2020-12-13,2020-12-27,0,control,1,0.99088717,1
450546,181,2021-02-11,2021-02-25,-4,2020-12-13,2020-12-27,0,control,0,0.030692302,0
450841,181,2021-02-11,2021-02-25,-4,2020-12-13,2020-12-27,0,control,1,0.91759264,1
452356,181,2021-02-11,2021-02-25,-4,2020-12-13,2020-12-27,0,control,1,0.9743688,1
460418,181,2021-02-11,2021-02-25,-4,2020-12-13,2020-12-27,0,control,0,0.08460432,0
460590,181,2021-02-11,2021-02-25,-4,2020-12-13,2020-12-27,0,control,1,0.9579327,1
462496,181,2021-02-11,2021-02-25,-4,2020-12-13,2020-12-27,0,control,1,0.9643649,1
463105,181,2021-02-11,2021-02-25,-4,2020-12-13,2020-12-27,0,control,1,0.9471732,1
465354,181,2021-02-11,2021-02-25,-4,2020-12-13,2020-12-27,0,control,0,0.05545333,0
469974,181,2021-02-11,2021-02-25,-4,2020-12-13,2020-12-27,0,control,1,0.94980514,1
470374,181,2021-02-11,2021-02-25,-4,2020-12-13,2020-12-27,0,control,0,0.15074462,0
472545,181,2021-02-11,2021-02-25,-4,2020-12-13,2020-12-27,0,control,1,0.9379207,1
472898,181,2021-02-11,2021-02-25,-4,2020-12-13,2020-12-27,0,control,0,0.05153899,0
474427,181,2021-02-11,2021-02-25,-4,2020-12-13,2020-12-27,0,control,0,0.11878454,0
478375,181,2021-02-11,2021-02-25,-4,2020-12-13,2020-12-27,0,control,1,0.96279174,1
478567,181,2021-02-11,2021-02-25,-4,2020-12-13,2020-12-27,0,control,0,0.033591542,0
482084,181,2021-02-11,2021-02-25,-4,2020-12-13,2020-12-27,0,control,1,0.95701295,1
484029,181,2021-02-11,2021-02-25,-4,2020-12-13,2020-12-27,0,control,1,0.9899512,1
485476,181,2021-02-11,2021-02-25,-4,2020-12-13,2020-12-27,0,control,0,0.05858965,0
488341,181,2021-02-11,2021-02-25,-4,2020-12-13,2020-12-27,0,control,0,0.09053216,0
490993,181,2021-02-11,2021-02-25,-4,2020-12-13,2020-12-27,0,control,0,0.080387615,0
491616,181,2021-02-11,2021-02-25,-4,2020-12-13,2020-12-27,0,control,1,0.851588,1
492469,181,2021-02-11,2021-02-25,-4,2020-12-13,2020-12-27,0,control,1,0.88122886,1
494735,181,2021-02-11,2021-02-25,-4,2020-12-13,2020-12-27,0,control,1,0.9205781,1
496172,181,2021-02-11,2021-02-25,-4,2020-12-13,2020-12-27,0,control,0,0.022292713,0
502742,181,2021-02-11,2021-02-25,-4,2020-12-13,2020-12-27,0,control,1,0.9969469,1
505194,181,2021-02-11,2021-02-25,-4,2020-12-13,2020-12-27,0,control,1,0.96147525,1
505386,181,2021-02-11,2021-02-25,-4,2020-12-13,2020-12-27,0,control,0,0.0844884,0
507376,181,2021-02-11,2021-02-25,-4,2020-12-13,2020-12-27,0,control,1,0.95492506,1
520175,181,2021-02-11,2021-02-25,-4,2020-12-13,2020-12-27,0,control,0,0.08124016,0
520323,181,2021-02-11,2021-02-25,-4,2020-12-13,2020-12-27,0,control,1,0.9867452,1
525111,181,2021-02-11,2021-02-25,-4,2020-12-13,2020-12-27,0,control,1,0.99535924,1
525639,181,2021-02-11,2021-02-25,-4,2020-12-13,2020-12-27,0,control,0,0.09876233,0
530628,181,2021-02-11,2021-02-25,-4,2020-12-13,2020-12-27,0,control,0,0.08940981,0
533764,181,2021-02-11,2021-02-25,-4,2020-12-13,2020-12-27,0,control,0,0.09312703,0
535820,181,2021-02-11,2021-02-25,-4,2020-12-13,2020-12-27,0,control,1,0.9920603,1
536728,181,2021-02-11,2021-02-25,-4,2020-12-13,2020-12-27,0,control,1,0.95694655,1
537346,181,2021-02-11,2021-02-25,-4,2020-12-13,2020-12-27,0,control,0,0.087191656,0
538538,181,2021-02-11,2021-02-25,-4,2020-12-13,2020-12-27,0,control,1,0.9845048,1
538541,181,2021-02-11,2021-02-25,-4,2020-12-13,2020-12-27,0,control,0,0.10110526,0
538542,181,2021-02-11,2021-02-25,-4,2020-12-13,2020-12-27,0,control,1,0.9849851,1
538544,181,2021-02-11,2021-02-25,-4,2020-12-13,2020-12-27,0,control,1,0.984139,1
539435,181,2021-02-11,2021-02-25,-4,2020-12-13,2020-12-27,0,control,1,0.9598954,1
540763,181,2021-02-11,2021-02-25,-4,2020-12-13,2020-12-27,0,control,0,0.039924227,0
541299,181,2021-02-11,2021-02-25,-4,2020-12-13,2020-12-27,0,control,1,0.9876351,1
541545,181,2021-02-11,2021-02-25,-4,2020-12-13,2020-12-27,0,control,1,0.9882854,1
543081,181,2021-02-11,2021-02-25,-4,2020-12-13,2020-12-27,0,control,1,0.7892814,1
543087,181,2021-02-11,2021-02-25,-4,2020-12-13,2020-12-27,0,control,0,0.08253312,0
544606,181,2021-02-11,2021-02-25,-4,2020-12-13,2020-12-27,0,control,1,0.9800062,1
546443,181,2021-02-11,2021-02-25,-4,2020-12-13,2020-12-27,0,control,1,0.9745252,1
552057,181,2021-02-11,2021-02-25,-4,2020-12-13,2020-12-27,0,control,0,0.03816946,0
555268,181,2021-02-11,2021-02-25,-4,2020-12-13,2020-12-27,0,control,0,0.07824735,0
557007,181,2021-02-11,2021-02-25,-4,2020-12-13,2020-12-27,0,control,0,0.019110732,0
559038,181,2021-02-11,2021-02-25,-4,2020-12-13,2020-12-27,0,control,1,0.99765503,1
559325,181,2021-02-11,2021-02-25,-4,2020-12-13,2020-12-27,0,control,1,0.93436337,1
564877,181,2021-02-11,2021-02-25,-4,2020-12-13,2020-12-27,0,control,0,0.1438719,0
566034,181,2021-02-11,2021-02-25,-4,2020-12-13,2020-12-27,0,control,0,0.091534264,0
569812,181,2021-02-11,2021-02-25,-4,2020-12-13,2020-12-27,0,control,0,0.038438387,0
569830,181,2021-02-11,2021-02-25,-4,2020-12-13,2020-12-27,0,control,1,0.93136704,1
570380,181,2021-02-11,2021-02-25,-4,2020-12-13,2020-12-27,0,control,1,0.9975714,1
574856,181,2021-02-11,2021-02-25,-4,2020-12-13,2020-12-27,0,control,0,0.013830395,0
575650,181,2021-02-11,2021-02-25,-4,2020-12-13,2020-12-27,0,control,0,0.13188632,0
579440,181,2021-02-11,2021-02-25,-4,2020-12-13,2020-12-27,0,control,0,0.11258769,0
581911,181,2021-02-11,2021-02-25,-4,2020-12-13,2020-12-27,0,control,0,0.05605794,0
584559,181,2021-02-11,2021-02-25,-4,2020-12-13,2020-12-27,0,control,0,0.12331247,0
592971,181,2021-02-11,2021-02-25,-4,2020-12-13,2020-12-27,0,control,0,0.017352387,0
594039,181,2021-02-11,2021-02-25,-4,2020-12-13,2020-12-27,0,control,0,0.06382673,0
595147,181,2021-02-11,2021-02-25,-4,2020-12-13,2020-12-27,0,control,0,0.030381298,0
601335,181,2021-02-11,2021-02-25,-4,2020-12-13,2020-12-27,0,control,1,0.98237807,1
601951,181,2021-02-11,2021-02-25,-4,2020-12-13,2020-12-27,0,control,0,0.22788735,0
602953,181,2021-02-11,2021-02-25,-4,2020-12-13,2020-12-27,0,control,1,0.92040277,1
603636,181,2021-02-11,2021-02-25,-4,2020-12-13,2020-12-27,0,control,0,0.051420312,0
606151,181,2021-02-11,2021-02-25,-4,2020-12-13,2020-12-27,0,control,1,0.9966884,1
606200,181,2021-02-11,2021-02-25,-4,2020-12-13,2020-12-27,0,control,1,0.9740581,1
607369,181,2021-02-11,2021-02-25,-4,2020-12-13,2020-12-27,0,control,0,0.051907733,0
610653,181,2021-02-11,2021-02-25,-4,2020-12-13,2020-12-27,0,control,1,0.96866333,1
611571,181,2021-02-11,2021-02-25,-4,2020-12-13,2020-12-27,0,control,1,0.9712625,1
612104,181,2021-02-11,2021-02-25,-4,2020-12-13,2020-12-27,0,control,1,0.93638974,1
613177,181,2021-02-11,2021-02-25,-4,2020-12-13,2020-12-27,0,control,0,0.09572518,0
618146,181,2021-02-11,2021-02-25,-4,2020-12-13,2020-12-27,0,control,1,0.9851998,1
620447,181,2021-02-11,2021-02-25,-4,2020-12-13,2020-12-27,0,control,1,0.99655485,1
621532,181,2021-02-11,2021-02-25,-4,2020-12-13,2020-12-27,0,control,0,0.09165062,0
621735,181,2021-02-11,2021-02-25,-4,2020-12-13,2020-12-27,0,control,1,0.8964725,1
622342,181,2021-02-11,2021-02-25,-4,2020-12-13,2020-12-27,0,control,0,0.040458985,0
623899,181,2021-02-11,2021-02-25,-4,2020-12-13,2020-12-27,0,control,0,0.07136102,0
625301,181,2021-02-11,2021-02-25,-4,2020-12-13,2020-12-27,0,control,0,0.03303447,0
631242,181,2021-02-11,2021-02-25,-4,2020-12-13,2020-12-27,0,control,0,0.105699286,0
631500,181,2021-02-11,2021-02-25,-4,2020-12-13,2020-12-27,0,control,0,0.11726808,0
636147,181,2021-02-11,2021-02-25,-4,2020-12-13,2020-12-27,0,control,0,0.020862887,0
640654,181,2021-02-11,2021-02-25,-4,2020-12-13,2020-12-27,0,control,1,0.99000555,1
641524,181,2021-02-11,2021-02-25,-4,2020-12-13,2020-12-27,0,control,1,0.9895148,1
643770,181,2021-02-11,2021-02-25,-4,2020-12-13,2020-12-27,0,control,1,0.99474585,1
645868,181,2021-02-11,2021-02-25,-4,2020-12-13,2020-12-27,0,control,0,0.012664371,0
646704,181,2021-02-11,2021-02-25,-4,2020-12-13,2020-12-27,0,control,0,0.0058951415,0
649461,181,2021-02-11,2021-02-25,-4,2020-12-13,2020-12-27,0,control,1,0.99729,1
649554,181,2021-02-11,2021-02-25,-4,2020-12-13,2020-12-27,0,control,0,0.039711203,0
650061,181,2021-02-11,2021-02-25,-4,2020-12-13,2020-12-27,0,control,0,0.01797029,0
654302,181,2021-02-11,2021-02-25,-4,2020-12-13,2020-12-27,0,control,0,0.11703147,0
654829,181,2021-02-11,2021-02-25,-4,2020-12-13,2020-12-27,0,control,1,0.9719026,1
661887,181,2021-02-11,2021-02-25,-4,2020-12-13,2020-12-27,0,control,0,0.03470249,0
662489,181,2021-02-11,2021-02-25,-4,2020-12-13,2020-12-27,0,control,1,0.95905185,1
663392,181,2021-02-11,2021-02-25,-4,2020-12-13,2020-12-27,0,control,1,0.9438129,1
666326,181,2021-02-11,2021-02-25,-4,2020-12-13,2020-12-27,0,control,0,0.021978041,0
666760,181,2021-02-11,2021-02-25,-4,2020-12-13,2020-12-27,0,control,0,0.049703334,0
673798,181,2021-02-11,2021-02-25,-4,2020-12-13,2020-12-27,0,control,0,0.09979839,0
673930,181,2021-02-11,2021-02-25,-4,2020-12-13,2020-12-27,0,control,1,0.9452499,1
675569,181,2021-02-11,2021-02-25,-4,2020-12-13,2020-12-27,0,control,0,0.020998552,0
676561,181,2021-02-11,2021-02-25,-4,2020-12-13,2020-12-27,0,control,0,0.0458903,0
676695,181,2021-02-11,2021-02-25,-4,2020-12-13,2020-12-27,0,control,0,0.07691473,0
676715,181,2021-02-11,2021-02-25,-4,2020-12-13,2020-12-27,0,control,1,0.97794765,1
679937,181,2021-02-11,2021-02-25,-4,2020-12-13,2020-12-27,0,control,1,0.86686784,1
680616,181,2021-02-11,2021-02-25,-4,2020-12-13,2020-12-27,0,control,0,0.02014611,0
680665,181,2021-02-11,2021-02-25,-4,2020-12-13,2020-12-27,0,control,0,0.019476049,0
682187,181,2021-02-11,2021-02-25,-4,2020-12-13,2020-12-27,0,control,1,0.99301916,1
682679,181,2021-02-11,2021-02-25,-4,2020-12-13,2020-12-27,0,control,1,0.8508612,1
683290,181,2021-02-11,2021-02-25,-4,2020-12-13,2020-12-27,0,control,1,0.9762755,1
686127,181,2021-02-11,2021-02-25,-4,2020-12-13,2020-12-27,0,control,0,0.03007515,0
686258,181,2021-02-11,2021-02-25,-4,2020-12-13,2020-12-27,0,control,1,0.9976393,1
686841,181,2021-02-11,2021-02-25,-4,2020-12-13,2020-12-27,0,control,1,0.9806342,1
690090,181,2021-02-11,2021-02-25,-4,2020-12-13,2020-12-27,0,control,1,0.98075473,1
690558,181,2021-02-11,2021-02-25,-4,2020-12-13,2020-12-27,0,control,0,0.09307077,0
699471,181,2021-02-11,2021-02-25,-4,2020-12-13,2020-12-27,0,control,0,0.009304459,0
700574,181,2021-02-11,2021-02-25,-4,2020-12-13,2020-12-27,0,control,1,0.98403347,1
702774,181,2021-02-11,2021-02-25,-4,2020-12-13,2020-12-27,0,control,1,0.9454955,1
702825,181,2021-02-11,2021-02-25,-4,2020-12-13,2020-12-27,0,control,0,0.0918018,0
703786,181,2021-02-11,2021-02-25,-4,2020-12-13,2020-12-27,0,control,0,0.014683648,0
705850,181,2021-02-11,2021-02-25,-4,2020-12-13,2020-12-27,0,control,1,0.9619918,1
707507,181,2021-02-11,2021-02-25,-4,2020-12-13,2020-12-27,0,control,0,0.035680413,0
709092,181,2021-02-11,2021-02-25,-4,2020-12-13,2020-12-27,0,control,1,0.98048383,1
715127,181,2021-02-11,2021-02-25,-4,2020-12-13,2020-12-27,0,control,0,0.01713902,0
717198,181,2021-02-11,2021-02-25,-4,2020-12-13,2020-12-27,0,control,0,0.21794297,0
718036,181,2021-02-11,2021-02-25,-4,2020-12-13,2020-12-27,0,control,0,0.0344884,0
719598,181,2021-02-11,2021-02-25,-4,2020-12-13,2020-12-27,0,control,1,0.8786647,1
721748,181,2021-02-11,2021-02-25,-4,2020-12-13,2020-12-27,0,control,1,0.9845707,1
722316,181,2021-02-11,2021-02-25,-4,2020-12-13,2020-12-27,0,control,0,0.054045238,0
727028,181,2021-02-11,2021-02-25,-4,2020-12-13,2020-12-27,0,control,1,0.9981583,1
728867,181,2021-02-11,2021-02-25,-4,2020-12-13,2020-12-27,0,control,1,0.8635018,1
731798,181,2021-02-11,2021-02-25,-4,2020-12-13,2020-12-27,0,control,1,0.9798076,1
734134,181,2021-02-11,2021-02-25,-4,2020-12-13,2020-12-27,0,control,1,0.90174943,1
738070,181,2021-02-11,2021-02-25,-4,2020-12-13,2020-12-27,0,control,0,0.009896859,0
738454,181,2021-02-11,2021-02-25,-4,2020-12-13,2020-12-27,0,control,1,0.97617286,1
739975,181,2021-02-11,2021-02-25,-4,2020-12-13,2020-12-27,0,control,1,0.9716501,1
740060,181,2021-02-11,2021-02-25,-4,2020-12-13,2020-12-27,0,control,0,0.06309645,0
744709,181,2021-02-11,2021-02-25,-4,2020-12-13,2020-12-27,0,control,0,0.043291558,0
747454,181,2021-02-11,2021-02-25,-4,2020-12-13,2020-12-27,0,control,1,0.9898637,1
751934,181,2021-02-11,2021-02-25,-4,2020-12-13,2020-12-27,0,control,0,0.06771287,0
752216,181,2021-02-11,2021-02-25,-4,2020-12-13,2020-12-27,0,control,0,0.06277473,0
752640,181,2021-02-11,2021-02-25,-4,2020-12-13,2020-12-27,0,control,1,0.9698406,1
756085,181,2021-02-11,2021-02-25,-4,2020-12-13,2020-12-27,0,control,1,0.94708824,1
758669,181,2021-02-11,2021-02-25,-4,2020-12-13,2020-12-27,0,control,0,0.0492419,0
762676,181,2021-02-11,2021-02-25,-4,2020-12-13,2020-12-27,0,control,1,0.95469284,1
764023,181,2021-02-11,2021-02-25,-4,2020-12-13,2020-12-27,0,control,0,0.012717115,0
764962,181,2021-02-11,2021-02-25,-4,2020-12-13,2020-12-27,0,control,1,0.9932482,1
769521,181,2021-02-11,2021-02-25,-4,2020-12-13,2020-12-27,0,control,0,0.023933155,0
770295,181,2021-02-11,2021-02-25,-4,2020-12-13,2020-12-27,0,control,0,0.08999944,0
777063,181,2021-02-11,2021-02-25,-4,2020-12-13,2020-12-27,0,control,0,0.076547265,0
778802,181,2021-02-11,2021-02-25,-4,2020-12-13,2020-12-27,0,control,0,0.08157795,0
780709,181,2021-02-11,2021-02-25,-4,2020-12-13,2020-12-27,0,control,0,0.14669828,0
781420,181,2021-02-11,2021-02-25,-4,2020-12-13,2020-12-27,0,control,1,0.99024767,1
781904,181,2021-02-11,2021-02-25,-4,2020-12-13,2020-12-27,0,control,0,0.35263333,0
784035,181,2021-02-11,2021-02-25,-4,2020-12-13,2020-12-27,0,control,0,0.042550392,0
787307,181,2021-02-11,2021-02-25,-4,2020-12-13,2020-12-27,0,control,0,0.012534133,0
787924,181,2021-02-11,2021-02-25,-4,2020-12-13,2020-12-27,0,control,1,0.9916781,1
788266,181,2021-02-11,2021-02-25,-4,2020-12-13,2020-12-27,0,control,0,0.24467792,0
789451,181,2021-02-11,2021-02-25,-4,2020-12-13,2020-12-27,0,control,1,0.9591311,1
791475,181,2021-02-11,2021-02-25,-4,2020-12-13,2020-12-27,0,control,0,0.002075665,0
791757,181,2021-02-11,2021-02-25,-4,2020-12-13,2020-12-27,0,control,1,0.8490473,1
791841,181,2021-02-11,2021-02-25,-4,2020-12-13,2020-12-27,0,control,1,0.95394284,1
796350,181,2021-02-11,2021-02-25,-4,2020-12-13,2020-12-27,0,control,0,0.065928064,0
797203,181,2021-02-11,2021-02-25,-4,2020-12-13,2020-12-27,0,control,0,0.0021481712,0
798698,181,2021-02-11,2021-02-25,-4,2020-12-13,2020-12-27,0,control,1,0.99026173,1
801088,181,2021-02-11,2021-02-25,-4,2020-12-13,2020-12-27,0,control,0,0.13606794,0
801822,181,2021-02-11,2021-02-25,-4,2020-12-13,2020-12-27,0,control,0,0.03513711,0
803223,181,2021-02-11,2021-02-25,-4,2020-12-13,2020-12-27,0,control,0,0.10555309,0
803754,181,2021-02-11,2021-02-25,-4,2020-12-13,2020-12-27,0,control,1,0.813912,1
804390,181,2021-02-11,2021-02-25,-4,2020-12-13,2020-12-27,0,control,1,0.9624154,1
805016,181,2021-02-11,2021-02-25,-4,2020-12-13,2020-12-27,0,control,0,0.083245516,0
805569,181,2021-02-11,2021-02-25,-4,2020-12-13,2020-12-27,0,control,1,0.9462007,1
806513,181,2021-02-11,2021-02-25,-4,2020-12-13,2020-12-27,0,control,1,0.99179125,1
838,181,2021-02-11,2021-02-25,-3,2020-12-28,2021-01-11,0,control,1,0.990581,1
3974,181,2021-02-11,2021-02-25,-3,2020-12-28,2021-01-11,0,control,1,0.89352137,1
6547,181,2021-02-11,2021-02-25,-3,2020-12-28,2021-01-11,0,control,0,0.045535352,0
7542,181,2021-02-11,2021-02-25,-3,2020-12-28,2021-01-11,0,control,0,0.024080645,0
7974,181,2021-02-11,2021-02-25,-3,2020-12-28,2021-01-11,0,control,0,0.20161857,0
8595,181,2021-02-11,2021-02-25,-3,2020-12-28,2021-01-11,0,control,0,0.10959982,0
10320,181,2021-02-11,2021-02-25,-3,2020-12-28,2021-01-11,0,control,1,0.88234425,1
10590,181,2021-02-11,2021-02-25,-3,2020-12-28,2021-01-11,0,control,1,0.97590816,1
11595,181,2021-02-11,2021-02-25,-3,2020-12-28,2021-01-11,0,control,1,0.98991615,1
12152,181,2021-02-11,2021-02-25,-3,2020-12-28,2021-01-11,0,control,1,0.9689692,1
13587,181,2021-02-11,2021-02-25,-3,2020-12-28,2021-01-11,0,control,1,0.91893363,1
14317,181,2021-02-11,2021-02-25,-3,2020-12-28,2021-01-11,0,control,1,0.95551646,1
14730,181,2021-02-11,2021-02-25,-3,2020-12-28,2021-01-11,0,control,0,0.072994545,0
16213,181,2021-02-11,2021-02-25,-3,2020-12-28,2021-01-11,0,control,0,0.07753096,0
16219,181,2021-02-11,2021-02-25,-3,2020-12-28,2021-01-11,0,control,1,0.9878044,1
17489,181,2021-02-11,2021-02-25,-3,2020-12-28,2021-01-11,0,control,1,0.965974,1
17494,181,2021-02-11,2021-02-25,-3,2020-12-28,2021-01-11,0,control,0,0.05940321,0
19215,181,2021-02-11,2021-02-25,-3,2020-12-28,2021-01-11,0,control,0,0.09729941,0
20016,181,2021-02-11,2021-02-25,-3,2020-12-28,2021-01-11,0,control,1,0.86191416,1
27330,181,2021-02-11,2021-02-25,-3,2020-12-28,2021-01-11,0,control,0,0.041753594,0
28091,181,2021-02-11,2021-02-25,-3,2020-12-28,2021-01-11,0,control,0,0.0845005,0
28732,181,2021-02-11,2021-02-25,-3,2020-12-28,2021-01-11,0,control,1,0.9885599,1
29089,181,2021-02-11,2021-02-25,-3,2020-12-28,2021-01-11,0,control,1,0.969736,1
29361,181,2021-02-11,2021-02-25,-3,2020-12-28,2021-01-11,0,control,0,0.053816237,0
32547,181,2021-02-11,2021-02-25,-3,2020-12-28,2021-01-11,0,control,0,0.05655662,0
36956,181,2021-02-11,2021-02-25,-3,2020-12-28,2021-01-11,0,control,1,0.9610417,1
44995,181,2021-02-11,2021-02-25,-3,2020-12-28,2021-01-11,0,control,1,0.9433099,1
45697,181,2021-02-11,2021-02-25,-3,2020-12-28,2021-01-11,0,control,0,0.06514923,0
46662,181,2021-02-11,2021-02-25,-3,2020-12-28,2021-01-11,0,control,0,0.032420646,0
48853,181,2021-02-11,2021-02-25,-3,2020-12-28,2021-01-11,0,control,0,0.014159466,0
50800,181,2021-02-11,2021-02-25,-3,2020-12-28,2021-01-11,0,control,0,0.04823815,0
51224,181,2021-02-11,2021-02-25,-3,2020-12-28,2021-01-11,0,control,1,0.93051493,1
54897,181,2021-02-11,2021-02-25,-3,2020-12-28,2021-01-11,0,control,0,0.027049098,0
61501,181,2021-02-11,2021-02-25,-3,2020-12-28,2021-01-11,0,control,1,0.9603745,1
65859,181,2021-02-11,2021-02-25,-3,2020-12-28,2021-01-11,0,control,0,0.027397575,0
74313,181,2021-02-11,2021-02-25,-3,2020-12-28,2021-01-11,0,control,1,0.9329551,1
75140,181,2021-02-11,2021-02-25,-3,2020-12-28,2021-01-11,0,control,1,0.9307145,1
76387,181,2021-02-11,2021-02-25,-3,2020-12-28,2021-01-11,0,control,0,0.09535371,0
78195,181,2021-02-11,2021-02-25,-3,2020-12-28,2021-01-11,0,control,1,0.9993469,1
78682,181,2021-02-11,2021-02-25,-3,2020-12-28,2021-01-11,0,control,1,0.97612005,1
82320,181,2021-02-11,2021-02-25,-3,2020-12-28,2021-01-11,0,control,0,0.04139436,0
82970,181,2021-02-11,2021-02-25,-3,2020-12-28,2021-01-11,0,control,1,0.98656124,1
88755,181,2021-02-11,2021-02-25,-3,2020-12-28,2021-01-11,0,control,1,0.8760503,1
88781,181,2021-02-11,2021-02-25,-3,2020-12-28,2021-01-11,0,control,1,0.9872709,1
89439,181,2021-02-11,2021-02-25,-3,2020-12-28,2021-01-11,0,control,1,0.99767894,1
90047,181,2021-02-11,2021-02-25,-3,2020-12-28,2021-01-11,0,control,0,0.09082554,0
90049,181,2021-02-11,2021-02-25,-3,2020-12-28,2021-01-11,0,control,1,0.9619363,1
90256,181,2021-02-11,2021-02-25,-3,2020-12-28,2021-01-11,0,control,1,0.97269803,1
90685,181,2021-02-11,2021-02-25,-3,2020-12-28,2021-01-11,0,control,1,0.8299521,1
91730,181,2021-02-11,2021-02-25,-3,2020-12-28,2021-01-11,0,control,1,0.9624325,1
97122,181,2021-02-11,2021-02-25,-3,2020-12-28,2021-01-11,0,control,0,0.04321767,0
100147,181,2021-02-11,2021-02-25,-3,2020-12-28,2021-01-11,0,control,1,0.97676134,1
101550,181,2021-02-11,2021-02-25,-3,2020-12-28,2021-01-11,0,control,0,0.09482622,0
102907,181,2021-02-11,2021-02-25,-3,2020-12-28,2021-01-11,0,control,1,0.9934256,1
105738,181,2021-02-11,2021-02-25,-3,2020-12-28,2021-01-11,0,control,0,0.043731116,0
106499,181,2021-02-11,2021-02-25,-3,2020-12-28,2021-01-11,0,control,1,0.99450076,1
107885,181,2021-02-11,2021-02-25,-3,2020-12-28,2021-01-11,0,control,0,0.027348202,0
110758,181,2021-02-11,2021-02-25,-3,2020-12-28,2021-01-11,0,control,1,0.92065907,1
110980,181,2021-02-11,2021-02-25,-3,2020-12-28,2021-01-11,0,control,1,0.9741522,1
117239,181,2021-02-11,2021-02-25,-3,2020-12-28,2021-01-11,0,control,0,0.020149047,0
123343,181,2021-02-11,2021-02-25,-3,2020-12-28,2021-01-11,0,control,0,0.10336283,0
125257,181,2021-02-11,2021-02-25,-3,2020-12-28,2021-01-11,0,control,1,0.90576905,1
136678,181,2021-02-11,2021-02-25,-3,2020-12-28,2021-01-11,0,control,1,0.99088025,1
140392,181,2021-02-11,2021-02-25,-3,2020-12-28,2021-01-11,0,control,1,0.867016,1
140771,181,2021-02-11,2021-02-25,-3,2020-12-28,2021-01-11,0,control,0,0.037554033,0
141059,181,2021-02-11,2021-02-25,-3,2020-12-28,2021-01-11,0,control,1,0.8990393,1
141720,181,2021-02-11,2021-02-25,-3,2020-12-28,2021-01-11,0,control,1,0.7835728,1
142114,181,2021-02-11,2021-02-25,-3,2020-12-28,2021-01-11,0,control,0,0.0291414,0
142954,181,2021-02-11,2021-02-25,-3,2020-12-28,2021-01-11,0,control,0,0.047743972,0
147315,181,2021-02-11,2021-02-25,-3,2020-12-28,2021-01-11,0,control,1,0.883094,1
147383,181,2021-02-11,2021-02-25,-3,2020-12-28,2021-01-11,0,control,0,0.09966325,0
150407,181,2021-02-11,2021-02-25,-3,2020-12-28,2021-01-11,0,control,0,0.10945351,0
156593,181,2021-02-11,2021-02-25,-3,2020-12-28,2021-01-11,0,control,0,0.035022598,0
159020,181,2021-02-11,2021-02-25,-3,2020-12-28,2021-01-11,0,control,1,0.9968394,1
159687,181,2021-02-11,2021-02-25,-3,2020-12-28,2021-01-11,0,control,0,0.0256588,0
162974,181,2021-02-11,2021-02-25,-3,2020-12-28,2021-01-11,0,control,1,0.99441504,1
164547,181,2021-02-11,2021-02-25,-3,2020-12-28,2021-01-11,0,control,0,0.028777534,0
166288,181,2021-02-11,2021-02-25,-3,2020-12-28,2021-01-11,0,control,1,0.9178708,1
169333,181,2021-02-11,2021-02-25,-3,2020-12-28,2021-01-11,0,control,1,0.97799486,1
173235,181,2021-02-11,2021-02-25,-3,2020-12-28,2021-01-11,0,control,0,0.11647632,0
181788,181,2021-02-11,2021-02-25,-3,2020-12-28,2021-01-11,0,control,0,0.014500785,0
183042,181,2021-02-11,2021-02-25,-3,2020-12-28,2021-01-11,0,control,1,0.94645023,1
184236,181,2021-02-11,2021-02-25,-3,2020-12-28,2021-01-11,0,control,1,0.94373083,1
184688,181,2021-02-11,2021-02-25,-3,2020-12-28,2021-01-11,0,control,0,0.0017454464,0
187192,181,2021-02-11,2021-02-25,-3,2020-12-28,2021-01-11,0,control,1,0.9797492,1
189699,181,2021-02-11,2021-02-25,-3,2020-12-28,2021-01-11,0,control,1,0.91120964,1
190437,181,2021-02-11,2021-02-25,-3,2020-12-28,2021-01-11,0,control,1,0.8755591,1
190494,181,2021-02-11,2021-02-25,-3,2020-12-28,2021-01-11,0,control,0,0.01150169,0
193824,181,2021-02-11,2021-02-25,-3,2020-12-28,2021-01-11,0,control,0,0.013018823,0
194335,181,2021-02-11,2021-02-25,-3,2020-12-28,2021-01-11,0,control,1,0.92077893,1
198183,181,2021-02-11,2021-02-25,-3,2020-12-28,2021-01-11,0,control,1,0.9418124,1
200757,181,2021-02-11,2021-02-25,-3,2020-12-28,2021-01-11,0,control,1,0.64613324,1
201185,181,2021-02-11,2021-02-25,-3,2020-12-28,2021-01-11,0,control,0,0.024139551,0
202120,181,2021-02-11,2021-02-25,-3,2020-12-28,2021-01-11,0,control,0,0.09508386,0
203696,181,2021-02-11,2021-02-25,-3,2020-12-28,2021-01-11,0,control,0,0.030427702,0
203984,181,2021-02-11,2021-02-25,-3,2020-12-28,2021-01-11,0,control,1,0.9402975,1
208060,181,2021-02-11,2021-02-25,-3,2020-12-28,2021-01-11,0,control,0,0.03455652,0
209102,181,2021-02-11,2021-02-25,-3,2020-12-28,2021-01-11,0,control,1,0.9269078,1
210723,181,2021-02-11,2021-02-25,-3,2020-12-28,2021-01-11,0,control,0,0.042765863,0
213171,181,2021-02-11,2021-02-25,-3,2020-12-28,2021-01-11,0,control,0,0.06735257,0
213173,181,2021-02-11,2021-02-25,-3,2020-12-28,2021-01-11,0,control,0,0.043371435,0
216957,181,2021-02-11,2021-02-25,-3,2020-12-28,2021-01-11,0,control,0,0.022975203,0
222847,181,2021-02-11,2021-02-25,-3,2020-12-28,2021-01-11,0,control,1,0.8792956,1
228283,181,2021-02-11,2021-02-25,-3,2020-12-28,2021-01-11,0,control,1,0.9951875,1
234089,181,2021-02-11,2021-02-25,-3,2020-12-28,2021-01-11,0,control,0,0.020826742,0
234523,181,2021-02-11,2021-02-25,-3,2020-12-28,2021-01-11,0,control,1,0.8491686,1
235756,181,2021-02-11,2021-02-25,-3,2020-12-28,2021-01-11,0,control,0,0.06244467,0
240235,181,2021-02-11,2021-02-25,-3,2020-12-28,2021-01-11,0,control,1,0.97190297,1
242788,181,2021-02-11,2021-02-25,-3,2020-12-28,2021-01-11,0,control,1,0.9018133,1
243676,181,2021-02-11,2021-02-25,-3,2020-12-28,2021-01-11,0,control,1,0.9524453,1
246215,181,2021-02-11,2021-02-25,-3,2020-12-28,2021-01-11,0,control,1,0.97086483,1
246348,181,2021-02-11,2021-02-25,-3,2020-12-28,2021-01-11,0,control,1,0.9544682,1
248086,181,2021-02-11,2021-02-25,-3,2020-12-28,2021-01-11,0,control,1,0.80910665,1
248409,181,2021-02-11,2021-02-25,-3,2020-12-28,2021-01-11,0,control,1,0.9387315,1
253777,181,2021-02-11,2021-02-25,-3,2020-12-28,2021-01-11,0,control,0,0.052949365,0
253993,181,2021-02-11,2021-02-25,-3,2020-12-28,2021-01-11,0,control,0,0.040827535,0
255968,181,2021-02-11,2021-02-25,-3,2020-12-28,2021-01-11,0,control,0,0.08220713,0
256602,181,2021-02-11,2021-02-25,-3,2020-12-28,2021-01-11,0,control,1,0.91150886,1
257861,181,2021-02-11,2021-02-25,-3,2020-12-28,2021-01-11,0,control,0,0.053206235,0
261514,181,2021-02-11,2021-02-25,-3,2020-12-28,2021-01-11,0,control,0,0.030969968,0
261543,181,2021-02-11,2021-02-25,-3,2020-12-28,2021-01-11,0,control,0,0.011250505,0
265370,181,2021-02-11,2021-02-25,-3,2020-12-28,2021-01-11,0,control,0,0.017493356,0
272093,181,2021-02-11,2021-02-25,-3,2020-12-28,2021-01-11,0,control,1,0.91281986,1
272130,181,2021-02-11,2021-02-25,-3,2020-12-28,2021-01-11,0,control,1,0.97846675,1
274965,181,2021-02-11,2021-02-25,-3,2020-12-28,2021-01-11,0,control,0,0.054472283,0
277504,181,2021-02-11,2021-02-25,-3,2020-12-28,2021-01-11,0,control,0,0.053897236,0
277576,181,2021-02-11,2021-02-25,-3,2020-12-28,2021-01-11,0,control,1,0.9992778,1
279299,181,2021-02-11,2021-02-25,-3,2020-12-28,2021-01-11,0,control,1,0.9096399,1
279350,181,2021-02-11,2021-02-25,-3,2020-12-28,2021-01-11,0,control,1,0.97335976,1
282476,181,2021-02-11,2021-02-25,-3,2020-12-28,2021-01-11,0,control,0,0.16172571,0
283923,181,2021-02-11,2021-02-25,-3,2020-12-28,2021-01-11,0,control,0,0.009448406,0
284956,181,2021-02-11,2021-02-25,-3,2020-12-28,2021-01-11,0,control,0,0.07331657,0
286014,181,2021-02-11,2021-02-25,-3,2020-12-28,2021-01-11,0,control,0,0.00978091,0
286164,181,2021-02-11,2021-02-25,-3,2020-12-28,2021-01-11,0,control,1,0.99856853,1
289500,181,2021-02-11,2021-02-25,-3,2020-12-28,2021-01-11,0,control,1,0.9926004,1
289514,181,2021-02-11,2021-02-25,-3,2020-12-28,2021-01-11,0,control,1,0.9642446,1
292316,181,2021-02-11,2021-02-25,-3,2020-12-28,2021-01-11,0,control,0,0.024920084,0
293645,181,2021-02-11,2021-02-25,-3,2020-12-28,2021-01-11,0,control,0,0.10515519,0
293665,181,2021-02-11,2021-02-25,-3,2020-12-28,2021-01-11,0,control,0,0.03230236,0
293667,181,2021-02-11,2021-02-25,-3,2020-12-28,2021-01-11,0,control,1,0.9908998,1
295855,181,2021-02-11,2021-02-25,-3,2020-12-28,2021-01-11,0,control,1,0.9253365,1
295886,181,2021-02-11,2021-02-25,-3,2020-12-28,2021-01-11,0,control,1,0.7633052,1
296564,181,2021-02-11,2021-02-25,-3,2020-12-28,2021-01-11,0,control,1,0.9834078,1
302084,181,2021-02-11,2021-02-25,-3,2020-12-28,2021-01-11,0,control,1,0.96693903,1
302153,181,2021-02-11,2021-02-25,-3,2020-12-28,2021-01-11,0,control,0,0.115257084,0
302419,181,2021-02-11,2021-02-25,-3,2020-12-28,2021-01-11,0,control,0,0.069867894,0
304391,181,2021-02-11,2021-02-25,-3,2020-12-28,2021-01-11,0,control,0,0.065584116,0
306989,181,2021-02-11,2021-02-25,-3,2020-12-28,2021-01-11,0,control,1,0.99906725,1
313836,181,2021-02-11,2021-02-25,-3,2020-12-28,2021-01-11,0,control,0,0.069492705,0
315070,181,2021-02-11,2021-02-25,-3,2020-12-28,2021-01-11,0,control,1,0.91663396,1
315623,181,2021-02-11,2021-02-25,-3,2020-12-28,2021-01-11,0,control,1,0.91759676,1
317401,181,2021-02-11,2021-02-25,-3,2020-12-28,2021-01-11,0,control,1,0.92591405,1
317668,181,2021-02-11,2021-02-25,-3,2020-12-28,2021-01-11,0,control,1,0.9666591,1
322946,181,2021-02-11,2021-02-25,-3,2020-12-28,2021-01-11,0,control,1,0.9253851,1
324884,181,2021-02-11,2021-02-25,-3,2020-12-28,2021-01-11,0,control,0,0.012938956,0
342540,181,2021-02-11,2021-02-25,-3,2020-12-28,2021-01-11,0,control,0,0.060257684,0
342954,181,2021-02-11,2021-02-25,-3,2020-12-28,2021-01-11,0,control,1,0.9804528,1
344513,181,2021-02-11,2021-02-25,-3,2020-12-28,2021-01-11,0,control,0,0.020878533,0
344937,181,2021-02-11,2021-02-25,-3,2020-12-28,2021-01-11,0,control,1,0.9773901,1
346365,181,2021-02-11,2021-02-25,-3,2020-12-28,2021-01-11,0,control,0,0.09821364,0
346747,181,2021-02-11,2021-02-25,-3,2020-12-28,2021-01-11,0,control,1,0.94073147,1
348900,181,2021-02-11,2021-02-25,-3,2020-12-28,2021-01-11,0,control,0,0.00568643,0
349533,181,2021-02-11,2021-02-25,-3,2020-12-28,2021-01-11,0,control,0,0.020560697,0
349570,181,2021-02-11,2021-02-25,-3,2020-12-28,2021-01-11,0,control,1,0.9934295,1
354591,181,2021-02-11,2021-02-25,-3,2020-12-28,2021-01-11,0,control,0,0.025514534,0
354596,181,2021-02-11,2021-02-25,-3,2020-12-28,2021-01-11,0,control,0,0.0011844216,0
355253,181,2021-02-11,2021-02-25,-3,2020-12-28,2021-01-11,0,control,1,0.8652305,1
356351,181,2021-02-11,2021-02-25,-3,2020-12-28,2021-01-11,0,control,1,0.99990237,1
356396,181,2021-02-11,2021-02-25,-3,2020-12-28,2021-01-11,0,control,1,0.9351897,1
359674,181,2021-02-11,2021-02-25,-3,2020-12-28,2021-01-11,0,control,0,0.20874655,0
359729,181,2021-02-11,2021-02-25,-3,2020-12-28,2021-01-11,0,control,1,0.9687808,1
359747,181,2021-02-11,2021-02-25,-3,2020-12-28,2021-01-11,0,control,1,0.8916988,1
361843,181,2021-02-11,2021-02-25,-3,2020-12-28,2021-01-11,0,control,1,0.87549585,1
364683,181,2021-02-11,2021-02-25,-3,2020-12-28,2021-01-11,0,control,0,0.057559952,0
367070,181,2021-02-11,2021-02-25,-3,2020-12-28,2021-01-11,0,control,0,0.012741931,0
367668,181,2021-02-11,2021-02-25,-3,2020-12-28,2021-01-11,0,control,1,0.8636058,1
370636,181,2021-02-11,2021-02-25,-3,2020-12-28,2021-01-11,0,control,1,0.8294161,1
373500,181,2021-02-11,2021-02-25,-3,2020-12-28,2021-01-11,0,control,0,0.09598897,0
374125,181,2021-02-11,2021-02-25,-3,2020-12-28,2021-01-11,0,control,0,0.07191884,0
378773,181,2021-02-11,2021-02-25,-3,2020-12-28,2021-01-11,0,control,0,0.0046353973,0
379490,181,2021-02-11,2021-02-25,-3,2020-12-28,2021-01-11,0,control,1,0.8486673,1
379590,181,2021-02-11,2021-02-25,-3,2020-12-28,2021-01-11,0,control,1,0.91801417,1
380331,181,2021-02-11,2021-02-25,-3,2020-12-28,2021-01-11,0,control,0,0.10322222,0
381588,181,2021-02-11,2021-02-25,-3,2020-12-28,2021-01-11,0,control,0,0.119622596,0
382200,181,2021-02-11,2021-02-25,-3,2020-12-28,2021-01-11,0,control,0,0.0684778,0
383932,181,2021-02-11,2021-02-25,-3,2020-12-28,2021-01-11,0,control,1,0.93525594,1
385927,181,2021-02-11,2021-02-25,-3,2020-12-28,2021-01-11,0,control,1,0.95653236,1
386709,181,2021-02-11,2021-02-25,-3,2020-12-28,2021-01-11,0,control,1,0.9473724,1
390241,181,2021-02-11,2021-02-25,-3,2020-12-28,2021-01-11,0,control,1,0.9976659,1
390371,181,2021-02-11,2021-02-25,-3,2020-12-28,2021-01-11,0,control,1,0.8864016,1
391041,181,2021-02-11,2021-02-25,-3,2020-12-28,2021-01-11,0,control,1,0.9561862,1
392211,181,2021-02-11,2021-02-25,-3,2020-12-28,2021-01-11,0,control,1,0.9989858,1
392806,181,2021-02-11,2021-02-25,-3,2020-12-28,2021-01-11,0,control,0,0.026351241,0
394542,181,2021-02-11,2021-02-25,-3,2020-12-28,2021-01-11,0,control,1,0.9851142,1
405444,181,2021-02-11,2021-02-25,-3,2020-12-28,2021-01-11,0,control,0,0.034293126,0
407251,181,2021-02-11,2021-02-25,-3,2020-12-28,2021-01-11,0,control,1,0.991651,1
408424,181,2021-02-11,2021-02-25,-3,2020-12-28,2021-01-11,0,control,0,0.05799485,0
408652,181,2021-02-11,2021-02-25,-3,2020-12-28,2021-01-11,0,control,1,0.978581,1
413506,181,2021-02-11,2021-02-25,-3,2020-12-28,2021-01-11,0,control,1,0.95833343,1
417890,181,2021-02-11,2021-02-25,-3,2020-12-28,2021-01-11,0,control,1,0.79905623,1
418026,181,2021-02-11,2021-02-25,-3,2020-12-28,2021-01-11,0,control,1,0.9238475,1
418417,181,2021-02-11,2021-02-25,-3,2020-12-28,2021-01-11,0,control,1,0.91000134,1
420370,181,2021-02-11,2021-02-25,-3,2020-12-28,2021-01-11,0,control,0,0.025014669,0
423203,181,2021-02-11,2021-02-25,-3,2020-12-28,2021-01-11,0,control,1,0.9899102,1
424713,181,2021-02-11,2021-02-25,-3,2020-12-28,2021-01-11,0,control,1,0.95786893,1
424923,181,2021-02-11,2021-02-25,-3,2020-12-28,2021-01-11,0,control,1,0.9860541,1
429648,181,2021-02-11,2021-02-25,-3,2020-12-28,2021-01-11,0,control,0,0.023002142,0
429975,181,2021-02-11,2021-02-25,-3,2020-12-28,2021-01-11,0,control,1,0.9548343,1
430322,181,2021-02-11,2021-02-25,-3,2020-12-28,2021-01-11,0,control,1,0.9942292,1
434305,181,2021-02-11,2021-02-25,-3,2020-12-28,2021-01-11,0,control,1,0.8689653,1
436279,181,2021-02-11,2021-02-25,-3,2020-12-28,2021-01-11,0,control,0,0.02511392,0
437067,181,2021-02-11,2021-02-25,-3,2020-12-28,2021-01-11,0,control,0,0.028732453,0
438631,181,2021-02-11,2021-02-25,-3,2020-12-28,2021-01-11,0,control,1,0.9136509,1
438696,181,2021-02-11,2021-02-25,-3,2020-12-28,2021-01-11,0,control,0,0.061279036,0
439403,181,2021-02-11,2021-02-25,-3,2020-12-28,2021-01-11,0,control,0,0.010474159,0
441619,181,2021-02-11,2021-02-25,-3,2020-12-28,2021-01-11,0,control,1,0.93801004,1
446715,181,2021-02-11,2021-02-25,-3,2020-12-28,2021-01-11,0,control,0,0.096834786,0
446720,181,2021-02-11,2021-02-25,-3,2020-12-28,2021-01-11,0,control,1,0.949965,1
447932,181,2021-02-11,2021-02-25,-3,2020-12-28,2021-01-11,0,control,0,0.03037088,0
449072,181,2021-02-11,2021-02-25,-3,2020-12-28,2021-01-11,0,control,1,0.9932904,1
450546,181,2021-02-11,2021-02-25,-3,2020-12-28,2021-01-11,0,control,0,0.06256014,0
450841,181,2021-02-11,2021-02-25,-3,2020-12-28,2021-01-11,0,control,1,0.97969145,1
452356,181,2021-02-11,2021-02-25,-3,2020-12-28,2021-01-11,0,control,1,0.98436373,1
460418,181,2021-02-11,2021-02-25,-3,2020-12-28,2021-01-11,0,control,0,0.12640245,0
460590,181,2021-02-11,2021-02-25,-3,2020-12-28,2021-01-11,0,control,1,0.9785024,1
462496,181,2021-02-11,2021-02-25,-3,2020-12-28,2021-01-11,0,control,1,0.98047465,1
463105,181,2021-02-11,2021-02-25,-3,2020-12-28,2021-01-11,0,control,0,0.043207362,0
465354,181,2021-02-11,2021-02-25,-3,2020-12-28,2021-01-11,0,control,0,0.11176463,0
469974,181,2021-02-11,2021-02-25,-3,2020-12-28,2021-01-11,0,control,1,0.8758304,1
470374,181,2021-02-11,2021-02-25,-3,2020-12-28,2021-01-11,0,control,1,0.925963,1
472545,181,2021-02-11,2021-02-25,-3,2020-12-28,2021-01-11,0,control,0,0.027830105,0
472898,181,2021-02-11,2021-02-25,-3,2020-12-28,2021-01-11,0,control,0,0.092119485,0
474427,181,2021-02-11,2021-02-25,-3,2020-12-28,2021-01-11,0,control,1,0.8846854,1
478375,181,2021-02-11,2021-02-25,-3,2020-12-28,2021-01-11,0,control,0,0.019585036,0
478567,181,2021-02-11,2021-02-25,-3,2020-12-28,2021-01-11,0,control,0,0.03689785,0
482084,181,2021-02-11,2021-02-25,-3,2020-12-28,2021-01-11,0,control,0,0.05165795,0
484029,181,2021-02-11,2021-02-25,-3,2020-12-28,2021-01-11,0,control,1,0.9017683,1
485476,181,2021-02-11,2021-02-25,-3,2020-12-28,2021-01-11,0,control,0,0.09744941,0
488341,181,2021-02-11,2021-02-25,-3,2020-12-28,2021-01-11,0,control,1,0.88992655,1
490993,181,2021-02-11,2021-02-25,-3,2020-12-28,2021-01-11,0,control,1,0.974411,1
491616,181,2021-02-11,2021-02-25,-3,2020-12-28,2021-01-11,0,control,1,0.93131363,1
492469,181,2021-02-11,2021-02-25,-3,2020-12-28,2021-01-11,0,control,1,0.9674499,1
494735,181,2021-02-11,2021-02-25,-3,2020-12-28,2021-01-11,0,control,1,0.94169515,1
496172,181,2021-02-11,2021-02-25,-3,2020-12-28,2021-01-11,0,control,0,0.001132084,0
502742,181,2021-02-11,2021-02-25,-3,2020-12-28,2021-01-11,0,control,1,0.98544145,1
505194,181,2021-02-11,2021-02-25,-3,2020-12-28,2021-01-11,0,control,0,0.036591716,0
505386,181,2021-02-11,2021-02-25,-3,2020-12-28,2021-01-11,0,control,1,0.90480524,1
507376,181,2021-02-11,2021-02-25,-3,2020-12-28,2021-01-11,0,control,0,0.02081878,0
520175,181,2021-02-11,2021-02-25,-3,2020-12-28,2021-01-11,0,control,1,0.9670246,1
520323,181,2021-02-11,2021-02-25,-3,2020-12-28,2021-01-11,0,control,0,0.10142362,0
525111,181,2021-02-11,2021-02-25,-3,2020-12-28,2021-01-11,0,control,1,0.9925027,1
525639,181,2021-02-11,2021-02-25,-3,2020-12-28,2021-01-11,0,control,1,0.9779816,1
530628,181,2021-02-11,2021-02-25,-3,2020-12-28,2021-01-11,0,control,0,0.035284836,0
533764,181,2021-02-11,2021-02-25,-3,2020-12-28,2021-01-11,0,control,1,0.87046,1
535820,181,2021-02-11,2021-02-25,-3,2020-12-28,2021-01-11,0,control,1,0.93281186,1
536728,181,2021-02-11,2021-02-25,-3,2020-12-28,2021-01-11,0,control,1,0.96171695,1
537346,181,2021-02-11,2021-02-25,-3,2020-12-28,2021-01-11,0,control,0,0.033853985,0
538538,181,2021-02-11,2021-02-25,-3,2020-12-28,2021-01-11,0,control,0,0.06778716,0
538541,181,2021-02-11,2021-02-25,-3,2020-12-28,2021-01-11,0,control,1,0.97587717,1
538542,181,2021-02-11,2021-02-25,-3,2020-12-28,2021-01-11,0,control,0,0.025304371,0
538544,181,2021-02-11,2021-02-25,-3,2020-12-28,2021-01-11,0,control,0,0.10965081,0
539435,181,2021-02-11,2021-02-25,-3,2020-12-28,2021-01-11,0,control,0,0.01815784,0
540763,181,2021-02-11,2021-02-25,-3,2020-12-28,2021-01-11,0,control,0,0.04511285,0
541299,181,2021-02-11,2021-02-25,-3,2020-12-28,2021-01-11,0,control,1,0.8883001,1
541545,181,2021-02-11,2021-02-25,-3,2020-12-28,2021-01-11,0,control,1,0.9858408,1
543081,181,2021-02-11,2021-02-25,-3,2020-12-28,2021-01-11,0,control,0,0.07340636,0
543087,181,2021-02-11,2021-02-25,-3,2020-12-28,2021-01-11,0,control,1,0.9544599,1
544606,181,2021-02-11,2021-02-25,-3,2020-12-28,2021-01-11,0,control,1,0.9768834,1
546443,181,2021-02-11,2021-02-25,-3,2020-12-28,2021-01-11,0,control,1,0.98877674,1
552057,181,2021-02-11,2021-02-25,-3,2020-12-28,2021-01-11,0,control,0,0.08379544,0
555268,181,2021-02-11,2021-02-25,-3,2020-12-28,2021-01-11,0,control,0,0.049787678,0
557007,181,2021-02-11,2021-02-25,-3,2020-12-28,2021-01-11,0,control,0,0.06959572,0
559038,181,2021-02-11,2021-02-25,-3,2020-12-28,2021-01-11,0,control,1,0.9938812,1
559325,181,2021-02-11,2021-02-25,-3,2020-12-28,2021-01-11,0,control,0,0.048846435,0
564877,181,2021-02-11,2021-02-25,-3,2020-12-28,2021-01-11,0,control,0,0.13705909,0
566034,181,2021-02-11,2021-02-25,-3,2020-12-28,2021-01-11,0,control,1,0.9685689,1
569812,181,2021-02-11,2021-02-25,-3,2020-12-28,2021-01-11,0,control,0,0.11785026,0
569830,181,2021-02-11,2021-02-25,-3,2020-12-28,2021-01-11,0,control,0,0.11327967,0
570380,181,2021-02-11,2021-02-25,-3,2020-12-28,2021-01-11,0,control,1,0.9846432,1
574856,181,2021-02-11,2021-02-25,-3,2020-12-28,2021-01-11,0,control,0,0.02025021,0
575650,181,2021-02-11,2021-02-25,-3,2020-12-28,2021-01-11,0,control,1,0.81909114,1
579440,181,2021-02-11,2021-02-25,-3,2020-12-28,2021-01-11,0,control,1,0.8375278,1
581911,181,2021-02-11,2021-02-25,-3,2020-12-28,2021-01-11,0,control,0,0.023192134,0
584559,181,2021-02-11,2021-02-25,-3,2020-12-28,2021-01-11,0,control,1,0.930041,1
592971,181,2021-02-11,2021-02-25,-3,2020-12-28,2021-01-11,0,control,0,0.02621667,0
594039,181,2021-02-11,2021-02-25,-3,2020-12-28,2021-01-11,0,control,0,0.09154216,0
595147,181,2021-02-11,2021-02-25,-3,2020-12-28,2021-01-11,0,control,0,0.026475247,0
601335,181,2021-02-11,2021-02-25,-3,2020-12-28,2021-01-11,0,control,0,0.04477175,0
601951,181,2021-02-11,2021-02-25,-3,2020-12-28,2021-01-11,0,control,1,0.7840943,1
602953,181,2021-02-11,2021-02-25,-3,2020-12-28,2021-01-11,0,control,1,0.97375363,1
603636,181,2021-02-11,2021-02-25,-3,2020-12-28,2021-01-11,0,control,1,0.95173377,1
606151,181,2021-02-11,2021-02-25,-3,2020-12-28,2021-01-11,0,control,0,0.033875793,0
606200,181,2021-02-11,2021-02-25,-3,2020-12-28,2021-01-11,0,control,1,0.9692301,1
607369,181,2021-02-11,2021-02-25,-3,2020-12-28,2021-01-11,0,control,0,0.028019173,0
610653,181,2021-02-11,2021-02-25,-3,2020-12-28,2021-01-11,0,control,1,0.8959728,1
611571,181,2021-02-11,2021-02-25,-3,2020-12-28,2021-01-11,0,control,1,0.9918355,1
612104,181,2021-02-11,2021-02-25,-3,2020-12-28,2021-01-11,0,control,0,0.0958685,0
613177,181,2021-02-11,2021-02-25,-3,2020-12-28,2021-01-11,0,control,1,0.8881883,1
618146,181,2021-02-11,2021-02-25,-3,2020-12-28,2021-01-11,0,control,1,0.98063135,1
620447,181,2021-02-11,2021-02-25,-3,2020-12-28,2021-01-11,0,control,1,0.9981439,1
621532,181,2021-02-11,2021-02-25,-3,2020-12-28,2021-01-11,0,control,1,0.9372788,1
621735,181,2021-02-11,2021-02-25,-3,2020-12-28,2021-01-11,0,control,0,0.04427543,0
622342,181,2021-02-11,2021-02-25,-3,2020-12-28,2021-01-11,0,control,0,0.091338225,0
623899,181,2021-02-11,2021-02-25,-3,2020-12-28,2021-01-11,0,control,1,0.86778593,1
625301,181,2021-02-11,2021-02-25,-3,2020-12-28,2021-01-11,0,control,0,0.052333105,0
631242,181,2021-02-11,2021-02-25,-3,2020-12-28,2021-01-11,0,control,1,0.88221675,1
631500,181,2021-02-11,2021-02-25,-3,2020-12-28,2021-01-11,0,control,1,0.920984,1
636147,181,2021-02-11,2021-02-25,-3,2020-12-28,2021-01-11,0,control,0,0.030201742,0
640654,181,2021-02-11,2021-02-25,-3,2020-12-28,2021-01-11,0,control,0,0.04720712,0
641524,181,2021-02-11,2021-02-25,-3,2020-12-28,2021-01-11,0,control,0,0.0480624,0
643770,181,2021-02-11,2021-02-25,-3,2020-12-28,2021-01-11,0,control,1,0.94934124,1
645868,181,2021-02-11,2021-02-25,-3,2020-12-28,2021-01-11,0,control,0,0.02802155,0
646704,181,2021-02-11,2021-02-25,-3,2020-12-28,2021-01-11,0,control,0,0.024281196,0
649461,181,2021-02-11,2021-02-25,-3,2020-12-28,2021-01-11,0,control,1,0.99724174,1
649554,181,2021-02-11,2021-02-25,-3,2020-12-28,2021-01-11,0,control,0,0.036453564,0
650061,181,2021-02-11,2021-02-25,-3,2020-12-28,2021-01-11,0,control,0,0.0039661336,0
654302,181,2021-02-11,2021-02-25,-3,2020-12-28,2021-01-11,0,control,1,0.89307225,1
654829,181,2021-02-11,2021-02-25,-3,2020-12-28,2021-01-11,0,control,0,0.08652638,0
661887,181,2021-02-11,2021-02-25,-3,2020-12-28,2021-01-11,0,control,0,0.043377876,0
662489,181,2021-02-11,2021-02-25,-3,2020-12-28,2021-01-11,0,control,0,0.025083188,0
663392,181,2021-02-11,2021-02-25,-3,2020-12-28,2021-01-11,0,control,1,0.9571064,1
666326,181,2021-02-11,2021-02-25,-3,2020-12-28,2021-01-11,0,control,0,0.030836655,0
666760,181,2021-02-11,2021-02-25,-3,2020-12-28,2021-01-11,0,control,0,0.033053365,0
673798,181,2021-02-11,2021-02-25,-3,2020-12-28,2021-01-11,0,control,1,0.957352,1
673930,181,2021-02-11,2021-02-25,-3,2020-12-28,2021-01-11,0,control,1,0.91652304,1
675569,181,2021-02-11,2021-02-25,-3,2020-12-28,2021-01-11,0,control,0,0.015700804,0
676561,181,2021-02-11,2021-02-25,-3,2020-12-28,2021-01-11,0,control,0,0.030451233,0
676695,181,2021-02-11,2021-02-25,-3,2020-12-28,2021-01-11,0,control,1,0.9466473,1
676715,181,2021-02-11,2021-02-25,-3,2020-12-28,2021-01-11,0,control,0,0.075453095,0
679937,181,2021-02-11,2021-02-25,-3,2020-12-28,2021-01-11,0,control,0,0.03961428,0
680616,181,2021-02-11,2021-02-25,-3,2020-12-28,2021-01-11,0,control,1,0.91789234,1
680665,181,2021-02-11,2021-02-25,-3,2020-12-28,2021-01-11,0,control,0,0.022783712,0
682187,181,2021-02-11,2021-02-25,-3,2020-12-28,2021-01-11,0,control,0,0.07009324,0
682679,181,2021-02-11,2021-02-25,-3,2020-12-28,2021-01-11,0,control,1,0.9210288,1
683290,181,2021-02-11,2021-02-25,-3,2020-12-28,2021-01-11,0,control,0,0.10011906,0
686127,181,2021-02-11,2021-02-25,-3,2020-12-28,2021-01-11,0,control,0,0.055082437,0
686258,181,2021-02-11,2021-02-25,-3,2020-12-28,2021-01-11,0,control,1,0.98957306,1
686841,181,2021-02-11,2021-02-25,-3,2020-12-28,2021-01-11,0,control,1,0.98886687,1
690090,181,2021-02-11,2021-02-25,-3,2020-12-28,2021-01-11,0,control,0,0.027629836,0
690558,181,2021-02-11,2021-02-25,-3,2020-12-28,2021-01-11,0,control,1,0.92502797,1
699471,181,2021-02-11,2021-02-25,-3,2020-12-28,2021-01-11,0,control,0,0.014753268,0
700574,181,2021-02-11,2021-02-25,-3,2020-12-28,2021-01-11,0,control,1,0.99097997,1
702774,181,2021-02-11,2021-02-25,-3,2020-12-28,2021-01-11,0,control,0,0.01365376,0
702825,181,2021-02-11,2021-02-25,-3,2020-12-28,2021-01-11,0,control,0,0.1564986,0
703786,181,2021-02-11,2021-02-25,-3,2020-12-28,2021-01-11,0,control,0,0.023399008,0
705850,181,2021-02-11,2021-02-25,-3,2020-12-28,2021-01-11,0,control,1,0.9952276,1
707507,181,2021-02-11,2021-02-25,-3,2020-12-28,2021-01-11,0,control,0,0.012196113,0
709092,181,2021-02-11,2021-02-25,-3,2020-12-28,2021-01-11,0,control,0,0.1200251,0
715127,181,2021-02-11,2021-02-25,-3,2020-12-28,2021-01-11,0,control,0,0.015476654,0
717198,181,2021-02-11,2021-02-25,-3,2020-12-28,2021-01-11,0,control,1,0.7947415,1
718036,181,2021-02-11,2021-02-25,-3,2020-12-28,2021-01-11,0,control,0,0.032425597,0
719598,181,2021-02-11,2021-02-25,-3,2020-12-28,2021-01-11,0,control,0,0.13883708,0
721748,181,2021-02-11,2021-02-25,-3,2020-12-28,2021-01-11,0,control,0,0.11075221,0
722316,181,2021-02-11,2021-02-25,-3,2020-12-28,2021-01-11,0,control,0,0.07627354,0
727028,181,2021-02-11,2021-02-25,-3,2020-12-28,2021-01-11,0,control,1,0.9967147,1
728867,181,2021-02-11,2021-02-25,-3,2020-12-28,2021-01-11,0,control,0,0.112687536,0
731798,181,2021-02-11,2021-02-25,-3,2020-12-28,2021-01-11,0,control,1,0.91473025,1
734134,181,2021-02-11,2021-02-25,-3,2020-12-28,2021-01-11,0,control,0,0.09971923,0
738070,181,2021-02-11,2021-02-25,-3,2020-12-28,2021-01-11,0,control,0,0.0065395283,0
738454,181,2021-02-11,2021-02-25,-3,2020-12-28,2021-01-11,0,control,1,0.9948944,1
739975,181,2021-02-11,2021-02-25,-3,2020-12-28,2021-01-11,0,control,0,0.0391317,0
740060,181,2021-02-11,2021-02-25,-3,2020-12-28,2021-01-11,0,control,1,0.93466216,1
744709,181,2021-02-11,2021-02-25,-3,2020-12-28,2021-01-11,0,control,0,0.055178016,0
747454,181,2021-02-11,2021-02-25,-3,2020-12-28,2021-01-11,0,control,0,0.07389326,0
751934,181,2021-02-11,2021-02-25,-3,2020-12-28,2021-01-11,0,control,1,0.9052454,1
752216,181,2021-02-11,2021-02-25,-3,2020-12-28,2021-01-11,0,control,0,0.22151336,0
752640,181,2021-02-11,2021-02-25,-3,2020-12-28,2021-01-11,0,control,0,0.03099889,0
756085,181,2021-02-11,2021-02-25,-3,2020-12-28,2021-01-11,0,control,1,0.97178966,1
758669,181,2021-02-11,2021-02-25,-3,2020-12-28,2021-01-11,0,control,0,0.04728829,0
762676,181,2021-02-11,2021-02-25,-3,2020-12-28,2021-01-11,0,control,1,0.98390526,1
764023,181,2021-02-11,2021-02-25,-3,2020-12-28,2021-01-11,0,control,0,0.0077933674,0
764962,181,2021-02-11,2021-02-25,-3,2020-12-28,2021-01-11,0,control,1,0.98426074,1
769521,181,2021-02-11,2021-02-25,-3,2020-12-28,2021-01-11,0,control,0,0.020437311,0
770295,181,2021-02-11,2021-02-25,-3,2020-12-28,2021-01-11,0,control,1,0.89027226,1
777063,181,2021-02-11,2021-02-25,-3,2020-12-28,2021-01-11,0,control,0,0.07067849,0
778802,181,2021-02-11,2021-02-25,-3,2020-12-28,2021-01-11,0,control,1,0.9945253,1
780709,181,2021-02-11,2021-02-25,-3,2020-12-28,2021-01-11,0,control,1,0.8903821,1
781420,181,2021-02-11,2021-02-25,-3,2020-12-28,2021-01-11,0,control,1,0.9039952,1
781904,181,2021-02-11,2021-02-25,-3,2020-12-28,2021-01-11,0,control,1,0.64466006,1
784035,181,2021-02-11,2021-02-25,-3,2020-12-28,2021-01-11,0,control,0,0.11064652,0
787307,181,2021-02-11,2021-02-25,-3,2020-12-28,2021-01-11,0,control,0,0.026818208,0
787924,181,2021-02-11,2021-02-25,-3,2020-12-28,2021-01-11,0,control,1,0.9440271,1
788266,181,2021-02-11,2021-02-25,-3,2020-12-28,2021-01-11,0,control,1,0.78080523,1
789451,181,2021-02-11,2021-02-25,-3,2020-12-28,2021-01-11,0,control,0,0.10939045,0
791475,181,2021-02-11,2021-02-25,-3,2020-12-28,2021-01-11,0,control,0,0.01156676,0
791757,181,2021-02-11,2021-02-25,-3,2020-12-28,2021-01-11,0,control,0,0.03736005,0
791841,181,2021-02-11,2021-02-25,-3,2020-12-28,2021-01-11,0,control,0,0.11550384,0
796350,181,2021-02-11,2021-02-25,-3,2020-12-28,2021-01-11,0,control,0,0.029810213,0
797203,181,2021-02-11,2021-02-25,-3,2020-12-28,2021-01-11,0,control,0,0.0043186843,0
798698,181,2021-02-11,2021-02-25,-3,2020-12-28,2021-01-11,0,control,1,0.9958593,1
801088,181,2021-02-11,2021-02-25,-3,2020-12-28,2021-01-11,0,control,1,0.9745861,1
801822,181,2021-02-11,2021-02-25,-3,2020-12-28,2021-01-11,0,control,0,0.024033597,0
803223,181,2021-02-11,2021-02-25,-3,2020-12-28,2021-01-11,0,control,1,0.9550352,1
803754,181,2021-02-11,2021-02-25,-3,2020-12-28,2021-01-11,0,control,1,0.8997964,1
804390,181,2021-02-11,2021-02-25,-3,2020-12-28,2021-01-11,0,control,1,0.9812997,1
805016,181,2021-02-11,2021-02-25,-3,2020-12-28,2021-01-11,0,control,0,0.022375949,0
805569,181,2021-02-11,2021-02-25,-3,2020-12-28,2021-01-11,0,control,0,0.021739895,0
806513,181,2021-02-11,2021-02-25,-3,2020-12-28,2021-01-11,0,control,1,0.9217185,1
838,181,2021-02-11,2021-02-25,-2,2021-01-12,2021-01-26,0,control,1,0.9915069,1
3974,181,2021-02-11,2021-02-25,-2,2021-01-12,2021-01-26,0,control,0,0.14528564,0
6547,181,2021-02-11,2021-02-25,-2,2021-01-12,2021-01-26,0,control,0,0.02022672,0
7542,181,2021-02-11,2021-02-25,-2,2021-01-12,2021-01-26,0,control,0,0.066917285,0
7974,181,2021-02-11,2021-02-25,-2,2021-01-12,2021-01-26,0,control,1,0.78997767,1
8595,181,2021-02-11,2021-02-25,-2,2021-01-12,2021-01-26,0,control,1,0.9258932,1
10320,181,2021-02-11,2021-02-25,-2,2021-01-12,2021-01-26,0,control,0,0.11612961,0
10590,181,2021-02-11,2021-02-25,-2,2021-01-12,2021-01-26,0,control,0,0.05025181,0
11595,181,2021-02-11,2021-02-25,-2,2021-01-12,2021-01-26,0,control,1,0.9977508,1
12152,181,2021-02-11,2021-02-25,-2,2021-01-12,2021-01-26,0,control,1,0.9566038,1
13587,181,2021-02-11,2021-02-25,-2,2021-01-12,2021-01-26,0,control,0,0.038676895,0
14317,181,2021-02-11,2021-02-25,-2,2021-01-12,2021-01-26,0,control,0,0.03629174,0
14730,181,2021-02-11,2021-02-25,-2,2021-01-12,2021-01-26,0,control,1,0.86390793,1
16213,181,2021-02-11,2021-02-25,-2,2021-01-12,2021-01-26,0,control,1,0.94711703,1
16219,181,2021-02-11,2021-02-25,-2,2021-01-12,2021-01-26,0,control,0,0.019926902,0
17489,181,2021-02-11,2021-02-25,-2,2021-01-12,2021-01-26,0,control,0,0.10091016,0
17494,181,2021-02-11,2021-02-25,-2,2021-01-12,2021-01-26,0,control,0,0.011182507,0
19215,181,2021-02-11,2021-02-25,-2,2021-01-12,2021-01-26,0,control,1,0.8914067,1
20016,181,2021-02-11,2021-02-25,-2,2021-01-12,2021-01-26,0,control,0,0.054006003,0
27330,181,2021-02-11,2021-02-25,-2,2021-01-12,2021-01-26,0,control,0,0.06724522,0
28091,181,2021-02-11,2021-02-25,-2,2021-01-12,2021-01-26,0,control,1,0.9345771,1
28732,181,2021-02-11,2021-02-25,-2,2021-01-12,2021-01-26,0,control,1,0.9964743,1
29089,181,2021-02-11,2021-02-25,-2,2021-01-12,2021-01-26,0,control,1,0.9932749,1
29361,181,2021-02-11,2021-02-25,-2,2021-01-12,2021-01-26,0,control,0,0.04945718,0
32547,181,2021-02-11,2021-02-25,-2,2021-01-12,2021-01-26,0,control,1,0.971383,1
36956,181,2021-02-11,2021-02-25,-2,2021-01-12,2021-01-26,0,control,1,0.92452526,1
44995,181,2021-02-11,2021-02-25,-2,2021-01-12,2021-01-26,0,control,0,0.03560659,0
45697,181,2021-02-11,2021-02-25,-2,2021-01-12,2021-01-26,0,control,0,0.018236263,0
46662,181,2021-02-11,2021-02-25,-2,2021-01-12,2021-01-26,0,control,0,0.06827712,0
48853,181,2021-02-11,2021-02-25,-2,2021-01-12,2021-01-26,0,control,0,0.055987947,0
50800,181,2021-02-11,2021-02-25,-2,2021-01-12,2021-01-26,0,control,0,0.048652142,0
51224,181,2021-02-11,2021-02-25,-2,2021-01-12,2021-01-26,0,control,0,0.10299863,0
54897,181,2021-02-11,2021-02-25,-2,2021-01-12,2021-01-26,0,control,1,0.9394405,1
61501,181,2021-02-11,2021-02-25,-2,2021-01-12,2021-01-26,0,control,1,0.9617875,1
65859,181,2021-02-11,2021-02-25,-2,2021-01-12,2021-01-26,0,control,0,0.113128886,0
74313,181,2021-02-11,2021-02-25,-2,2021-01-12,2021-01-26,0,control,0,0.023195198,0
75140,181,2021-02-11,2021-02-25,-2,2021-01-12,2021-01-26,0,control,1,0.94313335,1
76387,181,2021-02-11,2021-02-25,-2,2021-01-12,2021-01-26,0,control,0,0.10452482,0
78195,181,2021-02-11,2021-02-25,-2,2021-01-12,2021-01-26,0,control,1,0.9959934,1
78682,181,2021-02-11,2021-02-25,-2,2021-01-12,2021-01-26,0,control,1,0.9970925,1
82320,181,2021-02-11,2021-02-25,-2,2021-01-12,2021-01-26,0,control,0,0.008902922,0
82970,181,2021-02-11,2021-02-25,-2,2021-01-12,2021-01-26,0,control,1,0.9895839,1
88755,181,2021-02-11,2021-02-25,-2,2021-01-12,2021-01-26,0,control,0,0.02824667,0
88781,181,2021-02-11,2021-02-25,-2,2021-01-12,2021-01-26,0,control,1,0.9723024,1
89439,181,2021-02-11,2021-02-25,-2,2021-01-12,2021-01-26,0,control,1,0.98926216,1
90047,181,2021-02-11,2021-02-25,-2,2021-01-12,2021-01-26,0,control,1,0.92062855,1
90049,181,2021-02-11,2021-02-25,-2,2021-01-12,2021-01-26,0,control,1,0.95857877,1
90256,181,2021-02-11,2021-02-25,-2,2021-01-12,2021-01-26,0,control,1,0.93835515,1
90685,181,2021-02-11,2021-02-25,-2,2021-01-12,2021-01-26,0,control,0,0.0125033045,0
91730,181,2021-02-11,2021-02-25,-2,2021-01-12,2021-01-26,0,control,1,0.96269983,1
97122,181,2021-02-11,2021-02-25,-2,2021-01-12,2021-01-26,0,control,1,0.8912306,1
100147,181,2021-02-11,2021-02-25,-2,2021-01-12,2021-01-26,0,control,0,0.041330703,0
101550,181,2021-02-11,2021-02-25,-2,2021-01-12,2021-01-26,0,control,1,0.8447465,1
102907,181,2021-02-11,2021-02-25,-2,2021-01-12,2021-01-26,0,control,1,0.99690104,1
105738,181,2021-02-11,2021-02-25,-2,2021-01-12,2021-01-26,0,control,1,0.90729564,1
106499,181,2021-02-11,2021-02-25,-2,2021-01-12,2021-01-26,0,control,1,0.97106665,1
107885,181,2021-02-11,2021-02-25,-2,2021-01-12,2021-01-26,0,control,0,0.0319648,0
110758,181,2021-02-11,2021-02-25,-2,2021-01-12,2021-01-26,0,control,1,0.9782356,1
110980,181,2021-02-11,2021-02-25,-2,2021-01-12,2021-01-26,0,control,1,0.9869141,1
117239,181,2021-02-11,2021-02-25,-2,2021-01-12,2021-01-26,0,control,0,0.16407233,0
123343,181,2021-02-11,2021-02-25,-2,2021-01-12,2021-01-26,0,control,1,0.95761096,1
125257,181,2021-02-11,2021-02-25,-2,2021-01-12,2021-01-26,0,control,0,0.01310427,0
136678,181,2021-02-11,2021-02-25,-2,2021-01-12,2021-01-26,0,control,0,0.058693312,0
140392,181,2021-02-11,2021-02-25,-2,2021-01-12,2021-01-26,0,control,1,0.92932194,1
140771,181,2021-02-11,2021-02-25,-2,2021-01-12,2021-01-26,0,control,0,0.13838564,0
141059,181,2021-02-11,2021-02-25,-2,2021-01-12,2021-01-26,0,control,1,0.9899935,1
141720,181,2021-02-11,2021-02-25,-2,2021-01-12,2021-01-26,0,control,0,0.1761111,0
142114,181,2021-02-11,2021-02-25,-2,2021-01-12,2021-01-26,0,control,0,0.011855455,0
142954,181,2021-02-11,2021-02-25,-2,2021-01-12,2021-01-26,0,control,0,0.01787046,0
147315,181,2021-02-11,2021-02-25,-2,2021-01-12,2021-01-26,0,control,0,0.08955219,0
147383,181,2021-02-11,2021-02-25,-2,2021-01-12,2021-01-26,0,control,1,0.81367296,1
150407,181,2021-02-11,2021-02-25,-2,2021-01-12,2021-01-26,0,control,1,0.94014895,1
156593,181,2021-02-11,2021-02-25,-2,2021-01-12,2021-01-26,0,control,0,0.021710785,0
159020,181,2021-02-11,2021-02-25,-2,2021-01-12,2021-01-26,0,control,1,0.98688996,1
159687,181,2021-02-11,2021-02-25,-2,2021-01-12,2021-01-26,0,control,0,0.053962983,0
162974,181,2021-02-11,2021-02-25,-2,2021-01-12,2021-01-26,0,control,1,0.99601245,1
164547,181,2021-02-11,2021-02-25,-2,2021-01-12,2021-01-26,0,control,0,0.017038489,0
166288,181,2021-02-11,2021-02-25,-2,2021-01-12,2021-01-26,0,control,0,0.05182254,0
169333,181,2021-02-11,2021-02-25,-2,2021-01-12,2021-01-26,0,control,1,0.96129996,1
173235,181,2021-02-11,2021-02-25,-2,2021-01-12,2021-01-26,0,control,1,0.85690165,1
181788,181,2021-02-11,2021-02-25,-2,2021-01-12,2021-01-26,0,control,0,0.025277724,0
183042,181,2021-02-11,2021-02-25,-2,2021-01-12,2021-01-26,0,control,1,0.94218135,1
184236,181,2021-02-11,2021-02-25,-2,2021-01-12,2021-01-26,0,control,1,0.9868507,1
184688,181,2021-02-11,2021-02-25,-2,2021-01-12,2021-01-26,0,control,0,0.0059362636,0
187192,181,2021-02-11,2021-02-25,-2,2021-01-12,2021-01-26,0,control,1,0.991991,1
189699,181,2021-02-11,2021-02-25,-2,2021-01-12,2021-01-26,0,control,1,0.9847643,1
190437,181,2021-02-11,2021-02-25,-2,2021-01-12,2021-01-26,0,control,0,0.026909856,0
190494,181,2021-02-11,2021-02-25,-2,2021-01-12,2021-01-26,0,control,0,0.0064668255,0
193824,181,2021-02-11,2021-02-25,-2,2021-01-12,2021-01-26,0,control,0,0.019204423,0
194335,181,2021-02-11,2021-02-25,-2,2021-01-12,2021-01-26,0,control,1,0.9219076,1
198183,181,2021-02-11,2021-02-25,-2,2021-01-12,2021-01-26,0,control,0,0.039908197,0
200757,181,2021-02-11,2021-02-25,-2,2021-01-12,2021-01-26,0,control,0,0.06346405,0
201185,181,2021-02-11,2021-02-25,-2,2021-01-12,2021-01-26,0,control,0,0.022046095,0
202120,181,2021-02-11,2021-02-25,-2,2021-01-12,2021-01-26,0,control,0,0.07705797,0
203696,181,2021-02-11,2021-02-25,-2,2021-01-12,2021-01-26,0,control,0,0.047662858,0
203984,181,2021-02-11,2021-02-25,-2,2021-01-12,2021-01-26,0,control,1,0.94761133,1
208060,181,2021-02-11,2021-02-25,-2,2021-01-12,2021-01-26,0,control,0,0.03155507,0
209102,181,2021-02-11,2021-02-25,-2,2021-01-12,2021-01-26,0,control,1,0.96032226,1
210723,181,2021-02-11,2021-02-25,-2,2021-01-12,2021-01-26,0,control,0,0.03868818,0
213171,181,2021-02-11,2021-02-25,-2,2021-01-12,2021-01-26,0,control,1,0.9274541,1
213173,181,2021-02-11,2021-02-25,-2,2021-01-12,2021-01-26,0,control,0,0.08682992,0
216957,181,2021-02-11,2021-02-25,-2,2021-01-12,2021-01-26,0,control,0,0.10018213,0
222847,181,2021-02-11,2021-02-25,-2,2021-01-12,2021-01-26,0,control,0,0.083235055,0
228283,181,2021-02-11,2021-02-25,-2,2021-01-12,2021-01-26,0,control,1,0.9850476,1
234089,181,2021-02-11,2021-02-25,-2,2021-01-12,2021-01-26,0,control,0,0.007184194,0
234523,181,2021-02-11,2021-02-25,-2,2021-01-12,2021-01-26,0,control,0,0.128267,0
235756,181,2021-02-11,2021-02-25,-2,2021-01-12,2021-01-26,0,control,0,0.10348134,0
240235,181,2021-02-11,2021-02-25,-2,2021-01-12,2021-01-26,0,control,0,0.03405908,0
242788,181,2021-02-11,2021-02-25,-2,2021-01-12,2021-01-26,0,control,0,0.044066627,0
243676,181,2021-02-11,2021-02-25,-2,2021-01-12,2021-01-26,0,control,1,0.94844115,1
246215,181,2021-02-11,2021-02-25,-2,2021-01-12,2021-01-26,0,control,1,0.9736588,1
246348,181,2021-02-11,2021-02-25,-2,2021-01-12,2021-01-26,0,control,1,0.99540764,1
248086,181,2021-02-11,2021-02-25,-2,2021-01-12,2021-01-26,0,control,1,0.8740786,1
248409,181,2021-02-11,2021-02-25,-2,2021-01-12,2021-01-26,0,control,1,0.9567189,1
253777,181,2021-02-11,2021-02-25,-2,2021-01-12,2021-01-26,0,control,0,0.045893785,0
253993,181,2021-02-11,2021-02-25,-2,2021-01-12,2021-01-26,0,control,1,0.9727366,1
255968,181,2021-02-11,2021-02-25,-2,2021-01-12,2021-01-26,0,control,0,0.030414918,0
256602,181,2021-02-11,2021-02-25,-2,2021-01-12,2021-01-26,0,control,0,0.080830365,0
257861,181,2021-02-11,2021-02-25,-2,2021-01-12,2021-01-26,0,control,1,0.9382681,1
261514,181,2021-02-11,2021-02-25,-2,2021-01-12,2021-01-26,0,control,0,0.011883072,0
261543,181,2021-02-11,2021-02-25,-2,2021-01-12,2021-01-26,0,control,0,0.006302169,0
265370,181,2021-02-11,2021-02-25,-2,2021-01-12,2021-01-26,0,control,0,0.04740549,0
272093,181,2021-02-11,2021-02-25,-2,2021-01-12,2021-01-26,0,control,0,0.034052666,0
272130,181,2021-02-11,2021-02-25,-2,2021-01-12,2021-01-26,0,control,1,0.9570278,1
274965,181,2021-02-11,2021-02-25,-2,2021-01-12,2021-01-26,0,control,0,0.032101486,0
277504,181,2021-02-11,2021-02-25,-2,2021-01-12,2021-01-26,0,control,0,0.011700606,0
277576,181,2021-02-11,2021-02-25,-2,2021-01-12,2021-01-26,0,control,1,0.97396857,1
279299,181,2021-02-11,2021-02-25,-2,2021-01-12,2021-01-26,0,control,0,0.064195074,0
279350,181,2021-02-11,2021-02-25,-2,2021-01-12,2021-01-26,0,control,1,0.99363285,1
282476,181,2021-02-11,2021-02-25,-2,2021-01-12,2021-01-26,0,control,1,0.7910388,1
283923,181,2021-02-11,2021-02-25,-2,2021-01-12,2021-01-26,0,control,0,0.023629544,0
284956,181,2021-02-11,2021-02-25,-2,2021-01-12,2021-01-26,0,control,1,0.8608529,1
286014,181,2021-02-11,2021-02-25,-2,2021-01-12,2021-01-26,0,control,0,0.066903844,0
286164,181,2021-02-11,2021-02-25,-2,2021-01-12,2021-01-26,0,control,1,0.9676215,1
289500,181,2021-02-11,2021-02-25,-2,2021-01-12,2021-01-26,0,control,1,0.9643025,1
289514,181,2021-02-11,2021-02-25,-2,2021-01-12,2021-01-26,0,control,1,0.98629886,1
292316,181,2021-02-11,2021-02-25,-2,2021-01-12,2021-01-26,0,control,0,0.031157367,0
293645,181,2021-02-11,2021-02-25,-2,2021-01-12,2021-01-26,0,control,1,0.8835731,1
293665,181,2021-02-11,2021-02-25,-2,2021-01-12,2021-01-26,0,control,0,0.022696065,0
293667,181,2021-02-11,2021-02-25,-2,2021-01-12,2021-01-26,0,control,1,0.9780578,1
295855,181,2021-02-11,2021-02-25,-2,2021-01-12,2021-01-26,0,control,0,0.03443506,0
295886,181,2021-02-11,2021-02-25,-2,2021-01-12,2021-01-26,0,control,1,0.95128435,1
296564,181,2021-02-11,2021-02-25,-2,2021-01-12,2021-01-26,0,control,1,0.97043735,1
302084,181,2021-02-11,2021-02-25,-2,2021-01-12,2021-01-26,0,control,1,0.8695618,1
302153,181,2021-02-11,2021-02-25,-2,2021-01-12,2021-01-26,0,control,1,0.9121536,1
302419,181,2021-02-11,2021-02-25,-2,2021-01-12,2021-01-26,0,control,0,0.039561838,0
304391,181,2021-02-11,2021-02-25,-2,2021-01-12,2021-01-26,0,control,1,0.8870144,1
306989,181,2021-02-11,2021-02-25,-2,2021-01-12,2021-01-26,0,control,1,0.9999541,1
313836,181,2021-02-11,2021-02-25,-2,2021-01-12,2021-01-26,0,control,0,0.032143995,0
315070,181,2021-02-11,2021-02-25,-2,2021-01-12,2021-01-26,0,control,0,0.020675909,0
315623,181,2021-02-11,2021-02-25,-2,2021-01-12,2021-01-26,0,control,1,0.93751,1
317401,181,2021-02-11,2021-02-25,-2,2021-01-12,2021-01-26,0,control,0,0.057463933,0
317668,181,2021-02-11,2021-02-25,-2,2021-01-12,2021-01-26,0,control,0,0.16760226,0
322946,181,2021-02-11,2021-02-25,-2,2021-01-12,2021-01-26,0,control,1,0.9725916,1
324884,181,2021-02-11,2021-02-25,-2,2021-01-12,2021-01-26,0,control,0,0.07219514,0
342540,181,2021-02-11,2021-02-25,-2,2021-01-12,2021-01-26,0,control,0,0.11819064,0
342954,181,2021-02-11,2021-02-25,-2,2021-01-12,2021-01-26,0,control,1,0.9232236,1
344513,181,2021-02-11,2021-02-25,-2,2021-01-12,2021-01-26,0,control,0,0.06340761,0
344937,181,2021-02-11,2021-02-25,-2,2021-01-12,2021-01-26,0,control,1,0.9803946,1
346365,181,2021-02-11,2021-02-25,-2,2021-01-12,2021-01-26,0,control,1,0.8458094,1
346747,181,2021-02-11,2021-02-25,-2,2021-01-12,2021-01-26,0,control,1,0.96932644,1
348900,181,2021-02-11,2021-02-25,-2,2021-01-12,2021-01-26,0,control,0,0.025492277,0
349533,181,2021-02-11,2021-02-25,-2,2021-01-12,2021-01-26,0,control,0,0.014732697,0
349570,181,2021-02-11,2021-02-25,-2,2021-01-12,2021-01-26,0,control,0,0.051326938,0
354591,181,2021-02-11,2021-02-25,-2,2021-01-12,2021-01-26,0,control,0,0.057315227,0
354596,181,2021-02-11,2021-02-25,-2,2021-01-12,2021-01-26,0,control,0,0.0036001578,0
355253,181,2021-02-11,2021-02-25,-2,2021-01-12,2021-01-26,0,control,0,0.06870733,0
356351,181,2021-02-11,2021-02-25,-2,2021-01-12,2021-01-26,0,control,1,0.9857121,1
356396,181,2021-02-11,2021-02-25,-2,2021-01-12,2021-01-26,0,control,1,0.9500985,1
359674,181,2021-02-11,2021-02-25,-2,2021-01-12,2021-01-26,0,control,1,0.7773628,1
359729,181,2021-02-11,2021-02-25,-2,2021-01-12,2021-01-26,0,control,1,0.9552958,1
359747,181,2021-02-11,2021-02-25,-2,2021-01-12,2021-01-26,0,control,0,0.03954089,0
361843,181,2021-02-11,2021-02-25,-2,2021-01-12,2021-01-26,0,control,0,0.032194503,0
364683,181,2021-02-11,2021-02-25,-2,2021-01-12,2021-01-26,0,control,1,0.94080746,1
367070,181,2021-02-11,2021-02-25,-2,2021-01-12,2021-01-26,0,control,0,0.009445672,0
367668,181,2021-02-11,2021-02-25,-2,2021-01-12,2021-01-26,0,control,1,0.9537551,1
370636,181,2021-02-11,2021-02-25,-2,2021-01-12,2021-01-26,0,control,0,0.036083464,0
373500,181,2021-02-11,2021-02-25,-2,2021-01-12,2021-01-26,0,control,1,0.9190016,1
374125,181,2021-02-11,2021-02-25,-2,2021-01-12,2021-01-26,0,control,0,0.05293518,0
378773,181,2021-02-11,2021-02-25,-2,2021-01-12,2021-01-26,0,control,0,0.0020535218,0
379490,181,2021-02-11,2021-02-25,-2,2021-01-12,2021-01-26,0,control,0,0.12730981,0
379590,181,2021-02-11,2021-02-25,-2,2021-01-12,2021-01-26,0,control,0,0.06969705,0
380331,181,2021-02-11,2021-02-25,-2,2021-01-12,2021-01-26,0,control,1,0.90388775,1
381588,181,2021-02-11,2021-02-25,-2,2021-01-12,2021-01-26,0,control,1,0.9026185,1
382200,181,2021-02-11,2021-02-25,-2,2021-01-12,2021-01-26,0,control,1,0.9684272,1
383932,181,2021-02-11,2021-02-25,-2,2021-01-12,2021-01-26,0,control,1,0.82942015,1
385927,181,2021-02-11,2021-02-25,-2,2021-01-12,2021-01-26,0,control,1,0.96044296,1
386709,181,2021-02-11,2021-02-25,-2,2021-01-12,2021-01-26,0,control,0,0.08073041,0
390241,181,2021-02-11,2021-02-25,-2,2021-01-12,2021-01-26,0,control,1,0.9977774,1
390371,181,2021-02-11,2021-02-25,-2,2021-01-12,2021-01-26,0,control,1,0.923689,1
391041,181,2021-02-11,2021-02-25,-2,2021-01-12,2021-01-26,0,control,0,0.066277005,0
392211,181,2021-02-11,2021-02-25,-2,2021-01-12,2021-01-26,0,control,1,0.9996859,1
392806,181,2021-02-11,2021-02-25,-2,2021-01-12,2021-01-26,0,control,0,0.0147287585,0
394542,181,2021-02-11,2021-02-25,-2,2021-01-12,2021-01-26,0,control,1,0.9634549,1
405444,181,2021-02-11,2021-02-25,-2,2021-01-12,2021-01-26,0,control,0,0.023127526,0
407251,181,2021-02-11,2021-02-25,-2,2021-01-12,2021-01-26,0,control,0,0.029591216,0
408424,181,2021-02-11,2021-02-25,-2,2021-01-12,2021-01-26,0,control,0,0.02723236,0
408652,181,2021-02-11,2021-02-25,-2,2021-01-12,2021-01-26,0,control,0,0.034804862,0
413506,181,2021-02-11,2021-02-25,-2,2021-01-12,2021-01-26,0,control,0,0.09173658,0
417890,181,2021-02-11,2021-02-25,-2,2021-01-12,2021-01-26,0,control,0,0.01772253,0
418026,181,2021-02-11,2021-02-25,-2,2021-01-12,2021-01-26,0,control,0,0.0630501,0
418417,181,2021-02-11,2021-02-25,-2,2021-01-12,2021-01-26,0,control,1,0.8428821,1
420370,181,2021-02-11,2021-02-25,-2,2021-01-12,2021-01-26,0,control,0,0.04883814,0
423203,181,2021-02-11,2021-02-25,-2,2021-01-12,2021-01-26,0,control,1,0.9933837,1
424713,181,2021-02-11,2021-02-25,-2,2021-01-12,2021-01-26,0,control,0,0.07046381,0
424923,181,2021-02-11,2021-02-25,-2,2021-01-12,2021-01-26,0,control,1,0.95713,1
429648,181,2021-02-11,2021-02-25,-2,2021-01-12,2021-01-26,0,control,0,0.02215578,0
429975,181,2021-02-11,2021-02-25,-2,2021-01-12,2021-01-26,0,control,0,0.08853952,0
430322,181,2021-02-11,2021-02-25,-2,2021-01-12,2021-01-26,0,control,1,0.9929172,1
434305,181,2021-02-11,2021-02-25,-2,2021-01-12,2021-01-26,0,control,0,0.084163405,0
436279,181,2021-02-11,2021-02-25,-2,2021-01-12,2021-01-26,0,control,0,0.008686146,0
437067,181,2021-02-11,2021-02-25,-2,2021-01-12,2021-01-26,0,control,0,0.10524347,0
438631,181,2021-02-11,2021-02-25,-2,2021-01-12,2021-01-26,0,control,0,0.059141837,0
438696,181,2021-02-11,2021-02-25,-2,2021-01-12,2021-01-26,0,control,0,0.051907245,0
439403,181,2021-02-11,2021-02-25,-2,2021-01-12,2021-01-26,0,control,0,0.011861378,0
441619,181,2021-02-11,2021-02-25,-2,2021-01-12,2021-01-26,0,control,1,0.88602406,1
446715,181,2021-02-11,2021-02-25,-2,2021-01-12,2021-01-26,0,control,1,0.9143922,1
446720,181,2021-02-11,2021-02-25,-2,2021-01-12,2021-01-26,0,control,1,0.92542964,1
447932,181,2021-02-11,2021-02-25,-2,2021-01-12,2021-01-26,0,control,0,0.04460225,0
449072,181,2021-02-11,2021-02-25,-2,2021-01-12,2021-01-26,0,control,0,0.046667326,0
450546,181,2021-02-11,2021-02-25,-2,2021-01-12,2021-01-26,0,control,1,0.941471,1
450841,181,2021-02-11,2021-02-25,-2,2021-01-12,2021-01-26,0,control,1,0.97986585,1
452356,181,2021-02-11,2021-02-25,-2,2021-01-12,2021-01-26,0,control,1,0.9721309,1
460418,181,2021-02-11,2021-02-25,-2,2021-01-12,2021-01-26,0,control,1,0.9408958,1
460590,181,2021-02-11,2021-02-25,-2,2021-01-12,2021-01-26,0,control,0,0.02383038,0
462496,181,2021-02-11,2021-02-25,-2,2021-01-12,2021-01-26,0,control,1,0.94244653,1
463105,181,2021-02-11,2021-02-25,-2,2021-01-12,2021-01-26,0,control,0,0.11298236,0
465354,181,2021-02-11,2021-02-25,-2,2021-01-12,2021-01-26,0,control,1,0.8885941,1
469974,181,2021-02-11,2021-02-25,-2,2021-01-12,2021-01-26,0,control,0,0.009888882,0
470374,181,2021-02-11,2021-02-25,-2,2021-01-12,2021-01-26,0,control,1,0.9441291,1
472545,181,2021-02-11,2021-02-25,-2,2021-01-12,2021-01-26,0,control,0,0.026202755,0
472898,181,2021-02-11,2021-02-25,-2,2021-01-12,2021-01-26,0,control,1,0.8916577,1
474427,181,2021-02-11,2021-02-25,-2,2021-01-12,2021-01-26,0,control,0,0.024510756,0
478375,181,2021-02-11,2021-02-25,-2,2021-01-12,2021-01-26,0,control,0,0.032339513,0
478567,181,2021-02-11,2021-02-25,-2,2021-01-12,2021-01-26,0,control,0,0.017100884,0
482084,181,2021-02-11,2021-02-25,-2,2021-01-12,2021-01-26,0,control,0,0.049994204,0
484029,181,2021-02-11,2021-02-25,-2,2021-01-12,2021-01-26,0,control,0,0.059187904,0
485476,181,2021-02-11,2021-02-25,-2,2021-01-12,2021-01-26,0,control,1,0.9005138,1
488341,181,2021-02-11,2021-02-25,-2,2021-01-12,2021-01-26,0,control,1,0.98600245,1
490993,181,2021-02-11,2021-02-25,-2,2021-01-12,2021-01-26,0,control,1,0.95648646,1
491616,181,2021-02-11,2021-02-25,-2,2021-01-12,2021-01-26,0,control,0,0.12769105,0
492469,181,2021-02-11,2021-02-25,-2,2021-01-12,2021-01-26,0,control,1,0.85139626,1
494735,181,2021-02-11,2021-02-25,-2,2021-01-12,2021-01-26,0,control,1,0.9779318,1
496172,181,2021-02-11,2021-02-25,-2,2021-01-12,2021-01-26,0,control,0,0.013446643,0
502742,181,2021-02-11,2021-02-25,-2,2021-01-12,2021-01-26,0,control,1,0.97806007,1
505194,181,2021-02-11,2021-02-25,-2,2021-01-12,2021-01-26,0,control,0,0.09047884,0
505386,181,2021-02-11,2021-02-25,-2,2021-01-12,2021-01-26,0,control,1,0.9468735,1
507376,181,2021-02-11,2021-02-25,-2,2021-01-12,2021-01-26,0,control,0,0.04643342,0
520175,181,2021-02-11,2021-02-25,-2,2021-01-12,2021-01-26,0,control,0,0.014647274,0
520323,181,2021-02-11,2021-02-25,-2,2021-01-12,2021-01-26,0,control,1,0.9259793,1
525111,181,2021-02-11,2021-02-25,-2,2021-01-12,2021-01-26,0,control,1,0.9989837,1
525639,181,2021-02-11,2021-02-25,-2,2021-01-12,2021-01-26,0,control,1,0.96894205,1
530628,181,2021-02-11,2021-02-25,-2,2021-01-12,2021-01-26,0,control,0,0.052850243,0
533764,181,2021-02-11,2021-02-25,-2,2021-01-12,2021-01-26,0,control,0,0.017755141,0
535820,181,2021-02-11,2021-02-25,-2,2021-01-12,2021-01-26,0,control,1,0.97116446,1
536728,181,2021-02-11,2021-02-25,-2,2021-01-12,2021-01-26,0,control,1,0.9988518,1
537346,181,2021-02-11,2021-02-25,-2,2021-01-12,2021-01-26,0,control,0,0.04841225,0
538538,181,2021-02-11,2021-02-25,-2,2021-01-12,2021-01-26,0,control,1,0.90615445,1
538541,181,2021-02-11,2021-02-25,-2,2021-01-12,2021-01-26,0,control,1,0.9074298,1
538542,181,2021-02-11,2021-02-25,-2,2021-01-12,2021-01-26,0,control,0,0.03727116,0
538544,181,2021-02-11,2021-02-25,-2,2021-01-12,2021-01-26,0,control,1,0.8887353,1
539435,181,2021-02-11,2021-02-25,-2,2021-01-12,2021-01-26,0,control,0,0.025838273,0
540763,181,2021-02-11,2021-02-25,-2,2021-01-12,2021-01-26,0,control,0,0.034611333,0
541299,181,2021-02-11,2021-02-25,-2,2021-01-12,2021-01-26,0,control,1,0.93893325,1
541545,181,2021-02-11,2021-02-25,-2,2021-01-12,2021-01-26,0,control,1,0.9818542,1
543081,181,2021-02-11,2021-02-25,-2,2021-01-12,2021-01-26,0,control,0,0.05340104,0
543087,181,2021-02-11,2021-02-25,-2,2021-01-12,2021-01-26,0,control,1,0.9842911,1
544606,181,2021-02-11,2021-02-25,-2,2021-01-12,2021-01-26,0,control,1,0.97957236,1
546443,181,2021-02-11,2021-02-25,-2,2021-01-12,2021-01-26,0,control,0,0.048482966,0
552057,181,2021-02-11,2021-02-25,-2,2021-01-12,2021-01-26,0,control,0,0.01266635,0
555268,181,2021-02-11,2021-02-25,-2,2021-01-12,2021-01-26,0,control,0,0.0039785285,0
557007,181,2021-02-11,2021-02-25,-2,2021-01-12,2021-01-26,0,control,0,0.08517749,0
559038,181,2021-02-11,2021-02-25,-2,2021-01-12,2021-01-26,0,control,1,0.98469824,1
559325,181,2021-02-11,2021-02-25,-2,2021-01-12,2021-01-26,0,control,1,0.93287295,1
564877,181,2021-02-11,2021-02-25,-2,2021-01-12,2021-01-26,0,control,1,0.8052398,1
566034,181,2021-02-11,2021-02-25,-2,2021-01-12,2021-01-26,0,control,1,0.9766947,1
569812,181,2021-02-11,2021-02-25,-2,2021-01-12,2021-01-26,0,control,1,0.8331206,1
569830,181,2021-02-11,2021-02-25,-2,2021-01-12,2021-01-26,0,control,1,0.84251165,1
570380,181,2021-02-11,2021-02-25,-2,2021-01-12,2021-01-26,0,control,1,0.99946016,1
574856,181,2021-02-11,2021-02-25,-2,2021-01-12,2021-01-26,0,control,0,0.029676728,0
575650,181,2021-02-11,2021-02-25,-2,2021-01-12,2021-01-26,0,control,1,0.9480768,1
579440,181,2021-02-11,2021-02-25,-2,2021-01-12,2021-01-26,0,control,0,0.03836982,0
581911,181,2021-02-11,2021-02-25,-2,2021-01-12,2021-01-26,0,control,0,0.02118619,0
584559,181,2021-02-11,2021-02-25,-2,2021-01-12,2021-01-26,0,control,1,0.8662128,1
592971,181,2021-02-11,2021-02-25,-2,2021-01-12,2021-01-26,0,control,0,0.02235869,0
594039,181,2021-02-11,2021-02-25,-2,2021-01-12,2021-01-26,0,control,1,0.9400851,1
595147,181,2021-02-11,2021-02-25,-2,2021-01-12,2021-01-26,0,control,0,0.064930245,0
601335,181,2021-02-11,2021-02-25,-2,2021-01-12,2021-01-26,0,control,1,0.95144856,1
601951,181,2021-02-11,2021-02-25,-2,2021-01-12,2021-01-26,0,control,0,0.07317528,0
602953,181,2021-02-11,2021-02-25,-2,2021-01-12,2021-01-26,0,control,0,0.037744008,0
603636,181,2021-02-11,2021-02-25,-2,2021-01-12,2021-01-26,0,control,1,0.99766636,1
606151,181,2021-02-11,2021-02-25,-2,2021-01-12,2021-01-26,0,control,0,0.04935645,0
606200,181,2021-02-11,2021-02-25,-2,2021-01-12,2021-01-26,0,control,1,0.92725694,1
607369,181,2021-02-11,2021-02-25,-2,2021-01-12,2021-01-26,0,control,0,0.01830805,0
610653,181,2021-02-11,2021-02-25,-2,2021-01-12,2021-01-26,0,control,0,0.061546125,0
611571,181,2021-02-11,2021-02-25,-2,2021-01-12,2021-01-26,0,control,1,0.9154649,1
612104,181,2021-02-11,2021-02-25,-2,2021-01-12,2021-01-26,0,control,1,0.9226887,1
613177,181,2021-02-11,2021-02-25,-2,2021-01-12,2021-01-26,0,control,0,0.0517567,0
618146,181,2021-02-11,2021-02-25,-2,2021-01-12,2021-01-26,0,control,0,0.073737815,0
620447,181,2021-02-11,2021-02-25,-2,2021-01-12,2021-01-26,0,control,1,0.9961976,1
621532,181,2021-02-11,2021-02-25,-2,2021-01-12,2021-01-26,0,control,1,0.9936958,1
621735,181,2021-02-11,2021-02-25,-2,2021-01-12,2021-01-26,0,control,0,0.107566126,0
622342,181,2021-02-11,2021-02-25,-2,2021-01-12,2021-01-26,0,control,1,0.8544833,1
623899,181,2021-02-11,2021-02-25,-2,2021-01-12,2021-01-26,0,control,0,0.041200634,0
625301,181,2021-02-11,2021-02-25,-2,2021-01-12,2021-01-26,0,control,0,0.067781426,0
631242,181,2021-02-11,2021-02-25,-2,2021-01-12,2021-01-26,0,control,1,0.9230562,1
631500,181,2021-02-11,2021-02-25,-2,2021-01-12,2021-01-26,0,control,1,0.9183393,1
636147,181,2021-02-11,2021-02-25,-2,2021-01-12,2021-01-26,0,control,0,0.013574417,0
640654,181,2021-02-11,2021-02-25,-2,2021-01-12,2021-01-26,0,control,0,0.051997956,0
641524,181,2021-02-11,2021-02-25,-2,2021-01-12,2021-01-26,0,control,0,0.061494093,0
643770,181,2021-02-11,2021-02-25,-2,2021-01-12,2021-01-26,0,control,0,0.06830979,0
645868,181,2021-02-11,2021-02-25,-2,2021-01-12,2021-01-26,0,control,1,0.9751443,1
646704,181,2021-02-11,2021-02-25,-2,2021-01-12,2021-01-26,0,control,0,0.053104274,0
649461,181,2021-02-11,2021-02-25,-2,2021-01-12,2021-01-26,0,control,1,0.9758756,1
649554,181,2021-02-11,2021-02-25,-2,2021-01-12,2021-01-26,0,control,0,0.0102484515,0
650061,181,2021-02-11,2021-02-25,-2,2021-01-12,2021-01-26,0,control,0,0.0077894456,0
654302,181,2021-02-11,2021-02-25,-2,2021-01-12,2021-01-26,0,control,1,0.93991804,1
654829,181,2021-02-11,2021-02-25,-2,2021-01-12,2021-01-26,0,control,1,0.8986762,1
661887,181,2021-02-11,2021-02-25,-2,2021-01-12,2021-01-26,0,control,0,0.040909424,0
662489,181,2021-02-11,2021-02-25,-2,2021-01-12,2021-01-26,0,control,0,0.036502603,0
663392,181,2021-02-11,2021-02-25,-2,2021-01-12,2021-01-26,0,control,1,0.964606,1
666326,181,2021-02-11,2021-02-25,-2,2021-01-12,2021-01-26,0,control,0,0.026496815,0
666760,181,2021-02-11,2021-02-25,-2,2021-01-12,2021-01-26,0,control,1,0.924036,1
673798,181,2021-02-11,2021-02-25,-2,2021-01-12,2021-01-26,0,control,1,0.9347008,1
673930,181,2021-02-11,2021-02-25,-2,2021-01-12,2021-01-26,0,control,1,0.9136578,1
675569,181,2021-02-11,2021-02-25,-2,2021-01-12,2021-01-26,0,control,0,0.015862504,0
676561,181,2021-02-11,2021-02-25,-2,2021-01-12,2021-01-26,0,control,0,0.051484905,0
676695,181,2021-02-11,2021-02-25,-2,2021-01-12,2021-01-26,0,control,1,0.99686974,1
676715,181,2021-02-11,2021-02-25,-2,2021-01-12,2021-01-26,0,control,0,0.08946012,0
679937,181,2021-02-11,2021-02-25,-2,2021-01-12,2021-01-26,0,control,0,0.043220278,0
680616,181,2021-02-11,2021-02-25,-2,2021-01-12,2021-01-26,0,control,0,0.013813931,0
680665,181,2021-02-11,2021-02-25,-2,2021-01-12,2021-01-26,0,control,0,0.044451073,0
682187,181,2021-02-11,2021-02-25,-2,2021-01-12,2021-01-26,0,control,1,0.92882866,1
682679,181,2021-02-11,2021-02-25,-2,2021-01-12,2021-01-26,0,control,1,0.8232546,1
683290,181,2021-02-11,2021-02-25,-2,2021-01-12,2021-01-26,0,control,1,0.93808,1
686127,181,2021-02-11,2021-02-25,-2,2021-01-12,2021-01-26,0,control,1,0.9742628,1
686258,181,2021-02-11,2021-02-25,-2,2021-01-12,2021-01-26,0,control,1,0.9354778,1
686841,181,2021-02-11,2021-02-25,-2,2021-01-12,2021-01-26,0,control,1,0.9614955,1
690090,181,2021-02-11,2021-02-25,-2,2021-01-12,2021-01-26,0,control,0,0.033026066,0
690558,181,2021-02-11,2021-02-25,-2,2021-01-12,2021-01-26,0,control,0,0.042682562,0
699471,181,2021-02-11,2021-02-25,-2,2021-01-12,2021-01-26,0,control,0,0.0054426678,0
700574,181,2021-02-11,2021-02-25,-2,2021-01-12,2021-01-26,0,control,1,0.9024257,1
702774,181,2021-02-11,2021-02-25,-2,2021-01-12,2021-01-26,0,control,0,0.052003596,0
702825,181,2021-02-11,2021-02-25,-2,2021-01-12,2021-01-26,0,control,1,0.92923236,1
703786,181,2021-02-11,2021-02-25,-2,2021-01-12,2021-01-26,0,control,0,0.02723585,0
705850,181,2021-02-11,2021-02-25,-2,2021-01-12,2021-01-26,0,control,1,0.9888719,1
707507,181,2021-02-11,2021-02-25,-2,2021-01-12,2021-01-26,0,control,0,0.02865641,0
709092,181,2021-02-11,2021-02-25,-2,2021-01-12,2021-01-26,0,control,1,0.8460923,1
715127,181,2021-02-11,2021-02-25,-2,2021-01-12,2021-01-26,0,control,0,0.05333532,0
717198,181,2021-02-11,2021-02-25,-2,2021-01-12,2021-01-26,0,control,0,0.0183221,0
718036,181,2021-02-11,2021-02-25,-2,2021-01-12,2021-01-26,0,control,0,0.020259498,0
719598,181,2021-02-11,2021-02-25,-2,2021-01-12,2021-01-26,0,control,1,0.8258684,1
721748,181,2021-02-11,2021-02-25,-2,2021-01-12,2021-01-26,0,control,1,0.9392054,1
722316,181,2021-02-11,2021-02-25,-2,2021-01-12,2021-01-26,0,control,1,0.9220331,1
727028,181,2021-02-11,2021-02-25,-2,2021-01-12,2021-01-26,0,control,1,0.99657744,1
728867,181,2021-02-11,2021-02-25,-2,2021-01-12,2021-01-26,0,control,1,0.8920448,1
731798,181,2021-02-11,2021-02-25,-2,2021-01-12,2021-01-26,0,control,0,0.051687542,0
734134,181,2021-02-11,2021-02-25,-2,2021-01-12,2021-01-26,0,control,1,0.84002423,1
738070,181,2021-02-11,2021-02-25,-2,2021-01-12,2021-01-26,0,control,0,0.008843656,0
738454,181,2021-02-11,2021-02-25,-2,2021-01-12,2021-01-26,0,control,1,0.98718834,1
739975,181,2021-02-11,2021-02-25,-2,2021-01-12,2021-01-26,0,control,0,0.023390997,0
740060,181,2021-02-11,2021-02-25,-2,2021-01-12,2021-01-26,0,control,1,0.95557666,1
744709,181,2021-02-11,2021-02-25,-2,2021-01-12,2021-01-26,0,control,1,0.97387886,1
747454,181,2021-02-11,2021-02-25,-2,2021-01-12,2021-01-26,0,control,1,0.9416565,1
751934,181,2021-02-11,2021-02-25,-2,2021-01-12,2021-01-26,0,control,0,0.007043593,0
752216,181,2021-02-11,2021-02-25,-2,2021-01-12,2021-01-26,0,control,1,0.84754604,1
752640,181,2021-02-11,2021-02-25,-2,2021-01-12,2021-01-26,0,control,0,0.07706323,0
756085,181,2021-02-11,2021-02-25,-2,2021-01-12,2021-01-26,0,control,0,0.036411438,0
758669,181,2021-02-11,2021-02-25,-2,2021-01-12,2021-01-26,0,control,1,0.94902956,1
762676,181,2021-02-11,2021-02-25,-2,2021-01-12,2021-01-26,0,control,1,0.9919934,1
764023,181,2021-02-11,2021-02-25,-2,2021-01-12,2021-01-26,0,control,0,0.015946172,0
764962,181,2021-02-11,2021-02-25,-2,2021-01-12,2021-01-26,0,control,1,0.9954531,1
769521,181,2021-02-11,2021-02-25,-2,2021-01-12,2021-01-26,0,control,1,0.95053625,1
770295,181,2021-02-11,2021-02-25,-2,2021-01-12,2021-01-26,0,control,1,0.9281101,1
777063,181,2021-02-11,2021-02-25,-2,2021-01-12,2021-01-26,0,control,1,0.93856347,1
778802,181,2021-02-11,2021-02-25,-2,2021-01-12,2021-01-26,0,control,1,0.96294445,1
780709,181,2021-02-11,2021-02-25,-2,2021-01-12,2021-01-26,0,control,1,0.9425023,1
781420,181,2021-02-11,2021-02-25,-2,2021-01-12,2021-01-26,0,control,0,0.04187102,0
781904,181,2021-02-11,2021-02-25,-2,2021-01-12,2021-01-26,0,control,0,0.06321012,0
784035,181,2021-02-11,2021-02-25,-2,2021-01-12,2021-01-26,0,control,1,0.96348053,1
787307,181,2021-02-11,2021-02-25,-2,2021-01-12,2021-01-26,0,control,0,0.07143627,0
787924,181,2021-02-11,2021-02-25,-2,2021-01-12,2021-01-26,0,control,0,0.061159175,0
788266,181,2021-02-11,2021-02-25,-2,2021-01-12,2021-01-26,0,control,1,0.9983852,1
789451,181,2021-02-11,2021-02-25,-2,2021-01-12,2021-01-26,0,control,1,0.86398345,1
791475,181,2021-02-11,2021-02-25,-2,2021-01-12,2021-01-26,0,control,0,0.012818463,0
791757,181,2021-02-11,2021-02-25,-2,2021-01-12,2021-01-26,0,control,0,0.03631119,0
791841,181,2021-02-11,2021-02-25,-2,2021-01-12,2021-01-26,0,control,1,0.92963344,1
796350,181,2021-02-11,2021-02-25,-2,2021-01-12,2021-01-26,0,control,1,0.939445,1
797203,181,2021-02-11,2021-02-25,-2,2021-01-12,2021-01-26,0,control,0,0.0025595813,0
798698,181,2021-02-11,2021-02-25,-2,2021-01-12,2021-01-26,0,control,1,0.89803505,1
801088,181,2021-02-11,2021-02-25,-2,2021-01-12,2021-01-26,0,control,0,0.07497821,0
801822,181,2021-02-11,2021-02-25,-2,2021-01-12,2021-01-26,0,control,0,0.037204396,0
803223,181,2021-02-11,2021-02-25,-2,2021-01-12,2021-01-26,0,control,1,0.9331683,1
803754,181,2021-02-11,2021-02-25,-2,2021-01-12,2021-01-26,0,control,1,0.9686905,1
804390,181,2021-02-11,2021-02-25,-2,2021-01-12,2021-01-26,0,control,0,0.09029539,0
805016,181,2021-02-11,2021-02-25,-2,2021-01-12,2021-01-26,0,control,1,0.987909,1
805569,181,2021-02-11,2021-02-25,-2,2021-01-12,2021-01-26,0,control,0,0.07400762,0
806513,181,2021-02-11,2021-02-25,-2,2021-01-12,2021-01-26,0,control,0,0.023293128,0
838,181,2021-02-11,2021-02-25,-1,2021-01-27,2021-02-10,0,control,1,0.7927404,1
3974,181,2021-02-11,2021-02-25,-1,2021-01-27,2021-02-10,0,control,0,0.27985454,0
6547,181,2021-02-11,2021-02-25,-1,2021-01-27,2021-02-10,0,control,0,0.10922769,0
7542,181,2021-02-11,2021-02-25,-1,2021-01-27,2021-02-10,0,control,1,0.09009323,0
7974,181,2021-02-11,2021-02-25,-1,2021-01-27,2021-02-10,0,control,0,0.18675472,0
8595,181,2021-02-11,2021-02-25,-1,2021-01-27,2021-02-10,0,control,0,0.13381687,0
10320,181,2021-02-11,2021-02-25,-1,2021-01-27,2021-02-10,0,control,1,0.54280794,1
10590,181,2021-02-11,2021-02-25,-1,2021-01-27,2021-02-10,0,control,0,0.47996414,0
11595,181,2021-02-11,2021-02-25,-1,2021-01-27,2021-02-10,0,control,0,0.99057543,1
12152,181,2021-02-11,2021-02-25,-1,2021-01-27,2021-02-10,0,control,0,0.78550464,1
13587,181,2021-02-11,2021-02-25,-1,2021-01-27,2021-02-10,0,control,1,0.25217643,0
14317,181,2021-02-11,2021-02-25,-1,2021-01-27,2021-02-10,0,control,0,0.19268453,0
14730,181,2021-02-11,2021-02-25,-1,2021-01-27,2021-02-10,0,control,0,0.107868314,0
16213,181,2021-02-11,2021-02-25,-1,2021-01-27,2021-02-10,0,control,1,0.26595855,0
16219,181,2021-02-11,2021-02-25,-1,2021-01-27,2021-02-10,0,control,0,0.5869457,1
17489,181,2021-02-11,2021-02-25,-1,2021-01-27,2021-02-10,0,control,0,0.7046323,1
17494,181,2021-02-11,2021-02-25,-1,2021-01-27,2021-02-10,0,control,0,0.008898859,0
19215,181,2021-02-11,2021-02-25,-1,2021-01-27,2021-02-10,0,control,0,0.237509,0
20016,181,2021-02-11,2021-02-25,-1,2021-01-27,2021-02-10,0,control,1,0.30584767,0
27330,181,2021-02-11,2021-02-25,-1,2021-01-27,2021-02-10,0,control,0,0.05571339,0
28091,181,2021-02-11,2021-02-25,-1,2021-01-27,2021-02-10,0,control,1,0.4972386,0
28732,181,2021-02-11,2021-02-25,-1,2021-01-27,2021-02-10,0,control,1,0.9949319,1
29089,181,2021-02-11,2021-02-25,-1,2021-01-27,2021-02-10,0,control,0,0.25376022,0
29361,181,2021-02-11,2021-02-25,-1,2021-01-27,2021-02-10,0,control,0,0.041514374,0
32547,181,2021-02-11,2021-02-25,-1,2021-01-27,2021-02-10,0,control,0,0.017850736,0
36956,181,2021-02-11,2021-02-25,-1,2021-01-27,2021-02-10,0,control,1,0.6818121,1
44995,181,2021-02-11,2021-02-25,-1,2021-01-27,2021-02-10,0,control,0,0.50253433,1
45697,181,2021-02-11,2021-02-25,-1,2021-01-27,2021-02-10,0,control,0,0.0077217813,0
46662,181,2021-02-11,2021-02-25,-1,2021-01-27,2021-02-10,0,control,0,0.0216769,0
48853,181,2021-02-11,2021-02-25,-1,2021-01-27,2021-02-10,0,control,1,0.10265986,0
50800,181,2021-02-11,2021-02-25,-1,2021-01-27,2021-02-10,0,control,0,0.09810178,0
51224,181,2021-02-11,2021-02-25,-1,2021-01-27,2021-02-10,0,control,1,0.14581873,0
54897,181,2021-02-11,2021-02-25,-1,2021-01-27,2021-02-10,0,control,0,0.0369142,0
61501,181,2021-02-11,2021-02-25,-1,2021-01-27,2021-02-10,0,control,0,0.93931586,1
65859,181,2021-02-11,2021-02-25,-1,2021-01-27,2021-02-10,0,control,1,0.5905231,1
74313,181,2021-02-11,2021-02-25,-1,2021-01-27,2021-02-10,0,control,0,0.127855,0
75140,181,2021-02-11,2021-02-25,-1,2021-01-27,2021-02-10,0,control,1,0.5693788,1
76387,181,2021-02-11,2021-02-25,-1,2021-01-27,2021-02-10,0,control,0,0.21302886,0
78195,181,2021-02-11,2021-02-25,-1,2021-01-27,2021-02-10,0,control,1,0.9928772,1
78682,181,2021-02-11,2021-02-25,-1,2021-01-27,2021-02-10,0,control,1,0.9941022,1
82320,181,2021-02-11,2021-02-25,-1,2021-01-27,2021-02-10,0,control,0,0.0015578461,0
82970,181,2021-02-11,2021-02-25,-1,2021-01-27,2021-02-10,0,control,1,0.9858144,1
88755,181,2021-02-11,2021-02-25,-1,2021-01-27,2021-02-10,0,control,0,0.062510155,0
88781,181,2021-02-11,2021-02-25,-1,2021-01-27,2021-02-10,0,control,1,0.47638652,0
89439,181,2021-02-11,2021-02-25,-1,2021-01-27,2021-02-10,0,control,1,0.9644088,1
90047,181,2021-02-11,2021-02-25,-1,2021-01-27,2021-02-10,0,control,1,0.85439396,1
90049,181,2021-02-11,2021-02-25,-1,2021-01-27,2021-02-10,0,control,1,0.97198516,1
90256,181,2021-02-11,2021-02-25,-1,2021-01-27,2021-02-10,0,control,0,0.06751612,0
90685,181,2021-02-11,2021-02-25,-1,2021-01-27,2021-02-10,0,control,0,0.1097449,0
91730,181,2021-02-11,2021-02-25,-1,2021-01-27,2021-02-10,0,control,1,0.47578573,0
97122,181,2021-02-11,2021-02-25,-1,2021-01-27,2021-02-10,0,control,0,0.9810574,1
100147,181,2021-02-11,2021-02-25,-1,2021-01-27,2021-02-10,0,control,1,0.30782405,0
101550,181,2021-02-11,2021-02-25,-1,2021-01-27,2021-02-10,0,control,1,0.07459385,0
102907,181,2021-02-11,2021-02-25,-1,2021-01-27,2021-02-10,0,control,1,0.48598424,0
105738,181,2021-02-11,2021-02-25,-1,2021-01-27,2021-02-10,0,control,0,0.25507522,0
106499,181,2021-02-11,2021-02-25,-1,2021-01-27,2021-02-10,0,control,1,0.7030632,1
107885,181,2021-02-11,2021-02-25,-1,2021-01-27,2021-02-10,0,control,1,0.012966596,0
110758,181,2021-02-11,2021-02-25,-1,2021-01-27,2021-02-10,0,control,1,0.90356326,1
110980,181,2021-02-11,2021-02-25,-1,2021-01-27,2021-02-10,0,control,1,0.9769735,1
117239,181,2021-02-11,2021-02-25,-1,2021-01-27,2021-02-10,0,control,1,0.11011873,0
123343,181,2021-02-11,2021-02-25,-1,2021-01-27,2021-02-10,0,control,1,0.29937994,0
125257,181,2021-02-11,2021-02-25,-1,2021-01-27,2021-02-10,0,control,1,0.052749723,0
136678,181,2021-02-11,2021-02-25,-1,2021-01-27,2021-02-10,0,control,0,0.09467472,0
140392,181,2021-02-11,2021-02-25,-1,2021-01-27,2021-02-10,0,control,1,0.84286016,1
140771,181,2021-02-11,2021-02-25,-1,2021-01-27,2021-02-10,0,control,1,0.14736593,0
141059,181,2021-02-11,2021-02-25,-1,2021-01-27,2021-02-10,0,control,1,0.9942205,1
141720,181,2021-02-11,2021-02-25,-1,2021-01-27,2021-02-10,0,control,0,0.41994503,0
142114,181,2021-02-11,2021-02-25,-1,2021-01-27,2021-02-10,0,control,0,0.039275974,0
142954,181,2021-02-11,2021-02-25,-1,2021-01-27,2021-02-10,0,control,0,0.012579055,0
147315,181,2021-02-11,2021-02-25,-1,2021-01-27,2021-02-10,0,control,1,0.17036153,0
147383,181,2021-02-11,2021-02-25,-1,2021-01-27,2021-02-10,0,control,1,0.11656381,0
150407,181,2021-02-11,2021-02-25,-1,2021-01-27,2021-02-10,0,control,0,0.10869825,0
156593,181,2021-02-11,2021-02-25,-1,2021-01-27,2021-02-10,0,control,0,0.014848332,0
159020,181,2021-02-11,2021-02-25,-1,2021-01-27,2021-02-10,0,control,1,0.34337556,0
159687,181,2021-02-11,2021-02-25,-1,2021-01-27,2021-02-10,0,control,0,0.09040602,0
162974,181,2021-02-11,2021-02-25,-1,2021-01-27,2021-02-10,0,control,1,0.99501663,1
164547,181,2021-02-11,2021-02-25,-1,2021-01-27,2021-02-10,0,control,0,0.0055331048,0
166288,181,2021-02-11,2021-02-25,-1,2021-01-27,2021-02-10,0,control,1,0.4260277,0
169333,181,2021-02-11,2021-02-25,-1,2021-01-27,2021-02-10,0,control,1,0.98132676,1
173235,181,2021-02-11,2021-02-25,-1,2021-01-27,2021-02-10,0,control,0,0.0666988,0
181788,181,2021-02-11,2021-02-25,-1,2021-01-27,2021-02-10,0,control,1,0.068176374,0
183042,181,2021-02-11,2021-02-25,-1,2021-01-27,2021-02-10,0,control,1,0.85187876,1
184236,181,2021-02-11,2021-02-25,-1,2021-01-27,2021-02-10,0,control,1,0.97691226,1
184688,181,2021-02-11,2021-02-25,-1,2021-01-27,2021-02-10,0,control,0,0.006000205,0
187192,181,2021-02-11,2021-02-25,-1,2021-01-27,2021-02-10,0,control,1,0.97834903,1
189699,181,2021-02-11,2021-02-25,-1,2021-01-27,2021-02-10,0,control,0,0.56619054,1
190437,181,2021-02-11,2021-02-25,-1,2021-01-27,2021-02-10,0,control,0,0.37063563,0
190494,181,2021-02-11,2021-02-25,-1,2021-01-27,2021-02-10,0,control,0,0.012034453,0
193824,181,2021-02-11,2021-02-25,-1,2021-01-27,2021-02-10,0,control,0,0.01196249,0
194335,181,2021-02-11,2021-02-25,-1,2021-01-27,2021-02-10,0,control,0,0.73980314,1
198183,181,2021-02-11,2021-02-25,-1,2021-01-27,2021-02-10,0,control,0,0.22872405,0
200757,181,2021-02-11,2021-02-25,-1,2021-01-27,2021-02-10,0,control,0,0.25214013,0
201185,181,2021-02-11,2021-02-25,-1,2021-01-27,2021-02-10,0,control,0,0.00954307,0
202120,181,2021-02-11,2021-02-25,-1,2021-01-27,2021-02-10,0,control,1,0.032049034,0
203696,181,2021-02-11,2021-02-25,-1,2021-01-27,2021-02-10,0,control,0,0.5737128,1
203984,181,2021-02-11,2021-02-25,-1,2021-01-27,2021-02-10,0,control,1,0.736706,1
208060,181,2021-02-11,2021-02-25,-1,2021-01-27,2021-02-10,0,control,1,0.0059644603,0
209102,181,2021-02-11,2021-02-25,-1,2021-01-27,2021-02-10,0,control,1,0.37763947,0
210723,181,2021-02-11,2021-02-25,-1,2021-01-27,2021-02-10,0,control,0,0.15393177,0
213171,181,2021-02-11,2021-02-25,-1,2021-01-27,2021-02-10,0,control,1,0.521764,1
213173,181,2021-02-11,2021-02-25,-1,2021-01-27,2021-02-10,0,control,1,0.11498771,0
216957,181,2021-02-11,2021-02-25,-1,2021-01-27,2021-02-10,0,control,0,0.040672194,0
222847,181,2021-02-11,2021-02-25,-1,2021-01-27,2021-02-10,0,control,0,0.11964757,0
228283,181,2021-02-11,2021-02-25,-1,2021-01-27,2021-02-10,0,control,1,0.9880475,1
234089,181,2021-02-11,2021-02-25,-1,2021-01-27,2021-02-10,0,control,0,0.03077832,0
234523,181,2021-02-11,2021-02-25,-1,2021-01-27,2021-02-10,0,control,0,0.25967768,0
235756,181,2021-02-11,2021-02-25,-1,2021-01-27,2021-02-10,0,control,0,0.07032043,0
240235,181,2021-02-11,2021-02-25,-1,2021-01-27,2021-02-10,0,control,0,0.10842005,0
242788,181,2021-02-11,2021-02-25,-1,2021-01-27,2021-02-10,0,control,0,0.2054569,0
243676,181,2021-02-11,2021-02-25,-1,2021-01-27,2021-02-10,0,control,0,0.8398414,1
246215,181,2021-02-11,2021-02-25,-1,2021-01-27,2021-02-10,0,control,0,0.5351883,1
246348,181,2021-02-11,2021-02-25,-1,2021-01-27,2021-02-10,0,control,0,0.9425361,1
248086,181,2021-02-11,2021-02-25,-1,2021-01-27,2021-02-10,0,control,1,0.15913562,0
248409,181,2021-02-11,2021-02-25,-1,2021-01-27,2021-02-10,0,control,1,0.99600154,1
253777,181,2021-02-11,2021-02-25,-1,2021-01-27,2021-02-10,0,control,0,0.08323998,0
253993,181,2021-02-11,2021-02-25,-1,2021-01-27,2021-02-10,0,control,0,0.14454289,0
255968,181,2021-02-11,2021-02-25,-1,2021-01-27,2021-02-10,0,control,0,0.0123892445,0
256602,181,2021-02-11,2021-02-25,-1,2021-01-27,2021-02-10,0,control,0,0.14276786,0
257861,181,2021-02-11,2021-02-25,-1,2021-01-27,2021-02-10,0,control,0,0.08992281,0
261514,181,2021-02-11,2021-02-25,-1,2021-01-27,2021-02-10,0,control,1,0.0064395242,0
261543,181,2021-02-11,2021-02-25,-1,2021-01-27,2021-02-10,0,control,1,0.009393446,0
265370,181,2021-02-11,2021-02-25,-1,2021-01-27,2021-02-10,0,control,0,0.050751198,0
272093,181,2021-02-11,2021-02-25,-1,2021-01-27,2021-02-10,0,control,0,0.03867605,0
272130,181,2021-02-11,2021-02-25,-1,2021-01-27,2021-02-10,0,control,0,0.84868854,1
274965,181,2021-02-11,2021-02-25,-1,2021-01-27,2021-02-10,0,control,0,0.022538664,0
277504,181,2021-02-11,2021-02-25,-1,2021-01-27,2021-02-10,0,control,0,0.030725118,0
277576,181,2021-02-11,2021-02-25,-1,2021-01-27,2021-02-10,0,control,0,0.76512057,1
279299,181,2021-02-11,2021-02-25,-1,2021-01-27,2021-02-10,0,control,1,0.85403776,1
279350,181,2021-02-11,2021-02-25,-1,2021-01-27,2021-02-10,0,control,1,0.88181376,1
282476,181,2021-02-11,2021-02-25,-1,2021-01-27,2021-02-10,0,control,0,0.06480894,0
283923,181,2021-02-11,2021-02-25,-1,2021-01-27,2021-02-10,0,control,0,0.019675614,0
284956,181,2021-02-11,2021-02-25,-1,2021-01-27,2021-02-10,0,control,0,0.57337105,1
286014,181,2021-02-11,2021-02-25,-1,2021-01-27,2021-02-10,0,control,1,0.028548969,0
286164,181,2021-02-11,2021-02-25,-1,2021-01-27,2021-02-10,0,control,1,0.6293766,1
289500,181,2021-02-11,2021-02-25,-1,2021-01-27,2021-02-10,0,control,1,0.9728363,1
289514,181,2021-02-11,2021-02-25,-1,2021-01-27,2021-02-10,0,control,1,0.3014861,0
292316,181,2021-02-11,2021-02-25,-1,2021-01-27,2021-02-10,0,control,1,0.014277726,0
293645,181,2021-02-11,2021-02-25,-1,2021-01-27,2021-02-10,0,control,0,0.49890965,0
293665,181,2021-02-11,2021-02-25,-1,2021-01-27,2021-02-10,0,control,0,0.021806626,0
293667,181,2021-02-11,2021-02-25,-1,2021-01-27,2021-02-10,0,control,0,0.75657153,1
295855,181,2021-02-11,2021-02-25,-1,2021-01-27,2021-02-10,0,control,0,0.06758622,0
295886,181,2021-02-11,2021-02-25,-1,2021-01-27,2021-02-10,0,control,1,0.436504,0
296564,181,2021-02-11,2021-02-25,-1,2021-01-27,2021-02-10,0,control,0,0.68065286,1
302084,181,2021-02-11,2021-02-25,-1,2021-01-27,2021-02-10,0,control,0,0.8897093,1
302153,181,2021-02-11,2021-02-25,-1,2021-01-27,2021-02-10,0,control,1,0.26798058,0
302419,181,2021-02-11,2021-02-25,-1,2021-01-27,2021-02-10,0,control,0,0.6913434,1
304391,181,2021-02-11,2021-02-25,-1,2021-01-27,2021-02-10,0,control,0,0.14727795,0
306989,181,2021-02-11,2021-02-25,-1,2021-01-27,2021-02-10,0,control,1,0.9997036,1
313836,181,2021-02-11,2021-02-25,-1,2021-01-27,2021-02-10,0,control,0,0.024119278,0
315070,181,2021-02-11,2021-02-25,-1,2021-01-27,2021-02-10,0,control,0,0.16398402,0
315623,181,2021-02-11,2021-02-25,-1,2021-01-27,2021-02-10,0,control,1,0.99188787,1
317401,181,2021-02-11,2021-02-25,-1,2021-01-27,2021-02-10,0,control,0,0.20771441,0
317668,181,2021-02-11,2021-02-25,-1,2021-01-27,2021-02-10,0,control,0,0.07425575,0
322946,181,2021-02-11,2021-02-25,-1,2021-01-27,2021-02-10,0,control,1,0.99871016,1
324884,181,2021-02-11,2021-02-25,-1,2021-01-27,2021-02-10,0,control,0,0.015344362,0
342540,181,2021-02-11,2021-02-25,-1,2021-01-27,2021-02-10,0,control,0,0.25152305,0
342954,181,2021-02-11,2021-02-25,-1,2021-01-27,2021-02-10,0,control,0,0.46732035,0
344513,181,2021-02-11,2021-02-25,-1,2021-01-27,2021-02-10,0,control,0,0.111744955,0
344937,181,2021-02-11,2021-02-25,-1,2021-01-27,2021-02-10,0,control,1,0.8892419,1
346365,181,2021-02-11,2021-02-25,-1,2021-01-27,2021-02-10,0,control,0,0.10062919,0
346747,181,2021-02-11,2021-02-25,-1,2021-01-27,2021-02-10,0,control,0,0.9523509,1
348900,181,2021-02-11,2021-02-25,-1,2021-01-27,2021-02-10,0,control,0,0.029802682,0
349533,181,2021-02-11,2021-02-25,-1,2021-01-27,2021-02-10,0,control,0,0.006861321,0
349570,181,2021-02-11,2021-02-25,-1,2021-01-27,2021-02-10,0,control,0,0.06900882,0
354591,181,2021-02-11,2021-02-25,-1,2021-01-27,2021-02-10,0,control,0,0.057239555,0
354596,181,2021-02-11,2021-02-25,-1,2021-01-27,2021-02-10,0,control,0,0.011667083,0
355253,181,2021-02-11,2021-02-25,-1,2021-01-27,2021-02-10,0,control,1,0.5489963,1
356351,181,2021-02-11,2021-02-25,-1,2021-01-27,2021-02-10,0,control,1,0.8790053,1
356396,181,2021-02-11,2021-02-25,-1,2021-01-27,2021-02-10,0,control,1,0.622773,1
359674,181,2021-02-11,2021-02-25,-1,2021-01-27,2021-02-10,0,control,1,0.91709614,1
359729,181,2021-02-11,2021-02-25,-1,2021-01-27,2021-02-10,0,control,1,0.9707364,1
359747,181,2021-02-11,2021-02-25,-1,2021-01-27,2021-02-10,0,control,0,0.41619805,0
361843,181,2021-02-11,2021-02-25,-1,2021-01-27,2021-02-10,0,control,1,0.13911143,0
364683,181,2021-02-11,2021-02-25,-1,2021-01-27,2021-02-10,0,control,0,0.10613045,0
367070,181,2021-02-11,2021-02-25,-1,2021-01-27,2021-02-10,0,control,0,0.0022096594,0
367668,181,2021-02-11,2021-02-25,-1,2021-01-27,2021-02-10,0,control,1,0.3722137,0
370636,181,2021-02-11,2021-02-25,-1,2021-01-27,2021-02-10,0,control,0,0.4431177,0
373500,181,2021-02-11,2021-02-25,-1,2021-01-27,2021-02-10,0,control,0,0.15746754,0
374125,181,2021-02-11,2021-02-25,-1,2021-01-27,2021-02-10,0,control,0,0.046047505,0
378773,181,2021-02-11,2021-02-25,-1,2021-01-27,2021-02-10,0,control,0,0.010118737,0
379490,181,2021-02-11,2021-02-25,-1,2021-01-27,2021-02-10,0,control,0,0.46784663,0
379590,181,2021-02-11,2021-02-25,-1,2021-01-27,2021-02-10,0,control,1,0.39782277,0
380331,181,2021-02-11,2021-02-25,-1,2021-01-27,2021-02-10,0,control,1,0.82010806,1
381588,181,2021-02-11,2021-02-25,-1,2021-01-27,2021-02-10,0,control,0,0.44442472,0
382200,181,2021-02-11,2021-02-25,-1,2021-01-27,2021-02-10,0,control,0,0.08092552,0
383932,181,2021-02-11,2021-02-25,-1,2021-01-27,2021-02-10,0,control,0,0.1900422,0
385927,181,2021-02-11,2021-02-25,-1,2021-01-27,2021-02-10,0,control,1,0.922155,1
386709,181,2021-02-11,2021-02-25,-1,2021-01-27,2021-02-10,0,control,0,0.06817809,0
390241,181,2021-02-11,2021-02-25,-1,2021-01-27,2021-02-10,0,control,1,0.99520385,1
390371,181,2021-02-11,2021-02-25,-1,2021-01-27,2021-02-10,0,control,0,0.48883763,0
391041,181,2021-02-11,2021-02-25,-1,2021-01-27,2021-02-10,0,control,0,0.30817476,0
392211,181,2021-02-11,2021-02-25,-1,2021-01-27,2021-02-10,0,control,1,0.9995882,1
392806,181,2021-02-11,2021-02-25,-1,2021-01-27,2021-02-10,0,control,0,0.02849208,0
394542,181,2021-02-11,2021-02-25,-1,2021-01-27,2021-02-10,0,control,1,0.8415565,1
405444,181,2021-02-11,2021-02-25,-1,2021-01-27,2021-02-10,0,control,0,0.003385961,0
407251,181,2021-02-11,2021-02-25,-1,2021-01-27,2021-02-10,0,control,1,0.13991423,0
408424,181,2021-02-11,2021-02-25,-1,2021-01-27,2021-02-10,0,control,0,0.15969639,0
408652,181,2021-02-11,2021-02-25,-1,2021-01-27,2021-02-10,0,control,0,0.23148048,0
413506,181,2021-02-11,2021-02-25,-1,2021-01-27,2021-02-10,0,control,0,0.43272895,0
417890,181,2021-02-11,2021-02-25,-1,2021-01-27,2021-02-10,0,control,0,0.12182859,0
418026,181,2021-02-11,2021-02-25,-1,2021-01-27,2021-02-10,0,control,1,0.079409555,0
418417,181,2021-02-11,2021-02-25,-1,2021-01-27,2021-02-10,0,control,1,0.14178003,0
420370,181,2021-02-11,2021-02-25,-1,2021-01-27,2021-02-10,0,control,0,0.14808165,0
423203,181,2021-02-11,2021-02-25,-1,2021-01-27,2021-02-10,0,control,1,0.7303615,1
424713,181,2021-02-11,2021-02-25,-1,2021-01-27,2021-02-10,0,control,0,0.13358027,0
424923,181,2021-02-11,2021-02-25,-1,2021-01-27,2021-02-10,0,control,0,0.14417705,0
429648,181,2021-02-11,2021-02-25,-1,2021-01-27,2021-02-10,0,control,1,0.06637489,0
429975,181,2021-02-11,2021-02-25,-1,2021-01-27,2021-02-10,0,control,0,0.21377836,0
430322,181,2021-02-11,2021-02-25,-1,2021-01-27,2021-02-10,0,control,0,0.99130744,1
434305,181,2021-02-11,2021-02-25,-1,2021-01-27,2021-02-10,0,control,0,0.14289111,0
436279,181,2021-02-11,2021-02-25,-1,2021-01-27,2021-02-10,0,control,0,0.004871313,0
437067,181,2021-02-11,2021-02-25,-1,2021-01-27,2021-02-10,0,control,0,0.44049078,0
438631,181,2021-02-11,2021-02-25,-1,2021-01-27,2021-02-10,0,control,1,0.35196948,0
438696,181,2021-02-11,2021-02-25,-1,2021-01-27,2021-02-10,0,control,0,0.6478153,1
439403,181,2021-02-11,2021-02-25,-1,2021-01-27,2021-02-10,0,control,1,0.014668499,0
441619,181,2021-02-11,2021-02-25,-1,2021-01-27,2021-02-10,0,control,1,0.7576132,1
446715,181,2021-02-11,2021-02-25,-1,2021-01-27,2021-02-10,0,control,0,0.7159919,1
446720,181,2021-02-11,2021-02-25,-1,2021-01-27,2021-02-10,0,control,0,0.8917457,1
447932,181,2021-02-11,2021-02-25,-1,2021-01-27,2021-02-10,0,control,0,0.08103575,0
449072,181,2021-02-11,2021-02-25,-1,2021-01-27,2021-02-10,0,control,1,0.7891123,1
450546,181,2021-02-11,2021-02-25,-1,2021-01-27,2021-02-10,0,control,1,0.22920713,0
450841,181,2021-02-11,2021-02-25,-1,2021-01-27,2021-02-10,0,control,1,0.8566128,1
452356,181,2021-02-11,2021-02-25,-1,2021-01-27,2021-02-10,0,control,1,0.88230234,1
460418,181,2021-02-11,2021-02-25,-1,2021-01-27,2021-02-10,0,control,1,0.34541023,0
460590,181,2021-02-11,2021-02-25,-1,2021-01-27,2021-02-10,0,control,0,0.21865782,0
462496,181,2021-02-11,2021-02-25,-1,2021-01-27,2021-02-10,0,control,1,0.5874723,1
463105,181,2021-02-11,2021-02-25,-1,2021-01-27,2021-02-10,0,control,0,0.27188382,0
465354,181,2021-02-11,2021-02-25,-1,2021-01-27,2021-02-10,0,control,0,0.70291036,1
469974,181,2021-02-11,2021-02-25,-1,2021-01-27,2021-02-10,0,control,1,0.040828083,0
470374,181,2021-02-11,2021-02-25,-1,2021-01-27,2021-02-10,0,control,1,0.978622,1
472545,181,2021-02-11,2021-02-25,-1,2021-01-27,2021-02-10,0,control,0,0.01446608,0
472898,181,2021-02-11,2021-02-25,-1,2021-01-27,2021-02-10,0,control,1,0.3559448,0
474427,181,2021-02-11,2021-02-25,-1,2021-01-27,2021-02-10,0,control,0,0.11778525,0
478375,181,2021-02-11,2021-02-25,-1,2021-01-27,2021-02-10,0,control,0,0.071565896,0
478567,181,2021-02-11,2021-02-25,-1,2021-01-27,2021-02-10,0,control,0,0.05220201,0
482084,181,2021-02-11,2021-02-25,-1,2021-01-27,2021-02-10,0,control,0,0.09275056,0
484029,181,2021-02-11,2021-02-25,-1,2021-01-27,2021-02-10,0,control,0,0.48986053,0
485476,181,2021-02-11,2021-02-25,-1,2021-01-27,2021-02-10,0,control,0,0.120559566,0
488341,181,2021-02-11,2021-02-25,-1,2021-01-27,2021-02-10,0,control,0,0.5301732,1
490993,181,2021-02-11,2021-02-25,-1,2021-01-27,2021-02-10,0,control,0,0.79727477,1
491616,181,2021-02-11,2021-02-25,-1,2021-01-27,2021-02-10,0,control,0,0.90602535,1
492469,181,2021-02-11,2021-02-25,-1,2021-01-27,2021-02-10,0,control,0,0.93807226,1
494735,181,2021-02-11,2021-02-25,-1,2021-01-27,2021-02-10,0,control,1,0.84278893,1
496172,181,2021-02-11,2021-02-25,-1,2021-01-27,2021-02-10,0,control,0,0.033131953,0
502742,181,2021-02-11,2021-02-25,-1,2021-01-27,2021-02-10,0,control,0,0.775818,1
505194,181,2021-02-11,2021-02-25,-1,2021-01-27,2021-02-10,0,control,0,0.05416104,0
505386,181,2021-02-11,2021-02-25,-1,2021-01-27,2021-02-10,0,control,1,0.99424815,1
507376,181,2021-02-11,2021-02-25,-1,2021-01-27,2021-02-10,0,control,1,0.03147091,0
520175,181,2021-02-11,2021-02-25,-1,2021-01-27,2021-02-10,0,control,1,0.0410129,0
520323,181,2021-02-11,2021-02-25,-1,2021-01-27,2021-02-10,0,control,0,0.23012185,0
525111,181,2021-02-11,2021-02-25,-1,2021-01-27,2021-02-10,0,control,1,0.9965957,1
525639,181,2021-02-11,2021-02-25,-1,2021-01-27,2021-02-10,0,control,1,0.09941319,0
530628,181,2021-02-11,2021-02-25,-1,2021-01-27,2021-02-10,0,control,0,0.12313416,0
533764,181,2021-02-11,2021-02-25,-1,2021-01-27,2021-02-10,0,control,1,0.1001277,0
535820,181,2021-02-11,2021-02-25,-1,2021-01-27,2021-02-10,0,control,1,0.947463,1
536728,181,2021-02-11,2021-02-25,-1,2021-01-27,2021-02-10,0,control,1,0.9147896,1
537346,181,2021-02-11,2021-02-25,-1,2021-01-27,2021-02-10,0,control,1,0.04328393,0
538538,181,2021-02-11,2021-02-25,-1,2021-01-27,2021-02-10,0,control,0,0.40304804,0
538541,181,2021-02-11,2021-02-25,-1,2021-01-27,2021-02-10,0,control,1,0.95800996,1
538542,181,2021-02-11,2021-02-25,-1,2021-01-27,2021-02-10,0,control,1,0.3361634,0
538544,181,2021-02-11,2021-02-25,-1,2021-01-27,2021-02-10,0,control,0,0.21142964,0
539435,181,2021-02-11,2021-02-25,-1,2021-01-27,2021-02-10,0,control,1,0.082033224,0
540763,181,2021-02-11,2021-02-25,-1,2021-01-27,2021-02-10,0,control,0,0.16060515,0
541299,181,2021-02-11,2021-02-25,-1,2021-01-27,2021-02-10,0,control,0,0.8945149,1
541545,181,2021-02-11,2021-02-25,-1,2021-01-27,2021-02-10,0,control,1,0.9375231,1
543081,181,2021-02-11,2021-02-25,-1,2021-01-27,2021-02-10,0,control,0,0.08051794,0
543087,181,2021-02-11,2021-02-25,-1,2021-01-27,2021-02-10,0,control,1,0.9960705,1
544606,181,2021-02-11,2021-02-25,-1,2021-01-27,2021-02-10,0,control,1,0.8575797,1
546443,181,2021-02-11,2021-02-25,-1,2021-01-27,2021-02-10,0,control,0,0.63585603,1
552057,181,2021-02-11,2021-02-25,-1,2021-01-27,2021-02-10,0,control,0,0.004965175,0
555268,181,2021-02-11,2021-02-25,-1,2021-01-27,2021-02-10,0,control,1,0.016616693,0
557007,181,2021-02-11,2021-02-25,-1,2021-01-27,2021-02-10,0,control,0,0.043191716,0
559038,181,2021-02-11,2021-02-25,-1,2021-01-27,2021-02-10,0,control,1,0.9977264,1
559325,181,2021-02-11,2021-02-25,-1,2021-01-27,2021-02-10,0,control,0,0.26791987,0
564877,181,2021-02-11,2021-02-25,-1,2021-01-27,2021-02-10,0,control,0,0.1741543,0
566034,181,2021-02-11,2021-02-25,-1,2021-01-27,2021-02-10,0,control,0,0.10194298,0
569812,181,2021-02-11,2021-02-25,-1,2021-01-27,2021-02-10,0,control,0,0.14439768,0
569830,181,2021-02-11,2021-02-25,-1,2021-01-27,2021-02-10,0,control,0,0.196275,0
570380,181,2021-02-11,2021-02-25,-1,2021-01-27,2021-02-10,0,control,1,0.99823904,1
574856,181,2021-02-11,2021-02-25,-1,2021-01-27,2021-02-10,0,control,0,0.013291736,0
575650,181,2021-02-11,2021-02-25,-1,2021-01-27,2021-02-10,0,control,0,0.07278355,0
579440,181,2021-02-11,2021-02-25,-1,2021-01-27,2021-02-10,0,control,0,0.36123675,0
581911,181,2021-02-11,2021-02-25,-1,2021-01-27,2021-02-10,0,control,0,0.06472186,0
584559,181,2021-02-11,2021-02-25,-1,2021-01-27,2021-02-10,0,control,0,0.43927136,0
592971,181,2021-02-11,2021-02-25,-1,2021-01-27,2021-02-10,0,control,1,0.025910145,0
594039,181,2021-02-11,2021-02-25,-1,2021-01-27,2021-02-10,0,control,0,0.16972929,0
595147,181,2021-02-11,2021-02-25,-1,2021-01-27,2021-02-10,0,control,0,0.024316175,0
601335,181,2021-02-11,2021-02-25,-1,2021-01-27,2021-02-10,0,control,1,0.09433176,0
601951,181,2021-02-11,2021-02-25,-1,2021-01-27,2021-02-10,0,control,0,0.06926519,0
602953,181,2021-02-11,2021-02-25,-1,2021-01-27,2021-02-10,0,control,0,0.21121882,0
603636,181,2021-02-11,2021-02-25,-1,2021-01-27,2021-02-10,0,control,1,0.9994209,1
606151,181,2021-02-11,2021-02-25,-1,2021-01-27,2021-02-10,0,control,0,0.050025657,0
606200,181,2021-02-11,2021-02-25,-1,2021-01-27,2021-02-10,0,control,1,0.93915766,1
607369,181,2021-02-11,2021-02-25,-1,2021-01-27,2021-02-10,0,control,0,0.015768325,0
610653,181,2021-02-11,2021-02-25,-1,2021-01-27,2021-02-10,0,control,0,0.4018388,0
611571,181,2021-02-11,2021-02-25,-1,2021-01-27,2021-02-10,0,control,1,0.97814757,1
612104,181,2021-02-11,2021-02-25,-1,2021-01-27,2021-02-10,0,control,1,0.86220366,1
613177,181,2021-02-11,2021-02-25,-1,2021-01-27,2021-02-10,0,control,0,0.13823622,0
618146,181,2021-02-11,2021-02-25,-1,2021-01-27,2021-02-10,0,control,0,0.16383144,0
620447,181,2021-02-11,2021-02-25,-1,2021-01-27,2021-02-10,0,control,1,0.9907358,1
621532,181,2021-02-11,2021-02-25,-1,2021-01-27,2021-02-10,0,control,1,0.23684515,0
621735,181,2021-02-11,2021-02-25,-1,2021-01-27,2021-02-10,0,control,0,0.044621922,0
622342,181,2021-02-11,2021-02-25,-1,2021-01-27,2021-02-10,0,control,0,0.02804103,0
623899,181,2021-02-11,2021-02-25,-1,2021-01-27,2021-02-10,0,control,0,0.14741315,0
625301,181,2021-02-11,2021-02-25,-1,2021-01-27,2021-02-10,0,control,0,0.14916942,0
631242,181,2021-02-11,2021-02-25,-1,2021-01-27,2021-02-10,0,control,0,0.72478104,1
631500,181,2021-02-11,2021-02-25,-1,2021-01-27,2021-02-10,0,control,0,0.08507725,0
636147,181,2021-02-11,2021-02-25,-1,2021-01-27,2021-02-10,0,control,0,0.017461732,0
640654,181,2021-02-11,2021-02-25,-1,2021-01-27,2021-02-10,0,control,0,0.032525327,0
641524,181,2021-02-11,2021-02-25,-1,2021-01-27,2021-02-10,0,control,0,0.35728964,0
643770,181,2021-02-11,2021-02-25,-1,2021-01-27,2021-02-10,0,control,0,0.4194834,0
645868,181,2021-02-11,2021-02-25,-1,2021-01-27,2021-02-10,0,control,1,0.083758846,0
646704,181,2021-02-11,2021-02-25,-1,2021-01-27,2021-02-10,0,control,0,0.029608836,0
649461,181,2021-02-11,2021-02-25,-1,2021-01-27,2021-02-10,0,control,1,0.8315158,1
649554,181,2021-02-11,2021-02-25,-1,2021-01-27,2021-02-10,0,control,0,0.015204642,0
650061,181,2021-02-11,2021-02-25,-1,2021-01-27,2021-02-10,0,control,0,0.020773936,0
654302,181,2021-02-11,2021-02-25,-1,2021-01-27,2021-02-10,0,control,0,0.41822398,0
654829,181,2021-02-11,2021-02-25,-1,2021-01-27,2021-02-10,0,control,1,0.4878996,0
661887,181,2021-02-11,2021-02-25,-1,2021-01-27,2021-02-10,0,control,0,0.08406315,0
662489,181,2021-02-11,2021-02-25,-1,2021-01-27,2021-02-10,0,control,0,0.060350753,0
663392,181,2021-02-11,2021-02-25,-1,2021-01-27,2021-02-10,0,control,1,0.96549994,1
666326,181,2021-02-11,2021-02-25,-1,2021-01-27,2021-02-10,0,control,0,0.008563142,0
666760,181,2021-02-11,2021-02-25,-1,2021-01-27,2021-02-10,0,control,0,0.14107546,0
673798,181,2021-02-11,2021-02-25,-1,2021-01-27,2021-02-10,0,control,1,0.38211203,0
673930,181,2021-02-11,2021-02-25,-1,2021-01-27,2021-02-10,0,control,1,0.14782868,0
675569,181,2021-02-11,2021-02-25,-1,2021-01-27,2021-02-10,0,control,0,0.03795744,0
676561,181,2021-02-11,2021-02-25,-1,2021-01-27,2021-02-10,0,control,0,0.009412736,0
676695,181,2021-02-11,2021-02-25,-1,2021-01-27,2021-02-10,0,control,1,0.6975944,1
676715,181,2021-02-11,2021-02-25,-1,2021-01-27,2021-02-10,0,control,0,0.24134195,0
679937,181,2021-02-11,2021-02-25,-1,2021-01-27,2021-02-10,0,control,0,0.14780177,0
680616,181,2021-02-11,2021-02-25,-1,2021-01-27,2021-02-10,0,control,1,0.1967198,0
680665,181,2021-02-11,2021-02-25,-1,2021-01-27,2021-02-10,0,control,0,0.06874202,0
682187,181,2021-02-11,2021-02-25,-1,2021-01-27,2021-02-10,0,control,0,0.17549685,0
682679,181,2021-02-11,2021-02-25,-1,2021-01-27,2021-02-10,0,control,1,0.4303191,0
683290,181,2021-02-11,2021-02-25,-1,2021-01-27,2021-02-10,0,control,0,0.2955198,0
686127,181,2021-02-11,2021-02-25,-1,2021-01-27,2021-02-10,0,control,0,0.23368543,0
686258,181,2021-02-11,2021-02-25,-1,2021-01-27,2021-02-10,0,control,0,0.7403553,1
686841,181,2021-02-11,2021-02-25,-1,2021-01-27,2021-02-10,0,control,1,0.97561544,1
690090,181,2021-02-11,2021-02-25,-1,2021-01-27,2021-02-10,0,control,0,0.10981516,0
690558,181,2021-02-11,2021-02-25,-1,2021-01-27,2021-02-10,0,control,0,0.30816105,0
699471,181,2021-02-11,2021-02-25,-1,2021-01-27,2021-02-10,0,control,0,0.0270534,0
700574,181,2021-02-11,2021-02-25,-1,2021-01-27,2021-02-10,0,control,1,0.78211236,1
702774,181,2021-02-11,2021-02-25,-1,2021-01-27,2021-02-10,0,control,1,0.035527833,0
702825,181,2021-02-11,2021-02-25,-1,2021-01-27,2021-02-10,0,control,1,0.8760996,1
703786,181,2021-02-11,2021-02-25,-1,2021-01-27,2021-02-10,0,control,0,0.041195538,0
705850,181,2021-02-11,2021-02-25,-1,2021-01-27,2021-02-10,0,control,1,0.9678702,1
707507,181,2021-02-11,2021-02-25,-1,2021-01-27,2021-02-10,0,control,1,0.053303715,0
709092,181,2021-02-11,2021-02-25,-1,2021-01-27,2021-02-10,0,control,0,0.5501184,1
715127,181,2021-02-11,2021-02-25,-1,2021-01-27,2021-02-10,0,control,0,0.025281262,0
717198,181,2021-02-11,2021-02-25,-1,2021-01-27,2021-02-10,0,control,0,0.04287959,0
718036,181,2021-02-11,2021-02-25,-1,2021-01-27,2021-02-10,0,control,0,0.0043253,0
719598,181,2021-02-11,2021-02-25,-1,2021-01-27,2021-02-10,0,control,0,0.37771285,0
721748,181,2021-02-11,2021-02-25,-1,2021-01-27,2021-02-10,0,control,0,0.19688869,0
722316,181,2021-02-11,2021-02-25,-1,2021-01-27,2021-02-10,0,control,0,0.049976464,0
727028,181,2021-02-11,2021-02-25,-1,2021-01-27,2021-02-10,0,control,1,0.9767503,1
728867,181,2021-02-11,2021-02-25,-1,2021-01-27,2021-02-10,0,control,0,0.70500773,1
731798,181,2021-02-11,2021-02-25,-1,2021-01-27,2021-02-10,0,control,1,0.81486183,1
734134,181,2021-02-11,2021-02-25,-1,2021-01-27,2021-02-10,0,control,0,0.19968873,0
738070,181,2021-02-11,2021-02-25,-1,2021-01-27,2021-02-10,0,control,0,0.0046978523,0
738454,181,2021-02-11,2021-02-25,-1,2021-01-27,2021-02-10,0,control,1,0.9477801,1
739975,181,2021-02-11,2021-02-25,-1,2021-01-27,2021-02-10,0,control,0,0.0419849,0
740060,181,2021-02-11,2021-02-25,-1,2021-01-27,2021-02-10,0,control,0,0.51744825,1
744709,181,2021-02-11,2021-02-25,-1,2021-01-27,2021-02-10,0,control,1,0.3533907,0
747454,181,2021-02-11,2021-02-25,-1,2021-01-27,2021-02-10,0,control,1,0.8565968,1
751934,181,2021-02-11,2021-02-25,-1,2021-01-27,2021-02-10,0,control,0,0.11093785,0
752216,181,2021-02-11,2021-02-25,-1,2021-01-27,2021-02-10,0,control,1,0.57998055,1
752640,181,2021-02-11,2021-02-25,-1,2021-01-27,2021-02-10,0,control,0,0.0450653,0
756085,181,2021-02-11,2021-02-25,-1,2021-01-27,2021-02-10,0,control,0,0.12851995,0
758669,181,2021-02-11,2021-02-25,-1,2021-01-27,2021-02-10,0,control,0,0.067296945,0
762676,181,2021-02-11,2021-02-25,-1,2021-01-27,2021-02-10,0,control,0,0.9678844,1
764023,181,2021-02-11,2021-02-25,-1,2021-01-27,2021-02-10,0,control,0,0.022384036,0
764962,181,2021-02-11,2021-02-25,-1,2021-01-27,2021-02-10,0,control,0,0.9885845,1
769521,181,2021-02-11,2021-02-25,-1,2021-01-27,2021-02-10,0,control,1,0.48263913,0
770295,181,2021-02-11,2021-02-25,-1,2021-01-27,2021-02-10,0,control,1,0.32873452,0
777063,181,2021-02-11,2021-02-25,-1,2021-01-27,2021-02-10,0,control,0,0.92094153,1
778802,181,2021-02-11,2021-02-25,-1,2021-01-27,2021-02-10,0,control,1,0.50938934,1
780709,181,2021-02-11,2021-02-25,-1,2021-01-27,2021-02-10,0,control,1,0.1637507,0
781420,181,2021-02-11,2021-02-25,-1,2021-01-27,2021-02-10,0,control,1,0.24323373,0
781904,181,2021-02-11,2021-02-25,-1,2021-01-27,2021-02-10,0,control,0,0.37453327,0
784035,181,2021-02-11,2021-02-25,-1,2021-01-27,2021-02-10,0,control,1,0.9690907,1
787307,181,2021-02-11,2021-02-25,-1,2021-01-27,2021-02-10,0,control,0,0.057347644,0
787924,181,2021-02-11,2021-02-25,-1,2021-01-27,2021-02-10,0,control,0,0.1944312,0
788266,181,2021-02-11,2021-02-25,-1,2021-01-27,2021-02-10,0,control,1,0.9888543,1
789451,181,2021-02-11,2021-02-25,-1,2021-01-27,2021-02-10,0,control,0,0.21002099,0
791475,181,2021-02-11,2021-02-25,-1,2021-01-27,2021-02-10,0,control,0,0.08803755,0
791757,181,2021-02-11,2021-02-25,-1,2021-01-27,2021-02-10,0,control,0,0.2436317,0
791841,181,2021-02-11,2021-02-25,-1,2021-01-27,2021-02-10,0,control,1,0.705952,1
796350,181,2021-02-11,2021-02-25,-1,2021-01-27,2021-02-10,0,control,0,0.10148107,0
797203,181,2021-02-11,2021-02-25,-1,2021-01-27,2021-02-10,0,control,0,0.011877719,0
798698,181,2021-02-11,2021-02-25,-1,2021-01-27,2021-02-10,0,control,1,0.98099923,1
801088,181,2021-02-11,2021-02-25,-1,2021-01-27,2021-02-10,0,control,1,0.40677482,0
801822,181,2021-02-11,2021-02-25,-1,2021-01-27,2021-02-10,0,control,1,0.05597454,0
803223,181,2021-02-11,2021-02-25,-1,2021-01-27,2021-02-10,0,control,1,0.4572566,0
803754,181,2021-02-11,2021-02-25,-1,2021-01-27,2021-02-10,0,control,1,0.6783032,1
804390,181,2021-02-11,2021-02-25,-1,2021-01-27,2021-02-10,0,control,1,0.8172553,1
805016,181,2021-02-11,2021-02-25,-1,2021-01-27,2021-02-10,0,control,0,0.38365754,0
805569,181,2021-02-11,2021-02-25,-1,2021-01-27,2021-02-10,0,control,1,0.47297502,0
806513,181,2021-02-11,2021-02-25,-1,2021-01-27,2021-02-10,0,control,0,0.05905735,0
838,181,2021-02-11,2021-02-25,0,2021-02-11,2021-02-25,0,control,1,0.8017823,1
3974,181,2021-02-11,2021-02-25,0,2021-02-11,2021-02-25,0,control,1,0.72117937,1
6547,181,2021-02-11,2021-02-25,0,2021-02-11,2021-02-25,0,control,0,0.19219062,0
7542,181,2021-02-11,2021-02-25,0,2021-02-11,2021-02-25,0,control,0,0.9615202,1
7974,181,2021-02-11,2021-02-25,0,2021-02-11,2021-02-25,0,control,0,0.302136,0
8595,181,2021-02-11,2021-02-25,0,2021-02-11,2021-02-25,0,control,0,0.21367724,0
10320,181,2021-02-11,2021-02-25,0,2021-02-11,2021-02-25,0,control,0,0.4241331,0
10590,181,2021-02-11,2021-02-25,0,2021-02-11,2021-02-25,0,control,0,0.38121885,0
11595,181,2021-02-11,2021-02-25,0,2021-02-11,2021-02-25,0,control,0,0.9492219,1
12152,181,2021-02-11,2021-02-25,0,2021-02-11,2021-02-25,0,control,0,0.7664195,1
13587,181,2021-02-11,2021-02-25,0,2021-02-11,2021-02-25,0,control,0,0.022497134,0
14317,181,2021-02-11,2021-02-25,0,2021-02-11,2021-02-25,0,control,0,0.56634367,1
14730,181,2021-02-11,2021-02-25,0,2021-02-11,2021-02-25,0,control,0,0.11758518,0
16213,181,2021-02-11,2021-02-25,0,2021-02-11,2021-02-25,0,control,1,0.9966552,1
16219,181,2021-02-11,2021-02-25,0,2021-02-11,2021-02-25,0,control,1,0.1474633,0
17489,181,2021-02-11,2021-02-25,0,2021-02-11,2021-02-25,0,control,0,0.85458326,1
17494,181,2021-02-11,2021-02-25,0,2021-02-11,2021-02-25,0,control,0,0.0030211434,0
19215,181,2021-02-11,2021-02-25,0,2021-02-11,2021-02-25,0,control,0,0.53001004,1
20016,181,2021-02-11,2021-02-25,0,2021-02-11,2021-02-25,0,control,1,0.3671375,0
27330,181,2021-02-11,2021-02-25,0,2021-02-11,2021-02-25,0,control,0,0.0035388125,0
28091,181,2021-02-11,2021-02-25,0,2021-02-11,2021-02-25,0,control,0,0.2295939,0
28732,181,2021-02-11,2021-02-25,0,2021-02-11,2021-02-25,0,control,1,0.99956757,1
29089,181,2021-02-11,2021-02-25,0,2021-02-11,2021-02-25,0,control,0,0.16041552,0
29361,181,2021-02-11,2021-02-25,0,2021-02-11,2021-02-25,0,control,0,0.09752155,0
32547,181,2021-02-11,2021-02-25,0,2021-02-11,2021-02-25,0,control,0,0.015399379,0
36956,181,2021-02-11,2021-02-25,0,2021-02-11,2021-02-25,0,control,0,0.7310073,1
44995,181,2021-02-11,2021-02-25,0,2021-02-11,2021-02-25,0,control,0,0.24631743,0
45697,181,2021-02-11,2021-02-25,0,2021-02-11,2021-02-25,0,control,0,0.04305514,0
46662,181,2021-02-11,2021-02-25,0,2021-02-11,2021-02-25,0,control,0,0.0006891897,0
48853,181,2021-02-11,2021-02-25,0,2021-02-11,2021-02-25,0,control,0,0.10524677,0
50800,181,2021-02-11,2021-02-25,0,2021-02-11,2021-02-25,0,control,0,0.15593009,0
51224,181,2021-02-11,2021-02-25,0,2021-02-11,2021-02-25,0,control,0,0.104614004,0
54897,181,2021-02-11,2021-02-25,0,2021-02-11,2021-02-25,0,control,0,0.0784167,0
61501,181,2021-02-11,2021-02-25,0,2021-02-11,2021-02-25,0,control,1,0.55137897,1
65859,181,2021-02-11,2021-02-25,0,2021-02-11,2021-02-25,0,control,0,0.37996572,0
74313,181,2021-02-11,2021-02-25,0,2021-02-11,2021-02-25,0,control,0,0.5803285,1
75140,181,2021-02-11,2021-02-25,0,2021-02-11,2021-02-25,0,control,1,0.561815,1
76387,181,2021-02-11,2021-02-25,0,2021-02-11,2021-02-25,0,control,0,0.10360546,0
78195,181,2021-02-11,2021-02-25,0,2021-02-11,2021-02-25,0,control,1,0.99332315,1
78682,181,2021-02-11,2021-02-25,0,2021-02-11,2021-02-25,0,control,1,0.94088733,1
82320,181,2021-02-11,2021-02-25,0,2021-02-11,2021-02-25,0,control,1,0.005811366,0
82970,181,2021-02-11,2021-02-25,0,2021-02-11,2021-02-25,0,control,0,0.9272884,1
88755,181,2021-02-11,2021-02-25,0,2021-02-11,2021-02-25,0,control,0,0.1503262,0
88781,181,2021-02-11,2021-02-25,0,2021-02-11,2021-02-25,0,control,0,0.8605547,1
89439,181,2021-02-11,2021-02-25,0,2021-02-11,2021-02-25,0,control,1,0.993895,1
90047,181,2021-02-11,2021-02-25,0,2021-02-11,2021-02-25,0,control,0,0.7644747,1
90049,181,2021-02-11,2021-02-25,0,2021-02-11,2021-02-25,0,control,1,0.27148694,0
90256,181,2021-02-11,2021-02-25,0,2021-02-11,2021-02-25,0,control,0,0.3469461,0
90685,181,2021-02-11,2021-02-25,0,2021-02-11,2021-02-25,0,control,0,0.04257229,0
91730,181,2021-02-11,2021-02-25,0,2021-02-11,2021-02-25,0,control,1,0.8882371,1
97122,181,2021-02-11,2021-02-25,0,2021-02-11,2021-02-25,0,control,1,0.79493487,1
100147,181,2021-02-11,2021-02-25,0,2021-02-11,2021-02-25,0,control,1,0.109231114,0
101550,181,2021-02-11,2021-02-25,0,2021-02-11,2021-02-25,0,control,0,0.3013988,0
102907,181,2021-02-11,2021-02-25,0,2021-02-11,2021-02-25,0,control,1,0.1626981,0
105738,181,2021-02-11,2021-02-25,0,2021-02-11,2021-02-25,0,control,0,0.47281265,0
106499,181,2021-02-11,2021-02-25,0,2021-02-11,2021-02-25,0,control,0,0.9277686,1
107885,181,2021-02-11,2021-02-25,0,2021-02-11,2021-02-25,0,control,0,0.07586445,0
110758,181,2021-02-11,2021-02-25,0,2021-02-11,2021-02-25,0,control,1,0.90832967,1
110980,181,2021-02-11,2021-02-25,0,2021-02-11,2021-02-25,0,control,1,0.9910432,1
117239,181,2021-02-11,2021-02-25,0,2021-02-11,2021-02-25,0,control,1,0.13190469,0
123343,181,2021-02-11,2021-02-25,0,2021-02-11,2021-02-25,0,control,1,0.16619813,0
125257,181,2021-02-11,2021-02-25,0,2021-02-11,2021-02-25,0,control,0,0.17885163,0
136678,181,2021-02-11,2021-02-25,0,2021-02-11,2021-02-25,0,control,0,0.14698826,0
140392,181,2021-02-11,2021-02-25,0,2021-02-11,2021-02-25,0,control,0,0.5799956,1
140771,181,2021-02-11,2021-02-25,0,2021-02-11,2021-02-25,0,control,0,0.02960768,0
141059,181,2021-02-11,2021-02-25,0,2021-02-11,2021-02-25,0,control,1,0.85674524,1
141720,181,2021-02-11,2021-02-25,0,2021-02-11,2021-02-25,0,control,1,0.14432792,0
142114,181,2021-02-11,2021-02-25,0,2021-02-11,2021-02-25,0,control,0,0.001682953,0
142954,181,2021-02-11,2021-02-25,0,2021-02-11,2021-02-25,0,control,0,0.007693273,0
147315,181,2021-02-11,2021-02-25,0,2021-02-11,2021-02-25,0,control,0,0.10473552,0
147383,181,2021-02-11,2021-02-25,0,2021-02-11,2021-02-25,0,control,1,0.18811813,0
150407,181,2021-02-11,2021-02-25,0,2021-02-11,2021-02-25,0,control,1,0.25894213,0
156593,181,2021-02-11,2021-02-25,0,2021-02-11,2021-02-25,0,control,0,0.0035323664,0
159020,181,2021-02-11,2021-02-25,0,2021-02-11,2021-02-25,0,control,1,0.21153817,0
159687,181,2021-02-11,2021-02-25,0,2021-02-11,2021-02-25,0,control,1,0.016757952,0
162974,181,2021-02-11,2021-02-25,0,2021-02-11,2021-02-25,0,control,1,0.89761555,1
164547,181,2021-02-11,2021-02-25,0,2021-02-11,2021-02-25,0,control,0,0.0020680025,0
166288,181,2021-02-11,2021-02-25,0,2021-02-11,2021-02-25,0,control,1,0.85050845,1
169333,181,2021-02-11,2021-02-25,0,2021-02-11,2021-02-25,0,control,0,0.8933245,1
173235,181,2021-02-11,2021-02-25,0,2021-02-11,2021-02-25,0,control,1,0.07421376,0
181788,181,2021-02-11,2021-02-25,0,2021-02-11,2021-02-25,0,control,0,0.047331147,0
183042,181,2021-02-11,2021-02-25,0,2021-02-11,2021-02-25,0,control,1,0.79520124,1
184236,181,2021-02-11,2021-02-25,0,2021-02-11,2021-02-25,0,control,1,0.98317343,1
184688,181,2021-02-11,2021-02-25,0,2021-02-11,2021-02-25,0,control,0,0.017002117,0
187192,181,2021-02-11,2021-02-25,0,2021-02-11,2021-02-25,0,control,0,0.96423286,1
189699,181,2021-02-11,2021-02-25,0,2021-02-11,2021-02-25,0,control,0,0.17653051,0
190437,181,2021-02-11,2021-02-25,0,2021-02-11,2021-02-25,0,control,1,0.16318505,0
190494,181,2021-02-11,2021-02-25,0,2021-02-11,2021-02-25,0,control,0,0.005883743,0
193824,181,2021-02-11,2021-02-25,0,2021-02-11,2021-02-25,0,control,0,0.01550033,0
194335,181,2021-02-11,2021-02-25,0,2021-02-11,2021-02-25,0,control,0,0.8084117,1
198183,181,2021-02-11,2021-02-25,0,2021-02-11,2021-02-25,0,control,1,0.08017831,0
200757,181,2021-02-11,2021-02-25,0,2021-02-11,2021-02-25,0,control,0,0.28957707,0
201185,181,2021-02-11,2021-02-25,0,2021-02-11,2021-02-25,0,control,0,0.0054448005,0
202120,181,2021-02-11,2021-02-25,0,2021-02-11,2021-02-25,0,control,0,0.1545211,0
203696,181,2021-02-11,2021-02-25,0,2021-02-11,2021-02-25,0,control,0,0.22361307,0
203984,181,2021-02-11,2021-02-25,0,2021-02-11,2021-02-25,0,control,0,0.40820885,0
208060,181,2021-02-11,2021-02-25,0,2021-02-11,2021-02-25,0,control,0,0.7200592,1
209102,181,2021-02-11,2021-02-25,0,2021-02-11,2021-02-25,0,control,0,0.41179362,0
210723,181,2021-02-11,2021-02-25,0,2021-02-11,2021-02-25,0,control,0,0.042365313,0
213171,181,2021-02-11,2021-02-25,0,2021-02-11,2021-02-25,0,control,0,0.9630837,1
213173,181,2021-02-11,2021-02-25,0,2021-02-11,2021-02-25,0,control,0,0.357025,0
216957,181,2021-02-11,2021-02-25,0,2021-02-11,2021-02-25,0,control,0,0.003851772,0
222847,181,2021-02-11,2021-02-25,0,2021-02-11,2021-02-25,0,control,0,0.26863852,0
228283,181,2021-02-11,2021-02-25,0,2021-02-11,2021-02-25,0,control,1,0.99804187,1
234089,181,2021-02-11,2021-02-25,0,2021-02-11,2021-02-25,0,control,0,0.011817023,0
234523,181,2021-02-11,2021-02-25,0,2021-02-11,2021-02-25,0,control,0,0.22274356,0
235756,181,2021-02-11,2021-02-25,0,2021-02-11,2021-02-25,0,control,0,0.001721437,0
240235,181,2021-02-11,2021-02-25,0,2021-02-11,2021-02-25,0,control,0,0.13231729,0
242788,181,2021-02-11,2021-02-25,0,2021-02-11,2021-02-25,0,control,0,0.2731981,0
243676,181,2021-02-11,2021-02-25,0,2021-02-11,2021-02-25,0,control,0,0.8850685,1
246215,181,2021-02-11,2021-02-25,0,2021-02-11,2021-02-25,0,control,0,0.33596686,0
246348,181,2021-02-11,2021-02-25,0,2021-02-11,2021-02-25,0,control,0,0.41923034,0
248086,181,2021-02-11,2021-02-25,0,2021-02-11,2021-02-25,0,control,1,0.47999886,0
248409,181,2021-02-11,2021-02-25,0,2021-02-11,2021-02-25,0,control,1,0.99786466,1
253777,181,2021-02-11,2021-02-25,0,2021-02-11,2021-02-25,0,control,0,0.08007553,0
253993,181,2021-02-11,2021-02-25,0,2021-02-11,2021-02-25,0,control,0,0.5146716,1
255968,181,2021-02-11,2021-02-25,0,2021-02-11,2021-02-25,0,control,0,0.009388084,0
256602,181,2021-02-11,2021-02-25,0,2021-02-11,2021-02-25,0,control,0,0.22675389,0
257861,181,2021-02-11,2021-02-25,0,2021-02-11,2021-02-25,0,control,0,0.1233352,0
261514,181,2021-02-11,2021-02-25,0,2021-02-11,2021-02-25,0,control,0,0.4406873,0
261543,181,2021-02-11,2021-02-25,0,2021-02-11,2021-02-25,0,control,0,0.16259661,0
265370,181,2021-02-11,2021-02-25,0,2021-02-11,2021-02-25,0,control,0,0.009276309,0
272093,181,2021-02-11,2021-02-25,0,2021-02-11,2021-02-25,0,control,0,0.011716651,0
272130,181,2021-02-11,2021-02-25,0,2021-02-11,2021-02-25,0,control,1,0.80090237,1
274965,181,2021-02-11,2021-02-25,0,2021-02-11,2021-02-25,0,control,0,0.009523187,0
277504,181,2021-02-11,2021-02-25,0,2021-02-11,2021-02-25,0,control,0,0.012085659,0
277576,181,2021-02-11,2021-02-25,0,2021-02-11,2021-02-25,0,control,0,0.3232345,0
279299,181,2021-02-11,2021-02-25,0,2021-02-11,2021-02-25,0,control,0,0.15169322,0
279350,181,2021-02-11,2021-02-25,0,2021-02-11,2021-02-25,0,control,0,0.9036089,1
282476,181,2021-02-11,2021-02-25,0,2021-02-11,2021-02-25,0,control,1,0.11766302,0
283923,181,2021-02-11,2021-02-25,0,2021-02-11,2021-02-25,0,control,0,0.0041950424,0
284956,181,2021-02-11,2021-02-25,0,2021-02-11,2021-02-25,0,control,1,0.7488632,1
286014,181,2021-02-11,2021-02-25,0,2021-02-11,2021-02-25,0,control,0,0.05716915,0
286164,181,2021-02-11,2021-02-25,0,2021-02-11,2021-02-25,0,control,1,0.7860521,1
289500,181,2021-02-11,2021-02-25,0,2021-02-11,2021-02-25,0,control,0,0.94930243,1
289514,181,2021-02-11,2021-02-25,0,2021-02-11,2021-02-25,0,control,1,0.8062868,1
292316,181,2021-02-11,2021-02-25,0,2021-02-11,2021-02-25,0,control,1,0.08530148,0
293645,181,2021-02-11,2021-02-25,0,2021-02-11,2021-02-25,0,control,0,0.783128,1
293665,181,2021-02-11,2021-02-25,0,2021-02-11,2021-02-25,0,control,0,0.018164624,0
293667,181,2021-02-11,2021-02-25,0,2021-02-11,2021-02-25,0,control,0,0.5032321,1
295855,181,2021-02-11,2021-02-25,0,2021-02-11,2021-02-25,0,control,0,0.18688887,0
295886,181,2021-02-11,2021-02-25,0,2021-02-11,2021-02-25,0,control,0,0.49754974,0
296564,181,2021-02-11,2021-02-25,0,2021-02-11,2021-02-25,0,control,0,0.23200424,0
302084,181,2021-02-11,2021-02-25,0,2021-02-11,2021-02-25,0,control,0,0.63102305,1
302153,181,2021-02-11,2021-02-25,0,2021-02-11,2021-02-25,0,control,1,0.11456768,0
302419,181,2021-02-11,2021-02-25,0,2021-02-11,2021-02-25,0,control,0,0.23598118,0
304391,181,2021-02-11,2021-02-25,0,2021-02-11,2021-02-25,0,control,0,0.15766588,0
306989,181,2021-02-11,2021-02-25,0,2021-02-11,2021-02-25,0,control,0,0.9958651,1
313836,181,2021-02-11,2021-02-25,0,2021-02-11,2021-02-25,0,control,1,0.023399249,0
315070,181,2021-02-11,2021-02-25,0,2021-02-11,2021-02-25,0,control,0,0.08309142,0
315623,181,2021-02-11,2021-02-25,0,2021-02-11,2021-02-25,0,control,1,0.99422616,1
317401,181,2021-02-11,2021-02-25,0,2021-02-11,2021-02-25,0,control,0,0.352391,0
317668,181,2021-02-11,2021-02-25,0,2021-02-11,2021-02-25,0,control,0,0.13839619,0
322946,181,2021-02-11,2021-02-25,0,2021-02-11,2021-02-25,0,control,1,0.9707873,1
324884,181,2021-02-11,2021-02-25,0,2021-02-11,2021-02-25,0,control,1,0.0090496605,0
342540,181,2021-02-11,2021-02-25,0,2021-02-11,2021-02-25,0,control,0,0.4248821,0
342954,181,2021-02-11,2021-02-25,0,2021-02-11,2021-02-25,0,control,0,0.46691483,0
344513,181,2021-02-11,2021-02-25,0,2021-02-11,2021-02-25,0,control,0,0.017517582,0
344937,181,2021-02-11,2021-02-25,0,2021-02-11,2021-02-25,0,control,1,0.66930306,1
346365,181,2021-02-11,2021-02-25,0,2021-02-11,2021-02-25,0,control,0,0.11482622,0
346747,181,2021-02-11,2021-02-25,0,2021-02-11,2021-02-25,0,control,0,0.9061259,1
348900,181,2021-02-11,2021-02-25,0,2021-02-11,2021-02-25,0,control,0,0.023995973,0
349533,181,2021-02-11,2021-02-25,0,2021-02-11,2021-02-25,0,control,0,0.022791823,0
349570,181,2021-02-11,2021-02-25,0,2021-02-11,2021-02-25,0,control,0,0.14915615,0
354591,181,2021-02-11,2021-02-25,0,2021-02-11,2021-02-25,0,control,0,0.03201384,0
354596,181,2021-02-11,2021-02-25,0,2021-02-11,2021-02-25,0,control,0,0.023166977,0
355253,181,2021-02-11,2021-02-25,0,2021-02-11,2021-02-25,0,control,1,0.18498515,0
356351,181,2021-02-11,2021-02-25,0,2021-02-11,2021-02-25,0,control,1,0.9967326,1
356396,181,2021-02-11,2021-02-25,0,2021-02-11,2021-02-25,0,control,1,0.6513907,1
359674,181,2021-02-11,2021-02-25,0,2021-02-11,2021-02-25,0,control,1,0.09158553,0
359729,181,2021-02-11,2021-02-25,0,2021-02-11,2021-02-25,0,control,1,0.95792687,1
359747,181,2021-02-11,2021-02-25,0,2021-02-11,2021-02-25,0,control,1,0.12563999,0
361843,181,2021-02-11,2021-02-25,0,2021-02-11,2021-02-25,0,control,0,0.10389022,0
364683,181,2021-02-11,2021-02-25,0,2021-02-11,2021-02-25,0,control,0,0.10370615,0
367070,181,2021-02-11,2021-02-25,0,2021-02-11,2021-02-25,0,control,0,0.0016637841,0
367668,181,2021-02-11,2021-02-25,0,2021-02-11,2021-02-25,0,control,1,0.4629207,0
370636,181,2021-02-11,2021-02-25,0,2021-02-11,2021-02-25,0,control,1,0.71696794,1
373500,181,2021-02-11,2021-02-25,0,2021-02-11,2021-02-25,0,control,0,0.1448879,0
374125,181,2021-02-11,2021-02-25,0,2021-02-11,2021-02-25,0,control,0,0.017431816,0
378773,181,2021-02-11,2021-02-25,0,2021-02-11,2021-02-25,0,control,0,0.0043438207,0
379490,181,2021-02-11,2021-02-25,0,2021-02-11,2021-02-25,0,control,0,0.16585523,0
379590,181,2021-02-11,2021-02-25,0,2021-02-11,2021-02-25,0,control,0,0.084415734,0
380331,181,2021-02-11,2021-02-25,0,2021-02-11,2021-02-25,0,control,0,0.6696745,1
381588,181,2021-02-11,2021-02-25,0,2021-02-11,2021-02-25,0,control,0,0.34253892,0
382200,181,2021-02-11,2021-02-25,0,2021-02-11,2021-02-25,0,control,0,0.1314743,0
383932,181,2021-02-11,2021-02-25,0,2021-02-11,2021-02-25,0,control,0,0.32792756,0
385927,181,2021-02-11,2021-02-25,0,2021-02-11,2021-02-25,0,control,0,0.9594471,1
386709,181,2021-02-11,2021-02-25,0,2021-02-11,2021-02-25,0,control,0,0.05881499,0
390241,181,2021-02-11,2021-02-25,0,2021-02-11,2021-02-25,0,control,1,0.9958514,1
390371,181,2021-02-11,2021-02-25,0,2021-02-11,2021-02-25,0,control,0,0.37150386,0
391041,181,2021-02-11,2021-02-25,0,2021-02-11,2021-02-25,0,control,0,0.26156694,0
392211,181,2021-02-11,2021-02-25,0,2021-02-11,2021-02-25,0,control,1,0.99768126,1
392806,181,2021-02-11,2021-02-25,0,2021-02-11,2021-02-25,0,control,0,0.024035381,0
394542,181,2021-02-11,2021-02-25,0,2021-02-11,2021-02-25,0,control,1,0.9346241,1
405444,181,2021-02-11,2021-02-25,0,2021-02-11,2021-02-25,0,control,0,0.00032799772,0
407251,181,2021-02-11,2021-02-25,0,2021-02-11,2021-02-25,0,control,1,0.10683474,0
408424,181,2021-02-11,2021-02-25,0,2021-02-11,2021-02-25,0,control,0,0.0862217,0
408652,181,2021-02-11,2021-02-25,0,2021-02-11,2021-02-25,0,control,0,0.118931316,0
413506,181,2021-02-11,2021-02-25,0,2021-02-11,2021-02-25,0,control,0,0.26784053,0
417890,181,2021-02-11,2021-02-25,0,2021-02-11,2021-02-25,0,control,0,0.30317584,0
418026,181,2021-02-11,2021-02-25,0,2021-02-11,2021-02-25,0,control,0,0.6866843,1
418417,181,2021-02-11,2021-02-25,0,2021-02-11,2021-02-25,0,control,0,0.08518131,0
420370,181,2021-02-11,2021-02-25,0,2021-02-11,2021-02-25,0,control,0,0.0021174739,0
423203,181,2021-02-11,2021-02-25,0,2021-02-11,2021-02-25,0,control,1,0.86224836,1
424713,181,2021-02-11,2021-02-25,0,2021-02-11,2021-02-25,0,control,0,0.13667598,0
424923,181,2021-02-11,2021-02-25,0,2021-02-11,2021-02-25,0,control,0,0.1337236,0
429648,181,2021-02-11,2021-02-25,0,2021-02-11,2021-02-25,0,control,1,0.048062418,0
429975,181,2021-02-11,2021-02-25,0,2021-02-11,2021-02-25,0,control,0,0.06321046,0
430322,181,2021-02-11,2021-02-25,0,2021-02-11,2021-02-25,0,control,1,0.7562766,1
434305,181,2021-02-11,2021-02-25,0,2021-02-11,2021-02-25,0,control,0,0.18680836,0
436279,181,2021-02-11,2021-02-25,0,2021-02-11,2021-02-25,0,control,0,0.005860903,0
437067,181,2021-02-11,2021-02-25,0,2021-02-11,2021-02-25,0,control,0,0.06345472,0
438631,181,2021-02-11,2021-02-25,0,2021-02-11,2021-02-25,0,control,0,0.2140702,0
438696,181,2021-02-11,2021-02-25,0,2021-02-11,2021-02-25,0,control,0,0.33701977,0
439403,181,2021-02-11,2021-02-25,0,2021-02-11,2021-02-25,0,control,0,0.07956617,0
441619,181,2021-02-11,2021-02-25,0,2021-02-11,2021-02-25,0,control,1,0.72421855,1
446715,181,2021-02-11,2021-02-25,0,2021-02-11,2021-02-25,0,control,0,0.20035683,0
446720,181,2021-02-11,2021-02-25,0,2021-02-11,2021-02-25,0,control,0,0.915825,1
447932,181,2021-02-11,2021-02-25,0,2021-02-11,2021-02-25,0,control,0,0.11326707,0
449072,181,2021-02-11,2021-02-25,0,2021-02-11,2021-02-25,0,control,0,0.78034884,1
450546,181,2021-02-11,2021-02-25,0,2021-02-11,2021-02-25,0,control,0,0.05060554,0
450841,181,2021-02-11,2021-02-25,0,2021-02-11,2021-02-25,0,control,1,0.98774195,1
452356,181,2021-02-11,2021-02-25,0,2021-02-11,2021-02-25,0,control,1,0.25434253,0
460418,181,2021-02-11,2021-02-25,0,2021-02-11,2021-02-25,0,control,0,0.47086057,0
460590,181,2021-02-11,2021-02-25,0,2021-02-11,2021-02-25,0,control,0,0.12509245,0
462496,181,2021-02-11,2021-02-25,0,2021-02-11,2021-02-25,0,control,0,0.37984562,0
463105,181,2021-02-11,2021-02-25,0,2021-02-11,2021-02-25,0,control,0,0.15123694,0
465354,181,2021-02-11,2021-02-25,0,2021-02-11,2021-02-25,0,control,0,0.70744216,1
469974,181,2021-02-11,2021-02-25,0,2021-02-11,2021-02-25,0,control,0,0.04001205,0
470374,181,2021-02-11,2021-02-25,0,2021-02-11,2021-02-25,0,control,1,0.9766847,1
472545,181,2021-02-11,2021-02-25,0,2021-02-11,2021-02-25,0,control,0,0.0122007625,0
472898,181,2021-02-11,2021-02-25,0,2021-02-11,2021-02-25,0,control,1,0.33312654,0
474427,181,2021-02-11,2021-02-25,0,2021-02-11,2021-02-25,0,control,0,0.115331374,0
478375,181,2021-02-11,2021-02-25,0,2021-02-11,2021-02-25,0,control,0,0.046857595,0
478567,181,2021-02-11,2021-02-25,0,2021-02-11,2021-02-25,0,control,0,0.004372447,0
482084,181,2021-02-11,2021-02-25,0,2021-02-11,2021-02-25,0,control,0,0.06057647,0
484029,181,2021-02-11,2021-02-25,0,2021-02-11,2021-02-25,0,control,0,0.2823892,0
485476,181,2021-02-11,2021-02-25,0,2021-02-11,2021-02-25,0,control,1,0.050777957,0
488341,181,2021-02-11,2021-02-25,0,2021-02-11,2021-02-25,0,control,0,0.40379024,0
490993,181,2021-02-11,2021-02-25,0,2021-02-11,2021-02-25,0,control,0,0.83051485,1
491616,181,2021-02-11,2021-02-25,0,2021-02-11,2021-02-25,0,control,1,0.5193097,1
492469,181,2021-02-11,2021-02-25,0,2021-02-11,2021-02-25,0,control,0,0.53850037,1
494735,181,2021-02-11,2021-02-25,0,2021-02-11,2021-02-25,0,control,0,0.6873565,1
496172,181,2021-02-11,2021-02-25,0,2021-02-11,2021-02-25,0,control,0,0.05619846,0
502742,181,2021-02-11,2021-02-25,0,2021-02-11,2021-02-25,0,control,1,0.83763736,1
505194,181,2021-02-11,2021-02-25,0,2021-02-11,2021-02-25,0,control,0,0.0077905296,0
505386,181,2021-02-11,2021-02-25,0,2021-02-11,2021-02-25,0,control,1,0.69460565,1
507376,181,2021-02-11,2021-02-25,0,2021-02-11,2021-02-25,0,control,1,0.22142746,0
520175,181,2021-02-11,2021-02-25,0,2021-02-11,2021-02-25,0,control,1,0.8220881,1
520323,181,2021-02-11,2021-02-25,0,2021-02-11,2021-02-25,0,control,1,0.3933206,0
525111,181,2021-02-11,2021-02-25,0,2021-02-11,2021-02-25,0,control,1,0.83983696,1
525639,181,2021-02-11,2021-02-25,0,2021-02-11,2021-02-25,0,control,1,0.053590138,0
530628,181,2021-02-11,2021-02-25,0,2021-02-11,2021-02-25,0,control,0,0.0295411,0
533764,181,2021-02-11,2021-02-25,0,2021-02-11,2021-02-25,0,control,1,0.14771807,0
535820,181,2021-02-11,2021-02-25,0,2021-02-11,2021-02-25,0,control,1,0.6994857,1
536728,181,2021-02-11,2021-02-25,0,2021-02-11,2021-02-25,0,control,0,0.9130398,1
537346,181,2021-02-11,2021-02-25,0,2021-02-11,2021-02-25,0,control,1,0.04153496,0
538538,181,2021-02-11,2021-02-25,0,2021-02-11,2021-02-25,0,control,1,0.31892997,0
538541,181,2021-02-11,2021-02-25,0,2021-02-11,2021-02-25,0,control,1,0.74918914,1
538542,181,2021-02-11,2021-02-25,0,2021-02-11,2021-02-25,0,control,1,0.88683176,1
538544,181,2021-02-11,2021-02-25,0,2021-02-11,2021-02-25,0,control,0,0.29582882,0
539435,181,2021-02-11,2021-02-25,0,2021-02-11,2021-02-25,0,control,1,0.10635683,0
540763,181,2021-02-11,2021-02-25,0,2021-02-11,2021-02-25,0,control,0,0.049726322,0
541299,181,2021-02-11,2021-02-25,0,2021-02-11,2021-02-25,0,control,0,0.75674087,1
541545,181,2021-02-11,2021-02-25,0,2021-02-11,2021-02-25,0,control,0,0.9571694,1
543081,181,2021-02-11,2021-02-25,0,2021-02-11,2021-02-25,0,control,0,0.003808637,0
543087,181,2021-02-11,2021-02-25,0,2021-02-11,2021-02-25,0,control,1,0.6028456,1
544606,181,2021-02-11,2021-02-25,0,2021-02-11,2021-02-25,0,control,1,0.8835618,1
546443,181,2021-02-11,2021-02-25,0,2021-02-11,2021-02-25,0,control,1,0.43683168,0
552057,181,2021-02-11,2021-02-25,0,2021-02-11,2021-02-25,0,control,0,0.0016656218,0
555268,181,2021-02-11,2021-02-25,0,2021-02-11,2021-02-25,0,control,1,0.12871827,0
557007,181,2021-02-11,2021-02-25,0,2021-02-11,2021-02-25,0,control,0,0.0013602335,0
559038,181,2021-02-11,2021-02-25,0,2021-02-11,2021-02-25,0,control,1,0.9940572,1
559325,181,2021-02-11,2021-02-25,0,2021-02-11,2021-02-25,0,control,1,0.77839637,1
564877,181,2021-02-11,2021-02-25,0,2021-02-11,2021-02-25,0,control,0,0.21999237,0
566034,181,2021-02-11,2021-02-25,0,2021-02-11,2021-02-25,0,control,1,0.06984517,0
569812,181,2021-02-11,2021-02-25,0,2021-02-11,2021-02-25,0,control,0,0.26917827,0
569830,181,2021-02-11,2021-02-25,0,2021-02-11,2021-02-25,0,control,0,0.54536676,1
570380,181,2021-02-11,2021-02-25,0,2021-02-11,2021-02-25,0,control,0,0.9795888,1
574856,181,2021-02-11,2021-02-25,0,2021-02-11,2021-02-25,0,control,0,0.001813577,0
575650,181,2021-02-11,2021-02-25,0,2021-02-11,2021-02-25,0,control,0,0.3261862,0
579440,181,2021-02-11,2021-02-25,0,2021-02-11,2021-02-25,0,control,0,0.36802226,0
581911,181,2021-02-11,2021-02-25,0,2021-02-11,2021-02-25,0,control,0,0.0066636256,0
584559,181,2021-02-11,2021-02-25,0,2021-02-11,2021-02-25,0,control,0,0.74584633,1
592971,181,2021-02-11,2021-02-25,0,2021-02-11,2021-02-25,0,control,0,0.010568549,0
594039,181,2021-02-11,2021-02-25,0,2021-02-11,2021-02-25,0,control,1,0.24628271,0
595147,181,2021-02-11,2021-02-25,0,2021-02-11,2021-02-25,0,control,0,0.0012721984,0
601335,181,2021-02-11,2021-02-25,0,2021-02-11,2021-02-25,0,control,1,0.20206092,0
601951,181,2021-02-11,2021-02-25,0,2021-02-11,2021-02-25,0,control,0,0.3795396,0
602953,181,2021-02-11,2021-02-25,0,2021-02-11,2021-02-25,0,control,0,0.10085505,0
603636,181,2021-02-11,2021-02-25,0,2021-02-11,2021-02-25,0,control,1,0.99957925,1
606151,181,2021-02-11,2021-02-25,0,2021-02-11,2021-02-25,0,control,1,0.006381064,0
606200,181,2021-02-11,2021-02-25,0,2021-02-11,2021-02-25,0,control,1,0.88415754,1
607369,181,2021-02-11,2021-02-25,0,2021-02-11,2021-02-25,0,control,0,0.0048820875,0
610653,181,2021-02-11,2021-02-25,0,2021-02-11,2021-02-25,0,control,0,0.42433697,0
611571,181,2021-02-11,2021-02-25,0,2021-02-11,2021-02-25,0,control,1,0.9911534,1
612104,181,2021-02-11,2021-02-25,0,2021-02-11,2021-02-25,0,control,1,0.8208249,1
613177,181,2021-02-11,2021-02-25,0,2021-02-11,2021-02-25,0,control,1,0.34457397,0
618146,181,2021-02-11,2021-02-25,0,2021-02-11,2021-02-25,0,control,1,0.34813774,0
620447,181,2021-02-11,2021-02-25,0,2021-02-11,2021-02-25,0,control,1,0.9938397,1
621532,181,2021-02-11,2021-02-25,0,2021-02-11,2021-02-25,0,control,1,0.33668333,0
621735,181,2021-02-11,2021-02-25,0,2021-02-11,2021-02-25,0,control,0,0.027302867,0
622342,181,2021-02-11,2021-02-25,0,2021-02-11,2021-02-25,0,control,0,0.033489093,0
623899,181,2021-02-11,2021-02-25,0,2021-02-11,2021-02-25,0,control,1,0.10864375,0
625301,181,2021-02-11,2021-02-25,0,2021-02-11,2021-02-25,0,control,0,0.08136136,0
631242,181,2021-02-11,2021-02-25,0,2021-02-11,2021-02-25,0,control,0,0.6567293,1
631500,181,2021-02-11,2021-02-25,0,2021-02-11,2021-02-25,0,control,0,0.12708226,0
636147,181,2021-02-11,2021-02-25,0,2021-02-11,2021-02-25,0,control,0,0.0061049736,0
640654,181,2021-02-11,2021-02-25,0,2021-02-11,2021-02-25,0,control,0,0.0017478282,0
641524,181,2021-02-11,2021-02-25,0,2021-02-11,2021-02-25,0,control,0,0.051244497,0
643770,181,2021-02-11,2021-02-25,0,2021-02-11,2021-02-25,0,control,0,0.783347,1
645868,181,2021-02-11,2021-02-25,0,2021-02-11,2021-02-25,0,control,0,0.5312355,1
646704,181,2021-02-11,2021-02-25,0,2021-02-11,2021-02-25,0,control,0,0.009542082,0
649461,181,2021-02-11,2021-02-25,0,2021-02-11,2021-02-25,0,control,1,0.7715648,1
649554,181,2021-02-11,2021-02-25,0,2021-02-11,2021-02-25,0,control,0,0.0027842342,0
650061,181,2021-02-11,2021-02-25,0,2021-02-11,2021-02-25,0,control,0,0.00225307,0
654302,181,2021-02-11,2021-02-25,0,2021-02-11,2021-02-25,0,control,0,0.8897388,1
654829,181,2021-02-11,2021-02-25,0,2021-02-11,2021-02-25,0,control,0,0.8290208,1
661887,181,2021-02-11,2021-02-25,0,2021-02-11,2021-02-25,0,control,0,0.0073878574,0
662489,181,2021-02-11,2021-02-25,0,2021-02-11,2021-02-25,0,control,0,0.047827005,0
663392,181,2021-02-11,2021-02-25,0,2021-02-11,2021-02-25,0,control,0,0.99087197,1
666326,181,2021-02-11,2021-02-25,0,2021-02-11,2021-02-25,0,control,0,0.002810229,0
666760,181,2021-02-11,2021-02-25,0,2021-02-11,2021-02-25,0,control,1,0.19394933,0
673798,181,2021-02-11,2021-02-25,0,2021-02-11,2021-02-25,0,control,0,0.69246393,1
673930,181,2021-02-11,2021-02-25,0,2021-02-11,2021-02-25,0,control,1,0.91617507,1
675569,181,2021-02-11,2021-02-25,0,2021-02-11,2021-02-25,0,control,0,0.09132604,0
676561,181,2021-02-11,2021-02-25,0,2021-02-11,2021-02-25,0,control,0,0.0039458694,0
676695,181,2021-02-11,2021-02-25,0,2021-02-11,2021-02-25,0,control,1,0.24975365,0
676715,181,2021-02-11,2021-02-25,0,2021-02-11,2021-02-25,0,control,0,0.0099471295,0
679937,181,2021-02-11,2021-02-25,0,2021-02-11,2021-02-25,0,control,0,0.018734066,0
680616,181,2021-02-11,2021-02-25,0,2021-02-11,2021-02-25,0,control,1,0.032801688,0
680665,181,2021-02-11,2021-02-25,0,2021-02-11,2021-02-25,0,control,0,0.02173162,0
682187,181,2021-02-11,2021-02-25,0,2021-02-11,2021-02-25,0,control,1,0.086020455,0
682679,181,2021-02-11,2021-02-25,0,2021-02-11,2021-02-25,0,control,1,0.2878804,0
683290,181,2021-02-11,2021-02-25,0,2021-02-11,2021-02-25,0,control,0,0.29885712,0
686127,181,2021-02-11,2021-02-25,0,2021-02-11,2021-02-25,0,control,0,0.32458216,0
686258,181,2021-02-11,2021-02-25,0,2021-02-11,2021-02-25,0,control,0,0.5851757,1
686841,181,2021-02-11,2021-02-25,0,2021-02-11,2021-02-25,0,control,1,0.9449128,1
690090,181,2021-02-11,2021-02-25,0,2021-02-11,2021-02-25,0,control,0,0.027657181,0
690558,181,2021-02-11,2021-02-25,0,2021-02-11,2021-02-25,0,control,0,0.06098091,0
699471,181,2021-02-11,2021-02-25,0,2021-02-11,2021-02-25,0,control,0,0.0231213,0
700574,181,2021-02-11,2021-02-25,0,2021-02-11,2021-02-25,0,control,1,0.46925893,0
702774,181,2021-02-11,2021-02-25,0,2021-02-11,2021-02-25,0,control,0,0.114484735,0
702825,181,2021-02-11,2021-02-25,0,2021-02-11,2021-02-25,0,control,0,0.9494174,1
703786,181,2021-02-11,2021-02-25,0,2021-02-11,2021-02-25,0,control,0,0.07140652,0
705850,181,2021-02-11,2021-02-25,0,2021-02-11,2021-02-25,0,control,0,0.9864846,1
707507,181,2021-02-11,2021-02-25,0,2021-02-11,2021-02-25,0,control,1,0.0066367476,0
709092,181,2021-02-11,2021-02-25,0,2021-02-11,2021-02-25,0,control,0,0.34338173,0
715127,181,2021-02-11,2021-02-25,0,2021-02-11,2021-02-25,0,control,0,0.015626822,0
717198,181,2021-02-11,2021-02-25,0,2021-02-11,2021-02-25,0,control,0,0.0083236545,0
718036,181,2021-02-11,2021-02-25,0,2021-02-11,2021-02-25,0,control,1,0.0019385814,0
719598,181,2021-02-11,2021-02-25,0,2021-02-11,2021-02-25,0,control,0,0.3050341,0
721748,181,2021-02-11,2021-02-25,0,2021-02-11,2021-02-25,0,control,1,0.3890225,0
722316,181,2021-02-11,2021-02-25,0,2021-02-11,2021-02-25,0,control,0,0.58060515,1
727028,181,2021-02-11,2021-02-25,0,2021-02-11,2021-02-25,0,control,1,0.9965283,1
728867,181,2021-02-11,2021-02-25,0,2021-02-11,2021-02-25,0,control,1,0.6852169,1
731798,181,2021-02-11,2021-02-25,0,2021-02-11,2021-02-25,0,control,0,0.18048698,0
734134,181,2021-02-11,2021-02-25,0,2021-02-11,2021-02-25,0,control,0,0.33213514,0
738070,181,2021-02-11,2021-02-25,0,2021-02-11,2021-02-25,0,control,0,0.35025713,0
738454,181,2021-02-11,2021-02-25,0,2021-02-11,2021-02-25,0,control,1,0.656078,1
739975,181,2021-02-11,2021-02-25,0,2021-02-11,2021-02-25,0,control,0,0.040358745,0
740060,181,2021-02-11,2021-02-25,0,2021-02-11,2021-02-25,0,control,0,0.17756732,0
744709,181,2021-02-11,2021-02-25,0,2021-02-11,2021-02-25,0,control,0,0.49720347,0
747454,181,2021-02-11,2021-02-25,0,2021-02-11,2021-02-25,0,control,1,0.7673227,1
751934,181,2021-02-11,2021-02-25,0,2021-02-11,2021-02-25,0,control,1,0.12554885,0
752216,181,2021-02-11,2021-02-25,0,2021-02-11,2021-02-25,0,control,1,0.62774396,1
752640,181,2021-02-11,2021-02-25,0,2021-02-11,2021-02-25,0,control,0,0.039988555,0
756085,181,2021-02-11,2021-02-25,0,2021-02-11,2021-02-25,0,control,1,0.40020397,0
758669,181,2021-02-11,2021-02-25,0,2021-02-11,2021-02-25,0,control,0,0.045526586,0
762676,181,2021-02-11,2021-02-25,0,2021-02-11,2021-02-25,0,control,1,0.8920557,1
764023,181,2021-02-11,2021-02-25,0,2021-02-11,2021-02-25,0,control,0,0.0487263,0
764962,181,2021-02-11,2021-02-25,0,2021-02-11,2021-02-25,0,control,0,0.7187572,1
769521,181,2021-02-11,2021-02-25,0,2021-02-11,2021-02-25,0,control,0,0.7756623,1
770295,181,2021-02-11,2021-02-25,0,2021-02-11,2021-02-25,0,control,1,0.34824944,0
777063,181,2021-02-11,2021-02-25,0,2021-02-11,2021-02-25,0,control,0,0.7195249,1
778802,181,2021-02-11,2021-02-25,0,2021-02-11,2021-02-25,0,control,1,0.054944627,0
780709,181,2021-02-11,2021-02-25,0,2021-02-11,2021-02-25,0,control,0,0.20714757,0
781420,181,2021-02-11,2021-02-25,0,2021-02-11,2021-02-25,0,control,0,0.7163599,1
781904,181,2021-02-11,2021-02-25,0,2021-02-11,2021-02-25,0,control,0,0.5238783,1
784035,181,2021-02-11,2021-02-25,0,2021-02-11,2021-02-25,0,control,0,0.28913406,0
787307,181,2021-02-11,2021-02-25,0,2021-02-11,2021-02-25,0,control,0,0.04986389,0
787924,181,2021-02-11,2021-02-25,0,2021-02-11,2021-02-25,0,control,0,0.30112866,0
788266,181,2021-02-11,2021-02-25,0,2021-02-11,2021-02-25,0,control,1,0.6874961,1
789451,181,2021-02-11,2021-02-25,0,2021-02-11,2021-02-25,0,control,0,0.2901976,0
791475,181,2021-02-11,2021-02-25,0,2021-02-11,2021-02-25,0,control,0,0.044108603,0
791757,181,2021-02-11,2021-02-25,0,2021-02-11,2021-02-25,0,control,0,0.104740575,0
791841,181,2021-02-11,2021-02-25,0,2021-02-11,2021-02-25,0,control,1,0.937442,1
796350,181,2021-02-11,2021-02-25,0,2021-02-11,2021-02-25,0,control,1,0.24110217,0
797203,181,2021-02-11,2021-02-25,0,2021-02-11,2021-02-25,0,control,0,0.0013316738,0
798698,181,2021-02-11,2021-02-25,0,2021-02-11,2021-02-25,0,control,1,0.25633982,0
801088,181,2021-02-11,2021-02-25,0,2021-02-11,2021-02-25,0,control,0,0.08276872,0
801822,181,2021-02-11,2021-02-25,0,2021-02-11,2021-02-25,0,control,0,0.15094882,0
803223,181,2021-02-11,2021-02-25,0,2021-02-11,2021-02-25,0,control,1,0.55519164,1
803754,181,2021-02-11,2021-02-25,0,2021-02-11,2021-02-25,0,control,0,0.4136671,0
804390,181,2021-02-11,2021-02-25,0,2021-02-11,2021-02-25,0,control,0,0.9246332,1
805016,181,2021-02-11,2021-02-25,0,2021-02-11,2021-02-25,0,control,0,0.113200575,0
805569,181,2021-02-11,2021-02-25,0,2021-02-11,2021-02-25,0,control,0,0.08556217,0
806513,181,2021-02-11,2021-02-25,0,2021-02-11,2021-02-25,0,control,0,0.17342366,0
11867,8,2021-05-27,2021-06-10,-4,2021-03-28,2021-04-11,1,treatment,0,0.03510372,0
22177,8,2021-05-27,2021-06-10,-4,2021-03-28,2021-04-11,1,treatment,1,0.9432657,1
26062,8,2021-05-27,2021-06-10,-4,2021-03-28,2021-04-11,1,treatment,0,0.074955024,0
28730,8,2021-05-27,2021-06-10,-4,2021-03-28,2021-04-11,1,treatment,0,0.007932757,0
30056,8,2021-05-27,2021-06-10,-4,2021-03-28,2021-04-11,1,treatment,0,0.08746234,0
30669,8,2021-05-27,2021-06-10,-4,2021-03-28,2021-04-11,1,treatment,1,0.9560045,1
32568,8,2021-05-27,2021-06-10,-4,2021-03-28,2021-04-11,1,treatment,1,0.9632895,1
37009,8,2021-05-27,2021-06-10,-4,2021-03-28,2021-04-11,1,treatment,0,0.050102476,0
41839,8,2021-05-27,2021-06-10,-4,2021-03-28,2021-04-11,1,treatment,1,0.94534266,1
48574,8,2021-05-27,2021-06-10,-4,2021-03-28,2021-04-11,1,treatment,0,0.048361104,0
49552,8,2021-05-27,2021-06-10,-4,2021-03-28,2021-04-11,1,treatment,1,0.985482,1
55849,8,2021-05-27,2021-06-10,-4,2021-03-28,2021-04-11,1,treatment,1,0.9791182,1
59974,8,2021-05-27,2021-06-10,-4,2021-03-28,2021-04-11,1,treatment,0,0.05627837,0
71308,8,2021-05-27,2021-06-10,-4,2021-03-28,2021-04-11,1,treatment,0,0.087023735,0
79888,8,2021-05-27,2021-06-10,-4,2021-03-28,2021-04-11,1,treatment,1,0.9995639,1
82089,8,2021-05-27,2021-06-10,-4,2021-03-28,2021-04-11,1,treatment,1,0.9865753,1
96337,8,2021-05-27,2021-06-10,-4,2021-03-28,2021-04-11,1,treatment,1,0.991397,1
98577,8,2021-05-27,2021-06-10,-4,2021-03-28,2021-04-11,1,treatment,1,0.9895035,1
107435,8,2021-05-27,2021-06-10,-4,2021-03-28,2021-04-11,1,treatment,0,0.113388106,0
108689,8,2021-05-27,2021-06-10,-4,2021-03-28,2021-04-11,1,treatment,0,0.037626725,0
132932,8,2021-05-27,2021-06-10,-4,2021-03-28,2021-04-11,1,treatment,1,0.99802774,1
150374,8,2021-05-27,2021-06-10,-4,2021-03-28,2021-04-11,1,treatment,1,0.89819115,1
157461,8,2021-05-27,2021-06-10,-4,2021-03-28,2021-04-11,1,treatment,0,0.1674086,0
157814,8,2021-05-27,2021-06-10,-4,2021-03-28,2021-04-11,1,treatment,0,0.05527445,0
165178,8,2021-05-27,2021-06-10,-4,2021-03-28,2021-04-11,1,treatment,0,0.019295584,0
170397,8,2021-05-27,2021-06-10,-4,2021-03-28,2021-04-11,1,treatment,0,0.07009905,0
177502,8,2021-05-27,2021-06-10,-4,2021-03-28,2021-04-11,1,treatment,0,0.00046441643,0
187803,8,2021-05-27,2021-06-10,-4,2021-03-28,2021-04-11,1,treatment,0,0.04861068,0
204957,8,2021-05-27,2021-06-10,-4,2021-03-28,2021-04-11,1,treatment,0,0.0037235636,0
212071,8,2021-05-27,2021-06-10,-4,2021-03-28,2021-04-11,1,treatment,0,0.039488427,0
213582,8,2021-05-27,2021-06-10,-4,2021-03-28,2021-04-11,1,treatment,1,0.95157546,1
217090,8,2021-05-27,2021-06-10,-4,2021-03-28,2021-04-11,1,treatment,0,0.029671077,0
226421,8,2021-05-27,2021-06-10,-4,2021-03-28,2021-04-11,1,treatment,1,0.9832686,1
226844,8,2021-05-27,2021-06-10,-4,2021-03-28,2021-04-11,1,treatment,0,0.039504036,0
237260,8,2021-05-27,2021-06-10,-4,2021-03-28,2021-04-11,1,treatment,1,0.966343,1
240195,8,2021-05-27,2021-06-10,-4,2021-03-28,2021-04-11,1,treatment,0,0.076415494,0
253461,8,2021-05-27,2021-06-10,-4,2021-03-28,2021-04-11,1,treatment,1,0.97629046,1
254601,8,2021-05-27,2021-06-10,-4,2021-03-28,2021-04-11,1,treatment,0,0.04150785,0
258816,8,2021-05-27,2021-06-10,-4,2021-03-28,2021-04-11,1,treatment,1,0.9137343,1
263721,8,2021-05-27,2021-06-10,-4,2021-03-28,2021-04-11,1,treatment,1,0.9844209,1
264935,8,2021-05-27,2021-06-10,-4,2021-03-28,2021-04-11,1,treatment,0,0.007082831,0
270431,8,2021-05-27,2021-06-10,-4,2021-03-28,2021-04-11,1,treatment,1,0.9599985,1
273716,8,2021-05-27,2021-06-10,-4,2021-03-28,2021-04-11,1,treatment,0,0.08085523,0
274385,8,2021-05-27,2021-06-10,-4,2021-03-28,2021-04-11,1,treatment,0,0.0076783625,0
276963,8,2021-05-27,2021-06-10,-4,2021-03-28,2021-04-11,1,treatment,1,0.976356,1
292105,8,2021-05-27,2021-06-10,-4,2021-03-28,2021-04-11,1,treatment,1,0.9399562,1
298883,8,2021-05-27,2021-06-10,-4,2021-03-28,2021-04-11,1,treatment,0,0.007038326,0
307214,8,2021-05-27,2021-06-10,-4,2021-03-28,2021-04-11,1,treatment,1,0.9014319,1
322414,8,2021-05-27,2021-06-10,-4,2021-03-28,2021-04-11,1,treatment,0,0.044003103,0
325089,8,2021-05-27,2021-06-10,-4,2021-03-28,2021-04-11,1,treatment,0,0.006541827,0
328199,8,2021-05-27,2021-06-10,-4,2021-03-28,2021-04-11,1,treatment,1,0.9893305,1
346728,8,2021-05-27,2021-06-10,-4,2021-03-28,2021-04-11,1,treatment,0,0.005217207,0
355955,8,2021-05-27,2021-06-10,-4,2021-03-28,2021-04-11,1,treatment,0,0.06162009,0
361589,8,2021-05-27,2021-06-10,-4,2021-03-28,2021-04-11,1,treatment,1,0.93096155,1
362886,8,2021-05-27,2021-06-10,-4,2021-03-28,2021-04-11,1,treatment,0,0.07128269,0
368519,8,2021-05-27,2021-06-10,-4,2021-03-28,2021-04-11,1,treatment,0,0.08838846,0
373342,8,2021-05-27,2021-06-10,-4,2021-03-28,2021-04-11,1,treatment,0,0.046509482,0
380788,8,2021-05-27,2021-06-10,-4,2021-03-28,2021-04-11,1,treatment,1,0.9955266,1
385125,8,2021-05-27,2021-06-10,-4,2021-03-28,2021-04-11,1,treatment,1,0.9436118,1
391612,8,2021-05-27,2021-06-10,-4,2021-03-28,2021-04-11,1,treatment,0,0.1068172,0
392323,8,2021-05-27,2021-06-10,-4,2021-03-28,2021-04-11,1,treatment,0,0.027719403,0
393494,8,2021-05-27,2021-06-10,-4,2021-03-28,2021-04-11,1,treatment,0,0.06643555,0
405238,8,2021-05-27,2021-06-10,-4,2021-03-28,2021-04-11,1,treatment,0,0.01046637,0
408635,8,2021-05-27,2021-06-10,-4,2021-03-28,2021-04-11,1,treatment,1,0.9337401,1
416858,8,2021-05-27,2021-06-10,-4,2021-03-28,2021-04-11,1,treatment,1,0.9571563,1
426899,8,2021-05-27,2021-06-10,-4,2021-03-28,2021-04-11,1,treatment,1,0.9707987,1
427449,8,2021-05-27,2021-06-10,-4,2021-03-28,2021-04-11,1,treatment,1,0.9695686,1
429707,8,2021-05-27,2021-06-10,-4,2021-03-28,2021-04-11,1,treatment,1,0.9667419,1
431615,8,2021-05-27,2021-06-10,-4,2021-03-28,2021-04-11,1,treatment,1,0.99053776,1
434189,8,2021-05-27,2021-06-10,-4,2021-03-28,2021-04-11,1,treatment,1,0.99166334,1
435000,8,2021-05-27,2021-06-10,-4,2021-03-28,2021-04-11,1,treatment,0,0.0047742706,0
438027,8,2021-05-27,2021-06-10,-4,2021-03-28,2021-04-11,1,treatment,0,0.031158619,0
448352,8,2021-05-27,2021-06-10,-4,2021-03-28,2021-04-11,1,treatment,0,0.023705935,0
461863,8,2021-05-27,2021-06-10,-4,2021-03-28,2021-04-11,1,treatment,0,0.04883176,0
463130,8,2021-05-27,2021-06-10,-4,2021-03-28,2021-04-11,1,treatment,0,0.10699027,0
466593,8,2021-05-27,2021-06-10,-4,2021-03-28,2021-04-11,1,treatment,0,0.06019856,0
468606,8,2021-05-27,2021-06-10,-4,2021-03-28,2021-04-11,1,treatment,0,0.04315624,0
477396,8,2021-05-27,2021-06-10,-4,2021-03-28,2021-04-11,1,treatment,0,0.08478068,0
478103,8,2021-05-27,2021-06-10,-4,2021-03-28,2021-04-11,1,treatment,0,0.019406628,0
482344,8,2021-05-27,2021-06-10,-4,2021-03-28,2021-04-11,1,treatment,0,0.007627809,0
485300,8,2021-05-27,2021-06-10,-4,2021-03-28,2021-04-11,1,treatment,1,0.96435356,1
489145,8,2021-05-27,2021-06-10,-4,2021-03-28,2021-04-11,1,treatment,1,0.7603921,1
490391,8,2021-05-27,2021-06-10,-4,2021-03-28,2021-04-11,1,treatment,0,0.0064440165,0
496573,8,2021-05-27,2021-06-10,-4,2021-03-28,2021-04-11,1,treatment,1,0.97645116,1
507062,8,2021-05-27,2021-06-10,-4,2021-03-28,2021-04-11,1,treatment,0,0.024182126,0
516976,8,2021-05-27,2021-06-10,-4,2021-03-28,2021-04-11,1,treatment,1,0.982031,1
519526,8,2021-05-27,2021-06-10,-4,2021-03-28,2021-04-11,1,treatment,0,0.019953273,0
527659,8,2021-05-27,2021-06-10,-4,2021-03-28,2021-04-11,1,treatment,1,0.9765023,1
549716,8,2021-05-27,2021-06-10,-4,2021-03-28,2021-04-11,1,treatment,0,0.038163133,0
549890,8,2021-05-27,2021-06-10,-4,2021-03-28,2021-04-11,1,treatment,1,0.9677651,1
556634,8,2021-05-27,2021-06-10,-4,2021-03-28,2021-04-11,1,treatment,1,0.99920124,1
565615,8,2021-05-27,2021-06-10,-4,2021-03-28,2021-04-11,1,treatment,0,0.03949033,0
575403,8,2021-05-27,2021-06-10,-4,2021-03-28,2021-04-11,1,treatment,0,0.059607416,0
586121,8,2021-05-27,2021-06-10,-4,2021-03-28,2021-04-11,1,treatment,0,0.11052385,0
586657,8,2021-05-27,2021-06-10,-4,2021-03-28,2021-04-11,1,treatment,1,0.8990858,1
601687,8,2021-05-27,2021-06-10,-4,2021-03-28,2021-04-11,1,treatment,1,0.95104414,1
602590,8,2021-05-27,2021-06-10,-4,2021-03-28,2021-04-11,1,treatment,1,0.95808655,1
602758,8,2021-05-27,2021-06-10,-4,2021-03-28,2021-04-11,1,treatment,0,0.028674155,0
623408,8,2021-05-27,2021-06-10,-4,2021-03-28,2021-04-11,1,treatment,0,0.0045756684,0
626118,8,2021-05-27,2021-06-10,-4,2021-03-28,2021-04-11,1,treatment,0,0.007836245,0
645436,8,2021-05-27,2021-06-10,-4,2021-03-28,2021-04-11,1,treatment,1,0.9379792,1
662617,8,2021-05-27,2021-06-10,-4,2021-03-28,2021-04-11,1,treatment,1,0.98362446,1
664457,8,2021-05-27,2021-06-10,-4,2021-03-28,2021-04-11,1,treatment,0,0.043679014,0
666018,8,2021-05-27,2021-06-10,-4,2021-03-28,2021-04-11,1,treatment,0,0.014017511,0
675706,8,2021-05-27,2021-06-10,-4,2021-03-28,2021-04-11,1,treatment,0,0.021771304,0
681456,8,2021-05-27,2021-06-10,-4,2021-03-28,2021-04-11,1,treatment,0,0.018521285,0
694878,8,2021-05-27,2021-06-10,-4,2021-03-28,2021-04-11,1,treatment,0,0.01515453,0
703715,8,2021-05-27,2021-06-10,-4,2021-03-28,2021-04-11,1,treatment,0,0.043460287,0
720802,8,2021-05-27,2021-06-10,-4,2021-03-28,2021-04-11,1,treatment,1,0.99947673,1
737688,8,2021-05-27,2021-06-10,-4,2021-03-28,2021-04-11,1,treatment,1,0.9958473,1
741988,8,2021-05-27,2021-06-10,-4,2021-03-28,2021-04-11,1,treatment,1,0.95236737,1
745801,8,2021-05-27,2021-06-10,-4,2021-03-28,2021-04-11,1,treatment,1,0.9175197,1
750804,8,2021-05-27,2021-06-10,-4,2021-03-28,2021-04-11,1,treatment,0,0.066429704,0
755004,8,2021-05-27,2021-06-10,-4,2021-03-28,2021-04-11,1,treatment,1,0.9509651,1
757416,8,2021-05-27,2021-06-10,-4,2021-03-28,2021-04-11,1,treatment,1,0.9548743,1
772395,8,2021-05-27,2021-06-10,-4,2021-03-28,2021-04-11,1,treatment,1,0.98781115,1
772572,8,2021-05-27,2021-06-10,-4,2021-03-28,2021-04-11,1,treatment,0,0.0076623033,0
785367,8,2021-05-27,2021-06-10,-4,2021-03-28,2021-04-11,1,treatment,0,0.079074554,0
788532,8,2021-05-27,2021-06-10,-4,2021-03-28,2021-04-11,1,treatment,0,0.0724634,0
798977,8,2021-05-27,2021-06-10,-4,2021-03-28,2021-04-11,1,treatment,1,0.97174567,1
807364,8,2021-05-27,2021-06-10,-4,2021-03-28,2021-04-11,1,treatment,0,0.039279796,0
808098,8,2021-05-27,2021-06-10,-4,2021-03-28,2021-04-11,1,treatment,1,0.9556863,1
809606,8,2021-05-27,2021-06-10,-4,2021-03-28,2021-04-11,1,treatment,0,0.0049285335,0
11867,8,2021-05-27,2021-06-10,-3,2021-04-12,2021-04-26,1,treatment,0,0.048566613,0
22177,8,2021-05-27,2021-06-10,-3,2021-04-12,2021-04-26,1,treatment,0,0.027934453,0
26062,8,2021-05-27,2021-06-10,-3,2021-04-12,2021-04-26,1,treatment,1,0.9639737,1
28730,8,2021-05-27,2021-06-10,-3,2021-04-12,2021-04-26,1,treatment,0,0.0063568987,0
30056,8,2021-05-27,2021-06-10,-3,2021-04-12,2021-04-26,1,treatment,1,0.941253,1
30669,8,2021-05-27,2021-06-10,-3,2021-04-12,2021-04-26,1,treatment,1,0.99163985,1
32568,8,2021-05-27,2021-06-10,-3,2021-04-12,2021-04-26,1,treatment,1,0.9341507,1
37009,8,2021-05-27,2021-06-10,-3,2021-04-12,2021-04-26,1,treatment,0,0.04321411,0
41839,8,2021-05-27,2021-06-10,-3,2021-04-12,2021-04-26,1,treatment,0,0.006994443,0
48574,8,2021-05-27,2021-06-10,-3,2021-04-12,2021-04-26,1,treatment,0,0.022395313,0
49552,8,2021-05-27,2021-06-10,-3,2021-04-12,2021-04-26,1,treatment,1,0.99139553,1
55849,8,2021-05-27,2021-06-10,-3,2021-04-12,2021-04-26,1,treatment,0,0.07191941,0
59974,8,2021-05-27,2021-06-10,-3,2021-04-12,2021-04-26,1,treatment,1,0.95581347,1
71308,8,2021-05-27,2021-06-10,-3,2021-04-12,2021-04-26,1,treatment,1,0.9557018,1
79888,8,2021-05-27,2021-06-10,-3,2021-04-12,2021-04-26,1,treatment,1,0.99924904,1
82089,8,2021-05-27,2021-06-10,-3,2021-04-12,2021-04-26,1,treatment,1,0.99080503,1
96337,8,2021-05-27,2021-06-10,-3,2021-04-12,2021-04-26,1,treatment,1,0.97788334,1
98577,8,2021-05-27,2021-06-10,-3,2021-04-12,2021-04-26,1,treatment,1,0.98970526,1
107435,8,2021-05-27,2021-06-10,-3,2021-04-12,2021-04-26,1,treatment,1,0.89067143,1
108689,8,2021-05-27,2021-06-10,-3,2021-04-12,2021-04-26,1,treatment,0,0.093136154,0
132932,8,2021-05-27,2021-06-10,-3,2021-04-12,2021-04-26,1,treatment,1,0.9968251,1
150374,8,2021-05-27,2021-06-10,-3,2021-04-12,2021-04-26,1,treatment,1,0.9963749,1
157461,8,2021-05-27,2021-06-10,-3,2021-04-12,2021-04-26,1,treatment,1,0.94443876,1
157814,8,2021-05-27,2021-06-10,-3,2021-04-12,2021-04-26,1,treatment,0,0.12853834,0
165178,8,2021-05-27,2021-06-10,-3,2021-04-12,2021-04-26,1,treatment,0,0.18182874,0
170397,8,2021-05-27,2021-06-10,-3,2021-04-12,2021-04-26,1,treatment,1,0.9114556,1
177502,8,2021-05-27,2021-06-10,-3,2021-04-12,2021-04-26,1,treatment,0,0.0018345994,0
187803,8,2021-05-27,2021-06-10,-3,2021-04-12,2021-04-26,1,treatment,0,0.026240895,0
204957,8,2021-05-27,2021-06-10,-3,2021-04-12,2021-04-26,1,treatment,0,0.007107407,0
212071,8,2021-05-27,2021-06-10,-3,2021-04-12,2021-04-26,1,treatment,0,0.0122717265,0
213582,8,2021-05-27,2021-06-10,-3,2021-04-12,2021-04-26,1,treatment,0,0.022589207,0
217090,8,2021-05-27,2021-06-10,-3,2021-04-12,2021-04-26,1,treatment,0,0.028925443,0
226421,8,2021-05-27,2021-06-10,-3,2021-04-12,2021-04-26,1,treatment,1,0.9669212,1
226844,8,2021-05-27,2021-06-10,-3,2021-04-12,2021-04-26,1,treatment,1,0.9400755,1
237260,8,2021-05-27,2021-06-10,-3,2021-04-12,2021-04-26,1,treatment,1,0.9917366,1
240195,8,2021-05-27,2021-06-10,-3,2021-04-12,2021-04-26,1,treatment,1,0.9488949,1
253461,8,2021-05-27,2021-06-10,-3,2021-04-12,2021-04-26,1,treatment,0,0.12769823,0
254601,8,2021-05-27,2021-06-10,-3,2021-04-12,2021-04-26,1,treatment,1,0.9739561,1
258816,8,2021-05-27,2021-06-10,-3,2021-04-12,2021-04-26,1,treatment,0,0.031104691,0
263721,8,2021-05-27,2021-06-10,-3,2021-04-12,2021-04-26,1,treatment,1,0.9368908,1
264935,8,2021-05-27,2021-06-10,-3,2021-04-12,2021-04-26,1,treatment,0,0.0033388692,0
270431,8,2021-05-27,2021-06-10,-3,2021-04-12,2021-04-26,1,treatment,1,0.97879076,1
273716,8,2021-05-27,2021-06-10,-3,2021-04-12,2021-04-26,1,treatment,0,0.023070198,0
274385,8,2021-05-27,2021-06-10,-3,2021-04-12,2021-04-26,1,treatment,0,0.008113649,0
276963,8,2021-05-27,2021-06-10,-3,2021-04-12,2021-04-26,1,treatment,1,0.988821,1
292105,8,2021-05-27,2021-06-10,-3,2021-04-12,2021-04-26,1,treatment,1,0.9134512,1
298883,8,2021-05-27,2021-06-10,-3,2021-04-12,2021-04-26,1,treatment,0,0.0063544293,0
307214,8,2021-05-27,2021-06-10,-3,2021-04-12,2021-04-26,1,treatment,1,0.9993625,1
322414,8,2021-05-27,2021-06-10,-3,2021-04-12,2021-04-26,1,treatment,1,0.96915555,1
325089,8,2021-05-27,2021-06-10,-3,2021-04-12,2021-04-26,1,treatment,0,0.0038459823,0
328199,8,2021-05-27,2021-06-10,-3,2021-04-12,2021-04-26,1,treatment,1,0.99584645,1
346728,8,2021-05-27,2021-06-10,-3,2021-04-12,2021-04-26,1,treatment,0,0.0078077065,0
355955,8,2021-05-27,2021-06-10,-3,2021-04-12,2021-04-26,1,treatment,1,0.9412125,1
361589,8,2021-05-27,2021-06-10,-3,2021-04-12,2021-04-26,1,treatment,0,0.09378364,0
362886,8,2021-05-27,2021-06-10,-3,2021-04-12,2021-04-26,1,treatment,0,0.07942732,0
368519,8,2021-05-27,2021-06-10,-3,2021-04-12,2021-04-26,1,treatment,1,0.91082203,1
373342,8,2021-05-27,2021-06-10,-3,2021-04-12,2021-04-26,1,treatment,0,0.004664884,0
380788,8,2021-05-27,2021-06-10,-3,2021-04-12,2021-04-26,1,treatment,1,0.9996438,1
385125,8,2021-05-27,2021-06-10,-3,2021-04-12,2021-04-26,1,treatment,1,0.93507403,1
391612,8,2021-05-27,2021-06-10,-3,2021-04-12,2021-04-26,1,treatment,1,0.78325135,1
392323,8,2021-05-27,2021-06-10,-3,2021-04-12,2021-04-26,1,treatment,0,0.019217288,0
393494,8,2021-05-27,2021-06-10,-3,2021-04-12,2021-04-26,1,treatment,1,0.9666755,1
405238,8,2021-05-27,2021-06-10,-3,2021-04-12,2021-04-26,1,treatment,0,0.0055598,0
408635,8,2021-05-27,2021-06-10,-3,2021-04-12,2021-04-26,1,treatment,0,0.023574859,0
416858,8,2021-05-27,2021-06-10,-3,2021-04-12,2021-04-26,1,treatment,0,0.04527666,0
426899,8,2021-05-27,2021-06-10,-3,2021-04-12,2021-04-26,1,treatment,1,0.98530895,1
427449,8,2021-05-27,2021-06-10,-3,2021-04-12,2021-04-26,1,treatment,1,0.9557097,1
429707,8,2021-05-27,2021-06-10,-3,2021-04-12,2021-04-26,1,treatment,1,0.95765525,1
431615,8,2021-05-27,2021-06-10,-3,2021-04-12,2021-04-26,1,treatment,1,0.9935104,1
434189,8,2021-05-27,2021-06-10,-3,2021-04-12,2021-04-26,1,treatment,1,0.94735545,1
435000,8,2021-05-27,2021-06-10,-3,2021-04-12,2021-04-26,1,treatment,0,0.005954949,0
438027,8,2021-05-27,2021-06-10,-3,2021-04-12,2021-04-26,1,treatment,0,0.017378123,0
448352,8,2021-05-27,2021-06-10,-3,2021-04-12,2021-04-26,1,treatment,0,0.03718757,0
461863,8,2021-05-27,2021-06-10,-3,2021-04-12,2021-04-26,1,treatment,0,0.0828278,0
463130,8,2021-05-27,2021-06-10,-3,2021-04-12,2021-04-26,1,treatment,1,0.906525,1
466593,8,2021-05-27,2021-06-10,-3,2021-04-12,2021-04-26,1,treatment,1,0.9325481,1
468606,8,2021-05-27,2021-06-10,-3,2021-04-12,2021-04-26,1,treatment,0,0.0050933897,0
477396,8,2021-05-27,2021-06-10,-3,2021-04-12,2021-04-26,1,treatment,1,0.9183772,1
478103,8,2021-05-27,2021-06-10,-3,2021-04-12,2021-04-26,1,treatment,0,0.009919728,0
482344,8,2021-05-27,2021-06-10,-3,2021-04-12,2021-04-26,1,treatment,0,0.045043726,0
485300,8,2021-05-27,2021-06-10,-3,2021-04-12,2021-04-26,1,treatment,1,0.9595183,1
489145,8,2021-05-27,2021-06-10,-3,2021-04-12,2021-04-26,1,treatment,0,0.06822427,0
490391,8,2021-05-27,2021-06-10,-3,2021-04-12,2021-04-26,1,treatment,0,0.046638135,0
496573,8,2021-05-27,2021-06-10,-3,2021-04-12,2021-04-26,1,treatment,0,0.08694162,0
507062,8,2021-05-27,2021-06-10,-3,2021-04-12,2021-04-26,1,treatment,0,0.020867204,0
516976,8,2021-05-27,2021-06-10,-3,2021-04-12,2021-04-26,1,treatment,1,0.9975133,1
519526,8,2021-05-27,2021-06-10,-3,2021-04-12,2021-04-26,1,treatment,0,0.008910419,0
527659,8,2021-05-27,2021-06-10,-3,2021-04-12,2021-04-26,1,treatment,1,0.9947967,1
549716,8,2021-05-27,2021-06-10,-3,2021-04-12,2021-04-26,1,treatment,0,0.04755542,0
549890,8,2021-05-27,2021-06-10,-3,2021-04-12,2021-04-26,1,treatment,0,0.02964264,0
556634,8,2021-05-27,2021-06-10,-3,2021-04-12,2021-04-26,1,treatment,1,0.99233377,1
565615,8,2021-05-27,2021-06-10,-3,2021-04-12,2021-04-26,1,treatment,1,0.9705784,1
575403,8,2021-05-27,2021-06-10,-3,2021-04-12,2021-04-26,1,treatment,1,0.98744196,1
586121,8,2021-05-27,2021-06-10,-3,2021-04-12,2021-04-26,1,treatment,0,0.026529133,0
586657,8,2021-05-27,2021-06-10,-3,2021-04-12,2021-04-26,1,treatment,1,0.98556674,1
601687,8,2021-05-27,2021-06-10,-3,2021-04-12,2021-04-26,1,treatment,1,0.8213424,1
602590,8,2021-05-27,2021-06-10,-3,2021-04-12,2021-04-26,1,treatment,1,0.98017085,1
602758,8,2021-05-27,2021-06-10,-3,2021-04-12,2021-04-26,1,treatment,0,0.0375985,0
623408,8,2021-05-27,2021-06-10,-3,2021-04-12,2021-04-26,1,treatment,0,0.007960322,0
626118,8,2021-05-27,2021-06-10,-3,2021-04-12,2021-04-26,1,treatment,0,0.022741975,0
645436,8,2021-05-27,2021-06-10,-3,2021-04-12,2021-04-26,1,treatment,0,0.07854614,0
662617,8,2021-05-27,2021-06-10,-3,2021-04-12,2021-04-26,1,treatment,1,0.9763935,1
664457,8,2021-05-27,2021-06-10,-3,2021-04-12,2021-04-26,1,treatment,1,0.9814248,1
666018,8,2021-05-27,2021-06-10,-3,2021-04-12,2021-04-26,1,treatment,0,0.011161094,0
675706,8,2021-05-27,2021-06-10,-3,2021-04-12,2021-04-26,1,treatment,0,0.0031086078,0
681456,8,2021-05-27,2021-06-10,-3,2021-04-12,2021-04-26,1,treatment,0,0.023742123,0
694878,8,2021-05-27,2021-06-10,-3,2021-04-12,2021-04-26,1,treatment,0,0.11594595,0
703715,8,2021-05-27,2021-06-10,-3,2021-04-12,2021-04-26,1,treatment,0,0.10162636,0
720802,8,2021-05-27,2021-06-10,-3,2021-04-12,2021-04-26,1,treatment,1,0.99910957,1
737688,8,2021-05-27,2021-06-10,-3,2021-04-12,2021-04-26,1,treatment,1,0.99307257,1
741988,8,2021-05-27,2021-06-10,-3,2021-04-12,2021-04-26,1,treatment,0,0.050505023,0
745801,8,2021-05-27,2021-06-10,-3,2021-04-12,2021-04-26,1,treatment,0,0.07450715,0
750804,8,2021-05-27,2021-06-10,-3,2021-04-12,2021-04-26,1,treatment,1,0.8762842,1
755004,8,2021-05-27,2021-06-10,-3,2021-04-12,2021-04-26,1,treatment,1,0.9549642,1
757416,8,2021-05-27,2021-06-10,-3,2021-04-12,2021-04-26,1,treatment,0,0.009546447,0
772395,8,2021-05-27,2021-06-10,-3,2021-04-12,2021-04-26,1,treatment,1,0.9676243,1
772572,8,2021-05-27,2021-06-10,-3,2021-04-12,2021-04-26,1,treatment,0,0.0018933933,0
785367,8,2021-05-27,2021-06-10,-3,2021-04-12,2021-04-26,1,treatment,1,0.93921626,1
788532,8,2021-05-27,2021-06-10,-3,2021-04-12,2021-04-26,1,treatment,1,0.8553621,1
798977,8,2021-05-27,2021-06-10,-3,2021-04-12,2021-04-26,1,treatment,0,0.016744036,0
807364,8,2021-05-27,2021-06-10,-3,2021-04-12,2021-04-26,1,treatment,0,0.047549654,0
808098,8,2021-05-27,2021-06-10,-3,2021-04-12,2021-04-26,1,treatment,1,0.9181451,1
809606,8,2021-05-27,2021-06-10,-3,2021-04-12,2021-04-26,1,treatment,0,0.0063230144,0
11867,8,2021-05-27,2021-06-10,-2,2021-04-27,2021-05-11,1,treatment,1,0.9212726,1
22177,8,2021-05-27,2021-06-10,-2,2021-04-27,2021-05-11,1,treatment,0,0.019496446,0
26062,8,2021-05-27,2021-06-10,-2,2021-04-27,2021-05-11,1,treatment,1,0.98158103,1
28730,8,2021-05-27,2021-06-10,-2,2021-04-27,2021-05-11,1,treatment,0,0.0024995345,0
30056,8,2021-05-27,2021-06-10,-2,2021-04-27,2021-05-11,1,treatment,1,0.9888798,1
30669,8,2021-05-27,2021-06-10,-2,2021-04-27,2021-05-11,1,treatment,0,0.04803726,0
32568,8,2021-05-27,2021-06-10,-2,2021-04-27,2021-05-11,1,treatment,0,0.073326595,0
37009,8,2021-05-27,2021-06-10,-2,2021-04-27,2021-05-11,1,treatment,0,0.019407997,0
41839,8,2021-05-27,2021-06-10,-2,2021-04-27,2021-05-11,1,treatment,0,0.009141691,0
48574,8,2021-05-27,2021-06-10,-2,2021-04-27,2021-05-11,1,treatment,0,0.025014179,0
49552,8,2021-05-27,2021-06-10,-2,2021-04-27,2021-05-11,1,treatment,1,0.9795234,1
55849,8,2021-05-27,2021-06-10,-2,2021-04-27,2021-05-11,1,treatment,1,0.9452285,1
59974,8,2021-05-27,2021-06-10,-2,2021-04-27,2021-05-11,1,treatment,0,0.042496145,0
71308,8,2021-05-27,2021-06-10,-2,2021-04-27,2021-05-11,1,treatment,1,0.9898282,1
79888,8,2021-05-27,2021-06-10,-2,2021-04-27,2021-05-11,1,treatment,1,0.99876034,1
82089,8,2021-05-27,2021-06-10,-2,2021-04-27,2021-05-11,1,treatment,1,0.9903402,1
96337,8,2021-05-27,2021-06-10,-2,2021-04-27,2021-05-11,1,treatment,0,0.04413405,0
98577,8,2021-05-27,2021-06-10,-2,2021-04-27,2021-05-11,1,treatment,1,0.99469286,1
107435,8,2021-05-27,2021-06-10,-2,2021-04-27,2021-05-11,1,treatment,1,0.92199975,1
108689,8,2021-05-27,2021-06-10,-2,2021-04-27,2021-05-11,1,treatment,1,0.93103266,1
132932,8,2021-05-27,2021-06-10,-2,2021-04-27,2021-05-11,1,treatment,1,0.98953015,1
150374,8,2021-05-27,2021-06-10,-2,2021-04-27,2021-05-11,1,treatment,1,0.95453876,1
157461,8,2021-05-27,2021-06-10,-2,2021-04-27,2021-05-11,1,treatment,1,0.9842107,1
157814,8,2021-05-27,2021-06-10,-2,2021-04-27,2021-05-11,1,treatment,1,0.8532177,1
165178,8,2021-05-27,2021-06-10,-2,2021-04-27,2021-05-11,1,treatment,1,0.8952497,1
170397,8,2021-05-27,2021-06-10,-2,2021-04-27,2021-05-11,1,treatment,0,0.015301525,0
177502,8,2021-05-27,2021-06-10,-2,2021-04-27,2021-05-11,1,treatment,0,0.0022732108,0
187803,8,2021-05-27,2021-06-10,-2,2021-04-27,2021-05-11,1,treatment,0,0.061152775,0
204957,8,2021-05-27,2021-06-10,-2,2021-04-27,2021-05-11,1,treatment,0,0.016157374,0
212071,8,2021-05-27,2021-06-10,-2,2021-04-27,2021-05-11,1,treatment,0,0.00304938,0
213582,8,2021-05-27,2021-06-10,-2,2021-04-27,2021-05-11,1,treatment,0,0.022567034,0
217090,8,2021-05-27,2021-06-10,-2,2021-04-27,2021-05-11,1,treatment,0,0.041486952,0
226421,8,2021-05-27,2021-06-10,-2,2021-04-27,2021-05-11,1,treatment,1,0.94464904,1
226844,8,2021-05-27,2021-06-10,-2,2021-04-27,2021-05-11,1,treatment,1,0.99906045,1
237260,8,2021-05-27,2021-06-10,-2,2021-04-27,2021-05-11,1,treatment,1,0.9950434,1
240195,8,2021-05-27,2021-06-10,-2,2021-04-27,2021-05-11,1,treatment,0,0.11259354,0
253461,8,2021-05-27,2021-06-10,-2,2021-04-27,2021-05-11,1,treatment,1,0.8978738,1
254601,8,2021-05-27,2021-06-10,-2,2021-04-27,2021-05-11,1,treatment,1,0.9914231,1
258816,8,2021-05-27,2021-06-10,-2,2021-04-27,2021-05-11,1,treatment,0,0.09773556,0
263721,8,2021-05-27,2021-06-10,-2,2021-04-27,2021-05-11,1,treatment,0,0.09197504,0
264935,8,2021-05-27,2021-06-10,-2,2021-04-27,2021-05-11,1,treatment,0,0.0054816734,0
270431,8,2021-05-27,2021-06-10,-2,2021-04-27,2021-05-11,1,treatment,1,0.94562656,1
273716,8,2021-05-27,2021-06-10,-2,2021-04-27,2021-05-11,1,treatment,1,0.9081184,1
274385,8,2021-05-27,2021-06-10,-2,2021-04-27,2021-05-11,1,treatment,0,0.023061268,0
276963,8,2021-05-27,2021-06-10,-2,2021-04-27,2021-05-11,1,treatment,1,0.9954574,1
292105,8,2021-05-27,2021-06-10,-2,2021-04-27,2021-05-11,1,treatment,0,0.12016631,0
298883,8,2021-05-27,2021-06-10,-2,2021-04-27,2021-05-11,1,treatment,0,0.014180115,0
307214,8,2021-05-27,2021-06-10,-2,2021-04-27,2021-05-11,1,treatment,1,0.9940996,1
322414,8,2021-05-27,2021-06-10,-2,2021-04-27,2021-05-11,1,treatment,0,0.094540216,0
325089,8,2021-05-27,2021-06-10,-2,2021-04-27,2021-05-11,1,treatment,0,0.0014207412,0
328199,8,2021-05-27,2021-06-10,-2,2021-04-27,2021-05-11,1,treatment,1,0.99772745,1
346728,8,2021-05-27,2021-06-10,-2,2021-04-27,2021-05-11,1,treatment,0,0.014075408,0
355955,8,2021-05-27,2021-06-10,-2,2021-04-27,2021-05-11,1,treatment,1,0.97744864,1
361589,8,2021-05-27,2021-06-10,-2,2021-04-27,2021-05-11,1,treatment,1,0.87961763,1
362886,8,2021-05-27,2021-06-10,-2,2021-04-27,2021-05-11,1,treatment,1,0.9031462,1
368519,8,2021-05-27,2021-06-10,-2,2021-04-27,2021-05-11,1,treatment,1,0.9851714,1
373342,8,2021-05-27,2021-06-10,-2,2021-04-27,2021-05-11,1,treatment,0,0.005960939,0
380788,8,2021-05-27,2021-06-10,-2,2021-04-27,2021-05-11,1,treatment,1,0.9988752,1
385125,8,2021-05-27,2021-06-10,-2,2021-04-27,2021-05-11,1,treatment,1,0.8959145,1
391612,8,2021-05-27,2021-06-10,-2,2021-04-27,2021-05-11,1,treatment,1,0.9381013,1
392323,8,2021-05-27,2021-06-10,-2,2021-04-27,2021-05-11,1,treatment,0,0.00087712717,0
393494,8,2021-05-27,2021-06-10,-2,2021-04-27,2021-05-11,1,treatment,0,0.011705492,0
405238,8,2021-05-27,2021-06-10,-2,2021-04-27,2021-05-11,1,treatment,0,0.0042181606,0
408635,8,2021-05-27,2021-06-10,-2,2021-04-27,2021-05-11,1,treatment,0,0.012974105,0
416858,8,2021-05-27,2021-06-10,-2,2021-04-27,2021-05-11,1,treatment,0,0.026577817,0
426899,8,2021-05-27,2021-06-10,-2,2021-04-27,2021-05-11,1,treatment,1,0.98928297,1
427449,8,2021-05-27,2021-06-10,-2,2021-04-27,2021-05-11,1,treatment,0,0.050994076,0
429707,8,2021-05-27,2021-06-10,-2,2021-04-27,2021-05-11,1,treatment,1,0.9797576,1
431615,8,2021-05-27,2021-06-10,-2,2021-04-27,2021-05-11,1,treatment,1,0.9834895,1
434189,8,2021-05-27,2021-06-10,-2,2021-04-27,2021-05-11,1,treatment,1,0.970759,1
435000,8,2021-05-27,2021-06-10,-2,2021-04-27,2021-05-11,1,treatment,0,0.001714001,0
438027,8,2021-05-27,2021-06-10,-2,2021-04-27,2021-05-11,1,treatment,0,0.013998539,0
448352,8,2021-05-27,2021-06-10,-2,2021-04-27,2021-05-11,1,treatment,0,0.04119664,0
461863,8,2021-05-27,2021-06-10,-2,2021-04-27,2021-05-11,1,treatment,0,0.0057970686,0
463130,8,2021-05-27,2021-06-10,-2,2021-04-27,2021-05-11,1,treatment,1,0.8933247,1
466593,8,2021-05-27,2021-06-10,-2,2021-04-27,2021-05-11,1,treatment,1,0.93289775,1
468606,8,2021-05-27,2021-06-10,-2,2021-04-27,2021-05-11,1,treatment,0,0.0051876083,0
477396,8,2021-05-27,2021-06-10,-2,2021-04-27,2021-05-11,1,treatment,1,0.9573311,1
478103,8,2021-05-27,2021-06-10,-2,2021-04-27,2021-05-11,1,treatment,0,0.04292718,0
482344,8,2021-05-27,2021-06-10,-2,2021-04-27,2021-05-11,1,treatment,0,0.03081881,0
485300,8,2021-05-27,2021-06-10,-2,2021-04-27,2021-05-11,1,treatment,0,0.07187852,0
489145,8,2021-05-27,2021-06-10,-2,2021-04-27,2021-05-11,1,treatment,0,0.070385605,0
490391,8,2021-05-27,2021-06-10,-2,2021-04-27,2021-05-11,1,treatment,0,0.0073348437,0
496573,8,2021-05-27,2021-06-10,-2,2021-04-27,2021-05-11,1,treatment,1,0.92672056,1
507062,8,2021-05-27,2021-06-10,-2,2021-04-27,2021-05-11,1,treatment,0,0.011298807,0
516976,8,2021-05-27,2021-06-10,-2,2021-04-27,2021-05-11,1,treatment,1,0.99615073,1
519526,8,2021-05-27,2021-06-10,-2,2021-04-27,2021-05-11,1,treatment,0,0.0058469023,0
527659,8,2021-05-27,2021-06-10,-2,2021-04-27,2021-05-11,1,treatment,1,0.99977046,1
549716,8,2021-05-27,2021-06-10,-2,2021-04-27,2021-05-11,1,treatment,1,0.962522,1
549890,8,2021-05-27,2021-06-10,-2,2021-04-27,2021-05-11,1,treatment,0,0.03130992,0
556634,8,2021-05-27,2021-06-10,-2,2021-04-27,2021-05-11,1,treatment,1,0.9940759,1
565615,8,2021-05-27,2021-06-10,-2,2021-04-27,2021-05-11,1,treatment,0,0.060957752,0
575403,8,2021-05-27,2021-06-10,-2,2021-04-27,2021-05-11,1,treatment,0,0.022839604,0
586121,8,2021-05-27,2021-06-10,-2,2021-04-27,2021-05-11,1,treatment,0,0.0076507414,0
586657,8,2021-05-27,2021-06-10,-2,2021-04-27,2021-05-11,1,treatment,1,0.961774,1
601687,8,2021-05-27,2021-06-10,-2,2021-04-27,2021-05-11,1,treatment,0,0.16855815,0
602590,8,2021-05-27,2021-06-10,-2,2021-04-27,2021-05-11,1,treatment,1,0.96559584,1
602758,8,2021-05-27,2021-06-10,-2,2021-04-27,2021-05-11,1,treatment,0,0.037925974,0
623408,8,2021-05-27,2021-06-10,-2,2021-04-27,2021-05-11,1,treatment,0,0.009961364,0
626118,8,2021-05-27,2021-06-10,-2,2021-04-27,2021-05-11,1,treatment,0,0.011072459,0
645436,8,2021-05-27,2021-06-10,-2,2021-04-27,2021-05-11,1,treatment,0,0.036508,0
662617,8,2021-05-27,2021-06-10,-2,2021-04-27,2021-05-11,1,treatment,1,0.99888176,1
664457,8,2021-05-27,2021-06-10,-2,2021-04-27,2021-05-11,1,treatment,0,0.027011262,0
666018,8,2021-05-27,2021-06-10,-2,2021-04-27,2021-05-11,1,treatment,0,0.061240472,0
675706,8,2021-05-27,2021-06-10,-2,2021-04-27,2021-05-11,1,treatment,0,0.0016128947,0
681456,8,2021-05-27,2021-06-10,-2,2021-04-27,2021-05-11,1,treatment,0,0.045391317,0
694878,8,2021-05-27,2021-06-10,-2,2021-04-27,2021-05-11,1,treatment,1,0.84225255,1
703715,8,2021-05-27,2021-06-10,-2,2021-04-27,2021-05-11,1,treatment,1,0.90190434,1
720802,8,2021-05-27,2021-06-10,-2,2021-04-27,2021-05-11,1,treatment,1,0.9995653,1
737688,8,2021-05-27,2021-06-10,-2,2021-04-27,2021-05-11,1,treatment,1,0.9903176,1
741988,8,2021-05-27,2021-06-10,-2,2021-04-27,2021-05-11,1,treatment,0,0.039936714,0
745801,8,2021-05-27,2021-06-10,-2,2021-04-27,2021-05-11,1,treatment,0,0.09427056,0
750804,8,2021-05-27,2021-06-10,-2,2021-04-27,2021-05-11,1,treatment,0,0.07583103,0
755004,8,2021-05-27,2021-06-10,-2,2021-04-27,2021-05-11,1,treatment,1,0.99593854,1
757416,8,2021-05-27,2021-06-10,-2,2021-04-27,2021-05-11,1,treatment,0,0.0040807244,0
772395,8,2021-05-27,2021-06-10,-2,2021-04-27,2021-05-11,1,treatment,1,0.9560883,1
772572,8,2021-05-27,2021-06-10,-2,2021-04-27,2021-05-11,1,treatment,0,0.003870455,0
785367,8,2021-05-27,2021-06-10,-2,2021-04-27,2021-05-11,1,treatment,1,0.8843388,1
788532,8,2021-05-27,2021-06-10,-2,2021-04-27,2021-05-11,1,treatment,0,0.01106323,0
798977,8,2021-05-27,2021-06-10,-2,2021-04-27,2021-05-11,1,treatment,0,0.021902954,0
807364,8,2021-05-27,2021-06-10,-2,2021-04-27,2021-05-11,1,treatment,0,0.010080194,0
808098,8,2021-05-27,2021-06-10,-2,2021-04-27,2021-05-11,1,treatment,0,0.09984331,0
809606,8,2021-05-27,2021-06-10,-2,2021-04-27,2021-05-11,1,treatment,0,0.0014194545,0
11867,8,2021-05-27,2021-06-10,-1,2021-05-12,2021-05-26,1,treatment,0,0.31079268,0
22177,8,2021-05-27,2021-06-10,-1,2021-05-12,2021-05-26,1,treatment,0,0.017944718,0
26062,8,2021-05-27,2021-06-10,-1,2021-05-12,2021-05-26,1,treatment,0,0.396599,0
28730,8,2021-05-27,2021-06-10,-1,2021-05-12,2021-05-26,1,treatment,0,0.0031053142,0
30056,8,2021-05-27,2021-06-10,-1,2021-05-12,2021-05-26,1,treatment,0,0.15077586,0
30669,8,2021-05-27,2021-06-10,-1,2021-05-12,2021-05-26,1,treatment,1,0.06760633,0
32568,8,2021-05-27,2021-06-10,-1,2021-05-12,2021-05-26,1,treatment,0,0.09247527,0
37009,8,2021-05-27,2021-06-10,-1,2021-05-12,2021-05-26,1,treatment,0,0.0008103727,0
41839,8,2021-05-27,2021-06-10,-1,2021-05-12,2021-05-26,1,treatment,0,0.10169279,0
48574,8,2021-05-27,2021-06-10,-1,2021-05-12,2021-05-26,1,treatment,0,0.015729673,0
49552,8,2021-05-27,2021-06-10,-1,2021-05-12,2021-05-26,1,treatment,1,0.93220687,1
55849,8,2021-05-27,2021-06-10,-1,2021-05-12,2021-05-26,1,treatment,0,0.23624367,0
59974,8,2021-05-27,2021-06-10,-1,2021-05-12,2021-05-26,1,treatment,0,0.20839162,0
71308,8,2021-05-27,2021-06-10,-1,2021-05-12,2021-05-26,1,treatment,1,0.52871925,1
79888,8,2021-05-27,2021-06-10,-1,2021-05-12,2021-05-26,1,treatment,1,0.9978516,1
82089,8,2021-05-27,2021-06-10,-1,2021-05-12,2021-05-26,1,treatment,1,0.9833762,1
96337,8,2021-05-27,2021-06-10,-1,2021-05-12,2021-05-26,1,treatment,1,0.45911607,0
98577,8,2021-05-27,2021-06-10,-1,2021-05-12,2021-05-26,1,treatment,1,0.7700254,1
107435,8,2021-05-27,2021-06-10,-1,2021-05-12,2021-05-26,1,treatment,0,0.8117722,1
108689,8,2021-05-27,2021-06-10,-1,2021-05-12,2021-05-26,1,treatment,1,0.5459646,1
132932,8,2021-05-27,2021-06-10,-1,2021-05-12,2021-05-26,1,treatment,1,0.9874069,1
150374,8,2021-05-27,2021-06-10,-1,2021-05-12,2021-05-26,1,treatment,0,0.81870383,1
157461,8,2021-05-27,2021-06-10,-1,2021-05-12,2021-05-26,1,treatment,1,0.892419,1
157814,8,2021-05-27,2021-06-10,-1,2021-05-12,2021-05-26,1,treatment,1,0.23916759,0
165178,8,2021-05-27,2021-06-10,-1,2021-05-12,2021-05-26,1,treatment,1,0.9825513,1
170397,8,2021-05-27,2021-06-10,-1,2021-05-12,2021-05-26,1,treatment,0,0.3042022,0
177502,8,2021-05-27,2021-06-10,-1,2021-05-12,2021-05-26,1,treatment,0,0.0036454983,0
187803,8,2021-05-27,2021-06-10,-1,2021-05-12,2021-05-26,1,treatment,0,0.046126854,0
204957,8,2021-05-27,2021-06-10,-1,2021-05-12,2021-05-26,1,treatment,0,0.026270019,0
212071,8,2021-05-27,2021-06-10,-1,2021-05-12,2021-05-26,1,treatment,0,0.0036921722,0
213582,8,2021-05-27,2021-06-10,-1,2021-05-12,2021-05-26,1,treatment,0,0.1937033,0
217090,8,2021-05-27,2021-06-10,-1,2021-05-12,2021-05-26,1,treatment,0,0.009531425,0
226421,8,2021-05-27,2021-06-10,-1,2021-05-12,2021-05-26,1,treatment,0,0.9233599,1
226844,8,2021-05-27,2021-06-10,-1,2021-05-12,2021-05-26,1,treatment,1,0.98017645,1
237260,8,2021-05-27,2021-06-10,-1,2021-05-12,2021-05-26,1,treatment,1,0.6824893,1
240195,8,2021-05-27,2021-06-10,-1,2021-05-12,2021-05-26,1,treatment,0,0.1500264,0
253461,8,2021-05-27,2021-06-10,-1,2021-05-12,2021-05-26,1,treatment,0,0.11049946,0
254601,8,2021-05-27,2021-06-10,-1,2021-05-12,2021-05-26,1,treatment,0,0.3484503,0
258816,8,2021-05-27,2021-06-10,-1,2021-05-12,2021-05-26,1,treatment,0,0.35618418,0
263721,8,2021-05-27,2021-06-10,-1,2021-05-12,2021-05-26,1,treatment,0,0.15081602,0
264935,8,2021-05-27,2021-06-10,-1,2021-05-12,2021-05-26,1,treatment,1,0.004894348,0
270431,8,2021-05-27,2021-06-10,-1,2021-05-12,2021-05-26,1,treatment,0,0.5742836,1
273716,8,2021-05-27,2021-06-10,-1,2021-05-12,2021-05-26,1,treatment,1,0.55892867,1
274385,8,2021-05-27,2021-06-10,-1,2021-05-12,2021-05-26,1,treatment,1,0.01567828,0
276963,8,2021-05-27,2021-06-10,-1,2021-05-12,2021-05-26,1,treatment,0,0.88870835,1
292105,8,2021-05-27,2021-06-10,-1,2021-05-12,2021-05-26,1,treatment,0,0.63178533,1
298883,8,2021-05-27,2021-06-10,-1,2021-05-12,2021-05-26,1,treatment,0,0.0116661545,0
307214,8,2021-05-27,2021-06-10,-1,2021-05-12,2021-05-26,1,treatment,1,0.95230097,1
322414,8,2021-05-27,2021-06-10,-1,2021-05-12,2021-05-26,1,treatment,0,0.5421102,1
325089,8,2021-05-27,2021-06-10,-1,2021-05-12,2021-05-26,1,treatment,0,0.0019371113,0
328199,8,2021-05-27,2021-06-10,-1,2021-05-12,2021-05-26,1,treatment,1,0.99032265,1
346728,8,2021-05-27,2021-06-10,-1,2021-05-12,2021-05-26,1,treatment,0,0.04060754,0
355955,8,2021-05-27,2021-06-10,-1,2021-05-12,2021-05-26,1,treatment,1,0.6580071,1
361589,8,2021-05-27,2021-06-10,-1,2021-05-12,2021-05-26,1,treatment,0,0.10561293,0
362886,8,2021-05-27,2021-06-10,-1,2021-05-12,2021-05-26,1,treatment,1,0.34517792,0
368519,8,2021-05-27,2021-06-10,-1,2021-05-12,2021-05-26,1,treatment,1,0.3638259,0
373342,8,2021-05-27,2021-06-10,-1,2021-05-12,2021-05-26,1,treatment,0,0.0069664107,0
380788,8,2021-05-27,2021-06-10,-1,2021-05-12,2021-05-26,1,treatment,1,0.9992681,1
385125,8,2021-05-27,2021-06-10,-1,2021-05-12,2021-05-26,1,treatment,1,0.9168521,1
391612,8,2021-05-27,2021-06-10,-1,2021-05-12,2021-05-26,1,treatment,0,0.19074659,0
392323,8,2021-05-27,2021-06-10,-1,2021-05-12,2021-05-26,1,treatment,1,0.0010073392,0
393494,8,2021-05-27,2021-06-10,-1,2021-05-12,2021-05-26,1,treatment,1,0.008146426,0
405238,8,2021-05-27,2021-06-10,-1,2021-05-12,2021-05-26,1,treatment,0,0.10979261,0
408635,8,2021-05-27,2021-06-10,-1,2021-05-12,2021-05-26,1,treatment,0,0.05800099,0
416858,8,2021-05-27,2021-06-10,-1,2021-05-12,2021-05-26,1,treatment,0,0.06797153,0
426899,8,2021-05-27,2021-06-10,-1,2021-05-12,2021-05-26,1,treatment,1,0.4153438,0
427449,8,2021-05-27,2021-06-10,-1,2021-05-12,2021-05-26,1,treatment,0,0.09757954,0
429707,8,2021-05-27,2021-06-10,-1,2021-05-12,2021-05-26,1,treatment,1,0.9520742,1
431615,8,2021-05-27,2021-06-10,-1,2021-05-12,2021-05-26,1,treatment,1,0.97044635,1
434189,8,2021-05-27,2021-06-10,-1,2021-05-12,2021-05-26,1,treatment,1,0.9994222,1
435000,8,2021-05-27,2021-06-10,-1,2021-05-12,2021-05-26,1,treatment,0,0.0029453882,0
438027,8,2021-05-27,2021-06-10,-1,2021-05-12,2021-05-26,1,treatment,0,0.0058932495,0
448352,8,2021-05-27,2021-06-10,-1,2021-05-12,2021-05-26,1,treatment,0,0.21796767,0
461863,8,2021-05-27,2021-06-10,-1,2021-05-12,2021-05-26,1,treatment,0,0.03937748,0
463130,8,2021-05-27,2021-06-10,-1,2021-05-12,2021-05-26,1,treatment,0,0.5855578,1
466593,8,2021-05-27,2021-06-10,-1,2021-05-12,2021-05-26,1,treatment,1,0.62149864,1
468606,8,2021-05-27,2021-06-10,-1,2021-05-12,2021-05-26,1,treatment,0,0.0022919853,0
477396,8,2021-05-27,2021-06-10,-1,2021-05-12,2021-05-26,1,treatment,1,0.8614621,1
478103,8,2021-05-27,2021-06-10,-1,2021-05-12,2021-05-26,1,treatment,0,0.042929742,0
482344,8,2021-05-27,2021-06-10,-1,2021-05-12,2021-05-26,1,treatment,0,0.0765078,0
485300,8,2021-05-27,2021-06-10,-1,2021-05-12,2021-05-26,1,treatment,0,0.13432491,0
489145,8,2021-05-27,2021-06-10,-1,2021-05-12,2021-05-26,1,treatment,0,0.2554922,0
490391,8,2021-05-27,2021-06-10,-1,2021-05-12,2021-05-26,1,treatment,1,0.017474622,0
496573,8,2021-05-27,2021-06-10,-1,2021-05-12,2021-05-26,1,treatment,0,0.79108185,1
507062,8,2021-05-27,2021-06-10,-1,2021-05-12,2021-05-26,1,treatment,0,0.0022468271,0
516976,8,2021-05-27,2021-06-10,-1,2021-05-12,2021-05-26,1,treatment,1,0.9495495,1
519526,8,2021-05-27,2021-06-10,-1,2021-05-12,2021-05-26,1,treatment,0,0.007649127,0
527659,8,2021-05-27,2021-06-10,-1,2021-05-12,2021-05-26,1,treatment,0,0.9460947,1
549716,8,2021-05-27,2021-06-10,-1,2021-05-12,2021-05-26,1,treatment,0,0.12934887,0
549890,8,2021-05-27,2021-06-10,-1,2021-05-12,2021-05-26,1,treatment,0,0.39849234,0
556634,8,2021-05-27,2021-06-10,-1,2021-05-12,2021-05-26,1,treatment,1,0.9937265,1
565615,8,2021-05-27,2021-06-10,-1,2021-05-12,2021-05-26,1,treatment,0,0.03638156,0
575403,8,2021-05-27,2021-06-10,-1,2021-05-12,2021-05-26,1,treatment,1,0.03184294,0
586121,8,2021-05-27,2021-06-10,-1,2021-05-12,2021-05-26,1,treatment,0,0.009832233,0
586657,8,2021-05-27,2021-06-10,-1,2021-05-12,2021-05-26,1,treatment,1,0.9423826,1
601687,8,2021-05-27,2021-06-10,-1,2021-05-12,2021-05-26,1,treatment,0,0.0951278,0
602590,8,2021-05-27,2021-06-10,-1,2021-05-12,2021-05-26,1,treatment,1,0.9839632,1
602758,8,2021-05-27,2021-06-10,-1,2021-05-12,2021-05-26,1,treatment,1,0.10843202,0
623408,8,2021-05-27,2021-06-10,-1,2021-05-12,2021-05-26,1,treatment,0,0.0059253285,0
626118,8,2021-05-27,2021-06-10,-1,2021-05-12,2021-05-26,1,treatment,1,0.0051771947,0
645436,8,2021-05-27,2021-06-10,-1,2021-05-12,2021-05-26,1,treatment,0,0.016667722,0
662617,8,2021-05-27,2021-06-10,-1,2021-05-12,2021-05-26,1,treatment,1,0.9884702,1
664457,8,2021-05-27,2021-06-10,-1,2021-05-12,2021-05-26,1,treatment,1,0.23175439,0
666018,8,2021-05-27,2021-06-10,-1,2021-05-12,2021-05-26,1,treatment,1,0.025301114,0
675706,8,2021-05-27,2021-06-10,-1,2021-05-12,2021-05-26,1,treatment,0,0.010007144,0
681456,8,2021-05-27,2021-06-10,-1,2021-05-12,2021-05-26,1,treatment,1,0.33672515,0
694878,8,2021-05-27,2021-06-10,-1,2021-05-12,2021-05-26,1,treatment,0,0.10695585,0
703715,8,2021-05-27,2021-06-10,-1,2021-05-12,2021-05-26,1,treatment,0,0.36389583,0
720802,8,2021-05-27,2021-06-10,-1,2021-05-12,2021-05-26,1,treatment,1,0.9962632,1
737688,8,2021-05-27,2021-06-10,-1,2021-05-12,2021-05-26,1,treatment,1,0.98979074,1
741988,8,2021-05-27,2021-06-10,-1,2021-05-12,2021-05-26,1,treatment,0,0.05146086,0
745801,8,2021-05-27,2021-06-10,-1,2021-05-12,2021-05-26,1,treatment,0,0.19019291,0
750804,8,2021-05-27,2021-06-10,-1,2021-05-12,2021-05-26,1,treatment,0,0.22961846,0
755004,8,2021-05-27,2021-06-10,-1,2021-05-12,2021-05-26,1,treatment,0,0.5358584,1
757416,8,2021-05-27,2021-06-10,-1,2021-05-12,2021-05-26,1,treatment,0,0.07911577,0
772395,8,2021-05-27,2021-06-10,-1,2021-05-12,2021-05-26,1,treatment,1,0.88655114,1
772572,8,2021-05-27,2021-06-10,-1,2021-05-12,2021-05-26,1,treatment,0,0.006224861,0
785367,8,2021-05-27,2021-06-10,-1,2021-05-12,2021-05-26,1,treatment,0,0.68785864,1
788532,8,2021-05-27,2021-06-10,-1,2021-05-12,2021-05-26,1,treatment,1,0.07715412,0
798977,8,2021-05-27,2021-06-10,-1,2021-05-12,2021-05-26,1,treatment,0,0.09170237,0
807364,8,2021-05-27,2021-06-10,-1,2021-05-12,2021-05-26,1,treatment,0,0.007918686,0
808098,8,2021-05-27,2021-06-10,-1,2021-05-12,2021-05-26,1,treatment,0,0.13755447,0
809606,8,2021-05-27,2021-06-10,-1,2021-05-12,2021-05-26,1,treatment,0,0.0017762944,0
934,8,2021-05-27,2021-06-10,-4,2021-03-28,2021-04-11,0,control,0,0.004914496,0
2295,8,2021-05-27,2021-06-10,-4,2021-03-28,2021-04-11,0,control,0,0.06452326,0
3869,8,2021-05-27,2021-06-10,-4,2021-03-28,2021-04-11,0,control,1,0.90947497,1
6344,8,2021-05-27,2021-06-10,-4,2021-03-28,2021-04-11,0,control,0,0.0049354252,0
6672,8,2021-05-27,2021-06-10,-4,2021-03-28,2021-04-11,0,control,0,0.0020940148,0
9295,8,2021-05-27,2021-06-10,-4,2021-03-28,2021-04-11,0,control,0,0.16994348,0
13707,8,2021-05-27,2021-06-10,-4,2021-03-28,2021-04-11,0,control,0,0.008888922,0
14712,8,2021-05-27,2021-06-10,-4,2021-03-28,2021-04-11,0,control,1,0.93249154,1
15556,8,2021-05-27,2021-06-10,-4,2021-03-28,2021-04-11,0,control,1,0.9651652,1
17560,8,2021-05-27,2021-06-10,-4,2021-03-28,2021-04-11,0,control,0,0.1076611,0
20099,8,2021-05-27,2021-06-10,-4,2021-03-28,2021-04-11,0,control,1,0.9236255,1
22317,8,2021-05-27,2021-06-10,-4,2021-03-28,2021-04-11,0,control,1,0.971247,1
23111,8,2021-05-27,2021-06-10,-4,2021-03-28,2021-04-11,0,control,1,0.9899305,1
24438,8,2021-05-27,2021-06-10,-4,2021-03-28,2021-04-11,0,control,0,0.12299261,0
25676,8,2021-05-27,2021-06-10,-4,2021-03-28,2021-04-11,0,control,1,0.9575154,1
25739,8,2021-05-27,2021-06-10,-4,2021-03-28,2021-04-11,0,control,1,0.9760023,1
26940,8,2021-05-27,2021-06-10,-4,2021-03-28,2021-04-11,0,control,0,0.06806151,0
27526,8,2021-05-27,2021-06-10,-4,2021-03-28,2021-04-11,0,control,0,0.010218098,0
27598,8,2021-05-27,2021-06-10,-4,2021-03-28,2021-04-11,0,control,1,0.9697705,1
27840,8,2021-05-27,2021-06-10,-4,2021-03-28,2021-04-11,0,control,0,0.022772528,0
33227,8,2021-05-27,2021-06-10,-4,2021-03-28,2021-04-11,0,control,0,0.047645763,0
38482,8,2021-05-27,2021-06-10,-4,2021-03-28,2021-04-11,0,control,0,0.047599684,0
42049,8,2021-05-27,2021-06-10,-4,2021-03-28,2021-04-11,0,control,1,0.84864837,1
44311,8,2021-05-27,2021-06-10,-4,2021-03-28,2021-04-11,0,control,1,0.9862412,1
46035,8,2021-05-27,2021-06-10,-4,2021-03-28,2021-04-11,0,control,1,0.9104787,1
51764,8,2021-05-27,2021-06-10,-4,2021-03-28,2021-04-11,0,control,0,0.01373876,0
55879,8,2021-05-27,2021-06-10,-4,2021-03-28,2021-04-11,0,control,0,0.016575882,0
57016,8,2021-05-27,2021-06-10,-4,2021-03-28,2021-04-11,0,control,0,0.018455664,0
57221,8,2021-05-27,2021-06-10,-4,2021-03-28,2021-04-11,0,control,1,0.9945378,1
59944,8,2021-05-27,2021-06-10,-4,2021-03-28,2021-04-11,0,control,1,0.99250376,1
61156,8,2021-05-27,2021-06-10,-4,2021-03-28,2021-04-11,0,control,0,0.044186134,0
62081,8,2021-05-27,2021-06-10,-4,2021-03-28,2021-04-11,0,control,1,0.98270583,1
63931,8,2021-05-27,2021-06-10,-4,2021-03-28,2021-04-11,0,control,1,0.9696333,1
65826,8,2021-05-27,2021-06-10,-4,2021-03-28,2021-04-11,0,control,0,0.01215037,0
67073,8,2021-05-27,2021-06-10,-4,2021-03-28,2021-04-11,0,control,0,0.08695514,0
68382,8,2021-05-27,2021-06-10,-4,2021-03-28,2021-04-11,0,control,0,0.0045679,0
69282,8,2021-05-27,2021-06-10,-4,2021-03-28,2021-04-11,0,control,0,0.11711895,0
70256,8,2021-05-27,2021-06-10,-4,2021-03-28,2021-04-11,0,control,1,0.84754217,1
70385,8,2021-05-27,2021-06-10,-4,2021-03-28,2021-04-11,0,control,0,0.06527816,0
70718,8,2021-05-27,2021-06-10,-4,2021-03-28,2021-04-11,0,control,0,0.04279692,0
71494,8,2021-05-27,2021-06-10,-4,2021-03-28,2021-04-11,0,control,1,0.83684784,1
73361,8,2021-05-27,2021-06-10,-4,2021-03-28,2021-04-11,0,control,1,0.9758051,1
73821,8,2021-05-27,2021-06-10,-4,2021-03-28,2021-04-11,0,control,1,0.99598384,1
77112,8,2021-05-27,2021-06-10,-4,2021-03-28,2021-04-11,0,control,0,0.022690067,0
79354,8,2021-05-27,2021-06-10,-4,2021-03-28,2021-04-11,0,control,1,0.9925281,1
81175,8,2021-05-27,2021-06-10,-4,2021-03-28,2021-04-11,0,control,0,0.1332691,0
81517,8,2021-05-27,2021-06-10,-4,2021-03-28,2021-04-11,0,control,1,0.9689224,1
86528,8,2021-05-27,2021-06-10,-4,2021-03-28,2021-04-11,0,control,1,0.9635194,1
87628,8,2021-05-27,2021-06-10,-4,2021-03-28,2021-04-11,0,control,0,0.0346773,0
88354,8,2021-05-27,2021-06-10,-4,2021-03-28,2021-04-11,0,control,0,0.0945041,0
97677,8,2021-05-27,2021-06-10,-4,2021-03-28,2021-04-11,0,control,0,0.09242397,0
100879,8,2021-05-27,2021-06-10,-4,2021-03-28,2021-04-11,0,control,0,0.04266198,0
104025,8,2021-05-27,2021-06-10,-4,2021-03-28,2021-04-11,0,control,0,0.07478806,0
106781,8,2021-05-27,2021-06-10,-4,2021-03-28,2021-04-11,0,control,0,0.019006886,0
108654,8,2021-05-27,2021-06-10,-4,2021-03-28,2021-04-11,0,control,0,0.005758616,0
108991,8,2021-05-27,2021-06-10,-4,2021-03-28,2021-04-11,0,control,0,0.0066450997,0
110624,8,2021-05-27,2021-06-10,-4,2021-03-28,2021-04-11,0,control,0,0.022278596,0
112733,8,2021-05-27,2021-06-10,-4,2021-03-28,2021-04-11,0,control,0,0.04327538,0
113596,8,2021-05-27,2021-06-10,-4,2021-03-28,2021-04-11,0,control,1,0.966575,1
113661,8,2021-05-27,2021-06-10,-4,2021-03-28,2021-04-11,0,control,1,0.9991291,1
114301,8,2021-05-27,2021-06-10,-4,2021-03-28,2021-04-11,0,control,0,0.048204973,0
118237,8,2021-05-27,2021-06-10,-4,2021-03-28,2021-04-11,0,control,1,0.95986605,1
118523,8,2021-05-27,2021-06-10,-4,2021-03-28,2021-04-11,0,control,1,0.9819806,1
119675,8,2021-05-27,2021-06-10,-4,2021-03-28,2021-04-11,0,control,1,0.9792198,1
120122,8,2021-05-27,2021-06-10,-4,2021-03-28,2021-04-11,0,control,1,0.97747487,1
122255,8,2021-05-27,2021-06-10,-4,2021-03-28,2021-04-11,0,control,1,0.96804327,1
122384,8,2021-05-27,2021-06-10,-4,2021-03-28,2021-04-11,0,control,1,0.99957186,1
122950,8,2021-05-27,2021-06-10,-4,2021-03-28,2021-04-11,0,control,1,0.99537873,1
122959,8,2021-05-27,2021-06-10,-4,2021-03-28,2021-04-11,0,control,1,0.866906,1
126123,8,2021-05-27,2021-06-10,-4,2021-03-28,2021-04-11,0,control,1,0.92391276,1
126569,8,2021-05-27,2021-06-10,-4,2021-03-28,2021-04-11,0,control,0,0.02099464,0
126631,8,2021-05-27,2021-06-10,-4,2021-03-28,2021-04-11,0,control,0,0.087033205,0
127888,8,2021-05-27,2021-06-10,-4,2021-03-28,2021-04-11,0,control,0,0.007050076,0
128050,8,2021-05-27,2021-06-10,-4,2021-03-28,2021-04-11,0,control,0,0.011668474,0
129869,8,2021-05-27,2021-06-10,-4,2021-03-28,2021-04-11,0,control,1,0.99161386,1
130530,8,2021-05-27,2021-06-10,-4,2021-03-28,2021-04-11,0,control,0,0.09772198,0
132321,8,2021-05-27,2021-06-10,-4,2021-03-28,2021-04-11,0,control,1,0.93796927,1
137215,8,2021-05-27,2021-06-10,-4,2021-03-28,2021-04-11,0,control,1,0.9132926,1
137811,8,2021-05-27,2021-06-10,-4,2021-03-28,2021-04-11,0,control,1,0.98710674,1
138020,8,2021-05-27,2021-06-10,-4,2021-03-28,2021-04-11,0,control,0,0.15825492,0
138226,8,2021-05-27,2021-06-10,-4,2021-03-28,2021-04-11,0,control,0,0.03602454,0
139869,8,2021-05-27,2021-06-10,-4,2021-03-28,2021-04-11,0,control,1,0.97737294,1
140482,8,2021-05-27,2021-06-10,-4,2021-03-28,2021-04-11,0,control,0,0.045964252,0
140830,8,2021-05-27,2021-06-10,-4,2021-03-28,2021-04-11,0,control,0,0.069415905,0
142910,8,2021-05-27,2021-06-10,-4,2021-03-28,2021-04-11,0,control,1,0.9676272,1
143266,8,2021-05-27,2021-06-10,-4,2021-03-28,2021-04-11,0,control,0,0.14416641,0
147344,8,2021-05-27,2021-06-10,-4,2021-03-28,2021-04-11,0,control,1,0.92692107,1
149564,8,2021-05-27,2021-06-10,-4,2021-03-28,2021-04-11,0,control,1,0.99220324,1
149709,8,2021-05-27,2021-06-10,-4,2021-03-28,2021-04-11,0,control,0,0.08947239,0
149848,8,2021-05-27,2021-06-10,-4,2021-03-28,2021-04-11,0,control,0,0.04144789,0
152056,8,2021-05-27,2021-06-10,-4,2021-03-28,2021-04-11,0,control,0,0.05088422,0
153265,8,2021-05-27,2021-06-10,-4,2021-03-28,2021-04-11,0,control,0,0.13275985,0
155922,8,2021-05-27,2021-06-10,-4,2021-03-28,2021-04-11,0,control,0,0.0046520843,0
157256,8,2021-05-27,2021-06-10,-4,2021-03-28,2021-04-11,0,control,1,0.9663181,1
158605,8,2021-05-27,2021-06-10,-4,2021-03-28,2021-04-11,0,control,0,0.04174829,0
161410,8,2021-05-27,2021-06-10,-4,2021-03-28,2021-04-11,0,control,1,0.98682994,1
162039,8,2021-05-27,2021-06-10,-4,2021-03-28,2021-04-11,0,control,0,0.26744127,0
164557,8,2021-05-27,2021-06-10,-4,2021-03-28,2021-04-11,0,control,1,0.9900996,1
166306,8,2021-05-27,2021-06-10,-4,2021-03-28,2021-04-11,0,control,1,0.98415226,1
170825,8,2021-05-27,2021-06-10,-4,2021-03-28,2021-04-11,0,control,1,0.9171944,1
170888,8,2021-05-27,2021-06-10,-4,2021-03-28,2021-04-11,0,control,0,0.05700482,0
173743,8,2021-05-27,2021-06-10,-4,2021-03-28,2021-04-11,0,control,1,0.948085,1
173755,8,2021-05-27,2021-06-10,-4,2021-03-28,2021-04-11,0,control,1,0.9798589,1
174520,8,2021-05-27,2021-06-10,-4,2021-03-28,2021-04-11,0,control,1,0.9893588,1
175150,8,2021-05-27,2021-06-10,-4,2021-03-28,2021-04-11,0,control,0,0.0056833574,0
175518,8,2021-05-27,2021-06-10,-4,2021-03-28,2021-04-11,0,control,1,0.9907268,1
176308,8,2021-05-27,2021-06-10,-4,2021-03-28,2021-04-11,0,control,0,0.027235877,0
177809,8,2021-05-27,2021-06-10,-4,2021-03-28,2021-04-11,0,control,0,0.053303733,0
181156,8,2021-05-27,2021-06-10,-4,2021-03-28,2021-04-11,0,control,0,0.06715236,0
181264,8,2021-05-27,2021-06-10,-4,2021-03-28,2021-04-11,0,control,1,0.9412493,1
183006,8,2021-05-27,2021-06-10,-4,2021-03-28,2021-04-11,0,control,0,0.11536253,0
184021,8,2021-05-27,2021-06-10,-4,2021-03-28,2021-04-11,0,control,0,0.008192441,0
185542,8,2021-05-27,2021-06-10,-4,2021-03-28,2021-04-11,0,control,0,0.017688131,0
188158,8,2021-05-27,2021-06-10,-4,2021-03-28,2021-04-11,0,control,1,0.89233375,1
188466,8,2021-05-27,2021-06-10,-4,2021-03-28,2021-04-11,0,control,0,0.0069051394,0
189451,8,2021-05-27,2021-06-10,-4,2021-03-28,2021-04-11,0,control,0,0.009087996,0
190066,8,2021-05-27,2021-06-10,-4,2021-03-28,2021-04-11,0,control,0,0.015894065,0
191376,8,2021-05-27,2021-06-10,-4,2021-03-28,2021-04-11,0,control,0,0.059687953,0
193340,8,2021-05-27,2021-06-10,-4,2021-03-28,2021-04-11,0,control,0,0.10528916,0
194606,8,2021-05-27,2021-06-10,-4,2021-03-28,2021-04-11,0,control,0,0.03154027,0
195176,8,2021-05-27,2021-06-10,-4,2021-03-28,2021-04-11,0,control,0,0.03608167,0
199666,8,2021-05-27,2021-06-10,-4,2021-03-28,2021-04-11,0,control,0,0.03397922,0
200881,8,2021-05-27,2021-06-10,-4,2021-03-28,2021-04-11,0,control,0,0.038132828,0
201532,8,2021-05-27,2021-06-10,-4,2021-03-28,2021-04-11,0,control,1,0.99246985,1
202156,8,2021-05-27,2021-06-10,-4,2021-03-28,2021-04-11,0,control,0,0.01799168,0
202487,8,2021-05-27,2021-06-10,-4,2021-03-28,2021-04-11,0,control,1,0.9637842,1
203498,8,2021-05-27,2021-06-10,-4,2021-03-28,2021-04-11,0,control,0,0.007868881,0
203601,8,2021-05-27,2021-06-10,-4,2021-03-28,2021-04-11,0,control,1,0.897863,1
207230,8,2021-05-27,2021-06-10,-4,2021-03-28,2021-04-11,0,control,0,0.0030070664,0
207543,8,2021-05-27,2021-06-10,-4,2021-03-28,2021-04-11,0,control,0,0.012050741,0
209601,8,2021-05-27,2021-06-10,-4,2021-03-28,2021-04-11,0,control,0,0.0014387866,0
210477,8,2021-05-27,2021-06-10,-4,2021-03-28,2021-04-11,0,control,1,0.9747907,1
211152,8,2021-05-27,2021-06-10,-4,2021-03-28,2021-04-11,0,control,0,0.0014081883,0
212967,8,2021-05-27,2021-06-10,-4,2021-03-28,2021-04-11,0,control,1,0.99595755,1
214918,8,2021-05-27,2021-06-10,-4,2021-03-28,2021-04-11,0,control,0,0.26480937,0
215764,8,2021-05-27,2021-06-10,-4,2021-03-28,2021-04-11,0,control,0,0.09174921,0
216889,8,2021-05-27,2021-06-10,-4,2021-03-28,2021-04-11,0,control,1,0.9922396,1
218979,8,2021-05-27,2021-06-10,-4,2021-03-28,2021-04-11,0,control,1,0.9934715,1
219649,8,2021-05-27,2021-06-10,-4,2021-03-28,2021-04-11,0,control,1,0.9821805,1
220698,8,2021-05-27,2021-06-10,-4,2021-03-28,2021-04-11,0,control,1,0.9524261,1
220958,8,2021-05-27,2021-06-10,-4,2021-03-28,2021-04-11,0,control,1,0.9588141,1
222069,8,2021-05-27,2021-06-10,-4,2021-03-28,2021-04-11,0,control,0,0.06571833,0
222207,8,2021-05-27,2021-06-10,-4,2021-03-28,2021-04-11,0,control,1,0.9820842,1
223848,8,2021-05-27,2021-06-10,-4,2021-03-28,2021-04-11,0,control,1,0.97244316,1
225603,8,2021-05-27,2021-06-10,-4,2021-03-28,2021-04-11,0,control,0,0.06721999,0
226203,8,2021-05-27,2021-06-10,-4,2021-03-28,2021-04-11,0,control,0,0.0841881,0
226524,8,2021-05-27,2021-06-10,-4,2021-03-28,2021-04-11,0,control,1,0.97174984,1
230166,8,2021-05-27,2021-06-10,-4,2021-03-28,2021-04-11,0,control,0,0.015314608,0
230992,8,2021-05-27,2021-06-10,-4,2021-03-28,2021-04-11,0,control,1,0.9706392,1
232111,8,2021-05-27,2021-06-10,-4,2021-03-28,2021-04-11,0,control,0,0.047960866,0
232259,8,2021-05-27,2021-06-10,-4,2021-03-28,2021-04-11,0,control,0,0.030623887,0
234250,8,2021-05-27,2021-06-10,-4,2021-03-28,2021-04-11,0,control,1,0.9859936,1
234456,8,2021-05-27,2021-06-10,-4,2021-03-28,2021-04-11,0,control,0,0.05501111,0
237344,8,2021-05-27,2021-06-10,-4,2021-03-28,2021-04-11,0,control,1,0.7958376,1
238405,8,2021-05-27,2021-06-10,-4,2021-03-28,2021-04-11,0,control,0,0.0025726773,0
243214,8,2021-05-27,2021-06-10,-4,2021-03-28,2021-04-11,0,control,0,0.033964057,0
243715,8,2021-05-27,2021-06-10,-4,2021-03-28,2021-04-11,0,control,1,0.99253297,1
244404,8,2021-05-27,2021-06-10,-4,2021-03-28,2021-04-11,0,control,1,0.9621604,1
245393,8,2021-05-27,2021-06-10,-4,2021-03-28,2021-04-11,0,control,1,0.9089547,1
245761,8,2021-05-27,2021-06-10,-4,2021-03-28,2021-04-11,0,control,1,0.97631705,1
246604,8,2021-05-27,2021-06-10,-4,2021-03-28,2021-04-11,0,control,0,0.15774013,0
247252,8,2021-05-27,2021-06-10,-4,2021-03-28,2021-04-11,0,control,1,0.94395787,1
248931,8,2021-05-27,2021-06-10,-4,2021-03-28,2021-04-11,0,control,0,0.013921552,0
250258,8,2021-05-27,2021-06-10,-4,2021-03-28,2021-04-11,0,control,0,0.0012459448,0
253237,8,2021-05-27,2021-06-10,-4,2021-03-28,2021-04-11,0,control,1,0.9659724,1
254768,8,2021-05-27,2021-06-10,-4,2021-03-28,2021-04-11,0,control,0,0.059264284,0
257282,8,2021-05-27,2021-06-10,-4,2021-03-28,2021-04-11,0,control,1,0.9692515,1
260040,8,2021-05-27,2021-06-10,-4,2021-03-28,2021-04-11,0,control,0,0.041118894,0
260277,8,2021-05-27,2021-06-10,-4,2021-03-28,2021-04-11,0,control,0,0.05702757,0
261450,8,2021-05-27,2021-06-10,-4,2021-03-28,2021-04-11,0,control,1,0.95786136,1
262162,8,2021-05-27,2021-06-10,-4,2021-03-28,2021-04-11,0,control,1,0.9974362,1
262607,8,2021-05-27,2021-06-10,-4,2021-03-28,2021-04-11,0,control,0,0.116156876,0
263515,8,2021-05-27,2021-06-10,-4,2021-03-28,2021-04-11,0,control,0,0.14478685,0
263688,8,2021-05-27,2021-06-10,-4,2021-03-28,2021-04-11,0,control,0,0.09356649,0
264158,8,2021-05-27,2021-06-10,-4,2021-03-28,2021-04-11,0,control,0,0.0075926785,0
267862,8,2021-05-27,2021-06-10,-4,2021-03-28,2021-04-11,0,control,0,0.0010107321,0
271625,8,2021-05-27,2021-06-10,-4,2021-03-28,2021-04-11,0,control,0,0.064277895,0
272705,8,2021-05-27,2021-06-10,-4,2021-03-28,2021-04-11,0,control,0,0.12925941,0
273115,8,2021-05-27,2021-06-10,-4,2021-03-28,2021-04-11,0,control,0,0.010067912,0
273125,8,2021-05-27,2021-06-10,-4,2021-03-28,2021-04-11,0,control,0,0.025036821,0
273631,8,2021-05-27,2021-06-10,-4,2021-03-28,2021-04-11,0,control,0,0.0056293043,0
274088,8,2021-05-27,2021-06-10,-4,2021-03-28,2021-04-11,0,control,0,0.0509423,0
275284,8,2021-05-27,2021-06-10,-4,2021-03-28,2021-04-11,0,control,1,0.8764423,1
275665,8,2021-05-27,2021-06-10,-4,2021-03-28,2021-04-11,0,control,0,0.10167648,0
277476,8,2021-05-27,2021-06-10,-4,2021-03-28,2021-04-11,0,control,0,0.027155824,0
280547,8,2021-05-27,2021-06-10,-4,2021-03-28,2021-04-11,0,control,0,0.008925035,0
282172,8,2021-05-27,2021-06-10,-4,2021-03-28,2021-04-11,0,control,0,0.02340285,0
285777,8,2021-05-27,2021-06-10,-4,2021-03-28,2021-04-11,0,control,1,0.97152865,1
286304,8,2021-05-27,2021-06-10,-4,2021-03-28,2021-04-11,0,control,0,0.06488754,0
286671,8,2021-05-27,2021-06-10,-4,2021-03-28,2021-04-11,0,control,0,0.10177643,0
287998,8,2021-05-27,2021-06-10,-4,2021-03-28,2021-04-11,0,control,0,0.04181061,0
288836,8,2021-05-27,2021-06-10,-4,2021-03-28,2021-04-11,0,control,1,0.9820478,1
289368,8,2021-05-27,2021-06-10,-4,2021-03-28,2021-04-11,0,control,1,0.9208886,1
292523,8,2021-05-27,2021-06-10,-4,2021-03-28,2021-04-11,0,control,1,0.973584,1
293947,8,2021-05-27,2021-06-10,-4,2021-03-28,2021-04-11,0,control,0,0.014543682,0
297096,8,2021-05-27,2021-06-10,-4,2021-03-28,2021-04-11,0,control,0,0.007108066,0
297632,8,2021-05-27,2021-06-10,-4,2021-03-28,2021-04-11,0,control,1,0.9918208,1
298083,8,2021-05-27,2021-06-10,-4,2021-03-28,2021-04-11,0,control,0,0.07073542,0
299631,8,2021-05-27,2021-06-10,-4,2021-03-28,2021-04-11,0,control,1,0.94966775,1
300232,8,2021-05-27,2021-06-10,-4,2021-03-28,2021-04-11,0,control,0,0.21714705,0
309501,8,2021-05-27,2021-06-10,-4,2021-03-28,2021-04-11,0,control,1,0.93446416,1
310872,8,2021-05-27,2021-06-10,-4,2021-03-28,2021-04-11,0,control,1,0.96515787,1
311115,8,2021-05-27,2021-06-10,-4,2021-03-28,2021-04-11,0,control,1,0.95491755,1
313582,8,2021-05-27,2021-06-10,-4,2021-03-28,2021-04-11,0,control,1,0.98951834,1
314627,8,2021-05-27,2021-06-10,-4,2021-03-28,2021-04-11,0,control,0,0.04017441,0
317139,8,2021-05-27,2021-06-10,-4,2021-03-28,2021-04-11,0,control,1,0.90132254,1
317755,8,2021-05-27,2021-06-10,-4,2021-03-28,2021-04-11,0,control,0,0.026823387,0
318813,8,2021-05-27,2021-06-10,-4,2021-03-28,2021-04-11,0,control,1,0.93751967,1
319128,8,2021-05-27,2021-06-10,-4,2021-03-28,2021-04-11,0,control,0,0.0044575008,0
320817,8,2021-05-27,2021-06-10,-4,2021-03-28,2021-04-11,0,control,1,0.975183,1
321238,8,2021-05-27,2021-06-10,-4,2021-03-28,2021-04-11,0,control,0,0.01491858,0
323763,8,2021-05-27,2021-06-10,-4,2021-03-28,2021-04-11,0,control,1,0.92722315,1
324576,8,2021-05-27,2021-06-10,-4,2021-03-28,2021-04-11,0,control,1,0.9276848,1
325737,8,2021-05-27,2021-06-10,-4,2021-03-28,2021-04-11,0,control,1,0.9660954,1
329705,8,2021-05-27,2021-06-10,-4,2021-03-28,2021-04-11,0,control,0,0.0376376,0
329718,8,2021-05-27,2021-06-10,-4,2021-03-28,2021-04-11,0,control,0,0.028075108,0
331496,8,2021-05-27,2021-06-10,-4,2021-03-28,2021-04-11,0,control,1,0.9548811,1
332210,8,2021-05-27,2021-06-10,-4,2021-03-28,2021-04-11,0,control,1,0.9923259,1
333603,8,2021-05-27,2021-06-10,-4,2021-03-28,2021-04-11,0,control,0,0.061567426,0
334032,8,2021-05-27,2021-06-10,-4,2021-03-28,2021-04-11,0,control,1,0.94840133,1
334099,8,2021-05-27,2021-06-10,-4,2021-03-28,2021-04-11,0,control,0,0.013747964,0
336493,8,2021-05-27,2021-06-10,-4,2021-03-28,2021-04-11,0,control,1,0.90335464,1
336759,8,2021-05-27,2021-06-10,-4,2021-03-28,2021-04-11,0,control,1,0.96128505,1
339590,8,2021-05-27,2021-06-10,-4,2021-03-28,2021-04-11,0,control,0,0.034609232,0
340042,8,2021-05-27,2021-06-10,-4,2021-03-28,2021-04-11,0,control,1,0.96547025,1
340586,8,2021-05-27,2021-06-10,-4,2021-03-28,2021-04-11,0,control,1,0.8329817,1
341153,8,2021-05-27,2021-06-10,-4,2021-03-28,2021-04-11,0,control,1,0.9729435,1
341457,8,2021-05-27,2021-06-10,-4,2021-03-28,2021-04-11,0,control,0,0.020376889,0
342618,8,2021-05-27,2021-06-10,-4,2021-03-28,2021-04-11,0,control,1,0.9281138,1
342676,8,2021-05-27,2021-06-10,-4,2021-03-28,2021-04-11,0,control,0,0.061182555,0
343104,8,2021-05-27,2021-06-10,-4,2021-03-28,2021-04-11,0,control,1,0.9695636,1
344893,8,2021-05-27,2021-06-10,-4,2021-03-28,2021-04-11,0,control,1,0.8883493,1
353359,8,2021-05-27,2021-06-10,-4,2021-03-28,2021-04-11,0,control,1,0.9356021,1
353387,8,2021-05-27,2021-06-10,-4,2021-03-28,2021-04-11,0,control,0,0.100706294,0
354636,8,2021-05-27,2021-06-10,-4,2021-03-28,2021-04-11,0,control,0,0.05878595,0
355050,8,2021-05-27,2021-06-10,-4,2021-03-28,2021-04-11,0,control,0,0.02859944,0
357538,8,2021-05-27,2021-06-10,-4,2021-03-28,2021-04-11,0,control,0,0.014693006,0
358656,8,2021-05-27,2021-06-10,-4,2021-03-28,2021-04-11,0,control,0,0.00812263,0
362285,8,2021-05-27,2021-06-10,-4,2021-03-28,2021-04-11,0,control,0,0.024782432,0
367275,8,2021-05-27,2021-06-10,-4,2021-03-28,2021-04-11,0,control,0,0.10839132,0
369412,8,2021-05-27,2021-06-10,-4,2021-03-28,2021-04-11,0,control,1,0.8567233,1
369788,8,2021-05-27,2021-06-10,-4,2021-03-28,2021-04-11,0,control,1,0.9316663,1
371614,8,2021-05-27,2021-06-10,-4,2021-03-28,2021-04-11,0,control,0,0.04224841,0
373340,8,2021-05-27,2021-06-10,-4,2021-03-28,2021-04-11,0,control,0,0.03732091,0
374135,8,2021-05-27,2021-06-10,-4,2021-03-28,2021-04-11,0,control,0,0.07188662,0
375905,8,2021-05-27,2021-06-10,-4,2021-03-28,2021-04-11,0,control,0,0.0107690785,0
376999,8,2021-05-27,2021-06-10,-4,2021-03-28,2021-04-11,0,control,0,0.043415844,0
378401,8,2021-05-27,2021-06-10,-4,2021-03-28,2021-04-11,0,control,1,0.95153856,1
378517,8,2021-05-27,2021-06-10,-4,2021-03-28,2021-04-11,0,control,1,0.98948133,1
380338,8,2021-05-27,2021-06-10,-4,2021-03-28,2021-04-11,0,control,1,0.8344167,1
383817,8,2021-05-27,2021-06-10,-4,2021-03-28,2021-04-11,0,control,1,0.9791412,1
384509,8,2021-05-27,2021-06-10,-4,2021-03-28,2021-04-11,0,control,0,0.05480214,0
384608,8,2021-05-27,2021-06-10,-4,2021-03-28,2021-04-11,0,control,1,0.9745062,1
386574,8,2021-05-27,2021-06-10,-4,2021-03-28,2021-04-11,0,control,0,0.0036283887,0
387140,8,2021-05-27,2021-06-10,-4,2021-03-28,2021-04-11,0,control,0,0.017095555,0
387500,8,2021-05-27,2021-06-10,-4,2021-03-28,2021-04-11,0,control,0,0.0030997647,0
387981,8,2021-05-27,2021-06-10,-4,2021-03-28,2021-04-11,0,control,0,0.026568431,0
388619,8,2021-05-27,2021-06-10,-4,2021-03-28,2021-04-11,0,control,1,0.95262945,1
388816,8,2021-05-27,2021-06-10,-4,2021-03-28,2021-04-11,0,control,0,0.09625411,0
390368,8,2021-05-27,2021-06-10,-4,2021-03-28,2021-04-11,0,control,0,0.033220515,0
391490,8,2021-05-27,2021-06-10,-4,2021-03-28,2021-04-11,0,control,0,0.0032348193,0
392759,8,2021-05-27,2021-06-10,-4,2021-03-28,2021-04-11,0,control,0,0.013641967,0
393661,8,2021-05-27,2021-06-10,-4,2021-03-28,2021-04-11,0,control,1,0.92373526,1
394268,8,2021-05-27,2021-06-10,-4,2021-03-28,2021-04-11,0,control,0,0.008906596,0
397739,8,2021-05-27,2021-06-10,-4,2021-03-28,2021-04-11,0,control,0,0.050948653,0
397845,8,2021-05-27,2021-06-10,-4,2021-03-28,2021-04-11,0,control,0,0.06877252,0
398865,8,2021-05-27,2021-06-10,-4,2021-03-28,2021-04-11,0,control,0,0.06589864,0
398901,8,2021-05-27,2021-06-10,-4,2021-03-28,2021-04-11,0,control,1,0.95781744,1
400473,8,2021-05-27,2021-06-10,-4,2021-03-28,2021-04-11,0,control,0,0.065468214,0
401968,8,2021-05-27,2021-06-10,-4,2021-03-28,2021-04-11,0,control,1,0.92987365,1
402583,8,2021-05-27,2021-06-10,-4,2021-03-28,2021-04-11,0,control,0,0.009447322,0
404521,8,2021-05-27,2021-06-10,-4,2021-03-28,2021-04-11,0,control,1,0.9907554,1
405308,8,2021-05-27,2021-06-10,-4,2021-03-28,2021-04-11,0,control,0,0.19601057,0
405883,8,2021-05-27,2021-06-10,-4,2021-03-28,2021-04-11,0,control,1,0.99182045,1
409425,8,2021-05-27,2021-06-10,-4,2021-03-28,2021-04-11,0,control,1,0.8387189,1
414116,8,2021-05-27,2021-06-10,-4,2021-03-28,2021-04-11,0,control,0,0.017315067,0
414339,8,2021-05-27,2021-06-10,-4,2021-03-28,2021-04-11,0,control,0,0.03762911,0
417490,8,2021-05-27,2021-06-10,-4,2021-03-28,2021-04-11,0,control,0,0.0593857,0
417540,8,2021-05-27,2021-06-10,-4,2021-03-28,2021-04-11,0,control,1,0.98063433,1
418129,8,2021-05-27,2021-06-10,-4,2021-03-28,2021-04-11,0,control,0,0.026026504,0
421057,8,2021-05-27,2021-06-10,-4,2021-03-28,2021-04-11,0,control,0,0.022634467,0
421281,8,2021-05-27,2021-06-10,-4,2021-03-28,2021-04-11,0,control,0,0.042392418,0
423128,8,2021-05-27,2021-06-10,-4,2021-03-28,2021-04-11,0,control,1,0.9870504,1
423434,8,2021-05-27,2021-06-10,-4,2021-03-28,2021-04-11,0,control,1,0.99431026,1
425278,8,2021-05-27,2021-06-10,-4,2021-03-28,2021-04-11,0,control,1,0.97919023,1
425513,8,2021-05-27,2021-06-10,-4,2021-03-28,2021-04-11,0,control,1,0.9989354,1
426155,8,2021-05-27,2021-06-10,-4,2021-03-28,2021-04-11,0,control,1,0.99169934,1
426794,8,2021-05-27,2021-06-10,-4,2021-03-28,2021-04-11,0,control,0,0.025722353,0
428717,8,2021-05-27,2021-06-10,-4,2021-03-28,2021-04-11,0,control,0,0.21319748,0
429954,8,2021-05-27,2021-06-10,-4,2021-03-28,2021-04-11,0,control,0,0.025073143,0
430907,8,2021-05-27,2021-06-10,-4,2021-03-28,2021-04-11,0,control,0,0.008526269,0
431282,8,2021-05-27,2021-06-10,-4,2021-03-28,2021-04-11,0,control,1,0.97837603,1
433896,8,2021-05-27,2021-06-10,-4,2021-03-28,2021-04-11,0,control,0,0.0099500595,0
433962,8,2021-05-27,2021-06-10,-4,2021-03-28,2021-04-11,0,control,1,0.9585618,1
434476,8,2021-05-27,2021-06-10,-4,2021-03-28,2021-04-11,0,control,0,0.09583424,0
434573,8,2021-05-27,2021-06-10,-4,2021-03-28,2021-04-11,0,control,0,0.029305272,0
438498,8,2021-05-27,2021-06-10,-4,2021-03-28,2021-04-11,0,control,1,0.99146324,1
438678,8,2021-05-27,2021-06-10,-4,2021-03-28,2021-04-11,0,control,1,0.95241356,1
438797,8,2021-05-27,2021-06-10,-4,2021-03-28,2021-04-11,0,control,0,0.022933315,0
441049,8,2021-05-27,2021-06-10,-4,2021-03-28,2021-04-11,0,control,0,0.018975886,0
441147,8,2021-05-27,2021-06-10,-4,2021-03-28,2021-04-11,0,control,0,0.09290704,0
444355,8,2021-05-27,2021-06-10,-4,2021-03-28,2021-04-11,0,control,1,0.9703038,1
445577,8,2021-05-27,2021-06-10,-4,2021-03-28,2021-04-11,0,control,1,0.9965295,1
446688,8,2021-05-27,2021-06-10,-4,2021-03-28,2021-04-11,0,control,0,0.004810476,0
448727,8,2021-05-27,2021-06-10,-4,2021-03-28,2021-04-11,0,control,0,0.12726925,0
449867,8,2021-05-27,2021-06-10,-4,2021-03-28,2021-04-11,0,control,0,0.0006575772,0
451030,8,2021-05-27,2021-06-10,-4,2021-03-28,2021-04-11,0,control,0,0.05518274,0
452206,8,2021-05-27,2021-06-10,-4,2021-03-28,2021-04-11,0,control,1,0.9459453,1
452469,8,2021-05-27,2021-06-10,-4,2021-03-28,2021-04-11,0,control,0,0.0052784765,0
452795,8,2021-05-27,2021-06-10,-4,2021-03-28,2021-04-11,0,control,1,0.9442321,1
453162,8,2021-05-27,2021-06-10,-4,2021-03-28,2021-04-11,0,control,0,0.043771204,0
456179,8,2021-05-27,2021-06-10,-4,2021-03-28,2021-04-11,0,control,0,0.015133293,0
457823,8,2021-05-27,2021-06-10,-4,2021-03-28,2021-04-11,0,control,0,0.011844803,0
461235,8,2021-05-27,2021-06-10,-4,2021-03-28,2021-04-11,0,control,1,0.93192464,1
464435,8,2021-05-27,2021-06-10,-4,2021-03-28,2021-04-11,0,control,1,0.95667887,1
464703,8,2021-05-27,2021-06-10,-4,2021-03-28,2021-04-11,0,control,0,0.005524264,0
465357,8,2021-05-27,2021-06-10,-4,2021-03-28,2021-04-11,0,control,0,0.038307242,0
466141,8,2021-05-27,2021-06-10,-4,2021-03-28,2021-04-11,0,control,0,0.01146095,0
466787,8,2021-05-27,2021-06-10,-4,2021-03-28,2021-04-11,0,control,0,0.03137921,0
467988,8,2021-05-27,2021-06-10,-4,2021-03-28,2021-04-11,0,control,0,0.008084031,0
471606,8,2021-05-27,2021-06-10,-4,2021-03-28,2021-04-11,0,control,1,0.99826354,1
472605,8,2021-05-27,2021-06-10,-4,2021-03-28,2021-04-11,0,control,1,0.9925552,1
475707,8,2021-05-27,2021-06-10,-4,2021-03-28,2021-04-11,0,control,0,0.014542513,0
478569,8,2021-05-27,2021-06-10,-4,2021-03-28,2021-04-11,0,control,0,0.043102223,0
479284,8,2021-05-27,2021-06-10,-4,2021-03-28,2021-04-11,0,control,1,0.8768554,1
479916,8,2021-05-27,2021-06-10,-4,2021-03-28,2021-04-11,0,control,0,0.04978425,0
480412,8,2021-05-27,2021-06-10,-4,2021-03-28,2021-04-11,0,control,1,0.8783799,1
482248,8,2021-05-27,2021-06-10,-4,2021-03-28,2021-04-11,0,control,1,0.94244426,1
486785,8,2021-05-27,2021-06-10,-4,2021-03-28,2021-04-11,0,control,0,0.0019157998,0
487205,8,2021-05-27,2021-06-10,-4,2021-03-28,2021-04-11,0,control,0,0.04177981,0
487495,8,2021-05-27,2021-06-10,-4,2021-03-28,2021-04-11,0,control,0,0.100212455,0
490517,8,2021-05-27,2021-06-10,-4,2021-03-28,2021-04-11,0,control,0,0.10362466,0
491181,8,2021-05-27,2021-06-10,-4,2021-03-28,2021-04-11,0,control,0,0.020924078,0
491203,8,2021-05-27,2021-06-10,-4,2021-03-28,2021-04-11,0,control,0,0.005690578,0
491218,8,2021-05-27,2021-06-10,-4,2021-03-28,2021-04-11,0,control,1,0.9751278,1
492339,8,2021-05-27,2021-06-10,-4,2021-03-28,2021-04-11,0,control,1,0.9435074,1
492520,8,2021-05-27,2021-06-10,-4,2021-03-28,2021-04-11,0,control,1,0.89594084,1
493455,8,2021-05-27,2021-06-10,-4,2021-03-28,2021-04-11,0,control,0,0.023243006,0
493771,8,2021-05-27,2021-06-10,-4,2021-03-28,2021-04-11,0,control,0,0.01753848,0
498077,8,2021-05-27,2021-06-10,-4,2021-03-28,2021-04-11,0,control,0,0.03712653,0
501089,8,2021-05-27,2021-06-10,-4,2021-03-28,2021-04-11,0,control,0,0.01410879,0
502941,8,2021-05-27,2021-06-10,-4,2021-03-28,2021-04-11,0,control,1,0.977767,1
503550,8,2021-05-27,2021-06-10,-4,2021-03-28,2021-04-11,0,control,0,0.017153863,0
504993,8,2021-05-27,2021-06-10,-4,2021-03-28,2021-04-11,0,control,1,0.88044566,1
507798,8,2021-05-27,2021-06-10,-4,2021-03-28,2021-04-11,0,control,1,0.99850214,1
508638,8,2021-05-27,2021-06-10,-4,2021-03-28,2021-04-11,0,control,1,0.8663221,1
509788,8,2021-05-27,2021-06-10,-4,2021-03-28,2021-04-11,0,control,0,0.22242874,0
510349,8,2021-05-27,2021-06-10,-4,2021-03-28,2021-04-11,0,control,1,0.9875058,1
510524,8,2021-05-27,2021-06-10,-4,2021-03-28,2021-04-11,0,control,0,0.01710778,0
511317,8,2021-05-27,2021-06-10,-4,2021-03-28,2021-04-11,0,control,0,0.09980723,0
511800,8,2021-05-27,2021-06-10,-4,2021-03-28,2021-04-11,0,control,0,0.0002603954,0
511852,8,2021-05-27,2021-06-10,-4,2021-03-28,2021-04-11,0,control,1,0.9122526,1
518092,8,2021-05-27,2021-06-10,-4,2021-03-28,2021-04-11,0,control,0,0.11832427,0
518696,8,2021-05-27,2021-06-10,-4,2021-03-28,2021-04-11,0,control,1,0.9952271,1
519341,8,2021-05-27,2021-06-10,-4,2021-03-28,2021-04-11,0,control,0,0.0009595179,0
519905,8,2021-05-27,2021-06-10,-4,2021-03-28,2021-04-11,0,control,1,0.9947654,1
522192,8,2021-05-27,2021-06-10,-4,2021-03-28,2021-04-11,0,control,1,0.9427086,1
525656,8,2021-05-27,2021-06-10,-4,2021-03-28,2021-04-11,0,control,0,0.20134659,0
528581,8,2021-05-27,2021-06-10,-4,2021-03-28,2021-04-11,0,control,0,0.16951734,0
532446,8,2021-05-27,2021-06-10,-4,2021-03-28,2021-04-11,0,control,0,0.08884412,0
533274,8,2021-05-27,2021-06-10,-4,2021-03-28,2021-04-11,0,control,0,0.020216187,0
533822,8,2021-05-27,2021-06-10,-4,2021-03-28,2021-04-11,0,control,0,0.02741866,0
534151,8,2021-05-27,2021-06-10,-4,2021-03-28,2021-04-11,0,control,0,0.0114461295,0
534673,8,2021-05-27,2021-06-10,-4,2021-03-28,2021-04-11,0,control,0,0.007986019,0
535440,8,2021-05-27,2021-06-10,-4,2021-03-28,2021-04-11,0,control,1,0.9874406,1
536081,8,2021-05-27,2021-06-10,-4,2021-03-28,2021-04-11,0,control,1,0.96791315,1
536968,8,2021-05-27,2021-06-10,-4,2021-03-28,2021-04-11,0,control,0,0.028713496,0
537073,8,2021-05-27,2021-06-10,-4,2021-03-28,2021-04-11,0,control,0,0.028017383,0
539247,8,2021-05-27,2021-06-10,-4,2021-03-28,2021-04-11,0,control,0,0.016606543,0
539297,8,2021-05-27,2021-06-10,-4,2021-03-28,2021-04-11,0,control,0,0.024288632,0
539624,8,2021-05-27,2021-06-10,-4,2021-03-28,2021-04-11,0,control,0,0.027983792,0
540155,8,2021-05-27,2021-06-10,-4,2021-03-28,2021-04-11,0,control,0,0.018951537,0
543070,8,2021-05-27,2021-06-10,-4,2021-03-28,2021-04-11,0,control,1,0.98285574,1
546903,8,2021-05-27,2021-06-10,-4,2021-03-28,2021-04-11,0,control,0,0.0595503,0
547220,8,2021-05-27,2021-06-10,-4,2021-03-28,2021-04-11,0,control,0,0.01838048,0
547473,8,2021-05-27,2021-06-10,-4,2021-03-28,2021-04-11,0,control,0,0.029863434,0
547917,8,2021-05-27,2021-06-10,-4,2021-03-28,2021-04-11,0,control,0,0.102867626,0
549382,8,2021-05-27,2021-06-10,-4,2021-03-28,2021-04-11,0,control,1,0.9993686,1
549951,8,2021-05-27,2021-06-10,-4,2021-03-28,2021-04-11,0,control,1,0.9753979,1
549971,8,2021-05-27,2021-06-10,-4,2021-03-28,2021-04-11,0,control,0,0.179252,0
551613,8,2021-05-27,2021-06-10,-4,2021-03-28,2021-04-11,0,control,0,0.012674422,0
552614,8,2021-05-27,2021-06-10,-4,2021-03-28,2021-04-11,0,control,1,0.9889628,1
553152,8,2021-05-27,2021-06-10,-4,2021-03-28,2021-04-11,0,control,1,0.98718214,1
554076,8,2021-05-27,2021-06-10,-4,2021-03-28,2021-04-11,0,control,0,0.008570923,0
554767,8,2021-05-27,2021-06-10,-4,2021-03-28,2021-04-11,0,control,0,0.0060359426,0
556823,8,2021-05-27,2021-06-10,-4,2021-03-28,2021-04-11,0,control,1,0.93061376,1
557916,8,2021-05-27,2021-06-10,-4,2021-03-28,2021-04-11,0,control,0,0.02791952,0
560470,8,2021-05-27,2021-06-10,-4,2021-03-28,2021-04-11,0,control,0,0.051071562,0
564863,8,2021-05-27,2021-06-10,-4,2021-03-28,2021-04-11,0,control,1,0.9800893,1
565293,8,2021-05-27,2021-06-10,-4,2021-03-28,2021-04-11,0,control,0,0.07236432,0
568086,8,2021-05-27,2021-06-10,-4,2021-03-28,2021-04-11,0,control,1,0.9879106,1
569209,8,2021-05-27,2021-06-10,-4,2021-03-28,2021-04-11,0,control,0,0.06512544,0
572807,8,2021-05-27,2021-06-10,-4,2021-03-28,2021-04-11,0,control,1,0.8276354,1
573704,8,2021-05-27,2021-06-10,-4,2021-03-28,2021-04-11,0,control,0,0.123907015,0
575102,8,2021-05-27,2021-06-10,-4,2021-03-28,2021-04-11,0,control,1,0.9934006,1
576341,8,2021-05-27,2021-06-10,-4,2021-03-28,2021-04-11,0,control,0,0.0044099665,0
578550,8,2021-05-27,2021-06-10,-4,2021-03-28,2021-04-11,0,control,0,0.08475735,0
579396,8,2021-05-27,2021-06-10,-4,2021-03-28,2021-04-11,0,control,0,0.01168506,0
581333,8,2021-05-27,2021-06-10,-4,2021-03-28,2021-04-11,0,control,1,0.9958383,1
584923,8,2021-05-27,2021-06-10,-4,2021-03-28,2021-04-11,0,control,1,0.9394711,1
584977,8,2021-05-27,2021-06-10,-4,2021-03-28,2021-04-11,0,control,0,0.049187925,0
585540,8,2021-05-27,2021-06-10,-4,2021-03-28,2021-04-11,0,control,0,0.02348016,0
586696,8,2021-05-27,2021-06-10,-4,2021-03-28,2021-04-11,0,control,0,0.025332503,0
588588,8,2021-05-27,2021-06-10,-4,2021-03-28,2021-04-11,0,control,1,0.9485759,1
590001,8,2021-05-27,2021-06-10,-4,2021-03-28,2021-04-11,0,control,0,0.12827204,0
591072,8,2021-05-27,2021-06-10,-4,2021-03-28,2021-04-11,0,control,1,0.9812665,1
593887,8,2021-05-27,2021-06-10,-4,2021-03-28,2021-04-11,0,control,1,0.948833,1
595547,8,2021-05-27,2021-06-10,-4,2021-03-28,2021-04-11,0,control,0,0.05551598,0
596979,8,2021-05-27,2021-06-10,-4,2021-03-28,2021-04-11,0,control,1,0.99329525,1
598948,8,2021-05-27,2021-06-10,-4,2021-03-28,2021-04-11,0,control,1,0.97117877,1
602291,8,2021-05-27,2021-06-10,-4,2021-03-28,2021-04-11,0,control,0,0.060373828,0
602800,8,2021-05-27,2021-06-10,-4,2021-03-28,2021-04-11,0,control,0,0.022981739,0
603922,8,2021-05-27,2021-06-10,-4,2021-03-28,2021-04-11,0,control,1,0.9431282,1
603924,8,2021-05-27,2021-06-10,-4,2021-03-28,2021-04-11,0,control,1,0.9215473,1
604497,8,2021-05-27,2021-06-10,-4,2021-03-28,2021-04-11,0,control,0,0.0451106,0
604987,8,2021-05-27,2021-06-10,-4,2021-03-28,2021-04-11,0,control,1,0.9491262,1
605305,8,2021-05-27,2021-06-10,-4,2021-03-28,2021-04-11,0,control,0,0.09113078,0
607155,8,2021-05-27,2021-06-10,-4,2021-03-28,2021-04-11,0,control,1,0.9029749,1
608604,8,2021-05-27,2021-06-10,-4,2021-03-28,2021-04-11,0,control,0,0.120109186,0
610652,8,2021-05-27,2021-06-10,-4,2021-03-28,2021-04-11,0,control,0,0.040450074,0
610691,8,2021-05-27,2021-06-10,-4,2021-03-28,2021-04-11,0,control,1,0.9095081,1
610824,8,2021-05-27,2021-06-10,-4,2021-03-28,2021-04-11,0,control,0,0.0019807846,0
611245,8,2021-05-27,2021-06-10,-4,2021-03-28,2021-04-11,0,control,0,0.039784938,0
612548,8,2021-05-27,2021-06-10,-4,2021-03-28,2021-04-11,0,control,1,0.99947375,1
612926,8,2021-05-27,2021-06-10,-4,2021-03-28,2021-04-11,0,control,1,0.9386003,1
614890,8,2021-05-27,2021-06-10,-4,2021-03-28,2021-04-11,0,control,1,0.9659345,1
615248,8,2021-05-27,2021-06-10,-4,2021-03-28,2021-04-11,0,control,1,0.99199986,1
615305,8,2021-05-27,2021-06-10,-4,2021-03-28,2021-04-11,0,control,1,0.8929198,1
618368,8,2021-05-27,2021-06-10,-4,2021-03-28,2021-04-11,0,control,1,0.9786185,1
619740,8,2021-05-27,2021-06-10,-4,2021-03-28,2021-04-11,0,control,0,0.09626812,0
620558,8,2021-05-27,2021-06-10,-4,2021-03-28,2021-04-11,0,control,0,0.04695997,0
623948,8,2021-05-27,2021-06-10,-4,2021-03-28,2021-04-11,0,control,0,0.0869161,0
625776,8,2021-05-27,2021-06-10,-4,2021-03-28,2021-04-11,0,control,1,0.90953255,1
626176,8,2021-05-27,2021-06-10,-4,2021-03-28,2021-04-11,0,control,0,0.003872706,0
626764,8,2021-05-27,2021-06-10,-4,2021-03-28,2021-04-11,0,control,1,0.9753371,1
627207,8,2021-05-27,2021-06-10,-4,2021-03-28,2021-04-11,0,control,0,0.018112764,0
627208,8,2021-05-27,2021-06-10,-4,2021-03-28,2021-04-11,0,control,0,0.04895085,0
628971,8,2021-05-27,2021-06-10,-4,2021-03-28,2021-04-11,0,control,0,0.05159228,0
630526,8,2021-05-27,2021-06-10,-4,2021-03-28,2021-04-11,0,control,0,0.0031628776,0
630772,8,2021-05-27,2021-06-10,-4,2021-03-28,2021-04-11,0,control,0,0.0004091152,0
631090,8,2021-05-27,2021-06-10,-4,2021-03-28,2021-04-11,0,control,1,0.8984614,1
631424,8,2021-05-27,2021-06-10,-4,2021-03-28,2021-04-11,0,control,0,0.0628247,0
633314,8,2021-05-27,2021-06-10,-4,2021-03-28,2021-04-11,0,control,1,0.95559883,1
634155,8,2021-05-27,2021-06-10,-4,2021-03-28,2021-04-11,0,control,1,0.9267793,1
636012,8,2021-05-27,2021-06-10,-4,2021-03-28,2021-04-11,0,control,1,0.9536345,1
636346,8,2021-05-27,2021-06-10,-4,2021-03-28,2021-04-11,0,control,1,0.96997875,1
641905,8,2021-05-27,2021-06-10,-4,2021-03-28,2021-04-11,0,control,1,0.9592282,1
642314,8,2021-05-27,2021-06-10,-4,2021-03-28,2021-04-11,0,control,0,0.045935284,0
644365,8,2021-05-27,2021-06-10,-4,2021-03-28,2021-04-11,0,control,1,0.9817007,1
650532,8,2021-05-27,2021-06-10,-4,2021-03-28,2021-04-11,0,control,0,0.0104137575,0
652868,8,2021-05-27,2021-06-10,-4,2021-03-28,2021-04-11,0,control,0,0.0187504,0
653153,8,2021-05-27,2021-06-10,-4,2021-03-28,2021-04-11,0,control,0,0.0114496425,0
654219,8,2021-05-27,2021-06-10,-4,2021-03-28,2021-04-11,0,control,1,0.9955434,1
660217,8,2021-05-27,2021-06-10,-4,2021-03-28,2021-04-11,0,control,0,0.05064356,0
663078,8,2021-05-27,2021-06-10,-4,2021-03-28,2021-04-11,0,control,0,0.045958944,0
667913,8,2021-05-27,2021-06-10,-4,2021-03-28,2021-04-11,0,control,1,0.95025617,1
670344,8,2021-05-27,2021-06-10,-4,2021-03-28,2021-04-11,0,control,1,0.9907032,1
670644,8,2021-05-27,2021-06-10,-4,2021-03-28,2021-04-11,0,control,0,0.15886684,0
671278,8,2021-05-27,2021-06-10,-4,2021-03-28,2021-04-11,0,control,1,0.94103795,1
673811,8,2021-05-27,2021-06-10,-4,2021-03-28,2021-04-11,0,control,0,0.0014017912,0
674121,8,2021-05-27,2021-06-10,-4,2021-03-28,2021-04-11,0,control,1,0.97014433,1
675251,8,2021-05-27,2021-06-10,-4,2021-03-28,2021-04-11,0,control,0,0.011505447,0
677554,8,2021-05-27,2021-06-10,-4,2021-03-28,2021-04-11,0,control,1,0.98908013,1
677652,8,2021-05-27,2021-06-10,-4,2021-03-28,2021-04-11,0,control,1,0.9968354,1
679371,8,2021-05-27,2021-06-10,-4,2021-03-28,2021-04-11,0,control,1,0.999571,1
679909,8,2021-05-27,2021-06-10,-4,2021-03-28,2021-04-11,0,control,1,0.9631322,1
679910,8,2021-05-27,2021-06-10,-4,2021-03-28,2021-04-11,0,control,1,0.969687,1
680871,8,2021-05-27,2021-06-10,-4,2021-03-28,2021-04-11,0,control,1,0.97213644,1
681936,8,2021-05-27,2021-06-10,-4,2021-03-28,2021-04-11,0,control,1,0.99913764,1
682274,8,2021-05-27,2021-06-10,-4,2021-03-28,2021-04-11,0,control,0,0.0024800012,0
682891,8,2021-05-27,2021-06-10,-4,2021-03-28,2021-04-11,0,control,0,0.05922999,0
684941,8,2021-05-27,2021-06-10,-4,2021-03-28,2021-04-11,0,control,0,0.041218787,0
685103,8,2021-05-27,2021-06-10,-4,2021-03-28,2021-04-11,0,control,0,0.014486945,0
686213,8,2021-05-27,2021-06-10,-4,2021-03-28,2021-04-11,0,control,1,0.98026377,1
687909,8,2021-05-27,2021-06-10,-4,2021-03-28,2021-04-11,0,control,1,0.9979699,1
692725,8,2021-05-27,2021-06-10,-4,2021-03-28,2021-04-11,0,control,0,0.06885148,0
694652,8,2021-05-27,2021-06-10,-4,2021-03-28,2021-04-11,0,control,1,0.9666776,1
695655,8,2021-05-27,2021-06-10,-4,2021-03-28,2021-04-11,0,control,0,0.08932527,0
697117,8,2021-05-27,2021-06-10,-4,2021-03-28,2021-04-11,0,control,1,0.97004807,1
697792,8,2021-05-27,2021-06-10,-4,2021-03-28,2021-04-11,0,control,1,0.9877244,1
698998,8,2021-05-27,2021-06-10,-4,2021-03-28,2021-04-11,0,control,0,0.017881041,0
699199,8,2021-05-27,2021-06-10,-4,2021-03-28,2021-04-11,0,control,1,0.903977,1
699686,8,2021-05-27,2021-06-10,-4,2021-03-28,2021-04-11,0,control,1,0.99316,1
701607,8,2021-05-27,2021-06-10,-4,2021-03-28,2021-04-11,0,control,0,0.03834263,0
702467,8,2021-05-27,2021-06-10,-4,2021-03-28,2021-04-11,0,control,0,0.07184144,0
704874,8,2021-05-27,2021-06-10,-4,2021-03-28,2021-04-11,0,control,0,0.020135885,0
708718,8,2021-05-27,2021-06-10,-4,2021-03-28,2021-04-11,0,control,0,0.09370254,0
709645,8,2021-05-27,2021-06-10,-4,2021-03-28,2021-04-11,0,control,0,0.062081903,0
711212,8,2021-05-27,2021-06-10,-4,2021-03-28,2021-04-11,0,control,0,0.04685582,0
711631,8,2021-05-27,2021-06-10,-4,2021-03-28,2021-04-11,0,control,0,0.01611802,0
711873,8,2021-05-27,2021-06-10,-4,2021-03-28,2021-04-11,0,control,1,0.93948424,1
712239,8,2021-05-27,2021-06-10,-4,2021-03-28,2021-04-11,0,control,0,0.07346363,0
712350,8,2021-05-27,2021-06-10,-4,2021-03-28,2021-04-11,0,control,1,0.8976166,1
715231,8,2021-05-27,2021-06-10,-4,2021-03-28,2021-04-11,0,control,1,0.99287236,1
715797,8,2021-05-27,2021-06-10,-4,2021-03-28,2021-04-11,0,control,1,0.88476247,1
717022,8,2021-05-27,2021-06-10,-4,2021-03-28,2021-04-11,0,control,1,0.87740403,1
717131,8,2021-05-27,2021-06-10,-4,2021-03-28,2021-04-11,0,control,1,0.9612244,1
718848,8,2021-05-27,2021-06-10,-4,2021-03-28,2021-04-11,0,control,0,0.053109188,0
721727,8,2021-05-27,2021-06-10,-4,2021-03-28,2021-04-11,0,control,0,0.03873626,0
722746,8,2021-05-27,2021-06-10,-4,2021-03-28,2021-04-11,0,control,0,0.031409938,0
724226,8,2021-05-27,2021-06-10,-4,2021-03-28,2021-04-11,0,control,0,0.101629235,0
726903,8,2021-05-27,2021-06-10,-4,2021-03-28,2021-04-11,0,control,0,0.14036897,0
727375,8,2021-05-27,2021-06-10,-4,2021-03-28,2021-04-11,0,control,1,0.97162896,1
728063,8,2021-05-27,2021-06-10,-4,2021-03-28,2021-04-11,0,control,0,0.03138621,0
731071,8,2021-05-27,2021-06-10,-4,2021-03-28,2021-04-11,0,control,1,0.99054456,1
731187,8,2021-05-27,2021-06-10,-4,2021-03-28,2021-04-11,0,control,1,0.8990715,1
734213,8,2021-05-27,2021-06-10,-4,2021-03-28,2021-04-11,0,control,0,0.13751511,0
740569,8,2021-05-27,2021-06-10,-4,2021-03-28,2021-04-11,0,control,0,0.10564618,0
742862,8,2021-05-27,2021-06-10,-4,2021-03-28,2021-04-11,0,control,0,0.0023437801,0
743007,8,2021-05-27,2021-06-10,-4,2021-03-28,2021-04-11,0,control,0,0.108916745,0
743440,8,2021-05-27,2021-06-10,-4,2021-03-28,2021-04-11,0,control,0,0.07402279,0
746720,8,2021-05-27,2021-06-10,-4,2021-03-28,2021-04-11,0,control,1,0.88994175,1
746828,8,2021-05-27,2021-06-10,-4,2021-03-28,2021-04-11,0,control,1,0.95406,1
747262,8,2021-05-27,2021-06-10,-4,2021-03-28,2021-04-11,0,control,0,0.04767272,0
748276,8,2021-05-27,2021-06-10,-4,2021-03-28,2021-04-11,0,control,0,0.03323609,0
750096,8,2021-05-27,2021-06-10,-4,2021-03-28,2021-04-11,0,control,0,0.03534091,0
751059,8,2021-05-27,2021-06-10,-4,2021-03-28,2021-04-11,0,control,1,0.8210161,1
754794,8,2021-05-27,2021-06-10,-4,2021-03-28,2021-04-11,0,control,1,0.9774505,1
755129,8,2021-05-27,2021-06-10,-4,2021-03-28,2021-04-11,0,control,1,0.9239821,1
755920,8,2021-05-27,2021-06-10,-4,2021-03-28,2021-04-11,0,control,0,0.04991123,0
767722,8,2021-05-27,2021-06-10,-4,2021-03-28,2021-04-11,0,control,1,0.88416886,1
769803,8,2021-05-27,2021-06-10,-4,2021-03-28,2021-04-11,0,control,1,0.92352027,1
770768,8,2021-05-27,2021-06-10,-4,2021-03-28,2021-04-11,0,control,0,0.094719626,0
771021,8,2021-05-27,2021-06-10,-4,2021-03-28,2021-04-11,0,control,1,0.9424839,1
771802,8,2021-05-27,2021-06-10,-4,2021-03-28,2021-04-11,0,control,0,0.07137849,0
773784,8,2021-05-27,2021-06-10,-4,2021-03-28,2021-04-11,0,control,1,0.9718394,1
773872,8,2021-05-27,2021-06-10,-4,2021-03-28,2021-04-11,0,control,1,0.85153306,1
774091,8,2021-05-27,2021-06-10,-4,2021-03-28,2021-04-11,0,control,0,0.0063801543,0
774534,8,2021-05-27,2021-06-10,-4,2021-03-28,2021-04-11,0,control,0,0.022751933,0
776959,8,2021-05-27,2021-06-10,-4,2021-03-28,2021-04-11,0,control,0,0.0806131,0
783219,8,2021-05-27,2021-06-10,-4,2021-03-28,2021-04-11,0,control,0,0.15430787,0
786405,8,2021-05-27,2021-06-10,-4,2021-03-28,2021-04-11,0,control,1,0.9556835,1
787230,8,2021-05-27,2021-06-10,-4,2021-03-28,2021-04-11,0,control,1,0.97574264,1
787491,8,2021-05-27,2021-06-10,-4,2021-03-28,2021-04-11,0,control,0,0.0021423611,0
790180,8,2021-05-27,2021-06-10,-4,2021-03-28,2021-04-11,0,control,1,0.9854012,1
790486,8,2021-05-27,2021-06-10,-4,2021-03-28,2021-04-11,0,control,1,0.9484609,1
792821,8,2021-05-27,2021-06-10,-4,2021-03-28,2021-04-11,0,control,0,0.08251713,0
792943,8,2021-05-27,2021-06-10,-4,2021-03-28,2021-04-11,0,control,0,0.009473346,0
793739,8,2021-05-27,2021-06-10,-4,2021-03-28,2021-04-11,0,control,0,0.010114454,0
794098,8,2021-05-27,2021-06-10,-4,2021-03-28,2021-04-11,0,control,0,0.051188402,0
794394,8,2021-05-27,2021-06-10,-4,2021-03-28,2021-04-11,0,control,0,0.025657441,0
794751,8,2021-05-27,2021-06-10,-4,2021-03-28,2021-04-11,0,control,1,0.9413263,1
795034,8,2021-05-27,2021-06-10,-4,2021-03-28,2021-04-11,0,control,0,0.042278666,0
798331,8,2021-05-27,2021-06-10,-4,2021-03-28,2021-04-11,0,control,1,0.9028278,1
798535,8,2021-05-27,2021-06-10,-4,2021-03-28,2021-04-11,0,control,0,0.027839568,0
803009,8,2021-05-27,2021-06-10,-4,2021-03-28,2021-04-11,0,control,1,0.9778881,1
804950,8,2021-05-27,2021-06-10,-4,2021-03-28,2021-04-11,0,control,1,0.9629245,1
805266,8,2021-05-27,2021-06-10,-4,2021-03-28,2021-04-11,0,control,0,0.08638403,0
806110,8,2021-05-27,2021-06-10,-4,2021-03-28,2021-04-11,0,control,1,0.9847718,1
807757,8,2021-05-27,2021-06-10,-4,2021-03-28,2021-04-11,0,control,0,0.006616584,0
808439,8,2021-05-27,2021-06-10,-4,2021-03-28,2021-04-11,0,control,0,0.034412533,0
934,8,2021-05-27,2021-06-10,-3,2021-04-12,2021-04-26,0,control,0,0.0083742775,0
2295,8,2021-05-27,2021-06-10,-3,2021-04-12,2021-04-26,0,control,1,0.90647644,1
3869,8,2021-05-27,2021-06-10,-3,2021-04-12,2021-04-26,0,control,1,0.9469795,1
6344,8,2021-05-27,2021-06-10,-3,2021-04-12,2021-04-26,0,control,0,0.011854857,0
6672,8,2021-05-27,2021-06-10,-3,2021-04-12,2021-04-26,0,control,0,0.0014468437,0
9295,8,2021-05-27,2021-06-10,-3,2021-04-12,2021-04-26,0,control,1,0.94066405,1
13707,8,2021-05-27,2021-06-10,-3,2021-04-12,2021-04-26,0,control,0,0.026214413,0
14712,8,2021-05-27,2021-06-10,-3,2021-04-12,2021-04-26,0,control,0,0.03187626,0
15556,8,2021-05-27,2021-06-10,-3,2021-04-12,2021-04-26,0,control,1,0.97112995,1
17560,8,2021-05-27,2021-06-10,-3,2021-04-12,2021-04-26,0,control,1,0.85975224,1
20099,8,2021-05-27,2021-06-10,-3,2021-04-12,2021-04-26,0,control,1,0.98107386,1
22317,8,2021-05-27,2021-06-10,-3,2021-04-12,2021-04-26,0,control,0,0.06712151,0
23111,8,2021-05-27,2021-06-10,-3,2021-04-12,2021-04-26,0,control,1,0.98463017,1
24438,8,2021-05-27,2021-06-10,-3,2021-04-12,2021-04-26,0,control,1,0.9392204,1
25676,8,2021-05-27,2021-06-10,-3,2021-04-12,2021-04-26,0,control,0,0.024891643,0
25739,8,2021-05-27,2021-06-10,-3,2021-04-12,2021-04-26,0,control,1,0.9440741,1
26940,8,2021-05-27,2021-06-10,-3,2021-04-12,2021-04-26,0,control,0,0.035655558,0
27526,8,2021-05-27,2021-06-10,-3,2021-04-12,2021-04-26,0,control,0,0.016278194,0
27598,8,2021-05-27,2021-06-10,-3,2021-04-12,2021-04-26,0,control,1,0.925635,1
27840,8,2021-05-27,2021-06-10,-3,2021-04-12,2021-04-26,0,control,0,0.048037805,0
33227,8,2021-05-27,2021-06-10,-3,2021-04-12,2021-04-26,0,control,0,0.07013312,0
38482,8,2021-05-27,2021-06-10,-3,2021-04-12,2021-04-26,0,control,1,0.9803325,1
42049,8,2021-05-27,2021-06-10,-3,2021-04-12,2021-04-26,0,control,0,0.0419775,0
44311,8,2021-05-27,2021-06-10,-3,2021-04-12,2021-04-26,0,control,1,0.9918602,1
46035,8,2021-05-27,2021-06-10,-3,2021-04-12,2021-04-26,0,control,0,0.026697274,0
51764,8,2021-05-27,2021-06-10,-3,2021-04-12,2021-04-26,0,control,0,0.09169118,0
55879,8,2021-05-27,2021-06-10,-3,2021-04-12,2021-04-26,0,control,0,0.1348097,0
57016,8,2021-05-27,2021-06-10,-3,2021-04-12,2021-04-26,0,control,0,0.09663793,0
57221,8,2021-05-27,2021-06-10,-3,2021-04-12,2021-04-26,0,control,1,0.96892613,1
59944,8,2021-05-27,2021-06-10,-3,2021-04-12,2021-04-26,0,control,1,0.98502886,1
61156,8,2021-05-27,2021-06-10,-3,2021-04-12,2021-04-26,0,control,0,0.095408626,0
62081,8,2021-05-27,2021-06-10,-3,2021-04-12,2021-04-26,0,control,0,0.022011988,0
63931,8,2021-05-27,2021-06-10,-3,2021-04-12,2021-04-26,0,control,0,0.019699583,0
65826,8,2021-05-27,2021-06-10,-3,2021-04-12,2021-04-26,0,control,0,0.004258255,0
67073,8,2021-05-27,2021-06-10,-3,2021-04-12,2021-04-26,0,control,1,0.921193,1
68382,8,2021-05-27,2021-06-10,-3,2021-04-12,2021-04-26,0,control,0,0.0025150904,0
69282,8,2021-05-27,2021-06-10,-3,2021-04-12,2021-04-26,0,control,1,0.91524345,1
70256,8,2021-05-27,2021-06-10,-3,2021-04-12,2021-04-26,0,control,0,0.066006705,0
70385,8,2021-05-27,2021-06-10,-3,2021-04-12,2021-04-26,0,control,0,0.08761252,0
70718,8,2021-05-27,2021-06-10,-3,2021-04-12,2021-04-26,0,control,0,0.06421245,0
71494,8,2021-05-27,2021-06-10,-3,2021-04-12,2021-04-26,0,control,0,0.029704642,0
73361,8,2021-05-27,2021-06-10,-3,2021-04-12,2021-04-26,0,control,0,0.08299736,0
73821,8,2021-05-27,2021-06-10,-3,2021-04-12,2021-04-26,0,control,1,0.9914807,1
77112,8,2021-05-27,2021-06-10,-3,2021-04-12,2021-04-26,0,control,0,0.0008820796,0
79354,8,2021-05-27,2021-06-10,-3,2021-04-12,2021-04-26,0,control,1,0.99884593,1
81175,8,2021-05-27,2021-06-10,-3,2021-04-12,2021-04-26,0,control,1,0.8299265,1
81517,8,2021-05-27,2021-06-10,-3,2021-04-12,2021-04-26,0,control,1,0.99323857,1
86528,8,2021-05-27,2021-06-10,-3,2021-04-12,2021-04-26,0,control,1,0.9554396,1
87628,8,2021-05-27,2021-06-10,-3,2021-04-12,2021-04-26,0,control,0,0.04790329,0
88354,8,2021-05-27,2021-06-10,-3,2021-04-12,2021-04-26,0,control,1,0.9786957,1
97677,8,2021-05-27,2021-06-10,-3,2021-04-12,2021-04-26,0,control,0,0.05870309,0
100879,8,2021-05-27,2021-06-10,-3,2021-04-12,2021-04-26,0,control,1,0.96617,1
104025,8,2021-05-27,2021-06-10,-3,2021-04-12,2021-04-26,0,control,0,0.15937263,0
106781,8,2021-05-27,2021-06-10,-3,2021-04-12,2021-04-26,0,control,0,0.076761,0
108654,8,2021-05-27,2021-06-10,-3,2021-04-12,2021-04-26,0,control,0,0.015677558,0
108991,8,2021-05-27,2021-06-10,-3,2021-04-12,2021-04-26,0,control,0,0.10637244,0
110624,8,2021-05-27,2021-06-10,-3,2021-04-12,2021-04-26,0,control,0,0.09816706,0
112733,8,2021-05-27,2021-06-10,-3,2021-04-12,2021-04-26,0,control,0,0.044601064,0
113596,8,2021-05-27,2021-06-10,-3,2021-04-12,2021-04-26,0,control,1,0.98053735,1
113661,8,2021-05-27,2021-06-10,-3,2021-04-12,2021-04-26,0,control,1,0.95809627,1
114301,8,2021-05-27,2021-06-10,-3,2021-04-12,2021-04-26,0,control,0,0.11016306,0
118237,8,2021-05-27,2021-06-10,-3,2021-04-12,2021-04-26,0,control,0,0.12293135,0
118523,8,2021-05-27,2021-06-10,-3,2021-04-12,2021-04-26,0,control,1,0.9492253,1
119675,8,2021-05-27,2021-06-10,-3,2021-04-12,2021-04-26,0,control,1,0.9846934,1
120122,8,2021-05-27,2021-06-10,-3,2021-04-12,2021-04-26,0,control,1,0.96973914,1
122255,8,2021-05-27,2021-06-10,-3,2021-04-12,2021-04-26,0,control,0,0.050971724,0
122384,8,2021-05-27,2021-06-10,-3,2021-04-12,2021-04-26,0,control,1,0.98544747,1
122950,8,2021-05-27,2021-06-10,-3,2021-04-12,2021-04-26,0,control,1,0.99278814,1
122959,8,2021-05-27,2021-06-10,-3,2021-04-12,2021-04-26,0,control,0,0.08412033,0
126123,8,2021-05-27,2021-06-10,-3,2021-04-12,2021-04-26,0,control,1,0.86349386,1
126569,8,2021-05-27,2021-06-10,-3,2021-04-12,2021-04-26,0,control,0,0.007770088,0
126631,8,2021-05-27,2021-06-10,-3,2021-04-12,2021-04-26,0,control,1,0.9034379,1
127888,8,2021-05-27,2021-06-10,-3,2021-04-12,2021-04-26,0,control,0,0.010126706,0
128050,8,2021-05-27,2021-06-10,-3,2021-04-12,2021-04-26,0,control,0,0.10540464,0
129869,8,2021-05-27,2021-06-10,-3,2021-04-12,2021-04-26,0,control,1,0.9567544,1
130530,8,2021-05-27,2021-06-10,-3,2021-04-12,2021-04-26,0,control,1,0.9071181,1
132321,8,2021-05-27,2021-06-10,-3,2021-04-12,2021-04-26,0,control,0,0.024070427,0
137215,8,2021-05-27,2021-06-10,-3,2021-04-12,2021-04-26,0,control,0,0.06416904,0
137811,8,2021-05-27,2021-06-10,-3,2021-04-12,2021-04-26,0,control,1,0.9814433,1
138020,8,2021-05-27,2021-06-10,-3,2021-04-12,2021-04-26,0,control,1,0.83567506,1
138226,8,2021-05-27,2021-06-10,-3,2021-04-12,2021-04-26,0,control,0,0.018237729,0
139869,8,2021-05-27,2021-06-10,-3,2021-04-12,2021-04-26,0,control,1,0.96062875,1
140482,8,2021-05-27,2021-06-10,-3,2021-04-12,2021-04-26,0,control,0,0.054039896,0
140830,8,2021-05-27,2021-06-10,-3,2021-04-12,2021-04-26,0,control,0,0.07115633,0
142910,8,2021-05-27,2021-06-10,-3,2021-04-12,2021-04-26,0,control,0,0.09199324,0
143266,8,2021-05-27,2021-06-10,-3,2021-04-12,2021-04-26,0,control,1,0.89503664,1
147344,8,2021-05-27,2021-06-10,-3,2021-04-12,2021-04-26,0,control,1,0.9216792,1
149564,8,2021-05-27,2021-06-10,-3,2021-04-12,2021-04-26,0,control,1,0.99300146,1
149709,8,2021-05-27,2021-06-10,-3,2021-04-12,2021-04-26,0,control,1,0.91512555,1
149848,8,2021-05-27,2021-06-10,-3,2021-04-12,2021-04-26,0,control,1,0.96036863,1
152056,8,2021-05-27,2021-06-10,-3,2021-04-12,2021-04-26,0,control,0,0.043901365,0
153265,8,2021-05-27,2021-06-10,-3,2021-04-12,2021-04-26,0,control,1,0.913123,1
155922,8,2021-05-27,2021-06-10,-3,2021-04-12,2021-04-26,0,control,0,0.013017125,0
157256,8,2021-05-27,2021-06-10,-3,2021-04-12,2021-04-26,0,control,1,0.9033239,1
158605,8,2021-05-27,2021-06-10,-3,2021-04-12,2021-04-26,0,control,0,0.13703074,0
161410,8,2021-05-27,2021-06-10,-3,2021-04-12,2021-04-26,0,control,1,0.95955056,1
162039,8,2021-05-27,2021-06-10,-3,2021-04-12,2021-04-26,0,control,1,0.7651441,1
164557,8,2021-05-27,2021-06-10,-3,2021-04-12,2021-04-26,0,control,1,0.98633885,1
166306,8,2021-05-27,2021-06-10,-3,2021-04-12,2021-04-26,0,control,0,0.06262477,0
170825,8,2021-05-27,2021-06-10,-3,2021-04-12,2021-04-26,0,control,0,0.039950542,0
170888,8,2021-05-27,2021-06-10,-3,2021-04-12,2021-04-26,0,control,0,0.034189112,0
173743,8,2021-05-27,2021-06-10,-3,2021-04-12,2021-04-26,0,control,0,0.080946095,0
173755,8,2021-05-27,2021-06-10,-3,2021-04-12,2021-04-26,0,control,1,0.95855016,1
174520,8,2021-05-27,2021-06-10,-3,2021-04-12,2021-04-26,0,control,1,0.9874917,1
175150,8,2021-05-27,2021-06-10,-3,2021-04-12,2021-04-26,0,control,0,0.0048737037,0
175518,8,2021-05-27,2021-06-10,-3,2021-04-12,2021-04-26,0,control,1,0.9766301,1
176308,8,2021-05-27,2021-06-10,-3,2021-04-12,2021-04-26,0,control,0,0.004143781,0
177809,8,2021-05-27,2021-06-10,-3,2021-04-12,2021-04-26,0,control,0,0.0051596942,0
181156,8,2021-05-27,2021-06-10,-3,2021-04-12,2021-04-26,0,control,1,0.9167584,1
181264,8,2021-05-27,2021-06-10,-3,2021-04-12,2021-04-26,0,control,0,0.012587378,0
183006,8,2021-05-27,2021-06-10,-3,2021-04-12,2021-04-26,0,control,1,0.81363565,1
184021,8,2021-05-27,2021-06-10,-3,2021-04-12,2021-04-26,0,control,0,0.00952352,0
185542,8,2021-05-27,2021-06-10,-3,2021-04-12,2021-04-26,0,control,0,0.01783268,0
188158,8,2021-05-27,2021-06-10,-3,2021-04-12,2021-04-26,0,control,0,0.056995533,0
188466,8,2021-05-27,2021-06-10,-3,2021-04-12,2021-04-26,0,control,0,0.00092529046,0
189451,8,2021-05-27,2021-06-10,-3,2021-04-12,2021-04-26,0,control,0,0.006605045,0
190066,8,2021-05-27,2021-06-10,-3,2021-04-12,2021-04-26,0,control,0,0.05519566,0
191376,8,2021-05-27,2021-06-10,-3,2021-04-12,2021-04-26,0,control,0,0.023017649,0
193340,8,2021-05-27,2021-06-10,-3,2021-04-12,2021-04-26,0,control,1,0.9125414,1
194606,8,2021-05-27,2021-06-10,-3,2021-04-12,2021-04-26,0,control,1,0.9665756,1
195176,8,2021-05-27,2021-06-10,-3,2021-04-12,2021-04-26,0,control,0,0.037565444,0
199666,8,2021-05-27,2021-06-10,-3,2021-04-12,2021-04-26,0,control,1,0.9544558,1
200881,8,2021-05-27,2021-06-10,-3,2021-04-12,2021-04-26,0,control,0,0.019285705,0
201532,8,2021-05-27,2021-06-10,-3,2021-04-12,2021-04-26,0,control,1,0.98121166,1
202156,8,2021-05-27,2021-06-10,-3,2021-04-12,2021-04-26,0,control,0,0.007518351,0
202487,8,2021-05-27,2021-06-10,-3,2021-04-12,2021-04-26,0,control,1,0.9532453,1
203498,8,2021-05-27,2021-06-10,-3,2021-04-12,2021-04-26,0,control,0,0.007861774,0
203601,8,2021-05-27,2021-06-10,-3,2021-04-12,2021-04-26,0,control,0,0.21812524,0
207230,8,2021-05-27,2021-06-10,-3,2021-04-12,2021-04-26,0,control,0,0.0025603361,0
207543,8,2021-05-27,2021-06-10,-3,2021-04-12,2021-04-26,0,control,0,0.005649168,0
209601,8,2021-05-27,2021-06-10,-3,2021-04-12,2021-04-26,0,control,0,0.0013030303,0
210477,8,2021-05-27,2021-06-10,-3,2021-04-12,2021-04-26,0,control,0,0.073818654,0
211152,8,2021-05-27,2021-06-10,-3,2021-04-12,2021-04-26,0,control,0,0.0012908771,0
212967,8,2021-05-27,2021-06-10,-3,2021-04-12,2021-04-26,0,control,1,0.96213835,1
214918,8,2021-05-27,2021-06-10,-3,2021-04-12,2021-04-26,0,control,1,0.9657786,1
215764,8,2021-05-27,2021-06-10,-3,2021-04-12,2021-04-26,0,control,1,0.97028905,1
216889,8,2021-05-27,2021-06-10,-3,2021-04-12,2021-04-26,0,control,1,0.97706306,1
218979,8,2021-05-27,2021-06-10,-3,2021-04-12,2021-04-26,0,control,1,0.9428624,1
219649,8,2021-05-27,2021-06-10,-3,2021-04-12,2021-04-26,0,control,1,0.96847075,1
220698,8,2021-05-27,2021-06-10,-3,2021-04-12,2021-04-26,0,control,1,0.97107434,1
220958,8,2021-05-27,2021-06-10,-3,2021-04-12,2021-04-26,0,control,0,0.041938838,0
222069,8,2021-05-27,2021-06-10,-3,2021-04-12,2021-04-26,0,control,1,0.94426227,1
222207,8,2021-05-27,2021-06-10,-3,2021-04-12,2021-04-26,0,control,0,0.06651045,0
223848,8,2021-05-27,2021-06-10,-3,2021-04-12,2021-04-26,0,control,1,0.991236,1
225603,8,2021-05-27,2021-06-10,-3,2021-04-12,2021-04-26,0,control,1,0.844663,1
226203,8,2021-05-27,2021-06-10,-3,2021-04-12,2021-04-26,0,control,1,0.74327445,1
226524,8,2021-05-27,2021-06-10,-3,2021-04-12,2021-04-26,0,control,1,0.974097,1
230166,8,2021-05-27,2021-06-10,-3,2021-04-12,2021-04-26,0,control,0,0.10699239,0
230992,8,2021-05-27,2021-06-10,-3,2021-04-12,2021-04-26,0,control,0,0.02865491,0
232111,8,2021-05-27,2021-06-10,-3,2021-04-12,2021-04-26,0,control,1,0.90974295,1
232259,8,2021-05-27,2021-06-10,-3,2021-04-12,2021-04-26,0,control,0,0.004590132,0
234250,8,2021-05-27,2021-06-10,-3,2021-04-12,2021-04-26,0,control,1,0.9913366,1
234456,8,2021-05-27,2021-06-10,-3,2021-04-12,2021-04-26,0,control,1,0.924252,1
237344,8,2021-05-27,2021-06-10,-3,2021-04-12,2021-04-26,0,control,1,0.9935355,1
238405,8,2021-05-27,2021-06-10,-3,2021-04-12,2021-04-26,0,control,0,0.0032424154,0
243214,8,2021-05-27,2021-06-10,-3,2021-04-12,2021-04-26,0,control,1,0.93489647,1
243715,8,2021-05-27,2021-06-10,-3,2021-04-12,2021-04-26,0,control,1,0.94853365,1
244404,8,2021-05-27,2021-06-10,-3,2021-04-12,2021-04-26,0,control,0,0.06655953,0
245393,8,2021-05-27,2021-06-10,-3,2021-04-12,2021-04-26,0,control,0,0.14104573,0
245761,8,2021-05-27,2021-06-10,-3,2021-04-12,2021-04-26,0,control,1,0.8785991,1
246604,8,2021-05-27,2021-06-10,-3,2021-04-12,2021-04-26,0,control,1,0.9433115,1
247252,8,2021-05-27,2021-06-10,-3,2021-04-12,2021-04-26,0,control,0,0.059789196,0
248931,8,2021-05-27,2021-06-10,-3,2021-04-12,2021-04-26,0,control,0,0.0022274803,0
250258,8,2021-05-27,2021-06-10,-3,2021-04-12,2021-04-26,0,control,0,0.0023662806,0
253237,8,2021-05-27,2021-06-10,-3,2021-04-12,2021-04-26,0,control,1,0.9503416,1
254768,8,2021-05-27,2021-06-10,-3,2021-04-12,2021-04-26,0,control,0,0.10153258,0
257282,8,2021-05-27,2021-06-10,-3,2021-04-12,2021-04-26,0,control,0,0.050554495,0
260040,8,2021-05-27,2021-06-10,-3,2021-04-12,2021-04-26,0,control,1,0.9779076,1
260277,8,2021-05-27,2021-06-10,-3,2021-04-12,2021-04-26,0,control,0,0.0015328433,0
261450,8,2021-05-27,2021-06-10,-3,2021-04-12,2021-04-26,0,control,1,0.9975084,1
262162,8,2021-05-27,2021-06-10,-3,2021-04-12,2021-04-26,0,control,1,0.979887,1
262607,8,2021-05-27,2021-06-10,-3,2021-04-12,2021-04-26,0,control,1,0.8594916,1
263515,8,2021-05-27,2021-06-10,-3,2021-04-12,2021-04-26,0,control,1,0.8466778,1
263688,8,2021-05-27,2021-06-10,-3,2021-04-12,2021-04-26,0,control,1,0.82395494,1
264158,8,2021-05-27,2021-06-10,-3,2021-04-12,2021-04-26,0,control,0,0.005058589,0
267862,8,2021-05-27,2021-06-10,-3,2021-04-12,2021-04-26,0,control,0,0.0024976057,0
271625,8,2021-05-27,2021-06-10,-3,2021-04-12,2021-04-26,0,control,1,0.78860325,1
272705,8,2021-05-27,2021-06-10,-3,2021-04-12,2021-04-26,0,control,1,0.9668413,1
273115,8,2021-05-27,2021-06-10,-3,2021-04-12,2021-04-26,0,control,0,0.036350474,0
273125,8,2021-05-27,2021-06-10,-3,2021-04-12,2021-04-26,0,control,0,0.0595729,0
273631,8,2021-05-27,2021-06-10,-3,2021-04-12,2021-04-26,0,control,0,0.013174808,0
274088,8,2021-05-27,2021-06-10,-3,2021-04-12,2021-04-26,0,control,0,0.20998226,0
275284,8,2021-05-27,2021-06-10,-3,2021-04-12,2021-04-26,0,control,0,0.029014442,0
275665,8,2021-05-27,2021-06-10,-3,2021-04-12,2021-04-26,0,control,1,0.90080684,1
277476,8,2021-05-27,2021-06-10,-3,2021-04-12,2021-04-26,0,control,0,0.051515594,0
280547,8,2021-05-27,2021-06-10,-3,2021-04-12,2021-04-26,0,control,0,0.016987078,0
282172,8,2021-05-27,2021-06-10,-3,2021-04-12,2021-04-26,0,control,0,0.07231347,0
285777,8,2021-05-27,2021-06-10,-3,2021-04-12,2021-04-26,0,control,0,0.05893846,0
286304,8,2021-05-27,2021-06-10,-3,2021-04-12,2021-04-26,0,control,1,0.96320605,1
286671,8,2021-05-27,2021-06-10,-3,2021-04-12,2021-04-26,0,control,1,0.9646396,1
287998,8,2021-05-27,2021-06-10,-3,2021-04-12,2021-04-26,0,control,1,0.94105464,1
288836,8,2021-05-27,2021-06-10,-3,2021-04-12,2021-04-26,0,control,1,0.9848322,1
289368,8,2021-05-27,2021-06-10,-3,2021-04-12,2021-04-26,0,control,1,0.91832656,1
292523,8,2021-05-27,2021-06-10,-3,2021-04-12,2021-04-26,0,control,1,0.9648904,1
293947,8,2021-05-27,2021-06-10,-3,2021-04-12,2021-04-26,0,control,0,0.00043010173,0
297096,8,2021-05-27,2021-06-10,-3,2021-04-12,2021-04-26,0,control,0,0.023218133,0
297632,8,2021-05-27,2021-06-10,-3,2021-04-12,2021-04-26,0,control,1,0.9897368,1
298083,8,2021-05-27,2021-06-10,-3,2021-04-12,2021-04-26,0,control,1,0.92962277,1
299631,8,2021-05-27,2021-06-10,-3,2021-04-12,2021-04-26,0,control,1,0.9551982,1
300232,8,2021-05-27,2021-06-10,-3,2021-04-12,2021-04-26,0,control,1,0.8278237,1
309501,8,2021-05-27,2021-06-10,-3,2021-04-12,2021-04-26,0,control,0,0.008093118,0
310872,8,2021-05-27,2021-06-10,-3,2021-04-12,2021-04-26,0,control,1,0.96978104,1
311115,8,2021-05-27,2021-06-10,-3,2021-04-12,2021-04-26,0,control,1,0.9372339,1
313582,8,2021-05-27,2021-06-10,-3,2021-04-12,2021-04-26,0,control,1,0.9979703,1
314627,8,2021-05-27,2021-06-10,-3,2021-04-12,2021-04-26,0,control,0,0.007033105,0
317139,8,2021-05-27,2021-06-10,-3,2021-04-12,2021-04-26,0,control,1,0.8104277,1
317755,8,2021-05-27,2021-06-10,-3,2021-04-12,2021-04-26,0,control,0,0.031299993,0
318813,8,2021-05-27,2021-06-10,-3,2021-04-12,2021-04-26,0,control,0,0.028376892,0
319128,8,2021-05-27,2021-06-10,-3,2021-04-12,2021-04-26,0,control,0,0.0026301437,0
320817,8,2021-05-27,2021-06-10,-3,2021-04-12,2021-04-26,0,control,0,0.14005804,0
321238,8,2021-05-27,2021-06-10,-3,2021-04-12,2021-04-26,0,control,0,0.036612287,0
323763,8,2021-05-27,2021-06-10,-3,2021-04-12,2021-04-26,0,control,0,0.05126365,0
324576,8,2021-05-27,2021-06-10,-3,2021-04-12,2021-04-26,0,control,1,0.8927786,1
325737,8,2021-05-27,2021-06-10,-3,2021-04-12,2021-04-26,0,control,0,0.037995465,0
329705,8,2021-05-27,2021-06-10,-3,2021-04-12,2021-04-26,0,control,0,0.05783622,0
329718,8,2021-05-27,2021-06-10,-3,2021-04-12,2021-04-26,0,control,0,0.065585166,0
331496,8,2021-05-27,2021-06-10,-3,2021-04-12,2021-04-26,0,control,1,0.98872375,1
332210,8,2021-05-27,2021-06-10,-3,2021-04-12,2021-04-26,0,control,1,0.99643457,1
333603,8,2021-05-27,2021-06-10,-3,2021-04-12,2021-04-26,0,control,0,0.007548245,0
334032,8,2021-05-27,2021-06-10,-3,2021-04-12,2021-04-26,0,control,1,0.87144625,1
334099,8,2021-05-27,2021-06-10,-3,2021-04-12,2021-04-26,0,control,0,0.021261914,0
336493,8,2021-05-27,2021-06-10,-3,2021-04-12,2021-04-26,0,control,0,0.075227834,0
336759,8,2021-05-27,2021-06-10,-3,2021-04-12,2021-04-26,0,control,1,0.9650028,1
339590,8,2021-05-27,2021-06-10,-3,2021-04-12,2021-04-26,0,control,1,0.90131354,1
340042,8,2021-05-27,2021-06-10,-3,2021-04-12,2021-04-26,0,control,1,0.99669963,1
340586,8,2021-05-27,2021-06-10,-3,2021-04-12,2021-04-26,0,control,0,0.028139846,0
341153,8,2021-05-27,2021-06-10,-3,2021-04-12,2021-04-26,0,control,1,0.9595345,1
341457,8,2021-05-27,2021-06-10,-3,2021-04-12,2021-04-26,0,control,0,0.060596522,0
342618,8,2021-05-27,2021-06-10,-3,2021-04-12,2021-04-26,0,control,0,0.03076177,0
342676,8,2021-05-27,2021-06-10,-3,2021-04-12,2021-04-26,0,control,1,0.9423003,1
343104,8,2021-05-27,2021-06-10,-3,2021-04-12,2021-04-26,0,control,1,0.98190355,1
344893,8,2021-05-27,2021-06-10,-3,2021-04-12,2021-04-26,0,control,0,0.019134957,0
353359,8,2021-05-27,2021-06-10,-3,2021-04-12,2021-04-26,0,control,0,0.06744882,0
353387,8,2021-05-27,2021-06-10,-3,2021-04-12,2021-04-26,0,control,1,0.9587163,1
354636,8,2021-05-27,2021-06-10,-3,2021-04-12,2021-04-26,0,control,0,0.02264043,0
355050,8,2021-05-27,2021-06-10,-3,2021-04-12,2021-04-26,0,control,0,0.04069515,0
357538,8,2021-05-27,2021-06-10,-3,2021-04-12,2021-04-26,0,control,0,0.009963231,0
358656,8,2021-05-27,2021-06-10,-3,2021-04-12,2021-04-26,0,control,0,0.0062529757,0
362285,8,2021-05-27,2021-06-10,-3,2021-04-12,2021-04-26,0,control,0,0.0349221,0
367275,8,2021-05-27,2021-06-10,-3,2021-04-12,2021-04-26,0,control,1,0.84689933,1
369412,8,2021-05-27,2021-06-10,-3,2021-04-12,2021-04-26,0,control,0,0.03075324,0
369788,8,2021-05-27,2021-06-10,-3,2021-04-12,2021-04-26,0,control,1,0.6908277,1
371614,8,2021-05-27,2021-06-10,-3,2021-04-12,2021-04-26,0,control,0,0.0080964975,0
373340,8,2021-05-27,2021-06-10,-3,2021-04-12,2021-04-26,0,control,0,0.016389767,0
374135,8,2021-05-27,2021-06-10,-3,2021-04-12,2021-04-26,0,control,1,0.93127143,1
375905,8,2021-05-27,2021-06-10,-3,2021-04-12,2021-04-26,0,control,0,0.010090458,0
376999,8,2021-05-27,2021-06-10,-3,2021-04-12,2021-04-26,0,control,0,0.026371723,0
378401,8,2021-05-27,2021-06-10,-3,2021-04-12,2021-04-26,0,control,0,0.009930595,0
378517,8,2021-05-27,2021-06-10,-3,2021-04-12,2021-04-26,0,control,1,0.9721138,1
380338,8,2021-05-27,2021-06-10,-3,2021-04-12,2021-04-26,0,control,1,0.9489224,1
383817,8,2021-05-27,2021-06-10,-3,2021-04-12,2021-04-26,0,control,1,0.98731935,1
384509,8,2021-05-27,2021-06-10,-3,2021-04-12,2021-04-26,0,control,0,0.02605248,0
384608,8,2021-05-27,2021-06-10,-3,2021-04-12,2021-04-26,0,control,1,0.9760585,1
386574,8,2021-05-27,2021-06-10,-3,2021-04-12,2021-04-26,0,control,0,0.0034920124,0
387140,8,2021-05-27,2021-06-10,-3,2021-04-12,2021-04-26,0,control,0,0.0989194,0
387500,8,2021-05-27,2021-06-10,-3,2021-04-12,2021-04-26,0,control,0,0.0019787308,0
387981,8,2021-05-27,2021-06-10,-3,2021-04-12,2021-04-26,0,control,0,0.0034965002,0
388619,8,2021-05-27,2021-06-10,-3,2021-04-12,2021-04-26,0,control,0,0.08174932,0
388816,8,2021-05-27,2021-06-10,-3,2021-04-12,2021-04-26,0,control,1,0.93037415,1
390368,8,2021-05-27,2021-06-10,-3,2021-04-12,2021-04-26,0,control,1,0.89760095,1
391490,8,2021-05-27,2021-06-10,-3,2021-04-12,2021-04-26,0,control,0,0.0026634904,0
392759,8,2021-05-27,2021-06-10,-3,2021-04-12,2021-04-26,0,control,0,0.09914956,0
393661,8,2021-05-27,2021-06-10,-3,2021-04-12,2021-04-26,0,control,0,0.22925356,0
394268,8,2021-05-27,2021-06-10,-3,2021-04-12,2021-04-26,0,control,0,0.0070624137,0
397739,8,2021-05-27,2021-06-10,-3,2021-04-12,2021-04-26,0,control,0,0.049595933,0
397845,8,2021-05-27,2021-06-10,-3,2021-04-12,2021-04-26,0,control,1,0.947865,1
398865,8,2021-05-27,2021-06-10,-3,2021-04-12,2021-04-26,0,control,1,0.9110993,1
398901,8,2021-05-27,2021-06-10,-3,2021-04-12,2021-04-26,0,control,1,0.9772953,1
400473,8,2021-05-27,2021-06-10,-3,2021-04-12,2021-04-26,0,control,1,0.840611,1
401968,8,2021-05-27,2021-06-10,-3,2021-04-12,2021-04-26,0,control,0,0.009607428,0
402583,8,2021-05-27,2021-06-10,-3,2021-04-12,2021-04-26,0,control,0,0.001596109,0
404521,8,2021-05-27,2021-06-10,-3,2021-04-12,2021-04-26,0,control,1,0.9976978,1
405308,8,2021-05-27,2021-06-10,-3,2021-04-12,2021-04-26,0,control,1,0.89947766,1
405883,8,2021-05-27,2021-06-10,-3,2021-04-12,2021-04-26,0,control,1,0.9955052,1
409425,8,2021-05-27,2021-06-10,-3,2021-04-12,2021-04-26,0,control,0,0.08867526,0
414116,8,2021-05-27,2021-06-10,-3,2021-04-12,2021-04-26,0,control,0,0.11078173,0
414339,8,2021-05-27,2021-06-10,-3,2021-04-12,2021-04-26,0,control,0,0.008700273,0
417490,8,2021-05-27,2021-06-10,-3,2021-04-12,2021-04-26,0,control,1,0.9260507,1
417540,8,2021-05-27,2021-06-10,-3,2021-04-12,2021-04-26,0,control,1,0.96635,1
418129,8,2021-05-27,2021-06-10,-3,2021-04-12,2021-04-26,0,control,0,0.016352864,0
421057,8,2021-05-27,2021-06-10,-3,2021-04-12,2021-04-26,0,control,0,0.013739186,0
421281,8,2021-05-27,2021-06-10,-3,2021-04-12,2021-04-26,0,control,0,0.04823884,0
423128,8,2021-05-27,2021-06-10,-3,2021-04-12,2021-04-26,0,control,1,0.9958133,1
423434,8,2021-05-27,2021-06-10,-3,2021-04-12,2021-04-26,0,control,1,0.9809847,1
425278,8,2021-05-27,2021-06-10,-3,2021-04-12,2021-04-26,0,control,0,0.008634785,0
425513,8,2021-05-27,2021-06-10,-3,2021-04-12,2021-04-26,0,control,1,0.9995065,1
426155,8,2021-05-27,2021-06-10,-3,2021-04-12,2021-04-26,0,control,1,0.94228107,1
426794,8,2021-05-27,2021-06-10,-3,2021-04-12,2021-04-26,0,control,0,0.007795352,0
428717,8,2021-05-27,2021-06-10,-3,2021-04-12,2021-04-26,0,control,1,0.9060612,1
429954,8,2021-05-27,2021-06-10,-3,2021-04-12,2021-04-26,0,control,1,0.9160173,1
430907,8,2021-05-27,2021-06-10,-3,2021-04-12,2021-04-26,0,control,0,0.031397823,0
431282,8,2021-05-27,2021-06-10,-3,2021-04-12,2021-04-26,0,control,0,0.016984226,0
433896,8,2021-05-27,2021-06-10,-3,2021-04-12,2021-04-26,0,control,0,0.025835278,0
433962,8,2021-05-27,2021-06-10,-3,2021-04-12,2021-04-26,0,control,0,0.16511479,0
434476,8,2021-05-27,2021-06-10,-3,2021-04-12,2021-04-26,0,control,1,0.7296034,1
434573,8,2021-05-27,2021-06-10,-3,2021-04-12,2021-04-26,0,control,0,0.02128242,0
438498,8,2021-05-27,2021-06-10,-3,2021-04-12,2021-04-26,0,control,0,0.027319537,0
438678,8,2021-05-27,2021-06-10,-3,2021-04-12,2021-04-26,0,control,0,0.030554036,0
438797,8,2021-05-27,2021-06-10,-3,2021-04-12,2021-04-26,0,control,0,0.09139207,0
441049,8,2021-05-27,2021-06-10,-3,2021-04-12,2021-04-26,0,control,0,0.08938766,0
441147,8,2021-05-27,2021-06-10,-3,2021-04-12,2021-04-26,0,control,1,0.99117637,1
444355,8,2021-05-27,2021-06-10,-3,2021-04-12,2021-04-26,0,control,0,0.08774683,0
445577,8,2021-05-27,2021-06-10,-3,2021-04-12,2021-04-26,0,control,1,0.9791663,1
446688,8,2021-05-27,2021-06-10,-3,2021-04-12,2021-04-26,0,control,0,0.00058022916,0
448727,8,2021-05-27,2021-06-10,-3,2021-04-12,2021-04-26,0,control,1,0.9774072,1
449867,8,2021-05-27,2021-06-10,-3,2021-04-12,2021-04-26,0,control,0,0.0042628855,0
451030,8,2021-05-27,2021-06-10,-3,2021-04-12,2021-04-26,0,control,1,0.8548317,1
452206,8,2021-05-27,2021-06-10,-3,2021-04-12,2021-04-26,0,control,0,0.029696122,0
452469,8,2021-05-27,2021-06-10,-3,2021-04-12,2021-04-26,0,control,0,0.028515426,0
452795,8,2021-05-27,2021-06-10,-3,2021-04-12,2021-04-26,0,control,0,0.01130031,0
453162,8,2021-05-27,2021-06-10,-3,2021-04-12,2021-04-26,0,control,0,0.064142875,0
456179,8,2021-05-27,2021-06-10,-3,2021-04-12,2021-04-26,0,control,0,0.016813584,0
457823,8,2021-05-27,2021-06-10,-3,2021-04-12,2021-04-26,0,control,0,0.0084206145,0
461235,8,2021-05-27,2021-06-10,-3,2021-04-12,2021-04-26,0,control,1,0.9289527,1
464435,8,2021-05-27,2021-06-10,-3,2021-04-12,2021-04-26,0,control,1,0.9045757,1
464703,8,2021-05-27,2021-06-10,-3,2021-04-12,2021-04-26,0,control,0,0.0018866739,0
465357,8,2021-05-27,2021-06-10,-3,2021-04-12,2021-04-26,0,control,0,0.038804807,0
466141,8,2021-05-27,2021-06-10,-3,2021-04-12,2021-04-26,0,control,0,0.013425821,0
466787,8,2021-05-27,2021-06-10,-3,2021-04-12,2021-04-26,0,control,0,0.060211267,0
467988,8,2021-05-27,2021-06-10,-3,2021-04-12,2021-04-26,0,control,0,0.038155884,0
471606,8,2021-05-27,2021-06-10,-3,2021-04-12,2021-04-26,0,control,1,0.99148023,1
472605,8,2021-05-27,2021-06-10,-3,2021-04-12,2021-04-26,0,control,1,0.9946754,1
475707,8,2021-05-27,2021-06-10,-3,2021-04-12,2021-04-26,0,control,0,0.014106541,0
478569,8,2021-05-27,2021-06-10,-3,2021-04-12,2021-04-26,0,control,1,0.9667659,1
479284,8,2021-05-27,2021-06-10,-3,2021-04-12,2021-04-26,0,control,0,0.058021255,0
479916,8,2021-05-27,2021-06-10,-3,2021-04-12,2021-04-26,0,control,0,0.0079139145,0
480412,8,2021-05-27,2021-06-10,-3,2021-04-12,2021-04-26,0,control,0,0.07718762,0
482248,8,2021-05-27,2021-06-10,-3,2021-04-12,2021-04-26,0,control,0,0.032854952,0
486785,8,2021-05-27,2021-06-10,-3,2021-04-12,2021-04-26,0,control,0,0.007070106,0
487205,8,2021-05-27,2021-06-10,-3,2021-04-12,2021-04-26,0,control,0,0.06715903,0
487495,8,2021-05-27,2021-06-10,-3,2021-04-12,2021-04-26,0,control,1,0.91689396,1
490517,8,2021-05-27,2021-06-10,-3,2021-04-12,2021-04-26,0,control,1,0.93068385,1
491181,8,2021-05-27,2021-06-10,-3,2021-04-12,2021-04-26,0,control,0,0.008187817,0
491203,8,2021-05-27,2021-06-10,-3,2021-04-12,2021-04-26,0,control,0,0.00534557,0
491218,8,2021-05-27,2021-06-10,-3,2021-04-12,2021-04-26,0,control,1,0.8738587,1
492339,8,2021-05-27,2021-06-10,-3,2021-04-12,2021-04-26,0,control,0,0.09504715,0
492520,8,2021-05-27,2021-06-10,-3,2021-04-12,2021-04-26,0,control,1,0.9672313,1
493455,8,2021-05-27,2021-06-10,-3,2021-04-12,2021-04-26,0,control,1,0.98236716,1
493771,8,2021-05-27,2021-06-10,-3,2021-04-12,2021-04-26,0,control,0,0.016708676,0
498077,8,2021-05-27,2021-06-10,-3,2021-04-12,2021-04-26,0,control,0,0.026156299,0
501089,8,2021-05-27,2021-06-10,-3,2021-04-12,2021-04-26,0,control,0,0.038623545,0
502941,8,2021-05-27,2021-06-10,-3,2021-04-12,2021-04-26,0,control,1,0.9375693,1
503550,8,2021-05-27,2021-06-10,-3,2021-04-12,2021-04-26,0,control,0,0.011319159,0
504993,8,2021-05-27,2021-06-10,-3,2021-04-12,2021-04-26,0,control,0,0.013512876,0
507798,8,2021-05-27,2021-06-10,-3,2021-04-12,2021-04-26,0,control,1,0.99512935,1
508638,8,2021-05-27,2021-06-10,-3,2021-04-12,2021-04-26,0,control,1,0.911119,1
509788,8,2021-05-27,2021-06-10,-3,2021-04-12,2021-04-26,0,control,1,0.89927834,1
510349,8,2021-05-27,2021-06-10,-3,2021-04-12,2021-04-26,0,control,1,0.9310805,1
510524,8,2021-05-27,2021-06-10,-3,2021-04-12,2021-04-26,0,control,0,0.016166648,0
511317,8,2021-05-27,2021-06-10,-3,2021-04-12,2021-04-26,0,control,1,0.9402413,1
511800,8,2021-05-27,2021-06-10,-3,2021-04-12,2021-04-26,0,control,0,0.0007756792,0
511852,8,2021-05-27,2021-06-10,-3,2021-04-12,2021-04-26,0,control,0,0.03429958,0
518092,8,2021-05-27,2021-06-10,-3,2021-04-12,2021-04-26,0,control,1,0.9355248,1
518696,8,2021-05-27,2021-06-10,-3,2021-04-12,2021-04-26,0,control,1,0.9432574,1
519341,8,2021-05-27,2021-06-10,-3,2021-04-12,2021-04-26,0,control,0,0.0011113394,0
519905,8,2021-05-27,2021-06-10,-3,2021-04-12,2021-04-26,0,control,0,0.028687268,0
522192,8,2021-05-27,2021-06-10,-3,2021-04-12,2021-04-26,0,control,0,0.033690356,0
525656,8,2021-05-27,2021-06-10,-3,2021-04-12,2021-04-26,0,control,1,0.774484,1
528581,8,2021-05-27,2021-06-10,-3,2021-04-12,2021-04-26,0,control,1,0.81246567,1
532446,8,2021-05-27,2021-06-10,-3,2021-04-12,2021-04-26,0,control,1,0.9094659,1
533274,8,2021-05-27,2021-06-10,-3,2021-04-12,2021-04-26,0,control,0,0.10467331,0
533822,8,2021-05-27,2021-06-10,-3,2021-04-12,2021-04-26,0,control,0,0.0026243436,0
534151,8,2021-05-27,2021-06-10,-3,2021-04-12,2021-04-26,0,control,0,0.033408035,0
534673,8,2021-05-27,2021-06-10,-3,2021-04-12,2021-04-26,0,control,0,0.006127359,0
535440,8,2021-05-27,2021-06-10,-3,2021-04-12,2021-04-26,0,control,1,0.99627787,1
536081,8,2021-05-27,2021-06-10,-3,2021-04-12,2021-04-26,0,control,1,0.9931084,1
536968,8,2021-05-27,2021-06-10,-3,2021-04-12,2021-04-26,0,control,0,0.090018146,0
537073,8,2021-05-27,2021-06-10,-3,2021-04-12,2021-04-26,0,control,0,0.052451175,0
539247,8,2021-05-27,2021-06-10,-3,2021-04-12,2021-04-26,0,control,0,0.0036204758,0
539297,8,2021-05-27,2021-06-10,-3,2021-04-12,2021-04-26,0,control,0,0.011194698,0
539624,8,2021-05-27,2021-06-10,-3,2021-04-12,2021-04-26,0,control,0,0.034225855,0
540155,8,2021-05-27,2021-06-10,-3,2021-04-12,2021-04-26,0,control,0,0.024880558,0
543070,8,2021-05-27,2021-06-10,-3,2021-04-12,2021-04-26,0,control,0,0.056337394,0
546903,8,2021-05-27,2021-06-10,-3,2021-04-12,2021-04-26,0,control,0,0.06528736,0
547220,8,2021-05-27,2021-06-10,-3,2021-04-12,2021-04-26,0,control,0,0.040447168,0
547473,8,2021-05-27,2021-06-10,-3,2021-04-12,2021-04-26,0,control,0,0.07394804,0
547917,8,2021-05-27,2021-06-10,-3,2021-04-12,2021-04-26,0,control,1,0.8053642,1
549382,8,2021-05-27,2021-06-10,-3,2021-04-12,2021-04-26,0,control,1,0.9983877,1
549951,8,2021-05-27,2021-06-10,-3,2021-04-12,2021-04-26,0,control,0,0.11198439,0
549971,8,2021-05-27,2021-06-10,-3,2021-04-12,2021-04-26,0,control,1,0.76372236,1
551613,8,2021-05-27,2021-06-10,-3,2021-04-12,2021-04-26,0,control,0,0.022096852,0
552614,8,2021-05-27,2021-06-10,-3,2021-04-12,2021-04-26,0,control,0,0.042802762,0
553152,8,2021-05-27,2021-06-10,-3,2021-04-12,2021-04-26,0,control,0,0.055081457,0
554076,8,2021-05-27,2021-06-10,-3,2021-04-12,2021-04-26,0,control,0,0.032745976,0
554767,8,2021-05-27,2021-06-10,-3,2021-04-12,2021-04-26,0,control,0,0.0050556017,0
556823,8,2021-05-27,2021-06-10,-3,2021-04-12,2021-04-26,0,control,0,0.07576431,0
557916,8,2021-05-27,2021-06-10,-3,2021-04-12,2021-04-26,0,control,1,0.9394493,1
560470,8,2021-05-27,2021-06-10,-3,2021-04-12,2021-04-26,0,control,1,0.9690071,1
564863,8,2021-05-27,2021-06-10,-3,2021-04-12,2021-04-26,0,control,0,0.021043053,0
565293,8,2021-05-27,2021-06-10,-3,2021-04-12,2021-04-26,0,control,0,0.033542197,0
568086,8,2021-05-27,2021-06-10,-3,2021-04-12,2021-04-26,0,control,1,0.9950682,1
569209,8,2021-05-27,2021-06-10,-3,2021-04-12,2021-04-26,0,control,1,0.9583362,1
572807,8,2021-05-27,2021-06-10,-3,2021-04-12,2021-04-26,0,control,1,0.88555217,1
573704,8,2021-05-27,2021-06-10,-3,2021-04-12,2021-04-26,0,control,1,0.8238772,1
575102,8,2021-05-27,2021-06-10,-3,2021-04-12,2021-04-26,0,control,1,0.99400043,1
576341,8,2021-05-27,2021-06-10,-3,2021-04-12,2021-04-26,0,control,0,0.0006505307,0
578550,8,2021-05-27,2021-06-10,-3,2021-04-12,2021-04-26,0,control,1,0.889245,1
579396,8,2021-05-27,2021-06-10,-3,2021-04-12,2021-04-26,0,control,0,0.020275611,0
581333,8,2021-05-27,2021-06-10,-3,2021-04-12,2021-04-26,0,control,1,0.9710957,1
584923,8,2021-05-27,2021-06-10,-3,2021-04-12,2021-04-26,0,control,0,0.100062355,0
584977,8,2021-05-27,2021-06-10,-3,2021-04-12,2021-04-26,0,control,0,0.10960029,0
585540,8,2021-05-27,2021-06-10,-3,2021-04-12,2021-04-26,0,control,0,0.03467572,0
586696,8,2021-05-27,2021-06-10,-3,2021-04-12,2021-04-26,0,control,0,0.098283075,0
588588,8,2021-05-27,2021-06-10,-3,2021-04-12,2021-04-26,0,control,1,0.9144488,1
590001,8,2021-05-27,2021-06-10,-3,2021-04-12,2021-04-26,0,control,1,0.8919219,1
591072,8,2021-05-27,2021-06-10,-3,2021-04-12,2021-04-26,0,control,0,0.048021283,0
593887,8,2021-05-27,2021-06-10,-3,2021-04-12,2021-04-26,0,control,1,0.97970873,1
595547,8,2021-05-27,2021-06-10,-3,2021-04-12,2021-04-26,0,control,1,0.91844004,1
596979,8,2021-05-27,2021-06-10,-3,2021-04-12,2021-04-26,0,control,1,0.9449786,1
598948,8,2021-05-27,2021-06-10,-3,2021-04-12,2021-04-26,0,control,1,0.99795014,1
602291,8,2021-05-27,2021-06-10,-3,2021-04-12,2021-04-26,0,control,1,0.9535979,1
602800,8,2021-05-27,2021-06-10,-3,2021-04-12,2021-04-26,0,control,0,0.004192424,0
603922,8,2021-05-27,2021-06-10,-3,2021-04-12,2021-04-26,0,control,0,0.07997436,0
603924,8,2021-05-27,2021-06-10,-3,2021-04-12,2021-04-26,0,control,1,0.9391981,1
604497,8,2021-05-27,2021-06-10,-3,2021-04-12,2021-04-26,0,control,0,0.07033862,0
604987,8,2021-05-27,2021-06-10,-3,2021-04-12,2021-04-26,0,control,1,0.97368276,1
605305,8,2021-05-27,2021-06-10,-3,2021-04-12,2021-04-26,0,control,1,0.9448743,1
607155,8,2021-05-27,2021-06-10,-3,2021-04-12,2021-04-26,0,control,0,0.03112243,0
608604,8,2021-05-27,2021-06-10,-3,2021-04-12,2021-04-26,0,control,1,0.8977097,1
610652,8,2021-05-27,2021-06-10,-3,2021-04-12,2021-04-26,0,control,0,0.091660544,0
610691,8,2021-05-27,2021-06-10,-3,2021-04-12,2021-04-26,0,control,0,0.13614583,0
610824,8,2021-05-27,2021-06-10,-3,2021-04-12,2021-04-26,0,control,0,0.0009893954,0
611245,8,2021-05-27,2021-06-10,-3,2021-04-12,2021-04-26,0,control,1,0.98301953,1
612548,8,2021-05-27,2021-06-10,-3,2021-04-12,2021-04-26,0,control,1,0.9996619,1
612926,8,2021-05-27,2021-06-10,-3,2021-04-12,2021-04-26,0,control,0,0.082519114,0
614890,8,2021-05-27,2021-06-10,-3,2021-04-12,2021-04-26,0,control,1,0.99595237,1
615248,8,2021-05-27,2021-06-10,-3,2021-04-12,2021-04-26,0,control,1,0.9849706,1
615305,8,2021-05-27,2021-06-10,-3,2021-04-12,2021-04-26,0,control,0,0.009473324,0
618368,8,2021-05-27,2021-06-10,-3,2021-04-12,2021-04-26,0,control,1,0.9892152,1
619740,8,2021-05-27,2021-06-10,-3,2021-04-12,2021-04-26,0,control,1,0.94428384,1
620558,8,2021-05-27,2021-06-10,-3,2021-04-12,2021-04-26,0,control,0,0.043246258,0
623948,8,2021-05-27,2021-06-10,-3,2021-04-12,2021-04-26,0,control,0,0.04789554,0
625776,8,2021-05-27,2021-06-10,-3,2021-04-12,2021-04-26,0,control,0,0.14437792,0
626176,8,2021-05-27,2021-06-10,-3,2021-04-12,2021-04-26,0,control,0,0.004332395,0
626764,8,2021-05-27,2021-06-10,-3,2021-04-12,2021-04-26,0,control,1,0.94303143,1
627207,8,2021-05-27,2021-06-10,-3,2021-04-12,2021-04-26,0,control,0,0.015045103,0
627208,8,2021-05-27,2021-06-10,-3,2021-04-12,2021-04-26,0,control,0,0.03619192,0
628971,8,2021-05-27,2021-06-10,-3,2021-04-12,2021-04-26,0,control,1,0.9581977,1
630526,8,2021-05-27,2021-06-10,-3,2021-04-12,2021-04-26,0,control,0,0.0048319134,0
630772,8,2021-05-27,2021-06-10,-3,2021-04-12,2021-04-26,0,control,0,0.002999053,0
631090,8,2021-05-27,2021-06-10,-3,2021-04-12,2021-04-26,0,control,0,0.049067132,0
631424,8,2021-05-27,2021-06-10,-3,2021-04-12,2021-04-26,0,control,1,0.9677417,1
633314,8,2021-05-27,2021-06-10,-3,2021-04-12,2021-04-26,0,control,1,0.9299613,1
634155,8,2021-05-27,2021-06-10,-3,2021-04-12,2021-04-26,0,control,0,0.04764062,0
636012,8,2021-05-27,2021-06-10,-3,2021-04-12,2021-04-26,0,control,0,0.032292042,0
636346,8,2021-05-27,2021-06-10,-3,2021-04-12,2021-04-26,0,control,0,0.039036386,0
641905,8,2021-05-27,2021-06-10,-3,2021-04-12,2021-04-26,0,control,1,0.9930791,1
642314,8,2021-05-27,2021-06-10,-3,2021-04-12,2021-04-26,0,control,0,0.022765595,0
644365,8,2021-05-27,2021-06-10,-3,2021-04-12,2021-04-26,0,control,1,0.959876,1
650532,8,2021-05-27,2021-06-10,-3,2021-04-12,2021-04-26,0,control,0,0.012466279,0
652868,8,2021-05-27,2021-06-10,-3,2021-04-12,2021-04-26,0,control,0,0.11355477,0
653153,8,2021-05-27,2021-06-10,-3,2021-04-12,2021-04-26,0,control,0,0.0025635797,0
654219,8,2021-05-27,2021-06-10,-3,2021-04-12,2021-04-26,0,control,1,0.99888974,1
660217,8,2021-05-27,2021-06-10,-3,2021-04-12,2021-04-26,0,control,0,0.08226059,0
663078,8,2021-05-27,2021-06-10,-3,2021-04-12,2021-04-26,0,control,0,0.052970577,0
667913,8,2021-05-27,2021-06-10,-3,2021-04-12,2021-04-26,0,control,0,0.0920289,0
670344,8,2021-05-27,2021-06-10,-3,2021-04-12,2021-04-26,0,control,0,0.05258666,0
670644,8,2021-05-27,2021-06-10,-3,2021-04-12,2021-04-26,0,control,0,0.024450203,0
671278,8,2021-05-27,2021-06-10,-3,2021-04-12,2021-04-26,0,control,0,0.06881099,0
673811,8,2021-05-27,2021-06-10,-3,2021-04-12,2021-04-26,0,control,0,0.0044191987,0
674121,8,2021-05-27,2021-06-10,-3,2021-04-12,2021-04-26,0,control,0,0.06377776,0
675251,8,2021-05-27,2021-06-10,-3,2021-04-12,2021-04-26,0,control,0,0.02239409,0
677554,8,2021-05-27,2021-06-10,-3,2021-04-12,2021-04-26,0,control,1,0.98449576,1
677652,8,2021-05-27,2021-06-10,-3,2021-04-12,2021-04-26,0,control,1,0.9995517,1
679371,8,2021-05-27,2021-06-10,-3,2021-04-12,2021-04-26,0,control,1,0.99970883,1
679909,8,2021-05-27,2021-06-10,-3,2021-04-12,2021-04-26,0,control,1,0.9498737,1
679910,8,2021-05-27,2021-06-10,-3,2021-04-12,2021-04-26,0,control,1,0.9777916,1
680871,8,2021-05-27,2021-06-10,-3,2021-04-12,2021-04-26,0,control,1,0.95027363,1
681936,8,2021-05-27,2021-06-10,-3,2021-04-12,2021-04-26,0,control,1,0.9994885,1
682274,8,2021-05-27,2021-06-10,-3,2021-04-12,2021-04-26,0,control,0,0.002091169,0
682891,8,2021-05-27,2021-06-10,-3,2021-04-12,2021-04-26,0,control,1,0.9319026,1
684941,8,2021-05-27,2021-06-10,-3,2021-04-12,2021-04-26,0,control,0,0.080684714,0
685103,8,2021-05-27,2021-06-10,-3,2021-04-12,2021-04-26,0,control,0,0.011649025,0
686213,8,2021-05-27,2021-06-10,-3,2021-04-12,2021-04-26,0,control,1,0.9605072,1
687909,8,2021-05-27,2021-06-10,-3,2021-04-12,2021-04-26,0,control,1,0.99667895,1
692725,8,2021-05-27,2021-06-10,-3,2021-04-12,2021-04-26,0,control,1,0.9740389,1
694652,8,2021-05-27,2021-06-10,-3,2021-04-12,2021-04-26,0,control,1,0.99955267,1
695655,8,2021-05-27,2021-06-10,-3,2021-04-12,2021-04-26,0,control,1,0.74950475,1
697117,8,2021-05-27,2021-06-10,-3,2021-04-12,2021-04-26,0,control,1,0.96255034,1
697792,8,2021-05-27,2021-06-10,-3,2021-04-12,2021-04-26,0,control,1,0.998151,1
698998,8,2021-05-27,2021-06-10,-3,2021-04-12,2021-04-26,0,control,0,0.013127663,0
699199,8,2021-05-27,2021-06-10,-3,2021-04-12,2021-04-26,0,control,0,0.005680262,0
699686,8,2021-05-27,2021-06-10,-3,2021-04-12,2021-04-26,0,control,1,0.98423034,1
701607,8,2021-05-27,2021-06-10,-3,2021-04-12,2021-04-26,0,control,0,0.123319894,0
702467,8,2021-05-27,2021-06-10,-3,2021-04-12,2021-04-26,0,control,1,0.79982424,1
704874,8,2021-05-27,2021-06-10,-3,2021-04-12,2021-04-26,0,control,0,0.06479738,0
708718,8,2021-05-27,2021-06-10,-3,2021-04-12,2021-04-26,0,control,1,0.9176669,1
709645,8,2021-05-27,2021-06-10,-3,2021-04-12,2021-04-26,0,control,1,0.9807436,1
711212,8,2021-05-27,2021-06-10,-3,2021-04-12,2021-04-26,0,control,0,0.058016986,0
711631,8,2021-05-27,2021-06-10,-3,2021-04-12,2021-04-26,0,control,0,0.00853751,0
711873,8,2021-05-27,2021-06-10,-3,2021-04-12,2021-04-26,0,control,0,0.015272432,0
712239,8,2021-05-27,2021-06-10,-3,2021-04-12,2021-04-26,0,control,1,0.9347255,1
712350,8,2021-05-27,2021-06-10,-3,2021-04-12,2021-04-26,0,control,1,0.93774456,1
715231,8,2021-05-27,2021-06-10,-3,2021-04-12,2021-04-26,0,control,1,0.99376315,1
715797,8,2021-05-27,2021-06-10,-3,2021-04-12,2021-04-26,0,control,1,0.94450575,1
717022,8,2021-05-27,2021-06-10,-3,2021-04-12,2021-04-26,0,control,0,0.010076826,0
717131,8,2021-05-27,2021-06-10,-3,2021-04-12,2021-04-26,0,control,0,0.14815427,0
718848,8,2021-05-27,2021-06-10,-3,2021-04-12,2021-04-26,0,control,1,0.9787794,1
721727,8,2021-05-27,2021-06-10,-3,2021-04-12,2021-04-26,0,control,1,0.9530836,1
722746,8,2021-05-27,2021-06-10,-3,2021-04-12,2021-04-26,0,control,0,0.027130045,0
724226,8,2021-05-27,2021-06-10,-3,2021-04-12,2021-04-26,0,control,0,0.07932504,0
726903,8,2021-05-27,2021-06-10,-3,2021-04-12,2021-04-26,0,control,1,0.7955769,1
727375,8,2021-05-27,2021-06-10,-3,2021-04-12,2021-04-26,0,control,1,0.99634355,1
728063,8,2021-05-27,2021-06-10,-3,2021-04-12,2021-04-26,0,control,0,0.07396718,0
731071,8,2021-05-27,2021-06-10,-3,2021-04-12,2021-04-26,0,control,0,0.12896228,0
731187,8,2021-05-27,2021-06-10,-3,2021-04-12,2021-04-26,0,control,0,0.16342412,0
734213,8,2021-05-27,2021-06-10,-3,2021-04-12,2021-04-26,0,control,1,0.93343836,1
740569,8,2021-05-27,2021-06-10,-3,2021-04-12,2021-04-26,0,control,1,0.91195005,1
742862,8,2021-05-27,2021-06-10,-3,2021-04-12,2021-04-26,0,control,0,0.0125136115,0
743007,8,2021-05-27,2021-06-10,-3,2021-04-12,2021-04-26,0,control,1,0.8569715,1
743440,8,2021-05-27,2021-06-10,-3,2021-04-12,2021-04-26,0,control,0,0.09303583,0
746720,8,2021-05-27,2021-06-10,-3,2021-04-12,2021-04-26,0,control,0,0.039509434,0
746828,8,2021-05-27,2021-06-10,-3,2021-04-12,2021-04-26,0,control,0,0.021294277,0
747262,8,2021-05-27,2021-06-10,-3,2021-04-12,2021-04-26,0,control,1,0.936122,1
748276,8,2021-05-27,2021-06-10,-3,2021-04-12,2021-04-26,0,control,0,0.11446959,0
750096,8,2021-05-27,2021-06-10,-3,2021-04-12,2021-04-26,0,control,0,0.02983388,0
751059,8,2021-05-27,2021-06-10,-3,2021-04-12,2021-04-26,0,control,0,0.021261586,0
754794,8,2021-05-27,2021-06-10,-3,2021-04-12,2021-04-26,0,control,0,0.049371853,0
755129,8,2021-05-27,2021-06-10,-3,2021-04-12,2021-04-26,0,control,1,0.89394647,1
755920,8,2021-05-27,2021-06-10,-3,2021-04-12,2021-04-26,0,control,0,0.014917038,0
767722,8,2021-05-27,2021-06-10,-3,2021-04-12,2021-04-26,0,control,0,0.091067836,0
769803,8,2021-05-27,2021-06-10,-3,2021-04-12,2021-04-26,0,control,0,0.07412995,0
770768,8,2021-05-27,2021-06-10,-3,2021-04-12,2021-04-26,0,control,1,0.86306167,1
771021,8,2021-05-27,2021-06-10,-3,2021-04-12,2021-04-26,0,control,0,0.028772032,0
771802,8,2021-05-27,2021-06-10,-3,2021-04-12,2021-04-26,0,control,1,0.9249975,1
773784,8,2021-05-27,2021-06-10,-3,2021-04-12,2021-04-26,0,control,0,0.04663369,0
773872,8,2021-05-27,2021-06-10,-3,2021-04-12,2021-04-26,0,control,0,0.048496556,0
774091,8,2021-05-27,2021-06-10,-3,2021-04-12,2021-04-26,0,control,0,0.007988074,0
774534,8,2021-05-27,2021-06-10,-3,2021-04-12,2021-04-26,0,control,1,0.9206544,1
776959,8,2021-05-27,2021-06-10,-3,2021-04-12,2021-04-26,0,control,1,0.9395393,1
783219,8,2021-05-27,2021-06-10,-3,2021-04-12,2021-04-26,0,control,1,0.7863741,1
786405,8,2021-05-27,2021-06-10,-3,2021-04-12,2021-04-26,0,control,1,0.8306902,1
787230,8,2021-05-27,2021-06-10,-3,2021-04-12,2021-04-26,0,control,1,0.9763861,1
787491,8,2021-05-27,2021-06-10,-3,2021-04-12,2021-04-26,0,control,0,0.00868012,0
790180,8,2021-05-27,2021-06-10,-3,2021-04-12,2021-04-26,0,control,1,0.9404518,1
790486,8,2021-05-27,2021-06-10,-3,2021-04-12,2021-04-26,0,control,0,0.06312227,0
792821,8,2021-05-27,2021-06-10,-3,2021-04-12,2021-04-26,0,control,1,0.8129408,1
792943,8,2021-05-27,2021-06-10,-3,2021-04-12,2021-04-26,0,control,0,0.011999524,0
793739,8,2021-05-27,2021-06-10,-3,2021-04-12,2021-04-26,0,control,0,0.0022647143,0
794098,8,2021-05-27,2021-06-10,-3,2021-04-12,2021-04-26,0,control,1,0.94675285,1
794394,8,2021-05-27,2021-06-10,-3,2021-04-12,2021-04-26,0,control,0,0.019005476,0
794751,8,2021-05-27,2021-06-10,-3,2021-04-12,2021-04-26,0,control,0,0.035200648,0
795034,8,2021-05-27,2021-06-10,-3,2021-04-12,2021-04-26,0,control,0,0.018897563,0
798331,8,2021-05-27,2021-06-10,-3,2021-04-12,2021-04-26,0,control,0,0.037797384,0
798535,8,2021-05-27,2021-06-10,-3,2021-04-12,2021-04-26,0,control,0,0.08173096,0
803009,8,2021-05-27,2021-06-10,-3,2021-04-12,2021-04-26,0,control,1,0.98032963,1
804950,8,2021-05-27,2021-06-10,-3,2021-04-12,2021-04-26,0,control,1,0.97524965,1
805266,8,2021-05-27,2021-06-10,-3,2021-04-12,2021-04-26,0,control,1,0.93888026,1
806110,8,2021-05-27,2021-06-10,-3,2021-04-12,2021-04-26,0,control,1,0.99761343,1
807757,8,2021-05-27,2021-06-10,-3,2021-04-12,2021-04-26,0,control,0,0.0008760923,0
808439,8,2021-05-27,2021-06-10,-3,2021-04-12,2021-04-26,0,control,1,0.96792364,1
934,8,2021-05-27,2021-06-10,-2,2021-04-27,2021-05-11,0,control,0,0.034749072,0
2295,8,2021-05-27,2021-06-10,-2,2021-04-27,2021-05-11,0,control,1,0.9431176,1
3869,8,2021-05-27,2021-06-10,-2,2021-04-27,2021-05-11,0,control,1,0.89980793,1
6344,8,2021-05-27,2021-06-10,-2,2021-04-27,2021-05-11,0,control,0,0.009046048,0
6672,8,2021-05-27,2021-06-10,-2,2021-04-27,2021-05-11,0,control,0,0.0036591247,0
9295,8,2021-05-27,2021-06-10,-2,2021-04-27,2021-05-11,0,control,1,0.99439913,1
13707,8,2021-05-27,2021-06-10,-2,2021-04-27,2021-05-11,0,control,0,0.029708322,0
14712,8,2021-05-27,2021-06-10,-2,2021-04-27,2021-05-11,0,control,0,0.032352407,0
15556,8,2021-05-27,2021-06-10,-2,2021-04-27,2021-05-11,0,control,1,0.97295976,1
17560,8,2021-05-27,2021-06-10,-2,2021-04-27,2021-05-11,0,control,1,0.8991944,1
20099,8,2021-05-27,2021-06-10,-2,2021-04-27,2021-05-11,0,control,1,0.9982613,1
22317,8,2021-05-27,2021-06-10,-2,2021-04-27,2021-05-11,0,control,1,0.91090757,1
23111,8,2021-05-27,2021-06-10,-2,2021-04-27,2021-05-11,0,control,1,0.8457491,1
24438,8,2021-05-27,2021-06-10,-2,2021-04-27,2021-05-11,0,control,1,0.9761017,1
25676,8,2021-05-27,2021-06-10,-2,2021-04-27,2021-05-11,0,control,0,0.07564291,0
25739,8,2021-05-27,2021-06-10,-2,2021-04-27,2021-05-11,0,control,0,0.049975306,0
26940,8,2021-05-27,2021-06-10,-2,2021-04-27,2021-05-11,0,control,0,0.04771108,0
27526,8,2021-05-27,2021-06-10,-2,2021-04-27,2021-05-11,0,control,0,0.03414692,0
27598,8,2021-05-27,2021-06-10,-2,2021-04-27,2021-05-11,0,control,1,0.9903442,1
27840,8,2021-05-27,2021-06-10,-2,2021-04-27,2021-05-11,0,control,0,0.028976088,0
33227,8,2021-05-27,2021-06-10,-2,2021-04-27,2021-05-11,0,control,1,0.90166736,1
38482,8,2021-05-27,2021-06-10,-2,2021-04-27,2021-05-11,0,control,1,0.9943387,1
42049,8,2021-05-27,2021-06-10,-2,2021-04-27,2021-05-11,0,control,0,0.060252488,0
44311,8,2021-05-27,2021-06-10,-2,2021-04-27,2021-05-11,0,control,1,0.99442047,1
46035,8,2021-05-27,2021-06-10,-2,2021-04-27,2021-05-11,0,control,0,0.03799634,0
51764,8,2021-05-27,2021-06-10,-2,2021-04-27,2021-05-11,0,control,1,0.92701256,1
55879,8,2021-05-27,2021-06-10,-2,2021-04-27,2021-05-11,0,control,1,0.95697606,1
57016,8,2021-05-27,2021-06-10,-2,2021-04-27,2021-05-11,0,control,1,0.9858132,1
57221,8,2021-05-27,2021-06-10,-2,2021-04-27,2021-05-11,0,control,1,0.9490498,1
59944,8,2021-05-27,2021-06-10,-2,2021-04-27,2021-05-11,0,control,1,0.9885443,1
61156,8,2021-05-27,2021-06-10,-2,2021-04-27,2021-05-11,0,control,1,0.8600616,1
62081,8,2021-05-27,2021-06-10,-2,2021-04-27,2021-05-11,0,control,0,0.10431505,0
63931,8,2021-05-27,2021-06-10,-2,2021-04-27,2021-05-11,0,control,0,0.02570632,0
65826,8,2021-05-27,2021-06-10,-2,2021-04-27,2021-05-11,0,control,0,0.0045514815,0
67073,8,2021-05-27,2021-06-10,-2,2021-04-27,2021-05-11,0,control,1,0.9821362,1
68382,8,2021-05-27,2021-06-10,-2,2021-04-27,2021-05-11,0,control,0,0.006398735,0
69282,8,2021-05-27,2021-06-10,-2,2021-04-27,2021-05-11,0,control,1,0.9810275,1
70256,8,2021-05-27,2021-06-10,-2,2021-04-27,2021-05-11,0,control,0,0.042243972,0
70385,8,2021-05-27,2021-06-10,-2,2021-04-27,2021-05-11,0,control,1,0.9480801,1
70718,8,2021-05-27,2021-06-10,-2,2021-04-27,2021-05-11,0,control,1,0.8068688,1
71494,8,2021-05-27,2021-06-10,-2,2021-04-27,2021-05-11,0,control,0,0.07758786,0
73361,8,2021-05-27,2021-06-10,-2,2021-04-27,2021-05-11,0,control,0,0.042466868,0
73821,8,2021-05-27,2021-06-10,-2,2021-04-27,2021-05-11,0,control,1,0.9825065,1
77112,8,2021-05-27,2021-06-10,-2,2021-04-27,2021-05-11,0,control,0,0.008194092,0
79354,8,2021-05-27,2021-06-10,-2,2021-04-27,2021-05-11,0,control,1,0.99617,1
81175,8,2021-05-27,2021-06-10,-2,2021-04-27,2021-05-11,0,control,0,0.023619471,0
81517,8,2021-05-27,2021-06-10,-2,2021-04-27,2021-05-11,0,control,1,0.96431863,1
86528,8,2021-05-27,2021-06-10,-2,2021-04-27,2021-05-11,0,control,1,0.9294887,1
87628,8,2021-05-27,2021-06-10,-2,2021-04-27,2021-05-11,0,control,0,0.011926643,0
88354,8,2021-05-27,2021-06-10,-2,2021-04-27,2021-05-11,0,control,1,0.97620785,1
97677,8,2021-05-27,2021-06-10,-2,2021-04-27,2021-05-11,0,control,1,0.93239236,1
100879,8,2021-05-27,2021-06-10,-2,2021-04-27,2021-05-11,0,control,1,0.9863387,1
104025,8,2021-05-27,2021-06-10,-2,2021-04-27,2021-05-11,0,control,1,0.9313604,1
106781,8,2021-05-27,2021-06-10,-2,2021-04-27,2021-05-11,0,control,0,0.053486478,0
108654,8,2021-05-27,2021-06-10,-2,2021-04-27,2021-05-11,0,control,0,0.03985069,0
108991,8,2021-05-27,2021-06-10,-2,2021-04-27,2021-05-11,0,control,0,0.03228456,0
110624,8,2021-05-27,2021-06-10,-2,2021-04-27,2021-05-11,0,control,1,0.8975255,1
112733,8,2021-05-27,2021-06-10,-2,2021-04-27,2021-05-11,0,control,1,0.90595627,1
113596,8,2021-05-27,2021-06-10,-2,2021-04-27,2021-05-11,0,control,0,0.08506644,0
113661,8,2021-05-27,2021-06-10,-2,2021-04-27,2021-05-11,0,control,0,0.076241314,0
114301,8,2021-05-27,2021-06-10,-2,2021-04-27,2021-05-11,0,control,1,0.9513716,1
118237,8,2021-05-27,2021-06-10,-2,2021-04-27,2021-05-11,0,control,1,0.93823445,1
118523,8,2021-05-27,2021-06-10,-2,2021-04-27,2021-05-11,0,control,1,0.95735383,1
119675,8,2021-05-27,2021-06-10,-2,2021-04-27,2021-05-11,0,control,1,0.99669147,1
120122,8,2021-05-27,2021-06-10,-2,2021-04-27,2021-05-11,0,control,1,0.9977914,1
122255,8,2021-05-27,2021-06-10,-2,2021-04-27,2021-05-11,0,control,1,0.88806236,1
122384,8,2021-05-27,2021-06-10,-2,2021-04-27,2021-05-11,0,control,1,0.9988317,1
122950,8,2021-05-27,2021-06-10,-2,2021-04-27,2021-05-11,0,control,1,0.9560079,1
122959,8,2021-05-27,2021-06-10,-2,2021-04-27,2021-05-11,0,control,0,0.07692841,0
126123,8,2021-05-27,2021-06-10,-2,2021-04-27,2021-05-11,0,control,0,0.17285663,0
126569,8,2021-05-27,2021-06-10,-2,2021-04-27,2021-05-11,0,control,0,0.0073151323,0
126631,8,2021-05-27,2021-06-10,-2,2021-04-27,2021-05-11,0,control,1,0.9533471,1
127888,8,2021-05-27,2021-06-10,-2,2021-04-27,2021-05-11,0,control,0,0.038411055,0
128050,8,2021-05-27,2021-06-10,-2,2021-04-27,2021-05-11,0,control,0,0.022971012,0
129869,8,2021-05-27,2021-06-10,-2,2021-04-27,2021-05-11,0,control,0,0.07816978,0
130530,8,2021-05-27,2021-06-10,-2,2021-04-27,2021-05-11,0,control,1,0.98438233,1
132321,8,2021-05-27,2021-06-10,-2,2021-04-27,2021-05-11,0,control,0,0.05175285,0
137215,8,2021-05-27,2021-06-10,-2,2021-04-27,2021-05-11,0,control,1,0.98042953,1
137811,8,2021-05-27,2021-06-10,-2,2021-04-27,2021-05-11,0,control,1,0.9829732,1
138020,8,2021-05-27,2021-06-10,-2,2021-04-27,2021-05-11,0,control,0,0.04041501,0
138226,8,2021-05-27,2021-06-10,-2,2021-04-27,2021-05-11,0,control,0,0.05239326,0
139869,8,2021-05-27,2021-06-10,-2,2021-04-27,2021-05-11,0,control,0,0.06819547,0
140482,8,2021-05-27,2021-06-10,-2,2021-04-27,2021-05-11,0,control,1,0.94073737,1
140830,8,2021-05-27,2021-06-10,-2,2021-04-27,2021-05-11,0,control,1,0.88732094,1
142910,8,2021-05-27,2021-06-10,-2,2021-04-27,2021-05-11,0,control,1,0.8371913,1
143266,8,2021-05-27,2021-06-10,-2,2021-04-27,2021-05-11,0,control,1,0.98903847,1
147344,8,2021-05-27,2021-06-10,-2,2021-04-27,2021-05-11,0,control,0,0.12308834,0
149564,8,2021-05-27,2021-06-10,-2,2021-04-27,2021-05-11,0,control,1,0.9981895,1
149709,8,2021-05-27,2021-06-10,-2,2021-04-27,2021-05-11,0,control,0,0.019537568,0
149848,8,2021-05-27,2021-06-10,-2,2021-04-27,2021-05-11,0,control,0,0.0432433,0
152056,8,2021-05-27,2021-06-10,-2,2021-04-27,2021-05-11,0,control,1,0.9660809,1
153265,8,2021-05-27,2021-06-10,-2,2021-04-27,2021-05-11,0,control,0,0.016804576,0
155922,8,2021-05-27,2021-06-10,-2,2021-04-27,2021-05-11,0,control,0,0.012329927,0
157256,8,2021-05-27,2021-06-10,-2,2021-04-27,2021-05-11,0,control,1,0.9253789,1
158605,8,2021-05-27,2021-06-10,-2,2021-04-27,2021-05-11,0,control,1,0.9338397,1
161410,8,2021-05-27,2021-06-10,-2,2021-04-27,2021-05-11,0,control,0,0.025559768,0
162039,8,2021-05-27,2021-06-10,-2,2021-04-27,2021-05-11,0,control,0,0.07311664,0
164557,8,2021-05-27,2021-06-10,-2,2021-04-27,2021-05-11,0,control,1,0.9754478,1
166306,8,2021-05-27,2021-06-10,-2,2021-04-27,2021-05-11,0,control,1,0.887515,1
170825,8,2021-05-27,2021-06-10,-2,2021-04-27,2021-05-11,0,control,0,0.043945447,0
170888,8,2021-05-27,2021-06-10,-2,2021-04-27,2021-05-11,0,control,0,0.038105648,0
173743,8,2021-05-27,2021-06-10,-2,2021-04-27,2021-05-11,0,control,1,0.93342495,1
173755,8,2021-05-27,2021-06-10,-2,2021-04-27,2021-05-11,0,control,0,0.06601295,0
174520,8,2021-05-27,2021-06-10,-2,2021-04-27,2021-05-11,0,control,1,0.94165623,1
175150,8,2021-05-27,2021-06-10,-2,2021-04-27,2021-05-11,0,control,0,0.0044810316,0
175518,8,2021-05-27,2021-06-10,-2,2021-04-27,2021-05-11,0,control,0,0.07426144,0
176308,8,2021-05-27,2021-06-10,-2,2021-04-27,2021-05-11,0,control,0,0.0024726866,0
177809,8,2021-05-27,2021-06-10,-2,2021-04-27,2021-05-11,0,control,0,0.0009199997,0
181156,8,2021-05-27,2021-06-10,-2,2021-04-27,2021-05-11,0,control,1,0.91351306,1
181264,8,2021-05-27,2021-06-10,-2,2021-04-27,2021-05-11,0,control,0,0.0149548305,0
183006,8,2021-05-27,2021-06-10,-2,2021-04-27,2021-05-11,0,control,0,0.02134428,0
184021,8,2021-05-27,2021-06-10,-2,2021-04-27,2021-05-11,0,control,0,0.039942928,0
185542,8,2021-05-27,2021-06-10,-2,2021-04-27,2021-05-11,0,control,0,0.018973922,0
188158,8,2021-05-27,2021-06-10,-2,2021-04-27,2021-05-11,0,control,0,0.02898198,0
188466,8,2021-05-27,2021-06-10,-2,2021-04-27,2021-05-11,0,control,0,0.0017717732,0
189451,8,2021-05-27,2021-06-10,-2,2021-04-27,2021-05-11,0,control,0,0.0063453913,0
190066,8,2021-05-27,2021-06-10,-2,2021-04-27,2021-05-11,0,control,1,0.88448745,1
191376,8,2021-05-27,2021-06-10,-2,2021-04-27,2021-05-11,0,control,0,0.0044252174,0
193340,8,2021-05-27,2021-06-10,-2,2021-04-27,2021-05-11,0,control,1,0.96629524,1
194606,8,2021-05-27,2021-06-10,-2,2021-04-27,2021-05-11,0,control,0,0.018040579,0
195176,8,2021-05-27,2021-06-10,-2,2021-04-27,2021-05-11,0,control,0,0.036405627,0
199666,8,2021-05-27,2021-06-10,-2,2021-04-27,2021-05-11,0,control,1,0.9861136,1
200881,8,2021-05-27,2021-06-10,-2,2021-04-27,2021-05-11,0,control,0,0.049941584,0
201532,8,2021-05-27,2021-06-10,-2,2021-04-27,2021-05-11,0,control,0,0.05581657,0
202156,8,2021-05-27,2021-06-10,-2,2021-04-27,2021-05-11,0,control,0,0.05958101,0
202487,8,2021-05-27,2021-06-10,-2,2021-04-27,2021-05-11,0,control,1,0.96379757,1
203498,8,2021-05-27,2021-06-10,-2,2021-04-27,2021-05-11,0,control,0,0.034808204,0
203601,8,2021-05-27,2021-06-10,-2,2021-04-27,2021-05-11,0,control,1,0.85944045,1
207230,8,2021-05-27,2021-06-10,-2,2021-04-27,2021-05-11,0,control,0,0.008944106,0
207543,8,2021-05-27,2021-06-10,-2,2021-04-27,2021-05-11,0,control,0,0.028687598,0
209601,8,2021-05-27,2021-06-10,-2,2021-04-27,2021-05-11,0,control,0,0.0051122033,0
210477,8,2021-05-27,2021-06-10,-2,2021-04-27,2021-05-11,0,control,1,0.945158,1
211152,8,2021-05-27,2021-06-10,-2,2021-04-27,2021-05-11,0,control,0,0.0009657996,0
212967,8,2021-05-27,2021-06-10,-2,2021-04-27,2021-05-11,0,control,0,0.059033796,0
214918,8,2021-05-27,2021-06-10,-2,2021-04-27,2021-05-11,0,control,1,0.99024034,1
215764,8,2021-05-27,2021-06-10,-2,2021-04-27,2021-05-11,0,control,0,0.012324886,0
216889,8,2021-05-27,2021-06-10,-2,2021-04-27,2021-05-11,0,control,0,0.054898486,0
218979,8,2021-05-27,2021-06-10,-2,2021-04-27,2021-05-11,0,control,0,0.0340144,0
219649,8,2021-05-27,2021-06-10,-2,2021-04-27,2021-05-11,0,control,1,0.96537125,1
220698,8,2021-05-27,2021-06-10,-2,2021-04-27,2021-05-11,0,control,0,0.07662384,0
220958,8,2021-05-27,2021-06-10,-2,2021-04-27,2021-05-11,0,control,0,0.051343568,0
222069,8,2021-05-27,2021-06-10,-2,2021-04-27,2021-05-11,0,control,1,0.9847403,1
222207,8,2021-05-27,2021-06-10,-2,2021-04-27,2021-05-11,0,control,1,0.9548844,1
223848,8,2021-05-27,2021-06-10,-2,2021-04-27,2021-05-11,0,control,1,0.9981698,1
225603,8,2021-05-27,2021-06-10,-2,2021-04-27,2021-05-11,0,control,0,0.049253043,0
226203,8,2021-05-27,2021-06-10,-2,2021-04-27,2021-05-11,0,control,0,0.06447823,0
226524,8,2021-05-27,2021-06-10,-2,2021-04-27,2021-05-11,0,control,1,0.9980925,1
230166,8,2021-05-27,2021-06-10,-2,2021-04-27,2021-05-11,0,control,1,0.94047964,1
230992,8,2021-05-27,2021-06-10,-2,2021-04-27,2021-05-11,0,control,0,0.037019517,0
232111,8,2021-05-27,2021-06-10,-2,2021-04-27,2021-05-11,0,control,1,0.96301514,1
232259,8,2021-05-27,2021-06-10,-2,2021-04-27,2021-05-11,0,control,0,0.0060486,0
234250,8,2021-05-27,2021-06-10,-2,2021-04-27,2021-05-11,0,control,1,0.99708205,1
234456,8,2021-05-27,2021-06-10,-2,2021-04-27,2021-05-11,0,control,1,0.8934468,1
237344,8,2021-05-27,2021-06-10,-2,2021-04-27,2021-05-11,0,control,0,0.051923234,0
238405,8,2021-05-27,2021-06-10,-2,2021-04-27,2021-05-11,0,control,0,0.0006550565,0
243214,8,2021-05-27,2021-06-10,-2,2021-04-27,2021-05-11,0,control,0,0.015254386,0
243715,8,2021-05-27,2021-06-10,-2,2021-04-27,2021-05-11,0,control,1,0.9459622,1
244404,8,2021-05-27,2021-06-10,-2,2021-04-27,2021-05-11,0,control,1,0.91627896,1
245393,8,2021-05-27,2021-06-10,-2,2021-04-27,2021-05-11,0,control,1,0.87465376,1
245761,8,2021-05-27,2021-06-10,-2,2021-04-27,2021-05-11,0,control,0,0.0795992,0
246604,8,2021-05-27,2021-06-10,-2,2021-04-27,2021-05-11,0,control,0,0.057065956,0
247252,8,2021-05-27,2021-06-10,-2,2021-04-27,2021-05-11,0,control,0,0.08572542,0
248931,8,2021-05-27,2021-06-10,-2,2021-04-27,2021-05-11,0,control,0,0.002538777,0
250258,8,2021-05-27,2021-06-10,-2,2021-04-27,2021-05-11,0,control,0,0.001740171,0
253237,8,2021-05-27,2021-06-10,-2,2021-04-27,2021-05-11,0,control,0,0.07101142,0
254768,8,2021-05-27,2021-06-10,-2,2021-04-27,2021-05-11,0,control,0,0.056903873,0
257282,8,2021-05-27,2021-06-10,-2,2021-04-27,2021-05-11,0,control,1,0.9782859,1
260040,8,2021-05-27,2021-06-10,-2,2021-04-27,2021-05-11,0,control,0,0.015323239,0
260277,8,2021-05-27,2021-06-10,-2,2021-04-27,2021-05-11,0,control,0,0.0046583987,0
261450,8,2021-05-27,2021-06-10,-2,2021-04-27,2021-05-11,0,control,1,0.98316514,1
262162,8,2021-05-27,2021-06-10,-2,2021-04-27,2021-05-11,0,control,1,0.9472937,1
262607,8,2021-05-27,2021-06-10,-2,2021-04-27,2021-05-11,0,control,1,0.9192451,1
263515,8,2021-05-27,2021-06-10,-2,2021-04-27,2021-05-11,0,control,0,0.03165048,0
263688,8,2021-05-27,2021-06-10,-2,2021-04-27,2021-05-11,0,control,0,0.05167673,0
264158,8,2021-05-27,2021-06-10,-2,2021-04-27,2021-05-11,0,control,0,0.0044181203,0
267862,8,2021-05-27,2021-06-10,-2,2021-04-27,2021-05-11,0,control,0,0.0019700795,0
271625,8,2021-05-27,2021-06-10,-2,2021-04-27,2021-05-11,0,control,0,0.08517728,0
272705,8,2021-05-27,2021-06-10,-2,2021-04-27,2021-05-11,0,control,1,0.9553977,1
273115,8,2021-05-27,2021-06-10,-2,2021-04-27,2021-05-11,0,control,0,0.056919664,0
273125,8,2021-05-27,2021-06-10,-2,2021-04-27,2021-05-11,0,control,0,0.029871602,0
273631,8,2021-05-27,2021-06-10,-2,2021-04-27,2021-05-11,0,control,0,0.011317622,0
274088,8,2021-05-27,2021-06-10,-2,2021-04-27,2021-05-11,0,control,1,0.8017276,1
275284,8,2021-05-27,2021-06-10,-2,2021-04-27,2021-05-11,0,control,0,0.06127868,0
275665,8,2021-05-27,2021-06-10,-2,2021-04-27,2021-05-11,0,control,0,0.014265006,0
277476,8,2021-05-27,2021-06-10,-2,2021-04-27,2021-05-11,0,control,1,0.93073857,1
280547,8,2021-05-27,2021-06-10,-2,2021-04-27,2021-05-11,0,control,0,0.043962862,0
282172,8,2021-05-27,2021-06-10,-2,2021-04-27,2021-05-11,0,control,0,0.06811974,0
285777,8,2021-05-27,2021-06-10,-2,2021-04-27,2021-05-11,0,control,0,0.028222967,0
286304,8,2021-05-27,2021-06-10,-2,2021-04-27,2021-05-11,0,control,1,0.9733979,1
286671,8,2021-05-27,2021-06-10,-2,2021-04-27,2021-05-11,0,control,1,0.9351402,1
287998,8,2021-05-27,2021-06-10,-2,2021-04-27,2021-05-11,0,control,0,0.009302236,0
288836,8,2021-05-27,2021-06-10,-2,2021-04-27,2021-05-11,0,control,0,0.051755436,0
289368,8,2021-05-27,2021-06-10,-2,2021-04-27,2021-05-11,0,control,0,0.13917366,0
292523,8,2021-05-27,2021-06-10,-2,2021-04-27,2021-05-11,0,control,1,0.9940502,1
293947,8,2021-05-27,2021-06-10,-2,2021-04-27,2021-05-11,0,control,0,0.00070864614,0
297096,8,2021-05-27,2021-06-10,-2,2021-04-27,2021-05-11,0,control,0,0.0055345003,0
297632,8,2021-05-27,2021-06-10,-2,2021-04-27,2021-05-11,0,control,1,0.985097,1
298083,8,2021-05-27,2021-06-10,-2,2021-04-27,2021-05-11,0,control,0,0.021117778,0
299631,8,2021-05-27,2021-06-10,-2,2021-04-27,2021-05-11,0,control,1,0.9596858,1
300232,8,2021-05-27,2021-06-10,-2,2021-04-27,2021-05-11,0,control,1,0.94953555,1
309501,8,2021-05-27,2021-06-10,-2,2021-04-27,2021-05-11,0,control,0,0.023213655,0
310872,8,2021-05-27,2021-06-10,-2,2021-04-27,2021-05-11,0,control,1,0.96129894,1
311115,8,2021-05-27,2021-06-10,-2,2021-04-27,2021-05-11,0,control,0,0.047487177,0
313582,8,2021-05-27,2021-06-10,-2,2021-04-27,2021-05-11,0,control,1,0.9986627,1
314627,8,2021-05-27,2021-06-10,-2,2021-04-27,2021-05-11,0,control,0,0.0014617332,0
317139,8,2021-05-27,2021-06-10,-2,2021-04-27,2021-05-11,0,control,0,0.15430942,0
317755,8,2021-05-27,2021-06-10,-2,2021-04-27,2021-05-11,0,control,0,0.025641311,0
318813,8,2021-05-27,2021-06-10,-2,2021-04-27,2021-05-11,0,control,0,0.05097192,0
319128,8,2021-05-27,2021-06-10,-2,2021-04-27,2021-05-11,0,control,0,0.00402575,0
320817,8,2021-05-27,2021-06-10,-2,2021-04-27,2021-05-11,0,control,1,0.9265424,1
321238,8,2021-05-27,2021-06-10,-2,2021-04-27,2021-05-11,0,control,0,0.062593155,0
323763,8,2021-05-27,2021-06-10,-2,2021-04-27,2021-05-11,0,control,1,0.9082522,1
324576,8,2021-05-27,2021-06-10,-2,2021-04-27,2021-05-11,0,control,1,0.91669005,1
325737,8,2021-05-27,2021-06-10,-2,2021-04-27,2021-05-11,0,control,1,0.7840818,1
329705,8,2021-05-27,2021-06-10,-2,2021-04-27,2021-05-11,0,control,0,0.036630124,0
329718,8,2021-05-27,2021-06-10,-2,2021-04-27,2021-05-11,0,control,0,0.034348216,0
331496,8,2021-05-27,2021-06-10,-2,2021-04-27,2021-05-11,0,control,1,0.99662954,1
332210,8,2021-05-27,2021-06-10,-2,2021-04-27,2021-05-11,0,control,1,0.9946293,1
333603,8,2021-05-27,2021-06-10,-2,2021-04-27,2021-05-11,0,control,0,0.011554615,0
334032,8,2021-05-27,2021-06-10,-2,2021-04-27,2021-05-11,0,control,0,0.07900995,0
334099,8,2021-05-27,2021-06-10,-2,2021-04-27,2021-05-11,0,control,0,0.06517535,0
336493,8,2021-05-27,2021-06-10,-2,2021-04-27,2021-05-11,0,control,1,0.8822356,1
336759,8,2021-05-27,2021-06-10,-2,2021-04-27,2021-05-11,0,control,1,0.9777655,1
339590,8,2021-05-27,2021-06-10,-2,2021-04-27,2021-05-11,0,control,0,0.027505592,0
340042,8,2021-05-27,2021-06-10,-2,2021-04-27,2021-05-11,0,control,1,0.9965417,1
340586,8,2021-05-27,2021-06-10,-2,2021-04-27,2021-05-11,0,control,0,0.07831525,0
341153,8,2021-05-27,2021-06-10,-2,2021-04-27,2021-05-11,0,control,1,0.9529908,1
341457,8,2021-05-27,2021-06-10,-2,2021-04-27,2021-05-11,0,control,1,0.9214081,1
342618,8,2021-05-27,2021-06-10,-2,2021-04-27,2021-05-11,0,control,0,0.024553819,0
342676,8,2021-05-27,2021-06-10,-2,2021-04-27,2021-05-11,0,control,1,0.99563956,1
343104,8,2021-05-27,2021-06-10,-2,2021-04-27,2021-05-11,0,control,1,0.999321,1
344893,8,2021-05-27,2021-06-10,-2,2021-04-27,2021-05-11,0,control,0,0.058338087,0
353359,8,2021-05-27,2021-06-10,-2,2021-04-27,2021-05-11,0,control,0,0.017644992,0
353387,8,2021-05-27,2021-06-10,-2,2021-04-27,2021-05-11,0,control,0,0.04220832,0
354636,8,2021-05-27,2021-06-10,-2,2021-04-27,2021-05-11,0,control,0,0.11825811,0
355050,8,2021-05-27,2021-06-10,-2,2021-04-27,2021-05-11,0,control,0,0.04992583,0
357538,8,2021-05-27,2021-06-10,-2,2021-04-27,2021-05-11,0,control,0,0.00667781,0
358656,8,2021-05-27,2021-06-10,-2,2021-04-27,2021-05-11,0,control,0,0.006557222,0
362285,8,2021-05-27,2021-06-10,-2,2021-04-27,2021-05-11,0,control,0,0.019129485,0
367275,8,2021-05-27,2021-06-10,-2,2021-04-27,2021-05-11,0,control,1,0.8010624,1
369412,8,2021-05-27,2021-06-10,-2,2021-04-27,2021-05-11,0,control,0,0.066422895,0
369788,8,2021-05-27,2021-06-10,-2,2021-04-27,2021-05-11,0,control,0,0.06874617,0
371614,8,2021-05-27,2021-06-10,-2,2021-04-27,2021-05-11,0,control,0,0.002982985,0
373340,8,2021-05-27,2021-06-10,-2,2021-04-27,2021-05-11,0,control,0,0.059388973,0
374135,8,2021-05-27,2021-06-10,-2,2021-04-27,2021-05-11,0,control,1,0.960319,1
375905,8,2021-05-27,2021-06-10,-2,2021-04-27,2021-05-11,0,control,0,0.008435857,0
376999,8,2021-05-27,2021-06-10,-2,2021-04-27,2021-05-11,0,control,0,0.06352993,0
378401,8,2021-05-27,2021-06-10,-2,2021-04-27,2021-05-11,0,control,0,0.04711963,0
378517,8,2021-05-27,2021-06-10,-2,2021-04-27,2021-05-11,0,control,0,0.059651498,0
380338,8,2021-05-27,2021-06-10,-2,2021-04-27,2021-05-11,0,control,1,0.94047487,1
383817,8,2021-05-27,2021-06-10,-2,2021-04-27,2021-05-11,0,control,1,0.9814477,1
384509,8,2021-05-27,2021-06-10,-2,2021-04-27,2021-05-11,0,control,0,0.00798696,0
384608,8,2021-05-27,2021-06-10,-2,2021-04-27,2021-05-11,0,control,0,0.034075234,0
386574,8,2021-05-27,2021-06-10,-2,2021-04-27,2021-05-11,0,control,0,0.0040439153,0
387140,8,2021-05-27,2021-06-10,-2,2021-04-27,2021-05-11,0,control,1,0.90754163,1
387500,8,2021-05-27,2021-06-10,-2,2021-04-27,2021-05-11,0,control,0,0.007343973,0
387981,8,2021-05-27,2021-06-10,-2,2021-04-27,2021-05-11,0,control,0,0.0011688743,0
388619,8,2021-05-27,2021-06-10,-2,2021-04-27,2021-05-11,0,control,1,0.974797,1
388816,8,2021-05-27,2021-06-10,-2,2021-04-27,2021-05-11,0,control,1,0.96923333,1
390368,8,2021-05-27,2021-06-10,-2,2021-04-27,2021-05-11,0,control,1,0.9941776,1
391490,8,2021-05-27,2021-06-10,-2,2021-04-27,2021-05-11,0,control,0,0.003453018,0
392759,8,2021-05-27,2021-06-10,-2,2021-04-27,2021-05-11,0,control,1,0.8909922,1
393661,8,2021-05-27,2021-06-10,-2,2021-04-27,2021-05-11,0,control,1,0.78564894,1
394268,8,2021-05-27,2021-06-10,-2,2021-04-27,2021-05-11,0,control,0,0.0013065465,0
397739,8,2021-05-27,2021-06-10,-2,2021-04-27,2021-05-11,0,control,1,0.94757515,1
397845,8,2021-05-27,2021-06-10,-2,2021-04-27,2021-05-11,0,control,1,0.9391745,1
398865,8,2021-05-27,2021-06-10,-2,2021-04-27,2021-05-11,0,control,1,0.90351856,1
398901,8,2021-05-27,2021-06-10,-2,2021-04-27,2021-05-11,0,control,1,0.9784871,1
400473,8,2021-05-27,2021-06-10,-2,2021-04-27,2021-05-11,0,control,0,0.107059285,0
401968,8,2021-05-27,2021-06-10,-2,2021-04-27,2021-05-11,0,control,0,0.05108965,0
402583,8,2021-05-27,2021-06-10,-2,2021-04-27,2021-05-11,0,control,0,0.006018568,0
404521,8,2021-05-27,2021-06-10,-2,2021-04-27,2021-05-11,0,control,1,0.99591583,1
405308,8,2021-05-27,2021-06-10,-2,2021-04-27,2021-05-11,0,control,1,0.8534228,1
405883,8,2021-05-27,2021-06-10,-2,2021-04-27,2021-05-11,0,control,1,0.9939096,1
409425,8,2021-05-27,2021-06-10,-2,2021-04-27,2021-05-11,0,control,0,0.039885916,0
414116,8,2021-05-27,2021-06-10,-2,2021-04-27,2021-05-11,0,control,1,0.8329738,1
414339,8,2021-05-27,2021-06-10,-2,2021-04-27,2021-05-11,0,control,0,0.059110243,0
417490,8,2021-05-27,2021-06-10,-2,2021-04-27,2021-05-11,0,control,0,0.0100851245,0
417540,8,2021-05-27,2021-06-10,-2,2021-04-27,2021-05-11,0,control,0,0.030085668,0
418129,8,2021-05-27,2021-06-10,-2,2021-04-27,2021-05-11,0,control,0,0.0071125436,0
421057,8,2021-05-27,2021-06-10,-2,2021-04-27,2021-05-11,0,control,0,0.008770693,0
421281,8,2021-05-27,2021-06-10,-2,2021-04-27,2021-05-11,0,control,1,0.8905259,1
423128,8,2021-05-27,2021-06-10,-2,2021-04-27,2021-05-11,0,control,1,0.93967414,1
423434,8,2021-05-27,2021-06-10,-2,2021-04-27,2021-05-11,0,control,1,0.99504614,1
425278,8,2021-05-27,2021-06-10,-2,2021-04-27,2021-05-11,0,control,0,0.029247286,0
425513,8,2021-05-27,2021-06-10,-2,2021-04-27,2021-05-11,0,control,1,0.99385095,1
426155,8,2021-05-27,2021-06-10,-2,2021-04-27,2021-05-11,0,control,1,0.97645926,1
426794,8,2021-05-27,2021-06-10,-2,2021-04-27,2021-05-11,0,control,0,0.016942704,0
428717,8,2021-05-27,2021-06-10,-2,2021-04-27,2021-05-11,0,control,1,0.9720781,1
429954,8,2021-05-27,2021-06-10,-2,2021-04-27,2021-05-11,0,control,0,0.033865146,0
430907,8,2021-05-27,2021-06-10,-2,2021-04-27,2021-05-11,0,control,0,0.02829114,0
431282,8,2021-05-27,2021-06-10,-2,2021-04-27,2021-05-11,0,control,0,0.072613835,0
433896,8,2021-05-27,2021-06-10,-2,2021-04-27,2021-05-11,0,control,0,0.02695147,0
433962,8,2021-05-27,2021-06-10,-2,2021-04-27,2021-05-11,0,control,1,0.85900646,1
434476,8,2021-05-27,2021-06-10,-2,2021-04-27,2021-05-11,0,control,0,0.010265724,0
434573,8,2021-05-27,2021-06-10,-2,2021-04-27,2021-05-11,0,control,0,0.0005390954,0
438498,8,2021-05-27,2021-06-10,-2,2021-04-27,2021-05-11,0,control,1,0.9742535,1
438678,8,2021-05-27,2021-06-10,-2,2021-04-27,2021-05-11,0,control,0,0.013051072,0
438797,8,2021-05-27,2021-06-10,-2,2021-04-27,2021-05-11,0,control,1,0.86678463,1
441049,8,2021-05-27,2021-06-10,-2,2021-04-27,2021-05-11,0,control,1,0.9720123,1
441147,8,2021-05-27,2021-06-10,-2,2021-04-27,2021-05-11,0,control,1,0.9360492,1
444355,8,2021-05-27,2021-06-10,-2,2021-04-27,2021-05-11,0,control,1,0.8278508,1
445577,8,2021-05-27,2021-06-10,-2,2021-04-27,2021-05-11,0,control,1,0.9779463,1
446688,8,2021-05-27,2021-06-10,-2,2021-04-27,2021-05-11,0,control,0,0.0014330612,0
448727,8,2021-05-27,2021-06-10,-2,2021-04-27,2021-05-11,0,control,1,0.98297876,1
449867,8,2021-05-27,2021-06-10,-2,2021-04-27,2021-05-11,0,control,0,0.0024027992,0
451030,8,2021-05-27,2021-06-10,-2,2021-04-27,2021-05-11,0,control,0,0.097666666,0
452206,8,2021-05-27,2021-06-10,-2,2021-04-27,2021-05-11,0,control,0,0.091093846,0
452469,8,2021-05-27,2021-06-10,-2,2021-04-27,2021-05-11,0,control,0,0.0046966975,0
452795,8,2021-05-27,2021-06-10,-2,2021-04-27,2021-05-11,0,control,0,0.01688948,0
453162,8,2021-05-27,2021-06-10,-2,2021-04-27,2021-05-11,0,control,1,0.86764944,1
456179,8,2021-05-27,2021-06-10,-2,2021-04-27,2021-05-11,0,control,0,0.014740638,0
457823,8,2021-05-27,2021-06-10,-2,2021-04-27,2021-05-11,0,control,0,0.022710191,0
461235,8,2021-05-27,2021-06-10,-2,2021-04-27,2021-05-11,0,control,1,0.9865367,1
464435,8,2021-05-27,2021-06-10,-2,2021-04-27,2021-05-11,0,control,0,0.07320301,0
464703,8,2021-05-27,2021-06-10,-2,2021-04-27,2021-05-11,0,control,0,0.0032550571,0
465357,8,2021-05-27,2021-06-10,-2,2021-04-27,2021-05-11,0,control,0,0.021675946,0
466141,8,2021-05-27,2021-06-10,-2,2021-04-27,2021-05-11,0,control,0,0.023410296,0
466787,8,2021-05-27,2021-06-10,-2,2021-04-27,2021-05-11,0,control,1,0.9062474,1
467988,8,2021-05-27,2021-06-10,-2,2021-04-27,2021-05-11,0,control,0,0.07373744,0
471606,8,2021-05-27,2021-06-10,-2,2021-04-27,2021-05-11,0,control,1,0.9834452,1
472605,8,2021-05-27,2021-06-10,-2,2021-04-27,2021-05-11,0,control,1,0.9958716,1
475707,8,2021-05-27,2021-06-10,-2,2021-04-27,2021-05-11,0,control,0,0.029878788,0
478569,8,2021-05-27,2021-06-10,-2,2021-04-27,2021-05-11,0,control,0,0.03947975,0
479284,8,2021-05-27,2021-06-10,-2,2021-04-27,2021-05-11,0,control,0,0.09362426,0
479916,8,2021-05-27,2021-06-10,-2,2021-04-27,2021-05-11,0,control,0,0.003354499,0
480412,8,2021-05-27,2021-06-10,-2,2021-04-27,2021-05-11,0,control,0,0.10648098,0
482248,8,2021-05-27,2021-06-10,-2,2021-04-27,2021-05-11,0,control,0,0.014115451,0
486785,8,2021-05-27,2021-06-10,-2,2021-04-27,2021-05-11,0,control,0,0.0037906491,0
487205,8,2021-05-27,2021-06-10,-2,2021-04-27,2021-05-11,0,control,1,0.91119057,1
487495,8,2021-05-27,2021-06-10,-2,2021-04-27,2021-05-11,0,control,1,0.80843025,1
490517,8,2021-05-27,2021-06-10,-2,2021-04-27,2021-05-11,0,control,1,0.9812268,1
491181,8,2021-05-27,2021-06-10,-2,2021-04-27,2021-05-11,0,control,0,0.020615563,0
491203,8,2021-05-27,2021-06-10,-2,2021-04-27,2021-05-11,0,control,0,0.04823304,0
491218,8,2021-05-27,2021-06-10,-2,2021-04-27,2021-05-11,0,control,1,0.99291754,1
492339,8,2021-05-27,2021-06-10,-2,2021-04-27,2021-05-11,0,control,1,0.90009815,1
492520,8,2021-05-27,2021-06-10,-2,2021-04-27,2021-05-11,0,control,0,0.13213448,0
493455,8,2021-05-27,2021-06-10,-2,2021-04-27,2021-05-11,0,control,0,0.03615876,0
493771,8,2021-05-27,2021-06-10,-2,2021-04-27,2021-05-11,0,control,0,0.10270984,0
498077,8,2021-05-27,2021-06-10,-2,2021-04-27,2021-05-11,0,control,0,0.07232342,0
501089,8,2021-05-27,2021-06-10,-2,2021-04-27,2021-05-11,0,control,1,0.9726273,1
502941,8,2021-05-27,2021-06-10,-2,2021-04-27,2021-05-11,0,control,1,0.95795214,1
503550,8,2021-05-27,2021-06-10,-2,2021-04-27,2021-05-11,0,control,0,0.037511468,0
504993,8,2021-05-27,2021-06-10,-2,2021-04-27,2021-05-11,0,control,0,0.00619174,0
507798,8,2021-05-27,2021-06-10,-2,2021-04-27,2021-05-11,0,control,1,0.99763834,1
508638,8,2021-05-27,2021-06-10,-2,2021-04-27,2021-05-11,0,control,0,0.12865871,0
509788,8,2021-05-27,2021-06-10,-2,2021-04-27,2021-05-11,0,control,1,0.99256176,1
510349,8,2021-05-27,2021-06-10,-2,2021-04-27,2021-05-11,0,control,0,0.047522184,0
510524,8,2021-05-27,2021-06-10,-2,2021-04-27,2021-05-11,0,control,0,0.016736368,0
511317,8,2021-05-27,2021-06-10,-2,2021-04-27,2021-05-11,0,control,1,0.9693076,1
511800,8,2021-05-27,2021-06-10,-2,2021-04-27,2021-05-11,0,control,0,0.0011465254,0
511852,8,2021-05-27,2021-06-10,-2,2021-04-27,2021-05-11,0,control,0,0.030888563,0
518092,8,2021-05-27,2021-06-10,-2,2021-04-27,2021-05-11,0,control,1,0.9856426,1
518696,8,2021-05-27,2021-06-10,-2,2021-04-27,2021-05-11,0,control,1,0.9444389,1
519341,8,2021-05-27,2021-06-10,-2,2021-04-27,2021-05-11,0,control,0,0.0005066178,0
519905,8,2021-05-27,2021-06-10,-2,2021-04-27,2021-05-11,0,control,0,0.07626901,0
522192,8,2021-05-27,2021-06-10,-2,2021-04-27,2021-05-11,0,control,0,0.031548373,0
525656,8,2021-05-27,2021-06-10,-2,2021-04-27,2021-05-11,0,control,0,0.02378504,0
528581,8,2021-05-27,2021-06-10,-2,2021-04-27,2021-05-11,0,control,0,0.047438323,0
532446,8,2021-05-27,2021-06-10,-2,2021-04-27,2021-05-11,0,control,1,0.94499063,1
533274,8,2021-05-27,2021-06-10,-2,2021-04-27,2021-05-11,0,control,1,0.89359623,1
533822,8,2021-05-27,2021-06-10,-2,2021-04-27,2021-05-11,0,control,0,0.004846831,0
534151,8,2021-05-27,2021-06-10,-2,2021-04-27,2021-05-11,0,control,1,0.90546334,1
534673,8,2021-05-27,2021-06-10,-2,2021-04-27,2021-05-11,0,control,0,0.0033962105,0
535440,8,2021-05-27,2021-06-10,-2,2021-04-27,2021-05-11,0,control,1,0.99931335,1
536081,8,2021-05-27,2021-06-10,-2,2021-04-27,2021-05-11,0,control,1,0.99761164,1
536968,8,2021-05-27,2021-06-10,-2,2021-04-27,2021-05-11,0,control,1,0.9571081,1
537073,8,2021-05-27,2021-06-10,-2,2021-04-27,2021-05-11,0,control,1,0.9325273,1
539247,8,2021-05-27,2021-06-10,-2,2021-04-27,2021-05-11,0,control,0,0.016381513,0
539297,8,2021-05-27,2021-06-10,-2,2021-04-27,2021-05-11,0,control,0,0.022661075,0
539624,8,2021-05-27,2021-06-10,-2,2021-04-27,2021-05-11,0,control,0,0.025837762,0
540155,8,2021-05-27,2021-06-10,-2,2021-04-27,2021-05-11,0,control,0,0.020979041,0
543070,8,2021-05-27,2021-06-10,-2,2021-04-27,2021-05-11,0,control,1,0.9790541,1
546903,8,2021-05-27,2021-06-10,-2,2021-04-27,2021-05-11,0,control,0,0.05611203,0
547220,8,2021-05-27,2021-06-10,-2,2021-04-27,2021-05-11,0,control,1,0.96767306,1
547473,8,2021-05-27,2021-06-10,-2,2021-04-27,2021-05-11,0,control,0,0.03456577,0
547917,8,2021-05-27,2021-06-10,-2,2021-04-27,2021-05-11,0,control,0,0.022340195,0
549382,8,2021-05-27,2021-06-10,-2,2021-04-27,2021-05-11,0,control,1,0.99695885,1
549951,8,2021-05-27,2021-06-10,-2,2021-04-27,2021-05-11,0,control,1,0.9427417,1
549971,8,2021-05-27,2021-06-10,-2,2021-04-27,2021-05-11,0,control,0,0.053775605,0
551613,8,2021-05-27,2021-06-10,-2,2021-04-27,2021-05-11,0,control,0,0.021226909,0
552614,8,2021-05-27,2021-06-10,-2,2021-04-27,2021-05-11,0,control,0,0.024005087,0
553152,8,2021-05-27,2021-06-10,-2,2021-04-27,2021-05-11,0,control,0,0.037007663,0
554076,8,2021-05-27,2021-06-10,-2,2021-04-27,2021-05-11,0,control,0,0.032268938,0
554767,8,2021-05-27,2021-06-10,-2,2021-04-27,2021-05-11,0,control,0,0.0042784424,0
556823,8,2021-05-27,2021-06-10,-2,2021-04-27,2021-05-11,0,control,1,0.90505487,1
557916,8,2021-05-27,2021-06-10,-2,2021-04-27,2021-05-11,0,control,0,0.035521943,0
560470,8,2021-05-27,2021-06-10,-2,2021-04-27,2021-05-11,0,control,1,0.9974886,1
564863,8,2021-05-27,2021-06-10,-2,2021-04-27,2021-05-11,0,control,1,0.9767536,1
565293,8,2021-05-27,2021-06-10,-2,2021-04-27,2021-05-11,0,control,0,0.03036307,0
568086,8,2021-05-27,2021-06-10,-2,2021-04-27,2021-05-11,0,control,1,0.9908908,1
569209,8,2021-05-27,2021-06-10,-2,2021-04-27,2021-05-11,0,control,1,0.99220496,1
572807,8,2021-05-27,2021-06-10,-2,2021-04-27,2021-05-11,0,control,0,0.11227878,0
573704,8,2021-05-27,2021-06-10,-2,2021-04-27,2021-05-11,0,control,0,0.031136828,0
575102,8,2021-05-27,2021-06-10,-2,2021-04-27,2021-05-11,0,control,1,0.98974633,1
576341,8,2021-05-27,2021-06-10,-2,2021-04-27,2021-05-11,0,control,0,0.0017061188,0
578550,8,2021-05-27,2021-06-10,-2,2021-04-27,2021-05-11,0,control,0,0.025288917,0
579396,8,2021-05-27,2021-06-10,-2,2021-04-27,2021-05-11,0,control,0,0.009730649,0
581333,8,2021-05-27,2021-06-10,-2,2021-04-27,2021-05-11,0,control,0,0.062624335,0
584923,8,2021-05-27,2021-06-10,-2,2021-04-27,2021-05-11,0,control,1,0.86316514,1
584977,8,2021-05-27,2021-06-10,-2,2021-04-27,2021-05-11,0,control,1,0.86923385,1
585540,8,2021-05-27,2021-06-10,-2,2021-04-27,2021-05-11,0,control,0,0.013548957,0
586696,8,2021-05-27,2021-06-10,-2,2021-04-27,2021-05-11,0,control,1,0.9549253,1
588588,8,2021-05-27,2021-06-10,-2,2021-04-27,2021-05-11,0,control,0,0.094814524,0
590001,8,2021-05-27,2021-06-10,-2,2021-04-27,2021-05-11,0,control,1,0.96526426,1
591072,8,2021-05-27,2021-06-10,-2,2021-04-27,2021-05-11,0,control,0,0.044051487,0
593887,8,2021-05-27,2021-06-10,-2,2021-04-27,2021-05-11,0,control,1,0.96068764,1
595547,8,2021-05-27,2021-06-10,-2,2021-04-27,2021-05-11,0,control,0,0.029856838,0
596979,8,2021-05-27,2021-06-10,-2,2021-04-27,2021-05-11,0,control,0,0.057819203,0
598948,8,2021-05-27,2021-06-10,-2,2021-04-27,2021-05-11,0,control,1,0.9975464,1
602291,8,2021-05-27,2021-06-10,-2,2021-04-27,2021-05-11,0,control,1,0.99756986,1
602800,8,2021-05-27,2021-06-10,-2,2021-04-27,2021-05-11,0,control,0,0.070174895,0
603922,8,2021-05-27,2021-06-10,-2,2021-04-27,2021-05-11,0,control,1,0.9251337,1
603924,8,2021-05-27,2021-06-10,-2,2021-04-27,2021-05-11,0,control,1,0.9826972,1
604497,8,2021-05-27,2021-06-10,-2,2021-04-27,2021-05-11,0,control,0,0.037633184,0
604987,8,2021-05-27,2021-06-10,-2,2021-04-27,2021-05-11,0,control,1,0.97364265,1
605305,8,2021-05-27,2021-06-10,-2,2021-04-27,2021-05-11,0,control,1,0.99691015,1
607155,8,2021-05-27,2021-06-10,-2,2021-04-27,2021-05-11,0,control,0,0.032619637,0
608604,8,2021-05-27,2021-06-10,-2,2021-04-27,2021-05-11,0,control,1,0.94879526,1
610652,8,2021-05-27,2021-06-10,-2,2021-04-27,2021-05-11,0,control,1,0.9018494,1
610691,8,2021-05-27,2021-06-10,-2,2021-04-27,2021-05-11,0,control,1,0.9111419,1
610824,8,2021-05-27,2021-06-10,-2,2021-04-27,2021-05-11,0,control,0,0.0008595916,0
611245,8,2021-05-27,2021-06-10,-2,2021-04-27,2021-05-11,0,control,1,0.98315513,1
612548,8,2021-05-27,2021-06-10,-2,2021-04-27,2021-05-11,0,control,1,0.99995494,1
612926,8,2021-05-27,2021-06-10,-2,2021-04-27,2021-05-11,0,control,1,0.9570018,1
614890,8,2021-05-27,2021-06-10,-2,2021-04-27,2021-05-11,0,control,1,0.9918881,1
615248,8,2021-05-27,2021-06-10,-2,2021-04-27,2021-05-11,0,control,1,0.9989127,1
615305,8,2021-05-27,2021-06-10,-2,2021-04-27,2021-05-11,0,control,0,0.030489096,0
618368,8,2021-05-27,2021-06-10,-2,2021-04-27,2021-05-11,0,control,0,0.046497587,0
619740,8,2021-05-27,2021-06-10,-2,2021-04-27,2021-05-11,0,control,0,0.008209344,0
620558,8,2021-05-27,2021-06-10,-2,2021-04-27,2021-05-11,0,control,0,0.016159216,0
623948,8,2021-05-27,2021-06-10,-2,2021-04-27,2021-05-11,0,control,0,0.061880093,0
625776,8,2021-05-27,2021-06-10,-2,2021-04-27,2021-05-11,0,control,1,0.75065804,1
626176,8,2021-05-27,2021-06-10,-2,2021-04-27,2021-05-11,0,control,0,0.001164107,0
626764,8,2021-05-27,2021-06-10,-2,2021-04-27,2021-05-11,0,control,1,0.9494414,1
627207,8,2021-05-27,2021-06-10,-2,2021-04-27,2021-05-11,0,control,0,0.0052454183,0
627208,8,2021-05-27,2021-06-10,-2,2021-04-27,2021-05-11,0,control,0,0.027808757,0
628971,8,2021-05-27,2021-06-10,-2,2021-04-27,2021-05-11,0,control,1,0.9566408,1
630526,8,2021-05-27,2021-06-10,-2,2021-04-27,2021-05-11,0,control,0,0.0056691263,0
630772,8,2021-05-27,2021-06-10,-2,2021-04-27,2021-05-11,0,control,0,0.00562364,0
631090,8,2021-05-27,2021-06-10,-2,2021-04-27,2021-05-11,0,control,0,0.084897764,0
631424,8,2021-05-27,2021-06-10,-2,2021-04-27,2021-05-11,0,control,1,0.95668703,1
633314,8,2021-05-27,2021-06-10,-2,2021-04-27,2021-05-11,0,control,0,0.058785446,0
634155,8,2021-05-27,2021-06-10,-2,2021-04-27,2021-05-11,0,control,0,0.10955722,0
636012,8,2021-05-27,2021-06-10,-2,2021-04-27,2021-05-11,0,control,0,0.022414792,0
636346,8,2021-05-27,2021-06-10,-2,2021-04-27,2021-05-11,0,control,0,0.030892635,0
641905,8,2021-05-27,2021-06-10,-2,2021-04-27,2021-05-11,0,control,1,0.9234743,1
642314,8,2021-05-27,2021-06-10,-2,2021-04-27,2021-05-11,0,control,0,0.019514153,0
644365,8,2021-05-27,2021-06-10,-2,2021-04-27,2021-05-11,0,control,1,0.9819437,1
650532,8,2021-05-27,2021-06-10,-2,2021-04-27,2021-05-11,0,control,0,0.0028673264,0
652868,8,2021-05-27,2021-06-10,-2,2021-04-27,2021-05-11,0,control,1,0.8718642,1
653153,8,2021-05-27,2021-06-10,-2,2021-04-27,2021-05-11,0,control,0,0.0038962897,0
654219,8,2021-05-27,2021-06-10,-2,2021-04-27,2021-05-11,0,control,1,0.9857013,1
660217,8,2021-05-27,2021-06-10,-2,2021-04-27,2021-05-11,0,control,1,0.91878,1
663078,8,2021-05-27,2021-06-10,-2,2021-04-27,2021-05-11,0,control,1,0.91579777,1
667913,8,2021-05-27,2021-06-10,-2,2021-04-27,2021-05-11,0,control,0,0.039011676,0
670344,8,2021-05-27,2021-06-10,-2,2021-04-27,2021-05-11,0,control,1,0.9475894,1
670644,8,2021-05-27,2021-06-10,-2,2021-04-27,2021-05-11,0,control,0,0.0011757498,0
671278,8,2021-05-27,2021-06-10,-2,2021-04-27,2021-05-11,0,control,0,0.04915794,0
673811,8,2021-05-27,2021-06-10,-2,2021-04-27,2021-05-11,0,control,0,0.005513241,0
674121,8,2021-05-27,2021-06-10,-2,2021-04-27,2021-05-11,0,control,1,0.9470614,1
675251,8,2021-05-27,2021-06-10,-2,2021-04-27,2021-05-11,0,control,0,0.002451817,0
677554,8,2021-05-27,2021-06-10,-2,2021-04-27,2021-05-11,0,control,0,0.06581061,0
677652,8,2021-05-27,2021-06-10,-2,2021-04-27,2021-05-11,0,control,1,0.9988452,1
679371,8,2021-05-27,2021-06-10,-2,2021-04-27,2021-05-11,0,control,1,0.998949,1
679909,8,2021-05-27,2021-06-10,-2,2021-04-27,2021-05-11,0,control,0,0.05270414,0
679910,8,2021-05-27,2021-06-10,-2,2021-04-27,2021-05-11,0,control,1,0.98817396,1
680871,8,2021-05-27,2021-06-10,-2,2021-04-27,2021-05-11,0,control,1,0.96224034,1
681936,8,2021-05-27,2021-06-10,-2,2021-04-27,2021-05-11,0,control,1,0.9985436,1
682274,8,2021-05-27,2021-06-10,-2,2021-04-27,2021-05-11,0,control,0,0.001080466,0
682891,8,2021-05-27,2021-06-10,-2,2021-04-27,2021-05-11,0,control,0,0.020114252,0
684941,8,2021-05-27,2021-06-10,-2,2021-04-27,2021-05-11,0,control,1,0.89667636,1
685103,8,2021-05-27,2021-06-10,-2,2021-04-27,2021-05-11,0,control,0,0.014646461,0
686213,8,2021-05-27,2021-06-10,-2,2021-04-27,2021-05-11,0,control,0,0.09715073,0
687909,8,2021-05-27,2021-06-10,-2,2021-04-27,2021-05-11,0,control,1,0.98589313,1
692725,8,2021-05-27,2021-06-10,-2,2021-04-27,2021-05-11,0,control,1,0.9952478,1
694652,8,2021-05-27,2021-06-10,-2,2021-04-27,2021-05-11,0,control,1,0.96565586,1
695655,8,2021-05-27,2021-06-10,-2,2021-04-27,2021-05-11,0,control,0,0.07514084,0
697117,8,2021-05-27,2021-06-10,-2,2021-04-27,2021-05-11,0,control,1,0.9934309,1
697792,8,2021-05-27,2021-06-10,-2,2021-04-27,2021-05-11,0,control,1,0.99475324,1
698998,8,2021-05-27,2021-06-10,-2,2021-04-27,2021-05-11,0,control,0,0.003728141,0
699199,8,2021-05-27,2021-06-10,-2,2021-04-27,2021-05-11,0,control,0,0.017989429,0
699686,8,2021-05-27,2021-06-10,-2,2021-04-27,2021-05-11,0,control,1,0.96581465,1
701607,8,2021-05-27,2021-06-10,-2,2021-04-27,2021-05-11,0,control,1,0.84263355,1
702467,8,2021-05-27,2021-06-10,-2,2021-04-27,2021-05-11,0,control,0,0.07128433,0
704874,8,2021-05-27,2021-06-10,-2,2021-04-27,2021-05-11,0,control,0,0.020773621,0
708718,8,2021-05-27,2021-06-10,-2,2021-04-27,2021-05-11,0,control,1,0.9825565,1
709645,8,2021-05-27,2021-06-10,-2,2021-04-27,2021-05-11,0,control,1,0.94177973,1
711212,8,2021-05-27,2021-06-10,-2,2021-04-27,2021-05-11,0,control,1,0.9094459,1
711631,8,2021-05-27,2021-06-10,-2,2021-04-27,2021-05-11,0,control,0,0.012989405,0
711873,8,2021-05-27,2021-06-10,-2,2021-04-27,2021-05-11,0,control,0,0.013643282,0
712239,8,2021-05-27,2021-06-10,-2,2021-04-27,2021-05-11,0,control,1,0.96560186,1
712350,8,2021-05-27,2021-06-10,-2,2021-04-27,2021-05-11,0,control,1,0.95439476,1
715231,8,2021-05-27,2021-06-10,-2,2021-04-27,2021-05-11,0,control,1,0.98000413,1
715797,8,2021-05-27,2021-06-10,-2,2021-04-27,2021-05-11,0,control,1,0.9994814,1
717022,8,2021-05-27,2021-06-10,-2,2021-04-27,2021-05-11,0,control,0,0.11099883,0
717131,8,2021-05-27,2021-06-10,-2,2021-04-27,2021-05-11,0,control,1,0.850868,1
718848,8,2021-05-27,2021-06-10,-2,2021-04-27,2021-05-11,0,control,0,0.030793447,0
721727,8,2021-05-27,2021-06-10,-2,2021-04-27,2021-05-11,0,control,0,0.03625949,0
722746,8,2021-05-27,2021-06-10,-2,2021-04-27,2021-05-11,0,control,0,0.041762173,0
724226,8,2021-05-27,2021-06-10,-2,2021-04-27,2021-05-11,0,control,1,0.87107,1
726903,8,2021-05-27,2021-06-10,-2,2021-04-27,2021-05-11,0,control,0,0.07462799,0
727375,8,2021-05-27,2021-06-10,-2,2021-04-27,2021-05-11,0,control,1,0.99699736,1
728063,8,2021-05-27,2021-06-10,-2,2021-04-27,2021-05-11,0,control,1,0.8841129,1
731071,8,2021-05-27,2021-06-10,-2,2021-04-27,2021-05-11,0,control,1,0.885362,1
731187,8,2021-05-27,2021-06-10,-2,2021-04-27,2021-05-11,0,control,1,0.8868638,1
734213,8,2021-05-27,2021-06-10,-2,2021-04-27,2021-05-11,0,control,1,0.93519,1
740569,8,2021-05-27,2021-06-10,-2,2021-04-27,2021-05-11,0,control,0,0.019418634,0
742862,8,2021-05-27,2021-06-10,-2,2021-04-27,2021-05-11,0,control,0,0.0046396744,0
743007,8,2021-05-27,2021-06-10,-2,2021-04-27,2021-05-11,0,control,0,0.025169576,0
743440,8,2021-05-27,2021-06-10,-2,2021-04-27,2021-05-11,0,control,1,0.9407324,1
746720,8,2021-05-27,2021-06-10,-2,2021-04-27,2021-05-11,0,control,0,0.023179352,0
746828,8,2021-05-27,2021-06-10,-2,2021-04-27,2021-05-11,0,control,0,0.046248533,0
747262,8,2021-05-27,2021-06-10,-2,2021-04-27,2021-05-11,0,control,0,0.026731648,0
748276,8,2021-05-27,2021-06-10,-2,2021-04-27,2021-05-11,0,control,1,0.90303975,1
750096,8,2021-05-27,2021-06-10,-2,2021-04-27,2021-05-11,0,control,0,0.051996123,0
751059,8,2021-05-27,2021-06-10,-2,2021-04-27,2021-05-11,0,control,0,0.051298182,0
754794,8,2021-05-27,2021-06-10,-2,2021-04-27,2021-05-11,0,control,1,0.85924846,1
755129,8,2021-05-27,2021-06-10,-2,2021-04-27,2021-05-11,0,control,0,0.1108654,0
755920,8,2021-05-27,2021-06-10,-2,2021-04-27,2021-05-11,0,control,0,0.001521431,0
767722,8,2021-05-27,2021-06-10,-2,2021-04-27,2021-05-11,0,control,1,0.860198,1
769803,8,2021-05-27,2021-06-10,-2,2021-04-27,2021-05-11,0,control,0,0.03831768,0
770768,8,2021-05-27,2021-06-10,-2,2021-04-27,2021-05-11,0,control,0,0.08455561,0
771021,8,2021-05-27,2021-06-10,-2,2021-04-27,2021-05-11,0,control,0,0.012343993,0
771802,8,2021-05-27,2021-06-10,-2,2021-04-27,2021-05-11,0,control,0,0.029068466,0
773784,8,2021-05-27,2021-06-10,-2,2021-04-27,2021-05-11,0,control,1,0.9391802,1
773872,8,2021-05-27,2021-06-10,-2,2021-04-27,2021-05-11,0,control,0,0.08535306,0
774091,8,2021-05-27,2021-06-10,-2,2021-04-27,2021-05-11,0,control,0,0.07628213,0
774534,8,2021-05-27,2021-06-10,-2,2021-04-27,2021-05-11,0,control,0,0.011543543,0
776959,8,2021-05-27,2021-06-10,-2,2021-04-27,2021-05-11,0,control,1,0.94812596,1
783219,8,2021-05-27,2021-06-10,-2,2021-04-27,2021-05-11,0,control,0,0.09083717,0
786405,8,2021-05-27,2021-06-10,-2,2021-04-27,2021-05-11,0,control,0,0.09267966,0
787230,8,2021-05-27,2021-06-10,-2,2021-04-27,2021-05-11,0,control,1,0.9299659,1
787491,8,2021-05-27,2021-06-10,-2,2021-04-27,2021-05-11,0,control,0,0.0014393897,0
790180,8,2021-05-27,2021-06-10,-2,2021-04-27,2021-05-11,0,control,0,0.1132518,0
790486,8,2021-05-27,2021-06-10,-2,2021-04-27,2021-05-11,0,control,1,0.969426,1
792821,8,2021-05-27,2021-06-10,-2,2021-04-27,2021-05-11,0,control,0,0.030763548,0
792943,8,2021-05-27,2021-06-10,-2,2021-04-27,2021-05-11,0,control,0,0.038257357,0
793739,8,2021-05-27,2021-06-10,-2,2021-04-27,2021-05-11,0,control,0,0.008703835,0
794098,8,2021-05-27,2021-06-10,-2,2021-04-27,2021-05-11,0,control,0,0.03811495,0
794394,8,2021-05-27,2021-06-10,-2,2021-04-27,2021-05-11,0,control,0,0.016927367,0
794751,8,2021-05-27,2021-06-10,-2,2021-04-27,2021-05-11,0,control,0,0.13677023,0
795034,8,2021-05-27,2021-06-10,-2,2021-04-27,2021-05-11,0,control,0,0.04831928,0
798331,8,2021-05-27,2021-06-10,-2,2021-04-27,2021-05-11,0,control,0,0.026669309,0
798535,8,2021-05-27,2021-06-10,-2,2021-04-27,2021-05-11,0,control,0,0.014318997,0
803009,8,2021-05-27,2021-06-10,-2,2021-04-27,2021-05-11,0,control,0,0.03838925,0
804950,8,2021-05-27,2021-06-10,-2,2021-04-27,2021-05-11,0,control,1,0.9747575,1
805266,8,2021-05-27,2021-06-10,-2,2021-04-27,2021-05-11,0,control,0,0.02062646,0
806110,8,2021-05-27,2021-06-10,-2,2021-04-27,2021-05-11,0,control,1,0.944652,1
807757,8,2021-05-27,2021-06-10,-2,2021-04-27,2021-05-11,0,control,0,0.0007562656,0
808439,8,2021-05-27,2021-06-10,-2,2021-04-27,2021-05-11,0,control,1,0.960492,1
934,8,2021-05-27,2021-06-10,-1,2021-05-12,2021-05-26,0,control,1,0.030124944,0
2295,8,2021-05-27,2021-06-10,-1,2021-05-12,2021-05-26,0,control,1,0.76542026,1
3869,8,2021-05-27,2021-06-10,-1,2021-05-12,2021-05-26,0,control,0,0.8283576,1
6344,8,2021-05-27,2021-06-10,-1,2021-05-12,2021-05-26,0,control,0,0.0083531635,0
6672,8,2021-05-27,2021-06-10,-1,2021-05-12,2021-05-26,0,control,0,0.006878062,0
9295,8,2021-05-27,2021-06-10,-1,2021-05-12,2021-05-26,0,control,1,0.8089118,1
13707,8,2021-05-27,2021-06-10,-1,2021-05-12,2021-05-26,0,control,0,0.012906597,0
14712,8,2021-05-27,2021-06-10,-1,2021-05-12,2021-05-26,0,control,0,0.02514633,0
15556,8,2021-05-27,2021-06-10,-1,2021-05-12,2021-05-26,0,control,1,0.10335443,0
17560,8,2021-05-27,2021-06-10,-1,2021-05-12,2021-05-26,0,control,0,0.8628534,1
20099,8,2021-05-27,2021-06-10,-1,2021-05-12,2021-05-26,0,control,1,0.99574786,1
22317,8,2021-05-27,2021-06-10,-1,2021-05-12,2021-05-26,0,control,0,0.18482083,0
23111,8,2021-05-27,2021-06-10,-1,2021-05-12,2021-05-26,0,control,0,0.5529243,1
24438,8,2021-05-27,2021-06-10,-1,2021-05-12,2021-05-26,0,control,0,0.7903224,1
25676,8,2021-05-27,2021-06-10,-1,2021-05-12,2021-05-26,0,control,0,0.16084702,0
25739,8,2021-05-27,2021-06-10,-1,2021-05-12,2021-05-26,0,control,1,0.36508462,0
26940,8,2021-05-27,2021-06-10,-1,2021-05-12,2021-05-26,0,control,0,0.06704301,0
27526,8,2021-05-27,2021-06-10,-1,2021-05-12,2021-05-26,0,control,1,0.032825768,0
27598,8,2021-05-27,2021-06-10,-1,2021-05-12,2021-05-26,0,control,1,0.98362803,1
27840,8,2021-05-27,2021-06-10,-1,2021-05-12,2021-05-26,0,control,0,0.028658522,0
33227,8,2021-05-27,2021-06-10,-1,2021-05-12,2021-05-26,0,control,0,0.26948616,0
38482,8,2021-05-27,2021-06-10,-1,2021-05-12,2021-05-26,0,control,1,0.59671724,1
42049,8,2021-05-27,2021-06-10,-1,2021-05-12,2021-05-26,0,control,0,0.33736506,0
44311,8,2021-05-27,2021-06-10,-1,2021-05-12,2021-05-26,0,control,1,0.9836601,1
46035,8,2021-05-27,2021-06-10,-1,2021-05-12,2021-05-26,0,control,0,0.052489925,0
51764,8,2021-05-27,2021-06-10,-1,2021-05-12,2021-05-26,0,control,1,0.0074174814,0
55879,8,2021-05-27,2021-06-10,-1,2021-05-12,2021-05-26,0,control,1,0.8801796,1
57016,8,2021-05-27,2021-06-10,-1,2021-05-12,2021-05-26,0,control,1,0.9243839,1
57221,8,2021-05-27,2021-06-10,-1,2021-05-12,2021-05-26,0,control,1,0.9751515,1
59944,8,2021-05-27,2021-06-10,-1,2021-05-12,2021-05-26,0,control,1,0.99220955,1
61156,8,2021-05-27,2021-06-10,-1,2021-05-12,2021-05-26,0,control,1,0.078849085,0
62081,8,2021-05-27,2021-06-10,-1,2021-05-12,2021-05-26,0,control,1,0.09456659,0
63931,8,2021-05-27,2021-06-10,-1,2021-05-12,2021-05-26,0,control,0,0.16856396,0
65826,8,2021-05-27,2021-06-10,-1,2021-05-12,2021-05-26,0,control,0,0.0034505236,0
67073,8,2021-05-27,2021-06-10,-1,2021-05-12,2021-05-26,0,control,1,0.6549805,1
68382,8,2021-05-27,2021-06-10,-1,2021-05-12,2021-05-26,0,control,0,0.013718281,0
69282,8,2021-05-27,2021-06-10,-1,2021-05-12,2021-05-26,0,control,1,0.9591739,1
70256,8,2021-05-27,2021-06-10,-1,2021-05-12,2021-05-26,0,control,0,0.21492998,0
70385,8,2021-05-27,2021-06-10,-1,2021-05-12,2021-05-26,0,control,1,0.94238234,1
70718,8,2021-05-27,2021-06-10,-1,2021-05-12,2021-05-26,0,control,0,0.27121204,0
71494,8,2021-05-27,2021-06-10,-1,2021-05-12,2021-05-26,0,control,0,0.20689985,0
73361,8,2021-05-27,2021-06-10,-1,2021-05-12,2021-05-26,0,control,0,0.008617898,0
73821,8,2021-05-27,2021-06-10,-1,2021-05-12,2021-05-26,0,control,1,0.75682634,1
77112,8,2021-05-27,2021-06-10,-1,2021-05-12,2021-05-26,0,control,0,0.015343441,0
79354,8,2021-05-27,2021-06-10,-1,2021-05-12,2021-05-26,0,control,1,0.9923355,1
81175,8,2021-05-27,2021-06-10,-1,2021-05-12,2021-05-26,0,control,1,0.16048773,0
81517,8,2021-05-27,2021-06-10,-1,2021-05-12,2021-05-26,0,control,0,0.3994831,0
86528,8,2021-05-27,2021-06-10,-1,2021-05-12,2021-05-26,0,control,1,0.7126809,1
87628,8,2021-05-27,2021-06-10,-1,2021-05-12,2021-05-26,0,control,0,0.0076535265,0
88354,8,2021-05-27,2021-06-10,-1,2021-05-12,2021-05-26,0,control,0,0.107276835,0
97677,8,2021-05-27,2021-06-10,-1,2021-05-12,2021-05-26,0,control,1,0.3727264,0
100879,8,2021-05-27,2021-06-10,-1,2021-05-12,2021-05-26,0,control,0,0.59240997,1
104025,8,2021-05-27,2021-06-10,-1,2021-05-12,2021-05-26,0,control,0,0.12992376,0
106781,8,2021-05-27,2021-06-10,-1,2021-05-12,2021-05-26,0,control,1,0.0370941,0
108654,8,2021-05-27,2021-06-10,-1,2021-05-12,2021-05-26,0,control,1,0.15246928,0
108991,8,2021-05-27,2021-06-10,-1,2021-05-12,2021-05-26,0,control,0,0.0064172884,0
110624,8,2021-05-27,2021-06-10,-1,2021-05-12,2021-05-26,0,control,0,0.06491205,0
112733,8,2021-05-27,2021-06-10,-1,2021-05-12,2021-05-26,0,control,0,0.046414156,0
113596,8,2021-05-27,2021-06-10,-1,2021-05-12,2021-05-26,0,control,1,0.51641446,1
113661,8,2021-05-27,2021-06-10,-1,2021-05-12,2021-05-26,0,control,0,0.14329943,0
114301,8,2021-05-27,2021-06-10,-1,2021-05-12,2021-05-26,0,control,1,0.86304176,1
118237,8,2021-05-27,2021-06-10,-1,2021-05-12,2021-05-26,0,control,0,0.82229316,1
118523,8,2021-05-27,2021-06-10,-1,2021-05-12,2021-05-26,0,control,1,0.9935448,1
119675,8,2021-05-27,2021-06-10,-1,2021-05-12,2021-05-26,0,control,1,0.6528865,1
120122,8,2021-05-27,2021-06-10,-1,2021-05-12,2021-05-26,0,control,1,0.99719113,1
122255,8,2021-05-27,2021-06-10,-1,2021-05-12,2021-05-26,0,control,0,0.035257608,0
122384,8,2021-05-27,2021-06-10,-1,2021-05-12,2021-05-26,0,control,1,0.96686894,1
122950,8,2021-05-27,2021-06-10,-1,2021-05-12,2021-05-26,0,control,0,0.70198625,1
122959,8,2021-05-27,2021-06-10,-1,2021-05-12,2021-05-26,0,control,0,0.3966356,0
126123,8,2021-05-27,2021-06-10,-1,2021-05-12,2021-05-26,0,control,0,0.4001539,0
126569,8,2021-05-27,2021-06-10,-1,2021-05-12,2021-05-26,0,control,0,0.19121337,0
126631,8,2021-05-27,2021-06-10,-1,2021-05-12,2021-05-26,0,control,0,0.5550455,1
127888,8,2021-05-27,2021-06-10,-1,2021-05-12,2021-05-26,0,control,1,0.023393719,0
128050,8,2021-05-27,2021-06-10,-1,2021-05-12,2021-05-26,0,control,0,0.0018416212,0
129869,8,2021-05-27,2021-06-10,-1,2021-05-12,2021-05-26,0,control,0,0.25997975,0
130530,8,2021-05-27,2021-06-10,-1,2021-05-12,2021-05-26,0,control,1,0.97781646,1
132321,8,2021-05-27,2021-06-10,-1,2021-05-12,2021-05-26,0,control,1,0.03189093,0
137215,8,2021-05-27,2021-06-10,-1,2021-05-12,2021-05-26,0,control,1,0.93503356,1
137811,8,2021-05-27,2021-06-10,-1,2021-05-12,2021-05-26,0,control,1,0.9680535,1
138020,8,2021-05-27,2021-06-10,-1,2021-05-12,2021-05-26,0,control,1,0.0989943,0
138226,8,2021-05-27,2021-06-10,-1,2021-05-12,2021-05-26,0,control,0,0.032353513,0
139869,8,2021-05-27,2021-06-10,-1,2021-05-12,2021-05-26,0,control,1,0.15798974,0
140482,8,2021-05-27,2021-06-10,-1,2021-05-12,2021-05-26,0,control,1,0.17925547,0
140830,8,2021-05-27,2021-06-10,-1,2021-05-12,2021-05-26,0,control,1,0.05199436,0
142910,8,2021-05-27,2021-06-10,-1,2021-05-12,2021-05-26,0,control,1,0.094144955,0
143266,8,2021-05-27,2021-06-10,-1,2021-05-12,2021-05-26,0,control,1,0.99976045,1
147344,8,2021-05-27,2021-06-10,-1,2021-05-12,2021-05-26,0,control,0,0.19708006,0
149564,8,2021-05-27,2021-06-10,-1,2021-05-12,2021-05-26,0,control,1,0.955968,1
149709,8,2021-05-27,2021-06-10,-1,2021-05-12,2021-05-26,0,control,1,0.15020591,0
149848,8,2021-05-27,2021-06-10,-1,2021-05-12,2021-05-26,0,control,1,0.28524435,0
152056,8,2021-05-27,2021-06-10,-1,2021-05-12,2021-05-26,0,control,1,0.7833981,1
153265,8,2021-05-27,2021-06-10,-1,2021-05-12,2021-05-26,0,control,1,0.117611535,0
155922,8,2021-05-27,2021-06-10,-1,2021-05-12,2021-05-26,0,control,0,0.007382604,0
157256,8,2021-05-27,2021-06-10,-1,2021-05-12,2021-05-26,0,control,0,0.9658014,1
158605,8,2021-05-27,2021-06-10,-1,2021-05-12,2021-05-26,0,control,1,0.63183796,1
161410,8,2021-05-27,2021-06-10,-1,2021-05-12,2021-05-26,0,control,1,0.09833091,0
162039,8,2021-05-27,2021-06-10,-1,2021-05-12,2021-05-26,0,control,1,0.2075145,0
164557,8,2021-05-27,2021-06-10,-1,2021-05-12,2021-05-26,0,control,1,0.8124502,1
166306,8,2021-05-27,2021-06-10,-1,2021-05-12,2021-05-26,0,control,1,0.8607584,1
170825,8,2021-05-27,2021-06-10,-1,2021-05-12,2021-05-26,0,control,0,0.16739708,0
170888,8,2021-05-27,2021-06-10,-1,2021-05-12,2021-05-26,0,control,0,0.06780381,0
173743,8,2021-05-27,2021-06-10,-1,2021-05-12,2021-05-26,0,control,0,0.8381678,1
173755,8,2021-05-27,2021-06-10,-1,2021-05-12,2021-05-26,0,control,1,0.25457087,0
174520,8,2021-05-27,2021-06-10,-1,2021-05-12,2021-05-26,0,control,1,0.91972524,1
175150,8,2021-05-27,2021-06-10,-1,2021-05-12,2021-05-26,0,control,0,0.008106166,0
175518,8,2021-05-27,2021-06-10,-1,2021-05-12,2021-05-26,0,control,0,0.18759301,0
176308,8,2021-05-27,2021-06-10,-1,2021-05-12,2021-05-26,0,control,0,0.0029542572,0
177809,8,2021-05-27,2021-06-10,-1,2021-05-12,2021-05-26,0,control,0,0.0004602162,0
181156,8,2021-05-27,2021-06-10,-1,2021-05-12,2021-05-26,0,control,0,0.6471407,1
181264,8,2021-05-27,2021-06-10,-1,2021-05-12,2021-05-26,0,control,0,0.1586921,0
183006,8,2021-05-27,2021-06-10,-1,2021-05-12,2021-05-26,0,control,0,0.10266871,0
184021,8,2021-05-27,2021-06-10,-1,2021-05-12,2021-05-26,0,control,0,0.008672046,0
185542,8,2021-05-27,2021-06-10,-1,2021-05-12,2021-05-26,0,control,1,0.013245308,0
188158,8,2021-05-27,2021-06-10,-1,2021-05-12,2021-05-26,0,control,0,0.034969267,0
188466,8,2021-05-27,2021-06-10,-1,2021-05-12,2021-05-26,0,control,0,0.0016781954,0
189451,8,2021-05-27,2021-06-10,-1,2021-05-12,2021-05-26,0,control,0,0.022567319,0
190066,8,2021-05-27,2021-06-10,-1,2021-05-12,2021-05-26,0,control,0,0.1274238,0
191376,8,2021-05-27,2021-06-10,-1,2021-05-12,2021-05-26,0,control,1,0.0039012732,0
193340,8,2021-05-27,2021-06-10,-1,2021-05-12,2021-05-26,0,control,1,0.7786516,1
194606,8,2021-05-27,2021-06-10,-1,2021-05-12,2021-05-26,0,control,0,0.03604067,0
195176,8,2021-05-27,2021-06-10,-1,2021-05-12,2021-05-26,0,control,0,0.18157451,0
199666,8,2021-05-27,2021-06-10,-1,2021-05-12,2021-05-26,0,control,1,0.6128076,1
200881,8,2021-05-27,2021-06-10,-1,2021-05-12,2021-05-26,0,control,1,0.016178362,0
201532,8,2021-05-27,2021-06-10,-1,2021-05-12,2021-05-26,0,control,0,0.11075461,0
202156,8,2021-05-27,2021-06-10,-1,2021-05-12,2021-05-26,0,control,0,0.038790528,0
202487,8,2021-05-27,2021-06-10,-1,2021-05-12,2021-05-26,0,control,0,0.9736376,1
203498,8,2021-05-27,2021-06-10,-1,2021-05-12,2021-05-26,0,control,0,0.019837834,0
203601,8,2021-05-27,2021-06-10,-1,2021-05-12,2021-05-26,0,control,1,0.5029727,1
207230,8,2021-05-27,2021-06-10,-1,2021-05-12,2021-05-26,0,control,0,0.023185132,0
207543,8,2021-05-27,2021-06-10,-1,2021-05-12,2021-05-26,0,control,0,0.005598814,0
209601,8,2021-05-27,2021-06-10,-1,2021-05-12,2021-05-26,0,control,0,0.006341313,0
210477,8,2021-05-27,2021-06-10,-1,2021-05-12,2021-05-26,0,control,0,0.4372962,0
211152,8,2021-05-27,2021-06-10,-1,2021-05-12,2021-05-26,0,control,0,0.0009488663,0
212967,8,2021-05-27,2021-06-10,-1,2021-05-12,2021-05-26,0,control,1,0.4574581,0
214918,8,2021-05-27,2021-06-10,-1,2021-05-12,2021-05-26,0,control,1,0.99715984,1
215764,8,2021-05-27,2021-06-10,-1,2021-05-12,2021-05-26,0,control,0,0.023235695,0
216889,8,2021-05-27,2021-06-10,-1,2021-05-12,2021-05-26,0,control,0,0.04982548,0
218979,8,2021-05-27,2021-06-10,-1,2021-05-12,2021-05-26,0,control,1,0.1035533,0
219649,8,2021-05-27,2021-06-10,-1,2021-05-12,2021-05-26,0,control,1,0.81384325,1
220698,8,2021-05-27,2021-06-10,-1,2021-05-12,2021-05-26,0,control,1,0.2414058,0
220958,8,2021-05-27,2021-06-10,-1,2021-05-12,2021-05-26,0,control,0,0.26288527,0
222069,8,2021-05-27,2021-06-10,-1,2021-05-12,2021-05-26,0,control,1,0.86979896,1
222207,8,2021-05-27,2021-06-10,-1,2021-05-12,2021-05-26,0,control,0,0.43354523,0
223848,8,2021-05-27,2021-06-10,-1,2021-05-12,2021-05-26,0,control,1,0.9694521,1
225603,8,2021-05-27,2021-06-10,-1,2021-05-12,2021-05-26,0,control,0,0.2876459,0
226203,8,2021-05-27,2021-06-10,-1,2021-05-12,2021-05-26,0,control,0,0.38186303,0
226524,8,2021-05-27,2021-06-10,-1,2021-05-12,2021-05-26,0,control,1,0.99970216,1
230166,8,2021-05-27,2021-06-10,-1,2021-05-12,2021-05-26,0,control,1,0.56245005,1
230992,8,2021-05-27,2021-06-10,-1,2021-05-12,2021-05-26,0,control,0,0.036237177,0
232111,8,2021-05-27,2021-06-10,-1,2021-05-12,2021-05-26,0,control,1,0.7405781,1
232259,8,2021-05-27,2021-06-10,-1,2021-05-12,2021-05-26,0,control,0,0.006818676,0
234250,8,2021-05-27,2021-06-10,-1,2021-05-12,2021-05-26,0,control,1,0.9908283,1
234456,8,2021-05-27,2021-06-10,-1,2021-05-12,2021-05-26,0,control,1,0.2849652,0
237344,8,2021-05-27,2021-06-10,-1,2021-05-12,2021-05-26,0,control,0,0.06162352,0
238405,8,2021-05-27,2021-06-10,-1,2021-05-12,2021-05-26,0,control,0,0.0013351573,0
243214,8,2021-05-27,2021-06-10,-1,2021-05-12,2021-05-26,0,control,0,0.25430685,0
243715,8,2021-05-27,2021-06-10,-1,2021-05-12,2021-05-26,0,control,0,0.76351863,1
244404,8,2021-05-27,2021-06-10,-1,2021-05-12,2021-05-26,0,control,1,0.10975006,0
245393,8,2021-05-27,2021-06-10,-1,2021-05-12,2021-05-26,0,control,1,0.5554937,1
245761,8,2021-05-27,2021-06-10,-1,2021-05-12,2021-05-26,0,control,0,0.5753345,1
246604,8,2021-05-27,2021-06-10,-1,2021-05-12,2021-05-26,0,control,1,0.08678418,0
247252,8,2021-05-27,2021-06-10,-1,2021-05-12,2021-05-26,0,control,0,0.2985914,0
248931,8,2021-05-27,2021-06-10,-1,2021-05-12,2021-05-26,0,control,0,0.0013831293,0
250258,8,2021-05-27,2021-06-10,-1,2021-05-12,2021-05-26,0,control,0,0.0064336024,0
253237,8,2021-05-27,2021-06-10,-1,2021-05-12,2021-05-26,0,control,0,0.22776352,0
254768,8,2021-05-27,2021-06-10,-1,2021-05-12,2021-05-26,0,control,0,0.028316284,0
257282,8,2021-05-27,2021-06-10,-1,2021-05-12,2021-05-26,0,control,1,0.33815134,0
260040,8,2021-05-27,2021-06-10,-1,2021-05-12,2021-05-26,0,control,0,0.08442524,0
260277,8,2021-05-27,2021-06-10,-1,2021-05-12,2021-05-26,0,control,0,0.0028440657,0
261450,8,2021-05-27,2021-06-10,-1,2021-05-12,2021-05-26,0,control,0,0.4277906,0
262162,8,2021-05-27,2021-06-10,-1,2021-05-12,2021-05-26,0,control,1,0.6741926,1
262607,8,2021-05-27,2021-06-10,-1,2021-05-12,2021-05-26,0,control,1,0.9727332,1
263515,8,2021-05-27,2021-06-10,-1,2021-05-12,2021-05-26,0,control,0,0.020319702,0
263688,8,2021-05-27,2021-06-10,-1,2021-05-12,2021-05-26,0,control,1,0.3328155,0
264158,8,2021-05-27,2021-06-10,-1,2021-05-12,2021-05-26,0,control,1,0.008064474,0
267862,8,2021-05-27,2021-06-10,-1,2021-05-12,2021-05-26,0,control,0,0.008534826,0
271625,8,2021-05-27,2021-06-10,-1,2021-05-12,2021-05-26,0,control,1,0.45847937,0
272705,8,2021-05-27,2021-06-10,-1,2021-05-12,2021-05-26,0,control,0,0.017912118,0
273115,8,2021-05-27,2021-06-10,-1,2021-05-12,2021-05-26,0,control,1,0.095753595,0
273125,8,2021-05-27,2021-06-10,-1,2021-05-12,2021-05-26,0,control,0,0.0107318,0
273631,8,2021-05-27,2021-06-10,-1,2021-05-12,2021-05-26,0,control,0,0.007688695,0
274088,8,2021-05-27,2021-06-10,-1,2021-05-12,2021-05-26,0,control,0,0.092368715,0
275284,8,2021-05-27,2021-06-10,-1,2021-05-12,2021-05-26,0,control,0,0.061633337,0
275665,8,2021-05-27,2021-06-10,-1,2021-05-12,2021-05-26,0,control,1,0.22468863,0
277476,8,2021-05-27,2021-06-10,-1,2021-05-12,2021-05-26,0,control,0,0.14621592,0
280547,8,2021-05-27,2021-06-10,-1,2021-05-12,2021-05-26,0,control,0,0.05017919,0
282172,8,2021-05-27,2021-06-10,-1,2021-05-12,2021-05-26,0,control,1,0.12497123,0
285777,8,2021-05-27,2021-06-10,-1,2021-05-12,2021-05-26,0,control,1,0.8397888,1
286304,8,2021-05-27,2021-06-10,-1,2021-05-12,2021-05-26,0,control,0,0.46533185,0
286671,8,2021-05-27,2021-06-10,-1,2021-05-12,2021-05-26,0,control,0,0.8338723,1
287998,8,2021-05-27,2021-06-10,-1,2021-05-12,2021-05-26,0,control,0,0.06476689,0
288836,8,2021-05-27,2021-06-10,-1,2021-05-12,2021-05-26,0,control,1,0.18740733,0
289368,8,2021-05-27,2021-06-10,-1,2021-05-12,2021-05-26,0,control,0,0.19830976,0
292523,8,2021-05-27,2021-06-10,-1,2021-05-12,2021-05-26,0,control,1,0.97375077,1
293947,8,2021-05-27,2021-06-10,-1,2021-05-12,2021-05-26,0,control,0,0.00057409005,0
297096,8,2021-05-27,2021-06-10,-1,2021-05-12,2021-05-26,0,control,0,0.04961265,0
297632,8,2021-05-27,2021-06-10,-1,2021-05-12,2021-05-26,0,control,1,0.46831238,0
298083,8,2021-05-27,2021-06-10,-1,2021-05-12,2021-05-26,0,control,1,0.049770065,0
299631,8,2021-05-27,2021-06-10,-1,2021-05-12,2021-05-26,0,control,0,0.3317297,0
300232,8,2021-05-27,2021-06-10,-1,2021-05-12,2021-05-26,0,control,1,0.97446805,1
309501,8,2021-05-27,2021-06-10,-1,2021-05-12,2021-05-26,0,control,0,0.16900684,0
310872,8,2021-05-27,2021-06-10,-1,2021-05-12,2021-05-26,0,control,1,0.7606617,1
311115,8,2021-05-27,2021-06-10,-1,2021-05-12,2021-05-26,0,control,0,0.11244615,0
313582,8,2021-05-27,2021-06-10,-1,2021-05-12,2021-05-26,0,control,1,0.9933263,1
314627,8,2021-05-27,2021-06-10,-1,2021-05-12,2021-05-26,0,control,0,0.0046543856,0
317139,8,2021-05-27,2021-06-10,-1,2021-05-12,2021-05-26,0,control,0,0.17645654,0
317755,8,2021-05-27,2021-06-10,-1,2021-05-12,2021-05-26,0,control,0,0.09733435,0
318813,8,2021-05-27,2021-06-10,-1,2021-05-12,2021-05-26,0,control,1,0.04965914,0
319128,8,2021-05-27,2021-06-10,-1,2021-05-12,2021-05-26,0,control,0,0.011582215,0
320817,8,2021-05-27,2021-06-10,-1,2021-05-12,2021-05-26,0,control,0,0.047073245,0
321238,8,2021-05-27,2021-06-10,-1,2021-05-12,2021-05-26,0,control,1,0.1190598,0
323763,8,2021-05-27,2021-06-10,-1,2021-05-12,2021-05-26,0,control,1,0.46135604,0
324576,8,2021-05-27,2021-06-10,-1,2021-05-12,2021-05-26,0,control,0,0.8052982,1
325737,8,2021-05-27,2021-06-10,-1,2021-05-12,2021-05-26,0,control,1,0.30082098,0
329705,8,2021-05-27,2021-06-10,-1,2021-05-12,2021-05-26,0,control,1,0.07826204,0
329718,8,2021-05-27,2021-06-10,-1,2021-05-12,2021-05-26,0,control,0,0.022384707,0
331496,8,2021-05-27,2021-06-10,-1,2021-05-12,2021-05-26,0,control,1,0.98611754,1
332210,8,2021-05-27,2021-06-10,-1,2021-05-12,2021-05-26,0,control,1,0.96967894,1
333603,8,2021-05-27,2021-06-10,-1,2021-05-12,2021-05-26,0,control,0,0.00802902,0
334032,8,2021-05-27,2021-06-10,-1,2021-05-12,2021-05-26,0,control,0,0.4186355,0
334099,8,2021-05-27,2021-06-10,-1,2021-05-12,2021-05-26,0,control,0,0.020531762,0
336493,8,2021-05-27,2021-06-10,-1,2021-05-12,2021-05-26,0,control,0,0.5427557,1
336759,8,2021-05-27,2021-06-10,-1,2021-05-12,2021-05-26,0,control,0,0.96530837,1
339590,8,2021-05-27,2021-06-10,-1,2021-05-12,2021-05-26,0,control,1,0.38563547,0
340042,8,2021-05-27,2021-06-10,-1,2021-05-12,2021-05-26,0,control,1,0.9950016,1
340586,8,2021-05-27,2021-06-10,-1,2021-05-12,2021-05-26,0,control,0,0.22950679,0
341153,8,2021-05-27,2021-06-10,-1,2021-05-12,2021-05-26,0,control,1,0.92389274,1
341457,8,2021-05-27,2021-06-10,-1,2021-05-12,2021-05-26,0,control,1,0.915104,1
342618,8,2021-05-27,2021-06-10,-1,2021-05-12,2021-05-26,0,control,0,0.17198604,0
342676,8,2021-05-27,2021-06-10,-1,2021-05-12,2021-05-26,0,control,1,0.9952142,1
343104,8,2021-05-27,2021-06-10,-1,2021-05-12,2021-05-26,0,control,1,0.9356709,1
344893,8,2021-05-27,2021-06-10,-1,2021-05-12,2021-05-26,0,control,1,0.4717053,0
353359,8,2021-05-27,2021-06-10,-1,2021-05-12,2021-05-26,0,control,0,0.29396385,0
353387,8,2021-05-27,2021-06-10,-1,2021-05-12,2021-05-26,0,control,0,0.22561921,0
354636,8,2021-05-27,2021-06-10,-1,2021-05-12,2021-05-26,0,control,0,0.21781038,0
355050,8,2021-05-27,2021-06-10,-1,2021-05-12,2021-05-26,0,control,0,0.0065335673,0
357538,8,2021-05-27,2021-06-10,-1,2021-05-12,2021-05-26,0,control,0,0.010535343,0
358656,8,2021-05-27,2021-06-10,-1,2021-05-12,2021-05-26,0,control,0,0.0019758586,0
362285,8,2021-05-27,2021-06-10,-1,2021-05-12,2021-05-26,0,control,0,0.001857752,0
367275,8,2021-05-27,2021-06-10,-1,2021-05-12,2021-05-26,0,control,0,0.26511842,0
369412,8,2021-05-27,2021-06-10,-1,2021-05-12,2021-05-26,0,control,0,0.18496598,0
369788,8,2021-05-27,2021-06-10,-1,2021-05-12,2021-05-26,0,control,1,0.29804116,0
371614,8,2021-05-27,2021-06-10,-1,2021-05-12,2021-05-26,0,control,0,0.003442096,0
373340,8,2021-05-27,2021-06-10,-1,2021-05-12,2021-05-26,0,control,0,0.078135826,0
374135,8,2021-05-27,2021-06-10,-1,2021-05-12,2021-05-26,0,control,1,0.6078927,1
375905,8,2021-05-27,2021-06-10,-1,2021-05-12,2021-05-26,0,control,0,0.010339559,0
376999,8,2021-05-27,2021-06-10,-1,2021-05-12,2021-05-26,0,control,1,0.044177957,0
378401,8,2021-05-27,2021-06-10,-1,2021-05-12,2021-05-26,0,control,1,0.32144633,0
378517,8,2021-05-27,2021-06-10,-1,2021-05-12,2021-05-26,0,control,0,0.18906502,0
380338,8,2021-05-27,2021-06-10,-1,2021-05-12,2021-05-26,0,control,1,0.9681567,1
383817,8,2021-05-27,2021-06-10,-1,2021-05-12,2021-05-26,0,control,1,0.9703866,1
384509,8,2021-05-27,2021-06-10,-1,2021-05-12,2021-05-26,0,control,1,0.015068389,0
384608,8,2021-05-27,2021-06-10,-1,2021-05-12,2021-05-26,0,control,0,0.05825211,0
386574,8,2021-05-27,2021-06-10,-1,2021-05-12,2021-05-26,0,control,0,0.0017132986,0
387140,8,2021-05-27,2021-06-10,-1,2021-05-12,2021-05-26,0,control,1,0.12000191,0
387500,8,2021-05-27,2021-06-10,-1,2021-05-12,2021-05-26,0,control,0,0.019102415,0
387981,8,2021-05-27,2021-06-10,-1,2021-05-12,2021-05-26,0,control,0,0.00069579884,0
388619,8,2021-05-27,2021-06-10,-1,2021-05-12,2021-05-26,0,control,1,0.49070588,0
388816,8,2021-05-27,2021-06-10,-1,2021-05-12,2021-05-26,0,control,1,0.9184462,1
390368,8,2021-05-27,2021-06-10,-1,2021-05-12,2021-05-26,0,control,1,0.9860865,1
391490,8,2021-05-27,2021-06-10,-1,2021-05-12,2021-05-26,0,control,0,0.0028523863,0
392759,8,2021-05-27,2021-06-10,-1,2021-05-12,2021-05-26,0,control,0,0.09986567,0
393661,8,2021-05-27,2021-06-10,-1,2021-05-12,2021-05-26,0,control,0,0.24109286,0
394268,8,2021-05-27,2021-06-10,-1,2021-05-12,2021-05-26,0,control,0,0.0053882254,0
397739,8,2021-05-27,2021-06-10,-1,2021-05-12,2021-05-26,0,control,0,0.96310765,1
397845,8,2021-05-27,2021-06-10,-1,2021-05-12,2021-05-26,0,control,1,0.9983088,1
398865,8,2021-05-27,2021-06-10,-1,2021-05-12,2021-05-26,0,control,1,0.95227385,1
398901,8,2021-05-27,2021-06-10,-1,2021-05-12,2021-05-26,0,control,1,0.91727287,1
400473,8,2021-05-27,2021-06-10,-1,2021-05-12,2021-05-26,0,control,0,0.23886001,0
401968,8,2021-05-27,2021-06-10,-1,2021-05-12,2021-05-26,0,control,0,0.4238032,0
402583,8,2021-05-27,2021-06-10,-1,2021-05-12,2021-05-26,0,control,0,0.0016157506,0
404521,8,2021-05-27,2021-06-10,-1,2021-05-12,2021-05-26,0,control,1,0.9756502,1
405308,8,2021-05-27,2021-06-10,-1,2021-05-12,2021-05-26,0,control,0,0.30055392,0
405883,8,2021-05-27,2021-06-10,-1,2021-05-12,2021-05-26,0,control,1,0.9900698,1
409425,8,2021-05-27,2021-06-10,-1,2021-05-12,2021-05-26,0,control,0,0.058659922,0
414116,8,2021-05-27,2021-06-10,-1,2021-05-12,2021-05-26,0,control,1,0.08370058,0
414339,8,2021-05-27,2021-06-10,-1,2021-05-12,2021-05-26,0,control,0,0.04561642,0
417490,8,2021-05-27,2021-06-10,-1,2021-05-12,2021-05-26,0,control,0,0.024136959,0
417540,8,2021-05-27,2021-06-10,-1,2021-05-12,2021-05-26,0,control,0,0.14283852,0
418129,8,2021-05-27,2021-06-10,-1,2021-05-12,2021-05-26,0,control,0,0.011946573,0
421057,8,2021-05-27,2021-06-10,-1,2021-05-12,2021-05-26,0,control,0,0.0082311565,0
421281,8,2021-05-27,2021-06-10,-1,2021-05-12,2021-05-26,0,control,1,0.103045024,0
423128,8,2021-05-27,2021-06-10,-1,2021-05-12,2021-05-26,0,control,1,0.4231487,0
423434,8,2021-05-27,2021-06-10,-1,2021-05-12,2021-05-26,0,control,1,0.99436015,1
425278,8,2021-05-27,2021-06-10,-1,2021-05-12,2021-05-26,0,control,1,0.050581854,0
425513,8,2021-05-27,2021-06-10,-1,2021-05-12,2021-05-26,0,control,1,0.99642366,1
426155,8,2021-05-27,2021-06-10,-1,2021-05-12,2021-05-26,0,control,1,0.86293477,1
426794,8,2021-05-27,2021-06-10,-1,2021-05-12,2021-05-26,0,control,0,0.00970316,0
428717,8,2021-05-27,2021-06-10,-1,2021-05-12,2021-05-26,0,control,1,0.17285816,0
429954,8,2021-05-27,2021-06-10,-1,2021-05-12,2021-05-26,0,control,0,0.14580625,0
430907,8,2021-05-27,2021-06-10,-1,2021-05-12,2021-05-26,0,control,0,0.10700373,0
431282,8,2021-05-27,2021-06-10,-1,2021-05-12,2021-05-26,0,control,1,0.17951046,0
433896,8,2021-05-27,2021-06-10,-1,2021-05-12,2021-05-26,0,control,1,0.008896883,0
433962,8,2021-05-27,2021-06-10,-1,2021-05-12,2021-05-26,0,control,0,0.89047647,1
434476,8,2021-05-27,2021-06-10,-1,2021-05-12,2021-05-26,0,control,0,0.023087628,0
434573,8,2021-05-27,2021-06-10,-1,2021-05-12,2021-05-26,0,control,0,0.0012933945,0
438498,8,2021-05-27,2021-06-10,-1,2021-05-12,2021-05-26,0,control,0,0.6875162,1
438678,8,2021-05-27,2021-06-10,-1,2021-05-12,2021-05-26,0,control,0,0.092124306,0
438797,8,2021-05-27,2021-06-10,-1,2021-05-12,2021-05-26,0,control,0,0.06958707,0
441049,8,2021-05-27,2021-06-10,-1,2021-05-12,2021-05-26,0,control,0,0.82303315,1
441147,8,2021-05-27,2021-06-10,-1,2021-05-12,2021-05-26,0,control,1,0.52565485,1
444355,8,2021-05-27,2021-06-10,-1,2021-05-12,2021-05-26,0,control,1,0.33044976,0
445577,8,2021-05-27,2021-06-10,-1,2021-05-12,2021-05-26,0,control,1,0.0864703,0
446688,8,2021-05-27,2021-06-10,-1,2021-05-12,2021-05-26,0,control,1,0.001432109,0
448727,8,2021-05-27,2021-06-10,-1,2021-05-12,2021-05-26,0,control,1,0.5854272,1
449867,8,2021-05-27,2021-06-10,-1,2021-05-12,2021-05-26,0,control,0,0.0017141462,0
451030,8,2021-05-27,2021-06-10,-1,2021-05-12,2021-05-26,0,control,1,0.19399019,0
452206,8,2021-05-27,2021-06-10,-1,2021-05-12,2021-05-26,0,control,1,0.20232563,0
452469,8,2021-05-27,2021-06-10,-1,2021-05-12,2021-05-26,0,control,0,0.05230238,0
452795,8,2021-05-27,2021-06-10,-1,2021-05-12,2021-05-26,0,control,1,0.28473824,0
453162,8,2021-05-27,2021-06-10,-1,2021-05-12,2021-05-26,0,control,1,0.16209231,0
456179,8,2021-05-27,2021-06-10,-1,2021-05-12,2021-05-26,0,control,1,0.0125247175,0
457823,8,2021-05-27,2021-06-10,-1,2021-05-12,2021-05-26,0,control,0,0.049977437,0
461235,8,2021-05-27,2021-06-10,-1,2021-05-12,2021-05-26,0,control,1,0.90687406,1
464435,8,2021-05-27,2021-06-10,-1,2021-05-12,2021-05-26,0,control,0,0.26645273,0
464703,8,2021-05-27,2021-06-10,-1,2021-05-12,2021-05-26,0,control,0,0.020781111,0
465357,8,2021-05-27,2021-06-10,-1,2021-05-12,2021-05-26,0,control,1,0.18899871,0
466141,8,2021-05-27,2021-06-10,-1,2021-05-12,2021-05-26,0,control,0,0.03110597,0
466787,8,2021-05-27,2021-06-10,-1,2021-05-12,2021-05-26,0,control,1,0.030902108,0
467988,8,2021-05-27,2021-06-10,-1,2021-05-12,2021-05-26,0,control,1,0.03367963,0
471606,8,2021-05-27,2021-06-10,-1,2021-05-12,2021-05-26,0,control,1,0.99149936,1
472605,8,2021-05-27,2021-06-10,-1,2021-05-12,2021-05-26,0,control,1,0.98351777,1
475707,8,2021-05-27,2021-06-10,-1,2021-05-12,2021-05-26,0,control,1,0.09817579,0
478569,8,2021-05-27,2021-06-10,-1,2021-05-12,2021-05-26,0,control,0,0.033306874,0
479284,8,2021-05-27,2021-06-10,-1,2021-05-12,2021-05-26,0,control,0,0.5298065,1
479916,8,2021-05-27,2021-06-10,-1,2021-05-12,2021-05-26,0,control,1,0.008350675,0
480412,8,2021-05-27,2021-06-10,-1,2021-05-12,2021-05-26,0,control,0,0.32340172,0
482248,8,2021-05-27,2021-06-10,-1,2021-05-12,2021-05-26,0,control,0,0.12362834,0
486785,8,2021-05-27,2021-06-10,-1,2021-05-12,2021-05-26,0,control,0,0.0039002819,0
487205,8,2021-05-27,2021-06-10,-1,2021-05-12,2021-05-26,0,control,1,0.06294545,0
487495,8,2021-05-27,2021-06-10,-1,2021-05-12,2021-05-26,0,control,1,0.48321736,0
490517,8,2021-05-27,2021-06-10,-1,2021-05-12,2021-05-26,0,control,1,0.7851182,1
491181,8,2021-05-27,2021-06-10,-1,2021-05-12,2021-05-26,0,control,0,0.016258346,0
491203,8,2021-05-27,2021-06-10,-1,2021-05-12,2021-05-26,0,control,0,0.009217366,0
491218,8,2021-05-27,2021-06-10,-1,2021-05-12,2021-05-26,0,control,1,0.9627217,1
492339,8,2021-05-27,2021-06-10,-1,2021-05-12,2021-05-26,0,control,1,0.6537202,1
492520,8,2021-05-27,2021-06-10,-1,2021-05-12,2021-05-26,0,control,1,0.1619389,0
493455,8,2021-05-27,2021-06-10,-1,2021-05-12,2021-05-26,0,control,1,0.090556584,0
493771,8,2021-05-27,2021-06-10,-1,2021-05-12,2021-05-26,0,control,1,0.16504073,0
498077,8,2021-05-27,2021-06-10,-1,2021-05-12,2021-05-26,0,control,0,0.020544084,0
501089,8,2021-05-27,2021-06-10,-1,2021-05-12,2021-05-26,0,control,0,0.038771,0
502941,8,2021-05-27,2021-06-10,-1,2021-05-12,2021-05-26,0,control,1,0.9726155,1
503550,8,2021-05-27,2021-06-10,-1,2021-05-12,2021-05-26,0,control,1,0.029155865,0
504993,8,2021-05-27,2021-06-10,-1,2021-05-12,2021-05-26,0,control,1,0.010609974,0
507798,8,2021-05-27,2021-06-10,-1,2021-05-12,2021-05-26,0,control,1,0.9567154,1
508638,8,2021-05-27,2021-06-10,-1,2021-05-12,2021-05-26,0,control,1,0.2917508,0
509788,8,2021-05-27,2021-06-10,-1,2021-05-12,2021-05-26,0,control,1,0.95164436,1
510349,8,2021-05-27,2021-06-10,-1,2021-05-12,2021-05-26,0,control,1,0.68586814,1
510524,8,2021-05-27,2021-06-10,-1,2021-05-12,2021-05-26,0,control,0,0.034840174,0
511317,8,2021-05-27,2021-06-10,-1,2021-05-12,2021-05-26,0,control,1,0.8944207,1
511800,8,2021-05-27,2021-06-10,-1,2021-05-12,2021-05-26,0,control,0,0.0008970753,0
511852,8,2021-05-27,2021-06-10,-1,2021-05-12,2021-05-26,0,control,0,0.42751867,0
518092,8,2021-05-27,2021-06-10,-1,2021-05-12,2021-05-26,0,control,0,0.24098378,0
518696,8,2021-05-27,2021-06-10,-1,2021-05-12,2021-05-26,0,control,1,0.78514314,1
519341,8,2021-05-27,2021-06-10,-1,2021-05-12,2021-05-26,0,control,0,0.001374171,0
519905,8,2021-05-27,2021-06-10,-1,2021-05-12,2021-05-26,0,control,0,0.06741781,0
522192,8,2021-05-27,2021-06-10,-1,2021-05-12,2021-05-26,0,control,1,0.104914285,0
525656,8,2021-05-27,2021-06-10,-1,2021-05-12,2021-05-26,0,control,1,0.19958153,0
528581,8,2021-05-27,2021-06-10,-1,2021-05-12,2021-05-26,0,control,1,0.17513455,0
532446,8,2021-05-27,2021-06-10,-1,2021-05-12,2021-05-26,0,control,0,0.55737466,1
533274,8,2021-05-27,2021-06-10,-1,2021-05-12,2021-05-26,0,control,0,0.11079601,0
533822,8,2021-05-27,2021-06-10,-1,2021-05-12,2021-05-26,0,control,0,0.0008318242,0
534151,8,2021-05-27,2021-06-10,-1,2021-05-12,2021-05-26,0,control,0,0.27471408,0
534673,8,2021-05-27,2021-06-10,-1,2021-05-12,2021-05-26,0,control,0,0.0032051618,0
535440,8,2021-05-27,2021-06-10,-1,2021-05-12,2021-05-26,0,control,1,0.9976726,1
536081,8,2021-05-27,2021-06-10,-1,2021-05-12,2021-05-26,0,control,1,0.97289914,1
536968,8,2021-05-27,2021-06-10,-1,2021-05-12,2021-05-26,0,control,1,0.66003203,1
537073,8,2021-05-27,2021-06-10,-1,2021-05-12,2021-05-26,0,control,0,0.39583614,0
539247,8,2021-05-27,2021-06-10,-1,2021-05-12,2021-05-26,0,control,0,0.039289057,0
539297,8,2021-05-27,2021-06-10,-1,2021-05-12,2021-05-26,0,control,0,0.01649998,0
539624,8,2021-05-27,2021-06-10,-1,2021-05-12,2021-05-26,0,control,0,0.06721555,0
540155,8,2021-05-27,2021-06-10,-1,2021-05-12,2021-05-26,0,control,0,0.0006658749,0
543070,8,2021-05-27,2021-06-10,-1,2021-05-12,2021-05-26,0,control,0,0.2994176,0
546903,8,2021-05-27,2021-06-10,-1,2021-05-12,2021-05-26,0,control,1,0.0092698345,0
547220,8,2021-05-27,2021-06-10,-1,2021-05-12,2021-05-26,0,control,0,0.044791207,0
547473,8,2021-05-27,2021-06-10,-1,2021-05-12,2021-05-26,0,control,0,0.0021436764,0
547917,8,2021-05-27,2021-06-10,-1,2021-05-12,2021-05-26,0,control,0,0.31019115,0
549382,8,2021-05-27,2021-06-10,-1,2021-05-12,2021-05-26,0,control,1,0.9987344,1
549951,8,2021-05-27,2021-06-10,-1,2021-05-12,2021-05-26,0,control,1,0.11786398,0
549971,8,2021-05-27,2021-06-10,-1,2021-05-12,2021-05-26,0,control,0,0.069576785,0
551613,8,2021-05-27,2021-06-10,-1,2021-05-12,2021-05-26,0,control,1,0.014311696,0
552614,8,2021-05-27,2021-06-10,-1,2021-05-12,2021-05-26,0,control,1,0.06310946,0
553152,8,2021-05-27,2021-06-10,-1,2021-05-12,2021-05-26,0,control,1,0.25348493,0
554076,8,2021-05-27,2021-06-10,-1,2021-05-12,2021-05-26,0,control,1,0.05170271,0
554767,8,2021-05-27,2021-06-10,-1,2021-05-12,2021-05-26,0,control,1,0.010786063,0
556823,8,2021-05-27,2021-06-10,-1,2021-05-12,2021-05-26,0,control,0,0.269066,0
557916,8,2021-05-27,2021-06-10,-1,2021-05-12,2021-05-26,0,control,0,0.041630037,0
560470,8,2021-05-27,2021-06-10,-1,2021-05-12,2021-05-26,0,control,1,0.9906254,1
564863,8,2021-05-27,2021-06-10,-1,2021-05-12,2021-05-26,0,control,0,0.14526056,0
565293,8,2021-05-27,2021-06-10,-1,2021-05-12,2021-05-26,0,control,0,0.0080701215,0
568086,8,2021-05-27,2021-06-10,-1,2021-05-12,2021-05-26,0,control,1,0.9651316,1
569209,8,2021-05-27,2021-06-10,-1,2021-05-12,2021-05-26,0,control,0,0.48006085,0
572807,8,2021-05-27,2021-06-10,-1,2021-05-12,2021-05-26,0,control,1,0.89608294,1
573704,8,2021-05-27,2021-06-10,-1,2021-05-12,2021-05-26,0,control,0,0.04589881,0
575102,8,2021-05-27,2021-06-10,-1,2021-05-12,2021-05-26,0,control,1,0.92635965,1
576341,8,2021-05-27,2021-06-10,-1,2021-05-12,2021-05-26,0,control,0,0.0009019356,0
578550,8,2021-05-27,2021-06-10,-1,2021-05-12,2021-05-26,0,control,0,0.08722682,0
579396,8,2021-05-27,2021-06-10,-1,2021-05-12,2021-05-26,0,control,0,0.028463302,0
581333,8,2021-05-27,2021-06-10,-1,2021-05-12,2021-05-26,0,control,0,0.025248744,0
584923,8,2021-05-27,2021-06-10,-1,2021-05-12,2021-05-26,0,control,1,0.48486736,0
584977,8,2021-05-27,2021-06-10,-1,2021-05-12,2021-05-26,0,control,0,0.58310974,1
585540,8,2021-05-27,2021-06-10,-1,2021-05-12,2021-05-26,0,control,1,0.007773924,0
586696,8,2021-05-27,2021-06-10,-1,2021-05-12,2021-05-26,0,control,0,0.079083666,0
588588,8,2021-05-27,2021-06-10,-1,2021-05-12,2021-05-26,0,control,0,0.16038436,0
590001,8,2021-05-27,2021-06-10,-1,2021-05-12,2021-05-26,0,control,0,0.07481722,0
591072,8,2021-05-27,2021-06-10,-1,2021-05-12,2021-05-26,0,control,0,0.12202463,0
593887,8,2021-05-27,2021-06-10,-1,2021-05-12,2021-05-26,0,control,0,0.6337715,1
595547,8,2021-05-27,2021-06-10,-1,2021-05-12,2021-05-26,0,control,0,0.51307803,1
596979,8,2021-05-27,2021-06-10,-1,2021-05-12,2021-05-26,0,control,1,0.10528813,0
598948,8,2021-05-27,2021-06-10,-1,2021-05-12,2021-05-26,0,control,1,0.99391055,1
602291,8,2021-05-27,2021-06-10,-1,2021-05-12,2021-05-26,0,control,1,0.9354191,1
602800,8,2021-05-27,2021-06-10,-1,2021-05-12,2021-05-26,0,control,1,0.10719286,0
603922,8,2021-05-27,2021-06-10,-1,2021-05-12,2021-05-26,0,control,0,0.4497183,0
603924,8,2021-05-27,2021-06-10,-1,2021-05-12,2021-05-26,0,control,1,0.99137634,1
604497,8,2021-05-27,2021-06-10,-1,2021-05-12,2021-05-26,0,control,0,0.0017525235,0
604987,8,2021-05-27,2021-06-10,-1,2021-05-12,2021-05-26,0,control,1,0.7858004,1
605305,8,2021-05-27,2021-06-10,-1,2021-05-12,2021-05-26,0,control,1,0.91380876,1
607155,8,2021-05-27,2021-06-10,-1,2021-05-12,2021-05-26,0,control,1,0.14373064,0
608604,8,2021-05-27,2021-06-10,-1,2021-05-12,2021-05-26,0,control,1,0.6673819,1
610652,8,2021-05-27,2021-06-10,-1,2021-05-12,2021-05-26,0,control,0,0.24298415,0
610691,8,2021-05-27,2021-06-10,-1,2021-05-12,2021-05-26,0,control,0,0.34833676,0
610824,8,2021-05-27,2021-06-10,-1,2021-05-12,2021-05-26,0,control,0,0.0009246432,0
611245,8,2021-05-27,2021-06-10,-1,2021-05-12,2021-05-26,0,control,1,0.689294,1
612548,8,2021-05-27,2021-06-10,-1,2021-05-12,2021-05-26,0,control,1,0.9999006,1
612926,8,2021-05-27,2021-06-10,-1,2021-05-12,2021-05-26,0,control,1,0.13920453,0
614890,8,2021-05-27,2021-06-10,-1,2021-05-12,2021-05-26,0,control,0,0.98924387,1
615248,8,2021-05-27,2021-06-10,-1,2021-05-12,2021-05-26,0,control,1,0.9724525,1
615305,8,2021-05-27,2021-06-10,-1,2021-05-12,2021-05-26,0,control,0,0.031212382,0
618368,8,2021-05-27,2021-06-10,-1,2021-05-12,2021-05-26,0,control,0,0.18860337,0
619740,8,2021-05-27,2021-06-10,-1,2021-05-12,2021-05-26,0,control,0,0.0197358,0
620558,8,2021-05-27,2021-06-10,-1,2021-05-12,2021-05-26,0,control,0,0.006207019,0
623948,8,2021-05-27,2021-06-10,-1,2021-05-12,2021-05-26,0,control,0,0.05640314,0
625776,8,2021-05-27,2021-06-10,-1,2021-05-12,2021-05-26,0,control,0,0.28193203,0
626176,8,2021-05-27,2021-06-10,-1,2021-05-12,2021-05-26,0,control,0,0.0023591958,0
626764,8,2021-05-27,2021-06-10,-1,2021-05-12,2021-05-26,0,control,1,0.91436476,1
627207,8,2021-05-27,2021-06-10,-1,2021-05-12,2021-05-26,0,control,0,0.008985224,0
627208,8,2021-05-27,2021-06-10,-1,2021-05-12,2021-05-26,0,control,1,0.020889018,0
628971,8,2021-05-27,2021-06-10,-1,2021-05-12,2021-05-26,0,control,1,0.72068685,1
630526,8,2021-05-27,2021-06-10,-1,2021-05-12,2021-05-26,0,control,0,0.003922628,0
630772,8,2021-05-27,2021-06-10,-1,2021-05-12,2021-05-26,0,control,0,0.0016213106,0
631090,8,2021-05-27,2021-06-10,-1,2021-05-12,2021-05-26,0,control,1,0.6570432,1
631424,8,2021-05-27,2021-06-10,-1,2021-05-12,2021-05-26,0,control,1,0.27496153,0
633314,8,2021-05-27,2021-06-10,-1,2021-05-12,2021-05-26,0,control,1,0.8240905,1
634155,8,2021-05-27,2021-06-10,-1,2021-05-12,2021-05-26,0,control,1,0.3930539,0
636012,8,2021-05-27,2021-06-10,-1,2021-05-12,2021-05-26,0,control,0,0.044332504,0
636346,8,2021-05-27,2021-06-10,-1,2021-05-12,2021-05-26,0,control,0,0.19813874,0
641905,8,2021-05-27,2021-06-10,-1,2021-05-12,2021-05-26,0,control,1,0.86400944,1
642314,8,2021-05-27,2021-06-10,-1,2021-05-12,2021-05-26,0,control,0,0.0880543,0
644365,8,2021-05-27,2021-06-10,-1,2021-05-12,2021-05-26,0,control,1,0.7898727,1
650532,8,2021-05-27,2021-06-10,-1,2021-05-12,2021-05-26,0,control,0,0.0019056022,0
652868,8,2021-05-27,2021-06-10,-1,2021-05-12,2021-05-26,0,control,0,0.35968733,0
653153,8,2021-05-27,2021-06-10,-1,2021-05-12,2021-05-26,0,control,0,0.0059553836,0
654219,8,2021-05-27,2021-06-10,-1,2021-05-12,2021-05-26,0,control,1,0.9909537,1
660217,8,2021-05-27,2021-06-10,-1,2021-05-12,2021-05-26,0,control,1,0.9573796,1
663078,8,2021-05-27,2021-06-10,-1,2021-05-12,2021-05-26,0,control,1,0.18262748,0
667913,8,2021-05-27,2021-06-10,-1,2021-05-12,2021-05-26,0,control,0,0.082391754,0
670344,8,2021-05-27,2021-06-10,-1,2021-05-12,2021-05-26,0,control,0,0.046747044,0
670644,8,2021-05-27,2021-06-10,-1,2021-05-12,2021-05-26,0,control,0,0.013670709,0
671278,8,2021-05-27,2021-06-10,-1,2021-05-12,2021-05-26,0,control,0,0.07477524,0
673811,8,2021-05-27,2021-06-10,-1,2021-05-12,2021-05-26,0,control,0,0.0032589533,0
674121,8,2021-05-27,2021-06-10,-1,2021-05-12,2021-05-26,0,control,0,0.27014533,0
675251,8,2021-05-27,2021-06-10,-1,2021-05-12,2021-05-26,0,control,0,0.0006044282,0
677554,8,2021-05-27,2021-06-10,-1,2021-05-12,2021-05-26,0,control,1,0.38339165,0
677652,8,2021-05-27,2021-06-10,-1,2021-05-12,2021-05-26,0,control,1,0.848932,1
679371,8,2021-05-27,2021-06-10,-1,2021-05-12,2021-05-26,0,control,1,0.9855788,1
679909,8,2021-05-27,2021-06-10,-1,2021-05-12,2021-05-26,0,control,1,0.32449627,0
679910,8,2021-05-27,2021-06-10,-1,2021-05-12,2021-05-26,0,control,1,0.6944637,1
680871,8,2021-05-27,2021-06-10,-1,2021-05-12,2021-05-26,0,control,1,0.9578725,1
681936,8,2021-05-27,2021-06-10,-1,2021-05-12,2021-05-26,0,control,1,0.9960813,1
682274,8,2021-05-27,2021-06-10,-1,2021-05-12,2021-05-26,0,control,0,0.001500407,0
682891,8,2021-05-27,2021-06-10,-1,2021-05-12,2021-05-26,0,control,0,0.23850223,0
684941,8,2021-05-27,2021-06-10,-1,2021-05-12,2021-05-26,0,control,1,0.38576883,0
685103,8,2021-05-27,2021-06-10,-1,2021-05-12,2021-05-26,0,control,0,0.15369488,0
686213,8,2021-05-27,2021-06-10,-1,2021-05-12,2021-05-26,0,control,1,0.28270882,0
687909,8,2021-05-27,2021-06-10,-1,2021-05-12,2021-05-26,0,control,1,0.65445614,1
692725,8,2021-05-27,2021-06-10,-1,2021-05-12,2021-05-26,0,control,1,0.9807664,1
694652,8,2021-05-27,2021-06-10,-1,2021-05-12,2021-05-26,0,control,1,0.58918065,1
695655,8,2021-05-27,2021-06-10,-1,2021-05-12,2021-05-26,0,control,0,0.15319313,0
697117,8,2021-05-27,2021-06-10,-1,2021-05-12,2021-05-26,0,control,1,0.9862097,1
697792,8,2021-05-27,2021-06-10,-1,2021-05-12,2021-05-26,0,control,1,0.9966588,1
698998,8,2021-05-27,2021-06-10,-1,2021-05-12,2021-05-26,0,control,0,0.010552291,0
699199,8,2021-05-27,2021-06-10,-1,2021-05-12,2021-05-26,0,control,0,0.034502048,0
699686,8,2021-05-27,2021-06-10,-1,2021-05-12,2021-05-26,0,control,1,0.4978666,0
701607,8,2021-05-27,2021-06-10,-1,2021-05-12,2021-05-26,0,control,1,0.08545239,0
702467,8,2021-05-27,2021-06-10,-1,2021-05-12,2021-05-26,0,control,1,0.1435652,0
704874,8,2021-05-27,2021-06-10,-1,2021-05-12,2021-05-26,0,control,1,0.012196477,0
708718,8,2021-05-27,2021-06-10,-1,2021-05-12,2021-05-26,0,control,1,0.46584785,0
709645,8,2021-05-27,2021-06-10,-1,2021-05-12,2021-05-26,0,control,0,0.11287072,0
711212,8,2021-05-27,2021-06-10,-1,2021-05-12,2021-05-26,0,control,1,0.38211414,0
711631,8,2021-05-27,2021-06-10,-1,2021-05-12,2021-05-26,0,control,0,0.0067913793,0
711873,8,2021-05-27,2021-06-10,-1,2021-05-12,2021-05-26,0,control,0,0.03840673,0
712239,8,2021-05-27,2021-06-10,-1,2021-05-12,2021-05-26,0,control,0,0.3009278,0
712350,8,2021-05-27,2021-06-10,-1,2021-05-12,2021-05-26,0,control,1,0.9770133,1
715231,8,2021-05-27,2021-06-10,-1,2021-05-12,2021-05-26,0,control,1,0.9883702,1
715797,8,2021-05-27,2021-06-10,-1,2021-05-12,2021-05-26,0,control,1,0.99432313,1
717022,8,2021-05-27,2021-06-10,-1,2021-05-12,2021-05-26,0,control,0,0.48111758,0
717131,8,2021-05-27,2021-06-10,-1,2021-05-12,2021-05-26,0,control,1,0.59503895,1
718848,8,2021-05-27,2021-06-10,-1,2021-05-12,2021-05-26,0,control,0,0.0210735,0
721727,8,2021-05-27,2021-06-10,-1,2021-05-12,2021-05-26,0,control,1,0.034176838,0
722746,8,2021-05-27,2021-06-10,-1,2021-05-12,2021-05-26,0,control,0,0.02315126,0
724226,8,2021-05-27,2021-06-10,-1,2021-05-12,2021-05-26,0,control,0,0.71848345,1
726903,8,2021-05-27,2021-06-10,-1,2021-05-12,2021-05-26,0,control,0,0.1400635,0
727375,8,2021-05-27,2021-06-10,-1,2021-05-12,2021-05-26,0,control,1,0.99588794,1
728063,8,2021-05-27,2021-06-10,-1,2021-05-12,2021-05-26,0,control,0,0.3551279,0
731071,8,2021-05-27,2021-06-10,-1,2021-05-12,2021-05-26,0,control,0,0.34809098,0
731187,8,2021-05-27,2021-06-10,-1,2021-05-12,2021-05-26,0,control,1,0.11562532,0
734213,8,2021-05-27,2021-06-10,-1,2021-05-12,2021-05-26,0,control,1,0.9809145,1
740569,8,2021-05-27,2021-06-10,-1,2021-05-12,2021-05-26,0,control,0,0.060413744,0
742862,8,2021-05-27,2021-06-10,-1,2021-05-12,2021-05-26,0,control,0,0.00075097993,0
743007,8,2021-05-27,2021-06-10,-1,2021-05-12,2021-05-26,0,control,0,0.07588589,0
743440,8,2021-05-27,2021-06-10,-1,2021-05-12,2021-05-26,0,control,1,0.16692479,0
746720,8,2021-05-27,2021-06-10,-1,2021-05-12,2021-05-26,0,control,1,0.33021197,0
746828,8,2021-05-27,2021-06-10,-1,2021-05-12,2021-05-26,0,control,1,0.2606105,0
747262,8,2021-05-27,2021-06-10,-1,2021-05-12,2021-05-26,0,control,0,0.11883206,0
748276,8,2021-05-27,2021-06-10,-1,2021-05-12,2021-05-26,0,control,0,0.05947141,0
750096,8,2021-05-27,2021-06-10,-1,2021-05-12,2021-05-26,0,control,1,0.16946426,0
751059,8,2021-05-27,2021-06-10,-1,2021-05-12,2021-05-26,0,control,0,0.4762728,0
754794,8,2021-05-27,2021-06-10,-1,2021-05-12,2021-05-26,0,control,0,0.1990606,0
755129,8,2021-05-27,2021-06-10,-1,2021-05-12,2021-05-26,0,control,0,0.15896225,0
755920,8,2021-05-27,2021-06-10,-1,2021-05-12,2021-05-26,0,control,0,0.0018948131,0
767722,8,2021-05-27,2021-06-10,-1,2021-05-12,2021-05-26,0,control,0,0.111876965,0
769803,8,2021-05-27,2021-06-10,-1,2021-05-12,2021-05-26,0,control,0,0.76702064,1
770768,8,2021-05-27,2021-06-10,-1,2021-05-12,2021-05-26,0,control,0,0.07404054,0
771021,8,2021-05-27,2021-06-10,-1,2021-05-12,2021-05-26,0,control,0,0.04010676,0
771802,8,2021-05-27,2021-06-10,-1,2021-05-12,2021-05-26,0,control,0,0.100798726,0
773784,8,2021-05-27,2021-06-10,-1,2021-05-12,2021-05-26,0,control,0,0.38452625,0
773872,8,2021-05-27,2021-06-10,-1,2021-05-12,2021-05-26,0,control,0,0.08446274,0
774091,8,2021-05-27,2021-06-10,-1,2021-05-12,2021-05-26,0,control,0,0.014652291,0
774534,8,2021-05-27,2021-06-10,-1,2021-05-12,2021-05-26,0,control,0,0.45069507,0
776959,8,2021-05-27,2021-06-10,-1,2021-05-12,2021-05-26,0,control,0,0.42860955,0
783219,8,2021-05-27,2021-06-10,-1,2021-05-12,2021-05-26,0,control,0,0.4666155,0
786405,8,2021-05-27,2021-06-10,-1,2021-05-12,2021-05-26,0,control,1,0.13704702,0
787230,8,2021-05-27,2021-06-10,-1,2021-05-12,2021-05-26,0,control,1,0.58681864,1
787491,8,2021-05-27,2021-06-10,-1,2021-05-12,2021-05-26,0,control,0,0.009241213,0
790180,8,2021-05-27,2021-06-10,-1,2021-05-12,2021-05-26,0,control,1,0.50850964,1
790486,8,2021-05-27,2021-06-10,-1,2021-05-12,2021-05-26,0,control,1,0.31044063,0
792821,8,2021-05-27,2021-06-10,-1,2021-05-12,2021-05-26,0,control,0,0.20368332,0
792943,8,2021-05-27,2021-06-10,-1,2021-05-12,2021-05-26,0,control,1,0.1387869,0
793739,8,2021-05-27,2021-06-10,-1,2021-05-12,2021-05-26,0,control,0,0.011617532,0
794098,8,2021-05-27,2021-06-10,-1,2021-05-12,2021-05-26,0,control,0,0.123851225,0
794394,8,2021-05-27,2021-06-10,-1,2021-05-12,2021-05-26,0,control,0,0.048195127,0
794751,8,2021-05-27,2021-06-10,-1,2021-05-12,2021-05-26,0,control,1,0.5108757,1
795034,8,2021-05-27,2021-06-10,-1,2021-05-12,2021-05-26,0,control,0,0.030362278,0
798331,8,2021-05-27,2021-06-10,-1,2021-05-12,2021-05-26,0,control,0,0.08690504,0
798535,8,2021-05-27,2021-06-10,-1,2021-05-12,2021-05-26,0,control,0,0.0023756125,0
803009,8,2021-05-27,2021-06-10,-1,2021-05-12,2021-05-26,0,control,1,0.3352371,0
804950,8,2021-05-27,2021-06-10,-1,2021-05-12,2021-05-26,0,control,1,0.5791028,1
805266,8,2021-05-27,2021-06-10,-1,2021-05-12,2021-05-26,0,control,0,0.056063354,0
806110,8,2021-05-27,2021-06-10,-1,2021-05-12,2021-05-26,0,control,1,0.18862125,0
807757,8,2021-05-27,2021-06-10,-1,2021-05-12,2021-05-26,0,control,0,0.0024401299,0
808439,8,2021-05-27,2021-06-10,-1,2021-05-12,2021-05-26,0,control,1,0.9280487,1
934,8,2021-05-27,2021-06-10,0,2021-05-27,2021-06-10,0,control,1,0.042079423,0
2295,8,2021-05-27,2021-06-10,0,2021-05-27,2021-06-10,0,control,0,0.64909875,1
3869,8,2021-05-27,2021-06-10,0,2021-05-27,2021-06-10,0,control,0,0.58737767,1
6344,8,2021-05-27,2021-06-10,0,2021-05-27,2021-06-10,0,control,0,0.002515831,0
6672,8,2021-05-27,2021-06-10,0,2021-05-27,2021-06-10,0,control,0,0.011204129,0
9295,8,2021-05-27,2021-06-10,0,2021-05-27,2021-06-10,0,control,1,0.71805346,1
13707,8,2021-05-27,2021-06-10,0,2021-05-27,2021-06-10,0,control,0,0.003949693,0
14712,8,2021-05-27,2021-06-10,0,2021-05-27,2021-06-10,0,control,0,0.0013386065,0
15556,8,2021-05-27,2021-06-10,0,2021-05-27,2021-06-10,0,control,1,0.020419661,0
17560,8,2021-05-27,2021-06-10,0,2021-05-27,2021-06-10,0,control,1,0.73846716,1
20099,8,2021-05-27,2021-06-10,0,2021-05-27,2021-06-10,0,control,0,0.9681723,1
22317,8,2021-05-27,2021-06-10,0,2021-05-27,2021-06-10,0,control,0,0.58034784,1
23111,8,2021-05-27,2021-06-10,0,2021-05-27,2021-06-10,0,control,1,0.26792574,0
24438,8,2021-05-27,2021-06-10,0,2021-05-27,2021-06-10,0,control,1,0.8156699,1
25676,8,2021-05-27,2021-06-10,0,2021-05-27,2021-06-10,0,control,0,0.04444911,0
25739,8,2021-05-27,2021-06-10,0,2021-05-27,2021-06-10,0,control,0,0.8096302,1
26940,8,2021-05-27,2021-06-10,0,2021-05-27,2021-06-10,0,control,1,0.0018490392,0
27526,8,2021-05-27,2021-06-10,0,2021-05-27,2021-06-10,0,control,1,0.020827666,0
27598,8,2021-05-27,2021-06-10,0,2021-05-27,2021-06-10,0,control,0,0.9098825,1
27840,8,2021-05-27,2021-06-10,0,2021-05-27,2021-06-10,0,control,0,0.02166198,0
33227,8,2021-05-27,2021-06-10,0,2021-05-27,2021-06-10,0,control,0,0.25589234,0
38482,8,2021-05-27,2021-06-10,0,2021-05-27,2021-06-10,0,control,0,0.1316071,0
42049,8,2021-05-27,2021-06-10,0,2021-05-27,2021-06-10,0,control,0,0.045884732,0
44311,8,2021-05-27,2021-06-10,0,2021-05-27,2021-06-10,0,control,1,0.7735508,1
46035,8,2021-05-27,2021-06-10,0,2021-05-27,2021-06-10,0,control,0,0.0031592834,0
51764,8,2021-05-27,2021-06-10,0,2021-05-27,2021-06-10,0,control,0,0.14313452,0
55879,8,2021-05-27,2021-06-10,0,2021-05-27,2021-06-10,0,control,0,0.7441175,1
57016,8,2021-05-27,2021-06-10,0,2021-05-27,2021-06-10,0,control,1,0.12352333,0
57221,8,2021-05-27,2021-06-10,0,2021-05-27,2021-06-10,0,control,1,0.9679537,1
59944,8,2021-05-27,2021-06-10,0,2021-05-27,2021-06-10,0,control,1,0.9940679,1
61156,8,2021-05-27,2021-06-10,0,2021-05-27,2021-06-10,0,control,1,0.8312568,1
62081,8,2021-05-27,2021-06-10,0,2021-05-27,2021-06-10,0,control,0,0.12417071,0
63931,8,2021-05-27,2021-06-10,0,2021-05-27,2021-06-10,0,control,0,0.13566619,0
65826,8,2021-05-27,2021-06-10,0,2021-05-27,2021-06-10,0,control,0,0.007965883,0
67073,8,2021-05-27,2021-06-10,0,2021-05-27,2021-06-10,0,control,1,0.799097,1
68382,8,2021-05-27,2021-06-10,0,2021-05-27,2021-06-10,0,control,0,0.0041363677,0
69282,8,2021-05-27,2021-06-10,0,2021-05-27,2021-06-10,0,control,1,0.9957443,1
70256,8,2021-05-27,2021-06-10,0,2021-05-27,2021-06-10,0,control,0,0.45495442,0
70385,8,2021-05-27,2021-06-10,0,2021-05-27,2021-06-10,0,control,1,0.8159858,1
70718,8,2021-05-27,2021-06-10,0,2021-05-27,2021-06-10,0,control,1,0.2362227,0
71494,8,2021-05-27,2021-06-10,0,2021-05-27,2021-06-10,0,control,1,0.13936692,0
73361,8,2021-05-27,2021-06-10,0,2021-05-27,2021-06-10,0,control,0,0.013091599,0
73821,8,2021-05-27,2021-06-10,0,2021-05-27,2021-06-10,0,control,0,0.39317304,0
77112,8,2021-05-27,2021-06-10,0,2021-05-27,2021-06-10,0,control,0,0.014326381,0
79354,8,2021-05-27,2021-06-10,0,2021-05-27,2021-06-10,0,control,1,0.99959046,1
81175,8,2021-05-27,2021-06-10,0,2021-05-27,2021-06-10,0,control,1,0.10829217,0
81517,8,2021-05-27,2021-06-10,0,2021-05-27,2021-06-10,0,control,0,0.32270283,0
86528,8,2021-05-27,2021-06-10,0,2021-05-27,2021-06-10,0,control,1,0.9294774,1
87628,8,2021-05-27,2021-06-10,0,2021-05-27,2021-06-10,0,control,0,0.005636585,0
88354,8,2021-05-27,2021-06-10,0,2021-05-27,2021-06-10,0,control,0,0.10441642,0
97677,8,2021-05-27,2021-06-10,0,2021-05-27,2021-06-10,0,control,0,0.5927063,1
100879,8,2021-05-27,2021-06-10,0,2021-05-27,2021-06-10,0,control,0,0.6546688,1
104025,8,2021-05-27,2021-06-10,0,2021-05-27,2021-06-10,0,control,0,0.20315984,0
106781,8,2021-05-27,2021-06-10,0,2021-05-27,2021-06-10,0,control,0,0.09660496,0
108654,8,2021-05-27,2021-06-10,0,2021-05-27,2021-06-10,0,control,1,0.08424305,0
108991,8,2021-05-27,2021-06-10,0,2021-05-27,2021-06-10,0,control,1,0.015027482,0
110624,8,2021-05-27,2021-06-10,0,2021-05-27,2021-06-10,0,control,0,0.07140173,0
112733,8,2021-05-27,2021-06-10,0,2021-05-27,2021-06-10,0,control,1,0.161499,0
113596,8,2021-05-27,2021-06-10,0,2021-05-27,2021-06-10,0,control,1,0.56627834,1
113661,8,2021-05-27,2021-06-10,0,2021-05-27,2021-06-10,0,control,0,0.10686455,0
114301,8,2021-05-27,2021-06-10,0,2021-05-27,2021-06-10,0,control,1,0.8199258,1
118237,8,2021-05-27,2021-06-10,0,2021-05-27,2021-06-10,0,control,1,0.4180755,0
118523,8,2021-05-27,2021-06-10,0,2021-05-27,2021-06-10,0,control,1,0.994362,1
119675,8,2021-05-27,2021-06-10,0,2021-05-27,2021-06-10,0,control,0,0.25764862,0
120122,8,2021-05-27,2021-06-10,0,2021-05-27,2021-06-10,0,control,1,0.99852234,1
122255,8,2021-05-27,2021-06-10,0,2021-05-27,2021-06-10,0,control,0,0.13135669,0
122384,8,2021-05-27,2021-06-10,0,2021-05-27,2021-06-10,0,control,1,0.82516164,1
122950,8,2021-05-27,2021-06-10,0,2021-05-27,2021-06-10,0,control,0,0.7820738,1
122959,8,2021-05-27,2021-06-10,0,2021-05-27,2021-06-10,0,control,0,0.22416192,0
126123,8,2021-05-27,2021-06-10,0,2021-05-27,2021-06-10,0,control,0,0.73443645,1
126569,8,2021-05-27,2021-06-10,0,2021-05-27,2021-06-10,0,control,0,0.006398135,0
126631,8,2021-05-27,2021-06-10,0,2021-05-27,2021-06-10,0,control,1,0.46718153,0
127888,8,2021-05-27,2021-06-10,0,2021-05-27,2021-06-10,0,control,0,0.02116665,0
128050,8,2021-05-27,2021-06-10,0,2021-05-27,2021-06-10,0,control,0,0.0015355321,0
129869,8,2021-05-27,2021-06-10,0,2021-05-27,2021-06-10,0,control,0,0.12774506,0
130530,8,2021-05-27,2021-06-10,0,2021-05-27,2021-06-10,0,control,1,0.92655474,1
132321,8,2021-05-27,2021-06-10,0,2021-05-27,2021-06-10,0,control,0,0.087951876,0
137215,8,2021-05-27,2021-06-10,0,2021-05-27,2021-06-10,0,control,1,0.20775333,0
137811,8,2021-05-27,2021-06-10,0,2021-05-27,2021-06-10,0,control,1,0.97275317,1
138020,8,2021-05-27,2021-06-10,0,2021-05-27,2021-06-10,0,control,0,0.13665488,0
138226,8,2021-05-27,2021-06-10,0,2021-05-27,2021-06-10,0,control,0,0.006324584,0
139869,8,2021-05-27,2021-06-10,0,2021-05-27,2021-06-10,0,control,1,0.34991273,0
140482,8,2021-05-27,2021-06-10,0,2021-05-27,2021-06-10,0,control,0,0.49352545,0
140830,8,2021-05-27,2021-06-10,0,2021-05-27,2021-06-10,0,control,1,0.34706274,0
142910,8,2021-05-27,2021-06-10,0,2021-05-27,2021-06-10,0,control,0,0.24388109,0
143266,8,2021-05-27,2021-06-10,0,2021-05-27,2021-06-10,0,control,0,0.9978588,1
147344,8,2021-05-27,2021-06-10,0,2021-05-27,2021-06-10,0,control,0,0.28585204,0
149564,8,2021-05-27,2021-06-10,0,2021-05-27,2021-06-10,0,control,1,0.99235743,1
149709,8,2021-05-27,2021-06-10,0,2021-05-27,2021-06-10,0,control,0,0.115559,0
149848,8,2021-05-27,2021-06-10,0,2021-05-27,2021-06-10,0,control,0,0.38410446,0
152056,8,2021-05-27,2021-06-10,0,2021-05-27,2021-06-10,0,control,1,0.67746073,1
153265,8,2021-05-27,2021-06-10,0,2021-05-27,2021-06-10,0,control,1,0.02192596,0
155922,8,2021-05-27,2021-06-10,0,2021-05-27,2021-06-10,0,control,0,0.004694097,0
157256,8,2021-05-27,2021-06-10,0,2021-05-27,2021-06-10,0,control,0,0.49850798,0
158605,8,2021-05-27,2021-06-10,0,2021-05-27,2021-06-10,0,control,1,0.16741897,0
161410,8,2021-05-27,2021-06-10,0,2021-05-27,2021-06-10,0,control,0,0.065843716,0
162039,8,2021-05-27,2021-06-10,0,2021-05-27,2021-06-10,0,control,0,0.1959278,0
164557,8,2021-05-27,2021-06-10,0,2021-05-27,2021-06-10,0,control,1,0.6236402,1
166306,8,2021-05-27,2021-06-10,0,2021-05-27,2021-06-10,0,control,1,0.94951844,1
170825,8,2021-05-27,2021-06-10,0,2021-05-27,2021-06-10,0,control,0,0.17435458,0
170888,8,2021-05-27,2021-06-10,0,2021-05-27,2021-06-10,0,control,0,0.018915575,0
173743,8,2021-05-27,2021-06-10,0,2021-05-27,2021-06-10,0,control,0,0.17368217,0
173755,8,2021-05-27,2021-06-10,0,2021-05-27,2021-06-10,0,control,0,0.044611547,0
174520,8,2021-05-27,2021-06-10,0,2021-05-27,2021-06-10,0,control,1,0.8153956,1
175150,8,2021-05-27,2021-06-10,0,2021-05-27,2021-06-10,0,control,0,0.007701271,0
175518,8,2021-05-27,2021-06-10,0,2021-05-27,2021-06-10,0,control,0,0.67838955,1
176308,8,2021-05-27,2021-06-10,0,2021-05-27,2021-06-10,0,control,0,0.00086315215,0
177809,8,2021-05-27,2021-06-10,0,2021-05-27,2021-06-10,0,control,0,0.00014745693,0
181156,8,2021-05-27,2021-06-10,0,2021-05-27,2021-06-10,0,control,1,0.71522635,1
181264,8,2021-05-27,2021-06-10,0,2021-05-27,2021-06-10,0,control,0,0.015710048,0
183006,8,2021-05-27,2021-06-10,0,2021-05-27,2021-06-10,0,control,0,0.098812535,0
184021,8,2021-05-27,2021-06-10,0,2021-05-27,2021-06-10,0,control,0,0.0051041534,0
185542,8,2021-05-27,2021-06-10,0,2021-05-27,2021-06-10,0,control,0,0.012301834,0
188158,8,2021-05-27,2021-06-10,0,2021-05-27,2021-06-10,0,control,0,0.022451015,0
188466,8,2021-05-27,2021-06-10,0,2021-05-27,2021-06-10,0,control,0,0.0018778428,0
189451,8,2021-05-27,2021-06-10,0,2021-05-27,2021-06-10,0,control,0,0.046993427,0
190066,8,2021-05-27,2021-06-10,0,2021-05-27,2021-06-10,0,control,0,0.577006,1
191376,8,2021-05-27,2021-06-10,0,2021-05-27,2021-06-10,0,control,1,0.0229695,0
193340,8,2021-05-27,2021-06-10,0,2021-05-27,2021-06-10,0,control,0,0.42326766,0
194606,8,2021-05-27,2021-06-10,0,2021-05-27,2021-06-10,0,control,1,0.04535347,0
195176,8,2021-05-27,2021-06-10,0,2021-05-27,2021-06-10,0,control,0,0.023771811,0
199666,8,2021-05-27,2021-06-10,0,2021-05-27,2021-06-10,0,control,0,0.6341768,1
200881,8,2021-05-27,2021-06-10,0,2021-05-27,2021-06-10,0,control,0,0.07087763,0
201532,8,2021-05-27,2021-06-10,0,2021-05-27,2021-06-10,0,control,1,0.22329053,0
202156,8,2021-05-27,2021-06-10,0,2021-05-27,2021-06-10,0,control,0,0.012202551,0
202487,8,2021-05-27,2021-06-10,0,2021-05-27,2021-06-10,0,control,1,0.91610295,1
203498,8,2021-05-27,2021-06-10,0,2021-05-27,2021-06-10,0,control,1,0.014358089,0
203601,8,2021-05-27,2021-06-10,0,2021-05-27,2021-06-10,0,control,0,0.45861322,0
207230,8,2021-05-27,2021-06-10,0,2021-05-27,2021-06-10,0,control,0,0.014408632,0
207543,8,2021-05-27,2021-06-10,0,2021-05-27,2021-06-10,0,control,1,0.0033619853,0
209601,8,2021-05-27,2021-06-10,0,2021-05-27,2021-06-10,0,control,0,0.0074593653,0
210477,8,2021-05-27,2021-06-10,0,2021-05-27,2021-06-10,0,control,0,0.8611619,1
211152,8,2021-05-27,2021-06-10,0,2021-05-27,2021-06-10,0,control,0,0.0018535728,0
212967,8,2021-05-27,2021-06-10,0,2021-05-27,2021-06-10,0,control,1,0.23117945,0
214918,8,2021-05-27,2021-06-10,0,2021-05-27,2021-06-10,0,control,1,0.89999187,1
215764,8,2021-05-27,2021-06-10,0,2021-05-27,2021-06-10,0,control,0,0.054262757,0
216889,8,2021-05-27,2021-06-10,0,2021-05-27,2021-06-10,0,control,0,0.19721381,0
218979,8,2021-05-27,2021-06-10,0,2021-05-27,2021-06-10,0,control,1,0.07653033,0
219649,8,2021-05-27,2021-06-10,0,2021-05-27,2021-06-10,0,control,1,0.99473083,1
220698,8,2021-05-27,2021-06-10,0,2021-05-27,2021-06-10,0,control,1,0.20702173,0
220958,8,2021-05-27,2021-06-10,0,2021-05-27,2021-06-10,0,control,0,0.087292716,0
222069,8,2021-05-27,2021-06-10,0,2021-05-27,2021-06-10,0,control,1,0.030772185,0
222207,8,2021-05-27,2021-06-10,0,2021-05-27,2021-06-10,0,control,0,0.36045653,0
223848,8,2021-05-27,2021-06-10,0,2021-05-27,2021-06-10,0,control,0,0.2555568,0
225603,8,2021-05-27,2021-06-10,0,2021-05-27,2021-06-10,0,control,1,0.12791692,0
226203,8,2021-05-27,2021-06-10,0,2021-05-27,2021-06-10,0,control,0,0.8358085,1
226524,8,2021-05-27,2021-06-10,0,2021-05-27,2021-06-10,0,control,1,0.9269483,1
230166,8,2021-05-27,2021-06-10,0,2021-05-27,2021-06-10,0,control,1,0.17595859,0
230992,8,2021-05-27,2021-06-10,0,2021-05-27,2021-06-10,0,control,0,0.005296066,0
232111,8,2021-05-27,2021-06-10,0,2021-05-27,2021-06-10,0,control,1,0.44436175,0
232259,8,2021-05-27,2021-06-10,0,2021-05-27,2021-06-10,0,control,0,0.0034457862,0
234250,8,2021-05-27,2021-06-10,0,2021-05-27,2021-06-10,0,control,0,0.7326691,1
234456,8,2021-05-27,2021-06-10,0,2021-05-27,2021-06-10,0,control,0,0.37202734,0
237344,8,2021-05-27,2021-06-10,0,2021-05-27,2021-06-10,0,control,1,0.06706825,0
238405,8,2021-05-27,2021-06-10,0,2021-05-27,2021-06-10,0,control,0,0.00080303726,0
243214,8,2021-05-27,2021-06-10,0,2021-05-27,2021-06-10,0,control,0,0.5163926,1
243715,8,2021-05-27,2021-06-10,0,2021-05-27,2021-06-10,0,control,1,0.3050576,0
244404,8,2021-05-27,2021-06-10,0,2021-05-27,2021-06-10,0,control,0,0.11429381,0
245393,8,2021-05-27,2021-06-10,0,2021-05-27,2021-06-10,0,control,1,0.53375775,1
245761,8,2021-05-27,2021-06-10,0,2021-05-27,2021-06-10,0,control,1,0.68188906,1
246604,8,2021-05-27,2021-06-10,0,2021-05-27,2021-06-10,0,control,0,0.09049507,0
247252,8,2021-05-27,2021-06-10,0,2021-05-27,2021-06-10,0,control,0,0.1195499,0
248931,8,2021-05-27,2021-06-10,0,2021-05-27,2021-06-10,0,control,0,0.0008852788,0
250258,8,2021-05-27,2021-06-10,0,2021-05-27,2021-06-10,0,control,0,0.005152371,0
253237,8,2021-05-27,2021-06-10,0,2021-05-27,2021-06-10,0,control,1,0.26579148,0
254768,8,2021-05-27,2021-06-10,0,2021-05-27,2021-06-10,0,control,0,0.015040397,0
257282,8,2021-05-27,2021-06-10,0,2021-05-27,2021-06-10,0,control,0,0.22665538,0
260040,8,2021-05-27,2021-06-10,0,2021-05-27,2021-06-10,0,control,0,0.20322497,0
260277,8,2021-05-27,2021-06-10,0,2021-05-27,2021-06-10,0,control,0,0.0014366809,0
261450,8,2021-05-27,2021-06-10,0,2021-05-27,2021-06-10,0,control,0,0.62104136,1
262162,8,2021-05-27,2021-06-10,0,2021-05-27,2021-06-10,0,control,1,0.8773496,1
262607,8,2021-05-27,2021-06-10,0,2021-05-27,2021-06-10,0,control,0,0.8625301,1
263515,8,2021-05-27,2021-06-10,0,2021-05-27,2021-06-10,0,control,1,0.09238177,0
263688,8,2021-05-27,2021-06-10,0,2021-05-27,2021-06-10,0,control,1,0.24297807,0
264158,8,2021-05-27,2021-06-10,0,2021-05-27,2021-06-10,0,control,0,0.06320872,0
267862,8,2021-05-27,2021-06-10,0,2021-05-27,2021-06-10,0,control,1,0.0060445103,0
271625,8,2021-05-27,2021-06-10,0,2021-05-27,2021-06-10,0,control,0,0.36339095,0
272705,8,2021-05-27,2021-06-10,0,2021-05-27,2021-06-10,0,control,0,0.10561106,0
273115,8,2021-05-27,2021-06-10,0,2021-05-27,2021-06-10,0,control,1,0.21502109,0
273125,8,2021-05-27,2021-06-10,0,2021-05-27,2021-06-10,0,control,0,0.0039659017,0
273631,8,2021-05-27,2021-06-10,0,2021-05-27,2021-06-10,0,control,0,0.0057124738,0
274088,8,2021-05-27,2021-06-10,0,2021-05-27,2021-06-10,0,control,1,0.10063299,0
275284,8,2021-05-27,2021-06-10,0,2021-05-27,2021-06-10,0,control,1,0.517539,1
275665,8,2021-05-27,2021-06-10,0,2021-05-27,2021-06-10,0,control,1,0.16255432,0
277476,8,2021-05-27,2021-06-10,0,2021-05-27,2021-06-10,0,control,0,0.22184305,0
280547,8,2021-05-27,2021-06-10,0,2021-05-27,2021-06-10,0,control,0,0.0060793427,0
282172,8,2021-05-27,2021-06-10,0,2021-05-27,2021-06-10,0,control,0,0.08313653,0
285777,8,2021-05-27,2021-06-10,0,2021-05-27,2021-06-10,0,control,0,0.28767362,0
286304,8,2021-05-27,2021-06-10,0,2021-05-27,2021-06-10,0,control,0,0.12311441,0
286671,8,2021-05-27,2021-06-10,0,2021-05-27,2021-06-10,0,control,0,0.94230425,1
287998,8,2021-05-27,2021-06-10,0,2021-05-27,2021-06-10,0,control,0,0.24793442,0
288836,8,2021-05-27,2021-06-10,0,2021-05-27,2021-06-10,0,control,0,0.04656793,0
289368,8,2021-05-27,2021-06-10,0,2021-05-27,2021-06-10,0,control,1,0.5507002,1
292523,8,2021-05-27,2021-06-10,0,2021-05-27,2021-06-10,0,control,1,0.99814034,1
293947,8,2021-05-27,2021-06-10,0,2021-05-27,2021-06-10,0,control,0,0.0004820606,0
297096,8,2021-05-27,2021-06-10,0,2021-05-27,2021-06-10,0,control,0,0.0052356594,0
297632,8,2021-05-27,2021-06-10,0,2021-05-27,2021-06-10,0,control,1,0.1443722,0
298083,8,2021-05-27,2021-06-10,0,2021-05-27,2021-06-10,0,control,1,0.11371014,0
299631,8,2021-05-27,2021-06-10,0,2021-05-27,2021-06-10,0,control,1,0.28887582,0
300232,8,2021-05-27,2021-06-10,0,2021-05-27,2021-06-10,0,control,1,0.99664587,1
309501,8,2021-05-27,2021-06-10,0,2021-05-27,2021-06-10,0,control,0,0.06908649,0
310872,8,2021-05-27,2021-06-10,0,2021-05-27,2021-06-10,0,control,1,0.97860247,1
311115,8,2021-05-27,2021-06-10,0,2021-05-27,2021-06-10,0,control,1,0.0777966,0
313582,8,2021-05-27,2021-06-10,0,2021-05-27,2021-06-10,0,control,1,0.99843854,1
314627,8,2021-05-27,2021-06-10,0,2021-05-27,2021-06-10,0,control,0,0.036257375,0
317139,8,2021-05-27,2021-06-10,0,2021-05-27,2021-06-10,0,control,0,0.32362035,0
317755,8,2021-05-27,2021-06-10,0,2021-05-27,2021-06-10,0,control,0,0.010377476,0
318813,8,2021-05-27,2021-06-10,0,2021-05-27,2021-06-10,0,control,0,0.12184116,0
319128,8,2021-05-27,2021-06-10,0,2021-05-27,2021-06-10,0,control,0,0.020720195,0
320817,8,2021-05-27,2021-06-10,0,2021-05-27,2021-06-10,0,control,0,0.08724708,0
321238,8,2021-05-27,2021-06-10,0,2021-05-27,2021-06-10,0,control,0,0.08521355,0
323763,8,2021-05-27,2021-06-10,0,2021-05-27,2021-06-10,0,control,1,0.9020651,1
324576,8,2021-05-27,2021-06-10,0,2021-05-27,2021-06-10,0,control,0,0.9037953,1
325737,8,2021-05-27,2021-06-10,0,2021-05-27,2021-06-10,0,control,1,0.8376387,1
329705,8,2021-05-27,2021-06-10,0,2021-05-27,2021-06-10,0,control,0,0.12911133,0
329718,8,2021-05-27,2021-06-10,0,2021-05-27,2021-06-10,0,control,0,0.0025155067,0
331496,8,2021-05-27,2021-06-10,0,2021-05-27,2021-06-10,0,control,1,0.9944892,1
332210,8,2021-05-27,2021-06-10,0,2021-05-27,2021-06-10,0,control,1,0.8964156,1
333603,8,2021-05-27,2021-06-10,0,2021-05-27,2021-06-10,0,control,0,0.002083738,0
334032,8,2021-05-27,2021-06-10,0,2021-05-27,2021-06-10,0,control,1,0.028797274,0
334099,8,2021-05-27,2021-06-10,0,2021-05-27,2021-06-10,0,control,1,0.11856072,0
336493,8,2021-05-27,2021-06-10,0,2021-05-27,2021-06-10,0,control,0,0.21103811,0
336759,8,2021-05-27,2021-06-10,0,2021-05-27,2021-06-10,0,control,0,0.8029905,1
339590,8,2021-05-27,2021-06-10,0,2021-05-27,2021-06-10,0,control,1,0.91376483,1
340042,8,2021-05-27,2021-06-10,0,2021-05-27,2021-06-10,0,control,1,0.9985372,1
340586,8,2021-05-27,2021-06-10,0,2021-05-27,2021-06-10,0,control,0,0.06035598,0
341153,8,2021-05-27,2021-06-10,0,2021-05-27,2021-06-10,0,control,0,0.7282503,1
341457,8,2021-05-27,2021-06-10,0,2021-05-27,2021-06-10,0,control,1,0.3291567,0
342618,8,2021-05-27,2021-06-10,0,2021-05-27,2021-06-10,0,control,0,0.093542814,0
342676,8,2021-05-27,2021-06-10,0,2021-05-27,2021-06-10,0,control,1,0.97946006,1
343104,8,2021-05-27,2021-06-10,0,2021-05-27,2021-06-10,0,control,1,0.7294604,1
344893,8,2021-05-27,2021-06-10,0,2021-05-27,2021-06-10,0,control,0,0.15418649,0
353359,8,2021-05-27,2021-06-10,0,2021-05-27,2021-06-10,0,control,1,0.44471568,0
353387,8,2021-05-27,2021-06-10,0,2021-05-27,2021-06-10,0,control,0,0.59659135,1
354636,8,2021-05-27,2021-06-10,0,2021-05-27,2021-06-10,0,control,0,0.008184967,0
355050,8,2021-05-27,2021-06-10,0,2021-05-27,2021-06-10,0,control,0,0.0011740805,0
357538,8,2021-05-27,2021-06-10,0,2021-05-27,2021-06-10,0,control,0,0.0024986702,0
358656,8,2021-05-27,2021-06-10,0,2021-05-27,2021-06-10,0,control,0,0.0054677366,0
362285,8,2021-05-27,2021-06-10,0,2021-05-27,2021-06-10,0,control,0,0.003138547,0
367275,8,2021-05-27,2021-06-10,0,2021-05-27,2021-06-10,0,control,0,0.6696374,1
369412,8,2021-05-27,2021-06-10,0,2021-05-27,2021-06-10,0,control,1,0.32405373,0
369788,8,2021-05-27,2021-06-10,0,2021-05-27,2021-06-10,0,control,0,0.086001866,0
371614,8,2021-05-27,2021-06-10,0,2021-05-27,2021-06-10,0,control,0,0.048538815,0
373340,8,2021-05-27,2021-06-10,0,2021-05-27,2021-06-10,0,control,0,0.0045775734,0
374135,8,2021-05-27,2021-06-10,0,2021-05-27,2021-06-10,0,control,1,0.29075032,0
375905,8,2021-05-27,2021-06-10,0,2021-05-27,2021-06-10,0,control,0,0.002710523,0
376999,8,2021-05-27,2021-06-10,0,2021-05-27,2021-06-10,0,control,0,0.11068591,0
378401,8,2021-05-27,2021-06-10,0,2021-05-27,2021-06-10,0,control,1,0.05353405,0
378517,8,2021-05-27,2021-06-10,0,2021-05-27,2021-06-10,0,control,1,0.07798064,0
380338,8,2021-05-27,2021-06-10,0,2021-05-27,2021-06-10,0,control,1,0.24249643,0
383817,8,2021-05-27,2021-06-10,0,2021-05-27,2021-06-10,0,control,0,0.94274986,1
384509,8,2021-05-27,2021-06-10,0,2021-05-27,2021-06-10,0,control,0,0.022312993,0
384608,8,2021-05-27,2021-06-10,0,2021-05-27,2021-06-10,0,control,0,0.25776345,0
386574,8,2021-05-27,2021-06-10,0,2021-05-27,2021-06-10,0,control,0,0.010870048,0
387140,8,2021-05-27,2021-06-10,0,2021-05-27,2021-06-10,0,control,1,0.5727108,1
387500,8,2021-05-27,2021-06-10,0,2021-05-27,2021-06-10,0,control,0,0.050610736,0
387981,8,2021-05-27,2021-06-10,0,2021-05-27,2021-06-10,0,control,0,0.0017760466,0
388619,8,2021-05-27,2021-06-10,0,2021-05-27,2021-06-10,0,control,1,0.064289816,0
388816,8,2021-05-27,2021-06-10,0,2021-05-27,2021-06-10,0,control,1,0.66761893,1
390368,8,2021-05-27,2021-06-10,0,2021-05-27,2021-06-10,0,control,0,0.9742072,1
391490,8,2021-05-27,2021-06-10,0,2021-05-27,2021-06-10,0,control,0,0.004248878,0
392759,8,2021-05-27,2021-06-10,0,2021-05-27,2021-06-10,0,control,0,0.08277308,0
393661,8,2021-05-27,2021-06-10,0,2021-05-27,2021-06-10,0,control,1,0.47333363,0
394268,8,2021-05-27,2021-06-10,0,2021-05-27,2021-06-10,0,control,0,0.018147817,0
397739,8,2021-05-27,2021-06-10,0,2021-05-27,2021-06-10,0,control,0,0.18720554,0
397845,8,2021-05-27,2021-06-10,0,2021-05-27,2021-06-10,0,control,1,0.9955591,1
398865,8,2021-05-27,2021-06-10,0,2021-05-27,2021-06-10,0,control,1,0.985135,1
398901,8,2021-05-27,2021-06-10,0,2021-05-27,2021-06-10,0,control,1,0.9841427,1
400473,8,2021-05-27,2021-06-10,0,2021-05-27,2021-06-10,0,control,0,0.3194145,0
401968,8,2021-05-27,2021-06-10,0,2021-05-27,2021-06-10,0,control,0,0.16450801,0
402583,8,2021-05-27,2021-06-10,0,2021-05-27,2021-06-10,0,control,0,0.0036720396,0
404521,8,2021-05-27,2021-06-10,0,2021-05-27,2021-06-10,0,control,1,0.90199506,1
405308,8,2021-05-27,2021-06-10,0,2021-05-27,2021-06-10,0,control,0,0.44929537,0
405883,8,2021-05-27,2021-06-10,0,2021-05-27,2021-06-10,0,control,1,0.99114686,1
409425,8,2021-05-27,2021-06-10,0,2021-05-27,2021-06-10,0,control,0,0.023739304,0
414116,8,2021-05-27,2021-06-10,0,2021-05-27,2021-06-10,0,control,1,0.10840333,0
414339,8,2021-05-27,2021-06-10,0,2021-05-27,2021-06-10,0,control,0,0.0042769224,0
417490,8,2021-05-27,2021-06-10,0,2021-05-27,2021-06-10,0,control,0,0.014928302,0
417540,8,2021-05-27,2021-06-10,0,2021-05-27,2021-06-10,0,control,0,0.70226824,1
418129,8,2021-05-27,2021-06-10,0,2021-05-27,2021-06-10,0,control,0,0.0036206276,0
421057,8,2021-05-27,2021-06-10,0,2021-05-27,2021-06-10,0,control,0,0.007591106,0
421281,8,2021-05-27,2021-06-10,0,2021-05-27,2021-06-10,0,control,0,0.2845994,0
423128,8,2021-05-27,2021-06-10,0,2021-05-27,2021-06-10,0,control,0,0.48979482,0
423434,8,2021-05-27,2021-06-10,0,2021-05-27,2021-06-10,0,control,1,0.8936781,1
425278,8,2021-05-27,2021-06-10,0,2021-05-27,2021-06-10,0,control,1,0.025695387,0
425513,8,2021-05-27,2021-06-10,0,2021-05-27,2021-06-10,0,control,1,0.9857326,1
426155,8,2021-05-27,2021-06-10,0,2021-05-27,2021-06-10,0,control,1,0.9350044,1
426794,8,2021-05-27,2021-06-10,0,2021-05-27,2021-06-10,0,control,0,0.0037850335,0
428717,8,2021-05-27,2021-06-10,0,2021-05-27,2021-06-10,0,control,0,0.23754002,0
429954,8,2021-05-27,2021-06-10,0,2021-05-27,2021-06-10,0,control,0,0.40646857,0
430907,8,2021-05-27,2021-06-10,0,2021-05-27,2021-06-10,0,control,0,0.00627329,0
431282,8,2021-05-27,2021-06-10,0,2021-05-27,2021-06-10,0,control,0,0.4316394,0
433896,8,2021-05-27,2021-06-10,0,2021-05-27,2021-06-10,0,control,0,0.12769532,0
433962,8,2021-05-27,2021-06-10,0,2021-05-27,2021-06-10,0,control,0,0.33614054,0
434476,8,2021-05-27,2021-06-10,0,2021-05-27,2021-06-10,0,control,1,0.02105019,0
434573,8,2021-05-27,2021-06-10,0,2021-05-27,2021-06-10,0,control,0,0.004104178,0
438498,8,2021-05-27,2021-06-10,0,2021-05-27,2021-06-10,0,control,0,0.40559506,0
438678,8,2021-05-27,2021-06-10,0,2021-05-27,2021-06-10,0,control,1,0.08150167,0
438797,8,2021-05-27,2021-06-10,0,2021-05-27,2021-06-10,0,control,1,0.1315565,0
441049,8,2021-05-27,2021-06-10,0,2021-05-27,2021-06-10,0,control,0,0.417948,0
441147,8,2021-05-27,2021-06-10,0,2021-05-27,2021-06-10,0,control,1,0.26151174,0
444355,8,2021-05-27,2021-06-10,0,2021-05-27,2021-06-10,0,control,0,0.5969727,1
445577,8,2021-05-27,2021-06-10,0,2021-05-27,2021-06-10,0,control,0,0.19130321,0
446688,8,2021-05-27,2021-06-10,0,2021-05-27,2021-06-10,0,control,0,0.047592733,0
448727,8,2021-05-27,2021-06-10,0,2021-05-27,2021-06-10,0,control,0,0.98613095,1
449867,8,2021-05-27,2021-06-10,0,2021-05-27,2021-06-10,0,control,0,0.005982669,0
451030,8,2021-05-27,2021-06-10,0,2021-05-27,2021-06-10,0,control,0,0.2789329,0
452206,8,2021-05-27,2021-06-10,0,2021-05-27,2021-06-10,0,control,0,0.391827,0
452469,8,2021-05-27,2021-06-10,0,2021-05-27,2021-06-10,0,control,0,0.012490422,0
452795,8,2021-05-27,2021-06-10,0,2021-05-27,2021-06-10,0,control,1,0.07348863,0
453162,8,2021-05-27,2021-06-10,0,2021-05-27,2021-06-10,0,control,1,0.18076624,0
456179,8,2021-05-27,2021-06-10,0,2021-05-27,2021-06-10,0,control,0,0.01811471,0
457823,8,2021-05-27,2021-06-10,0,2021-05-27,2021-06-10,0,control,0,0.026032161,0
461235,8,2021-05-27,2021-06-10,0,2021-05-27,2021-06-10,0,control,1,0.59214747,1
464435,8,2021-05-27,2021-06-10,0,2021-05-27,2021-06-10,0,control,0,0.036054846,0
464703,8,2021-05-27,2021-06-10,0,2021-05-27,2021-06-10,0,control,0,0.012172004,0
465357,8,2021-05-27,2021-06-10,0,2021-05-27,2021-06-10,0,control,0,0.04825565,0
466141,8,2021-05-27,2021-06-10,0,2021-05-27,2021-06-10,0,control,0,0.024413232,0
466787,8,2021-05-27,2021-06-10,0,2021-05-27,2021-06-10,0,control,1,0.08194866,0
467988,8,2021-05-27,2021-06-10,0,2021-05-27,2021-06-10,0,control,0,0.08013018,0
471606,8,2021-05-27,2021-06-10,0,2021-05-27,2021-06-10,0,control,0,0.94112325,1
472605,8,2021-05-27,2021-06-10,0,2021-05-27,2021-06-10,0,control,1,0.9927125,1
475707,8,2021-05-27,2021-06-10,0,2021-05-27,2021-06-10,0,control,0,0.22719455,0
478569,8,2021-05-27,2021-06-10,0,2021-05-27,2021-06-10,0,control,0,0.14121412,0
479284,8,2021-05-27,2021-06-10,0,2021-05-27,2021-06-10,0,control,1,0.05700918,0
479916,8,2021-05-27,2021-06-10,0,2021-05-27,2021-06-10,0,control,1,0.8448775,1
480412,8,2021-05-27,2021-06-10,0,2021-05-27,2021-06-10,0,control,0,0.2596803,0
482248,8,2021-05-27,2021-06-10,0,2021-05-27,2021-06-10,0,control,0,0.07302848,0
486785,8,2021-05-27,2021-06-10,0,2021-05-27,2021-06-10,0,control,0,0.0033059132,0
487205,8,2021-05-27,2021-06-10,0,2021-05-27,2021-06-10,0,control,0,0.8086456,1
487495,8,2021-05-27,2021-06-10,0,2021-05-27,2021-06-10,0,control,1,0.06164131,0
490517,8,2021-05-27,2021-06-10,0,2021-05-27,2021-06-10,0,control,1,0.63858205,1
491181,8,2021-05-27,2021-06-10,0,2021-05-27,2021-06-10,0,control,0,0.01973407,0
491203,8,2021-05-27,2021-06-10,0,2021-05-27,2021-06-10,0,control,0,0.002751418,0
491218,8,2021-05-27,2021-06-10,0,2021-05-27,2021-06-10,0,control,1,0.34177575,0
492339,8,2021-05-27,2021-06-10,0,2021-05-27,2021-06-10,0,control,1,0.96599233,1
492520,8,2021-05-27,2021-06-10,0,2021-05-27,2021-06-10,0,control,0,0.13025188,0
493455,8,2021-05-27,2021-06-10,0,2021-05-27,2021-06-10,0,control,0,0.065219335,0
493771,8,2021-05-27,2021-06-10,0,2021-05-27,2021-06-10,0,control,1,0.061507773,0
498077,8,2021-05-27,2021-06-10,0,2021-05-27,2021-06-10,0,control,0,0.009191635,0
501089,8,2021-05-27,2021-06-10,0,2021-05-27,2021-06-10,0,control,0,0.022614101,0
502941,8,2021-05-27,2021-06-10,0,2021-05-27,2021-06-10,0,control,0,0.7850704,1
503550,8,2021-05-27,2021-06-10,0,2021-05-27,2021-06-10,0,control,1,0.40346783,0
504993,8,2021-05-27,2021-06-10,0,2021-05-27,2021-06-10,0,control,0,0.025945414,0
507798,8,2021-05-27,2021-06-10,0,2021-05-27,2021-06-10,0,control,1,0.98010194,1
508638,8,2021-05-27,2021-06-10,0,2021-05-27,2021-06-10,0,control,0,0.29025537,0
509788,8,2021-05-27,2021-06-10,0,2021-05-27,2021-06-10,0,control,1,0.2950786,0
510349,8,2021-05-27,2021-06-10,0,2021-05-27,2021-06-10,0,control,0,0.5753399,1
510524,8,2021-05-27,2021-06-10,0,2021-05-27,2021-06-10,0,control,0,0.03184945,0
511317,8,2021-05-27,2021-06-10,0,2021-05-27,2021-06-10,0,control,1,0.32960486,0
511800,8,2021-05-27,2021-06-10,0,2021-05-27,2021-06-10,0,control,0,0.00041499423,0
511852,8,2021-05-27,2021-06-10,0,2021-05-27,2021-06-10,0,control,0,0.18861896,0
518092,8,2021-05-27,2021-06-10,0,2021-05-27,2021-06-10,0,control,0,0.35797125,0
518696,8,2021-05-27,2021-06-10,0,2021-05-27,2021-06-10,0,control,1,0.9548156,1
519341,8,2021-05-27,2021-06-10,0,2021-05-27,2021-06-10,0,control,0,0.00057752343,0
519905,8,2021-05-27,2021-06-10,0,2021-05-27,2021-06-10,0,control,0,0.030852413,0
522192,8,2021-05-27,2021-06-10,0,2021-05-27,2021-06-10,0,control,0,0.092742555,0
525656,8,2021-05-27,2021-06-10,0,2021-05-27,2021-06-10,0,control,0,0.039413806,0
528581,8,2021-05-27,2021-06-10,0,2021-05-27,2021-06-10,0,control,0,0.18528646,0
532446,8,2021-05-27,2021-06-10,0,2021-05-27,2021-06-10,0,control,0,0.5892316,1
533274,8,2021-05-27,2021-06-10,0,2021-05-27,2021-06-10,0,control,0,0.17484607,0
533822,8,2021-05-27,2021-06-10,0,2021-05-27,2021-06-10,0,control,0,0.009387218,0
534151,8,2021-05-27,2021-06-10,0,2021-05-27,2021-06-10,0,control,0,0.15433739,0
534673,8,2021-05-27,2021-06-10,0,2021-05-27,2021-06-10,0,control,0,0.01603269,0
535440,8,2021-05-27,2021-06-10,0,2021-05-27,2021-06-10,0,control,1,0.9857803,1
536081,8,2021-05-27,2021-06-10,0,2021-05-27,2021-06-10,0,control,1,0.990022,1
536968,8,2021-05-27,2021-06-10,0,2021-05-27,2021-06-10,0,control,0,0.07104416,0
537073,8,2021-05-27,2021-06-10,0,2021-05-27,2021-06-10,0,control,1,0.058842167,0
539247,8,2021-05-27,2021-06-10,0,2021-05-27,2021-06-10,0,control,0,0.032473933,0
539297,8,2021-05-27,2021-06-10,0,2021-05-27,2021-06-10,0,control,0,0.014787117,0
539624,8,2021-05-27,2021-06-10,0,2021-05-27,2021-06-10,0,control,0,0.022022542,0
540155,8,2021-05-27,2021-06-10,0,2021-05-27,2021-06-10,0,control,0,0.000834163,0
543070,8,2021-05-27,2021-06-10,0,2021-05-27,2021-06-10,0,control,1,0.6567561,1
546903,8,2021-05-27,2021-06-10,0,2021-05-27,2021-06-10,0,control,0,0.03506037,0
547220,8,2021-05-27,2021-06-10,0,2021-05-27,2021-06-10,0,control,0,0.026917432,0
547473,8,2021-05-27,2021-06-10,0,2021-05-27,2021-06-10,0,control,0,0.019475948,0
547917,8,2021-05-27,2021-06-10,0,2021-05-27,2021-06-10,0,control,0,0.13469975,0
549382,8,2021-05-27,2021-06-10,0,2021-05-27,2021-06-10,0,control,1,0.99807906,1
549951,8,2021-05-27,2021-06-10,0,2021-05-27,2021-06-10,0,control,1,0.33567366,0
549971,8,2021-05-27,2021-06-10,0,2021-05-27,2021-06-10,0,control,1,0.25811416,0
551613,8,2021-05-27,2021-06-10,0,2021-05-27,2021-06-10,0,control,0,0.034024768,0
552614,8,2021-05-27,2021-06-10,0,2021-05-27,2021-06-10,0,control,1,0.20866133,0
553152,8,2021-05-27,2021-06-10,0,2021-05-27,2021-06-10,0,control,0,0.26157784,0
554076,8,2021-05-27,2021-06-10,0,2021-05-27,2021-06-10,0,control,1,0.043690972,0
554767,8,2021-05-27,2021-06-10,0,2021-05-27,2021-06-10,0,control,0,0.016615229,0
556823,8,2021-05-27,2021-06-10,0,2021-05-27,2021-06-10,0,control,0,0.51735514,1
557916,8,2021-05-27,2021-06-10,0,2021-05-27,2021-06-10,0,control,0,0.101114,0
560470,8,2021-05-27,2021-06-10,0,2021-05-27,2021-06-10,0,control,0,0.9767457,1
564863,8,2021-05-27,2021-06-10,0,2021-05-27,2021-06-10,0,control,0,0.3164889,0
565293,8,2021-05-27,2021-06-10,0,2021-05-27,2021-06-10,0,control,1,0.00575273,0
568086,8,2021-05-27,2021-06-10,0,2021-05-27,2021-06-10,0,control,1,0.9896119,1
569209,8,2021-05-27,2021-06-10,0,2021-05-27,2021-06-10,0,control,0,0.2367312,0
572807,8,2021-05-27,2021-06-10,0,2021-05-27,2021-06-10,0,control,0,0.17475563,0
573704,8,2021-05-27,2021-06-10,0,2021-05-27,2021-06-10,0,control,1,0.4208898,0
575102,8,2021-05-27,2021-06-10,0,2021-05-27,2021-06-10,0,control,1,0.8389067,1
576341,8,2021-05-27,2021-06-10,0,2021-05-27,2021-06-10,0,control,0,0.0005518966,0
578550,8,2021-05-27,2021-06-10,0,2021-05-27,2021-06-10,0,control,1,0.21659636,0
579396,8,2021-05-27,2021-06-10,0,2021-05-27,2021-06-10,0,control,0,0.005780071,0
581333,8,2021-05-27,2021-06-10,0,2021-05-27,2021-06-10,0,control,0,0.12117671,0
584923,8,2021-05-27,2021-06-10,0,2021-05-27,2021-06-10,0,control,1,0.5725467,1
584977,8,2021-05-27,2021-06-10,0,2021-05-27,2021-06-10,0,control,0,0.7589575,1
585540,8,2021-05-27,2021-06-10,0,2021-05-27,2021-06-10,0,control,0,0.008419926,0
586696,8,2021-05-27,2021-06-10,0,2021-05-27,2021-06-10,0,control,0,0.23387125,0
588588,8,2021-05-27,2021-06-10,0,2021-05-27,2021-06-10,0,control,0,0.058353547,0
590001,8,2021-05-27,2021-06-10,0,2021-05-27,2021-06-10,0,control,0,0.4585872,0
591072,8,2021-05-27,2021-06-10,0,2021-05-27,2021-06-10,0,control,0,0.044931583,0
593887,8,2021-05-27,2021-06-10,0,2021-05-27,2021-06-10,0,control,1,0.65917176,1
595547,8,2021-05-27,2021-06-10,0,2021-05-27,2021-06-10,0,control,0,0.65472174,1
596979,8,2021-05-27,2021-06-10,0,2021-05-27,2021-06-10,0,control,0,0.26694164,0
598948,8,2021-05-27,2021-06-10,0,2021-05-27,2021-06-10,0,control,1,0.9990415,1
602291,8,2021-05-27,2021-06-10,0,2021-05-27,2021-06-10,0,control,1,0.3659063,0
602800,8,2021-05-27,2021-06-10,0,2021-05-27,2021-06-10,0,control,1,0.093761116,0
603922,8,2021-05-27,2021-06-10,0,2021-05-27,2021-06-10,0,control,0,0.27723753,0
603924,8,2021-05-27,2021-06-10,0,2021-05-27,2021-06-10,0,control,1,0.90910584,1
604497,8,2021-05-27,2021-06-10,0,2021-05-27,2021-06-10,0,control,0,0.0007475031,0
604987,8,2021-05-27,2021-06-10,0,2021-05-27,2021-06-10,0,control,0,0.55422384,1
605305,8,2021-05-27,2021-06-10,0,2021-05-27,2021-06-10,0,control,0,0.19320744,0
607155,8,2021-05-27,2021-06-10,0,2021-05-27,2021-06-10,0,control,1,0.06905994,0
608604,8,2021-05-27,2021-06-10,0,2021-05-27,2021-06-10,0,control,1,0.98538095,1
610652,8,2021-05-27,2021-06-10,0,2021-05-27,2021-06-10,0,control,0,0.3333228,0
610691,8,2021-05-27,2021-06-10,0,2021-05-27,2021-06-10,0,control,0,0.80135006,1
610824,8,2021-05-27,2021-06-10,0,2021-05-27,2021-06-10,0,control,1,0.0010675798,0
611245,8,2021-05-27,2021-06-10,0,2021-05-27,2021-06-10,0,control,1,0.16806404,0
612548,8,2021-05-27,2021-06-10,0,2021-05-27,2021-06-10,0,control,1,0.9975662,1
612926,8,2021-05-27,2021-06-10,0,2021-05-27,2021-06-10,0,control,1,0.69844776,1
614890,8,2021-05-27,2021-06-10,0,2021-05-27,2021-06-10,0,control,0,0.88973993,1
615248,8,2021-05-27,2021-06-10,0,2021-05-27,2021-06-10,0,control,1,0.97950053,1
615305,8,2021-05-27,2021-06-10,0,2021-05-27,2021-06-10,0,control,0,0.0060159466,0
618368,8,2021-05-27,2021-06-10,0,2021-05-27,2021-06-10,0,control,0,0.102757566,0
619740,8,2021-05-27,2021-06-10,0,2021-05-27,2021-06-10,0,control,0,0.0106814,0
620558,8,2021-05-27,2021-06-10,0,2021-05-27,2021-06-10,0,control,0,0.004203559,0
623948,8,2021-05-27,2021-06-10,0,2021-05-27,2021-06-10,0,control,0,0.014661196,0
625776,8,2021-05-27,2021-06-10,0,2021-05-27,2021-06-10,0,control,0,0.24520889,0
626176,8,2021-05-27,2021-06-10,0,2021-05-27,2021-06-10,0,control,0,0.0046572913,0
626764,8,2021-05-27,2021-06-10,0,2021-05-27,2021-06-10,0,control,1,0.8370786,1
627207,8,2021-05-27,2021-06-10,0,2021-05-27,2021-06-10,0,control,0,0.12994862,0
627208,8,2021-05-27,2021-06-10,0,2021-05-27,2021-06-10,0,control,1,0.07864279,0
628971,8,2021-05-27,2021-06-10,0,2021-05-27,2021-06-10,0,control,1,0.7655998,1
630526,8,2021-05-27,2021-06-10,0,2021-05-27,2021-06-10,0,control,0,0.0030448458,0
630772,8,2021-05-27,2021-06-10,0,2021-05-27,2021-06-10,0,control,0,0.0019593681,0
631090,8,2021-05-27,2021-06-10,0,2021-05-27,2021-06-10,0,control,0,0.31969464,0
631424,8,2021-05-27,2021-06-10,0,2021-05-27,2021-06-10,0,control,0,0.11625034,0
633314,8,2021-05-27,2021-06-10,0,2021-05-27,2021-06-10,0,control,1,0.29029843,0
634155,8,2021-05-27,2021-06-10,0,2021-05-27,2021-06-10,0,control,0,0.17987765,0
636012,8,2021-05-27,2021-06-10,0,2021-05-27,2021-06-10,0,control,0,0.019231493,0
636346,8,2021-05-27,2021-06-10,0,2021-05-27,2021-06-10,0,control,0,0.16290283,0
641905,8,2021-05-27,2021-06-10,0,2021-05-27,2021-06-10,0,control,0,0.8526077,1
642314,8,2021-05-27,2021-06-10,0,2021-05-27,2021-06-10,0,control,0,0.046017054,0
644365,8,2021-05-27,2021-06-10,0,2021-05-27,2021-06-10,0,control,1,0.99588674,1
650532,8,2021-05-27,2021-06-10,0,2021-05-27,2021-06-10,0,control,0,0.0020432451,0
652868,8,2021-05-27,2021-06-10,0,2021-05-27,2021-06-10,0,control,0,0.4109056,0
653153,8,2021-05-27,2021-06-10,0,2021-05-27,2021-06-10,0,control,1,0.004539681,0
654219,8,2021-05-27,2021-06-10,0,2021-05-27,2021-06-10,0,control,1,0.9681844,1
660217,8,2021-05-27,2021-06-10,0,2021-05-27,2021-06-10,0,control,1,0.99227315,1
663078,8,2021-05-27,2021-06-10,0,2021-05-27,2021-06-10,0,control,0,0.34398985,0
667913,8,2021-05-27,2021-06-10,0,2021-05-27,2021-06-10,0,control,0,0.16832677,0
670344,8,2021-05-27,2021-06-10,0,2021-05-27,2021-06-10,0,control,0,0.45074743,0
670644,8,2021-05-27,2021-06-10,0,2021-05-27,2021-06-10,0,control,0,0.0054441057,0
671278,8,2021-05-27,2021-06-10,0,2021-05-27,2021-06-10,0,control,0,0.028835235,0
673811,8,2021-05-27,2021-06-10,0,2021-05-27,2021-06-10,0,control,0,0.005945148,0
674121,8,2021-05-27,2021-06-10,0,2021-05-27,2021-06-10,0,control,1,0.60577637,1
675251,8,2021-05-27,2021-06-10,0,2021-05-27,2021-06-10,0,control,0,0.0027104148,0
677554,8,2021-05-27,2021-06-10,0,2021-05-27,2021-06-10,0,control,0,0.24817683,0
677652,8,2021-05-27,2021-06-10,0,2021-05-27,2021-06-10,0,control,1,0.99977034,1
679371,8,2021-05-27,2021-06-10,0,2021-05-27,2021-06-10,0,control,1,0.989705,1
679909,8,2021-05-27,2021-06-10,0,2021-05-27,2021-06-10,0,control,1,0.287875,0
679910,8,2021-05-27,2021-06-10,0,2021-05-27,2021-06-10,0,control,1,0.75096595,1
680871,8,2021-05-27,2021-06-10,0,2021-05-27,2021-06-10,0,control,1,0.9351938,1
681936,8,2021-05-27,2021-06-10,0,2021-05-27,2021-06-10,0,control,1,0.99822956,1
682274,8,2021-05-27,2021-06-10,0,2021-05-27,2021-06-10,0,control,0,0.0020649994,0
682891,8,2021-05-27,2021-06-10,0,2021-05-27,2021-06-10,0,control,1,0.76869506,1
684941,8,2021-05-27,2021-06-10,0,2021-05-27,2021-06-10,0,control,0,0.26986104,0
685103,8,2021-05-27,2021-06-10,0,2021-05-27,2021-06-10,0,control,0,0.03832431,0
686213,8,2021-05-27,2021-06-10,0,2021-05-27,2021-06-10,0,control,0,0.07274637,0
687909,8,2021-05-27,2021-06-10,0,2021-05-27,2021-06-10,0,control,0,0.75577456,1
692725,8,2021-05-27,2021-06-10,0,2021-05-27,2021-06-10,0,control,0,0.93241036,1
694652,8,2021-05-27,2021-06-10,0,2021-05-27,2021-06-10,0,control,1,0.7589678,1
695655,8,2021-05-27,2021-06-10,0,2021-05-27,2021-06-10,0,control,0,0.26224157,0
697117,8,2021-05-27,2021-06-10,0,2021-05-27,2021-06-10,0,control,1,0.8382362,1
697792,8,2021-05-27,2021-06-10,0,2021-05-27,2021-06-10,0,control,0,0.8717148,1
698998,8,2021-05-27,2021-06-10,0,2021-05-27,2021-06-10,0,control,0,0.005502099,0
699199,8,2021-05-27,2021-06-10,0,2021-05-27,2021-06-10,0,control,0,0.010787808,0
699686,8,2021-05-27,2021-06-10,0,2021-05-27,2021-06-10,0,control,0,0.18153143,0
701607,8,2021-05-27,2021-06-10,0,2021-05-27,2021-06-10,0,control,1,0.08269707,0
702467,8,2021-05-27,2021-06-10,0,2021-05-27,2021-06-10,0,control,0,0.43961477,0
704874,8,2021-05-27,2021-06-10,0,2021-05-27,2021-06-10,0,control,1,0.047250606,0
708718,8,2021-05-27,2021-06-10,0,2021-05-27,2021-06-10,0,control,1,0.6007731,1
709645,8,2021-05-27,2021-06-10,0,2021-05-27,2021-06-10,0,control,0,0.15820102,0
711212,8,2021-05-27,2021-06-10,0,2021-05-27,2021-06-10,0,control,1,0.77503026,1
711631,8,2021-05-27,2021-06-10,0,2021-05-27,2021-06-10,0,control,0,0.0037828295,0
711873,8,2021-05-27,2021-06-10,0,2021-05-27,2021-06-10,0,control,0,0.039973624,0
712239,8,2021-05-27,2021-06-10,0,2021-05-27,2021-06-10,0,control,0,0.15160327,0
712350,8,2021-05-27,2021-06-10,0,2021-05-27,2021-06-10,0,control,1,0.99848926,1
715231,8,2021-05-27,2021-06-10,0,2021-05-27,2021-06-10,0,control,1,0.9850668,1
715797,8,2021-05-27,2021-06-10,0,2021-05-27,2021-06-10,0,control,1,0.97627515,1
717022,8,2021-05-27,2021-06-10,0,2021-05-27,2021-06-10,0,control,1,0.15680993,0
717131,8,2021-05-27,2021-06-10,0,2021-05-27,2021-06-10,0,control,0,0.70132977,1
718848,8,2021-05-27,2021-06-10,0,2021-05-27,2021-06-10,0,control,0,0.088535674,0
721727,8,2021-05-27,2021-06-10,0,2021-05-27,2021-06-10,0,control,0,0.00524612,0
722746,8,2021-05-27,2021-06-10,0,2021-05-27,2021-06-10,0,control,0,0.08017104,0
724226,8,2021-05-27,2021-06-10,0,2021-05-27,2021-06-10,0,control,1,0.7588679,1
726903,8,2021-05-27,2021-06-10,0,2021-05-27,2021-06-10,0,control,0,0.3576944,0
727375,8,2021-05-27,2021-06-10,0,2021-05-27,2021-06-10,0,control,1,0.9856614,1
728063,8,2021-05-27,2021-06-10,0,2021-05-27,2021-06-10,0,control,0,0.17243375,0
731071,8,2021-05-27,2021-06-10,0,2021-05-27,2021-06-10,0,control,0,0.38587433,0
731187,8,2021-05-27,2021-06-10,0,2021-05-27,2021-06-10,0,control,0,0.15716772,0
734213,8,2021-05-27,2021-06-10,0,2021-05-27,2021-06-10,0,control,1,0.9955948,1
740569,8,2021-05-27,2021-06-10,0,2021-05-27,2021-06-10,0,control,1,0.26643348,0
742862,8,2021-05-27,2021-06-10,0,2021-05-27,2021-06-10,0,control,1,0.001792877,0
743007,8,2021-05-27,2021-06-10,0,2021-05-27,2021-06-10,0,control,0,0.19866368,0
743440,8,2021-05-27,2021-06-10,0,2021-05-27,2021-06-10,0,control,0,0.49339023,0
746720,8,2021-05-27,2021-06-10,0,2021-05-27,2021-06-10,0,control,1,0.13614179,0
746828,8,2021-05-27,2021-06-10,0,2021-05-27,2021-06-10,0,control,0,0.038273115,0
747262,8,2021-05-27,2021-06-10,0,2021-05-27,2021-06-10,0,control,1,0.05944594,0
748276,8,2021-05-27,2021-06-10,0,2021-05-27,2021-06-10,0,control,0,0.041424662,0
750096,8,2021-05-27,2021-06-10,0,2021-05-27,2021-06-10,0,control,0,0.14817944,0
751059,8,2021-05-27,2021-06-10,0,2021-05-27,2021-06-10,0,control,1,0.28813192,0
754794,8,2021-05-27,2021-06-10,0,2021-05-27,2021-06-10,0,control,1,0.61503685,1
755129,8,2021-05-27,2021-06-10,0,2021-05-27,2021-06-10,0,control,0,0.34031868,0
755920,8,2021-05-27,2021-06-10,0,2021-05-27,2021-06-10,0,control,0,0.00127267,0
767722,8,2021-05-27,2021-06-10,0,2021-05-27,2021-06-10,0,control,1,0.4946028,0
769803,8,2021-05-27,2021-06-10,0,2021-05-27,2021-06-10,0,control,0,0.21143429,0
770768,8,2021-05-27,2021-06-10,0,2021-05-27,2021-06-10,0,control,0,0.18733348,0
771021,8,2021-05-27,2021-06-10,0,2021-05-27,2021-06-10,0,control,0,0.061408427,0
771802,8,2021-05-27,2021-06-10,0,2021-05-27,2021-06-10,0,control,1,0.13960901,0
773784,8,2021-05-27,2021-06-10,0,2021-05-27,2021-06-10,0,control,1,0.6510772,1
773872,8,2021-05-27,2021-06-10,0,2021-05-27,2021-06-10,0,control,0,0.0032425388,0
774091,8,2021-05-27,2021-06-10,0,2021-05-27,2021-06-10,0,control,1,0.008352816,0
774534,8,2021-05-27,2021-06-10,0,2021-05-27,2021-06-10,0,control,0,0.4412456,0
776959,8,2021-05-27,2021-06-10,0,2021-05-27,2021-06-10,0,control,0,0.54976857,1
783219,8,2021-05-27,2021-06-10,0,2021-05-27,2021-06-10,0,control,1,0.7517268,1
786405,8,2021-05-27,2021-06-10,0,2021-05-27,2021-06-10,0,control,0,0.16781983,0
787230,8,2021-05-27,2021-06-10,0,2021-05-27,2021-06-10,0,control,1,0.7614917,1
787491,8,2021-05-27,2021-06-10,0,2021-05-27,2021-06-10,0,control,0,0.0009905669,0
790180,8,2021-05-27,2021-06-10,0,2021-05-27,2021-06-10,0,control,0,0.2389737,0
790486,8,2021-05-27,2021-06-10,0,2021-05-27,2021-06-10,0,control,0,0.4320809,0
792821,8,2021-05-27,2021-06-10,0,2021-05-27,2021-06-10,0,control,0,0.58463717,1
792943,8,2021-05-27,2021-06-10,0,2021-05-27,2021-06-10,0,control,0,0.0617222,0
793739,8,2021-05-27,2021-06-10,0,2021-05-27,2021-06-10,0,control,0,0.02220182,0
794098,8,2021-05-27,2021-06-10,0,2021-05-27,2021-06-10,0,control,1,0.18105975,0
794394,8,2021-05-27,2021-06-10,0,2021-05-27,2021-06-10,0,control,0,0.005836648,0
794751,8,2021-05-27,2021-06-10,0,2021-05-27,2021-06-10,0,control,0,0.22286211,0
795034,8,2021-05-27,2021-06-10,0,2021-05-27,2021-06-10,0,control,0,0.012368835,0
798331,8,2021-05-27,2021-06-10,0,2021-05-27,2021-06-10,0,control,0,0.16053851,0
798535,8,2021-05-27,2021-06-10,0,2021-05-27,2021-06-10,0,control,0,0.0075278576,0
803009,8,2021-05-27,2021-06-10,0,2021-05-27,2021-06-10,0,control,0,0.012430918,0
804950,8,2021-05-27,2021-06-10,0,2021-05-27,2021-06-10,0,control,1,0.65259373,1
805266,8,2021-05-27,2021-06-10,0,2021-05-27,2021-06-10,0,control,1,0.10123521,0
806110,8,2021-05-27,2021-06-10,0,2021-05-27,2021-06-10,0,control,1,0.3120846,0
807757,8,2021-05-27,2021-06-10,0,2021-05-27,2021-06-10,0,control,0,0.003031179,0
808439,8,2021-05-27,2021-06-10,0,2021-05-27,2021-06-10,0,control,1,0.9247968,1
