accuracy,precision,recall,f1,fpr,fnr,n,group
0.7068181818181818,0.672514619883041,0.6117021276595744,0.6406685236768802,0.2222222222222222,0.3882978723404255,440,Treatment_Pre_t-1
0.7125051082958725,0.6736422521175884,0.6425855513307985,0.6577475066893701,0.23476702508960573,0.3574144486692015,4894,Control_Pre_t-1
0.681651001225991,0.4722753346080306,0.6851595006934813,0.5591397849462367,0.31981460023174973,0.31484049930651875,4894,Control_During_t0
