accuracy,precision,recall,f1,fpr,fnr,n,group
0.7173553719008264,0.6953125,0.6568265682656826,0.6755218216318786,0.23353293413173654,0.34317343173431736,605,Treatment_Pre_t-1
0.7285737256793696,0.6878453038674033,0.6602272727272728,0.6737533822960958,0.22101145571388656,0.3397727272727273,6219,Control_Pre_t-1
0.6930374658305194,0.4834823163622231,0.6820175438596491,0.5658403456902433,0.3023890784982935,0.31798245614035087,6219,Control_During_t0
