accuracy,precision,recall,f1,fpr,fnr,n,group
0.7877263581488934,0.7404580152671756,0.354014598540146,0.47901234567901235,0.04722222222222222,0.6459854014598541,994,Treatment_Pre_t-1
0.8016634676903391,0.726303317535545,0.37792848335388407,0.49716139497161393,0.04989200863930886,0.6220715166461159,6252,Control_Pre_t-1
0.803103007037748,0.6364734299516909,0.3617021276595745,0.46126914660831514,0.06277372262773723,0.6382978723404256,6252,Control_During_t0
