accuracy,precision,recall,f1,fpr,fnr,n,group
0.7094594594594594,0.7547169811320755,0.5714285714285714,0.6504065040650406,0.16666666666666666,0.42857142857142855,148,Treatment_Pre_t-1
0.6846965699208444,0.6049046321525886,0.7025316455696202,0.6500732064421669,0.32805429864253394,0.2974683544303797,758,Control_Pre_t-1
0.6358839050131926,0.4613526570048309,0.7827868852459017,0.5805471124620061,0.433852140077821,0.21721311475409835,758,Control_During_t0
