accuracy,precision,recall,f1,fpr,fnr,n,group
0.7858880778588808,0.5833333333333334,0.5943396226415094,0.588785046728972,0.14754098360655737,0.4056603773584906,411,Treatment_Pre_t-1
0.7700205338809035,0.5078947368421053,0.564327485380117,0.5346260387811634,0.1671134941912422,0.43567251461988304,1461,Control_Pre_t-1
0.75564681724846,0.39655172413793105,0.5897435897435898,0.4742268041237114,0.20622895622895623,0.41025641025641024,1461,Control_During_t0
