accuracy,precision,recall,f1,fpr,fnr,n,group
0.7713414634146342,0.48484848484848486,0.4383561643835616,0.460431654676259,0.13333333333333333,0.5616438356164384,328,Treatment_Pre_t-1
0.7841961852861036,0.6397675919948353,0.49132374814080315,0.5558048233314639,0.10482810445237647,0.5086762518591968,7340,Control_Pre_t-1
0.7903269754768393,0.6029411764705882,0.4883595018949648,0.5396350583308405,0.1081376297105407,0.5116404981050352,7340,Control_During_t0
