accuracy,precision,recall,f1,fpr,fnr,n,group
0.7400332225913622,0.7447183098591549,0.7157360406091371,0.7299396031061259,0.2365415986949429,0.28426395939086296,1204,Treatment_Pre_t-1
0.736118455843469,0.7237977805178791,0.6809744779582366,0.7017334130304841,0.21768707482993196,0.3190255220417633,1891,Control_Pre_t-1
0.710735060814384,0.5638051044083526,0.7397260273972602,0.6398946675444371,0.3047001620745543,0.2602739726027397,1891,Control_During_t0
