accuracy,precision,recall,f1,fpr,fnr,n,group
0.7657512116316639,0.5662650602409639,0.562874251497006,0.5645645645645645,0.1592920353982301,0.437125748502994,619,Treatment_Pre_t-1
0.7824307304785895,0.5620347394540943,0.572692793931732,0.567313713212273,0.1480083857442348,0.427307206068268,3176,Control_Pre_t-1
0.7729848866498741,0.4940239043824701,0.5224719101123596,0.5078498293515359,0.1546266233766234,0.47752808988764045,3176,Control_During_t0
