accuracy,precision,recall,f1,fpr,fnr,n,group
0.6153846153846154,0.3611111111111111,0.65,0.4642857142857143,0.39655172413793105,0.35,78,Treatment_Pre_t-1
0.7158385093167702,0.7108433734939759,0.8240223463687151,0.7632600258732212,0.4195804195804196,0.17597765363128492,644,Control_Pre_t-1
0.6614906832298136,0.5569007263922519,0.8679245283018868,0.6784660766961652,0.48284960422163586,0.1320754716981132,644,Control_During_t0
