accuracy,precision,recall,f1,fpr,fnr,n,group
0.7835365853658537,0.515625,0.4520547945205479,0.4817518248175182,0.12156862745098039,0.547945205479452,328,Treatment_Pre_t-1
0.8036735922914785,0.6103500761035008,0.5031367628607277,0.5515818431911967,0.10142630744849446,0.4968632371392723,3321,Control_Pre_t-1
0.7994579945799458,0.4743202416918429,0.49683544303797467,0.4853168469860897,0.12941613982893269,0.5031645569620253,3321,Control_During_t0
