accuracy,precision,recall,f1,fpr,fnr,n,group
0.9044776119402985,0.2,0.13043478260869565,0.15789473684210528,0.038461538461538464,0.8695652173913043,335,Treatment_Pre_t-1
0.8734676916683981,0.7077509529860229,0.39137155705452503,0.5040267849063433,0.0317670782575067,0.608628442945475,86634,Control_Pre_t-1
0.850278181776208,0.7823842823842824,0.28717227892195807,0.4201350082703741,0.01859942223676908,0.7128277210780419,86634,Control_During_t0
