accuracy,precision,recall,f1,fpr,fnr,n,group
0.6621621621621622,0.6724137931034483,0.5571428571428572,0.609375,0.24358974358974358,0.44285714285714284,148,Treatment_Pre_t-1
0.6764705882352942,0.6337209302325582,0.6123595505617978,0.6228571428571429,0.27391304347826084,0.38764044943820225,408,Control_Pre_t-1
0.6200980392156863,0.3977272727272727,0.5882352941176471,0.47457627118644063,0.36678200692041524,0.4117647058823529,408,Control_During_t0
