accuracy,precision,recall,f1,fpr,fnr,n,group
0.7342657342657343,0.7732919254658385,0.680327868852459,0.7238372093023255,0.20916905444126074,0.319672131147541,715,Treatment_Pre_t-1
0.7371663244353183,0.7474226804123711,0.6473214285714286,0.69377990430622,0.18631178707224336,0.35267857142857145,974,Control_Pre_t-1
0.6611909650924025,0.5217391304347826,0.6857142857142857,0.5925925925925927,0.3525641025641026,0.3142857142857143,974,Control_During_t0
