accuracy,precision,recall,f1,fpr,fnr,n,group
0.7103174603174603,0.680672268907563,0.6982758620689655,0.6893617021276596,0.27941176470588236,0.3017241379310345,252,Treatment_Pre_t-1
0.7249883666821778,0.6585081585081585,0.6546929316338355,0.6565950029052876,0.22783825816485226,0.34530706836616454,2149,Control_Pre_t-1
0.6872964169381107,0.48504273504273504,0.7049689440993789,0.5746835443037974,0.320265780730897,0.2950310559006211,2149,Control_During_t0
