accuracy,precision,recall,f1,fpr,fnr,n,group
0.7530120481927711,0.7169811320754716,0.59375,0.6495726495726496,0.14705882352941177,0.40625,166,Treatment_Pre_t-1
0.6933614330874605,0.7333333333333333,0.4748201438848921,0.5764192139737991,0.13533834586466165,0.5251798561151079,949,Control_Pre_t-1
0.7186512118018967,0.6392156862745098,0.4822485207100592,0.5497470489038785,0.15057283142389524,0.5177514792899408,949,Control_During_t0
