accuracy,precision,recall,f1,fpr,fnr,n,group
0.7521381313538809,0.2356828193832599,0.39338235294117646,0.29476584022038566,0.19345846496933655,0.6066176470588235,6197,Treatment_Pre_t-1
0.9174279166412397,0.7148521512226447,0.39219546021395935,0.5065035424626072,0.01895011935696267,0.6078045397860407,1655063,Control_Pre_t-1
0.834644360969945,0.8605641226635672,0.19470325443153708,0.3175586376807258,0.007768638105105901,0.805296745568463,1655063,Control_During_t0
