accuracy,precision,recall,f1,fpr,fnr,n,group
0.7467105263157895,0.30985915492957744,0.44,0.36363636363636365,0.19291338582677164,0.56,304,Treatment_Pre_t-1
0.7752483443708609,0.6620795107033639,0.5735099337748344,0.6146202980837473,0.13305237808549067,0.42649006622516555,2416,Control_Pre_t-1
0.757864238410596,0.6050670640834576,0.559228650137741,0.5812455261274159,0.15680473372781065,0.44077134986225897,2416,Control_During_t0
