accuracy,precision,recall,f1,fpr,fnr,n,group
0.7791640673736744,0.722397476340694,0.4626262626262626,0.564039408866995,0.07942238267148015,0.5373737373737374,1603,Treatment_Pre_t-1
0.76882596165894,0.6829880728185813,0.44810543657331137,0.5411589156926139,0.09094183324329191,0.5518945634266886,7981,Control_Pre_t-1
0.7710813181305601,0.6473616473616474,0.4402625820568928,0.5240948163584267,0.09620786516853932,0.5597374179431073,7981,Control_During_t0
