accuracy,precision,recall,f1,fpr,fnr,n,group
0.7677725118483413,0.5254237288135594,0.3069306930693069,0.3875,0.08722741433021806,0.693069306930693,422,Treatment_Pre_t-1
0.8598165508868956,0.7962027521337746,0.2879914314516129,0.4229861657335862,0.016007661786838146,0.7120085685483871,88962,Control_Pre_t-1
0.8590859018457319,0.7760013752793536,0.2866577760843335,0.4186607308477091,0.017796899542443487,0.7133422239156665,88962,Control_During_t0
