accuracy,precision,recall,f1,fpr,fnr,n,group
0.7687074829931972,0.6486486486486487,0.3870967741935484,0.48484848484848475,0.08201892744479496,0.6129032258064516,441,Treatment_Pre_t-1
0.7785800240673887,0.7058823529411765,0.5217391304347826,0.6,0.10150044130626655,0.4782608695652174,1662,Control_Pre_t-1
0.7617328519855595,0.5,0.5227272727272727,0.5111111111111111,0.16350710900473933,0.4772727272727273,1662,Control_During_t0
