accuracy,precision,recall,f1,fpr,fnr,n,group
0.7861842105263158,0.3880597014925373,0.52,0.4444444444444445,0.16141732283464566,0.48,304,Treatment_Pre_t-1
0.8398710370768404,0.6214511041009464,0.5253333333333333,0.569364161849711,0.08075370121130551,0.4746666666666667,1861,Control_Pre_t-1
0.8420204191295003,0.5472312703583062,0.5201238390092879,0.5333333333333333,0.09037711313394019,0.47987616099071206,1861,Control_During_t0
