accuracy,precision,recall,f1,fpr,fnr,n,group
0.7184466019417476,0.47058823529411764,0.2857142857142857,0.35555555555555557,0.12,0.7142857142857143,103,Treatment_Pre_t-1
0.8123509706816492,0.7367087149357756,0.46245073579925516,0.568217157581412,0.060200184380350324,0.5375492642007449,103587,Control_Pre_t-1
0.8175929411991852,0.6924498090897894,0.4471664346788626,0.5434115458038324,0.06366487340965299,0.5528335653211374,103587,Control_During_t0
