accuracy,precision,recall,f1,fpr,fnr,n,group
0.832482124616956,0.5286624203821656,0.4797687861271676,0.5030303030303029,0.09181141439205956,0.5202312138728323,979,Treatment_Pre_t-1
0.7833133253301321,0.6154838709677419,0.5294117647058824,0.5692124105011933,0.12258329905388729,0.47058823529411764,3332,Control_Pre_t-1
0.7593037214885955,0.3565989847715736,0.4878472222222222,0.41202346041055715,0.18396226415094338,0.5121527777777778,3332,Control_During_t0
