accuracy,precision,recall,f1,fpr,fnr,n,group
0.7980952380952381,0.6204379562043796,0.6115107913669064,0.6159420289855072,0.13471502590673576,0.38848920863309355,525,Treatment_Pre_t-1
0.7562874251497006,0.6386473429951691,0.6003633060853769,0.6189138576779026,0.16703885663242518,0.3996366939146231,3340,Control_Pre_t-1
0.7395209580838323,0.544477028347996,0.5796045785639958,0.5614919354838709,0.1958806221101303,0.42039542143600417,3340,Control_During_t0
