accuracy,precision,recall,f1,fpr,fnr,n,group
0.8085265519820494,0.6292134831460674,0.3708609271523179,0.4666666666666667,0.06376811594202898,0.6291390728476821,1337,Treatment_Pre_t-1
0.8933089682316558,0.567479674796748,0.4144893111638955,0.47906657515442685,0.04241071428571429,0.5855106888361045,7114,Control_Pre_t-1
0.8912004498172618,0.6046065259117083,0.3567383918459796,0.44871794871794873,0.03306050393195314,0.6432616081540203,7114,Control_During_t0
