accuracy,precision,recall,f1,fpr,fnr,n,group
0.6666666666666666,0.6,0.75,0.6666666666666665,0.4,0.25,18,Treatment_Pre_t-1
0.7874015748031497,0.8461538461538461,0.8555555555555555,0.850828729281768,0.3783783783783784,0.14444444444444443,254,Control_Pre_t-1
0.7834645669291339,0.8021390374331551,0.8928571428571429,0.8450704225352113,0.43023255813953487,0.10714285714285714,254,Control_During_t0
