accuracy,precision,recall,f1,fpr,fnr,n,group
0.8020565552699229,0.7125,0.5135135135135135,0.5968586387434555,0.08273381294964029,0.4864864864864865,389,Treatment_Pre_t-1
0.7456896551724138,0.6323024054982818,0.5372262773722628,0.5808997632202052,0.1525302922309337,0.46277372262773725,2088,Control_Pre_t-1
0.7389846743295019,0.3102310231023102,0.5968253968253968,0.4082519001085776,0.23575860124083475,0.4031746031746032,2088,Control_During_t0
