accuracy,precision,recall,f1,fpr,fnr,n,group
0.7317073170731707,0.6744186046511628,0.6041666666666666,0.6373626373626373,0.18666666666666668,0.3958333333333333,123,Treatment_Pre_t-1
0.6563953488372093,0.7863397548161121,0.4891067538126362,0.603089321692411,0.15211970074812967,0.5108932461873639,1720,Control_Pre_t-1
0.6627906976744186,0.7365079365079366,0.5284738041002278,0.6153846153846154,0.19714964370546317,0.4715261958997722,1720,Control_During_t0
