accuracy,precision,recall,f1,fpr,fnr,n,group
0.8019047619047619,0.6277372262773723,0.6187050359712231,0.6231884057971016,0.13212435233160622,0.381294964028777,525,Treatment_Pre_t-1
0.7375246687341416,0.6352459016393442,0.6145915939730373,0.6247480854494155,0.194663167104112,0.38540840602696275,3547,Control_Pre_t-1
0.7358330983930081,0.5714285714285714,0.6203787195671776,0.5948984003458712,0.21164889253486463,0.37962128043282234,3547,Control_During_t0
