accuracy,precision,recall,f1,fpr,fnr,n,group
0.7755102040816326,0.6712328767123288,0.3951612903225806,0.4974619289340102,0.07570977917981073,0.6048387096774194,441,Treatment_Pre_t-1
0.7667154709614447,0.6883910386965377,0.5098039215686274,0.5857885615251299,0.11038961038961038,0.49019607843137253,2049,Control_Pre_t-1
0.7657393850658858,0.4609375,0.5363636363636364,0.49579831932773105,0.17153511497824736,0.4636363636363636,2049,Control_During_t0
