accuracy,precision,recall,f1,fpr,fnr,n,group
0.7844946931241348,0.6823266219239373,0.48412698412698413,0.5663881151346333,0.09238776837996096,0.5158730158730159,2167,Treatment_Pre_t-1
0.7903322358575277,0.5982076176250933,0.4813701923076923,0.5334665334665334,0.10721402949382224,0.5186298076923077,6682,Control_Pre_t-1
0.7849446273570787,0.5926222935044105,0.4430455635491607,0.507032590051458,0.10131631431990427,0.5569544364508393,6682,Control_During_t0
