spec,term,coef,se,pvalue,n,r2
score_continuous,post:treated,-0.006947072782129233,0.0111523674946717,0.5333347360834233,7296,0.5310799110375637
score_continuous,post:treated:displacement_prob,0.01625908279522685,0.038363130828149856,0.6716966977770076,7296,0.5310799110375637
