spec,term,coef,se,pvalue,n,r2
threshold_0.5,post:treated,-0.00304243013511895,0.0066363157906549515,0.6466279686633678,7296,0.5300563059687888
threshold_0.5,post:treated:disp_05,0.007330460434021151,0.02182069052449533,0.7369155022281373,7296,0.5300563059687888
