member_id,dept_id,closure_start,closure_end,closure_duration_days,group,treated,displacement_prob,disp_binary,closure_event_id,period_start,calendar_month,rel_t,post,variety_seeking,event_fe_id,displacement_prob_centered,closure_length_std
1213,246,2021-07-27,2021-08-08,13,control,0,0.14179483,0,dept_246_closure_2021-07-27,2021-06-05,2021-06,-4,0,,1213|246|2021-07-27,-0.16598514296024178,-0.6733664230633328
3053,246,2021-07-27,2021-08-08,13,control,0,0.2848582,0,dept_246_closure_2021-07-27,2021-06-05,2021-06,-4,0,0.0,3053|246|2021-07-27,-0.022921772960241782,-0.6733664230633328
3602,246,2021-07-27,2021-08-08,13,control,0,0.25698352,0,dept_246_closure_2021-07-27,2021-06-05,2021-06,-4,0,,3602|246|2021-07-27,-0.05079645296024177,-0.6733664230633328
4261,246,2021-07-27,2021-08-08,13,treatment,1,0.41152814,0,dept_246_closure_2021-07-27,2021-06-05,2021-06,-4,0,,4261|246|2021-07-27,0.1037481670397582,-0.6733664230633328
4800,246,2021-07-27,2021-08-08,13,control,0,0.025219427,0,dept_246_closure_2021-07-27,2021-06-05,2021-06,-4,0,1.0,4800|246|2021-07-27,-0.28256054596024177,-0.6733664230633328
7245,246,2021-07-27,2021-08-08,13,control,0,0.94799674,1,dept_246_closure_2021-07-27,2021-06-05,2021-06,-4,0,0.0,7245|246|2021-07-27,0.6402167670397583,-0.6733664230633328
8291,246,2021-07-27,2021-08-08,13,control,0,0.9911731,1,dept_246_closure_2021-07-27,2021-06-05,2021-06,-4,0,0.0,8291|246|2021-07-27,0.6833931270397582,-0.6733664230633328
9290,246,2021-07-27,2021-08-08,13,treatment,1,0.008498869,0,dept_246_closure_2021-07-27,2021-06-05,2021-06,-4,0,,9290|246|2021-07-27,-0.29928110396024177,-0.6733664230633328
9714,246,2021-07-27,2021-08-08,13,control,0,0.3374871,0,dept_246_closure_2021-07-27,2021-06-05,2021-06,-4,0,1.0,9714|246|2021-07-27,0.029707127039758197,-0.6733664230633328
10179,246,2021-07-27,2021-08-08,13,control,0,0.8612333,1,dept_246_closure_2021-07-27,2021-06-05,2021-06,-4,0,1.0,10179|246|2021-07-27,0.5534533270397581,-0.6733664230633328
10427,246,2021-07-27,2021-08-08,13,control,0,0.14622483,0,dept_246_closure_2021-07-27,2021-06-05,2021-06,-4,0,1.0,10427|246|2021-07-27,-0.1615551429602418,-0.6733664230633328
10453,246,2021-07-27,2021-08-08,13,control,0,0.27891338,0,dept_246_closure_2021-07-27,2021-06-05,2021-06,-4,0,,10453|246|2021-07-27,-0.0288665929602418,-0.6733664230633328
13564,246,2021-07-27,2021-08-08,13,control,0,0.0017006382,0,dept_246_closure_2021-07-27,2021-06-05,2021-06,-4,0,,13564|246|2021-07-27,-0.3060793347602418,-0.6733664230633328
15110,246,2021-07-27,2021-08-08,13,control,0,0.602054,1,dept_246_closure_2021-07-27,2021-06-05,2021-06,-4,0,0.3333333333333333,15110|246|2021-07-27,0.2942740270397582,-0.6733664230633328
17165,246,2021-07-27,2021-08-08,13,control,0,0.41429704,0,dept_246_closure_2021-07-27,2021-06-05,2021-06,-4,0,,17165|246|2021-07-27,0.10651706703975822,-0.6733664230633328
17345,246,2021-07-27,2021-08-08,13,control,0,0.0024025764,0,dept_246_closure_2021-07-27,2021-06-05,2021-06,-4,0,,17345|246|2021-07-27,-0.30537739656024177,-0.6733664230633328
18589,246,2021-07-27,2021-08-08,13,treatment,1,0.5930257,1,dept_246_closure_2021-07-27,2021-06-05,2021-06,-4,0,0.5,18589|246|2021-07-27,0.2852457270397582,-0.6733664230633328
21757,246,2021-07-27,2021-08-08,13,control,0,0.9689673,1,dept_246_closure_2021-07-27,2021-06-05,2021-06,-4,0,1.0,21757|246|2021-07-27,0.6611873270397581,-0.6733664230633328
22359,246,2021-07-27,2021-08-08,13,control,0,0.9641852,1,dept_246_closure_2021-07-27,2021-06-05,2021-06,-4,0,0.4,22359|246|2021-07-27,0.6564052270397582,-0.6733664230633328
24301,246,2021-07-27,2021-08-08,13,control,0,0.021089468,0,dept_246_closure_2021-07-27,2021-06-05,2021-06,-4,0,,24301|246|2021-07-27,-0.2866905049602418,-0.6733664230633328
24607,246,2021-07-27,2021-08-08,13,control,0,0.03506704,0,dept_246_closure_2021-07-27,2021-06-05,2021-06,-4,0,,24607|246|2021-07-27,-0.2727129329602418,-0.6733664230633328
26093,246,2021-07-27,2021-08-08,13,control,0,0.34219438,0,dept_246_closure_2021-07-27,2021-06-05,2021-06,-4,0,,26093|246|2021-07-27,0.03441440703975823,-0.6733664230633328
28789,246,2021-07-27,2021-08-08,13,control,0,0.40815812,0,dept_246_closure_2021-07-27,2021-06-05,2021-06,-4,0,,28789|246|2021-07-27,0.10037814703975823,-0.6733664230633328
29360,246,2021-07-27,2021-08-08,13,control,0,0.008516339,0,dept_246_closure_2021-07-27,2021-06-05,2021-06,-4,0,,29360|246|2021-07-27,-0.2992636339602418,-0.6733664230633328
29942,246,2021-07-27,2021-08-08,13,control,0,0.013229424,0,dept_246_closure_2021-07-27,2021-06-05,2021-06,-4,0,,29942|246|2021-07-27,-0.2945505489602418,-0.6733664230633328
33721,246,2021-07-27,2021-08-08,13,control,0,0.027535504,0,dept_246_closure_2021-07-27,2021-06-05,2021-06,-4,0,,33721|246|2021-07-27,-0.2802444689602418,-0.6733664230633328
33984,246,2021-07-27,2021-08-08,13,control,0,0.39668542,0,dept_246_closure_2021-07-27,2021-06-05,2021-06,-4,0,,33984|246|2021-07-27,0.08890544703975822,-0.6733664230633328
34002,246,2021-07-27,2021-08-08,13,control,0,0.5526398,1,dept_246_closure_2021-07-27,2021-06-05,2021-06,-4,0,,34002|246|2021-07-27,0.24485982703975823,-0.6733664230633328
35232,246,2021-07-27,2021-08-08,13,control,0,0.85742676,1,dept_246_closure_2021-07-27,2021-06-05,2021-06,-4,0,1.0,35232|246|2021-07-27,0.5496467870397581,-0.6733664230633328
35996,246,2021-07-27,2021-08-08,13,control,0,0.49443996,0,dept_246_closure_2021-07-27,2021-06-05,2021-06,-4,0,1.0,35996|246|2021-07-27,0.18665998703975822,-0.6733664230633328
37485,246,2021-07-27,2021-08-08,13,control,0,0.010235807,0,dept_246_closure_2021-07-27,2021-06-05,2021-06,-4,0,,37485|246|2021-07-27,-0.2975441659602418,-0.6733664230633328
37506,246,2021-07-27,2021-08-08,13,treatment,1,0.5700365,1,dept_246_closure_2021-07-27,2021-06-05,2021-06,-4,0,0.0,37506|246|2021-07-27,0.26225652703975816,-0.6733664230633328
37541,246,2021-07-27,2021-08-08,13,control,0,0.0052991416,0,dept_246_closure_2021-07-27,2021-06-05,2021-06,-4,0,1.0,37541|246|2021-07-27,-0.3024808313602418,-0.6733664230633328
41263,246,2021-07-27,2021-08-08,13,control,0,0.97604525,1,dept_246_closure_2021-07-27,2021-06-05,2021-06,-4,0,0.375,41263|246|2021-07-27,0.6682652770397581,-0.6733664230633328
41289,246,2021-07-27,2021-08-08,13,control,0,0.003877407,0,dept_246_closure_2021-07-27,2021-06-05,2021-06,-4,0,,41289|246|2021-07-27,-0.3039025659602418,-0.6733664230633328
41747,246,2021-07-27,2021-08-08,13,control,0,0.024151748,0,dept_246_closure_2021-07-27,2021-06-05,2021-06,-4,0,,41747|246|2021-07-27,-0.28362822496024176,-0.6733664230633328
41924,246,2021-07-27,2021-08-08,13,control,0,0.024839915,0,dept_246_closure_2021-07-27,2021-06-05,2021-06,-4,0,,41924|246|2021-07-27,-0.2829400579602418,-0.6733664230633328
43570,246,2021-07-27,2021-08-08,13,control,0,0.50512415,1,dept_246_closure_2021-07-27,2021-06-05,2021-06,-4,0,1.0,43570|246|2021-07-27,0.1973441770397582,-0.6733664230633328
44805,246,2021-07-27,2021-08-08,13,control,0,0.006438557,0,dept_246_closure_2021-07-27,2021-06-05,2021-06,-4,0,,44805|246|2021-07-27,-0.3013414159602418,-0.6733664230633328
46323,246,2021-07-27,2021-08-08,13,control,0,0.004436662,0,dept_246_closure_2021-07-27,2021-06-05,2021-06,-4,0,,46323|246|2021-07-27,-0.3033433109602418,-0.6733664230633328
48069,246,2021-07-27,2021-08-08,13,control,0,0.036547642,0,dept_246_closure_2021-07-27,2021-06-05,2021-06,-4,0,,48069|246|2021-07-27,-0.2712323309602418,-0.6733664230633328
48118,246,2021-07-27,2021-08-08,13,control,0,0.007977607,0,dept_246_closure_2021-07-27,2021-06-05,2021-06,-4,0,,48118|246|2021-07-27,-0.2998023659602418,-0.6733664230633328
49114,246,2021-07-27,2021-08-08,13,control,0,0.01653051,0,dept_246_closure_2021-07-27,2021-06-05,2021-06,-4,0,1.0,49114|246|2021-07-27,-0.2912494629602418,-0.6733664230633328
50430,246,2021-07-27,2021-08-08,13,control,0,0.12106775,0,dept_246_closure_2021-07-27,2021-06-05,2021-06,-4,0,,50430|246|2021-07-27,-0.18671222296024179,-0.6733664230633328
55719,246,2021-07-27,2021-08-08,13,control,0,0.06846984,0,dept_246_closure_2021-07-27,2021-06-05,2021-06,-4,0,,55719|246|2021-07-27,-0.23931013296024178,-0.6733664230633328
58174,246,2021-07-27,2021-08-08,13,treatment,1,0.025775751,0,dept_246_closure_2021-07-27,2021-06-05,2021-06,-4,0,,58174|246|2021-07-27,-0.2820042219602418,-0.6733664230633328
61470,246,2021-07-27,2021-08-08,13,control,0,0.0019178551,0,dept_246_closure_2021-07-27,2021-06-05,2021-06,-4,0,,61470|246|2021-07-27,-0.3058621178602418,-0.6733664230633328
62467,246,2021-07-27,2021-08-08,13,control,0,0.7539235,1,dept_246_closure_2021-07-27,2021-06-05,2021-06,-4,0,0.2,62467|246|2021-07-27,0.4461435270397582,-0.6733664230633328
62617,246,2021-07-27,2021-08-08,13,control,0,0.2802774,0,dept_246_closure_2021-07-27,2021-06-05,2021-06,-4,0,,62617|246|2021-07-27,-0.027502572960241778,-0.6733664230633328
63894,246,2021-07-27,2021-08-08,13,treatment,1,0.0032472073,0,dept_246_closure_2021-07-27,2021-06-05,2021-06,-4,0,,63894|246|2021-07-27,-0.3045327656602418,-0.6733664230633328
64161,246,2021-07-27,2021-08-08,13,control,0,0.34984437,0,dept_246_closure_2021-07-27,2021-06-05,2021-06,-4,0,,64161|246|2021-07-27,0.04206439703975823,-0.6733664230633328
64994,246,2021-07-27,2021-08-08,13,control,0,0.14465883,0,dept_246_closure_2021-07-27,2021-06-05,2021-06,-4,0,0.5,64994|246|2021-07-27,-0.1631211429602418,-0.6733664230633328
65724,246,2021-07-27,2021-08-08,13,control,0,0.3674528,0,dept_246_closure_2021-07-27,2021-06-05,2021-06,-4,0,1.0,65724|246|2021-07-27,0.059672827039758236,-0.6733664230633328
68795,246,2021-07-27,2021-08-08,13,control,0,0.9651761,1,dept_246_closure_2021-07-27,2021-06-05,2021-06,-4,0,0.75,68795|246|2021-07-27,0.6573961270397581,-0.6733664230633328
74930,246,2021-07-27,2021-08-08,13,control,0,0.006238125,0,dept_246_closure_2021-07-27,2021-06-05,2021-06,-4,0,,74930|246|2021-07-27,-0.3015418479602418,-0.6733664230633328
75254,246,2021-07-27,2021-08-08,13,control,0,0.006278402,0,dept_246_closure_2021-07-27,2021-06-05,2021-06,-4,0,,75254|246|2021-07-27,-0.30150157096024177,-0.6733664230633328
75454,246,2021-07-27,2021-08-08,13,control,0,0.051739547,0,dept_246_closure_2021-07-27,2021-06-05,2021-06,-4,0,,75454|246|2021-07-27,-0.2560404259602418,-0.6733664230633328
77627,246,2021-07-27,2021-08-08,13,control,0,0.9423059,1,dept_246_closure_2021-07-27,2021-06-05,2021-06,-4,0,1.0,77627|246|2021-07-27,0.6345259270397583,-0.6733664230633328
80592,246,2021-07-27,2021-08-08,13,control,0,0.0012003159,0,dept_246_closure_2021-07-27,2021-06-05,2021-06,-4,0,,80592|246|2021-07-27,-0.30657965706024176,-0.6733664230633328
83197,246,2021-07-27,2021-08-08,13,control,0,0.060882423,0,dept_246_closure_2021-07-27,2021-06-05,2021-06,-4,0,1.0,83197|246|2021-07-27,-0.2468975499602418,-0.6733664230633328
83512,246,2021-07-27,2021-08-08,13,treatment,1,0.0007489331,0,dept_246_closure_2021-07-27,2021-06-05,2021-06,-4,0,,83512|246|2021-07-27,-0.3070310398602418,-0.6733664230633328
83837,246,2021-07-27,2021-08-08,13,control,0,0.032278985,0,dept_246_closure_2021-07-27,2021-06-05,2021-06,-4,0,,83837|246|2021-07-27,-0.2755009879602418,-0.6733664230633328
84880,246,2021-07-27,2021-08-08,13,control,0,0.00688161,0,dept_246_closure_2021-07-27,2021-06-05,2021-06,-4,0,,84880|246|2021-07-27,-0.3008983629602418,-0.6733664230633328
85945,246,2021-07-27,2021-08-08,13,control,0,0.0026010852,0,dept_246_closure_2021-07-27,2021-06-05,2021-06,-4,0,,85945|246|2021-07-27,-0.30517888776024177,-0.6733664230633328
88701,246,2021-07-27,2021-08-08,13,control,0,0.002537611,0,dept_246_closure_2021-07-27,2021-06-05,2021-06,-4,0,,88701|246|2021-07-27,-0.3052423619602418,-0.6733664230633328
89391,246,2021-07-27,2021-08-08,13,control,0,0.009230248,0,dept_246_closure_2021-07-27,2021-06-05,2021-06,-4,0,,89391|246|2021-07-27,-0.2985497249602418,-0.6733664230633328
94006,246,2021-07-27,2021-08-08,13,control,0,0.28857115,0,dept_246_closure_2021-07-27,2021-06-05,2021-06,-4,0,1.0,94006|246|2021-07-27,-0.01920882296024179,-0.6733664230633328
99636,246,2021-07-27,2021-08-08,13,treatment,1,0.48824883,0,dept_246_closure_2021-07-27,2021-06-05,2021-06,-4,0,1.0,99636|246|2021-07-27,0.18046885703975823,-0.6733664230633328
100285,246,2021-07-27,2021-08-08,13,control,0,0.0010297304,0,dept_246_closure_2021-07-27,2021-06-05,2021-06,-4,0,,100285|246|2021-07-27,-0.3067502425602418,-0.6733664230633328
101690,246,2021-07-27,2021-08-08,13,control,0,0.0054791784,0,dept_246_closure_2021-07-27,2021-06-05,2021-06,-4,0,,101690|246|2021-07-27,-0.3023007945602418,-0.6733664230633328
102939,246,2021-07-27,2021-08-08,13,control,0,0.056172602,0,dept_246_closure_2021-07-27,2021-06-05,2021-06,-4,0,,102939|246|2021-07-27,-0.25160737096024177,-0.6733664230633328
104364,246,2021-07-27,2021-08-08,13,treatment,1,0.0011055329,0,dept_246_closure_2021-07-27,2021-06-05,2021-06,-4,0,,104364|246|2021-07-27,-0.3066744400602418,-0.6733664230633328
104791,246,2021-07-27,2021-08-08,13,control,0,0.00038451306,0,dept_246_closure_2021-07-27,2021-06-05,2021-06,-4,0,,104791|246|2021-07-27,-0.3073954599002418,-0.6733664230633328
104999,246,2021-07-27,2021-08-08,13,control,0,0.77188766,1,dept_246_closure_2021-07-27,2021-06-05,2021-06,-4,0,1.0,104999|246|2021-07-27,0.4641076870397582,-0.6733664230633328
106451,246,2021-07-27,2021-08-08,13,control,0,0.59141666,1,dept_246_closure_2021-07-27,2021-06-05,2021-06,-4,0,1.0,106451|246|2021-07-27,0.28363668703975825,-0.6733664230633328
107729,246,2021-07-27,2021-08-08,13,treatment,1,0.9872944,1,dept_246_closure_2021-07-27,2021-06-05,2021-06,-4,0,0.12,107729|246|2021-07-27,0.6795144270397582,-0.6733664230633328
108290,246,2021-07-27,2021-08-08,13,control,0,0.27102268,0,dept_246_closure_2021-07-27,2021-06-05,2021-06,-4,0,,108290|246|2021-07-27,-0.03675729296024177,-0.6733664230633328
108602,246,2021-07-27,2021-08-08,13,control,0,0.12955897,0,dept_246_closure_2021-07-27,2021-06-05,2021-06,-4,0,0.5,108602|246|2021-07-27,-0.1782210029602418,-0.6733664230633328
110523,246,2021-07-27,2021-08-08,13,treatment,1,0.033722427,0,dept_246_closure_2021-07-27,2021-06-05,2021-06,-4,0,,110523|246|2021-07-27,-0.2740575459602418,-0.6733664230633328
111618,246,2021-07-27,2021-08-08,13,control,0,0.020083731,0,dept_246_closure_2021-07-27,2021-06-05,2021-06,-4,0,,111618|246|2021-07-27,-0.2876962419602418,-0.6733664230633328
113259,246,2021-07-27,2021-08-08,13,control,0,0.2508315,0,dept_246_closure_2021-07-27,2021-06-05,2021-06,-4,0,,113259|246|2021-07-27,-0.0569484729602418,-0.6733664230633328
115213,246,2021-07-27,2021-08-08,13,control,0,0.8139987,1,dept_246_closure_2021-07-27,2021-06-05,2021-06,-4,0,,115213|246|2021-07-27,0.5062187270397582,-0.6733664230633328
115992,246,2021-07-27,2021-08-08,13,control,0,0.0014414658,0,dept_246_closure_2021-07-27,2021-06-05,2021-06,-4,0,,115992|246|2021-07-27,-0.3063385071602418,-0.6733664230633328
117266,246,2021-07-27,2021-08-08,13,control,0,0.04361259,0,dept_246_closure_2021-07-27,2021-06-05,2021-06,-4,0,0.0,117266|246|2021-07-27,-0.2641673829602418,-0.6733664230633328
117463,246,2021-07-27,2021-08-08,13,treatment,1,0.000519652,0,dept_246_closure_2021-07-27,2021-06-05,2021-06,-4,0,,117463|246|2021-07-27,-0.3072603209602418,-0.6733664230633328
117689,246,2021-07-27,2021-08-08,13,control,0,0.11426322,0,dept_246_closure_2021-07-27,2021-06-05,2021-06,-4,0,0.5,117689|246|2021-07-27,-0.1935167529602418,-0.6733664230633328
118028,246,2021-07-27,2021-08-08,13,control,0,0.042520892,0,dept_246_closure_2021-07-27,2021-06-05,2021-06,-4,0,0.5,118028|246|2021-07-27,-0.2652590809602418,-0.6733664230633328
123845,246,2021-07-27,2021-08-08,13,control,0,0.0049063414,0,dept_246_closure_2021-07-27,2021-06-05,2021-06,-4,0,,123845|246|2021-07-27,-0.3028736315602418,-0.6733664230633328
124140,246,2021-07-27,2021-08-08,13,control,0,0.00077034417,0,dept_246_closure_2021-07-27,2021-06-05,2021-06,-4,0,,124140|246|2021-07-27,-0.3070096287902418,-0.6733664230633328
124519,246,2021-07-27,2021-08-08,13,control,0,0.1613756,0,dept_246_closure_2021-07-27,2021-06-05,2021-06,-4,0,0.0,124519|246|2021-07-27,-0.14640437296024178,-0.6733664230633328
125288,246,2021-07-27,2021-08-08,13,treatment,1,0.00042904564,0,dept_246_closure_2021-07-27,2021-06-05,2021-06,-4,0,,125288|246|2021-07-27,-0.3073509273202418,-0.6733664230633328
126383,246,2021-07-27,2021-08-08,13,control,0,0.015411615,0,dept_246_closure_2021-07-27,2021-06-05,2021-06,-4,0,,126383|246|2021-07-27,-0.2923683579602418,-0.6733664230633328
127325,246,2021-07-27,2021-08-08,13,control,0,0.31199288,0,dept_246_closure_2021-07-27,2021-06-05,2021-06,-4,0,,127325|246|2021-07-27,0.004212907039758185,-0.6733664230633328
133214,246,2021-07-27,2021-08-08,13,control,0,0.007817035,0,dept_246_closure_2021-07-27,2021-06-05,2021-06,-4,0,,133214|246|2021-07-27,-0.29996293796024176,-0.6733664230633328
133833,246,2021-07-27,2021-08-08,13,control,0,0.0031631151,0,dept_246_closure_2021-07-27,2021-06-05,2021-06,-4,0,,133833|246|2021-07-27,-0.3046168578602418,-0.6733664230633328
135205,246,2021-07-27,2021-08-08,13,control,0,0.0010553765,0,dept_246_closure_2021-07-27,2021-06-05,2021-06,-4,0,,135205|246|2021-07-27,-0.3067245964602418,-0.6733664230633328
136057,246,2021-07-27,2021-08-08,13,control,0,0.2031454,0,dept_246_closure_2021-07-27,2021-06-05,2021-06,-4,0,,136057|246|2021-07-27,-0.10463457296024178,-0.6733664230633328
136063,246,2021-07-27,2021-08-08,13,control,0,0.005267139,0,dept_246_closure_2021-07-27,2021-06-05,2021-06,-4,0,,136063|246|2021-07-27,-0.3025128339602418,-0.6733664230633328
137955,246,2021-07-27,2021-08-08,13,control,0,0.8207661,1,dept_246_closure_2021-07-27,2021-06-05,2021-06,-4,0,1.0,137955|246|2021-07-27,0.5129861270397582,-0.6733664230633328
138417,246,2021-07-27,2021-08-08,13,control,0,0.03873831,0,dept_246_closure_2021-07-27,2021-06-05,2021-06,-4,0,1.0,138417|246|2021-07-27,-0.2690416629602418,-0.6733664230633328
138825,246,2021-07-27,2021-08-08,13,control,0,0.27647775,0,dept_246_closure_2021-07-27,2021-06-05,2021-06,-4,0,0.0,138825|246|2021-07-27,-0.031302222960241766,-0.6733664230633328
139774,246,2021-07-27,2021-08-08,13,control,0,0.06656849,0,dept_246_closure_2021-07-27,2021-06-05,2021-06,-4,0,,139774|246|2021-07-27,-0.2412114829602418,-0.6733664230633328
143776,246,2021-07-27,2021-08-08,13,control,0,0.14395767,0,dept_246_closure_2021-07-27,2021-06-05,2021-06,-4,0,,143776|246|2021-07-27,-0.16382230296024178,-0.6733664230633328
145372,246,2021-07-27,2021-08-08,13,treatment,1,0.0004766058,0,dept_246_closure_2021-07-27,2021-06-05,2021-06,-4,0,,145372|246|2021-07-27,-0.3073033671602418,-0.6733664230633328
147307,246,2021-07-27,2021-08-08,13,control,0,0.0975213,0,dept_246_closure_2021-07-27,2021-06-05,2021-06,-4,0,1.0,147307|246|2021-07-27,-0.21025867296024178,-0.6733664230633328
148127,246,2021-07-27,2021-08-08,13,control,0,0.07233724,0,dept_246_closure_2021-07-27,2021-06-05,2021-06,-4,0,,148127|246|2021-07-27,-0.2354427329602418,-0.6733664230633328
148441,246,2021-07-27,2021-08-08,13,control,0,0.2556321,0,dept_246_closure_2021-07-27,2021-06-05,2021-06,-4,0,1.0,148441|246|2021-07-27,-0.052147872960241815,-0.6733664230633328
151009,246,2021-07-27,2021-08-08,13,control,0,0.6553716,1,dept_246_closure_2021-07-27,2021-06-05,2021-06,-4,0,0.0,151009|246|2021-07-27,0.34759162703975827,-0.6733664230633328
151024,246,2021-07-27,2021-08-08,13,control,0,0.5315132,1,dept_246_closure_2021-07-27,2021-06-05,2021-06,-4,0,1.0,151024|246|2021-07-27,0.22373322703975823,-0.6733664230633328
152032,246,2021-07-27,2021-08-08,13,control,0,0.80558157,1,dept_246_closure_2021-07-27,2021-06-05,2021-06,-4,0,0.75,152032|246|2021-07-27,0.4978015970397582,-0.6733664230633328
155231,246,2021-07-27,2021-08-08,13,treatment,1,0.012627428,0,dept_246_closure_2021-07-27,2021-06-05,2021-06,-4,0,,155231|246|2021-07-27,-0.2951525449602418,-0.6733664230633328
155553,246,2021-07-27,2021-08-08,13,control,0,0.0030715873,0,dept_246_closure_2021-07-27,2021-06-05,2021-06,-4,0,,155553|246|2021-07-27,-0.3047083856602418,-0.6733664230633328
155965,246,2021-07-27,2021-08-08,13,control,0,0.006050398,0,dept_246_closure_2021-07-27,2021-06-05,2021-06,-4,0,,155965|246|2021-07-27,-0.3017295749602418,-0.6733664230633328
156315,246,2021-07-27,2021-08-08,13,control,0,0.012487564,0,dept_246_closure_2021-07-27,2021-06-05,2021-06,-4,0,,156315|246|2021-07-27,-0.2952924089602418,-0.6733664230633328
156681,246,2021-07-27,2021-08-08,13,control,0,0.8056619,1,dept_246_closure_2021-07-27,2021-06-05,2021-06,-4,0,0.6666666666666666,156681|246|2021-07-27,0.49788192703975825,-0.6733664230633328
157356,246,2021-07-27,2021-08-08,13,control,0,0.36475253,0,dept_246_closure_2021-07-27,2021-06-05,2021-06,-4,0,0.0,157356|246|2021-07-27,0.05697255703975823,-0.6733664230633328
159290,246,2021-07-27,2021-08-08,13,control,0,0.520794,1,dept_246_closure_2021-07-27,2021-06-05,2021-06,-4,0,,159290|246|2021-07-27,0.2130140270397582,-0.6733664230633328
163009,246,2021-07-27,2021-08-08,13,control,0,0.0032412908,0,dept_246_closure_2021-07-27,2021-06-05,2021-06,-4,0,,163009|246|2021-07-27,-0.30453868216024177,-0.6733664230633328
168851,246,2021-07-27,2021-08-08,13,treatment,1,0.14223818,0,dept_246_closure_2021-07-27,2021-06-05,2021-06,-4,0,,168851|246|2021-07-27,-0.1655417929602418,-0.6733664230633328
168859,246,2021-07-27,2021-08-08,13,control,0,0.23655716,0,dept_246_closure_2021-07-27,2021-06-05,2021-06,-4,0,,168859|246|2021-07-27,-0.0712228129602418,-0.6733664230633328
169284,246,2021-07-27,2021-08-08,13,control,0,0.077404,0,dept_246_closure_2021-07-27,2021-06-05,2021-06,-4,0,,169284|246|2021-07-27,-0.2303759729602418,-0.6733664230633328
169779,246,2021-07-27,2021-08-08,13,control,0,0.5095837,1,dept_246_closure_2021-07-27,2021-06-05,2021-06,-4,0,,169779|246|2021-07-27,0.20180372703975819,-0.6733664230633328
170648,246,2021-07-27,2021-08-08,13,control,0,0.08296131,0,dept_246_closure_2021-07-27,2021-06-05,2021-06,-4,0,,170648|246|2021-07-27,-0.22481866296024178,-0.6733664230633328
171829,246,2021-07-27,2021-08-08,13,control,0,0.7854076,1,dept_246_closure_2021-07-27,2021-06-05,2021-06,-4,0,,171829|246|2021-07-27,0.4776276270397582,-0.6733664230633328
174299,246,2021-07-27,2021-08-08,13,control,0,0.12492011,0,dept_246_closure_2021-07-27,2021-06-05,2021-06,-4,0,,174299|246|2021-07-27,-0.1828598629602418,-0.6733664230633328
175565,246,2021-07-27,2021-08-08,13,control,0,0.00043081085,0,dept_246_closure_2021-07-27,2021-06-05,2021-06,-4,0,,175565|246|2021-07-27,-0.30734916211024177,-0.6733664230633328
180465,246,2021-07-27,2021-08-08,13,treatment,1,0.259185,0,dept_246_closure_2021-07-27,2021-06-05,2021-06,-4,0,,180465|246|2021-07-27,-0.04859497296024179,-0.6733664230633328
181998,246,2021-07-27,2021-08-08,13,control,0,0.143926,0,dept_246_closure_2021-07-27,2021-06-05,2021-06,-4,0,,181998|246|2021-07-27,-0.1638539729602418,-0.6733664230633328
183672,246,2021-07-27,2021-08-08,13,control,0,0.0026851657,0,dept_246_closure_2021-07-27,2021-06-05,2021-06,-4,0,,183672|246|2021-07-27,-0.3050948072602418,-0.6733664230633328
184494,246,2021-07-27,2021-08-08,13,control,0,0.8184082,1,dept_246_closure_2021-07-27,2021-06-05,2021-06,-4,0,0.6666666666666666,184494|246|2021-07-27,0.5106282270397582,-0.6733664230633328
184868,246,2021-07-27,2021-08-08,13,control,0,0.36570916,0,dept_246_closure_2021-07-27,2021-06-05,2021-06,-4,0,,184868|246|2021-07-27,0.05792918703975819,-0.6733664230633328
188771,246,2021-07-27,2021-08-08,13,control,0,0.008155373,0,dept_246_closure_2021-07-27,2021-06-05,2021-06,-4,0,,188771|246|2021-07-27,-0.29962459996024177,-0.6733664230633328
191129,246,2021-07-27,2021-08-08,13,control,0,0.00997795,0,dept_246_closure_2021-07-27,2021-06-05,2021-06,-4,0,,191129|246|2021-07-27,-0.2978020229602418,-0.6733664230633328
197542,246,2021-07-27,2021-08-08,13,control,0,0.038574096,0,dept_246_closure_2021-07-27,2021-06-05,2021-06,-4,0,,197542|246|2021-07-27,-0.2692058769602418,-0.6733664230633328
199413,246,2021-07-27,2021-08-08,13,control,0,0.02999612,0,dept_246_closure_2021-07-27,2021-06-05,2021-06,-4,0,,199413|246|2021-07-27,-0.2777838529602418,-0.6733664230633328
203579,246,2021-07-27,2021-08-08,13,control,0,0.004454911,0,dept_246_closure_2021-07-27,2021-06-05,2021-06,-4,0,,203579|246|2021-07-27,-0.3033250619602418,-0.6733664230633328
203841,246,2021-07-27,2021-08-08,13,control,0,0.0010743989,0,dept_246_closure_2021-07-27,2021-06-05,2021-06,-4,0,,203841|246|2021-07-27,-0.3067055740602418,-0.6733664230633328
204424,246,2021-07-27,2021-08-08,13,control,0,0.01007441,0,dept_246_closure_2021-07-27,2021-06-05,2021-06,-4,0,,204424|246|2021-07-27,-0.2977055629602418,-0.6733664230633328
204924,246,2021-07-27,2021-08-08,13,control,0,0.00014777645,0,dept_246_closure_2021-07-27,2021-06-05,2021-06,-4,0,,204924|246|2021-07-27,-0.30763219651024176,-0.6733664230633328
205498,246,2021-07-27,2021-08-08,13,control,0,0.010686833,0,dept_246_closure_2021-07-27,2021-06-05,2021-06,-4,0,0.0,205498|246|2021-07-27,-0.2970931399602418,-0.6733664230633328
208321,246,2021-07-27,2021-08-08,13,control,0,0.009726258,0,dept_246_closure_2021-07-27,2021-06-05,2021-06,-4,0,,208321|246|2021-07-27,-0.2980537149602418,-0.6733664230633328
210109,246,2021-07-27,2021-08-08,13,control,0,0.2929824,0,dept_246_closure_2021-07-27,2021-06-05,2021-06,-4,0,,210109|246|2021-07-27,-0.014797572960241812,-0.6733664230633328
210669,246,2021-07-27,2021-08-08,13,treatment,1,0.013678787,0,dept_246_closure_2021-07-27,2021-06-05,2021-06,-4,0,0.0,210669|246|2021-07-27,-0.29410118596024176,-0.6733664230633328
215562,246,2021-07-27,2021-08-08,13,control,0,0.04311617,0,dept_246_closure_2021-07-27,2021-06-05,2021-06,-4,0,,215562|246|2021-07-27,-0.2646638029602418,-0.6733664230633328
217728,246,2021-07-27,2021-08-08,13,control,0,0.029586418,0,dept_246_closure_2021-07-27,2021-06-05,2021-06,-4,0,,217728|246|2021-07-27,-0.2781935549602418,-0.6733664230633328
218261,246,2021-07-27,2021-08-08,13,treatment,1,0.0028441278,0,dept_246_closure_2021-07-27,2021-06-05,2021-06,-4,0,,218261|246|2021-07-27,-0.3049358451602418,-0.6733664230633328
220611,246,2021-07-27,2021-08-08,13,control,0,0.4585377,0,dept_246_closure_2021-07-27,2021-06-05,2021-06,-4,0,,220611|246|2021-07-27,0.1507577270397582,-0.6733664230633328
225448,246,2021-07-27,2021-08-08,13,control,0,0.0052057686,0,dept_246_closure_2021-07-27,2021-06-05,2021-06,-4,0,,225448|246|2021-07-27,-0.3025742043602418,-0.6733664230633328
225682,246,2021-07-27,2021-08-08,13,control,0,0.001283649,0,dept_246_closure_2021-07-27,2021-06-05,2021-06,-4,0,,225682|246|2021-07-27,-0.3064963239602418,-0.6733664230633328
226835,246,2021-07-27,2021-08-08,13,control,0,0.12201637,0,dept_246_closure_2021-07-27,2021-06-05,2021-06,-4,0,,226835|246|2021-07-27,-0.1857636029602418,-0.6733664230633328
229636,246,2021-07-27,2021-08-08,13,control,0,0.3207437,0,dept_246_closure_2021-07-27,2021-06-05,2021-06,-4,0,,229636|246|2021-07-27,0.012963727039758233,-0.6733664230633328
230132,246,2021-07-27,2021-08-08,13,control,0,0.06859596,0,dept_246_closure_2021-07-27,2021-06-05,2021-06,-4,0,,230132|246|2021-07-27,-0.23918401296024178,-0.6733664230633328
233290,246,2021-07-27,2021-08-08,13,control,0,0.52270347,1,dept_246_closure_2021-07-27,2021-06-05,2021-06,-4,0,1.0,233290|246|2021-07-27,0.21492349703975816,-0.6733664230633328
233346,246,2021-07-27,2021-08-08,13,control,0,0.00021615047,0,dept_246_closure_2021-07-27,2021-06-05,2021-06,-4,0,,233346|246|2021-07-27,-0.3075638224902418,-0.6733664230633328
234672,246,2021-07-27,2021-08-08,13,control,0,0.000580863,0,dept_246_closure_2021-07-27,2021-06-05,2021-06,-4,0,,234672|246|2021-07-27,-0.3071991099602418,-0.6733664230633328
236029,246,2021-07-27,2021-08-08,13,control,0,0.040655516,0,dept_246_closure_2021-07-27,2021-06-05,2021-06,-4,0,,236029|246|2021-07-27,-0.2671244569602418,-0.6733664230633328
236820,246,2021-07-27,2021-08-08,13,control,0,0.00022939839,0,dept_246_closure_2021-07-27,2021-06-05,2021-06,-4,0,,236820|246|2021-07-27,-0.30755057457024176,-0.6733664230633328
236997,246,2021-07-27,2021-08-08,13,control,0,0.36613643,0,dept_246_closure_2021-07-27,2021-06-05,2021-06,-4,0,,236997|246|2021-07-27,0.058356457039758225,-0.6733664230633328
237146,246,2021-07-27,2021-08-08,13,control,0,0.61688244,1,dept_246_closure_2021-07-27,2021-06-05,2021-06,-4,0,1.0,237146|246|2021-07-27,0.30910246703975824,-0.6733664230633328
237810,246,2021-07-27,2021-08-08,13,control,0,0.005046733,0,dept_246_closure_2021-07-27,2021-06-05,2021-06,-4,0,,237810|246|2021-07-27,-0.30273323996024176,-0.6733664230633328
238525,246,2021-07-27,2021-08-08,13,control,0,0.007303511,0,dept_246_closure_2021-07-27,2021-06-05,2021-06,-4,0,,238525|246|2021-07-27,-0.3004764619602418,-0.6733664230633328
241338,246,2021-07-27,2021-08-08,13,control,0,0.021715533,0,dept_246_closure_2021-07-27,2021-06-05,2021-06,-4,0,1.0,241338|246|2021-07-27,-0.2860644399602418,-0.6733664230633328
241507,246,2021-07-27,2021-08-08,13,control,0,0.20312865,0,dept_246_closure_2021-07-27,2021-06-05,2021-06,-4,0,,241507|246|2021-07-27,-0.1046513229602418,-0.6733664230633328
244794,246,2021-07-27,2021-08-08,13,control,0,0.33012336,0,dept_246_closure_2021-07-27,2021-06-05,2021-06,-4,0,,244794|246|2021-07-27,0.02234338703975819,-0.6733664230633328
245077,246,2021-07-27,2021-08-08,13,control,0,0.10267958,0,dept_246_closure_2021-07-27,2021-06-05,2021-06,-4,0,0.0,245077|246|2021-07-27,-0.2051003929602418,-0.6733664230633328
246094,246,2021-07-27,2021-08-08,13,control,0,0.0079742605,0,dept_246_closure_2021-07-27,2021-06-05,2021-06,-4,0,,246094|246|2021-07-27,-0.2998057124602418,-0.6733664230633328
247767,246,2021-07-27,2021-08-08,13,control,0,0.0012259317,0,dept_246_closure_2021-07-27,2021-06-05,2021-06,-4,0,,247767|246|2021-07-27,-0.30655404126024177,-0.6733664230633328
249817,246,2021-07-27,2021-08-08,13,treatment,1,0.44966677,0,dept_246_closure_2021-07-27,2021-06-05,2021-06,-4,0,,249817|246|2021-07-27,0.1418867970397582,-0.6733664230633328
250542,246,2021-07-27,2021-08-08,13,control,0,0.0035489663,0,dept_246_closure_2021-07-27,2021-06-05,2021-06,-4,0,,250542|246|2021-07-27,-0.3042310066602418,-0.6733664230633328
251334,246,2021-07-27,2021-08-08,13,control,0,0.0025421518,0,dept_246_closure_2021-07-27,2021-06-05,2021-06,-4,0,,251334|246|2021-07-27,-0.3052378211602418,-0.6733664230633328
252087,246,2021-07-27,2021-08-08,13,control,0,0.8424901,1,dept_246_closure_2021-07-27,2021-06-05,2021-06,-4,0,,252087|246|2021-07-27,0.5347101270397583,-0.6733664230633328
252217,246,2021-07-27,2021-08-08,13,control,0,0.7053127,1,dept_246_closure_2021-07-27,2021-06-05,2021-06,-4,0,,252217|246|2021-07-27,0.3975327270397582,-0.6733664230633328
255689,246,2021-07-27,2021-08-08,13,control,0,0.55216575,1,dept_246_closure_2021-07-27,2021-06-05,2021-06,-4,0,0.5,255689|246|2021-07-27,0.24438577703975822,-0.6733664230633328
255874,246,2021-07-27,2021-08-08,13,control,0,0.078918055,0,dept_246_closure_2021-07-27,2021-06-05,2021-06,-4,0,,255874|246|2021-07-27,-0.2288619179602418,-0.6733664230633328
257892,246,2021-07-27,2021-08-08,13,treatment,1,0.09642344,0,dept_246_closure_2021-07-27,2021-06-05,2021-06,-4,0,,257892|246|2021-07-27,-0.2113565329602418,-0.6733664230633328
259539,246,2021-07-27,2021-08-08,13,control,0,0.98992246,1,dept_246_closure_2021-07-27,2021-06-05,2021-06,-4,0,0.0,259539|246|2021-07-27,0.6821424870397581,-0.6733664230633328
259582,246,2021-07-27,2021-08-08,13,control,0,0.7666549,1,dept_246_closure_2021-07-27,2021-06-05,2021-06,-4,0,1.0,259582|246|2021-07-27,0.45887492703975824,-0.6733664230633328
260406,246,2021-07-27,2021-08-08,13,control,0,0.95459735,1,dept_246_closure_2021-07-27,2021-06-05,2021-06,-4,0,1.0,260406|246|2021-07-27,0.6468173770397583,-0.6733664230633328
262174,246,2021-07-27,2021-08-08,13,control,0,0.017433695,0,dept_246_closure_2021-07-27,2021-06-05,2021-06,-4,0,,262174|246|2021-07-27,-0.2903462779602418,-0.6733664230633328
262226,246,2021-07-27,2021-08-08,13,treatment,1,0.0046343305,0,dept_246_closure_2021-07-27,2021-06-05,2021-06,-4,0,,262226|246|2021-07-27,-0.3031456424602418,-0.6733664230633328
262312,246,2021-07-27,2021-08-08,13,treatment,1,0.30028024,0,dept_246_closure_2021-07-27,2021-06-05,2021-06,-4,0,1.0,262312|246|2021-07-27,-0.007499732960241812,-0.6733664230633328
262908,246,2021-07-27,2021-08-08,13,control,0,0.0017360738,0,dept_246_closure_2021-07-27,2021-06-05,2021-06,-4,0,,262908|246|2021-07-27,-0.3060438991602418,-0.6733664230633328
265383,246,2021-07-27,2021-08-08,13,control,0,0.3692996,0,dept_246_closure_2021-07-27,2021-06-05,2021-06,-4,0,,265383|246|2021-07-27,0.06151962703975822,-0.6733664230633328
266110,246,2021-07-27,2021-08-08,13,control,0,0.14823094,0,dept_246_closure_2021-07-27,2021-06-05,2021-06,-4,0,0.0,266110|246|2021-07-27,-0.15954903296024178,-0.6733664230633328
267323,246,2021-07-27,2021-08-08,13,control,0,0.009151967,0,dept_246_closure_2021-07-27,2021-06-05,2021-06,-4,0,,267323|246|2021-07-27,-0.2986280059602418,-0.6733664230633328
271753,246,2021-07-27,2021-08-08,13,control,0,0.70104194,1,dept_246_closure_2021-07-27,2021-06-05,2021-06,-4,0,,271753|246|2021-07-27,0.3932619670397582,-0.6733664230633328
272325,246,2021-07-27,2021-08-08,13,control,0,0.03747098,0,dept_246_closure_2021-07-27,2021-06-05,2021-06,-4,0,,272325|246|2021-07-27,-0.2703089929602418,-0.6733664230633328
274118,246,2021-07-27,2021-08-08,13,control,0,0.16955857,0,dept_246_closure_2021-07-27,2021-06-05,2021-06,-4,0,,274118|246|2021-07-27,-0.1382214029602418,-0.6733664230633328
274812,246,2021-07-27,2021-08-08,13,control,0,0.009415506,0,dept_246_closure_2021-07-27,2021-06-05,2021-06,-4,0,,274812|246|2021-07-27,-0.29836446696024177,-0.6733664230633328
277601,246,2021-07-27,2021-08-08,13,treatment,1,0.1419399,0,dept_246_closure_2021-07-27,2021-06-05,2021-06,-4,0,,277601|246|2021-07-27,-0.16584007296024178,-0.6733664230633328
280469,246,2021-07-27,2021-08-08,13,control,0,0.0043828194,0,dept_246_closure_2021-07-27,2021-06-05,2021-06,-4,0,,280469|246|2021-07-27,-0.3033971535602418,-0.6733664230633328
283701,246,2021-07-27,2021-08-08,13,control,0,0.001436328,0,dept_246_closure_2021-07-27,2021-06-05,2021-06,-4,0,,283701|246|2021-07-27,-0.3063436449602418,-0.6733664230633328
284315,246,2021-07-27,2021-08-08,13,control,0,0.4202311,0,dept_246_closure_2021-07-27,2021-06-05,2021-06,-4,0,1.0,284315|246|2021-07-27,0.11245112703975824,-0.6733664230633328
285033,246,2021-07-27,2021-08-08,13,treatment,1,0.00620761,0,dept_246_closure_2021-07-27,2021-06-05,2021-06,-4,0,,285033|246|2021-07-27,-0.3015723629602418,-0.6733664230633328
285046,246,2021-07-27,2021-08-08,13,control,0,0.0044367714,0,dept_246_closure_2021-07-27,2021-06-05,2021-06,-4,0,,285046|246|2021-07-27,-0.3033432015602418,-0.6733664230633328
285633,246,2021-07-27,2021-08-08,13,control,0,0.43627,0,dept_246_closure_2021-07-27,2021-06-05,2021-06,-4,0,1.0,285633|246|2021-07-27,0.1284900270397582,-0.6733664230633328
286482,246,2021-07-27,2021-08-08,13,control,0,0.02225262,0,dept_246_closure_2021-07-27,2021-06-05,2021-06,-4,0,,286482|246|2021-07-27,-0.2855273529602418,-0.6733664230633328
286653,246,2021-07-27,2021-08-08,13,control,0,0.0026606242,0,dept_246_closure_2021-07-27,2021-06-05,2021-06,-4,0,,286653|246|2021-07-27,-0.30511934876024177,-0.6733664230633328
286897,246,2021-07-27,2021-08-08,13,control,0,0.16014734,0,dept_246_closure_2021-07-27,2021-06-05,2021-06,-4,0,,286897|246|2021-07-27,-0.1476326329602418,-0.6733664230633328
287010,246,2021-07-27,2021-08-08,13,treatment,1,0.009861909,0,dept_246_closure_2021-07-27,2021-06-05,2021-06,-4,0,,287010|246|2021-07-27,-0.2979180639602418,-0.6733664230633328
287756,246,2021-07-27,2021-08-08,13,treatment,1,0.28949228,0,dept_246_closure_2021-07-27,2021-06-05,2021-06,-4,0,,287756|246|2021-07-27,-0.018287692960241797,-0.6733664230633328
288337,246,2021-07-27,2021-08-08,13,treatment,1,0.22882752,0,dept_246_closure_2021-07-27,2021-06-05,2021-06,-4,0,0.0,288337|246|2021-07-27,-0.07895245296024178,-0.6733664230633328
288975,246,2021-07-27,2021-08-08,13,control,0,0.492053,0,dept_246_closure_2021-07-27,2021-06-05,2021-06,-4,0,1.0,288975|246|2021-07-27,0.18427302703975823,-0.6733664230633328
288983,246,2021-07-27,2021-08-08,13,control,0,0.2496914,0,dept_246_closure_2021-07-27,2021-06-05,2021-06,-4,0,0.0,288983|246|2021-07-27,-0.05808857296024178,-0.6733664230633328
290365,246,2021-07-27,2021-08-08,13,control,0,0.10970233,0,dept_246_closure_2021-07-27,2021-06-05,2021-06,-4,0,,290365|246|2021-07-27,-0.19807764296024177,-0.6733664230633328
298986,246,2021-07-27,2021-08-08,13,treatment,1,0.04026596,0,dept_246_closure_2021-07-27,2021-06-05,2021-06,-4,0,,298986|246|2021-07-27,-0.2675140129602418,-0.6733664230633328
301762,246,2021-07-27,2021-08-08,13,control,0,0.7357581,1,dept_246_closure_2021-07-27,2021-06-05,2021-06,-4,0,1.0,301762|246|2021-07-27,0.4279781270397582,-0.6733664230633328
304979,246,2021-07-27,2021-08-08,13,control,0,0.09525018,0,dept_246_closure_2021-07-27,2021-06-05,2021-06,-4,0,0.0,304979|246|2021-07-27,-0.21252979296024177,-0.6733664230633328
307417,246,2021-07-27,2021-08-08,13,control,0,0.9599353,1,dept_246_closure_2021-07-27,2021-06-05,2021-06,-4,0,0.0,307417|246|2021-07-27,0.6521553270397582,-0.6733664230633328
309461,246,2021-07-27,2021-08-08,13,control,0,0.44486257,0,dept_246_closure_2021-07-27,2021-06-05,2021-06,-4,0,1.0,309461|246|2021-07-27,0.13708259703975822,-0.6733664230633328
313013,246,2021-07-27,2021-08-08,13,control,0,0.2960066,0,dept_246_closure_2021-07-27,2021-06-05,2021-06,-4,0,,313013|246|2021-07-27,-0.01177337296024178,-0.6733664230633328
313212,246,2021-07-27,2021-08-08,13,control,0,0.5962742,1,dept_246_closure_2021-07-27,2021-06-05,2021-06,-4,0,1.0,313212|246|2021-07-27,0.2884942270397582,-0.6733664230633328
316936,246,2021-07-27,2021-08-08,13,control,0,0.0037791403,0,dept_246_closure_2021-07-27,2021-06-05,2021-06,-4,0,,316936|246|2021-07-27,-0.3040008326602418,-0.6733664230633328
317316,246,2021-07-27,2021-08-08,13,control,0,0.85932696,1,dept_246_closure_2021-07-27,2021-06-05,2021-06,-4,0,0.5,317316|246|2021-07-27,0.5515469870397582,-0.6733664230633328
319362,246,2021-07-27,2021-08-08,13,control,0,0.054192737,0,dept_246_closure_2021-07-27,2021-06-05,2021-06,-4,0,,319362|246|2021-07-27,-0.2535872359602418,-0.6733664230633328
319378,246,2021-07-27,2021-08-08,13,control,0,0.0054719755,0,dept_246_closure_2021-07-27,2021-06-05,2021-06,-4,0,,319378|246|2021-07-27,-0.3023079974602418,-0.6733664230633328
321260,246,2021-07-27,2021-08-08,13,control,0,0.8903487,1,dept_246_closure_2021-07-27,2021-06-05,2021-06,-4,0,0.0,321260|246|2021-07-27,0.5825687270397581,-0.6733664230633328
330118,246,2021-07-27,2021-08-08,13,control,0,0.02843772,0,dept_246_closure_2021-07-27,2021-06-05,2021-06,-4,0,,330118|246|2021-07-27,-0.2793422529602418,-0.6733664230633328
331482,246,2021-07-27,2021-08-08,13,treatment,1,0.001361551,0,dept_246_closure_2021-07-27,2021-06-05,2021-06,-4,0,,331482|246|2021-07-27,-0.30641842196024177,-0.6733664230633328
333622,246,2021-07-27,2021-08-08,13,control,0,0.9366751,1,dept_246_closure_2021-07-27,2021-06-05,2021-06,-4,0,0.0,333622|246|2021-07-27,0.6288951270397583,-0.6733664230633328
334962,246,2021-07-27,2021-08-08,13,control,0,0.08659036,0,dept_246_closure_2021-07-27,2021-06-05,2021-06,-4,0,,334962|246|2021-07-27,-0.22118961296024178,-0.6733664230633328
335068,246,2021-07-27,2021-08-08,13,treatment,1,0.009978552,0,dept_246_closure_2021-07-27,2021-06-05,2021-06,-4,0,,335068|246|2021-07-27,-0.2978014209602418,-0.6733664230633328
338562,246,2021-07-27,2021-08-08,13,treatment,1,0.017088,0,dept_246_closure_2021-07-27,2021-06-05,2021-06,-4,0,1.0,338562|246|2021-07-27,-0.2906919729602418,-0.6733664230633328
338823,246,2021-07-27,2021-08-08,13,control,0,0.014918992,0,dept_246_closure_2021-07-27,2021-06-05,2021-06,-4,0,,338823|246|2021-07-27,-0.29286098096024177,-0.6733664230633328
339792,246,2021-07-27,2021-08-08,13,control,0,0.8495822,1,dept_246_closure_2021-07-27,2021-06-05,2021-06,-4,0,,339792|246|2021-07-27,0.5418022270397582,-0.6733664230633328
341957,246,2021-07-27,2021-08-08,13,control,0,0.0035954094,0,dept_246_closure_2021-07-27,2021-06-05,2021-06,-4,0,,341957|246|2021-07-27,-0.30418456356024176,-0.6733664230633328
344830,246,2021-07-27,2021-08-08,13,control,0,0.052282482,0,dept_246_closure_2021-07-27,2021-06-05,2021-06,-4,0,1.0,344830|246|2021-07-27,-0.25549749096024177,-0.6733664230633328
345539,246,2021-07-27,2021-08-08,13,control,0,0.00086524605,0,dept_246_closure_2021-07-27,2021-06-05,2021-06,-4,0,,345539|246|2021-07-27,-0.3069147269102418,-0.6733664230633328
345625,246,2021-07-27,2021-08-08,13,control,0,0.018565921,0,dept_246_closure_2021-07-27,2021-06-05,2021-06,-4,0,,345625|246|2021-07-27,-0.2892140519602418,-0.6733664230633328
347325,246,2021-07-27,2021-08-08,13,control,0,0.0043380465,0,dept_246_closure_2021-07-27,2021-06-05,2021-06,-4,0,,347325|246|2021-07-27,-0.30344192646024176,-0.6733664230633328
350016,246,2021-07-27,2021-08-08,13,control,0,0.6836625,1,dept_246_closure_2021-07-27,2021-06-05,2021-06,-4,0,,350016|246|2021-07-27,0.37588252703975816,-0.6733664230633328
355134,246,2021-07-27,2021-08-08,13,control,0,0.0044010277,0,dept_246_closure_2021-07-27,2021-06-05,2021-06,-4,0,,355134|246|2021-07-27,-0.3033789452602418,-0.6733664230633328
355269,246,2021-07-27,2021-08-08,13,control,0,0.016801858,0,dept_246_closure_2021-07-27,2021-06-05,2021-06,-4,0,,355269|246|2021-07-27,-0.2909781149602418,-0.6733664230633328
357111,246,2021-07-27,2021-08-08,13,control,0,0.23188306,0,dept_246_closure_2021-07-27,2021-06-05,2021-06,-4,0,,357111|246|2021-07-27,-0.07589691296024179,-0.6733664230633328
359844,246,2021-07-27,2021-08-08,13,control,0,0.52867234,1,dept_246_closure_2021-07-27,2021-06-05,2021-06,-4,0,,359844|246|2021-07-27,0.22089236703975818,-0.6733664230633328
365341,246,2021-07-27,2021-08-08,13,control,0,0.13278699,0,dept_246_closure_2021-07-27,2021-06-05,2021-06,-4,0,0.0,365341|246|2021-07-27,-0.1749929829602418,-0.6733664230633328
370044,246,2021-07-27,2021-08-08,13,control,0,0.0035498582,0,dept_246_closure_2021-07-27,2021-06-05,2021-06,-4,0,,370044|246|2021-07-27,-0.3042301147602418,-0.6733664230633328
371221,246,2021-07-27,2021-08-08,13,control,0,0.99873716,1,dept_246_closure_2021-07-27,2021-06-05,2021-06,-4,0,0.5,371221|246|2021-07-27,0.6909571870397582,-0.6733664230633328
372747,246,2021-07-27,2021-08-08,13,control,0,0.0048901043,0,dept_246_closure_2021-07-27,2021-06-05,2021-06,-4,0,,372747|246|2021-07-27,-0.3028898686602418,-0.6733664230633328
375645,246,2021-07-27,2021-08-08,13,control,0,0.37152928,0,dept_246_closure_2021-07-27,2021-06-05,2021-06,-4,0,,375645|246|2021-07-27,0.06374930703975823,-0.6733664230633328
378407,246,2021-07-27,2021-08-08,13,treatment,1,0.29822764,0,dept_246_closure_2021-07-27,2021-06-05,2021-06,-4,0,,378407|246|2021-07-27,-0.009552332960241772,-0.6733664230633328
379838,246,2021-07-27,2021-08-08,13,control,0,0.012882659,0,dept_246_closure_2021-07-27,2021-06-05,2021-06,-4,0,,379838|246|2021-07-27,-0.29489731396024177,-0.6733664230633328
384650,246,2021-07-27,2021-08-08,13,treatment,1,0.5255844,1,dept_246_closure_2021-07-27,2021-06-05,2021-06,-4,0,0.3333333333333333,384650|246|2021-07-27,0.21780442703975816,-0.6733664230633328
385192,246,2021-07-27,2021-08-08,13,treatment,1,0.0069333566,0,dept_246_closure_2021-07-27,2021-06-05,2021-06,-4,0,,385192|246|2021-07-27,-0.3008466163602418,-0.6733664230633328
385301,246,2021-07-27,2021-08-08,13,treatment,1,0.0020563663,0,dept_246_closure_2021-07-27,2021-06-05,2021-06,-4,0,,385301|246|2021-07-27,-0.3057236066602418,-0.6733664230633328
390094,246,2021-07-27,2021-08-08,13,control,0,0.6938326,1,dept_246_closure_2021-07-27,2021-06-05,2021-06,-4,0,,390094|246|2021-07-27,0.38605262703975823,-0.6733664230633328
394241,246,2021-07-27,2021-08-08,13,control,0,0.0024767357,0,dept_246_closure_2021-07-27,2021-06-05,2021-06,-4,0,,394241|246|2021-07-27,-0.3053032372602418,-0.6733664230633328
398720,246,2021-07-27,2021-08-08,13,control,0,0.10058723,0,dept_246_closure_2021-07-27,2021-06-05,2021-06,-4,0,,398720|246|2021-07-27,-0.2071927429602418,-0.6733664230633328
399165,246,2021-07-27,2021-08-08,13,treatment,1,0.01611269,0,dept_246_closure_2021-07-27,2021-06-05,2021-06,-4,0,,399165|246|2021-07-27,-0.2916672829602418,-0.6733664230633328
400356,246,2021-07-27,2021-08-08,13,control,0,0.5050747,1,dept_246_closure_2021-07-27,2021-06-05,2021-06,-4,0,1.0,400356|246|2021-07-27,0.1972947270397582,-0.6733664230633328
403400,246,2021-07-27,2021-08-08,13,control,0,0.06201131,0,dept_246_closure_2021-07-27,2021-06-05,2021-06,-4,0,1.0,403400|246|2021-07-27,-0.2457686629602418,-0.6733664230633328
403978,246,2021-07-27,2021-08-08,13,control,0,0.015248471,0,dept_246_closure_2021-07-27,2021-06-05,2021-06,-4,0,,403978|246|2021-07-27,-0.2925315019602418,-0.6733664230633328
406351,246,2021-07-27,2021-08-08,13,control,0,0.9433126,1,dept_246_closure_2021-07-27,2021-06-05,2021-06,-4,0,0.0,406351|246|2021-07-27,0.6355326270397581,-0.6733664230633328
411042,246,2021-07-27,2021-08-08,13,control,0,0.0035023398,0,dept_246_closure_2021-07-27,2021-06-05,2021-06,-4,0,,411042|246|2021-07-27,-0.3042776331602418,-0.6733664230633328
413597,246,2021-07-27,2021-08-08,13,treatment,1,0.033977475,0,dept_246_closure_2021-07-27,2021-06-05,2021-06,-4,0,,413597|246|2021-07-27,-0.2738024979602418,-0.6733664230633328
416998,246,2021-07-27,2021-08-08,13,control,0,0.0013396153,0,dept_246_closure_2021-07-27,2021-06-05,2021-06,-4,0,,416998|246|2021-07-27,-0.3064403576602418,-0.6733664230633328
417897,246,2021-07-27,2021-08-08,13,control,0,0.5677011,1,dept_246_closure_2021-07-27,2021-06-05,2021-06,-4,0,1.0,417897|246|2021-07-27,0.25992112703975817,-0.6733664230633328
419836,246,2021-07-27,2021-08-08,13,control,0,0.40988797,0,dept_246_closure_2021-07-27,2021-06-05,2021-06,-4,0,0.5,419836|246|2021-07-27,0.1021079970397582,-0.6733664230633328
423045,246,2021-07-27,2021-08-08,13,control,0,0.944171,1,dept_246_closure_2021-07-27,2021-06-05,2021-06,-4,0,0.5,423045|246|2021-07-27,0.6363910270397581,-0.6733664230633328
424548,246,2021-07-27,2021-08-08,13,control,0,0.7207846,1,dept_246_closure_2021-07-27,2021-06-05,2021-06,-4,0,1.0,424548|246|2021-07-27,0.4130046270397582,-0.6733664230633328
431076,246,2021-07-27,2021-08-08,13,control,0,0.031024417,0,dept_246_closure_2021-07-27,2021-06-05,2021-06,-4,0,,431076|246|2021-07-27,-0.2767555559602418,-0.6733664230633328
431105,246,2021-07-27,2021-08-08,13,treatment,1,0.06195705,0,dept_246_closure_2021-07-27,2021-06-05,2021-06,-4,0,,431105|246|2021-07-27,-0.24582292296024177,-0.6733664230633328
432796,246,2021-07-27,2021-08-08,13,control,0,0.010759436,0,dept_246_closure_2021-07-27,2021-06-05,2021-06,-4,0,,432796|246|2021-07-27,-0.2970205369602418,-0.6733664230633328
434128,246,2021-07-27,2021-08-08,13,control,0,0.16260657,0,dept_246_closure_2021-07-27,2021-06-05,2021-06,-4,0,,434128|246|2021-07-27,-0.14517340296024178,-0.6733664230633328
439016,246,2021-07-27,2021-08-08,13,control,0,0.00097234204,0,dept_246_closure_2021-07-27,2021-06-05,2021-06,-4,0,0.4,439016|246|2021-07-27,-0.30680763092024177,-0.6733664230633328
439415,246,2021-07-27,2021-08-08,13,treatment,1,0.00854473,0,dept_246_closure_2021-07-27,2021-06-05,2021-06,-4,0,,439415|246|2021-07-27,-0.2992352429602418,-0.6733664230633328
440301,246,2021-07-27,2021-08-08,13,control,0,0.7762471,1,dept_246_closure_2021-07-27,2021-06-05,2021-06,-4,0,0.25,440301|246|2021-07-27,0.4684671270397582,-0.6733664230633328
441807,246,2021-07-27,2021-08-08,13,treatment,1,0.007342132,0,dept_246_closure_2021-07-27,2021-06-05,2021-06,-4,0,,441807|246|2021-07-27,-0.3004378409602418,-0.6733664230633328
441960,246,2021-07-27,2021-08-08,13,treatment,1,0.06911523,0,dept_246_closure_2021-07-27,2021-06-05,2021-06,-4,0,0.0,441960|246|2021-07-27,-0.2386647429602418,-0.6733664230633328
442347,246,2021-07-27,2021-08-08,13,control,0,0.4125593,0,dept_246_closure_2021-07-27,2021-06-05,2021-06,-4,0,,442347|246|2021-07-27,0.10477932703975823,-0.6733664230633328
442951,246,2021-07-27,2021-08-08,13,control,0,0.08055308,0,dept_246_closure_2021-07-27,2021-06-05,2021-06,-4,0,,442951|246|2021-07-27,-0.2272268929602418,-0.6733664230633328
443224,246,2021-07-27,2021-08-08,13,control,0,0.012283262,0,dept_246_closure_2021-07-27,2021-06-05,2021-06,-4,0,,443224|246|2021-07-27,-0.29549671096024177,-0.6733664230633328
444724,246,2021-07-27,2021-08-08,13,control,0,0.31141287,0,dept_246_closure_2021-07-27,2021-06-05,2021-06,-4,0,,444724|246|2021-07-27,0.0036328970397582205,-0.6733664230633328
446139,246,2021-07-27,2021-08-08,13,treatment,1,0.01199333,0,dept_246_closure_2021-07-27,2021-06-05,2021-06,-4,0,,446139|246|2021-07-27,-0.29578664296024176,-0.6733664230633328
449149,246,2021-07-27,2021-08-08,13,control,0,0.023524707,0,dept_246_closure_2021-07-27,2021-06-05,2021-06,-4,0,,449149|246|2021-07-27,-0.2842552659602418,-0.6733664230633328
450011,246,2021-07-27,2021-08-08,13,treatment,1,0.07574345,0,dept_246_closure_2021-07-27,2021-06-05,2021-06,-4,0,0.6666666666666666,450011|246|2021-07-27,-0.2320365229602418,-0.6733664230633328
450376,246,2021-07-27,2021-08-08,13,control,0,0.9690146,1,dept_246_closure_2021-07-27,2021-06-05,2021-06,-4,0,1.0,450376|246|2021-07-27,0.6612346270397582,-0.6733664230633328
452100,246,2021-07-27,2021-08-08,13,control,0,0.004648191,0,dept_246_closure_2021-07-27,2021-06-05,2021-06,-4,0,,452100|246|2021-07-27,-0.30313178196024176,-0.6733664230633328
452195,246,2021-07-27,2021-08-08,13,control,0,0.19528177,0,dept_246_closure_2021-07-27,2021-06-05,2021-06,-4,0,1.0,452195|246|2021-07-27,-0.1124982029602418,-0.6733664230633328
452907,246,2021-07-27,2021-08-08,13,control,0,0.010661791,0,dept_246_closure_2021-07-27,2021-06-05,2021-06,-4,0,1.0,452907|246|2021-07-27,-0.2971181819602418,-0.6733664230633328
453025,246,2021-07-27,2021-08-08,13,control,0,0.14658046,0,dept_246_closure_2021-07-27,2021-06-05,2021-06,-4,0,,453025|246|2021-07-27,-0.1611995129602418,-0.6733664230633328
453038,246,2021-07-27,2021-08-08,13,control,0,0.2722325,0,dept_246_closure_2021-07-27,2021-06-05,2021-06,-4,0,1.0,453038|246|2021-07-27,-0.0355474729602418,-0.6733664230633328
453665,246,2021-07-27,2021-08-08,13,control,0,0.009102977,0,dept_246_closure_2021-07-27,2021-06-05,2021-06,-4,0,,453665|246|2021-07-27,-0.2986769959602418,-0.6733664230633328
454818,246,2021-07-27,2021-08-08,13,control,0,0.007638136,0,dept_246_closure_2021-07-27,2021-06-05,2021-06,-4,0,,454818|246|2021-07-27,-0.30014183696024177,-0.6733664230633328
454884,246,2021-07-27,2021-08-08,13,control,0,0.002269149,0,dept_246_closure_2021-07-27,2021-06-05,2021-06,-4,0,,454884|246|2021-07-27,-0.30551082396024176,-0.6733664230633328
455289,246,2021-07-27,2021-08-08,13,control,0,0.028846227,0,dept_246_closure_2021-07-27,2021-06-05,2021-06,-4,0,,455289|246|2021-07-27,-0.2789337459602418,-0.6733664230633328
456094,246,2021-07-27,2021-08-08,13,control,0,0.18711595,0,dept_246_closure_2021-07-27,2021-06-05,2021-06,-4,0,0.0,456094|246|2021-07-27,-0.12066402296024178,-0.6733664230633328
458984,246,2021-07-27,2021-08-08,13,control,0,0.9810481,1,dept_246_closure_2021-07-27,2021-06-05,2021-06,-4,0,0.0,458984|246|2021-07-27,0.6732681270397582,-0.6733664230633328
459841,246,2021-07-27,2021-08-08,13,control,0,0.0005614279,0,dept_246_closure_2021-07-27,2021-06-05,2021-06,-4,0,,459841|246|2021-07-27,-0.30721854506024177,-0.6733664230633328
461467,246,2021-07-27,2021-08-08,13,control,0,0.009364551,0,dept_246_closure_2021-07-27,2021-06-05,2021-06,-4,0,,461467|246|2021-07-27,-0.2984154219602418,-0.6733664230633328
461932,246,2021-07-27,2021-08-08,13,control,0,0.09253036,0,dept_246_closure_2021-07-27,2021-06-05,2021-06,-4,0,,461932|246|2021-07-27,-0.21524961296024178,-0.6733664230633328
468637,246,2021-07-27,2021-08-08,13,control,0,0.0082636215,0,dept_246_closure_2021-07-27,2021-06-05,2021-06,-4,0,,468637|246|2021-07-27,-0.2995163514602418,-0.6733664230633328
468990,246,2021-07-27,2021-08-08,13,control,0,0.0036695665,0,dept_246_closure_2021-07-27,2021-06-05,2021-06,-4,0,,468990|246|2021-07-27,-0.3041104064602418,-0.6733664230633328
470518,246,2021-07-27,2021-08-08,13,control,0,0.322585,0,dept_246_closure_2021-07-27,2021-06-05,2021-06,-4,0,,470518|246|2021-07-27,0.014805027039758223,-0.6733664230633328
470834,246,2021-07-27,2021-08-08,13,control,0,0.000823228,0,dept_246_closure_2021-07-27,2021-06-05,2021-06,-4,0,,470834|246|2021-07-27,-0.3069567449602418,-0.6733664230633328
476923,246,2021-07-27,2021-08-08,13,control,0,0.03176959,0,dept_246_closure_2021-07-27,2021-06-05,2021-06,-4,0,,476923|246|2021-07-27,-0.2760103829602418,-0.6733664230633328
477028,246,2021-07-27,2021-08-08,13,control,0,0.042944282,0,dept_246_closure_2021-07-27,2021-06-05,2021-06,-4,0,,477028|246|2021-07-27,-0.2648356909602418,-0.6733664230633328
480298,246,2021-07-27,2021-08-08,13,treatment,1,0.13048448,0,dept_246_closure_2021-07-27,2021-06-05,2021-06,-4,0,,480298|246|2021-07-27,-0.17729549296024177,-0.6733664230633328
480324,246,2021-07-27,2021-08-08,13,control,0,0.46218455,0,dept_246_closure_2021-07-27,2021-06-05,2021-06,-4,0,0.6666666666666666,480324|246|2021-07-27,0.15440457703975824,-0.6733664230633328
484536,246,2021-07-27,2021-08-08,13,control,0,0.01640969,0,dept_246_closure_2021-07-27,2021-06-05,2021-06,-4,0,,484536|246|2021-07-27,-0.2913702829602418,-0.6733664230633328
491245,246,2021-07-27,2021-08-08,13,treatment,1,0.40913373,0,dept_246_closure_2021-07-27,2021-06-05,2021-06,-4,0,1.0,491245|246|2021-07-27,0.10135375703975819,-0.6733664230633328
495255,246,2021-07-27,2021-08-08,13,control,0,0.5636729,1,dept_246_closure_2021-07-27,2021-06-05,2021-06,-4,0,,495255|246|2021-07-27,0.25589292703975824,-0.6733664230633328
495653,246,2021-07-27,2021-08-08,13,control,0,0.01161271,0,dept_246_closure_2021-07-27,2021-06-05,2021-06,-4,0,1.0,495653|246|2021-07-27,-0.29616726296024176,-0.6733664230633328
500432,246,2021-07-27,2021-08-08,13,treatment,1,0.0071476568,0,dept_246_closure_2021-07-27,2021-06-05,2021-06,-4,0,,500432|246|2021-07-27,-0.3006323161602418,-0.6733664230633328
501027,246,2021-07-27,2021-08-08,13,control,0,0.07780795,0,dept_246_closure_2021-07-27,2021-06-05,2021-06,-4,0,,501027|246|2021-07-27,-0.22997202296024177,-0.6733664230633328
501671,246,2021-07-27,2021-08-08,13,control,0,0.006003442,0,dept_246_closure_2021-07-27,2021-06-05,2021-06,-4,0,,501671|246|2021-07-27,-0.30177653096024176,-0.6733664230633328
505404,246,2021-07-27,2021-08-08,13,control,0,0.0010926963,0,dept_246_closure_2021-07-27,2021-06-05,2021-06,-4,0,,505404|246|2021-07-27,-0.3066872766602418,-0.6733664230633328
507059,246,2021-07-27,2021-08-08,13,control,0,0.038536042,0,dept_246_closure_2021-07-27,2021-06-05,2021-06,-4,0,,507059|246|2021-07-27,-0.2692439309602418,-0.6733664230633328
515135,246,2021-07-27,2021-08-08,13,control,0,0.77358234,1,dept_246_closure_2021-07-27,2021-06-05,2021-06,-4,0,1.0,515135|246|2021-07-27,0.46580236703975825,-0.6733664230633328
516387,246,2021-07-27,2021-08-08,13,control,0,0.54751676,1,dept_246_closure_2021-07-27,2021-06-05,2021-06,-4,0,,516387|246|2021-07-27,0.23973678703975826,-0.6733664230633328
516947,246,2021-07-27,2021-08-08,13,control,0,0.0024468016,0,dept_246_closure_2021-07-27,2021-06-05,2021-06,-4,0,,516947|246|2021-07-27,-0.3053331713602418,-0.6733664230633328
518073,246,2021-07-27,2021-08-08,13,control,0,0.0034049528,0,dept_246_closure_2021-07-27,2021-06-05,2021-06,-4,0,,518073|246|2021-07-27,-0.30437502016024176,-0.6733664230633328
522473,246,2021-07-27,2021-08-08,13,control,0,0.006477041,0,dept_246_closure_2021-07-27,2021-06-05,2021-06,-4,0,,522473|246|2021-07-27,-0.30130293196024177,-0.6733664230633328
522888,246,2021-07-27,2021-08-08,13,control,0,0.46438572,0,dept_246_closure_2021-07-27,2021-06-05,2021-06,-4,0,0.8,522888|246|2021-07-27,0.15660574703975821,-0.6733664230633328
523756,246,2021-07-27,2021-08-08,13,control,0,0.08249825,0,dept_246_closure_2021-07-27,2021-06-05,2021-06,-4,0,,523756|246|2021-07-27,-0.2252817229602418,-0.6733664230633328
524242,246,2021-07-27,2021-08-08,13,control,0,0.24817444,0,dept_246_closure_2021-07-27,2021-06-05,2021-06,-4,0,,524242|246|2021-07-27,-0.05960553296024179,-0.6733664230633328
525088,246,2021-07-27,2021-08-08,13,control,0,0.010470928,0,dept_246_closure_2021-07-27,2021-06-05,2021-06,-4,0,,525088|246|2021-07-27,-0.2973090449602418,-0.6733664230633328
525089,246,2021-07-27,2021-08-08,13,control,0,0.3218755,0,dept_246_closure_2021-07-27,2021-06-05,2021-06,-4,0,,525089|246|2021-07-27,0.014095527039758193,-0.6733664230633328
526993,246,2021-07-27,2021-08-08,13,control,0,0.041271646,0,dept_246_closure_2021-07-27,2021-06-05,2021-06,-4,0,,526993|246|2021-07-27,-0.2665083269602418,-0.6733664230633328
527214,246,2021-07-27,2021-08-08,13,control,0,0.31292325,0,dept_246_closure_2021-07-27,2021-06-05,2021-06,-4,0,0.3333333333333333,527214|246|2021-07-27,0.005143277039758198,-0.6733664230633328
527928,246,2021-07-27,2021-08-08,13,control,0,0.005893473,0,dept_246_closure_2021-07-27,2021-06-05,2021-06,-4,0,,527928|246|2021-07-27,-0.3018864999602418,-0.6733664230633328
529562,246,2021-07-27,2021-08-08,13,control,0,0.17627233,0,dept_246_closure_2021-07-27,2021-06-05,2021-06,-4,0,1.0,529562|246|2021-07-27,-0.13150764296024178,-0.6733664230633328
531816,246,2021-07-27,2021-08-08,13,control,0,0.52069277,1,dept_246_closure_2021-07-27,2021-06-05,2021-06,-4,0,,531816|246|2021-07-27,0.21291279703975824,-0.6733664230633328
534802,246,2021-07-27,2021-08-08,13,control,0,0.017343024,0,dept_246_closure_2021-07-27,2021-06-05,2021-06,-4,0,,534802|246|2021-07-27,-0.2904369489602418,-0.6733664230633328
535612,246,2021-07-27,2021-08-08,13,control,0,0.00053973676,0,dept_246_closure_2021-07-27,2021-06-05,2021-06,-4,0,,535612|246|2021-07-27,-0.30724023620024177,-0.6733664230633328
536411,246,2021-07-27,2021-08-08,13,control,0,0.050159402,0,dept_246_closure_2021-07-27,2021-06-05,2021-06,-4,0,,536411|246|2021-07-27,-0.25762057096024177,-0.6733664230633328
537954,246,2021-07-27,2021-08-08,13,control,0,0.16031921,0,dept_246_closure_2021-07-27,2021-06-05,2021-06,-4,0,1.0,537954|246|2021-07-27,-0.1474607629602418,-0.6733664230633328
538089,246,2021-07-27,2021-08-08,13,control,0,0.13539918,0,dept_246_closure_2021-07-27,2021-06-05,2021-06,-4,0,0.5,538089|246|2021-07-27,-0.17238079296024178,-0.6733664230633328
542794,246,2021-07-27,2021-08-08,13,control,0,0.5084093,1,dept_246_closure_2021-07-27,2021-06-05,2021-06,-4,0,1.0,542794|246|2021-07-27,0.20062932703975817,-0.6733664230633328
543055,246,2021-07-27,2021-08-08,13,control,0,0.0135525465,0,dept_246_closure_2021-07-27,2021-06-05,2021-06,-4,0,,543055|246|2021-07-27,-0.2942274264602418,-0.6733664230633328
543648,246,2021-07-27,2021-08-08,13,control,0,0.0039488655,0,dept_246_closure_2021-07-27,2021-06-05,2021-06,-4,0,,543648|246|2021-07-27,-0.3038311074602418,-0.6733664230633328
545023,246,2021-07-27,2021-08-08,13,control,0,0.009715581,0,dept_246_closure_2021-07-27,2021-06-05,2021-06,-4,0,,545023|246|2021-07-27,-0.2980643919602418,-0.6733664230633328
545692,246,2021-07-27,2021-08-08,13,control,0,0.0008134581,0,dept_246_closure_2021-07-27,2021-06-05,2021-06,-4,0,,545692|246|2021-07-27,-0.3069665148602418,-0.6733664230633328
545694,246,2021-07-27,2021-08-08,13,control,0,0.0005715896,0,dept_246_closure_2021-07-27,2021-06-05,2021-06,-4,0,,545694|246|2021-07-27,-0.3072083833602418,-0.6733664230633328
545758,246,2021-07-27,2021-08-08,13,control,0,0.71061146,1,dept_246_closure_2021-07-27,2021-06-05,2021-06,-4,0,0.0,545758|246|2021-07-27,0.4028314870397582,-0.6733664230633328
546891,246,2021-07-27,2021-08-08,13,control,0,0.07180334,0,dept_246_closure_2021-07-27,2021-06-05,2021-06,-4,0,0.5,546891|246|2021-07-27,-0.2359766329602418,-0.6733664230633328
548191,246,2021-07-27,2021-08-08,13,control,0,0.24172111,0,dept_246_closure_2021-07-27,2021-06-05,2021-06,-4,0,,548191|246|2021-07-27,-0.0660588629602418,-0.6733664230633328
549711,246,2021-07-27,2021-08-08,13,treatment,1,0.0021731849,0,dept_246_closure_2021-07-27,2021-06-05,2021-06,-4,0,,549711|246|2021-07-27,-0.3056067880602418,-0.6733664230633328
553155,246,2021-07-27,2021-08-08,13,control,0,0.83945435,1,dept_246_closure_2021-07-27,2021-06-05,2021-06,-4,0,1.0,553155|246|2021-07-27,0.5316743770397583,-0.6733664230633328
553525,246,2021-07-27,2021-08-08,13,control,0,0.008986299,0,dept_246_closure_2021-07-27,2021-06-05,2021-06,-4,0,,553525|246|2021-07-27,-0.2987936739602418,-0.6733664230633328
555770,246,2021-07-27,2021-08-08,13,treatment,1,0.010941439,0,dept_246_closure_2021-07-27,2021-06-05,2021-06,-4,0,,555770|246|2021-07-27,-0.2968385339602418,-0.6733664230633328
555771,246,2021-07-27,2021-08-08,13,treatment,1,0.0842387,0,dept_246_closure_2021-07-27,2021-06-05,2021-06,-4,0,,555771|246|2021-07-27,-0.2235412729602418,-0.6733664230633328
555774,246,2021-07-27,2021-08-08,13,treatment,1,0.008043327,0,dept_246_closure_2021-07-27,2021-06-05,2021-06,-4,0,,555774|246|2021-07-27,-0.2997366459602418,-0.6733664230633328
555775,246,2021-07-27,2021-08-08,13,treatment,1,0.08296541,0,dept_246_closure_2021-07-27,2021-06-05,2021-06,-4,0,,555775|246|2021-07-27,-0.22481456296024177,-0.6733664230633328
555779,246,2021-07-27,2021-08-08,13,treatment,1,0.0014057029,0,dept_246_closure_2021-07-27,2021-06-05,2021-06,-4,0,,555779|246|2021-07-27,-0.30637427006024176,-0.6733664230633328
555783,246,2021-07-27,2021-08-08,13,treatment,1,0.013152651,0,dept_246_closure_2021-07-27,2021-06-05,2021-06,-4,0,,555783|246|2021-07-27,-0.2946273219602418,-0.6733664230633328
555790,246,2021-07-27,2021-08-08,13,treatment,1,0.015164689,0,dept_246_closure_2021-07-27,2021-06-05,2021-06,-4,0,1.0,555790|246|2021-07-27,-0.2926152839602418,-0.6733664230633328
557816,246,2021-07-27,2021-08-08,13,control,0,0.21749215,0,dept_246_closure_2021-07-27,2021-06-05,2021-06,-4,0,0.0,557816|246|2021-07-27,-0.09028782296024179,-0.6733664230633328
559337,246,2021-07-27,2021-08-08,13,control,0,0.17666233,0,dept_246_closure_2021-07-27,2021-06-05,2021-06,-4,0,,559337|246|2021-07-27,-0.13111764296024178,-0.6733664230633328
559408,246,2021-07-27,2021-08-08,13,control,0,0.018768283,0,dept_246_closure_2021-07-27,2021-06-05,2021-06,-4,0,,559408|246|2021-07-27,-0.2890116899602418,-0.6733664230633328
559409,246,2021-07-27,2021-08-08,13,control,0,0.96728253,1,dept_246_closure_2021-07-27,2021-06-05,2021-06,-4,0,0.0,559409|246|2021-07-27,0.6595025570397581,-0.6733664230633328
561590,246,2021-07-27,2021-08-08,13,control,0,0.128723,0,dept_246_closure_2021-07-27,2021-06-05,2021-06,-4,0,0.6,561590|246|2021-07-27,-0.17905697296024178,-0.6733664230633328
563019,246,2021-07-27,2021-08-08,13,control,0,0.009029443,0,dept_246_closure_2021-07-27,2021-06-05,2021-06,-4,0,1.0,563019|246|2021-07-27,-0.29875052996024176,-0.6733664230633328
564033,246,2021-07-27,2021-08-08,13,control,0,0.13902798,0,dept_246_closure_2021-07-27,2021-06-05,2021-06,-4,0,,564033|246|2021-07-27,-0.1687519929602418,-0.6733664230633328
567531,246,2021-07-27,2021-08-08,13,control,0,0.053659875,0,dept_246_closure_2021-07-27,2021-06-05,2021-06,-4,0,,567531|246|2021-07-27,-0.25412009796024176,-0.6733664230633328
568304,246,2021-07-27,2021-08-08,13,control,0,0.18506885,0,dept_246_closure_2021-07-27,2021-06-05,2021-06,-4,0,1.0,568304|246|2021-07-27,-0.12271112296024178,-0.6733664230633328
568710,246,2021-07-27,2021-08-08,13,control,0,0.05581417,0,dept_246_closure_2021-07-27,2021-06-05,2021-06,-4,0,,568710|246|2021-07-27,-0.2519658029602418,-0.6733664230633328
568717,246,2021-07-27,2021-08-08,13,control,0,0.19861202,0,dept_246_closure_2021-07-27,2021-06-05,2021-06,-4,0,,568717|246|2021-07-27,-0.10916795296024179,-0.6733664230633328
569171,246,2021-07-27,2021-08-08,13,control,0,0.7194902,1,dept_246_closure_2021-07-27,2021-06-05,2021-06,-4,0,1.0,569171|246|2021-07-27,0.4117102270397582,-0.6733664230633328
569243,246,2021-07-27,2021-08-08,13,control,0,0.30488983,0,dept_246_closure_2021-07-27,2021-06-05,2021-06,-4,0,1.0,569243|246|2021-07-27,-0.002890142960241815,-0.6733664230633328
572425,246,2021-07-27,2021-08-08,13,control,0,0.5277754,1,dept_246_closure_2021-07-27,2021-06-05,2021-06,-4,0,1.0,572425|246|2021-07-27,0.21999542703975822,-0.6733664230633328
574110,246,2021-07-27,2021-08-08,13,control,0,0.0024425895,0,dept_246_closure_2021-07-27,2021-06-05,2021-06,-4,0,,574110|246|2021-07-27,-0.3053373834602418,-0.6733664230633328
576316,246,2021-07-27,2021-08-08,13,control,0,0.18185039,0,dept_246_closure_2021-07-27,2021-06-05,2021-06,-4,0,1.0,576316|246|2021-07-27,-0.1259295829602418,-0.6733664230633328
578943,246,2021-07-27,2021-08-08,13,control,0,0.7836015,1,dept_246_closure_2021-07-27,2021-06-05,2021-06,-4,0,,578943|246|2021-07-27,0.47582152703975816,-0.6733664230633328
579360,246,2021-07-27,2021-08-08,13,control,0,0.16620348,0,dept_246_closure_2021-07-27,2021-06-05,2021-06,-4,0,,579360|246|2021-07-27,-0.1415764929602418,-0.6733664230633328
579361,246,2021-07-27,2021-08-08,13,control,0,0.80165404,1,dept_246_closure_2021-07-27,2021-06-05,2021-06,-4,0,1.0,579361|246|2021-07-27,0.49387406703975817,-0.6733664230633328
581177,246,2021-07-27,2021-08-08,13,control,0,0.0018570615,0,dept_246_closure_2021-07-27,2021-06-05,2021-06,-4,0,,581177|246|2021-07-27,-0.3059229114602418,-0.6733664230633328
583595,246,2021-07-27,2021-08-08,13,control,0,0.00058975234,0,dept_246_closure_2021-07-27,2021-06-05,2021-06,-4,0,,583595|246|2021-07-27,-0.30719022062024176,-0.6733664230633328
585739,246,2021-07-27,2021-08-08,13,control,0,0.0023803557,0,dept_246_closure_2021-07-27,2021-06-05,2021-06,-4,0,,585739|246|2021-07-27,-0.3053996172602418,-0.6733664230633328
588443,246,2021-07-27,2021-08-08,13,control,0,0.069057114,0,dept_246_closure_2021-07-27,2021-06-05,2021-06,-4,0,,588443|246|2021-07-27,-0.23872285896024178,-0.6733664230633328
595167,246,2021-07-27,2021-08-08,13,control,0,0.058140654,0,dept_246_closure_2021-07-27,2021-06-05,2021-06,-4,0,,595167|246|2021-07-27,-0.24963931896024177,-0.6733664230633328
596009,246,2021-07-27,2021-08-08,13,control,0,0.00039956646,0,dept_246_closure_2021-07-27,2021-06-05,2021-06,-4,0,,596009|246|2021-07-27,-0.3073804065002418,-0.6733664230633328
596472,246,2021-07-27,2021-08-08,13,control,0,0.38928533,0,dept_246_closure_2021-07-27,2021-06-05,2021-06,-4,0,,596472|246|2021-07-27,0.0815053570397582,-0.6733664230633328
597124,246,2021-07-27,2021-08-08,13,control,0,0.0056995642,0,dept_246_closure_2021-07-27,2021-06-05,2021-06,-4,0,,597124|246|2021-07-27,-0.3020804087602418,-0.6733664230633328
597426,246,2021-07-27,2021-08-08,13,control,0,0.24039146,0,dept_246_closure_2021-07-27,2021-06-05,2021-06,-4,0,,597426|246|2021-07-27,-0.06738851296024179,-0.6733664230633328
597841,246,2021-07-27,2021-08-08,13,control,0,0.6473513,1,dept_246_closure_2021-07-27,2021-06-05,2021-06,-4,0,0.0,597841|246|2021-07-27,0.3395713270397582,-0.6733664230633328
597844,246,2021-07-27,2021-08-08,13,control,0,0.6792706,1,dept_246_closure_2021-07-27,2021-06-05,2021-06,-4,0,0.0,597844|246|2021-07-27,0.37149062703975816,-0.6733664230633328
599014,246,2021-07-27,2021-08-08,13,control,0,0.9615126,1,dept_246_closure_2021-07-27,2021-06-05,2021-06,-4,0,0.0,599014|246|2021-07-27,0.6537326270397583,-0.6733664230633328
600093,246,2021-07-27,2021-08-08,13,treatment,1,0.001949751,0,dept_246_closure_2021-07-27,2021-06-05,2021-06,-4,0,,600093|246|2021-07-27,-0.3058302219602418,-0.6733664230633328
600236,246,2021-07-27,2021-08-08,13,treatment,1,0.008690901,0,dept_246_closure_2021-07-27,2021-06-05,2021-06,-4,0,,600236|246|2021-07-27,-0.2990890719602418,-0.6733664230633328
600802,246,2021-07-27,2021-08-08,13,control,0,0.025362764,0,dept_246_closure_2021-07-27,2021-06-05,2021-06,-4,0,,600802|246|2021-07-27,-0.2824172089602418,-0.6733664230633328
602120,246,2021-07-27,2021-08-08,13,control,0,0.097351424,0,dept_246_closure_2021-07-27,2021-06-05,2021-06,-4,0,,602120|246|2021-07-27,-0.21042854896024177,-0.6733664230633328
602124,246,2021-07-27,2021-08-08,13,control,0,0.11309978,0,dept_246_closure_2021-07-27,2021-06-05,2021-06,-4,0,,602124|246|2021-07-27,-0.1946801929602418,-0.6733664230633328
602125,246,2021-07-27,2021-08-08,13,control,0,0.028593527,0,dept_246_closure_2021-07-27,2021-06-05,2021-06,-4,0,0.0,602125|246|2021-07-27,-0.2791864459602418,-0.6733664230633328
603013,246,2021-07-27,2021-08-08,13,control,0,0.39335406,0,dept_246_closure_2021-07-27,2021-06-05,2021-06,-4,0,1.0,603013|246|2021-07-27,0.08557408703975822,-0.6733664230633328
604432,246,2021-07-27,2021-08-08,13,control,0,0.0038901225,0,dept_246_closure_2021-07-27,2021-06-05,2021-06,-4,0,,604432|246|2021-07-27,-0.3038898504602418,-0.6733664230633328
613493,246,2021-07-27,2021-08-08,13,control,0,0.48033825,0,dept_246_closure_2021-07-27,2021-06-05,2021-06,-4,0,1.0,613493|246|2021-07-27,0.17255827703975823,-0.6733664230633328
613860,246,2021-07-27,2021-08-08,13,control,0,0.0053632376,0,dept_246_closure_2021-07-27,2021-06-05,2021-06,-4,0,,613860|246|2021-07-27,-0.3024167353602418,-0.6733664230633328
614813,246,2021-07-27,2021-08-08,13,control,0,0.72239745,1,dept_246_closure_2021-07-27,2021-06-05,2021-06,-4,0,1.0,614813|246|2021-07-27,0.4146174770397582,-0.6733664230633328
615015,246,2021-07-27,2021-08-08,13,control,0,0.053707235,0,dept_246_closure_2021-07-27,2021-06-05,2021-06,-4,0,1.0,615015|246|2021-07-27,-0.25407273796024177,-0.6733664230633328
618999,246,2021-07-27,2021-08-08,13,control,0,0.15502954,0,dept_246_closure_2021-07-27,2021-06-05,2021-06,-4,0,,618999|246|2021-07-27,-0.1527504329602418,-0.6733664230633328
620766,246,2021-07-27,2021-08-08,13,control,0,0.00068438525,0,dept_246_closure_2021-07-27,2021-06-05,2021-06,-4,0,,620766|246|2021-07-27,-0.3070955877102418,-0.6733664230633328
621023,246,2021-07-27,2021-08-08,13,control,0,0.0061639016,0,dept_246_closure_2021-07-27,2021-06-05,2021-06,-4,0,,621023|246|2021-07-27,-0.30161607136024177,-0.6733664230633328
621722,246,2021-07-27,2021-08-08,13,control,0,0.71391684,1,dept_246_closure_2021-07-27,2021-06-05,2021-06,-4,0,1.0,621722|246|2021-07-27,0.4061368670397582,-0.6733664230633328
623783,246,2021-07-27,2021-08-08,13,control,0,0.9951931,1,dept_246_closure_2021-07-27,2021-06-05,2021-06,-4,0,0.6666666666666666,623783|246|2021-07-27,0.6874131270397583,-0.6733664230633328
623805,246,2021-07-27,2021-08-08,13,control,0,0.06917468,0,dept_246_closure_2021-07-27,2021-06-05,2021-06,-4,0,,623805|246|2021-07-27,-0.2386052929602418,-0.6733664230633328
623808,246,2021-07-27,2021-08-08,13,control,0,0.9979461,1,dept_246_closure_2021-07-27,2021-06-05,2021-06,-4,0,0.5,623808|246|2021-07-27,0.6901661270397581,-0.6733664230633328
624145,246,2021-07-27,2021-08-08,13,control,0,0.35900682,0,dept_246_closure_2021-07-27,2021-06-05,2021-06,-4,0,,624145|246|2021-07-27,0.051226847039758217,-0.6733664230633328
625679,246,2021-07-27,2021-08-08,13,control,0,0.0054499777,0,dept_246_closure_2021-07-27,2021-06-05,2021-06,-4,0,,625679|246|2021-07-27,-0.3023299952602418,-0.6733664230633328
625795,246,2021-07-27,2021-08-08,13,control,0,0.0064810133,0,dept_246_closure_2021-07-27,2021-06-05,2021-06,-4,0,,625795|246|2021-07-27,-0.3012989596602418,-0.6733664230633328
626528,246,2021-07-27,2021-08-08,13,control,0,0.012384835,0,dept_246_closure_2021-07-27,2021-06-05,2021-06,-4,0,,626528|246|2021-07-27,-0.2953951379602418,-0.6733664230633328
628437,246,2021-07-27,2021-08-08,13,control,0,0.15738243,0,dept_246_closure_2021-07-27,2021-06-05,2021-06,-4,0,,628437|246|2021-07-27,-0.1503975429602418,-0.6733664230633328
629037,246,2021-07-27,2021-08-08,13,control,0,0.0024090034,0,dept_246_closure_2021-07-27,2021-06-05,2021-06,-4,0,,629037|246|2021-07-27,-0.3053709695602418,-0.6733664230633328
629038,246,2021-07-27,2021-08-08,13,treatment,1,0.24013825,0,dept_246_closure_2021-07-27,2021-06-05,2021-06,-4,0,,629038|246|2021-07-27,-0.06764172296024179,-0.6733664230633328
631459,246,2021-07-27,2021-08-08,13,control,0,0.0044175265,0,dept_246_closure_2021-07-27,2021-06-05,2021-06,-4,0,,631459|246|2021-07-27,-0.3033624464602418,-0.6733664230633328
632759,246,2021-07-27,2021-08-08,13,control,0,0.010952859,0,dept_246_closure_2021-07-27,2021-06-05,2021-06,-4,0,,632759|246|2021-07-27,-0.2968271139602418,-0.6733664230633328
633009,246,2021-07-27,2021-08-08,13,control,0,0.56572896,1,dept_246_closure_2021-07-27,2021-06-05,2021-06,-4,0,1.0,633009|246|2021-07-27,0.25794898703975816,-0.6733664230633328
633063,246,2021-07-27,2021-08-08,13,control,0,0.106019765,0,dept_246_closure_2021-07-27,2021-06-05,2021-06,-4,0,0.0,633063|246|2021-07-27,-0.2017602079602418,-0.6733664230633328
635749,246,2021-07-27,2021-08-08,13,control,0,0.8945807,1,dept_246_closure_2021-07-27,2021-06-05,2021-06,-4,0,0.25,635749|246|2021-07-27,0.5868007270397582,-0.6733664230633328
636407,246,2021-07-27,2021-08-08,13,control,0,0.09816488,0,dept_246_closure_2021-07-27,2021-06-05,2021-06,-4,0,,636407|246|2021-07-27,-0.20961509296024178,-0.6733664230633328
636923,246,2021-07-27,2021-08-08,13,control,0,0.8665299,1,dept_246_closure_2021-07-27,2021-06-05,2021-06,-4,0,,636923|246|2021-07-27,0.5587499270397582,-0.6733664230633328
636924,246,2021-07-27,2021-08-08,13,control,0,0.3707417,0,dept_246_closure_2021-07-27,2021-06-05,2021-06,-4,0,,636924|246|2021-07-27,0.06296172703975822,-0.6733664230633328
639796,246,2021-07-27,2021-08-08,13,control,0,0.008453769,0,dept_246_closure_2021-07-27,2021-06-05,2021-06,-4,0,,639796|246|2021-07-27,-0.2993262039602418,-0.6733664230633328
644136,246,2021-07-27,2021-08-08,13,treatment,1,0.0034987608,0,dept_246_closure_2021-07-27,2021-06-05,2021-06,-4,0,,644136|246|2021-07-27,-0.3042812121602418,-0.6733664230633328
646267,246,2021-07-27,2021-08-08,13,control,0,0.22053812,0,dept_246_closure_2021-07-27,2021-06-05,2021-06,-4,0,,646267|246|2021-07-27,-0.08724185296024178,-0.6733664230633328
647544,246,2021-07-27,2021-08-08,13,control,0,0.38944682,0,dept_246_closure_2021-07-27,2021-06-05,2021-06,-4,0,,647544|246|2021-07-27,0.08166684703975824,-0.6733664230633328
649523,246,2021-07-27,2021-08-08,13,control,0,0.008285319,0,dept_246_closure_2021-07-27,2021-06-05,2021-06,-4,0,,649523|246|2021-07-27,-0.2994946539602418,-0.6733664230633328
650314,246,2021-07-27,2021-08-08,13,control,0,0.041649476,0,dept_246_closure_2021-07-27,2021-06-05,2021-06,-4,0,0.0,650314|246|2021-07-27,-0.26613049696024177,-0.6733664230633328
650497,246,2021-07-27,2021-08-08,13,control,0,0.01220301,0,dept_246_closure_2021-07-27,2021-06-05,2021-06,-4,0,,650497|246|2021-07-27,-0.2955769629602418,-0.6733664230633328
650796,246,2021-07-27,2021-08-08,13,control,0,0.113514744,0,dept_246_closure_2021-07-27,2021-06-05,2021-06,-4,0,0.0,650796|246|2021-07-27,-0.1942652289602418,-0.6733664230633328
651898,246,2021-07-27,2021-08-08,13,control,0,0.9841733,1,dept_246_closure_2021-07-27,2021-06-05,2021-06,-4,0,0.5,651898|246|2021-07-27,0.6763933270397582,-0.6733664230633328
653494,246,2021-07-27,2021-08-08,13,control,0,0.19648695,0,dept_246_closure_2021-07-27,2021-06-05,2021-06,-4,0,1.0,653494|246|2021-07-27,-0.1112930229602418,-0.6733664230633328
654396,246,2021-07-27,2021-08-08,13,control,0,0.018824542,0,dept_246_closure_2021-07-27,2021-06-05,2021-06,-4,0,0.0,654396|246|2021-07-27,-0.2889554309602418,-0.6733664230633328
654539,246,2021-07-27,2021-08-08,13,control,0,0.91421753,1,dept_246_closure_2021-07-27,2021-06-05,2021-06,-4,0,1.0,654539|246|2021-07-27,0.6064375570397582,-0.6733664230633328
655632,246,2021-07-27,2021-08-08,13,control,0,0.44265658,0,dept_246_closure_2021-07-27,2021-06-05,2021-06,-4,0,,655632|246|2021-07-27,0.13487660703975823,-0.6733664230633328
655906,246,2021-07-27,2021-08-08,13,control,0,0.6456241,1,dept_246_closure_2021-07-27,2021-06-05,2021-06,-4,0,,655906|246|2021-07-27,0.33784412703975825,-0.6733664230633328
655994,246,2021-07-27,2021-08-08,13,control,0,0.88607514,1,dept_246_closure_2021-07-27,2021-06-05,2021-06,-4,0,0.0,655994|246|2021-07-27,0.5782951670397583,-0.6733664230633328
656172,246,2021-07-27,2021-08-08,13,treatment,1,0.003492452,0,dept_246_closure_2021-07-27,2021-06-05,2021-06,-4,0,,656172|246|2021-07-27,-0.3042875209602418,-0.6733664230633328
657354,246,2021-07-27,2021-08-08,13,control,0,0.6226758,1,dept_246_closure_2021-07-27,2021-06-05,2021-06,-4,0,,657354|246|2021-07-27,0.3148958270397582,-0.6733664230633328
657355,246,2021-07-27,2021-08-08,13,control,0,0.32611358,0,dept_246_closure_2021-07-27,2021-06-05,2021-06,-4,0,,657355|246|2021-07-27,0.018333607039758226,-0.6733664230633328
657356,246,2021-07-27,2021-08-08,13,control,0,0.0070038517,0,dept_246_closure_2021-07-27,2021-06-05,2021-06,-4,0,,657356|246|2021-07-27,-0.3007761212602418,-0.6733664230633328
657358,246,2021-07-27,2021-08-08,13,control,0,0.13658209,0,dept_246_closure_2021-07-27,2021-06-05,2021-06,-4,0,1.0,657358|246|2021-07-27,-0.1711978829602418,-0.6733664230633328
664460,246,2021-07-27,2021-08-08,13,control,0,0.22899963,0,dept_246_closure_2021-07-27,2021-06-05,2021-06,-4,0,,664460|246|2021-07-27,-0.07878034296024178,-0.6733664230633328
664767,246,2021-07-27,2021-08-08,13,control,0,0.007248521,0,dept_246_closure_2021-07-27,2021-06-05,2021-06,-4,0,1.0,664767|246|2021-07-27,-0.3005314519602418,-0.6733664230633328
665519,246,2021-07-27,2021-08-08,13,control,0,0.94379646,1,dept_246_closure_2021-07-27,2021-06-05,2021-06,-4,0,0.3333333333333333,665519|246|2021-07-27,0.6360164870397582,-0.6733664230633328
665571,246,2021-07-27,2021-08-08,13,control,0,0.0016495719,0,dept_246_closure_2021-07-27,2021-06-05,2021-06,-4,0,,665571|246|2021-07-27,-0.3061304010602418,-0.6733664230633328
666122,246,2021-07-27,2021-08-08,13,control,0,0.046844617,0,dept_246_closure_2021-07-27,2021-06-05,2021-06,-4,0,,666122|246|2021-07-27,-0.2609353559602418,-0.6733664230633328
667695,246,2021-07-27,2021-08-08,13,control,0,0.08032639,0,dept_246_closure_2021-07-27,2021-06-05,2021-06,-4,0,,667695|246|2021-07-27,-0.2274535829602418,-0.6733664230633328
668096,246,2021-07-27,2021-08-08,13,control,0,0.0022502174,0,dept_246_closure_2021-07-27,2021-06-05,2021-06,-4,0,,668096|246|2021-07-27,-0.3055297555602418,-0.6733664230633328
669146,246,2021-07-27,2021-08-08,13,control,0,0.01265297,0,dept_246_closure_2021-07-27,2021-06-05,2021-06,-4,0,,669146|246|2021-07-27,-0.2951270029602418,-0.6733664230633328
669519,246,2021-07-27,2021-08-08,13,control,0,0.0022082943,0,dept_246_closure_2021-07-27,2021-06-05,2021-06,-4,0,,669519|246|2021-07-27,-0.30557167866024176,-0.6733664230633328
671187,246,2021-07-27,2021-08-08,13,control,0,0.14804843,0,dept_246_closure_2021-07-27,2021-06-05,2021-06,-4,0,,671187|246|2021-07-27,-0.15973154296024178,-0.6733664230633328
672880,246,2021-07-27,2021-08-08,13,control,0,0.3963556,0,dept_246_closure_2021-07-27,2021-06-05,2021-06,-4,0,1.0,672880|246|2021-07-27,0.08857562703975819,-0.6733664230633328
674161,246,2021-07-27,2021-08-08,13,control,0,0.60217315,1,dept_246_closure_2021-07-27,2021-06-05,2021-06,-4,0,0.0,674161|246|2021-07-27,0.29439317703975826,-0.6733664230633328
674724,246,2021-07-27,2021-08-08,13,control,0,0.22715935,0,dept_246_closure_2021-07-27,2021-06-05,2021-06,-4,0,,674724|246|2021-07-27,-0.08062062296024178,-0.6733664230633328
675505,246,2021-07-27,2021-08-08,13,control,0,0.15651003,0,dept_246_closure_2021-07-27,2021-06-05,2021-06,-4,0,,675505|246|2021-07-27,-0.1512699429602418,-0.6733664230633328
676853,246,2021-07-27,2021-08-08,13,control,0,0.004177887,0,dept_246_closure_2021-07-27,2021-06-05,2021-06,-4,0,,676853|246|2021-07-27,-0.3036020859602418,-0.6733664230633328
677645,246,2021-07-27,2021-08-08,13,control,0,0.00460222,0,dept_246_closure_2021-07-27,2021-06-05,2021-06,-4,0,,677645|246|2021-07-27,-0.3031777529602418,-0.6733664230633328
679043,246,2021-07-27,2021-08-08,13,treatment,1,0.007110106,0,dept_246_closure_2021-07-27,2021-06-05,2021-06,-4,0,,679043|246|2021-07-27,-0.3006698669602418,-0.6733664230633328
680050,246,2021-07-27,2021-08-08,13,treatment,1,0.6510753,1,dept_246_closure_2021-07-27,2021-06-05,2021-06,-4,0,0.6666666666666666,680050|246|2021-07-27,0.34329532703975824,-0.6733664230633328
683521,246,2021-07-27,2021-08-08,13,control,0,0.0039025282,0,dept_246_closure_2021-07-27,2021-06-05,2021-06,-4,0,,683521|246|2021-07-27,-0.3038774447602418,-0.6733664230633328
683684,246,2021-07-27,2021-08-08,13,control,0,0.10428627,0,dept_246_closure_2021-07-27,2021-06-05,2021-06,-4,0,1.0,683684|246|2021-07-27,-0.20349370296024177,-0.6733664230633328
683804,246,2021-07-27,2021-08-08,13,control,0,0.0017932617,0,dept_246_closure_2021-07-27,2021-06-05,2021-06,-4,0,,683804|246|2021-07-27,-0.3059867112602418,-0.6733664230633328
683995,246,2021-07-27,2021-08-08,13,control,0,0.001137196,0,dept_246_closure_2021-07-27,2021-06-05,2021-06,-4,0,,683995|246|2021-07-27,-0.3066427769602418,-0.6733664230633328
684015,246,2021-07-27,2021-08-08,13,control,0,0.8845989,1,dept_246_closure_2021-07-27,2021-06-05,2021-06,-4,0,0.6,684015|246|2021-07-27,0.5768189270397581,-0.6733664230633328
686956,246,2021-07-27,2021-08-08,13,control,0,0.0055859643,0,dept_246_closure_2021-07-27,2021-06-05,2021-06,-4,0,,686956|246|2021-07-27,-0.30219400866024176,-0.6733664230633328
687042,246,2021-07-27,2021-08-08,13,control,0,0.5541338,1,dept_246_closure_2021-07-27,2021-06-05,2021-06,-4,0,,687042|246|2021-07-27,0.24635382703975822,-0.6733664230633328
689237,246,2021-07-27,2021-08-08,13,control,0,0.00090677815,0,dept_246_closure_2021-07-27,2021-06-05,2021-06,-4,0,,689237|246|2021-07-27,-0.3068731948102418,-0.6733664230633328
691273,246,2021-07-27,2021-08-08,13,treatment,1,0.5559356,1,dept_246_closure_2021-07-27,2021-06-05,2021-06,-4,0,,691273|246|2021-07-27,0.2481556270397582,-0.6733664230633328
692401,246,2021-07-27,2021-08-08,13,control,0,0.031257436,0,dept_246_closure_2021-07-27,2021-06-05,2021-06,-4,0,0.0,692401|246|2021-07-27,-0.27652253696024176,-0.6733664230633328
693452,246,2021-07-27,2021-08-08,13,control,0,0.07944487,0,dept_246_closure_2021-07-27,2021-06-05,2021-06,-4,0,1.0,693452|246|2021-07-27,-0.2283351029602418,-0.6733664230633328
695396,246,2021-07-27,2021-08-08,13,control,0,0.59376544,1,dept_246_closure_2021-07-27,2021-06-05,2021-06,-4,0,0.0,695396|246|2021-07-27,0.2859854670397582,-0.6733664230633328
698986,246,2021-07-27,2021-08-08,13,control,0,0.26494306,0,dept_246_closure_2021-07-27,2021-06-05,2021-06,-4,0,,698986|246|2021-07-27,-0.04283691296024178,-0.6733664230633328
699699,246,2021-07-27,2021-08-08,13,treatment,1,0.004846366,0,dept_246_closure_2021-07-27,2021-06-05,2021-06,-4,0,,699699|246|2021-07-27,-0.3029336069602418,-0.6733664230633328
700273,246,2021-07-27,2021-08-08,13,control,0,0.017649118,0,dept_246_closure_2021-07-27,2021-06-05,2021-06,-4,0,,700273|246|2021-07-27,-0.29013085496024177,-0.6733664230633328
700881,246,2021-07-27,2021-08-08,13,control,0,0.026280912,0,dept_246_closure_2021-07-27,2021-06-05,2021-06,-4,0,0.0,700881|246|2021-07-27,-0.2814990609602418,-0.6733664230633328
703568,246,2021-07-27,2021-08-08,13,control,0,0.1636185,0,dept_246_closure_2021-07-27,2021-06-05,2021-06,-4,0,,703568|246|2021-07-27,-0.1441614729602418,-0.6733664230633328
705741,246,2021-07-27,2021-08-08,13,control,0,0.240593,0,dept_246_closure_2021-07-27,2021-06-05,2021-06,-4,0,,705741|246|2021-07-27,-0.06718697296024179,-0.6733664230633328
706055,246,2021-07-27,2021-08-08,13,control,0,0.5146902,1,dept_246_closure_2021-07-27,2021-06-05,2021-06,-4,0,0.0,706055|246|2021-07-27,0.2069102270397582,-0.6733664230633328
706109,246,2021-07-27,2021-08-08,13,control,0,0.007861774,0,dept_246_closure_2021-07-27,2021-06-05,2021-06,-4,0,,706109|246|2021-07-27,-0.2999181989602418,-0.6733664230633328
708207,246,2021-07-27,2021-08-08,13,treatment,1,0.009436967,0,dept_246_closure_2021-07-27,2021-06-05,2021-06,-4,0,,708207|246|2021-07-27,-0.29834300596024177,-0.6733664230633328
710137,246,2021-07-27,2021-08-08,13,control,0,0.069965854,0,dept_246_closure_2021-07-27,2021-06-05,2021-06,-4,0,,710137|246|2021-07-27,-0.2378141189602418,-0.6733664230633328
710677,246,2021-07-27,2021-08-08,13,control,0,0.07248529,0,dept_246_closure_2021-07-27,2021-06-05,2021-06,-4,0,,710677|246|2021-07-27,-0.2352946829602418,-0.6733664230633328
712316,246,2021-07-27,2021-08-08,13,control,0,0.009721992,0,dept_246_closure_2021-07-27,2021-06-05,2021-06,-4,0,,712316|246|2021-07-27,-0.2980579809602418,-0.6733664230633328
713935,246,2021-07-27,2021-08-08,13,control,0,0.7094755,1,dept_246_closure_2021-07-27,2021-06-05,2021-06,-4,0,,713935|246|2021-07-27,0.40169552703975825,-0.6733664230633328
716927,246,2021-07-27,2021-08-08,13,control,0,0.0043204585,0,dept_246_closure_2021-07-27,2021-06-05,2021-06,-4,0,,716927|246|2021-07-27,-0.3034595144602418,-0.6733664230633328
718666,246,2021-07-27,2021-08-08,13,treatment,1,0.003192709,0,dept_246_closure_2021-07-27,2021-06-05,2021-06,-4,0,,718666|246|2021-07-27,-0.30458726396024177,-0.6733664230633328
718772,246,2021-07-27,2021-08-08,13,control,0,0.05517942,0,dept_246_closure_2021-07-27,2021-06-05,2021-06,-4,0,,718772|246|2021-07-27,-0.2526005529602418,-0.6733664230633328
720882,246,2021-07-27,2021-08-08,13,control,0,0.04335409,0,dept_246_closure_2021-07-27,2021-06-05,2021-06,-4,0,1.0,720882|246|2021-07-27,-0.2644258829602418,-0.6733664230633328
727797,246,2021-07-27,2021-08-08,13,treatment,1,0.13561638,0,dept_246_closure_2021-07-27,2021-06-05,2021-06,-4,0,0.5,727797|246|2021-07-27,-0.17216359296024178,-0.6733664230633328
728495,246,2021-07-27,2021-08-08,13,control,0,0.014965183,0,dept_246_closure_2021-07-27,2021-06-05,2021-06,-4,0,,728495|246|2021-07-27,-0.2928147899602418,-0.6733664230633328
729236,246,2021-07-27,2021-08-08,13,treatment,1,0.076605916,0,dept_246_closure_2021-07-27,2021-06-05,2021-06,-4,0,1.0,729236|246|2021-07-27,-0.2311740569602418,-0.6733664230633328
729427,246,2021-07-27,2021-08-08,13,treatment,1,0.01933929,0,dept_246_closure_2021-07-27,2021-06-05,2021-06,-4,0,,729427|246|2021-07-27,-0.2884406829602418,-0.6733664230633328
729873,246,2021-07-27,2021-08-08,13,treatment,1,0.7575934,1,dept_246_closure_2021-07-27,2021-06-05,2021-06,-4,0,,729873|246|2021-07-27,0.4498134270397582,-0.6733664230633328
729889,246,2021-07-27,2021-08-08,13,control,0,0.037756026,0,dept_246_closure_2021-07-27,2021-06-05,2021-06,-4,0,1.0,729889|246|2021-07-27,-0.2700239469602418,-0.6733664230633328
733186,246,2021-07-27,2021-08-08,13,treatment,1,0.69795686,1,dept_246_closure_2021-07-27,2021-06-05,2021-06,-4,0,,733186|246|2021-07-27,0.3901768870397582,-0.6733664230633328
735865,246,2021-07-27,2021-08-08,13,control,0,0.33605695,0,dept_246_closure_2021-07-27,2021-06-05,2021-06,-4,0,1.0,735865|246|2021-07-27,0.028276977039758233,-0.6733664230633328
736734,246,2021-07-27,2021-08-08,13,control,0,0.39864597,0,dept_246_closure_2021-07-27,2021-06-05,2021-06,-4,0,1.0,736734|246|2021-07-27,0.09086599703975823,-0.6733664230633328
739930,246,2021-07-27,2021-08-08,13,control,0,0.017589724,0,dept_246_closure_2021-07-27,2021-06-05,2021-06,-4,0,,739930|246|2021-07-27,-0.2901902489602418,-0.6733664230633328
742210,246,2021-07-27,2021-08-08,13,control,0,0.0008205761,0,dept_246_closure_2021-07-27,2021-06-05,2021-06,-4,0,,742210|246|2021-07-27,-0.30695939686024176,-0.6733664230633328
742713,246,2021-07-27,2021-08-08,13,control,0,0.7055811,1,dept_246_closure_2021-07-27,2021-06-05,2021-06,-4,0,1.0,742713|246|2021-07-27,0.3978011270397582,-0.6733664230633328
743481,246,2021-07-27,2021-08-08,13,control,0,0.1744169,0,dept_246_closure_2021-07-27,2021-06-05,2021-06,-4,0,,743481|246|2021-07-27,-0.13336307296024177,-0.6733664230633328
743573,246,2021-07-27,2021-08-08,13,control,0,0.01424737,0,dept_246_closure_2021-07-27,2021-06-05,2021-06,-4,0,,743573|246|2021-07-27,-0.2935326029602418,-0.6733664230633328
745348,246,2021-07-27,2021-08-08,13,control,0,0.6717277,1,dept_246_closure_2021-07-27,2021-06-05,2021-06,-4,0,0.5,745348|246|2021-07-27,0.36394772703975825,-0.6733664230633328
745784,246,2021-07-27,2021-08-08,13,control,0,0.07058759,0,dept_246_closure_2021-07-27,2021-06-05,2021-06,-4,0,0.5,745784|246|2021-07-27,-0.23719238296024178,-0.6733664230633328
745837,246,2021-07-27,2021-08-08,13,control,0,0.0012194227,0,dept_246_closure_2021-07-27,2021-06-05,2021-06,-4,0,,745837|246|2021-07-27,-0.3065605502602418,-0.6733664230633328
746756,246,2021-07-27,2021-08-08,13,control,0,0.08982364,0,dept_246_closure_2021-07-27,2021-06-05,2021-06,-4,0,1.0,746756|246|2021-07-27,-0.2179563329602418,-0.6733664230633328
747030,246,2021-07-27,2021-08-08,13,control,0,0.88071215,1,dept_246_closure_2021-07-27,2021-06-05,2021-06,-4,0,0.0,747030|246|2021-07-27,0.5729321770397582,-0.6733664230633328
750005,246,2021-07-27,2021-08-08,13,control,0,0.00368248,0,dept_246_closure_2021-07-27,2021-06-05,2021-06,-4,0,,750005|246|2021-07-27,-0.3040974929602418,-0.6733664230633328
750565,246,2021-07-27,2021-08-08,13,control,0,0.09725597,0,dept_246_closure_2021-07-27,2021-06-05,2021-06,-4,0,,750565|246|2021-07-27,-0.2105240029602418,-0.6733664230633328
751068,246,2021-07-27,2021-08-08,13,control,0,0.67058444,1,dept_246_closure_2021-07-27,2021-06-05,2021-06,-4,0,1.0,751068|246|2021-07-27,0.36280446703975816,-0.6733664230633328
755654,246,2021-07-27,2021-08-08,13,control,0,0.642669,1,dept_246_closure_2021-07-27,2021-06-05,2021-06,-4,0,0.0,755654|246|2021-07-27,0.33488902703975826,-0.6733664230633328
757209,246,2021-07-27,2021-08-08,13,control,0,0.92929745,1,dept_246_closure_2021-07-27,2021-06-05,2021-06,-4,0,0.0,757209|246|2021-07-27,0.6215174770397582,-0.6733664230633328
758569,246,2021-07-27,2021-08-08,13,control,0,0.6066296,1,dept_246_closure_2021-07-27,2021-06-05,2021-06,-4,0,,758569|246|2021-07-27,0.2988496270397582,-0.6733664230633328
759081,246,2021-07-27,2021-08-08,13,control,0,0.9864933,1,dept_246_closure_2021-07-27,2021-06-05,2021-06,-4,0,0.8333333333333334,759081|246|2021-07-27,0.6787133270397583,-0.6733664230633328
760910,246,2021-07-27,2021-08-08,13,control,0,0.37581336,0,dept_246_closure_2021-07-27,2021-06-05,2021-06,-4,0,,760910|246|2021-07-27,0.0680333870397582,-0.6733664230633328
761525,246,2021-07-27,2021-08-08,13,control,0,0.0040558516,0,dept_246_closure_2021-07-27,2021-06-05,2021-06,-4,0,,761525|246|2021-07-27,-0.3037241213602418,-0.6733664230633328
763277,246,2021-07-27,2021-08-08,13,control,0,0.24932212,0,dept_246_closure_2021-07-27,2021-06-05,2021-06,-4,0,0.0,763277|246|2021-07-27,-0.05845785296024178,-0.6733664230633328
764174,246,2021-07-27,2021-08-08,13,control,0,0.020427303,0,dept_246_closure_2021-07-27,2021-06-05,2021-06,-4,0,,764174|246|2021-07-27,-0.2873526699602418,-0.6733664230633328
764393,246,2021-07-27,2021-08-08,13,treatment,1,0.015356412,0,dept_246_closure_2021-07-27,2021-06-05,2021-06,-4,0,,764393|246|2021-07-27,-0.2924235609602418,-0.6733664230633328
764798,246,2021-07-27,2021-08-08,13,control,0,0.025530431,0,dept_246_closure_2021-07-27,2021-06-05,2021-06,-4,0,,764798|246|2021-07-27,-0.28224954196024177,-0.6733664230633328
768714,246,2021-07-27,2021-08-08,13,control,0,0.08861846,0,dept_246_closure_2021-07-27,2021-06-05,2021-06,-4,0,,768714|246|2021-07-27,-0.21916151296024178,-0.6733664230633328
771788,246,2021-07-27,2021-08-08,13,control,0,0.13042508,0,dept_246_closure_2021-07-27,2021-06-05,2021-06,-4,0,0.0,771788|246|2021-07-27,-0.1773548929602418,-0.6733664230633328
773247,246,2021-07-27,2021-08-08,13,control,0,0.12926482,0,dept_246_closure_2021-07-27,2021-06-05,2021-06,-4,0,1.0,773247|246|2021-07-27,-0.17851515296024179,-0.6733664230633328
774405,246,2021-07-27,2021-08-08,13,control,0,0.6753653,1,dept_246_closure_2021-07-27,2021-06-05,2021-06,-4,0,,774405|246|2021-07-27,0.36758532703975816,-0.6733664230633328
775273,246,2021-07-27,2021-08-08,13,control,0,0.03347844,0,dept_246_closure_2021-07-27,2021-06-05,2021-06,-4,0,0.5,775273|246|2021-07-27,-0.2743015329602418,-0.6733664230633328
775847,246,2021-07-27,2021-08-08,13,control,0,0.020749453,0,dept_246_closure_2021-07-27,2021-06-05,2021-06,-4,0,,775847|246|2021-07-27,-0.28703051996024176,-0.6733664230633328
778075,246,2021-07-27,2021-08-08,13,control,0,0.0044483226,0,dept_246_closure_2021-07-27,2021-06-05,2021-06,-4,0,,778075|246|2021-07-27,-0.3033316503602418,-0.6733664230633328
780783,246,2021-07-27,2021-08-08,13,control,0,0.94814223,1,dept_246_closure_2021-07-27,2021-06-05,2021-06,-4,0,0.6,780783|246|2021-07-27,0.6403622570397582,-0.6733664230633328
781479,246,2021-07-27,2021-08-08,13,treatment,1,0.11026743,0,dept_246_closure_2021-07-27,2021-06-05,2021-06,-4,0,,781479|246|2021-07-27,-0.1975125429602418,-0.6733664230633328
782601,246,2021-07-27,2021-08-08,13,control,0,0.03218455,0,dept_246_closure_2021-07-27,2021-06-05,2021-06,-4,0,,782601|246|2021-07-27,-0.2755954229602418,-0.6733664230633328
784606,246,2021-07-27,2021-08-08,13,treatment,1,0.0007714593,0,dept_246_closure_2021-07-27,2021-06-05,2021-06,-4,0,,784606|246|2021-07-27,-0.3070085136602418,-0.6733664230633328
784655,246,2021-07-27,2021-08-08,13,control,0,0.002960514,0,dept_246_closure_2021-07-27,2021-06-05,2021-06,-4,0,,784655|246|2021-07-27,-0.30481945896024176,-0.6733664230633328
785881,246,2021-07-27,2021-08-08,13,control,0,0.7455215,1,dept_246_closure_2021-07-27,2021-06-05,2021-06,-4,0,1.0,785881|246|2021-07-27,0.43774152703975816,-0.6733664230633328
787051,246,2021-07-27,2021-08-08,13,control,0,0.48000237,0,dept_246_closure_2021-07-27,2021-06-05,2021-06,-4,0,0.5,787051|246|2021-07-27,0.17222239703975822,-0.6733664230633328
790777,246,2021-07-27,2021-08-08,13,control,0,0.0068362337,0,dept_246_closure_2021-07-27,2021-06-05,2021-06,-4,0,,790777|246|2021-07-27,-0.30094373926024176,-0.6733664230633328
793087,246,2021-07-27,2021-08-08,13,control,0,0.099858016,0,dept_246_closure_2021-07-27,2021-06-05,2021-06,-4,0,,793087|246|2021-07-27,-0.2079219569602418,-0.6733664230633328
794164,246,2021-07-27,2021-08-08,13,control,0,0.6939915,1,dept_246_closure_2021-07-27,2021-06-05,2021-06,-4,0,,794164|246|2021-07-27,0.3862115270397582,-0.6733664230633328
794821,246,2021-07-27,2021-08-08,13,control,0,0.035638213,0,dept_246_closure_2021-07-27,2021-06-05,2021-06,-4,0,,794821|246|2021-07-27,-0.2721417599602418,-0.6733664230633328
795915,246,2021-07-27,2021-08-08,13,control,0,0.8226784,1,dept_246_closure_2021-07-27,2021-06-05,2021-06,-4,0,0.5714285714285714,795915|246|2021-07-27,0.5148984270397583,-0.6733664230633328
796636,246,2021-07-27,2021-08-08,13,control,0,0.009036448,0,dept_246_closure_2021-07-27,2021-06-05,2021-06,-4,0,,796636|246|2021-07-27,-0.2987435249602418,-0.6733664230633328
797064,246,2021-07-27,2021-08-08,13,control,0,0.507212,1,dept_246_closure_2021-07-27,2021-06-05,2021-06,-4,0,,797064|246|2021-07-27,0.1994320270397582,-0.6733664230633328
797984,246,2021-07-27,2021-08-08,13,treatment,1,0.9371447,1,dept_246_closure_2021-07-27,2021-06-05,2021-06,-4,0,0.0,797984|246|2021-07-27,0.6293647270397582,-0.6733664230633328
800707,246,2021-07-27,2021-08-08,13,control,0,0.0030262175,0,dept_246_closure_2021-07-27,2021-06-05,2021-06,-4,0,,800707|246|2021-07-27,-0.3047537554602418,-0.6733664230633328
801378,246,2021-07-27,2021-08-08,13,control,0,0.0019727403,0,dept_246_closure_2021-07-27,2021-06-05,2021-06,-4,0,,801378|246|2021-07-27,-0.3058072326602418,-0.6733664230633328
802679,246,2021-07-27,2021-08-08,13,control,0,0.018501613,0,dept_246_closure_2021-07-27,2021-06-05,2021-06,-4,0,,802679|246|2021-07-27,-0.28927835996024176,-0.6733664230633328
807138,246,2021-07-27,2021-08-08,13,control,0,0.054256,0,dept_246_closure_2021-07-27,2021-06-05,2021-06,-4,0,,807138|246|2021-07-27,-0.25352397296024176,-0.6733664230633328
807628,246,2021-07-27,2021-08-08,13,control,0,0.016564755,0,dept_246_closure_2021-07-27,2021-06-05,2021-06,-4,0,,807628|246|2021-07-27,-0.2912152179602418,-0.6733664230633328
807629,246,2021-07-27,2021-08-08,13,control,0,0.3686019,0,dept_246_closure_2021-07-27,2021-06-05,2021-06,-4,0,,807629|246|2021-07-27,0.060821927039758195,-0.6733664230633328
807979,246,2021-07-27,2021-08-08,13,control,0,0.39310044,0,dept_246_closure_2021-07-27,2021-06-05,2021-06,-4,0,,807979|246|2021-07-27,0.08532046703975821,-0.6733664230633328
1213,246,2021-07-27,2021-08-08,13,control,0,0.14179483,0,dept_246_closure_2021-07-27,2021-06-18,2021-06,-3,0,,1213|246|2021-07-27,-0.16598514296024178,-0.6733664230633328
3053,246,2021-07-27,2021-08-08,13,control,0,0.2848582,0,dept_246_closure_2021-07-27,2021-06-18,2021-06,-3,0,,3053|246|2021-07-27,-0.022921772960241782,-0.6733664230633328
3602,246,2021-07-27,2021-08-08,13,control,0,0.25698352,0,dept_246_closure_2021-07-27,2021-06-18,2021-06,-3,0,,3602|246|2021-07-27,-0.05079645296024177,-0.6733664230633328
4261,246,2021-07-27,2021-08-08,13,treatment,1,0.41152814,0,dept_246_closure_2021-07-27,2021-06-18,2021-06,-3,0,,4261|246|2021-07-27,0.1037481670397582,-0.6733664230633328
4800,246,2021-07-27,2021-08-08,13,control,0,0.025219427,0,dept_246_closure_2021-07-27,2021-06-18,2021-06,-3,0,,4800|246|2021-07-27,-0.28256054596024177,-0.6733664230633328
7245,246,2021-07-27,2021-08-08,13,control,0,0.94799674,1,dept_246_closure_2021-07-27,2021-06-18,2021-06,-3,0,0.0,7245|246|2021-07-27,0.6402167670397583,-0.6733664230633328
8291,246,2021-07-27,2021-08-08,13,control,0,0.9911731,1,dept_246_closure_2021-07-27,2021-06-18,2021-06,-3,0,0.2,8291|246|2021-07-27,0.6833931270397582,-0.6733664230633328
9290,246,2021-07-27,2021-08-08,13,treatment,1,0.008498869,0,dept_246_closure_2021-07-27,2021-06-18,2021-06,-3,0,,9290|246|2021-07-27,-0.29928110396024177,-0.6733664230633328
9714,246,2021-07-27,2021-08-08,13,control,0,0.3374871,0,dept_246_closure_2021-07-27,2021-06-18,2021-06,-3,0,1.0,9714|246|2021-07-27,0.029707127039758197,-0.6733664230633328
10179,246,2021-07-27,2021-08-08,13,control,0,0.8612333,1,dept_246_closure_2021-07-27,2021-06-18,2021-06,-3,0,,10179|246|2021-07-27,0.5534533270397581,-0.6733664230633328
10427,246,2021-07-27,2021-08-08,13,control,0,0.14622483,0,dept_246_closure_2021-07-27,2021-06-18,2021-06,-3,0,,10427|246|2021-07-27,-0.1615551429602418,-0.6733664230633328
10453,246,2021-07-27,2021-08-08,13,control,0,0.27891338,0,dept_246_closure_2021-07-27,2021-06-18,2021-06,-3,0,,10453|246|2021-07-27,-0.0288665929602418,-0.6733664230633328
13564,246,2021-07-27,2021-08-08,13,control,0,0.0017006382,0,dept_246_closure_2021-07-27,2021-06-18,2021-06,-3,0,,13564|246|2021-07-27,-0.3060793347602418,-0.6733664230633328
15110,246,2021-07-27,2021-08-08,13,control,0,0.602054,1,dept_246_closure_2021-07-27,2021-06-18,2021-06,-3,0,0.0,15110|246|2021-07-27,0.2942740270397582,-0.6733664230633328
17165,246,2021-07-27,2021-08-08,13,control,0,0.41429704,0,dept_246_closure_2021-07-27,2021-06-18,2021-06,-3,0,0.0,17165|246|2021-07-27,0.10651706703975822,-0.6733664230633328
17345,246,2021-07-27,2021-08-08,13,control,0,0.0024025764,0,dept_246_closure_2021-07-27,2021-06-18,2021-06,-3,0,,17345|246|2021-07-27,-0.30537739656024177,-0.6733664230633328
18589,246,2021-07-27,2021-08-08,13,treatment,1,0.5930257,1,dept_246_closure_2021-07-27,2021-06-18,2021-06,-3,0,0.3333333333333333,18589|246|2021-07-27,0.2852457270397582,-0.6733664230633328
21757,246,2021-07-27,2021-08-08,13,control,0,0.9689673,1,dept_246_closure_2021-07-27,2021-06-18,2021-06,-3,0,1.0,21757|246|2021-07-27,0.6611873270397581,-0.6733664230633328
22359,246,2021-07-27,2021-08-08,13,control,0,0.9641852,1,dept_246_closure_2021-07-27,2021-06-18,2021-06,-3,0,0.3333333333333333,22359|246|2021-07-27,0.6564052270397582,-0.6733664230633328
24301,246,2021-07-27,2021-08-08,13,control,0,0.021089468,0,dept_246_closure_2021-07-27,2021-06-18,2021-06,-3,0,0.0,24301|246|2021-07-27,-0.2866905049602418,-0.6733664230633328
24607,246,2021-07-27,2021-08-08,13,control,0,0.03506704,0,dept_246_closure_2021-07-27,2021-06-18,2021-06,-3,0,,24607|246|2021-07-27,-0.2727129329602418,-0.6733664230633328
26093,246,2021-07-27,2021-08-08,13,control,0,0.34219438,0,dept_246_closure_2021-07-27,2021-06-18,2021-06,-3,0,,26093|246|2021-07-27,0.03441440703975823,-0.6733664230633328
28789,246,2021-07-27,2021-08-08,13,control,0,0.40815812,0,dept_246_closure_2021-07-27,2021-06-18,2021-06,-3,0,1.0,28789|246|2021-07-27,0.10037814703975823,-0.6733664230633328
29360,246,2021-07-27,2021-08-08,13,control,0,0.008516339,0,dept_246_closure_2021-07-27,2021-06-18,2021-06,-3,0,,29360|246|2021-07-27,-0.2992636339602418,-0.6733664230633328
29942,246,2021-07-27,2021-08-08,13,control,0,0.013229424,0,dept_246_closure_2021-07-27,2021-06-18,2021-06,-3,0,,29942|246|2021-07-27,-0.2945505489602418,-0.6733664230633328
33721,246,2021-07-27,2021-08-08,13,control,0,0.027535504,0,dept_246_closure_2021-07-27,2021-06-18,2021-06,-3,0,,33721|246|2021-07-27,-0.2802444689602418,-0.6733664230633328
33984,246,2021-07-27,2021-08-08,13,control,0,0.39668542,0,dept_246_closure_2021-07-27,2021-06-18,2021-06,-3,0,,33984|246|2021-07-27,0.08890544703975822,-0.6733664230633328
34002,246,2021-07-27,2021-08-08,13,control,0,0.5526398,1,dept_246_closure_2021-07-27,2021-06-18,2021-06,-3,0,1.0,34002|246|2021-07-27,0.24485982703975823,-0.6733664230633328
35232,246,2021-07-27,2021-08-08,13,control,0,0.85742676,1,dept_246_closure_2021-07-27,2021-06-18,2021-06,-3,0,0.5,35232|246|2021-07-27,0.5496467870397581,-0.6733664230633328
35996,246,2021-07-27,2021-08-08,13,control,0,0.49443996,0,dept_246_closure_2021-07-27,2021-06-18,2021-06,-3,0,,35996|246|2021-07-27,0.18665998703975822,-0.6733664230633328
37485,246,2021-07-27,2021-08-08,13,control,0,0.010235807,0,dept_246_closure_2021-07-27,2021-06-18,2021-06,-3,0,,37485|246|2021-07-27,-0.2975441659602418,-0.6733664230633328
37506,246,2021-07-27,2021-08-08,13,treatment,1,0.5700365,1,dept_246_closure_2021-07-27,2021-06-18,2021-06,-3,0,0.5,37506|246|2021-07-27,0.26225652703975816,-0.6733664230633328
37541,246,2021-07-27,2021-08-08,13,control,0,0.0052991416,0,dept_246_closure_2021-07-27,2021-06-18,2021-06,-3,0,,37541|246|2021-07-27,-0.3024808313602418,-0.6733664230633328
41263,246,2021-07-27,2021-08-08,13,control,0,0.97604525,1,dept_246_closure_2021-07-27,2021-06-18,2021-06,-3,0,0.25,41263|246|2021-07-27,0.6682652770397581,-0.6733664230633328
41289,246,2021-07-27,2021-08-08,13,control,0,0.003877407,0,dept_246_closure_2021-07-27,2021-06-18,2021-06,-3,0,,41289|246|2021-07-27,-0.3039025659602418,-0.6733664230633328
41747,246,2021-07-27,2021-08-08,13,control,0,0.024151748,0,dept_246_closure_2021-07-27,2021-06-18,2021-06,-3,0,,41747|246|2021-07-27,-0.28362822496024176,-0.6733664230633328
41924,246,2021-07-27,2021-08-08,13,control,0,0.024839915,0,dept_246_closure_2021-07-27,2021-06-18,2021-06,-3,0,,41924|246|2021-07-27,-0.2829400579602418,-0.6733664230633328
43570,246,2021-07-27,2021-08-08,13,control,0,0.50512415,1,dept_246_closure_2021-07-27,2021-06-18,2021-06,-3,0,,43570|246|2021-07-27,0.1973441770397582,-0.6733664230633328
44805,246,2021-07-27,2021-08-08,13,control,0,0.006438557,0,dept_246_closure_2021-07-27,2021-06-18,2021-06,-3,0,,44805|246|2021-07-27,-0.3013414159602418,-0.6733664230633328
46323,246,2021-07-27,2021-08-08,13,control,0,0.004436662,0,dept_246_closure_2021-07-27,2021-06-18,2021-06,-3,0,,46323|246|2021-07-27,-0.3033433109602418,-0.6733664230633328
48069,246,2021-07-27,2021-08-08,13,control,0,0.036547642,0,dept_246_closure_2021-07-27,2021-06-18,2021-06,-3,0,,48069|246|2021-07-27,-0.2712323309602418,-0.6733664230633328
48118,246,2021-07-27,2021-08-08,13,control,0,0.007977607,0,dept_246_closure_2021-07-27,2021-06-18,2021-06,-3,0,,48118|246|2021-07-27,-0.2998023659602418,-0.6733664230633328
49114,246,2021-07-27,2021-08-08,13,control,0,0.01653051,0,dept_246_closure_2021-07-27,2021-06-18,2021-06,-3,0,,49114|246|2021-07-27,-0.2912494629602418,-0.6733664230633328
50430,246,2021-07-27,2021-08-08,13,control,0,0.12106775,0,dept_246_closure_2021-07-27,2021-06-18,2021-06,-3,0,,50430|246|2021-07-27,-0.18671222296024179,-0.6733664230633328
55719,246,2021-07-27,2021-08-08,13,control,0,0.06846984,0,dept_246_closure_2021-07-27,2021-06-18,2021-06,-3,0,1.0,55719|246|2021-07-27,-0.23931013296024178,-0.6733664230633328
58174,246,2021-07-27,2021-08-08,13,treatment,1,0.025775751,0,dept_246_closure_2021-07-27,2021-06-18,2021-06,-3,0,,58174|246|2021-07-27,-0.2820042219602418,-0.6733664230633328
61470,246,2021-07-27,2021-08-08,13,control,0,0.0019178551,0,dept_246_closure_2021-07-27,2021-06-18,2021-06,-3,0,,61470|246|2021-07-27,-0.3058621178602418,-0.6733664230633328
62467,246,2021-07-27,2021-08-08,13,control,0,0.7539235,1,dept_246_closure_2021-07-27,2021-06-18,2021-06,-3,0,0.0,62467|246|2021-07-27,0.4461435270397582,-0.6733664230633328
62617,246,2021-07-27,2021-08-08,13,control,0,0.2802774,0,dept_246_closure_2021-07-27,2021-06-18,2021-06,-3,0,0.0,62617|246|2021-07-27,-0.027502572960241778,-0.6733664230633328
63894,246,2021-07-27,2021-08-08,13,treatment,1,0.0032472073,0,dept_246_closure_2021-07-27,2021-06-18,2021-06,-3,0,,63894|246|2021-07-27,-0.3045327656602418,-0.6733664230633328
64161,246,2021-07-27,2021-08-08,13,control,0,0.34984437,0,dept_246_closure_2021-07-27,2021-06-18,2021-06,-3,0,1.0,64161|246|2021-07-27,0.04206439703975823,-0.6733664230633328
64994,246,2021-07-27,2021-08-08,13,control,0,0.14465883,0,dept_246_closure_2021-07-27,2021-06-18,2021-06,-3,0,,64994|246|2021-07-27,-0.1631211429602418,-0.6733664230633328
65724,246,2021-07-27,2021-08-08,13,control,0,0.3674528,0,dept_246_closure_2021-07-27,2021-06-18,2021-06,-3,0,1.0,65724|246|2021-07-27,0.059672827039758236,-0.6733664230633328
68795,246,2021-07-27,2021-08-08,13,control,0,0.9651761,1,dept_246_closure_2021-07-27,2021-06-18,2021-06,-3,0,1.0,68795|246|2021-07-27,0.6573961270397581,-0.6733664230633328
74930,246,2021-07-27,2021-08-08,13,control,0,0.006238125,0,dept_246_closure_2021-07-27,2021-06-18,2021-06,-3,0,,74930|246|2021-07-27,-0.3015418479602418,-0.6733664230633328
75254,246,2021-07-27,2021-08-08,13,control,0,0.006278402,0,dept_246_closure_2021-07-27,2021-06-18,2021-06,-3,0,,75254|246|2021-07-27,-0.30150157096024177,-0.6733664230633328
75454,246,2021-07-27,2021-08-08,13,control,0,0.051739547,0,dept_246_closure_2021-07-27,2021-06-18,2021-06,-3,0,,75454|246|2021-07-27,-0.2560404259602418,-0.6733664230633328
77627,246,2021-07-27,2021-08-08,13,control,0,0.9423059,1,dept_246_closure_2021-07-27,2021-06-18,2021-06,-3,0,1.0,77627|246|2021-07-27,0.6345259270397583,-0.6733664230633328
80592,246,2021-07-27,2021-08-08,13,control,0,0.0012003159,0,dept_246_closure_2021-07-27,2021-06-18,2021-06,-3,0,,80592|246|2021-07-27,-0.30657965706024176,-0.6733664230633328
83197,246,2021-07-27,2021-08-08,13,control,0,0.060882423,0,dept_246_closure_2021-07-27,2021-06-18,2021-06,-3,0,,83197|246|2021-07-27,-0.2468975499602418,-0.6733664230633328
83512,246,2021-07-27,2021-08-08,13,treatment,1,0.0007489331,0,dept_246_closure_2021-07-27,2021-06-18,2021-06,-3,0,,83512|246|2021-07-27,-0.3070310398602418,-0.6733664230633328
83837,246,2021-07-27,2021-08-08,13,control,0,0.032278985,0,dept_246_closure_2021-07-27,2021-06-18,2021-06,-3,0,,83837|246|2021-07-27,-0.2755009879602418,-0.6733664230633328
84880,246,2021-07-27,2021-08-08,13,control,0,0.00688161,0,dept_246_closure_2021-07-27,2021-06-18,2021-06,-3,0,,84880|246|2021-07-27,-0.3008983629602418,-0.6733664230633328
85945,246,2021-07-27,2021-08-08,13,control,0,0.0026010852,0,dept_246_closure_2021-07-27,2021-06-18,2021-06,-3,0,,85945|246|2021-07-27,-0.30517888776024177,-0.6733664230633328
88701,246,2021-07-27,2021-08-08,13,control,0,0.002537611,0,dept_246_closure_2021-07-27,2021-06-18,2021-06,-3,0,,88701|246|2021-07-27,-0.3052423619602418,-0.6733664230633328
89391,246,2021-07-27,2021-08-08,13,control,0,0.009230248,0,dept_246_closure_2021-07-27,2021-06-18,2021-06,-3,0,,89391|246|2021-07-27,-0.2985497249602418,-0.6733664230633328
94006,246,2021-07-27,2021-08-08,13,control,0,0.28857115,0,dept_246_closure_2021-07-27,2021-06-18,2021-06,-3,0,,94006|246|2021-07-27,-0.01920882296024179,-0.6733664230633328
99636,246,2021-07-27,2021-08-08,13,treatment,1,0.48824883,0,dept_246_closure_2021-07-27,2021-06-18,2021-06,-3,0,0.0,99636|246|2021-07-27,0.18046885703975823,-0.6733664230633328
100285,246,2021-07-27,2021-08-08,13,control,0,0.0010297304,0,dept_246_closure_2021-07-27,2021-06-18,2021-06,-3,0,,100285|246|2021-07-27,-0.3067502425602418,-0.6733664230633328
101690,246,2021-07-27,2021-08-08,13,control,0,0.0054791784,0,dept_246_closure_2021-07-27,2021-06-18,2021-06,-3,0,,101690|246|2021-07-27,-0.3023007945602418,-0.6733664230633328
102939,246,2021-07-27,2021-08-08,13,control,0,0.056172602,0,dept_246_closure_2021-07-27,2021-06-18,2021-06,-3,0,,102939|246|2021-07-27,-0.25160737096024177,-0.6733664230633328
104364,246,2021-07-27,2021-08-08,13,treatment,1,0.0011055329,0,dept_246_closure_2021-07-27,2021-06-18,2021-06,-3,0,,104364|246|2021-07-27,-0.3066744400602418,-0.6733664230633328
104791,246,2021-07-27,2021-08-08,13,control,0,0.00038451306,0,dept_246_closure_2021-07-27,2021-06-18,2021-06,-3,0,,104791|246|2021-07-27,-0.3073954599002418,-0.6733664230633328
104999,246,2021-07-27,2021-08-08,13,control,0,0.77188766,1,dept_246_closure_2021-07-27,2021-06-18,2021-06,-3,0,1.0,104999|246|2021-07-27,0.4641076870397582,-0.6733664230633328
106451,246,2021-07-27,2021-08-08,13,control,0,0.59141666,1,dept_246_closure_2021-07-27,2021-06-18,2021-06,-3,0,1.0,106451|246|2021-07-27,0.28363668703975825,-0.6733664230633328
107729,246,2021-07-27,2021-08-08,13,treatment,1,0.9872944,1,dept_246_closure_2021-07-27,2021-06-18,2021-06,-3,0,0.018518518518518517,107729|246|2021-07-27,0.6795144270397582,-0.6733664230633328
108290,246,2021-07-27,2021-08-08,13,control,0,0.27102268,0,dept_246_closure_2021-07-27,2021-06-18,2021-06,-3,0,1.0,108290|246|2021-07-27,-0.03675729296024177,-0.6733664230633328
108602,246,2021-07-27,2021-08-08,13,control,0,0.12955897,0,dept_246_closure_2021-07-27,2021-06-18,2021-06,-3,0,,108602|246|2021-07-27,-0.1782210029602418,-0.6733664230633328
110523,246,2021-07-27,2021-08-08,13,treatment,1,0.033722427,0,dept_246_closure_2021-07-27,2021-06-18,2021-06,-3,0,,110523|246|2021-07-27,-0.2740575459602418,-0.6733664230633328
111618,246,2021-07-27,2021-08-08,13,control,0,0.020083731,0,dept_246_closure_2021-07-27,2021-06-18,2021-06,-3,0,,111618|246|2021-07-27,-0.2876962419602418,-0.6733664230633328
113259,246,2021-07-27,2021-08-08,13,control,0,0.2508315,0,dept_246_closure_2021-07-27,2021-06-18,2021-06,-3,0,1.0,113259|246|2021-07-27,-0.0569484729602418,-0.6733664230633328
115213,246,2021-07-27,2021-08-08,13,control,0,0.8139987,1,dept_246_closure_2021-07-27,2021-06-18,2021-06,-3,0,0.75,115213|246|2021-07-27,0.5062187270397582,-0.6733664230633328
115992,246,2021-07-27,2021-08-08,13,control,0,0.0014414658,0,dept_246_closure_2021-07-27,2021-06-18,2021-06,-3,0,,115992|246|2021-07-27,-0.3063385071602418,-0.6733664230633328
117266,246,2021-07-27,2021-08-08,13,control,0,0.04361259,0,dept_246_closure_2021-07-27,2021-06-18,2021-06,-3,0,,117266|246|2021-07-27,-0.2641673829602418,-0.6733664230633328
117463,246,2021-07-27,2021-08-08,13,treatment,1,0.000519652,0,dept_246_closure_2021-07-27,2021-06-18,2021-06,-3,0,,117463|246|2021-07-27,-0.3072603209602418,-0.6733664230633328
117689,246,2021-07-27,2021-08-08,13,control,0,0.11426322,0,dept_246_closure_2021-07-27,2021-06-18,2021-06,-3,0,0.0,117689|246|2021-07-27,-0.1935167529602418,-0.6733664230633328
118028,246,2021-07-27,2021-08-08,13,control,0,0.042520892,0,dept_246_closure_2021-07-27,2021-06-18,2021-06,-3,0,,118028|246|2021-07-27,-0.2652590809602418,-0.6733664230633328
123845,246,2021-07-27,2021-08-08,13,control,0,0.0049063414,0,dept_246_closure_2021-07-27,2021-06-18,2021-06,-3,0,,123845|246|2021-07-27,-0.3028736315602418,-0.6733664230633328
124140,246,2021-07-27,2021-08-08,13,control,0,0.00077034417,0,dept_246_closure_2021-07-27,2021-06-18,2021-06,-3,0,,124140|246|2021-07-27,-0.3070096287902418,-0.6733664230633328
124519,246,2021-07-27,2021-08-08,13,control,0,0.1613756,0,dept_246_closure_2021-07-27,2021-06-18,2021-06,-3,0,,124519|246|2021-07-27,-0.14640437296024178,-0.6733664230633328
125288,246,2021-07-27,2021-08-08,13,treatment,1,0.00042904564,0,dept_246_closure_2021-07-27,2021-06-18,2021-06,-3,0,,125288|246|2021-07-27,-0.3073509273202418,-0.6733664230633328
126383,246,2021-07-27,2021-08-08,13,control,0,0.015411615,0,dept_246_closure_2021-07-27,2021-06-18,2021-06,-3,0,,126383|246|2021-07-27,-0.2923683579602418,-0.6733664230633328
127325,246,2021-07-27,2021-08-08,13,control,0,0.31199288,0,dept_246_closure_2021-07-27,2021-06-18,2021-06,-3,0,1.0,127325|246|2021-07-27,0.004212907039758185,-0.6733664230633328
133214,246,2021-07-27,2021-08-08,13,control,0,0.007817035,0,dept_246_closure_2021-07-27,2021-06-18,2021-06,-3,0,,133214|246|2021-07-27,-0.29996293796024176,-0.6733664230633328
133833,246,2021-07-27,2021-08-08,13,control,0,0.0031631151,0,dept_246_closure_2021-07-27,2021-06-18,2021-06,-3,0,,133833|246|2021-07-27,-0.3046168578602418,-0.6733664230633328
135205,246,2021-07-27,2021-08-08,13,control,0,0.0010553765,0,dept_246_closure_2021-07-27,2021-06-18,2021-06,-3,0,,135205|246|2021-07-27,-0.3067245964602418,-0.6733664230633328
136057,246,2021-07-27,2021-08-08,13,control,0,0.2031454,0,dept_246_closure_2021-07-27,2021-06-18,2021-06,-3,0,,136057|246|2021-07-27,-0.10463457296024178,-0.6733664230633328
136063,246,2021-07-27,2021-08-08,13,control,0,0.005267139,0,dept_246_closure_2021-07-27,2021-06-18,2021-06,-3,0,,136063|246|2021-07-27,-0.3025128339602418,-0.6733664230633328
137955,246,2021-07-27,2021-08-08,13,control,0,0.8207661,1,dept_246_closure_2021-07-27,2021-06-18,2021-06,-3,0,1.0,137955|246|2021-07-27,0.5129861270397582,-0.6733664230633328
138417,246,2021-07-27,2021-08-08,13,control,0,0.03873831,0,dept_246_closure_2021-07-27,2021-06-18,2021-06,-3,0,,138417|246|2021-07-27,-0.2690416629602418,-0.6733664230633328
138825,246,2021-07-27,2021-08-08,13,control,0,0.27647775,0,dept_246_closure_2021-07-27,2021-06-18,2021-06,-3,0,1.0,138825|246|2021-07-27,-0.031302222960241766,-0.6733664230633328
139774,246,2021-07-27,2021-08-08,13,control,0,0.06656849,0,dept_246_closure_2021-07-27,2021-06-18,2021-06,-3,0,0.6666666666666666,139774|246|2021-07-27,-0.2412114829602418,-0.6733664230633328
143776,246,2021-07-27,2021-08-08,13,control,0,0.14395767,0,dept_246_closure_2021-07-27,2021-06-18,2021-06,-3,0,0.8333333333333334,143776|246|2021-07-27,-0.16382230296024178,-0.6733664230633328
145372,246,2021-07-27,2021-08-08,13,treatment,1,0.0004766058,0,dept_246_closure_2021-07-27,2021-06-18,2021-06,-3,0,,145372|246|2021-07-27,-0.3073033671602418,-0.6733664230633328
147307,246,2021-07-27,2021-08-08,13,control,0,0.0975213,0,dept_246_closure_2021-07-27,2021-06-18,2021-06,-3,0,,147307|246|2021-07-27,-0.21025867296024178,-0.6733664230633328
148127,246,2021-07-27,2021-08-08,13,control,0,0.07233724,0,dept_246_closure_2021-07-27,2021-06-18,2021-06,-3,0,0.75,148127|246|2021-07-27,-0.2354427329602418,-0.6733664230633328
148441,246,2021-07-27,2021-08-08,13,control,0,0.2556321,0,dept_246_closure_2021-07-27,2021-06-18,2021-06,-3,0,,148441|246|2021-07-27,-0.052147872960241815,-0.6733664230633328
151009,246,2021-07-27,2021-08-08,13,control,0,0.6553716,1,dept_246_closure_2021-07-27,2021-06-18,2021-06,-3,0,1.0,151009|246|2021-07-27,0.34759162703975827,-0.6733664230633328
151024,246,2021-07-27,2021-08-08,13,control,0,0.5315132,1,dept_246_closure_2021-07-27,2021-06-18,2021-06,-3,0,0.0,151024|246|2021-07-27,0.22373322703975823,-0.6733664230633328
152032,246,2021-07-27,2021-08-08,13,control,0,0.80558157,1,dept_246_closure_2021-07-27,2021-06-18,2021-06,-3,0,,152032|246|2021-07-27,0.4978015970397582,-0.6733664230633328
155231,246,2021-07-27,2021-08-08,13,treatment,1,0.012627428,0,dept_246_closure_2021-07-27,2021-06-18,2021-06,-3,0,,155231|246|2021-07-27,-0.2951525449602418,-0.6733664230633328
155553,246,2021-07-27,2021-08-08,13,control,0,0.0030715873,0,dept_246_closure_2021-07-27,2021-06-18,2021-06,-3,0,,155553|246|2021-07-27,-0.3047083856602418,-0.6733664230633328
155965,246,2021-07-27,2021-08-08,13,control,0,0.006050398,0,dept_246_closure_2021-07-27,2021-06-18,2021-06,-3,0,,155965|246|2021-07-27,-0.3017295749602418,-0.6733664230633328
156315,246,2021-07-27,2021-08-08,13,control,0,0.012487564,0,dept_246_closure_2021-07-27,2021-06-18,2021-06,-3,0,0.5,156315|246|2021-07-27,-0.2952924089602418,-0.6733664230633328
156681,246,2021-07-27,2021-08-08,13,control,0,0.8056619,1,dept_246_closure_2021-07-27,2021-06-18,2021-06,-3,0,0.25,156681|246|2021-07-27,0.49788192703975825,-0.6733664230633328
157356,246,2021-07-27,2021-08-08,13,control,0,0.36475253,0,dept_246_closure_2021-07-27,2021-06-18,2021-06,-3,0,0.3333333333333333,157356|246|2021-07-27,0.05697255703975823,-0.6733664230633328
159290,246,2021-07-27,2021-08-08,13,control,0,0.520794,1,dept_246_closure_2021-07-27,2021-06-18,2021-06,-3,0,0.5,159290|246|2021-07-27,0.2130140270397582,-0.6733664230633328
163009,246,2021-07-27,2021-08-08,13,control,0,0.0032412908,0,dept_246_closure_2021-07-27,2021-06-18,2021-06,-3,0,,163009|246|2021-07-27,-0.30453868216024177,-0.6733664230633328
168851,246,2021-07-27,2021-08-08,13,treatment,1,0.14223818,0,dept_246_closure_2021-07-27,2021-06-18,2021-06,-3,0,,168851|246|2021-07-27,-0.1655417929602418,-0.6733664230633328
168859,246,2021-07-27,2021-08-08,13,control,0,0.23655716,0,dept_246_closure_2021-07-27,2021-06-18,2021-06,-3,0,,168859|246|2021-07-27,-0.0712228129602418,-0.6733664230633328
169284,246,2021-07-27,2021-08-08,13,control,0,0.077404,0,dept_246_closure_2021-07-27,2021-06-18,2021-06,-3,0,,169284|246|2021-07-27,-0.2303759729602418,-0.6733664230633328
169779,246,2021-07-27,2021-08-08,13,control,0,0.5095837,1,dept_246_closure_2021-07-27,2021-06-18,2021-06,-3,0,,169779|246|2021-07-27,0.20180372703975819,-0.6733664230633328
170648,246,2021-07-27,2021-08-08,13,control,0,0.08296131,0,dept_246_closure_2021-07-27,2021-06-18,2021-06,-3,0,,170648|246|2021-07-27,-0.22481866296024178,-0.6733664230633328
171829,246,2021-07-27,2021-08-08,13,control,0,0.7854076,1,dept_246_closure_2021-07-27,2021-06-18,2021-06,-3,0,,171829|246|2021-07-27,0.4776276270397582,-0.6733664230633328
174299,246,2021-07-27,2021-08-08,13,control,0,0.12492011,0,dept_246_closure_2021-07-27,2021-06-18,2021-06,-3,0,,174299|246|2021-07-27,-0.1828598629602418,-0.6733664230633328
175565,246,2021-07-27,2021-08-08,13,control,0,0.00043081085,0,dept_246_closure_2021-07-27,2021-06-18,2021-06,-3,0,,175565|246|2021-07-27,-0.30734916211024177,-0.6733664230633328
180465,246,2021-07-27,2021-08-08,13,treatment,1,0.259185,0,dept_246_closure_2021-07-27,2021-06-18,2021-06,-3,0,,180465|246|2021-07-27,-0.04859497296024179,-0.6733664230633328
181998,246,2021-07-27,2021-08-08,13,control,0,0.143926,0,dept_246_closure_2021-07-27,2021-06-18,2021-06,-3,0,,181998|246|2021-07-27,-0.1638539729602418,-0.6733664230633328
183672,246,2021-07-27,2021-08-08,13,control,0,0.0026851657,0,dept_246_closure_2021-07-27,2021-06-18,2021-06,-3,0,,183672|246|2021-07-27,-0.3050948072602418,-0.6733664230633328
184494,246,2021-07-27,2021-08-08,13,control,0,0.8184082,1,dept_246_closure_2021-07-27,2021-06-18,2021-06,-3,0,0.5,184494|246|2021-07-27,0.5106282270397582,-0.6733664230633328
184868,246,2021-07-27,2021-08-08,13,control,0,0.36570916,0,dept_246_closure_2021-07-27,2021-06-18,2021-06,-3,0,1.0,184868|246|2021-07-27,0.05792918703975819,-0.6733664230633328
188771,246,2021-07-27,2021-08-08,13,control,0,0.008155373,0,dept_246_closure_2021-07-27,2021-06-18,2021-06,-3,0,,188771|246|2021-07-27,-0.29962459996024177,-0.6733664230633328
191129,246,2021-07-27,2021-08-08,13,control,0,0.00997795,0,dept_246_closure_2021-07-27,2021-06-18,2021-06,-3,0,,191129|246|2021-07-27,-0.2978020229602418,-0.6733664230633328
197542,246,2021-07-27,2021-08-08,13,control,0,0.038574096,0,dept_246_closure_2021-07-27,2021-06-18,2021-06,-3,0,,197542|246|2021-07-27,-0.2692058769602418,-0.6733664230633328
199413,246,2021-07-27,2021-08-08,13,control,0,0.02999612,0,dept_246_closure_2021-07-27,2021-06-18,2021-06,-3,0,,199413|246|2021-07-27,-0.2777838529602418,-0.6733664230633328
203579,246,2021-07-27,2021-08-08,13,control,0,0.004454911,0,dept_246_closure_2021-07-27,2021-06-18,2021-06,-3,0,,203579|246|2021-07-27,-0.3033250619602418,-0.6733664230633328
203841,246,2021-07-27,2021-08-08,13,control,0,0.0010743989,0,dept_246_closure_2021-07-27,2021-06-18,2021-06,-3,0,,203841|246|2021-07-27,-0.3067055740602418,-0.6733664230633328
204424,246,2021-07-27,2021-08-08,13,control,0,0.01007441,0,dept_246_closure_2021-07-27,2021-06-18,2021-06,-3,0,,204424|246|2021-07-27,-0.2977055629602418,-0.6733664230633328
204924,246,2021-07-27,2021-08-08,13,control,0,0.00014777645,0,dept_246_closure_2021-07-27,2021-06-18,2021-06,-3,0,,204924|246|2021-07-27,-0.30763219651024176,-0.6733664230633328
205498,246,2021-07-27,2021-08-08,13,control,0,0.010686833,0,dept_246_closure_2021-07-27,2021-06-18,2021-06,-3,0,,205498|246|2021-07-27,-0.2970931399602418,-0.6733664230633328
208321,246,2021-07-27,2021-08-08,13,control,0,0.009726258,0,dept_246_closure_2021-07-27,2021-06-18,2021-06,-3,0,,208321|246|2021-07-27,-0.2980537149602418,-0.6733664230633328
210109,246,2021-07-27,2021-08-08,13,control,0,0.2929824,0,dept_246_closure_2021-07-27,2021-06-18,2021-06,-3,0,,210109|246|2021-07-27,-0.014797572960241812,-0.6733664230633328
210669,246,2021-07-27,2021-08-08,13,treatment,1,0.013678787,0,dept_246_closure_2021-07-27,2021-06-18,2021-06,-3,0,,210669|246|2021-07-27,-0.29410118596024176,-0.6733664230633328
215562,246,2021-07-27,2021-08-08,13,control,0,0.04311617,0,dept_246_closure_2021-07-27,2021-06-18,2021-06,-3,0,,215562|246|2021-07-27,-0.2646638029602418,-0.6733664230633328
217728,246,2021-07-27,2021-08-08,13,control,0,0.029586418,0,dept_246_closure_2021-07-27,2021-06-18,2021-06,-3,0,,217728|246|2021-07-27,-0.2781935549602418,-0.6733664230633328
218261,246,2021-07-27,2021-08-08,13,treatment,1,0.0028441278,0,dept_246_closure_2021-07-27,2021-06-18,2021-06,-3,0,,218261|246|2021-07-27,-0.3049358451602418,-0.6733664230633328
220611,246,2021-07-27,2021-08-08,13,control,0,0.4585377,0,dept_246_closure_2021-07-27,2021-06-18,2021-06,-3,0,0.6666666666666666,220611|246|2021-07-27,0.1507577270397582,-0.6733664230633328
225448,246,2021-07-27,2021-08-08,13,control,0,0.0052057686,0,dept_246_closure_2021-07-27,2021-06-18,2021-06,-3,0,,225448|246|2021-07-27,-0.3025742043602418,-0.6733664230633328
225682,246,2021-07-27,2021-08-08,13,control,0,0.001283649,0,dept_246_closure_2021-07-27,2021-06-18,2021-06,-3,0,,225682|246|2021-07-27,-0.3064963239602418,-0.6733664230633328
226835,246,2021-07-27,2021-08-08,13,control,0,0.12201637,0,dept_246_closure_2021-07-27,2021-06-18,2021-06,-3,0,,226835|246|2021-07-27,-0.1857636029602418,-0.6733664230633328
229636,246,2021-07-27,2021-08-08,13,control,0,0.3207437,0,dept_246_closure_2021-07-27,2021-06-18,2021-06,-3,0,,229636|246|2021-07-27,0.012963727039758233,-0.6733664230633328
230132,246,2021-07-27,2021-08-08,13,control,0,0.06859596,0,dept_246_closure_2021-07-27,2021-06-18,2021-06,-3,0,,230132|246|2021-07-27,-0.23918401296024178,-0.6733664230633328
233290,246,2021-07-27,2021-08-08,13,control,0,0.52270347,1,dept_246_closure_2021-07-27,2021-06-18,2021-06,-3,0,,233290|246|2021-07-27,0.21492349703975816,-0.6733664230633328
233346,246,2021-07-27,2021-08-08,13,control,0,0.00021615047,0,dept_246_closure_2021-07-27,2021-06-18,2021-06,-3,0,,233346|246|2021-07-27,-0.3075638224902418,-0.6733664230633328
234672,246,2021-07-27,2021-08-08,13,control,0,0.000580863,0,dept_246_closure_2021-07-27,2021-06-18,2021-06,-3,0,,234672|246|2021-07-27,-0.3071991099602418,-0.6733664230633328
236029,246,2021-07-27,2021-08-08,13,control,0,0.040655516,0,dept_246_closure_2021-07-27,2021-06-18,2021-06,-3,0,,236029|246|2021-07-27,-0.2671244569602418,-0.6733664230633328
236820,246,2021-07-27,2021-08-08,13,control,0,0.00022939839,0,dept_246_closure_2021-07-27,2021-06-18,2021-06,-3,0,,236820|246|2021-07-27,-0.30755057457024176,-0.6733664230633328
236997,246,2021-07-27,2021-08-08,13,control,0,0.36613643,0,dept_246_closure_2021-07-27,2021-06-18,2021-06,-3,0,1.0,236997|246|2021-07-27,0.058356457039758225,-0.6733664230633328
237146,246,2021-07-27,2021-08-08,13,control,0,0.61688244,1,dept_246_closure_2021-07-27,2021-06-18,2021-06,-3,0,0.0,237146|246|2021-07-27,0.30910246703975824,-0.6733664230633328
237810,246,2021-07-27,2021-08-08,13,control,0,0.005046733,0,dept_246_closure_2021-07-27,2021-06-18,2021-06,-3,0,,237810|246|2021-07-27,-0.30273323996024176,-0.6733664230633328
238525,246,2021-07-27,2021-08-08,13,control,0,0.007303511,0,dept_246_closure_2021-07-27,2021-06-18,2021-06,-3,0,,238525|246|2021-07-27,-0.3004764619602418,-0.6733664230633328
241338,246,2021-07-27,2021-08-08,13,control,0,0.021715533,0,dept_246_closure_2021-07-27,2021-06-18,2021-06,-3,0,1.0,241338|246|2021-07-27,-0.2860644399602418,-0.6733664230633328
241507,246,2021-07-27,2021-08-08,13,control,0,0.20312865,0,dept_246_closure_2021-07-27,2021-06-18,2021-06,-3,0,,241507|246|2021-07-27,-0.1046513229602418,-0.6733664230633328
244794,246,2021-07-27,2021-08-08,13,control,0,0.33012336,0,dept_246_closure_2021-07-27,2021-06-18,2021-06,-3,0,0.5,244794|246|2021-07-27,0.02234338703975819,-0.6733664230633328
245077,246,2021-07-27,2021-08-08,13,control,0,0.10267958,0,dept_246_closure_2021-07-27,2021-06-18,2021-06,-3,0,0.5,245077|246|2021-07-27,-0.2051003929602418,-0.6733664230633328
246094,246,2021-07-27,2021-08-08,13,control,0,0.0079742605,0,dept_246_closure_2021-07-27,2021-06-18,2021-06,-3,0,,246094|246|2021-07-27,-0.2998057124602418,-0.6733664230633328
247767,246,2021-07-27,2021-08-08,13,control,0,0.0012259317,0,dept_246_closure_2021-07-27,2021-06-18,2021-06,-3,0,,247767|246|2021-07-27,-0.30655404126024177,-0.6733664230633328
249817,246,2021-07-27,2021-08-08,13,treatment,1,0.44966677,0,dept_246_closure_2021-07-27,2021-06-18,2021-06,-3,0,0.0,249817|246|2021-07-27,0.1418867970397582,-0.6733664230633328
250542,246,2021-07-27,2021-08-08,13,control,0,0.0035489663,0,dept_246_closure_2021-07-27,2021-06-18,2021-06,-3,0,,250542|246|2021-07-27,-0.3042310066602418,-0.6733664230633328
251334,246,2021-07-27,2021-08-08,13,control,0,0.0025421518,0,dept_246_closure_2021-07-27,2021-06-18,2021-06,-3,0,,251334|246|2021-07-27,-0.3052378211602418,-0.6733664230633328
252087,246,2021-07-27,2021-08-08,13,control,0,0.8424901,1,dept_246_closure_2021-07-27,2021-06-18,2021-06,-3,0,1.0,252087|246|2021-07-27,0.5347101270397583,-0.6733664230633328
252217,246,2021-07-27,2021-08-08,13,control,0,0.7053127,1,dept_246_closure_2021-07-27,2021-06-18,2021-06,-3,0,,252217|246|2021-07-27,0.3975327270397582,-0.6733664230633328
255689,246,2021-07-27,2021-08-08,13,control,0,0.55216575,1,dept_246_closure_2021-07-27,2021-06-18,2021-06,-3,0,1.0,255689|246|2021-07-27,0.24438577703975822,-0.6733664230633328
255874,246,2021-07-27,2021-08-08,13,control,0,0.078918055,0,dept_246_closure_2021-07-27,2021-06-18,2021-06,-3,0,,255874|246|2021-07-27,-0.2288619179602418,-0.6733664230633328
257892,246,2021-07-27,2021-08-08,13,treatment,1,0.09642344,0,dept_246_closure_2021-07-27,2021-06-18,2021-06,-3,0,,257892|246|2021-07-27,-0.2113565329602418,-0.6733664230633328
259539,246,2021-07-27,2021-08-08,13,control,0,0.98992246,1,dept_246_closure_2021-07-27,2021-06-18,2021-06,-3,0,0.5,259539|246|2021-07-27,0.6821424870397581,-0.6733664230633328
259582,246,2021-07-27,2021-08-08,13,control,0,0.7666549,1,dept_246_closure_2021-07-27,2021-06-18,2021-06,-3,0,1.0,259582|246|2021-07-27,0.45887492703975824,-0.6733664230633328
260406,246,2021-07-27,2021-08-08,13,control,0,0.95459735,1,dept_246_closure_2021-07-27,2021-06-18,2021-06,-3,0,0.0,260406|246|2021-07-27,0.6468173770397583,-0.6733664230633328
262174,246,2021-07-27,2021-08-08,13,control,0,0.017433695,0,dept_246_closure_2021-07-27,2021-06-18,2021-06,-3,0,,262174|246|2021-07-27,-0.2903462779602418,-0.6733664230633328
262226,246,2021-07-27,2021-08-08,13,treatment,1,0.0046343305,0,dept_246_closure_2021-07-27,2021-06-18,2021-06,-3,0,,262226|246|2021-07-27,-0.3031456424602418,-0.6733664230633328
262312,246,2021-07-27,2021-08-08,13,treatment,1,0.30028024,0,dept_246_closure_2021-07-27,2021-06-18,2021-06,-3,0,0.6666666666666666,262312|246|2021-07-27,-0.007499732960241812,-0.6733664230633328
262908,246,2021-07-27,2021-08-08,13,control,0,0.0017360738,0,dept_246_closure_2021-07-27,2021-06-18,2021-06,-3,0,,262908|246|2021-07-27,-0.3060438991602418,-0.6733664230633328
265383,246,2021-07-27,2021-08-08,13,control,0,0.3692996,0,dept_246_closure_2021-07-27,2021-06-18,2021-06,-3,0,0.5,265383|246|2021-07-27,0.06151962703975822,-0.6733664230633328
266110,246,2021-07-27,2021-08-08,13,control,0,0.14823094,0,dept_246_closure_2021-07-27,2021-06-18,2021-06,-3,0,0.6666666666666666,266110|246|2021-07-27,-0.15954903296024178,-0.6733664230633328
267323,246,2021-07-27,2021-08-08,13,control,0,0.009151967,0,dept_246_closure_2021-07-27,2021-06-18,2021-06,-3,0,,267323|246|2021-07-27,-0.2986280059602418,-0.6733664230633328
271753,246,2021-07-27,2021-08-08,13,control,0,0.70104194,1,dept_246_closure_2021-07-27,2021-06-18,2021-06,-3,0,0.3333333333333333,271753|246|2021-07-27,0.3932619670397582,-0.6733664230633328
272325,246,2021-07-27,2021-08-08,13,control,0,0.03747098,0,dept_246_closure_2021-07-27,2021-06-18,2021-06,-3,0,,272325|246|2021-07-27,-0.2703089929602418,-0.6733664230633328
274118,246,2021-07-27,2021-08-08,13,control,0,0.16955857,0,dept_246_closure_2021-07-27,2021-06-18,2021-06,-3,0,,274118|246|2021-07-27,-0.1382214029602418,-0.6733664230633328
274812,246,2021-07-27,2021-08-08,13,control,0,0.009415506,0,dept_246_closure_2021-07-27,2021-06-18,2021-06,-3,0,,274812|246|2021-07-27,-0.29836446696024177,-0.6733664230633328
277601,246,2021-07-27,2021-08-08,13,treatment,1,0.1419399,0,dept_246_closure_2021-07-27,2021-06-18,2021-06,-3,0,1.0,277601|246|2021-07-27,-0.16584007296024178,-0.6733664230633328
280469,246,2021-07-27,2021-08-08,13,control,0,0.0043828194,0,dept_246_closure_2021-07-27,2021-06-18,2021-06,-3,0,,280469|246|2021-07-27,-0.3033971535602418,-0.6733664230633328
283701,246,2021-07-27,2021-08-08,13,control,0,0.001436328,0,dept_246_closure_2021-07-27,2021-06-18,2021-06,-3,0,,283701|246|2021-07-27,-0.3063436449602418,-0.6733664230633328
284315,246,2021-07-27,2021-08-08,13,control,0,0.4202311,0,dept_246_closure_2021-07-27,2021-06-18,2021-06,-3,0,0.0,284315|246|2021-07-27,0.11245112703975824,-0.6733664230633328
285033,246,2021-07-27,2021-08-08,13,treatment,1,0.00620761,0,dept_246_closure_2021-07-27,2021-06-18,2021-06,-3,0,,285033|246|2021-07-27,-0.3015723629602418,-0.6733664230633328
285046,246,2021-07-27,2021-08-08,13,control,0,0.0044367714,0,dept_246_closure_2021-07-27,2021-06-18,2021-06,-3,0,,285046|246|2021-07-27,-0.3033432015602418,-0.6733664230633328
285633,246,2021-07-27,2021-08-08,13,control,0,0.43627,0,dept_246_closure_2021-07-27,2021-06-18,2021-06,-3,0,1.0,285633|246|2021-07-27,0.1284900270397582,-0.6733664230633328
286482,246,2021-07-27,2021-08-08,13,control,0,0.02225262,0,dept_246_closure_2021-07-27,2021-06-18,2021-06,-3,0,,286482|246|2021-07-27,-0.2855273529602418,-0.6733664230633328
286653,246,2021-07-27,2021-08-08,13,control,0,0.0026606242,0,dept_246_closure_2021-07-27,2021-06-18,2021-06,-3,0,,286653|246|2021-07-27,-0.30511934876024177,-0.6733664230633328
286897,246,2021-07-27,2021-08-08,13,control,0,0.16014734,0,dept_246_closure_2021-07-27,2021-06-18,2021-06,-3,0,,286897|246|2021-07-27,-0.1476326329602418,-0.6733664230633328
287010,246,2021-07-27,2021-08-08,13,treatment,1,0.009861909,0,dept_246_closure_2021-07-27,2021-06-18,2021-06,-3,0,,287010|246|2021-07-27,-0.2979180639602418,-0.6733664230633328
287756,246,2021-07-27,2021-08-08,13,treatment,1,0.28949228,0,dept_246_closure_2021-07-27,2021-06-18,2021-06,-3,0,,287756|246|2021-07-27,-0.018287692960241797,-0.6733664230633328
288337,246,2021-07-27,2021-08-08,13,treatment,1,0.22882752,0,dept_246_closure_2021-07-27,2021-06-18,2021-06,-3,0,0.6666666666666666,288337|246|2021-07-27,-0.07895245296024178,-0.6733664230633328
288975,246,2021-07-27,2021-08-08,13,control,0,0.492053,0,dept_246_closure_2021-07-27,2021-06-18,2021-06,-3,0,1.0,288975|246|2021-07-27,0.18427302703975823,-0.6733664230633328
288983,246,2021-07-27,2021-08-08,13,control,0,0.2496914,0,dept_246_closure_2021-07-27,2021-06-18,2021-06,-3,0,,288983|246|2021-07-27,-0.05808857296024178,-0.6733664230633328
290365,246,2021-07-27,2021-08-08,13,control,0,0.10970233,0,dept_246_closure_2021-07-27,2021-06-18,2021-06,-3,0,,290365|246|2021-07-27,-0.19807764296024177,-0.6733664230633328
298986,246,2021-07-27,2021-08-08,13,treatment,1,0.04026596,0,dept_246_closure_2021-07-27,2021-06-18,2021-06,-3,0,,298986|246|2021-07-27,-0.2675140129602418,-0.6733664230633328
301762,246,2021-07-27,2021-08-08,13,control,0,0.7357581,1,dept_246_closure_2021-07-27,2021-06-18,2021-06,-3,0,1.0,301762|246|2021-07-27,0.4279781270397582,-0.6733664230633328
304979,246,2021-07-27,2021-08-08,13,control,0,0.09525018,0,dept_246_closure_2021-07-27,2021-06-18,2021-06,-3,0,0.0,304979|246|2021-07-27,-0.21252979296024177,-0.6733664230633328
307417,246,2021-07-27,2021-08-08,13,control,0,0.9599353,1,dept_246_closure_2021-07-27,2021-06-18,2021-06,-3,0,0.5,307417|246|2021-07-27,0.6521553270397582,-0.6733664230633328
309461,246,2021-07-27,2021-08-08,13,control,0,0.44486257,0,dept_246_closure_2021-07-27,2021-06-18,2021-06,-3,0,0.5,309461|246|2021-07-27,0.13708259703975822,-0.6733664230633328
313013,246,2021-07-27,2021-08-08,13,control,0,0.2960066,0,dept_246_closure_2021-07-27,2021-06-18,2021-06,-3,0,0.0,313013|246|2021-07-27,-0.01177337296024178,-0.6733664230633328
313212,246,2021-07-27,2021-08-08,13,control,0,0.5962742,1,dept_246_closure_2021-07-27,2021-06-18,2021-06,-3,0,0.6666666666666666,313212|246|2021-07-27,0.2884942270397582,-0.6733664230633328
316936,246,2021-07-27,2021-08-08,13,control,0,0.0037791403,0,dept_246_closure_2021-07-27,2021-06-18,2021-06,-3,0,,316936|246|2021-07-27,-0.3040008326602418,-0.6733664230633328
317316,246,2021-07-27,2021-08-08,13,control,0,0.85932696,1,dept_246_closure_2021-07-27,2021-06-18,2021-06,-3,0,0.0,317316|246|2021-07-27,0.5515469870397582,-0.6733664230633328
319362,246,2021-07-27,2021-08-08,13,control,0,0.054192737,0,dept_246_closure_2021-07-27,2021-06-18,2021-06,-3,0,,319362|246|2021-07-27,-0.2535872359602418,-0.6733664230633328
319378,246,2021-07-27,2021-08-08,13,control,0,0.0054719755,0,dept_246_closure_2021-07-27,2021-06-18,2021-06,-3,0,,319378|246|2021-07-27,-0.3023079974602418,-0.6733664230633328
321260,246,2021-07-27,2021-08-08,13,control,0,0.8903487,1,dept_246_closure_2021-07-27,2021-06-18,2021-06,-3,0,,321260|246|2021-07-27,0.5825687270397581,-0.6733664230633328
330118,246,2021-07-27,2021-08-08,13,control,0,0.02843772,0,dept_246_closure_2021-07-27,2021-06-18,2021-06,-3,0,,330118|246|2021-07-27,-0.2793422529602418,-0.6733664230633328
331482,246,2021-07-27,2021-08-08,13,treatment,1,0.001361551,0,dept_246_closure_2021-07-27,2021-06-18,2021-06,-3,0,,331482|246|2021-07-27,-0.30641842196024177,-0.6733664230633328
333622,246,2021-07-27,2021-08-08,13,control,0,0.9366751,1,dept_246_closure_2021-07-27,2021-06-18,2021-06,-3,0,0.5,333622|246|2021-07-27,0.6288951270397583,-0.6733664230633328
334962,246,2021-07-27,2021-08-08,13,control,0,0.08659036,0,dept_246_closure_2021-07-27,2021-06-18,2021-06,-3,0,,334962|246|2021-07-27,-0.22118961296024178,-0.6733664230633328
335068,246,2021-07-27,2021-08-08,13,treatment,1,0.009978552,0,dept_246_closure_2021-07-27,2021-06-18,2021-06,-3,0,,335068|246|2021-07-27,-0.2978014209602418,-0.6733664230633328
338562,246,2021-07-27,2021-08-08,13,treatment,1,0.017088,0,dept_246_closure_2021-07-27,2021-06-18,2021-06,-3,0,,338562|246|2021-07-27,-0.2906919729602418,-0.6733664230633328
338823,246,2021-07-27,2021-08-08,13,control,0,0.014918992,0,dept_246_closure_2021-07-27,2021-06-18,2021-06,-3,0,,338823|246|2021-07-27,-0.29286098096024177,-0.6733664230633328
339792,246,2021-07-27,2021-08-08,13,control,0,0.8495822,1,dept_246_closure_2021-07-27,2021-06-18,2021-06,-3,0,0.0,339792|246|2021-07-27,0.5418022270397582,-0.6733664230633328
341957,246,2021-07-27,2021-08-08,13,control,0,0.0035954094,0,dept_246_closure_2021-07-27,2021-06-18,2021-06,-3,0,,341957|246|2021-07-27,-0.30418456356024176,-0.6733664230633328
344830,246,2021-07-27,2021-08-08,13,control,0,0.052282482,0,dept_246_closure_2021-07-27,2021-06-18,2021-06,-3,0,1.0,344830|246|2021-07-27,-0.25549749096024177,-0.6733664230633328
345539,246,2021-07-27,2021-08-08,13,control,0,0.00086524605,0,dept_246_closure_2021-07-27,2021-06-18,2021-06,-3,0,,345539|246|2021-07-27,-0.3069147269102418,-0.6733664230633328
345625,246,2021-07-27,2021-08-08,13,control,0,0.018565921,0,dept_246_closure_2021-07-27,2021-06-18,2021-06,-3,0,,345625|246|2021-07-27,-0.2892140519602418,-0.6733664230633328
347325,246,2021-07-27,2021-08-08,13,control,0,0.0043380465,0,dept_246_closure_2021-07-27,2021-06-18,2021-06,-3,0,,347325|246|2021-07-27,-0.30344192646024176,-0.6733664230633328
350016,246,2021-07-27,2021-08-08,13,control,0,0.6836625,1,dept_246_closure_2021-07-27,2021-06-18,2021-06,-3,0,0.0,350016|246|2021-07-27,0.37588252703975816,-0.6733664230633328
355134,246,2021-07-27,2021-08-08,13,control,0,0.0044010277,0,dept_246_closure_2021-07-27,2021-06-18,2021-06,-3,0,,355134|246|2021-07-27,-0.3033789452602418,-0.6733664230633328
355269,246,2021-07-27,2021-08-08,13,control,0,0.016801858,0,dept_246_closure_2021-07-27,2021-06-18,2021-06,-3,0,,355269|246|2021-07-27,-0.2909781149602418,-0.6733664230633328
357111,246,2021-07-27,2021-08-08,13,control,0,0.23188306,0,dept_246_closure_2021-07-27,2021-06-18,2021-06,-3,0,,357111|246|2021-07-27,-0.07589691296024179,-0.6733664230633328
359844,246,2021-07-27,2021-08-08,13,control,0,0.52867234,1,dept_246_closure_2021-07-27,2021-06-18,2021-06,-3,0,0.0,359844|246|2021-07-27,0.22089236703975818,-0.6733664230633328
365341,246,2021-07-27,2021-08-08,13,control,0,0.13278699,0,dept_246_closure_2021-07-27,2021-06-18,2021-06,-3,0,,365341|246|2021-07-27,-0.1749929829602418,-0.6733664230633328
370044,246,2021-07-27,2021-08-08,13,control,0,0.0035498582,0,dept_246_closure_2021-07-27,2021-06-18,2021-06,-3,0,,370044|246|2021-07-27,-0.3042301147602418,-0.6733664230633328
371221,246,2021-07-27,2021-08-08,13,control,0,0.99873716,1,dept_246_closure_2021-07-27,2021-06-18,2021-06,-3,0,0.5,371221|246|2021-07-27,0.6909571870397582,-0.6733664230633328
372747,246,2021-07-27,2021-08-08,13,control,0,0.0048901043,0,dept_246_closure_2021-07-27,2021-06-18,2021-06,-3,0,,372747|246|2021-07-27,-0.3028898686602418,-0.6733664230633328
375645,246,2021-07-27,2021-08-08,13,control,0,0.37152928,0,dept_246_closure_2021-07-27,2021-06-18,2021-06,-3,0,,375645|246|2021-07-27,0.06374930703975823,-0.6733664230633328
378407,246,2021-07-27,2021-08-08,13,treatment,1,0.29822764,0,dept_246_closure_2021-07-27,2021-06-18,2021-06,-3,0,,378407|246|2021-07-27,-0.009552332960241772,-0.6733664230633328
379838,246,2021-07-27,2021-08-08,13,control,0,0.012882659,0,dept_246_closure_2021-07-27,2021-06-18,2021-06,-3,0,,379838|246|2021-07-27,-0.29489731396024177,-0.6733664230633328
384650,246,2021-07-27,2021-08-08,13,treatment,1,0.5255844,1,dept_246_closure_2021-07-27,2021-06-18,2021-06,-3,0,1.0,384650|246|2021-07-27,0.21780442703975816,-0.6733664230633328
385192,246,2021-07-27,2021-08-08,13,treatment,1,0.0069333566,0,dept_246_closure_2021-07-27,2021-06-18,2021-06,-3,0,,385192|246|2021-07-27,-0.3008466163602418,-0.6733664230633328
385301,246,2021-07-27,2021-08-08,13,treatment,1,0.0020563663,0,dept_246_closure_2021-07-27,2021-06-18,2021-06,-3,0,,385301|246|2021-07-27,-0.3057236066602418,-0.6733664230633328
390094,246,2021-07-27,2021-08-08,13,control,0,0.6938326,1,dept_246_closure_2021-07-27,2021-06-18,2021-06,-3,0,,390094|246|2021-07-27,0.38605262703975823,-0.6733664230633328
394241,246,2021-07-27,2021-08-08,13,control,0,0.0024767357,0,dept_246_closure_2021-07-27,2021-06-18,2021-06,-3,0,,394241|246|2021-07-27,-0.3053032372602418,-0.6733664230633328
398720,246,2021-07-27,2021-08-08,13,control,0,0.10058723,0,dept_246_closure_2021-07-27,2021-06-18,2021-06,-3,0,,398720|246|2021-07-27,-0.2071927429602418,-0.6733664230633328
399165,246,2021-07-27,2021-08-08,13,treatment,1,0.01611269,0,dept_246_closure_2021-07-27,2021-06-18,2021-06,-3,0,,399165|246|2021-07-27,-0.2916672829602418,-0.6733664230633328
400356,246,2021-07-27,2021-08-08,13,control,0,0.5050747,1,dept_246_closure_2021-07-27,2021-06-18,2021-06,-3,0,,400356|246|2021-07-27,0.1972947270397582,-0.6733664230633328
403400,246,2021-07-27,2021-08-08,13,control,0,0.06201131,0,dept_246_closure_2021-07-27,2021-06-18,2021-06,-3,0,,403400|246|2021-07-27,-0.2457686629602418,-0.6733664230633328
403978,246,2021-07-27,2021-08-08,13,control,0,0.015248471,0,dept_246_closure_2021-07-27,2021-06-18,2021-06,-3,0,,403978|246|2021-07-27,-0.2925315019602418,-0.6733664230633328
406351,246,2021-07-27,2021-08-08,13,control,0,0.9433126,1,dept_246_closure_2021-07-27,2021-06-18,2021-06,-3,0,1.0,406351|246|2021-07-27,0.6355326270397581,-0.6733664230633328
411042,246,2021-07-27,2021-08-08,13,control,0,0.0035023398,0,dept_246_closure_2021-07-27,2021-06-18,2021-06,-3,0,,411042|246|2021-07-27,-0.3042776331602418,-0.6733664230633328
413597,246,2021-07-27,2021-08-08,13,treatment,1,0.033977475,0,dept_246_closure_2021-07-27,2021-06-18,2021-06,-3,0,,413597|246|2021-07-27,-0.2738024979602418,-0.6733664230633328
416998,246,2021-07-27,2021-08-08,13,control,0,0.0013396153,0,dept_246_closure_2021-07-27,2021-06-18,2021-06,-3,0,,416998|246|2021-07-27,-0.3064403576602418,-0.6733664230633328
417897,246,2021-07-27,2021-08-08,13,control,0,0.5677011,1,dept_246_closure_2021-07-27,2021-06-18,2021-06,-3,0,1.0,417897|246|2021-07-27,0.25992112703975817,-0.6733664230633328
419836,246,2021-07-27,2021-08-08,13,control,0,0.40988797,0,dept_246_closure_2021-07-27,2021-06-18,2021-06,-3,0,0.5,419836|246|2021-07-27,0.1021079970397582,-0.6733664230633328
423045,246,2021-07-27,2021-08-08,13,control,0,0.944171,1,dept_246_closure_2021-07-27,2021-06-18,2021-06,-3,0,,423045|246|2021-07-27,0.6363910270397581,-0.6733664230633328
424548,246,2021-07-27,2021-08-08,13,control,0,0.7207846,1,dept_246_closure_2021-07-27,2021-06-18,2021-06,-3,0,0.5,424548|246|2021-07-27,0.4130046270397582,-0.6733664230633328
431076,246,2021-07-27,2021-08-08,13,control,0,0.031024417,0,dept_246_closure_2021-07-27,2021-06-18,2021-06,-3,0,,431076|246|2021-07-27,-0.2767555559602418,-0.6733664230633328
431105,246,2021-07-27,2021-08-08,13,treatment,1,0.06195705,0,dept_246_closure_2021-07-27,2021-06-18,2021-06,-3,0,,431105|246|2021-07-27,-0.24582292296024177,-0.6733664230633328
432796,246,2021-07-27,2021-08-08,13,control,0,0.010759436,0,dept_246_closure_2021-07-27,2021-06-18,2021-06,-3,0,,432796|246|2021-07-27,-0.2970205369602418,-0.6733664230633328
434128,246,2021-07-27,2021-08-08,13,control,0,0.16260657,0,dept_246_closure_2021-07-27,2021-06-18,2021-06,-3,0,,434128|246|2021-07-27,-0.14517340296024178,-0.6733664230633328
439016,246,2021-07-27,2021-08-08,13,control,0,0.00097234204,0,dept_246_closure_2021-07-27,2021-06-18,2021-06,-3,0,,439016|246|2021-07-27,-0.30680763092024177,-0.6733664230633328
439415,246,2021-07-27,2021-08-08,13,treatment,1,0.00854473,0,dept_246_closure_2021-07-27,2021-06-18,2021-06,-3,0,,439415|246|2021-07-27,-0.2992352429602418,-0.6733664230633328
440301,246,2021-07-27,2021-08-08,13,control,0,0.7762471,1,dept_246_closure_2021-07-27,2021-06-18,2021-06,-3,0,,440301|246|2021-07-27,0.4684671270397582,-0.6733664230633328
441807,246,2021-07-27,2021-08-08,13,treatment,1,0.007342132,0,dept_246_closure_2021-07-27,2021-06-18,2021-06,-3,0,,441807|246|2021-07-27,-0.3004378409602418,-0.6733664230633328
441960,246,2021-07-27,2021-08-08,13,treatment,1,0.06911523,0,dept_246_closure_2021-07-27,2021-06-18,2021-06,-3,0,0.0,441960|246|2021-07-27,-0.2386647429602418,-0.6733664230633328
442347,246,2021-07-27,2021-08-08,13,control,0,0.4125593,0,dept_246_closure_2021-07-27,2021-06-18,2021-06,-3,0,,442347|246|2021-07-27,0.10477932703975823,-0.6733664230633328
442951,246,2021-07-27,2021-08-08,13,control,0,0.08055308,0,dept_246_closure_2021-07-27,2021-06-18,2021-06,-3,0,,442951|246|2021-07-27,-0.2272268929602418,-0.6733664230633328
443224,246,2021-07-27,2021-08-08,13,control,0,0.012283262,0,dept_246_closure_2021-07-27,2021-06-18,2021-06,-3,0,,443224|246|2021-07-27,-0.29549671096024177,-0.6733664230633328
444724,246,2021-07-27,2021-08-08,13,control,0,0.31141287,0,dept_246_closure_2021-07-27,2021-06-18,2021-06,-3,0,1.0,444724|246|2021-07-27,0.0036328970397582205,-0.6733664230633328
446139,246,2021-07-27,2021-08-08,13,treatment,1,0.01199333,0,dept_246_closure_2021-07-27,2021-06-18,2021-06,-3,0,,446139|246|2021-07-27,-0.29578664296024176,-0.6733664230633328
449149,246,2021-07-27,2021-08-08,13,control,0,0.023524707,0,dept_246_closure_2021-07-27,2021-06-18,2021-06,-3,0,,449149|246|2021-07-27,-0.2842552659602418,-0.6733664230633328
450011,246,2021-07-27,2021-08-08,13,treatment,1,0.07574345,0,dept_246_closure_2021-07-27,2021-06-18,2021-06,-3,0,,450011|246|2021-07-27,-0.2320365229602418,-0.6733664230633328
450376,246,2021-07-27,2021-08-08,13,control,0,0.9690146,1,dept_246_closure_2021-07-27,2021-06-18,2021-06,-3,0,1.0,450376|246|2021-07-27,0.6612346270397582,-0.6733664230633328
452100,246,2021-07-27,2021-08-08,13,control,0,0.004648191,0,dept_246_closure_2021-07-27,2021-06-18,2021-06,-3,0,,452100|246|2021-07-27,-0.30313178196024176,-0.6733664230633328
452195,246,2021-07-27,2021-08-08,13,control,0,0.19528177,0,dept_246_closure_2021-07-27,2021-06-18,2021-06,-3,0,,452195|246|2021-07-27,-0.1124982029602418,-0.6733664230633328
452907,246,2021-07-27,2021-08-08,13,control,0,0.010661791,0,dept_246_closure_2021-07-27,2021-06-18,2021-06,-3,0,,452907|246|2021-07-27,-0.2971181819602418,-0.6733664230633328
453025,246,2021-07-27,2021-08-08,13,control,0,0.14658046,0,dept_246_closure_2021-07-27,2021-06-18,2021-06,-3,0,,453025|246|2021-07-27,-0.1611995129602418,-0.6733664230633328
453038,246,2021-07-27,2021-08-08,13,control,0,0.2722325,0,dept_246_closure_2021-07-27,2021-06-18,2021-06,-3,0,0.6,453038|246|2021-07-27,-0.0355474729602418,-0.6733664230633328
453665,246,2021-07-27,2021-08-08,13,control,0,0.009102977,0,dept_246_closure_2021-07-27,2021-06-18,2021-06,-3,0,,453665|246|2021-07-27,-0.2986769959602418,-0.6733664230633328
454818,246,2021-07-27,2021-08-08,13,control,0,0.007638136,0,dept_246_closure_2021-07-27,2021-06-18,2021-06,-3,0,,454818|246|2021-07-27,-0.30014183696024177,-0.6733664230633328
454884,246,2021-07-27,2021-08-08,13,control,0,0.002269149,0,dept_246_closure_2021-07-27,2021-06-18,2021-06,-3,0,,454884|246|2021-07-27,-0.30551082396024176,-0.6733664230633328
455289,246,2021-07-27,2021-08-08,13,control,0,0.028846227,0,dept_246_closure_2021-07-27,2021-06-18,2021-06,-3,0,,455289|246|2021-07-27,-0.2789337459602418,-0.6733664230633328
456094,246,2021-07-27,2021-08-08,13,control,0,0.18711595,0,dept_246_closure_2021-07-27,2021-06-18,2021-06,-3,0,,456094|246|2021-07-27,-0.12066402296024178,-0.6733664230633328
458984,246,2021-07-27,2021-08-08,13,control,0,0.9810481,1,dept_246_closure_2021-07-27,2021-06-18,2021-06,-3,0,0.5,458984|246|2021-07-27,0.6732681270397582,-0.6733664230633328
459841,246,2021-07-27,2021-08-08,13,control,0,0.0005614279,0,dept_246_closure_2021-07-27,2021-06-18,2021-06,-3,0,,459841|246|2021-07-27,-0.30721854506024177,-0.6733664230633328
461467,246,2021-07-27,2021-08-08,13,control,0,0.009364551,0,dept_246_closure_2021-07-27,2021-06-18,2021-06,-3,0,,461467|246|2021-07-27,-0.2984154219602418,-0.6733664230633328
461932,246,2021-07-27,2021-08-08,13,control,0,0.09253036,0,dept_246_closure_2021-07-27,2021-06-18,2021-06,-3,0,,461932|246|2021-07-27,-0.21524961296024178,-0.6733664230633328
468637,246,2021-07-27,2021-08-08,13,control,0,0.0082636215,0,dept_246_closure_2021-07-27,2021-06-18,2021-06,-3,0,,468637|246|2021-07-27,-0.2995163514602418,-0.6733664230633328
468990,246,2021-07-27,2021-08-08,13,control,0,0.0036695665,0,dept_246_closure_2021-07-27,2021-06-18,2021-06,-3,0,,468990|246|2021-07-27,-0.3041104064602418,-0.6733664230633328
470518,246,2021-07-27,2021-08-08,13,control,0,0.322585,0,dept_246_closure_2021-07-27,2021-06-18,2021-06,-3,0,1.0,470518|246|2021-07-27,0.014805027039758223,-0.6733664230633328
470834,246,2021-07-27,2021-08-08,13,control,0,0.000823228,0,dept_246_closure_2021-07-27,2021-06-18,2021-06,-3,0,,470834|246|2021-07-27,-0.3069567449602418,-0.6733664230633328
476923,246,2021-07-27,2021-08-08,13,control,0,0.03176959,0,dept_246_closure_2021-07-27,2021-06-18,2021-06,-3,0,,476923|246|2021-07-27,-0.2760103829602418,-0.6733664230633328
477028,246,2021-07-27,2021-08-08,13,control,0,0.042944282,0,dept_246_closure_2021-07-27,2021-06-18,2021-06,-3,0,0.0,477028|246|2021-07-27,-0.2648356909602418,-0.6733664230633328
480298,246,2021-07-27,2021-08-08,13,treatment,1,0.13048448,0,dept_246_closure_2021-07-27,2021-06-18,2021-06,-3,0,0.6666666666666666,480298|246|2021-07-27,-0.17729549296024177,-0.6733664230633328
480324,246,2021-07-27,2021-08-08,13,control,0,0.46218455,0,dept_246_closure_2021-07-27,2021-06-18,2021-06,-3,0,0.6666666666666666,480324|246|2021-07-27,0.15440457703975824,-0.6733664230633328
484536,246,2021-07-27,2021-08-08,13,control,0,0.01640969,0,dept_246_closure_2021-07-27,2021-06-18,2021-06,-3,0,,484536|246|2021-07-27,-0.2913702829602418,-0.6733664230633328
491245,246,2021-07-27,2021-08-08,13,treatment,1,0.40913373,0,dept_246_closure_2021-07-27,2021-06-18,2021-06,-3,0,0.0,491245|246|2021-07-27,0.10135375703975819,-0.6733664230633328
495255,246,2021-07-27,2021-08-08,13,control,0,0.5636729,1,dept_246_closure_2021-07-27,2021-06-18,2021-06,-3,0,,495255|246|2021-07-27,0.25589292703975824,-0.6733664230633328
495653,246,2021-07-27,2021-08-08,13,control,0,0.01161271,0,dept_246_closure_2021-07-27,2021-06-18,2021-06,-3,0,,495653|246|2021-07-27,-0.29616726296024176,-0.6733664230633328
500432,246,2021-07-27,2021-08-08,13,treatment,1,0.0071476568,0,dept_246_closure_2021-07-27,2021-06-18,2021-06,-3,0,,500432|246|2021-07-27,-0.3006323161602418,-0.6733664230633328
501027,246,2021-07-27,2021-08-08,13,control,0,0.07780795,0,dept_246_closure_2021-07-27,2021-06-18,2021-06,-3,0,,501027|246|2021-07-27,-0.22997202296024177,-0.6733664230633328
501671,246,2021-07-27,2021-08-08,13,control,0,0.006003442,0,dept_246_closure_2021-07-27,2021-06-18,2021-06,-3,0,,501671|246|2021-07-27,-0.30177653096024176,-0.6733664230633328
505404,246,2021-07-27,2021-08-08,13,control,0,0.0010926963,0,dept_246_closure_2021-07-27,2021-06-18,2021-06,-3,0,,505404|246|2021-07-27,-0.3066872766602418,-0.6733664230633328
507059,246,2021-07-27,2021-08-08,13,control,0,0.038536042,0,dept_246_closure_2021-07-27,2021-06-18,2021-06,-3,0,1.0,507059|246|2021-07-27,-0.2692439309602418,-0.6733664230633328
515135,246,2021-07-27,2021-08-08,13,control,0,0.77358234,1,dept_246_closure_2021-07-27,2021-06-18,2021-06,-3,0,0.0,515135|246|2021-07-27,0.46580236703975825,-0.6733664230633328
516387,246,2021-07-27,2021-08-08,13,control,0,0.54751676,1,dept_246_closure_2021-07-27,2021-06-18,2021-06,-3,0,0.0,516387|246|2021-07-27,0.23973678703975826,-0.6733664230633328
516947,246,2021-07-27,2021-08-08,13,control,0,0.0024468016,0,dept_246_closure_2021-07-27,2021-06-18,2021-06,-3,0,,516947|246|2021-07-27,-0.3053331713602418,-0.6733664230633328
518073,246,2021-07-27,2021-08-08,13,control,0,0.0034049528,0,dept_246_closure_2021-07-27,2021-06-18,2021-06,-3,0,,518073|246|2021-07-27,-0.30437502016024176,-0.6733664230633328
522473,246,2021-07-27,2021-08-08,13,control,0,0.006477041,0,dept_246_closure_2021-07-27,2021-06-18,2021-06,-3,0,,522473|246|2021-07-27,-0.30130293196024177,-0.6733664230633328
522888,246,2021-07-27,2021-08-08,13,control,0,0.46438572,0,dept_246_closure_2021-07-27,2021-06-18,2021-06,-3,0,0.2,522888|246|2021-07-27,0.15660574703975821,-0.6733664230633328
523756,246,2021-07-27,2021-08-08,13,control,0,0.08249825,0,dept_246_closure_2021-07-27,2021-06-18,2021-06,-3,0,,523756|246|2021-07-27,-0.2252817229602418,-0.6733664230633328
524242,246,2021-07-27,2021-08-08,13,control,0,0.24817444,0,dept_246_closure_2021-07-27,2021-06-18,2021-06,-3,0,,524242|246|2021-07-27,-0.05960553296024179,-0.6733664230633328
525088,246,2021-07-27,2021-08-08,13,control,0,0.010470928,0,dept_246_closure_2021-07-27,2021-06-18,2021-06,-3,0,,525088|246|2021-07-27,-0.2973090449602418,-0.6733664230633328
525089,246,2021-07-27,2021-08-08,13,control,0,0.3218755,0,dept_246_closure_2021-07-27,2021-06-18,2021-06,-3,0,0.0,525089|246|2021-07-27,0.014095527039758193,-0.6733664230633328
526993,246,2021-07-27,2021-08-08,13,control,0,0.041271646,0,dept_246_closure_2021-07-27,2021-06-18,2021-06,-3,0,,526993|246|2021-07-27,-0.2665083269602418,-0.6733664230633328
527214,246,2021-07-27,2021-08-08,13,control,0,0.31292325,0,dept_246_closure_2021-07-27,2021-06-18,2021-06,-3,0,,527214|246|2021-07-27,0.005143277039758198,-0.6733664230633328
527928,246,2021-07-27,2021-08-08,13,control,0,0.005893473,0,dept_246_closure_2021-07-27,2021-06-18,2021-06,-3,0,,527928|246|2021-07-27,-0.3018864999602418,-0.6733664230633328
529562,246,2021-07-27,2021-08-08,13,control,0,0.17627233,0,dept_246_closure_2021-07-27,2021-06-18,2021-06,-3,0,,529562|246|2021-07-27,-0.13150764296024178,-0.6733664230633328
531816,246,2021-07-27,2021-08-08,13,control,0,0.52069277,1,dept_246_closure_2021-07-27,2021-06-18,2021-06,-3,0,1.0,531816|246|2021-07-27,0.21291279703975824,-0.6733664230633328
534802,246,2021-07-27,2021-08-08,13,control,0,0.017343024,0,dept_246_closure_2021-07-27,2021-06-18,2021-06,-3,0,,534802|246|2021-07-27,-0.2904369489602418,-0.6733664230633328
535612,246,2021-07-27,2021-08-08,13,control,0,0.00053973676,0,dept_246_closure_2021-07-27,2021-06-18,2021-06,-3,0,,535612|246|2021-07-27,-0.30724023620024177,-0.6733664230633328
536411,246,2021-07-27,2021-08-08,13,control,0,0.050159402,0,dept_246_closure_2021-07-27,2021-06-18,2021-06,-3,0,,536411|246|2021-07-27,-0.25762057096024177,-0.6733664230633328
537954,246,2021-07-27,2021-08-08,13,control,0,0.16031921,0,dept_246_closure_2021-07-27,2021-06-18,2021-06,-3,0,0.3333333333333333,537954|246|2021-07-27,-0.1474607629602418,-0.6733664230633328
538089,246,2021-07-27,2021-08-08,13,control,0,0.13539918,0,dept_246_closure_2021-07-27,2021-06-18,2021-06,-3,0,,538089|246|2021-07-27,-0.17238079296024178,-0.6733664230633328
542794,246,2021-07-27,2021-08-08,13,control,0,0.5084093,1,dept_246_closure_2021-07-27,2021-06-18,2021-06,-3,0,,542794|246|2021-07-27,0.20062932703975817,-0.6733664230633328
543055,246,2021-07-27,2021-08-08,13,control,0,0.0135525465,0,dept_246_closure_2021-07-27,2021-06-18,2021-06,-3,0,,543055|246|2021-07-27,-0.2942274264602418,-0.6733664230633328
543648,246,2021-07-27,2021-08-08,13,control,0,0.0039488655,0,dept_246_closure_2021-07-27,2021-06-18,2021-06,-3,0,,543648|246|2021-07-27,-0.3038311074602418,-0.6733664230633328
545023,246,2021-07-27,2021-08-08,13,control,0,0.009715581,0,dept_246_closure_2021-07-27,2021-06-18,2021-06,-3,0,,545023|246|2021-07-27,-0.2980643919602418,-0.6733664230633328
545692,246,2021-07-27,2021-08-08,13,control,0,0.0008134581,0,dept_246_closure_2021-07-27,2021-06-18,2021-06,-3,0,,545692|246|2021-07-27,-0.3069665148602418,-0.6733664230633328
545694,246,2021-07-27,2021-08-08,13,control,0,0.0005715896,0,dept_246_closure_2021-07-27,2021-06-18,2021-06,-3,0,,545694|246|2021-07-27,-0.3072083833602418,-0.6733664230633328
545758,246,2021-07-27,2021-08-08,13,control,0,0.71061146,1,dept_246_closure_2021-07-27,2021-06-18,2021-06,-3,0,0.0,545758|246|2021-07-27,0.4028314870397582,-0.6733664230633328
546891,246,2021-07-27,2021-08-08,13,control,0,0.07180334,0,dept_246_closure_2021-07-27,2021-06-18,2021-06,-3,0,0.0,546891|246|2021-07-27,-0.2359766329602418,-0.6733664230633328
548191,246,2021-07-27,2021-08-08,13,control,0,0.24172111,0,dept_246_closure_2021-07-27,2021-06-18,2021-06,-3,0,0.0,548191|246|2021-07-27,-0.0660588629602418,-0.6733664230633328
549711,246,2021-07-27,2021-08-08,13,treatment,1,0.0021731849,0,dept_246_closure_2021-07-27,2021-06-18,2021-06,-3,0,,549711|246|2021-07-27,-0.3056067880602418,-0.6733664230633328
553155,246,2021-07-27,2021-08-08,13,control,0,0.83945435,1,dept_246_closure_2021-07-27,2021-06-18,2021-06,-3,0,,553155|246|2021-07-27,0.5316743770397583,-0.6733664230633328
553525,246,2021-07-27,2021-08-08,13,control,0,0.008986299,0,dept_246_closure_2021-07-27,2021-06-18,2021-06,-3,0,,553525|246|2021-07-27,-0.2987936739602418,-0.6733664230633328
555770,246,2021-07-27,2021-08-08,13,treatment,1,0.010941439,0,dept_246_closure_2021-07-27,2021-06-18,2021-06,-3,0,,555770|246|2021-07-27,-0.2968385339602418,-0.6733664230633328
555771,246,2021-07-27,2021-08-08,13,treatment,1,0.0842387,0,dept_246_closure_2021-07-27,2021-06-18,2021-06,-3,0,,555771|246|2021-07-27,-0.2235412729602418,-0.6733664230633328
555774,246,2021-07-27,2021-08-08,13,treatment,1,0.008043327,0,dept_246_closure_2021-07-27,2021-06-18,2021-06,-3,0,,555774|246|2021-07-27,-0.2997366459602418,-0.6733664230633328
555775,246,2021-07-27,2021-08-08,13,treatment,1,0.08296541,0,dept_246_closure_2021-07-27,2021-06-18,2021-06,-3,0,,555775|246|2021-07-27,-0.22481456296024177,-0.6733664230633328
555779,246,2021-07-27,2021-08-08,13,treatment,1,0.0014057029,0,dept_246_closure_2021-07-27,2021-06-18,2021-06,-3,0,,555779|246|2021-07-27,-0.30637427006024176,-0.6733664230633328
555783,246,2021-07-27,2021-08-08,13,treatment,1,0.013152651,0,dept_246_closure_2021-07-27,2021-06-18,2021-06,-3,0,,555783|246|2021-07-27,-0.2946273219602418,-0.6733664230633328
555790,246,2021-07-27,2021-08-08,13,treatment,1,0.015164689,0,dept_246_closure_2021-07-27,2021-06-18,2021-06,-3,0,,555790|246|2021-07-27,-0.2926152839602418,-0.6733664230633328
557816,246,2021-07-27,2021-08-08,13,control,0,0.21749215,0,dept_246_closure_2021-07-27,2021-06-18,2021-06,-3,0,0.5,557816|246|2021-07-27,-0.09028782296024179,-0.6733664230633328
559337,246,2021-07-27,2021-08-08,13,control,0,0.17666233,0,dept_246_closure_2021-07-27,2021-06-18,2021-06,-3,0,1.0,559337|246|2021-07-27,-0.13111764296024178,-0.6733664230633328
559408,246,2021-07-27,2021-08-08,13,control,0,0.018768283,0,dept_246_closure_2021-07-27,2021-06-18,2021-06,-3,0,,559408|246|2021-07-27,-0.2890116899602418,-0.6733664230633328
559409,246,2021-07-27,2021-08-08,13,control,0,0.96728253,1,dept_246_closure_2021-07-27,2021-06-18,2021-06,-3,0,,559409|246|2021-07-27,0.6595025570397581,-0.6733664230633328
561590,246,2021-07-27,2021-08-08,13,control,0,0.128723,0,dept_246_closure_2021-07-27,2021-06-18,2021-06,-3,0,0.0,561590|246|2021-07-27,-0.17905697296024178,-0.6733664230633328
563019,246,2021-07-27,2021-08-08,13,control,0,0.009029443,0,dept_246_closure_2021-07-27,2021-06-18,2021-06,-3,0,,563019|246|2021-07-27,-0.29875052996024176,-0.6733664230633328
564033,246,2021-07-27,2021-08-08,13,control,0,0.13902798,0,dept_246_closure_2021-07-27,2021-06-18,2021-06,-3,0,,564033|246|2021-07-27,-0.1687519929602418,-0.6733664230633328
567531,246,2021-07-27,2021-08-08,13,control,0,0.053659875,0,dept_246_closure_2021-07-27,2021-06-18,2021-06,-3,0,,567531|246|2021-07-27,-0.25412009796024176,-0.6733664230633328
568304,246,2021-07-27,2021-08-08,13,control,0,0.18506885,0,dept_246_closure_2021-07-27,2021-06-18,2021-06,-3,0,,568304|246|2021-07-27,-0.12271112296024178,-0.6733664230633328
568710,246,2021-07-27,2021-08-08,13,control,0,0.05581417,0,dept_246_closure_2021-07-27,2021-06-18,2021-06,-3,0,,568710|246|2021-07-27,-0.2519658029602418,-0.6733664230633328
568717,246,2021-07-27,2021-08-08,13,control,0,0.19861202,0,dept_246_closure_2021-07-27,2021-06-18,2021-06,-3,0,,568717|246|2021-07-27,-0.10916795296024179,-0.6733664230633328
569171,246,2021-07-27,2021-08-08,13,control,0,0.7194902,1,dept_246_closure_2021-07-27,2021-06-18,2021-06,-3,0,0.0,569171|246|2021-07-27,0.4117102270397582,-0.6733664230633328
569243,246,2021-07-27,2021-08-08,13,control,0,0.30488983,0,dept_246_closure_2021-07-27,2021-06-18,2021-06,-3,0,1.0,569243|246|2021-07-27,-0.002890142960241815,-0.6733664230633328
572425,246,2021-07-27,2021-08-08,13,control,0,0.5277754,1,dept_246_closure_2021-07-27,2021-06-18,2021-06,-3,0,,572425|246|2021-07-27,0.21999542703975822,-0.6733664230633328
574110,246,2021-07-27,2021-08-08,13,control,0,0.0024425895,0,dept_246_closure_2021-07-27,2021-06-18,2021-06,-3,0,,574110|246|2021-07-27,-0.3053373834602418,-0.6733664230633328
576316,246,2021-07-27,2021-08-08,13,control,0,0.18185039,0,dept_246_closure_2021-07-27,2021-06-18,2021-06,-3,0,1.0,576316|246|2021-07-27,-0.1259295829602418,-0.6733664230633328
578943,246,2021-07-27,2021-08-08,13,control,0,0.7836015,1,dept_246_closure_2021-07-27,2021-06-18,2021-06,-3,0,,578943|246|2021-07-27,0.47582152703975816,-0.6733664230633328
579360,246,2021-07-27,2021-08-08,13,control,0,0.16620348,0,dept_246_closure_2021-07-27,2021-06-18,2021-06,-3,0,1.0,579360|246|2021-07-27,-0.1415764929602418,-0.6733664230633328
579361,246,2021-07-27,2021-08-08,13,control,0,0.80165404,1,dept_246_closure_2021-07-27,2021-06-18,2021-06,-3,0,0.0,579361|246|2021-07-27,0.49387406703975817,-0.6733664230633328
581177,246,2021-07-27,2021-08-08,13,control,0,0.0018570615,0,dept_246_closure_2021-07-27,2021-06-18,2021-06,-3,0,,581177|246|2021-07-27,-0.3059229114602418,-0.6733664230633328
583595,246,2021-07-27,2021-08-08,13,control,0,0.00058975234,0,dept_246_closure_2021-07-27,2021-06-18,2021-06,-3,0,,583595|246|2021-07-27,-0.30719022062024176,-0.6733664230633328
585739,246,2021-07-27,2021-08-08,13,control,0,0.0023803557,0,dept_246_closure_2021-07-27,2021-06-18,2021-06,-3,0,,585739|246|2021-07-27,-0.3053996172602418,-0.6733664230633328
588443,246,2021-07-27,2021-08-08,13,control,0,0.069057114,0,dept_246_closure_2021-07-27,2021-06-18,2021-06,-3,0,,588443|246|2021-07-27,-0.23872285896024178,-0.6733664230633328
595167,246,2021-07-27,2021-08-08,13,control,0,0.058140654,0,dept_246_closure_2021-07-27,2021-06-18,2021-06,-3,0,,595167|246|2021-07-27,-0.24963931896024177,-0.6733664230633328
596009,246,2021-07-27,2021-08-08,13,control,0,0.00039956646,0,dept_246_closure_2021-07-27,2021-06-18,2021-06,-3,0,,596009|246|2021-07-27,-0.3073804065002418,-0.6733664230633328
596472,246,2021-07-27,2021-08-08,13,control,0,0.38928533,0,dept_246_closure_2021-07-27,2021-06-18,2021-06,-3,0,0.5,596472|246|2021-07-27,0.0815053570397582,-0.6733664230633328
597124,246,2021-07-27,2021-08-08,13,control,0,0.0056995642,0,dept_246_closure_2021-07-27,2021-06-18,2021-06,-3,0,,597124|246|2021-07-27,-0.3020804087602418,-0.6733664230633328
597426,246,2021-07-27,2021-08-08,13,control,0,0.24039146,0,dept_246_closure_2021-07-27,2021-06-18,2021-06,-3,0,0.0,597426|246|2021-07-27,-0.06738851296024179,-0.6733664230633328
597841,246,2021-07-27,2021-08-08,13,control,0,0.6473513,1,dept_246_closure_2021-07-27,2021-06-18,2021-06,-3,0,0.0,597841|246|2021-07-27,0.3395713270397582,-0.6733664230633328
597844,246,2021-07-27,2021-08-08,13,control,0,0.6792706,1,dept_246_closure_2021-07-27,2021-06-18,2021-06,-3,0,1.0,597844|246|2021-07-27,0.37149062703975816,-0.6733664230633328
599014,246,2021-07-27,2021-08-08,13,control,0,0.9615126,1,dept_246_closure_2021-07-27,2021-06-18,2021-06,-3,0,,599014|246|2021-07-27,0.6537326270397583,-0.6733664230633328
600093,246,2021-07-27,2021-08-08,13,treatment,1,0.001949751,0,dept_246_closure_2021-07-27,2021-06-18,2021-06,-3,0,,600093|246|2021-07-27,-0.3058302219602418,-0.6733664230633328
600236,246,2021-07-27,2021-08-08,13,treatment,1,0.008690901,0,dept_246_closure_2021-07-27,2021-06-18,2021-06,-3,0,,600236|246|2021-07-27,-0.2990890719602418,-0.6733664230633328
600802,246,2021-07-27,2021-08-08,13,control,0,0.025362764,0,dept_246_closure_2021-07-27,2021-06-18,2021-06,-3,0,,600802|246|2021-07-27,-0.2824172089602418,-0.6733664230633328
602120,246,2021-07-27,2021-08-08,13,control,0,0.097351424,0,dept_246_closure_2021-07-27,2021-06-18,2021-06,-3,0,,602120|246|2021-07-27,-0.21042854896024177,-0.6733664230633328
602124,246,2021-07-27,2021-08-08,13,control,0,0.11309978,0,dept_246_closure_2021-07-27,2021-06-18,2021-06,-3,0,,602124|246|2021-07-27,-0.1946801929602418,-0.6733664230633328
602125,246,2021-07-27,2021-08-08,13,control,0,0.028593527,0,dept_246_closure_2021-07-27,2021-06-18,2021-06,-3,0,,602125|246|2021-07-27,-0.2791864459602418,-0.6733664230633328
603013,246,2021-07-27,2021-08-08,13,control,0,0.39335406,0,dept_246_closure_2021-07-27,2021-06-18,2021-06,-3,0,1.0,603013|246|2021-07-27,0.08557408703975822,-0.6733664230633328
604432,246,2021-07-27,2021-08-08,13,control,0,0.0038901225,0,dept_246_closure_2021-07-27,2021-06-18,2021-06,-3,0,,604432|246|2021-07-27,-0.3038898504602418,-0.6733664230633328
613493,246,2021-07-27,2021-08-08,13,control,0,0.48033825,0,dept_246_closure_2021-07-27,2021-06-18,2021-06,-3,0,,613493|246|2021-07-27,0.17255827703975823,-0.6733664230633328
613860,246,2021-07-27,2021-08-08,13,control,0,0.0053632376,0,dept_246_closure_2021-07-27,2021-06-18,2021-06,-3,0,,613860|246|2021-07-27,-0.3024167353602418,-0.6733664230633328
614813,246,2021-07-27,2021-08-08,13,control,0,0.72239745,1,dept_246_closure_2021-07-27,2021-06-18,2021-06,-3,0,,614813|246|2021-07-27,0.4146174770397582,-0.6733664230633328
615015,246,2021-07-27,2021-08-08,13,control,0,0.053707235,0,dept_246_closure_2021-07-27,2021-06-18,2021-06,-3,0,,615015|246|2021-07-27,-0.25407273796024177,-0.6733664230633328
618999,246,2021-07-27,2021-08-08,13,control,0,0.15502954,0,dept_246_closure_2021-07-27,2021-06-18,2021-06,-3,0,,618999|246|2021-07-27,-0.1527504329602418,-0.6733664230633328
620766,246,2021-07-27,2021-08-08,13,control,0,0.00068438525,0,dept_246_closure_2021-07-27,2021-06-18,2021-06,-3,0,,620766|246|2021-07-27,-0.3070955877102418,-0.6733664230633328
621023,246,2021-07-27,2021-08-08,13,control,0,0.0061639016,0,dept_246_closure_2021-07-27,2021-06-18,2021-06,-3,0,,621023|246|2021-07-27,-0.30161607136024177,-0.6733664230633328
621722,246,2021-07-27,2021-08-08,13,control,0,0.71391684,1,dept_246_closure_2021-07-27,2021-06-18,2021-06,-3,0,0.5,621722|246|2021-07-27,0.4061368670397582,-0.6733664230633328
623783,246,2021-07-27,2021-08-08,13,control,0,0.9951931,1,dept_246_closure_2021-07-27,2021-06-18,2021-06,-3,0,0.0,623783|246|2021-07-27,0.6874131270397583,-0.6733664230633328
623805,246,2021-07-27,2021-08-08,13,control,0,0.06917468,0,dept_246_closure_2021-07-27,2021-06-18,2021-06,-3,0,,623805|246|2021-07-27,-0.2386052929602418,-0.6733664230633328
623808,246,2021-07-27,2021-08-08,13,control,0,0.9979461,1,dept_246_closure_2021-07-27,2021-06-18,2021-06,-3,0,0.5,623808|246|2021-07-27,0.6901661270397581,-0.6733664230633328
624145,246,2021-07-27,2021-08-08,13,control,0,0.35900682,0,dept_246_closure_2021-07-27,2021-06-18,2021-06,-3,0,1.0,624145|246|2021-07-27,0.051226847039758217,-0.6733664230633328
625679,246,2021-07-27,2021-08-08,13,control,0,0.0054499777,0,dept_246_closure_2021-07-27,2021-06-18,2021-06,-3,0,,625679|246|2021-07-27,-0.3023299952602418,-0.6733664230633328
625795,246,2021-07-27,2021-08-08,13,control,0,0.0064810133,0,dept_246_closure_2021-07-27,2021-06-18,2021-06,-3,0,,625795|246|2021-07-27,-0.3012989596602418,-0.6733664230633328
626528,246,2021-07-27,2021-08-08,13,control,0,0.012384835,0,dept_246_closure_2021-07-27,2021-06-18,2021-06,-3,0,,626528|246|2021-07-27,-0.2953951379602418,-0.6733664230633328
628437,246,2021-07-27,2021-08-08,13,control,0,0.15738243,0,dept_246_closure_2021-07-27,2021-06-18,2021-06,-3,0,,628437|246|2021-07-27,-0.1503975429602418,-0.6733664230633328
629037,246,2021-07-27,2021-08-08,13,control,0,0.0024090034,0,dept_246_closure_2021-07-27,2021-06-18,2021-06,-3,0,,629037|246|2021-07-27,-0.3053709695602418,-0.6733664230633328
629038,246,2021-07-27,2021-08-08,13,treatment,1,0.24013825,0,dept_246_closure_2021-07-27,2021-06-18,2021-06,-3,0,,629038|246|2021-07-27,-0.06764172296024179,-0.6733664230633328
631459,246,2021-07-27,2021-08-08,13,control,0,0.0044175265,0,dept_246_closure_2021-07-27,2021-06-18,2021-06,-3,0,,631459|246|2021-07-27,-0.3033624464602418,-0.6733664230633328
632759,246,2021-07-27,2021-08-08,13,control,0,0.010952859,0,dept_246_closure_2021-07-27,2021-06-18,2021-06,-3,0,,632759|246|2021-07-27,-0.2968271139602418,-0.6733664230633328
633009,246,2021-07-27,2021-08-08,13,control,0,0.56572896,1,dept_246_closure_2021-07-27,2021-06-18,2021-06,-3,0,0.0,633009|246|2021-07-27,0.25794898703975816,-0.6733664230633328
633063,246,2021-07-27,2021-08-08,13,control,0,0.106019765,0,dept_246_closure_2021-07-27,2021-06-18,2021-06,-3,0,,633063|246|2021-07-27,-0.2017602079602418,-0.6733664230633328
635749,246,2021-07-27,2021-08-08,13,control,0,0.8945807,1,dept_246_closure_2021-07-27,2021-06-18,2021-06,-3,0,0.0,635749|246|2021-07-27,0.5868007270397582,-0.6733664230633328
636407,246,2021-07-27,2021-08-08,13,control,0,0.09816488,0,dept_246_closure_2021-07-27,2021-06-18,2021-06,-3,0,1.0,636407|246|2021-07-27,-0.20961509296024178,-0.6733664230633328
636923,246,2021-07-27,2021-08-08,13,control,0,0.8665299,1,dept_246_closure_2021-07-27,2021-06-18,2021-06,-3,0,,636923|246|2021-07-27,0.5587499270397582,-0.6733664230633328
636924,246,2021-07-27,2021-08-08,13,control,0,0.3707417,0,dept_246_closure_2021-07-27,2021-06-18,2021-06,-3,0,1.0,636924|246|2021-07-27,0.06296172703975822,-0.6733664230633328
639796,246,2021-07-27,2021-08-08,13,control,0,0.008453769,0,dept_246_closure_2021-07-27,2021-06-18,2021-06,-3,0,,639796|246|2021-07-27,-0.2993262039602418,-0.6733664230633328
644136,246,2021-07-27,2021-08-08,13,treatment,1,0.0034987608,0,dept_246_closure_2021-07-27,2021-06-18,2021-06,-3,0,,644136|246|2021-07-27,-0.3042812121602418,-0.6733664230633328
646267,246,2021-07-27,2021-08-08,13,control,0,0.22053812,0,dept_246_closure_2021-07-27,2021-06-18,2021-06,-3,0,0.0,646267|246|2021-07-27,-0.08724185296024178,-0.6733664230633328
647544,246,2021-07-27,2021-08-08,13,control,0,0.38944682,0,dept_246_closure_2021-07-27,2021-06-18,2021-06,-3,0,,647544|246|2021-07-27,0.08166684703975824,-0.6733664230633328
649523,246,2021-07-27,2021-08-08,13,control,0,0.008285319,0,dept_246_closure_2021-07-27,2021-06-18,2021-06,-3,0,,649523|246|2021-07-27,-0.2994946539602418,-0.6733664230633328
650314,246,2021-07-27,2021-08-08,13,control,0,0.041649476,0,dept_246_closure_2021-07-27,2021-06-18,2021-06,-3,0,,650314|246|2021-07-27,-0.26613049696024177,-0.6733664230633328
650497,246,2021-07-27,2021-08-08,13,control,0,0.01220301,0,dept_246_closure_2021-07-27,2021-06-18,2021-06,-3,0,,650497|246|2021-07-27,-0.2955769629602418,-0.6733664230633328
650796,246,2021-07-27,2021-08-08,13,control,0,0.113514744,0,dept_246_closure_2021-07-27,2021-06-18,2021-06,-3,0,0.0,650796|246|2021-07-27,-0.1942652289602418,-0.6733664230633328
651898,246,2021-07-27,2021-08-08,13,control,0,0.9841733,1,dept_246_closure_2021-07-27,2021-06-18,2021-06,-3,0,0.4,651898|246|2021-07-27,0.6763933270397582,-0.6733664230633328
653494,246,2021-07-27,2021-08-08,13,control,0,0.19648695,0,dept_246_closure_2021-07-27,2021-06-18,2021-06,-3,0,,653494|246|2021-07-27,-0.1112930229602418,-0.6733664230633328
654396,246,2021-07-27,2021-08-08,13,control,0,0.018824542,0,dept_246_closure_2021-07-27,2021-06-18,2021-06,-3,0,,654396|246|2021-07-27,-0.2889554309602418,-0.6733664230633328
654539,246,2021-07-27,2021-08-08,13,control,0,0.91421753,1,dept_246_closure_2021-07-27,2021-06-18,2021-06,-3,0,,654539|246|2021-07-27,0.6064375570397582,-0.6733664230633328
655632,246,2021-07-27,2021-08-08,13,control,0,0.44265658,0,dept_246_closure_2021-07-27,2021-06-18,2021-06,-3,0,,655632|246|2021-07-27,0.13487660703975823,-0.6733664230633328
655906,246,2021-07-27,2021-08-08,13,control,0,0.6456241,1,dept_246_closure_2021-07-27,2021-06-18,2021-06,-3,0,1.0,655906|246|2021-07-27,0.33784412703975825,-0.6733664230633328
655994,246,2021-07-27,2021-08-08,13,control,0,0.88607514,1,dept_246_closure_2021-07-27,2021-06-18,2021-06,-3,0,1.0,655994|246|2021-07-27,0.5782951670397583,-0.6733664230633328
656172,246,2021-07-27,2021-08-08,13,treatment,1,0.003492452,0,dept_246_closure_2021-07-27,2021-06-18,2021-06,-3,0,,656172|246|2021-07-27,-0.3042875209602418,-0.6733664230633328
657354,246,2021-07-27,2021-08-08,13,control,0,0.6226758,1,dept_246_closure_2021-07-27,2021-06-18,2021-06,-3,0,1.0,657354|246|2021-07-27,0.3148958270397582,-0.6733664230633328
657355,246,2021-07-27,2021-08-08,13,control,0,0.32611358,0,dept_246_closure_2021-07-27,2021-06-18,2021-06,-3,0,1.0,657355|246|2021-07-27,0.018333607039758226,-0.6733664230633328
657356,246,2021-07-27,2021-08-08,13,control,0,0.0070038517,0,dept_246_closure_2021-07-27,2021-06-18,2021-06,-3,0,,657356|246|2021-07-27,-0.3007761212602418,-0.6733664230633328
657358,246,2021-07-27,2021-08-08,13,control,0,0.13658209,0,dept_246_closure_2021-07-27,2021-06-18,2021-06,-3,0,,657358|246|2021-07-27,-0.1711978829602418,-0.6733664230633328
664460,246,2021-07-27,2021-08-08,13,control,0,0.22899963,0,dept_246_closure_2021-07-27,2021-06-18,2021-06,-3,0,,664460|246|2021-07-27,-0.07878034296024178,-0.6733664230633328
664767,246,2021-07-27,2021-08-08,13,control,0,0.007248521,0,dept_246_closure_2021-07-27,2021-06-18,2021-06,-3,0,,664767|246|2021-07-27,-0.3005314519602418,-0.6733664230633328
665519,246,2021-07-27,2021-08-08,13,control,0,0.94379646,1,dept_246_closure_2021-07-27,2021-06-18,2021-06,-3,0,0.6666666666666666,665519|246|2021-07-27,0.6360164870397582,-0.6733664230633328
665571,246,2021-07-27,2021-08-08,13,control,0,0.0016495719,0,dept_246_closure_2021-07-27,2021-06-18,2021-06,-3,0,,665571|246|2021-07-27,-0.3061304010602418,-0.6733664230633328
666122,246,2021-07-27,2021-08-08,13,control,0,0.046844617,0,dept_246_closure_2021-07-27,2021-06-18,2021-06,-3,0,,666122|246|2021-07-27,-0.2609353559602418,-0.6733664230633328
667695,246,2021-07-27,2021-08-08,13,control,0,0.08032639,0,dept_246_closure_2021-07-27,2021-06-18,2021-06,-3,0,1.0,667695|246|2021-07-27,-0.2274535829602418,-0.6733664230633328
668096,246,2021-07-27,2021-08-08,13,control,0,0.0022502174,0,dept_246_closure_2021-07-27,2021-06-18,2021-06,-3,0,,668096|246|2021-07-27,-0.3055297555602418,-0.6733664230633328
669146,246,2021-07-27,2021-08-08,13,control,0,0.01265297,0,dept_246_closure_2021-07-27,2021-06-18,2021-06,-3,0,,669146|246|2021-07-27,-0.2951270029602418,-0.6733664230633328
669519,246,2021-07-27,2021-08-08,13,control,0,0.0022082943,0,dept_246_closure_2021-07-27,2021-06-18,2021-06,-3,0,,669519|246|2021-07-27,-0.30557167866024176,-0.6733664230633328
671187,246,2021-07-27,2021-08-08,13,control,0,0.14804843,0,dept_246_closure_2021-07-27,2021-06-18,2021-06,-3,0,,671187|246|2021-07-27,-0.15973154296024178,-0.6733664230633328
672880,246,2021-07-27,2021-08-08,13,control,0,0.3963556,0,dept_246_closure_2021-07-27,2021-06-18,2021-06,-3,0,,672880|246|2021-07-27,0.08857562703975819,-0.6733664230633328
674161,246,2021-07-27,2021-08-08,13,control,0,0.60217315,1,dept_246_closure_2021-07-27,2021-06-18,2021-06,-3,0,,674161|246|2021-07-27,0.29439317703975826,-0.6733664230633328
674724,246,2021-07-27,2021-08-08,13,control,0,0.22715935,0,dept_246_closure_2021-07-27,2021-06-18,2021-06,-3,0,,674724|246|2021-07-27,-0.08062062296024178,-0.6733664230633328
675505,246,2021-07-27,2021-08-08,13,control,0,0.15651003,0,dept_246_closure_2021-07-27,2021-06-18,2021-06,-3,0,,675505|246|2021-07-27,-0.1512699429602418,-0.6733664230633328
676853,246,2021-07-27,2021-08-08,13,control,0,0.004177887,0,dept_246_closure_2021-07-27,2021-06-18,2021-06,-3,0,,676853|246|2021-07-27,-0.3036020859602418,-0.6733664230633328
677645,246,2021-07-27,2021-08-08,13,control,0,0.00460222,0,dept_246_closure_2021-07-27,2021-06-18,2021-06,-3,0,,677645|246|2021-07-27,-0.3031777529602418,-0.6733664230633328
679043,246,2021-07-27,2021-08-08,13,treatment,1,0.007110106,0,dept_246_closure_2021-07-27,2021-06-18,2021-06,-3,0,,679043|246|2021-07-27,-0.3006698669602418,-0.6733664230633328
680050,246,2021-07-27,2021-08-08,13,treatment,1,0.6510753,1,dept_246_closure_2021-07-27,2021-06-18,2021-06,-3,0,0.5,680050|246|2021-07-27,0.34329532703975824,-0.6733664230633328
683521,246,2021-07-27,2021-08-08,13,control,0,0.0039025282,0,dept_246_closure_2021-07-27,2021-06-18,2021-06,-3,0,,683521|246|2021-07-27,-0.3038774447602418,-0.6733664230633328
683684,246,2021-07-27,2021-08-08,13,control,0,0.10428627,0,dept_246_closure_2021-07-27,2021-06-18,2021-06,-3,0,,683684|246|2021-07-27,-0.20349370296024177,-0.6733664230633328
683804,246,2021-07-27,2021-08-08,13,control,0,0.0017932617,0,dept_246_closure_2021-07-27,2021-06-18,2021-06,-3,0,,683804|246|2021-07-27,-0.3059867112602418,-0.6733664230633328
683995,246,2021-07-27,2021-08-08,13,control,0,0.001137196,0,dept_246_closure_2021-07-27,2021-06-18,2021-06,-3,0,,683995|246|2021-07-27,-0.3066427769602418,-0.6733664230633328
684015,246,2021-07-27,2021-08-08,13,control,0,0.8845989,1,dept_246_closure_2021-07-27,2021-06-18,2021-06,-3,0,0.6666666666666666,684015|246|2021-07-27,0.5768189270397581,-0.6733664230633328
686956,246,2021-07-27,2021-08-08,13,control,0,0.0055859643,0,dept_246_closure_2021-07-27,2021-06-18,2021-06,-3,0,,686956|246|2021-07-27,-0.30219400866024176,-0.6733664230633328
687042,246,2021-07-27,2021-08-08,13,control,0,0.5541338,1,dept_246_closure_2021-07-27,2021-06-18,2021-06,-3,0,1.0,687042|246|2021-07-27,0.24635382703975822,-0.6733664230633328
689237,246,2021-07-27,2021-08-08,13,control,0,0.00090677815,0,dept_246_closure_2021-07-27,2021-06-18,2021-06,-3,0,,689237|246|2021-07-27,-0.3068731948102418,-0.6733664230633328
691273,246,2021-07-27,2021-08-08,13,treatment,1,0.5559356,1,dept_246_closure_2021-07-27,2021-06-18,2021-06,-3,0,0.0,691273|246|2021-07-27,0.2481556270397582,-0.6733664230633328
692401,246,2021-07-27,2021-08-08,13,control,0,0.031257436,0,dept_246_closure_2021-07-27,2021-06-18,2021-06,-3,0,,692401|246|2021-07-27,-0.27652253696024176,-0.6733664230633328
693452,246,2021-07-27,2021-08-08,13,control,0,0.07944487,0,dept_246_closure_2021-07-27,2021-06-18,2021-06,-3,0,,693452|246|2021-07-27,-0.2283351029602418,-0.6733664230633328
695396,246,2021-07-27,2021-08-08,13,control,0,0.59376544,1,dept_246_closure_2021-07-27,2021-06-18,2021-06,-3,0,1.0,695396|246|2021-07-27,0.2859854670397582,-0.6733664230633328
698986,246,2021-07-27,2021-08-08,13,control,0,0.26494306,0,dept_246_closure_2021-07-27,2021-06-18,2021-06,-3,0,1.0,698986|246|2021-07-27,-0.04283691296024178,-0.6733664230633328
699699,246,2021-07-27,2021-08-08,13,treatment,1,0.004846366,0,dept_246_closure_2021-07-27,2021-06-18,2021-06,-3,0,,699699|246|2021-07-27,-0.3029336069602418,-0.6733664230633328
700273,246,2021-07-27,2021-08-08,13,control,0,0.017649118,0,dept_246_closure_2021-07-27,2021-06-18,2021-06,-3,0,,700273|246|2021-07-27,-0.29013085496024177,-0.6733664230633328
700881,246,2021-07-27,2021-08-08,13,control,0,0.026280912,0,dept_246_closure_2021-07-27,2021-06-18,2021-06,-3,0,,700881|246|2021-07-27,-0.2814990609602418,-0.6733664230633328
703568,246,2021-07-27,2021-08-08,13,control,0,0.1636185,0,dept_246_closure_2021-07-27,2021-06-18,2021-06,-3,0,0.0,703568|246|2021-07-27,-0.1441614729602418,-0.6733664230633328
705741,246,2021-07-27,2021-08-08,13,control,0,0.240593,0,dept_246_closure_2021-07-27,2021-06-18,2021-06,-3,0,,705741|246|2021-07-27,-0.06718697296024179,-0.6733664230633328
706055,246,2021-07-27,2021-08-08,13,control,0,0.5146902,1,dept_246_closure_2021-07-27,2021-06-18,2021-06,-3,0,,706055|246|2021-07-27,0.2069102270397582,-0.6733664230633328
706109,246,2021-07-27,2021-08-08,13,control,0,0.007861774,0,dept_246_closure_2021-07-27,2021-06-18,2021-06,-3,0,,706109|246|2021-07-27,-0.2999181989602418,-0.6733664230633328
708207,246,2021-07-27,2021-08-08,13,treatment,1,0.009436967,0,dept_246_closure_2021-07-27,2021-06-18,2021-06,-3,0,,708207|246|2021-07-27,-0.29834300596024177,-0.6733664230633328
710137,246,2021-07-27,2021-08-08,13,control,0,0.069965854,0,dept_246_closure_2021-07-27,2021-06-18,2021-06,-3,0,,710137|246|2021-07-27,-0.2378141189602418,-0.6733664230633328
710677,246,2021-07-27,2021-08-08,13,control,0,0.07248529,0,dept_246_closure_2021-07-27,2021-06-18,2021-06,-3,0,1.0,710677|246|2021-07-27,-0.2352946829602418,-0.6733664230633328
712316,246,2021-07-27,2021-08-08,13,control,0,0.009721992,0,dept_246_closure_2021-07-27,2021-06-18,2021-06,-3,0,,712316|246|2021-07-27,-0.2980579809602418,-0.6733664230633328
713935,246,2021-07-27,2021-08-08,13,control,0,0.7094755,1,dept_246_closure_2021-07-27,2021-06-18,2021-06,-3,0,0.0,713935|246|2021-07-27,0.40169552703975825,-0.6733664230633328
716927,246,2021-07-27,2021-08-08,13,control,0,0.0043204585,0,dept_246_closure_2021-07-27,2021-06-18,2021-06,-3,0,,716927|246|2021-07-27,-0.3034595144602418,-0.6733664230633328
718666,246,2021-07-27,2021-08-08,13,treatment,1,0.003192709,0,dept_246_closure_2021-07-27,2021-06-18,2021-06,-3,0,,718666|246|2021-07-27,-0.30458726396024177,-0.6733664230633328
718772,246,2021-07-27,2021-08-08,13,control,0,0.05517942,0,dept_246_closure_2021-07-27,2021-06-18,2021-06,-3,0,,718772|246|2021-07-27,-0.2526005529602418,-0.6733664230633328
720882,246,2021-07-27,2021-08-08,13,control,0,0.04335409,0,dept_246_closure_2021-07-27,2021-06-18,2021-06,-3,0,,720882|246|2021-07-27,-0.2644258829602418,-0.6733664230633328
727797,246,2021-07-27,2021-08-08,13,treatment,1,0.13561638,0,dept_246_closure_2021-07-27,2021-06-18,2021-06,-3,0,0.5,727797|246|2021-07-27,-0.17216359296024178,-0.6733664230633328
728495,246,2021-07-27,2021-08-08,13,control,0,0.014965183,0,dept_246_closure_2021-07-27,2021-06-18,2021-06,-3,0,,728495|246|2021-07-27,-0.2928147899602418,-0.6733664230633328
729236,246,2021-07-27,2021-08-08,13,treatment,1,0.076605916,0,dept_246_closure_2021-07-27,2021-06-18,2021-06,-3,0,,729236|246|2021-07-27,-0.2311740569602418,-0.6733664230633328
729427,246,2021-07-27,2021-08-08,13,treatment,1,0.01933929,0,dept_246_closure_2021-07-27,2021-06-18,2021-06,-3,0,,729427|246|2021-07-27,-0.2884406829602418,-0.6733664230633328
729873,246,2021-07-27,2021-08-08,13,treatment,1,0.7575934,1,dept_246_closure_2021-07-27,2021-06-18,2021-06,-3,0,0.5,729873|246|2021-07-27,0.4498134270397582,-0.6733664230633328
729889,246,2021-07-27,2021-08-08,13,control,0,0.037756026,0,dept_246_closure_2021-07-27,2021-06-18,2021-06,-3,0,,729889|246|2021-07-27,-0.2700239469602418,-0.6733664230633328
733186,246,2021-07-27,2021-08-08,13,treatment,1,0.69795686,1,dept_246_closure_2021-07-27,2021-06-18,2021-06,-3,0,1.0,733186|246|2021-07-27,0.3901768870397582,-0.6733664230633328
735865,246,2021-07-27,2021-08-08,13,control,0,0.33605695,0,dept_246_closure_2021-07-27,2021-06-18,2021-06,-3,0,,735865|246|2021-07-27,0.028276977039758233,-0.6733664230633328
736734,246,2021-07-27,2021-08-08,13,control,0,0.39864597,0,dept_246_closure_2021-07-27,2021-06-18,2021-06,-3,0,,736734|246|2021-07-27,0.09086599703975823,-0.6733664230633328
739930,246,2021-07-27,2021-08-08,13,control,0,0.017589724,0,dept_246_closure_2021-07-27,2021-06-18,2021-06,-3,0,,739930|246|2021-07-27,-0.2901902489602418,-0.6733664230633328
742210,246,2021-07-27,2021-08-08,13,control,0,0.0008205761,0,dept_246_closure_2021-07-27,2021-06-18,2021-06,-3,0,,742210|246|2021-07-27,-0.30695939686024176,-0.6733664230633328
742713,246,2021-07-27,2021-08-08,13,control,0,0.7055811,1,dept_246_closure_2021-07-27,2021-06-18,2021-06,-3,0,0.0,742713|246|2021-07-27,0.3978011270397582,-0.6733664230633328
743481,246,2021-07-27,2021-08-08,13,control,0,0.1744169,0,dept_246_closure_2021-07-27,2021-06-18,2021-06,-3,0,,743481|246|2021-07-27,-0.13336307296024177,-0.6733664230633328
743573,246,2021-07-27,2021-08-08,13,control,0,0.01424737,0,dept_246_closure_2021-07-27,2021-06-18,2021-06,-3,0,,743573|246|2021-07-27,-0.2935326029602418,-0.6733664230633328
745348,246,2021-07-27,2021-08-08,13,control,0,0.6717277,1,dept_246_closure_2021-07-27,2021-06-18,2021-06,-3,0,1.0,745348|246|2021-07-27,0.36394772703975825,-0.6733664230633328
745784,246,2021-07-27,2021-08-08,13,control,0,0.07058759,0,dept_246_closure_2021-07-27,2021-06-18,2021-06,-3,0,0.0,745784|246|2021-07-27,-0.23719238296024178,-0.6733664230633328
745837,246,2021-07-27,2021-08-08,13,control,0,0.0012194227,0,dept_246_closure_2021-07-27,2021-06-18,2021-06,-3,0,,745837|246|2021-07-27,-0.3065605502602418,-0.6733664230633328
746756,246,2021-07-27,2021-08-08,13,control,0,0.08982364,0,dept_246_closure_2021-07-27,2021-06-18,2021-06,-3,0,1.0,746756|246|2021-07-27,-0.2179563329602418,-0.6733664230633328
747030,246,2021-07-27,2021-08-08,13,control,0,0.88071215,1,dept_246_closure_2021-07-27,2021-06-18,2021-06,-3,0,0.5,747030|246|2021-07-27,0.5729321770397582,-0.6733664230633328
750005,246,2021-07-27,2021-08-08,13,control,0,0.00368248,0,dept_246_closure_2021-07-27,2021-06-18,2021-06,-3,0,,750005|246|2021-07-27,-0.3040974929602418,-0.6733664230633328
750565,246,2021-07-27,2021-08-08,13,control,0,0.09725597,0,dept_246_closure_2021-07-27,2021-06-18,2021-06,-3,0,,750565|246|2021-07-27,-0.2105240029602418,-0.6733664230633328
751068,246,2021-07-27,2021-08-08,13,control,0,0.67058444,1,dept_246_closure_2021-07-27,2021-06-18,2021-06,-3,0,,751068|246|2021-07-27,0.36280446703975816,-0.6733664230633328
755654,246,2021-07-27,2021-08-08,13,control,0,0.642669,1,dept_246_closure_2021-07-27,2021-06-18,2021-06,-3,0,0.5,755654|246|2021-07-27,0.33488902703975826,-0.6733664230633328
757209,246,2021-07-27,2021-08-08,13,control,0,0.92929745,1,dept_246_closure_2021-07-27,2021-06-18,2021-06,-3,0,,757209|246|2021-07-27,0.6215174770397582,-0.6733664230633328
758569,246,2021-07-27,2021-08-08,13,control,0,0.6066296,1,dept_246_closure_2021-07-27,2021-06-18,2021-06,-3,0,,758569|246|2021-07-27,0.2988496270397582,-0.6733664230633328
759081,246,2021-07-27,2021-08-08,13,control,0,0.9864933,1,dept_246_closure_2021-07-27,2021-06-18,2021-06,-3,0,0.0,759081|246|2021-07-27,0.6787133270397583,-0.6733664230633328
760910,246,2021-07-27,2021-08-08,13,control,0,0.37581336,0,dept_246_closure_2021-07-27,2021-06-18,2021-06,-3,0,,760910|246|2021-07-27,0.0680333870397582,-0.6733664230633328
761525,246,2021-07-27,2021-08-08,13,control,0,0.0040558516,0,dept_246_closure_2021-07-27,2021-06-18,2021-06,-3,0,,761525|246|2021-07-27,-0.3037241213602418,-0.6733664230633328
763277,246,2021-07-27,2021-08-08,13,control,0,0.24932212,0,dept_246_closure_2021-07-27,2021-06-18,2021-06,-3,0,0.0,763277|246|2021-07-27,-0.05845785296024178,-0.6733664230633328
764174,246,2021-07-27,2021-08-08,13,control,0,0.020427303,0,dept_246_closure_2021-07-27,2021-06-18,2021-06,-3,0,,764174|246|2021-07-27,-0.2873526699602418,-0.6733664230633328
764393,246,2021-07-27,2021-08-08,13,treatment,1,0.015356412,0,dept_246_closure_2021-07-27,2021-06-18,2021-06,-3,0,,764393|246|2021-07-27,-0.2924235609602418,-0.6733664230633328
764798,246,2021-07-27,2021-08-08,13,control,0,0.025530431,0,dept_246_closure_2021-07-27,2021-06-18,2021-06,-3,0,,764798|246|2021-07-27,-0.28224954196024177,-0.6733664230633328
768714,246,2021-07-27,2021-08-08,13,control,0,0.08861846,0,dept_246_closure_2021-07-27,2021-06-18,2021-06,-3,0,1.0,768714|246|2021-07-27,-0.21916151296024178,-0.6733664230633328
771788,246,2021-07-27,2021-08-08,13,control,0,0.13042508,0,dept_246_closure_2021-07-27,2021-06-18,2021-06,-3,0,0.6666666666666666,771788|246|2021-07-27,-0.1773548929602418,-0.6733664230633328
773247,246,2021-07-27,2021-08-08,13,control,0,0.12926482,0,dept_246_closure_2021-07-27,2021-06-18,2021-06,-3,0,,773247|246|2021-07-27,-0.17851515296024179,-0.6733664230633328
774405,246,2021-07-27,2021-08-08,13,control,0,0.6753653,1,dept_246_closure_2021-07-27,2021-06-18,2021-06,-3,0,1.0,774405|246|2021-07-27,0.36758532703975816,-0.6733664230633328
775273,246,2021-07-27,2021-08-08,13,control,0,0.03347844,0,dept_246_closure_2021-07-27,2021-06-18,2021-06,-3,0,0.0,775273|246|2021-07-27,-0.2743015329602418,-0.6733664230633328
775847,246,2021-07-27,2021-08-08,13,control,0,0.020749453,0,dept_246_closure_2021-07-27,2021-06-18,2021-06,-3,0,0.5,775847|246|2021-07-27,-0.28703051996024176,-0.6733664230633328
778075,246,2021-07-27,2021-08-08,13,control,0,0.0044483226,0,dept_246_closure_2021-07-27,2021-06-18,2021-06,-3,0,,778075|246|2021-07-27,-0.3033316503602418,-0.6733664230633328
780783,246,2021-07-27,2021-08-08,13,control,0,0.94814223,1,dept_246_closure_2021-07-27,2021-06-18,2021-06,-3,0,0.75,780783|246|2021-07-27,0.6403622570397582,-0.6733664230633328
781479,246,2021-07-27,2021-08-08,13,treatment,1,0.11026743,0,dept_246_closure_2021-07-27,2021-06-18,2021-06,-3,0,1.0,781479|246|2021-07-27,-0.1975125429602418,-0.6733664230633328
782601,246,2021-07-27,2021-08-08,13,control,0,0.03218455,0,dept_246_closure_2021-07-27,2021-06-18,2021-06,-3,0,,782601|246|2021-07-27,-0.2755954229602418,-0.6733664230633328
784606,246,2021-07-27,2021-08-08,13,treatment,1,0.0007714593,0,dept_246_closure_2021-07-27,2021-06-18,2021-06,-3,0,,784606|246|2021-07-27,-0.3070085136602418,-0.6733664230633328
784655,246,2021-07-27,2021-08-08,13,control,0,0.002960514,0,dept_246_closure_2021-07-27,2021-06-18,2021-06,-3,0,,784655|246|2021-07-27,-0.30481945896024176,-0.6733664230633328
785881,246,2021-07-27,2021-08-08,13,control,0,0.7455215,1,dept_246_closure_2021-07-27,2021-06-18,2021-06,-3,0,0.6666666666666666,785881|246|2021-07-27,0.43774152703975816,-0.6733664230633328
787051,246,2021-07-27,2021-08-08,13,control,0,0.48000237,0,dept_246_closure_2021-07-27,2021-06-18,2021-06,-3,0,0.0,787051|246|2021-07-27,0.17222239703975822,-0.6733664230633328
790777,246,2021-07-27,2021-08-08,13,control,0,0.0068362337,0,dept_246_closure_2021-07-27,2021-06-18,2021-06,-3,0,,790777|246|2021-07-27,-0.30094373926024176,-0.6733664230633328
793087,246,2021-07-27,2021-08-08,13,control,0,0.099858016,0,dept_246_closure_2021-07-27,2021-06-18,2021-06,-3,0,,793087|246|2021-07-27,-0.2079219569602418,-0.6733664230633328
794164,246,2021-07-27,2021-08-08,13,control,0,0.6939915,1,dept_246_closure_2021-07-27,2021-06-18,2021-06,-3,0,1.0,794164|246|2021-07-27,0.3862115270397582,-0.6733664230633328
794821,246,2021-07-27,2021-08-08,13,control,0,0.035638213,0,dept_246_closure_2021-07-27,2021-06-18,2021-06,-3,0,,794821|246|2021-07-27,-0.2721417599602418,-0.6733664230633328
795915,246,2021-07-27,2021-08-08,13,control,0,0.8226784,1,dept_246_closure_2021-07-27,2021-06-18,2021-06,-3,0,1.0,795915|246|2021-07-27,0.5148984270397583,-0.6733664230633328
796636,246,2021-07-27,2021-08-08,13,control,0,0.009036448,0,dept_246_closure_2021-07-27,2021-06-18,2021-06,-3,0,,796636|246|2021-07-27,-0.2987435249602418,-0.6733664230633328
797064,246,2021-07-27,2021-08-08,13,control,0,0.507212,1,dept_246_closure_2021-07-27,2021-06-18,2021-06,-3,0,0.6666666666666666,797064|246|2021-07-27,0.1994320270397582,-0.6733664230633328
797984,246,2021-07-27,2021-08-08,13,treatment,1,0.9371447,1,dept_246_closure_2021-07-27,2021-06-18,2021-06,-3,0,0.0,797984|246|2021-07-27,0.6293647270397582,-0.6733664230633328
800707,246,2021-07-27,2021-08-08,13,control,0,0.0030262175,0,dept_246_closure_2021-07-27,2021-06-18,2021-06,-3,0,,800707|246|2021-07-27,-0.3047537554602418,-0.6733664230633328
801378,246,2021-07-27,2021-08-08,13,control,0,0.0019727403,0,dept_246_closure_2021-07-27,2021-06-18,2021-06,-3,0,,801378|246|2021-07-27,-0.3058072326602418,-0.6733664230633328
802679,246,2021-07-27,2021-08-08,13,control,0,0.018501613,0,dept_246_closure_2021-07-27,2021-06-18,2021-06,-3,0,,802679|246|2021-07-27,-0.28927835996024176,-0.6733664230633328
807138,246,2021-07-27,2021-08-08,13,control,0,0.054256,0,dept_246_closure_2021-07-27,2021-06-18,2021-06,-3,0,,807138|246|2021-07-27,-0.25352397296024176,-0.6733664230633328
807628,246,2021-07-27,2021-08-08,13,control,0,0.016564755,0,dept_246_closure_2021-07-27,2021-06-18,2021-06,-3,0,,807628|246|2021-07-27,-0.2912152179602418,-0.6733664230633328
807629,246,2021-07-27,2021-08-08,13,control,0,0.3686019,0,dept_246_closure_2021-07-27,2021-06-18,2021-06,-3,0,,807629|246|2021-07-27,0.060821927039758195,-0.6733664230633328
807979,246,2021-07-27,2021-08-08,13,control,0,0.39310044,0,dept_246_closure_2021-07-27,2021-06-18,2021-06,-3,0,0.5,807979|246|2021-07-27,0.08532046703975821,-0.6733664230633328
1213,246,2021-07-27,2021-08-08,13,control,0,0.14179483,0,dept_246_closure_2021-07-27,2021-07-01,2021-07,-2,0,,1213|246|2021-07-27,-0.16598514296024178,-0.6733664230633328
3053,246,2021-07-27,2021-08-08,13,control,0,0.2848582,0,dept_246_closure_2021-07-27,2021-07-01,2021-07,-2,0,0.5,3053|246|2021-07-27,-0.022921772960241782,-0.6733664230633328
3602,246,2021-07-27,2021-08-08,13,control,0,0.25698352,0,dept_246_closure_2021-07-27,2021-07-01,2021-07,-2,0,,3602|246|2021-07-27,-0.05079645296024177,-0.6733664230633328
4261,246,2021-07-27,2021-08-08,13,treatment,1,0.41152814,0,dept_246_closure_2021-07-27,2021-07-01,2021-07,-2,0,1.0,4261|246|2021-07-27,0.1037481670397582,-0.6733664230633328
4800,246,2021-07-27,2021-08-08,13,control,0,0.025219427,0,dept_246_closure_2021-07-27,2021-07-01,2021-07,-2,0,,4800|246|2021-07-27,-0.28256054596024177,-0.6733664230633328
7245,246,2021-07-27,2021-08-08,13,control,0,0.94799674,1,dept_246_closure_2021-07-27,2021-07-01,2021-07,-2,0,0.25,7245|246|2021-07-27,0.6402167670397583,-0.6733664230633328
8291,246,2021-07-27,2021-08-08,13,control,0,0.9911731,1,dept_246_closure_2021-07-27,2021-07-01,2021-07,-2,0,0.0,8291|246|2021-07-27,0.6833931270397582,-0.6733664230633328
9290,246,2021-07-27,2021-08-08,13,treatment,1,0.008498869,0,dept_246_closure_2021-07-27,2021-07-01,2021-07,-2,0,,9290|246|2021-07-27,-0.29928110396024177,-0.6733664230633328
9714,246,2021-07-27,2021-08-08,13,control,0,0.3374871,0,dept_246_closure_2021-07-27,2021-07-01,2021-07,-2,0,1.0,9714|246|2021-07-27,0.029707127039758197,-0.6733664230633328
10179,246,2021-07-27,2021-08-08,13,control,0,0.8612333,1,dept_246_closure_2021-07-27,2021-07-01,2021-07,-2,0,1.0,10179|246|2021-07-27,0.5534533270397581,-0.6733664230633328
10427,246,2021-07-27,2021-08-08,13,control,0,0.14622483,0,dept_246_closure_2021-07-27,2021-07-01,2021-07,-2,0,,10427|246|2021-07-27,-0.1615551429602418,-0.6733664230633328
10453,246,2021-07-27,2021-08-08,13,control,0,0.27891338,0,dept_246_closure_2021-07-27,2021-07-01,2021-07,-2,0,,10453|246|2021-07-27,-0.0288665929602418,-0.6733664230633328
13564,246,2021-07-27,2021-08-08,13,control,0,0.0017006382,0,dept_246_closure_2021-07-27,2021-07-01,2021-07,-2,0,,13564|246|2021-07-27,-0.3060793347602418,-0.6733664230633328
15110,246,2021-07-27,2021-08-08,13,control,0,0.602054,1,dept_246_closure_2021-07-27,2021-07-01,2021-07,-2,0,,15110|246|2021-07-27,0.2942740270397582,-0.6733664230633328
17165,246,2021-07-27,2021-08-08,13,control,0,0.41429704,0,dept_246_closure_2021-07-27,2021-07-01,2021-07,-2,0,,17165|246|2021-07-27,0.10651706703975822,-0.6733664230633328
17345,246,2021-07-27,2021-08-08,13,control,0,0.0024025764,0,dept_246_closure_2021-07-27,2021-07-01,2021-07,-2,0,,17345|246|2021-07-27,-0.30537739656024177,-0.6733664230633328
18589,246,2021-07-27,2021-08-08,13,treatment,1,0.5930257,1,dept_246_closure_2021-07-27,2021-07-01,2021-07,-2,0,,18589|246|2021-07-27,0.2852457270397582,-0.6733664230633328
21757,246,2021-07-27,2021-08-08,13,control,0,0.9689673,1,dept_246_closure_2021-07-27,2021-07-01,2021-07,-2,0,0.2,21757|246|2021-07-27,0.6611873270397581,-0.6733664230633328
22359,246,2021-07-27,2021-08-08,13,control,0,0.9641852,1,dept_246_closure_2021-07-27,2021-07-01,2021-07,-2,0,0.5,22359|246|2021-07-27,0.6564052270397582,-0.6733664230633328
24301,246,2021-07-27,2021-08-08,13,control,0,0.021089468,0,dept_246_closure_2021-07-27,2021-07-01,2021-07,-2,0,,24301|246|2021-07-27,-0.2866905049602418,-0.6733664230633328
24607,246,2021-07-27,2021-08-08,13,control,0,0.03506704,0,dept_246_closure_2021-07-27,2021-07-01,2021-07,-2,0,,24607|246|2021-07-27,-0.2727129329602418,-0.6733664230633328
26093,246,2021-07-27,2021-08-08,13,control,0,0.34219438,0,dept_246_closure_2021-07-27,2021-07-01,2021-07,-2,0,0.3333333333333333,26093|246|2021-07-27,0.03441440703975823,-0.6733664230633328
28789,246,2021-07-27,2021-08-08,13,control,0,0.40815812,0,dept_246_closure_2021-07-27,2021-07-01,2021-07,-2,0,0.0,28789|246|2021-07-27,0.10037814703975823,-0.6733664230633328
29360,246,2021-07-27,2021-08-08,13,control,0,0.008516339,0,dept_246_closure_2021-07-27,2021-07-01,2021-07,-2,0,,29360|246|2021-07-27,-0.2992636339602418,-0.6733664230633328
29942,246,2021-07-27,2021-08-08,13,control,0,0.013229424,0,dept_246_closure_2021-07-27,2021-07-01,2021-07,-2,0,,29942|246|2021-07-27,-0.2945505489602418,-0.6733664230633328
33721,246,2021-07-27,2021-08-08,13,control,0,0.027535504,0,dept_246_closure_2021-07-27,2021-07-01,2021-07,-2,0,,33721|246|2021-07-27,-0.2802444689602418,-0.6733664230633328
33984,246,2021-07-27,2021-08-08,13,control,0,0.39668542,0,dept_246_closure_2021-07-27,2021-07-01,2021-07,-2,0,,33984|246|2021-07-27,0.08890544703975822,-0.6733664230633328
34002,246,2021-07-27,2021-08-08,13,control,0,0.5526398,1,dept_246_closure_2021-07-27,2021-07-01,2021-07,-2,0,0.0,34002|246|2021-07-27,0.24485982703975823,-0.6733664230633328
35232,246,2021-07-27,2021-08-08,13,control,0,0.85742676,1,dept_246_closure_2021-07-27,2021-07-01,2021-07,-2,0,,35232|246|2021-07-27,0.5496467870397581,-0.6733664230633328
35996,246,2021-07-27,2021-08-08,13,control,0,0.49443996,0,dept_246_closure_2021-07-27,2021-07-01,2021-07,-2,0,0.5,35996|246|2021-07-27,0.18665998703975822,-0.6733664230633328
37485,246,2021-07-27,2021-08-08,13,control,0,0.010235807,0,dept_246_closure_2021-07-27,2021-07-01,2021-07,-2,0,,37485|246|2021-07-27,-0.2975441659602418,-0.6733664230633328
37506,246,2021-07-27,2021-08-08,13,treatment,1,0.5700365,1,dept_246_closure_2021-07-27,2021-07-01,2021-07,-2,0,,37506|246|2021-07-27,0.26225652703975816,-0.6733664230633328
37541,246,2021-07-27,2021-08-08,13,control,0,0.0052991416,0,dept_246_closure_2021-07-27,2021-07-01,2021-07,-2,0,,37541|246|2021-07-27,-0.3024808313602418,-0.6733664230633328
41263,246,2021-07-27,2021-08-08,13,control,0,0.97604525,1,dept_246_closure_2021-07-27,2021-07-01,2021-07,-2,0,0.0,41263|246|2021-07-27,0.6682652770397581,-0.6733664230633328
41289,246,2021-07-27,2021-08-08,13,control,0,0.003877407,0,dept_246_closure_2021-07-27,2021-07-01,2021-07,-2,0,,41289|246|2021-07-27,-0.3039025659602418,-0.6733664230633328
41747,246,2021-07-27,2021-08-08,13,control,0,0.024151748,0,dept_246_closure_2021-07-27,2021-07-01,2021-07,-2,0,,41747|246|2021-07-27,-0.28362822496024176,-0.6733664230633328
41924,246,2021-07-27,2021-08-08,13,control,0,0.024839915,0,dept_246_closure_2021-07-27,2021-07-01,2021-07,-2,0,,41924|246|2021-07-27,-0.2829400579602418,-0.6733664230633328
43570,246,2021-07-27,2021-08-08,13,control,0,0.50512415,1,dept_246_closure_2021-07-27,2021-07-01,2021-07,-2,0,0.0,43570|246|2021-07-27,0.1973441770397582,-0.6733664230633328
44805,246,2021-07-27,2021-08-08,13,control,0,0.006438557,0,dept_246_closure_2021-07-27,2021-07-01,2021-07,-2,0,,44805|246|2021-07-27,-0.3013414159602418,-0.6733664230633328
46323,246,2021-07-27,2021-08-08,13,control,0,0.004436662,0,dept_246_closure_2021-07-27,2021-07-01,2021-07,-2,0,,46323|246|2021-07-27,-0.3033433109602418,-0.6733664230633328
48069,246,2021-07-27,2021-08-08,13,control,0,0.036547642,0,dept_246_closure_2021-07-27,2021-07-01,2021-07,-2,0,,48069|246|2021-07-27,-0.2712323309602418,-0.6733664230633328
48118,246,2021-07-27,2021-08-08,13,control,0,0.007977607,0,dept_246_closure_2021-07-27,2021-07-01,2021-07,-2,0,,48118|246|2021-07-27,-0.2998023659602418,-0.6733664230633328
49114,246,2021-07-27,2021-08-08,13,control,0,0.01653051,0,dept_246_closure_2021-07-27,2021-07-01,2021-07,-2,0,,49114|246|2021-07-27,-0.2912494629602418,-0.6733664230633328
50430,246,2021-07-27,2021-08-08,13,control,0,0.12106775,0,dept_246_closure_2021-07-27,2021-07-01,2021-07,-2,0,,50430|246|2021-07-27,-0.18671222296024179,-0.6733664230633328
55719,246,2021-07-27,2021-08-08,13,control,0,0.06846984,0,dept_246_closure_2021-07-27,2021-07-01,2021-07,-2,0,,55719|246|2021-07-27,-0.23931013296024178,-0.6733664230633328
58174,246,2021-07-27,2021-08-08,13,treatment,1,0.025775751,0,dept_246_closure_2021-07-27,2021-07-01,2021-07,-2,0,,58174|246|2021-07-27,-0.2820042219602418,-0.6733664230633328
61470,246,2021-07-27,2021-08-08,13,control,0,0.0019178551,0,dept_246_closure_2021-07-27,2021-07-01,2021-07,-2,0,,61470|246|2021-07-27,-0.3058621178602418,-0.6733664230633328
62467,246,2021-07-27,2021-08-08,13,control,0,0.7539235,1,dept_246_closure_2021-07-27,2021-07-01,2021-07,-2,0,0.0,62467|246|2021-07-27,0.4461435270397582,-0.6733664230633328
62617,246,2021-07-27,2021-08-08,13,control,0,0.2802774,0,dept_246_closure_2021-07-27,2021-07-01,2021-07,-2,0,1.0,62617|246|2021-07-27,-0.027502572960241778,-0.6733664230633328
63894,246,2021-07-27,2021-08-08,13,treatment,1,0.0032472073,0,dept_246_closure_2021-07-27,2021-07-01,2021-07,-2,0,,63894|246|2021-07-27,-0.3045327656602418,-0.6733664230633328
64161,246,2021-07-27,2021-08-08,13,control,0,0.34984437,0,dept_246_closure_2021-07-27,2021-07-01,2021-07,-2,0,1.0,64161|246|2021-07-27,0.04206439703975823,-0.6733664230633328
64994,246,2021-07-27,2021-08-08,13,control,0,0.14465883,0,dept_246_closure_2021-07-27,2021-07-01,2021-07,-2,0,,64994|246|2021-07-27,-0.1631211429602418,-0.6733664230633328
65724,246,2021-07-27,2021-08-08,13,control,0,0.3674528,0,dept_246_closure_2021-07-27,2021-07-01,2021-07,-2,0,,65724|246|2021-07-27,0.059672827039758236,-0.6733664230633328
68795,246,2021-07-27,2021-08-08,13,control,0,0.9651761,1,dept_246_closure_2021-07-27,2021-07-01,2021-07,-2,0,0.5,68795|246|2021-07-27,0.6573961270397581,-0.6733664230633328
74930,246,2021-07-27,2021-08-08,13,control,0,0.006238125,0,dept_246_closure_2021-07-27,2021-07-01,2021-07,-2,0,,74930|246|2021-07-27,-0.3015418479602418,-0.6733664230633328
75254,246,2021-07-27,2021-08-08,13,control,0,0.006278402,0,dept_246_closure_2021-07-27,2021-07-01,2021-07,-2,0,,75254|246|2021-07-27,-0.30150157096024177,-0.6733664230633328
75454,246,2021-07-27,2021-08-08,13,control,0,0.051739547,0,dept_246_closure_2021-07-27,2021-07-01,2021-07,-2,0,,75454|246|2021-07-27,-0.2560404259602418,-0.6733664230633328
77627,246,2021-07-27,2021-08-08,13,control,0,0.9423059,1,dept_246_closure_2021-07-27,2021-07-01,2021-07,-2,0,,77627|246|2021-07-27,0.6345259270397583,-0.6733664230633328
80592,246,2021-07-27,2021-08-08,13,control,0,0.0012003159,0,dept_246_closure_2021-07-27,2021-07-01,2021-07,-2,0,,80592|246|2021-07-27,-0.30657965706024176,-0.6733664230633328
83197,246,2021-07-27,2021-08-08,13,control,0,0.060882423,0,dept_246_closure_2021-07-27,2021-07-01,2021-07,-2,0,,83197|246|2021-07-27,-0.2468975499602418,-0.6733664230633328
83512,246,2021-07-27,2021-08-08,13,treatment,1,0.0007489331,0,dept_246_closure_2021-07-27,2021-07-01,2021-07,-2,0,,83512|246|2021-07-27,-0.3070310398602418,-0.6733664230633328
83837,246,2021-07-27,2021-08-08,13,control,0,0.032278985,0,dept_246_closure_2021-07-27,2021-07-01,2021-07,-2,0,,83837|246|2021-07-27,-0.2755009879602418,-0.6733664230633328
84880,246,2021-07-27,2021-08-08,13,control,0,0.00688161,0,dept_246_closure_2021-07-27,2021-07-01,2021-07,-2,0,,84880|246|2021-07-27,-0.3008983629602418,-0.6733664230633328
85945,246,2021-07-27,2021-08-08,13,control,0,0.0026010852,0,dept_246_closure_2021-07-27,2021-07-01,2021-07,-2,0,,85945|246|2021-07-27,-0.30517888776024177,-0.6733664230633328
88701,246,2021-07-27,2021-08-08,13,control,0,0.002537611,0,dept_246_closure_2021-07-27,2021-07-01,2021-07,-2,0,,88701|246|2021-07-27,-0.3052423619602418,-0.6733664230633328
89391,246,2021-07-27,2021-08-08,13,control,0,0.009230248,0,dept_246_closure_2021-07-27,2021-07-01,2021-07,-2,0,,89391|246|2021-07-27,-0.2985497249602418,-0.6733664230633328
94006,246,2021-07-27,2021-08-08,13,control,0,0.28857115,0,dept_246_closure_2021-07-27,2021-07-01,2021-07,-2,0,,94006|246|2021-07-27,-0.01920882296024179,-0.6733664230633328
99636,246,2021-07-27,2021-08-08,13,treatment,1,0.48824883,0,dept_246_closure_2021-07-27,2021-07-01,2021-07,-2,0,,99636|246|2021-07-27,0.18046885703975823,-0.6733664230633328
100285,246,2021-07-27,2021-08-08,13,control,0,0.0010297304,0,dept_246_closure_2021-07-27,2021-07-01,2021-07,-2,0,,100285|246|2021-07-27,-0.3067502425602418,-0.6733664230633328
101690,246,2021-07-27,2021-08-08,13,control,0,0.0054791784,0,dept_246_closure_2021-07-27,2021-07-01,2021-07,-2,0,,101690|246|2021-07-27,-0.3023007945602418,-0.6733664230633328
102939,246,2021-07-27,2021-08-08,13,control,0,0.056172602,0,dept_246_closure_2021-07-27,2021-07-01,2021-07,-2,0,,102939|246|2021-07-27,-0.25160737096024177,-0.6733664230633328
104364,246,2021-07-27,2021-08-08,13,treatment,1,0.0011055329,0,dept_246_closure_2021-07-27,2021-07-01,2021-07,-2,0,,104364|246|2021-07-27,-0.3066744400602418,-0.6733664230633328
104791,246,2021-07-27,2021-08-08,13,control,0,0.00038451306,0,dept_246_closure_2021-07-27,2021-07-01,2021-07,-2,0,,104791|246|2021-07-27,-0.3073954599002418,-0.6733664230633328
104999,246,2021-07-27,2021-08-08,13,control,0,0.77188766,1,dept_246_closure_2021-07-27,2021-07-01,2021-07,-2,0,0.0,104999|246|2021-07-27,0.4641076870397582,-0.6733664230633328
106451,246,2021-07-27,2021-08-08,13,control,0,0.59141666,1,dept_246_closure_2021-07-27,2021-07-01,2021-07,-2,0,0.0,106451|246|2021-07-27,0.28363668703975825,-0.6733664230633328
107729,246,2021-07-27,2021-08-08,13,treatment,1,0.9872944,1,dept_246_closure_2021-07-27,2021-07-01,2021-07,-2,0,0.08928571428571429,107729|246|2021-07-27,0.6795144270397582,-0.6733664230633328
108290,246,2021-07-27,2021-08-08,13,control,0,0.27102268,0,dept_246_closure_2021-07-27,2021-07-01,2021-07,-2,0,,108290|246|2021-07-27,-0.03675729296024177,-0.6733664230633328
108602,246,2021-07-27,2021-08-08,13,control,0,0.12955897,0,dept_246_closure_2021-07-27,2021-07-01,2021-07,-2,0,,108602|246|2021-07-27,-0.1782210029602418,-0.6733664230633328
110523,246,2021-07-27,2021-08-08,13,treatment,1,0.033722427,0,dept_246_closure_2021-07-27,2021-07-01,2021-07,-2,0,,110523|246|2021-07-27,-0.2740575459602418,-0.6733664230633328
111618,246,2021-07-27,2021-08-08,13,control,0,0.020083731,0,dept_246_closure_2021-07-27,2021-07-01,2021-07,-2,0,,111618|246|2021-07-27,-0.2876962419602418,-0.6733664230633328
113259,246,2021-07-27,2021-08-08,13,control,0,0.2508315,0,dept_246_closure_2021-07-27,2021-07-01,2021-07,-2,0,0.5,113259|246|2021-07-27,-0.0569484729602418,-0.6733664230633328
115213,246,2021-07-27,2021-08-08,13,control,0,0.8139987,1,dept_246_closure_2021-07-27,2021-07-01,2021-07,-2,0,0.0,115213|246|2021-07-27,0.5062187270397582,-0.6733664230633328
115992,246,2021-07-27,2021-08-08,13,control,0,0.0014414658,0,dept_246_closure_2021-07-27,2021-07-01,2021-07,-2,0,,115992|246|2021-07-27,-0.3063385071602418,-0.6733664230633328
117266,246,2021-07-27,2021-08-08,13,control,0,0.04361259,0,dept_246_closure_2021-07-27,2021-07-01,2021-07,-2,0,,117266|246|2021-07-27,-0.2641673829602418,-0.6733664230633328
117463,246,2021-07-27,2021-08-08,13,treatment,1,0.000519652,0,dept_246_closure_2021-07-27,2021-07-01,2021-07,-2,0,,117463|246|2021-07-27,-0.3072603209602418,-0.6733664230633328
117689,246,2021-07-27,2021-08-08,13,control,0,0.11426322,0,dept_246_closure_2021-07-27,2021-07-01,2021-07,-2,0,,117689|246|2021-07-27,-0.1935167529602418,-0.6733664230633328
118028,246,2021-07-27,2021-08-08,13,control,0,0.042520892,0,dept_246_closure_2021-07-27,2021-07-01,2021-07,-2,0,,118028|246|2021-07-27,-0.2652590809602418,-0.6733664230633328
123845,246,2021-07-27,2021-08-08,13,control,0,0.0049063414,0,dept_246_closure_2021-07-27,2021-07-01,2021-07,-2,0,,123845|246|2021-07-27,-0.3028736315602418,-0.6733664230633328
124140,246,2021-07-27,2021-08-08,13,control,0,0.00077034417,0,dept_246_closure_2021-07-27,2021-07-01,2021-07,-2,0,,124140|246|2021-07-27,-0.3070096287902418,-0.6733664230633328
124519,246,2021-07-27,2021-08-08,13,control,0,0.1613756,0,dept_246_closure_2021-07-27,2021-07-01,2021-07,-2,0,,124519|246|2021-07-27,-0.14640437296024178,-0.6733664230633328
125288,246,2021-07-27,2021-08-08,13,treatment,1,0.00042904564,0,dept_246_closure_2021-07-27,2021-07-01,2021-07,-2,0,,125288|246|2021-07-27,-0.3073509273202418,-0.6733664230633328
126383,246,2021-07-27,2021-08-08,13,control,0,0.015411615,0,dept_246_closure_2021-07-27,2021-07-01,2021-07,-2,0,,126383|246|2021-07-27,-0.2923683579602418,-0.6733664230633328
127325,246,2021-07-27,2021-08-08,13,control,0,0.31199288,0,dept_246_closure_2021-07-27,2021-07-01,2021-07,-2,0,,127325|246|2021-07-27,0.004212907039758185,-0.6733664230633328
133214,246,2021-07-27,2021-08-08,13,control,0,0.007817035,0,dept_246_closure_2021-07-27,2021-07-01,2021-07,-2,0,,133214|246|2021-07-27,-0.29996293796024176,-0.6733664230633328
133833,246,2021-07-27,2021-08-08,13,control,0,0.0031631151,0,dept_246_closure_2021-07-27,2021-07-01,2021-07,-2,0,,133833|246|2021-07-27,-0.3046168578602418,-0.6733664230633328
135205,246,2021-07-27,2021-08-08,13,control,0,0.0010553765,0,dept_246_closure_2021-07-27,2021-07-01,2021-07,-2,0,,135205|246|2021-07-27,-0.3067245964602418,-0.6733664230633328
136057,246,2021-07-27,2021-08-08,13,control,0,0.2031454,0,dept_246_closure_2021-07-27,2021-07-01,2021-07,-2,0,1.0,136057|246|2021-07-27,-0.10463457296024178,-0.6733664230633328
136063,246,2021-07-27,2021-08-08,13,control,0,0.005267139,0,dept_246_closure_2021-07-27,2021-07-01,2021-07,-2,0,,136063|246|2021-07-27,-0.3025128339602418,-0.6733664230633328
137955,246,2021-07-27,2021-08-08,13,control,0,0.8207661,1,dept_246_closure_2021-07-27,2021-07-01,2021-07,-2,0,0.0,137955|246|2021-07-27,0.5129861270397582,-0.6733664230633328
138417,246,2021-07-27,2021-08-08,13,control,0,0.03873831,0,dept_246_closure_2021-07-27,2021-07-01,2021-07,-2,0,,138417|246|2021-07-27,-0.2690416629602418,-0.6733664230633328
138825,246,2021-07-27,2021-08-08,13,control,0,0.27647775,0,dept_246_closure_2021-07-27,2021-07-01,2021-07,-2,0,,138825|246|2021-07-27,-0.031302222960241766,-0.6733664230633328
139774,246,2021-07-27,2021-08-08,13,control,0,0.06656849,0,dept_246_closure_2021-07-27,2021-07-01,2021-07,-2,0,,139774|246|2021-07-27,-0.2412114829602418,-0.6733664230633328
143776,246,2021-07-27,2021-08-08,13,control,0,0.14395767,0,dept_246_closure_2021-07-27,2021-07-01,2021-07,-2,0,,143776|246|2021-07-27,-0.16382230296024178,-0.6733664230633328
145372,246,2021-07-27,2021-08-08,13,treatment,1,0.0004766058,0,dept_246_closure_2021-07-27,2021-07-01,2021-07,-2,0,,145372|246|2021-07-27,-0.3073033671602418,-0.6733664230633328
147307,246,2021-07-27,2021-08-08,13,control,0,0.0975213,0,dept_246_closure_2021-07-27,2021-07-01,2021-07,-2,0,,147307|246|2021-07-27,-0.21025867296024178,-0.6733664230633328
148127,246,2021-07-27,2021-08-08,13,control,0,0.07233724,0,dept_246_closure_2021-07-27,2021-07-01,2021-07,-2,0,,148127|246|2021-07-27,-0.2354427329602418,-0.6733664230633328
148441,246,2021-07-27,2021-08-08,13,control,0,0.2556321,0,dept_246_closure_2021-07-27,2021-07-01,2021-07,-2,0,0.0,148441|246|2021-07-27,-0.052147872960241815,-0.6733664230633328
151009,246,2021-07-27,2021-08-08,13,control,0,0.6553716,1,dept_246_closure_2021-07-27,2021-07-01,2021-07,-2,0,1.0,151009|246|2021-07-27,0.34759162703975827,-0.6733664230633328
151024,246,2021-07-27,2021-08-08,13,control,0,0.5315132,1,dept_246_closure_2021-07-27,2021-07-01,2021-07,-2,0,0.0,151024|246|2021-07-27,0.22373322703975823,-0.6733664230633328
152032,246,2021-07-27,2021-08-08,13,control,0,0.80558157,1,dept_246_closure_2021-07-27,2021-07-01,2021-07,-2,0,0.0,152032|246|2021-07-27,0.4978015970397582,-0.6733664230633328
155231,246,2021-07-27,2021-08-08,13,treatment,1,0.012627428,0,dept_246_closure_2021-07-27,2021-07-01,2021-07,-2,0,,155231|246|2021-07-27,-0.2951525449602418,-0.6733664230633328
155553,246,2021-07-27,2021-08-08,13,control,0,0.0030715873,0,dept_246_closure_2021-07-27,2021-07-01,2021-07,-2,0,,155553|246|2021-07-27,-0.3047083856602418,-0.6733664230633328
155965,246,2021-07-27,2021-08-08,13,control,0,0.006050398,0,dept_246_closure_2021-07-27,2021-07-01,2021-07,-2,0,,155965|246|2021-07-27,-0.3017295749602418,-0.6733664230633328
156315,246,2021-07-27,2021-08-08,13,control,0,0.012487564,0,dept_246_closure_2021-07-27,2021-07-01,2021-07,-2,0,,156315|246|2021-07-27,-0.2952924089602418,-0.6733664230633328
156681,246,2021-07-27,2021-08-08,13,control,0,0.8056619,1,dept_246_closure_2021-07-27,2021-07-01,2021-07,-2,0,0.0,156681|246|2021-07-27,0.49788192703975825,-0.6733664230633328
157356,246,2021-07-27,2021-08-08,13,control,0,0.36475253,0,dept_246_closure_2021-07-27,2021-07-01,2021-07,-2,0,,157356|246|2021-07-27,0.05697255703975823,-0.6733664230633328
159290,246,2021-07-27,2021-08-08,13,control,0,0.520794,1,dept_246_closure_2021-07-27,2021-07-01,2021-07,-2,0,0.0,159290|246|2021-07-27,0.2130140270397582,-0.6733664230633328
163009,246,2021-07-27,2021-08-08,13,control,0,0.0032412908,0,dept_246_closure_2021-07-27,2021-07-01,2021-07,-2,0,,163009|246|2021-07-27,-0.30453868216024177,-0.6733664230633328
168851,246,2021-07-27,2021-08-08,13,treatment,1,0.14223818,0,dept_246_closure_2021-07-27,2021-07-01,2021-07,-2,0,1.0,168851|246|2021-07-27,-0.1655417929602418,-0.6733664230633328
168859,246,2021-07-27,2021-08-08,13,control,0,0.23655716,0,dept_246_closure_2021-07-27,2021-07-01,2021-07,-2,0,1.0,168859|246|2021-07-27,-0.0712228129602418,-0.6733664230633328
169284,246,2021-07-27,2021-08-08,13,control,0,0.077404,0,dept_246_closure_2021-07-27,2021-07-01,2021-07,-2,0,,169284|246|2021-07-27,-0.2303759729602418,-0.6733664230633328
169779,246,2021-07-27,2021-08-08,13,control,0,0.5095837,1,dept_246_closure_2021-07-27,2021-07-01,2021-07,-2,0,0.0,169779|246|2021-07-27,0.20180372703975819,-0.6733664230633328
170648,246,2021-07-27,2021-08-08,13,control,0,0.08296131,0,dept_246_closure_2021-07-27,2021-07-01,2021-07,-2,0,,170648|246|2021-07-27,-0.22481866296024178,-0.6733664230633328
171829,246,2021-07-27,2021-08-08,13,control,0,0.7854076,1,dept_246_closure_2021-07-27,2021-07-01,2021-07,-2,0,0.5,171829|246|2021-07-27,0.4776276270397582,-0.6733664230633328
174299,246,2021-07-27,2021-08-08,13,control,0,0.12492011,0,dept_246_closure_2021-07-27,2021-07-01,2021-07,-2,0,,174299|246|2021-07-27,-0.1828598629602418,-0.6733664230633328
175565,246,2021-07-27,2021-08-08,13,control,0,0.00043081085,0,dept_246_closure_2021-07-27,2021-07-01,2021-07,-2,0,,175565|246|2021-07-27,-0.30734916211024177,-0.6733664230633328
180465,246,2021-07-27,2021-08-08,13,treatment,1,0.259185,0,dept_246_closure_2021-07-27,2021-07-01,2021-07,-2,0,0.6666666666666666,180465|246|2021-07-27,-0.04859497296024179,-0.6733664230633328
181998,246,2021-07-27,2021-08-08,13,control,0,0.143926,0,dept_246_closure_2021-07-27,2021-07-01,2021-07,-2,0,0.8,181998|246|2021-07-27,-0.1638539729602418,-0.6733664230633328
183672,246,2021-07-27,2021-08-08,13,control,0,0.0026851657,0,dept_246_closure_2021-07-27,2021-07-01,2021-07,-2,0,,183672|246|2021-07-27,-0.3050948072602418,-0.6733664230633328
184494,246,2021-07-27,2021-08-08,13,control,0,0.8184082,1,dept_246_closure_2021-07-27,2021-07-01,2021-07,-2,0,0.3333333333333333,184494|246|2021-07-27,0.5106282270397582,-0.6733664230633328
184868,246,2021-07-27,2021-08-08,13,control,0,0.36570916,0,dept_246_closure_2021-07-27,2021-07-01,2021-07,-2,0,,184868|246|2021-07-27,0.05792918703975819,-0.6733664230633328
188771,246,2021-07-27,2021-08-08,13,control,0,0.008155373,0,dept_246_closure_2021-07-27,2021-07-01,2021-07,-2,0,,188771|246|2021-07-27,-0.29962459996024177,-0.6733664230633328
191129,246,2021-07-27,2021-08-08,13,control,0,0.00997795,0,dept_246_closure_2021-07-27,2021-07-01,2021-07,-2,0,,191129|246|2021-07-27,-0.2978020229602418,-0.6733664230633328
197542,246,2021-07-27,2021-08-08,13,control,0,0.038574096,0,dept_246_closure_2021-07-27,2021-07-01,2021-07,-2,0,,197542|246|2021-07-27,-0.2692058769602418,-0.6733664230633328
199413,246,2021-07-27,2021-08-08,13,control,0,0.02999612,0,dept_246_closure_2021-07-27,2021-07-01,2021-07,-2,0,,199413|246|2021-07-27,-0.2777838529602418,-0.6733664230633328
203579,246,2021-07-27,2021-08-08,13,control,0,0.004454911,0,dept_246_closure_2021-07-27,2021-07-01,2021-07,-2,0,,203579|246|2021-07-27,-0.3033250619602418,-0.6733664230633328
203841,246,2021-07-27,2021-08-08,13,control,0,0.0010743989,0,dept_246_closure_2021-07-27,2021-07-01,2021-07,-2,0,,203841|246|2021-07-27,-0.3067055740602418,-0.6733664230633328
204424,246,2021-07-27,2021-08-08,13,control,0,0.01007441,0,dept_246_closure_2021-07-27,2021-07-01,2021-07,-2,0,,204424|246|2021-07-27,-0.2977055629602418,-0.6733664230633328
204924,246,2021-07-27,2021-08-08,13,control,0,0.00014777645,0,dept_246_closure_2021-07-27,2021-07-01,2021-07,-2,0,,204924|246|2021-07-27,-0.30763219651024176,-0.6733664230633328
205498,246,2021-07-27,2021-08-08,13,control,0,0.010686833,0,dept_246_closure_2021-07-27,2021-07-01,2021-07,-2,0,,205498|246|2021-07-27,-0.2970931399602418,-0.6733664230633328
208321,246,2021-07-27,2021-08-08,13,control,0,0.009726258,0,dept_246_closure_2021-07-27,2021-07-01,2021-07,-2,0,,208321|246|2021-07-27,-0.2980537149602418,-0.6733664230633328
210109,246,2021-07-27,2021-08-08,13,control,0,0.2929824,0,dept_246_closure_2021-07-27,2021-07-01,2021-07,-2,0,0.0,210109|246|2021-07-27,-0.014797572960241812,-0.6733664230633328
210669,246,2021-07-27,2021-08-08,13,treatment,1,0.013678787,0,dept_246_closure_2021-07-27,2021-07-01,2021-07,-2,0,,210669|246|2021-07-27,-0.29410118596024176,-0.6733664230633328
215562,246,2021-07-27,2021-08-08,13,control,0,0.04311617,0,dept_246_closure_2021-07-27,2021-07-01,2021-07,-2,0,,215562|246|2021-07-27,-0.2646638029602418,-0.6733664230633328
217728,246,2021-07-27,2021-08-08,13,control,0,0.029586418,0,dept_246_closure_2021-07-27,2021-07-01,2021-07,-2,0,,217728|246|2021-07-27,-0.2781935549602418,-0.6733664230633328
218261,246,2021-07-27,2021-08-08,13,treatment,1,0.0028441278,0,dept_246_closure_2021-07-27,2021-07-01,2021-07,-2,0,,218261|246|2021-07-27,-0.3049358451602418,-0.6733664230633328
220611,246,2021-07-27,2021-08-08,13,control,0,0.4585377,0,dept_246_closure_2021-07-27,2021-07-01,2021-07,-2,0,,220611|246|2021-07-27,0.1507577270397582,-0.6733664230633328
225448,246,2021-07-27,2021-08-08,13,control,0,0.0052057686,0,dept_246_closure_2021-07-27,2021-07-01,2021-07,-2,0,,225448|246|2021-07-27,-0.3025742043602418,-0.6733664230633328
225682,246,2021-07-27,2021-08-08,13,control,0,0.001283649,0,dept_246_closure_2021-07-27,2021-07-01,2021-07,-2,0,,225682|246|2021-07-27,-0.3064963239602418,-0.6733664230633328
226835,246,2021-07-27,2021-08-08,13,control,0,0.12201637,0,dept_246_closure_2021-07-27,2021-07-01,2021-07,-2,0,,226835|246|2021-07-27,-0.1857636029602418,-0.6733664230633328
229636,246,2021-07-27,2021-08-08,13,control,0,0.3207437,0,dept_246_closure_2021-07-27,2021-07-01,2021-07,-2,0,1.0,229636|246|2021-07-27,0.012963727039758233,-0.6733664230633328
230132,246,2021-07-27,2021-08-08,13,control,0,0.06859596,0,dept_246_closure_2021-07-27,2021-07-01,2021-07,-2,0,,230132|246|2021-07-27,-0.23918401296024178,-0.6733664230633328
233290,246,2021-07-27,2021-08-08,13,control,0,0.52270347,1,dept_246_closure_2021-07-27,2021-07-01,2021-07,-2,0,,233290|246|2021-07-27,0.21492349703975816,-0.6733664230633328
233346,246,2021-07-27,2021-08-08,13,control,0,0.00021615047,0,dept_246_closure_2021-07-27,2021-07-01,2021-07,-2,0,,233346|246|2021-07-27,-0.3075638224902418,-0.6733664230633328
234672,246,2021-07-27,2021-08-08,13,control,0,0.000580863,0,dept_246_closure_2021-07-27,2021-07-01,2021-07,-2,0,,234672|246|2021-07-27,-0.3071991099602418,-0.6733664230633328
236029,246,2021-07-27,2021-08-08,13,control,0,0.040655516,0,dept_246_closure_2021-07-27,2021-07-01,2021-07,-2,0,,236029|246|2021-07-27,-0.2671244569602418,-0.6733664230633328
236820,246,2021-07-27,2021-08-08,13,control,0,0.00022939839,0,dept_246_closure_2021-07-27,2021-07-01,2021-07,-2,0,,236820|246|2021-07-27,-0.30755057457024176,-0.6733664230633328
236997,246,2021-07-27,2021-08-08,13,control,0,0.36613643,0,dept_246_closure_2021-07-27,2021-07-01,2021-07,-2,0,0.5,236997|246|2021-07-27,0.058356457039758225,-0.6733664230633328
237146,246,2021-07-27,2021-08-08,13,control,0,0.61688244,1,dept_246_closure_2021-07-27,2021-07-01,2021-07,-2,0,,237146|246|2021-07-27,0.30910246703975824,-0.6733664230633328
237810,246,2021-07-27,2021-08-08,13,control,0,0.005046733,0,dept_246_closure_2021-07-27,2021-07-01,2021-07,-2,0,,237810|246|2021-07-27,-0.30273323996024176,-0.6733664230633328
238525,246,2021-07-27,2021-08-08,13,control,0,0.007303511,0,dept_246_closure_2021-07-27,2021-07-01,2021-07,-2,0,,238525|246|2021-07-27,-0.3004764619602418,-0.6733664230633328
241338,246,2021-07-27,2021-08-08,13,control,0,0.021715533,0,dept_246_closure_2021-07-27,2021-07-01,2021-07,-2,0,,241338|246|2021-07-27,-0.2860644399602418,-0.6733664230633328
241507,246,2021-07-27,2021-08-08,13,control,0,0.20312865,0,dept_246_closure_2021-07-27,2021-07-01,2021-07,-2,0,0.0,241507|246|2021-07-27,-0.1046513229602418,-0.6733664230633328
244794,246,2021-07-27,2021-08-08,13,control,0,0.33012336,0,dept_246_closure_2021-07-27,2021-07-01,2021-07,-2,0,,244794|246|2021-07-27,0.02234338703975819,-0.6733664230633328
245077,246,2021-07-27,2021-08-08,13,control,0,0.10267958,0,dept_246_closure_2021-07-27,2021-07-01,2021-07,-2,0,,245077|246|2021-07-27,-0.2051003929602418,-0.6733664230633328
246094,246,2021-07-27,2021-08-08,13,control,0,0.0079742605,0,dept_246_closure_2021-07-27,2021-07-01,2021-07,-2,0,,246094|246|2021-07-27,-0.2998057124602418,-0.6733664230633328
247767,246,2021-07-27,2021-08-08,13,control,0,0.0012259317,0,dept_246_closure_2021-07-27,2021-07-01,2021-07,-2,0,,247767|246|2021-07-27,-0.30655404126024177,-0.6733664230633328
249817,246,2021-07-27,2021-08-08,13,treatment,1,0.44966677,0,dept_246_closure_2021-07-27,2021-07-01,2021-07,-2,0,,249817|246|2021-07-27,0.1418867970397582,-0.6733664230633328
250542,246,2021-07-27,2021-08-08,13,control,0,0.0035489663,0,dept_246_closure_2021-07-27,2021-07-01,2021-07,-2,0,,250542|246|2021-07-27,-0.3042310066602418,-0.6733664230633328
251334,246,2021-07-27,2021-08-08,13,control,0,0.0025421518,0,dept_246_closure_2021-07-27,2021-07-01,2021-07,-2,0,,251334|246|2021-07-27,-0.3052378211602418,-0.6733664230633328
252087,246,2021-07-27,2021-08-08,13,control,0,0.8424901,1,dept_246_closure_2021-07-27,2021-07-01,2021-07,-2,0,1.0,252087|246|2021-07-27,0.5347101270397583,-0.6733664230633328
252217,246,2021-07-27,2021-08-08,13,control,0,0.7053127,1,dept_246_closure_2021-07-27,2021-07-01,2021-07,-2,0,1.0,252217|246|2021-07-27,0.3975327270397582,-0.6733664230633328
255689,246,2021-07-27,2021-08-08,13,control,0,0.55216575,1,dept_246_closure_2021-07-27,2021-07-01,2021-07,-2,0,0.5,255689|246|2021-07-27,0.24438577703975822,-0.6733664230633328
255874,246,2021-07-27,2021-08-08,13,control,0,0.078918055,0,dept_246_closure_2021-07-27,2021-07-01,2021-07,-2,0,,255874|246|2021-07-27,-0.2288619179602418,-0.6733664230633328
257892,246,2021-07-27,2021-08-08,13,treatment,1,0.09642344,0,dept_246_closure_2021-07-27,2021-07-01,2021-07,-2,0,,257892|246|2021-07-27,-0.2113565329602418,-0.6733664230633328
259539,246,2021-07-27,2021-08-08,13,control,0,0.98992246,1,dept_246_closure_2021-07-27,2021-07-01,2021-07,-2,0,0.5,259539|246|2021-07-27,0.6821424870397581,-0.6733664230633328
259582,246,2021-07-27,2021-08-08,13,control,0,0.7666549,1,dept_246_closure_2021-07-27,2021-07-01,2021-07,-2,0,1.0,259582|246|2021-07-27,0.45887492703975824,-0.6733664230633328
260406,246,2021-07-27,2021-08-08,13,control,0,0.95459735,1,dept_246_closure_2021-07-27,2021-07-01,2021-07,-2,0,0.0,260406|246|2021-07-27,0.6468173770397583,-0.6733664230633328
262174,246,2021-07-27,2021-08-08,13,control,0,0.017433695,0,dept_246_closure_2021-07-27,2021-07-01,2021-07,-2,0,,262174|246|2021-07-27,-0.2903462779602418,-0.6733664230633328
262226,246,2021-07-27,2021-08-08,13,treatment,1,0.0046343305,0,dept_246_closure_2021-07-27,2021-07-01,2021-07,-2,0,,262226|246|2021-07-27,-0.3031456424602418,-0.6733664230633328
262312,246,2021-07-27,2021-08-08,13,treatment,1,0.30028024,0,dept_246_closure_2021-07-27,2021-07-01,2021-07,-2,0,1.0,262312|246|2021-07-27,-0.007499732960241812,-0.6733664230633328
262908,246,2021-07-27,2021-08-08,13,control,0,0.0017360738,0,dept_246_closure_2021-07-27,2021-07-01,2021-07,-2,0,,262908|246|2021-07-27,-0.3060438991602418,-0.6733664230633328
265383,246,2021-07-27,2021-08-08,13,control,0,0.3692996,0,dept_246_closure_2021-07-27,2021-07-01,2021-07,-2,0,0.0,265383|246|2021-07-27,0.06151962703975822,-0.6733664230633328
266110,246,2021-07-27,2021-08-08,13,control,0,0.14823094,0,dept_246_closure_2021-07-27,2021-07-01,2021-07,-2,0,,266110|246|2021-07-27,-0.15954903296024178,-0.6733664230633328
267323,246,2021-07-27,2021-08-08,13,control,0,0.009151967,0,dept_246_closure_2021-07-27,2021-07-01,2021-07,-2,0,,267323|246|2021-07-27,-0.2986280059602418,-0.6733664230633328
271753,246,2021-07-27,2021-08-08,13,control,0,0.70104194,1,dept_246_closure_2021-07-27,2021-07-01,2021-07,-2,0,0.0,271753|246|2021-07-27,0.3932619670397582,-0.6733664230633328
272325,246,2021-07-27,2021-08-08,13,control,0,0.03747098,0,dept_246_closure_2021-07-27,2021-07-01,2021-07,-2,0,1.0,272325|246|2021-07-27,-0.2703089929602418,-0.6733664230633328
274118,246,2021-07-27,2021-08-08,13,control,0,0.16955857,0,dept_246_closure_2021-07-27,2021-07-01,2021-07,-2,0,,274118|246|2021-07-27,-0.1382214029602418,-0.6733664230633328
274812,246,2021-07-27,2021-08-08,13,control,0,0.009415506,0,dept_246_closure_2021-07-27,2021-07-01,2021-07,-2,0,,274812|246|2021-07-27,-0.29836446696024177,-0.6733664230633328
277601,246,2021-07-27,2021-08-08,13,treatment,1,0.1419399,0,dept_246_closure_2021-07-27,2021-07-01,2021-07,-2,0,,277601|246|2021-07-27,-0.16584007296024178,-0.6733664230633328
280469,246,2021-07-27,2021-08-08,13,control,0,0.0043828194,0,dept_246_closure_2021-07-27,2021-07-01,2021-07,-2,0,,280469|246|2021-07-27,-0.3033971535602418,-0.6733664230633328
283701,246,2021-07-27,2021-08-08,13,control,0,0.001436328,0,dept_246_closure_2021-07-27,2021-07-01,2021-07,-2,0,,283701|246|2021-07-27,-0.3063436449602418,-0.6733664230633328
284315,246,2021-07-27,2021-08-08,13,control,0,0.4202311,0,dept_246_closure_2021-07-27,2021-07-01,2021-07,-2,0,,284315|246|2021-07-27,0.11245112703975824,-0.6733664230633328
285033,246,2021-07-27,2021-08-08,13,treatment,1,0.00620761,0,dept_246_closure_2021-07-27,2021-07-01,2021-07,-2,0,,285033|246|2021-07-27,-0.3015723629602418,-0.6733664230633328
285046,246,2021-07-27,2021-08-08,13,control,0,0.0044367714,0,dept_246_closure_2021-07-27,2021-07-01,2021-07,-2,0,,285046|246|2021-07-27,-0.3033432015602418,-0.6733664230633328
285633,246,2021-07-27,2021-08-08,13,control,0,0.43627,0,dept_246_closure_2021-07-27,2021-07-01,2021-07,-2,0,1.0,285633|246|2021-07-27,0.1284900270397582,-0.6733664230633328
286482,246,2021-07-27,2021-08-08,13,control,0,0.02225262,0,dept_246_closure_2021-07-27,2021-07-01,2021-07,-2,0,,286482|246|2021-07-27,-0.2855273529602418,-0.6733664230633328
286653,246,2021-07-27,2021-08-08,13,control,0,0.0026606242,0,dept_246_closure_2021-07-27,2021-07-01,2021-07,-2,0,,286653|246|2021-07-27,-0.30511934876024177,-0.6733664230633328
286897,246,2021-07-27,2021-08-08,13,control,0,0.16014734,0,dept_246_closure_2021-07-27,2021-07-01,2021-07,-2,0,,286897|246|2021-07-27,-0.1476326329602418,-0.6733664230633328
287010,246,2021-07-27,2021-08-08,13,treatment,1,0.009861909,0,dept_246_closure_2021-07-27,2021-07-01,2021-07,-2,0,,287010|246|2021-07-27,-0.2979180639602418,-0.6733664230633328
287756,246,2021-07-27,2021-08-08,13,treatment,1,0.28949228,0,dept_246_closure_2021-07-27,2021-07-01,2021-07,-2,0,1.0,287756|246|2021-07-27,-0.018287692960241797,-0.6733664230633328
288337,246,2021-07-27,2021-08-08,13,treatment,1,0.22882752,0,dept_246_closure_2021-07-27,2021-07-01,2021-07,-2,0,0.5,288337|246|2021-07-27,-0.07895245296024178,-0.6733664230633328
288975,246,2021-07-27,2021-08-08,13,control,0,0.492053,0,dept_246_closure_2021-07-27,2021-07-01,2021-07,-2,0,,288975|246|2021-07-27,0.18427302703975823,-0.6733664230633328
288983,246,2021-07-27,2021-08-08,13,control,0,0.2496914,0,dept_246_closure_2021-07-27,2021-07-01,2021-07,-2,0,1.0,288983|246|2021-07-27,-0.05808857296024178,-0.6733664230633328
290365,246,2021-07-27,2021-08-08,13,control,0,0.10970233,0,dept_246_closure_2021-07-27,2021-07-01,2021-07,-2,0,,290365|246|2021-07-27,-0.19807764296024177,-0.6733664230633328
298986,246,2021-07-27,2021-08-08,13,treatment,1,0.04026596,0,dept_246_closure_2021-07-27,2021-07-01,2021-07,-2,0,,298986|246|2021-07-27,-0.2675140129602418,-0.6733664230633328
301762,246,2021-07-27,2021-08-08,13,control,0,0.7357581,1,dept_246_closure_2021-07-27,2021-07-01,2021-07,-2,0,0.0,301762|246|2021-07-27,0.4279781270397582,-0.6733664230633328
304979,246,2021-07-27,2021-08-08,13,control,0,0.09525018,0,dept_246_closure_2021-07-27,2021-07-01,2021-07,-2,0,,304979|246|2021-07-27,-0.21252979296024177,-0.6733664230633328
307417,246,2021-07-27,2021-08-08,13,control,0,0.9599353,1,dept_246_closure_2021-07-27,2021-07-01,2021-07,-2,0,0.0,307417|246|2021-07-27,0.6521553270397582,-0.6733664230633328
309461,246,2021-07-27,2021-08-08,13,control,0,0.44486257,0,dept_246_closure_2021-07-27,2021-07-01,2021-07,-2,0,,309461|246|2021-07-27,0.13708259703975822,-0.6733664230633328
313013,246,2021-07-27,2021-08-08,13,control,0,0.2960066,0,dept_246_closure_2021-07-27,2021-07-01,2021-07,-2,0,,313013|246|2021-07-27,-0.01177337296024178,-0.6733664230633328
313212,246,2021-07-27,2021-08-08,13,control,0,0.5962742,1,dept_246_closure_2021-07-27,2021-07-01,2021-07,-2,0,0.0,313212|246|2021-07-27,0.2884942270397582,-0.6733664230633328
316936,246,2021-07-27,2021-08-08,13,control,0,0.0037791403,0,dept_246_closure_2021-07-27,2021-07-01,2021-07,-2,0,,316936|246|2021-07-27,-0.3040008326602418,-0.6733664230633328
317316,246,2021-07-27,2021-08-08,13,control,0,0.85932696,1,dept_246_closure_2021-07-27,2021-07-01,2021-07,-2,0,0.5,317316|246|2021-07-27,0.5515469870397582,-0.6733664230633328
319362,246,2021-07-27,2021-08-08,13,control,0,0.054192737,0,dept_246_closure_2021-07-27,2021-07-01,2021-07,-2,0,,319362|246|2021-07-27,-0.2535872359602418,-0.6733664230633328
319378,246,2021-07-27,2021-08-08,13,control,0,0.0054719755,0,dept_246_closure_2021-07-27,2021-07-01,2021-07,-2,0,,319378|246|2021-07-27,-0.3023079974602418,-0.6733664230633328
321260,246,2021-07-27,2021-08-08,13,control,0,0.8903487,1,dept_246_closure_2021-07-27,2021-07-01,2021-07,-2,0,1.0,321260|246|2021-07-27,0.5825687270397581,-0.6733664230633328
330118,246,2021-07-27,2021-08-08,13,control,0,0.02843772,0,dept_246_closure_2021-07-27,2021-07-01,2021-07,-2,0,,330118|246|2021-07-27,-0.2793422529602418,-0.6733664230633328
331482,246,2021-07-27,2021-08-08,13,treatment,1,0.001361551,0,dept_246_closure_2021-07-27,2021-07-01,2021-07,-2,0,,331482|246|2021-07-27,-0.30641842196024177,-0.6733664230633328
333622,246,2021-07-27,2021-08-08,13,control,0,0.9366751,1,dept_246_closure_2021-07-27,2021-07-01,2021-07,-2,0,0.5,333622|246|2021-07-27,0.6288951270397583,-0.6733664230633328
334962,246,2021-07-27,2021-08-08,13,control,0,0.08659036,0,dept_246_closure_2021-07-27,2021-07-01,2021-07,-2,0,,334962|246|2021-07-27,-0.22118961296024178,-0.6733664230633328
335068,246,2021-07-27,2021-08-08,13,treatment,1,0.009978552,0,dept_246_closure_2021-07-27,2021-07-01,2021-07,-2,0,,335068|246|2021-07-27,-0.2978014209602418,-0.6733664230633328
338562,246,2021-07-27,2021-08-08,13,treatment,1,0.017088,0,dept_246_closure_2021-07-27,2021-07-01,2021-07,-2,0,,338562|246|2021-07-27,-0.2906919729602418,-0.6733664230633328
338823,246,2021-07-27,2021-08-08,13,control,0,0.014918992,0,dept_246_closure_2021-07-27,2021-07-01,2021-07,-2,0,,338823|246|2021-07-27,-0.29286098096024177,-0.6733664230633328
339792,246,2021-07-27,2021-08-08,13,control,0,0.8495822,1,dept_246_closure_2021-07-27,2021-07-01,2021-07,-2,0,0.0,339792|246|2021-07-27,0.5418022270397582,-0.6733664230633328
341957,246,2021-07-27,2021-08-08,13,control,0,0.0035954094,0,dept_246_closure_2021-07-27,2021-07-01,2021-07,-2,0,,341957|246|2021-07-27,-0.30418456356024176,-0.6733664230633328
344830,246,2021-07-27,2021-08-08,13,control,0,0.052282482,0,dept_246_closure_2021-07-27,2021-07-01,2021-07,-2,0,,344830|246|2021-07-27,-0.25549749096024177,-0.6733664230633328
345539,246,2021-07-27,2021-08-08,13,control,0,0.00086524605,0,dept_246_closure_2021-07-27,2021-07-01,2021-07,-2,0,,345539|246|2021-07-27,-0.3069147269102418,-0.6733664230633328
345625,246,2021-07-27,2021-08-08,13,control,0,0.018565921,0,dept_246_closure_2021-07-27,2021-07-01,2021-07,-2,0,,345625|246|2021-07-27,-0.2892140519602418,-0.6733664230633328
347325,246,2021-07-27,2021-08-08,13,control,0,0.0043380465,0,dept_246_closure_2021-07-27,2021-07-01,2021-07,-2,0,,347325|246|2021-07-27,-0.30344192646024176,-0.6733664230633328
350016,246,2021-07-27,2021-08-08,13,control,0,0.6836625,1,dept_246_closure_2021-07-27,2021-07-01,2021-07,-2,0,1.0,350016|246|2021-07-27,0.37588252703975816,-0.6733664230633328
355134,246,2021-07-27,2021-08-08,13,control,0,0.0044010277,0,dept_246_closure_2021-07-27,2021-07-01,2021-07,-2,0,,355134|246|2021-07-27,-0.3033789452602418,-0.6733664230633328
355269,246,2021-07-27,2021-08-08,13,control,0,0.016801858,0,dept_246_closure_2021-07-27,2021-07-01,2021-07,-2,0,,355269|246|2021-07-27,-0.2909781149602418,-0.6733664230633328
357111,246,2021-07-27,2021-08-08,13,control,0,0.23188306,0,dept_246_closure_2021-07-27,2021-07-01,2021-07,-2,0,1.0,357111|246|2021-07-27,-0.07589691296024179,-0.6733664230633328
359844,246,2021-07-27,2021-08-08,13,control,0,0.52867234,1,dept_246_closure_2021-07-27,2021-07-01,2021-07,-2,0,0.5,359844|246|2021-07-27,0.22089236703975818,-0.6733664230633328
365341,246,2021-07-27,2021-08-08,13,control,0,0.13278699,0,dept_246_closure_2021-07-27,2021-07-01,2021-07,-2,0,,365341|246|2021-07-27,-0.1749929829602418,-0.6733664230633328
370044,246,2021-07-27,2021-08-08,13,control,0,0.0035498582,0,dept_246_closure_2021-07-27,2021-07-01,2021-07,-2,0,,370044|246|2021-07-27,-0.3042301147602418,-0.6733664230633328
371221,246,2021-07-27,2021-08-08,13,control,0,0.99873716,1,dept_246_closure_2021-07-27,2021-07-01,2021-07,-2,0,0.3333333333333333,371221|246|2021-07-27,0.6909571870397582,-0.6733664230633328
372747,246,2021-07-27,2021-08-08,13,control,0,0.0048901043,0,dept_246_closure_2021-07-27,2021-07-01,2021-07,-2,0,,372747|246|2021-07-27,-0.3028898686602418,-0.6733664230633328
375645,246,2021-07-27,2021-08-08,13,control,0,0.37152928,0,dept_246_closure_2021-07-27,2021-07-01,2021-07,-2,0,1.0,375645|246|2021-07-27,0.06374930703975823,-0.6733664230633328
378407,246,2021-07-27,2021-08-08,13,treatment,1,0.29822764,0,dept_246_closure_2021-07-27,2021-07-01,2021-07,-2,0,1.0,378407|246|2021-07-27,-0.009552332960241772,-0.6733664230633328
379838,246,2021-07-27,2021-08-08,13,control,0,0.012882659,0,dept_246_closure_2021-07-27,2021-07-01,2021-07,-2,0,,379838|246|2021-07-27,-0.29489731396024177,-0.6733664230633328
384650,246,2021-07-27,2021-08-08,13,treatment,1,0.5255844,1,dept_246_closure_2021-07-27,2021-07-01,2021-07,-2,0,,384650|246|2021-07-27,0.21780442703975816,-0.6733664230633328
385192,246,2021-07-27,2021-08-08,13,treatment,1,0.0069333566,0,dept_246_closure_2021-07-27,2021-07-01,2021-07,-2,0,,385192|246|2021-07-27,-0.3008466163602418,-0.6733664230633328
385301,246,2021-07-27,2021-08-08,13,treatment,1,0.0020563663,0,dept_246_closure_2021-07-27,2021-07-01,2021-07,-2,0,,385301|246|2021-07-27,-0.3057236066602418,-0.6733664230633328
390094,246,2021-07-27,2021-08-08,13,control,0,0.6938326,1,dept_246_closure_2021-07-27,2021-07-01,2021-07,-2,0,0.5,390094|246|2021-07-27,0.38605262703975823,-0.6733664230633328
394241,246,2021-07-27,2021-08-08,13,control,0,0.0024767357,0,dept_246_closure_2021-07-27,2021-07-01,2021-07,-2,0,,394241|246|2021-07-27,-0.3053032372602418,-0.6733664230633328
398720,246,2021-07-27,2021-08-08,13,control,0,0.10058723,0,dept_246_closure_2021-07-27,2021-07-01,2021-07,-2,0,1.0,398720|246|2021-07-27,-0.2071927429602418,-0.6733664230633328
399165,246,2021-07-27,2021-08-08,13,treatment,1,0.01611269,0,dept_246_closure_2021-07-27,2021-07-01,2021-07,-2,0,,399165|246|2021-07-27,-0.2916672829602418,-0.6733664230633328
400356,246,2021-07-27,2021-08-08,13,control,0,0.5050747,1,dept_246_closure_2021-07-27,2021-07-01,2021-07,-2,0,1.0,400356|246|2021-07-27,0.1972947270397582,-0.6733664230633328
403400,246,2021-07-27,2021-08-08,13,control,0,0.06201131,0,dept_246_closure_2021-07-27,2021-07-01,2021-07,-2,0,,403400|246|2021-07-27,-0.2457686629602418,-0.6733664230633328
403978,246,2021-07-27,2021-08-08,13,control,0,0.015248471,0,dept_246_closure_2021-07-27,2021-07-01,2021-07,-2,0,,403978|246|2021-07-27,-0.2925315019602418,-0.6733664230633328
406351,246,2021-07-27,2021-08-08,13,control,0,0.9433126,1,dept_246_closure_2021-07-27,2021-07-01,2021-07,-2,0,0.0,406351|246|2021-07-27,0.6355326270397581,-0.6733664230633328
411042,246,2021-07-27,2021-08-08,13,control,0,0.0035023398,0,dept_246_closure_2021-07-27,2021-07-01,2021-07,-2,0,,411042|246|2021-07-27,-0.3042776331602418,-0.6733664230633328
413597,246,2021-07-27,2021-08-08,13,treatment,1,0.033977475,0,dept_246_closure_2021-07-27,2021-07-01,2021-07,-2,0,,413597|246|2021-07-27,-0.2738024979602418,-0.6733664230633328
416998,246,2021-07-27,2021-08-08,13,control,0,0.0013396153,0,dept_246_closure_2021-07-27,2021-07-01,2021-07,-2,0,,416998|246|2021-07-27,-0.3064403576602418,-0.6733664230633328
417897,246,2021-07-27,2021-08-08,13,control,0,0.5677011,1,dept_246_closure_2021-07-27,2021-07-01,2021-07,-2,0,,417897|246|2021-07-27,0.25992112703975817,-0.6733664230633328
419836,246,2021-07-27,2021-08-08,13,control,0,0.40988797,0,dept_246_closure_2021-07-27,2021-07-01,2021-07,-2,0,1.0,419836|246|2021-07-27,0.1021079970397582,-0.6733664230633328
423045,246,2021-07-27,2021-08-08,13,control,0,0.944171,1,dept_246_closure_2021-07-27,2021-07-01,2021-07,-2,0,0.0,423045|246|2021-07-27,0.6363910270397581,-0.6733664230633328
424548,246,2021-07-27,2021-08-08,13,control,0,0.7207846,1,dept_246_closure_2021-07-27,2021-07-01,2021-07,-2,0,0.8333333333333334,424548|246|2021-07-27,0.4130046270397582,-0.6733664230633328
431076,246,2021-07-27,2021-08-08,13,control,0,0.031024417,0,dept_246_closure_2021-07-27,2021-07-01,2021-07,-2,0,,431076|246|2021-07-27,-0.2767555559602418,-0.6733664230633328
431105,246,2021-07-27,2021-08-08,13,treatment,1,0.06195705,0,dept_246_closure_2021-07-27,2021-07-01,2021-07,-2,0,,431105|246|2021-07-27,-0.24582292296024177,-0.6733664230633328
432796,246,2021-07-27,2021-08-08,13,control,0,0.010759436,0,dept_246_closure_2021-07-27,2021-07-01,2021-07,-2,0,,432796|246|2021-07-27,-0.2970205369602418,-0.6733664230633328
434128,246,2021-07-27,2021-08-08,13,control,0,0.16260657,0,dept_246_closure_2021-07-27,2021-07-01,2021-07,-2,0,,434128|246|2021-07-27,-0.14517340296024178,-0.6733664230633328
439016,246,2021-07-27,2021-08-08,13,control,0,0.00097234204,0,dept_246_closure_2021-07-27,2021-07-01,2021-07,-2,0,,439016|246|2021-07-27,-0.30680763092024177,-0.6733664230633328
439415,246,2021-07-27,2021-08-08,13,treatment,1,0.00854473,0,dept_246_closure_2021-07-27,2021-07-01,2021-07,-2,0,,439415|246|2021-07-27,-0.2992352429602418,-0.6733664230633328
440301,246,2021-07-27,2021-08-08,13,control,0,0.7762471,1,dept_246_closure_2021-07-27,2021-07-01,2021-07,-2,0,0.25,440301|246|2021-07-27,0.4684671270397582,-0.6733664230633328
441807,246,2021-07-27,2021-08-08,13,treatment,1,0.007342132,0,dept_246_closure_2021-07-27,2021-07-01,2021-07,-2,0,,441807|246|2021-07-27,-0.3004378409602418,-0.6733664230633328
441960,246,2021-07-27,2021-08-08,13,treatment,1,0.06911523,0,dept_246_closure_2021-07-27,2021-07-01,2021-07,-2,0,0.0,441960|246|2021-07-27,-0.2386647429602418,-0.6733664230633328
442347,246,2021-07-27,2021-08-08,13,control,0,0.4125593,0,dept_246_closure_2021-07-27,2021-07-01,2021-07,-2,0,,442347|246|2021-07-27,0.10477932703975823,-0.6733664230633328
442951,246,2021-07-27,2021-08-08,13,control,0,0.08055308,0,dept_246_closure_2021-07-27,2021-07-01,2021-07,-2,0,,442951|246|2021-07-27,-0.2272268929602418,-0.6733664230633328
443224,246,2021-07-27,2021-08-08,13,control,0,0.012283262,0,dept_246_closure_2021-07-27,2021-07-01,2021-07,-2,0,,443224|246|2021-07-27,-0.29549671096024177,-0.6733664230633328
444724,246,2021-07-27,2021-08-08,13,control,0,0.31141287,0,dept_246_closure_2021-07-27,2021-07-01,2021-07,-2,0,,444724|246|2021-07-27,0.0036328970397582205,-0.6733664230633328
446139,246,2021-07-27,2021-08-08,13,treatment,1,0.01199333,0,dept_246_closure_2021-07-27,2021-07-01,2021-07,-2,0,,446139|246|2021-07-27,-0.29578664296024176,-0.6733664230633328
449149,246,2021-07-27,2021-08-08,13,control,0,0.023524707,0,dept_246_closure_2021-07-27,2021-07-01,2021-07,-2,0,,449149|246|2021-07-27,-0.2842552659602418,-0.6733664230633328
450011,246,2021-07-27,2021-08-08,13,treatment,1,0.07574345,0,dept_246_closure_2021-07-27,2021-07-01,2021-07,-2,0,,450011|246|2021-07-27,-0.2320365229602418,-0.6733664230633328
450376,246,2021-07-27,2021-08-08,13,control,0,0.9690146,1,dept_246_closure_2021-07-27,2021-07-01,2021-07,-2,0,0.6666666666666666,450376|246|2021-07-27,0.6612346270397582,-0.6733664230633328
452100,246,2021-07-27,2021-08-08,13,control,0,0.004648191,0,dept_246_closure_2021-07-27,2021-07-01,2021-07,-2,0,,452100|246|2021-07-27,-0.30313178196024176,-0.6733664230633328
452195,246,2021-07-27,2021-08-08,13,control,0,0.19528177,0,dept_246_closure_2021-07-27,2021-07-01,2021-07,-2,0,1.0,452195|246|2021-07-27,-0.1124982029602418,-0.6733664230633328
452907,246,2021-07-27,2021-08-08,13,control,0,0.010661791,0,dept_246_closure_2021-07-27,2021-07-01,2021-07,-2,0,,452907|246|2021-07-27,-0.2971181819602418,-0.6733664230633328
453025,246,2021-07-27,2021-08-08,13,control,0,0.14658046,0,dept_246_closure_2021-07-27,2021-07-01,2021-07,-2,0,,453025|246|2021-07-27,-0.1611995129602418,-0.6733664230633328
453038,246,2021-07-27,2021-08-08,13,control,0,0.2722325,0,dept_246_closure_2021-07-27,2021-07-01,2021-07,-2,0,,453038|246|2021-07-27,-0.0355474729602418,-0.6733664230633328
453665,246,2021-07-27,2021-08-08,13,control,0,0.009102977,0,dept_246_closure_2021-07-27,2021-07-01,2021-07,-2,0,,453665|246|2021-07-27,-0.2986769959602418,-0.6733664230633328
454818,246,2021-07-27,2021-08-08,13,control,0,0.007638136,0,dept_246_closure_2021-07-27,2021-07-01,2021-07,-2,0,,454818|246|2021-07-27,-0.30014183696024177,-0.6733664230633328
454884,246,2021-07-27,2021-08-08,13,control,0,0.002269149,0,dept_246_closure_2021-07-27,2021-07-01,2021-07,-2,0,,454884|246|2021-07-27,-0.30551082396024176,-0.6733664230633328
455289,246,2021-07-27,2021-08-08,13,control,0,0.028846227,0,dept_246_closure_2021-07-27,2021-07-01,2021-07,-2,0,,455289|246|2021-07-27,-0.2789337459602418,-0.6733664230633328
456094,246,2021-07-27,2021-08-08,13,control,0,0.18711595,0,dept_246_closure_2021-07-27,2021-07-01,2021-07,-2,0,1.0,456094|246|2021-07-27,-0.12066402296024178,-0.6733664230633328
458984,246,2021-07-27,2021-08-08,13,control,0,0.9810481,1,dept_246_closure_2021-07-27,2021-07-01,2021-07,-2,0,0.0,458984|246|2021-07-27,0.6732681270397582,-0.6733664230633328
459841,246,2021-07-27,2021-08-08,13,control,0,0.0005614279,0,dept_246_closure_2021-07-27,2021-07-01,2021-07,-2,0,,459841|246|2021-07-27,-0.30721854506024177,-0.6733664230633328
461467,246,2021-07-27,2021-08-08,13,control,0,0.009364551,0,dept_246_closure_2021-07-27,2021-07-01,2021-07,-2,0,,461467|246|2021-07-27,-0.2984154219602418,-0.6733664230633328
461932,246,2021-07-27,2021-08-08,13,control,0,0.09253036,0,dept_246_closure_2021-07-27,2021-07-01,2021-07,-2,0,,461932|246|2021-07-27,-0.21524961296024178,-0.6733664230633328
468637,246,2021-07-27,2021-08-08,13,control,0,0.0082636215,0,dept_246_closure_2021-07-27,2021-07-01,2021-07,-2,0,,468637|246|2021-07-27,-0.2995163514602418,-0.6733664230633328
468990,246,2021-07-27,2021-08-08,13,control,0,0.0036695665,0,dept_246_closure_2021-07-27,2021-07-01,2021-07,-2,0,,468990|246|2021-07-27,-0.3041104064602418,-0.6733664230633328
470518,246,2021-07-27,2021-08-08,13,control,0,0.322585,0,dept_246_closure_2021-07-27,2021-07-01,2021-07,-2,0,,470518|246|2021-07-27,0.014805027039758223,-0.6733664230633328
470834,246,2021-07-27,2021-08-08,13,control,0,0.000823228,0,dept_246_closure_2021-07-27,2021-07-01,2021-07,-2,0,,470834|246|2021-07-27,-0.3069567449602418,-0.6733664230633328
476923,246,2021-07-27,2021-08-08,13,control,0,0.03176959,0,dept_246_closure_2021-07-27,2021-07-01,2021-07,-2,0,,476923|246|2021-07-27,-0.2760103829602418,-0.6733664230633328
477028,246,2021-07-27,2021-08-08,13,control,0,0.042944282,0,dept_246_closure_2021-07-27,2021-07-01,2021-07,-2,0,,477028|246|2021-07-27,-0.2648356909602418,-0.6733664230633328
480298,246,2021-07-27,2021-08-08,13,treatment,1,0.13048448,0,dept_246_closure_2021-07-27,2021-07-01,2021-07,-2,0,,480298|246|2021-07-27,-0.17729549296024177,-0.6733664230633328
480324,246,2021-07-27,2021-08-08,13,control,0,0.46218455,0,dept_246_closure_2021-07-27,2021-07-01,2021-07,-2,0,,480324|246|2021-07-27,0.15440457703975824,-0.6733664230633328
484536,246,2021-07-27,2021-08-08,13,control,0,0.01640969,0,dept_246_closure_2021-07-27,2021-07-01,2021-07,-2,0,,484536|246|2021-07-27,-0.2913702829602418,-0.6733664230633328
491245,246,2021-07-27,2021-08-08,13,treatment,1,0.40913373,0,dept_246_closure_2021-07-27,2021-07-01,2021-07,-2,0,,491245|246|2021-07-27,0.10135375703975819,-0.6733664230633328
495255,246,2021-07-27,2021-08-08,13,control,0,0.5636729,1,dept_246_closure_2021-07-27,2021-07-01,2021-07,-2,0,1.0,495255|246|2021-07-27,0.25589292703975824,-0.6733664230633328
495653,246,2021-07-27,2021-08-08,13,control,0,0.01161271,0,dept_246_closure_2021-07-27,2021-07-01,2021-07,-2,0,,495653|246|2021-07-27,-0.29616726296024176,-0.6733664230633328
500432,246,2021-07-27,2021-08-08,13,treatment,1,0.0071476568,0,dept_246_closure_2021-07-27,2021-07-01,2021-07,-2,0,,500432|246|2021-07-27,-0.3006323161602418,-0.6733664230633328
501027,246,2021-07-27,2021-08-08,13,control,0,0.07780795,0,dept_246_closure_2021-07-27,2021-07-01,2021-07,-2,0,,501027|246|2021-07-27,-0.22997202296024177,-0.6733664230633328
501671,246,2021-07-27,2021-08-08,13,control,0,0.006003442,0,dept_246_closure_2021-07-27,2021-07-01,2021-07,-2,0,,501671|246|2021-07-27,-0.30177653096024176,-0.6733664230633328
505404,246,2021-07-27,2021-08-08,13,control,0,0.0010926963,0,dept_246_closure_2021-07-27,2021-07-01,2021-07,-2,0,,505404|246|2021-07-27,-0.3066872766602418,-0.6733664230633328
507059,246,2021-07-27,2021-08-08,13,control,0,0.038536042,0,dept_246_closure_2021-07-27,2021-07-01,2021-07,-2,0,,507059|246|2021-07-27,-0.2692439309602418,-0.6733664230633328
515135,246,2021-07-27,2021-08-08,13,control,0,0.77358234,1,dept_246_closure_2021-07-27,2021-07-01,2021-07,-2,0,0.5,515135|246|2021-07-27,0.46580236703975825,-0.6733664230633328
516387,246,2021-07-27,2021-08-08,13,control,0,0.54751676,1,dept_246_closure_2021-07-27,2021-07-01,2021-07,-2,0,,516387|246|2021-07-27,0.23973678703975826,-0.6733664230633328
516947,246,2021-07-27,2021-08-08,13,control,0,0.0024468016,0,dept_246_closure_2021-07-27,2021-07-01,2021-07,-2,0,,516947|246|2021-07-27,-0.3053331713602418,-0.6733664230633328
518073,246,2021-07-27,2021-08-08,13,control,0,0.0034049528,0,dept_246_closure_2021-07-27,2021-07-01,2021-07,-2,0,,518073|246|2021-07-27,-0.30437502016024176,-0.6733664230633328
522473,246,2021-07-27,2021-08-08,13,control,0,0.006477041,0,dept_246_closure_2021-07-27,2021-07-01,2021-07,-2,0,,522473|246|2021-07-27,-0.30130293196024177,-0.6733664230633328
522888,246,2021-07-27,2021-08-08,13,control,0,0.46438572,0,dept_246_closure_2021-07-27,2021-07-01,2021-07,-2,0,,522888|246|2021-07-27,0.15660574703975821,-0.6733664230633328
523756,246,2021-07-27,2021-08-08,13,control,0,0.08249825,0,dept_246_closure_2021-07-27,2021-07-01,2021-07,-2,0,0.0,523756|246|2021-07-27,-0.2252817229602418,-0.6733664230633328
524242,246,2021-07-27,2021-08-08,13,control,0,0.24817444,0,dept_246_closure_2021-07-27,2021-07-01,2021-07,-2,0,,524242|246|2021-07-27,-0.05960553296024179,-0.6733664230633328
525088,246,2021-07-27,2021-08-08,13,control,0,0.010470928,0,dept_246_closure_2021-07-27,2021-07-01,2021-07,-2,0,,525088|246|2021-07-27,-0.2973090449602418,-0.6733664230633328
525089,246,2021-07-27,2021-08-08,13,control,0,0.3218755,0,dept_246_closure_2021-07-27,2021-07-01,2021-07,-2,0,,525089|246|2021-07-27,0.014095527039758193,-0.6733664230633328
526993,246,2021-07-27,2021-08-08,13,control,0,0.041271646,0,dept_246_closure_2021-07-27,2021-07-01,2021-07,-2,0,,526993|246|2021-07-27,-0.2665083269602418,-0.6733664230633328
527214,246,2021-07-27,2021-08-08,13,control,0,0.31292325,0,dept_246_closure_2021-07-27,2021-07-01,2021-07,-2,0,,527214|246|2021-07-27,0.005143277039758198,-0.6733664230633328
527928,246,2021-07-27,2021-08-08,13,control,0,0.005893473,0,dept_246_closure_2021-07-27,2021-07-01,2021-07,-2,0,,527928|246|2021-07-27,-0.3018864999602418,-0.6733664230633328
529562,246,2021-07-27,2021-08-08,13,control,0,0.17627233,0,dept_246_closure_2021-07-27,2021-07-01,2021-07,-2,0,1.0,529562|246|2021-07-27,-0.13150764296024178,-0.6733664230633328
531816,246,2021-07-27,2021-08-08,13,control,0,0.52069277,1,dept_246_closure_2021-07-27,2021-07-01,2021-07,-2,0,,531816|246|2021-07-27,0.21291279703975824,-0.6733664230633328
534802,246,2021-07-27,2021-08-08,13,control,0,0.017343024,0,dept_246_closure_2021-07-27,2021-07-01,2021-07,-2,0,,534802|246|2021-07-27,-0.2904369489602418,-0.6733664230633328
535612,246,2021-07-27,2021-08-08,13,control,0,0.00053973676,0,dept_246_closure_2021-07-27,2021-07-01,2021-07,-2,0,,535612|246|2021-07-27,-0.30724023620024177,-0.6733664230633328
536411,246,2021-07-27,2021-08-08,13,control,0,0.050159402,0,dept_246_closure_2021-07-27,2021-07-01,2021-07,-2,0,,536411|246|2021-07-27,-0.25762057096024177,-0.6733664230633328
537954,246,2021-07-27,2021-08-08,13,control,0,0.16031921,0,dept_246_closure_2021-07-27,2021-07-01,2021-07,-2,0,,537954|246|2021-07-27,-0.1474607629602418,-0.6733664230633328
538089,246,2021-07-27,2021-08-08,13,control,0,0.13539918,0,dept_246_closure_2021-07-27,2021-07-01,2021-07,-2,0,,538089|246|2021-07-27,-0.17238079296024178,-0.6733664230633328
542794,246,2021-07-27,2021-08-08,13,control,0,0.5084093,1,dept_246_closure_2021-07-27,2021-07-01,2021-07,-2,0,1.0,542794|246|2021-07-27,0.20062932703975817,-0.6733664230633328
543055,246,2021-07-27,2021-08-08,13,control,0,0.0135525465,0,dept_246_closure_2021-07-27,2021-07-01,2021-07,-2,0,,543055|246|2021-07-27,-0.2942274264602418,-0.6733664230633328
543648,246,2021-07-27,2021-08-08,13,control,0,0.0039488655,0,dept_246_closure_2021-07-27,2021-07-01,2021-07,-2,0,,543648|246|2021-07-27,-0.3038311074602418,-0.6733664230633328
545023,246,2021-07-27,2021-08-08,13,control,0,0.009715581,0,dept_246_closure_2021-07-27,2021-07-01,2021-07,-2,0,,545023|246|2021-07-27,-0.2980643919602418,-0.6733664230633328
545692,246,2021-07-27,2021-08-08,13,control,0,0.0008134581,0,dept_246_closure_2021-07-27,2021-07-01,2021-07,-2,0,,545692|246|2021-07-27,-0.3069665148602418,-0.6733664230633328
545694,246,2021-07-27,2021-08-08,13,control,0,0.0005715896,0,dept_246_closure_2021-07-27,2021-07-01,2021-07,-2,0,,545694|246|2021-07-27,-0.3072083833602418,-0.6733664230633328
545758,246,2021-07-27,2021-08-08,13,control,0,0.71061146,1,dept_246_closure_2021-07-27,2021-07-01,2021-07,-2,0,,545758|246|2021-07-27,0.4028314870397582,-0.6733664230633328
546891,246,2021-07-27,2021-08-08,13,control,0,0.07180334,0,dept_246_closure_2021-07-27,2021-07-01,2021-07,-2,0,,546891|246|2021-07-27,-0.2359766329602418,-0.6733664230633328
548191,246,2021-07-27,2021-08-08,13,control,0,0.24172111,0,dept_246_closure_2021-07-27,2021-07-01,2021-07,-2,0,,548191|246|2021-07-27,-0.0660588629602418,-0.6733664230633328
549711,246,2021-07-27,2021-08-08,13,treatment,1,0.0021731849,0,dept_246_closure_2021-07-27,2021-07-01,2021-07,-2,0,,549711|246|2021-07-27,-0.3056067880602418,-0.6733664230633328
553155,246,2021-07-27,2021-08-08,13,control,0,0.83945435,1,dept_246_closure_2021-07-27,2021-07-01,2021-07,-2,0,1.0,553155|246|2021-07-27,0.5316743770397583,-0.6733664230633328
553525,246,2021-07-27,2021-08-08,13,control,0,0.008986299,0,dept_246_closure_2021-07-27,2021-07-01,2021-07,-2,0,,553525|246|2021-07-27,-0.2987936739602418,-0.6733664230633328
555770,246,2021-07-27,2021-08-08,13,treatment,1,0.010941439,0,dept_246_closure_2021-07-27,2021-07-01,2021-07,-2,0,,555770|246|2021-07-27,-0.2968385339602418,-0.6733664230633328
555771,246,2021-07-27,2021-08-08,13,treatment,1,0.0842387,0,dept_246_closure_2021-07-27,2021-07-01,2021-07,-2,0,,555771|246|2021-07-27,-0.2235412729602418,-0.6733664230633328
555774,246,2021-07-27,2021-08-08,13,treatment,1,0.008043327,0,dept_246_closure_2021-07-27,2021-07-01,2021-07,-2,0,,555774|246|2021-07-27,-0.2997366459602418,-0.6733664230633328
555775,246,2021-07-27,2021-08-08,13,treatment,1,0.08296541,0,dept_246_closure_2021-07-27,2021-07-01,2021-07,-2,0,,555775|246|2021-07-27,-0.22481456296024177,-0.6733664230633328
555779,246,2021-07-27,2021-08-08,13,treatment,1,0.0014057029,0,dept_246_closure_2021-07-27,2021-07-01,2021-07,-2,0,,555779|246|2021-07-27,-0.30637427006024176,-0.6733664230633328
555783,246,2021-07-27,2021-08-08,13,treatment,1,0.013152651,0,dept_246_closure_2021-07-27,2021-07-01,2021-07,-2,0,,555783|246|2021-07-27,-0.2946273219602418,-0.6733664230633328
555790,246,2021-07-27,2021-08-08,13,treatment,1,0.015164689,0,dept_246_closure_2021-07-27,2021-07-01,2021-07,-2,0,,555790|246|2021-07-27,-0.2926152839602418,-0.6733664230633328
557816,246,2021-07-27,2021-08-08,13,control,0,0.21749215,0,dept_246_closure_2021-07-27,2021-07-01,2021-07,-2,0,,557816|246|2021-07-27,-0.09028782296024179,-0.6733664230633328
559337,246,2021-07-27,2021-08-08,13,control,0,0.17666233,0,dept_246_closure_2021-07-27,2021-07-01,2021-07,-2,0,,559337|246|2021-07-27,-0.13111764296024178,-0.6733664230633328
559408,246,2021-07-27,2021-08-08,13,control,0,0.018768283,0,dept_246_closure_2021-07-27,2021-07-01,2021-07,-2,0,,559408|246|2021-07-27,-0.2890116899602418,-0.6733664230633328
559409,246,2021-07-27,2021-08-08,13,control,0,0.96728253,1,dept_246_closure_2021-07-27,2021-07-01,2021-07,-2,0,0.0,559409|246|2021-07-27,0.6595025570397581,-0.6733664230633328
561590,246,2021-07-27,2021-08-08,13,control,0,0.128723,0,dept_246_closure_2021-07-27,2021-07-01,2021-07,-2,0,,561590|246|2021-07-27,-0.17905697296024178,-0.6733664230633328
563019,246,2021-07-27,2021-08-08,13,control,0,0.009029443,0,dept_246_closure_2021-07-27,2021-07-01,2021-07,-2,0,,563019|246|2021-07-27,-0.29875052996024176,-0.6733664230633328
564033,246,2021-07-27,2021-08-08,13,control,0,0.13902798,0,dept_246_closure_2021-07-27,2021-07-01,2021-07,-2,0,,564033|246|2021-07-27,-0.1687519929602418,-0.6733664230633328
567531,246,2021-07-27,2021-08-08,13,control,0,0.053659875,0,dept_246_closure_2021-07-27,2021-07-01,2021-07,-2,0,,567531|246|2021-07-27,-0.25412009796024176,-0.6733664230633328
568304,246,2021-07-27,2021-08-08,13,control,0,0.18506885,0,dept_246_closure_2021-07-27,2021-07-01,2021-07,-2,0,,568304|246|2021-07-27,-0.12271112296024178,-0.6733664230633328
568710,246,2021-07-27,2021-08-08,13,control,0,0.05581417,0,dept_246_closure_2021-07-27,2021-07-01,2021-07,-2,0,,568710|246|2021-07-27,-0.2519658029602418,-0.6733664230633328
568717,246,2021-07-27,2021-08-08,13,control,0,0.19861202,0,dept_246_closure_2021-07-27,2021-07-01,2021-07,-2,0,,568717|246|2021-07-27,-0.10916795296024179,-0.6733664230633328
569171,246,2021-07-27,2021-08-08,13,control,0,0.7194902,1,dept_246_closure_2021-07-27,2021-07-01,2021-07,-2,0,1.0,569171|246|2021-07-27,0.4117102270397582,-0.6733664230633328
569243,246,2021-07-27,2021-08-08,13,control,0,0.30488983,0,dept_246_closure_2021-07-27,2021-07-01,2021-07,-2,0,1.0,569243|246|2021-07-27,-0.002890142960241815,-0.6733664230633328
572425,246,2021-07-27,2021-08-08,13,control,0,0.5277754,1,dept_246_closure_2021-07-27,2021-07-01,2021-07,-2,0,1.0,572425|246|2021-07-27,0.21999542703975822,-0.6733664230633328
574110,246,2021-07-27,2021-08-08,13,control,0,0.0024425895,0,dept_246_closure_2021-07-27,2021-07-01,2021-07,-2,0,,574110|246|2021-07-27,-0.3053373834602418,-0.6733664230633328
576316,246,2021-07-27,2021-08-08,13,control,0,0.18185039,0,dept_246_closure_2021-07-27,2021-07-01,2021-07,-2,0,,576316|246|2021-07-27,-0.1259295829602418,-0.6733664230633328
578943,246,2021-07-27,2021-08-08,13,control,0,0.7836015,1,dept_246_closure_2021-07-27,2021-07-01,2021-07,-2,0,1.0,578943|246|2021-07-27,0.47582152703975816,-0.6733664230633328
579360,246,2021-07-27,2021-08-08,13,control,0,0.16620348,0,dept_246_closure_2021-07-27,2021-07-01,2021-07,-2,0,,579360|246|2021-07-27,-0.1415764929602418,-0.6733664230633328
579361,246,2021-07-27,2021-08-08,13,control,0,0.80165404,1,dept_246_closure_2021-07-27,2021-07-01,2021-07,-2,0,0.0,579361|246|2021-07-27,0.49387406703975817,-0.6733664230633328
581177,246,2021-07-27,2021-08-08,13,control,0,0.0018570615,0,dept_246_closure_2021-07-27,2021-07-01,2021-07,-2,0,,581177|246|2021-07-27,-0.3059229114602418,-0.6733664230633328
583595,246,2021-07-27,2021-08-08,13,control,0,0.00058975234,0,dept_246_closure_2021-07-27,2021-07-01,2021-07,-2,0,,583595|246|2021-07-27,-0.30719022062024176,-0.6733664230633328
585739,246,2021-07-27,2021-08-08,13,control,0,0.0023803557,0,dept_246_closure_2021-07-27,2021-07-01,2021-07,-2,0,,585739|246|2021-07-27,-0.3053996172602418,-0.6733664230633328
588443,246,2021-07-27,2021-08-08,13,control,0,0.069057114,0,dept_246_closure_2021-07-27,2021-07-01,2021-07,-2,0,,588443|246|2021-07-27,-0.23872285896024178,-0.6733664230633328
595167,246,2021-07-27,2021-08-08,13,control,0,0.058140654,0,dept_246_closure_2021-07-27,2021-07-01,2021-07,-2,0,1.0,595167|246|2021-07-27,-0.24963931896024177,-0.6733664230633328
596009,246,2021-07-27,2021-08-08,13,control,0,0.00039956646,0,dept_246_closure_2021-07-27,2021-07-01,2021-07,-2,0,,596009|246|2021-07-27,-0.3073804065002418,-0.6733664230633328
596472,246,2021-07-27,2021-08-08,13,control,0,0.38928533,0,dept_246_closure_2021-07-27,2021-07-01,2021-07,-2,0,,596472|246|2021-07-27,0.0815053570397582,-0.6733664230633328
597124,246,2021-07-27,2021-08-08,13,control,0,0.0056995642,0,dept_246_closure_2021-07-27,2021-07-01,2021-07,-2,0,,597124|246|2021-07-27,-0.3020804087602418,-0.6733664230633328
597426,246,2021-07-27,2021-08-08,13,control,0,0.24039146,0,dept_246_closure_2021-07-27,2021-07-01,2021-07,-2,0,,597426|246|2021-07-27,-0.06738851296024179,-0.6733664230633328
597841,246,2021-07-27,2021-08-08,13,control,0,0.6473513,1,dept_246_closure_2021-07-27,2021-07-01,2021-07,-2,0,,597841|246|2021-07-27,0.3395713270397582,-0.6733664230633328
597844,246,2021-07-27,2021-08-08,13,control,0,0.6792706,1,dept_246_closure_2021-07-27,2021-07-01,2021-07,-2,0,,597844|246|2021-07-27,0.37149062703975816,-0.6733664230633328
599014,246,2021-07-27,2021-08-08,13,control,0,0.9615126,1,dept_246_closure_2021-07-27,2021-07-01,2021-07,-2,0,0.0,599014|246|2021-07-27,0.6537326270397583,-0.6733664230633328
600093,246,2021-07-27,2021-08-08,13,treatment,1,0.001949751,0,dept_246_closure_2021-07-27,2021-07-01,2021-07,-2,0,,600093|246|2021-07-27,-0.3058302219602418,-0.6733664230633328
600236,246,2021-07-27,2021-08-08,13,treatment,1,0.008690901,0,dept_246_closure_2021-07-27,2021-07-01,2021-07,-2,0,,600236|246|2021-07-27,-0.2990890719602418,-0.6733664230633328
600802,246,2021-07-27,2021-08-08,13,control,0,0.025362764,0,dept_246_closure_2021-07-27,2021-07-01,2021-07,-2,0,,600802|246|2021-07-27,-0.2824172089602418,-0.6733664230633328
602120,246,2021-07-27,2021-08-08,13,control,0,0.097351424,0,dept_246_closure_2021-07-27,2021-07-01,2021-07,-2,0,1.0,602120|246|2021-07-27,-0.21042854896024177,-0.6733664230633328
602124,246,2021-07-27,2021-08-08,13,control,0,0.11309978,0,dept_246_closure_2021-07-27,2021-07-01,2021-07,-2,0,0.0,602124|246|2021-07-27,-0.1946801929602418,-0.6733664230633328
602125,246,2021-07-27,2021-08-08,13,control,0,0.028593527,0,dept_246_closure_2021-07-27,2021-07-01,2021-07,-2,0,,602125|246|2021-07-27,-0.2791864459602418,-0.6733664230633328
603013,246,2021-07-27,2021-08-08,13,control,0,0.39335406,0,dept_246_closure_2021-07-27,2021-07-01,2021-07,-2,0,,603013|246|2021-07-27,0.08557408703975822,-0.6733664230633328
604432,246,2021-07-27,2021-08-08,13,control,0,0.0038901225,0,dept_246_closure_2021-07-27,2021-07-01,2021-07,-2,0,,604432|246|2021-07-27,-0.3038898504602418,-0.6733664230633328
613493,246,2021-07-27,2021-08-08,13,control,0,0.48033825,0,dept_246_closure_2021-07-27,2021-07-01,2021-07,-2,0,1.0,613493|246|2021-07-27,0.17255827703975823,-0.6733664230633328
613860,246,2021-07-27,2021-08-08,13,control,0,0.0053632376,0,dept_246_closure_2021-07-27,2021-07-01,2021-07,-2,0,,613860|246|2021-07-27,-0.3024167353602418,-0.6733664230633328
614813,246,2021-07-27,2021-08-08,13,control,0,0.72239745,1,dept_246_closure_2021-07-27,2021-07-01,2021-07,-2,0,1.0,614813|246|2021-07-27,0.4146174770397582,-0.6733664230633328
615015,246,2021-07-27,2021-08-08,13,control,0,0.053707235,0,dept_246_closure_2021-07-27,2021-07-01,2021-07,-2,0,,615015|246|2021-07-27,-0.25407273796024177,-0.6733664230633328
618999,246,2021-07-27,2021-08-08,13,control,0,0.15502954,0,dept_246_closure_2021-07-27,2021-07-01,2021-07,-2,0,,618999|246|2021-07-27,-0.1527504329602418,-0.6733664230633328
620766,246,2021-07-27,2021-08-08,13,control,0,0.00068438525,0,dept_246_closure_2021-07-27,2021-07-01,2021-07,-2,0,,620766|246|2021-07-27,-0.3070955877102418,-0.6733664230633328
621023,246,2021-07-27,2021-08-08,13,control,0,0.0061639016,0,dept_246_closure_2021-07-27,2021-07-01,2021-07,-2,0,,621023|246|2021-07-27,-0.30161607136024177,-0.6733664230633328
621722,246,2021-07-27,2021-08-08,13,control,0,0.71391684,1,dept_246_closure_2021-07-27,2021-07-01,2021-07,-2,0,0.0,621722|246|2021-07-27,0.4061368670397582,-0.6733664230633328
623783,246,2021-07-27,2021-08-08,13,control,0,0.9951931,1,dept_246_closure_2021-07-27,2021-07-01,2021-07,-2,0,0.5,623783|246|2021-07-27,0.6874131270397583,-0.6733664230633328
623805,246,2021-07-27,2021-08-08,13,control,0,0.06917468,0,dept_246_closure_2021-07-27,2021-07-01,2021-07,-2,0,,623805|246|2021-07-27,-0.2386052929602418,-0.6733664230633328
623808,246,2021-07-27,2021-08-08,13,control,0,0.9979461,1,dept_246_closure_2021-07-27,2021-07-01,2021-07,-2,0,0.0,623808|246|2021-07-27,0.6901661270397581,-0.6733664230633328
624145,246,2021-07-27,2021-08-08,13,control,0,0.35900682,0,dept_246_closure_2021-07-27,2021-07-01,2021-07,-2,0,1.0,624145|246|2021-07-27,0.051226847039758217,-0.6733664230633328
625679,246,2021-07-27,2021-08-08,13,control,0,0.0054499777,0,dept_246_closure_2021-07-27,2021-07-01,2021-07,-2,0,,625679|246|2021-07-27,-0.3023299952602418,-0.6733664230633328
625795,246,2021-07-27,2021-08-08,13,control,0,0.0064810133,0,dept_246_closure_2021-07-27,2021-07-01,2021-07,-2,0,,625795|246|2021-07-27,-0.3012989596602418,-0.6733664230633328
626528,246,2021-07-27,2021-08-08,13,control,0,0.012384835,0,dept_246_closure_2021-07-27,2021-07-01,2021-07,-2,0,,626528|246|2021-07-27,-0.2953951379602418,-0.6733664230633328
628437,246,2021-07-27,2021-08-08,13,control,0,0.15738243,0,dept_246_closure_2021-07-27,2021-07-01,2021-07,-2,0,0.0,628437|246|2021-07-27,-0.1503975429602418,-0.6733664230633328
629037,246,2021-07-27,2021-08-08,13,control,0,0.0024090034,0,dept_246_closure_2021-07-27,2021-07-01,2021-07,-2,0,,629037|246|2021-07-27,-0.3053709695602418,-0.6733664230633328
629038,246,2021-07-27,2021-08-08,13,treatment,1,0.24013825,0,dept_246_closure_2021-07-27,2021-07-01,2021-07,-2,0,0.5,629038|246|2021-07-27,-0.06764172296024179,-0.6733664230633328
631459,246,2021-07-27,2021-08-08,13,control,0,0.0044175265,0,dept_246_closure_2021-07-27,2021-07-01,2021-07,-2,0,,631459|246|2021-07-27,-0.3033624464602418,-0.6733664230633328
632759,246,2021-07-27,2021-08-08,13,control,0,0.010952859,0,dept_246_closure_2021-07-27,2021-07-01,2021-07,-2,0,,632759|246|2021-07-27,-0.2968271139602418,-0.6733664230633328
633009,246,2021-07-27,2021-08-08,13,control,0,0.56572896,1,dept_246_closure_2021-07-27,2021-07-01,2021-07,-2,0,0.6666666666666666,633009|246|2021-07-27,0.25794898703975816,-0.6733664230633328
633063,246,2021-07-27,2021-08-08,13,control,0,0.106019765,0,dept_246_closure_2021-07-27,2021-07-01,2021-07,-2,0,,633063|246|2021-07-27,-0.2017602079602418,-0.6733664230633328
635749,246,2021-07-27,2021-08-08,13,control,0,0.8945807,1,dept_246_closure_2021-07-27,2021-07-01,2021-07,-2,0,1.0,635749|246|2021-07-27,0.5868007270397582,-0.6733664230633328
636407,246,2021-07-27,2021-08-08,13,control,0,0.09816488,0,dept_246_closure_2021-07-27,2021-07-01,2021-07,-2,0,,636407|246|2021-07-27,-0.20961509296024178,-0.6733664230633328
636923,246,2021-07-27,2021-08-08,13,control,0,0.8665299,1,dept_246_closure_2021-07-27,2021-07-01,2021-07,-2,0,,636923|246|2021-07-27,0.5587499270397582,-0.6733664230633328
636924,246,2021-07-27,2021-08-08,13,control,0,0.3707417,0,dept_246_closure_2021-07-27,2021-07-01,2021-07,-2,0,,636924|246|2021-07-27,0.06296172703975822,-0.6733664230633328
639796,246,2021-07-27,2021-08-08,13,control,0,0.008453769,0,dept_246_closure_2021-07-27,2021-07-01,2021-07,-2,0,,639796|246|2021-07-27,-0.2993262039602418,-0.6733664230633328
644136,246,2021-07-27,2021-08-08,13,treatment,1,0.0034987608,0,dept_246_closure_2021-07-27,2021-07-01,2021-07,-2,0,,644136|246|2021-07-27,-0.3042812121602418,-0.6733664230633328
646267,246,2021-07-27,2021-08-08,13,control,0,0.22053812,0,dept_246_closure_2021-07-27,2021-07-01,2021-07,-2,0,,646267|246|2021-07-27,-0.08724185296024178,-0.6733664230633328
647544,246,2021-07-27,2021-08-08,13,control,0,0.38944682,0,dept_246_closure_2021-07-27,2021-07-01,2021-07,-2,0,,647544|246|2021-07-27,0.08166684703975824,-0.6733664230633328
649523,246,2021-07-27,2021-08-08,13,control,0,0.008285319,0,dept_246_closure_2021-07-27,2021-07-01,2021-07,-2,0,,649523|246|2021-07-27,-0.2994946539602418,-0.6733664230633328
650314,246,2021-07-27,2021-08-08,13,control,0,0.041649476,0,dept_246_closure_2021-07-27,2021-07-01,2021-07,-2,0,,650314|246|2021-07-27,-0.26613049696024177,-0.6733664230633328
650497,246,2021-07-27,2021-08-08,13,control,0,0.01220301,0,dept_246_closure_2021-07-27,2021-07-01,2021-07,-2,0,,650497|246|2021-07-27,-0.2955769629602418,-0.6733664230633328
650796,246,2021-07-27,2021-08-08,13,control,0,0.113514744,0,dept_246_closure_2021-07-27,2021-07-01,2021-07,-2,0,,650796|246|2021-07-27,-0.1942652289602418,-0.6733664230633328
651898,246,2021-07-27,2021-08-08,13,control,0,0.9841733,1,dept_246_closure_2021-07-27,2021-07-01,2021-07,-2,0,0.0,651898|246|2021-07-27,0.6763933270397582,-0.6733664230633328
653494,246,2021-07-27,2021-08-08,13,control,0,0.19648695,0,dept_246_closure_2021-07-27,2021-07-01,2021-07,-2,0,,653494|246|2021-07-27,-0.1112930229602418,-0.6733664230633328
654396,246,2021-07-27,2021-08-08,13,control,0,0.018824542,0,dept_246_closure_2021-07-27,2021-07-01,2021-07,-2,0,,654396|246|2021-07-27,-0.2889554309602418,-0.6733664230633328
654539,246,2021-07-27,2021-08-08,13,control,0,0.91421753,1,dept_246_closure_2021-07-27,2021-07-01,2021-07,-2,0,1.0,654539|246|2021-07-27,0.6064375570397582,-0.6733664230633328
655632,246,2021-07-27,2021-08-08,13,control,0,0.44265658,0,dept_246_closure_2021-07-27,2021-07-01,2021-07,-2,0,0.5,655632|246|2021-07-27,0.13487660703975823,-0.6733664230633328
655906,246,2021-07-27,2021-08-08,13,control,0,0.6456241,1,dept_246_closure_2021-07-27,2021-07-01,2021-07,-2,0,1.0,655906|246|2021-07-27,0.33784412703975825,-0.6733664230633328
655994,246,2021-07-27,2021-08-08,13,control,0,0.88607514,1,dept_246_closure_2021-07-27,2021-07-01,2021-07,-2,0,1.0,655994|246|2021-07-27,0.5782951670397583,-0.6733664230633328
656172,246,2021-07-27,2021-08-08,13,treatment,1,0.003492452,0,dept_246_closure_2021-07-27,2021-07-01,2021-07,-2,0,,656172|246|2021-07-27,-0.3042875209602418,-0.6733664230633328
657354,246,2021-07-27,2021-08-08,13,control,0,0.6226758,1,dept_246_closure_2021-07-27,2021-07-01,2021-07,-2,0,,657354|246|2021-07-27,0.3148958270397582,-0.6733664230633328
657355,246,2021-07-27,2021-08-08,13,control,0,0.32611358,0,dept_246_closure_2021-07-27,2021-07-01,2021-07,-2,0,,657355|246|2021-07-27,0.018333607039758226,-0.6733664230633328
657356,246,2021-07-27,2021-08-08,13,control,0,0.0070038517,0,dept_246_closure_2021-07-27,2021-07-01,2021-07,-2,0,,657356|246|2021-07-27,-0.3007761212602418,-0.6733664230633328
657358,246,2021-07-27,2021-08-08,13,control,0,0.13658209,0,dept_246_closure_2021-07-27,2021-07-01,2021-07,-2,0,,657358|246|2021-07-27,-0.1711978829602418,-0.6733664230633328
664460,246,2021-07-27,2021-08-08,13,control,0,0.22899963,0,dept_246_closure_2021-07-27,2021-07-01,2021-07,-2,0,1.0,664460|246|2021-07-27,-0.07878034296024178,-0.6733664230633328
664767,246,2021-07-27,2021-08-08,13,control,0,0.007248521,0,dept_246_closure_2021-07-27,2021-07-01,2021-07,-2,0,,664767|246|2021-07-27,-0.3005314519602418,-0.6733664230633328
665519,246,2021-07-27,2021-08-08,13,control,0,0.94379646,1,dept_246_closure_2021-07-27,2021-07-01,2021-07,-2,0,0.0,665519|246|2021-07-27,0.6360164870397582,-0.6733664230633328
665571,246,2021-07-27,2021-08-08,13,control,0,0.0016495719,0,dept_246_closure_2021-07-27,2021-07-01,2021-07,-2,0,,665571|246|2021-07-27,-0.3061304010602418,-0.6733664230633328
666122,246,2021-07-27,2021-08-08,13,control,0,0.046844617,0,dept_246_closure_2021-07-27,2021-07-01,2021-07,-2,0,,666122|246|2021-07-27,-0.2609353559602418,-0.6733664230633328
667695,246,2021-07-27,2021-08-08,13,control,0,0.08032639,0,dept_246_closure_2021-07-27,2021-07-01,2021-07,-2,0,,667695|246|2021-07-27,-0.2274535829602418,-0.6733664230633328
668096,246,2021-07-27,2021-08-08,13,control,0,0.0022502174,0,dept_246_closure_2021-07-27,2021-07-01,2021-07,-2,0,,668096|246|2021-07-27,-0.3055297555602418,-0.6733664230633328
669146,246,2021-07-27,2021-08-08,13,control,0,0.01265297,0,dept_246_closure_2021-07-27,2021-07-01,2021-07,-2,0,,669146|246|2021-07-27,-0.2951270029602418,-0.6733664230633328
669519,246,2021-07-27,2021-08-08,13,control,0,0.0022082943,0,dept_246_closure_2021-07-27,2021-07-01,2021-07,-2,0,,669519|246|2021-07-27,-0.30557167866024176,-0.6733664230633328
671187,246,2021-07-27,2021-08-08,13,control,0,0.14804843,0,dept_246_closure_2021-07-27,2021-07-01,2021-07,-2,0,,671187|246|2021-07-27,-0.15973154296024178,-0.6733664230633328
672880,246,2021-07-27,2021-08-08,13,control,0,0.3963556,0,dept_246_closure_2021-07-27,2021-07-01,2021-07,-2,0,,672880|246|2021-07-27,0.08857562703975819,-0.6733664230633328
674161,246,2021-07-27,2021-08-08,13,control,0,0.60217315,1,dept_246_closure_2021-07-27,2021-07-01,2021-07,-2,0,0.0,674161|246|2021-07-27,0.29439317703975826,-0.6733664230633328
674724,246,2021-07-27,2021-08-08,13,control,0,0.22715935,0,dept_246_closure_2021-07-27,2021-07-01,2021-07,-2,0,1.0,674724|246|2021-07-27,-0.08062062296024178,-0.6733664230633328
675505,246,2021-07-27,2021-08-08,13,control,0,0.15651003,0,dept_246_closure_2021-07-27,2021-07-01,2021-07,-2,0,1.0,675505|246|2021-07-27,-0.1512699429602418,-0.6733664230633328
676853,246,2021-07-27,2021-08-08,13,control,0,0.004177887,0,dept_246_closure_2021-07-27,2021-07-01,2021-07,-2,0,,676853|246|2021-07-27,-0.3036020859602418,-0.6733664230633328
677645,246,2021-07-27,2021-08-08,13,control,0,0.00460222,0,dept_246_closure_2021-07-27,2021-07-01,2021-07,-2,0,,677645|246|2021-07-27,-0.3031777529602418,-0.6733664230633328
679043,246,2021-07-27,2021-08-08,13,treatment,1,0.007110106,0,dept_246_closure_2021-07-27,2021-07-01,2021-07,-2,0,,679043|246|2021-07-27,-0.3006698669602418,-0.6733664230633328
680050,246,2021-07-27,2021-08-08,13,treatment,1,0.6510753,1,dept_246_closure_2021-07-27,2021-07-01,2021-07,-2,0,1.0,680050|246|2021-07-27,0.34329532703975824,-0.6733664230633328
683521,246,2021-07-27,2021-08-08,13,control,0,0.0039025282,0,dept_246_closure_2021-07-27,2021-07-01,2021-07,-2,0,,683521|246|2021-07-27,-0.3038774447602418,-0.6733664230633328
683684,246,2021-07-27,2021-08-08,13,control,0,0.10428627,0,dept_246_closure_2021-07-27,2021-07-01,2021-07,-2,0,,683684|246|2021-07-27,-0.20349370296024177,-0.6733664230633328
683804,246,2021-07-27,2021-08-08,13,control,0,0.0017932617,0,dept_246_closure_2021-07-27,2021-07-01,2021-07,-2,0,,683804|246|2021-07-27,-0.3059867112602418,-0.6733664230633328
683995,246,2021-07-27,2021-08-08,13,control,0,0.001137196,0,dept_246_closure_2021-07-27,2021-07-01,2021-07,-2,0,,683995|246|2021-07-27,-0.3066427769602418,-0.6733664230633328
684015,246,2021-07-27,2021-08-08,13,control,0,0.8845989,1,dept_246_closure_2021-07-27,2021-07-01,2021-07,-2,0,0.0,684015|246|2021-07-27,0.5768189270397581,-0.6733664230633328
686956,246,2021-07-27,2021-08-08,13,control,0,0.0055859643,0,dept_246_closure_2021-07-27,2021-07-01,2021-07,-2,0,,686956|246|2021-07-27,-0.30219400866024176,-0.6733664230633328
687042,246,2021-07-27,2021-08-08,13,control,0,0.5541338,1,dept_246_closure_2021-07-27,2021-07-01,2021-07,-2,0,0.0,687042|246|2021-07-27,0.24635382703975822,-0.6733664230633328
689237,246,2021-07-27,2021-08-08,13,control,0,0.00090677815,0,dept_246_closure_2021-07-27,2021-07-01,2021-07,-2,0,,689237|246|2021-07-27,-0.3068731948102418,-0.6733664230633328
691273,246,2021-07-27,2021-08-08,13,treatment,1,0.5559356,1,dept_246_closure_2021-07-27,2021-07-01,2021-07,-2,0,,691273|246|2021-07-27,0.2481556270397582,-0.6733664230633328
692401,246,2021-07-27,2021-08-08,13,control,0,0.031257436,0,dept_246_closure_2021-07-27,2021-07-01,2021-07,-2,0,,692401|246|2021-07-27,-0.27652253696024176,-0.6733664230633328
693452,246,2021-07-27,2021-08-08,13,control,0,0.07944487,0,dept_246_closure_2021-07-27,2021-07-01,2021-07,-2,0,,693452|246|2021-07-27,-0.2283351029602418,-0.6733664230633328
695396,246,2021-07-27,2021-08-08,13,control,0,0.59376544,1,dept_246_closure_2021-07-27,2021-07-01,2021-07,-2,0,,695396|246|2021-07-27,0.2859854670397582,-0.6733664230633328
698986,246,2021-07-27,2021-08-08,13,control,0,0.26494306,0,dept_246_closure_2021-07-27,2021-07-01,2021-07,-2,0,,698986|246|2021-07-27,-0.04283691296024178,-0.6733664230633328
699699,246,2021-07-27,2021-08-08,13,treatment,1,0.004846366,0,dept_246_closure_2021-07-27,2021-07-01,2021-07,-2,0,,699699|246|2021-07-27,-0.3029336069602418,-0.6733664230633328
700273,246,2021-07-27,2021-08-08,13,control,0,0.017649118,0,dept_246_closure_2021-07-27,2021-07-01,2021-07,-2,0,,700273|246|2021-07-27,-0.29013085496024177,-0.6733664230633328
700881,246,2021-07-27,2021-08-08,13,control,0,0.026280912,0,dept_246_closure_2021-07-27,2021-07-01,2021-07,-2,0,,700881|246|2021-07-27,-0.2814990609602418,-0.6733664230633328
703568,246,2021-07-27,2021-08-08,13,control,0,0.1636185,0,dept_246_closure_2021-07-27,2021-07-01,2021-07,-2,0,,703568|246|2021-07-27,-0.1441614729602418,-0.6733664230633328
705741,246,2021-07-27,2021-08-08,13,control,0,0.240593,0,dept_246_closure_2021-07-27,2021-07-01,2021-07,-2,0,1.0,705741|246|2021-07-27,-0.06718697296024179,-0.6733664230633328
706055,246,2021-07-27,2021-08-08,13,control,0,0.5146902,1,dept_246_closure_2021-07-27,2021-07-01,2021-07,-2,0,0.0,706055|246|2021-07-27,0.2069102270397582,-0.6733664230633328
706109,246,2021-07-27,2021-08-08,13,control,0,0.007861774,0,dept_246_closure_2021-07-27,2021-07-01,2021-07,-2,0,,706109|246|2021-07-27,-0.2999181989602418,-0.6733664230633328
708207,246,2021-07-27,2021-08-08,13,treatment,1,0.009436967,0,dept_246_closure_2021-07-27,2021-07-01,2021-07,-2,0,,708207|246|2021-07-27,-0.29834300596024177,-0.6733664230633328
710137,246,2021-07-27,2021-08-08,13,control,0,0.069965854,0,dept_246_closure_2021-07-27,2021-07-01,2021-07,-2,0,,710137|246|2021-07-27,-0.2378141189602418,-0.6733664230633328
710677,246,2021-07-27,2021-08-08,13,control,0,0.07248529,0,dept_246_closure_2021-07-27,2021-07-01,2021-07,-2,0,1.0,710677|246|2021-07-27,-0.2352946829602418,-0.6733664230633328
712316,246,2021-07-27,2021-08-08,13,control,0,0.009721992,0,dept_246_closure_2021-07-27,2021-07-01,2021-07,-2,0,,712316|246|2021-07-27,-0.2980579809602418,-0.6733664230633328
713935,246,2021-07-27,2021-08-08,13,control,0,0.7094755,1,dept_246_closure_2021-07-27,2021-07-01,2021-07,-2,0,,713935|246|2021-07-27,0.40169552703975825,-0.6733664230633328
716927,246,2021-07-27,2021-08-08,13,control,0,0.0043204585,0,dept_246_closure_2021-07-27,2021-07-01,2021-07,-2,0,,716927|246|2021-07-27,-0.3034595144602418,-0.6733664230633328
718666,246,2021-07-27,2021-08-08,13,treatment,1,0.003192709,0,dept_246_closure_2021-07-27,2021-07-01,2021-07,-2,0,,718666|246|2021-07-27,-0.30458726396024177,-0.6733664230633328
718772,246,2021-07-27,2021-08-08,13,control,0,0.05517942,0,dept_246_closure_2021-07-27,2021-07-01,2021-07,-2,0,1.0,718772|246|2021-07-27,-0.2526005529602418,-0.6733664230633328
720882,246,2021-07-27,2021-08-08,13,control,0,0.04335409,0,dept_246_closure_2021-07-27,2021-07-01,2021-07,-2,0,,720882|246|2021-07-27,-0.2644258829602418,-0.6733664230633328
727797,246,2021-07-27,2021-08-08,13,treatment,1,0.13561638,0,dept_246_closure_2021-07-27,2021-07-01,2021-07,-2,0,,727797|246|2021-07-27,-0.17216359296024178,-0.6733664230633328
728495,246,2021-07-27,2021-08-08,13,control,0,0.014965183,0,dept_246_closure_2021-07-27,2021-07-01,2021-07,-2,0,,728495|246|2021-07-27,-0.2928147899602418,-0.6733664230633328
729236,246,2021-07-27,2021-08-08,13,treatment,1,0.076605916,0,dept_246_closure_2021-07-27,2021-07-01,2021-07,-2,0,,729236|246|2021-07-27,-0.2311740569602418,-0.6733664230633328
729427,246,2021-07-27,2021-08-08,13,treatment,1,0.01933929,0,dept_246_closure_2021-07-27,2021-07-01,2021-07,-2,0,,729427|246|2021-07-27,-0.2884406829602418,-0.6733664230633328
729873,246,2021-07-27,2021-08-08,13,treatment,1,0.7575934,1,dept_246_closure_2021-07-27,2021-07-01,2021-07,-2,0,0.5,729873|246|2021-07-27,0.4498134270397582,-0.6733664230633328
729889,246,2021-07-27,2021-08-08,13,control,0,0.037756026,0,dept_246_closure_2021-07-27,2021-07-01,2021-07,-2,0,,729889|246|2021-07-27,-0.2700239469602418,-0.6733664230633328
733186,246,2021-07-27,2021-08-08,13,treatment,1,0.69795686,1,dept_246_closure_2021-07-27,2021-07-01,2021-07,-2,0,,733186|246|2021-07-27,0.3901768870397582,-0.6733664230633328
735865,246,2021-07-27,2021-08-08,13,control,0,0.33605695,0,dept_246_closure_2021-07-27,2021-07-01,2021-07,-2,0,1.0,735865|246|2021-07-27,0.028276977039758233,-0.6733664230633328
736734,246,2021-07-27,2021-08-08,13,control,0,0.39864597,0,dept_246_closure_2021-07-27,2021-07-01,2021-07,-2,0,1.0,736734|246|2021-07-27,0.09086599703975823,-0.6733664230633328
739930,246,2021-07-27,2021-08-08,13,control,0,0.017589724,0,dept_246_closure_2021-07-27,2021-07-01,2021-07,-2,0,,739930|246|2021-07-27,-0.2901902489602418,-0.6733664230633328
742210,246,2021-07-27,2021-08-08,13,control,0,0.0008205761,0,dept_246_closure_2021-07-27,2021-07-01,2021-07,-2,0,,742210|246|2021-07-27,-0.30695939686024176,-0.6733664230633328
742713,246,2021-07-27,2021-08-08,13,control,0,0.7055811,1,dept_246_closure_2021-07-27,2021-07-01,2021-07,-2,0,0.5,742713|246|2021-07-27,0.3978011270397582,-0.6733664230633328
743481,246,2021-07-27,2021-08-08,13,control,0,0.1744169,0,dept_246_closure_2021-07-27,2021-07-01,2021-07,-2,0,,743481|246|2021-07-27,-0.13336307296024177,-0.6733664230633328
743573,246,2021-07-27,2021-08-08,13,control,0,0.01424737,0,dept_246_closure_2021-07-27,2021-07-01,2021-07,-2,0,,743573|246|2021-07-27,-0.2935326029602418,-0.6733664230633328
745348,246,2021-07-27,2021-08-08,13,control,0,0.6717277,1,dept_246_closure_2021-07-27,2021-07-01,2021-07,-2,0,,745348|246|2021-07-27,0.36394772703975825,-0.6733664230633328
745784,246,2021-07-27,2021-08-08,13,control,0,0.07058759,0,dept_246_closure_2021-07-27,2021-07-01,2021-07,-2,0,,745784|246|2021-07-27,-0.23719238296024178,-0.6733664230633328
745837,246,2021-07-27,2021-08-08,13,control,0,0.0012194227,0,dept_246_closure_2021-07-27,2021-07-01,2021-07,-2,0,,745837|246|2021-07-27,-0.3065605502602418,-0.6733664230633328
746756,246,2021-07-27,2021-08-08,13,control,0,0.08982364,0,dept_246_closure_2021-07-27,2021-07-01,2021-07,-2,0,,746756|246|2021-07-27,-0.2179563329602418,-0.6733664230633328
747030,246,2021-07-27,2021-08-08,13,control,0,0.88071215,1,dept_246_closure_2021-07-27,2021-07-01,2021-07,-2,0,,747030|246|2021-07-27,0.5729321770397582,-0.6733664230633328
750005,246,2021-07-27,2021-08-08,13,control,0,0.00368248,0,dept_246_closure_2021-07-27,2021-07-01,2021-07,-2,0,,750005|246|2021-07-27,-0.3040974929602418,-0.6733664230633328
750565,246,2021-07-27,2021-08-08,13,control,0,0.09725597,0,dept_246_closure_2021-07-27,2021-07-01,2021-07,-2,0,1.0,750565|246|2021-07-27,-0.2105240029602418,-0.6733664230633328
751068,246,2021-07-27,2021-08-08,13,control,0,0.67058444,1,dept_246_closure_2021-07-27,2021-07-01,2021-07,-2,0,0.5,751068|246|2021-07-27,0.36280446703975816,-0.6733664230633328
755654,246,2021-07-27,2021-08-08,13,control,0,0.642669,1,dept_246_closure_2021-07-27,2021-07-01,2021-07,-2,0,,755654|246|2021-07-27,0.33488902703975826,-0.6733664230633328
757209,246,2021-07-27,2021-08-08,13,control,0,0.92929745,1,dept_246_closure_2021-07-27,2021-07-01,2021-07,-2,0,1.0,757209|246|2021-07-27,0.6215174770397582,-0.6733664230633328
758569,246,2021-07-27,2021-08-08,13,control,0,0.6066296,1,dept_246_closure_2021-07-27,2021-07-01,2021-07,-2,0,1.0,758569|246|2021-07-27,0.2988496270397582,-0.6733664230633328
759081,246,2021-07-27,2021-08-08,13,control,0,0.9864933,1,dept_246_closure_2021-07-27,2021-07-01,2021-07,-2,0,0.3333333333333333,759081|246|2021-07-27,0.6787133270397583,-0.6733664230633328
760910,246,2021-07-27,2021-08-08,13,control,0,0.37581336,0,dept_246_closure_2021-07-27,2021-07-01,2021-07,-2,0,,760910|246|2021-07-27,0.0680333870397582,-0.6733664230633328
761525,246,2021-07-27,2021-08-08,13,control,0,0.0040558516,0,dept_246_closure_2021-07-27,2021-07-01,2021-07,-2,0,,761525|246|2021-07-27,-0.3037241213602418,-0.6733664230633328
763277,246,2021-07-27,2021-08-08,13,control,0,0.24932212,0,dept_246_closure_2021-07-27,2021-07-01,2021-07,-2,0,,763277|246|2021-07-27,-0.05845785296024178,-0.6733664230633328
764174,246,2021-07-27,2021-08-08,13,control,0,0.020427303,0,dept_246_closure_2021-07-27,2021-07-01,2021-07,-2,0,,764174|246|2021-07-27,-0.2873526699602418,-0.6733664230633328
764393,246,2021-07-27,2021-08-08,13,treatment,1,0.015356412,0,dept_246_closure_2021-07-27,2021-07-01,2021-07,-2,0,,764393|246|2021-07-27,-0.2924235609602418,-0.6733664230633328
764798,246,2021-07-27,2021-08-08,13,control,0,0.025530431,0,dept_246_closure_2021-07-27,2021-07-01,2021-07,-2,0,,764798|246|2021-07-27,-0.28224954196024177,-0.6733664230633328
768714,246,2021-07-27,2021-08-08,13,control,0,0.08861846,0,dept_246_closure_2021-07-27,2021-07-01,2021-07,-2,0,,768714|246|2021-07-27,-0.21916151296024178,-0.6733664230633328
771788,246,2021-07-27,2021-08-08,13,control,0,0.13042508,0,dept_246_closure_2021-07-27,2021-07-01,2021-07,-2,0,,771788|246|2021-07-27,-0.1773548929602418,-0.6733664230633328
773247,246,2021-07-27,2021-08-08,13,control,0,0.12926482,0,dept_246_closure_2021-07-27,2021-07-01,2021-07,-2,0,1.0,773247|246|2021-07-27,-0.17851515296024179,-0.6733664230633328
774405,246,2021-07-27,2021-08-08,13,control,0,0.6753653,1,dept_246_closure_2021-07-27,2021-07-01,2021-07,-2,0,0.5,774405|246|2021-07-27,0.36758532703975816,-0.6733664230633328
775273,246,2021-07-27,2021-08-08,13,control,0,0.03347844,0,dept_246_closure_2021-07-27,2021-07-01,2021-07,-2,0,,775273|246|2021-07-27,-0.2743015329602418,-0.6733664230633328
775847,246,2021-07-27,2021-08-08,13,control,0,0.020749453,0,dept_246_closure_2021-07-27,2021-07-01,2021-07,-2,0,,775847|246|2021-07-27,-0.28703051996024176,-0.6733664230633328
778075,246,2021-07-27,2021-08-08,13,control,0,0.0044483226,0,dept_246_closure_2021-07-27,2021-07-01,2021-07,-2,0,,778075|246|2021-07-27,-0.3033316503602418,-0.6733664230633328
780783,246,2021-07-27,2021-08-08,13,control,0,0.94814223,1,dept_246_closure_2021-07-27,2021-07-01,2021-07,-2,0,0.0,780783|246|2021-07-27,0.6403622570397582,-0.6733664230633328
781479,246,2021-07-27,2021-08-08,13,treatment,1,0.11026743,0,dept_246_closure_2021-07-27,2021-07-01,2021-07,-2,0,,781479|246|2021-07-27,-0.1975125429602418,-0.6733664230633328
782601,246,2021-07-27,2021-08-08,13,control,0,0.03218455,0,dept_246_closure_2021-07-27,2021-07-01,2021-07,-2,0,,782601|246|2021-07-27,-0.2755954229602418,-0.6733664230633328
784606,246,2021-07-27,2021-08-08,13,treatment,1,0.0007714593,0,dept_246_closure_2021-07-27,2021-07-01,2021-07,-2,0,,784606|246|2021-07-27,-0.3070085136602418,-0.6733664230633328
784655,246,2021-07-27,2021-08-08,13,control,0,0.002960514,0,dept_246_closure_2021-07-27,2021-07-01,2021-07,-2,0,,784655|246|2021-07-27,-0.30481945896024176,-0.6733664230633328
785881,246,2021-07-27,2021-08-08,13,control,0,0.7455215,1,dept_246_closure_2021-07-27,2021-07-01,2021-07,-2,0,,785881|246|2021-07-27,0.43774152703975816,-0.6733664230633328
787051,246,2021-07-27,2021-08-08,13,control,0,0.48000237,0,dept_246_closure_2021-07-27,2021-07-01,2021-07,-2,0,,787051|246|2021-07-27,0.17222239703975822,-0.6733664230633328
790777,246,2021-07-27,2021-08-08,13,control,0,0.0068362337,0,dept_246_closure_2021-07-27,2021-07-01,2021-07,-2,0,,790777|246|2021-07-27,-0.30094373926024176,-0.6733664230633328
793087,246,2021-07-27,2021-08-08,13,control,0,0.099858016,0,dept_246_closure_2021-07-27,2021-07-01,2021-07,-2,0,,793087|246|2021-07-27,-0.2079219569602418,-0.6733664230633328
794164,246,2021-07-27,2021-08-08,13,control,0,0.6939915,1,dept_246_closure_2021-07-27,2021-07-01,2021-07,-2,0,1.0,794164|246|2021-07-27,0.3862115270397582,-0.6733664230633328
794821,246,2021-07-27,2021-08-08,13,control,0,0.035638213,0,dept_246_closure_2021-07-27,2021-07-01,2021-07,-2,0,1.0,794821|246|2021-07-27,-0.2721417599602418,-0.6733664230633328
795915,246,2021-07-27,2021-08-08,13,control,0,0.8226784,1,dept_246_closure_2021-07-27,2021-07-01,2021-07,-2,0,0.5,795915|246|2021-07-27,0.5148984270397583,-0.6733664230633328
796636,246,2021-07-27,2021-08-08,13,control,0,0.009036448,0,dept_246_closure_2021-07-27,2021-07-01,2021-07,-2,0,,796636|246|2021-07-27,-0.2987435249602418,-0.6733664230633328
797064,246,2021-07-27,2021-08-08,13,control,0,0.507212,1,dept_246_closure_2021-07-27,2021-07-01,2021-07,-2,0,0.0,797064|246|2021-07-27,0.1994320270397582,-0.6733664230633328
797984,246,2021-07-27,2021-08-08,13,treatment,1,0.9371447,1,dept_246_closure_2021-07-27,2021-07-01,2021-07,-2,0,0.0,797984|246|2021-07-27,0.6293647270397582,-0.6733664230633328
800707,246,2021-07-27,2021-08-08,13,control,0,0.0030262175,0,dept_246_closure_2021-07-27,2021-07-01,2021-07,-2,0,,800707|246|2021-07-27,-0.3047537554602418,-0.6733664230633328
801378,246,2021-07-27,2021-08-08,13,control,0,0.0019727403,0,dept_246_closure_2021-07-27,2021-07-01,2021-07,-2,0,,801378|246|2021-07-27,-0.3058072326602418,-0.6733664230633328
802679,246,2021-07-27,2021-08-08,13,control,0,0.018501613,0,dept_246_closure_2021-07-27,2021-07-01,2021-07,-2,0,,802679|246|2021-07-27,-0.28927835996024176,-0.6733664230633328
807138,246,2021-07-27,2021-08-08,13,control,0,0.054256,0,dept_246_closure_2021-07-27,2021-07-01,2021-07,-2,0,,807138|246|2021-07-27,-0.25352397296024176,-0.6733664230633328
807628,246,2021-07-27,2021-08-08,13,control,0,0.016564755,0,dept_246_closure_2021-07-27,2021-07-01,2021-07,-2,0,,807628|246|2021-07-27,-0.2912152179602418,-0.6733664230633328
807629,246,2021-07-27,2021-08-08,13,control,0,0.3686019,0,dept_246_closure_2021-07-27,2021-07-01,2021-07,-2,0,1.0,807629|246|2021-07-27,0.060821927039758195,-0.6733664230633328
807979,246,2021-07-27,2021-08-08,13,control,0,0.39310044,0,dept_246_closure_2021-07-27,2021-07-01,2021-07,-2,0,,807979|246|2021-07-27,0.08532046703975821,-0.6733664230633328
1213,246,2021-07-27,2021-08-08,13,control,0,0.14179483,0,dept_246_closure_2021-07-27,2021-07-14,2021-07,-1,0,,1213|246|2021-07-27,-0.16598514296024178,-0.6733664230633328
3053,246,2021-07-27,2021-08-08,13,control,0,0.2848582,0,dept_246_closure_2021-07-27,2021-07-14,2021-07,-1,0,,3053|246|2021-07-27,-0.022921772960241782,-0.6733664230633328
3602,246,2021-07-27,2021-08-08,13,control,0,0.25698352,0,dept_246_closure_2021-07-27,2021-07-14,2021-07,-1,0,1.0,3602|246|2021-07-27,-0.05079645296024177,-0.6733664230633328
4261,246,2021-07-27,2021-08-08,13,treatment,1,0.41152814,0,dept_246_closure_2021-07-27,2021-07-14,2021-07,-1,0,,4261|246|2021-07-27,0.1037481670397582,-0.6733664230633328
4800,246,2021-07-27,2021-08-08,13,control,0,0.025219427,0,dept_246_closure_2021-07-27,2021-07-14,2021-07,-1,0,,4800|246|2021-07-27,-0.28256054596024177,-0.6733664230633328
7245,246,2021-07-27,2021-08-08,13,control,0,0.94799674,1,dept_246_closure_2021-07-27,2021-07-14,2021-07,-1,0,0.0,7245|246|2021-07-27,0.6402167670397583,-0.6733664230633328
8291,246,2021-07-27,2021-08-08,13,control,0,0.9911731,1,dept_246_closure_2021-07-27,2021-07-14,2021-07,-1,0,0.5,8291|246|2021-07-27,0.6833931270397582,-0.6733664230633328
9290,246,2021-07-27,2021-08-08,13,treatment,1,0.008498869,0,dept_246_closure_2021-07-27,2021-07-14,2021-07,-1,0,,9290|246|2021-07-27,-0.29928110396024177,-0.6733664230633328
9714,246,2021-07-27,2021-08-08,13,control,0,0.3374871,0,dept_246_closure_2021-07-27,2021-07-14,2021-07,-1,0,0.5,9714|246|2021-07-27,0.029707127039758197,-0.6733664230633328
10179,246,2021-07-27,2021-08-08,13,control,0,0.8612333,1,dept_246_closure_2021-07-27,2021-07-14,2021-07,-1,0,,10179|246|2021-07-27,0.5534533270397581,-0.6733664230633328
10427,246,2021-07-27,2021-08-08,13,control,0,0.14622483,0,dept_246_closure_2021-07-27,2021-07-14,2021-07,-1,0,,10427|246|2021-07-27,-0.1615551429602418,-0.6733664230633328
10453,246,2021-07-27,2021-08-08,13,control,0,0.27891338,0,dept_246_closure_2021-07-27,2021-07-14,2021-07,-1,0,0.0,10453|246|2021-07-27,-0.0288665929602418,-0.6733664230633328
13564,246,2021-07-27,2021-08-08,13,control,0,0.0017006382,0,dept_246_closure_2021-07-27,2021-07-14,2021-07,-1,0,,13564|246|2021-07-27,-0.3060793347602418,-0.6733664230633328
15110,246,2021-07-27,2021-08-08,13,control,0,0.602054,1,dept_246_closure_2021-07-27,2021-07-14,2021-07,-1,0,,15110|246|2021-07-27,0.2942740270397582,-0.6733664230633328
17165,246,2021-07-27,2021-08-08,13,control,0,0.41429704,0,dept_246_closure_2021-07-27,2021-07-14,2021-07,-1,0,,17165|246|2021-07-27,0.10651706703975822,-0.6733664230633328
17345,246,2021-07-27,2021-08-08,13,control,0,0.0024025764,0,dept_246_closure_2021-07-27,2021-07-14,2021-07,-1,0,,17345|246|2021-07-27,-0.30537739656024177,-0.6733664230633328
18589,246,2021-07-27,2021-08-08,13,treatment,1,0.5930257,1,dept_246_closure_2021-07-27,2021-07-14,2021-07,-1,0,1.0,18589|246|2021-07-27,0.2852457270397582,-0.6733664230633328
21757,246,2021-07-27,2021-08-08,13,control,0,0.9689673,1,dept_246_closure_2021-07-27,2021-07-14,2021-07,-1,0,0.0,21757|246|2021-07-27,0.6611873270397581,-0.6733664230633328
22359,246,2021-07-27,2021-08-08,13,control,0,0.9641852,1,dept_246_closure_2021-07-27,2021-07-14,2021-07,-1,0,0.0,22359|246|2021-07-27,0.6564052270397582,-0.6733664230633328
24301,246,2021-07-27,2021-08-08,13,control,0,0.021089468,0,dept_246_closure_2021-07-27,2021-07-14,2021-07,-1,0,,24301|246|2021-07-27,-0.2866905049602418,-0.6733664230633328
24607,246,2021-07-27,2021-08-08,13,control,0,0.03506704,0,dept_246_closure_2021-07-27,2021-07-14,2021-07,-1,0,,24607|246|2021-07-27,-0.2727129329602418,-0.6733664230633328
26093,246,2021-07-27,2021-08-08,13,control,0,0.34219438,0,dept_246_closure_2021-07-27,2021-07-14,2021-07,-1,0,,26093|246|2021-07-27,0.03441440703975823,-0.6733664230633328
28789,246,2021-07-27,2021-08-08,13,control,0,0.40815812,0,dept_246_closure_2021-07-27,2021-07-14,2021-07,-1,0,,28789|246|2021-07-27,0.10037814703975823,-0.6733664230633328
29360,246,2021-07-27,2021-08-08,13,control,0,0.008516339,0,dept_246_closure_2021-07-27,2021-07-14,2021-07,-1,0,,29360|246|2021-07-27,-0.2992636339602418,-0.6733664230633328
29942,246,2021-07-27,2021-08-08,13,control,0,0.013229424,0,dept_246_closure_2021-07-27,2021-07-14,2021-07,-1,0,,29942|246|2021-07-27,-0.2945505489602418,-0.6733664230633328
33721,246,2021-07-27,2021-08-08,13,control,0,0.027535504,0,dept_246_closure_2021-07-27,2021-07-14,2021-07,-1,0,,33721|246|2021-07-27,-0.2802444689602418,-0.6733664230633328
33984,246,2021-07-27,2021-08-08,13,control,0,0.39668542,0,dept_246_closure_2021-07-27,2021-07-14,2021-07,-1,0,,33984|246|2021-07-27,0.08890544703975822,-0.6733664230633328
34002,246,2021-07-27,2021-08-08,13,control,0,0.5526398,1,dept_246_closure_2021-07-27,2021-07-14,2021-07,-1,0,1.0,34002|246|2021-07-27,0.24485982703975823,-0.6733664230633328
35232,246,2021-07-27,2021-08-08,13,control,0,0.85742676,1,dept_246_closure_2021-07-27,2021-07-14,2021-07,-1,0,,35232|246|2021-07-27,0.5496467870397581,-0.6733664230633328
35996,246,2021-07-27,2021-08-08,13,control,0,0.49443996,0,dept_246_closure_2021-07-27,2021-07-14,2021-07,-1,0,,35996|246|2021-07-27,0.18665998703975822,-0.6733664230633328
37485,246,2021-07-27,2021-08-08,13,control,0,0.010235807,0,dept_246_closure_2021-07-27,2021-07-14,2021-07,-1,0,,37485|246|2021-07-27,-0.2975441659602418,-0.6733664230633328
37506,246,2021-07-27,2021-08-08,13,treatment,1,0.5700365,1,dept_246_closure_2021-07-27,2021-07-14,2021-07,-1,0,,37506|246|2021-07-27,0.26225652703975816,-0.6733664230633328
37541,246,2021-07-27,2021-08-08,13,control,0,0.0052991416,0,dept_246_closure_2021-07-27,2021-07-14,2021-07,-1,0,,37541|246|2021-07-27,-0.3024808313602418,-0.6733664230633328
41263,246,2021-07-27,2021-08-08,13,control,0,0.97604525,1,dept_246_closure_2021-07-27,2021-07-14,2021-07,-1,0,0.4444444444444444,41263|246|2021-07-27,0.6682652770397581,-0.6733664230633328
41289,246,2021-07-27,2021-08-08,13,control,0,0.003877407,0,dept_246_closure_2021-07-27,2021-07-14,2021-07,-1,0,,41289|246|2021-07-27,-0.3039025659602418,-0.6733664230633328
41747,246,2021-07-27,2021-08-08,13,control,0,0.024151748,0,dept_246_closure_2021-07-27,2021-07-14,2021-07,-1,0,,41747|246|2021-07-27,-0.28362822496024176,-0.6733664230633328
41924,246,2021-07-27,2021-08-08,13,control,0,0.024839915,0,dept_246_closure_2021-07-27,2021-07-14,2021-07,-1,0,,41924|246|2021-07-27,-0.2829400579602418,-0.6733664230633328
43570,246,2021-07-27,2021-08-08,13,control,0,0.50512415,1,dept_246_closure_2021-07-27,2021-07-14,2021-07,-1,0,,43570|246|2021-07-27,0.1973441770397582,-0.6733664230633328
44805,246,2021-07-27,2021-08-08,13,control,0,0.006438557,0,dept_246_closure_2021-07-27,2021-07-14,2021-07,-1,0,,44805|246|2021-07-27,-0.3013414159602418,-0.6733664230633328
46323,246,2021-07-27,2021-08-08,13,control,0,0.004436662,0,dept_246_closure_2021-07-27,2021-07-14,2021-07,-1,0,,46323|246|2021-07-27,-0.3033433109602418,-0.6733664230633328
48069,246,2021-07-27,2021-08-08,13,control,0,0.036547642,0,dept_246_closure_2021-07-27,2021-07-14,2021-07,-1,0,,48069|246|2021-07-27,-0.2712323309602418,-0.6733664230633328
48118,246,2021-07-27,2021-08-08,13,control,0,0.007977607,0,dept_246_closure_2021-07-27,2021-07-14,2021-07,-1,0,,48118|246|2021-07-27,-0.2998023659602418,-0.6733664230633328
49114,246,2021-07-27,2021-08-08,13,control,0,0.01653051,0,dept_246_closure_2021-07-27,2021-07-14,2021-07,-1,0,,49114|246|2021-07-27,-0.2912494629602418,-0.6733664230633328
50430,246,2021-07-27,2021-08-08,13,control,0,0.12106775,0,dept_246_closure_2021-07-27,2021-07-14,2021-07,-1,0,1.0,50430|246|2021-07-27,-0.18671222296024179,-0.6733664230633328
55719,246,2021-07-27,2021-08-08,13,control,0,0.06846984,0,dept_246_closure_2021-07-27,2021-07-14,2021-07,-1,0,,55719|246|2021-07-27,-0.23931013296024178,-0.6733664230633328
58174,246,2021-07-27,2021-08-08,13,treatment,1,0.025775751,0,dept_246_closure_2021-07-27,2021-07-14,2021-07,-1,0,,58174|246|2021-07-27,-0.2820042219602418,-0.6733664230633328
61470,246,2021-07-27,2021-08-08,13,control,0,0.0019178551,0,dept_246_closure_2021-07-27,2021-07-14,2021-07,-1,0,,61470|246|2021-07-27,-0.3058621178602418,-0.6733664230633328
62467,246,2021-07-27,2021-08-08,13,control,0,0.7539235,1,dept_246_closure_2021-07-27,2021-07-14,2021-07,-1,0,,62467|246|2021-07-27,0.4461435270397582,-0.6733664230633328
62617,246,2021-07-27,2021-08-08,13,control,0,0.2802774,0,dept_246_closure_2021-07-27,2021-07-14,2021-07,-1,0,,62617|246|2021-07-27,-0.027502572960241778,-0.6733664230633328
63894,246,2021-07-27,2021-08-08,13,treatment,1,0.0032472073,0,dept_246_closure_2021-07-27,2021-07-14,2021-07,-1,0,,63894|246|2021-07-27,-0.3045327656602418,-0.6733664230633328
64161,246,2021-07-27,2021-08-08,13,control,0,0.34984437,0,dept_246_closure_2021-07-27,2021-07-14,2021-07,-1,0,1.0,64161|246|2021-07-27,0.04206439703975823,-0.6733664230633328
64994,246,2021-07-27,2021-08-08,13,control,0,0.14465883,0,dept_246_closure_2021-07-27,2021-07-14,2021-07,-1,0,,64994|246|2021-07-27,-0.1631211429602418,-0.6733664230633328
65724,246,2021-07-27,2021-08-08,13,control,0,0.3674528,0,dept_246_closure_2021-07-27,2021-07-14,2021-07,-1,0,,65724|246|2021-07-27,0.059672827039758236,-0.6733664230633328
68795,246,2021-07-27,2021-08-08,13,control,0,0.9651761,1,dept_246_closure_2021-07-27,2021-07-14,2021-07,-1,0,,68795|246|2021-07-27,0.6573961270397581,-0.6733664230633328
74930,246,2021-07-27,2021-08-08,13,control,0,0.006238125,0,dept_246_closure_2021-07-27,2021-07-14,2021-07,-1,0,,74930|246|2021-07-27,-0.3015418479602418,-0.6733664230633328
75254,246,2021-07-27,2021-08-08,13,control,0,0.006278402,0,dept_246_closure_2021-07-27,2021-07-14,2021-07,-1,0,,75254|246|2021-07-27,-0.30150157096024177,-0.6733664230633328
75454,246,2021-07-27,2021-08-08,13,control,0,0.051739547,0,dept_246_closure_2021-07-27,2021-07-14,2021-07,-1,0,,75454|246|2021-07-27,-0.2560404259602418,-0.6733664230633328
77627,246,2021-07-27,2021-08-08,13,control,0,0.9423059,1,dept_246_closure_2021-07-27,2021-07-14,2021-07,-1,0,0.5,77627|246|2021-07-27,0.6345259270397583,-0.6733664230633328
80592,246,2021-07-27,2021-08-08,13,control,0,0.0012003159,0,dept_246_closure_2021-07-27,2021-07-14,2021-07,-1,0,,80592|246|2021-07-27,-0.30657965706024176,-0.6733664230633328
83197,246,2021-07-27,2021-08-08,13,control,0,0.060882423,0,dept_246_closure_2021-07-27,2021-07-14,2021-07,-1,0,,83197|246|2021-07-27,-0.2468975499602418,-0.6733664230633328
83512,246,2021-07-27,2021-08-08,13,treatment,1,0.0007489331,0,dept_246_closure_2021-07-27,2021-07-14,2021-07,-1,0,,83512|246|2021-07-27,-0.3070310398602418,-0.6733664230633328
83837,246,2021-07-27,2021-08-08,13,control,0,0.032278985,0,dept_246_closure_2021-07-27,2021-07-14,2021-07,-1,0,,83837|246|2021-07-27,-0.2755009879602418,-0.6733664230633328
84880,246,2021-07-27,2021-08-08,13,control,0,0.00688161,0,dept_246_closure_2021-07-27,2021-07-14,2021-07,-1,0,,84880|246|2021-07-27,-0.3008983629602418,-0.6733664230633328
85945,246,2021-07-27,2021-08-08,13,control,0,0.0026010852,0,dept_246_closure_2021-07-27,2021-07-14,2021-07,-1,0,,85945|246|2021-07-27,-0.30517888776024177,-0.6733664230633328
88701,246,2021-07-27,2021-08-08,13,control,0,0.002537611,0,dept_246_closure_2021-07-27,2021-07-14,2021-07,-1,0,,88701|246|2021-07-27,-0.3052423619602418,-0.6733664230633328
89391,246,2021-07-27,2021-08-08,13,control,0,0.009230248,0,dept_246_closure_2021-07-27,2021-07-14,2021-07,-1,0,,89391|246|2021-07-27,-0.2985497249602418,-0.6733664230633328
94006,246,2021-07-27,2021-08-08,13,control,0,0.28857115,0,dept_246_closure_2021-07-27,2021-07-14,2021-07,-1,0,,94006|246|2021-07-27,-0.01920882296024179,-0.6733664230633328
99636,246,2021-07-27,2021-08-08,13,treatment,1,0.48824883,0,dept_246_closure_2021-07-27,2021-07-14,2021-07,-1,0,,99636|246|2021-07-27,0.18046885703975823,-0.6733664230633328
100285,246,2021-07-27,2021-08-08,13,control,0,0.0010297304,0,dept_246_closure_2021-07-27,2021-07-14,2021-07,-1,0,,100285|246|2021-07-27,-0.3067502425602418,-0.6733664230633328
101690,246,2021-07-27,2021-08-08,13,control,0,0.0054791784,0,dept_246_closure_2021-07-27,2021-07-14,2021-07,-1,0,,101690|246|2021-07-27,-0.3023007945602418,-0.6733664230633328
102939,246,2021-07-27,2021-08-08,13,control,0,0.056172602,0,dept_246_closure_2021-07-27,2021-07-14,2021-07,-1,0,,102939|246|2021-07-27,-0.25160737096024177,-0.6733664230633328
104364,246,2021-07-27,2021-08-08,13,treatment,1,0.0011055329,0,dept_246_closure_2021-07-27,2021-07-14,2021-07,-1,0,,104364|246|2021-07-27,-0.3066744400602418,-0.6733664230633328
104791,246,2021-07-27,2021-08-08,13,control,0,0.00038451306,0,dept_246_closure_2021-07-27,2021-07-14,2021-07,-1,0,,104791|246|2021-07-27,-0.3073954599002418,-0.6733664230633328
104999,246,2021-07-27,2021-08-08,13,control,0,0.77188766,1,dept_246_closure_2021-07-27,2021-07-14,2021-07,-1,0,0.5,104999|246|2021-07-27,0.4641076870397582,-0.6733664230633328
106451,246,2021-07-27,2021-08-08,13,control,0,0.59141666,1,dept_246_closure_2021-07-27,2021-07-14,2021-07,-1,0,,106451|246|2021-07-27,0.28363668703975825,-0.6733664230633328
107729,246,2021-07-27,2021-08-08,13,treatment,1,0.9872944,1,dept_246_closure_2021-07-27,2021-07-14,2021-07,-1,0,0.10416666666666667,107729|246|2021-07-27,0.6795144270397582,-0.6733664230633328
108290,246,2021-07-27,2021-08-08,13,control,0,0.27102268,0,dept_246_closure_2021-07-27,2021-07-14,2021-07,-1,0,0.0,108290|246|2021-07-27,-0.03675729296024177,-0.6733664230633328
108602,246,2021-07-27,2021-08-08,13,control,0,0.12955897,0,dept_246_closure_2021-07-27,2021-07-14,2021-07,-1,0,,108602|246|2021-07-27,-0.1782210029602418,-0.6733664230633328
110523,246,2021-07-27,2021-08-08,13,treatment,1,0.033722427,0,dept_246_closure_2021-07-27,2021-07-14,2021-07,-1,0,,110523|246|2021-07-27,-0.2740575459602418,-0.6733664230633328
111618,246,2021-07-27,2021-08-08,13,control,0,0.020083731,0,dept_246_closure_2021-07-27,2021-07-14,2021-07,-1,0,,111618|246|2021-07-27,-0.2876962419602418,-0.6733664230633328
113259,246,2021-07-27,2021-08-08,13,control,0,0.2508315,0,dept_246_closure_2021-07-27,2021-07-14,2021-07,-1,0,,113259|246|2021-07-27,-0.0569484729602418,-0.6733664230633328
115213,246,2021-07-27,2021-08-08,13,control,0,0.8139987,1,dept_246_closure_2021-07-27,2021-07-14,2021-07,-1,0,0.0,115213|246|2021-07-27,0.5062187270397582,-0.6733664230633328
115992,246,2021-07-27,2021-08-08,13,control,0,0.0014414658,0,dept_246_closure_2021-07-27,2021-07-14,2021-07,-1,0,,115992|246|2021-07-27,-0.3063385071602418,-0.6733664230633328
117266,246,2021-07-27,2021-08-08,13,control,0,0.04361259,0,dept_246_closure_2021-07-27,2021-07-14,2021-07,-1,0,,117266|246|2021-07-27,-0.2641673829602418,-0.6733664230633328
117463,246,2021-07-27,2021-08-08,13,treatment,1,0.000519652,0,dept_246_closure_2021-07-27,2021-07-14,2021-07,-1,0,,117463|246|2021-07-27,-0.3072603209602418,-0.6733664230633328
117689,246,2021-07-27,2021-08-08,13,control,0,0.11426322,0,dept_246_closure_2021-07-27,2021-07-14,2021-07,-1,0,,117689|246|2021-07-27,-0.1935167529602418,-0.6733664230633328
118028,246,2021-07-27,2021-08-08,13,control,0,0.042520892,0,dept_246_closure_2021-07-27,2021-07-14,2021-07,-1,0,,118028|246|2021-07-27,-0.2652590809602418,-0.6733664230633328
123845,246,2021-07-27,2021-08-08,13,control,0,0.0049063414,0,dept_246_closure_2021-07-27,2021-07-14,2021-07,-1,0,,123845|246|2021-07-27,-0.3028736315602418,-0.6733664230633328
124140,246,2021-07-27,2021-08-08,13,control,0,0.00077034417,0,dept_246_closure_2021-07-27,2021-07-14,2021-07,-1,0,,124140|246|2021-07-27,-0.3070096287902418,-0.6733664230633328
124519,246,2021-07-27,2021-08-08,13,control,0,0.1613756,0,dept_246_closure_2021-07-27,2021-07-14,2021-07,-1,0,0.0,124519|246|2021-07-27,-0.14640437296024178,-0.6733664230633328
125288,246,2021-07-27,2021-08-08,13,treatment,1,0.00042904564,0,dept_246_closure_2021-07-27,2021-07-14,2021-07,-1,0,,125288|246|2021-07-27,-0.3073509273202418,-0.6733664230633328
126383,246,2021-07-27,2021-08-08,13,control,0,0.015411615,0,dept_246_closure_2021-07-27,2021-07-14,2021-07,-1,0,,126383|246|2021-07-27,-0.2923683579602418,-0.6733664230633328
127325,246,2021-07-27,2021-08-08,13,control,0,0.31199288,0,dept_246_closure_2021-07-27,2021-07-14,2021-07,-1,0,0.0,127325|246|2021-07-27,0.004212907039758185,-0.6733664230633328
133214,246,2021-07-27,2021-08-08,13,control,0,0.007817035,0,dept_246_closure_2021-07-27,2021-07-14,2021-07,-1,0,,133214|246|2021-07-27,-0.29996293796024176,-0.6733664230633328
133833,246,2021-07-27,2021-08-08,13,control,0,0.0031631151,0,dept_246_closure_2021-07-27,2021-07-14,2021-07,-1,0,,133833|246|2021-07-27,-0.3046168578602418,-0.6733664230633328
135205,246,2021-07-27,2021-08-08,13,control,0,0.0010553765,0,dept_246_closure_2021-07-27,2021-07-14,2021-07,-1,0,,135205|246|2021-07-27,-0.3067245964602418,-0.6733664230633328
136057,246,2021-07-27,2021-08-08,13,control,0,0.2031454,0,dept_246_closure_2021-07-27,2021-07-14,2021-07,-1,0,0.0,136057|246|2021-07-27,-0.10463457296024178,-0.6733664230633328
136063,246,2021-07-27,2021-08-08,13,control,0,0.005267139,0,dept_246_closure_2021-07-27,2021-07-14,2021-07,-1,0,,136063|246|2021-07-27,-0.3025128339602418,-0.6733664230633328
137955,246,2021-07-27,2021-08-08,13,control,0,0.8207661,1,dept_246_closure_2021-07-27,2021-07-14,2021-07,-1,0,,137955|246|2021-07-27,0.5129861270397582,-0.6733664230633328
138417,246,2021-07-27,2021-08-08,13,control,0,0.03873831,0,dept_246_closure_2021-07-27,2021-07-14,2021-07,-1,0,,138417|246|2021-07-27,-0.2690416629602418,-0.6733664230633328
138825,246,2021-07-27,2021-08-08,13,control,0,0.27647775,0,dept_246_closure_2021-07-27,2021-07-14,2021-07,-1,0,,138825|246|2021-07-27,-0.031302222960241766,-0.6733664230633328
139774,246,2021-07-27,2021-08-08,13,control,0,0.06656849,0,dept_246_closure_2021-07-27,2021-07-14,2021-07,-1,0,,139774|246|2021-07-27,-0.2412114829602418,-0.6733664230633328
143776,246,2021-07-27,2021-08-08,13,control,0,0.14395767,0,dept_246_closure_2021-07-27,2021-07-14,2021-07,-1,0,,143776|246|2021-07-27,-0.16382230296024178,-0.6733664230633328
145372,246,2021-07-27,2021-08-08,13,treatment,1,0.0004766058,0,dept_246_closure_2021-07-27,2021-07-14,2021-07,-1,0,,145372|246|2021-07-27,-0.3073033671602418,-0.6733664230633328
147307,246,2021-07-27,2021-08-08,13,control,0,0.0975213,0,dept_246_closure_2021-07-27,2021-07-14,2021-07,-1,0,,147307|246|2021-07-27,-0.21025867296024178,-0.6733664230633328
148127,246,2021-07-27,2021-08-08,13,control,0,0.07233724,0,dept_246_closure_2021-07-27,2021-07-14,2021-07,-1,0,,148127|246|2021-07-27,-0.2354427329602418,-0.6733664230633328
148441,246,2021-07-27,2021-08-08,13,control,0,0.2556321,0,dept_246_closure_2021-07-27,2021-07-14,2021-07,-1,0,0.5,148441|246|2021-07-27,-0.052147872960241815,-0.6733664230633328
151009,246,2021-07-27,2021-08-08,13,control,0,0.6553716,1,dept_246_closure_2021-07-27,2021-07-14,2021-07,-1,0,0.0,151009|246|2021-07-27,0.34759162703975827,-0.6733664230633328
151024,246,2021-07-27,2021-08-08,13,control,0,0.5315132,1,dept_246_closure_2021-07-27,2021-07-14,2021-07,-1,0,,151024|246|2021-07-27,0.22373322703975823,-0.6733664230633328
152032,246,2021-07-27,2021-08-08,13,control,0,0.80558157,1,dept_246_closure_2021-07-27,2021-07-14,2021-07,-1,0,0.5714285714285714,152032|246|2021-07-27,0.4978015970397582,-0.6733664230633328
155231,246,2021-07-27,2021-08-08,13,treatment,1,0.012627428,0,dept_246_closure_2021-07-27,2021-07-14,2021-07,-1,0,,155231|246|2021-07-27,-0.2951525449602418,-0.6733664230633328
155553,246,2021-07-27,2021-08-08,13,control,0,0.0030715873,0,dept_246_closure_2021-07-27,2021-07-14,2021-07,-1,0,,155553|246|2021-07-27,-0.3047083856602418,-0.6733664230633328
155965,246,2021-07-27,2021-08-08,13,control,0,0.006050398,0,dept_246_closure_2021-07-27,2021-07-14,2021-07,-1,0,,155965|246|2021-07-27,-0.3017295749602418,-0.6733664230633328
156315,246,2021-07-27,2021-08-08,13,control,0,0.012487564,0,dept_246_closure_2021-07-27,2021-07-14,2021-07,-1,0,,156315|246|2021-07-27,-0.2952924089602418,-0.6733664230633328
156681,246,2021-07-27,2021-08-08,13,control,0,0.8056619,1,dept_246_closure_2021-07-27,2021-07-14,2021-07,-1,0,,156681|246|2021-07-27,0.49788192703975825,-0.6733664230633328
157356,246,2021-07-27,2021-08-08,13,control,0,0.36475253,0,dept_246_closure_2021-07-27,2021-07-14,2021-07,-1,0,1.0,157356|246|2021-07-27,0.05697255703975823,-0.6733664230633328
159290,246,2021-07-27,2021-08-08,13,control,0,0.520794,1,dept_246_closure_2021-07-27,2021-07-14,2021-07,-1,0,,159290|246|2021-07-27,0.2130140270397582,-0.6733664230633328
163009,246,2021-07-27,2021-08-08,13,control,0,0.0032412908,0,dept_246_closure_2021-07-27,2021-07-14,2021-07,-1,0,,163009|246|2021-07-27,-0.30453868216024177,-0.6733664230633328
168851,246,2021-07-27,2021-08-08,13,treatment,1,0.14223818,0,dept_246_closure_2021-07-27,2021-07-14,2021-07,-1,0,,168851|246|2021-07-27,-0.1655417929602418,-0.6733664230633328
168859,246,2021-07-27,2021-08-08,13,control,0,0.23655716,0,dept_246_closure_2021-07-27,2021-07-14,2021-07,-1,0,,168859|246|2021-07-27,-0.0712228129602418,-0.6733664230633328
169284,246,2021-07-27,2021-08-08,13,control,0,0.077404,0,dept_246_closure_2021-07-27,2021-07-14,2021-07,-1,0,,169284|246|2021-07-27,-0.2303759729602418,-0.6733664230633328
169779,246,2021-07-27,2021-08-08,13,control,0,0.5095837,1,dept_246_closure_2021-07-27,2021-07-14,2021-07,-1,0,,169779|246|2021-07-27,0.20180372703975819,-0.6733664230633328
170648,246,2021-07-27,2021-08-08,13,control,0,0.08296131,0,dept_246_closure_2021-07-27,2021-07-14,2021-07,-1,0,,170648|246|2021-07-27,-0.22481866296024178,-0.6733664230633328
171829,246,2021-07-27,2021-08-08,13,control,0,0.7854076,1,dept_246_closure_2021-07-27,2021-07-14,2021-07,-1,0,,171829|246|2021-07-27,0.4776276270397582,-0.6733664230633328
174299,246,2021-07-27,2021-08-08,13,control,0,0.12492011,0,dept_246_closure_2021-07-27,2021-07-14,2021-07,-1,0,1.0,174299|246|2021-07-27,-0.1828598629602418,-0.6733664230633328
175565,246,2021-07-27,2021-08-08,13,control,0,0.00043081085,0,dept_246_closure_2021-07-27,2021-07-14,2021-07,-1,0,,175565|246|2021-07-27,-0.30734916211024177,-0.6733664230633328
180465,246,2021-07-27,2021-08-08,13,treatment,1,0.259185,0,dept_246_closure_2021-07-27,2021-07-14,2021-07,-1,0,,180465|246|2021-07-27,-0.04859497296024179,-0.6733664230633328
181998,246,2021-07-27,2021-08-08,13,control,0,0.143926,0,dept_246_closure_2021-07-27,2021-07-14,2021-07,-1,0,0.3333333333333333,181998|246|2021-07-27,-0.1638539729602418,-0.6733664230633328
183672,246,2021-07-27,2021-08-08,13,control,0,0.0026851657,0,dept_246_closure_2021-07-27,2021-07-14,2021-07,-1,0,,183672|246|2021-07-27,-0.3050948072602418,-0.6733664230633328
184494,246,2021-07-27,2021-08-08,13,control,0,0.8184082,1,dept_246_closure_2021-07-27,2021-07-14,2021-07,-1,0,1.0,184494|246|2021-07-27,0.5106282270397582,-0.6733664230633328
184868,246,2021-07-27,2021-08-08,13,control,0,0.36570916,0,dept_246_closure_2021-07-27,2021-07-14,2021-07,-1,0,,184868|246|2021-07-27,0.05792918703975819,-0.6733664230633328
188771,246,2021-07-27,2021-08-08,13,control,0,0.008155373,0,dept_246_closure_2021-07-27,2021-07-14,2021-07,-1,0,,188771|246|2021-07-27,-0.29962459996024177,-0.6733664230633328
191129,246,2021-07-27,2021-08-08,13,control,0,0.00997795,0,dept_246_closure_2021-07-27,2021-07-14,2021-07,-1,0,,191129|246|2021-07-27,-0.2978020229602418,-0.6733664230633328
197542,246,2021-07-27,2021-08-08,13,control,0,0.038574096,0,dept_246_closure_2021-07-27,2021-07-14,2021-07,-1,0,,197542|246|2021-07-27,-0.2692058769602418,-0.6733664230633328
199413,246,2021-07-27,2021-08-08,13,control,0,0.02999612,0,dept_246_closure_2021-07-27,2021-07-14,2021-07,-1,0,,199413|246|2021-07-27,-0.2777838529602418,-0.6733664230633328
203579,246,2021-07-27,2021-08-08,13,control,0,0.004454911,0,dept_246_closure_2021-07-27,2021-07-14,2021-07,-1,0,,203579|246|2021-07-27,-0.3033250619602418,-0.6733664230633328
203841,246,2021-07-27,2021-08-08,13,control,0,0.0010743989,0,dept_246_closure_2021-07-27,2021-07-14,2021-07,-1,0,,203841|246|2021-07-27,-0.3067055740602418,-0.6733664230633328
204424,246,2021-07-27,2021-08-08,13,control,0,0.01007441,0,dept_246_closure_2021-07-27,2021-07-14,2021-07,-1,0,,204424|246|2021-07-27,-0.2977055629602418,-0.6733664230633328
204924,246,2021-07-27,2021-08-08,13,control,0,0.00014777645,0,dept_246_closure_2021-07-27,2021-07-14,2021-07,-1,0,,204924|246|2021-07-27,-0.30763219651024176,-0.6733664230633328
205498,246,2021-07-27,2021-08-08,13,control,0,0.010686833,0,dept_246_closure_2021-07-27,2021-07-14,2021-07,-1,0,,205498|246|2021-07-27,-0.2970931399602418,-0.6733664230633328
208321,246,2021-07-27,2021-08-08,13,control,0,0.009726258,0,dept_246_closure_2021-07-27,2021-07-14,2021-07,-1,0,,208321|246|2021-07-27,-0.2980537149602418,-0.6733664230633328
210109,246,2021-07-27,2021-08-08,13,control,0,0.2929824,0,dept_246_closure_2021-07-27,2021-07-14,2021-07,-1,0,0.5,210109|246|2021-07-27,-0.014797572960241812,-0.6733664230633328
210669,246,2021-07-27,2021-08-08,13,treatment,1,0.013678787,0,dept_246_closure_2021-07-27,2021-07-14,2021-07,-1,0,0.5,210669|246|2021-07-27,-0.29410118596024176,-0.6733664230633328
215562,246,2021-07-27,2021-08-08,13,control,0,0.04311617,0,dept_246_closure_2021-07-27,2021-07-14,2021-07,-1,0,1.0,215562|246|2021-07-27,-0.2646638029602418,-0.6733664230633328
217728,246,2021-07-27,2021-08-08,13,control,0,0.029586418,0,dept_246_closure_2021-07-27,2021-07-14,2021-07,-1,0,,217728|246|2021-07-27,-0.2781935549602418,-0.6733664230633328
218261,246,2021-07-27,2021-08-08,13,treatment,1,0.0028441278,0,dept_246_closure_2021-07-27,2021-07-14,2021-07,-1,0,,218261|246|2021-07-27,-0.3049358451602418,-0.6733664230633328
220611,246,2021-07-27,2021-08-08,13,control,0,0.4585377,0,dept_246_closure_2021-07-27,2021-07-14,2021-07,-1,0,,220611|246|2021-07-27,0.1507577270397582,-0.6733664230633328
225448,246,2021-07-27,2021-08-08,13,control,0,0.0052057686,0,dept_246_closure_2021-07-27,2021-07-14,2021-07,-1,0,,225448|246|2021-07-27,-0.3025742043602418,-0.6733664230633328
225682,246,2021-07-27,2021-08-08,13,control,0,0.001283649,0,dept_246_closure_2021-07-27,2021-07-14,2021-07,-1,0,,225682|246|2021-07-27,-0.3064963239602418,-0.6733664230633328
226835,246,2021-07-27,2021-08-08,13,control,0,0.12201637,0,dept_246_closure_2021-07-27,2021-07-14,2021-07,-1,0,1.0,226835|246|2021-07-27,-0.1857636029602418,-0.6733664230633328
229636,246,2021-07-27,2021-08-08,13,control,0,0.3207437,0,dept_246_closure_2021-07-27,2021-07-14,2021-07,-1,0,,229636|246|2021-07-27,0.012963727039758233,-0.6733664230633328
230132,246,2021-07-27,2021-08-08,13,control,0,0.06859596,0,dept_246_closure_2021-07-27,2021-07-14,2021-07,-1,0,,230132|246|2021-07-27,-0.23918401296024178,-0.6733664230633328
233290,246,2021-07-27,2021-08-08,13,control,0,0.52270347,1,dept_246_closure_2021-07-27,2021-07-14,2021-07,-1,0,,233290|246|2021-07-27,0.21492349703975816,-0.6733664230633328
233346,246,2021-07-27,2021-08-08,13,control,0,0.00021615047,0,dept_246_closure_2021-07-27,2021-07-14,2021-07,-1,0,,233346|246|2021-07-27,-0.3075638224902418,-0.6733664230633328
234672,246,2021-07-27,2021-08-08,13,control,0,0.000580863,0,dept_246_closure_2021-07-27,2021-07-14,2021-07,-1,0,,234672|246|2021-07-27,-0.3071991099602418,-0.6733664230633328
236029,246,2021-07-27,2021-08-08,13,control,0,0.040655516,0,dept_246_closure_2021-07-27,2021-07-14,2021-07,-1,0,,236029|246|2021-07-27,-0.2671244569602418,-0.6733664230633328
236820,246,2021-07-27,2021-08-08,13,control,0,0.00022939839,0,dept_246_closure_2021-07-27,2021-07-14,2021-07,-1,0,,236820|246|2021-07-27,-0.30755057457024176,-0.6733664230633328
236997,246,2021-07-27,2021-08-08,13,control,0,0.36613643,0,dept_246_closure_2021-07-27,2021-07-14,2021-07,-1,0,,236997|246|2021-07-27,0.058356457039758225,-0.6733664230633328
237146,246,2021-07-27,2021-08-08,13,control,0,0.61688244,1,dept_246_closure_2021-07-27,2021-07-14,2021-07,-1,0,,237146|246|2021-07-27,0.30910246703975824,-0.6733664230633328
237810,246,2021-07-27,2021-08-08,13,control,0,0.005046733,0,dept_246_closure_2021-07-27,2021-07-14,2021-07,-1,0,,237810|246|2021-07-27,-0.30273323996024176,-0.6733664230633328
238525,246,2021-07-27,2021-08-08,13,control,0,0.007303511,0,dept_246_closure_2021-07-27,2021-07-14,2021-07,-1,0,,238525|246|2021-07-27,-0.3004764619602418,-0.6733664230633328
241338,246,2021-07-27,2021-08-08,13,control,0,0.021715533,0,dept_246_closure_2021-07-27,2021-07-14,2021-07,-1,0,,241338|246|2021-07-27,-0.2860644399602418,-0.6733664230633328
241507,246,2021-07-27,2021-08-08,13,control,0,0.20312865,0,dept_246_closure_2021-07-27,2021-07-14,2021-07,-1,0,,241507|246|2021-07-27,-0.1046513229602418,-0.6733664230633328
244794,246,2021-07-27,2021-08-08,13,control,0,0.33012336,0,dept_246_closure_2021-07-27,2021-07-14,2021-07,-1,0,,244794|246|2021-07-27,0.02234338703975819,-0.6733664230633328
245077,246,2021-07-27,2021-08-08,13,control,0,0.10267958,0,dept_246_closure_2021-07-27,2021-07-14,2021-07,-1,0,,245077|246|2021-07-27,-0.2051003929602418,-0.6733664230633328
246094,246,2021-07-27,2021-08-08,13,control,0,0.0079742605,0,dept_246_closure_2021-07-27,2021-07-14,2021-07,-1,0,,246094|246|2021-07-27,-0.2998057124602418,-0.6733664230633328
247767,246,2021-07-27,2021-08-08,13,control,0,0.0012259317,0,dept_246_closure_2021-07-27,2021-07-14,2021-07,-1,0,,247767|246|2021-07-27,-0.30655404126024177,-0.6733664230633328
249817,246,2021-07-27,2021-08-08,13,treatment,1,0.44966677,0,dept_246_closure_2021-07-27,2021-07-14,2021-07,-1,0,0.0,249817|246|2021-07-27,0.1418867970397582,-0.6733664230633328
250542,246,2021-07-27,2021-08-08,13,control,0,0.0035489663,0,dept_246_closure_2021-07-27,2021-07-14,2021-07,-1,0,,250542|246|2021-07-27,-0.3042310066602418,-0.6733664230633328
251334,246,2021-07-27,2021-08-08,13,control,0,0.0025421518,0,dept_246_closure_2021-07-27,2021-07-14,2021-07,-1,0,,251334|246|2021-07-27,-0.3052378211602418,-0.6733664230633328
252087,246,2021-07-27,2021-08-08,13,control,0,0.8424901,1,dept_246_closure_2021-07-27,2021-07-14,2021-07,-1,0,,252087|246|2021-07-27,0.5347101270397583,-0.6733664230633328
252217,246,2021-07-27,2021-08-08,13,control,0,0.7053127,1,dept_246_closure_2021-07-27,2021-07-14,2021-07,-1,0,0.5,252217|246|2021-07-27,0.3975327270397582,-0.6733664230633328
255689,246,2021-07-27,2021-08-08,13,control,0,0.55216575,1,dept_246_closure_2021-07-27,2021-07-14,2021-07,-1,0,,255689|246|2021-07-27,0.24438577703975822,-0.6733664230633328
255874,246,2021-07-27,2021-08-08,13,control,0,0.078918055,0,dept_246_closure_2021-07-27,2021-07-14,2021-07,-1,0,,255874|246|2021-07-27,-0.2288619179602418,-0.6733664230633328
257892,246,2021-07-27,2021-08-08,13,treatment,1,0.09642344,0,dept_246_closure_2021-07-27,2021-07-14,2021-07,-1,0,,257892|246|2021-07-27,-0.2113565329602418,-0.6733664230633328
259539,246,2021-07-27,2021-08-08,13,control,0,0.98992246,1,dept_246_closure_2021-07-27,2021-07-14,2021-07,-1,0,0.0,259539|246|2021-07-27,0.6821424870397581,-0.6733664230633328
259582,246,2021-07-27,2021-08-08,13,control,0,0.7666549,1,dept_246_closure_2021-07-27,2021-07-14,2021-07,-1,0,,259582|246|2021-07-27,0.45887492703975824,-0.6733664230633328
260406,246,2021-07-27,2021-08-08,13,control,0,0.95459735,1,dept_246_closure_2021-07-27,2021-07-14,2021-07,-1,0,0.0,260406|246|2021-07-27,0.6468173770397583,-0.6733664230633328
262174,246,2021-07-27,2021-08-08,13,control,0,0.017433695,0,dept_246_closure_2021-07-27,2021-07-14,2021-07,-1,0,,262174|246|2021-07-27,-0.2903462779602418,-0.6733664230633328
262226,246,2021-07-27,2021-08-08,13,treatment,1,0.0046343305,0,dept_246_closure_2021-07-27,2021-07-14,2021-07,-1,0,,262226|246|2021-07-27,-0.3031456424602418,-0.6733664230633328
262312,246,2021-07-27,2021-08-08,13,treatment,1,0.30028024,0,dept_246_closure_2021-07-27,2021-07-14,2021-07,-1,0,,262312|246|2021-07-27,-0.007499732960241812,-0.6733664230633328
262908,246,2021-07-27,2021-08-08,13,control,0,0.0017360738,0,dept_246_closure_2021-07-27,2021-07-14,2021-07,-1,0,,262908|246|2021-07-27,-0.3060438991602418,-0.6733664230633328
265383,246,2021-07-27,2021-08-08,13,control,0,0.3692996,0,dept_246_closure_2021-07-27,2021-07-14,2021-07,-1,0,,265383|246|2021-07-27,0.06151962703975822,-0.6733664230633328
266110,246,2021-07-27,2021-08-08,13,control,0,0.14823094,0,dept_246_closure_2021-07-27,2021-07-14,2021-07,-1,0,0.0,266110|246|2021-07-27,-0.15954903296024178,-0.6733664230633328
267323,246,2021-07-27,2021-08-08,13,control,0,0.009151967,0,dept_246_closure_2021-07-27,2021-07-14,2021-07,-1,0,,267323|246|2021-07-27,-0.2986280059602418,-0.6733664230633328
271753,246,2021-07-27,2021-08-08,13,control,0,0.70104194,1,dept_246_closure_2021-07-27,2021-07-14,2021-07,-1,0,0.0,271753|246|2021-07-27,0.3932619670397582,-0.6733664230633328
272325,246,2021-07-27,2021-08-08,13,control,0,0.03747098,0,dept_246_closure_2021-07-27,2021-07-14,2021-07,-1,0,,272325|246|2021-07-27,-0.2703089929602418,-0.6733664230633328
274118,246,2021-07-27,2021-08-08,13,control,0,0.16955857,0,dept_246_closure_2021-07-27,2021-07-14,2021-07,-1,0,,274118|246|2021-07-27,-0.1382214029602418,-0.6733664230633328
274812,246,2021-07-27,2021-08-08,13,control,0,0.009415506,0,dept_246_closure_2021-07-27,2021-07-14,2021-07,-1,0,,274812|246|2021-07-27,-0.29836446696024177,-0.6733664230633328
277601,246,2021-07-27,2021-08-08,13,treatment,1,0.1419399,0,dept_246_closure_2021-07-27,2021-07-14,2021-07,-1,0,1.0,277601|246|2021-07-27,-0.16584007296024178,-0.6733664230633328
280469,246,2021-07-27,2021-08-08,13,control,0,0.0043828194,0,dept_246_closure_2021-07-27,2021-07-14,2021-07,-1,0,,280469|246|2021-07-27,-0.3033971535602418,-0.6733664230633328
283701,246,2021-07-27,2021-08-08,13,control,0,0.001436328,0,dept_246_closure_2021-07-27,2021-07-14,2021-07,-1,0,,283701|246|2021-07-27,-0.3063436449602418,-0.6733664230633328
284315,246,2021-07-27,2021-08-08,13,control,0,0.4202311,0,dept_246_closure_2021-07-27,2021-07-14,2021-07,-1,0,0.0,284315|246|2021-07-27,0.11245112703975824,-0.6733664230633328
285033,246,2021-07-27,2021-08-08,13,treatment,1,0.00620761,0,dept_246_closure_2021-07-27,2021-07-14,2021-07,-1,0,,285033|246|2021-07-27,-0.3015723629602418,-0.6733664230633328
285046,246,2021-07-27,2021-08-08,13,control,0,0.0044367714,0,dept_246_closure_2021-07-27,2021-07-14,2021-07,-1,0,,285046|246|2021-07-27,-0.3033432015602418,-0.6733664230633328
285633,246,2021-07-27,2021-08-08,13,control,0,0.43627,0,dept_246_closure_2021-07-27,2021-07-14,2021-07,-1,0,,285633|246|2021-07-27,0.1284900270397582,-0.6733664230633328
286482,246,2021-07-27,2021-08-08,13,control,0,0.02225262,0,dept_246_closure_2021-07-27,2021-07-14,2021-07,-1,0,1.0,286482|246|2021-07-27,-0.2855273529602418,-0.6733664230633328
286653,246,2021-07-27,2021-08-08,13,control,0,0.0026606242,0,dept_246_closure_2021-07-27,2021-07-14,2021-07,-1,0,,286653|246|2021-07-27,-0.30511934876024177,-0.6733664230633328
286897,246,2021-07-27,2021-08-08,13,control,0,0.16014734,0,dept_246_closure_2021-07-27,2021-07-14,2021-07,-1,0,1.0,286897|246|2021-07-27,-0.1476326329602418,-0.6733664230633328
287010,246,2021-07-27,2021-08-08,13,treatment,1,0.009861909,0,dept_246_closure_2021-07-27,2021-07-14,2021-07,-1,0,,287010|246|2021-07-27,-0.2979180639602418,-0.6733664230633328
287756,246,2021-07-27,2021-08-08,13,treatment,1,0.28949228,0,dept_246_closure_2021-07-27,2021-07-14,2021-07,-1,0,,287756|246|2021-07-27,-0.018287692960241797,-0.6733664230633328
288337,246,2021-07-27,2021-08-08,13,treatment,1,0.22882752,0,dept_246_closure_2021-07-27,2021-07-14,2021-07,-1,0,0.5,288337|246|2021-07-27,-0.07895245296024178,-0.6733664230633328
288975,246,2021-07-27,2021-08-08,13,control,0,0.492053,0,dept_246_closure_2021-07-27,2021-07-14,2021-07,-1,0,1.0,288975|246|2021-07-27,0.18427302703975823,-0.6733664230633328
288983,246,2021-07-27,2021-08-08,13,control,0,0.2496914,0,dept_246_closure_2021-07-27,2021-07-14,2021-07,-1,0,,288983|246|2021-07-27,-0.05808857296024178,-0.6733664230633328
290365,246,2021-07-27,2021-08-08,13,control,0,0.10970233,0,dept_246_closure_2021-07-27,2021-07-14,2021-07,-1,0,0.5,290365|246|2021-07-27,-0.19807764296024177,-0.6733664230633328
298986,246,2021-07-27,2021-08-08,13,treatment,1,0.04026596,0,dept_246_closure_2021-07-27,2021-07-14,2021-07,-1,0,,298986|246|2021-07-27,-0.2675140129602418,-0.6733664230633328
301762,246,2021-07-27,2021-08-08,13,control,0,0.7357581,1,dept_246_closure_2021-07-27,2021-07-14,2021-07,-1,0,0.0,301762|246|2021-07-27,0.4279781270397582,-0.6733664230633328
304979,246,2021-07-27,2021-08-08,13,control,0,0.09525018,0,dept_246_closure_2021-07-27,2021-07-14,2021-07,-1,0,,304979|246|2021-07-27,-0.21252979296024177,-0.6733664230633328
307417,246,2021-07-27,2021-08-08,13,control,0,0.9599353,1,dept_246_closure_2021-07-27,2021-07-14,2021-07,-1,0,0.0,307417|246|2021-07-27,0.6521553270397582,-0.6733664230633328
309461,246,2021-07-27,2021-08-08,13,control,0,0.44486257,0,dept_246_closure_2021-07-27,2021-07-14,2021-07,-1,0,,309461|246|2021-07-27,0.13708259703975822,-0.6733664230633328
313013,246,2021-07-27,2021-08-08,13,control,0,0.2960066,0,dept_246_closure_2021-07-27,2021-07-14,2021-07,-1,0,,313013|246|2021-07-27,-0.01177337296024178,-0.6733664230633328
313212,246,2021-07-27,2021-08-08,13,control,0,0.5962742,1,dept_246_closure_2021-07-27,2021-07-14,2021-07,-1,0,0.0,313212|246|2021-07-27,0.2884942270397582,-0.6733664230633328
316936,246,2021-07-27,2021-08-08,13,control,0,0.0037791403,0,dept_246_closure_2021-07-27,2021-07-14,2021-07,-1,0,,316936|246|2021-07-27,-0.3040008326602418,-0.6733664230633328
317316,246,2021-07-27,2021-08-08,13,control,0,0.85932696,1,dept_246_closure_2021-07-27,2021-07-14,2021-07,-1,0,0.5,317316|246|2021-07-27,0.5515469870397582,-0.6733664230633328
319362,246,2021-07-27,2021-08-08,13,control,0,0.054192737,0,dept_246_closure_2021-07-27,2021-07-14,2021-07,-1,0,,319362|246|2021-07-27,-0.2535872359602418,-0.6733664230633328
319378,246,2021-07-27,2021-08-08,13,control,0,0.0054719755,0,dept_246_closure_2021-07-27,2021-07-14,2021-07,-1,0,,319378|246|2021-07-27,-0.3023079974602418,-0.6733664230633328
321260,246,2021-07-27,2021-08-08,13,control,0,0.8903487,1,dept_246_closure_2021-07-27,2021-07-14,2021-07,-1,0,,321260|246|2021-07-27,0.5825687270397581,-0.6733664230633328
330118,246,2021-07-27,2021-08-08,13,control,0,0.02843772,0,dept_246_closure_2021-07-27,2021-07-14,2021-07,-1,0,,330118|246|2021-07-27,-0.2793422529602418,-0.6733664230633328
331482,246,2021-07-27,2021-08-08,13,treatment,1,0.001361551,0,dept_246_closure_2021-07-27,2021-07-14,2021-07,-1,0,,331482|246|2021-07-27,-0.30641842196024177,-0.6733664230633328
333622,246,2021-07-27,2021-08-08,13,control,0,0.9366751,1,dept_246_closure_2021-07-27,2021-07-14,2021-07,-1,0,,333622|246|2021-07-27,0.6288951270397583,-0.6733664230633328
334962,246,2021-07-27,2021-08-08,13,control,0,0.08659036,0,dept_246_closure_2021-07-27,2021-07-14,2021-07,-1,0,,334962|246|2021-07-27,-0.22118961296024178,-0.6733664230633328
335068,246,2021-07-27,2021-08-08,13,treatment,1,0.009978552,0,dept_246_closure_2021-07-27,2021-07-14,2021-07,-1,0,,335068|246|2021-07-27,-0.2978014209602418,-0.6733664230633328
338562,246,2021-07-27,2021-08-08,13,treatment,1,0.017088,0,dept_246_closure_2021-07-27,2021-07-14,2021-07,-1,0,,338562|246|2021-07-27,-0.2906919729602418,-0.6733664230633328
338823,246,2021-07-27,2021-08-08,13,control,0,0.014918992,0,dept_246_closure_2021-07-27,2021-07-14,2021-07,-1,0,,338823|246|2021-07-27,-0.29286098096024177,-0.6733664230633328
339792,246,2021-07-27,2021-08-08,13,control,0,0.8495822,1,dept_246_closure_2021-07-27,2021-07-14,2021-07,-1,0,,339792|246|2021-07-27,0.5418022270397582,-0.6733664230633328
341957,246,2021-07-27,2021-08-08,13,control,0,0.0035954094,0,dept_246_closure_2021-07-27,2021-07-14,2021-07,-1,0,,341957|246|2021-07-27,-0.30418456356024176,-0.6733664230633328
344830,246,2021-07-27,2021-08-08,13,control,0,0.052282482,0,dept_246_closure_2021-07-27,2021-07-14,2021-07,-1,0,,344830|246|2021-07-27,-0.25549749096024177,-0.6733664230633328
345539,246,2021-07-27,2021-08-08,13,control,0,0.00086524605,0,dept_246_closure_2021-07-27,2021-07-14,2021-07,-1,0,,345539|246|2021-07-27,-0.3069147269102418,-0.6733664230633328
345625,246,2021-07-27,2021-08-08,13,control,0,0.018565921,0,dept_246_closure_2021-07-27,2021-07-14,2021-07,-1,0,,345625|246|2021-07-27,-0.2892140519602418,-0.6733664230633328
347325,246,2021-07-27,2021-08-08,13,control,0,0.0043380465,0,dept_246_closure_2021-07-27,2021-07-14,2021-07,-1,0,,347325|246|2021-07-27,-0.30344192646024176,-0.6733664230633328
350016,246,2021-07-27,2021-08-08,13,control,0,0.6836625,1,dept_246_closure_2021-07-27,2021-07-14,2021-07,-1,0,,350016|246|2021-07-27,0.37588252703975816,-0.6733664230633328
355134,246,2021-07-27,2021-08-08,13,control,0,0.0044010277,0,dept_246_closure_2021-07-27,2021-07-14,2021-07,-1,0,,355134|246|2021-07-27,-0.3033789452602418,-0.6733664230633328
355269,246,2021-07-27,2021-08-08,13,control,0,0.016801858,0,dept_246_closure_2021-07-27,2021-07-14,2021-07,-1,0,,355269|246|2021-07-27,-0.2909781149602418,-0.6733664230633328
357111,246,2021-07-27,2021-08-08,13,control,0,0.23188306,0,dept_246_closure_2021-07-27,2021-07-14,2021-07,-1,0,,357111|246|2021-07-27,-0.07589691296024179,-0.6733664230633328
359844,246,2021-07-27,2021-08-08,13,control,0,0.52867234,1,dept_246_closure_2021-07-27,2021-07-14,2021-07,-1,0,,359844|246|2021-07-27,0.22089236703975818,-0.6733664230633328
365341,246,2021-07-27,2021-08-08,13,control,0,0.13278699,0,dept_246_closure_2021-07-27,2021-07-14,2021-07,-1,0,,365341|246|2021-07-27,-0.1749929829602418,-0.6733664230633328
370044,246,2021-07-27,2021-08-08,13,control,0,0.0035498582,0,dept_246_closure_2021-07-27,2021-07-14,2021-07,-1,0,,370044|246|2021-07-27,-0.3042301147602418,-0.6733664230633328
371221,246,2021-07-27,2021-08-08,13,control,0,0.99873716,1,dept_246_closure_2021-07-27,2021-07-14,2021-07,-1,0,0.5,371221|246|2021-07-27,0.6909571870397582,-0.6733664230633328
372747,246,2021-07-27,2021-08-08,13,control,0,0.0048901043,0,dept_246_closure_2021-07-27,2021-07-14,2021-07,-1,0,,372747|246|2021-07-27,-0.3028898686602418,-0.6733664230633328
375645,246,2021-07-27,2021-08-08,13,control,0,0.37152928,0,dept_246_closure_2021-07-27,2021-07-14,2021-07,-1,0,,375645|246|2021-07-27,0.06374930703975823,-0.6733664230633328
378407,246,2021-07-27,2021-08-08,13,treatment,1,0.29822764,0,dept_246_closure_2021-07-27,2021-07-14,2021-07,-1,0,0.5,378407|246|2021-07-27,-0.009552332960241772,-0.6733664230633328
379838,246,2021-07-27,2021-08-08,13,control,0,0.012882659,0,dept_246_closure_2021-07-27,2021-07-14,2021-07,-1,0,,379838|246|2021-07-27,-0.29489731396024177,-0.6733664230633328
384650,246,2021-07-27,2021-08-08,13,treatment,1,0.5255844,1,dept_246_closure_2021-07-27,2021-07-14,2021-07,-1,0,0.0,384650|246|2021-07-27,0.21780442703975816,-0.6733664230633328
385192,246,2021-07-27,2021-08-08,13,treatment,1,0.0069333566,0,dept_246_closure_2021-07-27,2021-07-14,2021-07,-1,0,,385192|246|2021-07-27,-0.3008466163602418,-0.6733664230633328
385301,246,2021-07-27,2021-08-08,13,treatment,1,0.0020563663,0,dept_246_closure_2021-07-27,2021-07-14,2021-07,-1,0,,385301|246|2021-07-27,-0.3057236066602418,-0.6733664230633328
390094,246,2021-07-27,2021-08-08,13,control,0,0.6938326,1,dept_246_closure_2021-07-27,2021-07-14,2021-07,-1,0,,390094|246|2021-07-27,0.38605262703975823,-0.6733664230633328
394241,246,2021-07-27,2021-08-08,13,control,0,0.0024767357,0,dept_246_closure_2021-07-27,2021-07-14,2021-07,-1,0,,394241|246|2021-07-27,-0.3053032372602418,-0.6733664230633328
398720,246,2021-07-27,2021-08-08,13,control,0,0.10058723,0,dept_246_closure_2021-07-27,2021-07-14,2021-07,-1,0,,398720|246|2021-07-27,-0.2071927429602418,-0.6733664230633328
399165,246,2021-07-27,2021-08-08,13,treatment,1,0.01611269,0,dept_246_closure_2021-07-27,2021-07-14,2021-07,-1,0,,399165|246|2021-07-27,-0.2916672829602418,-0.6733664230633328
400356,246,2021-07-27,2021-08-08,13,control,0,0.5050747,1,dept_246_closure_2021-07-27,2021-07-14,2021-07,-1,0,,400356|246|2021-07-27,0.1972947270397582,-0.6733664230633328
403400,246,2021-07-27,2021-08-08,13,control,0,0.06201131,0,dept_246_closure_2021-07-27,2021-07-14,2021-07,-1,0,,403400|246|2021-07-27,-0.2457686629602418,-0.6733664230633328
403978,246,2021-07-27,2021-08-08,13,control,0,0.015248471,0,dept_246_closure_2021-07-27,2021-07-14,2021-07,-1,0,,403978|246|2021-07-27,-0.2925315019602418,-0.6733664230633328
406351,246,2021-07-27,2021-08-08,13,control,0,0.9433126,1,dept_246_closure_2021-07-27,2021-07-14,2021-07,-1,0,,406351|246|2021-07-27,0.6355326270397581,-0.6733664230633328
411042,246,2021-07-27,2021-08-08,13,control,0,0.0035023398,0,dept_246_closure_2021-07-27,2021-07-14,2021-07,-1,0,,411042|246|2021-07-27,-0.3042776331602418,-0.6733664230633328
413597,246,2021-07-27,2021-08-08,13,treatment,1,0.033977475,0,dept_246_closure_2021-07-27,2021-07-14,2021-07,-1,0,,413597|246|2021-07-27,-0.2738024979602418,-0.6733664230633328
416998,246,2021-07-27,2021-08-08,13,control,0,0.0013396153,0,dept_246_closure_2021-07-27,2021-07-14,2021-07,-1,0,,416998|246|2021-07-27,-0.3064403576602418,-0.6733664230633328
417897,246,2021-07-27,2021-08-08,13,control,0,0.5677011,1,dept_246_closure_2021-07-27,2021-07-14,2021-07,-1,0,,417897|246|2021-07-27,0.25992112703975817,-0.6733664230633328
419836,246,2021-07-27,2021-08-08,13,control,0,0.40988797,0,dept_246_closure_2021-07-27,2021-07-14,2021-07,-1,0,0.0,419836|246|2021-07-27,0.1021079970397582,-0.6733664230633328
423045,246,2021-07-27,2021-08-08,13,control,0,0.944171,1,dept_246_closure_2021-07-27,2021-07-14,2021-07,-1,0,,423045|246|2021-07-27,0.6363910270397581,-0.6733664230633328
424548,246,2021-07-27,2021-08-08,13,control,0,0.7207846,1,dept_246_closure_2021-07-27,2021-07-14,2021-07,-1,0,0.0,424548|246|2021-07-27,0.4130046270397582,-0.6733664230633328
431076,246,2021-07-27,2021-08-08,13,control,0,0.031024417,0,dept_246_closure_2021-07-27,2021-07-14,2021-07,-1,0,,431076|246|2021-07-27,-0.2767555559602418,-0.6733664230633328
431105,246,2021-07-27,2021-08-08,13,treatment,1,0.06195705,0,dept_246_closure_2021-07-27,2021-07-14,2021-07,-1,0,,431105|246|2021-07-27,-0.24582292296024177,-0.6733664230633328
432796,246,2021-07-27,2021-08-08,13,control,0,0.010759436,0,dept_246_closure_2021-07-27,2021-07-14,2021-07,-1,0,,432796|246|2021-07-27,-0.2970205369602418,-0.6733664230633328
434128,246,2021-07-27,2021-08-08,13,control,0,0.16260657,0,dept_246_closure_2021-07-27,2021-07-14,2021-07,-1,0,,434128|246|2021-07-27,-0.14517340296024178,-0.6733664230633328
439016,246,2021-07-27,2021-08-08,13,control,0,0.00097234204,0,dept_246_closure_2021-07-27,2021-07-14,2021-07,-1,0,,439016|246|2021-07-27,-0.30680763092024177,-0.6733664230633328
439415,246,2021-07-27,2021-08-08,13,treatment,1,0.00854473,0,dept_246_closure_2021-07-27,2021-07-14,2021-07,-1,0,,439415|246|2021-07-27,-0.2992352429602418,-0.6733664230633328
440301,246,2021-07-27,2021-08-08,13,control,0,0.7762471,1,dept_246_closure_2021-07-27,2021-07-14,2021-07,-1,0,0.0,440301|246|2021-07-27,0.4684671270397582,-0.6733664230633328
441807,246,2021-07-27,2021-08-08,13,treatment,1,0.007342132,0,dept_246_closure_2021-07-27,2021-07-14,2021-07,-1,0,,441807|246|2021-07-27,-0.3004378409602418,-0.6733664230633328
441960,246,2021-07-27,2021-08-08,13,treatment,1,0.06911523,0,dept_246_closure_2021-07-27,2021-07-14,2021-07,-1,0,,441960|246|2021-07-27,-0.2386647429602418,-0.6733664230633328
442347,246,2021-07-27,2021-08-08,13,control,0,0.4125593,0,dept_246_closure_2021-07-27,2021-07-14,2021-07,-1,0,0.0,442347|246|2021-07-27,0.10477932703975823,-0.6733664230633328
442951,246,2021-07-27,2021-08-08,13,control,0,0.08055308,0,dept_246_closure_2021-07-27,2021-07-14,2021-07,-1,0,,442951|246|2021-07-27,-0.2272268929602418,-0.6733664230633328
443224,246,2021-07-27,2021-08-08,13,control,0,0.012283262,0,dept_246_closure_2021-07-27,2021-07-14,2021-07,-1,0,,443224|246|2021-07-27,-0.29549671096024177,-0.6733664230633328
444724,246,2021-07-27,2021-08-08,13,control,0,0.31141287,0,dept_246_closure_2021-07-27,2021-07-14,2021-07,-1,0,,444724|246|2021-07-27,0.0036328970397582205,-0.6733664230633328
446139,246,2021-07-27,2021-08-08,13,treatment,1,0.01199333,0,dept_246_closure_2021-07-27,2021-07-14,2021-07,-1,0,,446139|246|2021-07-27,-0.29578664296024176,-0.6733664230633328
449149,246,2021-07-27,2021-08-08,13,control,0,0.023524707,0,dept_246_closure_2021-07-27,2021-07-14,2021-07,-1,0,0.0,449149|246|2021-07-27,-0.2842552659602418,-0.6733664230633328
450011,246,2021-07-27,2021-08-08,13,treatment,1,0.07574345,0,dept_246_closure_2021-07-27,2021-07-14,2021-07,-1,0,,450011|246|2021-07-27,-0.2320365229602418,-0.6733664230633328
450376,246,2021-07-27,2021-08-08,13,control,0,0.9690146,1,dept_246_closure_2021-07-27,2021-07-14,2021-07,-1,0,0.0,450376|246|2021-07-27,0.6612346270397582,-0.6733664230633328
452100,246,2021-07-27,2021-08-08,13,control,0,0.004648191,0,dept_246_closure_2021-07-27,2021-07-14,2021-07,-1,0,,452100|246|2021-07-27,-0.30313178196024176,-0.6733664230633328
452195,246,2021-07-27,2021-08-08,13,control,0,0.19528177,0,dept_246_closure_2021-07-27,2021-07-14,2021-07,-1,0,,452195|246|2021-07-27,-0.1124982029602418,-0.6733664230633328
452907,246,2021-07-27,2021-08-08,13,control,0,0.010661791,0,dept_246_closure_2021-07-27,2021-07-14,2021-07,-1,0,,452907|246|2021-07-27,-0.2971181819602418,-0.6733664230633328
453025,246,2021-07-27,2021-08-08,13,control,0,0.14658046,0,dept_246_closure_2021-07-27,2021-07-14,2021-07,-1,0,,453025|246|2021-07-27,-0.1611995129602418,-0.6733664230633328
453038,246,2021-07-27,2021-08-08,13,control,0,0.2722325,0,dept_246_closure_2021-07-27,2021-07-14,2021-07,-1,0,,453038|246|2021-07-27,-0.0355474729602418,-0.6733664230633328
453665,246,2021-07-27,2021-08-08,13,control,0,0.009102977,0,dept_246_closure_2021-07-27,2021-07-14,2021-07,-1,0,,453665|246|2021-07-27,-0.2986769959602418,-0.6733664230633328
454818,246,2021-07-27,2021-08-08,13,control,0,0.007638136,0,dept_246_closure_2021-07-27,2021-07-14,2021-07,-1,0,,454818|246|2021-07-27,-0.30014183696024177,-0.6733664230633328
454884,246,2021-07-27,2021-08-08,13,control,0,0.002269149,0,dept_246_closure_2021-07-27,2021-07-14,2021-07,-1,0,,454884|246|2021-07-27,-0.30551082396024176,-0.6733664230633328
455289,246,2021-07-27,2021-08-08,13,control,0,0.028846227,0,dept_246_closure_2021-07-27,2021-07-14,2021-07,-1,0,,455289|246|2021-07-27,-0.2789337459602418,-0.6733664230633328
456094,246,2021-07-27,2021-08-08,13,control,0,0.18711595,0,dept_246_closure_2021-07-27,2021-07-14,2021-07,-1,0,,456094|246|2021-07-27,-0.12066402296024178,-0.6733664230633328
458984,246,2021-07-27,2021-08-08,13,control,0,0.9810481,1,dept_246_closure_2021-07-27,2021-07-14,2021-07,-1,0,0.6666666666666666,458984|246|2021-07-27,0.6732681270397582,-0.6733664230633328
459841,246,2021-07-27,2021-08-08,13,control,0,0.0005614279,0,dept_246_closure_2021-07-27,2021-07-14,2021-07,-1,0,,459841|246|2021-07-27,-0.30721854506024177,-0.6733664230633328
461467,246,2021-07-27,2021-08-08,13,control,0,0.009364551,0,dept_246_closure_2021-07-27,2021-07-14,2021-07,-1,0,,461467|246|2021-07-27,-0.2984154219602418,-0.6733664230633328
461932,246,2021-07-27,2021-08-08,13,control,0,0.09253036,0,dept_246_closure_2021-07-27,2021-07-14,2021-07,-1,0,,461932|246|2021-07-27,-0.21524961296024178,-0.6733664230633328
468637,246,2021-07-27,2021-08-08,13,control,0,0.0082636215,0,dept_246_closure_2021-07-27,2021-07-14,2021-07,-1,0,,468637|246|2021-07-27,-0.2995163514602418,-0.6733664230633328
468990,246,2021-07-27,2021-08-08,13,control,0,0.0036695665,0,dept_246_closure_2021-07-27,2021-07-14,2021-07,-1,0,,468990|246|2021-07-27,-0.3041104064602418,-0.6733664230633328
470518,246,2021-07-27,2021-08-08,13,control,0,0.322585,0,dept_246_closure_2021-07-27,2021-07-14,2021-07,-1,0,,470518|246|2021-07-27,0.014805027039758223,-0.6733664230633328
470834,246,2021-07-27,2021-08-08,13,control,0,0.000823228,0,dept_246_closure_2021-07-27,2021-07-14,2021-07,-1,0,,470834|246|2021-07-27,-0.3069567449602418,-0.6733664230633328
476923,246,2021-07-27,2021-08-08,13,control,0,0.03176959,0,dept_246_closure_2021-07-27,2021-07-14,2021-07,-1,0,1.0,476923|246|2021-07-27,-0.2760103829602418,-0.6733664230633328
477028,246,2021-07-27,2021-08-08,13,control,0,0.042944282,0,dept_246_closure_2021-07-27,2021-07-14,2021-07,-1,0,,477028|246|2021-07-27,-0.2648356909602418,-0.6733664230633328
480298,246,2021-07-27,2021-08-08,13,treatment,1,0.13048448,0,dept_246_closure_2021-07-27,2021-07-14,2021-07,-1,0,,480298|246|2021-07-27,-0.17729549296024177,-0.6733664230633328
480324,246,2021-07-27,2021-08-08,13,control,0,0.46218455,0,dept_246_closure_2021-07-27,2021-07-14,2021-07,-1,0,1.0,480324|246|2021-07-27,0.15440457703975824,-0.6733664230633328
484536,246,2021-07-27,2021-08-08,13,control,0,0.01640969,0,dept_246_closure_2021-07-27,2021-07-14,2021-07,-1,0,,484536|246|2021-07-27,-0.2913702829602418,-0.6733664230633328
491245,246,2021-07-27,2021-08-08,13,treatment,1,0.40913373,0,dept_246_closure_2021-07-27,2021-07-14,2021-07,-1,0,,491245|246|2021-07-27,0.10135375703975819,-0.6733664230633328
495255,246,2021-07-27,2021-08-08,13,control,0,0.5636729,1,dept_246_closure_2021-07-27,2021-07-14,2021-07,-1,0,,495255|246|2021-07-27,0.25589292703975824,-0.6733664230633328
495653,246,2021-07-27,2021-08-08,13,control,0,0.01161271,0,dept_246_closure_2021-07-27,2021-07-14,2021-07,-1,0,,495653|246|2021-07-27,-0.29616726296024176,-0.6733664230633328
500432,246,2021-07-27,2021-08-08,13,treatment,1,0.0071476568,0,dept_246_closure_2021-07-27,2021-07-14,2021-07,-1,0,,500432|246|2021-07-27,-0.3006323161602418,-0.6733664230633328
501027,246,2021-07-27,2021-08-08,13,control,0,0.07780795,0,dept_246_closure_2021-07-27,2021-07-14,2021-07,-1,0,0.0,501027|246|2021-07-27,-0.22997202296024177,-0.6733664230633328
501671,246,2021-07-27,2021-08-08,13,control,0,0.006003442,0,dept_246_closure_2021-07-27,2021-07-14,2021-07,-1,0,,501671|246|2021-07-27,-0.30177653096024176,-0.6733664230633328
505404,246,2021-07-27,2021-08-08,13,control,0,0.0010926963,0,dept_246_closure_2021-07-27,2021-07-14,2021-07,-1,0,,505404|246|2021-07-27,-0.3066872766602418,-0.6733664230633328
507059,246,2021-07-27,2021-08-08,13,control,0,0.038536042,0,dept_246_closure_2021-07-27,2021-07-14,2021-07,-1,0,,507059|246|2021-07-27,-0.2692439309602418,-0.6733664230633328
515135,246,2021-07-27,2021-08-08,13,control,0,0.77358234,1,dept_246_closure_2021-07-27,2021-07-14,2021-07,-1,0,0.0,515135|246|2021-07-27,0.46580236703975825,-0.6733664230633328
516387,246,2021-07-27,2021-08-08,13,control,0,0.54751676,1,dept_246_closure_2021-07-27,2021-07-14,2021-07,-1,0,,516387|246|2021-07-27,0.23973678703975826,-0.6733664230633328
516947,246,2021-07-27,2021-08-08,13,control,0,0.0024468016,0,dept_246_closure_2021-07-27,2021-07-14,2021-07,-1,0,,516947|246|2021-07-27,-0.3053331713602418,-0.6733664230633328
518073,246,2021-07-27,2021-08-08,13,control,0,0.0034049528,0,dept_246_closure_2021-07-27,2021-07-14,2021-07,-1,0,,518073|246|2021-07-27,-0.30437502016024176,-0.6733664230633328
522473,246,2021-07-27,2021-08-08,13,control,0,0.006477041,0,dept_246_closure_2021-07-27,2021-07-14,2021-07,-1,0,,522473|246|2021-07-27,-0.30130293196024177,-0.6733664230633328
522888,246,2021-07-27,2021-08-08,13,control,0,0.46438572,0,dept_246_closure_2021-07-27,2021-07-14,2021-07,-1,0,0.0,522888|246|2021-07-27,0.15660574703975821,-0.6733664230633328
523756,246,2021-07-27,2021-08-08,13,control,0,0.08249825,0,dept_246_closure_2021-07-27,2021-07-14,2021-07,-1,0,,523756|246|2021-07-27,-0.2252817229602418,-0.6733664230633328
524242,246,2021-07-27,2021-08-08,13,control,0,0.24817444,0,dept_246_closure_2021-07-27,2021-07-14,2021-07,-1,0,0.0,524242|246|2021-07-27,-0.05960553296024179,-0.6733664230633328
525088,246,2021-07-27,2021-08-08,13,control,0,0.010470928,0,dept_246_closure_2021-07-27,2021-07-14,2021-07,-1,0,,525088|246|2021-07-27,-0.2973090449602418,-0.6733664230633328
525089,246,2021-07-27,2021-08-08,13,control,0,0.3218755,0,dept_246_closure_2021-07-27,2021-07-14,2021-07,-1,0,,525089|246|2021-07-27,0.014095527039758193,-0.6733664230633328
526993,246,2021-07-27,2021-08-08,13,control,0,0.041271646,0,dept_246_closure_2021-07-27,2021-07-14,2021-07,-1,0,,526993|246|2021-07-27,-0.2665083269602418,-0.6733664230633328
527214,246,2021-07-27,2021-08-08,13,control,0,0.31292325,0,dept_246_closure_2021-07-27,2021-07-14,2021-07,-1,0,0.0,527214|246|2021-07-27,0.005143277039758198,-0.6733664230633328
527928,246,2021-07-27,2021-08-08,13,control,0,0.005893473,0,dept_246_closure_2021-07-27,2021-07-14,2021-07,-1,0,,527928|246|2021-07-27,-0.3018864999602418,-0.6733664230633328
529562,246,2021-07-27,2021-08-08,13,control,0,0.17627233,0,dept_246_closure_2021-07-27,2021-07-14,2021-07,-1,0,,529562|246|2021-07-27,-0.13150764296024178,-0.6733664230633328
531816,246,2021-07-27,2021-08-08,13,control,0,0.52069277,1,dept_246_closure_2021-07-27,2021-07-14,2021-07,-1,0,,531816|246|2021-07-27,0.21291279703975824,-0.6733664230633328
534802,246,2021-07-27,2021-08-08,13,control,0,0.017343024,0,dept_246_closure_2021-07-27,2021-07-14,2021-07,-1,0,,534802|246|2021-07-27,-0.2904369489602418,-0.6733664230633328
535612,246,2021-07-27,2021-08-08,13,control,0,0.00053973676,0,dept_246_closure_2021-07-27,2021-07-14,2021-07,-1,0,,535612|246|2021-07-27,-0.30724023620024177,-0.6733664230633328
536411,246,2021-07-27,2021-08-08,13,control,0,0.050159402,0,dept_246_closure_2021-07-27,2021-07-14,2021-07,-1,0,,536411|246|2021-07-27,-0.25762057096024177,-0.6733664230633328
537954,246,2021-07-27,2021-08-08,13,control,0,0.16031921,0,dept_246_closure_2021-07-27,2021-07-14,2021-07,-1,0,,537954|246|2021-07-27,-0.1474607629602418,-0.6733664230633328
538089,246,2021-07-27,2021-08-08,13,control,0,0.13539918,0,dept_246_closure_2021-07-27,2021-07-14,2021-07,-1,0,,538089|246|2021-07-27,-0.17238079296024178,-0.6733664230633328
542794,246,2021-07-27,2021-08-08,13,control,0,0.5084093,1,dept_246_closure_2021-07-27,2021-07-14,2021-07,-1,0,0.5,542794|246|2021-07-27,0.20062932703975817,-0.6733664230633328
543055,246,2021-07-27,2021-08-08,13,control,0,0.0135525465,0,dept_246_closure_2021-07-27,2021-07-14,2021-07,-1,0,,543055|246|2021-07-27,-0.2942274264602418,-0.6733664230633328
543648,246,2021-07-27,2021-08-08,13,control,0,0.0039488655,0,dept_246_closure_2021-07-27,2021-07-14,2021-07,-1,0,,543648|246|2021-07-27,-0.3038311074602418,-0.6733664230633328
545023,246,2021-07-27,2021-08-08,13,control,0,0.009715581,0,dept_246_closure_2021-07-27,2021-07-14,2021-07,-1,0,,545023|246|2021-07-27,-0.2980643919602418,-0.6733664230633328
545692,246,2021-07-27,2021-08-08,13,control,0,0.0008134581,0,dept_246_closure_2021-07-27,2021-07-14,2021-07,-1,0,,545692|246|2021-07-27,-0.3069665148602418,-0.6733664230633328
545694,246,2021-07-27,2021-08-08,13,control,0,0.0005715896,0,dept_246_closure_2021-07-27,2021-07-14,2021-07,-1,0,,545694|246|2021-07-27,-0.3072083833602418,-0.6733664230633328
545758,246,2021-07-27,2021-08-08,13,control,0,0.71061146,1,dept_246_closure_2021-07-27,2021-07-14,2021-07,-1,0,,545758|246|2021-07-27,0.4028314870397582,-0.6733664230633328
546891,246,2021-07-27,2021-08-08,13,control,0,0.07180334,0,dept_246_closure_2021-07-27,2021-07-14,2021-07,-1,0,,546891|246|2021-07-27,-0.2359766329602418,-0.6733664230633328
548191,246,2021-07-27,2021-08-08,13,control,0,0.24172111,0,dept_246_closure_2021-07-27,2021-07-14,2021-07,-1,0,1.0,548191|246|2021-07-27,-0.0660588629602418,-0.6733664230633328
549711,246,2021-07-27,2021-08-08,13,treatment,1,0.0021731849,0,dept_246_closure_2021-07-27,2021-07-14,2021-07,-1,0,,549711|246|2021-07-27,-0.3056067880602418,-0.6733664230633328
553155,246,2021-07-27,2021-08-08,13,control,0,0.83945435,1,dept_246_closure_2021-07-27,2021-07-14,2021-07,-1,0,1.0,553155|246|2021-07-27,0.5316743770397583,-0.6733664230633328
553525,246,2021-07-27,2021-08-08,13,control,0,0.008986299,0,dept_246_closure_2021-07-27,2021-07-14,2021-07,-1,0,,553525|246|2021-07-27,-0.2987936739602418,-0.6733664230633328
555770,246,2021-07-27,2021-08-08,13,treatment,1,0.010941439,0,dept_246_closure_2021-07-27,2021-07-14,2021-07,-1,0,,555770|246|2021-07-27,-0.2968385339602418,-0.6733664230633328
555771,246,2021-07-27,2021-08-08,13,treatment,1,0.0842387,0,dept_246_closure_2021-07-27,2021-07-14,2021-07,-1,0,0.3333333333333333,555771|246|2021-07-27,-0.2235412729602418,-0.6733664230633328
555774,246,2021-07-27,2021-08-08,13,treatment,1,0.008043327,0,dept_246_closure_2021-07-27,2021-07-14,2021-07,-1,0,,555774|246|2021-07-27,-0.2997366459602418,-0.6733664230633328
555775,246,2021-07-27,2021-08-08,13,treatment,1,0.08296541,0,dept_246_closure_2021-07-27,2021-07-14,2021-07,-1,0,,555775|246|2021-07-27,-0.22481456296024177,-0.6733664230633328
555779,246,2021-07-27,2021-08-08,13,treatment,1,0.0014057029,0,dept_246_closure_2021-07-27,2021-07-14,2021-07,-1,0,,555779|246|2021-07-27,-0.30637427006024176,-0.6733664230633328
555783,246,2021-07-27,2021-08-08,13,treatment,1,0.013152651,0,dept_246_closure_2021-07-27,2021-07-14,2021-07,-1,0,,555783|246|2021-07-27,-0.2946273219602418,-0.6733664230633328
555790,246,2021-07-27,2021-08-08,13,treatment,1,0.015164689,0,dept_246_closure_2021-07-27,2021-07-14,2021-07,-1,0,,555790|246|2021-07-27,-0.2926152839602418,-0.6733664230633328
557816,246,2021-07-27,2021-08-08,13,control,0,0.21749215,0,dept_246_closure_2021-07-27,2021-07-14,2021-07,-1,0,0.5,557816|246|2021-07-27,-0.09028782296024179,-0.6733664230633328
559337,246,2021-07-27,2021-08-08,13,control,0,0.17666233,0,dept_246_closure_2021-07-27,2021-07-14,2021-07,-1,0,,559337|246|2021-07-27,-0.13111764296024178,-0.6733664230633328
559408,246,2021-07-27,2021-08-08,13,control,0,0.018768283,0,dept_246_closure_2021-07-27,2021-07-14,2021-07,-1,0,,559408|246|2021-07-27,-0.2890116899602418,-0.6733664230633328
559409,246,2021-07-27,2021-08-08,13,control,0,0.96728253,1,dept_246_closure_2021-07-27,2021-07-14,2021-07,-1,0,,559409|246|2021-07-27,0.6595025570397581,-0.6733664230633328
561590,246,2021-07-27,2021-08-08,13,control,0,0.128723,0,dept_246_closure_2021-07-27,2021-07-14,2021-07,-1,0,,561590|246|2021-07-27,-0.17905697296024178,-0.6733664230633328
563019,246,2021-07-27,2021-08-08,13,control,0,0.009029443,0,dept_246_closure_2021-07-27,2021-07-14,2021-07,-1,0,0.0,563019|246|2021-07-27,-0.29875052996024176,-0.6733664230633328
564033,246,2021-07-27,2021-08-08,13,control,0,0.13902798,0,dept_246_closure_2021-07-27,2021-07-14,2021-07,-1,0,1.0,564033|246|2021-07-27,-0.1687519929602418,-0.6733664230633328
567531,246,2021-07-27,2021-08-08,13,control,0,0.053659875,0,dept_246_closure_2021-07-27,2021-07-14,2021-07,-1,0,,567531|246|2021-07-27,-0.25412009796024176,-0.6733664230633328
568304,246,2021-07-27,2021-08-08,13,control,0,0.18506885,0,dept_246_closure_2021-07-27,2021-07-14,2021-07,-1,0,1.0,568304|246|2021-07-27,-0.12271112296024178,-0.6733664230633328
568710,246,2021-07-27,2021-08-08,13,control,0,0.05581417,0,dept_246_closure_2021-07-27,2021-07-14,2021-07,-1,0,1.0,568710|246|2021-07-27,-0.2519658029602418,-0.6733664230633328
568717,246,2021-07-27,2021-08-08,13,control,0,0.19861202,0,dept_246_closure_2021-07-27,2021-07-14,2021-07,-1,0,1.0,568717|246|2021-07-27,-0.10916795296024179,-0.6733664230633328
569171,246,2021-07-27,2021-08-08,13,control,0,0.7194902,1,dept_246_closure_2021-07-27,2021-07-14,2021-07,-1,0,,569171|246|2021-07-27,0.4117102270397582,-0.6733664230633328
569243,246,2021-07-27,2021-08-08,13,control,0,0.30488983,0,dept_246_closure_2021-07-27,2021-07-14,2021-07,-1,0,0.0,569243|246|2021-07-27,-0.002890142960241815,-0.6733664230633328
572425,246,2021-07-27,2021-08-08,13,control,0,0.5277754,1,dept_246_closure_2021-07-27,2021-07-14,2021-07,-1,0,,572425|246|2021-07-27,0.21999542703975822,-0.6733664230633328
574110,246,2021-07-27,2021-08-08,13,control,0,0.0024425895,0,dept_246_closure_2021-07-27,2021-07-14,2021-07,-1,0,,574110|246|2021-07-27,-0.3053373834602418,-0.6733664230633328
576316,246,2021-07-27,2021-08-08,13,control,0,0.18185039,0,dept_246_closure_2021-07-27,2021-07-14,2021-07,-1,0,1.0,576316|246|2021-07-27,-0.1259295829602418,-0.6733664230633328
578943,246,2021-07-27,2021-08-08,13,control,0,0.7836015,1,dept_246_closure_2021-07-27,2021-07-14,2021-07,-1,0,1.0,578943|246|2021-07-27,0.47582152703975816,-0.6733664230633328
579360,246,2021-07-27,2021-08-08,13,control,0,0.16620348,0,dept_246_closure_2021-07-27,2021-07-14,2021-07,-1,0,,579360|246|2021-07-27,-0.1415764929602418,-0.6733664230633328
579361,246,2021-07-27,2021-08-08,13,control,0,0.80165404,1,dept_246_closure_2021-07-27,2021-07-14,2021-07,-1,0,,579361|246|2021-07-27,0.49387406703975817,-0.6733664230633328
581177,246,2021-07-27,2021-08-08,13,control,0,0.0018570615,0,dept_246_closure_2021-07-27,2021-07-14,2021-07,-1,0,,581177|246|2021-07-27,-0.3059229114602418,-0.6733664230633328
583595,246,2021-07-27,2021-08-08,13,control,0,0.00058975234,0,dept_246_closure_2021-07-27,2021-07-14,2021-07,-1,0,,583595|246|2021-07-27,-0.30719022062024176,-0.6733664230633328
585739,246,2021-07-27,2021-08-08,13,control,0,0.0023803557,0,dept_246_closure_2021-07-27,2021-07-14,2021-07,-1,0,,585739|246|2021-07-27,-0.3053996172602418,-0.6733664230633328
588443,246,2021-07-27,2021-08-08,13,control,0,0.069057114,0,dept_246_closure_2021-07-27,2021-07-14,2021-07,-1,0,1.0,588443|246|2021-07-27,-0.23872285896024178,-0.6733664230633328
595167,246,2021-07-27,2021-08-08,13,control,0,0.058140654,0,dept_246_closure_2021-07-27,2021-07-14,2021-07,-1,0,1.0,595167|246|2021-07-27,-0.24963931896024177,-0.6733664230633328
596009,246,2021-07-27,2021-08-08,13,control,0,0.00039956646,0,dept_246_closure_2021-07-27,2021-07-14,2021-07,-1,0,,596009|246|2021-07-27,-0.3073804065002418,-0.6733664230633328
596472,246,2021-07-27,2021-08-08,13,control,0,0.38928533,0,dept_246_closure_2021-07-27,2021-07-14,2021-07,-1,0,,596472|246|2021-07-27,0.0815053570397582,-0.6733664230633328
597124,246,2021-07-27,2021-08-08,13,control,0,0.0056995642,0,dept_246_closure_2021-07-27,2021-07-14,2021-07,-1,0,,597124|246|2021-07-27,-0.3020804087602418,-0.6733664230633328
597426,246,2021-07-27,2021-08-08,13,control,0,0.24039146,0,dept_246_closure_2021-07-27,2021-07-14,2021-07,-1,0,,597426|246|2021-07-27,-0.06738851296024179,-0.6733664230633328
597841,246,2021-07-27,2021-08-08,13,control,0,0.6473513,1,dept_246_closure_2021-07-27,2021-07-14,2021-07,-1,0,,597841|246|2021-07-27,0.3395713270397582,-0.6733664230633328
597844,246,2021-07-27,2021-08-08,13,control,0,0.6792706,1,dept_246_closure_2021-07-27,2021-07-14,2021-07,-1,0,,597844|246|2021-07-27,0.37149062703975816,-0.6733664230633328
599014,246,2021-07-27,2021-08-08,13,control,0,0.9615126,1,dept_246_closure_2021-07-27,2021-07-14,2021-07,-1,0,0.5,599014|246|2021-07-27,0.6537326270397583,-0.6733664230633328
600093,246,2021-07-27,2021-08-08,13,treatment,1,0.001949751,0,dept_246_closure_2021-07-27,2021-07-14,2021-07,-1,0,,600093|246|2021-07-27,-0.3058302219602418,-0.6733664230633328
600236,246,2021-07-27,2021-08-08,13,treatment,1,0.008690901,0,dept_246_closure_2021-07-27,2021-07-14,2021-07,-1,0,,600236|246|2021-07-27,-0.2990890719602418,-0.6733664230633328
600802,246,2021-07-27,2021-08-08,13,control,0,0.025362764,0,dept_246_closure_2021-07-27,2021-07-14,2021-07,-1,0,,600802|246|2021-07-27,-0.2824172089602418,-0.6733664230633328
602120,246,2021-07-27,2021-08-08,13,control,0,0.097351424,0,dept_246_closure_2021-07-27,2021-07-14,2021-07,-1,0,,602120|246|2021-07-27,-0.21042854896024177,-0.6733664230633328
602124,246,2021-07-27,2021-08-08,13,control,0,0.11309978,0,dept_246_closure_2021-07-27,2021-07-14,2021-07,-1,0,,602124|246|2021-07-27,-0.1946801929602418,-0.6733664230633328
602125,246,2021-07-27,2021-08-08,13,control,0,0.028593527,0,dept_246_closure_2021-07-27,2021-07-14,2021-07,-1,0,,602125|246|2021-07-27,-0.2791864459602418,-0.6733664230633328
603013,246,2021-07-27,2021-08-08,13,control,0,0.39335406,0,dept_246_closure_2021-07-27,2021-07-14,2021-07,-1,0,1.0,603013|246|2021-07-27,0.08557408703975822,-0.6733664230633328
604432,246,2021-07-27,2021-08-08,13,control,0,0.0038901225,0,dept_246_closure_2021-07-27,2021-07-14,2021-07,-1,0,,604432|246|2021-07-27,-0.3038898504602418,-0.6733664230633328
613493,246,2021-07-27,2021-08-08,13,control,0,0.48033825,0,dept_246_closure_2021-07-27,2021-07-14,2021-07,-1,0,0.0,613493|246|2021-07-27,0.17255827703975823,-0.6733664230633328
613860,246,2021-07-27,2021-08-08,13,control,0,0.0053632376,0,dept_246_closure_2021-07-27,2021-07-14,2021-07,-1,0,,613860|246|2021-07-27,-0.3024167353602418,-0.6733664230633328
614813,246,2021-07-27,2021-08-08,13,control,0,0.72239745,1,dept_246_closure_2021-07-27,2021-07-14,2021-07,-1,0,,614813|246|2021-07-27,0.4146174770397582,-0.6733664230633328
615015,246,2021-07-27,2021-08-08,13,control,0,0.053707235,0,dept_246_closure_2021-07-27,2021-07-14,2021-07,-1,0,,615015|246|2021-07-27,-0.25407273796024177,-0.6733664230633328
618999,246,2021-07-27,2021-08-08,13,control,0,0.15502954,0,dept_246_closure_2021-07-27,2021-07-14,2021-07,-1,0,0.0,618999|246|2021-07-27,-0.1527504329602418,-0.6733664230633328
620766,246,2021-07-27,2021-08-08,13,control,0,0.00068438525,0,dept_246_closure_2021-07-27,2021-07-14,2021-07,-1,0,,620766|246|2021-07-27,-0.3070955877102418,-0.6733664230633328
621023,246,2021-07-27,2021-08-08,13,control,0,0.0061639016,0,dept_246_closure_2021-07-27,2021-07-14,2021-07,-1,0,,621023|246|2021-07-27,-0.30161607136024177,-0.6733664230633328
621722,246,2021-07-27,2021-08-08,13,control,0,0.71391684,1,dept_246_closure_2021-07-27,2021-07-14,2021-07,-1,0,0.0,621722|246|2021-07-27,0.4061368670397582,-0.6733664230633328
623783,246,2021-07-27,2021-08-08,13,control,0,0.9951931,1,dept_246_closure_2021-07-27,2021-07-14,2021-07,-1,0,0.0,623783|246|2021-07-27,0.6874131270397583,-0.6733664230633328
623805,246,2021-07-27,2021-08-08,13,control,0,0.06917468,0,dept_246_closure_2021-07-27,2021-07-14,2021-07,-1,0,,623805|246|2021-07-27,-0.2386052929602418,-0.6733664230633328
623808,246,2021-07-27,2021-08-08,13,control,0,0.9979461,1,dept_246_closure_2021-07-27,2021-07-14,2021-07,-1,0,0.5,623808|246|2021-07-27,0.6901661270397581,-0.6733664230633328
624145,246,2021-07-27,2021-08-08,13,control,0,0.35900682,0,dept_246_closure_2021-07-27,2021-07-14,2021-07,-1,0,0.5,624145|246|2021-07-27,0.051226847039758217,-0.6733664230633328
625679,246,2021-07-27,2021-08-08,13,control,0,0.0054499777,0,dept_246_closure_2021-07-27,2021-07-14,2021-07,-1,0,,625679|246|2021-07-27,-0.3023299952602418,-0.6733664230633328
625795,246,2021-07-27,2021-08-08,13,control,0,0.0064810133,0,dept_246_closure_2021-07-27,2021-07-14,2021-07,-1,0,,625795|246|2021-07-27,-0.3012989596602418,-0.6733664230633328
626528,246,2021-07-27,2021-08-08,13,control,0,0.012384835,0,dept_246_closure_2021-07-27,2021-07-14,2021-07,-1,0,,626528|246|2021-07-27,-0.2953951379602418,-0.6733664230633328
628437,246,2021-07-27,2021-08-08,13,control,0,0.15738243,0,dept_246_closure_2021-07-27,2021-07-14,2021-07,-1,0,,628437|246|2021-07-27,-0.1503975429602418,-0.6733664230633328
629037,246,2021-07-27,2021-08-08,13,control,0,0.0024090034,0,dept_246_closure_2021-07-27,2021-07-14,2021-07,-1,0,,629037|246|2021-07-27,-0.3053709695602418,-0.6733664230633328
629038,246,2021-07-27,2021-08-08,13,treatment,1,0.24013825,0,dept_246_closure_2021-07-27,2021-07-14,2021-07,-1,0,,629038|246|2021-07-27,-0.06764172296024179,-0.6733664230633328
631459,246,2021-07-27,2021-08-08,13,control,0,0.0044175265,0,dept_246_closure_2021-07-27,2021-07-14,2021-07,-1,0,,631459|246|2021-07-27,-0.3033624464602418,-0.6733664230633328
632759,246,2021-07-27,2021-08-08,13,control,0,0.010952859,0,dept_246_closure_2021-07-27,2021-07-14,2021-07,-1,0,,632759|246|2021-07-27,-0.2968271139602418,-0.6733664230633328
633009,246,2021-07-27,2021-08-08,13,control,0,0.56572896,1,dept_246_closure_2021-07-27,2021-07-14,2021-07,-1,0,0.0,633009|246|2021-07-27,0.25794898703975816,-0.6733664230633328
633063,246,2021-07-27,2021-08-08,13,control,0,0.106019765,0,dept_246_closure_2021-07-27,2021-07-14,2021-07,-1,0,1.0,633063|246|2021-07-27,-0.2017602079602418,-0.6733664230633328
635749,246,2021-07-27,2021-08-08,13,control,0,0.8945807,1,dept_246_closure_2021-07-27,2021-07-14,2021-07,-1,0,0.25,635749|246|2021-07-27,0.5868007270397582,-0.6733664230633328
636407,246,2021-07-27,2021-08-08,13,control,0,0.09816488,0,dept_246_closure_2021-07-27,2021-07-14,2021-07,-1,0,,636407|246|2021-07-27,-0.20961509296024178,-0.6733664230633328
636923,246,2021-07-27,2021-08-08,13,control,0,0.8665299,1,dept_246_closure_2021-07-27,2021-07-14,2021-07,-1,0,,636923|246|2021-07-27,0.5587499270397582,-0.6733664230633328
636924,246,2021-07-27,2021-08-08,13,control,0,0.3707417,0,dept_246_closure_2021-07-27,2021-07-14,2021-07,-1,0,0.0,636924|246|2021-07-27,0.06296172703975822,-0.6733664230633328
639796,246,2021-07-27,2021-08-08,13,control,0,0.008453769,0,dept_246_closure_2021-07-27,2021-07-14,2021-07,-1,0,,639796|246|2021-07-27,-0.2993262039602418,-0.6733664230633328
644136,246,2021-07-27,2021-08-08,13,treatment,1,0.0034987608,0,dept_246_closure_2021-07-27,2021-07-14,2021-07,-1,0,,644136|246|2021-07-27,-0.3042812121602418,-0.6733664230633328
646267,246,2021-07-27,2021-08-08,13,control,0,0.22053812,0,dept_246_closure_2021-07-27,2021-07-14,2021-07,-1,0,,646267|246|2021-07-27,-0.08724185296024178,-0.6733664230633328
647544,246,2021-07-27,2021-08-08,13,control,0,0.38944682,0,dept_246_closure_2021-07-27,2021-07-14,2021-07,-1,0,,647544|246|2021-07-27,0.08166684703975824,-0.6733664230633328
649523,246,2021-07-27,2021-08-08,13,control,0,0.008285319,0,dept_246_closure_2021-07-27,2021-07-14,2021-07,-1,0,,649523|246|2021-07-27,-0.2994946539602418,-0.6733664230633328
650314,246,2021-07-27,2021-08-08,13,control,0,0.041649476,0,dept_246_closure_2021-07-27,2021-07-14,2021-07,-1,0,,650314|246|2021-07-27,-0.26613049696024177,-0.6733664230633328
650497,246,2021-07-27,2021-08-08,13,control,0,0.01220301,0,dept_246_closure_2021-07-27,2021-07-14,2021-07,-1,0,,650497|246|2021-07-27,-0.2955769629602418,-0.6733664230633328
650796,246,2021-07-27,2021-08-08,13,control,0,0.113514744,0,dept_246_closure_2021-07-27,2021-07-14,2021-07,-1,0,0.0,650796|246|2021-07-27,-0.1942652289602418,-0.6733664230633328
651898,246,2021-07-27,2021-08-08,13,control,0,0.9841733,1,dept_246_closure_2021-07-27,2021-07-14,2021-07,-1,0,0.0,651898|246|2021-07-27,0.6763933270397582,-0.6733664230633328
653494,246,2021-07-27,2021-08-08,13,control,0,0.19648695,0,dept_246_closure_2021-07-27,2021-07-14,2021-07,-1,0,,653494|246|2021-07-27,-0.1112930229602418,-0.6733664230633328
654396,246,2021-07-27,2021-08-08,13,control,0,0.018824542,0,dept_246_closure_2021-07-27,2021-07-14,2021-07,-1,0,,654396|246|2021-07-27,-0.2889554309602418,-0.6733664230633328
654539,246,2021-07-27,2021-08-08,13,control,0,0.91421753,1,dept_246_closure_2021-07-27,2021-07-14,2021-07,-1,0,,654539|246|2021-07-27,0.6064375570397582,-0.6733664230633328
655632,246,2021-07-27,2021-08-08,13,control,0,0.44265658,0,dept_246_closure_2021-07-27,2021-07-14,2021-07,-1,0,,655632|246|2021-07-27,0.13487660703975823,-0.6733664230633328
655906,246,2021-07-27,2021-08-08,13,control,0,0.6456241,1,dept_246_closure_2021-07-27,2021-07-14,2021-07,-1,0,,655906|246|2021-07-27,0.33784412703975825,-0.6733664230633328
655994,246,2021-07-27,2021-08-08,13,control,0,0.88607514,1,dept_246_closure_2021-07-27,2021-07-14,2021-07,-1,0,1.0,655994|246|2021-07-27,0.5782951670397583,-0.6733664230633328
656172,246,2021-07-27,2021-08-08,13,treatment,1,0.003492452,0,dept_246_closure_2021-07-27,2021-07-14,2021-07,-1,0,,656172|246|2021-07-27,-0.3042875209602418,-0.6733664230633328
657354,246,2021-07-27,2021-08-08,13,control,0,0.6226758,1,dept_246_closure_2021-07-27,2021-07-14,2021-07,-1,0,,657354|246|2021-07-27,0.3148958270397582,-0.6733664230633328
657355,246,2021-07-27,2021-08-08,13,control,0,0.32611358,0,dept_246_closure_2021-07-27,2021-07-14,2021-07,-1,0,0.0,657355|246|2021-07-27,0.018333607039758226,-0.6733664230633328
657356,246,2021-07-27,2021-08-08,13,control,0,0.0070038517,0,dept_246_closure_2021-07-27,2021-07-14,2021-07,-1,0,,657356|246|2021-07-27,-0.3007761212602418,-0.6733664230633328
657358,246,2021-07-27,2021-08-08,13,control,0,0.13658209,0,dept_246_closure_2021-07-27,2021-07-14,2021-07,-1,0,1.0,657358|246|2021-07-27,-0.1711978829602418,-0.6733664230633328
664460,246,2021-07-27,2021-08-08,13,control,0,0.22899963,0,dept_246_closure_2021-07-27,2021-07-14,2021-07,-1,0,,664460|246|2021-07-27,-0.07878034296024178,-0.6733664230633328
664767,246,2021-07-27,2021-08-08,13,control,0,0.007248521,0,dept_246_closure_2021-07-27,2021-07-14,2021-07,-1,0,,664767|246|2021-07-27,-0.3005314519602418,-0.6733664230633328
665519,246,2021-07-27,2021-08-08,13,control,0,0.94379646,1,dept_246_closure_2021-07-27,2021-07-14,2021-07,-1,0,0.0,665519|246|2021-07-27,0.6360164870397582,-0.6733664230633328
665571,246,2021-07-27,2021-08-08,13,control,0,0.0016495719,0,dept_246_closure_2021-07-27,2021-07-14,2021-07,-1,0,,665571|246|2021-07-27,-0.3061304010602418,-0.6733664230633328
666122,246,2021-07-27,2021-08-08,13,control,0,0.046844617,0,dept_246_closure_2021-07-27,2021-07-14,2021-07,-1,0,,666122|246|2021-07-27,-0.2609353559602418,-0.6733664230633328
667695,246,2021-07-27,2021-08-08,13,control,0,0.08032639,0,dept_246_closure_2021-07-27,2021-07-14,2021-07,-1,0,,667695|246|2021-07-27,-0.2274535829602418,-0.6733664230633328
668096,246,2021-07-27,2021-08-08,13,control,0,0.0022502174,0,dept_246_closure_2021-07-27,2021-07-14,2021-07,-1,0,,668096|246|2021-07-27,-0.3055297555602418,-0.6733664230633328
669146,246,2021-07-27,2021-08-08,13,control,0,0.01265297,0,dept_246_closure_2021-07-27,2021-07-14,2021-07,-1,0,,669146|246|2021-07-27,-0.2951270029602418,-0.6733664230633328
669519,246,2021-07-27,2021-08-08,13,control,0,0.0022082943,0,dept_246_closure_2021-07-27,2021-07-14,2021-07,-1,0,,669519|246|2021-07-27,-0.30557167866024176,-0.6733664230633328
671187,246,2021-07-27,2021-08-08,13,control,0,0.14804843,0,dept_246_closure_2021-07-27,2021-07-14,2021-07,-1,0,,671187|246|2021-07-27,-0.15973154296024178,-0.6733664230633328
672880,246,2021-07-27,2021-08-08,13,control,0,0.3963556,0,dept_246_closure_2021-07-27,2021-07-14,2021-07,-1,0,,672880|246|2021-07-27,0.08857562703975819,-0.6733664230633328
674161,246,2021-07-27,2021-08-08,13,control,0,0.60217315,1,dept_246_closure_2021-07-27,2021-07-14,2021-07,-1,0,,674161|246|2021-07-27,0.29439317703975826,-0.6733664230633328
674724,246,2021-07-27,2021-08-08,13,control,0,0.22715935,0,dept_246_closure_2021-07-27,2021-07-14,2021-07,-1,0,,674724|246|2021-07-27,-0.08062062296024178,-0.6733664230633328
675505,246,2021-07-27,2021-08-08,13,control,0,0.15651003,0,dept_246_closure_2021-07-27,2021-07-14,2021-07,-1,0,,675505|246|2021-07-27,-0.1512699429602418,-0.6733664230633328
676853,246,2021-07-27,2021-08-08,13,control,0,0.004177887,0,dept_246_closure_2021-07-27,2021-07-14,2021-07,-1,0,,676853|246|2021-07-27,-0.3036020859602418,-0.6733664230633328
677645,246,2021-07-27,2021-08-08,13,control,0,0.00460222,0,dept_246_closure_2021-07-27,2021-07-14,2021-07,-1,0,,677645|246|2021-07-27,-0.3031777529602418,-0.6733664230633328
679043,246,2021-07-27,2021-08-08,13,treatment,1,0.007110106,0,dept_246_closure_2021-07-27,2021-07-14,2021-07,-1,0,,679043|246|2021-07-27,-0.3006698669602418,-0.6733664230633328
680050,246,2021-07-27,2021-08-08,13,treatment,1,0.6510753,1,dept_246_closure_2021-07-27,2021-07-14,2021-07,-1,0,,680050|246|2021-07-27,0.34329532703975824,-0.6733664230633328
683521,246,2021-07-27,2021-08-08,13,control,0,0.0039025282,0,dept_246_closure_2021-07-27,2021-07-14,2021-07,-1,0,,683521|246|2021-07-27,-0.3038774447602418,-0.6733664230633328
683684,246,2021-07-27,2021-08-08,13,control,0,0.10428627,0,dept_246_closure_2021-07-27,2021-07-14,2021-07,-1,0,0.0,683684|246|2021-07-27,-0.20349370296024177,-0.6733664230633328
683804,246,2021-07-27,2021-08-08,13,control,0,0.0017932617,0,dept_246_closure_2021-07-27,2021-07-14,2021-07,-1,0,,683804|246|2021-07-27,-0.3059867112602418,-0.6733664230633328
683995,246,2021-07-27,2021-08-08,13,control,0,0.001137196,0,dept_246_closure_2021-07-27,2021-07-14,2021-07,-1,0,,683995|246|2021-07-27,-0.3066427769602418,-0.6733664230633328
684015,246,2021-07-27,2021-08-08,13,control,0,0.8845989,1,dept_246_closure_2021-07-27,2021-07-14,2021-07,-1,0,0.0,684015|246|2021-07-27,0.5768189270397581,-0.6733664230633328
686956,246,2021-07-27,2021-08-08,13,control,0,0.0055859643,0,dept_246_closure_2021-07-27,2021-07-14,2021-07,-1,0,,686956|246|2021-07-27,-0.30219400866024176,-0.6733664230633328
687042,246,2021-07-27,2021-08-08,13,control,0,0.5541338,1,dept_246_closure_2021-07-27,2021-07-14,2021-07,-1,0,,687042|246|2021-07-27,0.24635382703975822,-0.6733664230633328
689237,246,2021-07-27,2021-08-08,13,control,0,0.00090677815,0,dept_246_closure_2021-07-27,2021-07-14,2021-07,-1,0,,689237|246|2021-07-27,-0.3068731948102418,-0.6733664230633328
691273,246,2021-07-27,2021-08-08,13,treatment,1,0.5559356,1,dept_246_closure_2021-07-27,2021-07-14,2021-07,-1,0,,691273|246|2021-07-27,0.2481556270397582,-0.6733664230633328
692401,246,2021-07-27,2021-08-08,13,control,0,0.031257436,0,dept_246_closure_2021-07-27,2021-07-14,2021-07,-1,0,1.0,692401|246|2021-07-27,-0.27652253696024176,-0.6733664230633328
693452,246,2021-07-27,2021-08-08,13,control,0,0.07944487,0,dept_246_closure_2021-07-27,2021-07-14,2021-07,-1,0,0.5,693452|246|2021-07-27,-0.2283351029602418,-0.6733664230633328
695396,246,2021-07-27,2021-08-08,13,control,0,0.59376544,1,dept_246_closure_2021-07-27,2021-07-14,2021-07,-1,0,0.5,695396|246|2021-07-27,0.2859854670397582,-0.6733664230633328
698986,246,2021-07-27,2021-08-08,13,control,0,0.26494306,0,dept_246_closure_2021-07-27,2021-07-14,2021-07,-1,0,1.0,698986|246|2021-07-27,-0.04283691296024178,-0.6733664230633328
699699,246,2021-07-27,2021-08-08,13,treatment,1,0.004846366,0,dept_246_closure_2021-07-27,2021-07-14,2021-07,-1,0,,699699|246|2021-07-27,-0.3029336069602418,-0.6733664230633328
700273,246,2021-07-27,2021-08-08,13,control,0,0.017649118,0,dept_246_closure_2021-07-27,2021-07-14,2021-07,-1,0,,700273|246|2021-07-27,-0.29013085496024177,-0.6733664230633328
700881,246,2021-07-27,2021-08-08,13,control,0,0.026280912,0,dept_246_closure_2021-07-27,2021-07-14,2021-07,-1,0,,700881|246|2021-07-27,-0.2814990609602418,-0.6733664230633328
703568,246,2021-07-27,2021-08-08,13,control,0,0.1636185,0,dept_246_closure_2021-07-27,2021-07-14,2021-07,-1,0,,703568|246|2021-07-27,-0.1441614729602418,-0.6733664230633328
705741,246,2021-07-27,2021-08-08,13,control,0,0.240593,0,dept_246_closure_2021-07-27,2021-07-14,2021-07,-1,0,1.0,705741|246|2021-07-27,-0.06718697296024179,-0.6733664230633328
706055,246,2021-07-27,2021-08-08,13,control,0,0.5146902,1,dept_246_closure_2021-07-27,2021-07-14,2021-07,-1,0,0.0,706055|246|2021-07-27,0.2069102270397582,-0.6733664230633328
706109,246,2021-07-27,2021-08-08,13,control,0,0.007861774,0,dept_246_closure_2021-07-27,2021-07-14,2021-07,-1,0,,706109|246|2021-07-27,-0.2999181989602418,-0.6733664230633328
708207,246,2021-07-27,2021-08-08,13,treatment,1,0.009436967,0,dept_246_closure_2021-07-27,2021-07-14,2021-07,-1,0,,708207|246|2021-07-27,-0.29834300596024177,-0.6733664230633328
710137,246,2021-07-27,2021-08-08,13,control,0,0.069965854,0,dept_246_closure_2021-07-27,2021-07-14,2021-07,-1,0,,710137|246|2021-07-27,-0.2378141189602418,-0.6733664230633328
710677,246,2021-07-27,2021-08-08,13,control,0,0.07248529,0,dept_246_closure_2021-07-27,2021-07-14,2021-07,-1,0,,710677|246|2021-07-27,-0.2352946829602418,-0.6733664230633328
712316,246,2021-07-27,2021-08-08,13,control,0,0.009721992,0,dept_246_closure_2021-07-27,2021-07-14,2021-07,-1,0,,712316|246|2021-07-27,-0.2980579809602418,-0.6733664230633328
713935,246,2021-07-27,2021-08-08,13,control,0,0.7094755,1,dept_246_closure_2021-07-27,2021-07-14,2021-07,-1,0,0.0,713935|246|2021-07-27,0.40169552703975825,-0.6733664230633328
716927,246,2021-07-27,2021-08-08,13,control,0,0.0043204585,0,dept_246_closure_2021-07-27,2021-07-14,2021-07,-1,0,,716927|246|2021-07-27,-0.3034595144602418,-0.6733664230633328
718666,246,2021-07-27,2021-08-08,13,treatment,1,0.003192709,0,dept_246_closure_2021-07-27,2021-07-14,2021-07,-1,0,,718666|246|2021-07-27,-0.30458726396024177,-0.6733664230633328
718772,246,2021-07-27,2021-08-08,13,control,0,0.05517942,0,dept_246_closure_2021-07-27,2021-07-14,2021-07,-1,0,,718772|246|2021-07-27,-0.2526005529602418,-0.6733664230633328
720882,246,2021-07-27,2021-08-08,13,control,0,0.04335409,0,dept_246_closure_2021-07-27,2021-07-14,2021-07,-1,0,,720882|246|2021-07-27,-0.2644258829602418,-0.6733664230633328
727797,246,2021-07-27,2021-08-08,13,treatment,1,0.13561638,0,dept_246_closure_2021-07-27,2021-07-14,2021-07,-1,0,,727797|246|2021-07-27,-0.17216359296024178,-0.6733664230633328
728495,246,2021-07-27,2021-08-08,13,control,0,0.014965183,0,dept_246_closure_2021-07-27,2021-07-14,2021-07,-1,0,,728495|246|2021-07-27,-0.2928147899602418,-0.6733664230633328
729236,246,2021-07-27,2021-08-08,13,treatment,1,0.076605916,0,dept_246_closure_2021-07-27,2021-07-14,2021-07,-1,0,,729236|246|2021-07-27,-0.2311740569602418,-0.6733664230633328
729427,246,2021-07-27,2021-08-08,13,treatment,1,0.01933929,0,dept_246_closure_2021-07-27,2021-07-14,2021-07,-1,0,,729427|246|2021-07-27,-0.2884406829602418,-0.6733664230633328
729873,246,2021-07-27,2021-08-08,13,treatment,1,0.7575934,1,dept_246_closure_2021-07-27,2021-07-14,2021-07,-1,0,,729873|246|2021-07-27,0.4498134270397582,-0.6733664230633328
729889,246,2021-07-27,2021-08-08,13,control,0,0.037756026,0,dept_246_closure_2021-07-27,2021-07-14,2021-07,-1,0,,729889|246|2021-07-27,-0.2700239469602418,-0.6733664230633328
733186,246,2021-07-27,2021-08-08,13,treatment,1,0.69795686,1,dept_246_closure_2021-07-27,2021-07-14,2021-07,-1,0,,733186|246|2021-07-27,0.3901768870397582,-0.6733664230633328
735865,246,2021-07-27,2021-08-08,13,control,0,0.33605695,0,dept_246_closure_2021-07-27,2021-07-14,2021-07,-1,0,0.5,735865|246|2021-07-27,0.028276977039758233,-0.6733664230633328
736734,246,2021-07-27,2021-08-08,13,control,0,0.39864597,0,dept_246_closure_2021-07-27,2021-07-14,2021-07,-1,0,,736734|246|2021-07-27,0.09086599703975823,-0.6733664230633328
739930,246,2021-07-27,2021-08-08,13,control,0,0.017589724,0,dept_246_closure_2021-07-27,2021-07-14,2021-07,-1,0,,739930|246|2021-07-27,-0.2901902489602418,-0.6733664230633328
742210,246,2021-07-27,2021-08-08,13,control,0,0.0008205761,0,dept_246_closure_2021-07-27,2021-07-14,2021-07,-1,0,,742210|246|2021-07-27,-0.30695939686024176,-0.6733664230633328
742713,246,2021-07-27,2021-08-08,13,control,0,0.7055811,1,dept_246_closure_2021-07-27,2021-07-14,2021-07,-1,0,,742713|246|2021-07-27,0.3978011270397582,-0.6733664230633328
743481,246,2021-07-27,2021-08-08,13,control,0,0.1744169,0,dept_246_closure_2021-07-27,2021-07-14,2021-07,-1,0,0.0,743481|246|2021-07-27,-0.13336307296024177,-0.6733664230633328
743573,246,2021-07-27,2021-08-08,13,control,0,0.01424737,0,dept_246_closure_2021-07-27,2021-07-14,2021-07,-1,0,,743573|246|2021-07-27,-0.2935326029602418,-0.6733664230633328
745348,246,2021-07-27,2021-08-08,13,control,0,0.6717277,1,dept_246_closure_2021-07-27,2021-07-14,2021-07,-1,0,0.0,745348|246|2021-07-27,0.36394772703975825,-0.6733664230633328
745784,246,2021-07-27,2021-08-08,13,control,0,0.07058759,0,dept_246_closure_2021-07-27,2021-07-14,2021-07,-1,0,,745784|246|2021-07-27,-0.23719238296024178,-0.6733664230633328
745837,246,2021-07-27,2021-08-08,13,control,0,0.0012194227,0,dept_246_closure_2021-07-27,2021-07-14,2021-07,-1,0,,745837|246|2021-07-27,-0.3065605502602418,-0.6733664230633328
746756,246,2021-07-27,2021-08-08,13,control,0,0.08982364,0,dept_246_closure_2021-07-27,2021-07-14,2021-07,-1,0,,746756|246|2021-07-27,-0.2179563329602418,-0.6733664230633328
747030,246,2021-07-27,2021-08-08,13,control,0,0.88071215,1,dept_246_closure_2021-07-27,2021-07-14,2021-07,-1,0,0.6666666666666666,747030|246|2021-07-27,0.5729321770397582,-0.6733664230633328
750005,246,2021-07-27,2021-08-08,13,control,0,0.00368248,0,dept_246_closure_2021-07-27,2021-07-14,2021-07,-1,0,,750005|246|2021-07-27,-0.3040974929602418,-0.6733664230633328
750565,246,2021-07-27,2021-08-08,13,control,0,0.09725597,0,dept_246_closure_2021-07-27,2021-07-14,2021-07,-1,0,,750565|246|2021-07-27,-0.2105240029602418,-0.6733664230633328
751068,246,2021-07-27,2021-08-08,13,control,0,0.67058444,1,dept_246_closure_2021-07-27,2021-07-14,2021-07,-1,0,,751068|246|2021-07-27,0.36280446703975816,-0.6733664230633328
755654,246,2021-07-27,2021-08-08,13,control,0,0.642669,1,dept_246_closure_2021-07-27,2021-07-14,2021-07,-1,0,0.6666666666666666,755654|246|2021-07-27,0.33488902703975826,-0.6733664230633328
757209,246,2021-07-27,2021-08-08,13,control,0,0.92929745,1,dept_246_closure_2021-07-27,2021-07-14,2021-07,-1,0,0.5,757209|246|2021-07-27,0.6215174770397582,-0.6733664230633328
758569,246,2021-07-27,2021-08-08,13,control,0,0.6066296,1,dept_246_closure_2021-07-27,2021-07-14,2021-07,-1,0,,758569|246|2021-07-27,0.2988496270397582,-0.6733664230633328
759081,246,2021-07-27,2021-08-08,13,control,0,0.9864933,1,dept_246_closure_2021-07-27,2021-07-14,2021-07,-1,0,0.6666666666666666,759081|246|2021-07-27,0.6787133270397583,-0.6733664230633328
760910,246,2021-07-27,2021-08-08,13,control,0,0.37581336,0,dept_246_closure_2021-07-27,2021-07-14,2021-07,-1,0,1.0,760910|246|2021-07-27,0.0680333870397582,-0.6733664230633328
761525,246,2021-07-27,2021-08-08,13,control,0,0.0040558516,0,dept_246_closure_2021-07-27,2021-07-14,2021-07,-1,0,,761525|246|2021-07-27,-0.3037241213602418,-0.6733664230633328
763277,246,2021-07-27,2021-08-08,13,control,0,0.24932212,0,dept_246_closure_2021-07-27,2021-07-14,2021-07,-1,0,,763277|246|2021-07-27,-0.05845785296024178,-0.6733664230633328
764174,246,2021-07-27,2021-08-08,13,control,0,0.020427303,0,dept_246_closure_2021-07-27,2021-07-14,2021-07,-1,0,,764174|246|2021-07-27,-0.2873526699602418,-0.6733664230633328
764393,246,2021-07-27,2021-08-08,13,treatment,1,0.015356412,0,dept_246_closure_2021-07-27,2021-07-14,2021-07,-1,0,,764393|246|2021-07-27,-0.2924235609602418,-0.6733664230633328
764798,246,2021-07-27,2021-08-08,13,control,0,0.025530431,0,dept_246_closure_2021-07-27,2021-07-14,2021-07,-1,0,,764798|246|2021-07-27,-0.28224954196024177,-0.6733664230633328
768714,246,2021-07-27,2021-08-08,13,control,0,0.08861846,0,dept_246_closure_2021-07-27,2021-07-14,2021-07,-1,0,,768714|246|2021-07-27,-0.21916151296024178,-0.6733664230633328
771788,246,2021-07-27,2021-08-08,13,control,0,0.13042508,0,dept_246_closure_2021-07-27,2021-07-14,2021-07,-1,0,0.5,771788|246|2021-07-27,-0.1773548929602418,-0.6733664230633328
773247,246,2021-07-27,2021-08-08,13,control,0,0.12926482,0,dept_246_closure_2021-07-27,2021-07-14,2021-07,-1,0,0.5,773247|246|2021-07-27,-0.17851515296024179,-0.6733664230633328
774405,246,2021-07-27,2021-08-08,13,control,0,0.6753653,1,dept_246_closure_2021-07-27,2021-07-14,2021-07,-1,0,,774405|246|2021-07-27,0.36758532703975816,-0.6733664230633328
775273,246,2021-07-27,2021-08-08,13,control,0,0.03347844,0,dept_246_closure_2021-07-27,2021-07-14,2021-07,-1,0,0.0,775273|246|2021-07-27,-0.2743015329602418,-0.6733664230633328
775847,246,2021-07-27,2021-08-08,13,control,0,0.020749453,0,dept_246_closure_2021-07-27,2021-07-14,2021-07,-1,0,,775847|246|2021-07-27,-0.28703051996024176,-0.6733664230633328
778075,246,2021-07-27,2021-08-08,13,control,0,0.0044483226,0,dept_246_closure_2021-07-27,2021-07-14,2021-07,-1,0,,778075|246|2021-07-27,-0.3033316503602418,-0.6733664230633328
780783,246,2021-07-27,2021-08-08,13,control,0,0.94814223,1,dept_246_closure_2021-07-27,2021-07-14,2021-07,-1,0,0.0,780783|246|2021-07-27,0.6403622570397582,-0.6733664230633328
781479,246,2021-07-27,2021-08-08,13,treatment,1,0.11026743,0,dept_246_closure_2021-07-27,2021-07-14,2021-07,-1,0,1.0,781479|246|2021-07-27,-0.1975125429602418,-0.6733664230633328
782601,246,2021-07-27,2021-08-08,13,control,0,0.03218455,0,dept_246_closure_2021-07-27,2021-07-14,2021-07,-1,0,,782601|246|2021-07-27,-0.2755954229602418,-0.6733664230633328
784606,246,2021-07-27,2021-08-08,13,treatment,1,0.0007714593,0,dept_246_closure_2021-07-27,2021-07-14,2021-07,-1,0,,784606|246|2021-07-27,-0.3070085136602418,-0.6733664230633328
784655,246,2021-07-27,2021-08-08,13,control,0,0.002960514,0,dept_246_closure_2021-07-27,2021-07-14,2021-07,-1,0,,784655|246|2021-07-27,-0.30481945896024176,-0.6733664230633328
785881,246,2021-07-27,2021-08-08,13,control,0,0.7455215,1,dept_246_closure_2021-07-27,2021-07-14,2021-07,-1,0,,785881|246|2021-07-27,0.43774152703975816,-0.6733664230633328
787051,246,2021-07-27,2021-08-08,13,control,0,0.48000237,0,dept_246_closure_2021-07-27,2021-07-14,2021-07,-1,0,0.0,787051|246|2021-07-27,0.17222239703975822,-0.6733664230633328
790777,246,2021-07-27,2021-08-08,13,control,0,0.0068362337,0,dept_246_closure_2021-07-27,2021-07-14,2021-07,-1,0,,790777|246|2021-07-27,-0.30094373926024176,-0.6733664230633328
793087,246,2021-07-27,2021-08-08,13,control,0,0.099858016,0,dept_246_closure_2021-07-27,2021-07-14,2021-07,-1,0,,793087|246|2021-07-27,-0.2079219569602418,-0.6733664230633328
794164,246,2021-07-27,2021-08-08,13,control,0,0.6939915,1,dept_246_closure_2021-07-27,2021-07-14,2021-07,-1,0,0.5,794164|246|2021-07-27,0.3862115270397582,-0.6733664230633328
794821,246,2021-07-27,2021-08-08,13,control,0,0.035638213,0,dept_246_closure_2021-07-27,2021-07-14,2021-07,-1,0,,794821|246|2021-07-27,-0.2721417599602418,-0.6733664230633328
795915,246,2021-07-27,2021-08-08,13,control,0,0.8226784,1,dept_246_closure_2021-07-27,2021-07-14,2021-07,-1,0,,795915|246|2021-07-27,0.5148984270397583,-0.6733664230633328
796636,246,2021-07-27,2021-08-08,13,control,0,0.009036448,0,dept_246_closure_2021-07-27,2021-07-14,2021-07,-1,0,,796636|246|2021-07-27,-0.2987435249602418,-0.6733664230633328
797064,246,2021-07-27,2021-08-08,13,control,0,0.507212,1,dept_246_closure_2021-07-27,2021-07-14,2021-07,-1,0,,797064|246|2021-07-27,0.1994320270397582,-0.6733664230633328
797984,246,2021-07-27,2021-08-08,13,treatment,1,0.9371447,1,dept_246_closure_2021-07-27,2021-07-14,2021-07,-1,0,0.0,797984|246|2021-07-27,0.6293647270397582,-0.6733664230633328
800707,246,2021-07-27,2021-08-08,13,control,0,0.0030262175,0,dept_246_closure_2021-07-27,2021-07-14,2021-07,-1,0,,800707|246|2021-07-27,-0.3047537554602418,-0.6733664230633328
801378,246,2021-07-27,2021-08-08,13,control,0,0.0019727403,0,dept_246_closure_2021-07-27,2021-07-14,2021-07,-1,0,,801378|246|2021-07-27,-0.3058072326602418,-0.6733664230633328
802679,246,2021-07-27,2021-08-08,13,control,0,0.018501613,0,dept_246_closure_2021-07-27,2021-07-14,2021-07,-1,0,,802679|246|2021-07-27,-0.28927835996024176,-0.6733664230633328
807138,246,2021-07-27,2021-08-08,13,control,0,0.054256,0,dept_246_closure_2021-07-27,2021-07-14,2021-07,-1,0,1.0,807138|246|2021-07-27,-0.25352397296024176,-0.6733664230633328
807628,246,2021-07-27,2021-08-08,13,control,0,0.016564755,0,dept_246_closure_2021-07-27,2021-07-14,2021-07,-1,0,1.0,807628|246|2021-07-27,-0.2912152179602418,-0.6733664230633328
807629,246,2021-07-27,2021-08-08,13,control,0,0.3686019,0,dept_246_closure_2021-07-27,2021-07-14,2021-07,-1,0,0.8,807629|246|2021-07-27,0.060821927039758195,-0.6733664230633328
807979,246,2021-07-27,2021-08-08,13,control,0,0.39310044,0,dept_246_closure_2021-07-27,2021-07-14,2021-07,-1,0,1.0,807979|246|2021-07-27,0.08532046703975821,-0.6733664230633328
1213,246,2021-07-27,2021-08-08,13,control,0,0.14179483,0,dept_246_closure_2021-07-27,2021-08-09,2021-08,1,1,,1213|246|2021-07-27,-0.16598514296024178,-0.6733664230633328
3053,246,2021-07-27,2021-08-08,13,control,0,0.2848582,0,dept_246_closure_2021-07-27,2021-08-09,2021-08,1,1,1.0,3053|246|2021-07-27,-0.022921772960241782,-0.6733664230633328
3602,246,2021-07-27,2021-08-08,13,control,0,0.25698352,0,dept_246_closure_2021-07-27,2021-08-09,2021-08,1,1,,3602|246|2021-07-27,-0.05079645296024177,-0.6733664230633328
4261,246,2021-07-27,2021-08-08,13,treatment,1,0.41152814,0,dept_246_closure_2021-07-27,2021-08-09,2021-08,1,1,,4261|246|2021-07-27,0.1037481670397582,-0.6733664230633328
4800,246,2021-07-27,2021-08-08,13,control,0,0.025219427,0,dept_246_closure_2021-07-27,2021-08-09,2021-08,1,1,0.0,4800|246|2021-07-27,-0.28256054596024177,-0.6733664230633328
7245,246,2021-07-27,2021-08-08,13,control,0,0.94799674,1,dept_246_closure_2021-07-27,2021-08-09,2021-08,1,1,0.0,7245|246|2021-07-27,0.6402167670397583,-0.6733664230633328
8291,246,2021-07-27,2021-08-08,13,control,0,0.9911731,1,dept_246_closure_2021-07-27,2021-08-09,2021-08,1,1,0.4,8291|246|2021-07-27,0.6833931270397582,-0.6733664230633328
9290,246,2021-07-27,2021-08-08,13,treatment,1,0.008498869,0,dept_246_closure_2021-07-27,2021-08-09,2021-08,1,1,,9290|246|2021-07-27,-0.29928110396024177,-0.6733664230633328
9714,246,2021-07-27,2021-08-08,13,control,0,0.3374871,0,dept_246_closure_2021-07-27,2021-08-09,2021-08,1,1,,9714|246|2021-07-27,0.029707127039758197,-0.6733664230633328
10179,246,2021-07-27,2021-08-08,13,control,0,0.8612333,1,dept_246_closure_2021-07-27,2021-08-09,2021-08,1,1,0.0,10179|246|2021-07-27,0.5534533270397581,-0.6733664230633328
10427,246,2021-07-27,2021-08-08,13,control,0,0.14622483,0,dept_246_closure_2021-07-27,2021-08-09,2021-08,1,1,,10427|246|2021-07-27,-0.1615551429602418,-0.6733664230633328
10453,246,2021-07-27,2021-08-08,13,control,0,0.27891338,0,dept_246_closure_2021-07-27,2021-08-09,2021-08,1,1,,10453|246|2021-07-27,-0.0288665929602418,-0.6733664230633328
13564,246,2021-07-27,2021-08-08,13,control,0,0.0017006382,0,dept_246_closure_2021-07-27,2021-08-09,2021-08,1,1,,13564|246|2021-07-27,-0.3060793347602418,-0.6733664230633328
15110,246,2021-07-27,2021-08-08,13,control,0,0.602054,1,dept_246_closure_2021-07-27,2021-08-09,2021-08,1,1,,15110|246|2021-07-27,0.2942740270397582,-0.6733664230633328
17165,246,2021-07-27,2021-08-08,13,control,0,0.41429704,0,dept_246_closure_2021-07-27,2021-08-09,2021-08,1,1,,17165|246|2021-07-27,0.10651706703975822,-0.6733664230633328
17345,246,2021-07-27,2021-08-08,13,control,0,0.0024025764,0,dept_246_closure_2021-07-27,2021-08-09,2021-08,1,1,,17345|246|2021-07-27,-0.30537739656024177,-0.6733664230633328
18589,246,2021-07-27,2021-08-08,13,treatment,1,0.5930257,1,dept_246_closure_2021-07-27,2021-08-09,2021-08,1,1,,18589|246|2021-07-27,0.2852457270397582,-0.6733664230633328
21757,246,2021-07-27,2021-08-08,13,control,0,0.9689673,1,dept_246_closure_2021-07-27,2021-08-09,2021-08,1,1,0.0,21757|246|2021-07-27,0.6611873270397581,-0.6733664230633328
22359,246,2021-07-27,2021-08-08,13,control,0,0.9641852,1,dept_246_closure_2021-07-27,2021-08-09,2021-08,1,1,0.0,22359|246|2021-07-27,0.6564052270397582,-0.6733664230633328
24301,246,2021-07-27,2021-08-08,13,control,0,0.021089468,0,dept_246_closure_2021-07-27,2021-08-09,2021-08,1,1,,24301|246|2021-07-27,-0.2866905049602418,-0.6733664230633328
24607,246,2021-07-27,2021-08-08,13,control,0,0.03506704,0,dept_246_closure_2021-07-27,2021-08-09,2021-08,1,1,,24607|246|2021-07-27,-0.2727129329602418,-0.6733664230633328
26093,246,2021-07-27,2021-08-08,13,control,0,0.34219438,0,dept_246_closure_2021-07-27,2021-08-09,2021-08,1,1,1.0,26093|246|2021-07-27,0.03441440703975823,-0.6733664230633328
28789,246,2021-07-27,2021-08-08,13,control,0,0.40815812,0,dept_246_closure_2021-07-27,2021-08-09,2021-08,1,1,,28789|246|2021-07-27,0.10037814703975823,-0.6733664230633328
29360,246,2021-07-27,2021-08-08,13,control,0,0.008516339,0,dept_246_closure_2021-07-27,2021-08-09,2021-08,1,1,,29360|246|2021-07-27,-0.2992636339602418,-0.6733664230633328
29942,246,2021-07-27,2021-08-08,13,control,0,0.013229424,0,dept_246_closure_2021-07-27,2021-08-09,2021-08,1,1,,29942|246|2021-07-27,-0.2945505489602418,-0.6733664230633328
33721,246,2021-07-27,2021-08-08,13,control,0,0.027535504,0,dept_246_closure_2021-07-27,2021-08-09,2021-08,1,1,,33721|246|2021-07-27,-0.2802444689602418,-0.6733664230633328
33984,246,2021-07-27,2021-08-08,13,control,0,0.39668542,0,dept_246_closure_2021-07-27,2021-08-09,2021-08,1,1,0.3333333333333333,33984|246|2021-07-27,0.08890544703975822,-0.6733664230633328
34002,246,2021-07-27,2021-08-08,13,control,0,0.5526398,1,dept_246_closure_2021-07-27,2021-08-09,2021-08,1,1,0.0,34002|246|2021-07-27,0.24485982703975823,-0.6733664230633328
35232,246,2021-07-27,2021-08-08,13,control,0,0.85742676,1,dept_246_closure_2021-07-27,2021-08-09,2021-08,1,1,,35232|246|2021-07-27,0.5496467870397581,-0.6733664230633328
35996,246,2021-07-27,2021-08-08,13,control,0,0.49443996,0,dept_246_closure_2021-07-27,2021-08-09,2021-08,1,1,,35996|246|2021-07-27,0.18665998703975822,-0.6733664230633328
37485,246,2021-07-27,2021-08-08,13,control,0,0.010235807,0,dept_246_closure_2021-07-27,2021-08-09,2021-08,1,1,,37485|246|2021-07-27,-0.2975441659602418,-0.6733664230633328
37506,246,2021-07-27,2021-08-08,13,treatment,1,0.5700365,1,dept_246_closure_2021-07-27,2021-08-09,2021-08,1,1,,37506|246|2021-07-27,0.26225652703975816,-0.6733664230633328
37541,246,2021-07-27,2021-08-08,13,control,0,0.0052991416,0,dept_246_closure_2021-07-27,2021-08-09,2021-08,1,1,,37541|246|2021-07-27,-0.3024808313602418,-0.6733664230633328
41263,246,2021-07-27,2021-08-08,13,control,0,0.97604525,1,dept_246_closure_2021-07-27,2021-08-09,2021-08,1,1,0.6,41263|246|2021-07-27,0.6682652770397581,-0.6733664230633328
41289,246,2021-07-27,2021-08-08,13,control,0,0.003877407,0,dept_246_closure_2021-07-27,2021-08-09,2021-08,1,1,,41289|246|2021-07-27,-0.3039025659602418,-0.6733664230633328
41747,246,2021-07-27,2021-08-08,13,control,0,0.024151748,0,dept_246_closure_2021-07-27,2021-08-09,2021-08,1,1,,41747|246|2021-07-27,-0.28362822496024176,-0.6733664230633328
41924,246,2021-07-27,2021-08-08,13,control,0,0.024839915,0,dept_246_closure_2021-07-27,2021-08-09,2021-08,1,1,1.0,41924|246|2021-07-27,-0.2829400579602418,-0.6733664230633328
43570,246,2021-07-27,2021-08-08,13,control,0,0.50512415,1,dept_246_closure_2021-07-27,2021-08-09,2021-08,1,1,,43570|246|2021-07-27,0.1973441770397582,-0.6733664230633328
44805,246,2021-07-27,2021-08-08,13,control,0,0.006438557,0,dept_246_closure_2021-07-27,2021-08-09,2021-08,1,1,,44805|246|2021-07-27,-0.3013414159602418,-0.6733664230633328
46323,246,2021-07-27,2021-08-08,13,control,0,0.004436662,0,dept_246_closure_2021-07-27,2021-08-09,2021-08,1,1,,46323|246|2021-07-27,-0.3033433109602418,-0.6733664230633328
48069,246,2021-07-27,2021-08-08,13,control,0,0.036547642,0,dept_246_closure_2021-07-27,2021-08-09,2021-08,1,1,,48069|246|2021-07-27,-0.2712323309602418,-0.6733664230633328
48118,246,2021-07-27,2021-08-08,13,control,0,0.007977607,0,dept_246_closure_2021-07-27,2021-08-09,2021-08,1,1,,48118|246|2021-07-27,-0.2998023659602418,-0.6733664230633328
49114,246,2021-07-27,2021-08-08,13,control,0,0.01653051,0,dept_246_closure_2021-07-27,2021-08-09,2021-08,1,1,,49114|246|2021-07-27,-0.2912494629602418,-0.6733664230633328
50430,246,2021-07-27,2021-08-08,13,control,0,0.12106775,0,dept_246_closure_2021-07-27,2021-08-09,2021-08,1,1,0.0,50430|246|2021-07-27,-0.18671222296024179,-0.6733664230633328
55719,246,2021-07-27,2021-08-08,13,control,0,0.06846984,0,dept_246_closure_2021-07-27,2021-08-09,2021-08,1,1,,55719|246|2021-07-27,-0.23931013296024178,-0.6733664230633328
58174,246,2021-07-27,2021-08-08,13,treatment,1,0.025775751,0,dept_246_closure_2021-07-27,2021-08-09,2021-08,1,1,,58174|246|2021-07-27,-0.2820042219602418,-0.6733664230633328
61470,246,2021-07-27,2021-08-08,13,control,0,0.0019178551,0,dept_246_closure_2021-07-27,2021-08-09,2021-08,1,1,,61470|246|2021-07-27,-0.3058621178602418,-0.6733664230633328
62467,246,2021-07-27,2021-08-08,13,control,0,0.7539235,1,dept_246_closure_2021-07-27,2021-08-09,2021-08,1,1,,62467|246|2021-07-27,0.4461435270397582,-0.6733664230633328
62617,246,2021-07-27,2021-08-08,13,control,0,0.2802774,0,dept_246_closure_2021-07-27,2021-08-09,2021-08,1,1,,62617|246|2021-07-27,-0.027502572960241778,-0.6733664230633328
63894,246,2021-07-27,2021-08-08,13,treatment,1,0.0032472073,0,dept_246_closure_2021-07-27,2021-08-09,2021-08,1,1,,63894|246|2021-07-27,-0.3045327656602418,-0.6733664230633328
64161,246,2021-07-27,2021-08-08,13,control,0,0.34984437,0,dept_246_closure_2021-07-27,2021-08-09,2021-08,1,1,,64161|246|2021-07-27,0.04206439703975823,-0.6733664230633328
64994,246,2021-07-27,2021-08-08,13,control,0,0.14465883,0,dept_246_closure_2021-07-27,2021-08-09,2021-08,1,1,,64994|246|2021-07-27,-0.1631211429602418,-0.6733664230633328
65724,246,2021-07-27,2021-08-08,13,control,0,0.3674528,0,dept_246_closure_2021-07-27,2021-08-09,2021-08,1,1,,65724|246|2021-07-27,0.059672827039758236,-0.6733664230633328
68795,246,2021-07-27,2021-08-08,13,control,0,0.9651761,1,dept_246_closure_2021-07-27,2021-08-09,2021-08,1,1,,68795|246|2021-07-27,0.6573961270397581,-0.6733664230633328
74930,246,2021-07-27,2021-08-08,13,control,0,0.006238125,0,dept_246_closure_2021-07-27,2021-08-09,2021-08,1,1,,74930|246|2021-07-27,-0.3015418479602418,-0.6733664230633328
75254,246,2021-07-27,2021-08-08,13,control,0,0.006278402,0,dept_246_closure_2021-07-27,2021-08-09,2021-08,1,1,,75254|246|2021-07-27,-0.30150157096024177,-0.6733664230633328
75454,246,2021-07-27,2021-08-08,13,control,0,0.051739547,0,dept_246_closure_2021-07-27,2021-08-09,2021-08,1,1,,75454|246|2021-07-27,-0.2560404259602418,-0.6733664230633328
77627,246,2021-07-27,2021-08-08,13,control,0,0.9423059,1,dept_246_closure_2021-07-27,2021-08-09,2021-08,1,1,0.8,77627|246|2021-07-27,0.6345259270397583,-0.6733664230633328
80592,246,2021-07-27,2021-08-08,13,control,0,0.0012003159,0,dept_246_closure_2021-07-27,2021-08-09,2021-08,1,1,,80592|246|2021-07-27,-0.30657965706024176,-0.6733664230633328
83197,246,2021-07-27,2021-08-08,13,control,0,0.060882423,0,dept_246_closure_2021-07-27,2021-08-09,2021-08,1,1,,83197|246|2021-07-27,-0.2468975499602418,-0.6733664230633328
83512,246,2021-07-27,2021-08-08,13,treatment,1,0.0007489331,0,dept_246_closure_2021-07-27,2021-08-09,2021-08,1,1,,83512|246|2021-07-27,-0.3070310398602418,-0.6733664230633328
83837,246,2021-07-27,2021-08-08,13,control,0,0.032278985,0,dept_246_closure_2021-07-27,2021-08-09,2021-08,1,1,,83837|246|2021-07-27,-0.2755009879602418,-0.6733664230633328
84880,246,2021-07-27,2021-08-08,13,control,0,0.00688161,0,dept_246_closure_2021-07-27,2021-08-09,2021-08,1,1,,84880|246|2021-07-27,-0.3008983629602418,-0.6733664230633328
85945,246,2021-07-27,2021-08-08,13,control,0,0.0026010852,0,dept_246_closure_2021-07-27,2021-08-09,2021-08,1,1,,85945|246|2021-07-27,-0.30517888776024177,-0.6733664230633328
88701,246,2021-07-27,2021-08-08,13,control,0,0.002537611,0,dept_246_closure_2021-07-27,2021-08-09,2021-08,1,1,,88701|246|2021-07-27,-0.3052423619602418,-0.6733664230633328
89391,246,2021-07-27,2021-08-08,13,control,0,0.009230248,0,dept_246_closure_2021-07-27,2021-08-09,2021-08,1,1,,89391|246|2021-07-27,-0.2985497249602418,-0.6733664230633328
94006,246,2021-07-27,2021-08-08,13,control,0,0.28857115,0,dept_246_closure_2021-07-27,2021-08-09,2021-08,1,1,,94006|246|2021-07-27,-0.01920882296024179,-0.6733664230633328
99636,246,2021-07-27,2021-08-08,13,treatment,1,0.48824883,0,dept_246_closure_2021-07-27,2021-08-09,2021-08,1,1,,99636|246|2021-07-27,0.18046885703975823,-0.6733664230633328
100285,246,2021-07-27,2021-08-08,13,control,0,0.0010297304,0,dept_246_closure_2021-07-27,2021-08-09,2021-08,1,1,,100285|246|2021-07-27,-0.3067502425602418,-0.6733664230633328
101690,246,2021-07-27,2021-08-08,13,control,0,0.0054791784,0,dept_246_closure_2021-07-27,2021-08-09,2021-08,1,1,,101690|246|2021-07-27,-0.3023007945602418,-0.6733664230633328
102939,246,2021-07-27,2021-08-08,13,control,0,0.056172602,0,dept_246_closure_2021-07-27,2021-08-09,2021-08,1,1,,102939|246|2021-07-27,-0.25160737096024177,-0.6733664230633328
104364,246,2021-07-27,2021-08-08,13,treatment,1,0.0011055329,0,dept_246_closure_2021-07-27,2021-08-09,2021-08,1,1,,104364|246|2021-07-27,-0.3066744400602418,-0.6733664230633328
104791,246,2021-07-27,2021-08-08,13,control,0,0.00038451306,0,dept_246_closure_2021-07-27,2021-08-09,2021-08,1,1,,104791|246|2021-07-27,-0.3073954599002418,-0.6733664230633328
104999,246,2021-07-27,2021-08-08,13,control,0,0.77188766,1,dept_246_closure_2021-07-27,2021-08-09,2021-08,1,1,0.5,104999|246|2021-07-27,0.4641076870397582,-0.6733664230633328
106451,246,2021-07-27,2021-08-08,13,control,0,0.59141666,1,dept_246_closure_2021-07-27,2021-08-09,2021-08,1,1,,106451|246|2021-07-27,0.28363668703975825,-0.6733664230633328
107729,246,2021-07-27,2021-08-08,13,treatment,1,0.9872944,1,dept_246_closure_2021-07-27,2021-08-09,2021-08,1,1,0.1590909090909091,107729|246|2021-07-27,0.6795144270397582,-0.6733664230633328
108290,246,2021-07-27,2021-08-08,13,control,0,0.27102268,0,dept_246_closure_2021-07-27,2021-08-09,2021-08,1,1,1.0,108290|246|2021-07-27,-0.03675729296024177,-0.6733664230633328
108602,246,2021-07-27,2021-08-08,13,control,0,0.12955897,0,dept_246_closure_2021-07-27,2021-08-09,2021-08,1,1,,108602|246|2021-07-27,-0.1782210029602418,-0.6733664230633328
110523,246,2021-07-27,2021-08-08,13,treatment,1,0.033722427,0,dept_246_closure_2021-07-27,2021-08-09,2021-08,1,1,,110523|246|2021-07-27,-0.2740575459602418,-0.6733664230633328
111618,246,2021-07-27,2021-08-08,13,control,0,0.020083731,0,dept_246_closure_2021-07-27,2021-08-09,2021-08,1,1,,111618|246|2021-07-27,-0.2876962419602418,-0.6733664230633328
113259,246,2021-07-27,2021-08-08,13,control,0,0.2508315,0,dept_246_closure_2021-07-27,2021-08-09,2021-08,1,1,,113259|246|2021-07-27,-0.0569484729602418,-0.6733664230633328
115213,246,2021-07-27,2021-08-08,13,control,0,0.8139987,1,dept_246_closure_2021-07-27,2021-08-09,2021-08,1,1,,115213|246|2021-07-27,0.5062187270397582,-0.6733664230633328
115992,246,2021-07-27,2021-08-08,13,control,0,0.0014414658,0,dept_246_closure_2021-07-27,2021-08-09,2021-08,1,1,,115992|246|2021-07-27,-0.3063385071602418,-0.6733664230633328
117266,246,2021-07-27,2021-08-08,13,control,0,0.04361259,0,dept_246_closure_2021-07-27,2021-08-09,2021-08,1,1,,117266|246|2021-07-27,-0.2641673829602418,-0.6733664230633328
117463,246,2021-07-27,2021-08-08,13,treatment,1,0.000519652,0,dept_246_closure_2021-07-27,2021-08-09,2021-08,1,1,,117463|246|2021-07-27,-0.3072603209602418,-0.6733664230633328
117689,246,2021-07-27,2021-08-08,13,control,0,0.11426322,0,dept_246_closure_2021-07-27,2021-08-09,2021-08,1,1,,117689|246|2021-07-27,-0.1935167529602418,-0.6733664230633328
118028,246,2021-07-27,2021-08-08,13,control,0,0.042520892,0,dept_246_closure_2021-07-27,2021-08-09,2021-08,1,1,,118028|246|2021-07-27,-0.2652590809602418,-0.6733664230633328
123845,246,2021-07-27,2021-08-08,13,control,0,0.0049063414,0,dept_246_closure_2021-07-27,2021-08-09,2021-08,1,1,,123845|246|2021-07-27,-0.3028736315602418,-0.6733664230633328
124140,246,2021-07-27,2021-08-08,13,control,0,0.00077034417,0,dept_246_closure_2021-07-27,2021-08-09,2021-08,1,1,,124140|246|2021-07-27,-0.3070096287902418,-0.6733664230633328
124519,246,2021-07-27,2021-08-08,13,control,0,0.1613756,0,dept_246_closure_2021-07-27,2021-08-09,2021-08,1,1,,124519|246|2021-07-27,-0.14640437296024178,-0.6733664230633328
125288,246,2021-07-27,2021-08-08,13,treatment,1,0.00042904564,0,dept_246_closure_2021-07-27,2021-08-09,2021-08,1,1,,125288|246|2021-07-27,-0.3073509273202418,-0.6733664230633328
126383,246,2021-07-27,2021-08-08,13,control,0,0.015411615,0,dept_246_closure_2021-07-27,2021-08-09,2021-08,1,1,,126383|246|2021-07-27,-0.2923683579602418,-0.6733664230633328
127325,246,2021-07-27,2021-08-08,13,control,0,0.31199288,0,dept_246_closure_2021-07-27,2021-08-09,2021-08,1,1,,127325|246|2021-07-27,0.004212907039758185,-0.6733664230633328
133214,246,2021-07-27,2021-08-08,13,control,0,0.007817035,0,dept_246_closure_2021-07-27,2021-08-09,2021-08,1,1,,133214|246|2021-07-27,-0.29996293796024176,-0.6733664230633328
133833,246,2021-07-27,2021-08-08,13,control,0,0.0031631151,0,dept_246_closure_2021-07-27,2021-08-09,2021-08,1,1,,133833|246|2021-07-27,-0.3046168578602418,-0.6733664230633328
135205,246,2021-07-27,2021-08-08,13,control,0,0.0010553765,0,dept_246_closure_2021-07-27,2021-08-09,2021-08,1,1,,135205|246|2021-07-27,-0.3067245964602418,-0.6733664230633328
136057,246,2021-07-27,2021-08-08,13,control,0,0.2031454,0,dept_246_closure_2021-07-27,2021-08-09,2021-08,1,1,0.0,136057|246|2021-07-27,-0.10463457296024178,-0.6733664230633328
136063,246,2021-07-27,2021-08-08,13,control,0,0.005267139,0,dept_246_closure_2021-07-27,2021-08-09,2021-08,1,1,,136063|246|2021-07-27,-0.3025128339602418,-0.6733664230633328
137955,246,2021-07-27,2021-08-08,13,control,0,0.8207661,1,dept_246_closure_2021-07-27,2021-08-09,2021-08,1,1,0.0,137955|246|2021-07-27,0.5129861270397582,-0.6733664230633328
138417,246,2021-07-27,2021-08-08,13,control,0,0.03873831,0,dept_246_closure_2021-07-27,2021-08-09,2021-08,1,1,,138417|246|2021-07-27,-0.2690416629602418,-0.6733664230633328
138825,246,2021-07-27,2021-08-08,13,control,0,0.27647775,0,dept_246_closure_2021-07-27,2021-08-09,2021-08,1,1,,138825|246|2021-07-27,-0.031302222960241766,-0.6733664230633328
139774,246,2021-07-27,2021-08-08,13,control,0,0.06656849,0,dept_246_closure_2021-07-27,2021-08-09,2021-08,1,1,,139774|246|2021-07-27,-0.2412114829602418,-0.6733664230633328
143776,246,2021-07-27,2021-08-08,13,control,0,0.14395767,0,dept_246_closure_2021-07-27,2021-08-09,2021-08,1,1,,143776|246|2021-07-27,-0.16382230296024178,-0.6733664230633328
145372,246,2021-07-27,2021-08-08,13,treatment,1,0.0004766058,0,dept_246_closure_2021-07-27,2021-08-09,2021-08,1,1,,145372|246|2021-07-27,-0.3073033671602418,-0.6733664230633328
147307,246,2021-07-27,2021-08-08,13,control,0,0.0975213,0,dept_246_closure_2021-07-27,2021-08-09,2021-08,1,1,,147307|246|2021-07-27,-0.21025867296024178,-0.6733664230633328
148127,246,2021-07-27,2021-08-08,13,control,0,0.07233724,0,dept_246_closure_2021-07-27,2021-08-09,2021-08,1,1,,148127|246|2021-07-27,-0.2354427329602418,-0.6733664230633328
148441,246,2021-07-27,2021-08-08,13,control,0,0.2556321,0,dept_246_closure_2021-07-27,2021-08-09,2021-08,1,1,0.0,148441|246|2021-07-27,-0.052147872960241815,-0.6733664230633328
151009,246,2021-07-27,2021-08-08,13,control,0,0.6553716,1,dept_246_closure_2021-07-27,2021-08-09,2021-08,1,1,,151009|246|2021-07-27,0.34759162703975827,-0.6733664230633328
151024,246,2021-07-27,2021-08-08,13,control,0,0.5315132,1,dept_246_closure_2021-07-27,2021-08-09,2021-08,1,1,,151024|246|2021-07-27,0.22373322703975823,-0.6733664230633328
152032,246,2021-07-27,2021-08-08,13,control,0,0.80558157,1,dept_246_closure_2021-07-27,2021-08-09,2021-08,1,1,,152032|246|2021-07-27,0.4978015970397582,-0.6733664230633328
155231,246,2021-07-27,2021-08-08,13,treatment,1,0.012627428,0,dept_246_closure_2021-07-27,2021-08-09,2021-08,1,1,,155231|246|2021-07-27,-0.2951525449602418,-0.6733664230633328
155553,246,2021-07-27,2021-08-08,13,control,0,0.0030715873,0,dept_246_closure_2021-07-27,2021-08-09,2021-08,1,1,,155553|246|2021-07-27,-0.3047083856602418,-0.6733664230633328
155965,246,2021-07-27,2021-08-08,13,control,0,0.006050398,0,dept_246_closure_2021-07-27,2021-08-09,2021-08,1,1,0.5,155965|246|2021-07-27,-0.3017295749602418,-0.6733664230633328
156315,246,2021-07-27,2021-08-08,13,control,0,0.012487564,0,dept_246_closure_2021-07-27,2021-08-09,2021-08,1,1,,156315|246|2021-07-27,-0.2952924089602418,-0.6733664230633328
156681,246,2021-07-27,2021-08-08,13,control,0,0.8056619,1,dept_246_closure_2021-07-27,2021-08-09,2021-08,1,1,0.5,156681|246|2021-07-27,0.49788192703975825,-0.6733664230633328
157356,246,2021-07-27,2021-08-08,13,control,0,0.36475253,0,dept_246_closure_2021-07-27,2021-08-09,2021-08,1,1,0.2,157356|246|2021-07-27,0.05697255703975823,-0.6733664230633328
159290,246,2021-07-27,2021-08-08,13,control,0,0.520794,1,dept_246_closure_2021-07-27,2021-08-09,2021-08,1,1,1.0,159290|246|2021-07-27,0.2130140270397582,-0.6733664230633328
163009,246,2021-07-27,2021-08-08,13,control,0,0.0032412908,0,dept_246_closure_2021-07-27,2021-08-09,2021-08,1,1,,163009|246|2021-07-27,-0.30453868216024177,-0.6733664230633328
168851,246,2021-07-27,2021-08-08,13,treatment,1,0.14223818,0,dept_246_closure_2021-07-27,2021-08-09,2021-08,1,1,0.0,168851|246|2021-07-27,-0.1655417929602418,-0.6733664230633328
168859,246,2021-07-27,2021-08-08,13,control,0,0.23655716,0,dept_246_closure_2021-07-27,2021-08-09,2021-08,1,1,,168859|246|2021-07-27,-0.0712228129602418,-0.6733664230633328
169284,246,2021-07-27,2021-08-08,13,control,0,0.077404,0,dept_246_closure_2021-07-27,2021-08-09,2021-08,1,1,,169284|246|2021-07-27,-0.2303759729602418,-0.6733664230633328
169779,246,2021-07-27,2021-08-08,13,control,0,0.5095837,1,dept_246_closure_2021-07-27,2021-08-09,2021-08,1,1,,169779|246|2021-07-27,0.20180372703975819,-0.6733664230633328
170648,246,2021-07-27,2021-08-08,13,control,0,0.08296131,0,dept_246_closure_2021-07-27,2021-08-09,2021-08,1,1,0.0,170648|246|2021-07-27,-0.22481866296024178,-0.6733664230633328
171829,246,2021-07-27,2021-08-08,13,control,0,0.7854076,1,dept_246_closure_2021-07-27,2021-08-09,2021-08,1,1,0.0,171829|246|2021-07-27,0.4776276270397582,-0.6733664230633328
174299,246,2021-07-27,2021-08-08,13,control,0,0.12492011,0,dept_246_closure_2021-07-27,2021-08-09,2021-08,1,1,0.0,174299|246|2021-07-27,-0.1828598629602418,-0.6733664230633328
175565,246,2021-07-27,2021-08-08,13,control,0,0.00043081085,0,dept_246_closure_2021-07-27,2021-08-09,2021-08,1,1,,175565|246|2021-07-27,-0.30734916211024177,-0.6733664230633328
180465,246,2021-07-27,2021-08-08,13,treatment,1,0.259185,0,dept_246_closure_2021-07-27,2021-08-09,2021-08,1,1,,180465|246|2021-07-27,-0.04859497296024179,-0.6733664230633328
181998,246,2021-07-27,2021-08-08,13,control,0,0.143926,0,dept_246_closure_2021-07-27,2021-08-09,2021-08,1,1,,181998|246|2021-07-27,-0.1638539729602418,-0.6733664230633328
183672,246,2021-07-27,2021-08-08,13,control,0,0.0026851657,0,dept_246_closure_2021-07-27,2021-08-09,2021-08,1,1,,183672|246|2021-07-27,-0.3050948072602418,-0.6733664230633328
184494,246,2021-07-27,2021-08-08,13,control,0,0.8184082,1,dept_246_closure_2021-07-27,2021-08-09,2021-08,1,1,1.0,184494|246|2021-07-27,0.5106282270397582,-0.6733664230633328
184868,246,2021-07-27,2021-08-08,13,control,0,0.36570916,0,dept_246_closure_2021-07-27,2021-08-09,2021-08,1,1,,184868|246|2021-07-27,0.05792918703975819,-0.6733664230633328
188771,246,2021-07-27,2021-08-08,13,control,0,0.008155373,0,dept_246_closure_2021-07-27,2021-08-09,2021-08,1,1,,188771|246|2021-07-27,-0.29962459996024177,-0.6733664230633328
191129,246,2021-07-27,2021-08-08,13,control,0,0.00997795,0,dept_246_closure_2021-07-27,2021-08-09,2021-08,1,1,,191129|246|2021-07-27,-0.2978020229602418,-0.6733664230633328
197542,246,2021-07-27,2021-08-08,13,control,0,0.038574096,0,dept_246_closure_2021-07-27,2021-08-09,2021-08,1,1,,197542|246|2021-07-27,-0.2692058769602418,-0.6733664230633328
199413,246,2021-07-27,2021-08-08,13,control,0,0.02999612,0,dept_246_closure_2021-07-27,2021-08-09,2021-08,1,1,,199413|246|2021-07-27,-0.2777838529602418,-0.6733664230633328
203579,246,2021-07-27,2021-08-08,13,control,0,0.004454911,0,dept_246_closure_2021-07-27,2021-08-09,2021-08,1,1,,203579|246|2021-07-27,-0.3033250619602418,-0.6733664230633328
203841,246,2021-07-27,2021-08-08,13,control,0,0.0010743989,0,dept_246_closure_2021-07-27,2021-08-09,2021-08,1,1,,203841|246|2021-07-27,-0.3067055740602418,-0.6733664230633328
204424,246,2021-07-27,2021-08-08,13,control,0,0.01007441,0,dept_246_closure_2021-07-27,2021-08-09,2021-08,1,1,1.0,204424|246|2021-07-27,-0.2977055629602418,-0.6733664230633328
204924,246,2021-07-27,2021-08-08,13,control,0,0.00014777645,0,dept_246_closure_2021-07-27,2021-08-09,2021-08,1,1,,204924|246|2021-07-27,-0.30763219651024176,-0.6733664230633328
205498,246,2021-07-27,2021-08-08,13,control,0,0.010686833,0,dept_246_closure_2021-07-27,2021-08-09,2021-08,1,1,,205498|246|2021-07-27,-0.2970931399602418,-0.6733664230633328
208321,246,2021-07-27,2021-08-08,13,control,0,0.009726258,0,dept_246_closure_2021-07-27,2021-08-09,2021-08,1,1,,208321|246|2021-07-27,-0.2980537149602418,-0.6733664230633328
210109,246,2021-07-27,2021-08-08,13,control,0,0.2929824,0,dept_246_closure_2021-07-27,2021-08-09,2021-08,1,1,,210109|246|2021-07-27,-0.014797572960241812,-0.6733664230633328
210669,246,2021-07-27,2021-08-08,13,treatment,1,0.013678787,0,dept_246_closure_2021-07-27,2021-08-09,2021-08,1,1,1.0,210669|246|2021-07-27,-0.29410118596024176,-0.6733664230633328
215562,246,2021-07-27,2021-08-08,13,control,0,0.04311617,0,dept_246_closure_2021-07-27,2021-08-09,2021-08,1,1,,215562|246|2021-07-27,-0.2646638029602418,-0.6733664230633328
217728,246,2021-07-27,2021-08-08,13,control,0,0.029586418,0,dept_246_closure_2021-07-27,2021-08-09,2021-08,1,1,,217728|246|2021-07-27,-0.2781935549602418,-0.6733664230633328
218261,246,2021-07-27,2021-08-08,13,treatment,1,0.0028441278,0,dept_246_closure_2021-07-27,2021-08-09,2021-08,1,1,,218261|246|2021-07-27,-0.3049358451602418,-0.6733664230633328
220611,246,2021-07-27,2021-08-08,13,control,0,0.4585377,0,dept_246_closure_2021-07-27,2021-08-09,2021-08,1,1,1.0,220611|246|2021-07-27,0.1507577270397582,-0.6733664230633328
225448,246,2021-07-27,2021-08-08,13,control,0,0.0052057686,0,dept_246_closure_2021-07-27,2021-08-09,2021-08,1,1,1.0,225448|246|2021-07-27,-0.3025742043602418,-0.6733664230633328
225682,246,2021-07-27,2021-08-08,13,control,0,0.001283649,0,dept_246_closure_2021-07-27,2021-08-09,2021-08,1,1,,225682|246|2021-07-27,-0.3064963239602418,-0.6733664230633328
226835,246,2021-07-27,2021-08-08,13,control,0,0.12201637,0,dept_246_closure_2021-07-27,2021-08-09,2021-08,1,1,,226835|246|2021-07-27,-0.1857636029602418,-0.6733664230633328
229636,246,2021-07-27,2021-08-08,13,control,0,0.3207437,0,dept_246_closure_2021-07-27,2021-08-09,2021-08,1,1,0.0,229636|246|2021-07-27,0.012963727039758233,-0.6733664230633328
230132,246,2021-07-27,2021-08-08,13,control,0,0.06859596,0,dept_246_closure_2021-07-27,2021-08-09,2021-08,1,1,,230132|246|2021-07-27,-0.23918401296024178,-0.6733664230633328
233290,246,2021-07-27,2021-08-08,13,control,0,0.52270347,1,dept_246_closure_2021-07-27,2021-08-09,2021-08,1,1,,233290|246|2021-07-27,0.21492349703975816,-0.6733664230633328
233346,246,2021-07-27,2021-08-08,13,control,0,0.00021615047,0,dept_246_closure_2021-07-27,2021-08-09,2021-08,1,1,,233346|246|2021-07-27,-0.3075638224902418,-0.6733664230633328
234672,246,2021-07-27,2021-08-08,13,control,0,0.000580863,0,dept_246_closure_2021-07-27,2021-08-09,2021-08,1,1,,234672|246|2021-07-27,-0.3071991099602418,-0.6733664230633328
236029,246,2021-07-27,2021-08-08,13,control,0,0.040655516,0,dept_246_closure_2021-07-27,2021-08-09,2021-08,1,1,,236029|246|2021-07-27,-0.2671244569602418,-0.6733664230633328
236820,246,2021-07-27,2021-08-08,13,control,0,0.00022939839,0,dept_246_closure_2021-07-27,2021-08-09,2021-08,1,1,,236820|246|2021-07-27,-0.30755057457024176,-0.6733664230633328
236997,246,2021-07-27,2021-08-08,13,control,0,0.36613643,0,dept_246_closure_2021-07-27,2021-08-09,2021-08,1,1,,236997|246|2021-07-27,0.058356457039758225,-0.6733664230633328
237146,246,2021-07-27,2021-08-08,13,control,0,0.61688244,1,dept_246_closure_2021-07-27,2021-08-09,2021-08,1,1,,237146|246|2021-07-27,0.30910246703975824,-0.6733664230633328
237810,246,2021-07-27,2021-08-08,13,control,0,0.005046733,0,dept_246_closure_2021-07-27,2021-08-09,2021-08,1,1,,237810|246|2021-07-27,-0.30273323996024176,-0.6733664230633328
238525,246,2021-07-27,2021-08-08,13,control,0,0.007303511,0,dept_246_closure_2021-07-27,2021-08-09,2021-08,1,1,,238525|246|2021-07-27,-0.3004764619602418,-0.6733664230633328
241338,246,2021-07-27,2021-08-08,13,control,0,0.021715533,0,dept_246_closure_2021-07-27,2021-08-09,2021-08,1,1,,241338|246|2021-07-27,-0.2860644399602418,-0.6733664230633328
241507,246,2021-07-27,2021-08-08,13,control,0,0.20312865,0,dept_246_closure_2021-07-27,2021-08-09,2021-08,1,1,,241507|246|2021-07-27,-0.1046513229602418,-0.6733664230633328
244794,246,2021-07-27,2021-08-08,13,control,0,0.33012336,0,dept_246_closure_2021-07-27,2021-08-09,2021-08,1,1,0.5,244794|246|2021-07-27,0.02234338703975819,-0.6733664230633328
245077,246,2021-07-27,2021-08-08,13,control,0,0.10267958,0,dept_246_closure_2021-07-27,2021-08-09,2021-08,1,1,0.5,245077|246|2021-07-27,-0.2051003929602418,-0.6733664230633328
246094,246,2021-07-27,2021-08-08,13,control,0,0.0079742605,0,dept_246_closure_2021-07-27,2021-08-09,2021-08,1,1,,246094|246|2021-07-27,-0.2998057124602418,-0.6733664230633328
247767,246,2021-07-27,2021-08-08,13,control,0,0.0012259317,0,dept_246_closure_2021-07-27,2021-08-09,2021-08,1,1,,247767|246|2021-07-27,-0.30655404126024177,-0.6733664230633328
249817,246,2021-07-27,2021-08-08,13,treatment,1,0.44966677,0,dept_246_closure_2021-07-27,2021-08-09,2021-08,1,1,,249817|246|2021-07-27,0.1418867970397582,-0.6733664230633328
250542,246,2021-07-27,2021-08-08,13,control,0,0.0035489663,0,dept_246_closure_2021-07-27,2021-08-09,2021-08,1,1,,250542|246|2021-07-27,-0.3042310066602418,-0.6733664230633328
251334,246,2021-07-27,2021-08-08,13,control,0,0.0025421518,0,dept_246_closure_2021-07-27,2021-08-09,2021-08,1,1,,251334|246|2021-07-27,-0.3052378211602418,-0.6733664230633328
252087,246,2021-07-27,2021-08-08,13,control,0,0.8424901,1,dept_246_closure_2021-07-27,2021-08-09,2021-08,1,1,,252087|246|2021-07-27,0.5347101270397583,-0.6733664230633328
252217,246,2021-07-27,2021-08-08,13,control,0,0.7053127,1,dept_246_closure_2021-07-27,2021-08-09,2021-08,1,1,,252217|246|2021-07-27,0.3975327270397582,-0.6733664230633328
255689,246,2021-07-27,2021-08-08,13,control,0,0.55216575,1,dept_246_closure_2021-07-27,2021-08-09,2021-08,1,1,,255689|246|2021-07-27,0.24438577703975822,-0.6733664230633328
255874,246,2021-07-27,2021-08-08,13,control,0,0.078918055,0,dept_246_closure_2021-07-27,2021-08-09,2021-08,1,1,,255874|246|2021-07-27,-0.2288619179602418,-0.6733664230633328
257892,246,2021-07-27,2021-08-08,13,treatment,1,0.09642344,0,dept_246_closure_2021-07-27,2021-08-09,2021-08,1,1,,257892|246|2021-07-27,-0.2113565329602418,-0.6733664230633328
259539,246,2021-07-27,2021-08-08,13,control,0,0.98992246,1,dept_246_closure_2021-07-27,2021-08-09,2021-08,1,1,,259539|246|2021-07-27,0.6821424870397581,-0.6733664230633328
259582,246,2021-07-27,2021-08-08,13,control,0,0.7666549,1,dept_246_closure_2021-07-27,2021-08-09,2021-08,1,1,1.0,259582|246|2021-07-27,0.45887492703975824,-0.6733664230633328
260406,246,2021-07-27,2021-08-08,13,control,0,0.95459735,1,dept_246_closure_2021-07-27,2021-08-09,2021-08,1,1,0.0,260406|246|2021-07-27,0.6468173770397583,-0.6733664230633328
262174,246,2021-07-27,2021-08-08,13,control,0,0.017433695,0,dept_246_closure_2021-07-27,2021-08-09,2021-08,1,1,,262174|246|2021-07-27,-0.2903462779602418,-0.6733664230633328
262226,246,2021-07-27,2021-08-08,13,treatment,1,0.0046343305,0,dept_246_closure_2021-07-27,2021-08-09,2021-08,1,1,,262226|246|2021-07-27,-0.3031456424602418,-0.6733664230633328
262312,246,2021-07-27,2021-08-08,13,treatment,1,0.30028024,0,dept_246_closure_2021-07-27,2021-08-09,2021-08,1,1,,262312|246|2021-07-27,-0.007499732960241812,-0.6733664230633328
262908,246,2021-07-27,2021-08-08,13,control,0,0.0017360738,0,dept_246_closure_2021-07-27,2021-08-09,2021-08,1,1,1.0,262908|246|2021-07-27,-0.3060438991602418,-0.6733664230633328
265383,246,2021-07-27,2021-08-08,13,control,0,0.3692996,0,dept_246_closure_2021-07-27,2021-08-09,2021-08,1,1,0.0,265383|246|2021-07-27,0.06151962703975822,-0.6733664230633328
266110,246,2021-07-27,2021-08-08,13,control,0,0.14823094,0,dept_246_closure_2021-07-27,2021-08-09,2021-08,1,1,,266110|246|2021-07-27,-0.15954903296024178,-0.6733664230633328
267323,246,2021-07-27,2021-08-08,13,control,0,0.009151967,0,dept_246_closure_2021-07-27,2021-08-09,2021-08,1,1,1.0,267323|246|2021-07-27,-0.2986280059602418,-0.6733664230633328
271753,246,2021-07-27,2021-08-08,13,control,0,0.70104194,1,dept_246_closure_2021-07-27,2021-08-09,2021-08,1,1,0.0,271753|246|2021-07-27,0.3932619670397582,-0.6733664230633328
272325,246,2021-07-27,2021-08-08,13,control,0,0.03747098,0,dept_246_closure_2021-07-27,2021-08-09,2021-08,1,1,1.0,272325|246|2021-07-27,-0.2703089929602418,-0.6733664230633328
274118,246,2021-07-27,2021-08-08,13,control,0,0.16955857,0,dept_246_closure_2021-07-27,2021-08-09,2021-08,1,1,,274118|246|2021-07-27,-0.1382214029602418,-0.6733664230633328
274812,246,2021-07-27,2021-08-08,13,control,0,0.009415506,0,dept_246_closure_2021-07-27,2021-08-09,2021-08,1,1,,274812|246|2021-07-27,-0.29836446696024177,-0.6733664230633328
277601,246,2021-07-27,2021-08-08,13,treatment,1,0.1419399,0,dept_246_closure_2021-07-27,2021-08-09,2021-08,1,1,0.0,277601|246|2021-07-27,-0.16584007296024178,-0.6733664230633328
280469,246,2021-07-27,2021-08-08,13,control,0,0.0043828194,0,dept_246_closure_2021-07-27,2021-08-09,2021-08,1,1,,280469|246|2021-07-27,-0.3033971535602418,-0.6733664230633328
283701,246,2021-07-27,2021-08-08,13,control,0,0.001436328,0,dept_246_closure_2021-07-27,2021-08-09,2021-08,1,1,,283701|246|2021-07-27,-0.3063436449602418,-0.6733664230633328
284315,246,2021-07-27,2021-08-08,13,control,0,0.4202311,0,dept_246_closure_2021-07-27,2021-08-09,2021-08,1,1,1.0,284315|246|2021-07-27,0.11245112703975824,-0.6733664230633328
285033,246,2021-07-27,2021-08-08,13,treatment,1,0.00620761,0,dept_246_closure_2021-07-27,2021-08-09,2021-08,1,1,,285033|246|2021-07-27,-0.3015723629602418,-0.6733664230633328
285046,246,2021-07-27,2021-08-08,13,control,0,0.0044367714,0,dept_246_closure_2021-07-27,2021-08-09,2021-08,1,1,,285046|246|2021-07-27,-0.3033432015602418,-0.6733664230633328
285633,246,2021-07-27,2021-08-08,13,control,0,0.43627,0,dept_246_closure_2021-07-27,2021-08-09,2021-08,1,1,,285633|246|2021-07-27,0.1284900270397582,-0.6733664230633328
286482,246,2021-07-27,2021-08-08,13,control,0,0.02225262,0,dept_246_closure_2021-07-27,2021-08-09,2021-08,1,1,0.0,286482|246|2021-07-27,-0.2855273529602418,-0.6733664230633328
286653,246,2021-07-27,2021-08-08,13,control,0,0.0026606242,0,dept_246_closure_2021-07-27,2021-08-09,2021-08,1,1,,286653|246|2021-07-27,-0.30511934876024177,-0.6733664230633328
286897,246,2021-07-27,2021-08-08,13,control,0,0.16014734,0,dept_246_closure_2021-07-27,2021-08-09,2021-08,1,1,0.5,286897|246|2021-07-27,-0.1476326329602418,-0.6733664230633328
287010,246,2021-07-27,2021-08-08,13,treatment,1,0.009861909,0,dept_246_closure_2021-07-27,2021-08-09,2021-08,1,1,,287010|246|2021-07-27,-0.2979180639602418,-0.6733664230633328
287756,246,2021-07-27,2021-08-08,13,treatment,1,0.28949228,0,dept_246_closure_2021-07-27,2021-08-09,2021-08,1,1,,287756|246|2021-07-27,-0.018287692960241797,-0.6733664230633328
288337,246,2021-07-27,2021-08-08,13,treatment,1,0.22882752,0,dept_246_closure_2021-07-27,2021-08-09,2021-08,1,1,1.0,288337|246|2021-07-27,-0.07895245296024178,-0.6733664230633328
288975,246,2021-07-27,2021-08-08,13,control,0,0.492053,0,dept_246_closure_2021-07-27,2021-08-09,2021-08,1,1,,288975|246|2021-07-27,0.18427302703975823,-0.6733664230633328
288983,246,2021-07-27,2021-08-08,13,control,0,0.2496914,0,dept_246_closure_2021-07-27,2021-08-09,2021-08,1,1,,288983|246|2021-07-27,-0.05808857296024178,-0.6733664230633328
290365,246,2021-07-27,2021-08-08,13,control,0,0.10970233,0,dept_246_closure_2021-07-27,2021-08-09,2021-08,1,1,,290365|246|2021-07-27,-0.19807764296024177,-0.6733664230633328
298986,246,2021-07-27,2021-08-08,13,treatment,1,0.04026596,0,dept_246_closure_2021-07-27,2021-08-09,2021-08,1,1,,298986|246|2021-07-27,-0.2675140129602418,-0.6733664230633328
301762,246,2021-07-27,2021-08-08,13,control,0,0.7357581,1,dept_246_closure_2021-07-27,2021-08-09,2021-08,1,1,1.0,301762|246|2021-07-27,0.4279781270397582,-0.6733664230633328
304979,246,2021-07-27,2021-08-08,13,control,0,0.09525018,0,dept_246_closure_2021-07-27,2021-08-09,2021-08,1,1,,304979|246|2021-07-27,-0.21252979296024177,-0.6733664230633328
307417,246,2021-07-27,2021-08-08,13,control,0,0.9599353,1,dept_246_closure_2021-07-27,2021-08-09,2021-08,1,1,0.5,307417|246|2021-07-27,0.6521553270397582,-0.6733664230633328
309461,246,2021-07-27,2021-08-08,13,control,0,0.44486257,0,dept_246_closure_2021-07-27,2021-08-09,2021-08,1,1,,309461|246|2021-07-27,0.13708259703975822,-0.6733664230633328
313013,246,2021-07-27,2021-08-08,13,control,0,0.2960066,0,dept_246_closure_2021-07-27,2021-08-09,2021-08,1,1,,313013|246|2021-07-27,-0.01177337296024178,-0.6733664230633328
313212,246,2021-07-27,2021-08-08,13,control,0,0.5962742,1,dept_246_closure_2021-07-27,2021-08-09,2021-08,1,1,1.0,313212|246|2021-07-27,0.2884942270397582,-0.6733664230633328
316936,246,2021-07-27,2021-08-08,13,control,0,0.0037791403,0,dept_246_closure_2021-07-27,2021-08-09,2021-08,1,1,,316936|246|2021-07-27,-0.3040008326602418,-0.6733664230633328
317316,246,2021-07-27,2021-08-08,13,control,0,0.85932696,1,dept_246_closure_2021-07-27,2021-08-09,2021-08,1,1,,317316|246|2021-07-27,0.5515469870397582,-0.6733664230633328
319362,246,2021-07-27,2021-08-08,13,control,0,0.054192737,0,dept_246_closure_2021-07-27,2021-08-09,2021-08,1,1,,319362|246|2021-07-27,-0.2535872359602418,-0.6733664230633328
319378,246,2021-07-27,2021-08-08,13,control,0,0.0054719755,0,dept_246_closure_2021-07-27,2021-08-09,2021-08,1,1,,319378|246|2021-07-27,-0.3023079974602418,-0.6733664230633328
321260,246,2021-07-27,2021-08-08,13,control,0,0.8903487,1,dept_246_closure_2021-07-27,2021-08-09,2021-08,1,1,,321260|246|2021-07-27,0.5825687270397581,-0.6733664230633328
330118,246,2021-07-27,2021-08-08,13,control,0,0.02843772,0,dept_246_closure_2021-07-27,2021-08-09,2021-08,1,1,,330118|246|2021-07-27,-0.2793422529602418,-0.6733664230633328
331482,246,2021-07-27,2021-08-08,13,treatment,1,0.001361551,0,dept_246_closure_2021-07-27,2021-08-09,2021-08,1,1,,331482|246|2021-07-27,-0.30641842196024177,-0.6733664230633328
333622,246,2021-07-27,2021-08-08,13,control,0,0.9366751,1,dept_246_closure_2021-07-27,2021-08-09,2021-08,1,1,,333622|246|2021-07-27,0.6288951270397583,-0.6733664230633328
334962,246,2021-07-27,2021-08-08,13,control,0,0.08659036,0,dept_246_closure_2021-07-27,2021-08-09,2021-08,1,1,,334962|246|2021-07-27,-0.22118961296024178,-0.6733664230633328
335068,246,2021-07-27,2021-08-08,13,treatment,1,0.009978552,0,dept_246_closure_2021-07-27,2021-08-09,2021-08,1,1,,335068|246|2021-07-27,-0.2978014209602418,-0.6733664230633328
338562,246,2021-07-27,2021-08-08,13,treatment,1,0.017088,0,dept_246_closure_2021-07-27,2021-08-09,2021-08,1,1,,338562|246|2021-07-27,-0.2906919729602418,-0.6733664230633328
338823,246,2021-07-27,2021-08-08,13,control,0,0.014918992,0,dept_246_closure_2021-07-27,2021-08-09,2021-08,1,1,,338823|246|2021-07-27,-0.29286098096024177,-0.6733664230633328
339792,246,2021-07-27,2021-08-08,13,control,0,0.8495822,1,dept_246_closure_2021-07-27,2021-08-09,2021-08,1,1,,339792|246|2021-07-27,0.5418022270397582,-0.6733664230633328
341957,246,2021-07-27,2021-08-08,13,control,0,0.0035954094,0,dept_246_closure_2021-07-27,2021-08-09,2021-08,1,1,,341957|246|2021-07-27,-0.30418456356024176,-0.6733664230633328
344830,246,2021-07-27,2021-08-08,13,control,0,0.052282482,0,dept_246_closure_2021-07-27,2021-08-09,2021-08,1,1,,344830|246|2021-07-27,-0.25549749096024177,-0.6733664230633328
345539,246,2021-07-27,2021-08-08,13,control,0,0.00086524605,0,dept_246_closure_2021-07-27,2021-08-09,2021-08,1,1,,345539|246|2021-07-27,-0.3069147269102418,-0.6733664230633328
345625,246,2021-07-27,2021-08-08,13,control,0,0.018565921,0,dept_246_closure_2021-07-27,2021-08-09,2021-08,1,1,1.0,345625|246|2021-07-27,-0.2892140519602418,-0.6733664230633328
347325,246,2021-07-27,2021-08-08,13,control,0,0.0043380465,0,dept_246_closure_2021-07-27,2021-08-09,2021-08,1,1,,347325|246|2021-07-27,-0.30344192646024176,-0.6733664230633328
350016,246,2021-07-27,2021-08-08,13,control,0,0.6836625,1,dept_246_closure_2021-07-27,2021-08-09,2021-08,1,1,1.0,350016|246|2021-07-27,0.37588252703975816,-0.6733664230633328
355134,246,2021-07-27,2021-08-08,13,control,0,0.0044010277,0,dept_246_closure_2021-07-27,2021-08-09,2021-08,1,1,,355134|246|2021-07-27,-0.3033789452602418,-0.6733664230633328
355269,246,2021-07-27,2021-08-08,13,control,0,0.016801858,0,dept_246_closure_2021-07-27,2021-08-09,2021-08,1,1,,355269|246|2021-07-27,-0.2909781149602418,-0.6733664230633328
357111,246,2021-07-27,2021-08-08,13,control,0,0.23188306,0,dept_246_closure_2021-07-27,2021-08-09,2021-08,1,1,,357111|246|2021-07-27,-0.07589691296024179,-0.6733664230633328
359844,246,2021-07-27,2021-08-08,13,control,0,0.52867234,1,dept_246_closure_2021-07-27,2021-08-09,2021-08,1,1,0.5,359844|246|2021-07-27,0.22089236703975818,-0.6733664230633328
365341,246,2021-07-27,2021-08-08,13,control,0,0.13278699,0,dept_246_closure_2021-07-27,2021-08-09,2021-08,1,1,0.5,365341|246|2021-07-27,-0.1749929829602418,-0.6733664230633328
370044,246,2021-07-27,2021-08-08,13,control,0,0.0035498582,0,dept_246_closure_2021-07-27,2021-08-09,2021-08,1,1,,370044|246|2021-07-27,-0.3042301147602418,-0.6733664230633328
371221,246,2021-07-27,2021-08-08,13,control,0,0.99873716,1,dept_246_closure_2021-07-27,2021-08-09,2021-08,1,1,0.6666666666666666,371221|246|2021-07-27,0.6909571870397582,-0.6733664230633328
372747,246,2021-07-27,2021-08-08,13,control,0,0.0048901043,0,dept_246_closure_2021-07-27,2021-08-09,2021-08,1,1,,372747|246|2021-07-27,-0.3028898686602418,-0.6733664230633328
375645,246,2021-07-27,2021-08-08,13,control,0,0.37152928,0,dept_246_closure_2021-07-27,2021-08-09,2021-08,1,1,1.0,375645|246|2021-07-27,0.06374930703975823,-0.6733664230633328
378407,246,2021-07-27,2021-08-08,13,treatment,1,0.29822764,0,dept_246_closure_2021-07-27,2021-08-09,2021-08,1,1,1.0,378407|246|2021-07-27,-0.009552332960241772,-0.6733664230633328
379838,246,2021-07-27,2021-08-08,13,control,0,0.012882659,0,dept_246_closure_2021-07-27,2021-08-09,2021-08,1,1,,379838|246|2021-07-27,-0.29489731396024177,-0.6733664230633328
384650,246,2021-07-27,2021-08-08,13,treatment,1,0.5255844,1,dept_246_closure_2021-07-27,2021-08-09,2021-08,1,1,,384650|246|2021-07-27,0.21780442703975816,-0.6733664230633328
385192,246,2021-07-27,2021-08-08,13,treatment,1,0.0069333566,0,dept_246_closure_2021-07-27,2021-08-09,2021-08,1,1,,385192|246|2021-07-27,-0.3008466163602418,-0.6733664230633328
385301,246,2021-07-27,2021-08-08,13,treatment,1,0.0020563663,0,dept_246_closure_2021-07-27,2021-08-09,2021-08,1,1,,385301|246|2021-07-27,-0.3057236066602418,-0.6733664230633328
390094,246,2021-07-27,2021-08-08,13,control,0,0.6938326,1,dept_246_closure_2021-07-27,2021-08-09,2021-08,1,1,,390094|246|2021-07-27,0.38605262703975823,-0.6733664230633328
394241,246,2021-07-27,2021-08-08,13,control,0,0.0024767357,0,dept_246_closure_2021-07-27,2021-08-09,2021-08,1,1,,394241|246|2021-07-27,-0.3053032372602418,-0.6733664230633328
398720,246,2021-07-27,2021-08-08,13,control,0,0.10058723,0,dept_246_closure_2021-07-27,2021-08-09,2021-08,1,1,1.0,398720|246|2021-07-27,-0.2071927429602418,-0.6733664230633328
399165,246,2021-07-27,2021-08-08,13,treatment,1,0.01611269,0,dept_246_closure_2021-07-27,2021-08-09,2021-08,1,1,,399165|246|2021-07-27,-0.2916672829602418,-0.6733664230633328
400356,246,2021-07-27,2021-08-08,13,control,0,0.5050747,1,dept_246_closure_2021-07-27,2021-08-09,2021-08,1,1,1.0,400356|246|2021-07-27,0.1972947270397582,-0.6733664230633328
403400,246,2021-07-27,2021-08-08,13,control,0,0.06201131,0,dept_246_closure_2021-07-27,2021-08-09,2021-08,1,1,,403400|246|2021-07-27,-0.2457686629602418,-0.6733664230633328
403978,246,2021-07-27,2021-08-08,13,control,0,0.015248471,0,dept_246_closure_2021-07-27,2021-08-09,2021-08,1,1,,403978|246|2021-07-27,-0.2925315019602418,-0.6733664230633328
406351,246,2021-07-27,2021-08-08,13,control,0,0.9433126,1,dept_246_closure_2021-07-27,2021-08-09,2021-08,1,1,0.3333333333333333,406351|246|2021-07-27,0.6355326270397581,-0.6733664230633328
411042,246,2021-07-27,2021-08-08,13,control,0,0.0035023398,0,dept_246_closure_2021-07-27,2021-08-09,2021-08,1,1,1.0,411042|246|2021-07-27,-0.3042776331602418,-0.6733664230633328
413597,246,2021-07-27,2021-08-08,13,treatment,1,0.033977475,0,dept_246_closure_2021-07-27,2021-08-09,2021-08,1,1,,413597|246|2021-07-27,-0.2738024979602418,-0.6733664230633328
416998,246,2021-07-27,2021-08-08,13,control,0,0.0013396153,0,dept_246_closure_2021-07-27,2021-08-09,2021-08,1,1,,416998|246|2021-07-27,-0.3064403576602418,-0.6733664230633328
417897,246,2021-07-27,2021-08-08,13,control,0,0.5677011,1,dept_246_closure_2021-07-27,2021-08-09,2021-08,1,1,,417897|246|2021-07-27,0.25992112703975817,-0.6733664230633328
419836,246,2021-07-27,2021-08-08,13,control,0,0.40988797,0,dept_246_closure_2021-07-27,2021-08-09,2021-08,1,1,,419836|246|2021-07-27,0.1021079970397582,-0.6733664230633328
423045,246,2021-07-27,2021-08-08,13,control,0,0.944171,1,dept_246_closure_2021-07-27,2021-08-09,2021-08,1,1,0.0,423045|246|2021-07-27,0.6363910270397581,-0.6733664230633328
424548,246,2021-07-27,2021-08-08,13,control,0,0.7207846,1,dept_246_closure_2021-07-27,2021-08-09,2021-08,1,1,0.0,424548|246|2021-07-27,0.4130046270397582,-0.6733664230633328
431076,246,2021-07-27,2021-08-08,13,control,0,0.031024417,0,dept_246_closure_2021-07-27,2021-08-09,2021-08,1,1,,431076|246|2021-07-27,-0.2767555559602418,-0.6733664230633328
431105,246,2021-07-27,2021-08-08,13,treatment,1,0.06195705,0,dept_246_closure_2021-07-27,2021-08-09,2021-08,1,1,,431105|246|2021-07-27,-0.24582292296024177,-0.6733664230633328
432796,246,2021-07-27,2021-08-08,13,control,0,0.010759436,0,dept_246_closure_2021-07-27,2021-08-09,2021-08,1,1,,432796|246|2021-07-27,-0.2970205369602418,-0.6733664230633328
434128,246,2021-07-27,2021-08-08,13,control,0,0.16260657,0,dept_246_closure_2021-07-27,2021-08-09,2021-08,1,1,0.0,434128|246|2021-07-27,-0.14517340296024178,-0.6733664230633328
439016,246,2021-07-27,2021-08-08,13,control,0,0.00097234204,0,dept_246_closure_2021-07-27,2021-08-09,2021-08,1,1,,439016|246|2021-07-27,-0.30680763092024177,-0.6733664230633328
439415,246,2021-07-27,2021-08-08,13,treatment,1,0.00854473,0,dept_246_closure_2021-07-27,2021-08-09,2021-08,1,1,,439415|246|2021-07-27,-0.2992352429602418,-0.6733664230633328
440301,246,2021-07-27,2021-08-08,13,control,0,0.7762471,1,dept_246_closure_2021-07-27,2021-08-09,2021-08,1,1,0.0,440301|246|2021-07-27,0.4684671270397582,-0.6733664230633328
441807,246,2021-07-27,2021-08-08,13,treatment,1,0.007342132,0,dept_246_closure_2021-07-27,2021-08-09,2021-08,1,1,,441807|246|2021-07-27,-0.3004378409602418,-0.6733664230633328
441960,246,2021-07-27,2021-08-08,13,treatment,1,0.06911523,0,dept_246_closure_2021-07-27,2021-08-09,2021-08,1,1,,441960|246|2021-07-27,-0.2386647429602418,-0.6733664230633328
442347,246,2021-07-27,2021-08-08,13,control,0,0.4125593,0,dept_246_closure_2021-07-27,2021-08-09,2021-08,1,1,0.0,442347|246|2021-07-27,0.10477932703975823,-0.6733664230633328
442951,246,2021-07-27,2021-08-08,13,control,0,0.08055308,0,dept_246_closure_2021-07-27,2021-08-09,2021-08,1,1,,442951|246|2021-07-27,-0.2272268929602418,-0.6733664230633328
443224,246,2021-07-27,2021-08-08,13,control,0,0.012283262,0,dept_246_closure_2021-07-27,2021-08-09,2021-08,1,1,,443224|246|2021-07-27,-0.29549671096024177,-0.6733664230633328
444724,246,2021-07-27,2021-08-08,13,control,0,0.31141287,0,dept_246_closure_2021-07-27,2021-08-09,2021-08,1,1,,444724|246|2021-07-27,0.0036328970397582205,-0.6733664230633328
446139,246,2021-07-27,2021-08-08,13,treatment,1,0.01199333,0,dept_246_closure_2021-07-27,2021-08-09,2021-08,1,1,,446139|246|2021-07-27,-0.29578664296024176,-0.6733664230633328
449149,246,2021-07-27,2021-08-08,13,control,0,0.023524707,0,dept_246_closure_2021-07-27,2021-08-09,2021-08,1,1,,449149|246|2021-07-27,-0.2842552659602418,-0.6733664230633328
450011,246,2021-07-27,2021-08-08,13,treatment,1,0.07574345,0,dept_246_closure_2021-07-27,2021-08-09,2021-08,1,1,,450011|246|2021-07-27,-0.2320365229602418,-0.6733664230633328
450376,246,2021-07-27,2021-08-08,13,control,0,0.9690146,1,dept_246_closure_2021-07-27,2021-08-09,2021-08,1,1,,450376|246|2021-07-27,0.6612346270397582,-0.6733664230633328
452100,246,2021-07-27,2021-08-08,13,control,0,0.004648191,0,dept_246_closure_2021-07-27,2021-08-09,2021-08,1,1,,452100|246|2021-07-27,-0.30313178196024176,-0.6733664230633328
452195,246,2021-07-27,2021-08-08,13,control,0,0.19528177,0,dept_246_closure_2021-07-27,2021-08-09,2021-08,1,1,,452195|246|2021-07-27,-0.1124982029602418,-0.6733664230633328
452907,246,2021-07-27,2021-08-08,13,control,0,0.010661791,0,dept_246_closure_2021-07-27,2021-08-09,2021-08,1,1,,452907|246|2021-07-27,-0.2971181819602418,-0.6733664230633328
453025,246,2021-07-27,2021-08-08,13,control,0,0.14658046,0,dept_246_closure_2021-07-27,2021-08-09,2021-08,1,1,,453025|246|2021-07-27,-0.1611995129602418,-0.6733664230633328
453038,246,2021-07-27,2021-08-08,13,control,0,0.2722325,0,dept_246_closure_2021-07-27,2021-08-09,2021-08,1,1,1.0,453038|246|2021-07-27,-0.0355474729602418,-0.6733664230633328
453665,246,2021-07-27,2021-08-08,13,control,0,0.009102977,0,dept_246_closure_2021-07-27,2021-08-09,2021-08,1,1,,453665|246|2021-07-27,-0.2986769959602418,-0.6733664230633328
454818,246,2021-07-27,2021-08-08,13,control,0,0.007638136,0,dept_246_closure_2021-07-27,2021-08-09,2021-08,1,1,,454818|246|2021-07-27,-0.30014183696024177,-0.6733664230633328
454884,246,2021-07-27,2021-08-08,13,control,0,0.002269149,0,dept_246_closure_2021-07-27,2021-08-09,2021-08,1,1,,454884|246|2021-07-27,-0.30551082396024176,-0.6733664230633328
455289,246,2021-07-27,2021-08-08,13,control,0,0.028846227,0,dept_246_closure_2021-07-27,2021-08-09,2021-08,1,1,0.5,455289|246|2021-07-27,-0.2789337459602418,-0.6733664230633328
456094,246,2021-07-27,2021-08-08,13,control,0,0.18711595,0,dept_246_closure_2021-07-27,2021-08-09,2021-08,1,1,,456094|246|2021-07-27,-0.12066402296024178,-0.6733664230633328
458984,246,2021-07-27,2021-08-08,13,control,0,0.9810481,1,dept_246_closure_2021-07-27,2021-08-09,2021-08,1,1,0.5,458984|246|2021-07-27,0.6732681270397582,-0.6733664230633328
459841,246,2021-07-27,2021-08-08,13,control,0,0.0005614279,0,dept_246_closure_2021-07-27,2021-08-09,2021-08,1,1,,459841|246|2021-07-27,-0.30721854506024177,-0.6733664230633328
461467,246,2021-07-27,2021-08-08,13,control,0,0.009364551,0,dept_246_closure_2021-07-27,2021-08-09,2021-08,1,1,,461467|246|2021-07-27,-0.2984154219602418,-0.6733664230633328
461932,246,2021-07-27,2021-08-08,13,control,0,0.09253036,0,dept_246_closure_2021-07-27,2021-08-09,2021-08,1,1,,461932|246|2021-07-27,-0.21524961296024178,-0.6733664230633328
468637,246,2021-07-27,2021-08-08,13,control,0,0.0082636215,0,dept_246_closure_2021-07-27,2021-08-09,2021-08,1,1,,468637|246|2021-07-27,-0.2995163514602418,-0.6733664230633328
468990,246,2021-07-27,2021-08-08,13,control,0,0.0036695665,0,dept_246_closure_2021-07-27,2021-08-09,2021-08,1,1,0.5,468990|246|2021-07-27,-0.3041104064602418,-0.6733664230633328
470518,246,2021-07-27,2021-08-08,13,control,0,0.322585,0,dept_246_closure_2021-07-27,2021-08-09,2021-08,1,1,,470518|246|2021-07-27,0.014805027039758223,-0.6733664230633328
470834,246,2021-07-27,2021-08-08,13,control,0,0.000823228,0,dept_246_closure_2021-07-27,2021-08-09,2021-08,1,1,,470834|246|2021-07-27,-0.3069567449602418,-0.6733664230633328
476923,246,2021-07-27,2021-08-08,13,control,0,0.03176959,0,dept_246_closure_2021-07-27,2021-08-09,2021-08,1,1,0.0,476923|246|2021-07-27,-0.2760103829602418,-0.6733664230633328
477028,246,2021-07-27,2021-08-08,13,control,0,0.042944282,0,dept_246_closure_2021-07-27,2021-08-09,2021-08,1,1,0.0,477028|246|2021-07-27,-0.2648356909602418,-0.6733664230633328
480298,246,2021-07-27,2021-08-08,13,treatment,1,0.13048448,0,dept_246_closure_2021-07-27,2021-08-09,2021-08,1,1,,480298|246|2021-07-27,-0.17729549296024177,-0.6733664230633328
480324,246,2021-07-27,2021-08-08,13,control,0,0.46218455,0,dept_246_closure_2021-07-27,2021-08-09,2021-08,1,1,,480324|246|2021-07-27,0.15440457703975824,-0.6733664230633328
484536,246,2021-07-27,2021-08-08,13,control,0,0.01640969,0,dept_246_closure_2021-07-27,2021-08-09,2021-08,1,1,,484536|246|2021-07-27,-0.2913702829602418,-0.6733664230633328
491245,246,2021-07-27,2021-08-08,13,treatment,1,0.40913373,0,dept_246_closure_2021-07-27,2021-08-09,2021-08,1,1,,491245|246|2021-07-27,0.10135375703975819,-0.6733664230633328
495255,246,2021-07-27,2021-08-08,13,control,0,0.5636729,1,dept_246_closure_2021-07-27,2021-08-09,2021-08,1,1,,495255|246|2021-07-27,0.25589292703975824,-0.6733664230633328
495653,246,2021-07-27,2021-08-08,13,control,0,0.01161271,0,dept_246_closure_2021-07-27,2021-08-09,2021-08,1,1,,495653|246|2021-07-27,-0.29616726296024176,-0.6733664230633328
500432,246,2021-07-27,2021-08-08,13,treatment,1,0.0071476568,0,dept_246_closure_2021-07-27,2021-08-09,2021-08,1,1,,500432|246|2021-07-27,-0.3006323161602418,-0.6733664230633328
501027,246,2021-07-27,2021-08-08,13,control,0,0.07780795,0,dept_246_closure_2021-07-27,2021-08-09,2021-08,1,1,,501027|246|2021-07-27,-0.22997202296024177,-0.6733664230633328
501671,246,2021-07-27,2021-08-08,13,control,0,0.006003442,0,dept_246_closure_2021-07-27,2021-08-09,2021-08,1,1,0.6666666666666666,501671|246|2021-07-27,-0.30177653096024176,-0.6733664230633328
505404,246,2021-07-27,2021-08-08,13,control,0,0.0010926963,0,dept_246_closure_2021-07-27,2021-08-09,2021-08,1,1,,505404|246|2021-07-27,-0.3066872766602418,-0.6733664230633328
507059,246,2021-07-27,2021-08-08,13,control,0,0.038536042,0,dept_246_closure_2021-07-27,2021-08-09,2021-08,1,1,,507059|246|2021-07-27,-0.2692439309602418,-0.6733664230633328
515135,246,2021-07-27,2021-08-08,13,control,0,0.77358234,1,dept_246_closure_2021-07-27,2021-08-09,2021-08,1,1,1.0,515135|246|2021-07-27,0.46580236703975825,-0.6733664230633328
516387,246,2021-07-27,2021-08-08,13,control,0,0.54751676,1,dept_246_closure_2021-07-27,2021-08-09,2021-08,1,1,0.6666666666666666,516387|246|2021-07-27,0.23973678703975826,-0.6733664230633328
516947,246,2021-07-27,2021-08-08,13,control,0,0.0024468016,0,dept_246_closure_2021-07-27,2021-08-09,2021-08,1,1,,516947|246|2021-07-27,-0.3053331713602418,-0.6733664230633328
518073,246,2021-07-27,2021-08-08,13,control,0,0.0034049528,0,dept_246_closure_2021-07-27,2021-08-09,2021-08,1,1,,518073|246|2021-07-27,-0.30437502016024176,-0.6733664230633328
522473,246,2021-07-27,2021-08-08,13,control,0,0.006477041,0,dept_246_closure_2021-07-27,2021-08-09,2021-08,1,1,,522473|246|2021-07-27,-0.30130293196024177,-0.6733664230633328
522888,246,2021-07-27,2021-08-08,13,control,0,0.46438572,0,dept_246_closure_2021-07-27,2021-08-09,2021-08,1,1,0.0,522888|246|2021-07-27,0.15660574703975821,-0.6733664230633328
523756,246,2021-07-27,2021-08-08,13,control,0,0.08249825,0,dept_246_closure_2021-07-27,2021-08-09,2021-08,1,1,,523756|246|2021-07-27,-0.2252817229602418,-0.6733664230633328
524242,246,2021-07-27,2021-08-08,13,control,0,0.24817444,0,dept_246_closure_2021-07-27,2021-08-09,2021-08,1,1,1.0,524242|246|2021-07-27,-0.05960553296024179,-0.6733664230633328
525088,246,2021-07-27,2021-08-08,13,control,0,0.010470928,0,dept_246_closure_2021-07-27,2021-08-09,2021-08,1,1,,525088|246|2021-07-27,-0.2973090449602418,-0.6733664230633328
525089,246,2021-07-27,2021-08-08,13,control,0,0.3218755,0,dept_246_closure_2021-07-27,2021-08-09,2021-08,1,1,,525089|246|2021-07-27,0.014095527039758193,-0.6733664230633328
526993,246,2021-07-27,2021-08-08,13,control,0,0.041271646,0,dept_246_closure_2021-07-27,2021-08-09,2021-08,1,1,,526993|246|2021-07-27,-0.2665083269602418,-0.6733664230633328
527214,246,2021-07-27,2021-08-08,13,control,0,0.31292325,0,dept_246_closure_2021-07-27,2021-08-09,2021-08,1,1,,527214|246|2021-07-27,0.005143277039758198,-0.6733664230633328
527928,246,2021-07-27,2021-08-08,13,control,0,0.005893473,0,dept_246_closure_2021-07-27,2021-08-09,2021-08,1,1,,527928|246|2021-07-27,-0.3018864999602418,-0.6733664230633328
529562,246,2021-07-27,2021-08-08,13,control,0,0.17627233,0,dept_246_closure_2021-07-27,2021-08-09,2021-08,1,1,,529562|246|2021-07-27,-0.13150764296024178,-0.6733664230633328
531816,246,2021-07-27,2021-08-08,13,control,0,0.52069277,1,dept_246_closure_2021-07-27,2021-08-09,2021-08,1,1,1.0,531816|246|2021-07-27,0.21291279703975824,-0.6733664230633328
534802,246,2021-07-27,2021-08-08,13,control,0,0.017343024,0,dept_246_closure_2021-07-27,2021-08-09,2021-08,1,1,,534802|246|2021-07-27,-0.2904369489602418,-0.6733664230633328
535612,246,2021-07-27,2021-08-08,13,control,0,0.00053973676,0,dept_246_closure_2021-07-27,2021-08-09,2021-08,1,1,,535612|246|2021-07-27,-0.30724023620024177,-0.6733664230633328
536411,246,2021-07-27,2021-08-08,13,control,0,0.050159402,0,dept_246_closure_2021-07-27,2021-08-09,2021-08,1,1,,536411|246|2021-07-27,-0.25762057096024177,-0.6733664230633328
537954,246,2021-07-27,2021-08-08,13,control,0,0.16031921,0,dept_246_closure_2021-07-27,2021-08-09,2021-08,1,1,1.0,537954|246|2021-07-27,-0.1474607629602418,-0.6733664230633328
538089,246,2021-07-27,2021-08-08,13,control,0,0.13539918,0,dept_246_closure_2021-07-27,2021-08-09,2021-08,1,1,,538089|246|2021-07-27,-0.17238079296024178,-0.6733664230633328
542794,246,2021-07-27,2021-08-08,13,control,0,0.5084093,1,dept_246_closure_2021-07-27,2021-08-09,2021-08,1,1,,542794|246|2021-07-27,0.20062932703975817,-0.6733664230633328
543055,246,2021-07-27,2021-08-08,13,control,0,0.0135525465,0,dept_246_closure_2021-07-27,2021-08-09,2021-08,1,1,,543055|246|2021-07-27,-0.2942274264602418,-0.6733664230633328
543648,246,2021-07-27,2021-08-08,13,control,0,0.0039488655,0,dept_246_closure_2021-07-27,2021-08-09,2021-08,1,1,,543648|246|2021-07-27,-0.3038311074602418,-0.6733664230633328
545023,246,2021-07-27,2021-08-08,13,control,0,0.009715581,0,dept_246_closure_2021-07-27,2021-08-09,2021-08,1,1,,545023|246|2021-07-27,-0.2980643919602418,-0.6733664230633328
545692,246,2021-07-27,2021-08-08,13,control,0,0.0008134581,0,dept_246_closure_2021-07-27,2021-08-09,2021-08,1,1,,545692|246|2021-07-27,-0.3069665148602418,-0.6733664230633328
545694,246,2021-07-27,2021-08-08,13,control,0,0.0005715896,0,dept_246_closure_2021-07-27,2021-08-09,2021-08,1,1,,545694|246|2021-07-27,-0.3072083833602418,-0.6733664230633328
545758,246,2021-07-27,2021-08-08,13,control,0,0.71061146,1,dept_246_closure_2021-07-27,2021-08-09,2021-08,1,1,,545758|246|2021-07-27,0.4028314870397582,-0.6733664230633328
546891,246,2021-07-27,2021-08-08,13,control,0,0.07180334,0,dept_246_closure_2021-07-27,2021-08-09,2021-08,1,1,,546891|246|2021-07-27,-0.2359766329602418,-0.6733664230633328
548191,246,2021-07-27,2021-08-08,13,control,0,0.24172111,0,dept_246_closure_2021-07-27,2021-08-09,2021-08,1,1,,548191|246|2021-07-27,-0.0660588629602418,-0.6733664230633328
549711,246,2021-07-27,2021-08-08,13,treatment,1,0.0021731849,0,dept_246_closure_2021-07-27,2021-08-09,2021-08,1,1,,549711|246|2021-07-27,-0.3056067880602418,-0.6733664230633328
553155,246,2021-07-27,2021-08-08,13,control,0,0.83945435,1,dept_246_closure_2021-07-27,2021-08-09,2021-08,1,1,0.0,553155|246|2021-07-27,0.5316743770397583,-0.6733664230633328
553525,246,2021-07-27,2021-08-08,13,control,0,0.008986299,0,dept_246_closure_2021-07-27,2021-08-09,2021-08,1,1,,553525|246|2021-07-27,-0.2987936739602418,-0.6733664230633328
555770,246,2021-07-27,2021-08-08,13,treatment,1,0.010941439,0,dept_246_closure_2021-07-27,2021-08-09,2021-08,1,1,,555770|246|2021-07-27,-0.2968385339602418,-0.6733664230633328
555771,246,2021-07-27,2021-08-08,13,treatment,1,0.0842387,0,dept_246_closure_2021-07-27,2021-08-09,2021-08,1,1,,555771|246|2021-07-27,-0.2235412729602418,-0.6733664230633328
555774,246,2021-07-27,2021-08-08,13,treatment,1,0.008043327,0,dept_246_closure_2021-07-27,2021-08-09,2021-08,1,1,,555774|246|2021-07-27,-0.2997366459602418,-0.6733664230633328
555775,246,2021-07-27,2021-08-08,13,treatment,1,0.08296541,0,dept_246_closure_2021-07-27,2021-08-09,2021-08,1,1,,555775|246|2021-07-27,-0.22481456296024177,-0.6733664230633328
555779,246,2021-07-27,2021-08-08,13,treatment,1,0.0014057029,0,dept_246_closure_2021-07-27,2021-08-09,2021-08,1,1,,555779|246|2021-07-27,-0.30637427006024176,-0.6733664230633328
555783,246,2021-07-27,2021-08-08,13,treatment,1,0.013152651,0,dept_246_closure_2021-07-27,2021-08-09,2021-08,1,1,,555783|246|2021-07-27,-0.2946273219602418,-0.6733664230633328
555790,246,2021-07-27,2021-08-08,13,treatment,1,0.015164689,0,dept_246_closure_2021-07-27,2021-08-09,2021-08,1,1,,555790|246|2021-07-27,-0.2926152839602418,-0.6733664230633328
557816,246,2021-07-27,2021-08-08,13,control,0,0.21749215,0,dept_246_closure_2021-07-27,2021-08-09,2021-08,1,1,,557816|246|2021-07-27,-0.09028782296024179,-0.6733664230633328
559337,246,2021-07-27,2021-08-08,13,control,0,0.17666233,0,dept_246_closure_2021-07-27,2021-08-09,2021-08,1,1,,559337|246|2021-07-27,-0.13111764296024178,-0.6733664230633328
559408,246,2021-07-27,2021-08-08,13,control,0,0.018768283,0,dept_246_closure_2021-07-27,2021-08-09,2021-08,1,1,0.0,559408|246|2021-07-27,-0.2890116899602418,-0.6733664230633328
559409,246,2021-07-27,2021-08-08,13,control,0,0.96728253,1,dept_246_closure_2021-07-27,2021-08-09,2021-08,1,1,,559409|246|2021-07-27,0.6595025570397581,-0.6733664230633328
561590,246,2021-07-27,2021-08-08,13,control,0,0.128723,0,dept_246_closure_2021-07-27,2021-08-09,2021-08,1,1,,561590|246|2021-07-27,-0.17905697296024178,-0.6733664230633328
563019,246,2021-07-27,2021-08-08,13,control,0,0.009029443,0,dept_246_closure_2021-07-27,2021-08-09,2021-08,1,1,0.0,563019|246|2021-07-27,-0.29875052996024176,-0.6733664230633328
564033,246,2021-07-27,2021-08-08,13,control,0,0.13902798,0,dept_246_closure_2021-07-27,2021-08-09,2021-08,1,1,,564033|246|2021-07-27,-0.1687519929602418,-0.6733664230633328
567531,246,2021-07-27,2021-08-08,13,control,0,0.053659875,0,dept_246_closure_2021-07-27,2021-08-09,2021-08,1,1,,567531|246|2021-07-27,-0.25412009796024176,-0.6733664230633328
568304,246,2021-07-27,2021-08-08,13,control,0,0.18506885,0,dept_246_closure_2021-07-27,2021-08-09,2021-08,1,1,,568304|246|2021-07-27,-0.12271112296024178,-0.6733664230633328
568710,246,2021-07-27,2021-08-08,13,control,0,0.05581417,0,dept_246_closure_2021-07-27,2021-08-09,2021-08,1,1,,568710|246|2021-07-27,-0.2519658029602418,-0.6733664230633328
568717,246,2021-07-27,2021-08-08,13,control,0,0.19861202,0,dept_246_closure_2021-07-27,2021-08-09,2021-08,1,1,0.5,568717|246|2021-07-27,-0.10916795296024179,-0.6733664230633328
569171,246,2021-07-27,2021-08-08,13,control,0,0.7194902,1,dept_246_closure_2021-07-27,2021-08-09,2021-08,1,1,,569171|246|2021-07-27,0.4117102270397582,-0.6733664230633328
569243,246,2021-07-27,2021-08-08,13,control,0,0.30488983,0,dept_246_closure_2021-07-27,2021-08-09,2021-08,1,1,,569243|246|2021-07-27,-0.002890142960241815,-0.6733664230633328
572425,246,2021-07-27,2021-08-08,13,control,0,0.5277754,1,dept_246_closure_2021-07-27,2021-08-09,2021-08,1,1,0.0,572425|246|2021-07-27,0.21999542703975822,-0.6733664230633328
574110,246,2021-07-27,2021-08-08,13,control,0,0.0024425895,0,dept_246_closure_2021-07-27,2021-08-09,2021-08,1,1,,574110|246|2021-07-27,-0.3053373834602418,-0.6733664230633328
576316,246,2021-07-27,2021-08-08,13,control,0,0.18185039,0,dept_246_closure_2021-07-27,2021-08-09,2021-08,1,1,,576316|246|2021-07-27,-0.1259295829602418,-0.6733664230633328
578943,246,2021-07-27,2021-08-08,13,control,0,0.7836015,1,dept_246_closure_2021-07-27,2021-08-09,2021-08,1,1,0.0,578943|246|2021-07-27,0.47582152703975816,-0.6733664230633328
579360,246,2021-07-27,2021-08-08,13,control,0,0.16620348,0,dept_246_closure_2021-07-27,2021-08-09,2021-08,1,1,1.0,579360|246|2021-07-27,-0.1415764929602418,-0.6733664230633328
579361,246,2021-07-27,2021-08-08,13,control,0,0.80165404,1,dept_246_closure_2021-07-27,2021-08-09,2021-08,1,1,0.0,579361|246|2021-07-27,0.49387406703975817,-0.6733664230633328
581177,246,2021-07-27,2021-08-08,13,control,0,0.0018570615,0,dept_246_closure_2021-07-27,2021-08-09,2021-08,1,1,,581177|246|2021-07-27,-0.3059229114602418,-0.6733664230633328
583595,246,2021-07-27,2021-08-08,13,control,0,0.00058975234,0,dept_246_closure_2021-07-27,2021-08-09,2021-08,1,1,,583595|246|2021-07-27,-0.30719022062024176,-0.6733664230633328
585739,246,2021-07-27,2021-08-08,13,control,0,0.0023803557,0,dept_246_closure_2021-07-27,2021-08-09,2021-08,1,1,,585739|246|2021-07-27,-0.3053996172602418,-0.6733664230633328
588443,246,2021-07-27,2021-08-08,13,control,0,0.069057114,0,dept_246_closure_2021-07-27,2021-08-09,2021-08,1,1,,588443|246|2021-07-27,-0.23872285896024178,-0.6733664230633328
595167,246,2021-07-27,2021-08-08,13,control,0,0.058140654,0,dept_246_closure_2021-07-27,2021-08-09,2021-08,1,1,,595167|246|2021-07-27,-0.24963931896024177,-0.6733664230633328
596009,246,2021-07-27,2021-08-08,13,control,0,0.00039956646,0,dept_246_closure_2021-07-27,2021-08-09,2021-08,1,1,,596009|246|2021-07-27,-0.3073804065002418,-0.6733664230633328
596472,246,2021-07-27,2021-08-08,13,control,0,0.38928533,0,dept_246_closure_2021-07-27,2021-08-09,2021-08,1,1,0.0,596472|246|2021-07-27,0.0815053570397582,-0.6733664230633328
597124,246,2021-07-27,2021-08-08,13,control,0,0.0056995642,0,dept_246_closure_2021-07-27,2021-08-09,2021-08,1,1,,597124|246|2021-07-27,-0.3020804087602418,-0.6733664230633328
597426,246,2021-07-27,2021-08-08,13,control,0,0.24039146,0,dept_246_closure_2021-07-27,2021-08-09,2021-08,1,1,0.5,597426|246|2021-07-27,-0.06738851296024179,-0.6733664230633328
597841,246,2021-07-27,2021-08-08,13,control,0,0.6473513,1,dept_246_closure_2021-07-27,2021-08-09,2021-08,1,1,,597841|246|2021-07-27,0.3395713270397582,-0.6733664230633328
597844,246,2021-07-27,2021-08-08,13,control,0,0.6792706,1,dept_246_closure_2021-07-27,2021-08-09,2021-08,1,1,,597844|246|2021-07-27,0.37149062703975816,-0.6733664230633328
599014,246,2021-07-27,2021-08-08,13,control,0,0.9615126,1,dept_246_closure_2021-07-27,2021-08-09,2021-08,1,1,0.0,599014|246|2021-07-27,0.6537326270397583,-0.6733664230633328
600093,246,2021-07-27,2021-08-08,13,treatment,1,0.001949751,0,dept_246_closure_2021-07-27,2021-08-09,2021-08,1,1,,600093|246|2021-07-27,-0.3058302219602418,-0.6733664230633328
600236,246,2021-07-27,2021-08-08,13,treatment,1,0.008690901,0,dept_246_closure_2021-07-27,2021-08-09,2021-08,1,1,,600236|246|2021-07-27,-0.2990890719602418,-0.6733664230633328
600802,246,2021-07-27,2021-08-08,13,control,0,0.025362764,0,dept_246_closure_2021-07-27,2021-08-09,2021-08,1,1,,600802|246|2021-07-27,-0.2824172089602418,-0.6733664230633328
602120,246,2021-07-27,2021-08-08,13,control,0,0.097351424,0,dept_246_closure_2021-07-27,2021-08-09,2021-08,1,1,,602120|246|2021-07-27,-0.21042854896024177,-0.6733664230633328
602124,246,2021-07-27,2021-08-08,13,control,0,0.11309978,0,dept_246_closure_2021-07-27,2021-08-09,2021-08,1,1,,602124|246|2021-07-27,-0.1946801929602418,-0.6733664230633328
602125,246,2021-07-27,2021-08-08,13,control,0,0.028593527,0,dept_246_closure_2021-07-27,2021-08-09,2021-08,1,1,,602125|246|2021-07-27,-0.2791864459602418,-0.6733664230633328
603013,246,2021-07-27,2021-08-08,13,control,0,0.39335406,0,dept_246_closure_2021-07-27,2021-08-09,2021-08,1,1,0.5,603013|246|2021-07-27,0.08557408703975822,-0.6733664230633328
604432,246,2021-07-27,2021-08-08,13,control,0,0.0038901225,0,dept_246_closure_2021-07-27,2021-08-09,2021-08,1,1,,604432|246|2021-07-27,-0.3038898504602418,-0.6733664230633328
613493,246,2021-07-27,2021-08-08,13,control,0,0.48033825,0,dept_246_closure_2021-07-27,2021-08-09,2021-08,1,1,,613493|246|2021-07-27,0.17255827703975823,-0.6733664230633328
613860,246,2021-07-27,2021-08-08,13,control,0,0.0053632376,0,dept_246_closure_2021-07-27,2021-08-09,2021-08,1,1,,613860|246|2021-07-27,-0.3024167353602418,-0.6733664230633328
614813,246,2021-07-27,2021-08-08,13,control,0,0.72239745,1,dept_246_closure_2021-07-27,2021-08-09,2021-08,1,1,,614813|246|2021-07-27,0.4146174770397582,-0.6733664230633328
615015,246,2021-07-27,2021-08-08,13,control,0,0.053707235,0,dept_246_closure_2021-07-27,2021-08-09,2021-08,1,1,,615015|246|2021-07-27,-0.25407273796024177,-0.6733664230633328
618999,246,2021-07-27,2021-08-08,13,control,0,0.15502954,0,dept_246_closure_2021-07-27,2021-08-09,2021-08,1,1,0.0,618999|246|2021-07-27,-0.1527504329602418,-0.6733664230633328
620766,246,2021-07-27,2021-08-08,13,control,0,0.00068438525,0,dept_246_closure_2021-07-27,2021-08-09,2021-08,1,1,,620766|246|2021-07-27,-0.3070955877102418,-0.6733664230633328
621023,246,2021-07-27,2021-08-08,13,control,0,0.0061639016,0,dept_246_closure_2021-07-27,2021-08-09,2021-08,1,1,1.0,621023|246|2021-07-27,-0.30161607136024177,-0.6733664230633328
621722,246,2021-07-27,2021-08-08,13,control,0,0.71391684,1,dept_246_closure_2021-07-27,2021-08-09,2021-08,1,1,0.0,621722|246|2021-07-27,0.4061368670397582,-0.6733664230633328
623783,246,2021-07-27,2021-08-08,13,control,0,0.9951931,1,dept_246_closure_2021-07-27,2021-08-09,2021-08,1,1,0.0,623783|246|2021-07-27,0.6874131270397583,-0.6733664230633328
623805,246,2021-07-27,2021-08-08,13,control,0,0.06917468,0,dept_246_closure_2021-07-27,2021-08-09,2021-08,1,1,,623805|246|2021-07-27,-0.2386052929602418,-0.6733664230633328
623808,246,2021-07-27,2021-08-08,13,control,0,0.9979461,1,dept_246_closure_2021-07-27,2021-08-09,2021-08,1,1,0.3333333333333333,623808|246|2021-07-27,0.6901661270397581,-0.6733664230633328
624145,246,2021-07-27,2021-08-08,13,control,0,0.35900682,0,dept_246_closure_2021-07-27,2021-08-09,2021-08,1,1,0.0,624145|246|2021-07-27,0.051226847039758217,-0.6733664230633328
625679,246,2021-07-27,2021-08-08,13,control,0,0.0054499777,0,dept_246_closure_2021-07-27,2021-08-09,2021-08,1,1,,625679|246|2021-07-27,-0.3023299952602418,-0.6733664230633328
625795,246,2021-07-27,2021-08-08,13,control,0,0.0064810133,0,dept_246_closure_2021-07-27,2021-08-09,2021-08,1,1,,625795|246|2021-07-27,-0.3012989596602418,-0.6733664230633328
626528,246,2021-07-27,2021-08-08,13,control,0,0.012384835,0,dept_246_closure_2021-07-27,2021-08-09,2021-08,1,1,,626528|246|2021-07-27,-0.2953951379602418,-0.6733664230633328
628437,246,2021-07-27,2021-08-08,13,control,0,0.15738243,0,dept_246_closure_2021-07-27,2021-08-09,2021-08,1,1,,628437|246|2021-07-27,-0.1503975429602418,-0.6733664230633328
629037,246,2021-07-27,2021-08-08,13,control,0,0.0024090034,0,dept_246_closure_2021-07-27,2021-08-09,2021-08,1,1,,629037|246|2021-07-27,-0.3053709695602418,-0.6733664230633328
629038,246,2021-07-27,2021-08-08,13,treatment,1,0.24013825,0,dept_246_closure_2021-07-27,2021-08-09,2021-08,1,1,,629038|246|2021-07-27,-0.06764172296024179,-0.6733664230633328
631459,246,2021-07-27,2021-08-08,13,control,0,0.0044175265,0,dept_246_closure_2021-07-27,2021-08-09,2021-08,1,1,,631459|246|2021-07-27,-0.3033624464602418,-0.6733664230633328
632759,246,2021-07-27,2021-08-08,13,control,0,0.010952859,0,dept_246_closure_2021-07-27,2021-08-09,2021-08,1,1,,632759|246|2021-07-27,-0.2968271139602418,-0.6733664230633328
633009,246,2021-07-27,2021-08-08,13,control,0,0.56572896,1,dept_246_closure_2021-07-27,2021-08-09,2021-08,1,1,0.0,633009|246|2021-07-27,0.25794898703975816,-0.6733664230633328
633063,246,2021-07-27,2021-08-08,13,control,0,0.106019765,0,dept_246_closure_2021-07-27,2021-08-09,2021-08,1,1,,633063|246|2021-07-27,-0.2017602079602418,-0.6733664230633328
635749,246,2021-07-27,2021-08-08,13,control,0,0.8945807,1,dept_246_closure_2021-07-27,2021-08-09,2021-08,1,1,0.0,635749|246|2021-07-27,0.5868007270397582,-0.6733664230633328
636407,246,2021-07-27,2021-08-08,13,control,0,0.09816488,0,dept_246_closure_2021-07-27,2021-08-09,2021-08,1,1,,636407|246|2021-07-27,-0.20961509296024178,-0.6733664230633328
636923,246,2021-07-27,2021-08-08,13,control,0,0.8665299,1,dept_246_closure_2021-07-27,2021-08-09,2021-08,1,1,,636923|246|2021-07-27,0.5587499270397582,-0.6733664230633328
636924,246,2021-07-27,2021-08-08,13,control,0,0.3707417,0,dept_246_closure_2021-07-27,2021-08-09,2021-08,1,1,,636924|246|2021-07-27,0.06296172703975822,-0.6733664230633328
639796,246,2021-07-27,2021-08-08,13,control,0,0.008453769,0,dept_246_closure_2021-07-27,2021-08-09,2021-08,1,1,,639796|246|2021-07-27,-0.2993262039602418,-0.6733664230633328
644136,246,2021-07-27,2021-08-08,13,treatment,1,0.0034987608,0,dept_246_closure_2021-07-27,2021-08-09,2021-08,1,1,,644136|246|2021-07-27,-0.3042812121602418,-0.6733664230633328
646267,246,2021-07-27,2021-08-08,13,control,0,0.22053812,0,dept_246_closure_2021-07-27,2021-08-09,2021-08,1,1,,646267|246|2021-07-27,-0.08724185296024178,-0.6733664230633328
647544,246,2021-07-27,2021-08-08,13,control,0,0.38944682,0,dept_246_closure_2021-07-27,2021-08-09,2021-08,1,1,,647544|246|2021-07-27,0.08166684703975824,-0.6733664230633328
649523,246,2021-07-27,2021-08-08,13,control,0,0.008285319,0,dept_246_closure_2021-07-27,2021-08-09,2021-08,1,1,,649523|246|2021-07-27,-0.2994946539602418,-0.6733664230633328
650314,246,2021-07-27,2021-08-08,13,control,0,0.041649476,0,dept_246_closure_2021-07-27,2021-08-09,2021-08,1,1,0.0,650314|246|2021-07-27,-0.26613049696024177,-0.6733664230633328
650497,246,2021-07-27,2021-08-08,13,control,0,0.01220301,0,dept_246_closure_2021-07-27,2021-08-09,2021-08,1,1,,650497|246|2021-07-27,-0.2955769629602418,-0.6733664230633328
650796,246,2021-07-27,2021-08-08,13,control,0,0.113514744,0,dept_246_closure_2021-07-27,2021-08-09,2021-08,1,1,,650796|246|2021-07-27,-0.1942652289602418,-0.6733664230633328
651898,246,2021-07-27,2021-08-08,13,control,0,0.9841733,1,dept_246_closure_2021-07-27,2021-08-09,2021-08,1,1,0.0,651898|246|2021-07-27,0.6763933270397582,-0.6733664230633328
653494,246,2021-07-27,2021-08-08,13,control,0,0.19648695,0,dept_246_closure_2021-07-27,2021-08-09,2021-08,1,1,1.0,653494|246|2021-07-27,-0.1112930229602418,-0.6733664230633328
654396,246,2021-07-27,2021-08-08,13,control,0,0.018824542,0,dept_246_closure_2021-07-27,2021-08-09,2021-08,1,1,,654396|246|2021-07-27,-0.2889554309602418,-0.6733664230633328
654539,246,2021-07-27,2021-08-08,13,control,0,0.91421753,1,dept_246_closure_2021-07-27,2021-08-09,2021-08,1,1,,654539|246|2021-07-27,0.6064375570397582,-0.6733664230633328
655632,246,2021-07-27,2021-08-08,13,control,0,0.44265658,0,dept_246_closure_2021-07-27,2021-08-09,2021-08,1,1,0.0,655632|246|2021-07-27,0.13487660703975823,-0.6733664230633328
655906,246,2021-07-27,2021-08-08,13,control,0,0.6456241,1,dept_246_closure_2021-07-27,2021-08-09,2021-08,1,1,0.0,655906|246|2021-07-27,0.33784412703975825,-0.6733664230633328
655994,246,2021-07-27,2021-08-08,13,control,0,0.88607514,1,dept_246_closure_2021-07-27,2021-08-09,2021-08,1,1,,655994|246|2021-07-27,0.5782951670397583,-0.6733664230633328
656172,246,2021-07-27,2021-08-08,13,treatment,1,0.003492452,0,dept_246_closure_2021-07-27,2021-08-09,2021-08,1,1,,656172|246|2021-07-27,-0.3042875209602418,-0.6733664230633328
657354,246,2021-07-27,2021-08-08,13,control,0,0.6226758,1,dept_246_closure_2021-07-27,2021-08-09,2021-08,1,1,,657354|246|2021-07-27,0.3148958270397582,-0.6733664230633328
657355,246,2021-07-27,2021-08-08,13,control,0,0.32611358,0,dept_246_closure_2021-07-27,2021-08-09,2021-08,1,1,1.0,657355|246|2021-07-27,0.018333607039758226,-0.6733664230633328
657356,246,2021-07-27,2021-08-08,13,control,0,0.0070038517,0,dept_246_closure_2021-07-27,2021-08-09,2021-08,1,1,,657356|246|2021-07-27,-0.3007761212602418,-0.6733664230633328
657358,246,2021-07-27,2021-08-08,13,control,0,0.13658209,0,dept_246_closure_2021-07-27,2021-08-09,2021-08,1,1,,657358|246|2021-07-27,-0.1711978829602418,-0.6733664230633328
664460,246,2021-07-27,2021-08-08,13,control,0,0.22899963,0,dept_246_closure_2021-07-27,2021-08-09,2021-08,1,1,,664460|246|2021-07-27,-0.07878034296024178,-0.6733664230633328
664767,246,2021-07-27,2021-08-08,13,control,0,0.007248521,0,dept_246_closure_2021-07-27,2021-08-09,2021-08,1,1,,664767|246|2021-07-27,-0.3005314519602418,-0.6733664230633328
665519,246,2021-07-27,2021-08-08,13,control,0,0.94379646,1,dept_246_closure_2021-07-27,2021-08-09,2021-08,1,1,0.0,665519|246|2021-07-27,0.6360164870397582,-0.6733664230633328
665571,246,2021-07-27,2021-08-08,13,control,0,0.0016495719,0,dept_246_closure_2021-07-27,2021-08-09,2021-08,1,1,,665571|246|2021-07-27,-0.3061304010602418,-0.6733664230633328
666122,246,2021-07-27,2021-08-08,13,control,0,0.046844617,0,dept_246_closure_2021-07-27,2021-08-09,2021-08,1,1,,666122|246|2021-07-27,-0.2609353559602418,-0.6733664230633328
667695,246,2021-07-27,2021-08-08,13,control,0,0.08032639,0,dept_246_closure_2021-07-27,2021-08-09,2021-08,1,1,,667695|246|2021-07-27,-0.2274535829602418,-0.6733664230633328
668096,246,2021-07-27,2021-08-08,13,control,0,0.0022502174,0,dept_246_closure_2021-07-27,2021-08-09,2021-08,1,1,,668096|246|2021-07-27,-0.3055297555602418,-0.6733664230633328
669146,246,2021-07-27,2021-08-08,13,control,0,0.01265297,0,dept_246_closure_2021-07-27,2021-08-09,2021-08,1,1,,669146|246|2021-07-27,-0.2951270029602418,-0.6733664230633328
669519,246,2021-07-27,2021-08-08,13,control,0,0.0022082943,0,dept_246_closure_2021-07-27,2021-08-09,2021-08,1,1,,669519|246|2021-07-27,-0.30557167866024176,-0.6733664230633328
671187,246,2021-07-27,2021-08-08,13,control,0,0.14804843,0,dept_246_closure_2021-07-27,2021-08-09,2021-08,1,1,,671187|246|2021-07-27,-0.15973154296024178,-0.6733664230633328
672880,246,2021-07-27,2021-08-08,13,control,0,0.3963556,0,dept_246_closure_2021-07-27,2021-08-09,2021-08,1,1,,672880|246|2021-07-27,0.08857562703975819,-0.6733664230633328
674161,246,2021-07-27,2021-08-08,13,control,0,0.60217315,1,dept_246_closure_2021-07-27,2021-08-09,2021-08,1,1,,674161|246|2021-07-27,0.29439317703975826,-0.6733664230633328
674724,246,2021-07-27,2021-08-08,13,control,0,0.22715935,0,dept_246_closure_2021-07-27,2021-08-09,2021-08,1,1,1.0,674724|246|2021-07-27,-0.08062062296024178,-0.6733664230633328
675505,246,2021-07-27,2021-08-08,13,control,0,0.15651003,0,dept_246_closure_2021-07-27,2021-08-09,2021-08,1,1,,675505|246|2021-07-27,-0.1512699429602418,-0.6733664230633328
676853,246,2021-07-27,2021-08-08,13,control,0,0.004177887,0,dept_246_closure_2021-07-27,2021-08-09,2021-08,1,1,,676853|246|2021-07-27,-0.3036020859602418,-0.6733664230633328
677645,246,2021-07-27,2021-08-08,13,control,0,0.00460222,0,dept_246_closure_2021-07-27,2021-08-09,2021-08,1,1,,677645|246|2021-07-27,-0.3031777529602418,-0.6733664230633328
679043,246,2021-07-27,2021-08-08,13,treatment,1,0.007110106,0,dept_246_closure_2021-07-27,2021-08-09,2021-08,1,1,,679043|246|2021-07-27,-0.3006698669602418,-0.6733664230633328
680050,246,2021-07-27,2021-08-08,13,treatment,1,0.6510753,1,dept_246_closure_2021-07-27,2021-08-09,2021-08,1,1,,680050|246|2021-07-27,0.34329532703975824,-0.6733664230633328
683521,246,2021-07-27,2021-08-08,13,control,0,0.0039025282,0,dept_246_closure_2021-07-27,2021-08-09,2021-08,1,1,,683521|246|2021-07-27,-0.3038774447602418,-0.6733664230633328
683684,246,2021-07-27,2021-08-08,13,control,0,0.10428627,0,dept_246_closure_2021-07-27,2021-08-09,2021-08,1,1,,683684|246|2021-07-27,-0.20349370296024177,-0.6733664230633328
683804,246,2021-07-27,2021-08-08,13,control,0,0.0017932617,0,dept_246_closure_2021-07-27,2021-08-09,2021-08,1,1,,683804|246|2021-07-27,-0.3059867112602418,-0.6733664230633328
683995,246,2021-07-27,2021-08-08,13,control,0,0.001137196,0,dept_246_closure_2021-07-27,2021-08-09,2021-08,1,1,,683995|246|2021-07-27,-0.3066427769602418,-0.6733664230633328
684015,246,2021-07-27,2021-08-08,13,control,0,0.8845989,1,dept_246_closure_2021-07-27,2021-08-09,2021-08,1,1,0.0,684015|246|2021-07-27,0.5768189270397581,-0.6733664230633328
686956,246,2021-07-27,2021-08-08,13,control,0,0.0055859643,0,dept_246_closure_2021-07-27,2021-08-09,2021-08,1,1,,686956|246|2021-07-27,-0.30219400866024176,-0.6733664230633328
687042,246,2021-07-27,2021-08-08,13,control,0,0.5541338,1,dept_246_closure_2021-07-27,2021-08-09,2021-08,1,1,1.0,687042|246|2021-07-27,0.24635382703975822,-0.6733664230633328
689237,246,2021-07-27,2021-08-08,13,control,0,0.00090677815,0,dept_246_closure_2021-07-27,2021-08-09,2021-08,1,1,,689237|246|2021-07-27,-0.3068731948102418,-0.6733664230633328
691273,246,2021-07-27,2021-08-08,13,treatment,1,0.5559356,1,dept_246_closure_2021-07-27,2021-08-09,2021-08,1,1,,691273|246|2021-07-27,0.2481556270397582,-0.6733664230633328
692401,246,2021-07-27,2021-08-08,13,control,0,0.031257436,0,dept_246_closure_2021-07-27,2021-08-09,2021-08,1,1,,692401|246|2021-07-27,-0.27652253696024176,-0.6733664230633328
693452,246,2021-07-27,2021-08-08,13,control,0,0.07944487,0,dept_246_closure_2021-07-27,2021-08-09,2021-08,1,1,0.0,693452|246|2021-07-27,-0.2283351029602418,-0.6733664230633328
695396,246,2021-07-27,2021-08-08,13,control,0,0.59376544,1,dept_246_closure_2021-07-27,2021-08-09,2021-08,1,1,0.5,695396|246|2021-07-27,0.2859854670397582,-0.6733664230633328
698986,246,2021-07-27,2021-08-08,13,control,0,0.26494306,0,dept_246_closure_2021-07-27,2021-08-09,2021-08,1,1,,698986|246|2021-07-27,-0.04283691296024178,-0.6733664230633328
699699,246,2021-07-27,2021-08-08,13,treatment,1,0.004846366,0,dept_246_closure_2021-07-27,2021-08-09,2021-08,1,1,,699699|246|2021-07-27,-0.3029336069602418,-0.6733664230633328
700273,246,2021-07-27,2021-08-08,13,control,0,0.017649118,0,dept_246_closure_2021-07-27,2021-08-09,2021-08,1,1,1.0,700273|246|2021-07-27,-0.29013085496024177,-0.6733664230633328
700881,246,2021-07-27,2021-08-08,13,control,0,0.026280912,0,dept_246_closure_2021-07-27,2021-08-09,2021-08,1,1,1.0,700881|246|2021-07-27,-0.2814990609602418,-0.6733664230633328
703568,246,2021-07-27,2021-08-08,13,control,0,0.1636185,0,dept_246_closure_2021-07-27,2021-08-09,2021-08,1,1,,703568|246|2021-07-27,-0.1441614729602418,-0.6733664230633328
705741,246,2021-07-27,2021-08-08,13,control,0,0.240593,0,dept_246_closure_2021-07-27,2021-08-09,2021-08,1,1,0.0,705741|246|2021-07-27,-0.06718697296024179,-0.6733664230633328
706055,246,2021-07-27,2021-08-08,13,control,0,0.5146902,1,dept_246_closure_2021-07-27,2021-08-09,2021-08,1,1,1.0,706055|246|2021-07-27,0.2069102270397582,-0.6733664230633328
706109,246,2021-07-27,2021-08-08,13,control,0,0.007861774,0,dept_246_closure_2021-07-27,2021-08-09,2021-08,1,1,,706109|246|2021-07-27,-0.2999181989602418,-0.6733664230633328
708207,246,2021-07-27,2021-08-08,13,treatment,1,0.009436967,0,dept_246_closure_2021-07-27,2021-08-09,2021-08,1,1,,708207|246|2021-07-27,-0.29834300596024177,-0.6733664230633328
710137,246,2021-07-27,2021-08-08,13,control,0,0.069965854,0,dept_246_closure_2021-07-27,2021-08-09,2021-08,1,1,1.0,710137|246|2021-07-27,-0.2378141189602418,-0.6733664230633328
710677,246,2021-07-27,2021-08-08,13,control,0,0.07248529,0,dept_246_closure_2021-07-27,2021-08-09,2021-08,1,1,,710677|246|2021-07-27,-0.2352946829602418,-0.6733664230633328
712316,246,2021-07-27,2021-08-08,13,control,0,0.009721992,0,dept_246_closure_2021-07-27,2021-08-09,2021-08,1,1,,712316|246|2021-07-27,-0.2980579809602418,-0.6733664230633328
713935,246,2021-07-27,2021-08-08,13,control,0,0.7094755,1,dept_246_closure_2021-07-27,2021-08-09,2021-08,1,1,,713935|246|2021-07-27,0.40169552703975825,-0.6733664230633328
716927,246,2021-07-27,2021-08-08,13,control,0,0.0043204585,0,dept_246_closure_2021-07-27,2021-08-09,2021-08,1,1,,716927|246|2021-07-27,-0.3034595144602418,-0.6733664230633328
718666,246,2021-07-27,2021-08-08,13,treatment,1,0.003192709,0,dept_246_closure_2021-07-27,2021-08-09,2021-08,1,1,,718666|246|2021-07-27,-0.30458726396024177,-0.6733664230633328
718772,246,2021-07-27,2021-08-08,13,control,0,0.05517942,0,dept_246_closure_2021-07-27,2021-08-09,2021-08,1,1,1.0,718772|246|2021-07-27,-0.2526005529602418,-0.6733664230633328
720882,246,2021-07-27,2021-08-08,13,control,0,0.04335409,0,dept_246_closure_2021-07-27,2021-08-09,2021-08,1,1,,720882|246|2021-07-27,-0.2644258829602418,-0.6733664230633328
727797,246,2021-07-27,2021-08-08,13,treatment,1,0.13561638,0,dept_246_closure_2021-07-27,2021-08-09,2021-08,1,1,0.0,727797|246|2021-07-27,-0.17216359296024178,-0.6733664230633328
728495,246,2021-07-27,2021-08-08,13,control,0,0.014965183,0,dept_246_closure_2021-07-27,2021-08-09,2021-08,1,1,,728495|246|2021-07-27,-0.2928147899602418,-0.6733664230633328
729236,246,2021-07-27,2021-08-08,13,treatment,1,0.076605916,0,dept_246_closure_2021-07-27,2021-08-09,2021-08,1,1,,729236|246|2021-07-27,-0.2311740569602418,-0.6733664230633328
729427,246,2021-07-27,2021-08-08,13,treatment,1,0.01933929,0,dept_246_closure_2021-07-27,2021-08-09,2021-08,1,1,,729427|246|2021-07-27,-0.2884406829602418,-0.6733664230633328
729873,246,2021-07-27,2021-08-08,13,treatment,1,0.7575934,1,dept_246_closure_2021-07-27,2021-08-09,2021-08,1,1,,729873|246|2021-07-27,0.4498134270397582,-0.6733664230633328
729889,246,2021-07-27,2021-08-08,13,control,0,0.037756026,0,dept_246_closure_2021-07-27,2021-08-09,2021-08,1,1,,729889|246|2021-07-27,-0.2700239469602418,-0.6733664230633328
733186,246,2021-07-27,2021-08-08,13,treatment,1,0.69795686,1,dept_246_closure_2021-07-27,2021-08-09,2021-08,1,1,,733186|246|2021-07-27,0.3901768870397582,-0.6733664230633328
735865,246,2021-07-27,2021-08-08,13,control,0,0.33605695,0,dept_246_closure_2021-07-27,2021-08-09,2021-08,1,1,1.0,735865|246|2021-07-27,0.028276977039758233,-0.6733664230633328
736734,246,2021-07-27,2021-08-08,13,control,0,0.39864597,0,dept_246_closure_2021-07-27,2021-08-09,2021-08,1,1,,736734|246|2021-07-27,0.09086599703975823,-0.6733664230633328
739930,246,2021-07-27,2021-08-08,13,control,0,0.017589724,0,dept_246_closure_2021-07-27,2021-08-09,2021-08,1,1,0.0,739930|246|2021-07-27,-0.2901902489602418,-0.6733664230633328
742210,246,2021-07-27,2021-08-08,13,control,0,0.0008205761,0,dept_246_closure_2021-07-27,2021-08-09,2021-08,1,1,,742210|246|2021-07-27,-0.30695939686024176,-0.6733664230633328
742713,246,2021-07-27,2021-08-08,13,control,0,0.7055811,1,dept_246_closure_2021-07-27,2021-08-09,2021-08,1,1,,742713|246|2021-07-27,0.3978011270397582,-0.6733664230633328
743481,246,2021-07-27,2021-08-08,13,control,0,0.1744169,0,dept_246_closure_2021-07-27,2021-08-09,2021-08,1,1,,743481|246|2021-07-27,-0.13336307296024177,-0.6733664230633328
743573,246,2021-07-27,2021-08-08,13,control,0,0.01424737,0,dept_246_closure_2021-07-27,2021-08-09,2021-08,1,1,,743573|246|2021-07-27,-0.2935326029602418,-0.6733664230633328
745348,246,2021-07-27,2021-08-08,13,control,0,0.6717277,1,dept_246_closure_2021-07-27,2021-08-09,2021-08,1,1,,745348|246|2021-07-27,0.36394772703975825,-0.6733664230633328
745784,246,2021-07-27,2021-08-08,13,control,0,0.07058759,0,dept_246_closure_2021-07-27,2021-08-09,2021-08,1,1,0.0,745784|246|2021-07-27,-0.23719238296024178,-0.6733664230633328
745837,246,2021-07-27,2021-08-08,13,control,0,0.0012194227,0,dept_246_closure_2021-07-27,2021-08-09,2021-08,1,1,,745837|246|2021-07-27,-0.3065605502602418,-0.6733664230633328
746756,246,2021-07-27,2021-08-08,13,control,0,0.08982364,0,dept_246_closure_2021-07-27,2021-08-09,2021-08,1,1,1.0,746756|246|2021-07-27,-0.2179563329602418,-0.6733664230633328
747030,246,2021-07-27,2021-08-08,13,control,0,0.88071215,1,dept_246_closure_2021-07-27,2021-08-09,2021-08,1,1,0.75,747030|246|2021-07-27,0.5729321770397582,-0.6733664230633328
750005,246,2021-07-27,2021-08-08,13,control,0,0.00368248,0,dept_246_closure_2021-07-27,2021-08-09,2021-08,1,1,,750005|246|2021-07-27,-0.3040974929602418,-0.6733664230633328
750565,246,2021-07-27,2021-08-08,13,control,0,0.09725597,0,dept_246_closure_2021-07-27,2021-08-09,2021-08,1,1,,750565|246|2021-07-27,-0.2105240029602418,-0.6733664230633328
751068,246,2021-07-27,2021-08-08,13,control,0,0.67058444,1,dept_246_closure_2021-07-27,2021-08-09,2021-08,1,1,1.0,751068|246|2021-07-27,0.36280446703975816,-0.6733664230633328
755654,246,2021-07-27,2021-08-08,13,control,0,0.642669,1,dept_246_closure_2021-07-27,2021-08-09,2021-08,1,1,,755654|246|2021-07-27,0.33488902703975826,-0.6733664230633328
757209,246,2021-07-27,2021-08-08,13,control,0,0.92929745,1,dept_246_closure_2021-07-27,2021-08-09,2021-08,1,1,,757209|246|2021-07-27,0.6215174770397582,-0.6733664230633328
758569,246,2021-07-27,2021-08-08,13,control,0,0.6066296,1,dept_246_closure_2021-07-27,2021-08-09,2021-08,1,1,,758569|246|2021-07-27,0.2988496270397582,-0.6733664230633328
759081,246,2021-07-27,2021-08-08,13,control,0,0.9864933,1,dept_246_closure_2021-07-27,2021-08-09,2021-08,1,1,0.5,759081|246|2021-07-27,0.6787133270397583,-0.6733664230633328
760910,246,2021-07-27,2021-08-08,13,control,0,0.37581336,0,dept_246_closure_2021-07-27,2021-08-09,2021-08,1,1,,760910|246|2021-07-27,0.0680333870397582,-0.6733664230633328
761525,246,2021-07-27,2021-08-08,13,control,0,0.0040558516,0,dept_246_closure_2021-07-27,2021-08-09,2021-08,1,1,,761525|246|2021-07-27,-0.3037241213602418,-0.6733664230633328
763277,246,2021-07-27,2021-08-08,13,control,0,0.24932212,0,dept_246_closure_2021-07-27,2021-08-09,2021-08,1,1,0.75,763277|246|2021-07-27,-0.05845785296024178,-0.6733664230633328
764174,246,2021-07-27,2021-08-08,13,control,0,0.020427303,0,dept_246_closure_2021-07-27,2021-08-09,2021-08,1,1,,764174|246|2021-07-27,-0.2873526699602418,-0.6733664230633328
764393,246,2021-07-27,2021-08-08,13,treatment,1,0.015356412,0,dept_246_closure_2021-07-27,2021-08-09,2021-08,1,1,,764393|246|2021-07-27,-0.2924235609602418,-0.6733664230633328
764798,246,2021-07-27,2021-08-08,13,control,0,0.025530431,0,dept_246_closure_2021-07-27,2021-08-09,2021-08,1,1,,764798|246|2021-07-27,-0.28224954196024177,-0.6733664230633328
768714,246,2021-07-27,2021-08-08,13,control,0,0.08861846,0,dept_246_closure_2021-07-27,2021-08-09,2021-08,1,1,,768714|246|2021-07-27,-0.21916151296024178,-0.6733664230633328
771788,246,2021-07-27,2021-08-08,13,control,0,0.13042508,0,dept_246_closure_2021-07-27,2021-08-09,2021-08,1,1,,771788|246|2021-07-27,-0.1773548929602418,-0.6733664230633328
773247,246,2021-07-27,2021-08-08,13,control,0,0.12926482,0,dept_246_closure_2021-07-27,2021-08-09,2021-08,1,1,0.0,773247|246|2021-07-27,-0.17851515296024179,-0.6733664230633328
774405,246,2021-07-27,2021-08-08,13,control,0,0.6753653,1,dept_246_closure_2021-07-27,2021-08-09,2021-08,1,1,,774405|246|2021-07-27,0.36758532703975816,-0.6733664230633328
775273,246,2021-07-27,2021-08-08,13,control,0,0.03347844,0,dept_246_closure_2021-07-27,2021-08-09,2021-08,1,1,,775273|246|2021-07-27,-0.2743015329602418,-0.6733664230633328
775847,246,2021-07-27,2021-08-08,13,control,0,0.020749453,0,dept_246_closure_2021-07-27,2021-08-09,2021-08,1,1,,775847|246|2021-07-27,-0.28703051996024176,-0.6733664230633328
778075,246,2021-07-27,2021-08-08,13,control,0,0.0044483226,0,dept_246_closure_2021-07-27,2021-08-09,2021-08,1,1,,778075|246|2021-07-27,-0.3033316503602418,-0.6733664230633328
780783,246,2021-07-27,2021-08-08,13,control,0,0.94814223,1,dept_246_closure_2021-07-27,2021-08-09,2021-08,1,1,,780783|246|2021-07-27,0.6403622570397582,-0.6733664230633328
781479,246,2021-07-27,2021-08-08,13,treatment,1,0.11026743,0,dept_246_closure_2021-07-27,2021-08-09,2021-08,1,1,,781479|246|2021-07-27,-0.1975125429602418,-0.6733664230633328
782601,246,2021-07-27,2021-08-08,13,control,0,0.03218455,0,dept_246_closure_2021-07-27,2021-08-09,2021-08,1,1,,782601|246|2021-07-27,-0.2755954229602418,-0.6733664230633328
784606,246,2021-07-27,2021-08-08,13,treatment,1,0.0007714593,0,dept_246_closure_2021-07-27,2021-08-09,2021-08,1,1,,784606|246|2021-07-27,-0.3070085136602418,-0.6733664230633328
784655,246,2021-07-27,2021-08-08,13,control,0,0.002960514,0,dept_246_closure_2021-07-27,2021-08-09,2021-08,1,1,,784655|246|2021-07-27,-0.30481945896024176,-0.6733664230633328
785881,246,2021-07-27,2021-08-08,13,control,0,0.7455215,1,dept_246_closure_2021-07-27,2021-08-09,2021-08,1,1,,785881|246|2021-07-27,0.43774152703975816,-0.6733664230633328
787051,246,2021-07-27,2021-08-08,13,control,0,0.48000237,0,dept_246_closure_2021-07-27,2021-08-09,2021-08,1,1,,787051|246|2021-07-27,0.17222239703975822,-0.6733664230633328
790777,246,2021-07-27,2021-08-08,13,control,0,0.0068362337,0,dept_246_closure_2021-07-27,2021-08-09,2021-08,1,1,,790777|246|2021-07-27,-0.30094373926024176,-0.6733664230633328
793087,246,2021-07-27,2021-08-08,13,control,0,0.099858016,0,dept_246_closure_2021-07-27,2021-08-09,2021-08,1,1,,793087|246|2021-07-27,-0.2079219569602418,-0.6733664230633328
794164,246,2021-07-27,2021-08-08,13,control,0,0.6939915,1,dept_246_closure_2021-07-27,2021-08-09,2021-08,1,1,,794164|246|2021-07-27,0.3862115270397582,-0.6733664230633328
794821,246,2021-07-27,2021-08-08,13,control,0,0.035638213,0,dept_246_closure_2021-07-27,2021-08-09,2021-08,1,1,,794821|246|2021-07-27,-0.2721417599602418,-0.6733664230633328
795915,246,2021-07-27,2021-08-08,13,control,0,0.8226784,1,dept_246_closure_2021-07-27,2021-08-09,2021-08,1,1,1.0,795915|246|2021-07-27,0.5148984270397583,-0.6733664230633328
796636,246,2021-07-27,2021-08-08,13,control,0,0.009036448,0,dept_246_closure_2021-07-27,2021-08-09,2021-08,1,1,,796636|246|2021-07-27,-0.2987435249602418,-0.6733664230633328
797064,246,2021-07-27,2021-08-08,13,control,0,0.507212,1,dept_246_closure_2021-07-27,2021-08-09,2021-08,1,1,,797064|246|2021-07-27,0.1994320270397582,-0.6733664230633328
797984,246,2021-07-27,2021-08-08,13,treatment,1,0.9371447,1,dept_246_closure_2021-07-27,2021-08-09,2021-08,1,1,,797984|246|2021-07-27,0.6293647270397582,-0.6733664230633328
800707,246,2021-07-27,2021-08-08,13,control,0,0.0030262175,0,dept_246_closure_2021-07-27,2021-08-09,2021-08,1,1,,800707|246|2021-07-27,-0.3047537554602418,-0.6733664230633328
801378,246,2021-07-27,2021-08-08,13,control,0,0.0019727403,0,dept_246_closure_2021-07-27,2021-08-09,2021-08,1,1,,801378|246|2021-07-27,-0.3058072326602418,-0.6733664230633328
802679,246,2021-07-27,2021-08-08,13,control,0,0.018501613,0,dept_246_closure_2021-07-27,2021-08-09,2021-08,1,1,,802679|246|2021-07-27,-0.28927835996024176,-0.6733664230633328
807138,246,2021-07-27,2021-08-08,13,control,0,0.054256,0,dept_246_closure_2021-07-27,2021-08-09,2021-08,1,1,,807138|246|2021-07-27,-0.25352397296024176,-0.6733664230633328
807628,246,2021-07-27,2021-08-08,13,control,0,0.016564755,0,dept_246_closure_2021-07-27,2021-08-09,2021-08,1,1,,807628|246|2021-07-27,-0.2912152179602418,-0.6733664230633328
807629,246,2021-07-27,2021-08-08,13,control,0,0.3686019,0,dept_246_closure_2021-07-27,2021-08-09,2021-08,1,1,1.0,807629|246|2021-07-27,0.060821927039758195,-0.6733664230633328
807979,246,2021-07-27,2021-08-08,13,control,0,0.39310044,0,dept_246_closure_2021-07-27,2021-08-09,2021-08,1,1,,807979|246|2021-07-27,0.08532046703975821,-0.6733664230633328
1213,246,2021-07-27,2021-08-08,13,control,0,0.14179483,0,dept_246_closure_2021-07-27,2021-08-22,2021-08,2,1,0.0,1213|246|2021-07-27,-0.16598514296024178,-0.6733664230633328
3053,246,2021-07-27,2021-08-08,13,control,0,0.2848582,0,dept_246_closure_2021-07-27,2021-08-22,2021-08,2,1,1.0,3053|246|2021-07-27,-0.022921772960241782,-0.6733664230633328
3602,246,2021-07-27,2021-08-08,13,control,0,0.25698352,0,dept_246_closure_2021-07-27,2021-08-22,2021-08,2,1,,3602|246|2021-07-27,-0.05079645296024177,-0.6733664230633328
4261,246,2021-07-27,2021-08-08,13,treatment,1,0.41152814,0,dept_246_closure_2021-07-27,2021-08-22,2021-08,2,1,,4261|246|2021-07-27,0.1037481670397582,-0.6733664230633328
4800,246,2021-07-27,2021-08-08,13,control,0,0.025219427,0,dept_246_closure_2021-07-27,2021-08-22,2021-08,2,1,0.3333333333333333,4800|246|2021-07-27,-0.28256054596024177,-0.6733664230633328
7245,246,2021-07-27,2021-08-08,13,control,0,0.94799674,1,dept_246_closure_2021-07-27,2021-08-22,2021-08,2,1,0.3333333333333333,7245|246|2021-07-27,0.6402167670397583,-0.6733664230633328
8291,246,2021-07-27,2021-08-08,13,control,0,0.9911731,1,dept_246_closure_2021-07-27,2021-08-22,2021-08,2,1,0.0,8291|246|2021-07-27,0.6833931270397582,-0.6733664230633328
9290,246,2021-07-27,2021-08-08,13,treatment,1,0.008498869,0,dept_246_closure_2021-07-27,2021-08-22,2021-08,2,1,,9290|246|2021-07-27,-0.29928110396024177,-0.6733664230633328
9714,246,2021-07-27,2021-08-08,13,control,0,0.3374871,0,dept_246_closure_2021-07-27,2021-08-22,2021-08,2,1,1.0,9714|246|2021-07-27,0.029707127039758197,-0.6733664230633328
10179,246,2021-07-27,2021-08-08,13,control,0,0.8612333,1,dept_246_closure_2021-07-27,2021-08-22,2021-08,2,1,1.0,10179|246|2021-07-27,0.5534533270397581,-0.6733664230633328
10427,246,2021-07-27,2021-08-08,13,control,0,0.14622483,0,dept_246_closure_2021-07-27,2021-08-22,2021-08,2,1,,10427|246|2021-07-27,-0.1615551429602418,-0.6733664230633328
10453,246,2021-07-27,2021-08-08,13,control,0,0.27891338,0,dept_246_closure_2021-07-27,2021-08-22,2021-08,2,1,,10453|246|2021-07-27,-0.0288665929602418,-0.6733664230633328
13564,246,2021-07-27,2021-08-08,13,control,0,0.0017006382,0,dept_246_closure_2021-07-27,2021-08-22,2021-08,2,1,,13564|246|2021-07-27,-0.3060793347602418,-0.6733664230633328
15110,246,2021-07-27,2021-08-08,13,control,0,0.602054,1,dept_246_closure_2021-07-27,2021-08-22,2021-08,2,1,,15110|246|2021-07-27,0.2942740270397582,-0.6733664230633328
17165,246,2021-07-27,2021-08-08,13,control,0,0.41429704,0,dept_246_closure_2021-07-27,2021-08-22,2021-08,2,1,,17165|246|2021-07-27,0.10651706703975822,-0.6733664230633328
17345,246,2021-07-27,2021-08-08,13,control,0,0.0024025764,0,dept_246_closure_2021-07-27,2021-08-22,2021-08,2,1,,17345|246|2021-07-27,-0.30537739656024177,-0.6733664230633328
18589,246,2021-07-27,2021-08-08,13,treatment,1,0.5930257,1,dept_246_closure_2021-07-27,2021-08-22,2021-08,2,1,0.0,18589|246|2021-07-27,0.2852457270397582,-0.6733664230633328
21757,246,2021-07-27,2021-08-08,13,control,0,0.9689673,1,dept_246_closure_2021-07-27,2021-08-22,2021-08,2,1,0.0,21757|246|2021-07-27,0.6611873270397581,-0.6733664230633328
22359,246,2021-07-27,2021-08-08,13,control,0,0.9641852,1,dept_246_closure_2021-07-27,2021-08-22,2021-08,2,1,0.0,22359|246|2021-07-27,0.6564052270397582,-0.6733664230633328
24301,246,2021-07-27,2021-08-08,13,control,0,0.021089468,0,dept_246_closure_2021-07-27,2021-08-22,2021-08,2,1,,24301|246|2021-07-27,-0.2866905049602418,-0.6733664230633328
24607,246,2021-07-27,2021-08-08,13,control,0,0.03506704,0,dept_246_closure_2021-07-27,2021-08-22,2021-08,2,1,,24607|246|2021-07-27,-0.2727129329602418,-0.6733664230633328
26093,246,2021-07-27,2021-08-08,13,control,0,0.34219438,0,dept_246_closure_2021-07-27,2021-08-22,2021-08,2,1,0.0,26093|246|2021-07-27,0.03441440703975823,-0.6733664230633328
28789,246,2021-07-27,2021-08-08,13,control,0,0.40815812,0,dept_246_closure_2021-07-27,2021-08-22,2021-08,2,1,0.0,28789|246|2021-07-27,0.10037814703975823,-0.6733664230633328
29360,246,2021-07-27,2021-08-08,13,control,0,0.008516339,0,dept_246_closure_2021-07-27,2021-08-22,2021-08,2,1,,29360|246|2021-07-27,-0.2992636339602418,-0.6733664230633328
29942,246,2021-07-27,2021-08-08,13,control,0,0.013229424,0,dept_246_closure_2021-07-27,2021-08-22,2021-08,2,1,,29942|246|2021-07-27,-0.2945505489602418,-0.6733664230633328
33721,246,2021-07-27,2021-08-08,13,control,0,0.027535504,0,dept_246_closure_2021-07-27,2021-08-22,2021-08,2,1,,33721|246|2021-07-27,-0.2802444689602418,-0.6733664230633328
33984,246,2021-07-27,2021-08-08,13,control,0,0.39668542,0,dept_246_closure_2021-07-27,2021-08-22,2021-08,2,1,0.6666666666666666,33984|246|2021-07-27,0.08890544703975822,-0.6733664230633328
34002,246,2021-07-27,2021-08-08,13,control,0,0.5526398,1,dept_246_closure_2021-07-27,2021-08-22,2021-08,2,1,,34002|246|2021-07-27,0.24485982703975823,-0.6733664230633328
35232,246,2021-07-27,2021-08-08,13,control,0,0.85742676,1,dept_246_closure_2021-07-27,2021-08-22,2021-08,2,1,,35232|246|2021-07-27,0.5496467870397581,-0.6733664230633328
35996,246,2021-07-27,2021-08-08,13,control,0,0.49443996,0,dept_246_closure_2021-07-27,2021-08-22,2021-08,2,1,0.0,35996|246|2021-07-27,0.18665998703975822,-0.6733664230633328
37485,246,2021-07-27,2021-08-08,13,control,0,0.010235807,0,dept_246_closure_2021-07-27,2021-08-22,2021-08,2,1,,37485|246|2021-07-27,-0.2975441659602418,-0.6733664230633328
37506,246,2021-07-27,2021-08-08,13,treatment,1,0.5700365,1,dept_246_closure_2021-07-27,2021-08-22,2021-08,2,1,,37506|246|2021-07-27,0.26225652703975816,-0.6733664230633328
37541,246,2021-07-27,2021-08-08,13,control,0,0.0052991416,0,dept_246_closure_2021-07-27,2021-08-22,2021-08,2,1,,37541|246|2021-07-27,-0.3024808313602418,-0.6733664230633328
41263,246,2021-07-27,2021-08-08,13,control,0,0.97604525,1,dept_246_closure_2021-07-27,2021-08-22,2021-08,2,1,1.0,41263|246|2021-07-27,0.6682652770397581,-0.6733664230633328
41289,246,2021-07-27,2021-08-08,13,control,0,0.003877407,0,dept_246_closure_2021-07-27,2021-08-22,2021-08,2,1,,41289|246|2021-07-27,-0.3039025659602418,-0.6733664230633328
41747,246,2021-07-27,2021-08-08,13,control,0,0.024151748,0,dept_246_closure_2021-07-27,2021-08-22,2021-08,2,1,,41747|246|2021-07-27,-0.28362822496024176,-0.6733664230633328
41924,246,2021-07-27,2021-08-08,13,control,0,0.024839915,0,dept_246_closure_2021-07-27,2021-08-22,2021-08,2,1,,41924|246|2021-07-27,-0.2829400579602418,-0.6733664230633328
43570,246,2021-07-27,2021-08-08,13,control,0,0.50512415,1,dept_246_closure_2021-07-27,2021-08-22,2021-08,2,1,,43570|246|2021-07-27,0.1973441770397582,-0.6733664230633328
44805,246,2021-07-27,2021-08-08,13,control,0,0.006438557,0,dept_246_closure_2021-07-27,2021-08-22,2021-08,2,1,,44805|246|2021-07-27,-0.3013414159602418,-0.6733664230633328
46323,246,2021-07-27,2021-08-08,13,control,0,0.004436662,0,dept_246_closure_2021-07-27,2021-08-22,2021-08,2,1,,46323|246|2021-07-27,-0.3033433109602418,-0.6733664230633328
48069,246,2021-07-27,2021-08-08,13,control,0,0.036547642,0,dept_246_closure_2021-07-27,2021-08-22,2021-08,2,1,,48069|246|2021-07-27,-0.2712323309602418,-0.6733664230633328
48118,246,2021-07-27,2021-08-08,13,control,0,0.007977607,0,dept_246_closure_2021-07-27,2021-08-22,2021-08,2,1,,48118|246|2021-07-27,-0.2998023659602418,-0.6733664230633328
49114,246,2021-07-27,2021-08-08,13,control,0,0.01653051,0,dept_246_closure_2021-07-27,2021-08-22,2021-08,2,1,,49114|246|2021-07-27,-0.2912494629602418,-0.6733664230633328
50430,246,2021-07-27,2021-08-08,13,control,0,0.12106775,0,dept_246_closure_2021-07-27,2021-08-22,2021-08,2,1,,50430|246|2021-07-27,-0.18671222296024179,-0.6733664230633328
55719,246,2021-07-27,2021-08-08,13,control,0,0.06846984,0,dept_246_closure_2021-07-27,2021-08-22,2021-08,2,1,1.0,55719|246|2021-07-27,-0.23931013296024178,-0.6733664230633328
58174,246,2021-07-27,2021-08-08,13,treatment,1,0.025775751,0,dept_246_closure_2021-07-27,2021-08-22,2021-08,2,1,,58174|246|2021-07-27,-0.2820042219602418,-0.6733664230633328
61470,246,2021-07-27,2021-08-08,13,control,0,0.0019178551,0,dept_246_closure_2021-07-27,2021-08-22,2021-08,2,1,,61470|246|2021-07-27,-0.3058621178602418,-0.6733664230633328
62467,246,2021-07-27,2021-08-08,13,control,0,0.7539235,1,dept_246_closure_2021-07-27,2021-08-22,2021-08,2,1,,62467|246|2021-07-27,0.4461435270397582,-0.6733664230633328
62617,246,2021-07-27,2021-08-08,13,control,0,0.2802774,0,dept_246_closure_2021-07-27,2021-08-22,2021-08,2,1,,62617|246|2021-07-27,-0.027502572960241778,-0.6733664230633328
63894,246,2021-07-27,2021-08-08,13,treatment,1,0.0032472073,0,dept_246_closure_2021-07-27,2021-08-22,2021-08,2,1,,63894|246|2021-07-27,-0.3045327656602418,-0.6733664230633328
64161,246,2021-07-27,2021-08-08,13,control,0,0.34984437,0,dept_246_closure_2021-07-27,2021-08-22,2021-08,2,1,,64161|246|2021-07-27,0.04206439703975823,-0.6733664230633328
64994,246,2021-07-27,2021-08-08,13,control,0,0.14465883,0,dept_246_closure_2021-07-27,2021-08-22,2021-08,2,1,,64994|246|2021-07-27,-0.1631211429602418,-0.6733664230633328
65724,246,2021-07-27,2021-08-08,13,control,0,0.3674528,0,dept_246_closure_2021-07-27,2021-08-22,2021-08,2,1,,65724|246|2021-07-27,0.059672827039758236,-0.6733664230633328
68795,246,2021-07-27,2021-08-08,13,control,0,0.9651761,1,dept_246_closure_2021-07-27,2021-08-22,2021-08,2,1,,68795|246|2021-07-27,0.6573961270397581,-0.6733664230633328
74930,246,2021-07-27,2021-08-08,13,control,0,0.006238125,0,dept_246_closure_2021-07-27,2021-08-22,2021-08,2,1,,74930|246|2021-07-27,-0.3015418479602418,-0.6733664230633328
75254,246,2021-07-27,2021-08-08,13,control,0,0.006278402,0,dept_246_closure_2021-07-27,2021-08-22,2021-08,2,1,,75254|246|2021-07-27,-0.30150157096024177,-0.6733664230633328
75454,246,2021-07-27,2021-08-08,13,control,0,0.051739547,0,dept_246_closure_2021-07-27,2021-08-22,2021-08,2,1,,75454|246|2021-07-27,-0.2560404259602418,-0.6733664230633328
77627,246,2021-07-27,2021-08-08,13,control,0,0.9423059,1,dept_246_closure_2021-07-27,2021-08-22,2021-08,2,1,0.3333333333333333,77627|246|2021-07-27,0.6345259270397583,-0.6733664230633328
80592,246,2021-07-27,2021-08-08,13,control,0,0.0012003159,0,dept_246_closure_2021-07-27,2021-08-22,2021-08,2,1,,80592|246|2021-07-27,-0.30657965706024176,-0.6733664230633328
83197,246,2021-07-27,2021-08-08,13,control,0,0.060882423,0,dept_246_closure_2021-07-27,2021-08-22,2021-08,2,1,,83197|246|2021-07-27,-0.2468975499602418,-0.6733664230633328
83512,246,2021-07-27,2021-08-08,13,treatment,1,0.0007489331,0,dept_246_closure_2021-07-27,2021-08-22,2021-08,2,1,,83512|246|2021-07-27,-0.3070310398602418,-0.6733664230633328
83837,246,2021-07-27,2021-08-08,13,control,0,0.032278985,0,dept_246_closure_2021-07-27,2021-08-22,2021-08,2,1,,83837|246|2021-07-27,-0.2755009879602418,-0.6733664230633328
84880,246,2021-07-27,2021-08-08,13,control,0,0.00688161,0,dept_246_closure_2021-07-27,2021-08-22,2021-08,2,1,,84880|246|2021-07-27,-0.3008983629602418,-0.6733664230633328
85945,246,2021-07-27,2021-08-08,13,control,0,0.0026010852,0,dept_246_closure_2021-07-27,2021-08-22,2021-08,2,1,,85945|246|2021-07-27,-0.30517888776024177,-0.6733664230633328
88701,246,2021-07-27,2021-08-08,13,control,0,0.002537611,0,dept_246_closure_2021-07-27,2021-08-22,2021-08,2,1,,88701|246|2021-07-27,-0.3052423619602418,-0.6733664230633328
89391,246,2021-07-27,2021-08-08,13,control,0,0.009230248,0,dept_246_closure_2021-07-27,2021-08-22,2021-08,2,1,,89391|246|2021-07-27,-0.2985497249602418,-0.6733664230633328
94006,246,2021-07-27,2021-08-08,13,control,0,0.28857115,0,dept_246_closure_2021-07-27,2021-08-22,2021-08,2,1,1.0,94006|246|2021-07-27,-0.01920882296024179,-0.6733664230633328
99636,246,2021-07-27,2021-08-08,13,treatment,1,0.48824883,0,dept_246_closure_2021-07-27,2021-08-22,2021-08,2,1,0.0,99636|246|2021-07-27,0.18046885703975823,-0.6733664230633328
100285,246,2021-07-27,2021-08-08,13,control,0,0.0010297304,0,dept_246_closure_2021-07-27,2021-08-22,2021-08,2,1,,100285|246|2021-07-27,-0.3067502425602418,-0.6733664230633328
101690,246,2021-07-27,2021-08-08,13,control,0,0.0054791784,0,dept_246_closure_2021-07-27,2021-08-22,2021-08,2,1,,101690|246|2021-07-27,-0.3023007945602418,-0.6733664230633328
102939,246,2021-07-27,2021-08-08,13,control,0,0.056172602,0,dept_246_closure_2021-07-27,2021-08-22,2021-08,2,1,,102939|246|2021-07-27,-0.25160737096024177,-0.6733664230633328
104364,246,2021-07-27,2021-08-08,13,treatment,1,0.0011055329,0,dept_246_closure_2021-07-27,2021-08-22,2021-08,2,1,,104364|246|2021-07-27,-0.3066744400602418,-0.6733664230633328
104791,246,2021-07-27,2021-08-08,13,control,0,0.00038451306,0,dept_246_closure_2021-07-27,2021-08-22,2021-08,2,1,,104791|246|2021-07-27,-0.3073954599002418,-0.6733664230633328
104999,246,2021-07-27,2021-08-08,13,control,0,0.77188766,1,dept_246_closure_2021-07-27,2021-08-22,2021-08,2,1,0.5,104999|246|2021-07-27,0.4641076870397582,-0.6733664230633328
106451,246,2021-07-27,2021-08-08,13,control,0,0.59141666,1,dept_246_closure_2021-07-27,2021-08-22,2021-08,2,1,,106451|246|2021-07-27,0.28363668703975825,-0.6733664230633328
107729,246,2021-07-27,2021-08-08,13,treatment,1,0.9872944,1,dept_246_closure_2021-07-27,2021-08-22,2021-08,2,1,,107729|246|2021-07-27,0.6795144270397582,-0.6733664230633328
108290,246,2021-07-27,2021-08-08,13,control,0,0.27102268,0,dept_246_closure_2021-07-27,2021-08-22,2021-08,2,1,0.0,108290|246|2021-07-27,-0.03675729296024177,-0.6733664230633328
108602,246,2021-07-27,2021-08-08,13,control,0,0.12955897,0,dept_246_closure_2021-07-27,2021-08-22,2021-08,2,1,,108602|246|2021-07-27,-0.1782210029602418,-0.6733664230633328
110523,246,2021-07-27,2021-08-08,13,treatment,1,0.033722427,0,dept_246_closure_2021-07-27,2021-08-22,2021-08,2,1,,110523|246|2021-07-27,-0.2740575459602418,-0.6733664230633328
111618,246,2021-07-27,2021-08-08,13,control,0,0.020083731,0,dept_246_closure_2021-07-27,2021-08-22,2021-08,2,1,,111618|246|2021-07-27,-0.2876962419602418,-0.6733664230633328
113259,246,2021-07-27,2021-08-08,13,control,0,0.2508315,0,dept_246_closure_2021-07-27,2021-08-22,2021-08,2,1,1.0,113259|246|2021-07-27,-0.0569484729602418,-0.6733664230633328
115213,246,2021-07-27,2021-08-08,13,control,0,0.8139987,1,dept_246_closure_2021-07-27,2021-08-22,2021-08,2,1,,115213|246|2021-07-27,0.5062187270397582,-0.6733664230633328
115992,246,2021-07-27,2021-08-08,13,control,0,0.0014414658,0,dept_246_closure_2021-07-27,2021-08-22,2021-08,2,1,,115992|246|2021-07-27,-0.3063385071602418,-0.6733664230633328
117266,246,2021-07-27,2021-08-08,13,control,0,0.04361259,0,dept_246_closure_2021-07-27,2021-08-22,2021-08,2,1,,117266|246|2021-07-27,-0.2641673829602418,-0.6733664230633328
117463,246,2021-07-27,2021-08-08,13,treatment,1,0.000519652,0,dept_246_closure_2021-07-27,2021-08-22,2021-08,2,1,,117463|246|2021-07-27,-0.3072603209602418,-0.6733664230633328
117689,246,2021-07-27,2021-08-08,13,control,0,0.11426322,0,dept_246_closure_2021-07-27,2021-08-22,2021-08,2,1,,117689|246|2021-07-27,-0.1935167529602418,-0.6733664230633328
118028,246,2021-07-27,2021-08-08,13,control,0,0.042520892,0,dept_246_closure_2021-07-27,2021-08-22,2021-08,2,1,0.0,118028|246|2021-07-27,-0.2652590809602418,-0.6733664230633328
123845,246,2021-07-27,2021-08-08,13,control,0,0.0049063414,0,dept_246_closure_2021-07-27,2021-08-22,2021-08,2,1,,123845|246|2021-07-27,-0.3028736315602418,-0.6733664230633328
124140,246,2021-07-27,2021-08-08,13,control,0,0.00077034417,0,dept_246_closure_2021-07-27,2021-08-22,2021-08,2,1,,124140|246|2021-07-27,-0.3070096287902418,-0.6733664230633328
124519,246,2021-07-27,2021-08-08,13,control,0,0.1613756,0,dept_246_closure_2021-07-27,2021-08-22,2021-08,2,1,0.0,124519|246|2021-07-27,-0.14640437296024178,-0.6733664230633328
125288,246,2021-07-27,2021-08-08,13,treatment,1,0.00042904564,0,dept_246_closure_2021-07-27,2021-08-22,2021-08,2,1,,125288|246|2021-07-27,-0.3073509273202418,-0.6733664230633328
126383,246,2021-07-27,2021-08-08,13,control,0,0.015411615,0,dept_246_closure_2021-07-27,2021-08-22,2021-08,2,1,,126383|246|2021-07-27,-0.2923683579602418,-0.6733664230633328
127325,246,2021-07-27,2021-08-08,13,control,0,0.31199288,0,dept_246_closure_2021-07-27,2021-08-22,2021-08,2,1,,127325|246|2021-07-27,0.004212907039758185,-0.6733664230633328
133214,246,2021-07-27,2021-08-08,13,control,0,0.007817035,0,dept_246_closure_2021-07-27,2021-08-22,2021-08,2,1,,133214|246|2021-07-27,-0.29996293796024176,-0.6733664230633328
133833,246,2021-07-27,2021-08-08,13,control,0,0.0031631151,0,dept_246_closure_2021-07-27,2021-08-22,2021-08,2,1,,133833|246|2021-07-27,-0.3046168578602418,-0.6733664230633328
135205,246,2021-07-27,2021-08-08,13,control,0,0.0010553765,0,dept_246_closure_2021-07-27,2021-08-22,2021-08,2,1,,135205|246|2021-07-27,-0.3067245964602418,-0.6733664230633328
136057,246,2021-07-27,2021-08-08,13,control,0,0.2031454,0,dept_246_closure_2021-07-27,2021-08-22,2021-08,2,1,0.0,136057|246|2021-07-27,-0.10463457296024178,-0.6733664230633328
136063,246,2021-07-27,2021-08-08,13,control,0,0.005267139,0,dept_246_closure_2021-07-27,2021-08-22,2021-08,2,1,,136063|246|2021-07-27,-0.3025128339602418,-0.6733664230633328
137955,246,2021-07-27,2021-08-08,13,control,0,0.8207661,1,dept_246_closure_2021-07-27,2021-08-22,2021-08,2,1,1.0,137955|246|2021-07-27,0.5129861270397582,-0.6733664230633328
138417,246,2021-07-27,2021-08-08,13,control,0,0.03873831,0,dept_246_closure_2021-07-27,2021-08-22,2021-08,2,1,,138417|246|2021-07-27,-0.2690416629602418,-0.6733664230633328
138825,246,2021-07-27,2021-08-08,13,control,0,0.27647775,0,dept_246_closure_2021-07-27,2021-08-22,2021-08,2,1,,138825|246|2021-07-27,-0.031302222960241766,-0.6733664230633328
139774,246,2021-07-27,2021-08-08,13,control,0,0.06656849,0,dept_246_closure_2021-07-27,2021-08-22,2021-08,2,1,,139774|246|2021-07-27,-0.2412114829602418,-0.6733664230633328
143776,246,2021-07-27,2021-08-08,13,control,0,0.14395767,0,dept_246_closure_2021-07-27,2021-08-22,2021-08,2,1,,143776|246|2021-07-27,-0.16382230296024178,-0.6733664230633328
145372,246,2021-07-27,2021-08-08,13,treatment,1,0.0004766058,0,dept_246_closure_2021-07-27,2021-08-22,2021-08,2,1,,145372|246|2021-07-27,-0.3073033671602418,-0.6733664230633328
147307,246,2021-07-27,2021-08-08,13,control,0,0.0975213,0,dept_246_closure_2021-07-27,2021-08-22,2021-08,2,1,1.0,147307|246|2021-07-27,-0.21025867296024178,-0.6733664230633328
148127,246,2021-07-27,2021-08-08,13,control,0,0.07233724,0,dept_246_closure_2021-07-27,2021-08-22,2021-08,2,1,,148127|246|2021-07-27,-0.2354427329602418,-0.6733664230633328
148441,246,2021-07-27,2021-08-08,13,control,0,0.2556321,0,dept_246_closure_2021-07-27,2021-08-22,2021-08,2,1,0.3333333333333333,148441|246|2021-07-27,-0.052147872960241815,-0.6733664230633328
151009,246,2021-07-27,2021-08-08,13,control,0,0.6553716,1,dept_246_closure_2021-07-27,2021-08-22,2021-08,2,1,,151009|246|2021-07-27,0.34759162703975827,-0.6733664230633328
151024,246,2021-07-27,2021-08-08,13,control,0,0.5315132,1,dept_246_closure_2021-07-27,2021-08-22,2021-08,2,1,,151024|246|2021-07-27,0.22373322703975823,-0.6733664230633328
152032,246,2021-07-27,2021-08-08,13,control,0,0.80558157,1,dept_246_closure_2021-07-27,2021-08-22,2021-08,2,1,,152032|246|2021-07-27,0.4978015970397582,-0.6733664230633328
155231,246,2021-07-27,2021-08-08,13,treatment,1,0.012627428,0,dept_246_closure_2021-07-27,2021-08-22,2021-08,2,1,,155231|246|2021-07-27,-0.2951525449602418,-0.6733664230633328
155553,246,2021-07-27,2021-08-08,13,control,0,0.0030715873,0,dept_246_closure_2021-07-27,2021-08-22,2021-08,2,1,1.0,155553|246|2021-07-27,-0.3047083856602418,-0.6733664230633328
155965,246,2021-07-27,2021-08-08,13,control,0,0.006050398,0,dept_246_closure_2021-07-27,2021-08-22,2021-08,2,1,,155965|246|2021-07-27,-0.3017295749602418,-0.6733664230633328
156315,246,2021-07-27,2021-08-08,13,control,0,0.012487564,0,dept_246_closure_2021-07-27,2021-08-22,2021-08,2,1,,156315|246|2021-07-27,-0.2952924089602418,-0.6733664230633328
156681,246,2021-07-27,2021-08-08,13,control,0,0.8056619,1,dept_246_closure_2021-07-27,2021-08-22,2021-08,2,1,,156681|246|2021-07-27,0.49788192703975825,-0.6733664230633328
157356,246,2021-07-27,2021-08-08,13,control,0,0.36475253,0,dept_246_closure_2021-07-27,2021-08-22,2021-08,2,1,0.5,157356|246|2021-07-27,0.05697255703975823,-0.6733664230633328
159290,246,2021-07-27,2021-08-08,13,control,0,0.520794,1,dept_246_closure_2021-07-27,2021-08-22,2021-08,2,1,0.0,159290|246|2021-07-27,0.2130140270397582,-0.6733664230633328
163009,246,2021-07-27,2021-08-08,13,control,0,0.0032412908,0,dept_246_closure_2021-07-27,2021-08-22,2021-08,2,1,,163009|246|2021-07-27,-0.30453868216024177,-0.6733664230633328
168851,246,2021-07-27,2021-08-08,13,treatment,1,0.14223818,0,dept_246_closure_2021-07-27,2021-08-22,2021-08,2,1,0.0,168851|246|2021-07-27,-0.1655417929602418,-0.6733664230633328
168859,246,2021-07-27,2021-08-08,13,control,0,0.23655716,0,dept_246_closure_2021-07-27,2021-08-22,2021-08,2,1,,168859|246|2021-07-27,-0.0712228129602418,-0.6733664230633328
169284,246,2021-07-27,2021-08-08,13,control,0,0.077404,0,dept_246_closure_2021-07-27,2021-08-22,2021-08,2,1,,169284|246|2021-07-27,-0.2303759729602418,-0.6733664230633328
169779,246,2021-07-27,2021-08-08,13,control,0,0.5095837,1,dept_246_closure_2021-07-27,2021-08-22,2021-08,2,1,,169779|246|2021-07-27,0.20180372703975819,-0.6733664230633328
170648,246,2021-07-27,2021-08-08,13,control,0,0.08296131,0,dept_246_closure_2021-07-27,2021-08-22,2021-08,2,1,1.0,170648|246|2021-07-27,-0.22481866296024178,-0.6733664230633328
171829,246,2021-07-27,2021-08-08,13,control,0,0.7854076,1,dept_246_closure_2021-07-27,2021-08-22,2021-08,2,1,,171829|246|2021-07-27,0.4776276270397582,-0.6733664230633328
174299,246,2021-07-27,2021-08-08,13,control,0,0.12492011,0,dept_246_closure_2021-07-27,2021-08-22,2021-08,2,1,0.6666666666666666,174299|246|2021-07-27,-0.1828598629602418,-0.6733664230633328
175565,246,2021-07-27,2021-08-08,13,control,0,0.00043081085,0,dept_246_closure_2021-07-27,2021-08-22,2021-08,2,1,,175565|246|2021-07-27,-0.30734916211024177,-0.6733664230633328
180465,246,2021-07-27,2021-08-08,13,treatment,1,0.259185,0,dept_246_closure_2021-07-27,2021-08-22,2021-08,2,1,1.0,180465|246|2021-07-27,-0.04859497296024179,-0.6733664230633328
181998,246,2021-07-27,2021-08-08,13,control,0,0.143926,0,dept_246_closure_2021-07-27,2021-08-22,2021-08,2,1,0.5,181998|246|2021-07-27,-0.1638539729602418,-0.6733664230633328
183672,246,2021-07-27,2021-08-08,13,control,0,0.0026851657,0,dept_246_closure_2021-07-27,2021-08-22,2021-08,2,1,,183672|246|2021-07-27,-0.3050948072602418,-0.6733664230633328
184494,246,2021-07-27,2021-08-08,13,control,0,0.8184082,1,dept_246_closure_2021-07-27,2021-08-22,2021-08,2,1,1.0,184494|246|2021-07-27,0.5106282270397582,-0.6733664230633328
184868,246,2021-07-27,2021-08-08,13,control,0,0.36570916,0,dept_246_closure_2021-07-27,2021-08-22,2021-08,2,1,,184868|246|2021-07-27,0.05792918703975819,-0.6733664230633328
188771,246,2021-07-27,2021-08-08,13,control,0,0.008155373,0,dept_246_closure_2021-07-27,2021-08-22,2021-08,2,1,,188771|246|2021-07-27,-0.29962459996024177,-0.6733664230633328
191129,246,2021-07-27,2021-08-08,13,control,0,0.00997795,0,dept_246_closure_2021-07-27,2021-08-22,2021-08,2,1,,191129|246|2021-07-27,-0.2978020229602418,-0.6733664230633328
197542,246,2021-07-27,2021-08-08,13,control,0,0.038574096,0,dept_246_closure_2021-07-27,2021-08-22,2021-08,2,1,,197542|246|2021-07-27,-0.2692058769602418,-0.6733664230633328
199413,246,2021-07-27,2021-08-08,13,control,0,0.02999612,0,dept_246_closure_2021-07-27,2021-08-22,2021-08,2,1,,199413|246|2021-07-27,-0.2777838529602418,-0.6733664230633328
203579,246,2021-07-27,2021-08-08,13,control,0,0.004454911,0,dept_246_closure_2021-07-27,2021-08-22,2021-08,2,1,,203579|246|2021-07-27,-0.3033250619602418,-0.6733664230633328
203841,246,2021-07-27,2021-08-08,13,control,0,0.0010743989,0,dept_246_closure_2021-07-27,2021-08-22,2021-08,2,1,,203841|246|2021-07-27,-0.3067055740602418,-0.6733664230633328
204424,246,2021-07-27,2021-08-08,13,control,0,0.01007441,0,dept_246_closure_2021-07-27,2021-08-22,2021-08,2,1,,204424|246|2021-07-27,-0.2977055629602418,-0.6733664230633328
204924,246,2021-07-27,2021-08-08,13,control,0,0.00014777645,0,dept_246_closure_2021-07-27,2021-08-22,2021-08,2,1,,204924|246|2021-07-27,-0.30763219651024176,-0.6733664230633328
205498,246,2021-07-27,2021-08-08,13,control,0,0.010686833,0,dept_246_closure_2021-07-27,2021-08-22,2021-08,2,1,,205498|246|2021-07-27,-0.2970931399602418,-0.6733664230633328
208321,246,2021-07-27,2021-08-08,13,control,0,0.009726258,0,dept_246_closure_2021-07-27,2021-08-22,2021-08,2,1,,208321|246|2021-07-27,-0.2980537149602418,-0.6733664230633328
210109,246,2021-07-27,2021-08-08,13,control,0,0.2929824,0,dept_246_closure_2021-07-27,2021-08-22,2021-08,2,1,,210109|246|2021-07-27,-0.014797572960241812,-0.6733664230633328
210669,246,2021-07-27,2021-08-08,13,treatment,1,0.013678787,0,dept_246_closure_2021-07-27,2021-08-22,2021-08,2,1,0.5,210669|246|2021-07-27,-0.29410118596024176,-0.6733664230633328
215562,246,2021-07-27,2021-08-08,13,control,0,0.04311617,0,dept_246_closure_2021-07-27,2021-08-22,2021-08,2,1,,215562|246|2021-07-27,-0.2646638029602418,-0.6733664230633328
217728,246,2021-07-27,2021-08-08,13,control,0,0.029586418,0,dept_246_closure_2021-07-27,2021-08-22,2021-08,2,1,,217728|246|2021-07-27,-0.2781935549602418,-0.6733664230633328
218261,246,2021-07-27,2021-08-08,13,treatment,1,0.0028441278,0,dept_246_closure_2021-07-27,2021-08-22,2021-08,2,1,,218261|246|2021-07-27,-0.3049358451602418,-0.6733664230633328
220611,246,2021-07-27,2021-08-08,13,control,0,0.4585377,0,dept_246_closure_2021-07-27,2021-08-22,2021-08,2,1,,220611|246|2021-07-27,0.1507577270397582,-0.6733664230633328
225448,246,2021-07-27,2021-08-08,13,control,0,0.0052057686,0,dept_246_closure_2021-07-27,2021-08-22,2021-08,2,1,,225448|246|2021-07-27,-0.3025742043602418,-0.6733664230633328
225682,246,2021-07-27,2021-08-08,13,control,0,0.001283649,0,dept_246_closure_2021-07-27,2021-08-22,2021-08,2,1,,225682|246|2021-07-27,-0.3064963239602418,-0.6733664230633328
226835,246,2021-07-27,2021-08-08,13,control,0,0.12201637,0,dept_246_closure_2021-07-27,2021-08-22,2021-08,2,1,,226835|246|2021-07-27,-0.1857636029602418,-0.6733664230633328
229636,246,2021-07-27,2021-08-08,13,control,0,0.3207437,0,dept_246_closure_2021-07-27,2021-08-22,2021-08,2,1,,229636|246|2021-07-27,0.012963727039758233,-0.6733664230633328
230132,246,2021-07-27,2021-08-08,13,control,0,0.06859596,0,dept_246_closure_2021-07-27,2021-08-22,2021-08,2,1,,230132|246|2021-07-27,-0.23918401296024178,-0.6733664230633328
233290,246,2021-07-27,2021-08-08,13,control,0,0.52270347,1,dept_246_closure_2021-07-27,2021-08-22,2021-08,2,1,1.0,233290|246|2021-07-27,0.21492349703975816,-0.6733664230633328
233346,246,2021-07-27,2021-08-08,13,control,0,0.00021615047,0,dept_246_closure_2021-07-27,2021-08-22,2021-08,2,1,,233346|246|2021-07-27,-0.3075638224902418,-0.6733664230633328
234672,246,2021-07-27,2021-08-08,13,control,0,0.000580863,0,dept_246_closure_2021-07-27,2021-08-22,2021-08,2,1,,234672|246|2021-07-27,-0.3071991099602418,-0.6733664230633328
236029,246,2021-07-27,2021-08-08,13,control,0,0.040655516,0,dept_246_closure_2021-07-27,2021-08-22,2021-08,2,1,,236029|246|2021-07-27,-0.2671244569602418,-0.6733664230633328
236820,246,2021-07-27,2021-08-08,13,control,0,0.00022939839,0,dept_246_closure_2021-07-27,2021-08-22,2021-08,2,1,,236820|246|2021-07-27,-0.30755057457024176,-0.6733664230633328
236997,246,2021-07-27,2021-08-08,13,control,0,0.36613643,0,dept_246_closure_2021-07-27,2021-08-22,2021-08,2,1,0.6666666666666666,236997|246|2021-07-27,0.058356457039758225,-0.6733664230633328
237146,246,2021-07-27,2021-08-08,13,control,0,0.61688244,1,dept_246_closure_2021-07-27,2021-08-22,2021-08,2,1,,237146|246|2021-07-27,0.30910246703975824,-0.6733664230633328
237810,246,2021-07-27,2021-08-08,13,control,0,0.005046733,0,dept_246_closure_2021-07-27,2021-08-22,2021-08,2,1,,237810|246|2021-07-27,-0.30273323996024176,-0.6733664230633328
238525,246,2021-07-27,2021-08-08,13,control,0,0.007303511,0,dept_246_closure_2021-07-27,2021-08-22,2021-08,2,1,,238525|246|2021-07-27,-0.3004764619602418,-0.6733664230633328
241338,246,2021-07-27,2021-08-08,13,control,0,0.021715533,0,dept_246_closure_2021-07-27,2021-08-22,2021-08,2,1,,241338|246|2021-07-27,-0.2860644399602418,-0.6733664230633328
241507,246,2021-07-27,2021-08-08,13,control,0,0.20312865,0,dept_246_closure_2021-07-27,2021-08-22,2021-08,2,1,1.0,241507|246|2021-07-27,-0.1046513229602418,-0.6733664230633328
244794,246,2021-07-27,2021-08-08,13,control,0,0.33012336,0,dept_246_closure_2021-07-27,2021-08-22,2021-08,2,1,,244794|246|2021-07-27,0.02234338703975819,-0.6733664230633328
245077,246,2021-07-27,2021-08-08,13,control,0,0.10267958,0,dept_246_closure_2021-07-27,2021-08-22,2021-08,2,1,,245077|246|2021-07-27,-0.2051003929602418,-0.6733664230633328
246094,246,2021-07-27,2021-08-08,13,control,0,0.0079742605,0,dept_246_closure_2021-07-27,2021-08-22,2021-08,2,1,,246094|246|2021-07-27,-0.2998057124602418,-0.6733664230633328
247767,246,2021-07-27,2021-08-08,13,control,0,0.0012259317,0,dept_246_closure_2021-07-27,2021-08-22,2021-08,2,1,,247767|246|2021-07-27,-0.30655404126024177,-0.6733664230633328
249817,246,2021-07-27,2021-08-08,13,treatment,1,0.44966677,0,dept_246_closure_2021-07-27,2021-08-22,2021-08,2,1,,249817|246|2021-07-27,0.1418867970397582,-0.6733664230633328
250542,246,2021-07-27,2021-08-08,13,control,0,0.0035489663,0,dept_246_closure_2021-07-27,2021-08-22,2021-08,2,1,,250542|246|2021-07-27,-0.3042310066602418,-0.6733664230633328
251334,246,2021-07-27,2021-08-08,13,control,0,0.0025421518,0,dept_246_closure_2021-07-27,2021-08-22,2021-08,2,1,,251334|246|2021-07-27,-0.3052378211602418,-0.6733664230633328
252087,246,2021-07-27,2021-08-08,13,control,0,0.8424901,1,dept_246_closure_2021-07-27,2021-08-22,2021-08,2,1,1.0,252087|246|2021-07-27,0.5347101270397583,-0.6733664230633328
252217,246,2021-07-27,2021-08-08,13,control,0,0.7053127,1,dept_246_closure_2021-07-27,2021-08-22,2021-08,2,1,,252217|246|2021-07-27,0.3975327270397582,-0.6733664230633328
255689,246,2021-07-27,2021-08-08,13,control,0,0.55216575,1,dept_246_closure_2021-07-27,2021-08-22,2021-08,2,1,,255689|246|2021-07-27,0.24438577703975822,-0.6733664230633328
255874,246,2021-07-27,2021-08-08,13,control,0,0.078918055,0,dept_246_closure_2021-07-27,2021-08-22,2021-08,2,1,,255874|246|2021-07-27,-0.2288619179602418,-0.6733664230633328
257892,246,2021-07-27,2021-08-08,13,treatment,1,0.09642344,0,dept_246_closure_2021-07-27,2021-08-22,2021-08,2,1,,257892|246|2021-07-27,-0.2113565329602418,-0.6733664230633328
259539,246,2021-07-27,2021-08-08,13,control,0,0.98992246,1,dept_246_closure_2021-07-27,2021-08-22,2021-08,2,1,1.0,259539|246|2021-07-27,0.6821424870397581,-0.6733664230633328
259582,246,2021-07-27,2021-08-08,13,control,0,0.7666549,1,dept_246_closure_2021-07-27,2021-08-22,2021-08,2,1,,259582|246|2021-07-27,0.45887492703975824,-0.6733664230633328
260406,246,2021-07-27,2021-08-08,13,control,0,0.95459735,1,dept_246_closure_2021-07-27,2021-08-22,2021-08,2,1,0.0,260406|246|2021-07-27,0.6468173770397583,-0.6733664230633328
262174,246,2021-07-27,2021-08-08,13,control,0,0.017433695,0,dept_246_closure_2021-07-27,2021-08-22,2021-08,2,1,,262174|246|2021-07-27,-0.2903462779602418,-0.6733664230633328
262226,246,2021-07-27,2021-08-08,13,treatment,1,0.0046343305,0,dept_246_closure_2021-07-27,2021-08-22,2021-08,2,1,,262226|246|2021-07-27,-0.3031456424602418,-0.6733664230633328
262312,246,2021-07-27,2021-08-08,13,treatment,1,0.30028024,0,dept_246_closure_2021-07-27,2021-08-22,2021-08,2,1,,262312|246|2021-07-27,-0.007499732960241812,-0.6733664230633328
262908,246,2021-07-27,2021-08-08,13,control,0,0.0017360738,0,dept_246_closure_2021-07-27,2021-08-22,2021-08,2,1,0.5,262908|246|2021-07-27,-0.3060438991602418,-0.6733664230633328
265383,246,2021-07-27,2021-08-08,13,control,0,0.3692996,0,dept_246_closure_2021-07-27,2021-08-22,2021-08,2,1,,265383|246|2021-07-27,0.06151962703975822,-0.6733664230633328
266110,246,2021-07-27,2021-08-08,13,control,0,0.14823094,0,dept_246_closure_2021-07-27,2021-08-22,2021-08,2,1,,266110|246|2021-07-27,-0.15954903296024178,-0.6733664230633328
267323,246,2021-07-27,2021-08-08,13,control,0,0.009151967,0,dept_246_closure_2021-07-27,2021-08-22,2021-08,2,1,,267323|246|2021-07-27,-0.2986280059602418,-0.6733664230633328
271753,246,2021-07-27,2021-08-08,13,control,0,0.70104194,1,dept_246_closure_2021-07-27,2021-08-22,2021-08,2,1,0.0,271753|246|2021-07-27,0.3932619670397582,-0.6733664230633328
272325,246,2021-07-27,2021-08-08,13,control,0,0.03747098,0,dept_246_closure_2021-07-27,2021-08-22,2021-08,2,1,,272325|246|2021-07-27,-0.2703089929602418,-0.6733664230633328
274118,246,2021-07-27,2021-08-08,13,control,0,0.16955857,0,dept_246_closure_2021-07-27,2021-08-22,2021-08,2,1,,274118|246|2021-07-27,-0.1382214029602418,-0.6733664230633328
274812,246,2021-07-27,2021-08-08,13,control,0,0.009415506,0,dept_246_closure_2021-07-27,2021-08-22,2021-08,2,1,,274812|246|2021-07-27,-0.29836446696024177,-0.6733664230633328
277601,246,2021-07-27,2021-08-08,13,treatment,1,0.1419399,0,dept_246_closure_2021-07-27,2021-08-22,2021-08,2,1,1.0,277601|246|2021-07-27,-0.16584007296024178,-0.6733664230633328
280469,246,2021-07-27,2021-08-08,13,control,0,0.0043828194,0,dept_246_closure_2021-07-27,2021-08-22,2021-08,2,1,,280469|246|2021-07-27,-0.3033971535602418,-0.6733664230633328
283701,246,2021-07-27,2021-08-08,13,control,0,0.001436328,0,dept_246_closure_2021-07-27,2021-08-22,2021-08,2,1,,283701|246|2021-07-27,-0.3063436449602418,-0.6733664230633328
284315,246,2021-07-27,2021-08-08,13,control,0,0.4202311,0,dept_246_closure_2021-07-27,2021-08-22,2021-08,2,1,,284315|246|2021-07-27,0.11245112703975824,-0.6733664230633328
285033,246,2021-07-27,2021-08-08,13,treatment,1,0.00620761,0,dept_246_closure_2021-07-27,2021-08-22,2021-08,2,1,,285033|246|2021-07-27,-0.3015723629602418,-0.6733664230633328
285046,246,2021-07-27,2021-08-08,13,control,0,0.0044367714,0,dept_246_closure_2021-07-27,2021-08-22,2021-08,2,1,,285046|246|2021-07-27,-0.3033432015602418,-0.6733664230633328
285633,246,2021-07-27,2021-08-08,13,control,0,0.43627,0,dept_246_closure_2021-07-27,2021-08-22,2021-08,2,1,0.0,285633|246|2021-07-27,0.1284900270397582,-0.6733664230633328
286482,246,2021-07-27,2021-08-08,13,control,0,0.02225262,0,dept_246_closure_2021-07-27,2021-08-22,2021-08,2,1,1.0,286482|246|2021-07-27,-0.2855273529602418,-0.6733664230633328
286653,246,2021-07-27,2021-08-08,13,control,0,0.0026606242,0,dept_246_closure_2021-07-27,2021-08-22,2021-08,2,1,,286653|246|2021-07-27,-0.30511934876024177,-0.6733664230633328
286897,246,2021-07-27,2021-08-08,13,control,0,0.16014734,0,dept_246_closure_2021-07-27,2021-08-22,2021-08,2,1,0.6,286897|246|2021-07-27,-0.1476326329602418,-0.6733664230633328
287010,246,2021-07-27,2021-08-08,13,treatment,1,0.009861909,0,dept_246_closure_2021-07-27,2021-08-22,2021-08,2,1,,287010|246|2021-07-27,-0.2979180639602418,-0.6733664230633328
287756,246,2021-07-27,2021-08-08,13,treatment,1,0.28949228,0,dept_246_closure_2021-07-27,2021-08-22,2021-08,2,1,,287756|246|2021-07-27,-0.018287692960241797,-0.6733664230633328
288337,246,2021-07-27,2021-08-08,13,treatment,1,0.22882752,0,dept_246_closure_2021-07-27,2021-08-22,2021-08,2,1,1.0,288337|246|2021-07-27,-0.07895245296024178,-0.6733664230633328
288975,246,2021-07-27,2021-08-08,13,control,0,0.492053,0,dept_246_closure_2021-07-27,2021-08-22,2021-08,2,1,,288975|246|2021-07-27,0.18427302703975823,-0.6733664230633328
288983,246,2021-07-27,2021-08-08,13,control,0,0.2496914,0,dept_246_closure_2021-07-27,2021-08-22,2021-08,2,1,,288983|246|2021-07-27,-0.05808857296024178,-0.6733664230633328
290365,246,2021-07-27,2021-08-08,13,control,0,0.10970233,0,dept_246_closure_2021-07-27,2021-08-22,2021-08,2,1,,290365|246|2021-07-27,-0.19807764296024177,-0.6733664230633328
298986,246,2021-07-27,2021-08-08,13,treatment,1,0.04026596,0,dept_246_closure_2021-07-27,2021-08-22,2021-08,2,1,,298986|246|2021-07-27,-0.2675140129602418,-0.6733664230633328
301762,246,2021-07-27,2021-08-08,13,control,0,0.7357581,1,dept_246_closure_2021-07-27,2021-08-22,2021-08,2,1,,301762|246|2021-07-27,0.4279781270397582,-0.6733664230633328
304979,246,2021-07-27,2021-08-08,13,control,0,0.09525018,0,dept_246_closure_2021-07-27,2021-08-22,2021-08,2,1,,304979|246|2021-07-27,-0.21252979296024177,-0.6733664230633328
307417,246,2021-07-27,2021-08-08,13,control,0,0.9599353,1,dept_246_closure_2021-07-27,2021-08-22,2021-08,2,1,0.5,307417|246|2021-07-27,0.6521553270397582,-0.6733664230633328
309461,246,2021-07-27,2021-08-08,13,control,0,0.44486257,0,dept_246_closure_2021-07-27,2021-08-22,2021-08,2,1,,309461|246|2021-07-27,0.13708259703975822,-0.6733664230633328
313013,246,2021-07-27,2021-08-08,13,control,0,0.2960066,0,dept_246_closure_2021-07-27,2021-08-22,2021-08,2,1,,313013|246|2021-07-27,-0.01177337296024178,-0.6733664230633328
313212,246,2021-07-27,2021-08-08,13,control,0,0.5962742,1,dept_246_closure_2021-07-27,2021-08-22,2021-08,2,1,,313212|246|2021-07-27,0.2884942270397582,-0.6733664230633328
316936,246,2021-07-27,2021-08-08,13,control,0,0.0037791403,0,dept_246_closure_2021-07-27,2021-08-22,2021-08,2,1,,316936|246|2021-07-27,-0.3040008326602418,-0.6733664230633328
317316,246,2021-07-27,2021-08-08,13,control,0,0.85932696,1,dept_246_closure_2021-07-27,2021-08-22,2021-08,2,1,0.5,317316|246|2021-07-27,0.5515469870397582,-0.6733664230633328
319362,246,2021-07-27,2021-08-08,13,control,0,0.054192737,0,dept_246_closure_2021-07-27,2021-08-22,2021-08,2,1,,319362|246|2021-07-27,-0.2535872359602418,-0.6733664230633328
319378,246,2021-07-27,2021-08-08,13,control,0,0.0054719755,0,dept_246_closure_2021-07-27,2021-08-22,2021-08,2,1,,319378|246|2021-07-27,-0.3023079974602418,-0.6733664230633328
321260,246,2021-07-27,2021-08-08,13,control,0,0.8903487,1,dept_246_closure_2021-07-27,2021-08-22,2021-08,2,1,,321260|246|2021-07-27,0.5825687270397581,-0.6733664230633328
330118,246,2021-07-27,2021-08-08,13,control,0,0.02843772,0,dept_246_closure_2021-07-27,2021-08-22,2021-08,2,1,1.0,330118|246|2021-07-27,-0.2793422529602418,-0.6733664230633328
331482,246,2021-07-27,2021-08-08,13,treatment,1,0.001361551,0,dept_246_closure_2021-07-27,2021-08-22,2021-08,2,1,,331482|246|2021-07-27,-0.30641842196024177,-0.6733664230633328
333622,246,2021-07-27,2021-08-08,13,control,0,0.9366751,1,dept_246_closure_2021-07-27,2021-08-22,2021-08,2,1,,333622|246|2021-07-27,0.6288951270397583,-0.6733664230633328
334962,246,2021-07-27,2021-08-08,13,control,0,0.08659036,0,dept_246_closure_2021-07-27,2021-08-22,2021-08,2,1,,334962|246|2021-07-27,-0.22118961296024178,-0.6733664230633328
335068,246,2021-07-27,2021-08-08,13,treatment,1,0.009978552,0,dept_246_closure_2021-07-27,2021-08-22,2021-08,2,1,,335068|246|2021-07-27,-0.2978014209602418,-0.6733664230633328
338562,246,2021-07-27,2021-08-08,13,treatment,1,0.017088,0,dept_246_closure_2021-07-27,2021-08-22,2021-08,2,1,,338562|246|2021-07-27,-0.2906919729602418,-0.6733664230633328
338823,246,2021-07-27,2021-08-08,13,control,0,0.014918992,0,dept_246_closure_2021-07-27,2021-08-22,2021-08,2,1,,338823|246|2021-07-27,-0.29286098096024177,-0.6733664230633328
339792,246,2021-07-27,2021-08-08,13,control,0,0.8495822,1,dept_246_closure_2021-07-27,2021-08-22,2021-08,2,1,,339792|246|2021-07-27,0.5418022270397582,-0.6733664230633328
341957,246,2021-07-27,2021-08-08,13,control,0,0.0035954094,0,dept_246_closure_2021-07-27,2021-08-22,2021-08,2,1,,341957|246|2021-07-27,-0.30418456356024176,-0.6733664230633328
344830,246,2021-07-27,2021-08-08,13,control,0,0.052282482,0,dept_246_closure_2021-07-27,2021-08-22,2021-08,2,1,,344830|246|2021-07-27,-0.25549749096024177,-0.6733664230633328
345539,246,2021-07-27,2021-08-08,13,control,0,0.00086524605,0,dept_246_closure_2021-07-27,2021-08-22,2021-08,2,1,,345539|246|2021-07-27,-0.3069147269102418,-0.6733664230633328
345625,246,2021-07-27,2021-08-08,13,control,0,0.018565921,0,dept_246_closure_2021-07-27,2021-08-22,2021-08,2,1,,345625|246|2021-07-27,-0.2892140519602418,-0.6733664230633328
347325,246,2021-07-27,2021-08-08,13,control,0,0.0043380465,0,dept_246_closure_2021-07-27,2021-08-22,2021-08,2,1,,347325|246|2021-07-27,-0.30344192646024176,-0.6733664230633328
350016,246,2021-07-27,2021-08-08,13,control,0,0.6836625,1,dept_246_closure_2021-07-27,2021-08-22,2021-08,2,1,1.0,350016|246|2021-07-27,0.37588252703975816,-0.6733664230633328
355134,246,2021-07-27,2021-08-08,13,control,0,0.0044010277,0,dept_246_closure_2021-07-27,2021-08-22,2021-08,2,1,,355134|246|2021-07-27,-0.3033789452602418,-0.6733664230633328
355269,246,2021-07-27,2021-08-08,13,control,0,0.016801858,0,dept_246_closure_2021-07-27,2021-08-22,2021-08,2,1,,355269|246|2021-07-27,-0.2909781149602418,-0.6733664230633328
357111,246,2021-07-27,2021-08-08,13,control,0,0.23188306,0,dept_246_closure_2021-07-27,2021-08-22,2021-08,2,1,0.6666666666666666,357111|246|2021-07-27,-0.07589691296024179,-0.6733664230633328
359844,246,2021-07-27,2021-08-08,13,control,0,0.52867234,1,dept_246_closure_2021-07-27,2021-08-22,2021-08,2,1,0.5,359844|246|2021-07-27,0.22089236703975818,-0.6733664230633328
365341,246,2021-07-27,2021-08-08,13,control,0,0.13278699,0,dept_246_closure_2021-07-27,2021-08-22,2021-08,2,1,,365341|246|2021-07-27,-0.1749929829602418,-0.6733664230633328
370044,246,2021-07-27,2021-08-08,13,control,0,0.0035498582,0,dept_246_closure_2021-07-27,2021-08-22,2021-08,2,1,,370044|246|2021-07-27,-0.3042301147602418,-0.6733664230633328
371221,246,2021-07-27,2021-08-08,13,control,0,0.99873716,1,dept_246_closure_2021-07-27,2021-08-22,2021-08,2,1,0.5,371221|246|2021-07-27,0.6909571870397582,-0.6733664230633328
372747,246,2021-07-27,2021-08-08,13,control,0,0.0048901043,0,dept_246_closure_2021-07-27,2021-08-22,2021-08,2,1,,372747|246|2021-07-27,-0.3028898686602418,-0.6733664230633328
375645,246,2021-07-27,2021-08-08,13,control,0,0.37152928,0,dept_246_closure_2021-07-27,2021-08-22,2021-08,2,1,,375645|246|2021-07-27,0.06374930703975823,-0.6733664230633328
378407,246,2021-07-27,2021-08-08,13,treatment,1,0.29822764,0,dept_246_closure_2021-07-27,2021-08-22,2021-08,2,1,1.0,378407|246|2021-07-27,-0.009552332960241772,-0.6733664230633328
379838,246,2021-07-27,2021-08-08,13,control,0,0.012882659,0,dept_246_closure_2021-07-27,2021-08-22,2021-08,2,1,,379838|246|2021-07-27,-0.29489731396024177,-0.6733664230633328
384650,246,2021-07-27,2021-08-08,13,treatment,1,0.5255844,1,dept_246_closure_2021-07-27,2021-08-22,2021-08,2,1,0.0,384650|246|2021-07-27,0.21780442703975816,-0.6733664230633328
385192,246,2021-07-27,2021-08-08,13,treatment,1,0.0069333566,0,dept_246_closure_2021-07-27,2021-08-22,2021-08,2,1,,385192|246|2021-07-27,-0.3008466163602418,-0.6733664230633328
385301,246,2021-07-27,2021-08-08,13,treatment,1,0.0020563663,0,dept_246_closure_2021-07-27,2021-08-22,2021-08,2,1,1.0,385301|246|2021-07-27,-0.3057236066602418,-0.6733664230633328
390094,246,2021-07-27,2021-08-08,13,control,0,0.6938326,1,dept_246_closure_2021-07-27,2021-08-22,2021-08,2,1,,390094|246|2021-07-27,0.38605262703975823,-0.6733664230633328
394241,246,2021-07-27,2021-08-08,13,control,0,0.0024767357,0,dept_246_closure_2021-07-27,2021-08-22,2021-08,2,1,,394241|246|2021-07-27,-0.3053032372602418,-0.6733664230633328
398720,246,2021-07-27,2021-08-08,13,control,0,0.10058723,0,dept_246_closure_2021-07-27,2021-08-22,2021-08,2,1,,398720|246|2021-07-27,-0.2071927429602418,-0.6733664230633328
399165,246,2021-07-27,2021-08-08,13,treatment,1,0.01611269,0,dept_246_closure_2021-07-27,2021-08-22,2021-08,2,1,,399165|246|2021-07-27,-0.2916672829602418,-0.6733664230633328
400356,246,2021-07-27,2021-08-08,13,control,0,0.5050747,1,dept_246_closure_2021-07-27,2021-08-22,2021-08,2,1,,400356|246|2021-07-27,0.1972947270397582,-0.6733664230633328
403400,246,2021-07-27,2021-08-08,13,control,0,0.06201131,0,dept_246_closure_2021-07-27,2021-08-22,2021-08,2,1,,403400|246|2021-07-27,-0.2457686629602418,-0.6733664230633328
403978,246,2021-07-27,2021-08-08,13,control,0,0.015248471,0,dept_246_closure_2021-07-27,2021-08-22,2021-08,2,1,,403978|246|2021-07-27,-0.2925315019602418,-0.6733664230633328
406351,246,2021-07-27,2021-08-08,13,control,0,0.9433126,1,dept_246_closure_2021-07-27,2021-08-22,2021-08,2,1,,406351|246|2021-07-27,0.6355326270397581,-0.6733664230633328
411042,246,2021-07-27,2021-08-08,13,control,0,0.0035023398,0,dept_246_closure_2021-07-27,2021-08-22,2021-08,2,1,,411042|246|2021-07-27,-0.3042776331602418,-0.6733664230633328
413597,246,2021-07-27,2021-08-08,13,treatment,1,0.033977475,0,dept_246_closure_2021-07-27,2021-08-22,2021-08,2,1,,413597|246|2021-07-27,-0.2738024979602418,-0.6733664230633328
416998,246,2021-07-27,2021-08-08,13,control,0,0.0013396153,0,dept_246_closure_2021-07-27,2021-08-22,2021-08,2,1,,416998|246|2021-07-27,-0.3064403576602418,-0.6733664230633328
417897,246,2021-07-27,2021-08-08,13,control,0,0.5677011,1,dept_246_closure_2021-07-27,2021-08-22,2021-08,2,1,,417897|246|2021-07-27,0.25992112703975817,-0.6733664230633328
419836,246,2021-07-27,2021-08-08,13,control,0,0.40988797,0,dept_246_closure_2021-07-27,2021-08-22,2021-08,2,1,,419836|246|2021-07-27,0.1021079970397582,-0.6733664230633328
423045,246,2021-07-27,2021-08-08,13,control,0,0.944171,1,dept_246_closure_2021-07-27,2021-08-22,2021-08,2,1,0.0,423045|246|2021-07-27,0.6363910270397581,-0.6733664230633328
424548,246,2021-07-27,2021-08-08,13,control,0,0.7207846,1,dept_246_closure_2021-07-27,2021-08-22,2021-08,2,1,0.0,424548|246|2021-07-27,0.4130046270397582,-0.6733664230633328
431076,246,2021-07-27,2021-08-08,13,control,0,0.031024417,0,dept_246_closure_2021-07-27,2021-08-22,2021-08,2,1,,431076|246|2021-07-27,-0.2767555559602418,-0.6733664230633328
431105,246,2021-07-27,2021-08-08,13,treatment,1,0.06195705,0,dept_246_closure_2021-07-27,2021-08-22,2021-08,2,1,0.0,431105|246|2021-07-27,-0.24582292296024177,-0.6733664230633328
432796,246,2021-07-27,2021-08-08,13,control,0,0.010759436,0,dept_246_closure_2021-07-27,2021-08-22,2021-08,2,1,,432796|246|2021-07-27,-0.2970205369602418,-0.6733664230633328
434128,246,2021-07-27,2021-08-08,13,control,0,0.16260657,0,dept_246_closure_2021-07-27,2021-08-22,2021-08,2,1,,434128|246|2021-07-27,-0.14517340296024178,-0.6733664230633328
439016,246,2021-07-27,2021-08-08,13,control,0,0.00097234204,0,dept_246_closure_2021-07-27,2021-08-22,2021-08,2,1,,439016|246|2021-07-27,-0.30680763092024177,-0.6733664230633328
439415,246,2021-07-27,2021-08-08,13,treatment,1,0.00854473,0,dept_246_closure_2021-07-27,2021-08-22,2021-08,2,1,,439415|246|2021-07-27,-0.2992352429602418,-0.6733664230633328
440301,246,2021-07-27,2021-08-08,13,control,0,0.7762471,1,dept_246_closure_2021-07-27,2021-08-22,2021-08,2,1,,440301|246|2021-07-27,0.4684671270397582,-0.6733664230633328
441807,246,2021-07-27,2021-08-08,13,treatment,1,0.007342132,0,dept_246_closure_2021-07-27,2021-08-22,2021-08,2,1,,441807|246|2021-07-27,-0.3004378409602418,-0.6733664230633328
441960,246,2021-07-27,2021-08-08,13,treatment,1,0.06911523,0,dept_246_closure_2021-07-27,2021-08-22,2021-08,2,1,,441960|246|2021-07-27,-0.2386647429602418,-0.6733664230633328
442347,246,2021-07-27,2021-08-08,13,control,0,0.4125593,0,dept_246_closure_2021-07-27,2021-08-22,2021-08,2,1,0.0,442347|246|2021-07-27,0.10477932703975823,-0.6733664230633328
442951,246,2021-07-27,2021-08-08,13,control,0,0.08055308,0,dept_246_closure_2021-07-27,2021-08-22,2021-08,2,1,,442951|246|2021-07-27,-0.2272268929602418,-0.6733664230633328
443224,246,2021-07-27,2021-08-08,13,control,0,0.012283262,0,dept_246_closure_2021-07-27,2021-08-22,2021-08,2,1,,443224|246|2021-07-27,-0.29549671096024177,-0.6733664230633328
444724,246,2021-07-27,2021-08-08,13,control,0,0.31141287,0,dept_246_closure_2021-07-27,2021-08-22,2021-08,2,1,,444724|246|2021-07-27,0.0036328970397582205,-0.6733664230633328
446139,246,2021-07-27,2021-08-08,13,treatment,1,0.01199333,0,dept_246_closure_2021-07-27,2021-08-22,2021-08,2,1,,446139|246|2021-07-27,-0.29578664296024176,-0.6733664230633328
449149,246,2021-07-27,2021-08-08,13,control,0,0.023524707,0,dept_246_closure_2021-07-27,2021-08-22,2021-08,2,1,,449149|246|2021-07-27,-0.2842552659602418,-0.6733664230633328
450011,246,2021-07-27,2021-08-08,13,treatment,1,0.07574345,0,dept_246_closure_2021-07-27,2021-08-22,2021-08,2,1,,450011|246|2021-07-27,-0.2320365229602418,-0.6733664230633328
450376,246,2021-07-27,2021-08-08,13,control,0,0.9690146,1,dept_246_closure_2021-07-27,2021-08-22,2021-08,2,1,,450376|246|2021-07-27,0.6612346270397582,-0.6733664230633328
452100,246,2021-07-27,2021-08-08,13,control,0,0.004648191,0,dept_246_closure_2021-07-27,2021-08-22,2021-08,2,1,,452100|246|2021-07-27,-0.30313178196024176,-0.6733664230633328
452195,246,2021-07-27,2021-08-08,13,control,0,0.19528177,0,dept_246_closure_2021-07-27,2021-08-22,2021-08,2,1,1.0,452195|246|2021-07-27,-0.1124982029602418,-0.6733664230633328
452907,246,2021-07-27,2021-08-08,13,control,0,0.010661791,0,dept_246_closure_2021-07-27,2021-08-22,2021-08,2,1,,452907|246|2021-07-27,-0.2971181819602418,-0.6733664230633328
453025,246,2021-07-27,2021-08-08,13,control,0,0.14658046,0,dept_246_closure_2021-07-27,2021-08-22,2021-08,2,1,,453025|246|2021-07-27,-0.1611995129602418,-0.6733664230633328
453038,246,2021-07-27,2021-08-08,13,control,0,0.2722325,0,dept_246_closure_2021-07-27,2021-08-22,2021-08,2,1,,453038|246|2021-07-27,-0.0355474729602418,-0.6733664230633328
453665,246,2021-07-27,2021-08-08,13,control,0,0.009102977,0,dept_246_closure_2021-07-27,2021-08-22,2021-08,2,1,,453665|246|2021-07-27,-0.2986769959602418,-0.6733664230633328
454818,246,2021-07-27,2021-08-08,13,control,0,0.007638136,0,dept_246_closure_2021-07-27,2021-08-22,2021-08,2,1,,454818|246|2021-07-27,-0.30014183696024177,-0.6733664230633328
454884,246,2021-07-27,2021-08-08,13,control,0,0.002269149,0,dept_246_closure_2021-07-27,2021-08-22,2021-08,2,1,,454884|246|2021-07-27,-0.30551082396024176,-0.6733664230633328
455289,246,2021-07-27,2021-08-08,13,control,0,0.028846227,0,dept_246_closure_2021-07-27,2021-08-22,2021-08,2,1,,455289|246|2021-07-27,-0.2789337459602418,-0.6733664230633328
456094,246,2021-07-27,2021-08-08,13,control,0,0.18711595,0,dept_246_closure_2021-07-27,2021-08-22,2021-08,2,1,,456094|246|2021-07-27,-0.12066402296024178,-0.6733664230633328
458984,246,2021-07-27,2021-08-08,13,control,0,0.9810481,1,dept_246_closure_2021-07-27,2021-08-22,2021-08,2,1,0.0,458984|246|2021-07-27,0.6732681270397582,-0.6733664230633328
459841,246,2021-07-27,2021-08-08,13,control,0,0.0005614279,0,dept_246_closure_2021-07-27,2021-08-22,2021-08,2,1,,459841|246|2021-07-27,-0.30721854506024177,-0.6733664230633328
461467,246,2021-07-27,2021-08-08,13,control,0,0.009364551,0,dept_246_closure_2021-07-27,2021-08-22,2021-08,2,1,,461467|246|2021-07-27,-0.2984154219602418,-0.6733664230633328
461932,246,2021-07-27,2021-08-08,13,control,0,0.09253036,0,dept_246_closure_2021-07-27,2021-08-22,2021-08,2,1,,461932|246|2021-07-27,-0.21524961296024178,-0.6733664230633328
468637,246,2021-07-27,2021-08-08,13,control,0,0.0082636215,0,dept_246_closure_2021-07-27,2021-08-22,2021-08,2,1,,468637|246|2021-07-27,-0.2995163514602418,-0.6733664230633328
468990,246,2021-07-27,2021-08-08,13,control,0,0.0036695665,0,dept_246_closure_2021-07-27,2021-08-22,2021-08,2,1,0.0,468990|246|2021-07-27,-0.3041104064602418,-0.6733664230633328
470518,246,2021-07-27,2021-08-08,13,control,0,0.322585,0,dept_246_closure_2021-07-27,2021-08-22,2021-08,2,1,1.0,470518|246|2021-07-27,0.014805027039758223,-0.6733664230633328
470834,246,2021-07-27,2021-08-08,13,control,0,0.000823228,0,dept_246_closure_2021-07-27,2021-08-22,2021-08,2,1,,470834|246|2021-07-27,-0.3069567449602418,-0.6733664230633328
476923,246,2021-07-27,2021-08-08,13,control,0,0.03176959,0,dept_246_closure_2021-07-27,2021-08-22,2021-08,2,1,0.0,476923|246|2021-07-27,-0.2760103829602418,-0.6733664230633328
477028,246,2021-07-27,2021-08-08,13,control,0,0.042944282,0,dept_246_closure_2021-07-27,2021-08-22,2021-08,2,1,,477028|246|2021-07-27,-0.2648356909602418,-0.6733664230633328
480298,246,2021-07-27,2021-08-08,13,treatment,1,0.13048448,0,dept_246_closure_2021-07-27,2021-08-22,2021-08,2,1,1.0,480298|246|2021-07-27,-0.17729549296024177,-0.6733664230633328
480324,246,2021-07-27,2021-08-08,13,control,0,0.46218455,0,dept_246_closure_2021-07-27,2021-08-22,2021-08,2,1,,480324|246|2021-07-27,0.15440457703975824,-0.6733664230633328
484536,246,2021-07-27,2021-08-08,13,control,0,0.01640969,0,dept_246_closure_2021-07-27,2021-08-22,2021-08,2,1,,484536|246|2021-07-27,-0.2913702829602418,-0.6733664230633328
491245,246,2021-07-27,2021-08-08,13,treatment,1,0.40913373,0,dept_246_closure_2021-07-27,2021-08-22,2021-08,2,1,,491245|246|2021-07-27,0.10135375703975819,-0.6733664230633328
495255,246,2021-07-27,2021-08-08,13,control,0,0.5636729,1,dept_246_closure_2021-07-27,2021-08-22,2021-08,2,1,,495255|246|2021-07-27,0.25589292703975824,-0.6733664230633328
495653,246,2021-07-27,2021-08-08,13,control,0,0.01161271,0,dept_246_closure_2021-07-27,2021-08-22,2021-08,2,1,,495653|246|2021-07-27,-0.29616726296024176,-0.6733664230633328
500432,246,2021-07-27,2021-08-08,13,treatment,1,0.0071476568,0,dept_246_closure_2021-07-27,2021-08-22,2021-08,2,1,,500432|246|2021-07-27,-0.3006323161602418,-0.6733664230633328
501027,246,2021-07-27,2021-08-08,13,control,0,0.07780795,0,dept_246_closure_2021-07-27,2021-08-22,2021-08,2,1,,501027|246|2021-07-27,-0.22997202296024177,-0.6733664230633328
501671,246,2021-07-27,2021-08-08,13,control,0,0.006003442,0,dept_246_closure_2021-07-27,2021-08-22,2021-08,2,1,,501671|246|2021-07-27,-0.30177653096024176,-0.6733664230633328
505404,246,2021-07-27,2021-08-08,13,control,0,0.0010926963,0,dept_246_closure_2021-07-27,2021-08-22,2021-08,2,1,,505404|246|2021-07-27,-0.3066872766602418,-0.6733664230633328
507059,246,2021-07-27,2021-08-08,13,control,0,0.038536042,0,dept_246_closure_2021-07-27,2021-08-22,2021-08,2,1,,507059|246|2021-07-27,-0.2692439309602418,-0.6733664230633328
515135,246,2021-07-27,2021-08-08,13,control,0,0.77358234,1,dept_246_closure_2021-07-27,2021-08-22,2021-08,2,1,1.0,515135|246|2021-07-27,0.46580236703975825,-0.6733664230633328
516387,246,2021-07-27,2021-08-08,13,control,0,0.54751676,1,dept_246_closure_2021-07-27,2021-08-22,2021-08,2,1,0.0,516387|246|2021-07-27,0.23973678703975826,-0.6733664230633328
516947,246,2021-07-27,2021-08-08,13,control,0,0.0024468016,0,dept_246_closure_2021-07-27,2021-08-22,2021-08,2,1,,516947|246|2021-07-27,-0.3053331713602418,-0.6733664230633328
518073,246,2021-07-27,2021-08-08,13,control,0,0.0034049528,0,dept_246_closure_2021-07-27,2021-08-22,2021-08,2,1,,518073|246|2021-07-27,-0.30437502016024176,-0.6733664230633328
522473,246,2021-07-27,2021-08-08,13,control,0,0.006477041,0,dept_246_closure_2021-07-27,2021-08-22,2021-08,2,1,,522473|246|2021-07-27,-0.30130293196024177,-0.6733664230633328
522888,246,2021-07-27,2021-08-08,13,control,0,0.46438572,0,dept_246_closure_2021-07-27,2021-08-22,2021-08,2,1,,522888|246|2021-07-27,0.15660574703975821,-0.6733664230633328
523756,246,2021-07-27,2021-08-08,13,control,0,0.08249825,0,dept_246_closure_2021-07-27,2021-08-22,2021-08,2,1,,523756|246|2021-07-27,-0.2252817229602418,-0.6733664230633328
524242,246,2021-07-27,2021-08-08,13,control,0,0.24817444,0,dept_246_closure_2021-07-27,2021-08-22,2021-08,2,1,,524242|246|2021-07-27,-0.05960553296024179,-0.6733664230633328
525088,246,2021-07-27,2021-08-08,13,control,0,0.010470928,0,dept_246_closure_2021-07-27,2021-08-22,2021-08,2,1,1.0,525088|246|2021-07-27,-0.2973090449602418,-0.6733664230633328
525089,246,2021-07-27,2021-08-08,13,control,0,0.3218755,0,dept_246_closure_2021-07-27,2021-08-22,2021-08,2,1,,525089|246|2021-07-27,0.014095527039758193,-0.6733664230633328
526993,246,2021-07-27,2021-08-08,13,control,0,0.041271646,0,dept_246_closure_2021-07-27,2021-08-22,2021-08,2,1,,526993|246|2021-07-27,-0.2665083269602418,-0.6733664230633328
527214,246,2021-07-27,2021-08-08,13,control,0,0.31292325,0,dept_246_closure_2021-07-27,2021-08-22,2021-08,2,1,0.5,527214|246|2021-07-27,0.005143277039758198,-0.6733664230633328
527928,246,2021-07-27,2021-08-08,13,control,0,0.005893473,0,dept_246_closure_2021-07-27,2021-08-22,2021-08,2,1,,527928|246|2021-07-27,-0.3018864999602418,-0.6733664230633328
529562,246,2021-07-27,2021-08-08,13,control,0,0.17627233,0,dept_246_closure_2021-07-27,2021-08-22,2021-08,2,1,,529562|246|2021-07-27,-0.13150764296024178,-0.6733664230633328
531816,246,2021-07-27,2021-08-08,13,control,0,0.52069277,1,dept_246_closure_2021-07-27,2021-08-22,2021-08,2,1,0.5,531816|246|2021-07-27,0.21291279703975824,-0.6733664230633328
534802,246,2021-07-27,2021-08-08,13,control,0,0.017343024,0,dept_246_closure_2021-07-27,2021-08-22,2021-08,2,1,,534802|246|2021-07-27,-0.2904369489602418,-0.6733664230633328
535612,246,2021-07-27,2021-08-08,13,control,0,0.00053973676,0,dept_246_closure_2021-07-27,2021-08-22,2021-08,2,1,,535612|246|2021-07-27,-0.30724023620024177,-0.6733664230633328
536411,246,2021-07-27,2021-08-08,13,control,0,0.050159402,0,dept_246_closure_2021-07-27,2021-08-22,2021-08,2,1,,536411|246|2021-07-27,-0.25762057096024177,-0.6733664230633328
537954,246,2021-07-27,2021-08-08,13,control,0,0.16031921,0,dept_246_closure_2021-07-27,2021-08-22,2021-08,2,1,1.0,537954|246|2021-07-27,-0.1474607629602418,-0.6733664230633328
538089,246,2021-07-27,2021-08-08,13,control,0,0.13539918,0,dept_246_closure_2021-07-27,2021-08-22,2021-08,2,1,1.0,538089|246|2021-07-27,-0.17238079296024178,-0.6733664230633328
542794,246,2021-07-27,2021-08-08,13,control,0,0.5084093,1,dept_246_closure_2021-07-27,2021-08-22,2021-08,2,1,,542794|246|2021-07-27,0.20062932703975817,-0.6733664230633328
543055,246,2021-07-27,2021-08-08,13,control,0,0.0135525465,0,dept_246_closure_2021-07-27,2021-08-22,2021-08,2,1,,543055|246|2021-07-27,-0.2942274264602418,-0.6733664230633328
543648,246,2021-07-27,2021-08-08,13,control,0,0.0039488655,0,dept_246_closure_2021-07-27,2021-08-22,2021-08,2,1,,543648|246|2021-07-27,-0.3038311074602418,-0.6733664230633328
545023,246,2021-07-27,2021-08-08,13,control,0,0.009715581,0,dept_246_closure_2021-07-27,2021-08-22,2021-08,2,1,,545023|246|2021-07-27,-0.2980643919602418,-0.6733664230633328
545692,246,2021-07-27,2021-08-08,13,control,0,0.0008134581,0,dept_246_closure_2021-07-27,2021-08-22,2021-08,2,1,,545692|246|2021-07-27,-0.3069665148602418,-0.6733664230633328
545694,246,2021-07-27,2021-08-08,13,control,0,0.0005715896,0,dept_246_closure_2021-07-27,2021-08-22,2021-08,2,1,,545694|246|2021-07-27,-0.3072083833602418,-0.6733664230633328
545758,246,2021-07-27,2021-08-08,13,control,0,0.71061146,1,dept_246_closure_2021-07-27,2021-08-22,2021-08,2,1,0.0,545758|246|2021-07-27,0.4028314870397582,-0.6733664230633328
546891,246,2021-07-27,2021-08-08,13,control,0,0.07180334,0,dept_246_closure_2021-07-27,2021-08-22,2021-08,2,1,,546891|246|2021-07-27,-0.2359766329602418,-0.6733664230633328
548191,246,2021-07-27,2021-08-08,13,control,0,0.24172111,0,dept_246_closure_2021-07-27,2021-08-22,2021-08,2,1,,548191|246|2021-07-27,-0.0660588629602418,-0.6733664230633328
549711,246,2021-07-27,2021-08-08,13,treatment,1,0.0021731849,0,dept_246_closure_2021-07-27,2021-08-22,2021-08,2,1,,549711|246|2021-07-27,-0.3056067880602418,-0.6733664230633328
553155,246,2021-07-27,2021-08-08,13,control,0,0.83945435,1,dept_246_closure_2021-07-27,2021-08-22,2021-08,2,1,1.0,553155|246|2021-07-27,0.5316743770397583,-0.6733664230633328
553525,246,2021-07-27,2021-08-08,13,control,0,0.008986299,0,dept_246_closure_2021-07-27,2021-08-22,2021-08,2,1,1.0,553525|246|2021-07-27,-0.2987936739602418,-0.6733664230633328
555770,246,2021-07-27,2021-08-08,13,treatment,1,0.010941439,0,dept_246_closure_2021-07-27,2021-08-22,2021-08,2,1,,555770|246|2021-07-27,-0.2968385339602418,-0.6733664230633328
555771,246,2021-07-27,2021-08-08,13,treatment,1,0.0842387,0,dept_246_closure_2021-07-27,2021-08-22,2021-08,2,1,,555771|246|2021-07-27,-0.2235412729602418,-0.6733664230633328
555774,246,2021-07-27,2021-08-08,13,treatment,1,0.008043327,0,dept_246_closure_2021-07-27,2021-08-22,2021-08,2,1,,555774|246|2021-07-27,-0.2997366459602418,-0.6733664230633328
555775,246,2021-07-27,2021-08-08,13,treatment,1,0.08296541,0,dept_246_closure_2021-07-27,2021-08-22,2021-08,2,1,,555775|246|2021-07-27,-0.22481456296024177,-0.6733664230633328
555779,246,2021-07-27,2021-08-08,13,treatment,1,0.0014057029,0,dept_246_closure_2021-07-27,2021-08-22,2021-08,2,1,,555779|246|2021-07-27,-0.30637427006024176,-0.6733664230633328
555783,246,2021-07-27,2021-08-08,13,treatment,1,0.013152651,0,dept_246_closure_2021-07-27,2021-08-22,2021-08,2,1,,555783|246|2021-07-27,-0.2946273219602418,-0.6733664230633328
555790,246,2021-07-27,2021-08-08,13,treatment,1,0.015164689,0,dept_246_closure_2021-07-27,2021-08-22,2021-08,2,1,,555790|246|2021-07-27,-0.2926152839602418,-0.6733664230633328
557816,246,2021-07-27,2021-08-08,13,control,0,0.21749215,0,dept_246_closure_2021-07-27,2021-08-22,2021-08,2,1,,557816|246|2021-07-27,-0.09028782296024179,-0.6733664230633328
559337,246,2021-07-27,2021-08-08,13,control,0,0.17666233,0,dept_246_closure_2021-07-27,2021-08-22,2021-08,2,1,1.0,559337|246|2021-07-27,-0.13111764296024178,-0.6733664230633328
559408,246,2021-07-27,2021-08-08,13,control,0,0.018768283,0,dept_246_closure_2021-07-27,2021-08-22,2021-08,2,1,0.5,559408|246|2021-07-27,-0.2890116899602418,-0.6733664230633328
559409,246,2021-07-27,2021-08-08,13,control,0,0.96728253,1,dept_246_closure_2021-07-27,2021-08-22,2021-08,2,1,0.3333333333333333,559409|246|2021-07-27,0.6595025570397581,-0.6733664230633328
561590,246,2021-07-27,2021-08-08,13,control,0,0.128723,0,dept_246_closure_2021-07-27,2021-08-22,2021-08,2,1,0.0,561590|246|2021-07-27,-0.17905697296024178,-0.6733664230633328
563019,246,2021-07-27,2021-08-08,13,control,0,0.009029443,0,dept_246_closure_2021-07-27,2021-08-22,2021-08,2,1,,563019|246|2021-07-27,-0.29875052996024176,-0.6733664230633328
564033,246,2021-07-27,2021-08-08,13,control,0,0.13902798,0,dept_246_closure_2021-07-27,2021-08-22,2021-08,2,1,1.0,564033|246|2021-07-27,-0.1687519929602418,-0.6733664230633328
567531,246,2021-07-27,2021-08-08,13,control,0,0.053659875,0,dept_246_closure_2021-07-27,2021-08-22,2021-08,2,1,,567531|246|2021-07-27,-0.25412009796024176,-0.6733664230633328
568304,246,2021-07-27,2021-08-08,13,control,0,0.18506885,0,dept_246_closure_2021-07-27,2021-08-22,2021-08,2,1,,568304|246|2021-07-27,-0.12271112296024178,-0.6733664230633328
568710,246,2021-07-27,2021-08-08,13,control,0,0.05581417,0,dept_246_closure_2021-07-27,2021-08-22,2021-08,2,1,1.0,568710|246|2021-07-27,-0.2519658029602418,-0.6733664230633328
568717,246,2021-07-27,2021-08-08,13,control,0,0.19861202,0,dept_246_closure_2021-07-27,2021-08-22,2021-08,2,1,0.5,568717|246|2021-07-27,-0.10916795296024179,-0.6733664230633328
569171,246,2021-07-27,2021-08-08,13,control,0,0.7194902,1,dept_246_closure_2021-07-27,2021-08-22,2021-08,2,1,0.5,569171|246|2021-07-27,0.4117102270397582,-0.6733664230633328
569243,246,2021-07-27,2021-08-08,13,control,0,0.30488983,0,dept_246_closure_2021-07-27,2021-08-22,2021-08,2,1,0.0,569243|246|2021-07-27,-0.002890142960241815,-0.6733664230633328
572425,246,2021-07-27,2021-08-08,13,control,0,0.5277754,1,dept_246_closure_2021-07-27,2021-08-22,2021-08,2,1,,572425|246|2021-07-27,0.21999542703975822,-0.6733664230633328
574110,246,2021-07-27,2021-08-08,13,control,0,0.0024425895,0,dept_246_closure_2021-07-27,2021-08-22,2021-08,2,1,,574110|246|2021-07-27,-0.3053373834602418,-0.6733664230633328
576316,246,2021-07-27,2021-08-08,13,control,0,0.18185039,0,dept_246_closure_2021-07-27,2021-08-22,2021-08,2,1,1.0,576316|246|2021-07-27,-0.1259295829602418,-0.6733664230633328
578943,246,2021-07-27,2021-08-08,13,control,0,0.7836015,1,dept_246_closure_2021-07-27,2021-08-22,2021-08,2,1,0.0,578943|246|2021-07-27,0.47582152703975816,-0.6733664230633328
579360,246,2021-07-27,2021-08-08,13,control,0,0.16620348,0,dept_246_closure_2021-07-27,2021-08-22,2021-08,2,1,,579360|246|2021-07-27,-0.1415764929602418,-0.6733664230633328
579361,246,2021-07-27,2021-08-08,13,control,0,0.80165404,1,dept_246_closure_2021-07-27,2021-08-22,2021-08,2,1,0.0,579361|246|2021-07-27,0.49387406703975817,-0.6733664230633328
581177,246,2021-07-27,2021-08-08,13,control,0,0.0018570615,0,dept_246_closure_2021-07-27,2021-08-22,2021-08,2,1,,581177|246|2021-07-27,-0.3059229114602418,-0.6733664230633328
583595,246,2021-07-27,2021-08-08,13,control,0,0.00058975234,0,dept_246_closure_2021-07-27,2021-08-22,2021-08,2,1,,583595|246|2021-07-27,-0.30719022062024176,-0.6733664230633328
585739,246,2021-07-27,2021-08-08,13,control,0,0.0023803557,0,dept_246_closure_2021-07-27,2021-08-22,2021-08,2,1,,585739|246|2021-07-27,-0.3053996172602418,-0.6733664230633328
588443,246,2021-07-27,2021-08-08,13,control,0,0.069057114,0,dept_246_closure_2021-07-27,2021-08-22,2021-08,2,1,,588443|246|2021-07-27,-0.23872285896024178,-0.6733664230633328
595167,246,2021-07-27,2021-08-08,13,control,0,0.058140654,0,dept_246_closure_2021-07-27,2021-08-22,2021-08,2,1,,595167|246|2021-07-27,-0.24963931896024177,-0.6733664230633328
596009,246,2021-07-27,2021-08-08,13,control,0,0.00039956646,0,dept_246_closure_2021-07-27,2021-08-22,2021-08,2,1,,596009|246|2021-07-27,-0.3073804065002418,-0.6733664230633328
596472,246,2021-07-27,2021-08-08,13,control,0,0.38928533,0,dept_246_closure_2021-07-27,2021-08-22,2021-08,2,1,0.0,596472|246|2021-07-27,0.0815053570397582,-0.6733664230633328
597124,246,2021-07-27,2021-08-08,13,control,0,0.0056995642,0,dept_246_closure_2021-07-27,2021-08-22,2021-08,2,1,,597124|246|2021-07-27,-0.3020804087602418,-0.6733664230633328
597426,246,2021-07-27,2021-08-08,13,control,0,0.24039146,0,dept_246_closure_2021-07-27,2021-08-22,2021-08,2,1,0.5,597426|246|2021-07-27,-0.06738851296024179,-0.6733664230633328
597841,246,2021-07-27,2021-08-08,13,control,0,0.6473513,1,dept_246_closure_2021-07-27,2021-08-22,2021-08,2,1,,597841|246|2021-07-27,0.3395713270397582,-0.6733664230633328
597844,246,2021-07-27,2021-08-08,13,control,0,0.6792706,1,dept_246_closure_2021-07-27,2021-08-22,2021-08,2,1,,597844|246|2021-07-27,0.37149062703975816,-0.6733664230633328
599014,246,2021-07-27,2021-08-08,13,control,0,0.9615126,1,dept_246_closure_2021-07-27,2021-08-22,2021-08,2,1,0.0,599014|246|2021-07-27,0.6537326270397583,-0.6733664230633328
600093,246,2021-07-27,2021-08-08,13,treatment,1,0.001949751,0,dept_246_closure_2021-07-27,2021-08-22,2021-08,2,1,,600093|246|2021-07-27,-0.3058302219602418,-0.6733664230633328
600236,246,2021-07-27,2021-08-08,13,treatment,1,0.008690901,0,dept_246_closure_2021-07-27,2021-08-22,2021-08,2,1,,600236|246|2021-07-27,-0.2990890719602418,-0.6733664230633328
600802,246,2021-07-27,2021-08-08,13,control,0,0.025362764,0,dept_246_closure_2021-07-27,2021-08-22,2021-08,2,1,,600802|246|2021-07-27,-0.2824172089602418,-0.6733664230633328
602120,246,2021-07-27,2021-08-08,13,control,0,0.097351424,0,dept_246_closure_2021-07-27,2021-08-22,2021-08,2,1,1.0,602120|246|2021-07-27,-0.21042854896024177,-0.6733664230633328
602124,246,2021-07-27,2021-08-08,13,control,0,0.11309978,0,dept_246_closure_2021-07-27,2021-08-22,2021-08,2,1,,602124|246|2021-07-27,-0.1946801929602418,-0.6733664230633328
602125,246,2021-07-27,2021-08-08,13,control,0,0.028593527,0,dept_246_closure_2021-07-27,2021-08-22,2021-08,2,1,,602125|246|2021-07-27,-0.2791864459602418,-0.6733664230633328
603013,246,2021-07-27,2021-08-08,13,control,0,0.39335406,0,dept_246_closure_2021-07-27,2021-08-22,2021-08,2,1,1.0,603013|246|2021-07-27,0.08557408703975822,-0.6733664230633328
604432,246,2021-07-27,2021-08-08,13,control,0,0.0038901225,0,dept_246_closure_2021-07-27,2021-08-22,2021-08,2,1,,604432|246|2021-07-27,-0.3038898504602418,-0.6733664230633328
613493,246,2021-07-27,2021-08-08,13,control,0,0.48033825,0,dept_246_closure_2021-07-27,2021-08-22,2021-08,2,1,,613493|246|2021-07-27,0.17255827703975823,-0.6733664230633328
613860,246,2021-07-27,2021-08-08,13,control,0,0.0053632376,0,dept_246_closure_2021-07-27,2021-08-22,2021-08,2,1,,613860|246|2021-07-27,-0.3024167353602418,-0.6733664230633328
614813,246,2021-07-27,2021-08-08,13,control,0,0.72239745,1,dept_246_closure_2021-07-27,2021-08-22,2021-08,2,1,1.0,614813|246|2021-07-27,0.4146174770397582,-0.6733664230633328
615015,246,2021-07-27,2021-08-08,13,control,0,0.053707235,0,dept_246_closure_2021-07-27,2021-08-22,2021-08,2,1,,615015|246|2021-07-27,-0.25407273796024177,-0.6733664230633328
618999,246,2021-07-27,2021-08-08,13,control,0,0.15502954,0,dept_246_closure_2021-07-27,2021-08-22,2021-08,2,1,,618999|246|2021-07-27,-0.1527504329602418,-0.6733664230633328
620766,246,2021-07-27,2021-08-08,13,control,0,0.00068438525,0,dept_246_closure_2021-07-27,2021-08-22,2021-08,2,1,,620766|246|2021-07-27,-0.3070955877102418,-0.6733664230633328
621023,246,2021-07-27,2021-08-08,13,control,0,0.0061639016,0,dept_246_closure_2021-07-27,2021-08-22,2021-08,2,1,1.0,621023|246|2021-07-27,-0.30161607136024177,-0.6733664230633328
621722,246,2021-07-27,2021-08-08,13,control,0,0.71391684,1,dept_246_closure_2021-07-27,2021-08-22,2021-08,2,1,0.0,621722|246|2021-07-27,0.4061368670397582,-0.6733664230633328
623783,246,2021-07-27,2021-08-08,13,control,0,0.9951931,1,dept_246_closure_2021-07-27,2021-08-22,2021-08,2,1,0.0,623783|246|2021-07-27,0.6874131270397583,-0.6733664230633328
623805,246,2021-07-27,2021-08-08,13,control,0,0.06917468,0,dept_246_closure_2021-07-27,2021-08-22,2021-08,2,1,,623805|246|2021-07-27,-0.2386052929602418,-0.6733664230633328
623808,246,2021-07-27,2021-08-08,13,control,0,0.9979461,1,dept_246_closure_2021-07-27,2021-08-22,2021-08,2,1,0.0,623808|246|2021-07-27,0.6901661270397581,-0.6733664230633328
624145,246,2021-07-27,2021-08-08,13,control,0,0.35900682,0,dept_246_closure_2021-07-27,2021-08-22,2021-08,2,1,0.0,624145|246|2021-07-27,0.051226847039758217,-0.6733664230633328
625679,246,2021-07-27,2021-08-08,13,control,0,0.0054499777,0,dept_246_closure_2021-07-27,2021-08-22,2021-08,2,1,1.0,625679|246|2021-07-27,-0.3023299952602418,-0.6733664230633328
625795,246,2021-07-27,2021-08-08,13,control,0,0.0064810133,0,dept_246_closure_2021-07-27,2021-08-22,2021-08,2,1,1.0,625795|246|2021-07-27,-0.3012989596602418,-0.6733664230633328
626528,246,2021-07-27,2021-08-08,13,control,0,0.012384835,0,dept_246_closure_2021-07-27,2021-08-22,2021-08,2,1,,626528|246|2021-07-27,-0.2953951379602418,-0.6733664230633328
628437,246,2021-07-27,2021-08-08,13,control,0,0.15738243,0,dept_246_closure_2021-07-27,2021-08-22,2021-08,2,1,,628437|246|2021-07-27,-0.1503975429602418,-0.6733664230633328
629037,246,2021-07-27,2021-08-08,13,control,0,0.0024090034,0,dept_246_closure_2021-07-27,2021-08-22,2021-08,2,1,,629037|246|2021-07-27,-0.3053709695602418,-0.6733664230633328
629038,246,2021-07-27,2021-08-08,13,treatment,1,0.24013825,0,dept_246_closure_2021-07-27,2021-08-22,2021-08,2,1,,629038|246|2021-07-27,-0.06764172296024179,-0.6733664230633328
631459,246,2021-07-27,2021-08-08,13,control,0,0.0044175265,0,dept_246_closure_2021-07-27,2021-08-22,2021-08,2,1,1.0,631459|246|2021-07-27,-0.3033624464602418,-0.6733664230633328
632759,246,2021-07-27,2021-08-08,13,control,0,0.010952859,0,dept_246_closure_2021-07-27,2021-08-22,2021-08,2,1,,632759|246|2021-07-27,-0.2968271139602418,-0.6733664230633328
633009,246,2021-07-27,2021-08-08,13,control,0,0.56572896,1,dept_246_closure_2021-07-27,2021-08-22,2021-08,2,1,,633009|246|2021-07-27,0.25794898703975816,-0.6733664230633328
633063,246,2021-07-27,2021-08-08,13,control,0,0.106019765,0,dept_246_closure_2021-07-27,2021-08-22,2021-08,2,1,,633063|246|2021-07-27,-0.2017602079602418,-0.6733664230633328
635749,246,2021-07-27,2021-08-08,13,control,0,0.8945807,1,dept_246_closure_2021-07-27,2021-08-22,2021-08,2,1,0.0,635749|246|2021-07-27,0.5868007270397582,-0.6733664230633328
636407,246,2021-07-27,2021-08-08,13,control,0,0.09816488,0,dept_246_closure_2021-07-27,2021-08-22,2021-08,2,1,,636407|246|2021-07-27,-0.20961509296024178,-0.6733664230633328
636923,246,2021-07-27,2021-08-08,13,control,0,0.8665299,1,dept_246_closure_2021-07-27,2021-08-22,2021-08,2,1,,636923|246|2021-07-27,0.5587499270397582,-0.6733664230633328
636924,246,2021-07-27,2021-08-08,13,control,0,0.3707417,0,dept_246_closure_2021-07-27,2021-08-22,2021-08,2,1,,636924|246|2021-07-27,0.06296172703975822,-0.6733664230633328
639796,246,2021-07-27,2021-08-08,13,control,0,0.008453769,0,dept_246_closure_2021-07-27,2021-08-22,2021-08,2,1,,639796|246|2021-07-27,-0.2993262039602418,-0.6733664230633328
644136,246,2021-07-27,2021-08-08,13,treatment,1,0.0034987608,0,dept_246_closure_2021-07-27,2021-08-22,2021-08,2,1,1.0,644136|246|2021-07-27,-0.3042812121602418,-0.6733664230633328
646267,246,2021-07-27,2021-08-08,13,control,0,0.22053812,0,dept_246_closure_2021-07-27,2021-08-22,2021-08,2,1,0.0,646267|246|2021-07-27,-0.08724185296024178,-0.6733664230633328
647544,246,2021-07-27,2021-08-08,13,control,0,0.38944682,0,dept_246_closure_2021-07-27,2021-08-22,2021-08,2,1,,647544|246|2021-07-27,0.08166684703975824,-0.6733664230633328
649523,246,2021-07-27,2021-08-08,13,control,0,0.008285319,0,dept_246_closure_2021-07-27,2021-08-22,2021-08,2,1,,649523|246|2021-07-27,-0.2994946539602418,-0.6733664230633328
650314,246,2021-07-27,2021-08-08,13,control,0,0.041649476,0,dept_246_closure_2021-07-27,2021-08-22,2021-08,2,1,,650314|246|2021-07-27,-0.26613049696024177,-0.6733664230633328
650497,246,2021-07-27,2021-08-08,13,control,0,0.01220301,0,dept_246_closure_2021-07-27,2021-08-22,2021-08,2,1,,650497|246|2021-07-27,-0.2955769629602418,-0.6733664230633328
650796,246,2021-07-27,2021-08-08,13,control,0,0.113514744,0,dept_246_closure_2021-07-27,2021-08-22,2021-08,2,1,,650796|246|2021-07-27,-0.1942652289602418,-0.6733664230633328
651898,246,2021-07-27,2021-08-08,13,control,0,0.9841733,1,dept_246_closure_2021-07-27,2021-08-22,2021-08,2,1,0.0,651898|246|2021-07-27,0.6763933270397582,-0.6733664230633328
653494,246,2021-07-27,2021-08-08,13,control,0,0.19648695,0,dept_246_closure_2021-07-27,2021-08-22,2021-08,2,1,,653494|246|2021-07-27,-0.1112930229602418,-0.6733664230633328
654396,246,2021-07-27,2021-08-08,13,control,0,0.018824542,0,dept_246_closure_2021-07-27,2021-08-22,2021-08,2,1,,654396|246|2021-07-27,-0.2889554309602418,-0.6733664230633328
654539,246,2021-07-27,2021-08-08,13,control,0,0.91421753,1,dept_246_closure_2021-07-27,2021-08-22,2021-08,2,1,,654539|246|2021-07-27,0.6064375570397582,-0.6733664230633328
655632,246,2021-07-27,2021-08-08,13,control,0,0.44265658,0,dept_246_closure_2021-07-27,2021-08-22,2021-08,2,1,0.0,655632|246|2021-07-27,0.13487660703975823,-0.6733664230633328
655906,246,2021-07-27,2021-08-08,13,control,0,0.6456241,1,dept_246_closure_2021-07-27,2021-08-22,2021-08,2,1,0.0,655906|246|2021-07-27,0.33784412703975825,-0.6733664230633328
655994,246,2021-07-27,2021-08-08,13,control,0,0.88607514,1,dept_246_closure_2021-07-27,2021-08-22,2021-08,2,1,,655994|246|2021-07-27,0.5782951670397583,-0.6733664230633328
656172,246,2021-07-27,2021-08-08,13,treatment,1,0.003492452,0,dept_246_closure_2021-07-27,2021-08-22,2021-08,2,1,,656172|246|2021-07-27,-0.3042875209602418,-0.6733664230633328
657354,246,2021-07-27,2021-08-08,13,control,0,0.6226758,1,dept_246_closure_2021-07-27,2021-08-22,2021-08,2,1,,657354|246|2021-07-27,0.3148958270397582,-0.6733664230633328
657355,246,2021-07-27,2021-08-08,13,control,0,0.32611358,0,dept_246_closure_2021-07-27,2021-08-22,2021-08,2,1,,657355|246|2021-07-27,0.018333607039758226,-0.6733664230633328
657356,246,2021-07-27,2021-08-08,13,control,0,0.0070038517,0,dept_246_closure_2021-07-27,2021-08-22,2021-08,2,1,,657356|246|2021-07-27,-0.3007761212602418,-0.6733664230633328
657358,246,2021-07-27,2021-08-08,13,control,0,0.13658209,0,dept_246_closure_2021-07-27,2021-08-22,2021-08,2,1,0.5,657358|246|2021-07-27,-0.1711978829602418,-0.6733664230633328
664460,246,2021-07-27,2021-08-08,13,control,0,0.22899963,0,dept_246_closure_2021-07-27,2021-08-22,2021-08,2,1,,664460|246|2021-07-27,-0.07878034296024178,-0.6733664230633328
664767,246,2021-07-27,2021-08-08,13,control,0,0.007248521,0,dept_246_closure_2021-07-27,2021-08-22,2021-08,2,1,0.0,664767|246|2021-07-27,-0.3005314519602418,-0.6733664230633328
665519,246,2021-07-27,2021-08-08,13,control,0,0.94379646,1,dept_246_closure_2021-07-27,2021-08-22,2021-08,2,1,0.0,665519|246|2021-07-27,0.6360164870397582,-0.6733664230633328
665571,246,2021-07-27,2021-08-08,13,control,0,0.0016495719,0,dept_246_closure_2021-07-27,2021-08-22,2021-08,2,1,,665571|246|2021-07-27,-0.3061304010602418,-0.6733664230633328
666122,246,2021-07-27,2021-08-08,13,control,0,0.046844617,0,dept_246_closure_2021-07-27,2021-08-22,2021-08,2,1,,666122|246|2021-07-27,-0.2609353559602418,-0.6733664230633328
667695,246,2021-07-27,2021-08-08,13,control,0,0.08032639,0,dept_246_closure_2021-07-27,2021-08-22,2021-08,2,1,,667695|246|2021-07-27,-0.2274535829602418,-0.6733664230633328
668096,246,2021-07-27,2021-08-08,13,control,0,0.0022502174,0,dept_246_closure_2021-07-27,2021-08-22,2021-08,2,1,,668096|246|2021-07-27,-0.3055297555602418,-0.6733664230633328
669146,246,2021-07-27,2021-08-08,13,control,0,0.01265297,0,dept_246_closure_2021-07-27,2021-08-22,2021-08,2,1,,669146|246|2021-07-27,-0.2951270029602418,-0.6733664230633328
669519,246,2021-07-27,2021-08-08,13,control,0,0.0022082943,0,dept_246_closure_2021-07-27,2021-08-22,2021-08,2,1,,669519|246|2021-07-27,-0.30557167866024176,-0.6733664230633328
671187,246,2021-07-27,2021-08-08,13,control,0,0.14804843,0,dept_246_closure_2021-07-27,2021-08-22,2021-08,2,1,,671187|246|2021-07-27,-0.15973154296024178,-0.6733664230633328
672880,246,2021-07-27,2021-08-08,13,control,0,0.3963556,0,dept_246_closure_2021-07-27,2021-08-22,2021-08,2,1,,672880|246|2021-07-27,0.08857562703975819,-0.6733664230633328
674161,246,2021-07-27,2021-08-08,13,control,0,0.60217315,1,dept_246_closure_2021-07-27,2021-08-22,2021-08,2,1,1.0,674161|246|2021-07-27,0.29439317703975826,-0.6733664230633328
674724,246,2021-07-27,2021-08-08,13,control,0,0.22715935,0,dept_246_closure_2021-07-27,2021-08-22,2021-08,2,1,1.0,674724|246|2021-07-27,-0.08062062296024178,-0.6733664230633328
675505,246,2021-07-27,2021-08-08,13,control,0,0.15651003,0,dept_246_closure_2021-07-27,2021-08-22,2021-08,2,1,,675505|246|2021-07-27,-0.1512699429602418,-0.6733664230633328
676853,246,2021-07-27,2021-08-08,13,control,0,0.004177887,0,dept_246_closure_2021-07-27,2021-08-22,2021-08,2,1,,676853|246|2021-07-27,-0.3036020859602418,-0.6733664230633328
677645,246,2021-07-27,2021-08-08,13,control,0,0.00460222,0,dept_246_closure_2021-07-27,2021-08-22,2021-08,2,1,,677645|246|2021-07-27,-0.3031777529602418,-0.6733664230633328
679043,246,2021-07-27,2021-08-08,13,treatment,1,0.007110106,0,dept_246_closure_2021-07-27,2021-08-22,2021-08,2,1,,679043|246|2021-07-27,-0.3006698669602418,-0.6733664230633328
680050,246,2021-07-27,2021-08-08,13,treatment,1,0.6510753,1,dept_246_closure_2021-07-27,2021-08-22,2021-08,2,1,,680050|246|2021-07-27,0.34329532703975824,-0.6733664230633328
683521,246,2021-07-27,2021-08-08,13,control,0,0.0039025282,0,dept_246_closure_2021-07-27,2021-08-22,2021-08,2,1,,683521|246|2021-07-27,-0.3038774447602418,-0.6733664230633328
683684,246,2021-07-27,2021-08-08,13,control,0,0.10428627,0,dept_246_closure_2021-07-27,2021-08-22,2021-08,2,1,,683684|246|2021-07-27,-0.20349370296024177,-0.6733664230633328
683804,246,2021-07-27,2021-08-08,13,control,0,0.0017932617,0,dept_246_closure_2021-07-27,2021-08-22,2021-08,2,1,,683804|246|2021-07-27,-0.3059867112602418,-0.6733664230633328
683995,246,2021-07-27,2021-08-08,13,control,0,0.001137196,0,dept_246_closure_2021-07-27,2021-08-22,2021-08,2,1,,683995|246|2021-07-27,-0.3066427769602418,-0.6733664230633328
684015,246,2021-07-27,2021-08-08,13,control,0,0.8845989,1,dept_246_closure_2021-07-27,2021-08-22,2021-08,2,1,0.5,684015|246|2021-07-27,0.5768189270397581,-0.6733664230633328
686956,246,2021-07-27,2021-08-08,13,control,0,0.0055859643,0,dept_246_closure_2021-07-27,2021-08-22,2021-08,2,1,,686956|246|2021-07-27,-0.30219400866024176,-0.6733664230633328
687042,246,2021-07-27,2021-08-08,13,control,0,0.5541338,1,dept_246_closure_2021-07-27,2021-08-22,2021-08,2,1,,687042|246|2021-07-27,0.24635382703975822,-0.6733664230633328
689237,246,2021-07-27,2021-08-08,13,control,0,0.00090677815,0,dept_246_closure_2021-07-27,2021-08-22,2021-08,2,1,,689237|246|2021-07-27,-0.3068731948102418,-0.6733664230633328
691273,246,2021-07-27,2021-08-08,13,treatment,1,0.5559356,1,dept_246_closure_2021-07-27,2021-08-22,2021-08,2,1,,691273|246|2021-07-27,0.2481556270397582,-0.6733664230633328
692401,246,2021-07-27,2021-08-08,13,control,0,0.031257436,0,dept_246_closure_2021-07-27,2021-08-22,2021-08,2,1,1.0,692401|246|2021-07-27,-0.27652253696024176,-0.6733664230633328
693452,246,2021-07-27,2021-08-08,13,control,0,0.07944487,0,dept_246_closure_2021-07-27,2021-08-22,2021-08,2,1,1.0,693452|246|2021-07-27,-0.2283351029602418,-0.6733664230633328
695396,246,2021-07-27,2021-08-08,13,control,0,0.59376544,1,dept_246_closure_2021-07-27,2021-08-22,2021-08,2,1,0.0,695396|246|2021-07-27,0.2859854670397582,-0.6733664230633328
698986,246,2021-07-27,2021-08-08,13,control,0,0.26494306,0,dept_246_closure_2021-07-27,2021-08-22,2021-08,2,1,0.0,698986|246|2021-07-27,-0.04283691296024178,-0.6733664230633328
699699,246,2021-07-27,2021-08-08,13,treatment,1,0.004846366,0,dept_246_closure_2021-07-27,2021-08-22,2021-08,2,1,0.6666666666666666,699699|246|2021-07-27,-0.3029336069602418,-0.6733664230633328
700273,246,2021-07-27,2021-08-08,13,control,0,0.017649118,0,dept_246_closure_2021-07-27,2021-08-22,2021-08,2,1,,700273|246|2021-07-27,-0.29013085496024177,-0.6733664230633328
700881,246,2021-07-27,2021-08-08,13,control,0,0.026280912,0,dept_246_closure_2021-07-27,2021-08-22,2021-08,2,1,,700881|246|2021-07-27,-0.2814990609602418,-0.6733664230633328
703568,246,2021-07-27,2021-08-08,13,control,0,0.1636185,0,dept_246_closure_2021-07-27,2021-08-22,2021-08,2,1,1.0,703568|246|2021-07-27,-0.1441614729602418,-0.6733664230633328
705741,246,2021-07-27,2021-08-08,13,control,0,0.240593,0,dept_246_closure_2021-07-27,2021-08-22,2021-08,2,1,0.0,705741|246|2021-07-27,-0.06718697296024179,-0.6733664230633328
706055,246,2021-07-27,2021-08-08,13,control,0,0.5146902,1,dept_246_closure_2021-07-27,2021-08-22,2021-08,2,1,0.5,706055|246|2021-07-27,0.2069102270397582,-0.6733664230633328
706109,246,2021-07-27,2021-08-08,13,control,0,0.007861774,0,dept_246_closure_2021-07-27,2021-08-22,2021-08,2,1,,706109|246|2021-07-27,-0.2999181989602418,-0.6733664230633328
708207,246,2021-07-27,2021-08-08,13,treatment,1,0.009436967,0,dept_246_closure_2021-07-27,2021-08-22,2021-08,2,1,,708207|246|2021-07-27,-0.29834300596024177,-0.6733664230633328
710137,246,2021-07-27,2021-08-08,13,control,0,0.069965854,0,dept_246_closure_2021-07-27,2021-08-22,2021-08,2,1,,710137|246|2021-07-27,-0.2378141189602418,-0.6733664230633328
710677,246,2021-07-27,2021-08-08,13,control,0,0.07248529,0,dept_246_closure_2021-07-27,2021-08-22,2021-08,2,1,,710677|246|2021-07-27,-0.2352946829602418,-0.6733664230633328
712316,246,2021-07-27,2021-08-08,13,control,0,0.009721992,0,dept_246_closure_2021-07-27,2021-08-22,2021-08,2,1,,712316|246|2021-07-27,-0.2980579809602418,-0.6733664230633328
713935,246,2021-07-27,2021-08-08,13,control,0,0.7094755,1,dept_246_closure_2021-07-27,2021-08-22,2021-08,2,1,,713935|246|2021-07-27,0.40169552703975825,-0.6733664230633328
716927,246,2021-07-27,2021-08-08,13,control,0,0.0043204585,0,dept_246_closure_2021-07-27,2021-08-22,2021-08,2,1,,716927|246|2021-07-27,-0.3034595144602418,-0.6733664230633328
718666,246,2021-07-27,2021-08-08,13,treatment,1,0.003192709,0,dept_246_closure_2021-07-27,2021-08-22,2021-08,2,1,,718666|246|2021-07-27,-0.30458726396024177,-0.6733664230633328
718772,246,2021-07-27,2021-08-08,13,control,0,0.05517942,0,dept_246_closure_2021-07-27,2021-08-22,2021-08,2,1,,718772|246|2021-07-27,-0.2526005529602418,-0.6733664230633328
720882,246,2021-07-27,2021-08-08,13,control,0,0.04335409,0,dept_246_closure_2021-07-27,2021-08-22,2021-08,2,1,,720882|246|2021-07-27,-0.2644258829602418,-0.6733664230633328
727797,246,2021-07-27,2021-08-08,13,treatment,1,0.13561638,0,dept_246_closure_2021-07-27,2021-08-22,2021-08,2,1,,727797|246|2021-07-27,-0.17216359296024178,-0.6733664230633328
728495,246,2021-07-27,2021-08-08,13,control,0,0.014965183,0,dept_246_closure_2021-07-27,2021-08-22,2021-08,2,1,,728495|246|2021-07-27,-0.2928147899602418,-0.6733664230633328
729236,246,2021-07-27,2021-08-08,13,treatment,1,0.076605916,0,dept_246_closure_2021-07-27,2021-08-22,2021-08,2,1,,729236|246|2021-07-27,-0.2311740569602418,-0.6733664230633328
729427,246,2021-07-27,2021-08-08,13,treatment,1,0.01933929,0,dept_246_closure_2021-07-27,2021-08-22,2021-08,2,1,,729427|246|2021-07-27,-0.2884406829602418,-0.6733664230633328
729873,246,2021-07-27,2021-08-08,13,treatment,1,0.7575934,1,dept_246_closure_2021-07-27,2021-08-22,2021-08,2,1,,729873|246|2021-07-27,0.4498134270397582,-0.6733664230633328
729889,246,2021-07-27,2021-08-08,13,control,0,0.037756026,0,dept_246_closure_2021-07-27,2021-08-22,2021-08,2,1,,729889|246|2021-07-27,-0.2700239469602418,-0.6733664230633328
733186,246,2021-07-27,2021-08-08,13,treatment,1,0.69795686,1,dept_246_closure_2021-07-27,2021-08-22,2021-08,2,1,,733186|246|2021-07-27,0.3901768870397582,-0.6733664230633328
735865,246,2021-07-27,2021-08-08,13,control,0,0.33605695,0,dept_246_closure_2021-07-27,2021-08-22,2021-08,2,1,0.5,735865|246|2021-07-27,0.028276977039758233,-0.6733664230633328
736734,246,2021-07-27,2021-08-08,13,control,0,0.39864597,0,dept_246_closure_2021-07-27,2021-08-22,2021-08,2,1,,736734|246|2021-07-27,0.09086599703975823,-0.6733664230633328
739930,246,2021-07-27,2021-08-08,13,control,0,0.017589724,0,dept_246_closure_2021-07-27,2021-08-22,2021-08,2,1,,739930|246|2021-07-27,-0.2901902489602418,-0.6733664230633328
742210,246,2021-07-27,2021-08-08,13,control,0,0.0008205761,0,dept_246_closure_2021-07-27,2021-08-22,2021-08,2,1,,742210|246|2021-07-27,-0.30695939686024176,-0.6733664230633328
742713,246,2021-07-27,2021-08-08,13,control,0,0.7055811,1,dept_246_closure_2021-07-27,2021-08-22,2021-08,2,1,,742713|246|2021-07-27,0.3978011270397582,-0.6733664230633328
743481,246,2021-07-27,2021-08-08,13,control,0,0.1744169,0,dept_246_closure_2021-07-27,2021-08-22,2021-08,2,1,,743481|246|2021-07-27,-0.13336307296024177,-0.6733664230633328
743573,246,2021-07-27,2021-08-08,13,control,0,0.01424737,0,dept_246_closure_2021-07-27,2021-08-22,2021-08,2,1,,743573|246|2021-07-27,-0.2935326029602418,-0.6733664230633328
745348,246,2021-07-27,2021-08-08,13,control,0,0.6717277,1,dept_246_closure_2021-07-27,2021-08-22,2021-08,2,1,,745348|246|2021-07-27,0.36394772703975825,-0.6733664230633328
745784,246,2021-07-27,2021-08-08,13,control,0,0.07058759,0,dept_246_closure_2021-07-27,2021-08-22,2021-08,2,1,,745784|246|2021-07-27,-0.23719238296024178,-0.6733664230633328
745837,246,2021-07-27,2021-08-08,13,control,0,0.0012194227,0,dept_246_closure_2021-07-27,2021-08-22,2021-08,2,1,,745837|246|2021-07-27,-0.3065605502602418,-0.6733664230633328
746756,246,2021-07-27,2021-08-08,13,control,0,0.08982364,0,dept_246_closure_2021-07-27,2021-08-22,2021-08,2,1,,746756|246|2021-07-27,-0.2179563329602418,-0.6733664230633328
747030,246,2021-07-27,2021-08-08,13,control,0,0.88071215,1,dept_246_closure_2021-07-27,2021-08-22,2021-08,2,1,,747030|246|2021-07-27,0.5729321770397582,-0.6733664230633328
750005,246,2021-07-27,2021-08-08,13,control,0,0.00368248,0,dept_246_closure_2021-07-27,2021-08-22,2021-08,2,1,,750005|246|2021-07-27,-0.3040974929602418,-0.6733664230633328
750565,246,2021-07-27,2021-08-08,13,control,0,0.09725597,0,dept_246_closure_2021-07-27,2021-08-22,2021-08,2,1,,750565|246|2021-07-27,-0.2105240029602418,-0.6733664230633328
751068,246,2021-07-27,2021-08-08,13,control,0,0.67058444,1,dept_246_closure_2021-07-27,2021-08-22,2021-08,2,1,0.25,751068|246|2021-07-27,0.36280446703975816,-0.6733664230633328
755654,246,2021-07-27,2021-08-08,13,control,0,0.642669,1,dept_246_closure_2021-07-27,2021-08-22,2021-08,2,1,,755654|246|2021-07-27,0.33488902703975826,-0.6733664230633328
757209,246,2021-07-27,2021-08-08,13,control,0,0.92929745,1,dept_246_closure_2021-07-27,2021-08-22,2021-08,2,1,0.5,757209|246|2021-07-27,0.6215174770397582,-0.6733664230633328
758569,246,2021-07-27,2021-08-08,13,control,0,0.6066296,1,dept_246_closure_2021-07-27,2021-08-22,2021-08,2,1,1.0,758569|246|2021-07-27,0.2988496270397582,-0.6733664230633328
759081,246,2021-07-27,2021-08-08,13,control,0,0.9864933,1,dept_246_closure_2021-07-27,2021-08-22,2021-08,2,1,1.0,759081|246|2021-07-27,0.6787133270397583,-0.6733664230633328
760910,246,2021-07-27,2021-08-08,13,control,0,0.37581336,0,dept_246_closure_2021-07-27,2021-08-22,2021-08,2,1,,760910|246|2021-07-27,0.0680333870397582,-0.6733664230633328
761525,246,2021-07-27,2021-08-08,13,control,0,0.0040558516,0,dept_246_closure_2021-07-27,2021-08-22,2021-08,2,1,,761525|246|2021-07-27,-0.3037241213602418,-0.6733664230633328
763277,246,2021-07-27,2021-08-08,13,control,0,0.24932212,0,dept_246_closure_2021-07-27,2021-08-22,2021-08,2,1,0.5,763277|246|2021-07-27,-0.05845785296024178,-0.6733664230633328
764174,246,2021-07-27,2021-08-08,13,control,0,0.020427303,0,dept_246_closure_2021-07-27,2021-08-22,2021-08,2,1,,764174|246|2021-07-27,-0.2873526699602418,-0.6733664230633328
764393,246,2021-07-27,2021-08-08,13,treatment,1,0.015356412,0,dept_246_closure_2021-07-27,2021-08-22,2021-08,2,1,,764393|246|2021-07-27,-0.2924235609602418,-0.6733664230633328
764798,246,2021-07-27,2021-08-08,13,control,0,0.025530431,0,dept_246_closure_2021-07-27,2021-08-22,2021-08,2,1,,764798|246|2021-07-27,-0.28224954196024177,-0.6733664230633328
768714,246,2021-07-27,2021-08-08,13,control,0,0.08861846,0,dept_246_closure_2021-07-27,2021-08-22,2021-08,2,1,,768714|246|2021-07-27,-0.21916151296024178,-0.6733664230633328
771788,246,2021-07-27,2021-08-08,13,control,0,0.13042508,0,dept_246_closure_2021-07-27,2021-08-22,2021-08,2,1,,771788|246|2021-07-27,-0.1773548929602418,-0.6733664230633328
773247,246,2021-07-27,2021-08-08,13,control,0,0.12926482,0,dept_246_closure_2021-07-27,2021-08-22,2021-08,2,1,0.6666666666666666,773247|246|2021-07-27,-0.17851515296024179,-0.6733664230633328
774405,246,2021-07-27,2021-08-08,13,control,0,0.6753653,1,dept_246_closure_2021-07-27,2021-08-22,2021-08,2,1,,774405|246|2021-07-27,0.36758532703975816,-0.6733664230633328
775273,246,2021-07-27,2021-08-08,13,control,0,0.03347844,0,dept_246_closure_2021-07-27,2021-08-22,2021-08,2,1,1.0,775273|246|2021-07-27,-0.2743015329602418,-0.6733664230633328
775847,246,2021-07-27,2021-08-08,13,control,0,0.020749453,0,dept_246_closure_2021-07-27,2021-08-22,2021-08,2,1,0.5,775847|246|2021-07-27,-0.28703051996024176,-0.6733664230633328
778075,246,2021-07-27,2021-08-08,13,control,0,0.0044483226,0,dept_246_closure_2021-07-27,2021-08-22,2021-08,2,1,,778075|246|2021-07-27,-0.3033316503602418,-0.6733664230633328
780783,246,2021-07-27,2021-08-08,13,control,0,0.94814223,1,dept_246_closure_2021-07-27,2021-08-22,2021-08,2,1,0.0,780783|246|2021-07-27,0.6403622570397582,-0.6733664230633328
781479,246,2021-07-27,2021-08-08,13,treatment,1,0.11026743,0,dept_246_closure_2021-07-27,2021-08-22,2021-08,2,1,,781479|246|2021-07-27,-0.1975125429602418,-0.6733664230633328
782601,246,2021-07-27,2021-08-08,13,control,0,0.03218455,0,dept_246_closure_2021-07-27,2021-08-22,2021-08,2,1,,782601|246|2021-07-27,-0.2755954229602418,-0.6733664230633328
784606,246,2021-07-27,2021-08-08,13,treatment,1,0.0007714593,0,dept_246_closure_2021-07-27,2021-08-22,2021-08,2,1,,784606|246|2021-07-27,-0.3070085136602418,-0.6733664230633328
784655,246,2021-07-27,2021-08-08,13,control,0,0.002960514,0,dept_246_closure_2021-07-27,2021-08-22,2021-08,2,1,,784655|246|2021-07-27,-0.30481945896024176,-0.6733664230633328
785881,246,2021-07-27,2021-08-08,13,control,0,0.7455215,1,dept_246_closure_2021-07-27,2021-08-22,2021-08,2,1,,785881|246|2021-07-27,0.43774152703975816,-0.6733664230633328
787051,246,2021-07-27,2021-08-08,13,control,0,0.48000237,0,dept_246_closure_2021-07-27,2021-08-22,2021-08,2,1,,787051|246|2021-07-27,0.17222239703975822,-0.6733664230633328
790777,246,2021-07-27,2021-08-08,13,control,0,0.0068362337,0,dept_246_closure_2021-07-27,2021-08-22,2021-08,2,1,,790777|246|2021-07-27,-0.30094373926024176,-0.6733664230633328
793087,246,2021-07-27,2021-08-08,13,control,0,0.099858016,0,dept_246_closure_2021-07-27,2021-08-22,2021-08,2,1,,793087|246|2021-07-27,-0.2079219569602418,-0.6733664230633328
794164,246,2021-07-27,2021-08-08,13,control,0,0.6939915,1,dept_246_closure_2021-07-27,2021-08-22,2021-08,2,1,,794164|246|2021-07-27,0.3862115270397582,-0.6733664230633328
794821,246,2021-07-27,2021-08-08,13,control,0,0.035638213,0,dept_246_closure_2021-07-27,2021-08-22,2021-08,2,1,,794821|246|2021-07-27,-0.2721417599602418,-0.6733664230633328
795915,246,2021-07-27,2021-08-08,13,control,0,0.8226784,1,dept_246_closure_2021-07-27,2021-08-22,2021-08,2,1,,795915|246|2021-07-27,0.5148984270397583,-0.6733664230633328
796636,246,2021-07-27,2021-08-08,13,control,0,0.009036448,0,dept_246_closure_2021-07-27,2021-08-22,2021-08,2,1,,796636|246|2021-07-27,-0.2987435249602418,-0.6733664230633328
797064,246,2021-07-27,2021-08-08,13,control,0,0.507212,1,dept_246_closure_2021-07-27,2021-08-22,2021-08,2,1,,797064|246|2021-07-27,0.1994320270397582,-0.6733664230633328
797984,246,2021-07-27,2021-08-08,13,treatment,1,0.9371447,1,dept_246_closure_2021-07-27,2021-08-22,2021-08,2,1,,797984|246|2021-07-27,0.6293647270397582,-0.6733664230633328
800707,246,2021-07-27,2021-08-08,13,control,0,0.0030262175,0,dept_246_closure_2021-07-27,2021-08-22,2021-08,2,1,,800707|246|2021-07-27,-0.3047537554602418,-0.6733664230633328
801378,246,2021-07-27,2021-08-08,13,control,0,0.0019727403,0,dept_246_closure_2021-07-27,2021-08-22,2021-08,2,1,,801378|246|2021-07-27,-0.3058072326602418,-0.6733664230633328
802679,246,2021-07-27,2021-08-08,13,control,0,0.018501613,0,dept_246_closure_2021-07-27,2021-08-22,2021-08,2,1,,802679|246|2021-07-27,-0.28927835996024176,-0.6733664230633328
807138,246,2021-07-27,2021-08-08,13,control,0,0.054256,0,dept_246_closure_2021-07-27,2021-08-22,2021-08,2,1,,807138|246|2021-07-27,-0.25352397296024176,-0.6733664230633328
807628,246,2021-07-27,2021-08-08,13,control,0,0.016564755,0,dept_246_closure_2021-07-27,2021-08-22,2021-08,2,1,,807628|246|2021-07-27,-0.2912152179602418,-0.6733664230633328
807629,246,2021-07-27,2021-08-08,13,control,0,0.3686019,0,dept_246_closure_2021-07-27,2021-08-22,2021-08,2,1,1.0,807629|246|2021-07-27,0.060821927039758195,-0.6733664230633328
807979,246,2021-07-27,2021-08-08,13,control,0,0.39310044,0,dept_246_closure_2021-07-27,2021-08-22,2021-08,2,1,0.5,807979|246|2021-07-27,0.08532046703975821,-0.6733664230633328
1213,246,2021-07-27,2021-08-08,13,control,0,0.14179483,0,dept_246_closure_2021-07-27,2021-09-04,2021-09,3,1,0.0,1213|246|2021-07-27,-0.16598514296024178,-0.6733664230633328
3053,246,2021-07-27,2021-08-08,13,control,0,0.2848582,0,dept_246_closure_2021-07-27,2021-09-04,2021-09,3,1,,3053|246|2021-07-27,-0.022921772960241782,-0.6733664230633328
3602,246,2021-07-27,2021-08-08,13,control,0,0.25698352,0,dept_246_closure_2021-07-27,2021-09-04,2021-09,3,1,1.0,3602|246|2021-07-27,-0.05079645296024177,-0.6733664230633328
4261,246,2021-07-27,2021-08-08,13,treatment,1,0.41152814,0,dept_246_closure_2021-07-27,2021-09-04,2021-09,3,1,1.0,4261|246|2021-07-27,0.1037481670397582,-0.6733664230633328
4800,246,2021-07-27,2021-08-08,13,control,0,0.025219427,0,dept_246_closure_2021-07-27,2021-09-04,2021-09,3,1,0.0,4800|246|2021-07-27,-0.28256054596024177,-0.6733664230633328
7245,246,2021-07-27,2021-08-08,13,control,0,0.94799674,1,dept_246_closure_2021-07-27,2021-09-04,2021-09,3,1,0.0,7245|246|2021-07-27,0.6402167670397583,-0.6733664230633328
8291,246,2021-07-27,2021-08-08,13,control,0,0.9911731,1,dept_246_closure_2021-07-27,2021-09-04,2021-09,3,1,0.4,8291|246|2021-07-27,0.6833931270397582,-0.6733664230633328
9290,246,2021-07-27,2021-08-08,13,treatment,1,0.008498869,0,dept_246_closure_2021-07-27,2021-09-04,2021-09,3,1,,9290|246|2021-07-27,-0.29928110396024177,-0.6733664230633328
9714,246,2021-07-27,2021-08-08,13,control,0,0.3374871,0,dept_246_closure_2021-07-27,2021-09-04,2021-09,3,1,0.5,9714|246|2021-07-27,0.029707127039758197,-0.6733664230633328
10179,246,2021-07-27,2021-08-08,13,control,0,0.8612333,1,dept_246_closure_2021-07-27,2021-09-04,2021-09,3,1,0.0,10179|246|2021-07-27,0.5534533270397581,-0.6733664230633328
10427,246,2021-07-27,2021-08-08,13,control,0,0.14622483,0,dept_246_closure_2021-07-27,2021-09-04,2021-09,3,1,,10427|246|2021-07-27,-0.1615551429602418,-0.6733664230633328
10453,246,2021-07-27,2021-08-08,13,control,0,0.27891338,0,dept_246_closure_2021-07-27,2021-09-04,2021-09,3,1,1.0,10453|246|2021-07-27,-0.0288665929602418,-0.6733664230633328
13564,246,2021-07-27,2021-08-08,13,control,0,0.0017006382,0,dept_246_closure_2021-07-27,2021-09-04,2021-09,3,1,,13564|246|2021-07-27,-0.3060793347602418,-0.6733664230633328
15110,246,2021-07-27,2021-08-08,13,control,0,0.602054,1,dept_246_closure_2021-07-27,2021-09-04,2021-09,3,1,,15110|246|2021-07-27,0.2942740270397582,-0.6733664230633328
17165,246,2021-07-27,2021-08-08,13,control,0,0.41429704,0,dept_246_closure_2021-07-27,2021-09-04,2021-09,3,1,,17165|246|2021-07-27,0.10651706703975822,-0.6733664230633328
17345,246,2021-07-27,2021-08-08,13,control,0,0.0024025764,0,dept_246_closure_2021-07-27,2021-09-04,2021-09,3,1,,17345|246|2021-07-27,-0.30537739656024177,-0.6733664230633328
18589,246,2021-07-27,2021-08-08,13,treatment,1,0.5930257,1,dept_246_closure_2021-07-27,2021-09-04,2021-09,3,1,,18589|246|2021-07-27,0.2852457270397582,-0.6733664230633328
21757,246,2021-07-27,2021-08-08,13,control,0,0.9689673,1,dept_246_closure_2021-07-27,2021-09-04,2021-09,3,1,0.3333333333333333,21757|246|2021-07-27,0.6611873270397581,-0.6733664230633328
22359,246,2021-07-27,2021-08-08,13,control,0,0.9641852,1,dept_246_closure_2021-07-27,2021-09-04,2021-09,3,1,0.5,22359|246|2021-07-27,0.6564052270397582,-0.6733664230633328
24301,246,2021-07-27,2021-08-08,13,control,0,0.021089468,0,dept_246_closure_2021-07-27,2021-09-04,2021-09,3,1,,24301|246|2021-07-27,-0.2866905049602418,-0.6733664230633328
24607,246,2021-07-27,2021-08-08,13,control,0,0.03506704,0,dept_246_closure_2021-07-27,2021-09-04,2021-09,3,1,1.0,24607|246|2021-07-27,-0.2727129329602418,-0.6733664230633328
26093,246,2021-07-27,2021-08-08,13,control,0,0.34219438,0,dept_246_closure_2021-07-27,2021-09-04,2021-09,3,1,0.3333333333333333,26093|246|2021-07-27,0.03441440703975823,-0.6733664230633328
28789,246,2021-07-27,2021-08-08,13,control,0,0.40815812,0,dept_246_closure_2021-07-27,2021-09-04,2021-09,3,1,0.0,28789|246|2021-07-27,0.10037814703975823,-0.6733664230633328
29360,246,2021-07-27,2021-08-08,13,control,0,0.008516339,0,dept_246_closure_2021-07-27,2021-09-04,2021-09,3,1,,29360|246|2021-07-27,-0.2992636339602418,-0.6733664230633328
29942,246,2021-07-27,2021-08-08,13,control,0,0.013229424,0,dept_246_closure_2021-07-27,2021-09-04,2021-09,3,1,,29942|246|2021-07-27,-0.2945505489602418,-0.6733664230633328
33721,246,2021-07-27,2021-08-08,13,control,0,0.027535504,0,dept_246_closure_2021-07-27,2021-09-04,2021-09,3,1,,33721|246|2021-07-27,-0.2802444689602418,-0.6733664230633328
33984,246,2021-07-27,2021-08-08,13,control,0,0.39668542,0,dept_246_closure_2021-07-27,2021-09-04,2021-09,3,1,,33984|246|2021-07-27,0.08890544703975822,-0.6733664230633328
34002,246,2021-07-27,2021-08-08,13,control,0,0.5526398,1,dept_246_closure_2021-07-27,2021-09-04,2021-09,3,1,0.5,34002|246|2021-07-27,0.24485982703975823,-0.6733664230633328
35232,246,2021-07-27,2021-08-08,13,control,0,0.85742676,1,dept_246_closure_2021-07-27,2021-09-04,2021-09,3,1,,35232|246|2021-07-27,0.5496467870397581,-0.6733664230633328
35996,246,2021-07-27,2021-08-08,13,control,0,0.49443996,0,dept_246_closure_2021-07-27,2021-09-04,2021-09,3,1,,35996|246|2021-07-27,0.18665998703975822,-0.6733664230633328
37485,246,2021-07-27,2021-08-08,13,control,0,0.010235807,0,dept_246_closure_2021-07-27,2021-09-04,2021-09,3,1,,37485|246|2021-07-27,-0.2975441659602418,-0.6733664230633328
37506,246,2021-07-27,2021-08-08,13,treatment,1,0.5700365,1,dept_246_closure_2021-07-27,2021-09-04,2021-09,3,1,,37506|246|2021-07-27,0.26225652703975816,-0.6733664230633328
37541,246,2021-07-27,2021-08-08,13,control,0,0.0052991416,0,dept_246_closure_2021-07-27,2021-09-04,2021-09,3,1,,37541|246|2021-07-27,-0.3024808313602418,-0.6733664230633328
41263,246,2021-07-27,2021-08-08,13,control,0,0.97604525,1,dept_246_closure_2021-07-27,2021-09-04,2021-09,3,1,0.2857142857142857,41263|246|2021-07-27,0.6682652770397581,-0.6733664230633328
41289,246,2021-07-27,2021-08-08,13,control,0,0.003877407,0,dept_246_closure_2021-07-27,2021-09-04,2021-09,3,1,,41289|246|2021-07-27,-0.3039025659602418,-0.6733664230633328
41747,246,2021-07-27,2021-08-08,13,control,0,0.024151748,0,dept_246_closure_2021-07-27,2021-09-04,2021-09,3,1,,41747|246|2021-07-27,-0.28362822496024176,-0.6733664230633328
41924,246,2021-07-27,2021-08-08,13,control,0,0.024839915,0,dept_246_closure_2021-07-27,2021-09-04,2021-09,3,1,,41924|246|2021-07-27,-0.2829400579602418,-0.6733664230633328
43570,246,2021-07-27,2021-08-08,13,control,0,0.50512415,1,dept_246_closure_2021-07-27,2021-09-04,2021-09,3,1,0.0,43570|246|2021-07-27,0.1973441770397582,-0.6733664230633328
44805,246,2021-07-27,2021-08-08,13,control,0,0.006438557,0,dept_246_closure_2021-07-27,2021-09-04,2021-09,3,1,,44805|246|2021-07-27,-0.3013414159602418,-0.6733664230633328
46323,246,2021-07-27,2021-08-08,13,control,0,0.004436662,0,dept_246_closure_2021-07-27,2021-09-04,2021-09,3,1,,46323|246|2021-07-27,-0.3033433109602418,-0.6733664230633328
48069,246,2021-07-27,2021-08-08,13,control,0,0.036547642,0,dept_246_closure_2021-07-27,2021-09-04,2021-09,3,1,,48069|246|2021-07-27,-0.2712323309602418,-0.6733664230633328
48118,246,2021-07-27,2021-08-08,13,control,0,0.007977607,0,dept_246_closure_2021-07-27,2021-09-04,2021-09,3,1,,48118|246|2021-07-27,-0.2998023659602418,-0.6733664230633328
49114,246,2021-07-27,2021-08-08,13,control,0,0.01653051,0,dept_246_closure_2021-07-27,2021-09-04,2021-09,3,1,,49114|246|2021-07-27,-0.2912494629602418,-0.6733664230633328
50430,246,2021-07-27,2021-08-08,13,control,0,0.12106775,0,dept_246_closure_2021-07-27,2021-09-04,2021-09,3,1,,50430|246|2021-07-27,-0.18671222296024179,-0.6733664230633328
55719,246,2021-07-27,2021-08-08,13,control,0,0.06846984,0,dept_246_closure_2021-07-27,2021-09-04,2021-09,3,1,,55719|246|2021-07-27,-0.23931013296024178,-0.6733664230633328
58174,246,2021-07-27,2021-08-08,13,treatment,1,0.025775751,0,dept_246_closure_2021-07-27,2021-09-04,2021-09,3,1,,58174|246|2021-07-27,-0.2820042219602418,-0.6733664230633328
61470,246,2021-07-27,2021-08-08,13,control,0,0.0019178551,0,dept_246_closure_2021-07-27,2021-09-04,2021-09,3,1,,61470|246|2021-07-27,-0.3058621178602418,-0.6733664230633328
62467,246,2021-07-27,2021-08-08,13,control,0,0.7539235,1,dept_246_closure_2021-07-27,2021-09-04,2021-09,3,1,,62467|246|2021-07-27,0.4461435270397582,-0.6733664230633328
62617,246,2021-07-27,2021-08-08,13,control,0,0.2802774,0,dept_246_closure_2021-07-27,2021-09-04,2021-09,3,1,,62617|246|2021-07-27,-0.027502572960241778,-0.6733664230633328
63894,246,2021-07-27,2021-08-08,13,treatment,1,0.0032472073,0,dept_246_closure_2021-07-27,2021-09-04,2021-09,3,1,,63894|246|2021-07-27,-0.3045327656602418,-0.6733664230633328
64161,246,2021-07-27,2021-08-08,13,control,0,0.34984437,0,dept_246_closure_2021-07-27,2021-09-04,2021-09,3,1,,64161|246|2021-07-27,0.04206439703975823,-0.6733664230633328
64994,246,2021-07-27,2021-08-08,13,control,0,0.14465883,0,dept_246_closure_2021-07-27,2021-09-04,2021-09,3,1,,64994|246|2021-07-27,-0.1631211429602418,-0.6733664230633328
65724,246,2021-07-27,2021-08-08,13,control,0,0.3674528,0,dept_246_closure_2021-07-27,2021-09-04,2021-09,3,1,,65724|246|2021-07-27,0.059672827039758236,-0.6733664230633328
68795,246,2021-07-27,2021-08-08,13,control,0,0.9651761,1,dept_246_closure_2021-07-27,2021-09-04,2021-09,3,1,,68795|246|2021-07-27,0.6573961270397581,-0.6733664230633328
74930,246,2021-07-27,2021-08-08,13,control,0,0.006238125,0,dept_246_closure_2021-07-27,2021-09-04,2021-09,3,1,,74930|246|2021-07-27,-0.3015418479602418,-0.6733664230633328
75254,246,2021-07-27,2021-08-08,13,control,0,0.006278402,0,dept_246_closure_2021-07-27,2021-09-04,2021-09,3,1,,75254|246|2021-07-27,-0.30150157096024177,-0.6733664230633328
75454,246,2021-07-27,2021-08-08,13,control,0,0.051739547,0,dept_246_closure_2021-07-27,2021-09-04,2021-09,3,1,,75454|246|2021-07-27,-0.2560404259602418,-0.6733664230633328
77627,246,2021-07-27,2021-08-08,13,control,0,0.9423059,1,dept_246_closure_2021-07-27,2021-09-04,2021-09,3,1,1.0,77627|246|2021-07-27,0.6345259270397583,-0.6733664230633328
80592,246,2021-07-27,2021-08-08,13,control,0,0.0012003159,0,dept_246_closure_2021-07-27,2021-09-04,2021-09,3,1,,80592|246|2021-07-27,-0.30657965706024176,-0.6733664230633328
83197,246,2021-07-27,2021-08-08,13,control,0,0.060882423,0,dept_246_closure_2021-07-27,2021-09-04,2021-09,3,1,,83197|246|2021-07-27,-0.2468975499602418,-0.6733664230633328
83512,246,2021-07-27,2021-08-08,13,treatment,1,0.0007489331,0,dept_246_closure_2021-07-27,2021-09-04,2021-09,3,1,,83512|246|2021-07-27,-0.3070310398602418,-0.6733664230633328
83837,246,2021-07-27,2021-08-08,13,control,0,0.032278985,0,dept_246_closure_2021-07-27,2021-09-04,2021-09,3,1,,83837|246|2021-07-27,-0.2755009879602418,-0.6733664230633328
84880,246,2021-07-27,2021-08-08,13,control,0,0.00688161,0,dept_246_closure_2021-07-27,2021-09-04,2021-09,3,1,,84880|246|2021-07-27,-0.3008983629602418,-0.6733664230633328
85945,246,2021-07-27,2021-08-08,13,control,0,0.0026010852,0,dept_246_closure_2021-07-27,2021-09-04,2021-09,3,1,,85945|246|2021-07-27,-0.30517888776024177,-0.6733664230633328
88701,246,2021-07-27,2021-08-08,13,control,0,0.002537611,0,dept_246_closure_2021-07-27,2021-09-04,2021-09,3,1,,88701|246|2021-07-27,-0.3052423619602418,-0.6733664230633328
89391,246,2021-07-27,2021-08-08,13,control,0,0.009230248,0,dept_246_closure_2021-07-27,2021-09-04,2021-09,3,1,,89391|246|2021-07-27,-0.2985497249602418,-0.6733664230633328
94006,246,2021-07-27,2021-08-08,13,control,0,0.28857115,0,dept_246_closure_2021-07-27,2021-09-04,2021-09,3,1,,94006|246|2021-07-27,-0.01920882296024179,-0.6733664230633328
99636,246,2021-07-27,2021-08-08,13,treatment,1,0.48824883,0,dept_246_closure_2021-07-27,2021-09-04,2021-09,3,1,0.0,99636|246|2021-07-27,0.18046885703975823,-0.6733664230633328
100285,246,2021-07-27,2021-08-08,13,control,0,0.0010297304,0,dept_246_closure_2021-07-27,2021-09-04,2021-09,3,1,,100285|246|2021-07-27,-0.3067502425602418,-0.6733664230633328
101690,246,2021-07-27,2021-08-08,13,control,0,0.0054791784,0,dept_246_closure_2021-07-27,2021-09-04,2021-09,3,1,,101690|246|2021-07-27,-0.3023007945602418,-0.6733664230633328
102939,246,2021-07-27,2021-08-08,13,control,0,0.056172602,0,dept_246_closure_2021-07-27,2021-09-04,2021-09,3,1,,102939|246|2021-07-27,-0.25160737096024177,-0.6733664230633328
104364,246,2021-07-27,2021-08-08,13,treatment,1,0.0011055329,0,dept_246_closure_2021-07-27,2021-09-04,2021-09,3,1,,104364|246|2021-07-27,-0.3066744400602418,-0.6733664230633328
104791,246,2021-07-27,2021-08-08,13,control,0,0.00038451306,0,dept_246_closure_2021-07-27,2021-09-04,2021-09,3,1,,104791|246|2021-07-27,-0.3073954599002418,-0.6733664230633328
104999,246,2021-07-27,2021-08-08,13,control,0,0.77188766,1,dept_246_closure_2021-07-27,2021-09-04,2021-09,3,1,0.3333333333333333,104999|246|2021-07-27,0.4641076870397582,-0.6733664230633328
106451,246,2021-07-27,2021-08-08,13,control,0,0.59141666,1,dept_246_closure_2021-07-27,2021-09-04,2021-09,3,1,,106451|246|2021-07-27,0.28363668703975825,-0.6733664230633328
107729,246,2021-07-27,2021-08-08,13,treatment,1,0.9872944,1,dept_246_closure_2021-07-27,2021-09-04,2021-09,3,1,,107729|246|2021-07-27,0.6795144270397582,-0.6733664230633328
108290,246,2021-07-27,2021-08-08,13,control,0,0.27102268,0,dept_246_closure_2021-07-27,2021-09-04,2021-09,3,1,,108290|246|2021-07-27,-0.03675729296024177,-0.6733664230633328
108602,246,2021-07-27,2021-08-08,13,control,0,0.12955897,0,dept_246_closure_2021-07-27,2021-09-04,2021-09,3,1,,108602|246|2021-07-27,-0.1782210029602418,-0.6733664230633328
110523,246,2021-07-27,2021-08-08,13,treatment,1,0.033722427,0,dept_246_closure_2021-07-27,2021-09-04,2021-09,3,1,,110523|246|2021-07-27,-0.2740575459602418,-0.6733664230633328
111618,246,2021-07-27,2021-08-08,13,control,0,0.020083731,0,dept_246_closure_2021-07-27,2021-09-04,2021-09,3,1,1.0,111618|246|2021-07-27,-0.2876962419602418,-0.6733664230633328
113259,246,2021-07-27,2021-08-08,13,control,0,0.2508315,0,dept_246_closure_2021-07-27,2021-09-04,2021-09,3,1,,113259|246|2021-07-27,-0.0569484729602418,-0.6733664230633328
115213,246,2021-07-27,2021-08-08,13,control,0,0.8139987,1,dept_246_closure_2021-07-27,2021-09-04,2021-09,3,1,,115213|246|2021-07-27,0.5062187270397582,-0.6733664230633328
115992,246,2021-07-27,2021-08-08,13,control,0,0.0014414658,0,dept_246_closure_2021-07-27,2021-09-04,2021-09,3,1,,115992|246|2021-07-27,-0.3063385071602418,-0.6733664230633328
117266,246,2021-07-27,2021-08-08,13,control,0,0.04361259,0,dept_246_closure_2021-07-27,2021-09-04,2021-09,3,1,,117266|246|2021-07-27,-0.2641673829602418,-0.6733664230633328
117463,246,2021-07-27,2021-08-08,13,treatment,1,0.000519652,0,dept_246_closure_2021-07-27,2021-09-04,2021-09,3,1,,117463|246|2021-07-27,-0.3072603209602418,-0.6733664230633328
117689,246,2021-07-27,2021-08-08,13,control,0,0.11426322,0,dept_246_closure_2021-07-27,2021-09-04,2021-09,3,1,,117689|246|2021-07-27,-0.1935167529602418,-0.6733664230633328
118028,246,2021-07-27,2021-08-08,13,control,0,0.042520892,0,dept_246_closure_2021-07-27,2021-09-04,2021-09,3,1,1.0,118028|246|2021-07-27,-0.2652590809602418,-0.6733664230633328
123845,246,2021-07-27,2021-08-08,13,control,0,0.0049063414,0,dept_246_closure_2021-07-27,2021-09-04,2021-09,3,1,,123845|246|2021-07-27,-0.3028736315602418,-0.6733664230633328
124140,246,2021-07-27,2021-08-08,13,control,0,0.00077034417,0,dept_246_closure_2021-07-27,2021-09-04,2021-09,3,1,,124140|246|2021-07-27,-0.3070096287902418,-0.6733664230633328
124519,246,2021-07-27,2021-08-08,13,control,0,0.1613756,0,dept_246_closure_2021-07-27,2021-09-04,2021-09,3,1,0.0,124519|246|2021-07-27,-0.14640437296024178,-0.6733664230633328
125288,246,2021-07-27,2021-08-08,13,treatment,1,0.00042904564,0,dept_246_closure_2021-07-27,2021-09-04,2021-09,3,1,,125288|246|2021-07-27,-0.3073509273202418,-0.6733664230633328
126383,246,2021-07-27,2021-08-08,13,control,0,0.015411615,0,dept_246_closure_2021-07-27,2021-09-04,2021-09,3,1,,126383|246|2021-07-27,-0.2923683579602418,-0.6733664230633328
127325,246,2021-07-27,2021-08-08,13,control,0,0.31199288,0,dept_246_closure_2021-07-27,2021-09-04,2021-09,3,1,,127325|246|2021-07-27,0.004212907039758185,-0.6733664230633328
133214,246,2021-07-27,2021-08-08,13,control,0,0.007817035,0,dept_246_closure_2021-07-27,2021-09-04,2021-09,3,1,,133214|246|2021-07-27,-0.29996293796024176,-0.6733664230633328
133833,246,2021-07-27,2021-08-08,13,control,0,0.0031631151,0,dept_246_closure_2021-07-27,2021-09-04,2021-09,3,1,,133833|246|2021-07-27,-0.3046168578602418,-0.6733664230633328
135205,246,2021-07-27,2021-08-08,13,control,0,0.0010553765,0,dept_246_closure_2021-07-27,2021-09-04,2021-09,3,1,,135205|246|2021-07-27,-0.3067245964602418,-0.6733664230633328
136057,246,2021-07-27,2021-08-08,13,control,0,0.2031454,0,dept_246_closure_2021-07-27,2021-09-04,2021-09,3,1,0.5,136057|246|2021-07-27,-0.10463457296024178,-0.6733664230633328
136063,246,2021-07-27,2021-08-08,13,control,0,0.005267139,0,dept_246_closure_2021-07-27,2021-09-04,2021-09,3,1,,136063|246|2021-07-27,-0.3025128339602418,-0.6733664230633328
137955,246,2021-07-27,2021-08-08,13,control,0,0.8207661,1,dept_246_closure_2021-07-27,2021-09-04,2021-09,3,1,0.0,137955|246|2021-07-27,0.5129861270397582,-0.6733664230633328
138417,246,2021-07-27,2021-08-08,13,control,0,0.03873831,0,dept_246_closure_2021-07-27,2021-09-04,2021-09,3,1,,138417|246|2021-07-27,-0.2690416629602418,-0.6733664230633328
138825,246,2021-07-27,2021-08-08,13,control,0,0.27647775,0,dept_246_closure_2021-07-27,2021-09-04,2021-09,3,1,,138825|246|2021-07-27,-0.031302222960241766,-0.6733664230633328
139774,246,2021-07-27,2021-08-08,13,control,0,0.06656849,0,dept_246_closure_2021-07-27,2021-09-04,2021-09,3,1,,139774|246|2021-07-27,-0.2412114829602418,-0.6733664230633328
143776,246,2021-07-27,2021-08-08,13,control,0,0.14395767,0,dept_246_closure_2021-07-27,2021-09-04,2021-09,3,1,,143776|246|2021-07-27,-0.16382230296024178,-0.6733664230633328
145372,246,2021-07-27,2021-08-08,13,treatment,1,0.0004766058,0,dept_246_closure_2021-07-27,2021-09-04,2021-09,3,1,,145372|246|2021-07-27,-0.3073033671602418,-0.6733664230633328
147307,246,2021-07-27,2021-08-08,13,control,0,0.0975213,0,dept_246_closure_2021-07-27,2021-09-04,2021-09,3,1,,147307|246|2021-07-27,-0.21025867296024178,-0.6733664230633328
148127,246,2021-07-27,2021-08-08,13,control,0,0.07233724,0,dept_246_closure_2021-07-27,2021-09-04,2021-09,3,1,,148127|246|2021-07-27,-0.2354427329602418,-0.6733664230633328
148441,246,2021-07-27,2021-08-08,13,control,0,0.2556321,0,dept_246_closure_2021-07-27,2021-09-04,2021-09,3,1,0.5,148441|246|2021-07-27,-0.052147872960241815,-0.6733664230633328
151009,246,2021-07-27,2021-08-08,13,control,0,0.6553716,1,dept_246_closure_2021-07-27,2021-09-04,2021-09,3,1,1.0,151009|246|2021-07-27,0.34759162703975827,-0.6733664230633328
151024,246,2021-07-27,2021-08-08,13,control,0,0.5315132,1,dept_246_closure_2021-07-27,2021-09-04,2021-09,3,1,1.0,151024|246|2021-07-27,0.22373322703975823,-0.6733664230633328
152032,246,2021-07-27,2021-08-08,13,control,0,0.80558157,1,dept_246_closure_2021-07-27,2021-09-04,2021-09,3,1,,152032|246|2021-07-27,0.4978015970397582,-0.6733664230633328
155231,246,2021-07-27,2021-08-08,13,treatment,1,0.012627428,0,dept_246_closure_2021-07-27,2021-09-04,2021-09,3,1,,155231|246|2021-07-27,-0.2951525449602418,-0.6733664230633328
155553,246,2021-07-27,2021-08-08,13,control,0,0.0030715873,0,dept_246_closure_2021-07-27,2021-09-04,2021-09,3,1,,155553|246|2021-07-27,-0.3047083856602418,-0.6733664230633328
155965,246,2021-07-27,2021-08-08,13,control,0,0.006050398,0,dept_246_closure_2021-07-27,2021-09-04,2021-09,3,1,,155965|246|2021-07-27,-0.3017295749602418,-0.6733664230633328
156315,246,2021-07-27,2021-08-08,13,control,0,0.012487564,0,dept_246_closure_2021-07-27,2021-09-04,2021-09,3,1,1.0,156315|246|2021-07-27,-0.2952924089602418,-0.6733664230633328
156681,246,2021-07-27,2021-08-08,13,control,0,0.8056619,1,dept_246_closure_2021-07-27,2021-09-04,2021-09,3,1,1.0,156681|246|2021-07-27,0.49788192703975825,-0.6733664230633328
157356,246,2021-07-27,2021-08-08,13,control,0,0.36475253,0,dept_246_closure_2021-07-27,2021-09-04,2021-09,3,1,0.0,157356|246|2021-07-27,0.05697255703975823,-0.6733664230633328
159290,246,2021-07-27,2021-08-08,13,control,0,0.520794,1,dept_246_closure_2021-07-27,2021-09-04,2021-09,3,1,1.0,159290|246|2021-07-27,0.2130140270397582,-0.6733664230633328
163009,246,2021-07-27,2021-08-08,13,control,0,0.0032412908,0,dept_246_closure_2021-07-27,2021-09-04,2021-09,3,1,,163009|246|2021-07-27,-0.30453868216024177,-0.6733664230633328
168851,246,2021-07-27,2021-08-08,13,treatment,1,0.14223818,0,dept_246_closure_2021-07-27,2021-09-04,2021-09,3,1,,168851|246|2021-07-27,-0.1655417929602418,-0.6733664230633328
168859,246,2021-07-27,2021-08-08,13,control,0,0.23655716,0,dept_246_closure_2021-07-27,2021-09-04,2021-09,3,1,,168859|246|2021-07-27,-0.0712228129602418,-0.6733664230633328
169284,246,2021-07-27,2021-08-08,13,control,0,0.077404,0,dept_246_closure_2021-07-27,2021-09-04,2021-09,3,1,1.0,169284|246|2021-07-27,-0.2303759729602418,-0.6733664230633328
169779,246,2021-07-27,2021-08-08,13,control,0,0.5095837,1,dept_246_closure_2021-07-27,2021-09-04,2021-09,3,1,,169779|246|2021-07-27,0.20180372703975819,-0.6733664230633328
170648,246,2021-07-27,2021-08-08,13,control,0,0.08296131,0,dept_246_closure_2021-07-27,2021-09-04,2021-09,3,1,1.0,170648|246|2021-07-27,-0.22481866296024178,-0.6733664230633328
171829,246,2021-07-27,2021-08-08,13,control,0,0.7854076,1,dept_246_closure_2021-07-27,2021-09-04,2021-09,3,1,1.0,171829|246|2021-07-27,0.4776276270397582,-0.6733664230633328
174299,246,2021-07-27,2021-08-08,13,control,0,0.12492011,0,dept_246_closure_2021-07-27,2021-09-04,2021-09,3,1,0.6,174299|246|2021-07-27,-0.1828598629602418,-0.6733664230633328
175565,246,2021-07-27,2021-08-08,13,control,0,0.00043081085,0,dept_246_closure_2021-07-27,2021-09-04,2021-09,3,1,,175565|246|2021-07-27,-0.30734916211024177,-0.6733664230633328
180465,246,2021-07-27,2021-08-08,13,treatment,1,0.259185,0,dept_246_closure_2021-07-27,2021-09-04,2021-09,3,1,,180465|246|2021-07-27,-0.04859497296024179,-0.6733664230633328
181998,246,2021-07-27,2021-08-08,13,control,0,0.143926,0,dept_246_closure_2021-07-27,2021-09-04,2021-09,3,1,,181998|246|2021-07-27,-0.1638539729602418,-0.6733664230633328
183672,246,2021-07-27,2021-08-08,13,control,0,0.0026851657,0,dept_246_closure_2021-07-27,2021-09-04,2021-09,3,1,,183672|246|2021-07-27,-0.3050948072602418,-0.6733664230633328
184494,246,2021-07-27,2021-08-08,13,control,0,0.8184082,1,dept_246_closure_2021-07-27,2021-09-04,2021-09,3,1,1.0,184494|246|2021-07-27,0.5106282270397582,-0.6733664230633328
184868,246,2021-07-27,2021-08-08,13,control,0,0.36570916,0,dept_246_closure_2021-07-27,2021-09-04,2021-09,3,1,,184868|246|2021-07-27,0.05792918703975819,-0.6733664230633328
188771,246,2021-07-27,2021-08-08,13,control,0,0.008155373,0,dept_246_closure_2021-07-27,2021-09-04,2021-09,3,1,,188771|246|2021-07-27,-0.29962459996024177,-0.6733664230633328
191129,246,2021-07-27,2021-08-08,13,control,0,0.00997795,0,dept_246_closure_2021-07-27,2021-09-04,2021-09,3,1,,191129|246|2021-07-27,-0.2978020229602418,-0.6733664230633328
197542,246,2021-07-27,2021-08-08,13,control,0,0.038574096,0,dept_246_closure_2021-07-27,2021-09-04,2021-09,3,1,,197542|246|2021-07-27,-0.2692058769602418,-0.6733664230633328
199413,246,2021-07-27,2021-08-08,13,control,0,0.02999612,0,dept_246_closure_2021-07-27,2021-09-04,2021-09,3,1,,199413|246|2021-07-27,-0.2777838529602418,-0.6733664230633328
203579,246,2021-07-27,2021-08-08,13,control,0,0.004454911,0,dept_246_closure_2021-07-27,2021-09-04,2021-09,3,1,,203579|246|2021-07-27,-0.3033250619602418,-0.6733664230633328
203841,246,2021-07-27,2021-08-08,13,control,0,0.0010743989,0,dept_246_closure_2021-07-27,2021-09-04,2021-09,3,1,,203841|246|2021-07-27,-0.3067055740602418,-0.6733664230633328
204424,246,2021-07-27,2021-08-08,13,control,0,0.01007441,0,dept_246_closure_2021-07-27,2021-09-04,2021-09,3,1,,204424|246|2021-07-27,-0.2977055629602418,-0.6733664230633328
204924,246,2021-07-27,2021-08-08,13,control,0,0.00014777645,0,dept_246_closure_2021-07-27,2021-09-04,2021-09,3,1,,204924|246|2021-07-27,-0.30763219651024176,-0.6733664230633328
205498,246,2021-07-27,2021-08-08,13,control,0,0.010686833,0,dept_246_closure_2021-07-27,2021-09-04,2021-09,3,1,,205498|246|2021-07-27,-0.2970931399602418,-0.6733664230633328
208321,246,2021-07-27,2021-08-08,13,control,0,0.009726258,0,dept_246_closure_2021-07-27,2021-09-04,2021-09,3,1,,208321|246|2021-07-27,-0.2980537149602418,-0.6733664230633328
210109,246,2021-07-27,2021-08-08,13,control,0,0.2929824,0,dept_246_closure_2021-07-27,2021-09-04,2021-09,3,1,,210109|246|2021-07-27,-0.014797572960241812,-0.6733664230633328
210669,246,2021-07-27,2021-08-08,13,treatment,1,0.013678787,0,dept_246_closure_2021-07-27,2021-09-04,2021-09,3,1,1.0,210669|246|2021-07-27,-0.29410118596024176,-0.6733664230633328
215562,246,2021-07-27,2021-08-08,13,control,0,0.04311617,0,dept_246_closure_2021-07-27,2021-09-04,2021-09,3,1,,215562|246|2021-07-27,-0.2646638029602418,-0.6733664230633328
217728,246,2021-07-27,2021-08-08,13,control,0,0.029586418,0,dept_246_closure_2021-07-27,2021-09-04,2021-09,3,1,,217728|246|2021-07-27,-0.2781935549602418,-0.6733664230633328
218261,246,2021-07-27,2021-08-08,13,treatment,1,0.0028441278,0,dept_246_closure_2021-07-27,2021-09-04,2021-09,3,1,,218261|246|2021-07-27,-0.3049358451602418,-0.6733664230633328
220611,246,2021-07-27,2021-08-08,13,control,0,0.4585377,0,dept_246_closure_2021-07-27,2021-09-04,2021-09,3,1,,220611|246|2021-07-27,0.1507577270397582,-0.6733664230633328
225448,246,2021-07-27,2021-08-08,13,control,0,0.0052057686,0,dept_246_closure_2021-07-27,2021-09-04,2021-09,3,1,,225448|246|2021-07-27,-0.3025742043602418,-0.6733664230633328
225682,246,2021-07-27,2021-08-08,13,control,0,0.001283649,0,dept_246_closure_2021-07-27,2021-09-04,2021-09,3,1,,225682|246|2021-07-27,-0.3064963239602418,-0.6733664230633328
226835,246,2021-07-27,2021-08-08,13,control,0,0.12201637,0,dept_246_closure_2021-07-27,2021-09-04,2021-09,3,1,,226835|246|2021-07-27,-0.1857636029602418,-0.6733664230633328
229636,246,2021-07-27,2021-08-08,13,control,0,0.3207437,0,dept_246_closure_2021-07-27,2021-09-04,2021-09,3,1,0.0,229636|246|2021-07-27,0.012963727039758233,-0.6733664230633328
230132,246,2021-07-27,2021-08-08,13,control,0,0.06859596,0,dept_246_closure_2021-07-27,2021-09-04,2021-09,3,1,,230132|246|2021-07-27,-0.23918401296024178,-0.6733664230633328
233290,246,2021-07-27,2021-08-08,13,control,0,0.52270347,1,dept_246_closure_2021-07-27,2021-09-04,2021-09,3,1,,233290|246|2021-07-27,0.21492349703975816,-0.6733664230633328
233346,246,2021-07-27,2021-08-08,13,control,0,0.00021615047,0,dept_246_closure_2021-07-27,2021-09-04,2021-09,3,1,,233346|246|2021-07-27,-0.3075638224902418,-0.6733664230633328
234672,246,2021-07-27,2021-08-08,13,control,0,0.000580863,0,dept_246_closure_2021-07-27,2021-09-04,2021-09,3,1,,234672|246|2021-07-27,-0.3071991099602418,-0.6733664230633328
236029,246,2021-07-27,2021-08-08,13,control,0,0.040655516,0,dept_246_closure_2021-07-27,2021-09-04,2021-09,3,1,,236029|246|2021-07-27,-0.2671244569602418,-0.6733664230633328
236820,246,2021-07-27,2021-08-08,13,control,0,0.00022939839,0,dept_246_closure_2021-07-27,2021-09-04,2021-09,3,1,,236820|246|2021-07-27,-0.30755057457024176,-0.6733664230633328
236997,246,2021-07-27,2021-08-08,13,control,0,0.36613643,0,dept_246_closure_2021-07-27,2021-09-04,2021-09,3,1,,236997|246|2021-07-27,0.058356457039758225,-0.6733664230633328
237146,246,2021-07-27,2021-08-08,13,control,0,0.61688244,1,dept_246_closure_2021-07-27,2021-09-04,2021-09,3,1,,237146|246|2021-07-27,0.30910246703975824,-0.6733664230633328
237810,246,2021-07-27,2021-08-08,13,control,0,0.005046733,0,dept_246_closure_2021-07-27,2021-09-04,2021-09,3,1,,237810|246|2021-07-27,-0.30273323996024176,-0.6733664230633328
238525,246,2021-07-27,2021-08-08,13,control,0,0.007303511,0,dept_246_closure_2021-07-27,2021-09-04,2021-09,3,1,,238525|246|2021-07-27,-0.3004764619602418,-0.6733664230633328
241338,246,2021-07-27,2021-08-08,13,control,0,0.021715533,0,dept_246_closure_2021-07-27,2021-09-04,2021-09,3,1,,241338|246|2021-07-27,-0.2860644399602418,-0.6733664230633328
241507,246,2021-07-27,2021-08-08,13,control,0,0.20312865,0,dept_246_closure_2021-07-27,2021-09-04,2021-09,3,1,,241507|246|2021-07-27,-0.1046513229602418,-0.6733664230633328
244794,246,2021-07-27,2021-08-08,13,control,0,0.33012336,0,dept_246_closure_2021-07-27,2021-09-04,2021-09,3,1,,244794|246|2021-07-27,0.02234338703975819,-0.6733664230633328
245077,246,2021-07-27,2021-08-08,13,control,0,0.10267958,0,dept_246_closure_2021-07-27,2021-09-04,2021-09,3,1,,245077|246|2021-07-27,-0.2051003929602418,-0.6733664230633328
246094,246,2021-07-27,2021-08-08,13,control,0,0.0079742605,0,dept_246_closure_2021-07-27,2021-09-04,2021-09,3,1,,246094|246|2021-07-27,-0.2998057124602418,-0.6733664230633328
247767,246,2021-07-27,2021-08-08,13,control,0,0.0012259317,0,dept_246_closure_2021-07-27,2021-09-04,2021-09,3,1,,247767|246|2021-07-27,-0.30655404126024177,-0.6733664230633328
249817,246,2021-07-27,2021-08-08,13,treatment,1,0.44966677,0,dept_246_closure_2021-07-27,2021-09-04,2021-09,3,1,,249817|246|2021-07-27,0.1418867970397582,-0.6733664230633328
250542,246,2021-07-27,2021-08-08,13,control,0,0.0035489663,0,dept_246_closure_2021-07-27,2021-09-04,2021-09,3,1,,250542|246|2021-07-27,-0.3042310066602418,-0.6733664230633328
251334,246,2021-07-27,2021-08-08,13,control,0,0.0025421518,0,dept_246_closure_2021-07-27,2021-09-04,2021-09,3,1,,251334|246|2021-07-27,-0.3052378211602418,-0.6733664230633328
252087,246,2021-07-27,2021-08-08,13,control,0,0.8424901,1,dept_246_closure_2021-07-27,2021-09-04,2021-09,3,1,,252087|246|2021-07-27,0.5347101270397583,-0.6733664230633328
252217,246,2021-07-27,2021-08-08,13,control,0,0.7053127,1,dept_246_closure_2021-07-27,2021-09-04,2021-09,3,1,1.0,252217|246|2021-07-27,0.3975327270397582,-0.6733664230633328
255689,246,2021-07-27,2021-08-08,13,control,0,0.55216575,1,dept_246_closure_2021-07-27,2021-09-04,2021-09,3,1,,255689|246|2021-07-27,0.24438577703975822,-0.6733664230633328
255874,246,2021-07-27,2021-08-08,13,control,0,0.078918055,0,dept_246_closure_2021-07-27,2021-09-04,2021-09,3,1,,255874|246|2021-07-27,-0.2288619179602418,-0.6733664230633328
257892,246,2021-07-27,2021-08-08,13,treatment,1,0.09642344,0,dept_246_closure_2021-07-27,2021-09-04,2021-09,3,1,,257892|246|2021-07-27,-0.2113565329602418,-0.6733664230633328
259539,246,2021-07-27,2021-08-08,13,control,0,0.98992246,1,dept_246_closure_2021-07-27,2021-09-04,2021-09,3,1,1.0,259539|246|2021-07-27,0.6821424870397581,-0.6733664230633328
259582,246,2021-07-27,2021-08-08,13,control,0,0.7666549,1,dept_246_closure_2021-07-27,2021-09-04,2021-09,3,1,1.0,259582|246|2021-07-27,0.45887492703975824,-0.6733664230633328
260406,246,2021-07-27,2021-08-08,13,control,0,0.95459735,1,dept_246_closure_2021-07-27,2021-09-04,2021-09,3,1,0.0,260406|246|2021-07-27,0.6468173770397583,-0.6733664230633328
262174,246,2021-07-27,2021-08-08,13,control,0,0.017433695,0,dept_246_closure_2021-07-27,2021-09-04,2021-09,3,1,,262174|246|2021-07-27,-0.2903462779602418,-0.6733664230633328
262226,246,2021-07-27,2021-08-08,13,treatment,1,0.0046343305,0,dept_246_closure_2021-07-27,2021-09-04,2021-09,3,1,,262226|246|2021-07-27,-0.3031456424602418,-0.6733664230633328
262312,246,2021-07-27,2021-08-08,13,treatment,1,0.30028024,0,dept_246_closure_2021-07-27,2021-09-04,2021-09,3,1,,262312|246|2021-07-27,-0.007499732960241812,-0.6733664230633328
262908,246,2021-07-27,2021-08-08,13,control,0,0.0017360738,0,dept_246_closure_2021-07-27,2021-09-04,2021-09,3,1,0.0,262908|246|2021-07-27,-0.3060438991602418,-0.6733664230633328
265383,246,2021-07-27,2021-08-08,13,control,0,0.3692996,0,dept_246_closure_2021-07-27,2021-09-04,2021-09,3,1,,265383|246|2021-07-27,0.06151962703975822,-0.6733664230633328
266110,246,2021-07-27,2021-08-08,13,control,0,0.14823094,0,dept_246_closure_2021-07-27,2021-09-04,2021-09,3,1,,266110|246|2021-07-27,-0.15954903296024178,-0.6733664230633328
267323,246,2021-07-27,2021-08-08,13,control,0,0.009151967,0,dept_246_closure_2021-07-27,2021-09-04,2021-09,3,1,0.5,267323|246|2021-07-27,-0.2986280059602418,-0.6733664230633328
271753,246,2021-07-27,2021-08-08,13,control,0,0.70104194,1,dept_246_closure_2021-07-27,2021-09-04,2021-09,3,1,0.3333333333333333,271753|246|2021-07-27,0.3932619670397582,-0.6733664230633328
272325,246,2021-07-27,2021-08-08,13,control,0,0.03747098,0,dept_246_closure_2021-07-27,2021-09-04,2021-09,3,1,,272325|246|2021-07-27,-0.2703089929602418,-0.6733664230633328
274118,246,2021-07-27,2021-08-08,13,control,0,0.16955857,0,dept_246_closure_2021-07-27,2021-09-04,2021-09,3,1,,274118|246|2021-07-27,-0.1382214029602418,-0.6733664230633328
274812,246,2021-07-27,2021-08-08,13,control,0,0.009415506,0,dept_246_closure_2021-07-27,2021-09-04,2021-09,3,1,,274812|246|2021-07-27,-0.29836446696024177,-0.6733664230633328
277601,246,2021-07-27,2021-08-08,13,treatment,1,0.1419399,0,dept_246_closure_2021-07-27,2021-09-04,2021-09,3,1,0.0,277601|246|2021-07-27,-0.16584007296024178,-0.6733664230633328
280469,246,2021-07-27,2021-08-08,13,control,0,0.0043828194,0,dept_246_closure_2021-07-27,2021-09-04,2021-09,3,1,,280469|246|2021-07-27,-0.3033971535602418,-0.6733664230633328
283701,246,2021-07-27,2021-08-08,13,control,0,0.001436328,0,dept_246_closure_2021-07-27,2021-09-04,2021-09,3,1,,283701|246|2021-07-27,-0.3063436449602418,-0.6733664230633328
284315,246,2021-07-27,2021-08-08,13,control,0,0.4202311,0,dept_246_closure_2021-07-27,2021-09-04,2021-09,3,1,1.0,284315|246|2021-07-27,0.11245112703975824,-0.6733664230633328
285033,246,2021-07-27,2021-08-08,13,treatment,1,0.00620761,0,dept_246_closure_2021-07-27,2021-09-04,2021-09,3,1,,285033|246|2021-07-27,-0.3015723629602418,-0.6733664230633328
285046,246,2021-07-27,2021-08-08,13,control,0,0.0044367714,0,dept_246_closure_2021-07-27,2021-09-04,2021-09,3,1,,285046|246|2021-07-27,-0.3033432015602418,-0.6733664230633328
285633,246,2021-07-27,2021-08-08,13,control,0,0.43627,0,dept_246_closure_2021-07-27,2021-09-04,2021-09,3,1,,285633|246|2021-07-27,0.1284900270397582,-0.6733664230633328
286482,246,2021-07-27,2021-08-08,13,control,0,0.02225262,0,dept_246_closure_2021-07-27,2021-09-04,2021-09,3,1,1.0,286482|246|2021-07-27,-0.2855273529602418,-0.6733664230633328
286653,246,2021-07-27,2021-08-08,13,control,0,0.0026606242,0,dept_246_closure_2021-07-27,2021-09-04,2021-09,3,1,,286653|246|2021-07-27,-0.30511934876024177,-0.6733664230633328
286897,246,2021-07-27,2021-08-08,13,control,0,0.16014734,0,dept_246_closure_2021-07-27,2021-09-04,2021-09,3,1,,286897|246|2021-07-27,-0.1476326329602418,-0.6733664230633328
287010,246,2021-07-27,2021-08-08,13,treatment,1,0.009861909,0,dept_246_closure_2021-07-27,2021-09-04,2021-09,3,1,,287010|246|2021-07-27,-0.2979180639602418,-0.6733664230633328
287756,246,2021-07-27,2021-08-08,13,treatment,1,0.28949228,0,dept_246_closure_2021-07-27,2021-09-04,2021-09,3,1,,287756|246|2021-07-27,-0.018287692960241797,-0.6733664230633328
288337,246,2021-07-27,2021-08-08,13,treatment,1,0.22882752,0,dept_246_closure_2021-07-27,2021-09-04,2021-09,3,1,1.0,288337|246|2021-07-27,-0.07895245296024178,-0.6733664230633328
288975,246,2021-07-27,2021-08-08,13,control,0,0.492053,0,dept_246_closure_2021-07-27,2021-09-04,2021-09,3,1,,288975|246|2021-07-27,0.18427302703975823,-0.6733664230633328
288983,246,2021-07-27,2021-08-08,13,control,0,0.2496914,0,dept_246_closure_2021-07-27,2021-09-04,2021-09,3,1,,288983|246|2021-07-27,-0.05808857296024178,-0.6733664230633328
290365,246,2021-07-27,2021-08-08,13,control,0,0.10970233,0,dept_246_closure_2021-07-27,2021-09-04,2021-09,3,1,,290365|246|2021-07-27,-0.19807764296024177,-0.6733664230633328
298986,246,2021-07-27,2021-08-08,13,treatment,1,0.04026596,0,dept_246_closure_2021-07-27,2021-09-04,2021-09,3,1,,298986|246|2021-07-27,-0.2675140129602418,-0.6733664230633328
301762,246,2021-07-27,2021-08-08,13,control,0,0.7357581,1,dept_246_closure_2021-07-27,2021-09-04,2021-09,3,1,,301762|246|2021-07-27,0.4279781270397582,-0.6733664230633328
304979,246,2021-07-27,2021-08-08,13,control,0,0.09525018,0,dept_246_closure_2021-07-27,2021-09-04,2021-09,3,1,,304979|246|2021-07-27,-0.21252979296024177,-0.6733664230633328
307417,246,2021-07-27,2021-08-08,13,control,0,0.9599353,1,dept_246_closure_2021-07-27,2021-09-04,2021-09,3,1,0.0,307417|246|2021-07-27,0.6521553270397582,-0.6733664230633328
309461,246,2021-07-27,2021-08-08,13,control,0,0.44486257,0,dept_246_closure_2021-07-27,2021-09-04,2021-09,3,1,,309461|246|2021-07-27,0.13708259703975822,-0.6733664230633328
313013,246,2021-07-27,2021-08-08,13,control,0,0.2960066,0,dept_246_closure_2021-07-27,2021-09-04,2021-09,3,1,,313013|246|2021-07-27,-0.01177337296024178,-0.6733664230633328
313212,246,2021-07-27,2021-08-08,13,control,0,0.5962742,1,dept_246_closure_2021-07-27,2021-09-04,2021-09,3,1,,313212|246|2021-07-27,0.2884942270397582,-0.6733664230633328
316936,246,2021-07-27,2021-08-08,13,control,0,0.0037791403,0,dept_246_closure_2021-07-27,2021-09-04,2021-09,3,1,,316936|246|2021-07-27,-0.3040008326602418,-0.6733664230633328
317316,246,2021-07-27,2021-08-08,13,control,0,0.85932696,1,dept_246_closure_2021-07-27,2021-09-04,2021-09,3,1,,317316|246|2021-07-27,0.5515469870397582,-0.6733664230633328
319362,246,2021-07-27,2021-08-08,13,control,0,0.054192737,0,dept_246_closure_2021-07-27,2021-09-04,2021-09,3,1,,319362|246|2021-07-27,-0.2535872359602418,-0.6733664230633328
319378,246,2021-07-27,2021-08-08,13,control,0,0.0054719755,0,dept_246_closure_2021-07-27,2021-09-04,2021-09,3,1,,319378|246|2021-07-27,-0.3023079974602418,-0.6733664230633328
321260,246,2021-07-27,2021-08-08,13,control,0,0.8903487,1,dept_246_closure_2021-07-27,2021-09-04,2021-09,3,1,,321260|246|2021-07-27,0.5825687270397581,-0.6733664230633328
330118,246,2021-07-27,2021-08-08,13,control,0,0.02843772,0,dept_246_closure_2021-07-27,2021-09-04,2021-09,3,1,,330118|246|2021-07-27,-0.2793422529602418,-0.6733664230633328
331482,246,2021-07-27,2021-08-08,13,treatment,1,0.001361551,0,dept_246_closure_2021-07-27,2021-09-04,2021-09,3,1,,331482|246|2021-07-27,-0.30641842196024177,-0.6733664230633328
333622,246,2021-07-27,2021-08-08,13,control,0,0.9366751,1,dept_246_closure_2021-07-27,2021-09-04,2021-09,3,1,,333622|246|2021-07-27,0.6288951270397583,-0.6733664230633328
334962,246,2021-07-27,2021-08-08,13,control,0,0.08659036,0,dept_246_closure_2021-07-27,2021-09-04,2021-09,3,1,,334962|246|2021-07-27,-0.22118961296024178,-0.6733664230633328
335068,246,2021-07-27,2021-08-08,13,treatment,1,0.009978552,0,dept_246_closure_2021-07-27,2021-09-04,2021-09,3,1,,335068|246|2021-07-27,-0.2978014209602418,-0.6733664230633328
338562,246,2021-07-27,2021-08-08,13,treatment,1,0.017088,0,dept_246_closure_2021-07-27,2021-09-04,2021-09,3,1,0.6666666666666666,338562|246|2021-07-27,-0.2906919729602418,-0.6733664230633328
338823,246,2021-07-27,2021-08-08,13,control,0,0.014918992,0,dept_246_closure_2021-07-27,2021-09-04,2021-09,3,1,,338823|246|2021-07-27,-0.29286098096024177,-0.6733664230633328
339792,246,2021-07-27,2021-08-08,13,control,0,0.8495822,1,dept_246_closure_2021-07-27,2021-09-04,2021-09,3,1,,339792|246|2021-07-27,0.5418022270397582,-0.6733664230633328
341957,246,2021-07-27,2021-08-08,13,control,0,0.0035954094,0,dept_246_closure_2021-07-27,2021-09-04,2021-09,3,1,,341957|246|2021-07-27,-0.30418456356024176,-0.6733664230633328
344830,246,2021-07-27,2021-08-08,13,control,0,0.052282482,0,dept_246_closure_2021-07-27,2021-09-04,2021-09,3,1,,344830|246|2021-07-27,-0.25549749096024177,-0.6733664230633328
345539,246,2021-07-27,2021-08-08,13,control,0,0.00086524605,0,dept_246_closure_2021-07-27,2021-09-04,2021-09,3,1,,345539|246|2021-07-27,-0.3069147269102418,-0.6733664230633328
345625,246,2021-07-27,2021-08-08,13,control,0,0.018565921,0,dept_246_closure_2021-07-27,2021-09-04,2021-09,3,1,,345625|246|2021-07-27,-0.2892140519602418,-0.6733664230633328
347325,246,2021-07-27,2021-08-08,13,control,0,0.0043380465,0,dept_246_closure_2021-07-27,2021-09-04,2021-09,3,1,,347325|246|2021-07-27,-0.30344192646024176,-0.6733664230633328
350016,246,2021-07-27,2021-08-08,13,control,0,0.6836625,1,dept_246_closure_2021-07-27,2021-09-04,2021-09,3,1,1.0,350016|246|2021-07-27,0.37588252703975816,-0.6733664230633328
355134,246,2021-07-27,2021-08-08,13,control,0,0.0044010277,0,dept_246_closure_2021-07-27,2021-09-04,2021-09,3,1,,355134|246|2021-07-27,-0.3033789452602418,-0.6733664230633328
355269,246,2021-07-27,2021-08-08,13,control,0,0.016801858,0,dept_246_closure_2021-07-27,2021-09-04,2021-09,3,1,,355269|246|2021-07-27,-0.2909781149602418,-0.6733664230633328
357111,246,2021-07-27,2021-08-08,13,control,0,0.23188306,0,dept_246_closure_2021-07-27,2021-09-04,2021-09,3,1,1.0,357111|246|2021-07-27,-0.07589691296024179,-0.6733664230633328
359844,246,2021-07-27,2021-08-08,13,control,0,0.52867234,1,dept_246_closure_2021-07-27,2021-09-04,2021-09,3,1,,359844|246|2021-07-27,0.22089236703975818,-0.6733664230633328
365341,246,2021-07-27,2021-08-08,13,control,0,0.13278699,0,dept_246_closure_2021-07-27,2021-09-04,2021-09,3,1,,365341|246|2021-07-27,-0.1749929829602418,-0.6733664230633328
370044,246,2021-07-27,2021-08-08,13,control,0,0.0035498582,0,dept_246_closure_2021-07-27,2021-09-04,2021-09,3,1,,370044|246|2021-07-27,-0.3042301147602418,-0.6733664230633328
371221,246,2021-07-27,2021-08-08,13,control,0,0.99873716,1,dept_246_closure_2021-07-27,2021-09-04,2021-09,3,1,0.5,371221|246|2021-07-27,0.6909571870397582,-0.6733664230633328
372747,246,2021-07-27,2021-08-08,13,control,0,0.0048901043,0,dept_246_closure_2021-07-27,2021-09-04,2021-09,3,1,,372747|246|2021-07-27,-0.3028898686602418,-0.6733664230633328
375645,246,2021-07-27,2021-08-08,13,control,0,0.37152928,0,dept_246_closure_2021-07-27,2021-09-04,2021-09,3,1,,375645|246|2021-07-27,0.06374930703975823,-0.6733664230633328
378407,246,2021-07-27,2021-08-08,13,treatment,1,0.29822764,0,dept_246_closure_2021-07-27,2021-09-04,2021-09,3,1,1.0,378407|246|2021-07-27,-0.009552332960241772,-0.6733664230633328
379838,246,2021-07-27,2021-08-08,13,control,0,0.012882659,0,dept_246_closure_2021-07-27,2021-09-04,2021-09,3,1,,379838|246|2021-07-27,-0.29489731396024177,-0.6733664230633328
384650,246,2021-07-27,2021-08-08,13,treatment,1,0.5255844,1,dept_246_closure_2021-07-27,2021-09-04,2021-09,3,1,,384650|246|2021-07-27,0.21780442703975816,-0.6733664230633328
385192,246,2021-07-27,2021-08-08,13,treatment,1,0.0069333566,0,dept_246_closure_2021-07-27,2021-09-04,2021-09,3,1,,385192|246|2021-07-27,-0.3008466163602418,-0.6733664230633328
385301,246,2021-07-27,2021-08-08,13,treatment,1,0.0020563663,0,dept_246_closure_2021-07-27,2021-09-04,2021-09,3,1,,385301|246|2021-07-27,-0.3057236066602418,-0.6733664230633328
390094,246,2021-07-27,2021-08-08,13,control,0,0.6938326,1,dept_246_closure_2021-07-27,2021-09-04,2021-09,3,1,,390094|246|2021-07-27,0.38605262703975823,-0.6733664230633328
394241,246,2021-07-27,2021-08-08,13,control,0,0.0024767357,0,dept_246_closure_2021-07-27,2021-09-04,2021-09,3,1,,394241|246|2021-07-27,-0.3053032372602418,-0.6733664230633328
398720,246,2021-07-27,2021-08-08,13,control,0,0.10058723,0,dept_246_closure_2021-07-27,2021-09-04,2021-09,3,1,,398720|246|2021-07-27,-0.2071927429602418,-0.6733664230633328
399165,246,2021-07-27,2021-08-08,13,treatment,1,0.01611269,0,dept_246_closure_2021-07-27,2021-09-04,2021-09,3,1,,399165|246|2021-07-27,-0.2916672829602418,-0.6733664230633328
400356,246,2021-07-27,2021-08-08,13,control,0,0.5050747,1,dept_246_closure_2021-07-27,2021-09-04,2021-09,3,1,,400356|246|2021-07-27,0.1972947270397582,-0.6733664230633328
403400,246,2021-07-27,2021-08-08,13,control,0,0.06201131,0,dept_246_closure_2021-07-27,2021-09-04,2021-09,3,1,1.0,403400|246|2021-07-27,-0.2457686629602418,-0.6733664230633328
403978,246,2021-07-27,2021-08-08,13,control,0,0.015248471,0,dept_246_closure_2021-07-27,2021-09-04,2021-09,3,1,,403978|246|2021-07-27,-0.2925315019602418,-0.6733664230633328
406351,246,2021-07-27,2021-08-08,13,control,0,0.9433126,1,dept_246_closure_2021-07-27,2021-09-04,2021-09,3,1,0.5,406351|246|2021-07-27,0.6355326270397581,-0.6733664230633328
411042,246,2021-07-27,2021-08-08,13,control,0,0.0035023398,0,dept_246_closure_2021-07-27,2021-09-04,2021-09,3,1,0.0,411042|246|2021-07-27,-0.3042776331602418,-0.6733664230633328
413597,246,2021-07-27,2021-08-08,13,treatment,1,0.033977475,0,dept_246_closure_2021-07-27,2021-09-04,2021-09,3,1,,413597|246|2021-07-27,-0.2738024979602418,-0.6733664230633328
416998,246,2021-07-27,2021-08-08,13,control,0,0.0013396153,0,dept_246_closure_2021-07-27,2021-09-04,2021-09,3,1,,416998|246|2021-07-27,-0.3064403576602418,-0.6733664230633328
417897,246,2021-07-27,2021-08-08,13,control,0,0.5677011,1,dept_246_closure_2021-07-27,2021-09-04,2021-09,3,1,,417897|246|2021-07-27,0.25992112703975817,-0.6733664230633328
419836,246,2021-07-27,2021-08-08,13,control,0,0.40988797,0,dept_246_closure_2021-07-27,2021-09-04,2021-09,3,1,,419836|246|2021-07-27,0.1021079970397582,-0.6733664230633328
423045,246,2021-07-27,2021-08-08,13,control,0,0.944171,1,dept_246_closure_2021-07-27,2021-09-04,2021-09,3,1,,423045|246|2021-07-27,0.6363910270397581,-0.6733664230633328
424548,246,2021-07-27,2021-08-08,13,control,0,0.7207846,1,dept_246_closure_2021-07-27,2021-09-04,2021-09,3,1,,424548|246|2021-07-27,0.4130046270397582,-0.6733664230633328
431076,246,2021-07-27,2021-08-08,13,control,0,0.031024417,0,dept_246_closure_2021-07-27,2021-09-04,2021-09,3,1,,431076|246|2021-07-27,-0.2767555559602418,-0.6733664230633328
431105,246,2021-07-27,2021-08-08,13,treatment,1,0.06195705,0,dept_246_closure_2021-07-27,2021-09-04,2021-09,3,1,,431105|246|2021-07-27,-0.24582292296024177,-0.6733664230633328
432796,246,2021-07-27,2021-08-08,13,control,0,0.010759436,0,dept_246_closure_2021-07-27,2021-09-04,2021-09,3,1,,432796|246|2021-07-27,-0.2970205369602418,-0.6733664230633328
434128,246,2021-07-27,2021-08-08,13,control,0,0.16260657,0,dept_246_closure_2021-07-27,2021-09-04,2021-09,3,1,1.0,434128|246|2021-07-27,-0.14517340296024178,-0.6733664230633328
439016,246,2021-07-27,2021-08-08,13,control,0,0.00097234204,0,dept_246_closure_2021-07-27,2021-09-04,2021-09,3,1,,439016|246|2021-07-27,-0.30680763092024177,-0.6733664230633328
439415,246,2021-07-27,2021-08-08,13,treatment,1,0.00854473,0,dept_246_closure_2021-07-27,2021-09-04,2021-09,3,1,,439415|246|2021-07-27,-0.2992352429602418,-0.6733664230633328
440301,246,2021-07-27,2021-08-08,13,control,0,0.7762471,1,dept_246_closure_2021-07-27,2021-09-04,2021-09,3,1,0.2,440301|246|2021-07-27,0.4684671270397582,-0.6733664230633328
441807,246,2021-07-27,2021-08-08,13,treatment,1,0.007342132,0,dept_246_closure_2021-07-27,2021-09-04,2021-09,3,1,,441807|246|2021-07-27,-0.3004378409602418,-0.6733664230633328
441960,246,2021-07-27,2021-08-08,13,treatment,1,0.06911523,0,dept_246_closure_2021-07-27,2021-09-04,2021-09,3,1,0.0,441960|246|2021-07-27,-0.2386647429602418,-0.6733664230633328
442347,246,2021-07-27,2021-08-08,13,control,0,0.4125593,0,dept_246_closure_2021-07-27,2021-09-04,2021-09,3,1,0.0,442347|246|2021-07-27,0.10477932703975823,-0.6733664230633328
442951,246,2021-07-27,2021-08-08,13,control,0,0.08055308,0,dept_246_closure_2021-07-27,2021-09-04,2021-09,3,1,0.8,442951|246|2021-07-27,-0.2272268929602418,-0.6733664230633328
443224,246,2021-07-27,2021-08-08,13,control,0,0.012283262,0,dept_246_closure_2021-07-27,2021-09-04,2021-09,3,1,,443224|246|2021-07-27,-0.29549671096024177,-0.6733664230633328
444724,246,2021-07-27,2021-08-08,13,control,0,0.31141287,0,dept_246_closure_2021-07-27,2021-09-04,2021-09,3,1,,444724|246|2021-07-27,0.0036328970397582205,-0.6733664230633328
446139,246,2021-07-27,2021-08-08,13,treatment,1,0.01199333,0,dept_246_closure_2021-07-27,2021-09-04,2021-09,3,1,,446139|246|2021-07-27,-0.29578664296024176,-0.6733664230633328
449149,246,2021-07-27,2021-08-08,13,control,0,0.023524707,0,dept_246_closure_2021-07-27,2021-09-04,2021-09,3,1,,449149|246|2021-07-27,-0.2842552659602418,-0.6733664230633328
450011,246,2021-07-27,2021-08-08,13,treatment,1,0.07574345,0,dept_246_closure_2021-07-27,2021-09-04,2021-09,3,1,,450011|246|2021-07-27,-0.2320365229602418,-0.6733664230633328
450376,246,2021-07-27,2021-08-08,13,control,0,0.9690146,1,dept_246_closure_2021-07-27,2021-09-04,2021-09,3,1,1.0,450376|246|2021-07-27,0.6612346270397582,-0.6733664230633328
452100,246,2021-07-27,2021-08-08,13,control,0,0.004648191,0,dept_246_closure_2021-07-27,2021-09-04,2021-09,3,1,,452100|246|2021-07-27,-0.30313178196024176,-0.6733664230633328
452195,246,2021-07-27,2021-08-08,13,control,0,0.19528177,0,dept_246_closure_2021-07-27,2021-09-04,2021-09,3,1,,452195|246|2021-07-27,-0.1124982029602418,-0.6733664230633328
452907,246,2021-07-27,2021-08-08,13,control,0,0.010661791,0,dept_246_closure_2021-07-27,2021-09-04,2021-09,3,1,,452907|246|2021-07-27,-0.2971181819602418,-0.6733664230633328
453025,246,2021-07-27,2021-08-08,13,control,0,0.14658046,0,dept_246_closure_2021-07-27,2021-09-04,2021-09,3,1,,453025|246|2021-07-27,-0.1611995129602418,-0.6733664230633328
453038,246,2021-07-27,2021-08-08,13,control,0,0.2722325,0,dept_246_closure_2021-07-27,2021-09-04,2021-09,3,1,,453038|246|2021-07-27,-0.0355474729602418,-0.6733664230633328
453665,246,2021-07-27,2021-08-08,13,control,0,0.009102977,0,dept_246_closure_2021-07-27,2021-09-04,2021-09,3,1,,453665|246|2021-07-27,-0.2986769959602418,-0.6733664230633328
454818,246,2021-07-27,2021-08-08,13,control,0,0.007638136,0,dept_246_closure_2021-07-27,2021-09-04,2021-09,3,1,,454818|246|2021-07-27,-0.30014183696024177,-0.6733664230633328
454884,246,2021-07-27,2021-08-08,13,control,0,0.002269149,0,dept_246_closure_2021-07-27,2021-09-04,2021-09,3,1,,454884|246|2021-07-27,-0.30551082396024176,-0.6733664230633328
455289,246,2021-07-27,2021-08-08,13,control,0,0.028846227,0,dept_246_closure_2021-07-27,2021-09-04,2021-09,3,1,,455289|246|2021-07-27,-0.2789337459602418,-0.6733664230633328
456094,246,2021-07-27,2021-08-08,13,control,0,0.18711595,0,dept_246_closure_2021-07-27,2021-09-04,2021-09,3,1,,456094|246|2021-07-27,-0.12066402296024178,-0.6733664230633328
458984,246,2021-07-27,2021-08-08,13,control,0,0.9810481,1,dept_246_closure_2021-07-27,2021-09-04,2021-09,3,1,0.5,458984|246|2021-07-27,0.6732681270397582,-0.6733664230633328
459841,246,2021-07-27,2021-08-08,13,control,0,0.0005614279,0,dept_246_closure_2021-07-27,2021-09-04,2021-09,3,1,,459841|246|2021-07-27,-0.30721854506024177,-0.6733664230633328
461467,246,2021-07-27,2021-08-08,13,control,0,0.009364551,0,dept_246_closure_2021-07-27,2021-09-04,2021-09,3,1,,461467|246|2021-07-27,-0.2984154219602418,-0.6733664230633328
461932,246,2021-07-27,2021-08-08,13,control,0,0.09253036,0,dept_246_closure_2021-07-27,2021-09-04,2021-09,3,1,,461932|246|2021-07-27,-0.21524961296024178,-0.6733664230633328
468637,246,2021-07-27,2021-08-08,13,control,0,0.0082636215,0,dept_246_closure_2021-07-27,2021-09-04,2021-09,3,1,,468637|246|2021-07-27,-0.2995163514602418,-0.6733664230633328
468990,246,2021-07-27,2021-08-08,13,control,0,0.0036695665,0,dept_246_closure_2021-07-27,2021-09-04,2021-09,3,1,0.0,468990|246|2021-07-27,-0.3041104064602418,-0.6733664230633328
470518,246,2021-07-27,2021-08-08,13,control,0,0.322585,0,dept_246_closure_2021-07-27,2021-09-04,2021-09,3,1,,470518|246|2021-07-27,0.014805027039758223,-0.6733664230633328
470834,246,2021-07-27,2021-08-08,13,control,0,0.000823228,0,dept_246_closure_2021-07-27,2021-09-04,2021-09,3,1,,470834|246|2021-07-27,-0.3069567449602418,-0.6733664230633328
476923,246,2021-07-27,2021-08-08,13,control,0,0.03176959,0,dept_246_closure_2021-07-27,2021-09-04,2021-09,3,1,0.0,476923|246|2021-07-27,-0.2760103829602418,-0.6733664230633328
477028,246,2021-07-27,2021-08-08,13,control,0,0.042944282,0,dept_246_closure_2021-07-27,2021-09-04,2021-09,3,1,1.0,477028|246|2021-07-27,-0.2648356909602418,-0.6733664230633328
480298,246,2021-07-27,2021-08-08,13,treatment,1,0.13048448,0,dept_246_closure_2021-07-27,2021-09-04,2021-09,3,1,,480298|246|2021-07-27,-0.17729549296024177,-0.6733664230633328
480324,246,2021-07-27,2021-08-08,13,control,0,0.46218455,0,dept_246_closure_2021-07-27,2021-09-04,2021-09,3,1,1.0,480324|246|2021-07-27,0.15440457703975824,-0.6733664230633328
484536,246,2021-07-27,2021-08-08,13,control,0,0.01640969,0,dept_246_closure_2021-07-27,2021-09-04,2021-09,3,1,,484536|246|2021-07-27,-0.2913702829602418,-0.6733664230633328
491245,246,2021-07-27,2021-08-08,13,treatment,1,0.40913373,0,dept_246_closure_2021-07-27,2021-09-04,2021-09,3,1,,491245|246|2021-07-27,0.10135375703975819,-0.6733664230633328
495255,246,2021-07-27,2021-08-08,13,control,0,0.5636729,1,dept_246_closure_2021-07-27,2021-09-04,2021-09,3,1,0.0,495255|246|2021-07-27,0.25589292703975824,-0.6733664230633328
495653,246,2021-07-27,2021-08-08,13,control,0,0.01161271,0,dept_246_closure_2021-07-27,2021-09-04,2021-09,3,1,,495653|246|2021-07-27,-0.29616726296024176,-0.6733664230633328
500432,246,2021-07-27,2021-08-08,13,treatment,1,0.0071476568,0,dept_246_closure_2021-07-27,2021-09-04,2021-09,3,1,,500432|246|2021-07-27,-0.3006323161602418,-0.6733664230633328
501027,246,2021-07-27,2021-08-08,13,control,0,0.07780795,0,dept_246_closure_2021-07-27,2021-09-04,2021-09,3,1,,501027|246|2021-07-27,-0.22997202296024177,-0.6733664230633328
501671,246,2021-07-27,2021-08-08,13,control,0,0.006003442,0,dept_246_closure_2021-07-27,2021-09-04,2021-09,3,1,0.0,501671|246|2021-07-27,-0.30177653096024176,-0.6733664230633328
505404,246,2021-07-27,2021-08-08,13,control,0,0.0010926963,0,dept_246_closure_2021-07-27,2021-09-04,2021-09,3,1,,505404|246|2021-07-27,-0.3066872766602418,-0.6733664230633328
507059,246,2021-07-27,2021-08-08,13,control,0,0.038536042,0,dept_246_closure_2021-07-27,2021-09-04,2021-09,3,1,,507059|246|2021-07-27,-0.2692439309602418,-0.6733664230633328
515135,246,2021-07-27,2021-08-08,13,control,0,0.77358234,1,dept_246_closure_2021-07-27,2021-09-04,2021-09,3,1,,515135|246|2021-07-27,0.46580236703975825,-0.6733664230633328
516387,246,2021-07-27,2021-08-08,13,control,0,0.54751676,1,dept_246_closure_2021-07-27,2021-09-04,2021-09,3,1,1.0,516387|246|2021-07-27,0.23973678703975826,-0.6733664230633328
516947,246,2021-07-27,2021-08-08,13,control,0,0.0024468016,0,dept_246_closure_2021-07-27,2021-09-04,2021-09,3,1,,516947|246|2021-07-27,-0.3053331713602418,-0.6733664230633328
518073,246,2021-07-27,2021-08-08,13,control,0,0.0034049528,0,dept_246_closure_2021-07-27,2021-09-04,2021-09,3,1,,518073|246|2021-07-27,-0.30437502016024176,-0.6733664230633328
522473,246,2021-07-27,2021-08-08,13,control,0,0.006477041,0,dept_246_closure_2021-07-27,2021-09-04,2021-09,3,1,,522473|246|2021-07-27,-0.30130293196024177,-0.6733664230633328
522888,246,2021-07-27,2021-08-08,13,control,0,0.46438572,0,dept_246_closure_2021-07-27,2021-09-04,2021-09,3,1,1.0,522888|246|2021-07-27,0.15660574703975821,-0.6733664230633328
523756,246,2021-07-27,2021-08-08,13,control,0,0.08249825,0,dept_246_closure_2021-07-27,2021-09-04,2021-09,3,1,,523756|246|2021-07-27,-0.2252817229602418,-0.6733664230633328
524242,246,2021-07-27,2021-08-08,13,control,0,0.24817444,0,dept_246_closure_2021-07-27,2021-09-04,2021-09,3,1,,524242|246|2021-07-27,-0.05960553296024179,-0.6733664230633328
525088,246,2021-07-27,2021-08-08,13,control,0,0.010470928,0,dept_246_closure_2021-07-27,2021-09-04,2021-09,3,1,1.0,525088|246|2021-07-27,-0.2973090449602418,-0.6733664230633328
525089,246,2021-07-27,2021-08-08,13,control,0,0.3218755,0,dept_246_closure_2021-07-27,2021-09-04,2021-09,3,1,,525089|246|2021-07-27,0.014095527039758193,-0.6733664230633328
526993,246,2021-07-27,2021-08-08,13,control,0,0.041271646,0,dept_246_closure_2021-07-27,2021-09-04,2021-09,3,1,,526993|246|2021-07-27,-0.2665083269602418,-0.6733664230633328
527214,246,2021-07-27,2021-08-08,13,control,0,0.31292325,0,dept_246_closure_2021-07-27,2021-09-04,2021-09,3,1,,527214|246|2021-07-27,0.005143277039758198,-0.6733664230633328
527928,246,2021-07-27,2021-08-08,13,control,0,0.005893473,0,dept_246_closure_2021-07-27,2021-09-04,2021-09,3,1,,527928|246|2021-07-27,-0.3018864999602418,-0.6733664230633328
529562,246,2021-07-27,2021-08-08,13,control,0,0.17627233,0,dept_246_closure_2021-07-27,2021-09-04,2021-09,3,1,,529562|246|2021-07-27,-0.13150764296024178,-0.6733664230633328
531816,246,2021-07-27,2021-08-08,13,control,0,0.52069277,1,dept_246_closure_2021-07-27,2021-09-04,2021-09,3,1,0.3333333333333333,531816|246|2021-07-27,0.21291279703975824,-0.6733664230633328
534802,246,2021-07-27,2021-08-08,13,control,0,0.017343024,0,dept_246_closure_2021-07-27,2021-09-04,2021-09,3,1,,534802|246|2021-07-27,-0.2904369489602418,-0.6733664230633328
535612,246,2021-07-27,2021-08-08,13,control,0,0.00053973676,0,dept_246_closure_2021-07-27,2021-09-04,2021-09,3,1,,535612|246|2021-07-27,-0.30724023620024177,-0.6733664230633328
536411,246,2021-07-27,2021-08-08,13,control,0,0.050159402,0,dept_246_closure_2021-07-27,2021-09-04,2021-09,3,1,,536411|246|2021-07-27,-0.25762057096024177,-0.6733664230633328
537954,246,2021-07-27,2021-08-08,13,control,0,0.16031921,0,dept_246_closure_2021-07-27,2021-09-04,2021-09,3,1,0.0,537954|246|2021-07-27,-0.1474607629602418,-0.6733664230633328
538089,246,2021-07-27,2021-08-08,13,control,0,0.13539918,0,dept_246_closure_2021-07-27,2021-09-04,2021-09,3,1,,538089|246|2021-07-27,-0.17238079296024178,-0.6733664230633328
542794,246,2021-07-27,2021-08-08,13,control,0,0.5084093,1,dept_246_closure_2021-07-27,2021-09-04,2021-09,3,1,,542794|246|2021-07-27,0.20062932703975817,-0.6733664230633328
543055,246,2021-07-27,2021-08-08,13,control,0,0.0135525465,0,dept_246_closure_2021-07-27,2021-09-04,2021-09,3,1,,543055|246|2021-07-27,-0.2942274264602418,-0.6733664230633328
543648,246,2021-07-27,2021-08-08,13,control,0,0.0039488655,0,dept_246_closure_2021-07-27,2021-09-04,2021-09,3,1,,543648|246|2021-07-27,-0.3038311074602418,-0.6733664230633328
545023,246,2021-07-27,2021-08-08,13,control,0,0.009715581,0,dept_246_closure_2021-07-27,2021-09-04,2021-09,3,1,,545023|246|2021-07-27,-0.2980643919602418,-0.6733664230633328
545692,246,2021-07-27,2021-08-08,13,control,0,0.0008134581,0,dept_246_closure_2021-07-27,2021-09-04,2021-09,3,1,,545692|246|2021-07-27,-0.3069665148602418,-0.6733664230633328
545694,246,2021-07-27,2021-08-08,13,control,0,0.0005715896,0,dept_246_closure_2021-07-27,2021-09-04,2021-09,3,1,,545694|246|2021-07-27,-0.3072083833602418,-0.6733664230633328
545758,246,2021-07-27,2021-08-08,13,control,0,0.71061146,1,dept_246_closure_2021-07-27,2021-09-04,2021-09,3,1,,545758|246|2021-07-27,0.4028314870397582,-0.6733664230633328
546891,246,2021-07-27,2021-08-08,13,control,0,0.07180334,0,dept_246_closure_2021-07-27,2021-09-04,2021-09,3,1,,546891|246|2021-07-27,-0.2359766329602418,-0.6733664230633328
548191,246,2021-07-27,2021-08-08,13,control,0,0.24172111,0,dept_246_closure_2021-07-27,2021-09-04,2021-09,3,1,,548191|246|2021-07-27,-0.0660588629602418,-0.6733664230633328
549711,246,2021-07-27,2021-08-08,13,treatment,1,0.0021731849,0,dept_246_closure_2021-07-27,2021-09-04,2021-09,3,1,,549711|246|2021-07-27,-0.3056067880602418,-0.6733664230633328
553155,246,2021-07-27,2021-08-08,13,control,0,0.83945435,1,dept_246_closure_2021-07-27,2021-09-04,2021-09,3,1,0.75,553155|246|2021-07-27,0.5316743770397583,-0.6733664230633328
553525,246,2021-07-27,2021-08-08,13,control,0,0.008986299,0,dept_246_closure_2021-07-27,2021-09-04,2021-09,3,1,,553525|246|2021-07-27,-0.2987936739602418,-0.6733664230633328
555770,246,2021-07-27,2021-08-08,13,treatment,1,0.010941439,0,dept_246_closure_2021-07-27,2021-09-04,2021-09,3,1,,555770|246|2021-07-27,-0.2968385339602418,-0.6733664230633328
555771,246,2021-07-27,2021-08-08,13,treatment,1,0.0842387,0,dept_246_closure_2021-07-27,2021-09-04,2021-09,3,1,0.75,555771|246|2021-07-27,-0.2235412729602418,-0.6733664230633328
555774,246,2021-07-27,2021-08-08,13,treatment,1,0.008043327,0,dept_246_closure_2021-07-27,2021-09-04,2021-09,3,1,,555774|246|2021-07-27,-0.2997366459602418,-0.6733664230633328
555775,246,2021-07-27,2021-08-08,13,treatment,1,0.08296541,0,dept_246_closure_2021-07-27,2021-09-04,2021-09,3,1,,555775|246|2021-07-27,-0.22481456296024177,-0.6733664230633328
555779,246,2021-07-27,2021-08-08,13,treatment,1,0.0014057029,0,dept_246_closure_2021-07-27,2021-09-04,2021-09,3,1,,555779|246|2021-07-27,-0.30637427006024176,-0.6733664230633328
555783,246,2021-07-27,2021-08-08,13,treatment,1,0.013152651,0,dept_246_closure_2021-07-27,2021-09-04,2021-09,3,1,,555783|246|2021-07-27,-0.2946273219602418,-0.6733664230633328
555790,246,2021-07-27,2021-08-08,13,treatment,1,0.015164689,0,dept_246_closure_2021-07-27,2021-09-04,2021-09,3,1,,555790|246|2021-07-27,-0.2926152839602418,-0.6733664230633328
557816,246,2021-07-27,2021-08-08,13,control,0,0.21749215,0,dept_246_closure_2021-07-27,2021-09-04,2021-09,3,1,0.0,557816|246|2021-07-27,-0.09028782296024179,-0.6733664230633328
559337,246,2021-07-27,2021-08-08,13,control,0,0.17666233,0,dept_246_closure_2021-07-27,2021-09-04,2021-09,3,1,,559337|246|2021-07-27,-0.13111764296024178,-0.6733664230633328
559408,246,2021-07-27,2021-08-08,13,control,0,0.018768283,0,dept_246_closure_2021-07-27,2021-09-04,2021-09,3,1,,559408|246|2021-07-27,-0.2890116899602418,-0.6733664230633328
559409,246,2021-07-27,2021-08-08,13,control,0,0.96728253,1,dept_246_closure_2021-07-27,2021-09-04,2021-09,3,1,0.5,559409|246|2021-07-27,0.6595025570397581,-0.6733664230633328
561590,246,2021-07-27,2021-08-08,13,control,0,0.128723,0,dept_246_closure_2021-07-27,2021-09-04,2021-09,3,1,0.5,561590|246|2021-07-27,-0.17905697296024178,-0.6733664230633328
563019,246,2021-07-27,2021-08-08,13,control,0,0.009029443,0,dept_246_closure_2021-07-27,2021-09-04,2021-09,3,1,,563019|246|2021-07-27,-0.29875052996024176,-0.6733664230633328
564033,246,2021-07-27,2021-08-08,13,control,0,0.13902798,0,dept_246_closure_2021-07-27,2021-09-04,2021-09,3,1,,564033|246|2021-07-27,-0.1687519929602418,-0.6733664230633328
567531,246,2021-07-27,2021-08-08,13,control,0,0.053659875,0,dept_246_closure_2021-07-27,2021-09-04,2021-09,3,1,,567531|246|2021-07-27,-0.25412009796024176,-0.6733664230633328
568304,246,2021-07-27,2021-08-08,13,control,0,0.18506885,0,dept_246_closure_2021-07-27,2021-09-04,2021-09,3,1,,568304|246|2021-07-27,-0.12271112296024178,-0.6733664230633328
568710,246,2021-07-27,2021-08-08,13,control,0,0.05581417,0,dept_246_closure_2021-07-27,2021-09-04,2021-09,3,1,,568710|246|2021-07-27,-0.2519658029602418,-0.6733664230633328
568717,246,2021-07-27,2021-08-08,13,control,0,0.19861202,0,dept_246_closure_2021-07-27,2021-09-04,2021-09,3,1,1.0,568717|246|2021-07-27,-0.10916795296024179,-0.6733664230633328
569171,246,2021-07-27,2021-08-08,13,control,0,0.7194902,1,dept_246_closure_2021-07-27,2021-09-04,2021-09,3,1,,569171|246|2021-07-27,0.4117102270397582,-0.6733664230633328
569243,246,2021-07-27,2021-08-08,13,control,0,0.30488983,0,dept_246_closure_2021-07-27,2021-09-04,2021-09,3,1,,569243|246|2021-07-27,-0.002890142960241815,-0.6733664230633328
572425,246,2021-07-27,2021-08-08,13,control,0,0.5277754,1,dept_246_closure_2021-07-27,2021-09-04,2021-09,3,1,1.0,572425|246|2021-07-27,0.21999542703975822,-0.6733664230633328
574110,246,2021-07-27,2021-08-08,13,control,0,0.0024425895,0,dept_246_closure_2021-07-27,2021-09-04,2021-09,3,1,,574110|246|2021-07-27,-0.3053373834602418,-0.6733664230633328
576316,246,2021-07-27,2021-08-08,13,control,0,0.18185039,0,dept_246_closure_2021-07-27,2021-09-04,2021-09,3,1,,576316|246|2021-07-27,-0.1259295829602418,-0.6733664230633328
578943,246,2021-07-27,2021-08-08,13,control,0,0.7836015,1,dept_246_closure_2021-07-27,2021-09-04,2021-09,3,1,1.0,578943|246|2021-07-27,0.47582152703975816,-0.6733664230633328
579360,246,2021-07-27,2021-08-08,13,control,0,0.16620348,0,dept_246_closure_2021-07-27,2021-09-04,2021-09,3,1,0.5,579360|246|2021-07-27,-0.1415764929602418,-0.6733664230633328
579361,246,2021-07-27,2021-08-08,13,control,0,0.80165404,1,dept_246_closure_2021-07-27,2021-09-04,2021-09,3,1,0.5,579361|246|2021-07-27,0.49387406703975817,-0.6733664230633328
581177,246,2021-07-27,2021-08-08,13,control,0,0.0018570615,0,dept_246_closure_2021-07-27,2021-09-04,2021-09,3,1,,581177|246|2021-07-27,-0.3059229114602418,-0.6733664230633328
583595,246,2021-07-27,2021-08-08,13,control,0,0.00058975234,0,dept_246_closure_2021-07-27,2021-09-04,2021-09,3,1,,583595|246|2021-07-27,-0.30719022062024176,-0.6733664230633328
585739,246,2021-07-27,2021-08-08,13,control,0,0.0023803557,0,dept_246_closure_2021-07-27,2021-09-04,2021-09,3,1,,585739|246|2021-07-27,-0.3053996172602418,-0.6733664230633328
588443,246,2021-07-27,2021-08-08,13,control,0,0.069057114,0,dept_246_closure_2021-07-27,2021-09-04,2021-09,3,1,,588443|246|2021-07-27,-0.23872285896024178,-0.6733664230633328
595167,246,2021-07-27,2021-08-08,13,control,0,0.058140654,0,dept_246_closure_2021-07-27,2021-09-04,2021-09,3,1,0.0,595167|246|2021-07-27,-0.24963931896024177,-0.6733664230633328
596009,246,2021-07-27,2021-08-08,13,control,0,0.00039956646,0,dept_246_closure_2021-07-27,2021-09-04,2021-09,3,1,,596009|246|2021-07-27,-0.3073804065002418,-0.6733664230633328
596472,246,2021-07-27,2021-08-08,13,control,0,0.38928533,0,dept_246_closure_2021-07-27,2021-09-04,2021-09,3,1,0.0,596472|246|2021-07-27,0.0815053570397582,-0.6733664230633328
597124,246,2021-07-27,2021-08-08,13,control,0,0.0056995642,0,dept_246_closure_2021-07-27,2021-09-04,2021-09,3,1,,597124|246|2021-07-27,-0.3020804087602418,-0.6733664230633328
597426,246,2021-07-27,2021-08-08,13,control,0,0.24039146,0,dept_246_closure_2021-07-27,2021-09-04,2021-09,3,1,,597426|246|2021-07-27,-0.06738851296024179,-0.6733664230633328
597841,246,2021-07-27,2021-08-08,13,control,0,0.6473513,1,dept_246_closure_2021-07-27,2021-09-04,2021-09,3,1,,597841|246|2021-07-27,0.3395713270397582,-0.6733664230633328
597844,246,2021-07-27,2021-08-08,13,control,0,0.6792706,1,dept_246_closure_2021-07-27,2021-09-04,2021-09,3,1,,597844|246|2021-07-27,0.37149062703975816,-0.6733664230633328
599014,246,2021-07-27,2021-08-08,13,control,0,0.9615126,1,dept_246_closure_2021-07-27,2021-09-04,2021-09,3,1,,599014|246|2021-07-27,0.6537326270397583,-0.6733664230633328
600093,246,2021-07-27,2021-08-08,13,treatment,1,0.001949751,0,dept_246_closure_2021-07-27,2021-09-04,2021-09,3,1,,600093|246|2021-07-27,-0.3058302219602418,-0.6733664230633328
600236,246,2021-07-27,2021-08-08,13,treatment,1,0.008690901,0,dept_246_closure_2021-07-27,2021-09-04,2021-09,3,1,,600236|246|2021-07-27,-0.2990890719602418,-0.6733664230633328
600802,246,2021-07-27,2021-08-08,13,control,0,0.025362764,0,dept_246_closure_2021-07-27,2021-09-04,2021-09,3,1,,600802|246|2021-07-27,-0.2824172089602418,-0.6733664230633328
602120,246,2021-07-27,2021-08-08,13,control,0,0.097351424,0,dept_246_closure_2021-07-27,2021-09-04,2021-09,3,1,,602120|246|2021-07-27,-0.21042854896024177,-0.6733664230633328
602124,246,2021-07-27,2021-08-08,13,control,0,0.11309978,0,dept_246_closure_2021-07-27,2021-09-04,2021-09,3,1,0.0,602124|246|2021-07-27,-0.1946801929602418,-0.6733664230633328
602125,246,2021-07-27,2021-08-08,13,control,0,0.028593527,0,dept_246_closure_2021-07-27,2021-09-04,2021-09,3,1,,602125|246|2021-07-27,-0.2791864459602418,-0.6733664230633328
603013,246,2021-07-27,2021-08-08,13,control,0,0.39335406,0,dept_246_closure_2021-07-27,2021-09-04,2021-09,3,1,1.0,603013|246|2021-07-27,0.08557408703975822,-0.6733664230633328
604432,246,2021-07-27,2021-08-08,13,control,0,0.0038901225,0,dept_246_closure_2021-07-27,2021-09-04,2021-09,3,1,,604432|246|2021-07-27,-0.3038898504602418,-0.6733664230633328
613493,246,2021-07-27,2021-08-08,13,control,0,0.48033825,0,dept_246_closure_2021-07-27,2021-09-04,2021-09,3,1,,613493|246|2021-07-27,0.17255827703975823,-0.6733664230633328
613860,246,2021-07-27,2021-08-08,13,control,0,0.0053632376,0,dept_246_closure_2021-07-27,2021-09-04,2021-09,3,1,,613860|246|2021-07-27,-0.3024167353602418,-0.6733664230633328
614813,246,2021-07-27,2021-08-08,13,control,0,0.72239745,1,dept_246_closure_2021-07-27,2021-09-04,2021-09,3,1,,614813|246|2021-07-27,0.4146174770397582,-0.6733664230633328
615015,246,2021-07-27,2021-08-08,13,control,0,0.053707235,0,dept_246_closure_2021-07-27,2021-09-04,2021-09,3,1,1.0,615015|246|2021-07-27,-0.25407273796024177,-0.6733664230633328
618999,246,2021-07-27,2021-08-08,13,control,0,0.15502954,0,dept_246_closure_2021-07-27,2021-09-04,2021-09,3,1,,618999|246|2021-07-27,-0.1527504329602418,-0.6733664230633328
620766,246,2021-07-27,2021-08-08,13,control,0,0.00068438525,0,dept_246_closure_2021-07-27,2021-09-04,2021-09,3,1,,620766|246|2021-07-27,-0.3070955877102418,-0.6733664230633328
621023,246,2021-07-27,2021-08-08,13,control,0,0.0061639016,0,dept_246_closure_2021-07-27,2021-09-04,2021-09,3,1,,621023|246|2021-07-27,-0.30161607136024177,-0.6733664230633328
621722,246,2021-07-27,2021-08-08,13,control,0,0.71391684,1,dept_246_closure_2021-07-27,2021-09-04,2021-09,3,1,0.0,621722|246|2021-07-27,0.4061368670397582,-0.6733664230633328
623783,246,2021-07-27,2021-08-08,13,control,0,0.9951931,1,dept_246_closure_2021-07-27,2021-09-04,2021-09,3,1,0.5,623783|246|2021-07-27,0.6874131270397583,-0.6733664230633328
623805,246,2021-07-27,2021-08-08,13,control,0,0.06917468,0,dept_246_closure_2021-07-27,2021-09-04,2021-09,3,1,,623805|246|2021-07-27,-0.2386052929602418,-0.6733664230633328
623808,246,2021-07-27,2021-08-08,13,control,0,0.9979461,1,dept_246_closure_2021-07-27,2021-09-04,2021-09,3,1,0.3333333333333333,623808|246|2021-07-27,0.6901661270397581,-0.6733664230633328
624145,246,2021-07-27,2021-08-08,13,control,0,0.35900682,0,dept_246_closure_2021-07-27,2021-09-04,2021-09,3,1,,624145|246|2021-07-27,0.051226847039758217,-0.6733664230633328
625679,246,2021-07-27,2021-08-08,13,control,0,0.0054499777,0,dept_246_closure_2021-07-27,2021-09-04,2021-09,3,1,0.0,625679|246|2021-07-27,-0.3023299952602418,-0.6733664230633328
625795,246,2021-07-27,2021-08-08,13,control,0,0.0064810133,0,dept_246_closure_2021-07-27,2021-09-04,2021-09,3,1,,625795|246|2021-07-27,-0.3012989596602418,-0.6733664230633328
626528,246,2021-07-27,2021-08-08,13,control,0,0.012384835,0,dept_246_closure_2021-07-27,2021-09-04,2021-09,3,1,,626528|246|2021-07-27,-0.2953951379602418,-0.6733664230633328
628437,246,2021-07-27,2021-08-08,13,control,0,0.15738243,0,dept_246_closure_2021-07-27,2021-09-04,2021-09,3,1,,628437|246|2021-07-27,-0.1503975429602418,-0.6733664230633328
629037,246,2021-07-27,2021-08-08,13,control,0,0.0024090034,0,dept_246_closure_2021-07-27,2021-09-04,2021-09,3,1,,629037|246|2021-07-27,-0.3053709695602418,-0.6733664230633328
629038,246,2021-07-27,2021-08-08,13,treatment,1,0.24013825,0,dept_246_closure_2021-07-27,2021-09-04,2021-09,3,1,,629038|246|2021-07-27,-0.06764172296024179,-0.6733664230633328
631459,246,2021-07-27,2021-08-08,13,control,0,0.0044175265,0,dept_246_closure_2021-07-27,2021-09-04,2021-09,3,1,0.6666666666666666,631459|246|2021-07-27,-0.3033624464602418,-0.6733664230633328
632759,246,2021-07-27,2021-08-08,13,control,0,0.010952859,0,dept_246_closure_2021-07-27,2021-09-04,2021-09,3,1,,632759|246|2021-07-27,-0.2968271139602418,-0.6733664230633328
633009,246,2021-07-27,2021-08-08,13,control,0,0.56572896,1,dept_246_closure_2021-07-27,2021-09-04,2021-09,3,1,0.0,633009|246|2021-07-27,0.25794898703975816,-0.6733664230633328
633063,246,2021-07-27,2021-08-08,13,control,0,0.106019765,0,dept_246_closure_2021-07-27,2021-09-04,2021-09,3,1,,633063|246|2021-07-27,-0.2017602079602418,-0.6733664230633328
635749,246,2021-07-27,2021-08-08,13,control,0,0.8945807,1,dept_246_closure_2021-07-27,2021-09-04,2021-09,3,1,,635749|246|2021-07-27,0.5868007270397582,-0.6733664230633328
636407,246,2021-07-27,2021-08-08,13,control,0,0.09816488,0,dept_246_closure_2021-07-27,2021-09-04,2021-09,3,1,,636407|246|2021-07-27,-0.20961509296024178,-0.6733664230633328
636923,246,2021-07-27,2021-08-08,13,control,0,0.8665299,1,dept_246_closure_2021-07-27,2021-09-04,2021-09,3,1,,636923|246|2021-07-27,0.5587499270397582,-0.6733664230633328
636924,246,2021-07-27,2021-08-08,13,control,0,0.3707417,0,dept_246_closure_2021-07-27,2021-09-04,2021-09,3,1,,636924|246|2021-07-27,0.06296172703975822,-0.6733664230633328
639796,246,2021-07-27,2021-08-08,13,control,0,0.008453769,0,dept_246_closure_2021-07-27,2021-09-04,2021-09,3,1,,639796|246|2021-07-27,-0.2993262039602418,-0.6733664230633328
644136,246,2021-07-27,2021-08-08,13,treatment,1,0.0034987608,0,dept_246_closure_2021-07-27,2021-09-04,2021-09,3,1,,644136|246|2021-07-27,-0.3042812121602418,-0.6733664230633328
646267,246,2021-07-27,2021-08-08,13,control,0,0.22053812,0,dept_246_closure_2021-07-27,2021-09-04,2021-09,3,1,,646267|246|2021-07-27,-0.08724185296024178,-0.6733664230633328
647544,246,2021-07-27,2021-08-08,13,control,0,0.38944682,0,dept_246_closure_2021-07-27,2021-09-04,2021-09,3,1,,647544|246|2021-07-27,0.08166684703975824,-0.6733664230633328
649523,246,2021-07-27,2021-08-08,13,control,0,0.008285319,0,dept_246_closure_2021-07-27,2021-09-04,2021-09,3,1,,649523|246|2021-07-27,-0.2994946539602418,-0.6733664230633328
650314,246,2021-07-27,2021-08-08,13,control,0,0.041649476,0,dept_246_closure_2021-07-27,2021-09-04,2021-09,3,1,0.5,650314|246|2021-07-27,-0.26613049696024177,-0.6733664230633328
650497,246,2021-07-27,2021-08-08,13,control,0,0.01220301,0,dept_246_closure_2021-07-27,2021-09-04,2021-09,3,1,1.0,650497|246|2021-07-27,-0.2955769629602418,-0.6733664230633328
650796,246,2021-07-27,2021-08-08,13,control,0,0.113514744,0,dept_246_closure_2021-07-27,2021-09-04,2021-09,3,1,,650796|246|2021-07-27,-0.1942652289602418,-0.6733664230633328
651898,246,2021-07-27,2021-08-08,13,control,0,0.9841733,1,dept_246_closure_2021-07-27,2021-09-04,2021-09,3,1,0.0,651898|246|2021-07-27,0.6763933270397582,-0.6733664230633328
653494,246,2021-07-27,2021-08-08,13,control,0,0.19648695,0,dept_246_closure_2021-07-27,2021-09-04,2021-09,3,1,,653494|246|2021-07-27,-0.1112930229602418,-0.6733664230633328
654396,246,2021-07-27,2021-08-08,13,control,0,0.018824542,0,dept_246_closure_2021-07-27,2021-09-04,2021-09,3,1,,654396|246|2021-07-27,-0.2889554309602418,-0.6733664230633328
654539,246,2021-07-27,2021-08-08,13,control,0,0.91421753,1,dept_246_closure_2021-07-27,2021-09-04,2021-09,3,1,,654539|246|2021-07-27,0.6064375570397582,-0.6733664230633328
655632,246,2021-07-27,2021-08-08,13,control,0,0.44265658,0,dept_246_closure_2021-07-27,2021-09-04,2021-09,3,1,,655632|246|2021-07-27,0.13487660703975823,-0.6733664230633328
655906,246,2021-07-27,2021-08-08,13,control,0,0.6456241,1,dept_246_closure_2021-07-27,2021-09-04,2021-09,3,1,0.5,655906|246|2021-07-27,0.33784412703975825,-0.6733664230633328
655994,246,2021-07-27,2021-08-08,13,control,0,0.88607514,1,dept_246_closure_2021-07-27,2021-09-04,2021-09,3,1,1.0,655994|246|2021-07-27,0.5782951670397583,-0.6733664230633328
656172,246,2021-07-27,2021-08-08,13,treatment,1,0.003492452,0,dept_246_closure_2021-07-27,2021-09-04,2021-09,3,1,,656172|246|2021-07-27,-0.3042875209602418,-0.6733664230633328
657354,246,2021-07-27,2021-08-08,13,control,0,0.6226758,1,dept_246_closure_2021-07-27,2021-09-04,2021-09,3,1,,657354|246|2021-07-27,0.3148958270397582,-0.6733664230633328
657355,246,2021-07-27,2021-08-08,13,control,0,0.32611358,0,dept_246_closure_2021-07-27,2021-09-04,2021-09,3,1,,657355|246|2021-07-27,0.018333607039758226,-0.6733664230633328
657356,246,2021-07-27,2021-08-08,13,control,0,0.0070038517,0,dept_246_closure_2021-07-27,2021-09-04,2021-09,3,1,,657356|246|2021-07-27,-0.3007761212602418,-0.6733664230633328
657358,246,2021-07-27,2021-08-08,13,control,0,0.13658209,0,dept_246_closure_2021-07-27,2021-09-04,2021-09,3,1,,657358|246|2021-07-27,-0.1711978829602418,-0.6733664230633328
664460,246,2021-07-27,2021-08-08,13,control,0,0.22899963,0,dept_246_closure_2021-07-27,2021-09-04,2021-09,3,1,,664460|246|2021-07-27,-0.07878034296024178,-0.6733664230633328
664767,246,2021-07-27,2021-08-08,13,control,0,0.007248521,0,dept_246_closure_2021-07-27,2021-09-04,2021-09,3,1,,664767|246|2021-07-27,-0.3005314519602418,-0.6733664230633328
665519,246,2021-07-27,2021-08-08,13,control,0,0.94379646,1,dept_246_closure_2021-07-27,2021-09-04,2021-09,3,1,0.0,665519|246|2021-07-27,0.6360164870397582,-0.6733664230633328
665571,246,2021-07-27,2021-08-08,13,control,0,0.0016495719,0,dept_246_closure_2021-07-27,2021-09-04,2021-09,3,1,,665571|246|2021-07-27,-0.3061304010602418,-0.6733664230633328
666122,246,2021-07-27,2021-08-08,13,control,0,0.046844617,0,dept_246_closure_2021-07-27,2021-09-04,2021-09,3,1,,666122|246|2021-07-27,-0.2609353559602418,-0.6733664230633328
667695,246,2021-07-27,2021-08-08,13,control,0,0.08032639,0,dept_246_closure_2021-07-27,2021-09-04,2021-09,3,1,1.0,667695|246|2021-07-27,-0.2274535829602418,-0.6733664230633328
668096,246,2021-07-27,2021-08-08,13,control,0,0.0022502174,0,dept_246_closure_2021-07-27,2021-09-04,2021-09,3,1,,668096|246|2021-07-27,-0.3055297555602418,-0.6733664230633328
669146,246,2021-07-27,2021-08-08,13,control,0,0.01265297,0,dept_246_closure_2021-07-27,2021-09-04,2021-09,3,1,,669146|246|2021-07-27,-0.2951270029602418,-0.6733664230633328
669519,246,2021-07-27,2021-08-08,13,control,0,0.0022082943,0,dept_246_closure_2021-07-27,2021-09-04,2021-09,3,1,,669519|246|2021-07-27,-0.30557167866024176,-0.6733664230633328
671187,246,2021-07-27,2021-08-08,13,control,0,0.14804843,0,dept_246_closure_2021-07-27,2021-09-04,2021-09,3,1,,671187|246|2021-07-27,-0.15973154296024178,-0.6733664230633328
672880,246,2021-07-27,2021-08-08,13,control,0,0.3963556,0,dept_246_closure_2021-07-27,2021-09-04,2021-09,3,1,,672880|246|2021-07-27,0.08857562703975819,-0.6733664230633328
674161,246,2021-07-27,2021-08-08,13,control,0,0.60217315,1,dept_246_closure_2021-07-27,2021-09-04,2021-09,3,1,0.0,674161|246|2021-07-27,0.29439317703975826,-0.6733664230633328
674724,246,2021-07-27,2021-08-08,13,control,0,0.22715935,0,dept_246_closure_2021-07-27,2021-09-04,2021-09,3,1,,674724|246|2021-07-27,-0.08062062296024178,-0.6733664230633328
675505,246,2021-07-27,2021-08-08,13,control,0,0.15651003,0,dept_246_closure_2021-07-27,2021-09-04,2021-09,3,1,0.6666666666666666,675505|246|2021-07-27,-0.1512699429602418,-0.6733664230633328
676853,246,2021-07-27,2021-08-08,13,control,0,0.004177887,0,dept_246_closure_2021-07-27,2021-09-04,2021-09,3,1,,676853|246|2021-07-27,-0.3036020859602418,-0.6733664230633328
677645,246,2021-07-27,2021-08-08,13,control,0,0.00460222,0,dept_246_closure_2021-07-27,2021-09-04,2021-09,3,1,,677645|246|2021-07-27,-0.3031777529602418,-0.6733664230633328
679043,246,2021-07-27,2021-08-08,13,treatment,1,0.007110106,0,dept_246_closure_2021-07-27,2021-09-04,2021-09,3,1,,679043|246|2021-07-27,-0.3006698669602418,-0.6733664230633328
680050,246,2021-07-27,2021-08-08,13,treatment,1,0.6510753,1,dept_246_closure_2021-07-27,2021-09-04,2021-09,3,1,,680050|246|2021-07-27,0.34329532703975824,-0.6733664230633328
683521,246,2021-07-27,2021-08-08,13,control,0,0.0039025282,0,dept_246_closure_2021-07-27,2021-09-04,2021-09,3,1,,683521|246|2021-07-27,-0.3038774447602418,-0.6733664230633328
683684,246,2021-07-27,2021-08-08,13,control,0,0.10428627,0,dept_246_closure_2021-07-27,2021-09-04,2021-09,3,1,,683684|246|2021-07-27,-0.20349370296024177,-0.6733664230633328
683804,246,2021-07-27,2021-08-08,13,control,0,0.0017932617,0,dept_246_closure_2021-07-27,2021-09-04,2021-09,3,1,,683804|246|2021-07-27,-0.3059867112602418,-0.6733664230633328
683995,246,2021-07-27,2021-08-08,13,control,0,0.001137196,0,dept_246_closure_2021-07-27,2021-09-04,2021-09,3,1,,683995|246|2021-07-27,-0.3066427769602418,-0.6733664230633328
684015,246,2021-07-27,2021-08-08,13,control,0,0.8845989,1,dept_246_closure_2021-07-27,2021-09-04,2021-09,3,1,0.0,684015|246|2021-07-27,0.5768189270397581,-0.6733664230633328
686956,246,2021-07-27,2021-08-08,13,control,0,0.0055859643,0,dept_246_closure_2021-07-27,2021-09-04,2021-09,3,1,,686956|246|2021-07-27,-0.30219400866024176,-0.6733664230633328
687042,246,2021-07-27,2021-08-08,13,control,0,0.5541338,1,dept_246_closure_2021-07-27,2021-09-04,2021-09,3,1,,687042|246|2021-07-27,0.24635382703975822,-0.6733664230633328
689237,246,2021-07-27,2021-08-08,13,control,0,0.00090677815,0,dept_246_closure_2021-07-27,2021-09-04,2021-09,3,1,,689237|246|2021-07-27,-0.3068731948102418,-0.6733664230633328
691273,246,2021-07-27,2021-08-08,13,treatment,1,0.5559356,1,dept_246_closure_2021-07-27,2021-09-04,2021-09,3,1,0.0,691273|246|2021-07-27,0.2481556270397582,-0.6733664230633328
692401,246,2021-07-27,2021-08-08,13,control,0,0.031257436,0,dept_246_closure_2021-07-27,2021-09-04,2021-09,3,1,,692401|246|2021-07-27,-0.27652253696024176,-0.6733664230633328
693452,246,2021-07-27,2021-08-08,13,control,0,0.07944487,0,dept_246_closure_2021-07-27,2021-09-04,2021-09,3,1,,693452|246|2021-07-27,-0.2283351029602418,-0.6733664230633328
695396,246,2021-07-27,2021-08-08,13,control,0,0.59376544,1,dept_246_closure_2021-07-27,2021-09-04,2021-09,3,1,1.0,695396|246|2021-07-27,0.2859854670397582,-0.6733664230633328
698986,246,2021-07-27,2021-08-08,13,control,0,0.26494306,0,dept_246_closure_2021-07-27,2021-09-04,2021-09,3,1,,698986|246|2021-07-27,-0.04283691296024178,-0.6733664230633328
699699,246,2021-07-27,2021-08-08,13,treatment,1,0.004846366,0,dept_246_closure_2021-07-27,2021-09-04,2021-09,3,1,0.6666666666666666,699699|246|2021-07-27,-0.3029336069602418,-0.6733664230633328
700273,246,2021-07-27,2021-08-08,13,control,0,0.017649118,0,dept_246_closure_2021-07-27,2021-09-04,2021-09,3,1,,700273|246|2021-07-27,-0.29013085496024177,-0.6733664230633328
700881,246,2021-07-27,2021-08-08,13,control,0,0.026280912,0,dept_246_closure_2021-07-27,2021-09-04,2021-09,3,1,,700881|246|2021-07-27,-0.2814990609602418,-0.6733664230633328
703568,246,2021-07-27,2021-08-08,13,control,0,0.1636185,0,dept_246_closure_2021-07-27,2021-09-04,2021-09,3,1,0.0,703568|246|2021-07-27,-0.1441614729602418,-0.6733664230633328
705741,246,2021-07-27,2021-08-08,13,control,0,0.240593,0,dept_246_closure_2021-07-27,2021-09-04,2021-09,3,1,0.5,705741|246|2021-07-27,-0.06718697296024179,-0.6733664230633328
706055,246,2021-07-27,2021-08-08,13,control,0,0.5146902,1,dept_246_closure_2021-07-27,2021-09-04,2021-09,3,1,0.0,706055|246|2021-07-27,0.2069102270397582,-0.6733664230633328
706109,246,2021-07-27,2021-08-08,13,control,0,0.007861774,0,dept_246_closure_2021-07-27,2021-09-04,2021-09,3,1,,706109|246|2021-07-27,-0.2999181989602418,-0.6733664230633328
708207,246,2021-07-27,2021-08-08,13,treatment,1,0.009436967,0,dept_246_closure_2021-07-27,2021-09-04,2021-09,3,1,,708207|246|2021-07-27,-0.29834300596024177,-0.6733664230633328
710137,246,2021-07-27,2021-08-08,13,control,0,0.069965854,0,dept_246_closure_2021-07-27,2021-09-04,2021-09,3,1,,710137|246|2021-07-27,-0.2378141189602418,-0.6733664230633328
710677,246,2021-07-27,2021-08-08,13,control,0,0.07248529,0,dept_246_closure_2021-07-27,2021-09-04,2021-09,3,1,,710677|246|2021-07-27,-0.2352946829602418,-0.6733664230633328
712316,246,2021-07-27,2021-08-08,13,control,0,0.009721992,0,dept_246_closure_2021-07-27,2021-09-04,2021-09,3,1,,712316|246|2021-07-27,-0.2980579809602418,-0.6733664230633328
713935,246,2021-07-27,2021-08-08,13,control,0,0.7094755,1,dept_246_closure_2021-07-27,2021-09-04,2021-09,3,1,0.0,713935|246|2021-07-27,0.40169552703975825,-0.6733664230633328
716927,246,2021-07-27,2021-08-08,13,control,0,0.0043204585,0,dept_246_closure_2021-07-27,2021-09-04,2021-09,3,1,,716927|246|2021-07-27,-0.3034595144602418,-0.6733664230633328
718666,246,2021-07-27,2021-08-08,13,treatment,1,0.003192709,0,dept_246_closure_2021-07-27,2021-09-04,2021-09,3,1,,718666|246|2021-07-27,-0.30458726396024177,-0.6733664230633328
718772,246,2021-07-27,2021-08-08,13,control,0,0.05517942,0,dept_246_closure_2021-07-27,2021-09-04,2021-09,3,1,1.0,718772|246|2021-07-27,-0.2526005529602418,-0.6733664230633328
720882,246,2021-07-27,2021-08-08,13,control,0,0.04335409,0,dept_246_closure_2021-07-27,2021-09-04,2021-09,3,1,1.0,720882|246|2021-07-27,-0.2644258829602418,-0.6733664230633328
727797,246,2021-07-27,2021-08-08,13,treatment,1,0.13561638,0,dept_246_closure_2021-07-27,2021-09-04,2021-09,3,1,,727797|246|2021-07-27,-0.17216359296024178,-0.6733664230633328
728495,246,2021-07-27,2021-08-08,13,control,0,0.014965183,0,dept_246_closure_2021-07-27,2021-09-04,2021-09,3,1,,728495|246|2021-07-27,-0.2928147899602418,-0.6733664230633328
729236,246,2021-07-27,2021-08-08,13,treatment,1,0.076605916,0,dept_246_closure_2021-07-27,2021-09-04,2021-09,3,1,,729236|246|2021-07-27,-0.2311740569602418,-0.6733664230633328
729427,246,2021-07-27,2021-08-08,13,treatment,1,0.01933929,0,dept_246_closure_2021-07-27,2021-09-04,2021-09,3,1,,729427|246|2021-07-27,-0.2884406829602418,-0.6733664230633328
729873,246,2021-07-27,2021-08-08,13,treatment,1,0.7575934,1,dept_246_closure_2021-07-27,2021-09-04,2021-09,3,1,,729873|246|2021-07-27,0.4498134270397582,-0.6733664230633328
729889,246,2021-07-27,2021-08-08,13,control,0,0.037756026,0,dept_246_closure_2021-07-27,2021-09-04,2021-09,3,1,,729889|246|2021-07-27,-0.2700239469602418,-0.6733664230633328
733186,246,2021-07-27,2021-08-08,13,treatment,1,0.69795686,1,dept_246_closure_2021-07-27,2021-09-04,2021-09,3,1,1.0,733186|246|2021-07-27,0.3901768870397582,-0.6733664230633328
735865,246,2021-07-27,2021-08-08,13,control,0,0.33605695,0,dept_246_closure_2021-07-27,2021-09-04,2021-09,3,1,,735865|246|2021-07-27,0.028276977039758233,-0.6733664230633328
736734,246,2021-07-27,2021-08-08,13,control,0,0.39864597,0,dept_246_closure_2021-07-27,2021-09-04,2021-09,3,1,,736734|246|2021-07-27,0.09086599703975823,-0.6733664230633328
739930,246,2021-07-27,2021-08-08,13,control,0,0.017589724,0,dept_246_closure_2021-07-27,2021-09-04,2021-09,3,1,,739930|246|2021-07-27,-0.2901902489602418,-0.6733664230633328
742210,246,2021-07-27,2021-08-08,13,control,0,0.0008205761,0,dept_246_closure_2021-07-27,2021-09-04,2021-09,3,1,,742210|246|2021-07-27,-0.30695939686024176,-0.6733664230633328
742713,246,2021-07-27,2021-08-08,13,control,0,0.7055811,1,dept_246_closure_2021-07-27,2021-09-04,2021-09,3,1,,742713|246|2021-07-27,0.3978011270397582,-0.6733664230633328
743481,246,2021-07-27,2021-08-08,13,control,0,0.1744169,0,dept_246_closure_2021-07-27,2021-09-04,2021-09,3,1,,743481|246|2021-07-27,-0.13336307296024177,-0.6733664230633328
743573,246,2021-07-27,2021-08-08,13,control,0,0.01424737,0,dept_246_closure_2021-07-27,2021-09-04,2021-09,3,1,,743573|246|2021-07-27,-0.2935326029602418,-0.6733664230633328
745348,246,2021-07-27,2021-08-08,13,control,0,0.6717277,1,dept_246_closure_2021-07-27,2021-09-04,2021-09,3,1,,745348|246|2021-07-27,0.36394772703975825,-0.6733664230633328
745784,246,2021-07-27,2021-08-08,13,control,0,0.07058759,0,dept_246_closure_2021-07-27,2021-09-04,2021-09,3,1,1.0,745784|246|2021-07-27,-0.23719238296024178,-0.6733664230633328
745837,246,2021-07-27,2021-08-08,13,control,0,0.0012194227,0,dept_246_closure_2021-07-27,2021-09-04,2021-09,3,1,,745837|246|2021-07-27,-0.3065605502602418,-0.6733664230633328
746756,246,2021-07-27,2021-08-08,13,control,0,0.08982364,0,dept_246_closure_2021-07-27,2021-09-04,2021-09,3,1,1.0,746756|246|2021-07-27,-0.2179563329602418,-0.6733664230633328
747030,246,2021-07-27,2021-08-08,13,control,0,0.88071215,1,dept_246_closure_2021-07-27,2021-09-04,2021-09,3,1,,747030|246|2021-07-27,0.5729321770397582,-0.6733664230633328
750005,246,2021-07-27,2021-08-08,13,control,0,0.00368248,0,dept_246_closure_2021-07-27,2021-09-04,2021-09,3,1,,750005|246|2021-07-27,-0.3040974929602418,-0.6733664230633328
750565,246,2021-07-27,2021-08-08,13,control,0,0.09725597,0,dept_246_closure_2021-07-27,2021-09-04,2021-09,3,1,1.0,750565|246|2021-07-27,-0.2105240029602418,-0.6733664230633328
751068,246,2021-07-27,2021-08-08,13,control,0,0.67058444,1,dept_246_closure_2021-07-27,2021-09-04,2021-09,3,1,0.6,751068|246|2021-07-27,0.36280446703975816,-0.6733664230633328
755654,246,2021-07-27,2021-08-08,13,control,0,0.642669,1,dept_246_closure_2021-07-27,2021-09-04,2021-09,3,1,0.3333333333333333,755654|246|2021-07-27,0.33488902703975826,-0.6733664230633328
757209,246,2021-07-27,2021-08-08,13,control,0,0.92929745,1,dept_246_closure_2021-07-27,2021-09-04,2021-09,3,1,0.5,757209|246|2021-07-27,0.6215174770397582,-0.6733664230633328
758569,246,2021-07-27,2021-08-08,13,control,0,0.6066296,1,dept_246_closure_2021-07-27,2021-09-04,2021-09,3,1,,758569|246|2021-07-27,0.2988496270397582,-0.6733664230633328
759081,246,2021-07-27,2021-08-08,13,control,0,0.9864933,1,dept_246_closure_2021-07-27,2021-09-04,2021-09,3,1,0.5,759081|246|2021-07-27,0.6787133270397583,-0.6733664230633328
760910,246,2021-07-27,2021-08-08,13,control,0,0.37581336,0,dept_246_closure_2021-07-27,2021-09-04,2021-09,3,1,,760910|246|2021-07-27,0.0680333870397582,-0.6733664230633328
761525,246,2021-07-27,2021-08-08,13,control,0,0.0040558516,0,dept_246_closure_2021-07-27,2021-09-04,2021-09,3,1,,761525|246|2021-07-27,-0.3037241213602418,-0.6733664230633328
763277,246,2021-07-27,2021-08-08,13,control,0,0.24932212,0,dept_246_closure_2021-07-27,2021-09-04,2021-09,3,1,0.3333333333333333,763277|246|2021-07-27,-0.05845785296024178,-0.6733664230633328
764174,246,2021-07-27,2021-08-08,13,control,0,0.020427303,0,dept_246_closure_2021-07-27,2021-09-04,2021-09,3,1,,764174|246|2021-07-27,-0.2873526699602418,-0.6733664230633328
764393,246,2021-07-27,2021-08-08,13,treatment,1,0.015356412,0,dept_246_closure_2021-07-27,2021-09-04,2021-09,3,1,,764393|246|2021-07-27,-0.2924235609602418,-0.6733664230633328
764798,246,2021-07-27,2021-08-08,13,control,0,0.025530431,0,dept_246_closure_2021-07-27,2021-09-04,2021-09,3,1,,764798|246|2021-07-27,-0.28224954196024177,-0.6733664230633328
768714,246,2021-07-27,2021-08-08,13,control,0,0.08861846,0,dept_246_closure_2021-07-27,2021-09-04,2021-09,3,1,,768714|246|2021-07-27,-0.21916151296024178,-0.6733664230633328
771788,246,2021-07-27,2021-08-08,13,control,0,0.13042508,0,dept_246_closure_2021-07-27,2021-09-04,2021-09,3,1,0.5,771788|246|2021-07-27,-0.1773548929602418,-0.6733664230633328
773247,246,2021-07-27,2021-08-08,13,control,0,0.12926482,0,dept_246_closure_2021-07-27,2021-09-04,2021-09,3,1,,773247|246|2021-07-27,-0.17851515296024179,-0.6733664230633328
774405,246,2021-07-27,2021-08-08,13,control,0,0.6753653,1,dept_246_closure_2021-07-27,2021-09-04,2021-09,3,1,1.0,774405|246|2021-07-27,0.36758532703975816,-0.6733664230633328
775273,246,2021-07-27,2021-08-08,13,control,0,0.03347844,0,dept_246_closure_2021-07-27,2021-09-04,2021-09,3,1,0.0,775273|246|2021-07-27,-0.2743015329602418,-0.6733664230633328
775847,246,2021-07-27,2021-08-08,13,control,0,0.020749453,0,dept_246_closure_2021-07-27,2021-09-04,2021-09,3,1,,775847|246|2021-07-27,-0.28703051996024176,-0.6733664230633328
778075,246,2021-07-27,2021-08-08,13,control,0,0.0044483226,0,dept_246_closure_2021-07-27,2021-09-04,2021-09,3,1,,778075|246|2021-07-27,-0.3033316503602418,-0.6733664230633328
780783,246,2021-07-27,2021-08-08,13,control,0,0.94814223,1,dept_246_closure_2021-07-27,2021-09-04,2021-09,3,1,0.0,780783|246|2021-07-27,0.6403622570397582,-0.6733664230633328
781479,246,2021-07-27,2021-08-08,13,treatment,1,0.11026743,0,dept_246_closure_2021-07-27,2021-09-04,2021-09,3,1,,781479|246|2021-07-27,-0.1975125429602418,-0.6733664230633328
782601,246,2021-07-27,2021-08-08,13,control,0,0.03218455,0,dept_246_closure_2021-07-27,2021-09-04,2021-09,3,1,,782601|246|2021-07-27,-0.2755954229602418,-0.6733664230633328
784606,246,2021-07-27,2021-08-08,13,treatment,1,0.0007714593,0,dept_246_closure_2021-07-27,2021-09-04,2021-09,3,1,,784606|246|2021-07-27,-0.3070085136602418,-0.6733664230633328
784655,246,2021-07-27,2021-08-08,13,control,0,0.002960514,0,dept_246_closure_2021-07-27,2021-09-04,2021-09,3,1,,784655|246|2021-07-27,-0.30481945896024176,-0.6733664230633328
785881,246,2021-07-27,2021-08-08,13,control,0,0.7455215,1,dept_246_closure_2021-07-27,2021-09-04,2021-09,3,1,,785881|246|2021-07-27,0.43774152703975816,-0.6733664230633328
787051,246,2021-07-27,2021-08-08,13,control,0,0.48000237,0,dept_246_closure_2021-07-27,2021-09-04,2021-09,3,1,0.3333333333333333,787051|246|2021-07-27,0.17222239703975822,-0.6733664230633328
790777,246,2021-07-27,2021-08-08,13,control,0,0.0068362337,0,dept_246_closure_2021-07-27,2021-09-04,2021-09,3,1,,790777|246|2021-07-27,-0.30094373926024176,-0.6733664230633328
793087,246,2021-07-27,2021-08-08,13,control,0,0.099858016,0,dept_246_closure_2021-07-27,2021-09-04,2021-09,3,1,,793087|246|2021-07-27,-0.2079219569602418,-0.6733664230633328
794164,246,2021-07-27,2021-08-08,13,control,0,0.6939915,1,dept_246_closure_2021-07-27,2021-09-04,2021-09,3,1,,794164|246|2021-07-27,0.3862115270397582,-0.6733664230633328
794821,246,2021-07-27,2021-08-08,13,control,0,0.035638213,0,dept_246_closure_2021-07-27,2021-09-04,2021-09,3,1,,794821|246|2021-07-27,-0.2721417599602418,-0.6733664230633328
795915,246,2021-07-27,2021-08-08,13,control,0,0.8226784,1,dept_246_closure_2021-07-27,2021-09-04,2021-09,3,1,,795915|246|2021-07-27,0.5148984270397583,-0.6733664230633328
796636,246,2021-07-27,2021-08-08,13,control,0,0.009036448,0,dept_246_closure_2021-07-27,2021-09-04,2021-09,3,1,,796636|246|2021-07-27,-0.2987435249602418,-0.6733664230633328
797064,246,2021-07-27,2021-08-08,13,control,0,0.507212,1,dept_246_closure_2021-07-27,2021-09-04,2021-09,3,1,,797064|246|2021-07-27,0.1994320270397582,-0.6733664230633328
797984,246,2021-07-27,2021-08-08,13,treatment,1,0.9371447,1,dept_246_closure_2021-07-27,2021-09-04,2021-09,3,1,,797984|246|2021-07-27,0.6293647270397582,-0.6733664230633328
800707,246,2021-07-27,2021-08-08,13,control,0,0.0030262175,0,dept_246_closure_2021-07-27,2021-09-04,2021-09,3,1,0.0,800707|246|2021-07-27,-0.3047537554602418,-0.6733664230633328
801378,246,2021-07-27,2021-08-08,13,control,0,0.0019727403,0,dept_246_closure_2021-07-27,2021-09-04,2021-09,3,1,,801378|246|2021-07-27,-0.3058072326602418,-0.6733664230633328
802679,246,2021-07-27,2021-08-08,13,control,0,0.018501613,0,dept_246_closure_2021-07-27,2021-09-04,2021-09,3,1,,802679|246|2021-07-27,-0.28927835996024176,-0.6733664230633328
807138,246,2021-07-27,2021-08-08,13,control,0,0.054256,0,dept_246_closure_2021-07-27,2021-09-04,2021-09,3,1,,807138|246|2021-07-27,-0.25352397296024176,-0.6733664230633328
807628,246,2021-07-27,2021-08-08,13,control,0,0.016564755,0,dept_246_closure_2021-07-27,2021-09-04,2021-09,3,1,,807628|246|2021-07-27,-0.2912152179602418,-0.6733664230633328
807629,246,2021-07-27,2021-08-08,13,control,0,0.3686019,0,dept_246_closure_2021-07-27,2021-09-04,2021-09,3,1,,807629|246|2021-07-27,0.060821927039758195,-0.6733664230633328
807979,246,2021-07-27,2021-08-08,13,control,0,0.39310044,0,dept_246_closure_2021-07-27,2021-09-04,2021-09,3,1,,807979|246|2021-07-27,0.08532046703975821,-0.6733664230633328
1213,246,2021-07-27,2021-08-08,13,control,0,0.14179483,0,dept_246_closure_2021-07-27,2021-09-17,2021-09,4,1,,1213|246|2021-07-27,-0.16598514296024178,-0.6733664230633328
3053,246,2021-07-27,2021-08-08,13,control,0,0.2848582,0,dept_246_closure_2021-07-27,2021-09-17,2021-09,4,1,,3053|246|2021-07-27,-0.022921772960241782,-0.6733664230633328
3602,246,2021-07-27,2021-08-08,13,control,0,0.25698352,0,dept_246_closure_2021-07-27,2021-09-17,2021-09,4,1,,3602|246|2021-07-27,-0.05079645296024177,-0.6733664230633328
4261,246,2021-07-27,2021-08-08,13,treatment,1,0.41152814,0,dept_246_closure_2021-07-27,2021-09-17,2021-09,4,1,,4261|246|2021-07-27,0.1037481670397582,-0.6733664230633328
4800,246,2021-07-27,2021-08-08,13,control,0,0.025219427,0,dept_246_closure_2021-07-27,2021-09-17,2021-09,4,1,,4800|246|2021-07-27,-0.28256054596024177,-0.6733664230633328
7245,246,2021-07-27,2021-08-08,13,control,0,0.94799674,1,dept_246_closure_2021-07-27,2021-09-17,2021-09,4,1,0.5,7245|246|2021-07-27,0.6402167670397583,-0.6733664230633328
8291,246,2021-07-27,2021-08-08,13,control,0,0.9911731,1,dept_246_closure_2021-07-27,2021-09-17,2021-09,4,1,,8291|246|2021-07-27,0.6833931270397582,-0.6733664230633328
9290,246,2021-07-27,2021-08-08,13,treatment,1,0.008498869,0,dept_246_closure_2021-07-27,2021-09-17,2021-09,4,1,,9290|246|2021-07-27,-0.29928110396024177,-0.6733664230633328
9714,246,2021-07-27,2021-08-08,13,control,0,0.3374871,0,dept_246_closure_2021-07-27,2021-09-17,2021-09,4,1,0.5,9714|246|2021-07-27,0.029707127039758197,-0.6733664230633328
10179,246,2021-07-27,2021-08-08,13,control,0,0.8612333,1,dept_246_closure_2021-07-27,2021-09-17,2021-09,4,1,0.0,10179|246|2021-07-27,0.5534533270397581,-0.6733664230633328
10427,246,2021-07-27,2021-08-08,13,control,0,0.14622483,0,dept_246_closure_2021-07-27,2021-09-17,2021-09,4,1,,10427|246|2021-07-27,-0.1615551429602418,-0.6733664230633328
10453,246,2021-07-27,2021-08-08,13,control,0,0.27891338,0,dept_246_closure_2021-07-27,2021-09-17,2021-09,4,1,,10453|246|2021-07-27,-0.0288665929602418,-0.6733664230633328
13564,246,2021-07-27,2021-08-08,13,control,0,0.0017006382,0,dept_246_closure_2021-07-27,2021-09-17,2021-09,4,1,,13564|246|2021-07-27,-0.3060793347602418,-0.6733664230633328
15110,246,2021-07-27,2021-08-08,13,control,0,0.602054,1,dept_246_closure_2021-07-27,2021-09-17,2021-09,4,1,,15110|246|2021-07-27,0.2942740270397582,-0.6733664230633328
17165,246,2021-07-27,2021-08-08,13,control,0,0.41429704,0,dept_246_closure_2021-07-27,2021-09-17,2021-09,4,1,1.0,17165|246|2021-07-27,0.10651706703975822,-0.6733664230633328
17345,246,2021-07-27,2021-08-08,13,control,0,0.0024025764,0,dept_246_closure_2021-07-27,2021-09-17,2021-09,4,1,,17345|246|2021-07-27,-0.30537739656024177,-0.6733664230633328
18589,246,2021-07-27,2021-08-08,13,treatment,1,0.5930257,1,dept_246_closure_2021-07-27,2021-09-17,2021-09,4,1,,18589|246|2021-07-27,0.2852457270397582,-0.6733664230633328
21757,246,2021-07-27,2021-08-08,13,control,0,0.9689673,1,dept_246_closure_2021-07-27,2021-09-17,2021-09,4,1,0.0,21757|246|2021-07-27,0.6611873270397581,-0.6733664230633328
22359,246,2021-07-27,2021-08-08,13,control,0,0.9641852,1,dept_246_closure_2021-07-27,2021-09-17,2021-09,4,1,0.5,22359|246|2021-07-27,0.6564052270397582,-0.6733664230633328
24301,246,2021-07-27,2021-08-08,13,control,0,0.021089468,0,dept_246_closure_2021-07-27,2021-09-17,2021-09,4,1,,24301|246|2021-07-27,-0.2866905049602418,-0.6733664230633328
24607,246,2021-07-27,2021-08-08,13,control,0,0.03506704,0,dept_246_closure_2021-07-27,2021-09-17,2021-09,4,1,1.0,24607|246|2021-07-27,-0.2727129329602418,-0.6733664230633328
26093,246,2021-07-27,2021-08-08,13,control,0,0.34219438,0,dept_246_closure_2021-07-27,2021-09-17,2021-09,4,1,,26093|246|2021-07-27,0.03441440703975823,-0.6733664230633328
28789,246,2021-07-27,2021-08-08,13,control,0,0.40815812,0,dept_246_closure_2021-07-27,2021-09-17,2021-09,4,1,0.0,28789|246|2021-07-27,0.10037814703975823,-0.6733664230633328
29360,246,2021-07-27,2021-08-08,13,control,0,0.008516339,0,dept_246_closure_2021-07-27,2021-09-17,2021-09,4,1,,29360|246|2021-07-27,-0.2992636339602418,-0.6733664230633328
29942,246,2021-07-27,2021-08-08,13,control,0,0.013229424,0,dept_246_closure_2021-07-27,2021-09-17,2021-09,4,1,,29942|246|2021-07-27,-0.2945505489602418,-0.6733664230633328
33721,246,2021-07-27,2021-08-08,13,control,0,0.027535504,0,dept_246_closure_2021-07-27,2021-09-17,2021-09,4,1,0.0,33721|246|2021-07-27,-0.2802444689602418,-0.6733664230633328
33984,246,2021-07-27,2021-08-08,13,control,0,0.39668542,0,dept_246_closure_2021-07-27,2021-09-17,2021-09,4,1,,33984|246|2021-07-27,0.08890544703975822,-0.6733664230633328
34002,246,2021-07-27,2021-08-08,13,control,0,0.5526398,1,dept_246_closure_2021-07-27,2021-09-17,2021-09,4,1,1.0,34002|246|2021-07-27,0.24485982703975823,-0.6733664230633328
35232,246,2021-07-27,2021-08-08,13,control,0,0.85742676,1,dept_246_closure_2021-07-27,2021-09-17,2021-09,4,1,0.5,35232|246|2021-07-27,0.5496467870397581,-0.6733664230633328
35996,246,2021-07-27,2021-08-08,13,control,0,0.49443996,0,dept_246_closure_2021-07-27,2021-09-17,2021-09,4,1,0.5,35996|246|2021-07-27,0.18665998703975822,-0.6733664230633328
37485,246,2021-07-27,2021-08-08,13,control,0,0.010235807,0,dept_246_closure_2021-07-27,2021-09-17,2021-09,4,1,,37485|246|2021-07-27,-0.2975441659602418,-0.6733664230633328
37506,246,2021-07-27,2021-08-08,13,treatment,1,0.5700365,1,dept_246_closure_2021-07-27,2021-09-17,2021-09,4,1,,37506|246|2021-07-27,0.26225652703975816,-0.6733664230633328
37541,246,2021-07-27,2021-08-08,13,control,0,0.0052991416,0,dept_246_closure_2021-07-27,2021-09-17,2021-09,4,1,,37541|246|2021-07-27,-0.3024808313602418,-0.6733664230633328
41263,246,2021-07-27,2021-08-08,13,control,0,0.97604525,1,dept_246_closure_2021-07-27,2021-09-17,2021-09,4,1,0.0,41263|246|2021-07-27,0.6682652770397581,-0.6733664230633328
41289,246,2021-07-27,2021-08-08,13,control,0,0.003877407,0,dept_246_closure_2021-07-27,2021-09-17,2021-09,4,1,,41289|246|2021-07-27,-0.3039025659602418,-0.6733664230633328
41747,246,2021-07-27,2021-08-08,13,control,0,0.024151748,0,dept_246_closure_2021-07-27,2021-09-17,2021-09,4,1,,41747|246|2021-07-27,-0.28362822496024176,-0.6733664230633328
41924,246,2021-07-27,2021-08-08,13,control,0,0.024839915,0,dept_246_closure_2021-07-27,2021-09-17,2021-09,4,1,,41924|246|2021-07-27,-0.2829400579602418,-0.6733664230633328
43570,246,2021-07-27,2021-08-08,13,control,0,0.50512415,1,dept_246_closure_2021-07-27,2021-09-17,2021-09,4,1,1.0,43570|246|2021-07-27,0.1973441770397582,-0.6733664230633328
44805,246,2021-07-27,2021-08-08,13,control,0,0.006438557,0,dept_246_closure_2021-07-27,2021-09-17,2021-09,4,1,,44805|246|2021-07-27,-0.3013414159602418,-0.6733664230633328
46323,246,2021-07-27,2021-08-08,13,control,0,0.004436662,0,dept_246_closure_2021-07-27,2021-09-17,2021-09,4,1,,46323|246|2021-07-27,-0.3033433109602418,-0.6733664230633328
48069,246,2021-07-27,2021-08-08,13,control,0,0.036547642,0,dept_246_closure_2021-07-27,2021-09-17,2021-09,4,1,,48069|246|2021-07-27,-0.2712323309602418,-0.6733664230633328
48118,246,2021-07-27,2021-08-08,13,control,0,0.007977607,0,dept_246_closure_2021-07-27,2021-09-17,2021-09,4,1,,48118|246|2021-07-27,-0.2998023659602418,-0.6733664230633328
49114,246,2021-07-27,2021-08-08,13,control,0,0.01653051,0,dept_246_closure_2021-07-27,2021-09-17,2021-09,4,1,,49114|246|2021-07-27,-0.2912494629602418,-0.6733664230633328
50430,246,2021-07-27,2021-08-08,13,control,0,0.12106775,0,dept_246_closure_2021-07-27,2021-09-17,2021-09,4,1,,50430|246|2021-07-27,-0.18671222296024179,-0.6733664230633328
55719,246,2021-07-27,2021-08-08,13,control,0,0.06846984,0,dept_246_closure_2021-07-27,2021-09-17,2021-09,4,1,,55719|246|2021-07-27,-0.23931013296024178,-0.6733664230633328
58174,246,2021-07-27,2021-08-08,13,treatment,1,0.025775751,0,dept_246_closure_2021-07-27,2021-09-17,2021-09,4,1,,58174|246|2021-07-27,-0.2820042219602418,-0.6733664230633328
61470,246,2021-07-27,2021-08-08,13,control,0,0.0019178551,0,dept_246_closure_2021-07-27,2021-09-17,2021-09,4,1,,61470|246|2021-07-27,-0.3058621178602418,-0.6733664230633328
62467,246,2021-07-27,2021-08-08,13,control,0,0.7539235,1,dept_246_closure_2021-07-27,2021-09-17,2021-09,4,1,,62467|246|2021-07-27,0.4461435270397582,-0.6733664230633328
62617,246,2021-07-27,2021-08-08,13,control,0,0.2802774,0,dept_246_closure_2021-07-27,2021-09-17,2021-09,4,1,,62617|246|2021-07-27,-0.027502572960241778,-0.6733664230633328
63894,246,2021-07-27,2021-08-08,13,treatment,1,0.0032472073,0,dept_246_closure_2021-07-27,2021-09-17,2021-09,4,1,,63894|246|2021-07-27,-0.3045327656602418,-0.6733664230633328
64161,246,2021-07-27,2021-08-08,13,control,0,0.34984437,0,dept_246_closure_2021-07-27,2021-09-17,2021-09,4,1,,64161|246|2021-07-27,0.04206439703975823,-0.6733664230633328
64994,246,2021-07-27,2021-08-08,13,control,0,0.14465883,0,dept_246_closure_2021-07-27,2021-09-17,2021-09,4,1,,64994|246|2021-07-27,-0.1631211429602418,-0.6733664230633328
65724,246,2021-07-27,2021-08-08,13,control,0,0.3674528,0,dept_246_closure_2021-07-27,2021-09-17,2021-09,4,1,,65724|246|2021-07-27,0.059672827039758236,-0.6733664230633328
68795,246,2021-07-27,2021-08-08,13,control,0,0.9651761,1,dept_246_closure_2021-07-27,2021-09-17,2021-09,4,1,1.0,68795|246|2021-07-27,0.6573961270397581,-0.6733664230633328
74930,246,2021-07-27,2021-08-08,13,control,0,0.006238125,0,dept_246_closure_2021-07-27,2021-09-17,2021-09,4,1,,74930|246|2021-07-27,-0.3015418479602418,-0.6733664230633328
75254,246,2021-07-27,2021-08-08,13,control,0,0.006278402,0,dept_246_closure_2021-07-27,2021-09-17,2021-09,4,1,,75254|246|2021-07-27,-0.30150157096024177,-0.6733664230633328
75454,246,2021-07-27,2021-08-08,13,control,0,0.051739547,0,dept_246_closure_2021-07-27,2021-09-17,2021-09,4,1,,75454|246|2021-07-27,-0.2560404259602418,-0.6733664230633328
77627,246,2021-07-27,2021-08-08,13,control,0,0.9423059,1,dept_246_closure_2021-07-27,2021-09-17,2021-09,4,1,,77627|246|2021-07-27,0.6345259270397583,-0.6733664230633328
80592,246,2021-07-27,2021-08-08,13,control,0,0.0012003159,0,dept_246_closure_2021-07-27,2021-09-17,2021-09,4,1,,80592|246|2021-07-27,-0.30657965706024176,-0.6733664230633328
83197,246,2021-07-27,2021-08-08,13,control,0,0.060882423,0,dept_246_closure_2021-07-27,2021-09-17,2021-09,4,1,,83197|246|2021-07-27,-0.2468975499602418,-0.6733664230633328
83512,246,2021-07-27,2021-08-08,13,treatment,1,0.0007489331,0,dept_246_closure_2021-07-27,2021-09-17,2021-09,4,1,,83512|246|2021-07-27,-0.3070310398602418,-0.6733664230633328
83837,246,2021-07-27,2021-08-08,13,control,0,0.032278985,0,dept_246_closure_2021-07-27,2021-09-17,2021-09,4,1,,83837|246|2021-07-27,-0.2755009879602418,-0.6733664230633328
84880,246,2021-07-27,2021-08-08,13,control,0,0.00688161,0,dept_246_closure_2021-07-27,2021-09-17,2021-09,4,1,,84880|246|2021-07-27,-0.3008983629602418,-0.6733664230633328
85945,246,2021-07-27,2021-08-08,13,control,0,0.0026010852,0,dept_246_closure_2021-07-27,2021-09-17,2021-09,4,1,1.0,85945|246|2021-07-27,-0.30517888776024177,-0.6733664230633328
88701,246,2021-07-27,2021-08-08,13,control,0,0.002537611,0,dept_246_closure_2021-07-27,2021-09-17,2021-09,4,1,,88701|246|2021-07-27,-0.3052423619602418,-0.6733664230633328
89391,246,2021-07-27,2021-08-08,13,control,0,0.009230248,0,dept_246_closure_2021-07-27,2021-09-17,2021-09,4,1,,89391|246|2021-07-27,-0.2985497249602418,-0.6733664230633328
94006,246,2021-07-27,2021-08-08,13,control,0,0.28857115,0,dept_246_closure_2021-07-27,2021-09-17,2021-09,4,1,,94006|246|2021-07-27,-0.01920882296024179,-0.6733664230633328
99636,246,2021-07-27,2021-08-08,13,treatment,1,0.48824883,0,dept_246_closure_2021-07-27,2021-09-17,2021-09,4,1,,99636|246|2021-07-27,0.18046885703975823,-0.6733664230633328
100285,246,2021-07-27,2021-08-08,13,control,0,0.0010297304,0,dept_246_closure_2021-07-27,2021-09-17,2021-09,4,1,,100285|246|2021-07-27,-0.3067502425602418,-0.6733664230633328
101690,246,2021-07-27,2021-08-08,13,control,0,0.0054791784,0,dept_246_closure_2021-07-27,2021-09-17,2021-09,4,1,,101690|246|2021-07-27,-0.3023007945602418,-0.6733664230633328
102939,246,2021-07-27,2021-08-08,13,control,0,0.056172602,0,dept_246_closure_2021-07-27,2021-09-17,2021-09,4,1,,102939|246|2021-07-27,-0.25160737096024177,-0.6733664230633328
104364,246,2021-07-27,2021-08-08,13,treatment,1,0.0011055329,0,dept_246_closure_2021-07-27,2021-09-17,2021-09,4,1,,104364|246|2021-07-27,-0.3066744400602418,-0.6733664230633328
104791,246,2021-07-27,2021-08-08,13,control,0,0.00038451306,0,dept_246_closure_2021-07-27,2021-09-17,2021-09,4,1,,104791|246|2021-07-27,-0.3073954599002418,-0.6733664230633328
104999,246,2021-07-27,2021-08-08,13,control,0,0.77188766,1,dept_246_closure_2021-07-27,2021-09-17,2021-09,4,1,0.0,104999|246|2021-07-27,0.4641076870397582,-0.6733664230633328
106451,246,2021-07-27,2021-08-08,13,control,0,0.59141666,1,dept_246_closure_2021-07-27,2021-09-17,2021-09,4,1,0.0,106451|246|2021-07-27,0.28363668703975825,-0.6733664230633328
107729,246,2021-07-27,2021-08-08,13,treatment,1,0.9872944,1,dept_246_closure_2021-07-27,2021-09-17,2021-09,4,1,,107729|246|2021-07-27,0.6795144270397582,-0.6733664230633328
108290,246,2021-07-27,2021-08-08,13,control,0,0.27102268,0,dept_246_closure_2021-07-27,2021-09-17,2021-09,4,1,1.0,108290|246|2021-07-27,-0.03675729296024177,-0.6733664230633328
108602,246,2021-07-27,2021-08-08,13,control,0,0.12955897,0,dept_246_closure_2021-07-27,2021-09-17,2021-09,4,1,,108602|246|2021-07-27,-0.1782210029602418,-0.6733664230633328
110523,246,2021-07-27,2021-08-08,13,treatment,1,0.033722427,0,dept_246_closure_2021-07-27,2021-09-17,2021-09,4,1,,110523|246|2021-07-27,-0.2740575459602418,-0.6733664230633328
111618,246,2021-07-27,2021-08-08,13,control,0,0.020083731,0,dept_246_closure_2021-07-27,2021-09-17,2021-09,4,1,,111618|246|2021-07-27,-0.2876962419602418,-0.6733664230633328
113259,246,2021-07-27,2021-08-08,13,control,0,0.2508315,0,dept_246_closure_2021-07-27,2021-09-17,2021-09,4,1,,113259|246|2021-07-27,-0.0569484729602418,-0.6733664230633328
115213,246,2021-07-27,2021-08-08,13,control,0,0.8139987,1,dept_246_closure_2021-07-27,2021-09-17,2021-09,4,1,0.0,115213|246|2021-07-27,0.5062187270397582,-0.6733664230633328
115992,246,2021-07-27,2021-08-08,13,control,0,0.0014414658,0,dept_246_closure_2021-07-27,2021-09-17,2021-09,4,1,,115992|246|2021-07-27,-0.3063385071602418,-0.6733664230633328
117266,246,2021-07-27,2021-08-08,13,control,0,0.04361259,0,dept_246_closure_2021-07-27,2021-09-17,2021-09,4,1,,117266|246|2021-07-27,-0.2641673829602418,-0.6733664230633328
117463,246,2021-07-27,2021-08-08,13,treatment,1,0.000519652,0,dept_246_closure_2021-07-27,2021-09-17,2021-09,4,1,,117463|246|2021-07-27,-0.3072603209602418,-0.6733664230633328
117689,246,2021-07-27,2021-08-08,13,control,0,0.11426322,0,dept_246_closure_2021-07-27,2021-09-17,2021-09,4,1,,117689|246|2021-07-27,-0.1935167529602418,-0.6733664230633328
118028,246,2021-07-27,2021-08-08,13,control,0,0.042520892,0,dept_246_closure_2021-07-27,2021-09-17,2021-09,4,1,1.0,118028|246|2021-07-27,-0.2652590809602418,-0.6733664230633328
123845,246,2021-07-27,2021-08-08,13,control,0,0.0049063414,0,dept_246_closure_2021-07-27,2021-09-17,2021-09,4,1,,123845|246|2021-07-27,-0.3028736315602418,-0.6733664230633328
124140,246,2021-07-27,2021-08-08,13,control,0,0.00077034417,0,dept_246_closure_2021-07-27,2021-09-17,2021-09,4,1,,124140|246|2021-07-27,-0.3070096287902418,-0.6733664230633328
124519,246,2021-07-27,2021-08-08,13,control,0,0.1613756,0,dept_246_closure_2021-07-27,2021-09-17,2021-09,4,1,1.0,124519|246|2021-07-27,-0.14640437296024178,-0.6733664230633328
125288,246,2021-07-27,2021-08-08,13,treatment,1,0.00042904564,0,dept_246_closure_2021-07-27,2021-09-17,2021-09,4,1,,125288|246|2021-07-27,-0.3073509273202418,-0.6733664230633328
126383,246,2021-07-27,2021-08-08,13,control,0,0.015411615,0,dept_246_closure_2021-07-27,2021-09-17,2021-09,4,1,,126383|246|2021-07-27,-0.2923683579602418,-0.6733664230633328
127325,246,2021-07-27,2021-08-08,13,control,0,0.31199288,0,dept_246_closure_2021-07-27,2021-09-17,2021-09,4,1,,127325|246|2021-07-27,0.004212907039758185,-0.6733664230633328
133214,246,2021-07-27,2021-08-08,13,control,0,0.007817035,0,dept_246_closure_2021-07-27,2021-09-17,2021-09,4,1,,133214|246|2021-07-27,-0.29996293796024176,-0.6733664230633328
133833,246,2021-07-27,2021-08-08,13,control,0,0.0031631151,0,dept_246_closure_2021-07-27,2021-09-17,2021-09,4,1,,133833|246|2021-07-27,-0.3046168578602418,-0.6733664230633328
135205,246,2021-07-27,2021-08-08,13,control,0,0.0010553765,0,dept_246_closure_2021-07-27,2021-09-17,2021-09,4,1,,135205|246|2021-07-27,-0.3067245964602418,-0.6733664230633328
136057,246,2021-07-27,2021-08-08,13,control,0,0.2031454,0,dept_246_closure_2021-07-27,2021-09-17,2021-09,4,1,,136057|246|2021-07-27,-0.10463457296024178,-0.6733664230633328
136063,246,2021-07-27,2021-08-08,13,control,0,0.005267139,0,dept_246_closure_2021-07-27,2021-09-17,2021-09,4,1,,136063|246|2021-07-27,-0.3025128339602418,-0.6733664230633328
137955,246,2021-07-27,2021-08-08,13,control,0,0.8207661,1,dept_246_closure_2021-07-27,2021-09-17,2021-09,4,1,,137955|246|2021-07-27,0.5129861270397582,-0.6733664230633328
138417,246,2021-07-27,2021-08-08,13,control,0,0.03873831,0,dept_246_closure_2021-07-27,2021-09-17,2021-09,4,1,,138417|246|2021-07-27,-0.2690416629602418,-0.6733664230633328
138825,246,2021-07-27,2021-08-08,13,control,0,0.27647775,0,dept_246_closure_2021-07-27,2021-09-17,2021-09,4,1,0.0,138825|246|2021-07-27,-0.031302222960241766,-0.6733664230633328
139774,246,2021-07-27,2021-08-08,13,control,0,0.06656849,0,dept_246_closure_2021-07-27,2021-09-17,2021-09,4,1,,139774|246|2021-07-27,-0.2412114829602418,-0.6733664230633328
143776,246,2021-07-27,2021-08-08,13,control,0,0.14395767,0,dept_246_closure_2021-07-27,2021-09-17,2021-09,4,1,,143776|246|2021-07-27,-0.16382230296024178,-0.6733664230633328
145372,246,2021-07-27,2021-08-08,13,treatment,1,0.0004766058,0,dept_246_closure_2021-07-27,2021-09-17,2021-09,4,1,,145372|246|2021-07-27,-0.3073033671602418,-0.6733664230633328
147307,246,2021-07-27,2021-08-08,13,control,0,0.0975213,0,dept_246_closure_2021-07-27,2021-09-17,2021-09,4,1,,147307|246|2021-07-27,-0.21025867296024178,-0.6733664230633328
148127,246,2021-07-27,2021-08-08,13,control,0,0.07233724,0,dept_246_closure_2021-07-27,2021-09-17,2021-09,4,1,,148127|246|2021-07-27,-0.2354427329602418,-0.6733664230633328
148441,246,2021-07-27,2021-08-08,13,control,0,0.2556321,0,dept_246_closure_2021-07-27,2021-09-17,2021-09,4,1,0.6666666666666666,148441|246|2021-07-27,-0.052147872960241815,-0.6733664230633328
151009,246,2021-07-27,2021-08-08,13,control,0,0.6553716,1,dept_246_closure_2021-07-27,2021-09-17,2021-09,4,1,0.5,151009|246|2021-07-27,0.34759162703975827,-0.6733664230633328
151024,246,2021-07-27,2021-08-08,13,control,0,0.5315132,1,dept_246_closure_2021-07-27,2021-09-17,2021-09,4,1,,151024|246|2021-07-27,0.22373322703975823,-0.6733664230633328
152032,246,2021-07-27,2021-08-08,13,control,0,0.80558157,1,dept_246_closure_2021-07-27,2021-09-17,2021-09,4,1,,152032|246|2021-07-27,0.4978015970397582,-0.6733664230633328
155231,246,2021-07-27,2021-08-08,13,treatment,1,0.012627428,0,dept_246_closure_2021-07-27,2021-09-17,2021-09,4,1,,155231|246|2021-07-27,-0.2951525449602418,-0.6733664230633328
155553,246,2021-07-27,2021-08-08,13,control,0,0.0030715873,0,dept_246_closure_2021-07-27,2021-09-17,2021-09,4,1,,155553|246|2021-07-27,-0.3047083856602418,-0.6733664230633328
155965,246,2021-07-27,2021-08-08,13,control,0,0.006050398,0,dept_246_closure_2021-07-27,2021-09-17,2021-09,4,1,,155965|246|2021-07-27,-0.3017295749602418,-0.6733664230633328
156315,246,2021-07-27,2021-08-08,13,control,0,0.012487564,0,dept_246_closure_2021-07-27,2021-09-17,2021-09,4,1,1.0,156315|246|2021-07-27,-0.2952924089602418,-0.6733664230633328
156681,246,2021-07-27,2021-08-08,13,control,0,0.8056619,1,dept_246_closure_2021-07-27,2021-09-17,2021-09,4,1,0.5,156681|246|2021-07-27,0.49788192703975825,-0.6733664230633328
157356,246,2021-07-27,2021-08-08,13,control,0,0.36475253,0,dept_246_closure_2021-07-27,2021-09-17,2021-09,4,1,0.3333333333333333,157356|246|2021-07-27,0.05697255703975823,-0.6733664230633328
159290,246,2021-07-27,2021-08-08,13,control,0,0.520794,1,dept_246_closure_2021-07-27,2021-09-17,2021-09,4,1,1.0,159290|246|2021-07-27,0.2130140270397582,-0.6733664230633328
163009,246,2021-07-27,2021-08-08,13,control,0,0.0032412908,0,dept_246_closure_2021-07-27,2021-09-17,2021-09,4,1,,163009|246|2021-07-27,-0.30453868216024177,-0.6733664230633328
168851,246,2021-07-27,2021-08-08,13,treatment,1,0.14223818,0,dept_246_closure_2021-07-27,2021-09-17,2021-09,4,1,,168851|246|2021-07-27,-0.1655417929602418,-0.6733664230633328
168859,246,2021-07-27,2021-08-08,13,control,0,0.23655716,0,dept_246_closure_2021-07-27,2021-09-17,2021-09,4,1,,168859|246|2021-07-27,-0.0712228129602418,-0.6733664230633328
169284,246,2021-07-27,2021-08-08,13,control,0,0.077404,0,dept_246_closure_2021-07-27,2021-09-17,2021-09,4,1,,169284|246|2021-07-27,-0.2303759729602418,-0.6733664230633328
169779,246,2021-07-27,2021-08-08,13,control,0,0.5095837,1,dept_246_closure_2021-07-27,2021-09-17,2021-09,4,1,0.0,169779|246|2021-07-27,0.20180372703975819,-0.6733664230633328
170648,246,2021-07-27,2021-08-08,13,control,0,0.08296131,0,dept_246_closure_2021-07-27,2021-09-17,2021-09,4,1,0.8,170648|246|2021-07-27,-0.22481866296024178,-0.6733664230633328
171829,246,2021-07-27,2021-08-08,13,control,0,0.7854076,1,dept_246_closure_2021-07-27,2021-09-17,2021-09,4,1,,171829|246|2021-07-27,0.4776276270397582,-0.6733664230633328
174299,246,2021-07-27,2021-08-08,13,control,0,0.12492011,0,dept_246_closure_2021-07-27,2021-09-17,2021-09,4,1,0.0,174299|246|2021-07-27,-0.1828598629602418,-0.6733664230633328
175565,246,2021-07-27,2021-08-08,13,control,0,0.00043081085,0,dept_246_closure_2021-07-27,2021-09-17,2021-09,4,1,,175565|246|2021-07-27,-0.30734916211024177,-0.6733664230633328
180465,246,2021-07-27,2021-08-08,13,treatment,1,0.259185,0,dept_246_closure_2021-07-27,2021-09-17,2021-09,4,1,,180465|246|2021-07-27,-0.04859497296024179,-0.6733664230633328
181998,246,2021-07-27,2021-08-08,13,control,0,0.143926,0,dept_246_closure_2021-07-27,2021-09-17,2021-09,4,1,,181998|246|2021-07-27,-0.1638539729602418,-0.6733664230633328
183672,246,2021-07-27,2021-08-08,13,control,0,0.0026851657,0,dept_246_closure_2021-07-27,2021-09-17,2021-09,4,1,,183672|246|2021-07-27,-0.3050948072602418,-0.6733664230633328
184494,246,2021-07-27,2021-08-08,13,control,0,0.8184082,1,dept_246_closure_2021-07-27,2021-09-17,2021-09,4,1,1.0,184494|246|2021-07-27,0.5106282270397582,-0.6733664230633328
184868,246,2021-07-27,2021-08-08,13,control,0,0.36570916,0,dept_246_closure_2021-07-27,2021-09-17,2021-09,4,1,,184868|246|2021-07-27,0.05792918703975819,-0.6733664230633328
188771,246,2021-07-27,2021-08-08,13,control,0,0.008155373,0,dept_246_closure_2021-07-27,2021-09-17,2021-09,4,1,,188771|246|2021-07-27,-0.29962459996024177,-0.6733664230633328
191129,246,2021-07-27,2021-08-08,13,control,0,0.00997795,0,dept_246_closure_2021-07-27,2021-09-17,2021-09,4,1,,191129|246|2021-07-27,-0.2978020229602418,-0.6733664230633328
197542,246,2021-07-27,2021-08-08,13,control,0,0.038574096,0,dept_246_closure_2021-07-27,2021-09-17,2021-09,4,1,,197542|246|2021-07-27,-0.2692058769602418,-0.6733664230633328
199413,246,2021-07-27,2021-08-08,13,control,0,0.02999612,0,dept_246_closure_2021-07-27,2021-09-17,2021-09,4,1,,199413|246|2021-07-27,-0.2777838529602418,-0.6733664230633328
203579,246,2021-07-27,2021-08-08,13,control,0,0.004454911,0,dept_246_closure_2021-07-27,2021-09-17,2021-09,4,1,,203579|246|2021-07-27,-0.3033250619602418,-0.6733664230633328
203841,246,2021-07-27,2021-08-08,13,control,0,0.0010743989,0,dept_246_closure_2021-07-27,2021-09-17,2021-09,4,1,,203841|246|2021-07-27,-0.3067055740602418,-0.6733664230633328
204424,246,2021-07-27,2021-08-08,13,control,0,0.01007441,0,dept_246_closure_2021-07-27,2021-09-17,2021-09,4,1,,204424|246|2021-07-27,-0.2977055629602418,-0.6733664230633328
204924,246,2021-07-27,2021-08-08,13,control,0,0.00014777645,0,dept_246_closure_2021-07-27,2021-09-17,2021-09,4,1,,204924|246|2021-07-27,-0.30763219651024176,-0.6733664230633328
205498,246,2021-07-27,2021-08-08,13,control,0,0.010686833,0,dept_246_closure_2021-07-27,2021-09-17,2021-09,4,1,0.0,205498|246|2021-07-27,-0.2970931399602418,-0.6733664230633328
208321,246,2021-07-27,2021-08-08,13,control,0,0.009726258,0,dept_246_closure_2021-07-27,2021-09-17,2021-09,4,1,,208321|246|2021-07-27,-0.2980537149602418,-0.6733664230633328
210109,246,2021-07-27,2021-08-08,13,control,0,0.2929824,0,dept_246_closure_2021-07-27,2021-09-17,2021-09,4,1,,210109|246|2021-07-27,-0.014797572960241812,-0.6733664230633328
210669,246,2021-07-27,2021-08-08,13,treatment,1,0.013678787,0,dept_246_closure_2021-07-27,2021-09-17,2021-09,4,1,,210669|246|2021-07-27,-0.29410118596024176,-0.6733664230633328
215562,246,2021-07-27,2021-08-08,13,control,0,0.04311617,0,dept_246_closure_2021-07-27,2021-09-17,2021-09,4,1,,215562|246|2021-07-27,-0.2646638029602418,-0.6733664230633328
217728,246,2021-07-27,2021-08-08,13,control,0,0.029586418,0,dept_246_closure_2021-07-27,2021-09-17,2021-09,4,1,,217728|246|2021-07-27,-0.2781935549602418,-0.6733664230633328
218261,246,2021-07-27,2021-08-08,13,treatment,1,0.0028441278,0,dept_246_closure_2021-07-27,2021-09-17,2021-09,4,1,,218261|246|2021-07-27,-0.3049358451602418,-0.6733664230633328
220611,246,2021-07-27,2021-08-08,13,control,0,0.4585377,0,dept_246_closure_2021-07-27,2021-09-17,2021-09,4,1,1.0,220611|246|2021-07-27,0.1507577270397582,-0.6733664230633328
225448,246,2021-07-27,2021-08-08,13,control,0,0.0052057686,0,dept_246_closure_2021-07-27,2021-09-17,2021-09,4,1,,225448|246|2021-07-27,-0.3025742043602418,-0.6733664230633328
225682,246,2021-07-27,2021-08-08,13,control,0,0.001283649,0,dept_246_closure_2021-07-27,2021-09-17,2021-09,4,1,,225682|246|2021-07-27,-0.3064963239602418,-0.6733664230633328
226835,246,2021-07-27,2021-08-08,13,control,0,0.12201637,0,dept_246_closure_2021-07-27,2021-09-17,2021-09,4,1,,226835|246|2021-07-27,-0.1857636029602418,-0.6733664230633328
229636,246,2021-07-27,2021-08-08,13,control,0,0.3207437,0,dept_246_closure_2021-07-27,2021-09-17,2021-09,4,1,,229636|246|2021-07-27,0.012963727039758233,-0.6733664230633328
230132,246,2021-07-27,2021-08-08,13,control,0,0.06859596,0,dept_246_closure_2021-07-27,2021-09-17,2021-09,4,1,,230132|246|2021-07-27,-0.23918401296024178,-0.6733664230633328
233290,246,2021-07-27,2021-08-08,13,control,0,0.52270347,1,dept_246_closure_2021-07-27,2021-09-17,2021-09,4,1,,233290|246|2021-07-27,0.21492349703975816,-0.6733664230633328
233346,246,2021-07-27,2021-08-08,13,control,0,0.00021615047,0,dept_246_closure_2021-07-27,2021-09-17,2021-09,4,1,,233346|246|2021-07-27,-0.3075638224902418,-0.6733664230633328
234672,246,2021-07-27,2021-08-08,13,control,0,0.000580863,0,dept_246_closure_2021-07-27,2021-09-17,2021-09,4,1,,234672|246|2021-07-27,-0.3071991099602418,-0.6733664230633328
236029,246,2021-07-27,2021-08-08,13,control,0,0.040655516,0,dept_246_closure_2021-07-27,2021-09-17,2021-09,4,1,,236029|246|2021-07-27,-0.2671244569602418,-0.6733664230633328
236820,246,2021-07-27,2021-08-08,13,control,0,0.00022939839,0,dept_246_closure_2021-07-27,2021-09-17,2021-09,4,1,,236820|246|2021-07-27,-0.30755057457024176,-0.6733664230633328
236997,246,2021-07-27,2021-08-08,13,control,0,0.36613643,0,dept_246_closure_2021-07-27,2021-09-17,2021-09,4,1,0.5,236997|246|2021-07-27,0.058356457039758225,-0.6733664230633328
237146,246,2021-07-27,2021-08-08,13,control,0,0.61688244,1,dept_246_closure_2021-07-27,2021-09-17,2021-09,4,1,1.0,237146|246|2021-07-27,0.30910246703975824,-0.6733664230633328
237810,246,2021-07-27,2021-08-08,13,control,0,0.005046733,0,dept_246_closure_2021-07-27,2021-09-17,2021-09,4,1,,237810|246|2021-07-27,-0.30273323996024176,-0.6733664230633328
238525,246,2021-07-27,2021-08-08,13,control,0,0.007303511,0,dept_246_closure_2021-07-27,2021-09-17,2021-09,4,1,,238525|246|2021-07-27,-0.3004764619602418,-0.6733664230633328
241338,246,2021-07-27,2021-08-08,13,control,0,0.021715533,0,dept_246_closure_2021-07-27,2021-09-17,2021-09,4,1,,241338|246|2021-07-27,-0.2860644399602418,-0.6733664230633328
241507,246,2021-07-27,2021-08-08,13,control,0,0.20312865,0,dept_246_closure_2021-07-27,2021-09-17,2021-09,4,1,,241507|246|2021-07-27,-0.1046513229602418,-0.6733664230633328
244794,246,2021-07-27,2021-08-08,13,control,0,0.33012336,0,dept_246_closure_2021-07-27,2021-09-17,2021-09,4,1,,244794|246|2021-07-27,0.02234338703975819,-0.6733664230633328
245077,246,2021-07-27,2021-08-08,13,control,0,0.10267958,0,dept_246_closure_2021-07-27,2021-09-17,2021-09,4,1,,245077|246|2021-07-27,-0.2051003929602418,-0.6733664230633328
246094,246,2021-07-27,2021-08-08,13,control,0,0.0079742605,0,dept_246_closure_2021-07-27,2021-09-17,2021-09,4,1,,246094|246|2021-07-27,-0.2998057124602418,-0.6733664230633328
247767,246,2021-07-27,2021-08-08,13,control,0,0.0012259317,0,dept_246_closure_2021-07-27,2021-09-17,2021-09,4,1,,247767|246|2021-07-27,-0.30655404126024177,-0.6733664230633328
249817,246,2021-07-27,2021-08-08,13,treatment,1,0.44966677,0,dept_246_closure_2021-07-27,2021-09-17,2021-09,4,1,,249817|246|2021-07-27,0.1418867970397582,-0.6733664230633328
250542,246,2021-07-27,2021-08-08,13,control,0,0.0035489663,0,dept_246_closure_2021-07-27,2021-09-17,2021-09,4,1,,250542|246|2021-07-27,-0.3042310066602418,-0.6733664230633328
251334,246,2021-07-27,2021-08-08,13,control,0,0.0025421518,0,dept_246_closure_2021-07-27,2021-09-17,2021-09,4,1,,251334|246|2021-07-27,-0.3052378211602418,-0.6733664230633328
252087,246,2021-07-27,2021-08-08,13,control,0,0.8424901,1,dept_246_closure_2021-07-27,2021-09-17,2021-09,4,1,1.0,252087|246|2021-07-27,0.5347101270397583,-0.6733664230633328
252217,246,2021-07-27,2021-08-08,13,control,0,0.7053127,1,dept_246_closure_2021-07-27,2021-09-17,2021-09,4,1,1.0,252217|246|2021-07-27,0.3975327270397582,-0.6733664230633328
255689,246,2021-07-27,2021-08-08,13,control,0,0.55216575,1,dept_246_closure_2021-07-27,2021-09-17,2021-09,4,1,,255689|246|2021-07-27,0.24438577703975822,-0.6733664230633328
255874,246,2021-07-27,2021-08-08,13,control,0,0.078918055,0,dept_246_closure_2021-07-27,2021-09-17,2021-09,4,1,1.0,255874|246|2021-07-27,-0.2288619179602418,-0.6733664230633328
257892,246,2021-07-27,2021-08-08,13,treatment,1,0.09642344,0,dept_246_closure_2021-07-27,2021-09-17,2021-09,4,1,,257892|246|2021-07-27,-0.2113565329602418,-0.6733664230633328
259539,246,2021-07-27,2021-08-08,13,control,0,0.98992246,1,dept_246_closure_2021-07-27,2021-09-17,2021-09,4,1,0.0,259539|246|2021-07-27,0.6821424870397581,-0.6733664230633328
259582,246,2021-07-27,2021-08-08,13,control,0,0.7666549,1,dept_246_closure_2021-07-27,2021-09-17,2021-09,4,1,,259582|246|2021-07-27,0.45887492703975824,-0.6733664230633328
260406,246,2021-07-27,2021-08-08,13,control,0,0.95459735,1,dept_246_closure_2021-07-27,2021-09-17,2021-09,4,1,0.0,260406|246|2021-07-27,0.6468173770397583,-0.6733664230633328
262174,246,2021-07-27,2021-08-08,13,control,0,0.017433695,0,dept_246_closure_2021-07-27,2021-09-17,2021-09,4,1,,262174|246|2021-07-27,-0.2903462779602418,-0.6733664230633328
262226,246,2021-07-27,2021-08-08,13,treatment,1,0.0046343305,0,dept_246_closure_2021-07-27,2021-09-17,2021-09,4,1,,262226|246|2021-07-27,-0.3031456424602418,-0.6733664230633328
262312,246,2021-07-27,2021-08-08,13,treatment,1,0.30028024,0,dept_246_closure_2021-07-27,2021-09-17,2021-09,4,1,,262312|246|2021-07-27,-0.007499732960241812,-0.6733664230633328
262908,246,2021-07-27,2021-08-08,13,control,0,0.0017360738,0,dept_246_closure_2021-07-27,2021-09-17,2021-09,4,1,,262908|246|2021-07-27,-0.3060438991602418,-0.6733664230633328
265383,246,2021-07-27,2021-08-08,13,control,0,0.3692996,0,dept_246_closure_2021-07-27,2021-09-17,2021-09,4,1,0.0,265383|246|2021-07-27,0.06151962703975822,-0.6733664230633328
266110,246,2021-07-27,2021-08-08,13,control,0,0.14823094,0,dept_246_closure_2021-07-27,2021-09-17,2021-09,4,1,,266110|246|2021-07-27,-0.15954903296024178,-0.6733664230633328
267323,246,2021-07-27,2021-08-08,13,control,0,0.009151967,0,dept_246_closure_2021-07-27,2021-09-17,2021-09,4,1,,267323|246|2021-07-27,-0.2986280059602418,-0.6733664230633328
271753,246,2021-07-27,2021-08-08,13,control,0,0.70104194,1,dept_246_closure_2021-07-27,2021-09-17,2021-09,4,1,0.0,271753|246|2021-07-27,0.3932619670397582,-0.6733664230633328
272325,246,2021-07-27,2021-08-08,13,control,0,0.03747098,0,dept_246_closure_2021-07-27,2021-09-17,2021-09,4,1,,272325|246|2021-07-27,-0.2703089929602418,-0.6733664230633328
274118,246,2021-07-27,2021-08-08,13,control,0,0.16955857,0,dept_246_closure_2021-07-27,2021-09-17,2021-09,4,1,,274118|246|2021-07-27,-0.1382214029602418,-0.6733664230633328
274812,246,2021-07-27,2021-08-08,13,control,0,0.009415506,0,dept_246_closure_2021-07-27,2021-09-17,2021-09,4,1,,274812|246|2021-07-27,-0.29836446696024177,-0.6733664230633328
277601,246,2021-07-27,2021-08-08,13,treatment,1,0.1419399,0,dept_246_closure_2021-07-27,2021-09-17,2021-09,4,1,0.6666666666666666,277601|246|2021-07-27,-0.16584007296024178,-0.6733664230633328
280469,246,2021-07-27,2021-08-08,13,control,0,0.0043828194,0,dept_246_closure_2021-07-27,2021-09-17,2021-09,4,1,,280469|246|2021-07-27,-0.3033971535602418,-0.6733664230633328
283701,246,2021-07-27,2021-08-08,13,control,0,0.001436328,0,dept_246_closure_2021-07-27,2021-09-17,2021-09,4,1,,283701|246|2021-07-27,-0.3063436449602418,-0.6733664230633328
284315,246,2021-07-27,2021-08-08,13,control,0,0.4202311,0,dept_246_closure_2021-07-27,2021-09-17,2021-09,4,1,,284315|246|2021-07-27,0.11245112703975824,-0.6733664230633328
285033,246,2021-07-27,2021-08-08,13,treatment,1,0.00620761,0,dept_246_closure_2021-07-27,2021-09-17,2021-09,4,1,,285033|246|2021-07-27,-0.3015723629602418,-0.6733664230633328
285046,246,2021-07-27,2021-08-08,13,control,0,0.0044367714,0,dept_246_closure_2021-07-27,2021-09-17,2021-09,4,1,,285046|246|2021-07-27,-0.3033432015602418,-0.6733664230633328
285633,246,2021-07-27,2021-08-08,13,control,0,0.43627,0,dept_246_closure_2021-07-27,2021-09-17,2021-09,4,1,,285633|246|2021-07-27,0.1284900270397582,-0.6733664230633328
286482,246,2021-07-27,2021-08-08,13,control,0,0.02225262,0,dept_246_closure_2021-07-27,2021-09-17,2021-09,4,1,1.0,286482|246|2021-07-27,-0.2855273529602418,-0.6733664230633328
286653,246,2021-07-27,2021-08-08,13,control,0,0.0026606242,0,dept_246_closure_2021-07-27,2021-09-17,2021-09,4,1,,286653|246|2021-07-27,-0.30511934876024177,-0.6733664230633328
286897,246,2021-07-27,2021-08-08,13,control,0,0.16014734,0,dept_246_closure_2021-07-27,2021-09-17,2021-09,4,1,,286897|246|2021-07-27,-0.1476326329602418,-0.6733664230633328
287010,246,2021-07-27,2021-08-08,13,treatment,1,0.009861909,0,dept_246_closure_2021-07-27,2021-09-17,2021-09,4,1,,287010|246|2021-07-27,-0.2979180639602418,-0.6733664230633328
287756,246,2021-07-27,2021-08-08,13,treatment,1,0.28949228,0,dept_246_closure_2021-07-27,2021-09-17,2021-09,4,1,1.0,287756|246|2021-07-27,-0.018287692960241797,-0.6733664230633328
288337,246,2021-07-27,2021-08-08,13,treatment,1,0.22882752,0,dept_246_closure_2021-07-27,2021-09-17,2021-09,4,1,1.0,288337|246|2021-07-27,-0.07895245296024178,-0.6733664230633328
288975,246,2021-07-27,2021-08-08,13,control,0,0.492053,0,dept_246_closure_2021-07-27,2021-09-17,2021-09,4,1,,288975|246|2021-07-27,0.18427302703975823,-0.6733664230633328
288983,246,2021-07-27,2021-08-08,13,control,0,0.2496914,0,dept_246_closure_2021-07-27,2021-09-17,2021-09,4,1,,288983|246|2021-07-27,-0.05808857296024178,-0.6733664230633328
290365,246,2021-07-27,2021-08-08,13,control,0,0.10970233,0,dept_246_closure_2021-07-27,2021-09-17,2021-09,4,1,,290365|246|2021-07-27,-0.19807764296024177,-0.6733664230633328
298986,246,2021-07-27,2021-08-08,13,treatment,1,0.04026596,0,dept_246_closure_2021-07-27,2021-09-17,2021-09,4,1,,298986|246|2021-07-27,-0.2675140129602418,-0.6733664230633328
301762,246,2021-07-27,2021-08-08,13,control,0,0.7357581,1,dept_246_closure_2021-07-27,2021-09-17,2021-09,4,1,0.5,301762|246|2021-07-27,0.4279781270397582,-0.6733664230633328
304979,246,2021-07-27,2021-08-08,13,control,0,0.09525018,0,dept_246_closure_2021-07-27,2021-09-17,2021-09,4,1,,304979|246|2021-07-27,-0.21252979296024177,-0.6733664230633328
307417,246,2021-07-27,2021-08-08,13,control,0,0.9599353,1,dept_246_closure_2021-07-27,2021-09-17,2021-09,4,1,0.7777777777777778,307417|246|2021-07-27,0.6521553270397582,-0.6733664230633328
309461,246,2021-07-27,2021-08-08,13,control,0,0.44486257,0,dept_246_closure_2021-07-27,2021-09-17,2021-09,4,1,,309461|246|2021-07-27,0.13708259703975822,-0.6733664230633328
313013,246,2021-07-27,2021-08-08,13,control,0,0.2960066,0,dept_246_closure_2021-07-27,2021-09-17,2021-09,4,1,,313013|246|2021-07-27,-0.01177337296024178,-0.6733664230633328
313212,246,2021-07-27,2021-08-08,13,control,0,0.5962742,1,dept_246_closure_2021-07-27,2021-09-17,2021-09,4,1,1.0,313212|246|2021-07-27,0.2884942270397582,-0.6733664230633328
316936,246,2021-07-27,2021-08-08,13,control,0,0.0037791403,0,dept_246_closure_2021-07-27,2021-09-17,2021-09,4,1,,316936|246|2021-07-27,-0.3040008326602418,-0.6733664230633328
317316,246,2021-07-27,2021-08-08,13,control,0,0.85932696,1,dept_246_closure_2021-07-27,2021-09-17,2021-09,4,1,0.0,317316|246|2021-07-27,0.5515469870397582,-0.6733664230633328
319362,246,2021-07-27,2021-08-08,13,control,0,0.054192737,0,dept_246_closure_2021-07-27,2021-09-17,2021-09,4,1,1.0,319362|246|2021-07-27,-0.2535872359602418,-0.6733664230633328
319378,246,2021-07-27,2021-08-08,13,control,0,0.0054719755,0,dept_246_closure_2021-07-27,2021-09-17,2021-09,4,1,,319378|246|2021-07-27,-0.3023079974602418,-0.6733664230633328
321260,246,2021-07-27,2021-08-08,13,control,0,0.8903487,1,dept_246_closure_2021-07-27,2021-09-17,2021-09,4,1,,321260|246|2021-07-27,0.5825687270397581,-0.6733664230633328
330118,246,2021-07-27,2021-08-08,13,control,0,0.02843772,0,dept_246_closure_2021-07-27,2021-09-17,2021-09,4,1,0.75,330118|246|2021-07-27,-0.2793422529602418,-0.6733664230633328
331482,246,2021-07-27,2021-08-08,13,treatment,1,0.001361551,0,dept_246_closure_2021-07-27,2021-09-17,2021-09,4,1,,331482|246|2021-07-27,-0.30641842196024177,-0.6733664230633328
333622,246,2021-07-27,2021-08-08,13,control,0,0.9366751,1,dept_246_closure_2021-07-27,2021-09-17,2021-09,4,1,0.0,333622|246|2021-07-27,0.6288951270397583,-0.6733664230633328
334962,246,2021-07-27,2021-08-08,13,control,0,0.08659036,0,dept_246_closure_2021-07-27,2021-09-17,2021-09,4,1,,334962|246|2021-07-27,-0.22118961296024178,-0.6733664230633328
335068,246,2021-07-27,2021-08-08,13,treatment,1,0.009978552,0,dept_246_closure_2021-07-27,2021-09-17,2021-09,4,1,,335068|246|2021-07-27,-0.2978014209602418,-0.6733664230633328
338562,246,2021-07-27,2021-08-08,13,treatment,1,0.017088,0,dept_246_closure_2021-07-27,2021-09-17,2021-09,4,1,1.0,338562|246|2021-07-27,-0.2906919729602418,-0.6733664230633328
338823,246,2021-07-27,2021-08-08,13,control,0,0.014918992,0,dept_246_closure_2021-07-27,2021-09-17,2021-09,4,1,,338823|246|2021-07-27,-0.29286098096024177,-0.6733664230633328
339792,246,2021-07-27,2021-08-08,13,control,0,0.8495822,1,dept_246_closure_2021-07-27,2021-09-17,2021-09,4,1,,339792|246|2021-07-27,0.5418022270397582,-0.6733664230633328
341957,246,2021-07-27,2021-08-08,13,control,0,0.0035954094,0,dept_246_closure_2021-07-27,2021-09-17,2021-09,4,1,,341957|246|2021-07-27,-0.30418456356024176,-0.6733664230633328
344830,246,2021-07-27,2021-08-08,13,control,0,0.052282482,0,dept_246_closure_2021-07-27,2021-09-17,2021-09,4,1,,344830|246|2021-07-27,-0.25549749096024177,-0.6733664230633328
345539,246,2021-07-27,2021-08-08,13,control,0,0.00086524605,0,dept_246_closure_2021-07-27,2021-09-17,2021-09,4,1,,345539|246|2021-07-27,-0.3069147269102418,-0.6733664230633328
345625,246,2021-07-27,2021-08-08,13,control,0,0.018565921,0,dept_246_closure_2021-07-27,2021-09-17,2021-09,4,1,,345625|246|2021-07-27,-0.2892140519602418,-0.6733664230633328
347325,246,2021-07-27,2021-08-08,13,control,0,0.0043380465,0,dept_246_closure_2021-07-27,2021-09-17,2021-09,4,1,,347325|246|2021-07-27,-0.30344192646024176,-0.6733664230633328
350016,246,2021-07-27,2021-08-08,13,control,0,0.6836625,1,dept_246_closure_2021-07-27,2021-09-17,2021-09,4,1,,350016|246|2021-07-27,0.37588252703975816,-0.6733664230633328
355134,246,2021-07-27,2021-08-08,13,control,0,0.0044010277,0,dept_246_closure_2021-07-27,2021-09-17,2021-09,4,1,,355134|246|2021-07-27,-0.3033789452602418,-0.6733664230633328
355269,246,2021-07-27,2021-08-08,13,control,0,0.016801858,0,dept_246_closure_2021-07-27,2021-09-17,2021-09,4,1,,355269|246|2021-07-27,-0.2909781149602418,-0.6733664230633328
357111,246,2021-07-27,2021-08-08,13,control,0,0.23188306,0,dept_246_closure_2021-07-27,2021-09-17,2021-09,4,1,0.5,357111|246|2021-07-27,-0.07589691296024179,-0.6733664230633328
359844,246,2021-07-27,2021-08-08,13,control,0,0.52867234,1,dept_246_closure_2021-07-27,2021-09-17,2021-09,4,1,0.5,359844|246|2021-07-27,0.22089236703975818,-0.6733664230633328
365341,246,2021-07-27,2021-08-08,13,control,0,0.13278699,0,dept_246_closure_2021-07-27,2021-09-17,2021-09,4,1,,365341|246|2021-07-27,-0.1749929829602418,-0.6733664230633328
370044,246,2021-07-27,2021-08-08,13,control,0,0.0035498582,0,dept_246_closure_2021-07-27,2021-09-17,2021-09,4,1,,370044|246|2021-07-27,-0.3042301147602418,-0.6733664230633328
371221,246,2021-07-27,2021-08-08,13,control,0,0.99873716,1,dept_246_closure_2021-07-27,2021-09-17,2021-09,4,1,0.5,371221|246|2021-07-27,0.6909571870397582,-0.6733664230633328
372747,246,2021-07-27,2021-08-08,13,control,0,0.0048901043,0,dept_246_closure_2021-07-27,2021-09-17,2021-09,4,1,,372747|246|2021-07-27,-0.3028898686602418,-0.6733664230633328
375645,246,2021-07-27,2021-08-08,13,control,0,0.37152928,0,dept_246_closure_2021-07-27,2021-09-17,2021-09,4,1,1.0,375645|246|2021-07-27,0.06374930703975823,-0.6733664230633328
378407,246,2021-07-27,2021-08-08,13,treatment,1,0.29822764,0,dept_246_closure_2021-07-27,2021-09-17,2021-09,4,1,1.0,378407|246|2021-07-27,-0.009552332960241772,-0.6733664230633328
379838,246,2021-07-27,2021-08-08,13,control,0,0.012882659,0,dept_246_closure_2021-07-27,2021-09-17,2021-09,4,1,,379838|246|2021-07-27,-0.29489731396024177,-0.6733664230633328
384650,246,2021-07-27,2021-08-08,13,treatment,1,0.5255844,1,dept_246_closure_2021-07-27,2021-09-17,2021-09,4,1,,384650|246|2021-07-27,0.21780442703975816,-0.6733664230633328
385192,246,2021-07-27,2021-08-08,13,treatment,1,0.0069333566,0,dept_246_closure_2021-07-27,2021-09-17,2021-09,4,1,,385192|246|2021-07-27,-0.3008466163602418,-0.6733664230633328
385301,246,2021-07-27,2021-08-08,13,treatment,1,0.0020563663,0,dept_246_closure_2021-07-27,2021-09-17,2021-09,4,1,,385301|246|2021-07-27,-0.3057236066602418,-0.6733664230633328
390094,246,2021-07-27,2021-08-08,13,control,0,0.6938326,1,dept_246_closure_2021-07-27,2021-09-17,2021-09,4,1,0.5,390094|246|2021-07-27,0.38605262703975823,-0.6733664230633328
394241,246,2021-07-27,2021-08-08,13,control,0,0.0024767357,0,dept_246_closure_2021-07-27,2021-09-17,2021-09,4,1,,394241|246|2021-07-27,-0.3053032372602418,-0.6733664230633328
398720,246,2021-07-27,2021-08-08,13,control,0,0.10058723,0,dept_246_closure_2021-07-27,2021-09-17,2021-09,4,1,0.6666666666666666,398720|246|2021-07-27,-0.2071927429602418,-0.6733664230633328
399165,246,2021-07-27,2021-08-08,13,treatment,1,0.01611269,0,dept_246_closure_2021-07-27,2021-09-17,2021-09,4,1,,399165|246|2021-07-27,-0.2916672829602418,-0.6733664230633328
400356,246,2021-07-27,2021-08-08,13,control,0,0.5050747,1,dept_246_closure_2021-07-27,2021-09-17,2021-09,4,1,,400356|246|2021-07-27,0.1972947270397582,-0.6733664230633328
403400,246,2021-07-27,2021-08-08,13,control,0,0.06201131,0,dept_246_closure_2021-07-27,2021-09-17,2021-09,4,1,1.0,403400|246|2021-07-27,-0.2457686629602418,-0.6733664230633328
403978,246,2021-07-27,2021-08-08,13,control,0,0.015248471,0,dept_246_closure_2021-07-27,2021-09-17,2021-09,4,1,,403978|246|2021-07-27,-0.2925315019602418,-0.6733664230633328
406351,246,2021-07-27,2021-08-08,13,control,0,0.9433126,1,dept_246_closure_2021-07-27,2021-09-17,2021-09,4,1,0.5,406351|246|2021-07-27,0.6355326270397581,-0.6733664230633328
411042,246,2021-07-27,2021-08-08,13,control,0,0.0035023398,0,dept_246_closure_2021-07-27,2021-09-17,2021-09,4,1,,411042|246|2021-07-27,-0.3042776331602418,-0.6733664230633328
413597,246,2021-07-27,2021-08-08,13,treatment,1,0.033977475,0,dept_246_closure_2021-07-27,2021-09-17,2021-09,4,1,,413597|246|2021-07-27,-0.2738024979602418,-0.6733664230633328
416998,246,2021-07-27,2021-08-08,13,control,0,0.0013396153,0,dept_246_closure_2021-07-27,2021-09-17,2021-09,4,1,,416998|246|2021-07-27,-0.3064403576602418,-0.6733664230633328
417897,246,2021-07-27,2021-08-08,13,control,0,0.5677011,1,dept_246_closure_2021-07-27,2021-09-17,2021-09,4,1,,417897|246|2021-07-27,0.25992112703975817,-0.6733664230633328
419836,246,2021-07-27,2021-08-08,13,control,0,0.40988797,0,dept_246_closure_2021-07-27,2021-09-17,2021-09,4,1,0.0,419836|246|2021-07-27,0.1021079970397582,-0.6733664230633328
423045,246,2021-07-27,2021-08-08,13,control,0,0.944171,1,dept_246_closure_2021-07-27,2021-09-17,2021-09,4,1,1.0,423045|246|2021-07-27,0.6363910270397581,-0.6733664230633328
424548,246,2021-07-27,2021-08-08,13,control,0,0.7207846,1,dept_246_closure_2021-07-27,2021-09-17,2021-09,4,1,,424548|246|2021-07-27,0.4130046270397582,-0.6733664230633328
431076,246,2021-07-27,2021-08-08,13,control,0,0.031024417,0,dept_246_closure_2021-07-27,2021-09-17,2021-09,4,1,,431076|246|2021-07-27,-0.2767555559602418,-0.6733664230633328
431105,246,2021-07-27,2021-08-08,13,treatment,1,0.06195705,0,dept_246_closure_2021-07-27,2021-09-17,2021-09,4,1,,431105|246|2021-07-27,-0.24582292296024177,-0.6733664230633328
432796,246,2021-07-27,2021-08-08,13,control,0,0.010759436,0,dept_246_closure_2021-07-27,2021-09-17,2021-09,4,1,,432796|246|2021-07-27,-0.2970205369602418,-0.6733664230633328
434128,246,2021-07-27,2021-08-08,13,control,0,0.16260657,0,dept_246_closure_2021-07-27,2021-09-17,2021-09,4,1,1.0,434128|246|2021-07-27,-0.14517340296024178,-0.6733664230633328
439016,246,2021-07-27,2021-08-08,13,control,0,0.00097234204,0,dept_246_closure_2021-07-27,2021-09-17,2021-09,4,1,,439016|246|2021-07-27,-0.30680763092024177,-0.6733664230633328
439415,246,2021-07-27,2021-08-08,13,treatment,1,0.00854473,0,dept_246_closure_2021-07-27,2021-09-17,2021-09,4,1,,439415|246|2021-07-27,-0.2992352429602418,-0.6733664230633328
440301,246,2021-07-27,2021-08-08,13,control,0,0.7762471,1,dept_246_closure_2021-07-27,2021-09-17,2021-09,4,1,0.5,440301|246|2021-07-27,0.4684671270397582,-0.6733664230633328
441807,246,2021-07-27,2021-08-08,13,treatment,1,0.007342132,0,dept_246_closure_2021-07-27,2021-09-17,2021-09,4,1,,441807|246|2021-07-27,-0.3004378409602418,-0.6733664230633328
441960,246,2021-07-27,2021-08-08,13,treatment,1,0.06911523,0,dept_246_closure_2021-07-27,2021-09-17,2021-09,4,1,1.0,441960|246|2021-07-27,-0.2386647429602418,-0.6733664230633328
442347,246,2021-07-27,2021-08-08,13,control,0,0.4125593,0,dept_246_closure_2021-07-27,2021-09-17,2021-09,4,1,1.0,442347|246|2021-07-27,0.10477932703975823,-0.6733664230633328
442951,246,2021-07-27,2021-08-08,13,control,0,0.08055308,0,dept_246_closure_2021-07-27,2021-09-17,2021-09,4,1,1.0,442951|246|2021-07-27,-0.2272268929602418,-0.6733664230633328
443224,246,2021-07-27,2021-08-08,13,control,0,0.012283262,0,dept_246_closure_2021-07-27,2021-09-17,2021-09,4,1,,443224|246|2021-07-27,-0.29549671096024177,-0.6733664230633328
444724,246,2021-07-27,2021-08-08,13,control,0,0.31141287,0,dept_246_closure_2021-07-27,2021-09-17,2021-09,4,1,,444724|246|2021-07-27,0.0036328970397582205,-0.6733664230633328
446139,246,2021-07-27,2021-08-08,13,treatment,1,0.01199333,0,dept_246_closure_2021-07-27,2021-09-17,2021-09,4,1,,446139|246|2021-07-27,-0.29578664296024176,-0.6733664230633328
449149,246,2021-07-27,2021-08-08,13,control,0,0.023524707,0,dept_246_closure_2021-07-27,2021-09-17,2021-09,4,1,,449149|246|2021-07-27,-0.2842552659602418,-0.6733664230633328
450011,246,2021-07-27,2021-08-08,13,treatment,1,0.07574345,0,dept_246_closure_2021-07-27,2021-09-17,2021-09,4,1,,450011|246|2021-07-27,-0.2320365229602418,-0.6733664230633328
450376,246,2021-07-27,2021-08-08,13,control,0,0.9690146,1,dept_246_closure_2021-07-27,2021-09-17,2021-09,4,1,,450376|246|2021-07-27,0.6612346270397582,-0.6733664230633328
452100,246,2021-07-27,2021-08-08,13,control,0,0.004648191,0,dept_246_closure_2021-07-27,2021-09-17,2021-09,4,1,,452100|246|2021-07-27,-0.30313178196024176,-0.6733664230633328
452195,246,2021-07-27,2021-08-08,13,control,0,0.19528177,0,dept_246_closure_2021-07-27,2021-09-17,2021-09,4,1,,452195|246|2021-07-27,-0.1124982029602418,-0.6733664230633328
452907,246,2021-07-27,2021-08-08,13,control,0,0.010661791,0,dept_246_closure_2021-07-27,2021-09-17,2021-09,4,1,,452907|246|2021-07-27,-0.2971181819602418,-0.6733664230633328
453025,246,2021-07-27,2021-08-08,13,control,0,0.14658046,0,dept_246_closure_2021-07-27,2021-09-17,2021-09,4,1,,453025|246|2021-07-27,-0.1611995129602418,-0.6733664230633328
453038,246,2021-07-27,2021-08-08,13,control,0,0.2722325,0,dept_246_closure_2021-07-27,2021-09-17,2021-09,4,1,,453038|246|2021-07-27,-0.0355474729602418,-0.6733664230633328
453665,246,2021-07-27,2021-08-08,13,control,0,0.009102977,0,dept_246_closure_2021-07-27,2021-09-17,2021-09,4,1,,453665|246|2021-07-27,-0.2986769959602418,-0.6733664230633328
454818,246,2021-07-27,2021-08-08,13,control,0,0.007638136,0,dept_246_closure_2021-07-27,2021-09-17,2021-09,4,1,1.0,454818|246|2021-07-27,-0.30014183696024177,-0.6733664230633328
454884,246,2021-07-27,2021-08-08,13,control,0,0.002269149,0,dept_246_closure_2021-07-27,2021-09-17,2021-09,4,1,,454884|246|2021-07-27,-0.30551082396024176,-0.6733664230633328
455289,246,2021-07-27,2021-08-08,13,control,0,0.028846227,0,dept_246_closure_2021-07-27,2021-09-17,2021-09,4,1,,455289|246|2021-07-27,-0.2789337459602418,-0.6733664230633328
456094,246,2021-07-27,2021-08-08,13,control,0,0.18711595,0,dept_246_closure_2021-07-27,2021-09-17,2021-09,4,1,,456094|246|2021-07-27,-0.12066402296024178,-0.6733664230633328
458984,246,2021-07-27,2021-08-08,13,control,0,0.9810481,1,dept_246_closure_2021-07-27,2021-09-17,2021-09,4,1,1.0,458984|246|2021-07-27,0.6732681270397582,-0.6733664230633328
459841,246,2021-07-27,2021-08-08,13,control,0,0.0005614279,0,dept_246_closure_2021-07-27,2021-09-17,2021-09,4,1,,459841|246|2021-07-27,-0.30721854506024177,-0.6733664230633328
461467,246,2021-07-27,2021-08-08,13,control,0,0.009364551,0,dept_246_closure_2021-07-27,2021-09-17,2021-09,4,1,,461467|246|2021-07-27,-0.2984154219602418,-0.6733664230633328
461932,246,2021-07-27,2021-08-08,13,control,0,0.09253036,0,dept_246_closure_2021-07-27,2021-09-17,2021-09,4,1,,461932|246|2021-07-27,-0.21524961296024178,-0.6733664230633328
468637,246,2021-07-27,2021-08-08,13,control,0,0.0082636215,0,dept_246_closure_2021-07-27,2021-09-17,2021-09,4,1,,468637|246|2021-07-27,-0.2995163514602418,-0.6733664230633328
468990,246,2021-07-27,2021-08-08,13,control,0,0.0036695665,0,dept_246_closure_2021-07-27,2021-09-17,2021-09,4,1,0.0,468990|246|2021-07-27,-0.3041104064602418,-0.6733664230633328
470518,246,2021-07-27,2021-08-08,13,control,0,0.322585,0,dept_246_closure_2021-07-27,2021-09-17,2021-09,4,1,0.0,470518|246|2021-07-27,0.014805027039758223,-0.6733664230633328
470834,246,2021-07-27,2021-08-08,13,control,0,0.000823228,0,dept_246_closure_2021-07-27,2021-09-17,2021-09,4,1,,470834|246|2021-07-27,-0.3069567449602418,-0.6733664230633328
476923,246,2021-07-27,2021-08-08,13,control,0,0.03176959,0,dept_246_closure_2021-07-27,2021-09-17,2021-09,4,1,,476923|246|2021-07-27,-0.2760103829602418,-0.6733664230633328
477028,246,2021-07-27,2021-08-08,13,control,0,0.042944282,0,dept_246_closure_2021-07-27,2021-09-17,2021-09,4,1,0.0,477028|246|2021-07-27,-0.2648356909602418,-0.6733664230633328
480298,246,2021-07-27,2021-08-08,13,treatment,1,0.13048448,0,dept_246_closure_2021-07-27,2021-09-17,2021-09,4,1,,480298|246|2021-07-27,-0.17729549296024177,-0.6733664230633328
480324,246,2021-07-27,2021-08-08,13,control,0,0.46218455,0,dept_246_closure_2021-07-27,2021-09-17,2021-09,4,1,1.0,480324|246|2021-07-27,0.15440457703975824,-0.6733664230633328
484536,246,2021-07-27,2021-08-08,13,control,0,0.01640969,0,dept_246_closure_2021-07-27,2021-09-17,2021-09,4,1,,484536|246|2021-07-27,-0.2913702829602418,-0.6733664230633328
491245,246,2021-07-27,2021-08-08,13,treatment,1,0.40913373,0,dept_246_closure_2021-07-27,2021-09-17,2021-09,4,1,,491245|246|2021-07-27,0.10135375703975819,-0.6733664230633328
495255,246,2021-07-27,2021-08-08,13,control,0,0.5636729,1,dept_246_closure_2021-07-27,2021-09-17,2021-09,4,1,,495255|246|2021-07-27,0.25589292703975824,-0.6733664230633328
495653,246,2021-07-27,2021-08-08,13,control,0,0.01161271,0,dept_246_closure_2021-07-27,2021-09-17,2021-09,4,1,,495653|246|2021-07-27,-0.29616726296024176,-0.6733664230633328
500432,246,2021-07-27,2021-08-08,13,treatment,1,0.0071476568,0,dept_246_closure_2021-07-27,2021-09-17,2021-09,4,1,,500432|246|2021-07-27,-0.3006323161602418,-0.6733664230633328
501027,246,2021-07-27,2021-08-08,13,control,0,0.07780795,0,dept_246_closure_2021-07-27,2021-09-17,2021-09,4,1,,501027|246|2021-07-27,-0.22997202296024177,-0.6733664230633328
501671,246,2021-07-27,2021-08-08,13,control,0,0.006003442,0,dept_246_closure_2021-07-27,2021-09-17,2021-09,4,1,,501671|246|2021-07-27,-0.30177653096024176,-0.6733664230633328
505404,246,2021-07-27,2021-08-08,13,control,0,0.0010926963,0,dept_246_closure_2021-07-27,2021-09-17,2021-09,4,1,,505404|246|2021-07-27,-0.3066872766602418,-0.6733664230633328
507059,246,2021-07-27,2021-08-08,13,control,0,0.038536042,0,dept_246_closure_2021-07-27,2021-09-17,2021-09,4,1,,507059|246|2021-07-27,-0.2692439309602418,-0.6733664230633328
515135,246,2021-07-27,2021-08-08,13,control,0,0.77358234,1,dept_246_closure_2021-07-27,2021-09-17,2021-09,4,1,,515135|246|2021-07-27,0.46580236703975825,-0.6733664230633328
516387,246,2021-07-27,2021-08-08,13,control,0,0.54751676,1,dept_246_closure_2021-07-27,2021-09-17,2021-09,4,1,1.0,516387|246|2021-07-27,0.23973678703975826,-0.6733664230633328
516947,246,2021-07-27,2021-08-08,13,control,0,0.0024468016,0,dept_246_closure_2021-07-27,2021-09-17,2021-09,4,1,,516947|246|2021-07-27,-0.3053331713602418,-0.6733664230633328
518073,246,2021-07-27,2021-08-08,13,control,0,0.0034049528,0,dept_246_closure_2021-07-27,2021-09-17,2021-09,4,1,,518073|246|2021-07-27,-0.30437502016024176,-0.6733664230633328
522473,246,2021-07-27,2021-08-08,13,control,0,0.006477041,0,dept_246_closure_2021-07-27,2021-09-17,2021-09,4,1,,522473|246|2021-07-27,-0.30130293196024177,-0.6733664230633328
522888,246,2021-07-27,2021-08-08,13,control,0,0.46438572,0,dept_246_closure_2021-07-27,2021-09-17,2021-09,4,1,,522888|246|2021-07-27,0.15660574703975821,-0.6733664230633328
523756,246,2021-07-27,2021-08-08,13,control,0,0.08249825,0,dept_246_closure_2021-07-27,2021-09-17,2021-09,4,1,,523756|246|2021-07-27,-0.2252817229602418,-0.6733664230633328
524242,246,2021-07-27,2021-08-08,13,control,0,0.24817444,0,dept_246_closure_2021-07-27,2021-09-17,2021-09,4,1,,524242|246|2021-07-27,-0.05960553296024179,-0.6733664230633328
525088,246,2021-07-27,2021-08-08,13,control,0,0.010470928,0,dept_246_closure_2021-07-27,2021-09-17,2021-09,4,1,,525088|246|2021-07-27,-0.2973090449602418,-0.6733664230633328
525089,246,2021-07-27,2021-08-08,13,control,0,0.3218755,0,dept_246_closure_2021-07-27,2021-09-17,2021-09,4,1,,525089|246|2021-07-27,0.014095527039758193,-0.6733664230633328
526993,246,2021-07-27,2021-08-08,13,control,0,0.041271646,0,dept_246_closure_2021-07-27,2021-09-17,2021-09,4,1,,526993|246|2021-07-27,-0.2665083269602418,-0.6733664230633328
527214,246,2021-07-27,2021-08-08,13,control,0,0.31292325,0,dept_246_closure_2021-07-27,2021-09-17,2021-09,4,1,,527214|246|2021-07-27,0.005143277039758198,-0.6733664230633328
527928,246,2021-07-27,2021-08-08,13,control,0,0.005893473,0,dept_246_closure_2021-07-27,2021-09-17,2021-09,4,1,,527928|246|2021-07-27,-0.3018864999602418,-0.6733664230633328
529562,246,2021-07-27,2021-08-08,13,control,0,0.17627233,0,dept_246_closure_2021-07-27,2021-09-17,2021-09,4,1,,529562|246|2021-07-27,-0.13150764296024178,-0.6733664230633328
531816,246,2021-07-27,2021-08-08,13,control,0,0.52069277,1,dept_246_closure_2021-07-27,2021-09-17,2021-09,4,1,1.0,531816|246|2021-07-27,0.21291279703975824,-0.6733664230633328
534802,246,2021-07-27,2021-08-08,13,control,0,0.017343024,0,dept_246_closure_2021-07-27,2021-09-17,2021-09,4,1,,534802|246|2021-07-27,-0.2904369489602418,-0.6733664230633328
535612,246,2021-07-27,2021-08-08,13,control,0,0.00053973676,0,dept_246_closure_2021-07-27,2021-09-17,2021-09,4,1,,535612|246|2021-07-27,-0.30724023620024177,-0.6733664230633328
536411,246,2021-07-27,2021-08-08,13,control,0,0.050159402,0,dept_246_closure_2021-07-27,2021-09-17,2021-09,4,1,1.0,536411|246|2021-07-27,-0.25762057096024177,-0.6733664230633328
537954,246,2021-07-27,2021-08-08,13,control,0,0.16031921,0,dept_246_closure_2021-07-27,2021-09-17,2021-09,4,1,,537954|246|2021-07-27,-0.1474607629602418,-0.6733664230633328
538089,246,2021-07-27,2021-08-08,13,control,0,0.13539918,0,dept_246_closure_2021-07-27,2021-09-17,2021-09,4,1,,538089|246|2021-07-27,-0.17238079296024178,-0.6733664230633328
542794,246,2021-07-27,2021-08-08,13,control,0,0.5084093,1,dept_246_closure_2021-07-27,2021-09-17,2021-09,4,1,,542794|246|2021-07-27,0.20062932703975817,-0.6733664230633328
543055,246,2021-07-27,2021-08-08,13,control,0,0.0135525465,0,dept_246_closure_2021-07-27,2021-09-17,2021-09,4,1,,543055|246|2021-07-27,-0.2942274264602418,-0.6733664230633328
543648,246,2021-07-27,2021-08-08,13,control,0,0.0039488655,0,dept_246_closure_2021-07-27,2021-09-17,2021-09,4,1,,543648|246|2021-07-27,-0.3038311074602418,-0.6733664230633328
545023,246,2021-07-27,2021-08-08,13,control,0,0.009715581,0,dept_246_closure_2021-07-27,2021-09-17,2021-09,4,1,,545023|246|2021-07-27,-0.2980643919602418,-0.6733664230633328
545692,246,2021-07-27,2021-08-08,13,control,0,0.0008134581,0,dept_246_closure_2021-07-27,2021-09-17,2021-09,4,1,,545692|246|2021-07-27,-0.3069665148602418,-0.6733664230633328
545694,246,2021-07-27,2021-08-08,13,control,0,0.0005715896,0,dept_246_closure_2021-07-27,2021-09-17,2021-09,4,1,,545694|246|2021-07-27,-0.3072083833602418,-0.6733664230633328
545758,246,2021-07-27,2021-08-08,13,control,0,0.71061146,1,dept_246_closure_2021-07-27,2021-09-17,2021-09,4,1,1.0,545758|246|2021-07-27,0.4028314870397582,-0.6733664230633328
546891,246,2021-07-27,2021-08-08,13,control,0,0.07180334,0,dept_246_closure_2021-07-27,2021-09-17,2021-09,4,1,,546891|246|2021-07-27,-0.2359766329602418,-0.6733664230633328
548191,246,2021-07-27,2021-08-08,13,control,0,0.24172111,0,dept_246_closure_2021-07-27,2021-09-17,2021-09,4,1,,548191|246|2021-07-27,-0.0660588629602418,-0.6733664230633328
549711,246,2021-07-27,2021-08-08,13,treatment,1,0.0021731849,0,dept_246_closure_2021-07-27,2021-09-17,2021-09,4,1,,549711|246|2021-07-27,-0.3056067880602418,-0.6733664230633328
553155,246,2021-07-27,2021-08-08,13,control,0,0.83945435,1,dept_246_closure_2021-07-27,2021-09-17,2021-09,4,1,0.3333333333333333,553155|246|2021-07-27,0.5316743770397583,-0.6733664230633328
553525,246,2021-07-27,2021-08-08,13,control,0,0.008986299,0,dept_246_closure_2021-07-27,2021-09-17,2021-09,4,1,,553525|246|2021-07-27,-0.2987936739602418,-0.6733664230633328
555770,246,2021-07-27,2021-08-08,13,treatment,1,0.010941439,0,dept_246_closure_2021-07-27,2021-09-17,2021-09,4,1,,555770|246|2021-07-27,-0.2968385339602418,-0.6733664230633328
555771,246,2021-07-27,2021-08-08,13,treatment,1,0.0842387,0,dept_246_closure_2021-07-27,2021-09-17,2021-09,4,1,,555771|246|2021-07-27,-0.2235412729602418,-0.6733664230633328
555774,246,2021-07-27,2021-08-08,13,treatment,1,0.008043327,0,dept_246_closure_2021-07-27,2021-09-17,2021-09,4,1,,555774|246|2021-07-27,-0.2997366459602418,-0.6733664230633328
555775,246,2021-07-27,2021-08-08,13,treatment,1,0.08296541,0,dept_246_closure_2021-07-27,2021-09-17,2021-09,4,1,,555775|246|2021-07-27,-0.22481456296024177,-0.6733664230633328
555779,246,2021-07-27,2021-08-08,13,treatment,1,0.0014057029,0,dept_246_closure_2021-07-27,2021-09-17,2021-09,4,1,,555779|246|2021-07-27,-0.30637427006024176,-0.6733664230633328
555783,246,2021-07-27,2021-08-08,13,treatment,1,0.013152651,0,dept_246_closure_2021-07-27,2021-09-17,2021-09,4,1,,555783|246|2021-07-27,-0.2946273219602418,-0.6733664230633328
555790,246,2021-07-27,2021-08-08,13,treatment,1,0.015164689,0,dept_246_closure_2021-07-27,2021-09-17,2021-09,4,1,,555790|246|2021-07-27,-0.2926152839602418,-0.6733664230633328
557816,246,2021-07-27,2021-08-08,13,control,0,0.21749215,0,dept_246_closure_2021-07-27,2021-09-17,2021-09,4,1,,557816|246|2021-07-27,-0.09028782296024179,-0.6733664230633328
559337,246,2021-07-27,2021-08-08,13,control,0,0.17666233,0,dept_246_closure_2021-07-27,2021-09-17,2021-09,4,1,,559337|246|2021-07-27,-0.13111764296024178,-0.6733664230633328
559408,246,2021-07-27,2021-08-08,13,control,0,0.018768283,0,dept_246_closure_2021-07-27,2021-09-17,2021-09,4,1,0.6666666666666666,559408|246|2021-07-27,-0.2890116899602418,-0.6733664230633328
559409,246,2021-07-27,2021-08-08,13,control,0,0.96728253,1,dept_246_closure_2021-07-27,2021-09-17,2021-09,4,1,1.0,559409|246|2021-07-27,0.6595025570397581,-0.6733664230633328
561590,246,2021-07-27,2021-08-08,13,control,0,0.128723,0,dept_246_closure_2021-07-27,2021-09-17,2021-09,4,1,0.0,561590|246|2021-07-27,-0.17905697296024178,-0.6733664230633328
563019,246,2021-07-27,2021-08-08,13,control,0,0.009029443,0,dept_246_closure_2021-07-27,2021-09-17,2021-09,4,1,,563019|246|2021-07-27,-0.29875052996024176,-0.6733664230633328
564033,246,2021-07-27,2021-08-08,13,control,0,0.13902798,0,dept_246_closure_2021-07-27,2021-09-17,2021-09,4,1,,564033|246|2021-07-27,-0.1687519929602418,-0.6733664230633328
567531,246,2021-07-27,2021-08-08,13,control,0,0.053659875,0,dept_246_closure_2021-07-27,2021-09-17,2021-09,4,1,,567531|246|2021-07-27,-0.25412009796024176,-0.6733664230633328
568304,246,2021-07-27,2021-08-08,13,control,0,0.18506885,0,dept_246_closure_2021-07-27,2021-09-17,2021-09,4,1,,568304|246|2021-07-27,-0.12271112296024178,-0.6733664230633328
568710,246,2021-07-27,2021-08-08,13,control,0,0.05581417,0,dept_246_closure_2021-07-27,2021-09-17,2021-09,4,1,,568710|246|2021-07-27,-0.2519658029602418,-0.6733664230633328
568717,246,2021-07-27,2021-08-08,13,control,0,0.19861202,0,dept_246_closure_2021-07-27,2021-09-17,2021-09,4,1,0.0,568717|246|2021-07-27,-0.10916795296024179,-0.6733664230633328
569171,246,2021-07-27,2021-08-08,13,control,0,0.7194902,1,dept_246_closure_2021-07-27,2021-09-17,2021-09,4,1,,569171|246|2021-07-27,0.4117102270397582,-0.6733664230633328
569243,246,2021-07-27,2021-08-08,13,control,0,0.30488983,0,dept_246_closure_2021-07-27,2021-09-17,2021-09,4,1,1.0,569243|246|2021-07-27,-0.002890142960241815,-0.6733664230633328
572425,246,2021-07-27,2021-08-08,13,control,0,0.5277754,1,dept_246_closure_2021-07-27,2021-09-17,2021-09,4,1,1.0,572425|246|2021-07-27,0.21999542703975822,-0.6733664230633328
574110,246,2021-07-27,2021-08-08,13,control,0,0.0024425895,0,dept_246_closure_2021-07-27,2021-09-17,2021-09,4,1,,574110|246|2021-07-27,-0.3053373834602418,-0.6733664230633328
576316,246,2021-07-27,2021-08-08,13,control,0,0.18185039,0,dept_246_closure_2021-07-27,2021-09-17,2021-09,4,1,,576316|246|2021-07-27,-0.1259295829602418,-0.6733664230633328
578943,246,2021-07-27,2021-08-08,13,control,0,0.7836015,1,dept_246_closure_2021-07-27,2021-09-17,2021-09,4,1,,578943|246|2021-07-27,0.47582152703975816,-0.6733664230633328
579360,246,2021-07-27,2021-08-08,13,control,0,0.16620348,0,dept_246_closure_2021-07-27,2021-09-17,2021-09,4,1,0.0,579360|246|2021-07-27,-0.1415764929602418,-0.6733664230633328
579361,246,2021-07-27,2021-08-08,13,control,0,0.80165404,1,dept_246_closure_2021-07-27,2021-09-17,2021-09,4,1,,579361|246|2021-07-27,0.49387406703975817,-0.6733664230633328
581177,246,2021-07-27,2021-08-08,13,control,0,0.0018570615,0,dept_246_closure_2021-07-27,2021-09-17,2021-09,4,1,,581177|246|2021-07-27,-0.3059229114602418,-0.6733664230633328
583595,246,2021-07-27,2021-08-08,13,control,0,0.00058975234,0,dept_246_closure_2021-07-27,2021-09-17,2021-09,4,1,,583595|246|2021-07-27,-0.30719022062024176,-0.6733664230633328
585739,246,2021-07-27,2021-08-08,13,control,0,0.0023803557,0,dept_246_closure_2021-07-27,2021-09-17,2021-09,4,1,,585739|246|2021-07-27,-0.3053996172602418,-0.6733664230633328
588443,246,2021-07-27,2021-08-08,13,control,0,0.069057114,0,dept_246_closure_2021-07-27,2021-09-17,2021-09,4,1,,588443|246|2021-07-27,-0.23872285896024178,-0.6733664230633328
595167,246,2021-07-27,2021-08-08,13,control,0,0.058140654,0,dept_246_closure_2021-07-27,2021-09-17,2021-09,4,1,,595167|246|2021-07-27,-0.24963931896024177,-0.6733664230633328
596009,246,2021-07-27,2021-08-08,13,control,0,0.00039956646,0,dept_246_closure_2021-07-27,2021-09-17,2021-09,4,1,,596009|246|2021-07-27,-0.3073804065002418,-0.6733664230633328
596472,246,2021-07-27,2021-08-08,13,control,0,0.38928533,0,dept_246_closure_2021-07-27,2021-09-17,2021-09,4,1,,596472|246|2021-07-27,0.0815053570397582,-0.6733664230633328
597124,246,2021-07-27,2021-08-08,13,control,0,0.0056995642,0,dept_246_closure_2021-07-27,2021-09-17,2021-09,4,1,,597124|246|2021-07-27,-0.3020804087602418,-0.6733664230633328
597426,246,2021-07-27,2021-08-08,13,control,0,0.24039146,0,dept_246_closure_2021-07-27,2021-09-17,2021-09,4,1,0.0,597426|246|2021-07-27,-0.06738851296024179,-0.6733664230633328
597841,246,2021-07-27,2021-08-08,13,control,0,0.6473513,1,dept_246_closure_2021-07-27,2021-09-17,2021-09,4,1,0.0,597841|246|2021-07-27,0.3395713270397582,-0.6733664230633328
597844,246,2021-07-27,2021-08-08,13,control,0,0.6792706,1,dept_246_closure_2021-07-27,2021-09-17,2021-09,4,1,,597844|246|2021-07-27,0.37149062703975816,-0.6733664230633328
599014,246,2021-07-27,2021-08-08,13,control,0,0.9615126,1,dept_246_closure_2021-07-27,2021-09-17,2021-09,4,1,0.5,599014|246|2021-07-27,0.6537326270397583,-0.6733664230633328
600093,246,2021-07-27,2021-08-08,13,treatment,1,0.001949751,0,dept_246_closure_2021-07-27,2021-09-17,2021-09,4,1,,600093|246|2021-07-27,-0.3058302219602418,-0.6733664230633328
600236,246,2021-07-27,2021-08-08,13,treatment,1,0.008690901,0,dept_246_closure_2021-07-27,2021-09-17,2021-09,4,1,,600236|246|2021-07-27,-0.2990890719602418,-0.6733664230633328
600802,246,2021-07-27,2021-08-08,13,control,0,0.025362764,0,dept_246_closure_2021-07-27,2021-09-17,2021-09,4,1,,600802|246|2021-07-27,-0.2824172089602418,-0.6733664230633328
602120,246,2021-07-27,2021-08-08,13,control,0,0.097351424,0,dept_246_closure_2021-07-27,2021-09-17,2021-09,4,1,0.0,602120|246|2021-07-27,-0.21042854896024177,-0.6733664230633328
602124,246,2021-07-27,2021-08-08,13,control,0,0.11309978,0,dept_246_closure_2021-07-27,2021-09-17,2021-09,4,1,,602124|246|2021-07-27,-0.1946801929602418,-0.6733664230633328
602125,246,2021-07-27,2021-08-08,13,control,0,0.028593527,0,dept_246_closure_2021-07-27,2021-09-17,2021-09,4,1,,602125|246|2021-07-27,-0.2791864459602418,-0.6733664230633328
603013,246,2021-07-27,2021-08-08,13,control,0,0.39335406,0,dept_246_closure_2021-07-27,2021-09-17,2021-09,4,1,1.0,603013|246|2021-07-27,0.08557408703975822,-0.6733664230633328
604432,246,2021-07-27,2021-08-08,13,control,0,0.0038901225,0,dept_246_closure_2021-07-27,2021-09-17,2021-09,4,1,,604432|246|2021-07-27,-0.3038898504602418,-0.6733664230633328
613493,246,2021-07-27,2021-08-08,13,control,0,0.48033825,0,dept_246_closure_2021-07-27,2021-09-17,2021-09,4,1,,613493|246|2021-07-27,0.17255827703975823,-0.6733664230633328
613860,246,2021-07-27,2021-08-08,13,control,0,0.0053632376,0,dept_246_closure_2021-07-27,2021-09-17,2021-09,4,1,,613860|246|2021-07-27,-0.3024167353602418,-0.6733664230633328
614813,246,2021-07-27,2021-08-08,13,control,0,0.72239745,1,dept_246_closure_2021-07-27,2021-09-17,2021-09,4,1,,614813|246|2021-07-27,0.4146174770397582,-0.6733664230633328
615015,246,2021-07-27,2021-08-08,13,control,0,0.053707235,0,dept_246_closure_2021-07-27,2021-09-17,2021-09,4,1,,615015|246|2021-07-27,-0.25407273796024177,-0.6733664230633328
618999,246,2021-07-27,2021-08-08,13,control,0,0.15502954,0,dept_246_closure_2021-07-27,2021-09-17,2021-09,4,1,,618999|246|2021-07-27,-0.1527504329602418,-0.6733664230633328
620766,246,2021-07-27,2021-08-08,13,control,0,0.00068438525,0,dept_246_closure_2021-07-27,2021-09-17,2021-09,4,1,,620766|246|2021-07-27,-0.3070955877102418,-0.6733664230633328
621023,246,2021-07-27,2021-08-08,13,control,0,0.0061639016,0,dept_246_closure_2021-07-27,2021-09-17,2021-09,4,1,1.0,621023|246|2021-07-27,-0.30161607136024177,-0.6733664230633328
621722,246,2021-07-27,2021-08-08,13,control,0,0.71391684,1,dept_246_closure_2021-07-27,2021-09-17,2021-09,4,1,0.0,621722|246|2021-07-27,0.4061368670397582,-0.6733664230633328
623783,246,2021-07-27,2021-08-08,13,control,0,0.9951931,1,dept_246_closure_2021-07-27,2021-09-17,2021-09,4,1,0.5,623783|246|2021-07-27,0.6874131270397583,-0.6733664230633328
623805,246,2021-07-27,2021-08-08,13,control,0,0.06917468,0,dept_246_closure_2021-07-27,2021-09-17,2021-09,4,1,,623805|246|2021-07-27,-0.2386052929602418,-0.6733664230633328
623808,246,2021-07-27,2021-08-08,13,control,0,0.9979461,1,dept_246_closure_2021-07-27,2021-09-17,2021-09,4,1,0.3333333333333333,623808|246|2021-07-27,0.6901661270397581,-0.6733664230633328
624145,246,2021-07-27,2021-08-08,13,control,0,0.35900682,0,dept_246_closure_2021-07-27,2021-09-17,2021-09,4,1,0.0,624145|246|2021-07-27,0.051226847039758217,-0.6733664230633328
625679,246,2021-07-27,2021-08-08,13,control,0,0.0054499777,0,dept_246_closure_2021-07-27,2021-09-17,2021-09,4,1,1.0,625679|246|2021-07-27,-0.3023299952602418,-0.6733664230633328
625795,246,2021-07-27,2021-08-08,13,control,0,0.0064810133,0,dept_246_closure_2021-07-27,2021-09-17,2021-09,4,1,1.0,625795|246|2021-07-27,-0.3012989596602418,-0.6733664230633328
626528,246,2021-07-27,2021-08-08,13,control,0,0.012384835,0,dept_246_closure_2021-07-27,2021-09-17,2021-09,4,1,,626528|246|2021-07-27,-0.2953951379602418,-0.6733664230633328
628437,246,2021-07-27,2021-08-08,13,control,0,0.15738243,0,dept_246_closure_2021-07-27,2021-09-17,2021-09,4,1,0.5,628437|246|2021-07-27,-0.1503975429602418,-0.6733664230633328
629037,246,2021-07-27,2021-08-08,13,control,0,0.0024090034,0,dept_246_closure_2021-07-27,2021-09-17,2021-09,4,1,,629037|246|2021-07-27,-0.3053709695602418,-0.6733664230633328
629038,246,2021-07-27,2021-08-08,13,treatment,1,0.24013825,0,dept_246_closure_2021-07-27,2021-09-17,2021-09,4,1,,629038|246|2021-07-27,-0.06764172296024179,-0.6733664230633328
631459,246,2021-07-27,2021-08-08,13,control,0,0.0044175265,0,dept_246_closure_2021-07-27,2021-09-17,2021-09,4,1,,631459|246|2021-07-27,-0.3033624464602418,-0.6733664230633328
632759,246,2021-07-27,2021-08-08,13,control,0,0.010952859,0,dept_246_closure_2021-07-27,2021-09-17,2021-09,4,1,,632759|246|2021-07-27,-0.2968271139602418,-0.6733664230633328
633009,246,2021-07-27,2021-08-08,13,control,0,0.56572896,1,dept_246_closure_2021-07-27,2021-09-17,2021-09,4,1,,633009|246|2021-07-27,0.25794898703975816,-0.6733664230633328
633063,246,2021-07-27,2021-08-08,13,control,0,0.106019765,0,dept_246_closure_2021-07-27,2021-09-17,2021-09,4,1,,633063|246|2021-07-27,-0.2017602079602418,-0.6733664230633328
635749,246,2021-07-27,2021-08-08,13,control,0,0.8945807,1,dept_246_closure_2021-07-27,2021-09-17,2021-09,4,1,1.0,635749|246|2021-07-27,0.5868007270397582,-0.6733664230633328
636407,246,2021-07-27,2021-08-08,13,control,0,0.09816488,0,dept_246_closure_2021-07-27,2021-09-17,2021-09,4,1,,636407|246|2021-07-27,-0.20961509296024178,-0.6733664230633328
636923,246,2021-07-27,2021-08-08,13,control,0,0.8665299,1,dept_246_closure_2021-07-27,2021-09-17,2021-09,4,1,,636923|246|2021-07-27,0.5587499270397582,-0.6733664230633328
636924,246,2021-07-27,2021-08-08,13,control,0,0.3707417,0,dept_246_closure_2021-07-27,2021-09-17,2021-09,4,1,,636924|246|2021-07-27,0.06296172703975822,-0.6733664230633328
639796,246,2021-07-27,2021-08-08,13,control,0,0.008453769,0,dept_246_closure_2021-07-27,2021-09-17,2021-09,4,1,,639796|246|2021-07-27,-0.2993262039602418,-0.6733664230633328
644136,246,2021-07-27,2021-08-08,13,treatment,1,0.0034987608,0,dept_246_closure_2021-07-27,2021-09-17,2021-09,4,1,,644136|246|2021-07-27,-0.3042812121602418,-0.6733664230633328
646267,246,2021-07-27,2021-08-08,13,control,0,0.22053812,0,dept_246_closure_2021-07-27,2021-09-17,2021-09,4,1,,646267|246|2021-07-27,-0.08724185296024178,-0.6733664230633328
647544,246,2021-07-27,2021-08-08,13,control,0,0.38944682,0,dept_246_closure_2021-07-27,2021-09-17,2021-09,4,1,,647544|246|2021-07-27,0.08166684703975824,-0.6733664230633328
649523,246,2021-07-27,2021-08-08,13,control,0,0.008285319,0,dept_246_closure_2021-07-27,2021-09-17,2021-09,4,1,,649523|246|2021-07-27,-0.2994946539602418,-0.6733664230633328
650314,246,2021-07-27,2021-08-08,13,control,0,0.041649476,0,dept_246_closure_2021-07-27,2021-09-17,2021-09,4,1,0.3333333333333333,650314|246|2021-07-27,-0.26613049696024177,-0.6733664230633328
650497,246,2021-07-27,2021-08-08,13,control,0,0.01220301,0,dept_246_closure_2021-07-27,2021-09-17,2021-09,4,1,,650497|246|2021-07-27,-0.2955769629602418,-0.6733664230633328
650796,246,2021-07-27,2021-08-08,13,control,0,0.113514744,0,dept_246_closure_2021-07-27,2021-09-17,2021-09,4,1,,650796|246|2021-07-27,-0.1942652289602418,-0.6733664230633328
651898,246,2021-07-27,2021-08-08,13,control,0,0.9841733,1,dept_246_closure_2021-07-27,2021-09-17,2021-09,4,1,0.6666666666666666,651898|246|2021-07-27,0.6763933270397582,-0.6733664230633328
653494,246,2021-07-27,2021-08-08,13,control,0,0.19648695,0,dept_246_closure_2021-07-27,2021-09-17,2021-09,4,1,,653494|246|2021-07-27,-0.1112930229602418,-0.6733664230633328
654396,246,2021-07-27,2021-08-08,13,control,0,0.018824542,0,dept_246_closure_2021-07-27,2021-09-17,2021-09,4,1,,654396|246|2021-07-27,-0.2889554309602418,-0.6733664230633328
654539,246,2021-07-27,2021-08-08,13,control,0,0.91421753,1,dept_246_closure_2021-07-27,2021-09-17,2021-09,4,1,,654539|246|2021-07-27,0.6064375570397582,-0.6733664230633328
655632,246,2021-07-27,2021-08-08,13,control,0,0.44265658,0,dept_246_closure_2021-07-27,2021-09-17,2021-09,4,1,1.0,655632|246|2021-07-27,0.13487660703975823,-0.6733664230633328
655906,246,2021-07-27,2021-08-08,13,control,0,0.6456241,1,dept_246_closure_2021-07-27,2021-09-17,2021-09,4,1,,655906|246|2021-07-27,0.33784412703975825,-0.6733664230633328
655994,246,2021-07-27,2021-08-08,13,control,0,0.88607514,1,dept_246_closure_2021-07-27,2021-09-17,2021-09,4,1,,655994|246|2021-07-27,0.5782951670397583,-0.6733664230633328
656172,246,2021-07-27,2021-08-08,13,treatment,1,0.003492452,0,dept_246_closure_2021-07-27,2021-09-17,2021-09,4,1,,656172|246|2021-07-27,-0.3042875209602418,-0.6733664230633328
657354,246,2021-07-27,2021-08-08,13,control,0,0.6226758,1,dept_246_closure_2021-07-27,2021-09-17,2021-09,4,1,1.0,657354|246|2021-07-27,0.3148958270397582,-0.6733664230633328
657355,246,2021-07-27,2021-08-08,13,control,0,0.32611358,0,dept_246_closure_2021-07-27,2021-09-17,2021-09,4,1,,657355|246|2021-07-27,0.018333607039758226,-0.6733664230633328
657356,246,2021-07-27,2021-08-08,13,control,0,0.0070038517,0,dept_246_closure_2021-07-27,2021-09-17,2021-09,4,1,,657356|246|2021-07-27,-0.3007761212602418,-0.6733664230633328
657358,246,2021-07-27,2021-08-08,13,control,0,0.13658209,0,dept_246_closure_2021-07-27,2021-09-17,2021-09,4,1,1.0,657358|246|2021-07-27,-0.1711978829602418,-0.6733664230633328
664460,246,2021-07-27,2021-08-08,13,control,0,0.22899963,0,dept_246_closure_2021-07-27,2021-09-17,2021-09,4,1,,664460|246|2021-07-27,-0.07878034296024178,-0.6733664230633328
664767,246,2021-07-27,2021-08-08,13,control,0,0.007248521,0,dept_246_closure_2021-07-27,2021-09-17,2021-09,4,1,,664767|246|2021-07-27,-0.3005314519602418,-0.6733664230633328
665519,246,2021-07-27,2021-08-08,13,control,0,0.94379646,1,dept_246_closure_2021-07-27,2021-09-17,2021-09,4,1,1.0,665519|246|2021-07-27,0.6360164870397582,-0.6733664230633328
665571,246,2021-07-27,2021-08-08,13,control,0,0.0016495719,0,dept_246_closure_2021-07-27,2021-09-17,2021-09,4,1,,665571|246|2021-07-27,-0.3061304010602418,-0.6733664230633328
666122,246,2021-07-27,2021-08-08,13,control,0,0.046844617,0,dept_246_closure_2021-07-27,2021-09-17,2021-09,4,1,,666122|246|2021-07-27,-0.2609353559602418,-0.6733664230633328
667695,246,2021-07-27,2021-08-08,13,control,0,0.08032639,0,dept_246_closure_2021-07-27,2021-09-17,2021-09,4,1,1.0,667695|246|2021-07-27,-0.2274535829602418,-0.6733664230633328
668096,246,2021-07-27,2021-08-08,13,control,0,0.0022502174,0,dept_246_closure_2021-07-27,2021-09-17,2021-09,4,1,,668096|246|2021-07-27,-0.3055297555602418,-0.6733664230633328
669146,246,2021-07-27,2021-08-08,13,control,0,0.01265297,0,dept_246_closure_2021-07-27,2021-09-17,2021-09,4,1,,669146|246|2021-07-27,-0.2951270029602418,-0.6733664230633328
669519,246,2021-07-27,2021-08-08,13,control,0,0.0022082943,0,dept_246_closure_2021-07-27,2021-09-17,2021-09,4,1,,669519|246|2021-07-27,-0.30557167866024176,-0.6733664230633328
671187,246,2021-07-27,2021-08-08,13,control,0,0.14804843,0,dept_246_closure_2021-07-27,2021-09-17,2021-09,4,1,,671187|246|2021-07-27,-0.15973154296024178,-0.6733664230633328
672880,246,2021-07-27,2021-08-08,13,control,0,0.3963556,0,dept_246_closure_2021-07-27,2021-09-17,2021-09,4,1,1.0,672880|246|2021-07-27,0.08857562703975819,-0.6733664230633328
674161,246,2021-07-27,2021-08-08,13,control,0,0.60217315,1,dept_246_closure_2021-07-27,2021-09-17,2021-09,4,1,0.0,674161|246|2021-07-27,0.29439317703975826,-0.6733664230633328
674724,246,2021-07-27,2021-08-08,13,control,0,0.22715935,0,dept_246_closure_2021-07-27,2021-09-17,2021-09,4,1,1.0,674724|246|2021-07-27,-0.08062062296024178,-0.6733664230633328
675505,246,2021-07-27,2021-08-08,13,control,0,0.15651003,0,dept_246_closure_2021-07-27,2021-09-17,2021-09,4,1,0.5,675505|246|2021-07-27,-0.1512699429602418,-0.6733664230633328
676853,246,2021-07-27,2021-08-08,13,control,0,0.004177887,0,dept_246_closure_2021-07-27,2021-09-17,2021-09,4,1,,676853|246|2021-07-27,-0.3036020859602418,-0.6733664230633328
677645,246,2021-07-27,2021-08-08,13,control,0,0.00460222,0,dept_246_closure_2021-07-27,2021-09-17,2021-09,4,1,,677645|246|2021-07-27,-0.3031777529602418,-0.6733664230633328
679043,246,2021-07-27,2021-08-08,13,treatment,1,0.007110106,0,dept_246_closure_2021-07-27,2021-09-17,2021-09,4,1,,679043|246|2021-07-27,-0.3006698669602418,-0.6733664230633328
680050,246,2021-07-27,2021-08-08,13,treatment,1,0.6510753,1,dept_246_closure_2021-07-27,2021-09-17,2021-09,4,1,,680050|246|2021-07-27,0.34329532703975824,-0.6733664230633328
683521,246,2021-07-27,2021-08-08,13,control,0,0.0039025282,0,dept_246_closure_2021-07-27,2021-09-17,2021-09,4,1,,683521|246|2021-07-27,-0.3038774447602418,-0.6733664230633328
683684,246,2021-07-27,2021-08-08,13,control,0,0.10428627,0,dept_246_closure_2021-07-27,2021-09-17,2021-09,4,1,,683684|246|2021-07-27,-0.20349370296024177,-0.6733664230633328
683804,246,2021-07-27,2021-08-08,13,control,0,0.0017932617,0,dept_246_closure_2021-07-27,2021-09-17,2021-09,4,1,,683804|246|2021-07-27,-0.3059867112602418,-0.6733664230633328
683995,246,2021-07-27,2021-08-08,13,control,0,0.001137196,0,dept_246_closure_2021-07-27,2021-09-17,2021-09,4,1,,683995|246|2021-07-27,-0.3066427769602418,-0.6733664230633328
684015,246,2021-07-27,2021-08-08,13,control,0,0.8845989,1,dept_246_closure_2021-07-27,2021-09-17,2021-09,4,1,0.0,684015|246|2021-07-27,0.5768189270397581,-0.6733664230633328
686956,246,2021-07-27,2021-08-08,13,control,0,0.0055859643,0,dept_246_closure_2021-07-27,2021-09-17,2021-09,4,1,,686956|246|2021-07-27,-0.30219400866024176,-0.6733664230633328
687042,246,2021-07-27,2021-08-08,13,control,0,0.5541338,1,dept_246_closure_2021-07-27,2021-09-17,2021-09,4,1,,687042|246|2021-07-27,0.24635382703975822,-0.6733664230633328
689237,246,2021-07-27,2021-08-08,13,control,0,0.00090677815,0,dept_246_closure_2021-07-27,2021-09-17,2021-09,4,1,,689237|246|2021-07-27,-0.3068731948102418,-0.6733664230633328
691273,246,2021-07-27,2021-08-08,13,treatment,1,0.5559356,1,dept_246_closure_2021-07-27,2021-09-17,2021-09,4,1,0.0,691273|246|2021-07-27,0.2481556270397582,-0.6733664230633328
692401,246,2021-07-27,2021-08-08,13,control,0,0.031257436,0,dept_246_closure_2021-07-27,2021-09-17,2021-09,4,1,,692401|246|2021-07-27,-0.27652253696024176,-0.6733664230633328
693452,246,2021-07-27,2021-08-08,13,control,0,0.07944487,0,dept_246_closure_2021-07-27,2021-09-17,2021-09,4,1,,693452|246|2021-07-27,-0.2283351029602418,-0.6733664230633328
695396,246,2021-07-27,2021-08-08,13,control,0,0.59376544,1,dept_246_closure_2021-07-27,2021-09-17,2021-09,4,1,0.5,695396|246|2021-07-27,0.2859854670397582,-0.6733664230633328
698986,246,2021-07-27,2021-08-08,13,control,0,0.26494306,0,dept_246_closure_2021-07-27,2021-09-17,2021-09,4,1,,698986|246|2021-07-27,-0.04283691296024178,-0.6733664230633328
699699,246,2021-07-27,2021-08-08,13,treatment,1,0.004846366,0,dept_246_closure_2021-07-27,2021-09-17,2021-09,4,1,,699699|246|2021-07-27,-0.3029336069602418,-0.6733664230633328
700273,246,2021-07-27,2021-08-08,13,control,0,0.017649118,0,dept_246_closure_2021-07-27,2021-09-17,2021-09,4,1,,700273|246|2021-07-27,-0.29013085496024177,-0.6733664230633328
700881,246,2021-07-27,2021-08-08,13,control,0,0.026280912,0,dept_246_closure_2021-07-27,2021-09-17,2021-09,4,1,,700881|246|2021-07-27,-0.2814990609602418,-0.6733664230633328
703568,246,2021-07-27,2021-08-08,13,control,0,0.1636185,0,dept_246_closure_2021-07-27,2021-09-17,2021-09,4,1,1.0,703568|246|2021-07-27,-0.1441614729602418,-0.6733664230633328
705741,246,2021-07-27,2021-08-08,13,control,0,0.240593,0,dept_246_closure_2021-07-27,2021-09-17,2021-09,4,1,0.0,705741|246|2021-07-27,-0.06718697296024179,-0.6733664230633328
706055,246,2021-07-27,2021-08-08,13,control,0,0.5146902,1,dept_246_closure_2021-07-27,2021-09-17,2021-09,4,1,,706055|246|2021-07-27,0.2069102270397582,-0.6733664230633328
706109,246,2021-07-27,2021-08-08,13,control,0,0.007861774,0,dept_246_closure_2021-07-27,2021-09-17,2021-09,4,1,,706109|246|2021-07-27,-0.2999181989602418,-0.6733664230633328
708207,246,2021-07-27,2021-08-08,13,treatment,1,0.009436967,0,dept_246_closure_2021-07-27,2021-09-17,2021-09,4,1,,708207|246|2021-07-27,-0.29834300596024177,-0.6733664230633328
710137,246,2021-07-27,2021-08-08,13,control,0,0.069965854,0,dept_246_closure_2021-07-27,2021-09-17,2021-09,4,1,,710137|246|2021-07-27,-0.2378141189602418,-0.6733664230633328
710677,246,2021-07-27,2021-08-08,13,control,0,0.07248529,0,dept_246_closure_2021-07-27,2021-09-17,2021-09,4,1,,710677|246|2021-07-27,-0.2352946829602418,-0.6733664230633328
712316,246,2021-07-27,2021-08-08,13,control,0,0.009721992,0,dept_246_closure_2021-07-27,2021-09-17,2021-09,4,1,,712316|246|2021-07-27,-0.2980579809602418,-0.6733664230633328
713935,246,2021-07-27,2021-08-08,13,control,0,0.7094755,1,dept_246_closure_2021-07-27,2021-09-17,2021-09,4,1,,713935|246|2021-07-27,0.40169552703975825,-0.6733664230633328
716927,246,2021-07-27,2021-08-08,13,control,0,0.0043204585,0,dept_246_closure_2021-07-27,2021-09-17,2021-09,4,1,,716927|246|2021-07-27,-0.3034595144602418,-0.6733664230633328
718666,246,2021-07-27,2021-08-08,13,treatment,1,0.003192709,0,dept_246_closure_2021-07-27,2021-09-17,2021-09,4,1,,718666|246|2021-07-27,-0.30458726396024177,-0.6733664230633328
718772,246,2021-07-27,2021-08-08,13,control,0,0.05517942,0,dept_246_closure_2021-07-27,2021-09-17,2021-09,4,1,,718772|246|2021-07-27,-0.2526005529602418,-0.6733664230633328
720882,246,2021-07-27,2021-08-08,13,control,0,0.04335409,0,dept_246_closure_2021-07-27,2021-09-17,2021-09,4,1,,720882|246|2021-07-27,-0.2644258829602418,-0.6733664230633328
727797,246,2021-07-27,2021-08-08,13,treatment,1,0.13561638,0,dept_246_closure_2021-07-27,2021-09-17,2021-09,4,1,,727797|246|2021-07-27,-0.17216359296024178,-0.6733664230633328
728495,246,2021-07-27,2021-08-08,13,control,0,0.014965183,0,dept_246_closure_2021-07-27,2021-09-17,2021-09,4,1,,728495|246|2021-07-27,-0.2928147899602418,-0.6733664230633328
729236,246,2021-07-27,2021-08-08,13,treatment,1,0.076605916,0,dept_246_closure_2021-07-27,2021-09-17,2021-09,4,1,,729236|246|2021-07-27,-0.2311740569602418,-0.6733664230633328
729427,246,2021-07-27,2021-08-08,13,treatment,1,0.01933929,0,dept_246_closure_2021-07-27,2021-09-17,2021-09,4,1,,729427|246|2021-07-27,-0.2884406829602418,-0.6733664230633328
729873,246,2021-07-27,2021-08-08,13,treatment,1,0.7575934,1,dept_246_closure_2021-07-27,2021-09-17,2021-09,4,1,0.0,729873|246|2021-07-27,0.4498134270397582,-0.6733664230633328
729889,246,2021-07-27,2021-08-08,13,control,0,0.037756026,0,dept_246_closure_2021-07-27,2021-09-17,2021-09,4,1,,729889|246|2021-07-27,-0.2700239469602418,-0.6733664230633328
733186,246,2021-07-27,2021-08-08,13,treatment,1,0.69795686,1,dept_246_closure_2021-07-27,2021-09-17,2021-09,4,1,1.0,733186|246|2021-07-27,0.3901768870397582,-0.6733664230633328
735865,246,2021-07-27,2021-08-08,13,control,0,0.33605695,0,dept_246_closure_2021-07-27,2021-09-17,2021-09,4,1,0.0,735865|246|2021-07-27,0.028276977039758233,-0.6733664230633328
736734,246,2021-07-27,2021-08-08,13,control,0,0.39864597,0,dept_246_closure_2021-07-27,2021-09-17,2021-09,4,1,,736734|246|2021-07-27,0.09086599703975823,-0.6733664230633328
739930,246,2021-07-27,2021-08-08,13,control,0,0.017589724,0,dept_246_closure_2021-07-27,2021-09-17,2021-09,4,1,,739930|246|2021-07-27,-0.2901902489602418,-0.6733664230633328
742210,246,2021-07-27,2021-08-08,13,control,0,0.0008205761,0,dept_246_closure_2021-07-27,2021-09-17,2021-09,4,1,,742210|246|2021-07-27,-0.30695939686024176,-0.6733664230633328
742713,246,2021-07-27,2021-08-08,13,control,0,0.7055811,1,dept_246_closure_2021-07-27,2021-09-17,2021-09,4,1,1.0,742713|246|2021-07-27,0.3978011270397582,-0.6733664230633328
743481,246,2021-07-27,2021-08-08,13,control,0,0.1744169,0,dept_246_closure_2021-07-27,2021-09-17,2021-09,4,1,,743481|246|2021-07-27,-0.13336307296024177,-0.6733664230633328
743573,246,2021-07-27,2021-08-08,13,control,0,0.01424737,0,dept_246_closure_2021-07-27,2021-09-17,2021-09,4,1,,743573|246|2021-07-27,-0.2935326029602418,-0.6733664230633328
745348,246,2021-07-27,2021-08-08,13,control,0,0.6717277,1,dept_246_closure_2021-07-27,2021-09-17,2021-09,4,1,,745348|246|2021-07-27,0.36394772703975825,-0.6733664230633328
745784,246,2021-07-27,2021-08-08,13,control,0,0.07058759,0,dept_246_closure_2021-07-27,2021-09-17,2021-09,4,1,,745784|246|2021-07-27,-0.23719238296024178,-0.6733664230633328
745837,246,2021-07-27,2021-08-08,13,control,0,0.0012194227,0,dept_246_closure_2021-07-27,2021-09-17,2021-09,4,1,,745837|246|2021-07-27,-0.3065605502602418,-0.6733664230633328
746756,246,2021-07-27,2021-08-08,13,control,0,0.08982364,0,dept_246_closure_2021-07-27,2021-09-17,2021-09,4,1,0.3333333333333333,746756|246|2021-07-27,-0.2179563329602418,-0.6733664230633328
747030,246,2021-07-27,2021-08-08,13,control,0,0.88071215,1,dept_246_closure_2021-07-27,2021-09-17,2021-09,4,1,,747030|246|2021-07-27,0.5729321770397582,-0.6733664230633328
750005,246,2021-07-27,2021-08-08,13,control,0,0.00368248,0,dept_246_closure_2021-07-27,2021-09-17,2021-09,4,1,,750005|246|2021-07-27,-0.3040974929602418,-0.6733664230633328
750565,246,2021-07-27,2021-08-08,13,control,0,0.09725597,0,dept_246_closure_2021-07-27,2021-09-17,2021-09,4,1,,750565|246|2021-07-27,-0.2105240029602418,-0.6733664230633328
751068,246,2021-07-27,2021-08-08,13,control,0,0.67058444,1,dept_246_closure_2021-07-27,2021-09-17,2021-09,4,1,0.6666666666666666,751068|246|2021-07-27,0.36280446703975816,-0.6733664230633328
755654,246,2021-07-27,2021-08-08,13,control,0,0.642669,1,dept_246_closure_2021-07-27,2021-09-17,2021-09,4,1,0.0,755654|246|2021-07-27,0.33488902703975826,-0.6733664230633328
757209,246,2021-07-27,2021-08-08,13,control,0,0.92929745,1,dept_246_closure_2021-07-27,2021-09-17,2021-09,4,1,,757209|246|2021-07-27,0.6215174770397582,-0.6733664230633328
758569,246,2021-07-27,2021-08-08,13,control,0,0.6066296,1,dept_246_closure_2021-07-27,2021-09-17,2021-09,4,1,,758569|246|2021-07-27,0.2988496270397582,-0.6733664230633328
759081,246,2021-07-27,2021-08-08,13,control,0,0.9864933,1,dept_246_closure_2021-07-27,2021-09-17,2021-09,4,1,,759081|246|2021-07-27,0.6787133270397583,-0.6733664230633328
760910,246,2021-07-27,2021-08-08,13,control,0,0.37581336,0,dept_246_closure_2021-07-27,2021-09-17,2021-09,4,1,,760910|246|2021-07-27,0.0680333870397582,-0.6733664230633328
761525,246,2021-07-27,2021-08-08,13,control,0,0.0040558516,0,dept_246_closure_2021-07-27,2021-09-17,2021-09,4,1,,761525|246|2021-07-27,-0.3037241213602418,-0.6733664230633328
763277,246,2021-07-27,2021-08-08,13,control,0,0.24932212,0,dept_246_closure_2021-07-27,2021-09-17,2021-09,4,1,,763277|246|2021-07-27,-0.05845785296024178,-0.6733664230633328
764174,246,2021-07-27,2021-08-08,13,control,0,0.020427303,0,dept_246_closure_2021-07-27,2021-09-17,2021-09,4,1,,764174|246|2021-07-27,-0.2873526699602418,-0.6733664230633328
764393,246,2021-07-27,2021-08-08,13,treatment,1,0.015356412,0,dept_246_closure_2021-07-27,2021-09-17,2021-09,4,1,,764393|246|2021-07-27,-0.2924235609602418,-0.6733664230633328
764798,246,2021-07-27,2021-08-08,13,control,0,0.025530431,0,dept_246_closure_2021-07-27,2021-09-17,2021-09,4,1,,764798|246|2021-07-27,-0.28224954196024177,-0.6733664230633328
768714,246,2021-07-27,2021-08-08,13,control,0,0.08861846,0,dept_246_closure_2021-07-27,2021-09-17,2021-09,4,1,,768714|246|2021-07-27,-0.21916151296024178,-0.6733664230633328
771788,246,2021-07-27,2021-08-08,13,control,0,0.13042508,0,dept_246_closure_2021-07-27,2021-09-17,2021-09,4,1,0.3333333333333333,771788|246|2021-07-27,-0.1773548929602418,-0.6733664230633328
773247,246,2021-07-27,2021-08-08,13,control,0,0.12926482,0,dept_246_closure_2021-07-27,2021-09-17,2021-09,4,1,,773247|246|2021-07-27,-0.17851515296024179,-0.6733664230633328
774405,246,2021-07-27,2021-08-08,13,control,0,0.6753653,1,dept_246_closure_2021-07-27,2021-09-17,2021-09,4,1,,774405|246|2021-07-27,0.36758532703975816,-0.6733664230633328
775273,246,2021-07-27,2021-08-08,13,control,0,0.03347844,0,dept_246_closure_2021-07-27,2021-09-17,2021-09,4,1,,775273|246|2021-07-27,-0.2743015329602418,-0.6733664230633328
775847,246,2021-07-27,2021-08-08,13,control,0,0.020749453,0,dept_246_closure_2021-07-27,2021-09-17,2021-09,4,1,1.0,775847|246|2021-07-27,-0.28703051996024176,-0.6733664230633328
778075,246,2021-07-27,2021-08-08,13,control,0,0.0044483226,0,dept_246_closure_2021-07-27,2021-09-17,2021-09,4,1,,778075|246|2021-07-27,-0.3033316503602418,-0.6733664230633328
780783,246,2021-07-27,2021-08-08,13,control,0,0.94814223,1,dept_246_closure_2021-07-27,2021-09-17,2021-09,4,1,,780783|246|2021-07-27,0.6403622570397582,-0.6733664230633328
781479,246,2021-07-27,2021-08-08,13,treatment,1,0.11026743,0,dept_246_closure_2021-07-27,2021-09-17,2021-09,4,1,,781479|246|2021-07-27,-0.1975125429602418,-0.6733664230633328
782601,246,2021-07-27,2021-08-08,13,control,0,0.03218455,0,dept_246_closure_2021-07-27,2021-09-17,2021-09,4,1,,782601|246|2021-07-27,-0.2755954229602418,-0.6733664230633328
784606,246,2021-07-27,2021-08-08,13,treatment,1,0.0007714593,0,dept_246_closure_2021-07-27,2021-09-17,2021-09,4,1,,784606|246|2021-07-27,-0.3070085136602418,-0.6733664230633328
784655,246,2021-07-27,2021-08-08,13,control,0,0.002960514,0,dept_246_closure_2021-07-27,2021-09-17,2021-09,4,1,,784655|246|2021-07-27,-0.30481945896024176,-0.6733664230633328
785881,246,2021-07-27,2021-08-08,13,control,0,0.7455215,1,dept_246_closure_2021-07-27,2021-09-17,2021-09,4,1,,785881|246|2021-07-27,0.43774152703975816,-0.6733664230633328
787051,246,2021-07-27,2021-08-08,13,control,0,0.48000237,0,dept_246_closure_2021-07-27,2021-09-17,2021-09,4,1,1.0,787051|246|2021-07-27,0.17222239703975822,-0.6733664230633328
790777,246,2021-07-27,2021-08-08,13,control,0,0.0068362337,0,dept_246_closure_2021-07-27,2021-09-17,2021-09,4,1,,790777|246|2021-07-27,-0.30094373926024176,-0.6733664230633328
793087,246,2021-07-27,2021-08-08,13,control,0,0.099858016,0,dept_246_closure_2021-07-27,2021-09-17,2021-09,4,1,,793087|246|2021-07-27,-0.2079219569602418,-0.6733664230633328
794164,246,2021-07-27,2021-08-08,13,control,0,0.6939915,1,dept_246_closure_2021-07-27,2021-09-17,2021-09,4,1,,794164|246|2021-07-27,0.3862115270397582,-0.6733664230633328
794821,246,2021-07-27,2021-08-08,13,control,0,0.035638213,0,dept_246_closure_2021-07-27,2021-09-17,2021-09,4,1,,794821|246|2021-07-27,-0.2721417599602418,-0.6733664230633328
795915,246,2021-07-27,2021-08-08,13,control,0,0.8226784,1,dept_246_closure_2021-07-27,2021-09-17,2021-09,4,1,,795915|246|2021-07-27,0.5148984270397583,-0.6733664230633328
796636,246,2021-07-27,2021-08-08,13,control,0,0.009036448,0,dept_246_closure_2021-07-27,2021-09-17,2021-09,4,1,,796636|246|2021-07-27,-0.2987435249602418,-0.6733664230633328
797064,246,2021-07-27,2021-08-08,13,control,0,0.507212,1,dept_246_closure_2021-07-27,2021-09-17,2021-09,4,1,,797064|246|2021-07-27,0.1994320270397582,-0.6733664230633328
797984,246,2021-07-27,2021-08-08,13,treatment,1,0.9371447,1,dept_246_closure_2021-07-27,2021-09-17,2021-09,4,1,,797984|246|2021-07-27,0.6293647270397582,-0.6733664230633328
800707,246,2021-07-27,2021-08-08,13,control,0,0.0030262175,0,dept_246_closure_2021-07-27,2021-09-17,2021-09,4,1,,800707|246|2021-07-27,-0.3047537554602418,-0.6733664230633328
801378,246,2021-07-27,2021-08-08,13,control,0,0.0019727403,0,dept_246_closure_2021-07-27,2021-09-17,2021-09,4,1,,801378|246|2021-07-27,-0.3058072326602418,-0.6733664230633328
802679,246,2021-07-27,2021-08-08,13,control,0,0.018501613,0,dept_246_closure_2021-07-27,2021-09-17,2021-09,4,1,,802679|246|2021-07-27,-0.28927835996024176,-0.6733664230633328
807138,246,2021-07-27,2021-08-08,13,control,0,0.054256,0,dept_246_closure_2021-07-27,2021-09-17,2021-09,4,1,1.0,807138|246|2021-07-27,-0.25352397296024176,-0.6733664230633328
807628,246,2021-07-27,2021-08-08,13,control,0,0.016564755,0,dept_246_closure_2021-07-27,2021-09-17,2021-09,4,1,,807628|246|2021-07-27,-0.2912152179602418,-0.6733664230633328
807629,246,2021-07-27,2021-08-08,13,control,0,0.3686019,0,dept_246_closure_2021-07-27,2021-09-17,2021-09,4,1,0.6,807629|246|2021-07-27,0.060821927039758195,-0.6733664230633328
807979,246,2021-07-27,2021-08-08,13,control,0,0.39310044,0,dept_246_closure_2021-07-27,2021-09-17,2021-09,4,1,,807979|246|2021-07-27,0.08532046703975821,-0.6733664230633328
