member_id,dept_id,closure_start,closure_end,closure_duration_days,group,treated,displacement_prob,disp_binary,closure_event_id,period_start,calendar_month,rel_t,post,n_purchases,event_fe_id,displacement_prob_centered,closure_length_std
5,225,2021-02-09,2021-02-18,10,control,0,0.14528728,0,dept_225_closure_2021-02-09,2020-12-31,2020-12,-4,0,0.1,5|225|2021-02-09,-0.4117555280071219,0.0
866,225,2021-02-09,2021-02-18,10,control,0,0.34398916,0,dept_225_closure_2021-02-09,2020-12-31,2020-12,-4,0,0.0,866|225|2021-02-09,-0.2130536480071219,0.0
1100,225,2021-02-09,2021-02-18,10,control,0,0.6347374,1,dept_225_closure_2021-02-09,2020-12-31,2020-12,-4,0,0.1,1100|225|2021-02-09,0.07769459199287809,0.0
2097,225,2021-02-09,2021-02-18,10,control,0,0.23596613,0,dept_225_closure_2021-02-09,2020-12-31,2020-12,-4,0,0.0,2097|225|2021-02-09,-0.3210766780071219,0.0
2185,225,2021-02-09,2021-02-18,10,control,0,0.2621139,0,dept_225_closure_2021-02-09,2020-12-31,2020-12,-4,0,0.0,2185|225|2021-02-09,-0.2949289080071219,0.0
2206,225,2021-02-09,2021-02-18,10,control,0,0.4399006,0,dept_225_closure_2021-02-09,2020-12-31,2020-12,-4,0,0.1,2206|225|2021-02-09,-0.11714220800712194,0.0
3239,225,2021-02-09,2021-02-18,10,control,0,0.085536055,0,dept_225_closure_2021-02-09,2020-12-31,2020-12,-4,0,0.0,3239|225|2021-02-09,-0.4715067530071219,0.0
3256,225,2021-02-09,2021-02-18,10,control,0,0.27744627,0,dept_225_closure_2021-02-09,2020-12-31,2020-12,-4,0,0.2,3256|225|2021-02-09,-0.2795965380071219,0.0
5717,225,2021-02-09,2021-02-18,10,control,0,0.86031544,1,dept_225_closure_2021-02-09,2020-12-31,2020-12,-4,0,0.1,5717|225|2021-02-09,0.30327263199287813,0.0
7281,225,2021-02-09,2021-02-18,10,control,0,0.99898213,1,dept_225_closure_2021-02-09,2020-12-31,2020-12,-4,0,0.1,7281|225|2021-02-09,0.4419393219928781,0.0
8427,225,2021-02-09,2021-02-18,10,control,0,0.019571843,0,dept_225_closure_2021-02-09,2020-12-31,2020-12,-4,0,0.0,8427|225|2021-02-09,-0.5374709650071219,0.0
8449,225,2021-02-09,2021-02-18,10,control,0,0.08294749,0,dept_225_closure_2021-02-09,2020-12-31,2020-12,-4,0,0.0,8449|225|2021-02-09,-0.4740953180071219,0.0
10251,225,2021-02-09,2021-02-18,10,control,0,0.52154756,1,dept_225_closure_2021-02-09,2020-12-31,2020-12,-4,0,0.0,10251|225|2021-02-09,-0.03549524800712189,0.0
12391,225,2021-02-09,2021-02-18,10,control,0,0.15027635,0,dept_225_closure_2021-02-09,2020-12-31,2020-12,-4,0,0.0,12391|225|2021-02-09,-0.4067664580071219,0.0
12400,225,2021-02-09,2021-02-18,10,control,0,0.018340718,0,dept_225_closure_2021-02-09,2020-12-31,2020-12,-4,0,0.0,12400|225|2021-02-09,-0.5387020900071219,0.0
12928,225,2021-02-09,2021-02-18,10,control,0,0.8517119,1,dept_225_closure_2021-02-09,2020-12-31,2020-12,-4,0,0.1,12928|225|2021-02-09,0.29466909199287805,0.0
15825,225,2021-02-09,2021-02-18,10,control,0,0.21903794,0,dept_225_closure_2021-02-09,2020-12-31,2020-12,-4,0,0.0,15825|225|2021-02-09,-0.33800486800712193,0.0
16611,225,2021-02-09,2021-02-18,10,control,0,0.03530123,0,dept_225_closure_2021-02-09,2020-12-31,2020-12,-4,0,0.0,16611|225|2021-02-09,-0.521741578007122,0.0
17269,225,2021-02-09,2021-02-18,10,control,0,0.21498367,0,dept_225_closure_2021-02-09,2020-12-31,2020-12,-4,0,0.0,17269|225|2021-02-09,-0.34205913800712195,0.0
17312,225,2021-02-09,2021-02-18,10,control,0,0.36621094,0,dept_225_closure_2021-02-09,2020-12-31,2020-12,-4,0,0.0,17312|225|2021-02-09,-0.19083186800712193,0.0
19087,225,2021-02-09,2021-02-18,10,control,0,0.1141593,0,dept_225_closure_2021-02-09,2020-12-31,2020-12,-4,0,0.0,19087|225|2021-02-09,-0.4428835080071219,0.0
19767,225,2021-02-09,2021-02-18,10,control,0,0.48095965,0,dept_225_closure_2021-02-09,2020-12-31,2020-12,-4,0,0.1,19767|225|2021-02-09,-0.0760831580071219,0.0
19961,225,2021-02-09,2021-02-18,10,control,0,0.2612961,0,dept_225_closure_2021-02-09,2020-12-31,2020-12,-4,0,0.0,19961|225|2021-02-09,-0.29574670800712194,0.0
20829,225,2021-02-09,2021-02-18,10,control,0,0.84562606,1,dept_225_closure_2021-02-09,2020-12-31,2020-12,-4,0,0.3,20829|225|2021-02-09,0.28858325199287804,0.0
22301,225,2021-02-09,2021-02-18,10,treatment,1,0.49965566,0,dept_225_closure_2021-02-09,2020-12-31,2020-12,-4,0,0.0,22301|225|2021-02-09,-0.05738714800712191,0.0
22417,225,2021-02-09,2021-02-18,10,control,0,0.99820554,1,dept_225_closure_2021-02-09,2020-12-31,2020-12,-4,0,0.2,22417|225|2021-02-09,0.44116273199287803,0.0
24695,225,2021-02-09,2021-02-18,10,control,0,0.23371305,0,dept_225_closure_2021-02-09,2020-12-31,2020-12,-4,0,0.2,24695|225|2021-02-09,-0.32332975800712194,0.0
27305,225,2021-02-09,2021-02-18,10,control,0,0.934971,1,dept_225_closure_2021-02-09,2020-12-31,2020-12,-4,0,0.2,27305|225|2021-02-09,0.3779281919928781,0.0
27339,225,2021-02-09,2021-02-18,10,control,0,0.06848284,0,dept_225_closure_2021-02-09,2020-12-31,2020-12,-4,0,0.0,27339|225|2021-02-09,-0.4885599680071219,0.0
28349,225,2021-02-09,2021-02-18,10,control,0,0.031649835,0,dept_225_closure_2021-02-09,2020-12-31,2020-12,-4,0,0.1,28349|225|2021-02-09,-0.525392973007122,0.0
28784,225,2021-02-09,2021-02-18,10,control,0,0.96120983,1,dept_225_closure_2021-02-09,2020-12-31,2020-12,-4,0,0.6,28784|225|2021-02-09,0.40416702199287813,0.0
29011,225,2021-02-09,2021-02-18,10,control,0,0.89105934,1,dept_225_closure_2021-02-09,2020-12-31,2020-12,-4,0,0.1,29011|225|2021-02-09,0.33401653199287806,0.0
29025,225,2021-02-09,2021-02-18,10,control,0,0.93348074,1,dept_225_closure_2021-02-09,2020-12-31,2020-12,-4,0,0.2,29025|225|2021-02-09,0.3764379319928781,0.0
29713,225,2021-02-09,2021-02-18,10,control,0,0.5263306,1,dept_225_closure_2021-02-09,2020-12-31,2020-12,-4,0,0.1,29713|225|2021-02-09,-0.030712208007121933,0.0
31068,225,2021-02-09,2021-02-18,10,control,0,0.3156137,0,dept_225_closure_2021-02-09,2020-12-31,2020-12,-4,0,0.1,31068|225|2021-02-09,-0.24142910800712192,0.0
31075,225,2021-02-09,2021-02-18,10,control,0,0.39527813,0,dept_225_closure_2021-02-09,2020-12-31,2020-12,-4,0,0.0,31075|225|2021-02-09,-0.1617646780071219,0.0
31139,225,2021-02-09,2021-02-18,10,treatment,1,0.24236429,0,dept_225_closure_2021-02-09,2020-12-31,2020-12,-4,0,0.0,31139|225|2021-02-09,-0.3146785180071219,0.0
31524,225,2021-02-09,2021-02-18,10,control,0,0.05243684,0,dept_225_closure_2021-02-09,2020-12-31,2020-12,-4,0,0.0,31524|225|2021-02-09,-0.5046059680071219,0.0
32473,225,2021-02-09,2021-02-18,10,control,0,0.72997993,1,dept_225_closure_2021-02-09,2020-12-31,2020-12,-4,0,0.1,32473|225|2021-02-09,0.17293712199287814,0.0
32707,225,2021-02-09,2021-02-18,10,control,0,0.9788866,1,dept_225_closure_2021-02-09,2020-12-31,2020-12,-4,0,0.0,32707|225|2021-02-09,0.42184379199287814,0.0
34116,225,2021-02-09,2021-02-18,10,control,0,0.4045588,0,dept_225_closure_2021-02-09,2020-12-31,2020-12,-4,0,0.2,34116|225|2021-02-09,-0.15248400800712192,0.0
36662,225,2021-02-09,2021-02-18,10,control,0,0.1691688,0,dept_225_closure_2021-02-09,2020-12-31,2020-12,-4,0,0.0,36662|225|2021-02-09,-0.3878740080071219,0.0
37330,225,2021-02-09,2021-02-18,10,treatment,1,0.39923403,0,dept_225_closure_2021-02-09,2020-12-31,2020-12,-4,0,0.0,37330|225|2021-02-09,-0.1578087780071219,0.0
38200,225,2021-02-09,2021-02-18,10,control,0,0.41114828,0,dept_225_closure_2021-02-09,2020-12-31,2020-12,-4,0,0.0,38200|225|2021-02-09,-0.14589452800712194,0.0
39228,225,2021-02-09,2021-02-18,10,control,0,0.93770295,1,dept_225_closure_2021-02-09,2020-12-31,2020-12,-4,0,0.3,39228|225|2021-02-09,0.3806601419928781,0.0
40566,225,2021-02-09,2021-02-18,10,control,0,0.9946063,1,dept_225_closure_2021-02-09,2020-12-31,2020-12,-4,0,0.5,40566|225|2021-02-09,0.43756349199287814,0.0
44385,225,2021-02-09,2021-02-18,10,control,0,0.81834763,1,dept_225_closure_2021-02-09,2020-12-31,2020-12,-4,0,0.1,44385|225|2021-02-09,0.2613048219928781,0.0
44793,225,2021-02-09,2021-02-18,10,control,0,0.8609171,1,dept_225_closure_2021-02-09,2020-12-31,2020-12,-4,0,0.1,44793|225|2021-02-09,0.3038742919928781,0.0
46191,225,2021-02-09,2021-02-18,10,control,0,0.85950613,1,dept_225_closure_2021-02-09,2020-12-31,2020-12,-4,0,0.2,46191|225|2021-02-09,0.30246332199287806,0.0
47222,225,2021-02-09,2021-02-18,10,treatment,1,0.49709675,0,dept_225_closure_2021-02-09,2020-12-31,2020-12,-4,0,0.0,47222|225|2021-02-09,-0.05994605800712194,0.0
48637,225,2021-02-09,2021-02-18,10,treatment,1,0.54981667,1,dept_225_closure_2021-02-09,2020-12-31,2020-12,-4,0,0.0,48637|225|2021-02-09,-0.007226138007121907,0.0
49220,225,2021-02-09,2021-02-18,10,control,0,0.37845916,0,dept_225_closure_2021-02-09,2020-12-31,2020-12,-4,0,0.0,49220|225|2021-02-09,-0.1785836480071219,0.0
50187,225,2021-02-09,2021-02-18,10,control,0,0.86367977,1,dept_225_closure_2021-02-09,2020-12-31,2020-12,-4,0,0.0,50187|225|2021-02-09,0.30663696199287804,0.0
51175,225,2021-02-09,2021-02-18,10,control,0,0.06736726,0,dept_225_closure_2021-02-09,2020-12-31,2020-12,-4,0,0.0,51175|225|2021-02-09,-0.48967554800712193,0.0
51232,225,2021-02-09,2021-02-18,10,treatment,1,0.96270984,1,dept_225_closure_2021-02-09,2020-12-31,2020-12,-4,0,0.0,51232|225|2021-02-09,0.4056670319928781,0.0
51386,225,2021-02-09,2021-02-18,10,treatment,1,0.9826988,1,dept_225_closure_2021-02-09,2020-12-31,2020-12,-4,0,0.0,51386|225|2021-02-09,0.42565599199287807,0.0
52482,225,2021-02-09,2021-02-18,10,control,0,0.7282863,1,dept_225_closure_2021-02-09,2020-12-31,2020-12,-4,0,0.0,52482|225|2021-02-09,0.17124349199287814,0.0
52509,225,2021-02-09,2021-02-18,10,control,0,0.9856984,1,dept_225_closure_2021-02-09,2020-12-31,2020-12,-4,0,0.2,52509|225|2021-02-09,0.42865559199287806,0.0
52857,225,2021-02-09,2021-02-18,10,control,0,0.39206263,0,dept_225_closure_2021-02-09,2020-12-31,2020-12,-4,0,0.0,52857|225|2021-02-09,-0.1649801780071219,0.0
55277,225,2021-02-09,2021-02-18,10,control,0,0.7247857,1,dept_225_closure_2021-02-09,2020-12-31,2020-12,-4,0,0.0,55277|225|2021-02-09,0.16774289199287806,0.0
56953,225,2021-02-09,2021-02-18,10,control,0,0.8950663,1,dept_225_closure_2021-02-09,2020-12-31,2020-12,-4,0,0.2,56953|225|2021-02-09,0.33802349199287807,0.0
57362,225,2021-02-09,2021-02-18,10,control,0,0.5430405,1,dept_225_closure_2021-02-09,2020-12-31,2020-12,-4,0,0.0,57362|225|2021-02-09,-0.014002308007121878,0.0
57582,225,2021-02-09,2021-02-18,10,control,0,0.92595965,1,dept_225_closure_2021-02-09,2020-12-31,2020-12,-4,0,0.2,57582|225|2021-02-09,0.3689168419928781,0.0
62574,225,2021-02-09,2021-02-18,10,control,0,0.24900906,0,dept_225_closure_2021-02-09,2020-12-31,2020-12,-4,0,0.2,62574|225|2021-02-09,-0.3080337480071219,0.0
63220,225,2021-02-09,2021-02-18,10,control,0,0.88363045,1,dept_225_closure_2021-02-09,2020-12-31,2020-12,-4,0,0.0,63220|225|2021-02-09,0.32658764199287804,0.0
64080,225,2021-02-09,2021-02-18,10,treatment,1,0.5486668,1,dept_225_closure_2021-02-09,2020-12-31,2020-12,-4,0,0.0,64080|225|2021-02-09,-0.008376008007121905,0.0
73719,225,2021-02-09,2021-02-18,10,control,0,0.48416466,0,dept_225_closure_2021-02-09,2020-12-31,2020-12,-4,0,0.1,73719|225|2021-02-09,-0.07287814800712189,0.0
75205,225,2021-02-09,2021-02-18,10,control,0,0.87622863,1,dept_225_closure_2021-02-09,2020-12-31,2020-12,-4,0,0.2,75205|225|2021-02-09,0.31918582199287804,0.0
77516,225,2021-02-09,2021-02-18,10,control,0,0.88889474,1,dept_225_closure_2021-02-09,2020-12-31,2020-12,-4,0,0.3,77516|225|2021-02-09,0.3318519319928781,0.0
79269,225,2021-02-09,2021-02-18,10,control,0,0.14135796,0,dept_225_closure_2021-02-09,2020-12-31,2020-12,-4,0,0.0,79269|225|2021-02-09,-0.4156848480071219,0.0
82976,225,2021-02-09,2021-02-18,10,control,0,0.5032989,1,dept_225_closure_2021-02-09,2020-12-31,2020-12,-4,0,0.3,82976|225|2021-02-09,-0.05374390800712192,0.0
83920,225,2021-02-09,2021-02-18,10,control,0,0.10722636,0,dept_225_closure_2021-02-09,2020-12-31,2020-12,-4,0,0.0,83920|225|2021-02-09,-0.4498164480071219,0.0
85561,225,2021-02-09,2021-02-18,10,treatment,1,0.30561054,0,dept_225_closure_2021-02-09,2020-12-31,2020-12,-4,0,0.1,85561|225|2021-02-09,-0.25143226800712193,0.0
85580,225,2021-02-09,2021-02-18,10,control,0,0.96883047,1,dept_225_closure_2021-02-09,2020-12-31,2020-12,-4,0,0.3,85580|225|2021-02-09,0.4117876619928781,0.0
85848,225,2021-02-09,2021-02-18,10,control,0,0.047726985,0,dept_225_closure_2021-02-09,2020-12-31,2020-12,-4,0,0.1,85848|225|2021-02-09,-0.509315823007122,0.0
88712,225,2021-02-09,2021-02-18,10,control,0,0.27502534,0,dept_225_closure_2021-02-09,2020-12-31,2020-12,-4,0,0.1,88712|225|2021-02-09,-0.2820174680071219,0.0
90821,225,2021-02-09,2021-02-18,10,control,0,0.10521385,0,dept_225_closure_2021-02-09,2020-12-31,2020-12,-4,0,0.0,90821|225|2021-02-09,-0.4518289580071219,0.0
91438,225,2021-02-09,2021-02-18,10,treatment,1,0.2950767,0,dept_225_closure_2021-02-09,2020-12-31,2020-12,-4,0,0.0,91438|225|2021-02-09,-0.2619661080071219,0.0
92168,225,2021-02-09,2021-02-18,10,control,0,0.7336935,1,dept_225_closure_2021-02-09,2020-12-31,2020-12,-4,0,0.0,92168|225|2021-02-09,0.17665069199287808,0.0
92196,225,2021-02-09,2021-02-18,10,control,0,0.8121042,1,dept_225_closure_2021-02-09,2020-12-31,2020-12,-4,0,0.4,92196|225|2021-02-09,0.25506139199287814,0.0
93076,225,2021-02-09,2021-02-18,10,control,0,0.13417456,0,dept_225_closure_2021-02-09,2020-12-31,2020-12,-4,0,0.0,93076|225|2021-02-09,-0.4228682480071219,0.0
94462,225,2021-02-09,2021-02-18,10,control,0,0.8219448,1,dept_225_closure_2021-02-09,2020-12-31,2020-12,-4,0,0.5,94462|225|2021-02-09,0.2649019919928781,0.0
95167,225,2021-02-09,2021-02-18,10,control,0,0.98642063,1,dept_225_closure_2021-02-09,2020-12-31,2020-12,-4,0,0.6,95167|225|2021-02-09,0.4293778219928781,0.0
96414,225,2021-02-09,2021-02-18,10,treatment,1,0.5275364,1,dept_225_closure_2021-02-09,2020-12-31,2020-12,-4,0,0.0,96414|225|2021-02-09,-0.029506408007121898,0.0
96697,225,2021-02-09,2021-02-18,10,control,0,0.025866332,0,dept_225_closure_2021-02-09,2020-12-31,2020-12,-4,0,0.0,96697|225|2021-02-09,-0.5311764760071219,0.0
104528,225,2021-02-09,2021-02-18,10,control,0,0.5275139,1,dept_225_closure_2021-02-09,2020-12-31,2020-12,-4,0,0.1,104528|225|2021-02-09,-0.029528908007121935,0.0
104571,225,2021-02-09,2021-02-18,10,control,0,0.98588693,1,dept_225_closure_2021-02-09,2020-12-31,2020-12,-4,0,0.1,104571|225|2021-02-09,0.42884412199287814,0.0
104692,225,2021-02-09,2021-02-18,10,control,0,0.28391963,0,dept_225_closure_2021-02-09,2020-12-31,2020-12,-4,0,0.0,104692|225|2021-02-09,-0.27312317800712194,0.0
104922,225,2021-02-09,2021-02-18,10,control,0,0.5186152,1,dept_225_closure_2021-02-09,2020-12-31,2020-12,-4,0,0.2,104922|225|2021-02-09,-0.03842760800712186,0.0
106298,225,2021-02-09,2021-02-18,10,control,0,0.060432576,0,dept_225_closure_2021-02-09,2020-12-31,2020-12,-4,0,0.0,106298|225|2021-02-09,-0.4966102320071219,0.0
111416,225,2021-02-09,2021-02-18,10,treatment,1,0.069509014,0,dept_225_closure_2021-02-09,2020-12-31,2020-12,-4,0,0.0,111416|225|2021-02-09,-0.48753379400712193,0.0
112274,225,2021-02-09,2021-02-18,10,control,0,0.9381968,1,dept_225_closure_2021-02-09,2020-12-31,2020-12,-4,0,0.2,112274|225|2021-02-09,0.38115399199287814,0.0
112986,225,2021-02-09,2021-02-18,10,control,0,0.43461272,0,dept_225_closure_2021-02-09,2020-12-31,2020-12,-4,0,0.1,112986|225|2021-02-09,-0.1224300880071219,0.0
113871,225,2021-02-09,2021-02-18,10,control,0,0.7866077,1,dept_225_closure_2021-02-09,2020-12-31,2020-12,-4,0,0.0,113871|225|2021-02-09,0.2295648919928781,0.0
114555,225,2021-02-09,2021-02-18,10,control,0,0.103926405,0,dept_225_closure_2021-02-09,2020-12-31,2020-12,-4,0,0.0,114555|225|2021-02-09,-0.4531164030071219,0.0
114559,225,2021-02-09,2021-02-18,10,control,0,0.99483794,1,dept_225_closure_2021-02-09,2020-12-31,2020-12,-4,0,0.4,114559|225|2021-02-09,0.4377951319928781,0.0
115199,225,2021-02-09,2021-02-18,10,treatment,1,0.9845649,1,dept_225_closure_2021-02-09,2020-12-31,2020-12,-4,0,0.2,115199|225|2021-02-09,0.42752209199287805,0.0
115326,225,2021-02-09,2021-02-18,10,control,0,0.13118972,0,dept_225_closure_2021-02-09,2020-12-31,2020-12,-4,0,0.0,115326|225|2021-02-09,-0.4258530880071219,0.0
115535,225,2021-02-09,2021-02-18,10,control,0,0.9518152,1,dept_225_closure_2021-02-09,2020-12-31,2020-12,-4,0,0.4,115535|225|2021-02-09,0.39477239199287806,0.0
116937,225,2021-02-09,2021-02-18,10,treatment,1,0.22988378,0,dept_225_closure_2021-02-09,2020-12-31,2020-12,-4,0,0.0,116937|225|2021-02-09,-0.32715902800712193,0.0
117335,225,2021-02-09,2021-02-18,10,control,0,0.7447799,1,dept_225_closure_2021-02-09,2020-12-31,2020-12,-4,0,0.1,117335|225|2021-02-09,0.18773709199287814,0.0
119025,225,2021-02-09,2021-02-18,10,control,0,0.6071146,1,dept_225_closure_2021-02-09,2020-12-31,2020-12,-4,0,0.1,119025|225|2021-02-09,0.050071791992878034,0.0
119175,225,2021-02-09,2021-02-18,10,control,0,0.28744176,0,dept_225_closure_2021-02-09,2020-12-31,2020-12,-4,0,0.1,119175|225|2021-02-09,-0.2696010480071219,0.0
121010,225,2021-02-09,2021-02-18,10,control,0,0.2686608,0,dept_225_closure_2021-02-09,2020-12-31,2020-12,-4,0,0.0,121010|225|2021-02-09,-0.28838200800712194,0.0
121590,225,2021-02-09,2021-02-18,10,control,0,0.9802814,1,dept_225_closure_2021-02-09,2020-12-31,2020-12,-4,0,0.0,121590|225|2021-02-09,0.42323859199287805,0.0
121722,225,2021-02-09,2021-02-18,10,treatment,1,0.5416496,1,dept_225_closure_2021-02-09,2020-12-31,2020-12,-4,0,0.3,121722|225|2021-02-09,-0.015393208007121961,0.0
123270,225,2021-02-09,2021-02-18,10,control,0,0.82353306,1,dept_225_closure_2021-02-09,2020-12-31,2020-12,-4,0,0.1,123270|225|2021-02-09,0.2664902519928781,0.0
124613,225,2021-02-09,2021-02-18,10,control,0,0.78453153,1,dept_225_closure_2021-02-09,2020-12-31,2020-12,-4,0,0.1,124613|225|2021-02-09,0.22748872199287806,0.0
128896,225,2021-02-09,2021-02-18,10,control,0,0.2702459,0,dept_225_closure_2021-02-09,2020-12-31,2020-12,-4,0,0.0,128896|225|2021-02-09,-0.28679690800712193,0.0
129631,225,2021-02-09,2021-02-18,10,control,0,0.87201,1,dept_225_closure_2021-02-09,2020-12-31,2020-12,-4,0,0.4,129631|225|2021-02-09,0.31496719199287804,0.0
130615,225,2021-02-09,2021-02-18,10,control,0,0.49420547,0,dept_225_closure_2021-02-09,2020-12-31,2020-12,-4,0,0.0,130615|225|2021-02-09,-0.06283733800712193,0.0
131102,225,2021-02-09,2021-02-18,10,treatment,1,0.91136134,1,dept_225_closure_2021-02-09,2020-12-31,2020-12,-4,0,0.5,131102|225|2021-02-09,0.3543185319928781,0.0
131453,225,2021-02-09,2021-02-18,10,control,0,0.6490996,1,dept_225_closure_2021-02-09,2020-12-31,2020-12,-4,0,0.0,131453|225|2021-02-09,0.09205679199287808,0.0
132468,225,2021-02-09,2021-02-18,10,control,0,0.24907468,0,dept_225_closure_2021-02-09,2020-12-31,2020-12,-4,0,0.0,132468|225|2021-02-09,-0.3079681280071219,0.0
134444,225,2021-02-09,2021-02-18,10,treatment,1,0.66105175,1,dept_225_closure_2021-02-09,2020-12-31,2020-12,-4,0,0.1,134444|225|2021-02-09,0.10400894199287813,0.0
135292,225,2021-02-09,2021-02-18,10,treatment,1,0.9451208,1,dept_225_closure_2021-02-09,2020-12-31,2020-12,-4,0,0.5,135292|225|2021-02-09,0.38807799199287807,0.0
136496,225,2021-02-09,2021-02-18,10,control,0,0.43152484,0,dept_225_closure_2021-02-09,2020-12-31,2020-12,-4,0,0.0,136496|225|2021-02-09,-0.1255179680071219,0.0
136929,225,2021-02-09,2021-02-18,10,control,0,0.93452793,1,dept_225_closure_2021-02-09,2020-12-31,2020-12,-4,0,0.1,136929|225|2021-02-09,0.3774851219928781,0.0
137152,225,2021-02-09,2021-02-18,10,control,0,0.32510924,0,dept_225_closure_2021-02-09,2020-12-31,2020-12,-4,0,0.0,137152|225|2021-02-09,-0.2319335680071219,0.0
139380,225,2021-02-09,2021-02-18,10,control,0,0.99770504,1,dept_225_closure_2021-02-09,2020-12-31,2020-12,-4,0,0.4,139380|225|2021-02-09,0.44066223199287813,0.0
139997,225,2021-02-09,2021-02-18,10,control,0,0.49280056,0,dept_225_closure_2021-02-09,2020-12-31,2020-12,-4,0,0.2,139997|225|2021-02-09,-0.06424224800712192,0.0
140174,225,2021-02-09,2021-02-18,10,control,0,0.9339587,1,dept_225_closure_2021-02-09,2020-12-31,2020-12,-4,0,0.2,140174|225|2021-02-09,0.3769158919928781,0.0
140189,225,2021-02-09,2021-02-18,10,control,0,0.99497885,1,dept_225_closure_2021-02-09,2020-12-31,2020-12,-4,0,0.3,140189|225|2021-02-09,0.43793604199287806,0.0
141122,225,2021-02-09,2021-02-18,10,control,0,0.68625027,1,dept_225_closure_2021-02-09,2020-12-31,2020-12,-4,0,0.0,141122|225|2021-02-09,0.12920746199287814,0.0
141261,225,2021-02-09,2021-02-18,10,control,0,0.996579,1,dept_225_closure_2021-02-09,2020-12-31,2020-12,-4,0,0.6,141261|225|2021-02-09,0.4395361919928781,0.0
144064,225,2021-02-09,2021-02-18,10,control,0,0.09249806,0,dept_225_closure_2021-02-09,2020-12-31,2020-12,-4,0,0.0,144064|225|2021-02-09,-0.4645447480071219,0.0
146678,225,2021-02-09,2021-02-18,10,control,0,0.17388102,0,dept_225_closure_2021-02-09,2020-12-31,2020-12,-4,0,0.0,146678|225|2021-02-09,-0.3831617880071219,0.0
148355,225,2021-02-09,2021-02-18,10,treatment,1,0.17873272,0,dept_225_closure_2021-02-09,2020-12-31,2020-12,-4,0,0.0,148355|225|2021-02-09,-0.3783100880071219,0.0
149605,225,2021-02-09,2021-02-18,10,control,0,0.66756827,1,dept_225_closure_2021-02-09,2020-12-31,2020-12,-4,0,0.0,149605|225|2021-02-09,0.11052546199287805,0.0
149858,225,2021-02-09,2021-02-18,10,control,0,0.5513751,1,dept_225_closure_2021-02-09,2020-12-31,2020-12,-4,0,0.0,149858|225|2021-02-09,-0.005667708007121908,0.0
150721,225,2021-02-09,2021-02-18,10,control,0,0.4290937,0,dept_225_closure_2021-02-09,2020-12-31,2020-12,-4,0,0.0,150721|225|2021-02-09,-0.1279491080071219,0.0
152104,225,2021-02-09,2021-02-18,10,control,0,0.27722538,0,dept_225_closure_2021-02-09,2020-12-31,2020-12,-4,0,0.0,152104|225|2021-02-09,-0.2798174280071219,0.0
154812,225,2021-02-09,2021-02-18,10,control,0,0.024545906,0,dept_225_closure_2021-02-09,2020-12-31,2020-12,-4,0,0.0,154812|225|2021-02-09,-0.532496902007122,0.0
156408,225,2021-02-09,2021-02-18,10,control,0,0.06135893,0,dept_225_closure_2021-02-09,2020-12-31,2020-12,-4,0,0.0,156408|225|2021-02-09,-0.49568387800712194,0.0
157353,225,2021-02-09,2021-02-18,10,control,0,0.054554705,0,dept_225_closure_2021-02-09,2020-12-31,2020-12,-4,0,0.0,157353|225|2021-02-09,-0.5024881030071219,0.0
158587,225,2021-02-09,2021-02-18,10,control,0,0.16717811,0,dept_225_closure_2021-02-09,2020-12-31,2020-12,-4,0,0.0,158587|225|2021-02-09,-0.3898646980071219,0.0
159426,225,2021-02-09,2021-02-18,10,control,0,0.9888276,1,dept_225_closure_2021-02-09,2020-12-31,2020-12,-4,0,0.2,159426|225|2021-02-09,0.4317847919928781,0.0
160269,225,2021-02-09,2021-02-18,10,control,0,0.7384821,1,dept_225_closure_2021-02-09,2020-12-31,2020-12,-4,0,0.3,160269|225|2021-02-09,0.18143929199287812,0.0
161725,225,2021-02-09,2021-02-18,10,treatment,1,0.45389333,0,dept_225_closure_2021-02-09,2020-12-31,2020-12,-4,0,0.1,161725|225|2021-02-09,-0.10314947800712193,0.0
163448,225,2021-02-09,2021-02-18,10,control,0,0.5847298,1,dept_225_closure_2021-02-09,2020-12-31,2020-12,-4,0,0.0,163448|225|2021-02-09,0.02768699199287805,0.0
168489,225,2021-02-09,2021-02-18,10,control,0,0.3054672,0,dept_225_closure_2021-02-09,2020-12-31,2020-12,-4,0,0.1,168489|225|2021-02-09,-0.2515756080071219,0.0
170689,225,2021-02-09,2021-02-18,10,control,0,0.8717616,1,dept_225_closure_2021-02-09,2020-12-31,2020-12,-4,0,0.2,170689|225|2021-02-09,0.3147187919928781,0.0
170963,225,2021-02-09,2021-02-18,10,control,0,0.9097696,1,dept_225_closure_2021-02-09,2020-12-31,2020-12,-4,0,0.4,170963|225|2021-02-09,0.35272679199287804,0.0
170998,225,2021-02-09,2021-02-18,10,control,0,0.9982672,1,dept_225_closure_2021-02-09,2020-12-31,2020-12,-4,0,0.1,170998|225|2021-02-09,0.4412243919928781,0.0
172338,225,2021-02-09,2021-02-18,10,control,0,0.94404244,1,dept_225_closure_2021-02-09,2020-12-31,2020-12,-4,0,0.3,172338|225|2021-02-09,0.3869996319928781,0.0
172531,225,2021-02-09,2021-02-18,10,control,0,0.22820017,0,dept_225_closure_2021-02-09,2020-12-31,2020-12,-4,0,0.0,172531|225|2021-02-09,-0.3288426380071219,0.0
175025,225,2021-02-09,2021-02-18,10,control,0,0.39642844,0,dept_225_closure_2021-02-09,2020-12-31,2020-12,-4,0,0.0,175025|225|2021-02-09,-0.16061436800712192,0.0
177352,225,2021-02-09,2021-02-18,10,control,0,0.012363931,0,dept_225_closure_2021-02-09,2020-12-31,2020-12,-4,0,0.0,177352|225|2021-02-09,-0.5446788770071219,0.0
177848,225,2021-02-09,2021-02-18,10,control,0,0.26560098,0,dept_225_closure_2021-02-09,2020-12-31,2020-12,-4,0,0.1,177848|225|2021-02-09,-0.29144182800712193,0.0
179248,225,2021-02-09,2021-02-18,10,control,0,0.4933257,0,dept_225_closure_2021-02-09,2020-12-31,2020-12,-4,0,0.1,179248|225|2021-02-09,-0.06371710800712194,0.0
180666,225,2021-02-09,2021-02-18,10,control,0,0.15228039,0,dept_225_closure_2021-02-09,2020-12-31,2020-12,-4,0,0.0,180666|225|2021-02-09,-0.4047624180071219,0.0
181071,225,2021-02-09,2021-02-18,10,control,0,0.90928394,1,dept_225_closure_2021-02-09,2020-12-31,2020-12,-4,0,0.1,181071|225|2021-02-09,0.3522411319928781,0.0
184787,225,2021-02-09,2021-02-18,10,control,0,0.8334096,1,dept_225_closure_2021-02-09,2020-12-31,2020-12,-4,0,0.0,184787|225|2021-02-09,0.27636679199287806,0.0
186124,225,2021-02-09,2021-02-18,10,treatment,1,0.94084996,1,dept_225_closure_2021-02-09,2020-12-31,2020-12,-4,0,0.1,186124|225|2021-02-09,0.38380715199287807,0.0
187174,225,2021-02-09,2021-02-18,10,control,0,0.42895404,0,dept_225_closure_2021-02-09,2020-12-31,2020-12,-4,0,0.3,187174|225|2021-02-09,-0.12808876800712193,0.0
189086,225,2021-02-09,2021-02-18,10,control,0,0.32330012,0,dept_225_closure_2021-02-09,2020-12-31,2020-12,-4,0,0.0,189086|225|2021-02-09,-0.2337426880071219,0.0
189719,225,2021-02-09,2021-02-18,10,control,0,0.425074,0,dept_225_closure_2021-02-09,2020-12-31,2020-12,-4,0,0.1,189719|225|2021-02-09,-0.1319688080071219,0.0
194332,225,2021-02-09,2021-02-18,10,control,0,0.62658477,1,dept_225_closure_2021-02-09,2020-12-31,2020-12,-4,0,0.0,194332|225|2021-02-09,0.0695419619928781,0.0
195383,225,2021-02-09,2021-02-18,10,control,0,0.8553834,1,dept_225_closure_2021-02-09,2020-12-31,2020-12,-4,0,0.0,195383|225|2021-02-09,0.2983405919928781,0.0
195662,225,2021-02-09,2021-02-18,10,control,0,0.849924,1,dept_225_closure_2021-02-09,2020-12-31,2020-12,-4,0,0.0,195662|225|2021-02-09,0.2928811919928781,0.0
197268,225,2021-02-09,2021-02-18,10,control,0,0.03983477,0,dept_225_closure_2021-02-09,2020-12-31,2020-12,-4,0,0.0,197268|225|2021-02-09,-0.5172080380071219,0.0
201662,225,2021-02-09,2021-02-18,10,control,0,0.96532935,1,dept_225_closure_2021-02-09,2020-12-31,2020-12,-4,0,0.2,201662|225|2021-02-09,0.40828654199287806,0.0
201707,225,2021-02-09,2021-02-18,10,control,0,0.99219394,1,dept_225_closure_2021-02-09,2020-12-31,2020-12,-4,0,0.4,201707|225|2021-02-09,0.43515113199287814,0.0
201773,225,2021-02-09,2021-02-18,10,control,0,0.27926448,0,dept_225_closure_2021-02-09,2020-12-31,2020-12,-4,0,0.0,201773|225|2021-02-09,-0.27777832800712193,0.0
203040,225,2021-02-09,2021-02-18,10,control,0,0.63117754,1,dept_225_closure_2021-02-09,2020-12-31,2020-12,-4,0,0.1,203040|225|2021-02-09,0.07413473199287812,0.0
205446,225,2021-02-09,2021-02-18,10,control,0,0.5259462,1,dept_225_closure_2021-02-09,2020-12-31,2020-12,-4,0,0.4,205446|225|2021-02-09,-0.031096608007121884,0.0
206370,225,2021-02-09,2021-02-18,10,control,0,0.20877051,0,dept_225_closure_2021-02-09,2020-12-31,2020-12,-4,0,0.0,206370|225|2021-02-09,-0.3482722980071219,0.0
206748,225,2021-02-09,2021-02-18,10,control,0,0.6869173,1,dept_225_closure_2021-02-09,2020-12-31,2020-12,-4,0,0.2,206748|225|2021-02-09,0.12987449199287804,0.0
206820,225,2021-02-09,2021-02-18,10,control,0,0.5056104,1,dept_225_closure_2021-02-09,2020-12-31,2020-12,-4,0,0.1,206820|225|2021-02-09,-0.0514324080071219,0.0
206904,225,2021-02-09,2021-02-18,10,control,0,0.9530811,1,dept_225_closure_2021-02-09,2020-12-31,2020-12,-4,0,0.1,206904|225|2021-02-09,0.3960382919928781,0.0
207447,225,2021-02-09,2021-02-18,10,control,0,0.34226012,0,dept_225_closure_2021-02-09,2020-12-31,2020-12,-4,0,0.0,207447|225|2021-02-09,-0.2147826880071219,0.0
208009,225,2021-02-09,2021-02-18,10,control,0,0.97873425,1,dept_225_closure_2021-02-09,2020-12-31,2020-12,-4,0,0.5,208009|225|2021-02-09,0.4216914419928781,0.0
208524,225,2021-02-09,2021-02-18,10,control,0,0.8358825,1,dept_225_closure_2021-02-09,2020-12-31,2020-12,-4,0,0.1,208524|225|2021-02-09,0.27883969199287806,0.0
208745,225,2021-02-09,2021-02-18,10,control,0,0.99224687,1,dept_225_closure_2021-02-09,2020-12-31,2020-12,-4,0,0.3,208745|225|2021-02-09,0.4352040619928781,0.0
211176,225,2021-02-09,2021-02-18,10,control,0,0.6357622,1,dept_225_closure_2021-02-09,2020-12-31,2020-12,-4,0,0.0,211176|225|2021-02-09,0.07871939199287814,0.0
213773,225,2021-02-09,2021-02-18,10,control,0,0.7876915,1,dept_225_closure_2021-02-09,2020-12-31,2020-12,-4,0,0.2,213773|225|2021-02-09,0.23064869199287807,0.0
214084,225,2021-02-09,2021-02-18,10,treatment,1,0.861025,1,dept_225_closure_2021-02-09,2020-12-31,2020-12,-4,0,0.1,214084|225|2021-02-09,0.3039821919928781,0.0
215495,225,2021-02-09,2021-02-18,10,control,0,0.953905,1,dept_225_closure_2021-02-09,2020-12-31,2020-12,-4,0,0.4,215495|225|2021-02-09,0.3968621919928781,0.0
217435,225,2021-02-09,2021-02-18,10,control,0,0.4251149,0,dept_225_closure_2021-02-09,2020-12-31,2020-12,-4,0,0.2,217435|225|2021-02-09,-0.1319279080071219,0.0
217935,225,2021-02-09,2021-02-18,10,control,0,0.050150763,0,dept_225_closure_2021-02-09,2020-12-31,2020-12,-4,0,0.0,217935|225|2021-02-09,-0.5068920450071219,0.0
218655,225,2021-02-09,2021-02-18,10,control,0,0.9413818,1,dept_225_closure_2021-02-09,2020-12-31,2020-12,-4,0,0.2,218655|225|2021-02-09,0.38433899199287813,0.0
218845,225,2021-02-09,2021-02-18,10,control,0,0.62621844,1,dept_225_closure_2021-02-09,2020-12-31,2020-12,-4,0,0.0,218845|225|2021-02-09,0.06917563199287813,0.0
219180,225,2021-02-09,2021-02-18,10,treatment,1,0.9961695,1,dept_225_closure_2021-02-09,2020-12-31,2020-12,-4,0,0.1,219180|225|2021-02-09,0.4391266919928781,0.0
219890,225,2021-02-09,2021-02-18,10,control,0,0.23822242,0,dept_225_closure_2021-02-09,2020-12-31,2020-12,-4,0,0.2,219890|225|2021-02-09,-0.3188203880071219,0.0
220166,225,2021-02-09,2021-02-18,10,control,0,0.0636071,0,dept_225_closure_2021-02-09,2020-12-31,2020-12,-4,0,0.0,220166|225|2021-02-09,-0.4934357080071219,0.0
220625,225,2021-02-09,2021-02-18,10,control,0,0.43232545,0,dept_225_closure_2021-02-09,2020-12-31,2020-12,-4,0,0.2,220625|225|2021-02-09,-0.12471735800712191,0.0
224945,225,2021-02-09,2021-02-18,10,treatment,1,0.38563815,0,dept_225_closure_2021-02-09,2020-12-31,2020-12,-4,0,0.0,224945|225|2021-02-09,-0.1714046580071219,0.0
225305,225,2021-02-09,2021-02-18,10,treatment,1,0.22633466,0,dept_225_closure_2021-02-09,2020-12-31,2020-12,-4,0,0.0,225305|225|2021-02-09,-0.3307081480071219,0.0
228616,225,2021-02-09,2021-02-18,10,control,0,0.34855863,0,dept_225_closure_2021-02-09,2020-12-31,2020-12,-4,0,0.0,228616|225|2021-02-09,-0.20848417800712193,0.0
228853,225,2021-02-09,2021-02-18,10,control,0,0.70645857,1,dept_225_closure_2021-02-09,2020-12-31,2020-12,-4,0,0.2,228853|225|2021-02-09,0.1494157619928781,0.0
229849,225,2021-02-09,2021-02-18,10,control,0,0.99606764,1,dept_225_closure_2021-02-09,2020-12-31,2020-12,-4,0,0.3,229849|225|2021-02-09,0.4390248319928781,0.0
230388,225,2021-02-09,2021-02-18,10,control,0,0.1738227,0,dept_225_closure_2021-02-09,2020-12-31,2020-12,-4,0,0.0,230388|225|2021-02-09,-0.3832201080071219,0.0
230407,225,2021-02-09,2021-02-18,10,control,0,0.79603475,1,dept_225_closure_2021-02-09,2020-12-31,2020-12,-4,0,0.0,230407|225|2021-02-09,0.2389919419928781,0.0
231902,225,2021-02-09,2021-02-18,10,control,0,0.9874134,1,dept_225_closure_2021-02-09,2020-12-31,2020-12,-4,0,0.4,231902|225|2021-02-09,0.4303705919928781,0.0
233275,225,2021-02-09,2021-02-18,10,control,0,0.57958674,1,dept_225_closure_2021-02-09,2020-12-31,2020-12,-4,0,0.4,233275|225|2021-02-09,0.022543931992878075,0.0
234862,225,2021-02-09,2021-02-18,10,control,0,0.39663664,0,dept_225_closure_2021-02-09,2020-12-31,2020-12,-4,0,0.1,234862|225|2021-02-09,-0.16040616800712193,0.0
235691,225,2021-02-09,2021-02-18,10,control,0,0.94813615,1,dept_225_closure_2021-02-09,2020-12-31,2020-12,-4,0,0.1,235691|225|2021-02-09,0.39109334199287804,0.0
237536,225,2021-02-09,2021-02-18,10,control,0,0.34888518,0,dept_225_closure_2021-02-09,2020-12-31,2020-12,-4,0,0.1,237536|225|2021-02-09,-0.2081576280071219,0.0
237750,225,2021-02-09,2021-02-18,10,control,0,0.95692825,1,dept_225_closure_2021-02-09,2020-12-31,2020-12,-4,0,0.4,237750|225|2021-02-09,0.3998854419928781,0.0
239422,225,2021-02-09,2021-02-18,10,control,0,0.7698608,1,dept_225_closure_2021-02-09,2020-12-31,2020-12,-4,0,0.2,239422|225|2021-02-09,0.2128179919928781,0.0
241420,225,2021-02-09,2021-02-18,10,control,0,0.9988871,1,dept_225_closure_2021-02-09,2020-12-31,2020-12,-4,0,0.5,241420|225|2021-02-09,0.4418442919928781,0.0
243726,225,2021-02-09,2021-02-18,10,control,0,0.6828458,1,dept_225_closure_2021-02-09,2020-12-31,2020-12,-4,0,0.2,243726|225|2021-02-09,0.12580299199287803,0.0
244643,225,2021-02-09,2021-02-18,10,control,0,0.9442424,1,dept_225_closure_2021-02-09,2020-12-31,2020-12,-4,0,0.2,244643|225|2021-02-09,0.3871995919928781,0.0
246087,225,2021-02-09,2021-02-18,10,control,0,0.9979746,1,dept_225_closure_2021-02-09,2020-12-31,2020-12,-4,0,0.5,246087|225|2021-02-09,0.44093179199287813,0.0
246226,225,2021-02-09,2021-02-18,10,control,0,0.060403388,0,dept_225_closure_2021-02-09,2020-12-31,2020-12,-4,0,0.0,246226|225|2021-02-09,-0.4966394200071219,0.0
249174,225,2021-02-09,2021-02-18,10,treatment,1,0.95790577,1,dept_225_closure_2021-02-09,2020-12-31,2020-12,-4,0,0.1,249174|225|2021-02-09,0.4008629619928781,0.0
249701,225,2021-02-09,2021-02-18,10,control,0,0.5075647,1,dept_225_closure_2021-02-09,2020-12-31,2020-12,-4,0,0.0,249701|225|2021-02-09,-0.049478108007121935,0.0
249960,225,2021-02-09,2021-02-18,10,control,0,0.45441312,0,dept_225_closure_2021-02-09,2020-12-31,2020-12,-4,0,0.0,249960|225|2021-02-09,-0.10262968800712191,0.0
254286,225,2021-02-09,2021-02-18,10,control,0,0.9327924,1,dept_225_closure_2021-02-09,2020-12-31,2020-12,-4,0,0.6,254286|225|2021-02-09,0.37574959199287805,0.0
255074,225,2021-02-09,2021-02-18,10,control,0,0.9490253,1,dept_225_closure_2021-02-09,2020-12-31,2020-12,-4,0,0.1,255074|225|2021-02-09,0.39198249199287805,0.0
258819,225,2021-02-09,2021-02-18,10,control,0,0.9568416,1,dept_225_closure_2021-02-09,2020-12-31,2020-12,-4,0,0.2,258819|225|2021-02-09,0.39979879199287804,0.0
266781,225,2021-02-09,2021-02-18,10,control,0,0.64680547,1,dept_225_closure_2021-02-09,2020-12-31,2020-12,-4,0,0.1,266781|225|2021-02-09,0.08976266199287808,0.0
267832,225,2021-02-09,2021-02-18,10,control,0,0.008410257,0,dept_225_closure_2021-02-09,2020-12-31,2020-12,-4,0,0.0,267832|225|2021-02-09,-0.5486325510071219,0.0
267860,225,2021-02-09,2021-02-18,10,control,0,0.85143113,1,dept_225_closure_2021-02-09,2020-12-31,2020-12,-4,0,0.1,267860|225|2021-02-09,0.2943883219928781,0.0
268666,225,2021-02-09,2021-02-18,10,control,0,0.07243374,0,dept_225_closure_2021-02-09,2020-12-31,2020-12,-4,0,0.0,268666|225|2021-02-09,-0.4846090680071219,0.0
269348,225,2021-02-09,2021-02-18,10,control,0,0.4435719,0,dept_225_closure_2021-02-09,2020-12-31,2020-12,-4,0,0.1,269348|225|2021-02-09,-0.1134709080071219,0.0
272062,225,2021-02-09,2021-02-18,10,control,0,0.3328512,0,dept_225_closure_2021-02-09,2020-12-31,2020-12,-4,0,0.0,272062|225|2021-02-09,-0.2241916080071219,0.0
272822,225,2021-02-09,2021-02-18,10,control,0,0.54888946,1,dept_225_closure_2021-02-09,2020-12-31,2020-12,-4,0,0.4,272822|225|2021-02-09,-0.008153348007121863,0.0
272830,225,2021-02-09,2021-02-18,10,treatment,1,0.65420413,1,dept_225_closure_2021-02-09,2020-12-31,2020-12,-4,0,0.0,272830|225|2021-02-09,0.09716132199287808,0.0
275594,225,2021-02-09,2021-02-18,10,control,0,0.61326,1,dept_225_closure_2021-02-09,2020-12-31,2020-12,-4,0,0.5,275594|225|2021-02-09,0.05621719199287811,0.0
276205,225,2021-02-09,2021-02-18,10,control,0,0.81832045,1,dept_225_closure_2021-02-09,2020-12-31,2020-12,-4,0,0.0,276205|225|2021-02-09,0.26127764199287806,0.0
280554,225,2021-02-09,2021-02-18,10,control,0,0.98874027,1,dept_225_closure_2021-02-09,2020-12-31,2020-12,-4,0,0.5,280554|225|2021-02-09,0.43169746199287806,0.0
281330,225,2021-02-09,2021-02-18,10,control,0,0.4121877,0,dept_225_closure_2021-02-09,2020-12-31,2020-12,-4,0,0.0,281330|225|2021-02-09,-0.14485510800712192,0.0
283074,225,2021-02-09,2021-02-18,10,control,0,0.47065625,0,dept_225_closure_2021-02-09,2020-12-31,2020-12,-4,0,0.0,283074|225|2021-02-09,-0.08638655800712192,0.0
283799,225,2021-02-09,2021-02-18,10,control,0,0.6180678,1,dept_225_closure_2021-02-09,2020-12-31,2020-12,-4,0,0.0,283799|225|2021-02-09,0.06102499199287803,0.0
284197,225,2021-02-09,2021-02-18,10,control,0,0.7610978,1,dept_225_closure_2021-02-09,2020-12-31,2020-12,-4,0,0.0,284197|225|2021-02-09,0.20405499199287813,0.0
284776,225,2021-02-09,2021-02-18,10,control,0,0.9613688,1,dept_225_closure_2021-02-09,2020-12-31,2020-12,-4,0,0.0,284776|225|2021-02-09,0.4043259919928781,0.0
286210,225,2021-02-09,2021-02-18,10,control,0,0.9975388,1,dept_225_closure_2021-02-09,2020-12-31,2020-12,-4,0,0.4,286210|225|2021-02-09,0.44049599199287803,0.0
287322,225,2021-02-09,2021-02-18,10,control,0,0.16299362,0,dept_225_closure_2021-02-09,2020-12-31,2020-12,-4,0,0.0,287322|225|2021-02-09,-0.3940491880071219,0.0
287375,225,2021-02-09,2021-02-18,10,control,0,0.6322628,1,dept_225_closure_2021-02-09,2020-12-31,2020-12,-4,0,0.1,287375|225|2021-02-09,0.0752199919928781,0.0
287863,225,2021-02-09,2021-02-18,10,control,0,0.98850876,1,dept_225_closure_2021-02-09,2020-12-31,2020-12,-4,0,0.3,287863|225|2021-02-09,0.43146595199287807,0.0
291356,225,2021-02-09,2021-02-18,10,control,0,0.815014,1,dept_225_closure_2021-02-09,2020-12-31,2020-12,-4,0,0.1,291356|225|2021-02-09,0.2579711919928781,0.0
291888,225,2021-02-09,2021-02-18,10,control,0,0.3402261,0,dept_225_closure_2021-02-09,2020-12-31,2020-12,-4,0,0.0,291888|225|2021-02-09,-0.21681670800712194,0.0
300800,225,2021-02-09,2021-02-18,10,control,0,0.9581977,1,dept_225_closure_2021-02-09,2020-12-31,2020-12,-4,0,0.1,300800|225|2021-02-09,0.4011548919928781,0.0
301618,225,2021-02-09,2021-02-18,10,control,0,0.7646375,1,dept_225_closure_2021-02-09,2020-12-31,2020-12,-4,0,0.0,301618|225|2021-02-09,0.20759469199287806,0.0
303017,225,2021-02-09,2021-02-18,10,control,0,0.90142965,1,dept_225_closure_2021-02-09,2020-12-31,2020-12,-4,0,0.2,303017|225|2021-02-09,0.34438684199287806,0.0
304311,225,2021-02-09,2021-02-18,10,control,0,0.25986248,0,dept_225_closure_2021-02-09,2020-12-31,2020-12,-4,0,0.1,304311|225|2021-02-09,-0.2971803280071219,0.0
306819,225,2021-02-09,2021-02-18,10,control,0,0.84821045,1,dept_225_closure_2021-02-09,2020-12-31,2020-12,-4,0,0.3,306819|225|2021-02-09,0.29116764199287803,0.0
307045,225,2021-02-09,2021-02-18,10,control,0,0.6588814,1,dept_225_closure_2021-02-09,2020-12-31,2020-12,-4,0,0.0,307045|225|2021-02-09,0.10183859199287804,0.0
308765,225,2021-02-09,2021-02-18,10,control,0,0.24936,0,dept_225_closure_2021-02-09,2020-12-31,2020-12,-4,0,0.0,308765|225|2021-02-09,-0.3076828080071219,0.0
309225,225,2021-02-09,2021-02-18,10,treatment,1,0.1776764,0,dept_225_closure_2021-02-09,2020-12-31,2020-12,-4,0,0.0,309225|225|2021-02-09,-0.3793664080071219,0.0
309425,225,2021-02-09,2021-02-18,10,treatment,1,0.06610407,0,dept_225_closure_2021-02-09,2020-12-31,2020-12,-4,0,0.1,309425|225|2021-02-09,-0.4909387380071219,0.0
311745,225,2021-02-09,2021-02-18,10,treatment,1,0.021281237,0,dept_225_closure_2021-02-09,2020-12-31,2020-12,-4,0,0.0,311745|225|2021-02-09,-0.535761571007122,0.0
313203,225,2021-02-09,2021-02-18,10,control,0,0.25599334,0,dept_225_closure_2021-02-09,2020-12-31,2020-12,-4,0,0.0,313203|225|2021-02-09,-0.3010494680071219,0.0
315451,225,2021-02-09,2021-02-18,10,control,0,0.9705118,1,dept_225_closure_2021-02-09,2020-12-31,2020-12,-4,0,0.3,315451|225|2021-02-09,0.4134689919928781,0.0
315647,225,2021-02-09,2021-02-18,10,control,0,0.3782344,0,dept_225_closure_2021-02-09,2020-12-31,2020-12,-4,0,0.1,315647|225|2021-02-09,-0.1788084080071219,0.0
315732,225,2021-02-09,2021-02-18,10,control,0,0.8427103,1,dept_225_closure_2021-02-09,2020-12-31,2020-12,-4,0,0.2,315732|225|2021-02-09,0.2856674919928781,0.0
317843,225,2021-02-09,2021-02-18,10,control,0,0.98815453,1,dept_225_closure_2021-02-09,2020-12-31,2020-12,-4,0,0.2,317843|225|2021-02-09,0.43111172199287806,0.0
318667,225,2021-02-09,2021-02-18,10,control,0,0.9570408,1,dept_225_closure_2021-02-09,2020-12-31,2020-12,-4,0,0.1,318667|225|2021-02-09,0.3999979919928781,0.0
319054,225,2021-02-09,2021-02-18,10,control,0,0.04163035,0,dept_225_closure_2021-02-09,2020-12-31,2020-12,-4,0,0.0,319054|225|2021-02-09,-0.5154124580071219,0.0
321167,225,2021-02-09,2021-02-18,10,control,0,0.82681614,1,dept_225_closure_2021-02-09,2020-12-31,2020-12,-4,0,0.2,321167|225|2021-02-09,0.2697733319928781,0.0
321263,225,2021-02-09,2021-02-18,10,treatment,1,0.5256569,1,dept_225_closure_2021-02-09,2020-12-31,2020-12,-4,0,0.0,321263|225|2021-02-09,-0.03138590800712193,0.0
321709,225,2021-02-09,2021-02-18,10,control,0,0.53771627,1,dept_225_closure_2021-02-09,2020-12-31,2020-12,-4,0,0.1,321709|225|2021-02-09,-0.01932653800712192,0.0
321846,225,2021-02-09,2021-02-18,10,control,0,0.9958906,1,dept_225_closure_2021-02-09,2020-12-31,2020-12,-4,0,0.8,321846|225|2021-02-09,0.43884779199287804,0.0
322570,225,2021-02-09,2021-02-18,10,control,0,0.4746458,0,dept_225_closure_2021-02-09,2020-12-31,2020-12,-4,0,0.2,322570|225|2021-02-09,-0.08239700800712191,0.0
323053,225,2021-02-09,2021-02-18,10,control,0,0.23941047,0,dept_225_closure_2021-02-09,2020-12-31,2020-12,-4,0,0.0,323053|225|2021-02-09,-0.31763233800712193,0.0
324836,225,2021-02-09,2021-02-18,10,control,0,0.74630404,1,dept_225_closure_2021-02-09,2020-12-31,2020-12,-4,0,0.0,324836|225|2021-02-09,0.18926123199287803,0.0
325434,225,2021-02-09,2021-02-18,10,control,0,0.2890141,0,dept_225_closure_2021-02-09,2020-12-31,2020-12,-4,0,0.0,325434|225|2021-02-09,-0.2680287080071219,0.0
325633,225,2021-02-09,2021-02-18,10,control,0,0.35559046,0,dept_225_closure_2021-02-09,2020-12-31,2020-12,-4,0,0.1,325633|225|2021-02-09,-0.20145234800712192,0.0
326293,225,2021-02-09,2021-02-18,10,control,0,0.09546325,0,dept_225_closure_2021-02-09,2020-12-31,2020-12,-4,0,0.0,326293|225|2021-02-09,-0.4615795580071219,0.0
326796,225,2021-02-09,2021-02-18,10,control,0,0.9852455,1,dept_225_closure_2021-02-09,2020-12-31,2020-12,-4,0,0.3,326796|225|2021-02-09,0.4282026919928781,0.0
328999,225,2021-02-09,2021-02-18,10,control,0,0.117217064,0,dept_225_closure_2021-02-09,2020-12-31,2020-12,-4,0,0.0,328999|225|2021-02-09,-0.43982574400712193,0.0
329476,225,2021-02-09,2021-02-18,10,control,0,0.0917978,0,dept_225_closure_2021-02-09,2020-12-31,2020-12,-4,0,0.0,329476|225|2021-02-09,-0.46524500800712193,0.0
329951,225,2021-02-09,2021-02-18,10,treatment,1,0.39544433,0,dept_225_closure_2021-02-09,2020-12-31,2020-12,-4,0,0.1,329951|225|2021-02-09,-0.1615984780071219,0.0
331130,225,2021-02-09,2021-02-18,10,control,0,0.14147724,0,dept_225_closure_2021-02-09,2020-12-31,2020-12,-4,0,0.0,331130|225|2021-02-09,-0.4155655680071219,0.0
331900,225,2021-02-09,2021-02-18,10,control,0,0.48254243,0,dept_225_closure_2021-02-09,2020-12-31,2020-12,-4,0,0.1,331900|225|2021-02-09,-0.07450037800712189,0.0
332741,225,2021-02-09,2021-02-18,10,control,0,0.69679976,1,dept_225_closure_2021-02-09,2020-12-31,2020-12,-4,0,0.0,332741|225|2021-02-09,0.13975695199287808,0.0
335610,225,2021-02-09,2021-02-18,10,control,0,0.6019868,1,dept_225_closure_2021-02-09,2020-12-31,2020-12,-4,0,0.1,335610|225|2021-02-09,0.04494399199287813,0.0
337373,225,2021-02-09,2021-02-18,10,treatment,1,0.7045855,1,dept_225_closure_2021-02-09,2020-12-31,2020-12,-4,0,0.0,337373|225|2021-02-09,0.14754269199287806,0.0
337995,225,2021-02-09,2021-02-18,10,treatment,1,0.25375792,0,dept_225_closure_2021-02-09,2020-12-31,2020-12,-4,0,0.0,337995|225|2021-02-09,-0.3032848880071219,0.0
338590,225,2021-02-09,2021-02-18,10,control,0,0.12135875,0,dept_225_closure_2021-02-09,2020-12-31,2020-12,-4,0,0.0,338590|225|2021-02-09,-0.4356840580071219,0.0
340681,225,2021-02-09,2021-02-18,10,control,0,0.0892653,0,dept_225_closure_2021-02-09,2020-12-31,2020-12,-4,0,0.0,340681|225|2021-02-09,-0.4677775080071219,0.0
346633,225,2021-02-09,2021-02-18,10,control,0,0.634922,1,dept_225_closure_2021-02-09,2020-12-31,2020-12,-4,0,0.1,346633|225|2021-02-09,0.07787919199287807,0.0
346829,225,2021-02-09,2021-02-18,10,control,0,0.6967923,1,dept_225_closure_2021-02-09,2020-12-31,2020-12,-4,0,0.0,346829|225|2021-02-09,0.13974949199287812,0.0
347007,225,2021-02-09,2021-02-18,10,treatment,1,0.9279068,1,dept_225_closure_2021-02-09,2020-12-31,2020-12,-4,0,0.0,347007|225|2021-02-09,0.3708639919928781,0.0
348194,225,2021-02-09,2021-02-18,10,control,0,0.9463242,1,dept_225_closure_2021-02-09,2020-12-31,2020-12,-4,0,0.1,348194|225|2021-02-09,0.38928139199287803,0.0
348223,225,2021-02-09,2021-02-18,10,control,0,0.9166912,1,dept_225_closure_2021-02-09,2020-12-31,2020-12,-4,0,0.1,348223|225|2021-02-09,0.3596483919928781,0.0
349263,225,2021-02-09,2021-02-18,10,treatment,1,0.67589456,1,dept_225_closure_2021-02-09,2020-12-31,2020-12,-4,0,0.3,349263|225|2021-02-09,0.11885175199287812,0.0
349947,225,2021-02-09,2021-02-18,10,control,0,0.3566129,0,dept_225_closure_2021-02-09,2020-12-31,2020-12,-4,0,0.0,349947|225|2021-02-09,-0.2004299080071219,0.0
350836,225,2021-02-09,2021-02-18,10,control,0,0.9993635,1,dept_225_closure_2021-02-09,2020-12-31,2020-12,-4,0,0.8,350836|225|2021-02-09,0.44232069199287805,0.0
355020,225,2021-02-09,2021-02-18,10,control,0,0.35674804,0,dept_225_closure_2021-02-09,2020-12-31,2020-12,-4,0,0.0,355020|225|2021-02-09,-0.20029476800712193,0.0
355506,225,2021-02-09,2021-02-18,10,treatment,1,0.7604829,1,dept_225_closure_2021-02-09,2020-12-31,2020-12,-4,0,0.0,355506|225|2021-02-09,0.20344009199287805,0.0
355559,225,2021-02-09,2021-02-18,10,control,0,0.9997812,1,dept_225_closure_2021-02-09,2020-12-31,2020-12,-4,0,0.2,355559|225|2021-02-09,0.4427383919928781,0.0
356801,225,2021-02-09,2021-02-18,10,control,0,0.39246687,0,dept_225_closure_2021-02-09,2020-12-31,2020-12,-4,0,0.1,356801|225|2021-02-09,-0.1645759380071219,0.0
358354,225,2021-02-09,2021-02-18,10,control,0,0.3476285,0,dept_225_closure_2021-02-09,2020-12-31,2020-12,-4,0,0.0,358354|225|2021-02-09,-0.2094143080071219,0.0
358508,225,2021-02-09,2021-02-18,10,treatment,1,0.98895127,1,dept_225_closure_2021-02-09,2020-12-31,2020-12,-4,0,0.7,358508|225|2021-02-09,0.43190846199287813,0.0
359557,225,2021-02-09,2021-02-18,10,treatment,1,0.43182382,0,dept_225_closure_2021-02-09,2020-12-31,2020-12,-4,0,0.0,359557|225|2021-02-09,-0.1252189880071219,0.0
361866,225,2021-02-09,2021-02-18,10,control,0,0.2885477,0,dept_225_closure_2021-02-09,2020-12-31,2020-12,-4,0,0.1,361866|225|2021-02-09,-0.2684951080071219,0.0
362157,225,2021-02-09,2021-02-18,10,control,0,0.6285289,1,dept_225_closure_2021-02-09,2020-12-31,2020-12,-4,0,0.0,362157|225|2021-02-09,0.07148609199287803,0.0
362647,225,2021-02-09,2021-02-18,10,control,0,0.97810817,1,dept_225_closure_2021-02-09,2020-12-31,2020-12,-4,0,0.4,362647|225|2021-02-09,0.42106536199287814,0.0
363917,225,2021-02-09,2021-02-18,10,control,0,0.14968768,0,dept_225_closure_2021-02-09,2020-12-31,2020-12,-4,0,0.1,363917|225|2021-02-09,-0.4073551280071219,0.0
365981,225,2021-02-09,2021-02-18,10,control,0,0.78223735,1,dept_225_closure_2021-02-09,2020-12-31,2020-12,-4,0,0.1,365981|225|2021-02-09,0.22519454199287814,0.0
366967,225,2021-02-09,2021-02-18,10,control,0,0.8748402,1,dept_225_closure_2021-02-09,2020-12-31,2020-12,-4,0,0.0,366967|225|2021-02-09,0.31779739199287804,0.0
367111,225,2021-02-09,2021-02-18,10,control,0,0.135889,0,dept_225_closure_2021-02-09,2020-12-31,2020-12,-4,0,0.1,367111|225|2021-02-09,-0.4211538080071219,0.0
367562,225,2021-02-09,2021-02-18,10,control,0,0.44473973,0,dept_225_closure_2021-02-09,2020-12-31,2020-12,-4,0,0.1,367562|225|2021-02-09,-0.11230307800712191,0.0
368245,225,2021-02-09,2021-02-18,10,treatment,1,0.74348015,1,dept_225_closure_2021-02-09,2020-12-31,2020-12,-4,0,0.3,368245|225|2021-02-09,0.1864373419928781,0.0
370655,225,2021-02-09,2021-02-18,10,control,0,0.95070106,1,dept_225_closure_2021-02-09,2020-12-31,2020-12,-4,0,0.2,370655|225|2021-02-09,0.39365825199287807,0.0
370948,225,2021-02-09,2021-02-18,10,control,0,0.47814432,0,dept_225_closure_2021-02-09,2020-12-31,2020-12,-4,0,0.0,370948|225|2021-02-09,-0.0788984880071219,0.0
373453,225,2021-02-09,2021-02-18,10,control,0,0.12594806,0,dept_225_closure_2021-02-09,2020-12-31,2020-12,-4,0,0.0,373453|225|2021-02-09,-0.4310947480071219,0.0
374365,225,2021-02-09,2021-02-18,10,control,0,0.16299587,0,dept_225_closure_2021-02-09,2020-12-31,2020-12,-4,0,0.0,374365|225|2021-02-09,-0.3940469380071219,0.0
376317,225,2021-02-09,2021-02-18,10,treatment,1,0.3172194,0,dept_225_closure_2021-02-09,2020-12-31,2020-12,-4,0,0.0,376317|225|2021-02-09,-0.23982340800712193,0.0
378384,225,2021-02-09,2021-02-18,10,control,0,0.9768808,1,dept_225_closure_2021-02-09,2020-12-31,2020-12,-4,0,0.4,378384|225|2021-02-09,0.4198379919928781,0.0
381219,225,2021-02-09,2021-02-18,10,control,0,0.8107899,1,dept_225_closure_2021-02-09,2020-12-31,2020-12,-4,0,0.3,381219|225|2021-02-09,0.25374709199287804,0.0
382479,225,2021-02-09,2021-02-18,10,control,0,0.49913758,0,dept_225_closure_2021-02-09,2020-12-31,2020-12,-4,0,0.0,382479|225|2021-02-09,-0.05790522800712189,0.0
382655,225,2021-02-09,2021-02-18,10,control,0,0.48623624,0,dept_225_closure_2021-02-09,2020-12-31,2020-12,-4,0,0.1,382655|225|2021-02-09,-0.07080656800712193,0.0
382771,225,2021-02-09,2021-02-18,10,treatment,1,0.8868053,1,dept_225_closure_2021-02-09,2020-12-31,2020-12,-4,0,0.0,382771|225|2021-02-09,0.3297624919928781,0.0
386353,225,2021-02-09,2021-02-18,10,control,0,0.44928175,0,dept_225_closure_2021-02-09,2020-12-31,2020-12,-4,0,0.2,386353|225|2021-02-09,-0.10776105800712193,0.0
386934,225,2021-02-09,2021-02-18,10,control,0,0.88146484,1,dept_225_closure_2021-02-09,2020-12-31,2020-12,-4,0,0.0,386934|225|2021-02-09,0.3244220319928781,0.0
387595,225,2021-02-09,2021-02-18,10,control,0,0.91805726,1,dept_225_closure_2021-02-09,2020-12-31,2020-12,-4,0,0.1,387595|225|2021-02-09,0.36101445199287807,0.0
388363,225,2021-02-09,2021-02-18,10,control,0,0.9731699,1,dept_225_closure_2021-02-09,2020-12-31,2020-12,-4,0,0.2,388363|225|2021-02-09,0.4161270919928781,0.0
390747,225,2021-02-09,2021-02-18,10,control,0,0.10827,0,dept_225_closure_2021-02-09,2020-12-31,2020-12,-4,0,0.0,390747|225|2021-02-09,-0.44877280800712194,0.0
391275,225,2021-02-09,2021-02-18,10,control,0,0.1237231,0,dept_225_closure_2021-02-09,2020-12-31,2020-12,-4,0,0.0,391275|225|2021-02-09,-0.43331970800712194,0.0
395354,225,2021-02-09,2021-02-18,10,treatment,1,0.3047165,0,dept_225_closure_2021-02-09,2020-12-31,2020-12,-4,0,0.1,395354|225|2021-02-09,-0.2523263080071219,0.0
396599,225,2021-02-09,2021-02-18,10,control,0,0.19667627,0,dept_225_closure_2021-02-09,2020-12-31,2020-12,-4,0,0.0,396599|225|2021-02-09,-0.36036653800712193,0.0
396971,225,2021-02-09,2021-02-18,10,control,0,0.066589184,0,dept_225_closure_2021-02-09,2020-12-31,2020-12,-4,0,0.1,396971|225|2021-02-09,-0.4904536240071219,0.0
397043,225,2021-02-09,2021-02-18,10,control,0,0.8672236,1,dept_225_closure_2021-02-09,2020-12-31,2020-12,-4,0,0.2,397043|225|2021-02-09,0.31018079199287807,0.0
398354,225,2021-02-09,2021-02-18,10,control,0,0.6507126,1,dept_225_closure_2021-02-09,2020-12-31,2020-12,-4,0,0.0,398354|225|2021-02-09,0.09366979199287806,0.0
399046,225,2021-02-09,2021-02-18,10,control,0,0.5696758,1,dept_225_closure_2021-02-09,2020-12-31,2020-12,-4,0,0.1,399046|225|2021-02-09,0.01263299199287804,0.0
399413,225,2021-02-09,2021-02-18,10,control,0,0.916818,1,dept_225_closure_2021-02-09,2020-12-31,2020-12,-4,0,0.1,399413|225|2021-02-09,0.3597751919928781,0.0
399931,225,2021-02-09,2021-02-18,10,treatment,1,0.55405474,1,dept_225_closure_2021-02-09,2020-12-31,2020-12,-4,0,0.0,399931|225|2021-02-09,-0.0029880680071219246,0.0
400776,225,2021-02-09,2021-02-18,10,control,0,0.4215834,0,dept_225_closure_2021-02-09,2020-12-31,2020-12,-4,0,0.1,400776|225|2021-02-09,-0.13545940800712192,0.0
402754,225,2021-02-09,2021-02-18,10,control,0,0.3393672,0,dept_225_closure_2021-02-09,2020-12-31,2020-12,-4,0,0.1,402754|225|2021-02-09,-0.21767560800712193,0.0
403154,225,2021-02-09,2021-02-18,10,control,0,0.031127399,0,dept_225_closure_2021-02-09,2020-12-31,2020-12,-4,0,0.0,403154|225|2021-02-09,-0.5259154090071219,0.0
403446,225,2021-02-09,2021-02-18,10,control,0,0.5542411,1,dept_225_closure_2021-02-09,2020-12-31,2020-12,-4,0,0.2,403446|225|2021-02-09,-0.0028017080071218725,0.0
404352,225,2021-02-09,2021-02-18,10,control,0,0.9993554,1,dept_225_closure_2021-02-09,2020-12-31,2020-12,-4,0,0.5,404352|225|2021-02-09,0.4423125919928781,0.0
406126,225,2021-02-09,2021-02-18,10,control,0,0.61097187,1,dept_225_closure_2021-02-09,2020-12-31,2020-12,-4,0,0.0,406126|225|2021-02-09,0.05392906199287806,0.0
407060,225,2021-02-09,2021-02-18,10,treatment,1,0.2642639,0,dept_225_closure_2021-02-09,2020-12-31,2020-12,-4,0,0.0,407060|225|2021-02-09,-0.2927789080071219,0.0
409183,225,2021-02-09,2021-02-18,10,treatment,1,0.20574966,0,dept_225_closure_2021-02-09,2020-12-31,2020-12,-4,0,0.0,409183|225|2021-02-09,-0.3512931480071219,0.0
409407,225,2021-02-09,2021-02-18,10,control,0,0.6272991,1,dept_225_closure_2021-02-09,2020-12-31,2020-12,-4,0,0.0,409407|225|2021-02-09,0.07025629199287808,0.0
409880,225,2021-02-09,2021-02-18,10,control,0,0.89655435,1,dept_225_closure_2021-02-09,2020-12-31,2020-12,-4,0,0.5,409880|225|2021-02-09,0.33951154199287814,0.0
410210,225,2021-02-09,2021-02-18,10,control,0,0.028627863,0,dept_225_closure_2021-02-09,2020-12-31,2020-12,-4,0,0.0,410210|225|2021-02-09,-0.5284149450071219,0.0
411602,225,2021-02-09,2021-02-18,10,control,0,0.8244264,1,dept_225_closure_2021-02-09,2020-12-31,2020-12,-4,0,0.0,411602|225|2021-02-09,0.2673835919928781,0.0
413500,225,2021-02-09,2021-02-18,10,control,0,0.9955237,1,dept_225_closure_2021-02-09,2020-12-31,2020-12,-4,0,0.4,413500|225|2021-02-09,0.4384808919928781,0.0
413542,225,2021-02-09,2021-02-18,10,control,0,0.94302773,1,dept_225_closure_2021-02-09,2020-12-31,2020-12,-4,0,0.1,413542|225|2021-02-09,0.38598492199287804,0.0
414176,225,2021-02-09,2021-02-18,10,control,0,0.71674174,1,dept_225_closure_2021-02-09,2020-12-31,2020-12,-4,0,0.1,414176|225|2021-02-09,0.1596989319928781,0.0
414601,225,2021-02-09,2021-02-18,10,control,0,0.42178676,0,dept_225_closure_2021-02-09,2020-12-31,2020-12,-4,0,0.1,414601|225|2021-02-09,-0.13525604800712193,0.0
417063,225,2021-02-09,2021-02-18,10,treatment,1,0.3493233,0,dept_225_closure_2021-02-09,2020-12-31,2020-12,-4,0,0.2,417063|225|2021-02-09,-0.2077195080071219,0.0
417624,225,2021-02-09,2021-02-18,10,control,0,0.8831816,1,dept_225_closure_2021-02-09,2020-12-31,2020-12,-4,0,0.2,417624|225|2021-02-09,0.3261387919928781,0.0
420534,225,2021-02-09,2021-02-18,10,control,0,0.35066342,0,dept_225_closure_2021-02-09,2020-12-31,2020-12,-4,0,0.0,420534|225|2021-02-09,-0.2063793880071219,0.0
421583,225,2021-02-09,2021-02-18,10,treatment,1,0.37277293,0,dept_225_closure_2021-02-09,2020-12-31,2020-12,-4,0,0.2,421583|225|2021-02-09,-0.1842698780071219,0.0
421595,225,2021-02-09,2021-02-18,10,control,0,0.13892803,0,dept_225_closure_2021-02-09,2020-12-31,2020-12,-4,0,0.1,421595|225|2021-02-09,-0.41811477800712193,0.0
422210,225,2021-02-09,2021-02-18,10,control,0,0.9951025,1,dept_225_closure_2021-02-09,2020-12-31,2020-12,-4,0,0.4,422210|225|2021-02-09,0.4380596919928781,0.0
422336,225,2021-02-09,2021-02-18,10,control,0,0.83844286,1,dept_225_closure_2021-02-09,2020-12-31,2020-12,-4,0,0.4,422336|225|2021-02-09,0.2814000519928781,0.0
425289,225,2021-02-09,2021-02-18,10,control,0,0.2427501,0,dept_225_closure_2021-02-09,2020-12-31,2020-12,-4,0,0.0,425289|225|2021-02-09,-0.31429270800712195,0.0
425821,225,2021-02-09,2021-02-18,10,treatment,1,0.79966164,1,dept_225_closure_2021-02-09,2020-12-31,2020-12,-4,0,0.1,425821|225|2021-02-09,0.24261883199287804,0.0
427750,225,2021-02-09,2021-02-18,10,control,0,0.82984,1,dept_225_closure_2021-02-09,2020-12-31,2020-12,-4,0,0.2,427750|225|2021-02-09,0.2727971919928781,0.0
428456,225,2021-02-09,2021-02-18,10,control,0,0.43543127,0,dept_225_closure_2021-02-09,2020-12-31,2020-12,-4,0,0.1,428456|225|2021-02-09,-0.12161153800712193,0.0
428894,225,2021-02-09,2021-02-18,10,control,0,0.99533254,1,dept_225_closure_2021-02-09,2020-12-31,2020-12,-4,0,0.4,428894|225|2021-02-09,0.43828973199287813,0.0
428909,225,2021-02-09,2021-02-18,10,control,0,0.7319816,1,dept_225_closure_2021-02-09,2020-12-31,2020-12,-4,0,0.2,428909|225|2021-02-09,0.1749387919928781,0.0
430385,225,2021-02-09,2021-02-18,10,treatment,1,0.67291415,1,dept_225_closure_2021-02-09,2020-12-31,2020-12,-4,0,0.0,430385|225|2021-02-09,0.11587134199287807,0.0
430856,225,2021-02-09,2021-02-18,10,control,0,0.113914736,0,dept_225_closure_2021-02-09,2020-12-31,2020-12,-4,0,0.0,430856|225|2021-02-09,-0.4431280720071219,0.0
432774,225,2021-02-09,2021-02-18,10,control,0,0.42122024,0,dept_225_closure_2021-02-09,2020-12-31,2020-12,-4,0,0.0,432774|225|2021-02-09,-0.1358225680071219,0.0
433451,225,2021-02-09,2021-02-18,10,control,0,0.66453654,1,dept_225_closure_2021-02-09,2020-12-31,2020-12,-4,0,0.2,433451|225|2021-02-09,0.10749373199287804,0.0
434436,225,2021-02-09,2021-02-18,10,control,0,0.32243565,0,dept_225_closure_2021-02-09,2020-12-31,2020-12,-4,0,0.1,434436|225|2021-02-09,-0.2346071580071219,0.0
437482,225,2021-02-09,2021-02-18,10,control,0,0.76939327,1,dept_225_closure_2021-02-09,2020-12-31,2020-12,-4,0,0.1,437482|225|2021-02-09,0.2123504619928781,0.0
437779,225,2021-02-09,2021-02-18,10,control,0,0.30429742,0,dept_225_closure_2021-02-09,2020-12-31,2020-12,-4,0,0.0,437779|225|2021-02-09,-0.25274538800712193,0.0
437833,225,2021-02-09,2021-02-18,10,control,0,0.96572256,1,dept_225_closure_2021-02-09,2020-12-31,2020-12,-4,0,0.0,437833|225|2021-02-09,0.4086797519928781,0.0
438478,225,2021-02-09,2021-02-18,10,control,0,0.79792196,1,dept_225_closure_2021-02-09,2020-12-31,2020-12,-4,0,0.1,438478|225|2021-02-09,0.24087915199287813,0.0
439163,225,2021-02-09,2021-02-18,10,control,0,0.6120299,1,dept_225_closure_2021-02-09,2020-12-31,2020-12,-4,0,0.1,439163|225|2021-02-09,0.0549870919928781,0.0
440038,225,2021-02-09,2021-02-18,10,control,0,0.99606234,1,dept_225_closure_2021-02-09,2020-12-31,2020-12,-4,0,0.3,440038|225|2021-02-09,0.43901953199287813,0.0
444671,225,2021-02-09,2021-02-18,10,treatment,1,0.2107164,0,dept_225_closure_2021-02-09,2020-12-31,2020-12,-4,0,0.0,444671|225|2021-02-09,-0.3463264080071219,0.0
444939,225,2021-02-09,2021-02-18,10,control,0,0.5629561,1,dept_225_closure_2021-02-09,2020-12-31,2020-12,-4,0,0.3,444939|225|2021-02-09,0.005913291992878045,0.0
446553,225,2021-02-09,2021-02-18,10,control,0,0.69638073,1,dept_225_closure_2021-02-09,2020-12-31,2020-12,-4,0,0.1,446553|225|2021-02-09,0.1393379219928781,0.0
448300,225,2021-02-09,2021-02-18,10,control,0,0.15980117,0,dept_225_closure_2021-02-09,2020-12-31,2020-12,-4,0,0.0,448300|225|2021-02-09,-0.3972416380071219,0.0
448365,225,2021-02-09,2021-02-18,10,control,0,0.610063,1,dept_225_closure_2021-02-09,2020-12-31,2020-12,-4,0,0.2,448365|225|2021-02-09,0.05302019199287811,0.0
450464,225,2021-02-09,2021-02-18,10,control,0,0.0899341,0,dept_225_closure_2021-02-09,2020-12-31,2020-12,-4,0,0.0,450464|225|2021-02-09,-0.4671087080071219,0.0
451797,225,2021-02-09,2021-02-18,10,control,0,0.5686298,1,dept_225_closure_2021-02-09,2020-12-31,2020-12,-4,0,0.0,451797|225|2021-02-09,0.011586991992878048,0.0
451856,225,2021-02-09,2021-02-18,10,control,0,0.81858045,1,dept_225_closure_2021-02-09,2020-12-31,2020-12,-4,0,0.2,451856|225|2021-02-09,0.2615376419928781,0.0
453594,225,2021-02-09,2021-02-18,10,control,0,0.51488364,1,dept_225_closure_2021-02-09,2020-12-31,2020-12,-4,0,0.1,453594|225|2021-02-09,-0.04215916800712194,0.0
454303,225,2021-02-09,2021-02-18,10,control,0,0.42539623,0,dept_225_closure_2021-02-09,2020-12-31,2020-12,-4,0,0.0,454303|225|2021-02-09,-0.13164657800712193,0.0
456801,225,2021-02-09,2021-02-18,10,control,0,0.44320226,0,dept_225_closure_2021-02-09,2020-12-31,2020-12,-4,0,0.0,456801|225|2021-02-09,-0.1138405480071219,0.0
457945,225,2021-02-09,2021-02-18,10,control,0,0.75042796,1,dept_225_closure_2021-02-09,2020-12-31,2020-12,-4,0,0.1,457945|225|2021-02-09,0.1933851519928781,0.0
458589,225,2021-02-09,2021-02-18,10,control,0,0.54510933,1,dept_225_closure_2021-02-09,2020-12-31,2020-12,-4,0,0.1,458589|225|2021-02-09,-0.011933478007121967,0.0
460269,225,2021-02-09,2021-02-18,10,control,0,0.58065283,1,dept_225_closure_2021-02-09,2020-12-31,2020-12,-4,0,0.2,460269|225|2021-02-09,0.023610021992878094,0.0
460404,225,2021-02-09,2021-02-18,10,control,0,0.35052446,0,dept_225_closure_2021-02-09,2020-12-31,2020-12,-4,0,0.0,460404|225|2021-02-09,-0.20651834800712193,0.0
464247,225,2021-02-09,2021-02-18,10,control,0,0.8327629,1,dept_225_closure_2021-02-09,2020-12-31,2020-12,-4,0,0.1,464247|225|2021-02-09,0.27572009199287806,0.0
464509,225,2021-02-09,2021-02-18,10,control,0,0.56256324,1,dept_225_closure_2021-02-09,2020-12-31,2020-12,-4,0,0.1,464509|225|2021-02-09,0.005520431992878105,0.0
464702,225,2021-02-09,2021-02-18,10,control,0,0.96385574,1,dept_225_closure_2021-02-09,2020-12-31,2020-12,-4,0,0.2,464702|225|2021-02-09,0.40681293199287805,0.0
465287,225,2021-02-09,2021-02-18,10,control,0,0.4809686,0,dept_225_closure_2021-02-09,2020-12-31,2020-12,-4,0,0.1,465287|225|2021-02-09,-0.07607420800712189,0.0
467269,225,2021-02-09,2021-02-18,10,control,0,0.5799187,1,dept_225_closure_2021-02-09,2020-12-31,2020-12,-4,0,0.1,467269|225|2021-02-09,0.022875891992878095,0.0
467336,225,2021-02-09,2021-02-18,10,treatment,1,0.14474845,0,dept_225_closure_2021-02-09,2020-12-31,2020-12,-4,0,0.0,467336|225|2021-02-09,-0.4122943580071219,0.0
467621,225,2021-02-09,2021-02-18,10,control,0,0.983469,1,dept_225_closure_2021-02-09,2020-12-31,2020-12,-4,0,0.3,467621|225|2021-02-09,0.4264261919928781,0.0
469389,225,2021-02-09,2021-02-18,10,control,0,0.612861,1,dept_225_closure_2021-02-09,2020-12-31,2020-12,-4,0,0.0,469389|225|2021-02-09,0.055818191992878075,0.0
469826,225,2021-02-09,2021-02-18,10,control,0,0.45079404,0,dept_225_closure_2021-02-09,2020-12-31,2020-12,-4,0,0.1,469826|225|2021-02-09,-0.10624876800712191,0.0
471891,225,2021-02-09,2021-02-18,10,control,0,0.53209096,1,dept_225_closure_2021-02-09,2020-12-31,2020-12,-4,0,0.1,471891|225|2021-02-09,-0.024951848007121913,0.0
472342,225,2021-02-09,2021-02-18,10,treatment,1,0.28729507,0,dept_225_closure_2021-02-09,2020-12-31,2020-12,-4,0,0.0,472342|225|2021-02-09,-0.26974773800712193,0.0
473127,225,2021-02-09,2021-02-18,10,control,0,0.98042405,1,dept_225_closure_2021-02-09,2020-12-31,2020-12,-4,0,0.5,473127|225|2021-02-09,0.4233812419928781,0.0
475523,225,2021-02-09,2021-02-18,10,control,0,0.52391076,1,dept_225_closure_2021-02-09,2020-12-31,2020-12,-4,0,0.2,475523|225|2021-02-09,-0.033132048007121884,0.0
478934,225,2021-02-09,2021-02-18,10,control,0,0.879664,1,dept_225_closure_2021-02-09,2020-12-31,2020-12,-4,0,0.1,478934|225|2021-02-09,0.3226211919928781,0.0
479982,225,2021-02-09,2021-02-18,10,control,0,0.72143114,1,dept_225_closure_2021-02-09,2020-12-31,2020-12,-4,0,0.1,479982|225|2021-02-09,0.16438833199287806,0.0
481053,225,2021-02-09,2021-02-18,10,control,0,0.60998887,1,dept_225_closure_2021-02-09,2020-12-31,2020-12,-4,0,0.0,481053|225|2021-02-09,0.0529460619928781,0.0
481534,225,2021-02-09,2021-02-18,10,treatment,1,0.7666529,1,dept_225_closure_2021-02-09,2020-12-31,2020-12,-4,0,0.2,481534|225|2021-02-09,0.20961009199287806,0.0
483355,225,2021-02-09,2021-02-18,10,treatment,1,0.21617046,0,dept_225_closure_2021-02-09,2020-12-31,2020-12,-4,0,0.0,483355|225|2021-02-09,-0.3408723480071219,0.0
484202,225,2021-02-09,2021-02-18,10,control,0,0.11625671,0,dept_225_closure_2021-02-09,2020-12-31,2020-12,-4,0,0.0,484202|225|2021-02-09,-0.44078609800712193,0.0
484803,225,2021-02-09,2021-02-18,10,control,0,0.48871788,0,dept_225_closure_2021-02-09,2020-12-31,2020-12,-4,0,0.2,484803|225|2021-02-09,-0.06832492800712192,0.0
487863,225,2021-02-09,2021-02-18,10,control,0,0.29896432,0,dept_225_closure_2021-02-09,2020-12-31,2020-12,-4,0,0.1,487863|225|2021-02-09,-0.2580784880071219,0.0
488759,225,2021-02-09,2021-02-18,10,control,0,0.560258,1,dept_225_closure_2021-02-09,2020-12-31,2020-12,-4,0,0.0,488759|225|2021-02-09,0.003215191992878119,0.0
489742,225,2021-02-09,2021-02-18,10,control,0,0.6274672,1,dept_225_closure_2021-02-09,2020-12-31,2020-12,-4,0,0.2,489742|225|2021-02-09,0.07042439199287809,0.0
493285,225,2021-02-09,2021-02-18,10,control,0,0.30452004,0,dept_225_closure_2021-02-09,2020-12-31,2020-12,-4,0,0.1,493285|225|2021-02-09,-0.2525227680071219,0.0
494278,225,2021-02-09,2021-02-18,10,control,0,0.1129235,0,dept_225_closure_2021-02-09,2020-12-31,2020-12,-4,0,0.0,494278|225|2021-02-09,-0.4441193080071219,0.0
502196,225,2021-02-09,2021-02-18,10,treatment,1,0.8333942,1,dept_225_closure_2021-02-09,2020-12-31,2020-12,-4,0,0.0,502196|225|2021-02-09,0.27635139199287806,0.0
502318,225,2021-02-09,2021-02-18,10,treatment,1,0.9765118,1,dept_225_closure_2021-02-09,2020-12-31,2020-12,-4,0,0.4,502318|225|2021-02-09,0.4194689919928781,0.0
503466,225,2021-02-09,2021-02-18,10,control,0,0.24881226,0,dept_225_closure_2021-02-09,2020-12-31,2020-12,-4,0,0.0,503466|225|2021-02-09,-0.3082305480071219,0.0
505843,225,2021-02-09,2021-02-18,10,treatment,1,0.6795407,1,dept_225_closure_2021-02-09,2020-12-31,2020-12,-4,0,0.2,505843|225|2021-02-09,0.12249789199287808,0.0
506867,225,2021-02-09,2021-02-18,10,control,0,0.9109191,1,dept_225_closure_2021-02-09,2020-12-31,2020-12,-4,0,0.2,506867|225|2021-02-09,0.35387629199287807,0.0
509425,225,2021-02-09,2021-02-18,10,control,0,0.21315736,0,dept_225_closure_2021-02-09,2020-12-31,2020-12,-4,0,0.0,509425|225|2021-02-09,-0.34388544800712195,0.0
510199,225,2021-02-09,2021-02-18,10,control,0,0.95041114,1,dept_225_closure_2021-02-09,2020-12-31,2020-12,-4,0,0.4,510199|225|2021-02-09,0.39336833199287813,0.0
510253,225,2021-02-09,2021-02-18,10,treatment,1,0.11474849,0,dept_225_closure_2021-02-09,2020-12-31,2020-12,-4,0,0.0,510253|225|2021-02-09,-0.44229431800712193,0.0
512120,225,2021-02-09,2021-02-18,10,control,0,0.123882264,0,dept_225_closure_2021-02-09,2020-12-31,2020-12,-4,0,0.0,512120|225|2021-02-09,-0.4331605440071219,0.0
512374,225,2021-02-09,2021-02-18,10,control,0,0.025796797,0,dept_225_closure_2021-02-09,2020-12-31,2020-12,-4,0,0.0,512374|225|2021-02-09,-0.5312460110071219,0.0
513432,225,2021-02-09,2021-02-18,10,control,0,0.75720835,1,dept_225_closure_2021-02-09,2020-12-31,2020-12,-4,0,0.2,513432|225|2021-02-09,0.20016554199287806,0.0
514186,225,2021-02-09,2021-02-18,10,control,0,0.53616303,1,dept_225_closure_2021-02-09,2020-12-31,2020-12,-4,0,0.0,514186|225|2021-02-09,-0.02087977800712193,0.0
514740,225,2021-02-09,2021-02-18,10,control,0,0.9236703,1,dept_225_closure_2021-02-09,2020-12-31,2020-12,-4,0,0.2,514740|225|2021-02-09,0.36662749199287814,0.0
515182,225,2021-02-09,2021-02-18,10,control,0,0.1092633,0,dept_225_closure_2021-02-09,2020-12-31,2020-12,-4,0,0.0,515182|225|2021-02-09,-0.4477795080071219,0.0
516610,225,2021-02-09,2021-02-18,10,control,0,0.6973986,1,dept_225_closure_2021-02-09,2020-12-31,2020-12,-4,0,0.0,516610|225|2021-02-09,0.14035579199287807,0.0
516772,225,2021-02-09,2021-02-18,10,control,0,0.5201318,1,dept_225_closure_2021-02-09,2020-12-31,2020-12,-4,0,0.1,516772|225|2021-02-09,-0.03691100800712188,0.0
516884,225,2021-02-09,2021-02-18,10,control,0,0.2260634,0,dept_225_closure_2021-02-09,2020-12-31,2020-12,-4,0,0.0,516884|225|2021-02-09,-0.3309794080071219,0.0
517029,225,2021-02-09,2021-02-18,10,control,0,0.6784122,1,dept_225_closure_2021-02-09,2020-12-31,2020-12,-4,0,0.0,517029|225|2021-02-09,0.1213693919928781,0.0
518563,225,2021-02-09,2021-02-18,10,treatment,1,0.66636384,1,dept_225_closure_2021-02-09,2020-12-31,2020-12,-4,0,0.6,518563|225|2021-02-09,0.10932103199287813,0.0
519764,225,2021-02-09,2021-02-18,10,control,0,0.4191586,0,dept_225_closure_2021-02-09,2020-12-31,2020-12,-4,0,0.1,519764|225|2021-02-09,-0.13788420800712192,0.0
520658,225,2021-02-09,2021-02-18,10,control,0,0.10316532,0,dept_225_closure_2021-02-09,2020-12-31,2020-12,-4,0,0.0,520658|225|2021-02-09,-0.4538774880071219,0.0
520817,225,2021-02-09,2021-02-18,10,control,0,0.09707905,0,dept_225_closure_2021-02-09,2020-12-31,2020-12,-4,0,0.1,520817|225|2021-02-09,-0.4599637580071219,0.0
521820,225,2021-02-09,2021-02-18,10,control,0,0.084771745,0,dept_225_closure_2021-02-09,2020-12-31,2020-12,-4,0,0.0,521820|225|2021-02-09,-0.4722710630071219,0.0
521859,225,2021-02-09,2021-02-18,10,control,0,0.5171526,1,dept_225_closure_2021-02-09,2020-12-31,2020-12,-4,0,0.0,521859|225|2021-02-09,-0.03989020800712195,0.0
522545,225,2021-02-09,2021-02-18,10,treatment,1,0.64982855,1,dept_225_closure_2021-02-09,2020-12-31,2020-12,-4,0,0.0,522545|225|2021-02-09,0.09278574199287803,0.0
524184,225,2021-02-09,2021-02-18,10,control,0,0.48366845,0,dept_225_closure_2021-02-09,2020-12-31,2020-12,-4,0,0.1,524184|225|2021-02-09,-0.07337435800712189,0.0
524855,225,2021-02-09,2021-02-18,10,control,0,0.8788438,1,dept_225_closure_2021-02-09,2020-12-31,2020-12,-4,0,0.2,524855|225|2021-02-09,0.32180099199287804,0.0
525501,225,2021-02-09,2021-02-18,10,control,0,0.9226477,1,dept_225_closure_2021-02-09,2020-12-31,2020-12,-4,0,0.2,525501|225|2021-02-09,0.36560489199287804,0.0
525869,225,2021-02-09,2021-02-18,10,control,0,0.07285162,0,dept_225_closure_2021-02-09,2020-12-31,2020-12,-4,0,0.0,525869|225|2021-02-09,-0.4841911880071219,0.0
529325,225,2021-02-09,2021-02-18,10,control,0,0.6113113,1,dept_225_closure_2021-02-09,2020-12-31,2020-12,-4,0,0.0,529325|225|2021-02-09,0.05426849199287809,0.0
529864,225,2021-02-09,2021-02-18,10,control,0,0.14488006,0,dept_225_closure_2021-02-09,2020-12-31,2020-12,-4,0,0.0,529864|225|2021-02-09,-0.41216274800712194,0.0
531372,225,2021-02-09,2021-02-18,10,control,0,0.9984932,1,dept_225_closure_2021-02-09,2020-12-31,2020-12,-4,0,0.2,531372|225|2021-02-09,0.44145039199287806,0.0
531766,225,2021-02-09,2021-02-18,10,control,0,0.70788556,1,dept_225_closure_2021-02-09,2020-12-31,2020-12,-4,0,0.0,531766|225|2021-02-09,0.1508427519928781,0.0
532231,225,2021-02-09,2021-02-18,10,control,0,0.16401133,0,dept_225_closure_2021-02-09,2020-12-31,2020-12,-4,0,0.0,532231|225|2021-02-09,-0.3930314780071219,0.0
533906,225,2021-02-09,2021-02-18,10,control,0,0.12545961,0,dept_225_closure_2021-02-09,2020-12-31,2020-12,-4,0,0.0,533906|225|2021-02-09,-0.4315831980071219,0.0
534647,225,2021-02-09,2021-02-18,10,control,0,0.99306244,1,dept_225_closure_2021-02-09,2020-12-31,2020-12,-4,0,0.2,534647|225|2021-02-09,0.4360196319928781,0.0
535153,225,2021-02-09,2021-02-18,10,control,0,0.06850255,0,dept_225_closure_2021-02-09,2020-12-31,2020-12,-4,0,0.1,535153|225|2021-02-09,-0.4885402580071219,0.0
536067,225,2021-02-09,2021-02-18,10,control,0,0.7665355,1,dept_225_closure_2021-02-09,2020-12-31,2020-12,-4,0,0.0,536067|225|2021-02-09,0.20949269199287812,0.0
536540,225,2021-02-09,2021-02-18,10,control,0,0.5633116,1,dept_225_closure_2021-02-09,2020-12-31,2020-12,-4,0,0.1,536540|225|2021-02-09,0.006268791992878109,0.0
537345,225,2021-02-09,2021-02-18,10,control,0,0.23184814,0,dept_225_closure_2021-02-09,2020-12-31,2020-12,-4,0,0.0,537345|225|2021-02-09,-0.32519466800712193,0.0
537422,225,2021-02-09,2021-02-18,10,control,0,0.35939428,0,dept_225_closure_2021-02-09,2020-12-31,2020-12,-4,0,0.1,537422|225|2021-02-09,-0.1976485280071219,0.0
538844,225,2021-02-09,2021-02-18,10,control,0,0.6683242,1,dept_225_closure_2021-02-09,2020-12-31,2020-12,-4,0,0.0,538844|225|2021-02-09,0.11128139199287812,0.0
539544,225,2021-02-09,2021-02-18,10,treatment,1,0.30792004,0,dept_225_closure_2021-02-09,2020-12-31,2020-12,-4,0,0.0,539544|225|2021-02-09,-0.2491227680071219,0.0
539687,225,2021-02-09,2021-02-18,10,control,0,0.9314988,1,dept_225_closure_2021-02-09,2020-12-31,2020-12,-4,0,0.4,539687|225|2021-02-09,0.37445599199287805,0.0
540056,225,2021-02-09,2021-02-18,10,control,0,0.354361,0,dept_225_closure_2021-02-09,2020-12-31,2020-12,-4,0,0.0,540056|225|2021-02-09,-0.20268180800712193,0.0
541024,225,2021-02-09,2021-02-18,10,control,0,0.9485148,1,dept_225_closure_2021-02-09,2020-12-31,2020-12,-4,0,0.4,541024|225|2021-02-09,0.3914719919928781,0.0
541794,225,2021-02-09,2021-02-18,10,control,0,0.7145694,1,dept_225_closure_2021-02-09,2020-12-31,2020-12,-4,0,0.1,541794|225|2021-02-09,0.1575265919928781,0.0
541795,225,2021-02-09,2021-02-18,10,control,0,0.1584281,0,dept_225_closure_2021-02-09,2020-12-31,2020-12,-4,0,0.0,541795|225|2021-02-09,-0.39861470800712195,0.0
542121,225,2021-02-09,2021-02-18,10,control,0,0.81192786,1,dept_225_closure_2021-02-09,2020-12-31,2020-12,-4,0,0.1,542121|225|2021-02-09,0.25488505199287803,0.0
542359,225,2021-02-09,2021-02-18,10,control,0,0.8997891,1,dept_225_closure_2021-02-09,2020-12-31,2020-12,-4,0,0.4,542359|225|2021-02-09,0.3427462919928781,0.0
542469,225,2021-02-09,2021-02-18,10,control,0,0.5968629,1,dept_225_closure_2021-02-09,2020-12-31,2020-12,-4,0,0.2,542469|225|2021-02-09,0.03982009199287806,0.0
543401,225,2021-02-09,2021-02-18,10,control,0,0.17591122,0,dept_225_closure_2021-02-09,2020-12-31,2020-12,-4,0,0.0,543401|225|2021-02-09,-0.3811315880071219,0.0
543574,225,2021-02-09,2021-02-18,10,control,0,0.99364233,1,dept_225_closure_2021-02-09,2020-12-31,2020-12,-4,0,0.2,543574|225|2021-02-09,0.4365995219928781,0.0
545450,225,2021-02-09,2021-02-18,10,treatment,1,0.74080014,1,dept_225_closure_2021-02-09,2020-12-31,2020-12,-4,0,0.1,545450|225|2021-02-09,0.18375733199287814,0.0
545621,225,2021-02-09,2021-02-18,10,control,0,0.2505379,0,dept_225_closure_2021-02-09,2020-12-31,2020-12,-4,0,0.0,545621|225|2021-02-09,-0.30650490800712193,0.0
546738,225,2021-02-09,2021-02-18,10,treatment,1,0.9869179,1,dept_225_closure_2021-02-09,2020-12-31,2020-12,-4,0,0.6,546738|225|2021-02-09,0.4298750919928781,0.0
547241,225,2021-02-09,2021-02-18,10,control,0,0.63886887,1,dept_225_closure_2021-02-09,2020-12-31,2020-12,-4,0,0.0,547241|225|2021-02-09,0.08182606199287812,0.0
547544,225,2021-02-09,2021-02-18,10,control,0,0.7458929,1,dept_225_closure_2021-02-09,2020-12-31,2020-12,-4,0,0.1,547544|225|2021-02-09,0.18885009199287806,0.0
547689,225,2021-02-09,2021-02-18,10,control,0,0.55275804,1,dept_225_closure_2021-02-09,2020-12-31,2020-12,-4,0,0.0,547689|225|2021-02-09,-0.004284768007121964,0.0
548215,225,2021-02-09,2021-02-18,10,control,0,0.9033356,1,dept_225_closure_2021-02-09,2020-12-31,2020-12,-4,0,0.3,548215|225|2021-02-09,0.3462927919928781,0.0
549703,225,2021-02-09,2021-02-18,10,treatment,1,0.44778845,0,dept_225_closure_2021-02-09,2020-12-31,2020-12,-4,0,0.2,549703|225|2021-02-09,-0.10925435800712191,0.0
549771,225,2021-02-09,2021-02-18,10,control,0,0.8159889,1,dept_225_closure_2021-02-09,2020-12-31,2020-12,-4,0,0.1,549771|225|2021-02-09,0.2589460919928781,0.0
552685,225,2021-02-09,2021-02-18,10,control,0,0.5987536,1,dept_225_closure_2021-02-09,2020-12-31,2020-12,-4,0,0.2,552685|225|2021-02-09,0.04171079199287808,0.0
552723,225,2021-02-09,2021-02-18,10,control,0,0.35043988,0,dept_225_closure_2021-02-09,2020-12-31,2020-12,-4,0,0.0,552723|225|2021-02-09,-0.20660292800712193,0.0
553138,225,2021-02-09,2021-02-18,10,control,0,0.30944628,0,dept_225_closure_2021-02-09,2020-12-31,2020-12,-4,0,0.1,553138|225|2021-02-09,-0.2475965280071219,0.0
553876,225,2021-02-09,2021-02-18,10,treatment,1,0.9419543,1,dept_225_closure_2021-02-09,2020-12-31,2020-12,-4,0,0.3,553876|225|2021-02-09,0.3849114919928781,0.0
557358,225,2021-02-09,2021-02-18,10,control,0,0.9920684,1,dept_225_closure_2021-02-09,2020-12-31,2020-12,-4,0,0.2,557358|225|2021-02-09,0.43502559199287805,0.0
557503,225,2021-02-09,2021-02-18,10,control,0,0.98167187,1,dept_225_closure_2021-02-09,2020-12-31,2020-12,-4,0,0.5,557503|225|2021-02-09,0.4246290619928781,0.0
558534,225,2021-02-09,2021-02-18,10,treatment,1,0.20376676,0,dept_225_closure_2021-02-09,2020-12-31,2020-12,-4,0,0.1,558534|225|2021-02-09,-0.3532760480071219,0.0
559416,225,2021-02-09,2021-02-18,10,control,0,0.5377436,1,dept_225_closure_2021-02-09,2020-12-31,2020-12,-4,0,0.2,559416|225|2021-02-09,-0.019299208007121926,0.0
560778,225,2021-02-09,2021-02-18,10,control,0,0.6724239,1,dept_225_closure_2021-02-09,2020-12-31,2020-12,-4,0,0.1,560778|225|2021-02-09,0.11538109199287805,0.0
561261,225,2021-02-09,2021-02-18,10,control,0,0.8870736,1,dept_225_closure_2021-02-09,2020-12-31,2020-12,-4,0,0.1,561261|225|2021-02-09,0.3300307919928781,0.0
561552,225,2021-02-09,2021-02-18,10,treatment,1,0.8548409,1,dept_225_closure_2021-02-09,2020-12-31,2020-12,-4,0,0.1,561552|225|2021-02-09,0.2977980919928781,0.0
561749,225,2021-02-09,2021-02-18,10,treatment,1,0.36272615,0,dept_225_closure_2021-02-09,2020-12-31,2020-12,-4,0,0.2,561749|225|2021-02-09,-0.1943166580071219,0.0
561970,225,2021-02-09,2021-02-18,10,control,0,0.26292413,0,dept_225_closure_2021-02-09,2020-12-31,2020-12,-4,0,0.0,561970|225|2021-02-09,-0.29411867800712194,0.0
563192,225,2021-02-09,2021-02-18,10,control,0,0.99263245,1,dept_225_closure_2021-02-09,2020-12-31,2020-12,-4,0,0.5,563192|225|2021-02-09,0.4355896419928781,0.0
563542,225,2021-02-09,2021-02-18,10,control,0,0.37322673,0,dept_225_closure_2021-02-09,2020-12-31,2020-12,-4,0,0.2,563542|225|2021-02-09,-0.1838160780071219,0.0
563790,225,2021-02-09,2021-02-18,10,control,0,0.35640284,0,dept_225_closure_2021-02-09,2020-12-31,2020-12,-4,0,0.0,563790|225|2021-02-09,-0.20063996800712192,0.0
564310,225,2021-02-09,2021-02-18,10,control,0,0.53082335,1,dept_225_closure_2021-02-09,2020-12-31,2020-12,-4,0,0.0,564310|225|2021-02-09,-0.026219458007121887,0.0
564323,225,2021-02-09,2021-02-18,10,control,0,0.9151387,1,dept_225_closure_2021-02-09,2020-12-31,2020-12,-4,0,0.4,564323|225|2021-02-09,0.35809589199287806,0.0
564378,225,2021-02-09,2021-02-18,10,control,0,0.79580194,1,dept_225_closure_2021-02-09,2020-12-31,2020-12,-4,0,0.1,564378|225|2021-02-09,0.23875913199287813,0.0
564518,225,2021-02-09,2021-02-18,10,control,0,0.8406039,1,dept_225_closure_2021-02-09,2020-12-31,2020-12,-4,0,0.4,564518|225|2021-02-09,0.28356109199287804,0.0
565708,225,2021-02-09,2021-02-18,10,control,0,0.8249043,1,dept_225_closure_2021-02-09,2020-12-31,2020-12,-4,0,0.2,565708|225|2021-02-09,0.2678614919928781,0.0
566300,225,2021-02-09,2021-02-18,10,control,0,0.10058118,0,dept_225_closure_2021-02-09,2020-12-31,2020-12,-4,0,0.0,566300|225|2021-02-09,-0.4564616280071219,0.0
566787,225,2021-02-09,2021-02-18,10,control,0,0.24692543,0,dept_225_closure_2021-02-09,2020-12-31,2020-12,-4,0,0.0,566787|225|2021-02-09,-0.3101173780071219,0.0
567770,225,2021-02-09,2021-02-18,10,control,0,0.62877107,1,dept_225_closure_2021-02-09,2020-12-31,2020-12,-4,0,0.1,567770|225|2021-02-09,0.07172826199287807,0.0
571386,225,2021-02-09,2021-02-18,10,control,0,0.96353066,1,dept_225_closure_2021-02-09,2020-12-31,2020-12,-4,0,0.5,571386|225|2021-02-09,0.40648785199287807,0.0
572458,225,2021-02-09,2021-02-18,10,control,0,0.3980757,0,dept_225_closure_2021-02-09,2020-12-31,2020-12,-4,0,0.1,572458|225|2021-02-09,-0.15896710800712194,0.0
573090,225,2021-02-09,2021-02-18,10,control,0,0.5859904,1,dept_225_closure_2021-02-09,2020-12-31,2020-12,-4,0,0.0,573090|225|2021-02-09,0.028947591992878108,0.0
573893,225,2021-02-09,2021-02-18,10,control,0,0.9229414,1,dept_225_closure_2021-02-09,2020-12-31,2020-12,-4,0,0.0,573893|225|2021-02-09,0.3658985919928781,0.0
574692,225,2021-02-09,2021-02-18,10,treatment,1,0.7166413,1,dept_225_closure_2021-02-09,2020-12-31,2020-12,-4,0,0.0,574692|225|2021-02-09,0.15959849199287812,0.0
574768,225,2021-02-09,2021-02-18,10,control,0,0.17151837,0,dept_225_closure_2021-02-09,2020-12-31,2020-12,-4,0,0.0,574768|225|2021-02-09,-0.3855244380071219,0.0
576266,225,2021-02-09,2021-02-18,10,control,0,0.086030245,0,dept_225_closure_2021-02-09,2020-12-31,2020-12,-4,0,0.0,576266|225|2021-02-09,-0.4710125630071219,0.0
576524,225,2021-02-09,2021-02-18,10,control,0,0.7010925,1,dept_225_closure_2021-02-09,2020-12-31,2020-12,-4,0,0.1,576524|225|2021-02-09,0.1440496919928781,0.0
577047,225,2021-02-09,2021-02-18,10,control,0,0.30385533,0,dept_225_closure_2021-02-09,2020-12-31,2020-12,-4,0,0.0,577047|225|2021-02-09,-0.25318747800712194,0.0
577615,225,2021-02-09,2021-02-18,10,control,0,0.9983777,1,dept_225_closure_2021-02-09,2020-12-31,2020-12,-4,0,0.0,577615|225|2021-02-09,0.4413348919928781,0.0
578177,225,2021-02-09,2021-02-18,10,control,0,0.58630294,1,dept_225_closure_2021-02-09,2020-12-31,2020-12,-4,0,0.1,578177|225|2021-02-09,0.029260131992878136,0.0
579009,225,2021-02-09,2021-02-18,10,control,0,0.5416368,1,dept_225_closure_2021-02-09,2020-12-31,2020-12,-4,0,0.0,579009|225|2021-02-09,-0.015406008007121885,0.0
579184,225,2021-02-09,2021-02-18,10,control,0,0.9151821,1,dept_225_closure_2021-02-09,2020-12-31,2020-12,-4,0,0.0,579184|225|2021-02-09,0.3581392919928781,0.0
579185,225,2021-02-09,2021-02-18,10,control,0,0.036937717,0,dept_225_closure_2021-02-09,2020-12-31,2020-12,-4,0,0.0,579185|225|2021-02-09,-0.5201050910071219,0.0
579307,225,2021-02-09,2021-02-18,10,control,0,0.44333464,0,dept_225_closure_2021-02-09,2020-12-31,2020-12,-4,0,0.0,579307|225|2021-02-09,-0.11370816800712191,0.0
579513,225,2021-02-09,2021-02-18,10,control,0,0.1074986,0,dept_225_closure_2021-02-09,2020-12-31,2020-12,-4,0,0.0,579513|225|2021-02-09,-0.4495442080071219,0.0
580036,225,2021-02-09,2021-02-18,10,control,0,0.9754841,1,dept_225_closure_2021-02-09,2020-12-31,2020-12,-4,0,0.2,580036|225|2021-02-09,0.41844129199287805,0.0
581023,225,2021-02-09,2021-02-18,10,control,0,0.8595541,1,dept_225_closure_2021-02-09,2020-12-31,2020-12,-4,0,0.0,581023|225|2021-02-09,0.3025112919928781,0.0
581025,225,2021-02-09,2021-02-18,10,control,0,0.6973182,1,dept_225_closure_2021-02-09,2020-12-31,2020-12,-4,0,0.2,581025|225|2021-02-09,0.14027539199287808,0.0
582014,225,2021-02-09,2021-02-18,10,control,0,0.3974963,0,dept_225_closure_2021-02-09,2020-12-31,2020-12,-4,0,0.0,582014|225|2021-02-09,-0.1595465080071219,0.0
584199,225,2021-02-09,2021-02-18,10,treatment,1,0.27034467,0,dept_225_closure_2021-02-09,2020-12-31,2020-12,-4,0,0.1,584199|225|2021-02-09,-0.2866981380071219,0.0
585070,225,2021-02-09,2021-02-18,10,control,0,0.99814796,1,dept_225_closure_2021-02-09,2020-12-31,2020-12,-4,0,0.4,585070|225|2021-02-09,0.44110515199287803,0.0
585492,225,2021-02-09,2021-02-18,10,control,0,0.33447573,0,dept_225_closure_2021-02-09,2020-12-31,2020-12,-4,0,0.1,585492|225|2021-02-09,-0.2225670780071219,0.0
585655,225,2021-02-09,2021-02-18,10,control,0,0.35462213,0,dept_225_closure_2021-02-09,2020-12-31,2020-12,-4,0,0.0,585655|225|2021-02-09,-0.20242067800712193,0.0
585821,225,2021-02-09,2021-02-18,10,control,0,0.5222112,1,dept_225_closure_2021-02-09,2020-12-31,2020-12,-4,0,0.0,585821|225|2021-02-09,-0.03483160800712193,0.0
585917,225,2021-02-09,2021-02-18,10,treatment,1,0.7722433,1,dept_225_closure_2021-02-09,2020-12-31,2020-12,-4,0,0.0,585917|225|2021-02-09,0.21520049199287805,0.0
586381,225,2021-02-09,2021-02-18,10,control,0,0.6838527,1,dept_225_closure_2021-02-09,2020-12-31,2020-12,-4,0,0.0,586381|225|2021-02-09,0.12680989199287807,0.0
586838,225,2021-02-09,2021-02-18,10,control,0,0.09217,0,dept_225_closure_2021-02-09,2020-12-31,2020-12,-4,0,0.0,586838|225|2021-02-09,-0.46487280800712194,0.0
586917,225,2021-02-09,2021-02-18,10,control,0,0.8840651,1,dept_225_closure_2021-02-09,2020-12-31,2020-12,-4,0,0.1,586917|225|2021-02-09,0.32702229199287813,0.0
587297,225,2021-02-09,2021-02-18,10,control,0,0.6928022,1,dept_225_closure_2021-02-09,2020-12-31,2020-12,-4,0,0.0,587297|225|2021-02-09,0.13575939199287812,0.0
588026,225,2021-02-09,2021-02-18,10,control,0,0.88820606,1,dept_225_closure_2021-02-09,2020-12-31,2020-12,-4,0,0.0,588026|225|2021-02-09,0.3311632519928781,0.0
590947,225,2021-02-09,2021-02-18,10,control,0,0.36585534,0,dept_225_closure_2021-02-09,2020-12-31,2020-12,-4,0,0.0,590947|225|2021-02-09,-0.19118746800712194,0.0
591732,225,2021-02-09,2021-02-18,10,control,0,0.16594023,0,dept_225_closure_2021-02-09,2020-12-31,2020-12,-4,0,0.0,591732|225|2021-02-09,-0.3911025780071219,0.0
591781,225,2021-02-09,2021-02-18,10,treatment,1,0.9292462,1,dept_225_closure_2021-02-09,2020-12-31,2020-12,-4,0,0.1,591781|225|2021-02-09,0.3722033919928781,0.0
592312,225,2021-02-09,2021-02-18,10,control,0,0.4578142,0,dept_225_closure_2021-02-09,2020-12-31,2020-12,-4,0,0.0,592312|225|2021-02-09,-0.09922860800712191,0.0
594345,225,2021-02-09,2021-02-18,10,control,0,0.90433824,1,dept_225_closure_2021-02-09,2020-12-31,2020-12,-4,0,0.2,594345|225|2021-02-09,0.34729543199287805,0.0
596114,225,2021-02-09,2021-02-18,10,control,0,0.4531059,0,dept_225_closure_2021-02-09,2020-12-31,2020-12,-4,0,0.0,596114|225|2021-02-09,-0.10393690800712191,0.0
597674,225,2021-02-09,2021-02-18,10,control,0,0.49089986,0,dept_225_closure_2021-02-09,2020-12-31,2020-12,-4,0,0.1,597674|225|2021-02-09,-0.0661429480071219,0.0
598660,225,2021-02-09,2021-02-18,10,treatment,1,0.8296651,1,dept_225_closure_2021-02-09,2020-12-31,2020-12,-4,0,0.1,598660|225|2021-02-09,0.27262229199287813,0.0
600117,225,2021-02-09,2021-02-18,10,control,0,0.25992393,0,dept_225_closure_2021-02-09,2020-12-31,2020-12,-4,0,0.0,600117|225|2021-02-09,-0.2971188780071219,0.0
602666,225,2021-02-09,2021-02-18,10,control,0,0.73606884,1,dept_225_closure_2021-02-09,2020-12-31,2020-12,-4,0,0.1,602666|225|2021-02-09,0.17902603199287803,0.0
602851,225,2021-02-09,2021-02-18,10,control,0,0.13497908,0,dept_225_closure_2021-02-09,2020-12-31,2020-12,-4,0,0.1,602851|225|2021-02-09,-0.4220637280071219,0.0
603710,225,2021-02-09,2021-02-18,10,control,0,0.97727966,1,dept_225_closure_2021-02-09,2020-12-31,2020-12,-4,0,0.2,603710|225|2021-02-09,0.4202368519928781,0.0
604161,225,2021-02-09,2021-02-18,10,control,0,0.46132925,0,dept_225_closure_2021-02-09,2020-12-31,2020-12,-4,0,0.0,604161|225|2021-02-09,-0.09571355800712189,0.0
604570,225,2021-02-09,2021-02-18,10,control,0,0.4378647,0,dept_225_closure_2021-02-09,2020-12-31,2020-12,-4,0,0.0,604570|225|2021-02-09,-0.11917810800712192,0.0
604822,225,2021-02-09,2021-02-18,10,control,0,0.9733655,1,dept_225_closure_2021-02-09,2020-12-31,2020-12,-4,0,0.1,604822|225|2021-02-09,0.4163226919928781,0.0
605970,225,2021-02-09,2021-02-18,10,control,0,0.1305402,0,dept_225_closure_2021-02-09,2020-12-31,2020-12,-4,0,0.0,605970|225|2021-02-09,-0.4265026080071219,0.0
606706,225,2021-02-09,2021-02-18,10,control,0,0.95972395,1,dept_225_closure_2021-02-09,2020-12-31,2020-12,-4,0,0.1,606706|225|2021-02-09,0.4026811419928781,0.0
608501,225,2021-02-09,2021-02-18,10,control,0,0.50560063,1,dept_225_closure_2021-02-09,2020-12-31,2020-12,-4,0,0.0,608501|225|2021-02-09,-0.05144217800712192,0.0
610259,225,2021-02-09,2021-02-18,10,control,0,0.36856622,0,dept_225_closure_2021-02-09,2020-12-31,2020-12,-4,0,0.1,610259|225|2021-02-09,-0.18847658800712191,0.0
611223,225,2021-02-09,2021-02-18,10,control,0,0.96206176,1,dept_225_closure_2021-02-09,2020-12-31,2020-12,-4,0,0.0,611223|225|2021-02-09,0.4050189519928781,0.0
611759,225,2021-02-09,2021-02-18,10,control,0,0.06267964,0,dept_225_closure_2021-02-09,2020-12-31,2020-12,-4,0,0.0,611759|225|2021-02-09,-0.49436316800712193,0.0
611888,225,2021-02-09,2021-02-18,10,treatment,1,0.7637555,1,dept_225_closure_2021-02-09,2020-12-31,2020-12,-4,0,0.1,611888|225|2021-02-09,0.20671269199287812,0.0
616748,225,2021-02-09,2021-02-18,10,control,0,0.93410015,1,dept_225_closure_2021-02-09,2020-12-31,2020-12,-4,0,0.4,616748|225|2021-02-09,0.3770573419928781,0.0
620285,225,2021-02-09,2021-02-18,10,control,0,0.07193528,0,dept_225_closure_2021-02-09,2020-12-31,2020-12,-4,0,0.0,620285|225|2021-02-09,-0.4851075280071219,0.0
621701,225,2021-02-09,2021-02-18,10,control,0,0.8712767,1,dept_225_closure_2021-02-09,2020-12-31,2020-12,-4,0,0.2,621701|225|2021-02-09,0.3142338919928781,0.0
621703,225,2021-02-09,2021-02-18,10,control,0,0.8133465,1,dept_225_closure_2021-02-09,2020-12-31,2020-12,-4,0,0.2,621703|225|2021-02-09,0.25630369199287806,0.0
621708,225,2021-02-09,2021-02-18,10,control,0,0.9617935,1,dept_225_closure_2021-02-09,2020-12-31,2020-12,-4,0,0.1,621708|225|2021-02-09,0.40475069199287805,0.0
622002,225,2021-02-09,2021-02-18,10,control,0,0.6602533,1,dept_225_closure_2021-02-09,2020-12-31,2020-12,-4,0,0.1,622002|225|2021-02-09,0.10321049199287813,0.0
622452,225,2021-02-09,2021-02-18,10,control,0,0.42704433,0,dept_225_closure_2021-02-09,2020-12-31,2020-12,-4,0,0.1,622452|225|2021-02-09,-0.1299984780071219,0.0
624749,225,2021-02-09,2021-02-18,10,control,0,0.25263858,0,dept_225_closure_2021-02-09,2020-12-31,2020-12,-4,0,0.0,624749|225|2021-02-09,-0.3044042280071219,0.0
624852,225,2021-02-09,2021-02-18,10,treatment,1,0.4284098,0,dept_225_closure_2021-02-09,2020-12-31,2020-12,-4,0,0.0,624852|225|2021-02-09,-0.1286330080071219,0.0
625308,225,2021-02-09,2021-02-18,10,control,0,0.5906653,1,dept_225_closure_2021-02-09,2020-12-31,2020-12,-4,0,0.1,625308|225|2021-02-09,0.033622491992878034,0.0
625392,225,2021-02-09,2021-02-18,10,control,0,0.63225067,1,dept_225_closure_2021-02-09,2020-12-31,2020-12,-4,0,0.0,625392|225|2021-02-09,0.0752078619928781,0.0
625984,225,2021-02-09,2021-02-18,10,control,0,0.5534443,1,dept_225_closure_2021-02-09,2020-12-31,2020-12,-4,0,0.1,625984|225|2021-02-09,-0.0035985080071219144,0.0
627167,225,2021-02-09,2021-02-18,10,control,0,0.332687,0,dept_225_closure_2021-02-09,2020-12-31,2020-12,-4,0,0.1,627167|225|2021-02-09,-0.2243558080071219,0.0
627225,225,2021-02-09,2021-02-18,10,control,0,0.9010184,1,dept_225_closure_2021-02-09,2020-12-31,2020-12,-4,0,0.2,627225|225|2021-02-09,0.3439755919928781,0.0
627408,225,2021-02-09,2021-02-18,10,control,0,0.85890085,1,dept_225_closure_2021-02-09,2020-12-31,2020-12,-4,0,0.3,627408|225|2021-02-09,0.30185804199287813,0.0
627763,225,2021-02-09,2021-02-18,10,control,0,0.5826646,1,dept_225_closure_2021-02-09,2020-12-31,2020-12,-4,0,0.0,627763|225|2021-02-09,0.025621791992878062,0.0
628462,225,2021-02-09,2021-02-18,10,control,0,0.2905661,0,dept_225_closure_2021-02-09,2020-12-31,2020-12,-4,0,0.1,628462|225|2021-02-09,-0.2664767080071219,0.0
631042,225,2021-02-09,2021-02-18,10,treatment,1,0.82386595,1,dept_225_closure_2021-02-09,2020-12-31,2020-12,-4,0,0.3,631042|225|2021-02-09,0.26682314199287804,0.0
631725,225,2021-02-09,2021-02-18,10,control,0,0.27820736,0,dept_225_closure_2021-02-09,2020-12-31,2020-12,-4,0,0.0,631725|225|2021-02-09,-0.2788354480071219,0.0
632138,225,2021-02-09,2021-02-18,10,control,0,0.45328057,0,dept_225_closure_2021-02-09,2020-12-31,2020-12,-4,0,0.0,632138|225|2021-02-09,-0.10376223800712192,0.0
632258,225,2021-02-09,2021-02-18,10,control,0,0.9607414,1,dept_225_closure_2021-02-09,2020-12-31,2020-12,-4,0,0.3,632258|225|2021-02-09,0.40369859199287805,0.0
634605,225,2021-02-09,2021-02-18,10,control,0,0.8398513,1,dept_225_closure_2021-02-09,2020-12-31,2020-12,-4,0,0.2,634605|225|2021-02-09,0.28280849199287805,0.0
636399,225,2021-02-09,2021-02-18,10,control,0,0.8788353,1,dept_225_closure_2021-02-09,2020-12-31,2020-12,-4,0,0.1,636399|225|2021-02-09,0.32179249199287807,0.0
639151,225,2021-02-09,2021-02-18,10,control,0,0.039711274,0,dept_225_closure_2021-02-09,2020-12-31,2020-12,-4,0,0.1,639151|225|2021-02-09,-0.517331534007122,0.0
639396,225,2021-02-09,2021-02-18,10,control,0,0.111425295,0,dept_225_closure_2021-02-09,2020-12-31,2020-12,-4,0,0.0,639396|225|2021-02-09,-0.44561751300712193,0.0
639953,225,2021-02-09,2021-02-18,10,control,0,0.7804247,1,dept_225_closure_2021-02-09,2020-12-31,2020-12,-4,0,0.0,639953|225|2021-02-09,0.22338189199287806,0.0
640512,225,2021-02-09,2021-02-18,10,control,0,0.20313406,0,dept_225_closure_2021-02-09,2020-12-31,2020-12,-4,0,0.0,640512|225|2021-02-09,-0.3539087480071219,0.0
640845,225,2021-02-09,2021-02-18,10,control,0,0.99919397,1,dept_225_closure_2021-02-09,2020-12-31,2020-12,-4,0,0.5,640845|225|2021-02-09,0.4421511619928781,0.0
641789,225,2021-02-09,2021-02-18,10,control,0,0.46111363,0,dept_225_closure_2021-02-09,2020-12-31,2020-12,-4,0,0.0,641789|225|2021-02-09,-0.09592917800712192,0.0
642726,225,2021-02-09,2021-02-18,10,control,0,0.8754994,1,dept_225_closure_2021-02-09,2020-12-31,2020-12,-4,0,0.0,642726|225|2021-02-09,0.3184565919928781,0.0
642742,225,2021-02-09,2021-02-18,10,control,0,0.45168057,0,dept_225_closure_2021-02-09,2020-12-31,2020-12,-4,0,0.1,642742|225|2021-02-09,-0.10536223800712191,0.0
644630,225,2021-02-09,2021-02-18,10,control,0,0.23972027,0,dept_225_closure_2021-02-09,2020-12-31,2020-12,-4,0,0.0,644630|225|2021-02-09,-0.3173225380071219,0.0
644702,225,2021-02-09,2021-02-18,10,control,0,0.8360215,1,dept_225_closure_2021-02-09,2020-12-31,2020-12,-4,0,0.3,644702|225|2021-02-09,0.27897869199287806,0.0
645363,225,2021-02-09,2021-02-18,10,control,0,0.8725744,1,dept_225_closure_2021-02-09,2020-12-31,2020-12,-4,0,0.1,645363|225|2021-02-09,0.31553159199287806,0.0
645944,225,2021-02-09,2021-02-18,10,treatment,1,0.99819547,1,dept_225_closure_2021-02-09,2020-12-31,2020-12,-4,0,0.6,645944|225|2021-02-09,0.44115266199287806,0.0
646261,225,2021-02-09,2021-02-18,10,control,0,0.5575733,1,dept_225_closure_2021-02-09,2020-12-31,2020-12,-4,0,0.1,646261|225|2021-02-09,0.0005304919928781349,0.0
646657,225,2021-02-09,2021-02-18,10,treatment,1,0.21721593,0,dept_225_closure_2021-02-09,2020-12-31,2020-12,-4,0,0.0,646657|225|2021-02-09,-0.3398268780071219,0.0
649551,225,2021-02-09,2021-02-18,10,control,0,0.021113366,0,dept_225_closure_2021-02-09,2020-12-31,2020-12,-4,0,0.0,649551|225|2021-02-09,-0.5359294420071219,0.0
649840,225,2021-02-09,2021-02-18,10,control,0,0.67450595,1,dept_225_closure_2021-02-09,2020-12-31,2020-12,-4,0,0.1,649840|225|2021-02-09,0.1174631419928781,0.0
651091,225,2021-02-09,2021-02-18,10,control,0,0.5026581,1,dept_225_closure_2021-02-09,2020-12-31,2020-12,-4,0,0.0,651091|225|2021-02-09,-0.05438470800712192,0.0
651339,225,2021-02-09,2021-02-18,10,control,0,0.65272504,1,dept_225_closure_2021-02-09,2020-12-31,2020-12,-4,0,0.1,651339|225|2021-02-09,0.09568223199287806,0.0
651713,225,2021-02-09,2021-02-18,10,control,0,0.96742,1,dept_225_closure_2021-02-09,2020-12-31,2020-12,-4,0,0.2,651713|225|2021-02-09,0.41037719199287803,0.0
653758,225,2021-02-09,2021-02-18,10,control,0,0.5240128,1,dept_225_closure_2021-02-09,2020-12-31,2020-12,-4,0,0.1,653758|225|2021-02-09,-0.03303000800712197,0.0
654099,225,2021-02-09,2021-02-18,10,control,0,0.856423,1,dept_225_closure_2021-02-09,2020-12-31,2020-12,-4,0,0.1,654099|225|2021-02-09,0.29938019199287813,0.0
654850,225,2021-02-09,2021-02-18,10,control,0,0.019117346,0,dept_225_closure_2021-02-09,2020-12-31,2020-12,-4,0,0.0,654850|225|2021-02-09,-0.5379254620071219,0.0
655704,225,2021-02-09,2021-02-18,10,control,0,0.6690431,1,dept_225_closure_2021-02-09,2020-12-31,2020-12,-4,0,0.0,655704|225|2021-02-09,0.11200029199287809,0.0
656521,225,2021-02-09,2021-02-18,10,treatment,1,0.04669351,0,dept_225_closure_2021-02-09,2020-12-31,2020-12,-4,0,0.0,656521|225|2021-02-09,-0.5103492980071219,0.0
658662,225,2021-02-09,2021-02-18,10,control,0,0.53507197,1,dept_225_closure_2021-02-09,2020-12-31,2020-12,-4,0,0.0,658662|225|2021-02-09,-0.021970838007121962,0.0
659493,225,2021-02-09,2021-02-18,10,control,0,0.42869598,0,dept_225_closure_2021-02-09,2020-12-31,2020-12,-4,0,0.1,659493|225|2021-02-09,-0.12834682800712194,0.0
659772,225,2021-02-09,2021-02-18,10,control,0,0.39867225,0,dept_225_closure_2021-02-09,2020-12-31,2020-12,-4,0,0.0,659772|225|2021-02-09,-0.1583705580071219,0.0
659815,225,2021-02-09,2021-02-18,10,control,0,0.9385042,1,dept_225_closure_2021-02-09,2020-12-31,2020-12,-4,0,0.2,659815|225|2021-02-09,0.3814613919928781,0.0
659817,225,2021-02-09,2021-02-18,10,control,0,0.3824475,0,dept_225_closure_2021-02-09,2020-12-31,2020-12,-4,0,0.2,659817|225|2021-02-09,-0.17459530800712192,0.0
660265,225,2021-02-09,2021-02-18,10,treatment,1,0.9978644,1,dept_225_closure_2021-02-09,2020-12-31,2020-12,-4,0,0.4,660265|225|2021-02-09,0.44082159199287807,0.0
660305,225,2021-02-09,2021-02-18,10,control,0,0.96064216,1,dept_225_closure_2021-02-09,2020-12-31,2020-12,-4,0,0.2,660305|225|2021-02-09,0.4035993519928781,0.0
661284,225,2021-02-09,2021-02-18,10,control,0,0.07477712,0,dept_225_closure_2021-02-09,2020-12-31,2020-12,-4,0,0.0,661284|225|2021-02-09,-0.4822656880071219,0.0
662869,225,2021-02-09,2021-02-18,10,control,0,0.32152742,0,dept_225_closure_2021-02-09,2020-12-31,2020-12,-4,0,0.1,662869|225|2021-02-09,-0.2355153880071219,0.0
663102,225,2021-02-09,2021-02-18,10,control,0,0.9994822,1,dept_225_closure_2021-02-09,2020-12-31,2020-12,-4,0,0.5,663102|225|2021-02-09,0.4424393919928781,0.0
663426,225,2021-02-09,2021-02-18,10,control,0,0.7689014,1,dept_225_closure_2021-02-09,2020-12-31,2020-12,-4,0,0.1,663426|225|2021-02-09,0.21185859199287804,0.0
664086,225,2021-02-09,2021-02-18,10,treatment,1,0.9762654,1,dept_225_closure_2021-02-09,2020-12-31,2020-12,-4,0,0.6,664086|225|2021-02-09,0.41922259199287804,0.0
665178,225,2021-02-09,2021-02-18,10,control,0,0.9335816,1,dept_225_closure_2021-02-09,2020-12-31,2020-12,-4,0,0.1,665178|225|2021-02-09,0.3765387919928781,0.0
666035,225,2021-02-09,2021-02-18,10,control,0,0.12785643,0,dept_225_closure_2021-02-09,2020-12-31,2020-12,-4,0,0.0,666035|225|2021-02-09,-0.4291863780071219,0.0
667668,225,2021-02-09,2021-02-18,10,control,0,0.99883133,1,dept_225_closure_2021-02-09,2020-12-31,2020-12,-4,0,0.6,667668|225|2021-02-09,0.4417885219928781,0.0
667898,225,2021-02-09,2021-02-18,10,treatment,1,0.4353089,0,dept_225_closure_2021-02-09,2020-12-31,2020-12,-4,0,0.0,667898|225|2021-02-09,-0.12173390800712192,0.0
668285,225,2021-02-09,2021-02-18,10,treatment,1,0.5645258,1,dept_225_closure_2021-02-09,2020-12-31,2020-12,-4,0,0.1,668285|225|2021-02-09,0.007482991992878052,0.0
668291,225,2021-02-09,2021-02-18,10,control,0,0.6522144,1,dept_225_closure_2021-02-09,2020-12-31,2020-12,-4,0,0.1,668291|225|2021-02-09,0.09517159199287806,0.0
669422,225,2021-02-09,2021-02-18,10,control,0,0.67992234,1,dept_225_closure_2021-02-09,2020-12-31,2020-12,-4,0,0.1,669422|225|2021-02-09,0.12287953199287804,0.0
669423,225,2021-02-09,2021-02-18,10,control,0,0.7847244,1,dept_225_closure_2021-02-09,2020-12-31,2020-12,-4,0,0.2,669423|225|2021-02-09,0.22768159199287807,0.0
670295,225,2021-02-09,2021-02-18,10,control,0,0.41161156,0,dept_225_closure_2021-02-09,2020-12-31,2020-12,-4,0,0.0,670295|225|2021-02-09,-0.14543124800712193,0.0
670764,225,2021-02-09,2021-02-18,10,control,0,0.30633968,0,dept_225_closure_2021-02-09,2020-12-31,2020-12,-4,0,0.0,670764|225|2021-02-09,-0.2507031280071219,0.0
671754,225,2021-02-09,2021-02-18,10,control,0,0.6846134,1,dept_225_closure_2021-02-09,2020-12-31,2020-12,-4,0,0.1,671754|225|2021-02-09,0.12757059199287812,0.0
671815,225,2021-02-09,2021-02-18,10,control,0,0.9897882,1,dept_225_closure_2021-02-09,2020-12-31,2020-12,-4,0,0.3,671815|225|2021-02-09,0.4327453919928781,0.0
673621,225,2021-02-09,2021-02-18,10,treatment,1,0.7729736,1,dept_225_closure_2021-02-09,2020-12-31,2020-12,-4,0,0.0,673621|225|2021-02-09,0.21593079199287812,0.0
674341,225,2021-02-09,2021-02-18,10,treatment,1,0.8209035,1,dept_225_closure_2021-02-09,2020-12-31,2020-12,-4,0,0.5,674341|225|2021-02-09,0.2638606919928781,0.0
674672,225,2021-02-09,2021-02-18,10,control,0,0.34065872,0,dept_225_closure_2021-02-09,2020-12-31,2020-12,-4,0,0.1,674672|225|2021-02-09,-0.2163840880071219,0.0
674694,225,2021-02-09,2021-02-18,10,control,0,0.19335683,0,dept_225_closure_2021-02-09,2020-12-31,2020-12,-4,0,0.2,674694|225|2021-02-09,-0.3636859780071219,0.0
675858,225,2021-02-09,2021-02-18,10,control,0,0.8422513,1,dept_225_closure_2021-02-09,2020-12-31,2020-12,-4,0,0.1,675858|225|2021-02-09,0.2852084919928781,0.0
676812,225,2021-02-09,2021-02-18,10,control,0,0.99570435,1,dept_225_closure_2021-02-09,2020-12-31,2020-12,-4,0,0.5,676812|225|2021-02-09,0.4386615419928781,0.0
677026,225,2021-02-09,2021-02-18,10,control,0,0.7089428,1,dept_225_closure_2021-02-09,2020-12-31,2020-12,-4,0,0.0,677026|225|2021-02-09,0.15189999199287807,0.0
677257,225,2021-02-09,2021-02-18,10,control,0,0.975809,1,dept_225_closure_2021-02-09,2020-12-31,2020-12,-4,0,0.3,677257|225|2021-02-09,0.4187661919928781,0.0
678901,225,2021-02-09,2021-02-18,10,control,0,0.9979645,1,dept_225_closure_2021-02-09,2020-12-31,2020-12,-4,0,0.2,678901|225|2021-02-09,0.4409216919928781,0.0
679712,225,2021-02-09,2021-02-18,10,control,0,0.81729364,1,dept_225_closure_2021-02-09,2020-12-31,2020-12,-4,0,0.1,679712|225|2021-02-09,0.26025083199287813,0.0
681513,225,2021-02-09,2021-02-18,10,control,0,0.059593797,0,dept_225_closure_2021-02-09,2020-12-31,2020-12,-4,0,0.0,681513|225|2021-02-09,-0.4974490110071219,0.0
684601,225,2021-02-09,2021-02-18,10,control,0,0.61403507,1,dept_225_closure_2021-02-09,2020-12-31,2020-12,-4,0,0.1,684601|225|2021-02-09,0.0569922619928781,0.0
687008,225,2021-02-09,2021-02-18,10,control,0,0.5195646,1,dept_225_closure_2021-02-09,2020-12-31,2020-12,-4,0,0.1,687008|225|2021-02-09,-0.03747820800712187,0.0
687150,225,2021-02-09,2021-02-18,10,control,0,0.876868,1,dept_225_closure_2021-02-09,2020-12-31,2020-12,-4,0,0.0,687150|225|2021-02-09,0.31982519199287807,0.0
687897,225,2021-02-09,2021-02-18,10,control,0,0.21601102,0,dept_225_closure_2021-02-09,2020-12-31,2020-12,-4,0,0.0,687897|225|2021-02-09,-0.3410317880071219,0.0
688637,225,2021-02-09,2021-02-18,10,control,0,0.7733657,1,dept_225_closure_2021-02-09,2020-12-31,2020-12,-4,0,0.1,688637|225|2021-02-09,0.21632289199287813,0.0
690589,225,2021-02-09,2021-02-18,10,control,0,0.5553213,1,dept_225_closure_2021-02-09,2020-12-31,2020-12,-4,0,0.0,690589|225|2021-02-09,-0.0017215080071218969,0.0
691229,225,2021-02-09,2021-02-18,10,treatment,1,0.89693713,1,dept_225_closure_2021-02-09,2020-12-31,2020-12,-4,0,0.0,691229|225|2021-02-09,0.33989432199287806,0.0
691713,225,2021-02-09,2021-02-18,10,control,0,0.8633706,1,dept_225_closure_2021-02-09,2020-12-31,2020-12,-4,0,0.1,691713|225|2021-02-09,0.3063277919928781,0.0
693271,225,2021-02-09,2021-02-18,10,control,0,0.12999293,0,dept_225_closure_2021-02-09,2020-12-31,2020-12,-4,0,0.0,693271|225|2021-02-09,-0.4270498780071219,0.0
695757,225,2021-02-09,2021-02-18,10,control,0,0.13072701,0,dept_225_closure_2021-02-09,2020-12-31,2020-12,-4,0,0.0,695757|225|2021-02-09,-0.42631579800712194,0.0
696610,225,2021-02-09,2021-02-18,10,control,0,0.1768223,0,dept_225_closure_2021-02-09,2020-12-31,2020-12,-4,0,0.0,696610|225|2021-02-09,-0.3802205080071219,0.0
697233,225,2021-02-09,2021-02-18,10,control,0,0.94105333,1,dept_225_closure_2021-02-09,2020-12-31,2020-12,-4,0,0.1,697233|225|2021-02-09,0.3840105219928781,0.0
697512,225,2021-02-09,2021-02-18,10,control,0,0.5605776,1,dept_225_closure_2021-02-09,2020-12-31,2020-12,-4,0,0.1,697512|225|2021-02-09,0.0035347919928780946,0.0
697894,225,2021-02-09,2021-02-18,10,control,0,0.79817176,1,dept_225_closure_2021-02-09,2020-12-31,2020-12,-4,0,0.2,697894|225|2021-02-09,0.2411289519928781,0.0
697973,225,2021-02-09,2021-02-18,10,control,0,0.18501806,0,dept_225_closure_2021-02-09,2020-12-31,2020-12,-4,0,0.0,697973|225|2021-02-09,-0.37202474800712193,0.0
701848,225,2021-02-09,2021-02-18,10,control,0,0.8108951,1,dept_225_closure_2021-02-09,2020-12-31,2020-12,-4,0,0.0,701848|225|2021-02-09,0.25385229199287807,0.0
702986,225,2021-02-09,2021-02-18,10,control,0,0.1872149,0,dept_225_closure_2021-02-09,2020-12-31,2020-12,-4,0,0.0,702986|225|2021-02-09,-0.36982790800712195,0.0
703120,225,2021-02-09,2021-02-18,10,control,0,0.85229796,1,dept_225_closure_2021-02-09,2020-12-31,2020-12,-4,0,0.0,703120|225|2021-02-09,0.2952551519928781,0.0
704201,225,2021-02-09,2021-02-18,10,control,0,0.94005144,1,dept_225_closure_2021-02-09,2020-12-31,2020-12,-4,0,0.1,704201|225|2021-02-09,0.38300863199287805,0.0
704382,225,2021-02-09,2021-02-18,10,treatment,1,0.016092248,0,dept_225_closure_2021-02-09,2020-12-31,2020-12,-4,0,0.0,704382|225|2021-02-09,-0.5409505600071219,0.0
705285,225,2021-02-09,2021-02-18,10,control,0,0.15315053,0,dept_225_closure_2021-02-09,2020-12-31,2020-12,-4,0,0.0,705285|225|2021-02-09,-0.4038922780071219,0.0
708489,225,2021-02-09,2021-02-18,10,control,0,0.7237068,1,dept_225_closure_2021-02-09,2020-12-31,2020-12,-4,0,0.0,708489|225|2021-02-09,0.16666399199287807,0.0
708585,225,2021-02-09,2021-02-18,10,control,0,0.19762886,0,dept_225_closure_2021-02-09,2020-12-31,2020-12,-4,0,0.0,708585|225|2021-02-09,-0.3594139480071219,0.0
708791,225,2021-02-09,2021-02-18,10,treatment,1,0.1377391,0,dept_225_closure_2021-02-09,2020-12-31,2020-12,-4,0,0.1,708791|225|2021-02-09,-0.4193037080071219,0.0
708892,225,2021-02-09,2021-02-18,10,control,0,0.18430051,0,dept_225_closure_2021-02-09,2020-12-31,2020-12,-4,0,0.0,708892|225|2021-02-09,-0.3727422980071219,0.0
711028,225,2021-02-09,2021-02-18,10,control,0,0.8355796,1,dept_225_closure_2021-02-09,2020-12-31,2020-12,-4,0,0.0,711028|225|2021-02-09,0.27853679199287806,0.0
711047,225,2021-02-09,2021-02-18,10,control,0,0.034083992,0,dept_225_closure_2021-02-09,2020-12-31,2020-12,-4,0,0.0,711047|225|2021-02-09,-0.5229588160071219,0.0
713527,225,2021-02-09,2021-02-18,10,control,0,0.09292669,0,dept_225_closure_2021-02-09,2020-12-31,2020-12,-4,0,0.0,713527|225|2021-02-09,-0.46411611800712194,0.0
713855,225,2021-02-09,2021-02-18,10,control,0,0.85167867,1,dept_225_closure_2021-02-09,2020-12-31,2020-12,-4,0,0.3,713855|225|2021-02-09,0.29463586199287806,0.0
713958,225,2021-02-09,2021-02-18,10,control,0,0.49726006,0,dept_225_closure_2021-02-09,2020-12-31,2020-12,-4,0,0.1,713958|225|2021-02-09,-0.05978274800712191,0.0
715131,225,2021-02-09,2021-02-18,10,control,0,0.92389244,1,dept_225_closure_2021-02-09,2020-12-31,2020-12,-4,0,0.2,715131|225|2021-02-09,0.3668496319928781,0.0
716396,225,2021-02-09,2021-02-18,10,control,0,0.8428176,1,dept_225_closure_2021-02-09,2020-12-31,2020-12,-4,0,0.5,716396|225|2021-02-09,0.28577479199287803,0.0
717293,225,2021-02-09,2021-02-18,10,control,0,0.25332803,0,dept_225_closure_2021-02-09,2020-12-31,2020-12,-4,0,0.1,717293|225|2021-02-09,-0.30371477800712193,0.0
718498,225,2021-02-09,2021-02-18,10,control,0,0.601293,1,dept_225_closure_2021-02-09,2020-12-31,2020-12,-4,0,0.2,718498|225|2021-02-09,0.04425019199287805,0.0
718943,225,2021-02-09,2021-02-18,10,control,0,0.22585094,0,dept_225_closure_2021-02-09,2020-12-31,2020-12,-4,0,0.1,718943|225|2021-02-09,-0.3311918680071219,0.0
723445,225,2021-02-09,2021-02-18,10,control,0,0.8507281,1,dept_225_closure_2021-02-09,2020-12-31,2020-12,-4,0,0.3,723445|225|2021-02-09,0.2936852919928781,0.0
723556,225,2021-02-09,2021-02-18,10,control,0,0.24095523,0,dept_225_closure_2021-02-09,2020-12-31,2020-12,-4,0,0.0,723556|225|2021-02-09,-0.31608757800712195,0.0
723737,225,2021-02-09,2021-02-18,10,treatment,1,0.70999473,1,dept_225_closure_2021-02-09,2020-12-31,2020-12,-4,0,0.2,723737|225|2021-02-09,0.1529519219928781,0.0
723885,225,2021-02-09,2021-02-18,10,control,0,0.39465505,0,dept_225_closure_2021-02-09,2020-12-31,2020-12,-4,0,0.0,723885|225|2021-02-09,-0.1623877580071219,0.0
724040,225,2021-02-09,2021-02-18,10,treatment,1,0.9974916,1,dept_225_closure_2021-02-09,2020-12-31,2020-12,-4,0,0.6,724040|225|2021-02-09,0.4404487919928781,0.0
725308,225,2021-02-09,2021-02-18,10,control,0,0.78447884,1,dept_225_closure_2021-02-09,2020-12-31,2020-12,-4,0,0.0,725308|225|2021-02-09,0.2274360319928781,0.0
727705,225,2021-02-09,2021-02-18,10,control,0,0.05598491,0,dept_225_closure_2021-02-09,2020-12-31,2020-12,-4,0,0.1,727705|225|2021-02-09,-0.5010578980071219,0.0
730581,225,2021-02-09,2021-02-18,10,control,0,0.72781026,1,dept_225_closure_2021-02-09,2020-12-31,2020-12,-4,0,0.2,730581|225|2021-02-09,0.17076745199287813,0.0
733149,225,2021-02-09,2021-02-18,10,control,0,0.075182885,0,dept_225_closure_2021-02-09,2020-12-31,2020-12,-4,0,0.0,733149|225|2021-02-09,-0.4818599230071219,0.0
733211,225,2021-02-09,2021-02-18,10,treatment,1,0.9522906,1,dept_225_closure_2021-02-09,2020-12-31,2020-12,-4,0,0.2,733211|225|2021-02-09,0.3952477919928781,0.0
734143,225,2021-02-09,2021-02-18,10,control,0,0.46848992,0,dept_225_closure_2021-02-09,2020-12-31,2020-12,-4,0,0.2,734143|225|2021-02-09,-0.08855288800712191,0.0
735208,225,2021-02-09,2021-02-18,10,control,0,0.731714,1,dept_225_closure_2021-02-09,2020-12-31,2020-12,-4,0,0.1,735208|225|2021-02-09,0.17467119199287806,0.0
735282,225,2021-02-09,2021-02-18,10,control,0,0.6528534,1,dept_225_closure_2021-02-09,2020-12-31,2020-12,-4,0,0.2,735282|225|2021-02-09,0.09581059199287811,0.0
735610,225,2021-02-09,2021-02-18,10,control,0,0.5116996,1,dept_225_closure_2021-02-09,2020-12-31,2020-12,-4,0,0.0,735610|225|2021-02-09,-0.04534320800712188,0.0
735616,225,2021-02-09,2021-02-18,10,control,0,0.14503029,0,dept_225_closure_2021-02-09,2020-12-31,2020-12,-4,0,0.1,735616|225|2021-02-09,-0.4120125180071219,0.0
735993,225,2021-02-09,2021-02-18,10,control,0,0.4518877,0,dept_225_closure_2021-02-09,2020-12-31,2020-12,-4,0,0.1,735993|225|2021-02-09,-0.10515510800712191,0.0
736071,225,2021-02-09,2021-02-18,10,control,0,0.28720596,0,dept_225_closure_2021-02-09,2020-12-31,2020-12,-4,0,0.2,736071|225|2021-02-09,-0.26983684800712193,0.0
736993,225,2021-02-09,2021-02-18,10,control,0,0.44273984,0,dept_225_closure_2021-02-09,2020-12-31,2020-12,-4,0,0.0,736993|225|2021-02-09,-0.11430296800712192,0.0
737299,225,2021-02-09,2021-02-18,10,control,0,0.906086,1,dept_225_closure_2021-02-09,2020-12-31,2020-12,-4,0,0.1,737299|225|2021-02-09,0.34904319199287803,0.0
737337,225,2021-02-09,2021-02-18,10,control,0,0.9937168,1,dept_225_closure_2021-02-09,2020-12-31,2020-12,-4,0,0.4,737337|225|2021-02-09,0.43667399199287804,0.0
737407,225,2021-02-09,2021-02-18,10,control,0,0.7900126,1,dept_225_closure_2021-02-09,2020-12-31,2020-12,-4,0,0.3,737407|225|2021-02-09,0.23296979199287804,0.0
737545,225,2021-02-09,2021-02-18,10,control,0,0.9986482,1,dept_225_closure_2021-02-09,2020-12-31,2020-12,-4,0,0.3,737545|225|2021-02-09,0.44160539199287807,0.0
737560,225,2021-02-09,2021-02-18,10,control,0,0.30817884,0,dept_225_closure_2021-02-09,2020-12-31,2020-12,-4,0,0.0,737560|225|2021-02-09,-0.2488639680071219,0.0
737581,225,2021-02-09,2021-02-18,10,control,0,0.79217803,1,dept_225_closure_2021-02-09,2020-12-31,2020-12,-4,0,0.2,737581|225|2021-02-09,0.23513522199287806,0.0
737722,225,2021-02-09,2021-02-18,10,control,0,0.97656333,1,dept_225_closure_2021-02-09,2020-12-31,2020-12,-4,0,0.3,737722|225|2021-02-09,0.41952052199287804,0.0
737761,225,2021-02-09,2021-02-18,10,control,0,0.007338932,0,dept_225_closure_2021-02-09,2020-12-31,2020-12,-4,0,0.0,737761|225|2021-02-09,-0.5497038760071219,0.0
739335,225,2021-02-09,2021-02-18,10,control,0,0.469756,0,dept_225_closure_2021-02-09,2020-12-31,2020-12,-4,0,0.1,739335|225|2021-02-09,-0.08728680800712191,0.0
740494,225,2021-02-09,2021-02-18,10,control,0,0.7680001,1,dept_225_closure_2021-02-09,2020-12-31,2020-12,-4,0,0.1,740494|225|2021-02-09,0.21095729199287805,0.0
740969,225,2021-02-09,2021-02-18,10,treatment,1,0.10188658,0,dept_225_closure_2021-02-09,2020-12-31,2020-12,-4,0,0.0,740969|225|2021-02-09,-0.4551562280071219,0.0
741243,225,2021-02-09,2021-02-18,10,control,0,0.30559075,0,dept_225_closure_2021-02-09,2020-12-31,2020-12,-4,0,0.2,741243|225|2021-02-09,-0.2514520580071219,0.0
741354,225,2021-02-09,2021-02-18,10,control,0,0.13810001,0,dept_225_closure_2021-02-09,2020-12-31,2020-12,-4,0,0.0,741354|225|2021-02-09,-0.4189427980071219,0.0
742991,225,2021-02-09,2021-02-18,10,control,0,0.89868057,1,dept_225_closure_2021-02-09,2020-12-31,2020-12,-4,0,0.3,742991|225|2021-02-09,0.3416377619928781,0.0
744097,225,2021-02-09,2021-02-18,10,control,0,0.7507349,1,dept_225_closure_2021-02-09,2020-12-31,2020-12,-4,0,0.4,744097|225|2021-02-09,0.19369209199287807,0.0
744787,225,2021-02-09,2021-02-18,10,control,0,0.07117133,0,dept_225_closure_2021-02-09,2020-12-31,2020-12,-4,0,0.0,744787|225|2021-02-09,-0.48587147800712194,0.0
749239,225,2021-02-09,2021-02-18,10,control,0,0.5890847,1,dept_225_closure_2021-02-09,2020-12-31,2020-12,-4,0,0.3,749239|225|2021-02-09,0.0320418919928781,0.0
749366,225,2021-02-09,2021-02-18,10,control,0,0.79701763,1,dept_225_closure_2021-02-09,2020-12-31,2020-12,-4,0,0.4,749366|225|2021-02-09,0.23997482199287812,0.0
750714,225,2021-02-09,2021-02-18,10,control,0,0.9721577,1,dept_225_closure_2021-02-09,2020-12-31,2020-12,-4,0,0.2,750714|225|2021-02-09,0.4151148919928781,0.0
752281,225,2021-02-09,2021-02-18,10,control,0,0.523927,1,dept_225_closure_2021-02-09,2020-12-31,2020-12,-4,0,0.2,752281|225|2021-02-09,-0.03311580800712188,0.0
752755,225,2021-02-09,2021-02-18,10,treatment,1,0.43572357,0,dept_225_closure_2021-02-09,2020-12-31,2020-12,-4,0,0.1,752755|225|2021-02-09,-0.12131923800712191,0.0
753422,225,2021-02-09,2021-02-18,10,control,0,0.99361503,1,dept_225_closure_2021-02-09,2020-12-31,2020-12,-4,0,0.6,753422|225|2021-02-09,0.43657222199287804,0.0
754569,225,2021-02-09,2021-02-18,10,control,0,0.7355976,1,dept_225_closure_2021-02-09,2020-12-31,2020-12,-4,0,0.0,754569|225|2021-02-09,0.17855479199287805,0.0
754608,225,2021-02-09,2021-02-18,10,treatment,1,0.27942598,0,dept_225_closure_2021-02-09,2020-12-31,2020-12,-4,0,0.2,754608|225|2021-02-09,-0.2776168280071219,0.0
754781,225,2021-02-09,2021-02-18,10,control,0,0.65508896,1,dept_225_closure_2021-02-09,2020-12-31,2020-12,-4,0,0.0,754781|225|2021-02-09,0.09804615199287814,0.0
755519,225,2021-02-09,2021-02-18,10,control,0,0.9875329,1,dept_225_closure_2021-02-09,2020-12-31,2020-12,-4,0,0.3,755519|225|2021-02-09,0.43049009199287813,0.0
756072,225,2021-02-09,2021-02-18,10,control,0,0.91919154,1,dept_225_closure_2021-02-09,2020-12-31,2020-12,-4,0,0.2,756072|225|2021-02-09,0.3621487319928781,0.0
756199,225,2021-02-09,2021-02-18,10,control,0,0.11504102,0,dept_225_closure_2021-02-09,2020-12-31,2020-12,-4,0,0.0,756199|225|2021-02-09,-0.4420017880071219,0.0
756502,225,2021-02-09,2021-02-18,10,control,0,0.3910325,0,dept_225_closure_2021-02-09,2020-12-31,2020-12,-4,0,0.0,756502|225|2021-02-09,-0.1660103080071219,0.0
756971,225,2021-02-09,2021-02-18,10,control,0,0.2952949,0,dept_225_closure_2021-02-09,2020-12-31,2020-12,-4,0,0.1,756971|225|2021-02-09,-0.2617479080071219,0.0
757056,225,2021-02-09,2021-02-18,10,control,0,0.42773086,0,dept_225_closure_2021-02-09,2020-12-31,2020-12,-4,0,0.0,757056|225|2021-02-09,-0.12931194800712192,0.0
757357,225,2021-02-09,2021-02-18,10,control,0,0.36798954,0,dept_225_closure_2021-02-09,2020-12-31,2020-12,-4,0,0.0,757357|225|2021-02-09,-0.1890532680071219,0.0
758063,225,2021-02-09,2021-02-18,10,control,0,0.3986683,0,dept_225_closure_2021-02-09,2020-12-31,2020-12,-4,0,0.1,758063|225|2021-02-09,-0.15837450800712194,0.0
759517,225,2021-02-09,2021-02-18,10,treatment,1,0.5149611,1,dept_225_closure_2021-02-09,2020-12-31,2020-12,-4,0,0.1,759517|225|2021-02-09,-0.042081708007121965,0.0
759625,225,2021-02-09,2021-02-18,10,control,0,0.9922122,1,dept_225_closure_2021-02-09,2020-12-31,2020-12,-4,0,0.5,759625|225|2021-02-09,0.4351693919928781,0.0
760335,225,2021-02-09,2021-02-18,10,control,0,0.9141567,1,dept_225_closure_2021-02-09,2020-12-31,2020-12,-4,0,0.3,760335|225|2021-02-09,0.35711389199287813,0.0
760715,225,2021-02-09,2021-02-18,10,control,0,0.5291001,1,dept_225_closure_2021-02-09,2020-12-31,2020-12,-4,0,0.0,760715|225|2021-02-09,-0.027942708007121952,0.0
761698,225,2021-02-09,2021-02-18,10,control,0,0.8022312,1,dept_225_closure_2021-02-09,2020-12-31,2020-12,-4,0,0.4,761698|225|2021-02-09,0.24518839199287812,0.0
762486,225,2021-02-09,2021-02-18,10,control,0,0.9525126,1,dept_225_closure_2021-02-09,2020-12-31,2020-12,-4,0,0.0,762486|225|2021-02-09,0.39546979199287813,0.0
763102,225,2021-02-09,2021-02-18,10,control,0,0.2966211,0,dept_225_closure_2021-02-09,2020-12-31,2020-12,-4,0,0.0,763102|225|2021-02-09,-0.2604217080071219,0.0
763597,225,2021-02-09,2021-02-18,10,control,0,0.48588014,0,dept_225_closure_2021-02-09,2020-12-31,2020-12,-4,0,0.1,763597|225|2021-02-09,-0.0711626680071219,0.0
764652,225,2021-02-09,2021-02-18,10,control,0,0.9702867,1,dept_225_closure_2021-02-09,2020-12-31,2020-12,-4,0,0.2,764652|225|2021-02-09,0.41324389199287803,0.0
764896,225,2021-02-09,2021-02-18,10,control,0,0.7929486,1,dept_225_closure_2021-02-09,2020-12-31,2020-12,-4,0,0.1,764896|225|2021-02-09,0.2359057919928781,0.0
765787,225,2021-02-09,2021-02-18,10,control,0,0.6652048,1,dept_225_closure_2021-02-09,2020-12-31,2020-12,-4,0,0.0,765787|225|2021-02-09,0.10816199199287813,0.0
766235,225,2021-02-09,2021-02-18,10,control,0,0.23883905,0,dept_225_closure_2021-02-09,2020-12-31,2020-12,-4,0,0.0,766235|225|2021-02-09,-0.3182037580071219,0.0
766771,225,2021-02-09,2021-02-18,10,control,0,0.9949444,1,dept_225_closure_2021-02-09,2020-12-31,2020-12,-4,0,0.2,766771|225|2021-02-09,0.43790159199287804,0.0
767847,225,2021-02-09,2021-02-18,10,control,0,0.6813335,1,dept_225_closure_2021-02-09,2020-12-31,2020-12,-4,0,0.2,767847|225|2021-02-09,0.12429069199287812,0.0
769437,225,2021-02-09,2021-02-18,10,control,0,0.64949113,1,dept_225_closure_2021-02-09,2020-12-31,2020-12,-4,0,0.1,769437|225|2021-02-09,0.09244832199287811,0.0
769863,225,2021-02-09,2021-02-18,10,treatment,1,0.6316026,1,dept_225_closure_2021-02-09,2020-12-31,2020-12,-4,0,0.0,769863|225|2021-02-09,0.0745597919928781,0.0
770360,225,2021-02-09,2021-02-18,10,control,0,0.43682277,0,dept_225_closure_2021-02-09,2020-12-31,2020-12,-4,0,0.0,770360|225|2021-02-09,-0.12022003800712189,0.0
771383,225,2021-02-09,2021-02-18,10,control,0,0.5376364,1,dept_225_closure_2021-02-09,2020-12-31,2020-12,-4,0,0.1,771383|225|2021-02-09,-0.0194064080071219,0.0
771652,225,2021-02-09,2021-02-18,10,control,0,0.3963786,0,dept_225_closure_2021-02-09,2020-12-31,2020-12,-4,0,0.0,771652|225|2021-02-09,-0.1606642080071219,0.0
771796,225,2021-02-09,2021-02-18,10,control,0,0.59382474,1,dept_225_closure_2021-02-09,2020-12-31,2020-12,-4,0,0.4,771796|225|2021-02-09,0.03678193199287805,0.0
772803,225,2021-02-09,2021-02-18,10,control,0,0.29600552,0,dept_225_closure_2021-02-09,2020-12-31,2020-12,-4,0,0.0,772803|225|2021-02-09,-0.2610372880071219,0.0
774073,225,2021-02-09,2021-02-18,10,control,0,0.86488825,1,dept_225_closure_2021-02-09,2020-12-31,2020-12,-4,0,0.6,774073|225|2021-02-09,0.3078454419928781,0.0
774144,225,2021-02-09,2021-02-18,10,control,0,0.33690736,0,dept_225_closure_2021-02-09,2020-12-31,2020-12,-4,0,0.0,774144|225|2021-02-09,-0.22013544800712193,0.0
774196,225,2021-02-09,2021-02-18,10,control,0,0.941812,1,dept_225_closure_2021-02-09,2020-12-31,2020-12,-4,0,0.0,774196|225|2021-02-09,0.38476919199287807,0.0
775441,225,2021-02-09,2021-02-18,10,control,0,0.08261001,0,dept_225_closure_2021-02-09,2020-12-31,2020-12,-4,0,0.0,775441|225|2021-02-09,-0.4744327980071219,0.0
777571,225,2021-02-09,2021-02-18,10,control,0,0.29030535,0,dept_225_closure_2021-02-09,2020-12-31,2020-12,-4,0,0.0,777571|225|2021-02-09,-0.2667374580071219,0.0
778537,225,2021-02-09,2021-02-18,10,treatment,1,0.73807734,1,dept_225_closure_2021-02-09,2020-12-31,2020-12,-4,0,0.0,778537|225|2021-02-09,0.1810345319928781,0.0
780220,225,2021-02-09,2021-02-18,10,treatment,1,0.15151207,0,dept_225_closure_2021-02-09,2020-12-31,2020-12,-4,0,0.0,780220|225|2021-02-09,-0.4055307380071219,0.0
781494,225,2021-02-09,2021-02-18,10,treatment,1,0.9819272,1,dept_225_closure_2021-02-09,2020-12-31,2020-12,-4,0,0.3,781494|225|2021-02-09,0.4248843919928781,0.0
781749,225,2021-02-09,2021-02-18,10,control,0,0.34949872,0,dept_225_closure_2021-02-09,2020-12-31,2020-12,-4,0,0.0,781749|225|2021-02-09,-0.20754408800712193,0.0
782815,225,2021-02-09,2021-02-18,10,control,0,0.048142757,0,dept_225_closure_2021-02-09,2020-12-31,2020-12,-4,0,0.0,782815|225|2021-02-09,-0.5089000510071219,0.0
783761,225,2021-02-09,2021-02-18,10,control,0,0.87922394,1,dept_225_closure_2021-02-09,2020-12-31,2020-12,-4,0,0.0,783761|225|2021-02-09,0.3221811319928781,0.0
784190,225,2021-02-09,2021-02-18,10,treatment,1,0.42112172,0,dept_225_closure_2021-02-09,2020-12-31,2020-12,-4,0,0.0,784190|225|2021-02-09,-0.13592108800712194,0.0
784247,225,2021-02-09,2021-02-18,10,control,0,0.37388155,0,dept_225_closure_2021-02-09,2020-12-31,2020-12,-4,0,0.0,784247|225|2021-02-09,-0.1831612580071219,0.0
784378,225,2021-02-09,2021-02-18,10,control,0,0.6521716,1,dept_225_closure_2021-02-09,2020-12-31,2020-12,-4,0,0.1,784378|225|2021-02-09,0.09512879199287805,0.0
785479,225,2021-02-09,2021-02-18,10,control,0,0.38954622,0,dept_225_closure_2021-02-09,2020-12-31,2020-12,-4,0,0.2,785479|225|2021-02-09,-0.16749658800712192,0.0
789372,225,2021-02-09,2021-02-18,10,control,0,0.5044561,1,dept_225_closure_2021-02-09,2020-12-31,2020-12,-4,0,0.0,789372|225|2021-02-09,-0.05258670800712195,0.0
789746,225,2021-02-09,2021-02-18,10,treatment,1,0.71691763,1,dept_225_closure_2021-02-09,2020-12-31,2020-12,-4,0,0.2,789746|225|2021-02-09,0.15987482199287806,0.0
791023,225,2021-02-09,2021-02-18,10,treatment,1,0.8417338,1,dept_225_closure_2021-02-09,2020-12-31,2020-12,-4,0,0.2,791023|225|2021-02-09,0.28469099199287806,0.0
791706,225,2021-02-09,2021-02-18,10,control,0,0.55756235,1,dept_225_closure_2021-02-09,2020-12-31,2020-12,-4,0,0.0,791706|225|2021-02-09,0.0005195419928780698,0.0
792259,225,2021-02-09,2021-02-18,10,control,0,0.27055612,0,dept_225_closure_2021-02-09,2020-12-31,2020-12,-4,0,0.0,792259|225|2021-02-09,-0.2864866880071219,0.0
792330,225,2021-02-09,2021-02-18,10,control,0,0.30864796,0,dept_225_closure_2021-02-09,2020-12-31,2020-12,-4,0,0.0,792330|225|2021-02-09,-0.24839484800712192,0.0
793532,225,2021-02-09,2021-02-18,10,control,0,0.8851609,1,dept_225_closure_2021-02-09,2020-12-31,2020-12,-4,0,0.0,793532|225|2021-02-09,0.3281180919928781,0.0
793923,225,2021-02-09,2021-02-18,10,control,0,0.15183781,0,dept_225_closure_2021-02-09,2020-12-31,2020-12,-4,0,0.1,793923|225|2021-02-09,-0.40520499800712195,0.0
794398,225,2021-02-09,2021-02-18,10,treatment,1,0.5736346,1,dept_225_closure_2021-02-09,2020-12-31,2020-12,-4,0,0.0,794398|225|2021-02-09,0.01659179199287808,0.0
796113,225,2021-02-09,2021-02-18,10,control,0,0.0056227576,0,dept_225_closure_2021-02-09,2020-12-31,2020-12,-4,0,0.0,796113|225|2021-02-09,-0.5514200504071219,0.0
796286,225,2021-02-09,2021-02-18,10,control,0,0.9186294,1,dept_225_closure_2021-02-09,2020-12-31,2020-12,-4,0,0.2,796286|225|2021-02-09,0.3615865919928781,0.0
796930,225,2021-02-09,2021-02-18,10,control,0,0.9921591,1,dept_225_closure_2021-02-09,2020-12-31,2020-12,-4,0,0.6,796930|225|2021-02-09,0.43511629199287805,0.0
796971,225,2021-02-09,2021-02-18,10,control,0,0.73464483,1,dept_225_closure_2021-02-09,2020-12-31,2020-12,-4,0,0.2,796971|225|2021-02-09,0.1776020219928781,0.0
797941,225,2021-02-09,2021-02-18,10,control,0,0.36482874,0,dept_225_closure_2021-02-09,2020-12-31,2020-12,-4,0,0.1,797941|225|2021-02-09,-0.19221406800712193,0.0
798263,225,2021-02-09,2021-02-18,10,control,0,0.58305246,1,dept_225_closure_2021-02-09,2020-12-31,2020-12,-4,0,0.0,798263|225|2021-02-09,0.02600965199287808,0.0
799049,225,2021-02-09,2021-02-18,10,control,0,0.9824901,1,dept_225_closure_2021-02-09,2020-12-31,2020-12,-4,0,0.1,799049|225|2021-02-09,0.4254472919928781,0.0
801294,225,2021-02-09,2021-02-18,10,control,0,0.41131797,0,dept_225_closure_2021-02-09,2020-12-31,2020-12,-4,0,0.0,801294|225|2021-02-09,-0.14572483800712194,0.0
801718,225,2021-02-09,2021-02-18,10,control,0,0.99905974,1,dept_225_closure_2021-02-09,2020-12-31,2020-12,-4,0,0.2,801718|225|2021-02-09,0.44201693199287806,0.0
803224,225,2021-02-09,2021-02-18,10,control,0,0.7826386,1,dept_225_closure_2021-02-09,2020-12-31,2020-12,-4,0,0.1,803224|225|2021-02-09,0.22559579199287805,0.0
804722,225,2021-02-09,2021-02-18,10,control,0,0.9922273,1,dept_225_closure_2021-02-09,2020-12-31,2020-12,-4,0,0.2,804722|225|2021-02-09,0.4351844919928781,0.0
805264,225,2021-02-09,2021-02-18,10,treatment,1,0.3060513,0,dept_225_closure_2021-02-09,2020-12-31,2020-12,-4,0,0.0,805264|225|2021-02-09,-0.2509915080071219,0.0
805366,225,2021-02-09,2021-02-18,10,control,0,0.22654901,0,dept_225_closure_2021-02-09,2020-12-31,2020-12,-4,0,0.0,805366|225|2021-02-09,-0.3304937980071219,0.0
807855,225,2021-02-09,2021-02-18,10,treatment,1,0.7708943,1,dept_225_closure_2021-02-09,2020-12-31,2020-12,-4,0,0.1,807855|225|2021-02-09,0.21385149199287812,0.0
809500,225,2021-02-09,2021-02-18,10,control,0,0.31644803,0,dept_225_closure_2021-02-09,2020-12-31,2020-12,-4,0,0.0,809500|225|2021-02-09,-0.24059477800712192,0.0
5,225,2021-02-09,2021-02-18,10,control,0,0.14528728,0,dept_225_closure_2021-02-09,2021-01-10,2021-01,-3,0,0.0,5|225|2021-02-09,-0.4117555280071219,0.0
866,225,2021-02-09,2021-02-18,10,control,0,0.34398916,0,dept_225_closure_2021-02-09,2021-01-10,2021-01,-3,0,0.3,866|225|2021-02-09,-0.2130536480071219,0.0
1100,225,2021-02-09,2021-02-18,10,control,0,0.6347374,1,dept_225_closure_2021-02-09,2021-01-10,2021-01,-3,0,0.2,1100|225|2021-02-09,0.07769459199287809,0.0
2097,225,2021-02-09,2021-02-18,10,control,0,0.23596613,0,dept_225_closure_2021-02-09,2021-01-10,2021-01,-3,0,0.0,2097|225|2021-02-09,-0.3210766780071219,0.0
2185,225,2021-02-09,2021-02-18,10,control,0,0.2621139,0,dept_225_closure_2021-02-09,2021-01-10,2021-01,-3,0,0.0,2185|225|2021-02-09,-0.2949289080071219,0.0
2206,225,2021-02-09,2021-02-18,10,control,0,0.4399006,0,dept_225_closure_2021-02-09,2021-01-10,2021-01,-3,0,0.2,2206|225|2021-02-09,-0.11714220800712194,0.0
3239,225,2021-02-09,2021-02-18,10,control,0,0.085536055,0,dept_225_closure_2021-02-09,2021-01-10,2021-01,-3,0,0.1,3239|225|2021-02-09,-0.4715067530071219,0.0
3256,225,2021-02-09,2021-02-18,10,control,0,0.27744627,0,dept_225_closure_2021-02-09,2021-01-10,2021-01,-3,0,0.0,3256|225|2021-02-09,-0.2795965380071219,0.0
5717,225,2021-02-09,2021-02-18,10,control,0,0.86031544,1,dept_225_closure_2021-02-09,2021-01-10,2021-01,-3,0,0.4,5717|225|2021-02-09,0.30327263199287813,0.0
7281,225,2021-02-09,2021-02-18,10,control,0,0.99898213,1,dept_225_closure_2021-02-09,2021-01-10,2021-01,-3,0,0.3,7281|225|2021-02-09,0.4419393219928781,0.0
8427,225,2021-02-09,2021-02-18,10,control,0,0.019571843,0,dept_225_closure_2021-02-09,2021-01-10,2021-01,-3,0,0.0,8427|225|2021-02-09,-0.5374709650071219,0.0
8449,225,2021-02-09,2021-02-18,10,control,0,0.08294749,0,dept_225_closure_2021-02-09,2021-01-10,2021-01,-3,0,0.3,8449|225|2021-02-09,-0.4740953180071219,0.0
10251,225,2021-02-09,2021-02-18,10,control,0,0.52154756,1,dept_225_closure_2021-02-09,2021-01-10,2021-01,-3,0,0.0,10251|225|2021-02-09,-0.03549524800712189,0.0
12391,225,2021-02-09,2021-02-18,10,control,0,0.15027635,0,dept_225_closure_2021-02-09,2021-01-10,2021-01,-3,0,0.0,12391|225|2021-02-09,-0.4067664580071219,0.0
12400,225,2021-02-09,2021-02-18,10,control,0,0.018340718,0,dept_225_closure_2021-02-09,2021-01-10,2021-01,-3,0,0.0,12400|225|2021-02-09,-0.5387020900071219,0.0
12928,225,2021-02-09,2021-02-18,10,control,0,0.8517119,1,dept_225_closure_2021-02-09,2021-01-10,2021-01,-3,0,0.1,12928|225|2021-02-09,0.29466909199287805,0.0
15825,225,2021-02-09,2021-02-18,10,control,0,0.21903794,0,dept_225_closure_2021-02-09,2021-01-10,2021-01,-3,0,0.2,15825|225|2021-02-09,-0.33800486800712193,0.0
16611,225,2021-02-09,2021-02-18,10,control,0,0.03530123,0,dept_225_closure_2021-02-09,2021-01-10,2021-01,-3,0,0.0,16611|225|2021-02-09,-0.521741578007122,0.0
17269,225,2021-02-09,2021-02-18,10,control,0,0.21498367,0,dept_225_closure_2021-02-09,2021-01-10,2021-01,-3,0,0.0,17269|225|2021-02-09,-0.34205913800712195,0.0
17312,225,2021-02-09,2021-02-18,10,control,0,0.36621094,0,dept_225_closure_2021-02-09,2021-01-10,2021-01,-3,0,0.0,17312|225|2021-02-09,-0.19083186800712193,0.0
19087,225,2021-02-09,2021-02-18,10,control,0,0.1141593,0,dept_225_closure_2021-02-09,2021-01-10,2021-01,-3,0,0.0,19087|225|2021-02-09,-0.4428835080071219,0.0
19767,225,2021-02-09,2021-02-18,10,control,0,0.48095965,0,dept_225_closure_2021-02-09,2021-01-10,2021-01,-3,0,0.1,19767|225|2021-02-09,-0.0760831580071219,0.0
19961,225,2021-02-09,2021-02-18,10,control,0,0.2612961,0,dept_225_closure_2021-02-09,2021-01-10,2021-01,-3,0,0.0,19961|225|2021-02-09,-0.29574670800712194,0.0
20829,225,2021-02-09,2021-02-18,10,control,0,0.84562606,1,dept_225_closure_2021-02-09,2021-01-10,2021-01,-3,0,0.2,20829|225|2021-02-09,0.28858325199287804,0.0
22301,225,2021-02-09,2021-02-18,10,treatment,1,0.49965566,0,dept_225_closure_2021-02-09,2021-01-10,2021-01,-3,0,0.1,22301|225|2021-02-09,-0.05738714800712191,0.0
22417,225,2021-02-09,2021-02-18,10,control,0,0.99820554,1,dept_225_closure_2021-02-09,2021-01-10,2021-01,-3,0,0.6,22417|225|2021-02-09,0.44116273199287803,0.0
24695,225,2021-02-09,2021-02-18,10,control,0,0.23371305,0,dept_225_closure_2021-02-09,2021-01-10,2021-01,-3,0,0.2,24695|225|2021-02-09,-0.32332975800712194,0.0
27305,225,2021-02-09,2021-02-18,10,control,0,0.934971,1,dept_225_closure_2021-02-09,2021-01-10,2021-01,-3,0,0.4,27305|225|2021-02-09,0.3779281919928781,0.0
27339,225,2021-02-09,2021-02-18,10,control,0,0.06848284,0,dept_225_closure_2021-02-09,2021-01-10,2021-01,-3,0,0.1,27339|225|2021-02-09,-0.4885599680071219,0.0
28349,225,2021-02-09,2021-02-18,10,control,0,0.031649835,0,dept_225_closure_2021-02-09,2021-01-10,2021-01,-3,0,0.0,28349|225|2021-02-09,-0.525392973007122,0.0
28784,225,2021-02-09,2021-02-18,10,control,0,0.96120983,1,dept_225_closure_2021-02-09,2021-01-10,2021-01,-3,0,0.3,28784|225|2021-02-09,0.40416702199287813,0.0
29011,225,2021-02-09,2021-02-18,10,control,0,0.89105934,1,dept_225_closure_2021-02-09,2021-01-10,2021-01,-3,0,0.2,29011|225|2021-02-09,0.33401653199287806,0.0
29025,225,2021-02-09,2021-02-18,10,control,0,0.93348074,1,dept_225_closure_2021-02-09,2021-01-10,2021-01,-3,0,0.2,29025|225|2021-02-09,0.3764379319928781,0.0
29713,225,2021-02-09,2021-02-18,10,control,0,0.5263306,1,dept_225_closure_2021-02-09,2021-01-10,2021-01,-3,0,0.1,29713|225|2021-02-09,-0.030712208007121933,0.0
31068,225,2021-02-09,2021-02-18,10,control,0,0.3156137,0,dept_225_closure_2021-02-09,2021-01-10,2021-01,-3,0,0.0,31068|225|2021-02-09,-0.24142910800712192,0.0
31075,225,2021-02-09,2021-02-18,10,control,0,0.39527813,0,dept_225_closure_2021-02-09,2021-01-10,2021-01,-3,0,0.2,31075|225|2021-02-09,-0.1617646780071219,0.0
31139,225,2021-02-09,2021-02-18,10,treatment,1,0.24236429,0,dept_225_closure_2021-02-09,2021-01-10,2021-01,-3,0,0.0,31139|225|2021-02-09,-0.3146785180071219,0.0
31524,225,2021-02-09,2021-02-18,10,control,0,0.05243684,0,dept_225_closure_2021-02-09,2021-01-10,2021-01,-3,0,0.0,31524|225|2021-02-09,-0.5046059680071219,0.0
32473,225,2021-02-09,2021-02-18,10,control,0,0.72997993,1,dept_225_closure_2021-02-09,2021-01-10,2021-01,-3,0,0.1,32473|225|2021-02-09,0.17293712199287814,0.0
32707,225,2021-02-09,2021-02-18,10,control,0,0.9788866,1,dept_225_closure_2021-02-09,2021-01-10,2021-01,-3,0,0.2,32707|225|2021-02-09,0.42184379199287814,0.0
34116,225,2021-02-09,2021-02-18,10,control,0,0.4045588,0,dept_225_closure_2021-02-09,2021-01-10,2021-01,-3,0,0.0,34116|225|2021-02-09,-0.15248400800712192,0.0
36662,225,2021-02-09,2021-02-18,10,control,0,0.1691688,0,dept_225_closure_2021-02-09,2021-01-10,2021-01,-3,0,0.0,36662|225|2021-02-09,-0.3878740080071219,0.0
37330,225,2021-02-09,2021-02-18,10,treatment,1,0.39923403,0,dept_225_closure_2021-02-09,2021-01-10,2021-01,-3,0,0.0,37330|225|2021-02-09,-0.1578087780071219,0.0
38200,225,2021-02-09,2021-02-18,10,control,0,0.41114828,0,dept_225_closure_2021-02-09,2021-01-10,2021-01,-3,0,0.0,38200|225|2021-02-09,-0.14589452800712194,0.0
39228,225,2021-02-09,2021-02-18,10,control,0,0.93770295,1,dept_225_closure_2021-02-09,2021-01-10,2021-01,-3,0,0.2,39228|225|2021-02-09,0.3806601419928781,0.0
40566,225,2021-02-09,2021-02-18,10,control,0,0.9946063,1,dept_225_closure_2021-02-09,2021-01-10,2021-01,-3,0,0.7,40566|225|2021-02-09,0.43756349199287814,0.0
44385,225,2021-02-09,2021-02-18,10,control,0,0.81834763,1,dept_225_closure_2021-02-09,2021-01-10,2021-01,-3,0,0.3,44385|225|2021-02-09,0.2613048219928781,0.0
44793,225,2021-02-09,2021-02-18,10,control,0,0.8609171,1,dept_225_closure_2021-02-09,2021-01-10,2021-01,-3,0,0.1,44793|225|2021-02-09,0.3038742919928781,0.0
46191,225,2021-02-09,2021-02-18,10,control,0,0.85950613,1,dept_225_closure_2021-02-09,2021-01-10,2021-01,-3,0,0.2,46191|225|2021-02-09,0.30246332199287806,0.0
47222,225,2021-02-09,2021-02-18,10,treatment,1,0.49709675,0,dept_225_closure_2021-02-09,2021-01-10,2021-01,-3,0,0.2,47222|225|2021-02-09,-0.05994605800712194,0.0
48637,225,2021-02-09,2021-02-18,10,treatment,1,0.54981667,1,dept_225_closure_2021-02-09,2021-01-10,2021-01,-3,0,0.0,48637|225|2021-02-09,-0.007226138007121907,0.0
49220,225,2021-02-09,2021-02-18,10,control,0,0.37845916,0,dept_225_closure_2021-02-09,2021-01-10,2021-01,-3,0,0.1,49220|225|2021-02-09,-0.1785836480071219,0.0
50187,225,2021-02-09,2021-02-18,10,control,0,0.86367977,1,dept_225_closure_2021-02-09,2021-01-10,2021-01,-3,0,0.3,50187|225|2021-02-09,0.30663696199287804,0.0
51175,225,2021-02-09,2021-02-18,10,control,0,0.06736726,0,dept_225_closure_2021-02-09,2021-01-10,2021-01,-3,0,0.0,51175|225|2021-02-09,-0.48967554800712193,0.0
51232,225,2021-02-09,2021-02-18,10,treatment,1,0.96270984,1,dept_225_closure_2021-02-09,2021-01-10,2021-01,-3,0,0.2,51232|225|2021-02-09,0.4056670319928781,0.0
51386,225,2021-02-09,2021-02-18,10,treatment,1,0.9826988,1,dept_225_closure_2021-02-09,2021-01-10,2021-01,-3,0,0.1,51386|225|2021-02-09,0.42565599199287807,0.0
52482,225,2021-02-09,2021-02-18,10,control,0,0.7282863,1,dept_225_closure_2021-02-09,2021-01-10,2021-01,-3,0,0.0,52482|225|2021-02-09,0.17124349199287814,0.0
52509,225,2021-02-09,2021-02-18,10,control,0,0.9856984,1,dept_225_closure_2021-02-09,2021-01-10,2021-01,-3,0,0.2,52509|225|2021-02-09,0.42865559199287806,0.0
52857,225,2021-02-09,2021-02-18,10,control,0,0.39206263,0,dept_225_closure_2021-02-09,2021-01-10,2021-01,-3,0,0.1,52857|225|2021-02-09,-0.1649801780071219,0.0
55277,225,2021-02-09,2021-02-18,10,control,0,0.7247857,1,dept_225_closure_2021-02-09,2021-01-10,2021-01,-3,0,0.1,55277|225|2021-02-09,0.16774289199287806,0.0
56953,225,2021-02-09,2021-02-18,10,control,0,0.8950663,1,dept_225_closure_2021-02-09,2021-01-10,2021-01,-3,0,0.0,56953|225|2021-02-09,0.33802349199287807,0.0
57362,225,2021-02-09,2021-02-18,10,control,0,0.5430405,1,dept_225_closure_2021-02-09,2021-01-10,2021-01,-3,0,0.1,57362|225|2021-02-09,-0.014002308007121878,0.0
57582,225,2021-02-09,2021-02-18,10,control,0,0.92595965,1,dept_225_closure_2021-02-09,2021-01-10,2021-01,-3,0,0.2,57582|225|2021-02-09,0.3689168419928781,0.0
62574,225,2021-02-09,2021-02-18,10,control,0,0.24900906,0,dept_225_closure_2021-02-09,2021-01-10,2021-01,-3,0,0.1,62574|225|2021-02-09,-0.3080337480071219,0.0
63220,225,2021-02-09,2021-02-18,10,control,0,0.88363045,1,dept_225_closure_2021-02-09,2021-01-10,2021-01,-3,0,0.3,63220|225|2021-02-09,0.32658764199287804,0.0
64080,225,2021-02-09,2021-02-18,10,treatment,1,0.5486668,1,dept_225_closure_2021-02-09,2021-01-10,2021-01,-3,0,0.1,64080|225|2021-02-09,-0.008376008007121905,0.0
73719,225,2021-02-09,2021-02-18,10,control,0,0.48416466,0,dept_225_closure_2021-02-09,2021-01-10,2021-01,-3,0,0.0,73719|225|2021-02-09,-0.07287814800712189,0.0
75205,225,2021-02-09,2021-02-18,10,control,0,0.87622863,1,dept_225_closure_2021-02-09,2021-01-10,2021-01,-3,0,0.1,75205|225|2021-02-09,0.31918582199287804,0.0
77516,225,2021-02-09,2021-02-18,10,control,0,0.88889474,1,dept_225_closure_2021-02-09,2021-01-10,2021-01,-3,0,0.4,77516|225|2021-02-09,0.3318519319928781,0.0
79269,225,2021-02-09,2021-02-18,10,control,0,0.14135796,0,dept_225_closure_2021-02-09,2021-01-10,2021-01,-3,0,0.0,79269|225|2021-02-09,-0.4156848480071219,0.0
82976,225,2021-02-09,2021-02-18,10,control,0,0.5032989,1,dept_225_closure_2021-02-09,2021-01-10,2021-01,-3,0,0.2,82976|225|2021-02-09,-0.05374390800712192,0.0
83920,225,2021-02-09,2021-02-18,10,control,0,0.10722636,0,dept_225_closure_2021-02-09,2021-01-10,2021-01,-3,0,0.0,83920|225|2021-02-09,-0.4498164480071219,0.0
85561,225,2021-02-09,2021-02-18,10,treatment,1,0.30561054,0,dept_225_closure_2021-02-09,2021-01-10,2021-01,-3,0,0.0,85561|225|2021-02-09,-0.25143226800712193,0.0
85580,225,2021-02-09,2021-02-18,10,control,0,0.96883047,1,dept_225_closure_2021-02-09,2021-01-10,2021-01,-3,0,0.2,85580|225|2021-02-09,0.4117876619928781,0.0
85848,225,2021-02-09,2021-02-18,10,control,0,0.047726985,0,dept_225_closure_2021-02-09,2021-01-10,2021-01,-3,0,0.0,85848|225|2021-02-09,-0.509315823007122,0.0
88712,225,2021-02-09,2021-02-18,10,control,0,0.27502534,0,dept_225_closure_2021-02-09,2021-01-10,2021-01,-3,0,0.0,88712|225|2021-02-09,-0.2820174680071219,0.0
90821,225,2021-02-09,2021-02-18,10,control,0,0.10521385,0,dept_225_closure_2021-02-09,2021-01-10,2021-01,-3,0,0.0,90821|225|2021-02-09,-0.4518289580071219,0.0
91438,225,2021-02-09,2021-02-18,10,treatment,1,0.2950767,0,dept_225_closure_2021-02-09,2021-01-10,2021-01,-3,0,0.1,91438|225|2021-02-09,-0.2619661080071219,0.0
92168,225,2021-02-09,2021-02-18,10,control,0,0.7336935,1,dept_225_closure_2021-02-09,2021-01-10,2021-01,-3,0,0.0,92168|225|2021-02-09,0.17665069199287808,0.0
92196,225,2021-02-09,2021-02-18,10,control,0,0.8121042,1,dept_225_closure_2021-02-09,2021-01-10,2021-01,-3,0,0.2,92196|225|2021-02-09,0.25506139199287814,0.0
93076,225,2021-02-09,2021-02-18,10,control,0,0.13417456,0,dept_225_closure_2021-02-09,2021-01-10,2021-01,-3,0,0.0,93076|225|2021-02-09,-0.4228682480071219,0.0
94462,225,2021-02-09,2021-02-18,10,control,0,0.8219448,1,dept_225_closure_2021-02-09,2021-01-10,2021-01,-3,0,0.1,94462|225|2021-02-09,0.2649019919928781,0.0
95167,225,2021-02-09,2021-02-18,10,control,0,0.98642063,1,dept_225_closure_2021-02-09,2021-01-10,2021-01,-3,0,0.6,95167|225|2021-02-09,0.4293778219928781,0.0
96414,225,2021-02-09,2021-02-18,10,treatment,1,0.5275364,1,dept_225_closure_2021-02-09,2021-01-10,2021-01,-3,0,0.1,96414|225|2021-02-09,-0.029506408007121898,0.0
96697,225,2021-02-09,2021-02-18,10,control,0,0.025866332,0,dept_225_closure_2021-02-09,2021-01-10,2021-01,-3,0,0.0,96697|225|2021-02-09,-0.5311764760071219,0.0
104528,225,2021-02-09,2021-02-18,10,control,0,0.5275139,1,dept_225_closure_2021-02-09,2021-01-10,2021-01,-3,0,0.1,104528|225|2021-02-09,-0.029528908007121935,0.0
104571,225,2021-02-09,2021-02-18,10,control,0,0.98588693,1,dept_225_closure_2021-02-09,2021-01-10,2021-01,-3,0,0.3,104571|225|2021-02-09,0.42884412199287814,0.0
104692,225,2021-02-09,2021-02-18,10,control,0,0.28391963,0,dept_225_closure_2021-02-09,2021-01-10,2021-01,-3,0,0.0,104692|225|2021-02-09,-0.27312317800712194,0.0
104922,225,2021-02-09,2021-02-18,10,control,0,0.5186152,1,dept_225_closure_2021-02-09,2021-01-10,2021-01,-3,0,0.0,104922|225|2021-02-09,-0.03842760800712186,0.0
106298,225,2021-02-09,2021-02-18,10,control,0,0.060432576,0,dept_225_closure_2021-02-09,2021-01-10,2021-01,-3,0,0.0,106298|225|2021-02-09,-0.4966102320071219,0.0
111416,225,2021-02-09,2021-02-18,10,treatment,1,0.069509014,0,dept_225_closure_2021-02-09,2021-01-10,2021-01,-3,0,0.1,111416|225|2021-02-09,-0.48753379400712193,0.0
112274,225,2021-02-09,2021-02-18,10,control,0,0.9381968,1,dept_225_closure_2021-02-09,2021-01-10,2021-01,-3,0,0.2,112274|225|2021-02-09,0.38115399199287814,0.0
112986,225,2021-02-09,2021-02-18,10,control,0,0.43461272,0,dept_225_closure_2021-02-09,2021-01-10,2021-01,-3,0,0.0,112986|225|2021-02-09,-0.1224300880071219,0.0
113871,225,2021-02-09,2021-02-18,10,control,0,0.7866077,1,dept_225_closure_2021-02-09,2021-01-10,2021-01,-3,0,0.0,113871|225|2021-02-09,0.2295648919928781,0.0
114555,225,2021-02-09,2021-02-18,10,control,0,0.103926405,0,dept_225_closure_2021-02-09,2021-01-10,2021-01,-3,0,0.0,114555|225|2021-02-09,-0.4531164030071219,0.0
114559,225,2021-02-09,2021-02-18,10,control,0,0.99483794,1,dept_225_closure_2021-02-09,2021-01-10,2021-01,-3,0,0.4,114559|225|2021-02-09,0.4377951319928781,0.0
115199,225,2021-02-09,2021-02-18,10,treatment,1,0.9845649,1,dept_225_closure_2021-02-09,2021-01-10,2021-01,-3,0,0.4,115199|225|2021-02-09,0.42752209199287805,0.0
115326,225,2021-02-09,2021-02-18,10,control,0,0.13118972,0,dept_225_closure_2021-02-09,2021-01-10,2021-01,-3,0,0.1,115326|225|2021-02-09,-0.4258530880071219,0.0
115535,225,2021-02-09,2021-02-18,10,control,0,0.9518152,1,dept_225_closure_2021-02-09,2021-01-10,2021-01,-3,0,0.1,115535|225|2021-02-09,0.39477239199287806,0.0
116937,225,2021-02-09,2021-02-18,10,treatment,1,0.22988378,0,dept_225_closure_2021-02-09,2021-01-10,2021-01,-3,0,0.0,116937|225|2021-02-09,-0.32715902800712193,0.0
117335,225,2021-02-09,2021-02-18,10,control,0,0.7447799,1,dept_225_closure_2021-02-09,2021-01-10,2021-01,-3,0,0.0,117335|225|2021-02-09,0.18773709199287814,0.0
119025,225,2021-02-09,2021-02-18,10,control,0,0.6071146,1,dept_225_closure_2021-02-09,2021-01-10,2021-01,-3,0,0.4,119025|225|2021-02-09,0.050071791992878034,0.0
119175,225,2021-02-09,2021-02-18,10,control,0,0.28744176,0,dept_225_closure_2021-02-09,2021-01-10,2021-01,-3,0,0.1,119175|225|2021-02-09,-0.2696010480071219,0.0
121010,225,2021-02-09,2021-02-18,10,control,0,0.2686608,0,dept_225_closure_2021-02-09,2021-01-10,2021-01,-3,0,0.0,121010|225|2021-02-09,-0.28838200800712194,0.0
121590,225,2021-02-09,2021-02-18,10,control,0,0.9802814,1,dept_225_closure_2021-02-09,2021-01-10,2021-01,-3,0,0.2,121590|225|2021-02-09,0.42323859199287805,0.0
121722,225,2021-02-09,2021-02-18,10,treatment,1,0.5416496,1,dept_225_closure_2021-02-09,2021-01-10,2021-01,-3,0,0.0,121722|225|2021-02-09,-0.015393208007121961,0.0
123270,225,2021-02-09,2021-02-18,10,control,0,0.82353306,1,dept_225_closure_2021-02-09,2021-01-10,2021-01,-3,0,0.2,123270|225|2021-02-09,0.2664902519928781,0.0
124613,225,2021-02-09,2021-02-18,10,control,0,0.78453153,1,dept_225_closure_2021-02-09,2021-01-10,2021-01,-3,0,0.2,124613|225|2021-02-09,0.22748872199287806,0.0
128896,225,2021-02-09,2021-02-18,10,control,0,0.2702459,0,dept_225_closure_2021-02-09,2021-01-10,2021-01,-3,0,0.0,128896|225|2021-02-09,-0.28679690800712193,0.0
129631,225,2021-02-09,2021-02-18,10,control,0,0.87201,1,dept_225_closure_2021-02-09,2021-01-10,2021-01,-3,0,0.0,129631|225|2021-02-09,0.31496719199287804,0.0
130615,225,2021-02-09,2021-02-18,10,control,0,0.49420547,0,dept_225_closure_2021-02-09,2021-01-10,2021-01,-3,0,0.1,130615|225|2021-02-09,-0.06283733800712193,0.0
131102,225,2021-02-09,2021-02-18,10,treatment,1,0.91136134,1,dept_225_closure_2021-02-09,2021-01-10,2021-01,-3,0,0.4,131102|225|2021-02-09,0.3543185319928781,0.0
131453,225,2021-02-09,2021-02-18,10,control,0,0.6490996,1,dept_225_closure_2021-02-09,2021-01-10,2021-01,-3,0,0.1,131453|225|2021-02-09,0.09205679199287808,0.0
132468,225,2021-02-09,2021-02-18,10,control,0,0.24907468,0,dept_225_closure_2021-02-09,2021-01-10,2021-01,-3,0,0.0,132468|225|2021-02-09,-0.3079681280071219,0.0
134444,225,2021-02-09,2021-02-18,10,treatment,1,0.66105175,1,dept_225_closure_2021-02-09,2021-01-10,2021-01,-3,0,0.1,134444|225|2021-02-09,0.10400894199287813,0.0
135292,225,2021-02-09,2021-02-18,10,treatment,1,0.9451208,1,dept_225_closure_2021-02-09,2021-01-10,2021-01,-3,0,0.6,135292|225|2021-02-09,0.38807799199287807,0.0
136496,225,2021-02-09,2021-02-18,10,control,0,0.43152484,0,dept_225_closure_2021-02-09,2021-01-10,2021-01,-3,0,0.1,136496|225|2021-02-09,-0.1255179680071219,0.0
136929,225,2021-02-09,2021-02-18,10,control,0,0.93452793,1,dept_225_closure_2021-02-09,2021-01-10,2021-01,-3,0,0.1,136929|225|2021-02-09,0.3774851219928781,0.0
137152,225,2021-02-09,2021-02-18,10,control,0,0.32510924,0,dept_225_closure_2021-02-09,2021-01-10,2021-01,-3,0,0.0,137152|225|2021-02-09,-0.2319335680071219,0.0
139380,225,2021-02-09,2021-02-18,10,control,0,0.99770504,1,dept_225_closure_2021-02-09,2021-01-10,2021-01,-3,0,0.6,139380|225|2021-02-09,0.44066223199287813,0.0
139997,225,2021-02-09,2021-02-18,10,control,0,0.49280056,0,dept_225_closure_2021-02-09,2021-01-10,2021-01,-3,0,0.1,139997|225|2021-02-09,-0.06424224800712192,0.0
140174,225,2021-02-09,2021-02-18,10,control,0,0.9339587,1,dept_225_closure_2021-02-09,2021-01-10,2021-01,-3,0,0.4,140174|225|2021-02-09,0.3769158919928781,0.0
140189,225,2021-02-09,2021-02-18,10,control,0,0.99497885,1,dept_225_closure_2021-02-09,2021-01-10,2021-01,-3,0,0.3,140189|225|2021-02-09,0.43793604199287806,0.0
141122,225,2021-02-09,2021-02-18,10,control,0,0.68625027,1,dept_225_closure_2021-02-09,2021-01-10,2021-01,-3,0,0.1,141122|225|2021-02-09,0.12920746199287814,0.0
141261,225,2021-02-09,2021-02-18,10,control,0,0.996579,1,dept_225_closure_2021-02-09,2021-01-10,2021-01,-3,0,0.7,141261|225|2021-02-09,0.4395361919928781,0.0
144064,225,2021-02-09,2021-02-18,10,control,0,0.09249806,0,dept_225_closure_2021-02-09,2021-01-10,2021-01,-3,0,0.0,144064|225|2021-02-09,-0.4645447480071219,0.0
146678,225,2021-02-09,2021-02-18,10,control,0,0.17388102,0,dept_225_closure_2021-02-09,2021-01-10,2021-01,-3,0,0.1,146678|225|2021-02-09,-0.3831617880071219,0.0
148355,225,2021-02-09,2021-02-18,10,treatment,1,0.17873272,0,dept_225_closure_2021-02-09,2021-01-10,2021-01,-3,0,0.0,148355|225|2021-02-09,-0.3783100880071219,0.0
149605,225,2021-02-09,2021-02-18,10,control,0,0.66756827,1,dept_225_closure_2021-02-09,2021-01-10,2021-01,-3,0,0.4,149605|225|2021-02-09,0.11052546199287805,0.0
149858,225,2021-02-09,2021-02-18,10,control,0,0.5513751,1,dept_225_closure_2021-02-09,2021-01-10,2021-01,-3,0,0.3,149858|225|2021-02-09,-0.005667708007121908,0.0
150721,225,2021-02-09,2021-02-18,10,control,0,0.4290937,0,dept_225_closure_2021-02-09,2021-01-10,2021-01,-3,0,0.1,150721|225|2021-02-09,-0.1279491080071219,0.0
152104,225,2021-02-09,2021-02-18,10,control,0,0.27722538,0,dept_225_closure_2021-02-09,2021-01-10,2021-01,-3,0,0.1,152104|225|2021-02-09,-0.2798174280071219,0.0
154812,225,2021-02-09,2021-02-18,10,control,0,0.024545906,0,dept_225_closure_2021-02-09,2021-01-10,2021-01,-3,0,0.1,154812|225|2021-02-09,-0.532496902007122,0.0
156408,225,2021-02-09,2021-02-18,10,control,0,0.06135893,0,dept_225_closure_2021-02-09,2021-01-10,2021-01,-3,0,0.0,156408|225|2021-02-09,-0.49568387800712194,0.0
157353,225,2021-02-09,2021-02-18,10,control,0,0.054554705,0,dept_225_closure_2021-02-09,2021-01-10,2021-01,-3,0,0.0,157353|225|2021-02-09,-0.5024881030071219,0.0
158587,225,2021-02-09,2021-02-18,10,control,0,0.16717811,0,dept_225_closure_2021-02-09,2021-01-10,2021-01,-3,0,0.0,158587|225|2021-02-09,-0.3898646980071219,0.0
159426,225,2021-02-09,2021-02-18,10,control,0,0.9888276,1,dept_225_closure_2021-02-09,2021-01-10,2021-01,-3,0,0.3,159426|225|2021-02-09,0.4317847919928781,0.0
160269,225,2021-02-09,2021-02-18,10,control,0,0.7384821,1,dept_225_closure_2021-02-09,2021-01-10,2021-01,-3,0,0.1,160269|225|2021-02-09,0.18143929199287812,0.0
161725,225,2021-02-09,2021-02-18,10,treatment,1,0.45389333,0,dept_225_closure_2021-02-09,2021-01-10,2021-01,-3,0,0.1,161725|225|2021-02-09,-0.10314947800712193,0.0
163448,225,2021-02-09,2021-02-18,10,control,0,0.5847298,1,dept_225_closure_2021-02-09,2021-01-10,2021-01,-3,0,0.0,163448|225|2021-02-09,0.02768699199287805,0.0
168489,225,2021-02-09,2021-02-18,10,control,0,0.3054672,0,dept_225_closure_2021-02-09,2021-01-10,2021-01,-3,0,0.0,168489|225|2021-02-09,-0.2515756080071219,0.0
170689,225,2021-02-09,2021-02-18,10,control,0,0.8717616,1,dept_225_closure_2021-02-09,2021-01-10,2021-01,-3,0,0.1,170689|225|2021-02-09,0.3147187919928781,0.0
170963,225,2021-02-09,2021-02-18,10,control,0,0.9097696,1,dept_225_closure_2021-02-09,2021-01-10,2021-01,-3,0,0.2,170963|225|2021-02-09,0.35272679199287804,0.0
170998,225,2021-02-09,2021-02-18,10,control,0,0.9982672,1,dept_225_closure_2021-02-09,2021-01-10,2021-01,-3,0,0.4,170998|225|2021-02-09,0.4412243919928781,0.0
172338,225,2021-02-09,2021-02-18,10,control,0,0.94404244,1,dept_225_closure_2021-02-09,2021-01-10,2021-01,-3,0,0.2,172338|225|2021-02-09,0.3869996319928781,0.0
172531,225,2021-02-09,2021-02-18,10,control,0,0.22820017,0,dept_225_closure_2021-02-09,2021-01-10,2021-01,-3,0,0.1,172531|225|2021-02-09,-0.3288426380071219,0.0
175025,225,2021-02-09,2021-02-18,10,control,0,0.39642844,0,dept_225_closure_2021-02-09,2021-01-10,2021-01,-3,0,0.1,175025|225|2021-02-09,-0.16061436800712192,0.0
177352,225,2021-02-09,2021-02-18,10,control,0,0.012363931,0,dept_225_closure_2021-02-09,2021-01-10,2021-01,-3,0,0.0,177352|225|2021-02-09,-0.5446788770071219,0.0
177848,225,2021-02-09,2021-02-18,10,control,0,0.26560098,0,dept_225_closure_2021-02-09,2021-01-10,2021-01,-3,0,0.0,177848|225|2021-02-09,-0.29144182800712193,0.0
179248,225,2021-02-09,2021-02-18,10,control,0,0.4933257,0,dept_225_closure_2021-02-09,2021-01-10,2021-01,-3,0,0.0,179248|225|2021-02-09,-0.06371710800712194,0.0
180666,225,2021-02-09,2021-02-18,10,control,0,0.15228039,0,dept_225_closure_2021-02-09,2021-01-10,2021-01,-3,0,0.0,180666|225|2021-02-09,-0.4047624180071219,0.0
181071,225,2021-02-09,2021-02-18,10,control,0,0.90928394,1,dept_225_closure_2021-02-09,2021-01-10,2021-01,-3,0,0.1,181071|225|2021-02-09,0.3522411319928781,0.0
184787,225,2021-02-09,2021-02-18,10,control,0,0.8334096,1,dept_225_closure_2021-02-09,2021-01-10,2021-01,-3,0,0.0,184787|225|2021-02-09,0.27636679199287806,0.0
186124,225,2021-02-09,2021-02-18,10,treatment,1,0.94084996,1,dept_225_closure_2021-02-09,2021-01-10,2021-01,-3,0,0.2,186124|225|2021-02-09,0.38380715199287807,0.0
187174,225,2021-02-09,2021-02-18,10,control,0,0.42895404,0,dept_225_closure_2021-02-09,2021-01-10,2021-01,-3,0,0.3,187174|225|2021-02-09,-0.12808876800712193,0.0
189086,225,2021-02-09,2021-02-18,10,control,0,0.32330012,0,dept_225_closure_2021-02-09,2021-01-10,2021-01,-3,0,0.0,189086|225|2021-02-09,-0.2337426880071219,0.0
189719,225,2021-02-09,2021-02-18,10,control,0,0.425074,0,dept_225_closure_2021-02-09,2021-01-10,2021-01,-3,0,0.0,189719|225|2021-02-09,-0.1319688080071219,0.0
194332,225,2021-02-09,2021-02-18,10,control,0,0.62658477,1,dept_225_closure_2021-02-09,2021-01-10,2021-01,-3,0,0.2,194332|225|2021-02-09,0.0695419619928781,0.0
195383,225,2021-02-09,2021-02-18,10,control,0,0.8553834,1,dept_225_closure_2021-02-09,2021-01-10,2021-01,-3,0,0.1,195383|225|2021-02-09,0.2983405919928781,0.0
195662,225,2021-02-09,2021-02-18,10,control,0,0.849924,1,dept_225_closure_2021-02-09,2021-01-10,2021-01,-3,0,0.0,195662|225|2021-02-09,0.2928811919928781,0.0
197268,225,2021-02-09,2021-02-18,10,control,0,0.03983477,0,dept_225_closure_2021-02-09,2021-01-10,2021-01,-3,0,0.1,197268|225|2021-02-09,-0.5172080380071219,0.0
201662,225,2021-02-09,2021-02-18,10,control,0,0.96532935,1,dept_225_closure_2021-02-09,2021-01-10,2021-01,-3,0,0.3,201662|225|2021-02-09,0.40828654199287806,0.0
201707,225,2021-02-09,2021-02-18,10,control,0,0.99219394,1,dept_225_closure_2021-02-09,2021-01-10,2021-01,-3,0,0.5,201707|225|2021-02-09,0.43515113199287814,0.0
201773,225,2021-02-09,2021-02-18,10,control,0,0.27926448,0,dept_225_closure_2021-02-09,2021-01-10,2021-01,-3,0,0.0,201773|225|2021-02-09,-0.27777832800712193,0.0
203040,225,2021-02-09,2021-02-18,10,control,0,0.63117754,1,dept_225_closure_2021-02-09,2021-01-10,2021-01,-3,0,0.0,203040|225|2021-02-09,0.07413473199287812,0.0
205446,225,2021-02-09,2021-02-18,10,control,0,0.5259462,1,dept_225_closure_2021-02-09,2021-01-10,2021-01,-3,0,0.1,205446|225|2021-02-09,-0.031096608007121884,0.0
206370,225,2021-02-09,2021-02-18,10,control,0,0.20877051,0,dept_225_closure_2021-02-09,2021-01-10,2021-01,-3,0,0.0,206370|225|2021-02-09,-0.3482722980071219,0.0
206748,225,2021-02-09,2021-02-18,10,control,0,0.6869173,1,dept_225_closure_2021-02-09,2021-01-10,2021-01,-3,0,0.3,206748|225|2021-02-09,0.12987449199287804,0.0
206820,225,2021-02-09,2021-02-18,10,control,0,0.5056104,1,dept_225_closure_2021-02-09,2021-01-10,2021-01,-3,0,0.2,206820|225|2021-02-09,-0.0514324080071219,0.0
206904,225,2021-02-09,2021-02-18,10,control,0,0.9530811,1,dept_225_closure_2021-02-09,2021-01-10,2021-01,-3,0,0.2,206904|225|2021-02-09,0.3960382919928781,0.0
207447,225,2021-02-09,2021-02-18,10,control,0,0.34226012,0,dept_225_closure_2021-02-09,2021-01-10,2021-01,-3,0,0.0,207447|225|2021-02-09,-0.2147826880071219,0.0
208009,225,2021-02-09,2021-02-18,10,control,0,0.97873425,1,dept_225_closure_2021-02-09,2021-01-10,2021-01,-3,0,0.5,208009|225|2021-02-09,0.4216914419928781,0.0
208524,225,2021-02-09,2021-02-18,10,control,0,0.8358825,1,dept_225_closure_2021-02-09,2021-01-10,2021-01,-3,0,0.1,208524|225|2021-02-09,0.27883969199287806,0.0
208745,225,2021-02-09,2021-02-18,10,control,0,0.99224687,1,dept_225_closure_2021-02-09,2021-01-10,2021-01,-3,0,0.3,208745|225|2021-02-09,0.4352040619928781,0.0
211176,225,2021-02-09,2021-02-18,10,control,0,0.6357622,1,dept_225_closure_2021-02-09,2021-01-10,2021-01,-3,0,0.0,211176|225|2021-02-09,0.07871939199287814,0.0
213773,225,2021-02-09,2021-02-18,10,control,0,0.7876915,1,dept_225_closure_2021-02-09,2021-01-10,2021-01,-3,0,0.1,213773|225|2021-02-09,0.23064869199287807,0.0
214084,225,2021-02-09,2021-02-18,10,treatment,1,0.861025,1,dept_225_closure_2021-02-09,2021-01-10,2021-01,-3,0,0.1,214084|225|2021-02-09,0.3039821919928781,0.0
215495,225,2021-02-09,2021-02-18,10,control,0,0.953905,1,dept_225_closure_2021-02-09,2021-01-10,2021-01,-3,0,0.7,215495|225|2021-02-09,0.3968621919928781,0.0
217435,225,2021-02-09,2021-02-18,10,control,0,0.4251149,0,dept_225_closure_2021-02-09,2021-01-10,2021-01,-3,0,0.0,217435|225|2021-02-09,-0.1319279080071219,0.0
217935,225,2021-02-09,2021-02-18,10,control,0,0.050150763,0,dept_225_closure_2021-02-09,2021-01-10,2021-01,-3,0,0.1,217935|225|2021-02-09,-0.5068920450071219,0.0
218655,225,2021-02-09,2021-02-18,10,control,0,0.9413818,1,dept_225_closure_2021-02-09,2021-01-10,2021-01,-3,0,0.1,218655|225|2021-02-09,0.38433899199287813,0.0
218845,225,2021-02-09,2021-02-18,10,control,0,0.62621844,1,dept_225_closure_2021-02-09,2021-01-10,2021-01,-3,0,0.0,218845|225|2021-02-09,0.06917563199287813,0.0
219180,225,2021-02-09,2021-02-18,10,treatment,1,0.9961695,1,dept_225_closure_2021-02-09,2021-01-10,2021-01,-3,0,0.1,219180|225|2021-02-09,0.4391266919928781,0.0
219890,225,2021-02-09,2021-02-18,10,control,0,0.23822242,0,dept_225_closure_2021-02-09,2021-01-10,2021-01,-3,0,0.0,219890|225|2021-02-09,-0.3188203880071219,0.0
220166,225,2021-02-09,2021-02-18,10,control,0,0.0636071,0,dept_225_closure_2021-02-09,2021-01-10,2021-01,-3,0,0.0,220166|225|2021-02-09,-0.4934357080071219,0.0
220625,225,2021-02-09,2021-02-18,10,control,0,0.43232545,0,dept_225_closure_2021-02-09,2021-01-10,2021-01,-3,0,0.1,220625|225|2021-02-09,-0.12471735800712191,0.0
224945,225,2021-02-09,2021-02-18,10,treatment,1,0.38563815,0,dept_225_closure_2021-02-09,2021-01-10,2021-01,-3,0,0.1,224945|225|2021-02-09,-0.1714046580071219,0.0
225305,225,2021-02-09,2021-02-18,10,treatment,1,0.22633466,0,dept_225_closure_2021-02-09,2021-01-10,2021-01,-3,0,0.0,225305|225|2021-02-09,-0.3307081480071219,0.0
228616,225,2021-02-09,2021-02-18,10,control,0,0.34855863,0,dept_225_closure_2021-02-09,2021-01-10,2021-01,-3,0,0.0,228616|225|2021-02-09,-0.20848417800712193,0.0
228853,225,2021-02-09,2021-02-18,10,control,0,0.70645857,1,dept_225_closure_2021-02-09,2021-01-10,2021-01,-3,0,0.0,228853|225|2021-02-09,0.1494157619928781,0.0
229849,225,2021-02-09,2021-02-18,10,control,0,0.99606764,1,dept_225_closure_2021-02-09,2021-01-10,2021-01,-3,0,0.3,229849|225|2021-02-09,0.4390248319928781,0.0
230388,225,2021-02-09,2021-02-18,10,control,0,0.1738227,0,dept_225_closure_2021-02-09,2021-01-10,2021-01,-3,0,0.0,230388|225|2021-02-09,-0.3832201080071219,0.0
230407,225,2021-02-09,2021-02-18,10,control,0,0.79603475,1,dept_225_closure_2021-02-09,2021-01-10,2021-01,-3,0,0.3,230407|225|2021-02-09,0.2389919419928781,0.0
231902,225,2021-02-09,2021-02-18,10,control,0,0.9874134,1,dept_225_closure_2021-02-09,2021-01-10,2021-01,-3,0,0.4,231902|225|2021-02-09,0.4303705919928781,0.0
233275,225,2021-02-09,2021-02-18,10,control,0,0.57958674,1,dept_225_closure_2021-02-09,2021-01-10,2021-01,-3,0,0.1,233275|225|2021-02-09,0.022543931992878075,0.0
234862,225,2021-02-09,2021-02-18,10,control,0,0.39663664,0,dept_225_closure_2021-02-09,2021-01-10,2021-01,-3,0,0.0,234862|225|2021-02-09,-0.16040616800712193,0.0
235691,225,2021-02-09,2021-02-18,10,control,0,0.94813615,1,dept_225_closure_2021-02-09,2021-01-10,2021-01,-3,0,0.2,235691|225|2021-02-09,0.39109334199287804,0.0
237536,225,2021-02-09,2021-02-18,10,control,0,0.34888518,0,dept_225_closure_2021-02-09,2021-01-10,2021-01,-3,0,0.1,237536|225|2021-02-09,-0.2081576280071219,0.0
237750,225,2021-02-09,2021-02-18,10,control,0,0.95692825,1,dept_225_closure_2021-02-09,2021-01-10,2021-01,-3,0,0.2,237750|225|2021-02-09,0.3998854419928781,0.0
239422,225,2021-02-09,2021-02-18,10,control,0,0.7698608,1,dept_225_closure_2021-02-09,2021-01-10,2021-01,-3,0,0.3,239422|225|2021-02-09,0.2128179919928781,0.0
241420,225,2021-02-09,2021-02-18,10,control,0,0.9988871,1,dept_225_closure_2021-02-09,2021-01-10,2021-01,-3,0,0.7,241420|225|2021-02-09,0.4418442919928781,0.0
243726,225,2021-02-09,2021-02-18,10,control,0,0.6828458,1,dept_225_closure_2021-02-09,2021-01-10,2021-01,-3,0,0.0,243726|225|2021-02-09,0.12580299199287803,0.0
244643,225,2021-02-09,2021-02-18,10,control,0,0.9442424,1,dept_225_closure_2021-02-09,2021-01-10,2021-01,-3,0,0.2,244643|225|2021-02-09,0.3871995919928781,0.0
246087,225,2021-02-09,2021-02-18,10,control,0,0.9979746,1,dept_225_closure_2021-02-09,2021-01-10,2021-01,-3,0,0.4,246087|225|2021-02-09,0.44093179199287813,0.0
246226,225,2021-02-09,2021-02-18,10,control,0,0.060403388,0,dept_225_closure_2021-02-09,2021-01-10,2021-01,-3,0,0.1,246226|225|2021-02-09,-0.4966394200071219,0.0
249174,225,2021-02-09,2021-02-18,10,treatment,1,0.95790577,1,dept_225_closure_2021-02-09,2021-01-10,2021-01,-3,0,0.1,249174|225|2021-02-09,0.4008629619928781,0.0
249701,225,2021-02-09,2021-02-18,10,control,0,0.5075647,1,dept_225_closure_2021-02-09,2021-01-10,2021-01,-3,0,0.0,249701|225|2021-02-09,-0.049478108007121935,0.0
249960,225,2021-02-09,2021-02-18,10,control,0,0.45441312,0,dept_225_closure_2021-02-09,2021-01-10,2021-01,-3,0,0.3,249960|225|2021-02-09,-0.10262968800712191,0.0
254286,225,2021-02-09,2021-02-18,10,control,0,0.9327924,1,dept_225_closure_2021-02-09,2021-01-10,2021-01,-3,0,0.2,254286|225|2021-02-09,0.37574959199287805,0.0
255074,225,2021-02-09,2021-02-18,10,control,0,0.9490253,1,dept_225_closure_2021-02-09,2021-01-10,2021-01,-3,0,0.4,255074|225|2021-02-09,0.39198249199287805,0.0
258819,225,2021-02-09,2021-02-18,10,control,0,0.9568416,1,dept_225_closure_2021-02-09,2021-01-10,2021-01,-3,0,0.1,258819|225|2021-02-09,0.39979879199287804,0.0
266781,225,2021-02-09,2021-02-18,10,control,0,0.64680547,1,dept_225_closure_2021-02-09,2021-01-10,2021-01,-3,0,0.2,266781|225|2021-02-09,0.08976266199287808,0.0
267832,225,2021-02-09,2021-02-18,10,control,0,0.008410257,0,dept_225_closure_2021-02-09,2021-01-10,2021-01,-3,0,0.0,267832|225|2021-02-09,-0.5486325510071219,0.0
267860,225,2021-02-09,2021-02-18,10,control,0,0.85143113,1,dept_225_closure_2021-02-09,2021-01-10,2021-01,-3,0,0.4,267860|225|2021-02-09,0.2943883219928781,0.0
268666,225,2021-02-09,2021-02-18,10,control,0,0.07243374,0,dept_225_closure_2021-02-09,2021-01-10,2021-01,-3,0,0.0,268666|225|2021-02-09,-0.4846090680071219,0.0
269348,225,2021-02-09,2021-02-18,10,control,0,0.4435719,0,dept_225_closure_2021-02-09,2021-01-10,2021-01,-3,0,0.0,269348|225|2021-02-09,-0.1134709080071219,0.0
272062,225,2021-02-09,2021-02-18,10,control,0,0.3328512,0,dept_225_closure_2021-02-09,2021-01-10,2021-01,-3,0,0.1,272062|225|2021-02-09,-0.2241916080071219,0.0
272822,225,2021-02-09,2021-02-18,10,control,0,0.54888946,1,dept_225_closure_2021-02-09,2021-01-10,2021-01,-3,0,0.3,272822|225|2021-02-09,-0.008153348007121863,0.0
272830,225,2021-02-09,2021-02-18,10,treatment,1,0.65420413,1,dept_225_closure_2021-02-09,2021-01-10,2021-01,-3,0,0.0,272830|225|2021-02-09,0.09716132199287808,0.0
275594,225,2021-02-09,2021-02-18,10,control,0,0.61326,1,dept_225_closure_2021-02-09,2021-01-10,2021-01,-3,0,0.4,275594|225|2021-02-09,0.05621719199287811,0.0
276205,225,2021-02-09,2021-02-18,10,control,0,0.81832045,1,dept_225_closure_2021-02-09,2021-01-10,2021-01,-3,0,0.3,276205|225|2021-02-09,0.26127764199287806,0.0
280554,225,2021-02-09,2021-02-18,10,control,0,0.98874027,1,dept_225_closure_2021-02-09,2021-01-10,2021-01,-3,0,0.7,280554|225|2021-02-09,0.43169746199287806,0.0
281330,225,2021-02-09,2021-02-18,10,control,0,0.4121877,0,dept_225_closure_2021-02-09,2021-01-10,2021-01,-3,0,0.0,281330|225|2021-02-09,-0.14485510800712192,0.0
283074,225,2021-02-09,2021-02-18,10,control,0,0.47065625,0,dept_225_closure_2021-02-09,2021-01-10,2021-01,-3,0,0.0,283074|225|2021-02-09,-0.08638655800712192,0.0
283799,225,2021-02-09,2021-02-18,10,control,0,0.6180678,1,dept_225_closure_2021-02-09,2021-01-10,2021-01,-3,0,0.1,283799|225|2021-02-09,0.06102499199287803,0.0
284197,225,2021-02-09,2021-02-18,10,control,0,0.7610978,1,dept_225_closure_2021-02-09,2021-01-10,2021-01,-3,0,0.1,284197|225|2021-02-09,0.20405499199287813,0.0
284776,225,2021-02-09,2021-02-18,10,control,0,0.9613688,1,dept_225_closure_2021-02-09,2021-01-10,2021-01,-3,0,0.4,284776|225|2021-02-09,0.4043259919928781,0.0
286210,225,2021-02-09,2021-02-18,10,control,0,0.9975388,1,dept_225_closure_2021-02-09,2021-01-10,2021-01,-3,0,0.6,286210|225|2021-02-09,0.44049599199287803,0.0
287322,225,2021-02-09,2021-02-18,10,control,0,0.16299362,0,dept_225_closure_2021-02-09,2021-01-10,2021-01,-3,0,0.0,287322|225|2021-02-09,-0.3940491880071219,0.0
287375,225,2021-02-09,2021-02-18,10,control,0,0.6322628,1,dept_225_closure_2021-02-09,2021-01-10,2021-01,-3,0,0.0,287375|225|2021-02-09,0.0752199919928781,0.0
287863,225,2021-02-09,2021-02-18,10,control,0,0.98850876,1,dept_225_closure_2021-02-09,2021-01-10,2021-01,-3,0,0.4,287863|225|2021-02-09,0.43146595199287807,0.0
291356,225,2021-02-09,2021-02-18,10,control,0,0.815014,1,dept_225_closure_2021-02-09,2021-01-10,2021-01,-3,0,0.2,291356|225|2021-02-09,0.2579711919928781,0.0
291888,225,2021-02-09,2021-02-18,10,control,0,0.3402261,0,dept_225_closure_2021-02-09,2021-01-10,2021-01,-3,0,0.0,291888|225|2021-02-09,-0.21681670800712194,0.0
300800,225,2021-02-09,2021-02-18,10,control,0,0.9581977,1,dept_225_closure_2021-02-09,2021-01-10,2021-01,-3,0,0.3,300800|225|2021-02-09,0.4011548919928781,0.0
301618,225,2021-02-09,2021-02-18,10,control,0,0.7646375,1,dept_225_closure_2021-02-09,2021-01-10,2021-01,-3,0,0.0,301618|225|2021-02-09,0.20759469199287806,0.0
303017,225,2021-02-09,2021-02-18,10,control,0,0.90142965,1,dept_225_closure_2021-02-09,2021-01-10,2021-01,-3,0,0.1,303017|225|2021-02-09,0.34438684199287806,0.0
304311,225,2021-02-09,2021-02-18,10,control,0,0.25986248,0,dept_225_closure_2021-02-09,2021-01-10,2021-01,-3,0,0.0,304311|225|2021-02-09,-0.2971803280071219,0.0
306819,225,2021-02-09,2021-02-18,10,control,0,0.84821045,1,dept_225_closure_2021-02-09,2021-01-10,2021-01,-3,0,0.1,306819|225|2021-02-09,0.29116764199287803,0.0
307045,225,2021-02-09,2021-02-18,10,control,0,0.6588814,1,dept_225_closure_2021-02-09,2021-01-10,2021-01,-3,0,0.0,307045|225|2021-02-09,0.10183859199287804,0.0
308765,225,2021-02-09,2021-02-18,10,control,0,0.24936,0,dept_225_closure_2021-02-09,2021-01-10,2021-01,-3,0,0.0,308765|225|2021-02-09,-0.3076828080071219,0.0
309225,225,2021-02-09,2021-02-18,10,treatment,1,0.1776764,0,dept_225_closure_2021-02-09,2021-01-10,2021-01,-3,0,0.0,309225|225|2021-02-09,-0.3793664080071219,0.0
309425,225,2021-02-09,2021-02-18,10,treatment,1,0.06610407,0,dept_225_closure_2021-02-09,2021-01-10,2021-01,-3,0,0.1,309425|225|2021-02-09,-0.4909387380071219,0.0
311745,225,2021-02-09,2021-02-18,10,treatment,1,0.021281237,0,dept_225_closure_2021-02-09,2021-01-10,2021-01,-3,0,0.0,311745|225|2021-02-09,-0.535761571007122,0.0
313203,225,2021-02-09,2021-02-18,10,control,0,0.25599334,0,dept_225_closure_2021-02-09,2021-01-10,2021-01,-3,0,0.1,313203|225|2021-02-09,-0.3010494680071219,0.0
315451,225,2021-02-09,2021-02-18,10,control,0,0.9705118,1,dept_225_closure_2021-02-09,2021-01-10,2021-01,-3,0,0.5,315451|225|2021-02-09,0.4134689919928781,0.0
315647,225,2021-02-09,2021-02-18,10,control,0,0.3782344,0,dept_225_closure_2021-02-09,2021-01-10,2021-01,-3,0,0.2,315647|225|2021-02-09,-0.1788084080071219,0.0
315732,225,2021-02-09,2021-02-18,10,control,0,0.8427103,1,dept_225_closure_2021-02-09,2021-01-10,2021-01,-3,0,0.3,315732|225|2021-02-09,0.2856674919928781,0.0
317843,225,2021-02-09,2021-02-18,10,control,0,0.98815453,1,dept_225_closure_2021-02-09,2021-01-10,2021-01,-3,0,0.1,317843|225|2021-02-09,0.43111172199287806,0.0
318667,225,2021-02-09,2021-02-18,10,control,0,0.9570408,1,dept_225_closure_2021-02-09,2021-01-10,2021-01,-3,0,0.2,318667|225|2021-02-09,0.3999979919928781,0.0
319054,225,2021-02-09,2021-02-18,10,control,0,0.04163035,0,dept_225_closure_2021-02-09,2021-01-10,2021-01,-3,0,0.0,319054|225|2021-02-09,-0.5154124580071219,0.0
321167,225,2021-02-09,2021-02-18,10,control,0,0.82681614,1,dept_225_closure_2021-02-09,2021-01-10,2021-01,-3,0,0.0,321167|225|2021-02-09,0.2697733319928781,0.0
321263,225,2021-02-09,2021-02-18,10,treatment,1,0.5256569,1,dept_225_closure_2021-02-09,2021-01-10,2021-01,-3,0,0.1,321263|225|2021-02-09,-0.03138590800712193,0.0
321709,225,2021-02-09,2021-02-18,10,control,0,0.53771627,1,dept_225_closure_2021-02-09,2021-01-10,2021-01,-3,0,0.0,321709|225|2021-02-09,-0.01932653800712192,0.0
321846,225,2021-02-09,2021-02-18,10,control,0,0.9958906,1,dept_225_closure_2021-02-09,2021-01-10,2021-01,-3,0,0.6,321846|225|2021-02-09,0.43884779199287804,0.0
322570,225,2021-02-09,2021-02-18,10,control,0,0.4746458,0,dept_225_closure_2021-02-09,2021-01-10,2021-01,-3,0,0.4,322570|225|2021-02-09,-0.08239700800712191,0.0
323053,225,2021-02-09,2021-02-18,10,control,0,0.23941047,0,dept_225_closure_2021-02-09,2021-01-10,2021-01,-3,0,0.0,323053|225|2021-02-09,-0.31763233800712193,0.0
324836,225,2021-02-09,2021-02-18,10,control,0,0.74630404,1,dept_225_closure_2021-02-09,2021-01-10,2021-01,-3,0,0.2,324836|225|2021-02-09,0.18926123199287803,0.0
325434,225,2021-02-09,2021-02-18,10,control,0,0.2890141,0,dept_225_closure_2021-02-09,2021-01-10,2021-01,-3,0,0.0,325434|225|2021-02-09,-0.2680287080071219,0.0
325633,225,2021-02-09,2021-02-18,10,control,0,0.35559046,0,dept_225_closure_2021-02-09,2021-01-10,2021-01,-3,0,0.0,325633|225|2021-02-09,-0.20145234800712192,0.0
326293,225,2021-02-09,2021-02-18,10,control,0,0.09546325,0,dept_225_closure_2021-02-09,2021-01-10,2021-01,-3,0,0.0,326293|225|2021-02-09,-0.4615795580071219,0.0
326796,225,2021-02-09,2021-02-18,10,control,0,0.9852455,1,dept_225_closure_2021-02-09,2021-01-10,2021-01,-3,0,0.7,326796|225|2021-02-09,0.4282026919928781,0.0
328999,225,2021-02-09,2021-02-18,10,control,0,0.117217064,0,dept_225_closure_2021-02-09,2021-01-10,2021-01,-3,0,0.0,328999|225|2021-02-09,-0.43982574400712193,0.0
329476,225,2021-02-09,2021-02-18,10,control,0,0.0917978,0,dept_225_closure_2021-02-09,2021-01-10,2021-01,-3,0,0.0,329476|225|2021-02-09,-0.46524500800712193,0.0
329951,225,2021-02-09,2021-02-18,10,treatment,1,0.39544433,0,dept_225_closure_2021-02-09,2021-01-10,2021-01,-3,0,0.0,329951|225|2021-02-09,-0.1615984780071219,0.0
331130,225,2021-02-09,2021-02-18,10,control,0,0.14147724,0,dept_225_closure_2021-02-09,2021-01-10,2021-01,-3,0,0.1,331130|225|2021-02-09,-0.4155655680071219,0.0
331900,225,2021-02-09,2021-02-18,10,control,0,0.48254243,0,dept_225_closure_2021-02-09,2021-01-10,2021-01,-3,0,0.1,331900|225|2021-02-09,-0.07450037800712189,0.0
332741,225,2021-02-09,2021-02-18,10,control,0,0.69679976,1,dept_225_closure_2021-02-09,2021-01-10,2021-01,-3,0,0.1,332741|225|2021-02-09,0.13975695199287808,0.0
335610,225,2021-02-09,2021-02-18,10,control,0,0.6019868,1,dept_225_closure_2021-02-09,2021-01-10,2021-01,-3,0,0.1,335610|225|2021-02-09,0.04494399199287813,0.0
337373,225,2021-02-09,2021-02-18,10,treatment,1,0.7045855,1,dept_225_closure_2021-02-09,2021-01-10,2021-01,-3,0,0.1,337373|225|2021-02-09,0.14754269199287806,0.0
337995,225,2021-02-09,2021-02-18,10,treatment,1,0.25375792,0,dept_225_closure_2021-02-09,2021-01-10,2021-01,-3,0,0.0,337995|225|2021-02-09,-0.3032848880071219,0.0
338590,225,2021-02-09,2021-02-18,10,control,0,0.12135875,0,dept_225_closure_2021-02-09,2021-01-10,2021-01,-3,0,0.1,338590|225|2021-02-09,-0.4356840580071219,0.0
340681,225,2021-02-09,2021-02-18,10,control,0,0.0892653,0,dept_225_closure_2021-02-09,2021-01-10,2021-01,-3,0,0.0,340681|225|2021-02-09,-0.4677775080071219,0.0
346633,225,2021-02-09,2021-02-18,10,control,0,0.634922,1,dept_225_closure_2021-02-09,2021-01-10,2021-01,-3,0,0.0,346633|225|2021-02-09,0.07787919199287807,0.0
346829,225,2021-02-09,2021-02-18,10,control,0,0.6967923,1,dept_225_closure_2021-02-09,2021-01-10,2021-01,-3,0,0.1,346829|225|2021-02-09,0.13974949199287812,0.0
347007,225,2021-02-09,2021-02-18,10,treatment,1,0.9279068,1,dept_225_closure_2021-02-09,2021-01-10,2021-01,-3,0,0.4,347007|225|2021-02-09,0.3708639919928781,0.0
348194,225,2021-02-09,2021-02-18,10,control,0,0.9463242,1,dept_225_closure_2021-02-09,2021-01-10,2021-01,-3,0,0.3,348194|225|2021-02-09,0.38928139199287803,0.0
348223,225,2021-02-09,2021-02-18,10,control,0,0.9166912,1,dept_225_closure_2021-02-09,2021-01-10,2021-01,-3,0,0.2,348223|225|2021-02-09,0.3596483919928781,0.0
349263,225,2021-02-09,2021-02-18,10,treatment,1,0.67589456,1,dept_225_closure_2021-02-09,2021-01-10,2021-01,-3,0,0.1,349263|225|2021-02-09,0.11885175199287812,0.0
349947,225,2021-02-09,2021-02-18,10,control,0,0.3566129,0,dept_225_closure_2021-02-09,2021-01-10,2021-01,-3,0,0.1,349947|225|2021-02-09,-0.2004299080071219,0.0
350836,225,2021-02-09,2021-02-18,10,control,0,0.9993635,1,dept_225_closure_2021-02-09,2021-01-10,2021-01,-3,0,0.7,350836|225|2021-02-09,0.44232069199287805,0.0
355020,225,2021-02-09,2021-02-18,10,control,0,0.35674804,0,dept_225_closure_2021-02-09,2021-01-10,2021-01,-3,0,0.0,355020|225|2021-02-09,-0.20029476800712193,0.0
355506,225,2021-02-09,2021-02-18,10,treatment,1,0.7604829,1,dept_225_closure_2021-02-09,2021-01-10,2021-01,-3,0,0.1,355506|225|2021-02-09,0.20344009199287805,0.0
355559,225,2021-02-09,2021-02-18,10,control,0,0.9997812,1,dept_225_closure_2021-02-09,2021-01-10,2021-01,-3,0,0.4,355559|225|2021-02-09,0.4427383919928781,0.0
356801,225,2021-02-09,2021-02-18,10,control,0,0.39246687,0,dept_225_closure_2021-02-09,2021-01-10,2021-01,-3,0,0.0,356801|225|2021-02-09,-0.1645759380071219,0.0
358354,225,2021-02-09,2021-02-18,10,control,0,0.3476285,0,dept_225_closure_2021-02-09,2021-01-10,2021-01,-3,0,0.0,358354|225|2021-02-09,-0.2094143080071219,0.0
358508,225,2021-02-09,2021-02-18,10,treatment,1,0.98895127,1,dept_225_closure_2021-02-09,2021-01-10,2021-01,-3,0,0.7,358508|225|2021-02-09,0.43190846199287813,0.0
359557,225,2021-02-09,2021-02-18,10,treatment,1,0.43182382,0,dept_225_closure_2021-02-09,2021-01-10,2021-01,-3,0,0.0,359557|225|2021-02-09,-0.1252189880071219,0.0
361866,225,2021-02-09,2021-02-18,10,control,0,0.2885477,0,dept_225_closure_2021-02-09,2021-01-10,2021-01,-3,0,0.0,361866|225|2021-02-09,-0.2684951080071219,0.0
362157,225,2021-02-09,2021-02-18,10,control,0,0.6285289,1,dept_225_closure_2021-02-09,2021-01-10,2021-01,-3,0,0.1,362157|225|2021-02-09,0.07148609199287803,0.0
362647,225,2021-02-09,2021-02-18,10,control,0,0.97810817,1,dept_225_closure_2021-02-09,2021-01-10,2021-01,-3,0,0.4,362647|225|2021-02-09,0.42106536199287814,0.0
363917,225,2021-02-09,2021-02-18,10,control,0,0.14968768,0,dept_225_closure_2021-02-09,2021-01-10,2021-01,-3,0,0.1,363917|225|2021-02-09,-0.4073551280071219,0.0
365981,225,2021-02-09,2021-02-18,10,control,0,0.78223735,1,dept_225_closure_2021-02-09,2021-01-10,2021-01,-3,0,0.1,365981|225|2021-02-09,0.22519454199287814,0.0
366967,225,2021-02-09,2021-02-18,10,control,0,0.8748402,1,dept_225_closure_2021-02-09,2021-01-10,2021-01,-3,0,0.0,366967|225|2021-02-09,0.31779739199287804,0.0
367111,225,2021-02-09,2021-02-18,10,control,0,0.135889,0,dept_225_closure_2021-02-09,2021-01-10,2021-01,-3,0,0.1,367111|225|2021-02-09,-0.4211538080071219,0.0
367562,225,2021-02-09,2021-02-18,10,control,0,0.44473973,0,dept_225_closure_2021-02-09,2021-01-10,2021-01,-3,0,0.0,367562|225|2021-02-09,-0.11230307800712191,0.0
368245,225,2021-02-09,2021-02-18,10,treatment,1,0.74348015,1,dept_225_closure_2021-02-09,2021-01-10,2021-01,-3,0,0.2,368245|225|2021-02-09,0.1864373419928781,0.0
370655,225,2021-02-09,2021-02-18,10,control,0,0.95070106,1,dept_225_closure_2021-02-09,2021-01-10,2021-01,-3,0,0.2,370655|225|2021-02-09,0.39365825199287807,0.0
370948,225,2021-02-09,2021-02-18,10,control,0,0.47814432,0,dept_225_closure_2021-02-09,2021-01-10,2021-01,-3,0,0.0,370948|225|2021-02-09,-0.0788984880071219,0.0
373453,225,2021-02-09,2021-02-18,10,control,0,0.12594806,0,dept_225_closure_2021-02-09,2021-01-10,2021-01,-3,0,0.1,373453|225|2021-02-09,-0.4310947480071219,0.0
374365,225,2021-02-09,2021-02-18,10,control,0,0.16299587,0,dept_225_closure_2021-02-09,2021-01-10,2021-01,-3,0,0.0,374365|225|2021-02-09,-0.3940469380071219,0.0
376317,225,2021-02-09,2021-02-18,10,treatment,1,0.3172194,0,dept_225_closure_2021-02-09,2021-01-10,2021-01,-3,0,0.2,376317|225|2021-02-09,-0.23982340800712193,0.0
378384,225,2021-02-09,2021-02-18,10,control,0,0.9768808,1,dept_225_closure_2021-02-09,2021-01-10,2021-01,-3,0,0.6,378384|225|2021-02-09,0.4198379919928781,0.0
381219,225,2021-02-09,2021-02-18,10,control,0,0.8107899,1,dept_225_closure_2021-02-09,2021-01-10,2021-01,-3,0,0.2,381219|225|2021-02-09,0.25374709199287804,0.0
382479,225,2021-02-09,2021-02-18,10,control,0,0.49913758,0,dept_225_closure_2021-02-09,2021-01-10,2021-01,-3,0,0.1,382479|225|2021-02-09,-0.05790522800712189,0.0
382655,225,2021-02-09,2021-02-18,10,control,0,0.48623624,0,dept_225_closure_2021-02-09,2021-01-10,2021-01,-3,0,0.0,382655|225|2021-02-09,-0.07080656800712193,0.0
382771,225,2021-02-09,2021-02-18,10,treatment,1,0.8868053,1,dept_225_closure_2021-02-09,2021-01-10,2021-01,-3,0,0.1,382771|225|2021-02-09,0.3297624919928781,0.0
386353,225,2021-02-09,2021-02-18,10,control,0,0.44928175,0,dept_225_closure_2021-02-09,2021-01-10,2021-01,-3,0,0.2,386353|225|2021-02-09,-0.10776105800712193,0.0
386934,225,2021-02-09,2021-02-18,10,control,0,0.88146484,1,dept_225_closure_2021-02-09,2021-01-10,2021-01,-3,0,0.1,386934|225|2021-02-09,0.3244220319928781,0.0
387595,225,2021-02-09,2021-02-18,10,control,0,0.91805726,1,dept_225_closure_2021-02-09,2021-01-10,2021-01,-3,0,0.1,387595|225|2021-02-09,0.36101445199287807,0.0
388363,225,2021-02-09,2021-02-18,10,control,0,0.9731699,1,dept_225_closure_2021-02-09,2021-01-10,2021-01,-3,0,0.3,388363|225|2021-02-09,0.4161270919928781,0.0
390747,225,2021-02-09,2021-02-18,10,control,0,0.10827,0,dept_225_closure_2021-02-09,2021-01-10,2021-01,-3,0,0.0,390747|225|2021-02-09,-0.44877280800712194,0.0
391275,225,2021-02-09,2021-02-18,10,control,0,0.1237231,0,dept_225_closure_2021-02-09,2021-01-10,2021-01,-3,0,0.0,391275|225|2021-02-09,-0.43331970800712194,0.0
395354,225,2021-02-09,2021-02-18,10,treatment,1,0.3047165,0,dept_225_closure_2021-02-09,2021-01-10,2021-01,-3,0,0.0,395354|225|2021-02-09,-0.2523263080071219,0.0
396599,225,2021-02-09,2021-02-18,10,control,0,0.19667627,0,dept_225_closure_2021-02-09,2021-01-10,2021-01,-3,0,0.1,396599|225|2021-02-09,-0.36036653800712193,0.0
396971,225,2021-02-09,2021-02-18,10,control,0,0.066589184,0,dept_225_closure_2021-02-09,2021-01-10,2021-01,-3,0,0.0,396971|225|2021-02-09,-0.4904536240071219,0.0
397043,225,2021-02-09,2021-02-18,10,control,0,0.8672236,1,dept_225_closure_2021-02-09,2021-01-10,2021-01,-3,0,0.1,397043|225|2021-02-09,0.31018079199287807,0.0
398354,225,2021-02-09,2021-02-18,10,control,0,0.6507126,1,dept_225_closure_2021-02-09,2021-01-10,2021-01,-3,0,0.0,398354|225|2021-02-09,0.09366979199287806,0.0
399046,225,2021-02-09,2021-02-18,10,control,0,0.5696758,1,dept_225_closure_2021-02-09,2021-01-10,2021-01,-3,0,0.1,399046|225|2021-02-09,0.01263299199287804,0.0
399413,225,2021-02-09,2021-02-18,10,control,0,0.916818,1,dept_225_closure_2021-02-09,2021-01-10,2021-01,-3,0,0.2,399413|225|2021-02-09,0.3597751919928781,0.0
399931,225,2021-02-09,2021-02-18,10,treatment,1,0.55405474,1,dept_225_closure_2021-02-09,2021-01-10,2021-01,-3,0,0.0,399931|225|2021-02-09,-0.0029880680071219246,0.0
400776,225,2021-02-09,2021-02-18,10,control,0,0.4215834,0,dept_225_closure_2021-02-09,2021-01-10,2021-01,-3,0,0.1,400776|225|2021-02-09,-0.13545940800712192,0.0
402754,225,2021-02-09,2021-02-18,10,control,0,0.3393672,0,dept_225_closure_2021-02-09,2021-01-10,2021-01,-3,0,0.1,402754|225|2021-02-09,-0.21767560800712193,0.0
403154,225,2021-02-09,2021-02-18,10,control,0,0.031127399,0,dept_225_closure_2021-02-09,2021-01-10,2021-01,-3,0,0.1,403154|225|2021-02-09,-0.5259154090071219,0.0
403446,225,2021-02-09,2021-02-18,10,control,0,0.5542411,1,dept_225_closure_2021-02-09,2021-01-10,2021-01,-3,0,0.0,403446|225|2021-02-09,-0.0028017080071218725,0.0
404352,225,2021-02-09,2021-02-18,10,control,0,0.9993554,1,dept_225_closure_2021-02-09,2021-01-10,2021-01,-3,0,0.7,404352|225|2021-02-09,0.4423125919928781,0.0
406126,225,2021-02-09,2021-02-18,10,control,0,0.61097187,1,dept_225_closure_2021-02-09,2021-01-10,2021-01,-3,0,0.0,406126|225|2021-02-09,0.05392906199287806,0.0
407060,225,2021-02-09,2021-02-18,10,treatment,1,0.2642639,0,dept_225_closure_2021-02-09,2021-01-10,2021-01,-3,0,0.0,407060|225|2021-02-09,-0.2927789080071219,0.0
409183,225,2021-02-09,2021-02-18,10,treatment,1,0.20574966,0,dept_225_closure_2021-02-09,2021-01-10,2021-01,-3,0,0.2,409183|225|2021-02-09,-0.3512931480071219,0.0
409407,225,2021-02-09,2021-02-18,10,control,0,0.6272991,1,dept_225_closure_2021-02-09,2021-01-10,2021-01,-3,0,0.0,409407|225|2021-02-09,0.07025629199287808,0.0
409880,225,2021-02-09,2021-02-18,10,control,0,0.89655435,1,dept_225_closure_2021-02-09,2021-01-10,2021-01,-3,0,0.4,409880|225|2021-02-09,0.33951154199287814,0.0
410210,225,2021-02-09,2021-02-18,10,control,0,0.028627863,0,dept_225_closure_2021-02-09,2021-01-10,2021-01,-3,0,0.0,410210|225|2021-02-09,-0.5284149450071219,0.0
411602,225,2021-02-09,2021-02-18,10,control,0,0.8244264,1,dept_225_closure_2021-02-09,2021-01-10,2021-01,-3,0,0.1,411602|225|2021-02-09,0.2673835919928781,0.0
413500,225,2021-02-09,2021-02-18,10,control,0,0.9955237,1,dept_225_closure_2021-02-09,2021-01-10,2021-01,-3,0,0.2,413500|225|2021-02-09,0.4384808919928781,0.0
413542,225,2021-02-09,2021-02-18,10,control,0,0.94302773,1,dept_225_closure_2021-02-09,2021-01-10,2021-01,-3,0,0.2,413542|225|2021-02-09,0.38598492199287804,0.0
414176,225,2021-02-09,2021-02-18,10,control,0,0.71674174,1,dept_225_closure_2021-02-09,2021-01-10,2021-01,-3,0,0.4,414176|225|2021-02-09,0.1596989319928781,0.0
414601,225,2021-02-09,2021-02-18,10,control,0,0.42178676,0,dept_225_closure_2021-02-09,2021-01-10,2021-01,-3,0,0.3,414601|225|2021-02-09,-0.13525604800712193,0.0
417063,225,2021-02-09,2021-02-18,10,treatment,1,0.3493233,0,dept_225_closure_2021-02-09,2021-01-10,2021-01,-3,0,0.1,417063|225|2021-02-09,-0.2077195080071219,0.0
417624,225,2021-02-09,2021-02-18,10,control,0,0.8831816,1,dept_225_closure_2021-02-09,2021-01-10,2021-01,-3,0,0.2,417624|225|2021-02-09,0.3261387919928781,0.0
420534,225,2021-02-09,2021-02-18,10,control,0,0.35066342,0,dept_225_closure_2021-02-09,2021-01-10,2021-01,-3,0,0.0,420534|225|2021-02-09,-0.2063793880071219,0.0
421583,225,2021-02-09,2021-02-18,10,treatment,1,0.37277293,0,dept_225_closure_2021-02-09,2021-01-10,2021-01,-3,0,0.0,421583|225|2021-02-09,-0.1842698780071219,0.0
421595,225,2021-02-09,2021-02-18,10,control,0,0.13892803,0,dept_225_closure_2021-02-09,2021-01-10,2021-01,-3,0,0.1,421595|225|2021-02-09,-0.41811477800712193,0.0
422210,225,2021-02-09,2021-02-18,10,control,0,0.9951025,1,dept_225_closure_2021-02-09,2021-01-10,2021-01,-3,0,0.2,422210|225|2021-02-09,0.4380596919928781,0.0
422336,225,2021-02-09,2021-02-18,10,control,0,0.83844286,1,dept_225_closure_2021-02-09,2021-01-10,2021-01,-3,0,0.0,422336|225|2021-02-09,0.2814000519928781,0.0
425289,225,2021-02-09,2021-02-18,10,control,0,0.2427501,0,dept_225_closure_2021-02-09,2021-01-10,2021-01,-3,0,0.0,425289|225|2021-02-09,-0.31429270800712195,0.0
425821,225,2021-02-09,2021-02-18,10,treatment,1,0.79966164,1,dept_225_closure_2021-02-09,2021-01-10,2021-01,-3,0,0.1,425821|225|2021-02-09,0.24261883199287804,0.0
427750,225,2021-02-09,2021-02-18,10,control,0,0.82984,1,dept_225_closure_2021-02-09,2021-01-10,2021-01,-3,0,0.3,427750|225|2021-02-09,0.2727971919928781,0.0
428456,225,2021-02-09,2021-02-18,10,control,0,0.43543127,0,dept_225_closure_2021-02-09,2021-01-10,2021-01,-3,0,0.0,428456|225|2021-02-09,-0.12161153800712193,0.0
428894,225,2021-02-09,2021-02-18,10,control,0,0.99533254,1,dept_225_closure_2021-02-09,2021-01-10,2021-01,-3,0,0.5,428894|225|2021-02-09,0.43828973199287813,0.0
428909,225,2021-02-09,2021-02-18,10,control,0,0.7319816,1,dept_225_closure_2021-02-09,2021-01-10,2021-01,-3,0,0.3,428909|225|2021-02-09,0.1749387919928781,0.0
430385,225,2021-02-09,2021-02-18,10,treatment,1,0.67291415,1,dept_225_closure_2021-02-09,2021-01-10,2021-01,-3,0,0.1,430385|225|2021-02-09,0.11587134199287807,0.0
430856,225,2021-02-09,2021-02-18,10,control,0,0.113914736,0,dept_225_closure_2021-02-09,2021-01-10,2021-01,-3,0,0.0,430856|225|2021-02-09,-0.4431280720071219,0.0
432774,225,2021-02-09,2021-02-18,10,control,0,0.42122024,0,dept_225_closure_2021-02-09,2021-01-10,2021-01,-3,0,0.2,432774|225|2021-02-09,-0.1358225680071219,0.0
433451,225,2021-02-09,2021-02-18,10,control,0,0.66453654,1,dept_225_closure_2021-02-09,2021-01-10,2021-01,-3,0,0.1,433451|225|2021-02-09,0.10749373199287804,0.0
434436,225,2021-02-09,2021-02-18,10,control,0,0.32243565,0,dept_225_closure_2021-02-09,2021-01-10,2021-01,-3,0,0.1,434436|225|2021-02-09,-0.2346071580071219,0.0
437482,225,2021-02-09,2021-02-18,10,control,0,0.76939327,1,dept_225_closure_2021-02-09,2021-01-10,2021-01,-3,0,0.3,437482|225|2021-02-09,0.2123504619928781,0.0
437779,225,2021-02-09,2021-02-18,10,control,0,0.30429742,0,dept_225_closure_2021-02-09,2021-01-10,2021-01,-3,0,0.2,437779|225|2021-02-09,-0.25274538800712193,0.0
437833,225,2021-02-09,2021-02-18,10,control,0,0.96572256,1,dept_225_closure_2021-02-09,2021-01-10,2021-01,-3,0,0.2,437833|225|2021-02-09,0.4086797519928781,0.0
438478,225,2021-02-09,2021-02-18,10,control,0,0.79792196,1,dept_225_closure_2021-02-09,2021-01-10,2021-01,-3,0,0.3,438478|225|2021-02-09,0.24087915199287813,0.0
439163,225,2021-02-09,2021-02-18,10,control,0,0.6120299,1,dept_225_closure_2021-02-09,2021-01-10,2021-01,-3,0,0.1,439163|225|2021-02-09,0.0549870919928781,0.0
440038,225,2021-02-09,2021-02-18,10,control,0,0.99606234,1,dept_225_closure_2021-02-09,2021-01-10,2021-01,-3,0,0.4,440038|225|2021-02-09,0.43901953199287813,0.0
444671,225,2021-02-09,2021-02-18,10,treatment,1,0.2107164,0,dept_225_closure_2021-02-09,2021-01-10,2021-01,-3,0,0.0,444671|225|2021-02-09,-0.3463264080071219,0.0
444939,225,2021-02-09,2021-02-18,10,control,0,0.5629561,1,dept_225_closure_2021-02-09,2021-01-10,2021-01,-3,0,0.6,444939|225|2021-02-09,0.005913291992878045,0.0
446553,225,2021-02-09,2021-02-18,10,control,0,0.69638073,1,dept_225_closure_2021-02-09,2021-01-10,2021-01,-3,0,0.0,446553|225|2021-02-09,0.1393379219928781,0.0
448300,225,2021-02-09,2021-02-18,10,control,0,0.15980117,0,dept_225_closure_2021-02-09,2021-01-10,2021-01,-3,0,0.4,448300|225|2021-02-09,-0.3972416380071219,0.0
448365,225,2021-02-09,2021-02-18,10,control,0,0.610063,1,dept_225_closure_2021-02-09,2021-01-10,2021-01,-3,0,0.1,448365|225|2021-02-09,0.05302019199287811,0.0
450464,225,2021-02-09,2021-02-18,10,control,0,0.0899341,0,dept_225_closure_2021-02-09,2021-01-10,2021-01,-3,0,0.0,450464|225|2021-02-09,-0.4671087080071219,0.0
451797,225,2021-02-09,2021-02-18,10,control,0,0.5686298,1,dept_225_closure_2021-02-09,2021-01-10,2021-01,-3,0,0.1,451797|225|2021-02-09,0.011586991992878048,0.0
451856,225,2021-02-09,2021-02-18,10,control,0,0.81858045,1,dept_225_closure_2021-02-09,2021-01-10,2021-01,-3,0,0.2,451856|225|2021-02-09,0.2615376419928781,0.0
453594,225,2021-02-09,2021-02-18,10,control,0,0.51488364,1,dept_225_closure_2021-02-09,2021-01-10,2021-01,-3,0,0.0,453594|225|2021-02-09,-0.04215916800712194,0.0
454303,225,2021-02-09,2021-02-18,10,control,0,0.42539623,0,dept_225_closure_2021-02-09,2021-01-10,2021-01,-3,0,0.0,454303|225|2021-02-09,-0.13164657800712193,0.0
456801,225,2021-02-09,2021-02-18,10,control,0,0.44320226,0,dept_225_closure_2021-02-09,2021-01-10,2021-01,-3,0,0.0,456801|225|2021-02-09,-0.1138405480071219,0.0
457945,225,2021-02-09,2021-02-18,10,control,0,0.75042796,1,dept_225_closure_2021-02-09,2021-01-10,2021-01,-3,0,0.0,457945|225|2021-02-09,0.1933851519928781,0.0
458589,225,2021-02-09,2021-02-18,10,control,0,0.54510933,1,dept_225_closure_2021-02-09,2021-01-10,2021-01,-3,0,0.1,458589|225|2021-02-09,-0.011933478007121967,0.0
460269,225,2021-02-09,2021-02-18,10,control,0,0.58065283,1,dept_225_closure_2021-02-09,2021-01-10,2021-01,-3,0,0.0,460269|225|2021-02-09,0.023610021992878094,0.0
460404,225,2021-02-09,2021-02-18,10,control,0,0.35052446,0,dept_225_closure_2021-02-09,2021-01-10,2021-01,-3,0,0.0,460404|225|2021-02-09,-0.20651834800712193,0.0
464247,225,2021-02-09,2021-02-18,10,control,0,0.8327629,1,dept_225_closure_2021-02-09,2021-01-10,2021-01,-3,0,0.2,464247|225|2021-02-09,0.27572009199287806,0.0
464509,225,2021-02-09,2021-02-18,10,control,0,0.56256324,1,dept_225_closure_2021-02-09,2021-01-10,2021-01,-3,0,0.1,464509|225|2021-02-09,0.005520431992878105,0.0
464702,225,2021-02-09,2021-02-18,10,control,0,0.96385574,1,dept_225_closure_2021-02-09,2021-01-10,2021-01,-3,0,0.2,464702|225|2021-02-09,0.40681293199287805,0.0
465287,225,2021-02-09,2021-02-18,10,control,0,0.4809686,0,dept_225_closure_2021-02-09,2021-01-10,2021-01,-3,0,0.0,465287|225|2021-02-09,-0.07607420800712189,0.0
467269,225,2021-02-09,2021-02-18,10,control,0,0.5799187,1,dept_225_closure_2021-02-09,2021-01-10,2021-01,-3,0,0.0,467269|225|2021-02-09,0.022875891992878095,0.0
467336,225,2021-02-09,2021-02-18,10,treatment,1,0.14474845,0,dept_225_closure_2021-02-09,2021-01-10,2021-01,-3,0,0.0,467336|225|2021-02-09,-0.4122943580071219,0.0
467621,225,2021-02-09,2021-02-18,10,control,0,0.983469,1,dept_225_closure_2021-02-09,2021-01-10,2021-01,-3,0,0.5,467621|225|2021-02-09,0.4264261919928781,0.0
469389,225,2021-02-09,2021-02-18,10,control,0,0.612861,1,dept_225_closure_2021-02-09,2021-01-10,2021-01,-3,0,0.0,469389|225|2021-02-09,0.055818191992878075,0.0
469826,225,2021-02-09,2021-02-18,10,control,0,0.45079404,0,dept_225_closure_2021-02-09,2021-01-10,2021-01,-3,0,0.0,469826|225|2021-02-09,-0.10624876800712191,0.0
471891,225,2021-02-09,2021-02-18,10,control,0,0.53209096,1,dept_225_closure_2021-02-09,2021-01-10,2021-01,-3,0,0.1,471891|225|2021-02-09,-0.024951848007121913,0.0
472342,225,2021-02-09,2021-02-18,10,treatment,1,0.28729507,0,dept_225_closure_2021-02-09,2021-01-10,2021-01,-3,0,0.0,472342|225|2021-02-09,-0.26974773800712193,0.0
473127,225,2021-02-09,2021-02-18,10,control,0,0.98042405,1,dept_225_closure_2021-02-09,2021-01-10,2021-01,-3,0,0.6,473127|225|2021-02-09,0.4233812419928781,0.0
475523,225,2021-02-09,2021-02-18,10,control,0,0.52391076,1,dept_225_closure_2021-02-09,2021-01-10,2021-01,-3,0,0.2,475523|225|2021-02-09,-0.033132048007121884,0.0
478934,225,2021-02-09,2021-02-18,10,control,0,0.879664,1,dept_225_closure_2021-02-09,2021-01-10,2021-01,-3,0,0.2,478934|225|2021-02-09,0.3226211919928781,0.0
479982,225,2021-02-09,2021-02-18,10,control,0,0.72143114,1,dept_225_closure_2021-02-09,2021-01-10,2021-01,-3,0,0.3,479982|225|2021-02-09,0.16438833199287806,0.0
481053,225,2021-02-09,2021-02-18,10,control,0,0.60998887,1,dept_225_closure_2021-02-09,2021-01-10,2021-01,-3,0,0.1,481053|225|2021-02-09,0.0529460619928781,0.0
481534,225,2021-02-09,2021-02-18,10,treatment,1,0.7666529,1,dept_225_closure_2021-02-09,2021-01-10,2021-01,-3,0,0.1,481534|225|2021-02-09,0.20961009199287806,0.0
483355,225,2021-02-09,2021-02-18,10,treatment,1,0.21617046,0,dept_225_closure_2021-02-09,2021-01-10,2021-01,-3,0,0.0,483355|225|2021-02-09,-0.3408723480071219,0.0
484202,225,2021-02-09,2021-02-18,10,control,0,0.11625671,0,dept_225_closure_2021-02-09,2021-01-10,2021-01,-3,0,0.0,484202|225|2021-02-09,-0.44078609800712193,0.0
484803,225,2021-02-09,2021-02-18,10,control,0,0.48871788,0,dept_225_closure_2021-02-09,2021-01-10,2021-01,-3,0,0.0,484803|225|2021-02-09,-0.06832492800712192,0.0
487863,225,2021-02-09,2021-02-18,10,control,0,0.29896432,0,dept_225_closure_2021-02-09,2021-01-10,2021-01,-3,0,0.0,487863|225|2021-02-09,-0.2580784880071219,0.0
488759,225,2021-02-09,2021-02-18,10,control,0,0.560258,1,dept_225_closure_2021-02-09,2021-01-10,2021-01,-3,0,0.2,488759|225|2021-02-09,0.003215191992878119,0.0
489742,225,2021-02-09,2021-02-18,10,control,0,0.6274672,1,dept_225_closure_2021-02-09,2021-01-10,2021-01,-3,0,0.0,489742|225|2021-02-09,0.07042439199287809,0.0
493285,225,2021-02-09,2021-02-18,10,control,0,0.30452004,0,dept_225_closure_2021-02-09,2021-01-10,2021-01,-3,0,0.2,493285|225|2021-02-09,-0.2525227680071219,0.0
494278,225,2021-02-09,2021-02-18,10,control,0,0.1129235,0,dept_225_closure_2021-02-09,2021-01-10,2021-01,-3,0,0.0,494278|225|2021-02-09,-0.4441193080071219,0.0
502196,225,2021-02-09,2021-02-18,10,treatment,1,0.8333942,1,dept_225_closure_2021-02-09,2021-01-10,2021-01,-3,0,0.1,502196|225|2021-02-09,0.27635139199287806,0.0
502318,225,2021-02-09,2021-02-18,10,treatment,1,0.9765118,1,dept_225_closure_2021-02-09,2021-01-10,2021-01,-3,0,0.3,502318|225|2021-02-09,0.4194689919928781,0.0
503466,225,2021-02-09,2021-02-18,10,control,0,0.24881226,0,dept_225_closure_2021-02-09,2021-01-10,2021-01,-3,0,0.0,503466|225|2021-02-09,-0.3082305480071219,0.0
505843,225,2021-02-09,2021-02-18,10,treatment,1,0.6795407,1,dept_225_closure_2021-02-09,2021-01-10,2021-01,-3,0,0.0,505843|225|2021-02-09,0.12249789199287808,0.0
506867,225,2021-02-09,2021-02-18,10,control,0,0.9109191,1,dept_225_closure_2021-02-09,2021-01-10,2021-01,-3,0,0.3,506867|225|2021-02-09,0.35387629199287807,0.0
509425,225,2021-02-09,2021-02-18,10,control,0,0.21315736,0,dept_225_closure_2021-02-09,2021-01-10,2021-01,-3,0,0.0,509425|225|2021-02-09,-0.34388544800712195,0.0
510199,225,2021-02-09,2021-02-18,10,control,0,0.95041114,1,dept_225_closure_2021-02-09,2021-01-10,2021-01,-3,0,0.1,510199|225|2021-02-09,0.39336833199287813,0.0
510253,225,2021-02-09,2021-02-18,10,treatment,1,0.11474849,0,dept_225_closure_2021-02-09,2021-01-10,2021-01,-3,0,0.0,510253|225|2021-02-09,-0.44229431800712193,0.0
512120,225,2021-02-09,2021-02-18,10,control,0,0.123882264,0,dept_225_closure_2021-02-09,2021-01-10,2021-01,-3,0,0.0,512120|225|2021-02-09,-0.4331605440071219,0.0
512374,225,2021-02-09,2021-02-18,10,control,0,0.025796797,0,dept_225_closure_2021-02-09,2021-01-10,2021-01,-3,0,0.0,512374|225|2021-02-09,-0.5312460110071219,0.0
513432,225,2021-02-09,2021-02-18,10,control,0,0.75720835,1,dept_225_closure_2021-02-09,2021-01-10,2021-01,-3,0,0.3,513432|225|2021-02-09,0.20016554199287806,0.0
514186,225,2021-02-09,2021-02-18,10,control,0,0.53616303,1,dept_225_closure_2021-02-09,2021-01-10,2021-01,-3,0,0.1,514186|225|2021-02-09,-0.02087977800712193,0.0
514740,225,2021-02-09,2021-02-18,10,control,0,0.9236703,1,dept_225_closure_2021-02-09,2021-01-10,2021-01,-3,0,0.2,514740|225|2021-02-09,0.36662749199287814,0.0
515182,225,2021-02-09,2021-02-18,10,control,0,0.1092633,0,dept_225_closure_2021-02-09,2021-01-10,2021-01,-3,0,0.1,515182|225|2021-02-09,-0.4477795080071219,0.0
516610,225,2021-02-09,2021-02-18,10,control,0,0.6973986,1,dept_225_closure_2021-02-09,2021-01-10,2021-01,-3,0,0.0,516610|225|2021-02-09,0.14035579199287807,0.0
516772,225,2021-02-09,2021-02-18,10,control,0,0.5201318,1,dept_225_closure_2021-02-09,2021-01-10,2021-01,-3,0,0.3,516772|225|2021-02-09,-0.03691100800712188,0.0
516884,225,2021-02-09,2021-02-18,10,control,0,0.2260634,0,dept_225_closure_2021-02-09,2021-01-10,2021-01,-3,0,0.0,516884|225|2021-02-09,-0.3309794080071219,0.0
517029,225,2021-02-09,2021-02-18,10,control,0,0.6784122,1,dept_225_closure_2021-02-09,2021-01-10,2021-01,-3,0,0.0,517029|225|2021-02-09,0.1213693919928781,0.0
518563,225,2021-02-09,2021-02-18,10,treatment,1,0.66636384,1,dept_225_closure_2021-02-09,2021-01-10,2021-01,-3,0,0.7,518563|225|2021-02-09,0.10932103199287813,0.0
519764,225,2021-02-09,2021-02-18,10,control,0,0.4191586,0,dept_225_closure_2021-02-09,2021-01-10,2021-01,-3,0,0.1,519764|225|2021-02-09,-0.13788420800712192,0.0
520658,225,2021-02-09,2021-02-18,10,control,0,0.10316532,0,dept_225_closure_2021-02-09,2021-01-10,2021-01,-3,0,0.1,520658|225|2021-02-09,-0.4538774880071219,0.0
520817,225,2021-02-09,2021-02-18,10,control,0,0.09707905,0,dept_225_closure_2021-02-09,2021-01-10,2021-01,-3,0,0.0,520817|225|2021-02-09,-0.4599637580071219,0.0
521820,225,2021-02-09,2021-02-18,10,control,0,0.084771745,0,dept_225_closure_2021-02-09,2021-01-10,2021-01,-3,0,0.0,521820|225|2021-02-09,-0.4722710630071219,0.0
521859,225,2021-02-09,2021-02-18,10,control,0,0.5171526,1,dept_225_closure_2021-02-09,2021-01-10,2021-01,-3,0,0.2,521859|225|2021-02-09,-0.03989020800712195,0.0
522545,225,2021-02-09,2021-02-18,10,treatment,1,0.64982855,1,dept_225_closure_2021-02-09,2021-01-10,2021-01,-3,0,0.1,522545|225|2021-02-09,0.09278574199287803,0.0
524184,225,2021-02-09,2021-02-18,10,control,0,0.48366845,0,dept_225_closure_2021-02-09,2021-01-10,2021-01,-3,0,0.1,524184|225|2021-02-09,-0.07337435800712189,0.0
524855,225,2021-02-09,2021-02-18,10,control,0,0.8788438,1,dept_225_closure_2021-02-09,2021-01-10,2021-01,-3,0,0.1,524855|225|2021-02-09,0.32180099199287804,0.0
525501,225,2021-02-09,2021-02-18,10,control,0,0.9226477,1,dept_225_closure_2021-02-09,2021-01-10,2021-01,-3,0,0.1,525501|225|2021-02-09,0.36560489199287804,0.0
525869,225,2021-02-09,2021-02-18,10,control,0,0.07285162,0,dept_225_closure_2021-02-09,2021-01-10,2021-01,-3,0,0.1,525869|225|2021-02-09,-0.4841911880071219,0.0
529325,225,2021-02-09,2021-02-18,10,control,0,0.6113113,1,dept_225_closure_2021-02-09,2021-01-10,2021-01,-3,0,0.1,529325|225|2021-02-09,0.05426849199287809,0.0
529864,225,2021-02-09,2021-02-18,10,control,0,0.14488006,0,dept_225_closure_2021-02-09,2021-01-10,2021-01,-3,0,0.2,529864|225|2021-02-09,-0.41216274800712194,0.0
531372,225,2021-02-09,2021-02-18,10,control,0,0.9984932,1,dept_225_closure_2021-02-09,2021-01-10,2021-01,-3,0,0.6,531372|225|2021-02-09,0.44145039199287806,0.0
531766,225,2021-02-09,2021-02-18,10,control,0,0.70788556,1,dept_225_closure_2021-02-09,2021-01-10,2021-01,-3,0,0.1,531766|225|2021-02-09,0.1508427519928781,0.0
532231,225,2021-02-09,2021-02-18,10,control,0,0.16401133,0,dept_225_closure_2021-02-09,2021-01-10,2021-01,-3,0,0.1,532231|225|2021-02-09,-0.3930314780071219,0.0
533906,225,2021-02-09,2021-02-18,10,control,0,0.12545961,0,dept_225_closure_2021-02-09,2021-01-10,2021-01,-3,0,0.0,533906|225|2021-02-09,-0.4315831980071219,0.0
534647,225,2021-02-09,2021-02-18,10,control,0,0.99306244,1,dept_225_closure_2021-02-09,2021-01-10,2021-01,-3,0,0.2,534647|225|2021-02-09,0.4360196319928781,0.0
535153,225,2021-02-09,2021-02-18,10,control,0,0.06850255,0,dept_225_closure_2021-02-09,2021-01-10,2021-01,-3,0,0.0,535153|225|2021-02-09,-0.4885402580071219,0.0
536067,225,2021-02-09,2021-02-18,10,control,0,0.7665355,1,dept_225_closure_2021-02-09,2021-01-10,2021-01,-3,0,0.1,536067|225|2021-02-09,0.20949269199287812,0.0
536540,225,2021-02-09,2021-02-18,10,control,0,0.5633116,1,dept_225_closure_2021-02-09,2021-01-10,2021-01,-3,0,0.1,536540|225|2021-02-09,0.006268791992878109,0.0
537345,225,2021-02-09,2021-02-18,10,control,0,0.23184814,0,dept_225_closure_2021-02-09,2021-01-10,2021-01,-3,0,0.0,537345|225|2021-02-09,-0.32519466800712193,0.0
537422,225,2021-02-09,2021-02-18,10,control,0,0.35939428,0,dept_225_closure_2021-02-09,2021-01-10,2021-01,-3,0,0.0,537422|225|2021-02-09,-0.1976485280071219,0.0
538844,225,2021-02-09,2021-02-18,10,control,0,0.6683242,1,dept_225_closure_2021-02-09,2021-01-10,2021-01,-3,0,0.5,538844|225|2021-02-09,0.11128139199287812,0.0
539544,225,2021-02-09,2021-02-18,10,treatment,1,0.30792004,0,dept_225_closure_2021-02-09,2021-01-10,2021-01,-3,0,0.0,539544|225|2021-02-09,-0.2491227680071219,0.0
539687,225,2021-02-09,2021-02-18,10,control,0,0.9314988,1,dept_225_closure_2021-02-09,2021-01-10,2021-01,-3,0,0.5,539687|225|2021-02-09,0.37445599199287805,0.0
540056,225,2021-02-09,2021-02-18,10,control,0,0.354361,0,dept_225_closure_2021-02-09,2021-01-10,2021-01,-3,0,0.0,540056|225|2021-02-09,-0.20268180800712193,0.0
541024,225,2021-02-09,2021-02-18,10,control,0,0.9485148,1,dept_225_closure_2021-02-09,2021-01-10,2021-01,-3,0,0.6,541024|225|2021-02-09,0.3914719919928781,0.0
541794,225,2021-02-09,2021-02-18,10,control,0,0.7145694,1,dept_225_closure_2021-02-09,2021-01-10,2021-01,-3,0,0.1,541794|225|2021-02-09,0.1575265919928781,0.0
541795,225,2021-02-09,2021-02-18,10,control,0,0.1584281,0,dept_225_closure_2021-02-09,2021-01-10,2021-01,-3,0,0.0,541795|225|2021-02-09,-0.39861470800712195,0.0
542121,225,2021-02-09,2021-02-18,10,control,0,0.81192786,1,dept_225_closure_2021-02-09,2021-01-10,2021-01,-3,0,0.3,542121|225|2021-02-09,0.25488505199287803,0.0
542359,225,2021-02-09,2021-02-18,10,control,0,0.8997891,1,dept_225_closure_2021-02-09,2021-01-10,2021-01,-3,0,0.3,542359|225|2021-02-09,0.3427462919928781,0.0
542469,225,2021-02-09,2021-02-18,10,control,0,0.5968629,1,dept_225_closure_2021-02-09,2021-01-10,2021-01,-3,0,0.1,542469|225|2021-02-09,0.03982009199287806,0.0
543401,225,2021-02-09,2021-02-18,10,control,0,0.17591122,0,dept_225_closure_2021-02-09,2021-01-10,2021-01,-3,0,0.0,543401|225|2021-02-09,-0.3811315880071219,0.0
543574,225,2021-02-09,2021-02-18,10,control,0,0.99364233,1,dept_225_closure_2021-02-09,2021-01-10,2021-01,-3,0,0.2,543574|225|2021-02-09,0.4365995219928781,0.0
545450,225,2021-02-09,2021-02-18,10,treatment,1,0.74080014,1,dept_225_closure_2021-02-09,2021-01-10,2021-01,-3,0,0.1,545450|225|2021-02-09,0.18375733199287814,0.0
545621,225,2021-02-09,2021-02-18,10,control,0,0.2505379,0,dept_225_closure_2021-02-09,2021-01-10,2021-01,-3,0,0.0,545621|225|2021-02-09,-0.30650490800712193,0.0
546738,225,2021-02-09,2021-02-18,10,treatment,1,0.9869179,1,dept_225_closure_2021-02-09,2021-01-10,2021-01,-3,0,0.4,546738|225|2021-02-09,0.4298750919928781,0.0
547241,225,2021-02-09,2021-02-18,10,control,0,0.63886887,1,dept_225_closure_2021-02-09,2021-01-10,2021-01,-3,0,0.0,547241|225|2021-02-09,0.08182606199287812,0.0
547544,225,2021-02-09,2021-02-18,10,control,0,0.7458929,1,dept_225_closure_2021-02-09,2021-01-10,2021-01,-3,0,0.3,547544|225|2021-02-09,0.18885009199287806,0.0
547689,225,2021-02-09,2021-02-18,10,control,0,0.55275804,1,dept_225_closure_2021-02-09,2021-01-10,2021-01,-3,0,0.1,547689|225|2021-02-09,-0.004284768007121964,0.0
548215,225,2021-02-09,2021-02-18,10,control,0,0.9033356,1,dept_225_closure_2021-02-09,2021-01-10,2021-01,-3,0,0.4,548215|225|2021-02-09,0.3462927919928781,0.0
549703,225,2021-02-09,2021-02-18,10,treatment,1,0.44778845,0,dept_225_closure_2021-02-09,2021-01-10,2021-01,-3,0,0.0,549703|225|2021-02-09,-0.10925435800712191,0.0
549771,225,2021-02-09,2021-02-18,10,control,0,0.8159889,1,dept_225_closure_2021-02-09,2021-01-10,2021-01,-3,0,0.2,549771|225|2021-02-09,0.2589460919928781,0.0
552685,225,2021-02-09,2021-02-18,10,control,0,0.5987536,1,dept_225_closure_2021-02-09,2021-01-10,2021-01,-3,0,0.0,552685|225|2021-02-09,0.04171079199287808,0.0
552723,225,2021-02-09,2021-02-18,10,control,0,0.35043988,0,dept_225_closure_2021-02-09,2021-01-10,2021-01,-3,0,0.0,552723|225|2021-02-09,-0.20660292800712193,0.0
553138,225,2021-02-09,2021-02-18,10,control,0,0.30944628,0,dept_225_closure_2021-02-09,2021-01-10,2021-01,-3,0,0.0,553138|225|2021-02-09,-0.2475965280071219,0.0
553876,225,2021-02-09,2021-02-18,10,treatment,1,0.9419543,1,dept_225_closure_2021-02-09,2021-01-10,2021-01,-3,0,0.4,553876|225|2021-02-09,0.3849114919928781,0.0
557358,225,2021-02-09,2021-02-18,10,control,0,0.9920684,1,dept_225_closure_2021-02-09,2021-01-10,2021-01,-3,0,0.5,557358|225|2021-02-09,0.43502559199287805,0.0
557503,225,2021-02-09,2021-02-18,10,control,0,0.98167187,1,dept_225_closure_2021-02-09,2021-01-10,2021-01,-3,0,0.5,557503|225|2021-02-09,0.4246290619928781,0.0
558534,225,2021-02-09,2021-02-18,10,treatment,1,0.20376676,0,dept_225_closure_2021-02-09,2021-01-10,2021-01,-3,0,0.0,558534|225|2021-02-09,-0.3532760480071219,0.0
559416,225,2021-02-09,2021-02-18,10,control,0,0.5377436,1,dept_225_closure_2021-02-09,2021-01-10,2021-01,-3,0,0.0,559416|225|2021-02-09,-0.019299208007121926,0.0
560778,225,2021-02-09,2021-02-18,10,control,0,0.6724239,1,dept_225_closure_2021-02-09,2021-01-10,2021-01,-3,0,0.1,560778|225|2021-02-09,0.11538109199287805,0.0
561261,225,2021-02-09,2021-02-18,10,control,0,0.8870736,1,dept_225_closure_2021-02-09,2021-01-10,2021-01,-3,0,0.5,561261|225|2021-02-09,0.3300307919928781,0.0
561552,225,2021-02-09,2021-02-18,10,treatment,1,0.8548409,1,dept_225_closure_2021-02-09,2021-01-10,2021-01,-3,0,0.1,561552|225|2021-02-09,0.2977980919928781,0.0
561749,225,2021-02-09,2021-02-18,10,treatment,1,0.36272615,0,dept_225_closure_2021-02-09,2021-01-10,2021-01,-3,0,0.3,561749|225|2021-02-09,-0.1943166580071219,0.0
561970,225,2021-02-09,2021-02-18,10,control,0,0.26292413,0,dept_225_closure_2021-02-09,2021-01-10,2021-01,-3,0,0.2,561970|225|2021-02-09,-0.29411867800712194,0.0
563192,225,2021-02-09,2021-02-18,10,control,0,0.99263245,1,dept_225_closure_2021-02-09,2021-01-10,2021-01,-3,0,0.5,563192|225|2021-02-09,0.4355896419928781,0.0
563542,225,2021-02-09,2021-02-18,10,control,0,0.37322673,0,dept_225_closure_2021-02-09,2021-01-10,2021-01,-3,0,0.0,563542|225|2021-02-09,-0.1838160780071219,0.0
563790,225,2021-02-09,2021-02-18,10,control,0,0.35640284,0,dept_225_closure_2021-02-09,2021-01-10,2021-01,-3,0,0.1,563790|225|2021-02-09,-0.20063996800712192,0.0
564310,225,2021-02-09,2021-02-18,10,control,0,0.53082335,1,dept_225_closure_2021-02-09,2021-01-10,2021-01,-3,0,0.0,564310|225|2021-02-09,-0.026219458007121887,0.0
564323,225,2021-02-09,2021-02-18,10,control,0,0.9151387,1,dept_225_closure_2021-02-09,2021-01-10,2021-01,-3,0,0.3,564323|225|2021-02-09,0.35809589199287806,0.0
564378,225,2021-02-09,2021-02-18,10,control,0,0.79580194,1,dept_225_closure_2021-02-09,2021-01-10,2021-01,-3,0,0.2,564378|225|2021-02-09,0.23875913199287813,0.0
564518,225,2021-02-09,2021-02-18,10,control,0,0.8406039,1,dept_225_closure_2021-02-09,2021-01-10,2021-01,-3,0,0.2,564518|225|2021-02-09,0.28356109199287804,0.0
565708,225,2021-02-09,2021-02-18,10,control,0,0.8249043,1,dept_225_closure_2021-02-09,2021-01-10,2021-01,-3,0,0.2,565708|225|2021-02-09,0.2678614919928781,0.0
566300,225,2021-02-09,2021-02-18,10,control,0,0.10058118,0,dept_225_closure_2021-02-09,2021-01-10,2021-01,-3,0,0.1,566300|225|2021-02-09,-0.4564616280071219,0.0
566787,225,2021-02-09,2021-02-18,10,control,0,0.24692543,0,dept_225_closure_2021-02-09,2021-01-10,2021-01,-3,0,0.0,566787|225|2021-02-09,-0.3101173780071219,0.0
567770,225,2021-02-09,2021-02-18,10,control,0,0.62877107,1,dept_225_closure_2021-02-09,2021-01-10,2021-01,-3,0,0.2,567770|225|2021-02-09,0.07172826199287807,0.0
571386,225,2021-02-09,2021-02-18,10,control,0,0.96353066,1,dept_225_closure_2021-02-09,2021-01-10,2021-01,-3,0,0.3,571386|225|2021-02-09,0.40648785199287807,0.0
572458,225,2021-02-09,2021-02-18,10,control,0,0.3980757,0,dept_225_closure_2021-02-09,2021-01-10,2021-01,-3,0,0.1,572458|225|2021-02-09,-0.15896710800712194,0.0
573090,225,2021-02-09,2021-02-18,10,control,0,0.5859904,1,dept_225_closure_2021-02-09,2021-01-10,2021-01,-3,0,0.0,573090|225|2021-02-09,0.028947591992878108,0.0
573893,225,2021-02-09,2021-02-18,10,control,0,0.9229414,1,dept_225_closure_2021-02-09,2021-01-10,2021-01,-3,0,0.3,573893|225|2021-02-09,0.3658985919928781,0.0
574692,225,2021-02-09,2021-02-18,10,treatment,1,0.7166413,1,dept_225_closure_2021-02-09,2021-01-10,2021-01,-3,0,0.3,574692|225|2021-02-09,0.15959849199287812,0.0
574768,225,2021-02-09,2021-02-18,10,control,0,0.17151837,0,dept_225_closure_2021-02-09,2021-01-10,2021-01,-3,0,0.0,574768|225|2021-02-09,-0.3855244380071219,0.0
576266,225,2021-02-09,2021-02-18,10,control,0,0.086030245,0,dept_225_closure_2021-02-09,2021-01-10,2021-01,-3,0,0.1,576266|225|2021-02-09,-0.4710125630071219,0.0
576524,225,2021-02-09,2021-02-18,10,control,0,0.7010925,1,dept_225_closure_2021-02-09,2021-01-10,2021-01,-3,0,0.5,576524|225|2021-02-09,0.1440496919928781,0.0
577047,225,2021-02-09,2021-02-18,10,control,0,0.30385533,0,dept_225_closure_2021-02-09,2021-01-10,2021-01,-3,0,0.0,577047|225|2021-02-09,-0.25318747800712194,0.0
577615,225,2021-02-09,2021-02-18,10,control,0,0.9983777,1,dept_225_closure_2021-02-09,2021-01-10,2021-01,-3,0,0.2,577615|225|2021-02-09,0.4413348919928781,0.0
578177,225,2021-02-09,2021-02-18,10,control,0,0.58630294,1,dept_225_closure_2021-02-09,2021-01-10,2021-01,-3,0,0.1,578177|225|2021-02-09,0.029260131992878136,0.0
579009,225,2021-02-09,2021-02-18,10,control,0,0.5416368,1,dept_225_closure_2021-02-09,2021-01-10,2021-01,-3,0,0.3,579009|225|2021-02-09,-0.015406008007121885,0.0
579184,225,2021-02-09,2021-02-18,10,control,0,0.9151821,1,dept_225_closure_2021-02-09,2021-01-10,2021-01,-3,0,0.2,579184|225|2021-02-09,0.3581392919928781,0.0
579185,225,2021-02-09,2021-02-18,10,control,0,0.036937717,0,dept_225_closure_2021-02-09,2021-01-10,2021-01,-3,0,0.0,579185|225|2021-02-09,-0.5201050910071219,0.0
579307,225,2021-02-09,2021-02-18,10,control,0,0.44333464,0,dept_225_closure_2021-02-09,2021-01-10,2021-01,-3,0,0.1,579307|225|2021-02-09,-0.11370816800712191,0.0
579513,225,2021-02-09,2021-02-18,10,control,0,0.1074986,0,dept_225_closure_2021-02-09,2021-01-10,2021-01,-3,0,0.1,579513|225|2021-02-09,-0.4495442080071219,0.0
580036,225,2021-02-09,2021-02-18,10,control,0,0.9754841,1,dept_225_closure_2021-02-09,2021-01-10,2021-01,-3,0,0.2,580036|225|2021-02-09,0.41844129199287805,0.0
581023,225,2021-02-09,2021-02-18,10,control,0,0.8595541,1,dept_225_closure_2021-02-09,2021-01-10,2021-01,-3,0,0.3,581023|225|2021-02-09,0.3025112919928781,0.0
581025,225,2021-02-09,2021-02-18,10,control,0,0.6973182,1,dept_225_closure_2021-02-09,2021-01-10,2021-01,-3,0,0.3,581025|225|2021-02-09,0.14027539199287808,0.0
582014,225,2021-02-09,2021-02-18,10,control,0,0.3974963,0,dept_225_closure_2021-02-09,2021-01-10,2021-01,-3,0,0.1,582014|225|2021-02-09,-0.1595465080071219,0.0
584199,225,2021-02-09,2021-02-18,10,treatment,1,0.27034467,0,dept_225_closure_2021-02-09,2021-01-10,2021-01,-3,0,0.0,584199|225|2021-02-09,-0.2866981380071219,0.0
585070,225,2021-02-09,2021-02-18,10,control,0,0.99814796,1,dept_225_closure_2021-02-09,2021-01-10,2021-01,-3,0,0.4,585070|225|2021-02-09,0.44110515199287803,0.0
585492,225,2021-02-09,2021-02-18,10,control,0,0.33447573,0,dept_225_closure_2021-02-09,2021-01-10,2021-01,-3,0,0.2,585492|225|2021-02-09,-0.2225670780071219,0.0
585655,225,2021-02-09,2021-02-18,10,control,0,0.35462213,0,dept_225_closure_2021-02-09,2021-01-10,2021-01,-3,0,0.1,585655|225|2021-02-09,-0.20242067800712193,0.0
585821,225,2021-02-09,2021-02-18,10,control,0,0.5222112,1,dept_225_closure_2021-02-09,2021-01-10,2021-01,-3,0,0.0,585821|225|2021-02-09,-0.03483160800712193,0.0
585917,225,2021-02-09,2021-02-18,10,treatment,1,0.7722433,1,dept_225_closure_2021-02-09,2021-01-10,2021-01,-3,0,0.2,585917|225|2021-02-09,0.21520049199287805,0.0
586381,225,2021-02-09,2021-02-18,10,control,0,0.6838527,1,dept_225_closure_2021-02-09,2021-01-10,2021-01,-3,0,0.3,586381|225|2021-02-09,0.12680989199287807,0.0
586838,225,2021-02-09,2021-02-18,10,control,0,0.09217,0,dept_225_closure_2021-02-09,2021-01-10,2021-01,-3,0,0.0,586838|225|2021-02-09,-0.46487280800712194,0.0
586917,225,2021-02-09,2021-02-18,10,control,0,0.8840651,1,dept_225_closure_2021-02-09,2021-01-10,2021-01,-3,0,0.1,586917|225|2021-02-09,0.32702229199287813,0.0
587297,225,2021-02-09,2021-02-18,10,control,0,0.6928022,1,dept_225_closure_2021-02-09,2021-01-10,2021-01,-3,0,0.0,587297|225|2021-02-09,0.13575939199287812,0.0
588026,225,2021-02-09,2021-02-18,10,control,0,0.88820606,1,dept_225_closure_2021-02-09,2021-01-10,2021-01,-3,0,0.0,588026|225|2021-02-09,0.3311632519928781,0.0
590947,225,2021-02-09,2021-02-18,10,control,0,0.36585534,0,dept_225_closure_2021-02-09,2021-01-10,2021-01,-3,0,0.0,590947|225|2021-02-09,-0.19118746800712194,0.0
591732,225,2021-02-09,2021-02-18,10,control,0,0.16594023,0,dept_225_closure_2021-02-09,2021-01-10,2021-01,-3,0,0.0,591732|225|2021-02-09,-0.3911025780071219,0.0
591781,225,2021-02-09,2021-02-18,10,treatment,1,0.9292462,1,dept_225_closure_2021-02-09,2021-01-10,2021-01,-3,0,0.1,591781|225|2021-02-09,0.3722033919928781,0.0
592312,225,2021-02-09,2021-02-18,10,control,0,0.4578142,0,dept_225_closure_2021-02-09,2021-01-10,2021-01,-3,0,0.1,592312|225|2021-02-09,-0.09922860800712191,0.0
594345,225,2021-02-09,2021-02-18,10,control,0,0.90433824,1,dept_225_closure_2021-02-09,2021-01-10,2021-01,-3,0,0.1,594345|225|2021-02-09,0.34729543199287805,0.0
596114,225,2021-02-09,2021-02-18,10,control,0,0.4531059,0,dept_225_closure_2021-02-09,2021-01-10,2021-01,-3,0,0.0,596114|225|2021-02-09,-0.10393690800712191,0.0
597674,225,2021-02-09,2021-02-18,10,control,0,0.49089986,0,dept_225_closure_2021-02-09,2021-01-10,2021-01,-3,0,0.0,597674|225|2021-02-09,-0.0661429480071219,0.0
598660,225,2021-02-09,2021-02-18,10,treatment,1,0.8296651,1,dept_225_closure_2021-02-09,2021-01-10,2021-01,-3,0,0.1,598660|225|2021-02-09,0.27262229199287813,0.0
600117,225,2021-02-09,2021-02-18,10,control,0,0.25992393,0,dept_225_closure_2021-02-09,2021-01-10,2021-01,-3,0,0.1,600117|225|2021-02-09,-0.2971188780071219,0.0
602666,225,2021-02-09,2021-02-18,10,control,0,0.73606884,1,dept_225_closure_2021-02-09,2021-01-10,2021-01,-3,0,0.1,602666|225|2021-02-09,0.17902603199287803,0.0
602851,225,2021-02-09,2021-02-18,10,control,0,0.13497908,0,dept_225_closure_2021-02-09,2021-01-10,2021-01,-3,0,0.0,602851|225|2021-02-09,-0.4220637280071219,0.0
603710,225,2021-02-09,2021-02-18,10,control,0,0.97727966,1,dept_225_closure_2021-02-09,2021-01-10,2021-01,-3,0,0.6,603710|225|2021-02-09,0.4202368519928781,0.0
604161,225,2021-02-09,2021-02-18,10,control,0,0.46132925,0,dept_225_closure_2021-02-09,2021-01-10,2021-01,-3,0,0.0,604161|225|2021-02-09,-0.09571355800712189,0.0
604570,225,2021-02-09,2021-02-18,10,control,0,0.4378647,0,dept_225_closure_2021-02-09,2021-01-10,2021-01,-3,0,0.0,604570|225|2021-02-09,-0.11917810800712192,0.0
604822,225,2021-02-09,2021-02-18,10,control,0,0.9733655,1,dept_225_closure_2021-02-09,2021-01-10,2021-01,-3,0,0.4,604822|225|2021-02-09,0.4163226919928781,0.0
605970,225,2021-02-09,2021-02-18,10,control,0,0.1305402,0,dept_225_closure_2021-02-09,2021-01-10,2021-01,-3,0,0.0,605970|225|2021-02-09,-0.4265026080071219,0.0
606706,225,2021-02-09,2021-02-18,10,control,0,0.95972395,1,dept_225_closure_2021-02-09,2021-01-10,2021-01,-3,0,0.9,606706|225|2021-02-09,0.4026811419928781,0.0
608501,225,2021-02-09,2021-02-18,10,control,0,0.50560063,1,dept_225_closure_2021-02-09,2021-01-10,2021-01,-3,0,0.2,608501|225|2021-02-09,-0.05144217800712192,0.0
610259,225,2021-02-09,2021-02-18,10,control,0,0.36856622,0,dept_225_closure_2021-02-09,2021-01-10,2021-01,-3,0,0.2,610259|225|2021-02-09,-0.18847658800712191,0.0
611223,225,2021-02-09,2021-02-18,10,control,0,0.96206176,1,dept_225_closure_2021-02-09,2021-01-10,2021-01,-3,0,0.2,611223|225|2021-02-09,0.4050189519928781,0.0
611759,225,2021-02-09,2021-02-18,10,control,0,0.06267964,0,dept_225_closure_2021-02-09,2021-01-10,2021-01,-3,0,0.0,611759|225|2021-02-09,-0.49436316800712193,0.0
611888,225,2021-02-09,2021-02-18,10,treatment,1,0.7637555,1,dept_225_closure_2021-02-09,2021-01-10,2021-01,-3,0,0.1,611888|225|2021-02-09,0.20671269199287812,0.0
616748,225,2021-02-09,2021-02-18,10,control,0,0.93410015,1,dept_225_closure_2021-02-09,2021-01-10,2021-01,-3,0,0.2,616748|225|2021-02-09,0.3770573419928781,0.0
620285,225,2021-02-09,2021-02-18,10,control,0,0.07193528,0,dept_225_closure_2021-02-09,2021-01-10,2021-01,-3,0,0.3,620285|225|2021-02-09,-0.4851075280071219,0.0
621701,225,2021-02-09,2021-02-18,10,control,0,0.8712767,1,dept_225_closure_2021-02-09,2021-01-10,2021-01,-3,0,0.1,621701|225|2021-02-09,0.3142338919928781,0.0
621703,225,2021-02-09,2021-02-18,10,control,0,0.8133465,1,dept_225_closure_2021-02-09,2021-01-10,2021-01,-3,0,0.3,621703|225|2021-02-09,0.25630369199287806,0.0
621708,225,2021-02-09,2021-02-18,10,control,0,0.9617935,1,dept_225_closure_2021-02-09,2021-01-10,2021-01,-3,0,0.4,621708|225|2021-02-09,0.40475069199287805,0.0
622002,225,2021-02-09,2021-02-18,10,control,0,0.6602533,1,dept_225_closure_2021-02-09,2021-01-10,2021-01,-3,0,0.0,622002|225|2021-02-09,0.10321049199287813,0.0
622452,225,2021-02-09,2021-02-18,10,control,0,0.42704433,0,dept_225_closure_2021-02-09,2021-01-10,2021-01,-3,0,0.1,622452|225|2021-02-09,-0.1299984780071219,0.0
624749,225,2021-02-09,2021-02-18,10,control,0,0.25263858,0,dept_225_closure_2021-02-09,2021-01-10,2021-01,-3,0,0.0,624749|225|2021-02-09,-0.3044042280071219,0.0
624852,225,2021-02-09,2021-02-18,10,treatment,1,0.4284098,0,dept_225_closure_2021-02-09,2021-01-10,2021-01,-3,0,0.0,624852|225|2021-02-09,-0.1286330080071219,0.0
625308,225,2021-02-09,2021-02-18,10,control,0,0.5906653,1,dept_225_closure_2021-02-09,2021-01-10,2021-01,-3,0,0.0,625308|225|2021-02-09,0.033622491992878034,0.0
625392,225,2021-02-09,2021-02-18,10,control,0,0.63225067,1,dept_225_closure_2021-02-09,2021-01-10,2021-01,-3,0,0.1,625392|225|2021-02-09,0.0752078619928781,0.0
625984,225,2021-02-09,2021-02-18,10,control,0,0.5534443,1,dept_225_closure_2021-02-09,2021-01-10,2021-01,-3,0,0.1,625984|225|2021-02-09,-0.0035985080071219144,0.0
627167,225,2021-02-09,2021-02-18,10,control,0,0.332687,0,dept_225_closure_2021-02-09,2021-01-10,2021-01,-3,0,0.0,627167|225|2021-02-09,-0.2243558080071219,0.0
627225,225,2021-02-09,2021-02-18,10,control,0,0.9010184,1,dept_225_closure_2021-02-09,2021-01-10,2021-01,-3,0,0.5,627225|225|2021-02-09,0.3439755919928781,0.0
627408,225,2021-02-09,2021-02-18,10,control,0,0.85890085,1,dept_225_closure_2021-02-09,2021-01-10,2021-01,-3,0,0.2,627408|225|2021-02-09,0.30185804199287813,0.0
627763,225,2021-02-09,2021-02-18,10,control,0,0.5826646,1,dept_225_closure_2021-02-09,2021-01-10,2021-01,-3,0,0.3,627763|225|2021-02-09,0.025621791992878062,0.0
628462,225,2021-02-09,2021-02-18,10,control,0,0.2905661,0,dept_225_closure_2021-02-09,2021-01-10,2021-01,-3,0,0.0,628462|225|2021-02-09,-0.2664767080071219,0.0
631042,225,2021-02-09,2021-02-18,10,treatment,1,0.82386595,1,dept_225_closure_2021-02-09,2021-01-10,2021-01,-3,0,0.3,631042|225|2021-02-09,0.26682314199287804,0.0
631725,225,2021-02-09,2021-02-18,10,control,0,0.27820736,0,dept_225_closure_2021-02-09,2021-01-10,2021-01,-3,0,0.1,631725|225|2021-02-09,-0.2788354480071219,0.0
632138,225,2021-02-09,2021-02-18,10,control,0,0.45328057,0,dept_225_closure_2021-02-09,2021-01-10,2021-01,-3,0,0.3,632138|225|2021-02-09,-0.10376223800712192,0.0
632258,225,2021-02-09,2021-02-18,10,control,0,0.9607414,1,dept_225_closure_2021-02-09,2021-01-10,2021-01,-3,0,0.5,632258|225|2021-02-09,0.40369859199287805,0.0
634605,225,2021-02-09,2021-02-18,10,control,0,0.8398513,1,dept_225_closure_2021-02-09,2021-01-10,2021-01,-3,0,0.1,634605|225|2021-02-09,0.28280849199287805,0.0
636399,225,2021-02-09,2021-02-18,10,control,0,0.8788353,1,dept_225_closure_2021-02-09,2021-01-10,2021-01,-3,0,0.0,636399|225|2021-02-09,0.32179249199287807,0.0
639151,225,2021-02-09,2021-02-18,10,control,0,0.039711274,0,dept_225_closure_2021-02-09,2021-01-10,2021-01,-3,0,0.2,639151|225|2021-02-09,-0.517331534007122,0.0
639396,225,2021-02-09,2021-02-18,10,control,0,0.111425295,0,dept_225_closure_2021-02-09,2021-01-10,2021-01,-3,0,0.0,639396|225|2021-02-09,-0.44561751300712193,0.0
639953,225,2021-02-09,2021-02-18,10,control,0,0.7804247,1,dept_225_closure_2021-02-09,2021-01-10,2021-01,-3,0,0.0,639953|225|2021-02-09,0.22338189199287806,0.0
640512,225,2021-02-09,2021-02-18,10,control,0,0.20313406,0,dept_225_closure_2021-02-09,2021-01-10,2021-01,-3,0,0.0,640512|225|2021-02-09,-0.3539087480071219,0.0
640845,225,2021-02-09,2021-02-18,10,control,0,0.99919397,1,dept_225_closure_2021-02-09,2021-01-10,2021-01,-3,0,0.6,640845|225|2021-02-09,0.4421511619928781,0.0
641789,225,2021-02-09,2021-02-18,10,control,0,0.46111363,0,dept_225_closure_2021-02-09,2021-01-10,2021-01,-3,0,0.0,641789|225|2021-02-09,-0.09592917800712192,0.0
642726,225,2021-02-09,2021-02-18,10,control,0,0.8754994,1,dept_225_closure_2021-02-09,2021-01-10,2021-01,-3,0,0.0,642726|225|2021-02-09,0.3184565919928781,0.0
642742,225,2021-02-09,2021-02-18,10,control,0,0.45168057,0,dept_225_closure_2021-02-09,2021-01-10,2021-01,-3,0,0.0,642742|225|2021-02-09,-0.10536223800712191,0.0
644630,225,2021-02-09,2021-02-18,10,control,0,0.23972027,0,dept_225_closure_2021-02-09,2021-01-10,2021-01,-3,0,0.0,644630|225|2021-02-09,-0.3173225380071219,0.0
644702,225,2021-02-09,2021-02-18,10,control,0,0.8360215,1,dept_225_closure_2021-02-09,2021-01-10,2021-01,-3,0,0.2,644702|225|2021-02-09,0.27897869199287806,0.0
645363,225,2021-02-09,2021-02-18,10,control,0,0.8725744,1,dept_225_closure_2021-02-09,2021-01-10,2021-01,-3,0,0.2,645363|225|2021-02-09,0.31553159199287806,0.0
645944,225,2021-02-09,2021-02-18,10,treatment,1,0.99819547,1,dept_225_closure_2021-02-09,2021-01-10,2021-01,-3,0,0.8,645944|225|2021-02-09,0.44115266199287806,0.0
646261,225,2021-02-09,2021-02-18,10,control,0,0.5575733,1,dept_225_closure_2021-02-09,2021-01-10,2021-01,-3,0,0.5,646261|225|2021-02-09,0.0005304919928781349,0.0
646657,225,2021-02-09,2021-02-18,10,treatment,1,0.21721593,0,dept_225_closure_2021-02-09,2021-01-10,2021-01,-3,0,0.1,646657|225|2021-02-09,-0.3398268780071219,0.0
649551,225,2021-02-09,2021-02-18,10,control,0,0.021113366,0,dept_225_closure_2021-02-09,2021-01-10,2021-01,-3,0,0.1,649551|225|2021-02-09,-0.5359294420071219,0.0
649840,225,2021-02-09,2021-02-18,10,control,0,0.67450595,1,dept_225_closure_2021-02-09,2021-01-10,2021-01,-3,0,0.1,649840|225|2021-02-09,0.1174631419928781,0.0
651091,225,2021-02-09,2021-02-18,10,control,0,0.5026581,1,dept_225_closure_2021-02-09,2021-01-10,2021-01,-3,0,0.1,651091|225|2021-02-09,-0.05438470800712192,0.0
651339,225,2021-02-09,2021-02-18,10,control,0,0.65272504,1,dept_225_closure_2021-02-09,2021-01-10,2021-01,-3,0,0.0,651339|225|2021-02-09,0.09568223199287806,0.0
651713,225,2021-02-09,2021-02-18,10,control,0,0.96742,1,dept_225_closure_2021-02-09,2021-01-10,2021-01,-3,0,0.4,651713|225|2021-02-09,0.41037719199287803,0.0
653758,225,2021-02-09,2021-02-18,10,control,0,0.5240128,1,dept_225_closure_2021-02-09,2021-01-10,2021-01,-3,0,0.1,653758|225|2021-02-09,-0.03303000800712197,0.0
654099,225,2021-02-09,2021-02-18,10,control,0,0.856423,1,dept_225_closure_2021-02-09,2021-01-10,2021-01,-3,0,0.4,654099|225|2021-02-09,0.29938019199287813,0.0
654850,225,2021-02-09,2021-02-18,10,control,0,0.019117346,0,dept_225_closure_2021-02-09,2021-01-10,2021-01,-3,0,0.0,654850|225|2021-02-09,-0.5379254620071219,0.0
655704,225,2021-02-09,2021-02-18,10,control,0,0.6690431,1,dept_225_closure_2021-02-09,2021-01-10,2021-01,-3,0,0.0,655704|225|2021-02-09,0.11200029199287809,0.0
656521,225,2021-02-09,2021-02-18,10,treatment,1,0.04669351,0,dept_225_closure_2021-02-09,2021-01-10,2021-01,-3,0,0.0,656521|225|2021-02-09,-0.5103492980071219,0.0
658662,225,2021-02-09,2021-02-18,10,control,0,0.53507197,1,dept_225_closure_2021-02-09,2021-01-10,2021-01,-3,0,0.1,658662|225|2021-02-09,-0.021970838007121962,0.0
659493,225,2021-02-09,2021-02-18,10,control,0,0.42869598,0,dept_225_closure_2021-02-09,2021-01-10,2021-01,-3,0,0.0,659493|225|2021-02-09,-0.12834682800712194,0.0
659772,225,2021-02-09,2021-02-18,10,control,0,0.39867225,0,dept_225_closure_2021-02-09,2021-01-10,2021-01,-3,0,0.1,659772|225|2021-02-09,-0.1583705580071219,0.0
659815,225,2021-02-09,2021-02-18,10,control,0,0.9385042,1,dept_225_closure_2021-02-09,2021-01-10,2021-01,-3,0,0.5,659815|225|2021-02-09,0.3814613919928781,0.0
659817,225,2021-02-09,2021-02-18,10,control,0,0.3824475,0,dept_225_closure_2021-02-09,2021-01-10,2021-01,-3,0,0.0,659817|225|2021-02-09,-0.17459530800712192,0.0
660265,225,2021-02-09,2021-02-18,10,treatment,1,0.9978644,1,dept_225_closure_2021-02-09,2021-01-10,2021-01,-3,0,0.4,660265|225|2021-02-09,0.44082159199287807,0.0
660305,225,2021-02-09,2021-02-18,10,control,0,0.96064216,1,dept_225_closure_2021-02-09,2021-01-10,2021-01,-3,0,0.5,660305|225|2021-02-09,0.4035993519928781,0.0
661284,225,2021-02-09,2021-02-18,10,control,0,0.07477712,0,dept_225_closure_2021-02-09,2021-01-10,2021-01,-3,0,0.0,661284|225|2021-02-09,-0.4822656880071219,0.0
662869,225,2021-02-09,2021-02-18,10,control,0,0.32152742,0,dept_225_closure_2021-02-09,2021-01-10,2021-01,-3,0,0.0,662869|225|2021-02-09,-0.2355153880071219,0.0
663102,225,2021-02-09,2021-02-18,10,control,0,0.9994822,1,dept_225_closure_2021-02-09,2021-01-10,2021-01,-3,0,0.7,663102|225|2021-02-09,0.4424393919928781,0.0
663426,225,2021-02-09,2021-02-18,10,control,0,0.7689014,1,dept_225_closure_2021-02-09,2021-01-10,2021-01,-3,0,0.1,663426|225|2021-02-09,0.21185859199287804,0.0
664086,225,2021-02-09,2021-02-18,10,treatment,1,0.9762654,1,dept_225_closure_2021-02-09,2021-01-10,2021-01,-3,0,0.5,664086|225|2021-02-09,0.41922259199287804,0.0
665178,225,2021-02-09,2021-02-18,10,control,0,0.9335816,1,dept_225_closure_2021-02-09,2021-01-10,2021-01,-3,0,0.3,665178|225|2021-02-09,0.3765387919928781,0.0
666035,225,2021-02-09,2021-02-18,10,control,0,0.12785643,0,dept_225_closure_2021-02-09,2021-01-10,2021-01,-3,0,0.0,666035|225|2021-02-09,-0.4291863780071219,0.0
667668,225,2021-02-09,2021-02-18,10,control,0,0.99883133,1,dept_225_closure_2021-02-09,2021-01-10,2021-01,-3,0,0.4,667668|225|2021-02-09,0.4417885219928781,0.0
667898,225,2021-02-09,2021-02-18,10,treatment,1,0.4353089,0,dept_225_closure_2021-02-09,2021-01-10,2021-01,-3,0,0.0,667898|225|2021-02-09,-0.12173390800712192,0.0
668285,225,2021-02-09,2021-02-18,10,treatment,1,0.5645258,1,dept_225_closure_2021-02-09,2021-01-10,2021-01,-3,0,0.2,668285|225|2021-02-09,0.007482991992878052,0.0
668291,225,2021-02-09,2021-02-18,10,control,0,0.6522144,1,dept_225_closure_2021-02-09,2021-01-10,2021-01,-3,0,0.0,668291|225|2021-02-09,0.09517159199287806,0.0
669422,225,2021-02-09,2021-02-18,10,control,0,0.67992234,1,dept_225_closure_2021-02-09,2021-01-10,2021-01,-3,0,0.1,669422|225|2021-02-09,0.12287953199287804,0.0
669423,225,2021-02-09,2021-02-18,10,control,0,0.7847244,1,dept_225_closure_2021-02-09,2021-01-10,2021-01,-3,0,0.0,669423|225|2021-02-09,0.22768159199287807,0.0
670295,225,2021-02-09,2021-02-18,10,control,0,0.41161156,0,dept_225_closure_2021-02-09,2021-01-10,2021-01,-3,0,0.0,670295|225|2021-02-09,-0.14543124800712193,0.0
670764,225,2021-02-09,2021-02-18,10,control,0,0.30633968,0,dept_225_closure_2021-02-09,2021-01-10,2021-01,-3,0,0.0,670764|225|2021-02-09,-0.2507031280071219,0.0
671754,225,2021-02-09,2021-02-18,10,control,0,0.6846134,1,dept_225_closure_2021-02-09,2021-01-10,2021-01,-3,0,0.0,671754|225|2021-02-09,0.12757059199287812,0.0
671815,225,2021-02-09,2021-02-18,10,control,0,0.9897882,1,dept_225_closure_2021-02-09,2021-01-10,2021-01,-3,0,0.2,671815|225|2021-02-09,0.4327453919928781,0.0
673621,225,2021-02-09,2021-02-18,10,treatment,1,0.7729736,1,dept_225_closure_2021-02-09,2021-01-10,2021-01,-3,0,0.2,673621|225|2021-02-09,0.21593079199287812,0.0
674341,225,2021-02-09,2021-02-18,10,treatment,1,0.8209035,1,dept_225_closure_2021-02-09,2021-01-10,2021-01,-3,0,0.5,674341|225|2021-02-09,0.2638606919928781,0.0
674672,225,2021-02-09,2021-02-18,10,control,0,0.34065872,0,dept_225_closure_2021-02-09,2021-01-10,2021-01,-3,0,0.0,674672|225|2021-02-09,-0.2163840880071219,0.0
674694,225,2021-02-09,2021-02-18,10,control,0,0.19335683,0,dept_225_closure_2021-02-09,2021-01-10,2021-01,-3,0,0.0,674694|225|2021-02-09,-0.3636859780071219,0.0
675858,225,2021-02-09,2021-02-18,10,control,0,0.8422513,1,dept_225_closure_2021-02-09,2021-01-10,2021-01,-3,0,0.0,675858|225|2021-02-09,0.2852084919928781,0.0
676812,225,2021-02-09,2021-02-18,10,control,0,0.99570435,1,dept_225_closure_2021-02-09,2021-01-10,2021-01,-3,0,0.7,676812|225|2021-02-09,0.4386615419928781,0.0
677026,225,2021-02-09,2021-02-18,10,control,0,0.7089428,1,dept_225_closure_2021-02-09,2021-01-10,2021-01,-3,0,0.2,677026|225|2021-02-09,0.15189999199287807,0.0
677257,225,2021-02-09,2021-02-18,10,control,0,0.975809,1,dept_225_closure_2021-02-09,2021-01-10,2021-01,-3,0,0.5,677257|225|2021-02-09,0.4187661919928781,0.0
678901,225,2021-02-09,2021-02-18,10,control,0,0.9979645,1,dept_225_closure_2021-02-09,2021-01-10,2021-01,-3,0,0.2,678901|225|2021-02-09,0.4409216919928781,0.0
679712,225,2021-02-09,2021-02-18,10,control,0,0.81729364,1,dept_225_closure_2021-02-09,2021-01-10,2021-01,-3,0,0.1,679712|225|2021-02-09,0.26025083199287813,0.0
681513,225,2021-02-09,2021-02-18,10,control,0,0.059593797,0,dept_225_closure_2021-02-09,2021-01-10,2021-01,-3,0,0.0,681513|225|2021-02-09,-0.4974490110071219,0.0
684601,225,2021-02-09,2021-02-18,10,control,0,0.61403507,1,dept_225_closure_2021-02-09,2021-01-10,2021-01,-3,0,0.0,684601|225|2021-02-09,0.0569922619928781,0.0
687008,225,2021-02-09,2021-02-18,10,control,0,0.5195646,1,dept_225_closure_2021-02-09,2021-01-10,2021-01,-3,0,0.0,687008|225|2021-02-09,-0.03747820800712187,0.0
687150,225,2021-02-09,2021-02-18,10,control,0,0.876868,1,dept_225_closure_2021-02-09,2021-01-10,2021-01,-3,0,0.0,687150|225|2021-02-09,0.31982519199287807,0.0
687897,225,2021-02-09,2021-02-18,10,control,0,0.21601102,0,dept_225_closure_2021-02-09,2021-01-10,2021-01,-3,0,0.1,687897|225|2021-02-09,-0.3410317880071219,0.0
688637,225,2021-02-09,2021-02-18,10,control,0,0.7733657,1,dept_225_closure_2021-02-09,2021-01-10,2021-01,-3,0,0.0,688637|225|2021-02-09,0.21632289199287813,0.0
690589,225,2021-02-09,2021-02-18,10,control,0,0.5553213,1,dept_225_closure_2021-02-09,2021-01-10,2021-01,-3,0,0.2,690589|225|2021-02-09,-0.0017215080071218969,0.0
691229,225,2021-02-09,2021-02-18,10,treatment,1,0.89693713,1,dept_225_closure_2021-02-09,2021-01-10,2021-01,-3,0,0.1,691229|225|2021-02-09,0.33989432199287806,0.0
691713,225,2021-02-09,2021-02-18,10,control,0,0.8633706,1,dept_225_closure_2021-02-09,2021-01-10,2021-01,-3,0,0.2,691713|225|2021-02-09,0.3063277919928781,0.0
693271,225,2021-02-09,2021-02-18,10,control,0,0.12999293,0,dept_225_closure_2021-02-09,2021-01-10,2021-01,-3,0,0.3,693271|225|2021-02-09,-0.4270498780071219,0.0
695757,225,2021-02-09,2021-02-18,10,control,0,0.13072701,0,dept_225_closure_2021-02-09,2021-01-10,2021-01,-3,0,0.1,695757|225|2021-02-09,-0.42631579800712194,0.0
696610,225,2021-02-09,2021-02-18,10,control,0,0.1768223,0,dept_225_closure_2021-02-09,2021-01-10,2021-01,-3,0,0.0,696610|225|2021-02-09,-0.3802205080071219,0.0
697233,225,2021-02-09,2021-02-18,10,control,0,0.94105333,1,dept_225_closure_2021-02-09,2021-01-10,2021-01,-3,0,0.2,697233|225|2021-02-09,0.3840105219928781,0.0
697512,225,2021-02-09,2021-02-18,10,control,0,0.5605776,1,dept_225_closure_2021-02-09,2021-01-10,2021-01,-3,0,0.2,697512|225|2021-02-09,0.0035347919928780946,0.0
697894,225,2021-02-09,2021-02-18,10,control,0,0.79817176,1,dept_225_closure_2021-02-09,2021-01-10,2021-01,-3,0,0.2,697894|225|2021-02-09,0.2411289519928781,0.0
697973,225,2021-02-09,2021-02-18,10,control,0,0.18501806,0,dept_225_closure_2021-02-09,2021-01-10,2021-01,-3,0,0.0,697973|225|2021-02-09,-0.37202474800712193,0.0
701848,225,2021-02-09,2021-02-18,10,control,0,0.8108951,1,dept_225_closure_2021-02-09,2021-01-10,2021-01,-3,0,0.1,701848|225|2021-02-09,0.25385229199287807,0.0
702986,225,2021-02-09,2021-02-18,10,control,0,0.1872149,0,dept_225_closure_2021-02-09,2021-01-10,2021-01,-3,0,0.0,702986|225|2021-02-09,-0.36982790800712195,0.0
703120,225,2021-02-09,2021-02-18,10,control,0,0.85229796,1,dept_225_closure_2021-02-09,2021-01-10,2021-01,-3,0,0.1,703120|225|2021-02-09,0.2952551519928781,0.0
704201,225,2021-02-09,2021-02-18,10,control,0,0.94005144,1,dept_225_closure_2021-02-09,2021-01-10,2021-01,-3,0,0.3,704201|225|2021-02-09,0.38300863199287805,0.0
704382,225,2021-02-09,2021-02-18,10,treatment,1,0.016092248,0,dept_225_closure_2021-02-09,2021-01-10,2021-01,-3,0,0.2,704382|225|2021-02-09,-0.5409505600071219,0.0
705285,225,2021-02-09,2021-02-18,10,control,0,0.15315053,0,dept_225_closure_2021-02-09,2021-01-10,2021-01,-3,0,0.0,705285|225|2021-02-09,-0.4038922780071219,0.0
708489,225,2021-02-09,2021-02-18,10,control,0,0.7237068,1,dept_225_closure_2021-02-09,2021-01-10,2021-01,-3,0,0.2,708489|225|2021-02-09,0.16666399199287807,0.0
708585,225,2021-02-09,2021-02-18,10,control,0,0.19762886,0,dept_225_closure_2021-02-09,2021-01-10,2021-01,-3,0,0.0,708585|225|2021-02-09,-0.3594139480071219,0.0
708791,225,2021-02-09,2021-02-18,10,treatment,1,0.1377391,0,dept_225_closure_2021-02-09,2021-01-10,2021-01,-3,0,0.0,708791|225|2021-02-09,-0.4193037080071219,0.0
708892,225,2021-02-09,2021-02-18,10,control,0,0.18430051,0,dept_225_closure_2021-02-09,2021-01-10,2021-01,-3,0,0.0,708892|225|2021-02-09,-0.3727422980071219,0.0
711028,225,2021-02-09,2021-02-18,10,control,0,0.8355796,1,dept_225_closure_2021-02-09,2021-01-10,2021-01,-3,0,0.1,711028|225|2021-02-09,0.27853679199287806,0.0
711047,225,2021-02-09,2021-02-18,10,control,0,0.034083992,0,dept_225_closure_2021-02-09,2021-01-10,2021-01,-3,0,0.0,711047|225|2021-02-09,-0.5229588160071219,0.0
713527,225,2021-02-09,2021-02-18,10,control,0,0.09292669,0,dept_225_closure_2021-02-09,2021-01-10,2021-01,-3,0,0.0,713527|225|2021-02-09,-0.46411611800712194,0.0
713855,225,2021-02-09,2021-02-18,10,control,0,0.85167867,1,dept_225_closure_2021-02-09,2021-01-10,2021-01,-3,0,0.5,713855|225|2021-02-09,0.29463586199287806,0.0
713958,225,2021-02-09,2021-02-18,10,control,0,0.49726006,0,dept_225_closure_2021-02-09,2021-01-10,2021-01,-3,0,0.0,713958|225|2021-02-09,-0.05978274800712191,0.0
715131,225,2021-02-09,2021-02-18,10,control,0,0.92389244,1,dept_225_closure_2021-02-09,2021-01-10,2021-01,-3,0,0.3,715131|225|2021-02-09,0.3668496319928781,0.0
716396,225,2021-02-09,2021-02-18,10,control,0,0.8428176,1,dept_225_closure_2021-02-09,2021-01-10,2021-01,-3,0,0.2,716396|225|2021-02-09,0.28577479199287803,0.0
717293,225,2021-02-09,2021-02-18,10,control,0,0.25332803,0,dept_225_closure_2021-02-09,2021-01-10,2021-01,-3,0,0.0,717293|225|2021-02-09,-0.30371477800712193,0.0
718498,225,2021-02-09,2021-02-18,10,control,0,0.601293,1,dept_225_closure_2021-02-09,2021-01-10,2021-01,-3,0,0.2,718498|225|2021-02-09,0.04425019199287805,0.0
718943,225,2021-02-09,2021-02-18,10,control,0,0.22585094,0,dept_225_closure_2021-02-09,2021-01-10,2021-01,-3,0,0.0,718943|225|2021-02-09,-0.3311918680071219,0.0
723445,225,2021-02-09,2021-02-18,10,control,0,0.8507281,1,dept_225_closure_2021-02-09,2021-01-10,2021-01,-3,0,0.2,723445|225|2021-02-09,0.2936852919928781,0.0
723556,225,2021-02-09,2021-02-18,10,control,0,0.24095523,0,dept_225_closure_2021-02-09,2021-01-10,2021-01,-3,0,0.1,723556|225|2021-02-09,-0.31608757800712195,0.0
723737,225,2021-02-09,2021-02-18,10,treatment,1,0.70999473,1,dept_225_closure_2021-02-09,2021-01-10,2021-01,-3,0,0.0,723737|225|2021-02-09,0.1529519219928781,0.0
723885,225,2021-02-09,2021-02-18,10,control,0,0.39465505,0,dept_225_closure_2021-02-09,2021-01-10,2021-01,-3,0,0.0,723885|225|2021-02-09,-0.1623877580071219,0.0
724040,225,2021-02-09,2021-02-18,10,treatment,1,0.9974916,1,dept_225_closure_2021-02-09,2021-01-10,2021-01,-3,0,0.3,724040|225|2021-02-09,0.4404487919928781,0.0
725308,225,2021-02-09,2021-02-18,10,control,0,0.78447884,1,dept_225_closure_2021-02-09,2021-01-10,2021-01,-3,0,0.1,725308|225|2021-02-09,0.2274360319928781,0.0
727705,225,2021-02-09,2021-02-18,10,control,0,0.05598491,0,dept_225_closure_2021-02-09,2021-01-10,2021-01,-3,0,0.0,727705|225|2021-02-09,-0.5010578980071219,0.0
730581,225,2021-02-09,2021-02-18,10,control,0,0.72781026,1,dept_225_closure_2021-02-09,2021-01-10,2021-01,-3,0,0.1,730581|225|2021-02-09,0.17076745199287813,0.0
733149,225,2021-02-09,2021-02-18,10,control,0,0.075182885,0,dept_225_closure_2021-02-09,2021-01-10,2021-01,-3,0,0.0,733149|225|2021-02-09,-0.4818599230071219,0.0
733211,225,2021-02-09,2021-02-18,10,treatment,1,0.9522906,1,dept_225_closure_2021-02-09,2021-01-10,2021-01,-3,0,0.4,733211|225|2021-02-09,0.3952477919928781,0.0
734143,225,2021-02-09,2021-02-18,10,control,0,0.46848992,0,dept_225_closure_2021-02-09,2021-01-10,2021-01,-3,0,0.1,734143|225|2021-02-09,-0.08855288800712191,0.0
735208,225,2021-02-09,2021-02-18,10,control,0,0.731714,1,dept_225_closure_2021-02-09,2021-01-10,2021-01,-3,0,0.2,735208|225|2021-02-09,0.17467119199287806,0.0
735282,225,2021-02-09,2021-02-18,10,control,0,0.6528534,1,dept_225_closure_2021-02-09,2021-01-10,2021-01,-3,0,0.0,735282|225|2021-02-09,0.09581059199287811,0.0
735610,225,2021-02-09,2021-02-18,10,control,0,0.5116996,1,dept_225_closure_2021-02-09,2021-01-10,2021-01,-3,0,0.0,735610|225|2021-02-09,-0.04534320800712188,0.0
735616,225,2021-02-09,2021-02-18,10,control,0,0.14503029,0,dept_225_closure_2021-02-09,2021-01-10,2021-01,-3,0,0.0,735616|225|2021-02-09,-0.4120125180071219,0.0
735993,225,2021-02-09,2021-02-18,10,control,0,0.4518877,0,dept_225_closure_2021-02-09,2021-01-10,2021-01,-3,0,0.0,735993|225|2021-02-09,-0.10515510800712191,0.0
736071,225,2021-02-09,2021-02-18,10,control,0,0.28720596,0,dept_225_closure_2021-02-09,2021-01-10,2021-01,-3,0,0.1,736071|225|2021-02-09,-0.26983684800712193,0.0
736993,225,2021-02-09,2021-02-18,10,control,0,0.44273984,0,dept_225_closure_2021-02-09,2021-01-10,2021-01,-3,0,0.2,736993|225|2021-02-09,-0.11430296800712192,0.0
737299,225,2021-02-09,2021-02-18,10,control,0,0.906086,1,dept_225_closure_2021-02-09,2021-01-10,2021-01,-3,0,0.3,737299|225|2021-02-09,0.34904319199287803,0.0
737337,225,2021-02-09,2021-02-18,10,control,0,0.9937168,1,dept_225_closure_2021-02-09,2021-01-10,2021-01,-3,0,0.4,737337|225|2021-02-09,0.43667399199287804,0.0
737407,225,2021-02-09,2021-02-18,10,control,0,0.7900126,1,dept_225_closure_2021-02-09,2021-01-10,2021-01,-3,0,0.4,737407|225|2021-02-09,0.23296979199287804,0.0
737545,225,2021-02-09,2021-02-18,10,control,0,0.9986482,1,dept_225_closure_2021-02-09,2021-01-10,2021-01,-3,0,0.3,737545|225|2021-02-09,0.44160539199287807,0.0
737560,225,2021-02-09,2021-02-18,10,control,0,0.30817884,0,dept_225_closure_2021-02-09,2021-01-10,2021-01,-3,0,0.0,737560|225|2021-02-09,-0.2488639680071219,0.0
737581,225,2021-02-09,2021-02-18,10,control,0,0.79217803,1,dept_225_closure_2021-02-09,2021-01-10,2021-01,-3,0,0.1,737581|225|2021-02-09,0.23513522199287806,0.0
737722,225,2021-02-09,2021-02-18,10,control,0,0.97656333,1,dept_225_closure_2021-02-09,2021-01-10,2021-01,-3,0,0.4,737722|225|2021-02-09,0.41952052199287804,0.0
737761,225,2021-02-09,2021-02-18,10,control,0,0.007338932,0,dept_225_closure_2021-02-09,2021-01-10,2021-01,-3,0,0.0,737761|225|2021-02-09,-0.5497038760071219,0.0
739335,225,2021-02-09,2021-02-18,10,control,0,0.469756,0,dept_225_closure_2021-02-09,2021-01-10,2021-01,-3,0,0.2,739335|225|2021-02-09,-0.08728680800712191,0.0
740494,225,2021-02-09,2021-02-18,10,control,0,0.7680001,1,dept_225_closure_2021-02-09,2021-01-10,2021-01,-3,0,0.2,740494|225|2021-02-09,0.21095729199287805,0.0
740969,225,2021-02-09,2021-02-18,10,treatment,1,0.10188658,0,dept_225_closure_2021-02-09,2021-01-10,2021-01,-3,0,0.0,740969|225|2021-02-09,-0.4551562280071219,0.0
741243,225,2021-02-09,2021-02-18,10,control,0,0.30559075,0,dept_225_closure_2021-02-09,2021-01-10,2021-01,-3,0,0.5,741243|225|2021-02-09,-0.2514520580071219,0.0
741354,225,2021-02-09,2021-02-18,10,control,0,0.13810001,0,dept_225_closure_2021-02-09,2021-01-10,2021-01,-3,0,0.0,741354|225|2021-02-09,-0.4189427980071219,0.0
742991,225,2021-02-09,2021-02-18,10,control,0,0.89868057,1,dept_225_closure_2021-02-09,2021-01-10,2021-01,-3,0,0.5,742991|225|2021-02-09,0.3416377619928781,0.0
744097,225,2021-02-09,2021-02-18,10,control,0,0.7507349,1,dept_225_closure_2021-02-09,2021-01-10,2021-01,-3,0,0.2,744097|225|2021-02-09,0.19369209199287807,0.0
744787,225,2021-02-09,2021-02-18,10,control,0,0.07117133,0,dept_225_closure_2021-02-09,2021-01-10,2021-01,-3,0,0.0,744787|225|2021-02-09,-0.48587147800712194,0.0
749239,225,2021-02-09,2021-02-18,10,control,0,0.5890847,1,dept_225_closure_2021-02-09,2021-01-10,2021-01,-3,0,0.2,749239|225|2021-02-09,0.0320418919928781,0.0
749366,225,2021-02-09,2021-02-18,10,control,0,0.79701763,1,dept_225_closure_2021-02-09,2021-01-10,2021-01,-3,0,0.2,749366|225|2021-02-09,0.23997482199287812,0.0
750714,225,2021-02-09,2021-02-18,10,control,0,0.9721577,1,dept_225_closure_2021-02-09,2021-01-10,2021-01,-3,0,0.3,750714|225|2021-02-09,0.4151148919928781,0.0
752281,225,2021-02-09,2021-02-18,10,control,0,0.523927,1,dept_225_closure_2021-02-09,2021-01-10,2021-01,-3,0,0.0,752281|225|2021-02-09,-0.03311580800712188,0.0
752755,225,2021-02-09,2021-02-18,10,treatment,1,0.43572357,0,dept_225_closure_2021-02-09,2021-01-10,2021-01,-3,0,0.0,752755|225|2021-02-09,-0.12131923800712191,0.0
753422,225,2021-02-09,2021-02-18,10,control,0,0.99361503,1,dept_225_closure_2021-02-09,2021-01-10,2021-01,-3,0,0.6,753422|225|2021-02-09,0.43657222199287804,0.0
754569,225,2021-02-09,2021-02-18,10,control,0,0.7355976,1,dept_225_closure_2021-02-09,2021-01-10,2021-01,-3,0,0.1,754569|225|2021-02-09,0.17855479199287805,0.0
754608,225,2021-02-09,2021-02-18,10,treatment,1,0.27942598,0,dept_225_closure_2021-02-09,2021-01-10,2021-01,-3,0,0.1,754608|225|2021-02-09,-0.2776168280071219,0.0
754781,225,2021-02-09,2021-02-18,10,control,0,0.65508896,1,dept_225_closure_2021-02-09,2021-01-10,2021-01,-3,0,0.0,754781|225|2021-02-09,0.09804615199287814,0.0
755519,225,2021-02-09,2021-02-18,10,control,0,0.9875329,1,dept_225_closure_2021-02-09,2021-01-10,2021-01,-3,0,0.1,755519|225|2021-02-09,0.43049009199287813,0.0
756072,225,2021-02-09,2021-02-18,10,control,0,0.91919154,1,dept_225_closure_2021-02-09,2021-01-10,2021-01,-3,0,0.2,756072|225|2021-02-09,0.3621487319928781,0.0
756199,225,2021-02-09,2021-02-18,10,control,0,0.11504102,0,dept_225_closure_2021-02-09,2021-01-10,2021-01,-3,0,0.0,756199|225|2021-02-09,-0.4420017880071219,0.0
756502,225,2021-02-09,2021-02-18,10,control,0,0.3910325,0,dept_225_closure_2021-02-09,2021-01-10,2021-01,-3,0,0.0,756502|225|2021-02-09,-0.1660103080071219,0.0
756971,225,2021-02-09,2021-02-18,10,control,0,0.2952949,0,dept_225_closure_2021-02-09,2021-01-10,2021-01,-3,0,0.0,756971|225|2021-02-09,-0.2617479080071219,0.0
757056,225,2021-02-09,2021-02-18,10,control,0,0.42773086,0,dept_225_closure_2021-02-09,2021-01-10,2021-01,-3,0,0.0,757056|225|2021-02-09,-0.12931194800712192,0.0
757357,225,2021-02-09,2021-02-18,10,control,0,0.36798954,0,dept_225_closure_2021-02-09,2021-01-10,2021-01,-3,0,0.1,757357|225|2021-02-09,-0.1890532680071219,0.0
758063,225,2021-02-09,2021-02-18,10,control,0,0.3986683,0,dept_225_closure_2021-02-09,2021-01-10,2021-01,-3,0,0.0,758063|225|2021-02-09,-0.15837450800712194,0.0
759517,225,2021-02-09,2021-02-18,10,treatment,1,0.5149611,1,dept_225_closure_2021-02-09,2021-01-10,2021-01,-3,0,0.1,759517|225|2021-02-09,-0.042081708007121965,0.0
759625,225,2021-02-09,2021-02-18,10,control,0,0.9922122,1,dept_225_closure_2021-02-09,2021-01-10,2021-01,-3,0,0.7,759625|225|2021-02-09,0.4351693919928781,0.0
760335,225,2021-02-09,2021-02-18,10,control,0,0.9141567,1,dept_225_closure_2021-02-09,2021-01-10,2021-01,-3,0,0.0,760335|225|2021-02-09,0.35711389199287813,0.0
760715,225,2021-02-09,2021-02-18,10,control,0,0.5291001,1,dept_225_closure_2021-02-09,2021-01-10,2021-01,-3,0,0.2,760715|225|2021-02-09,-0.027942708007121952,0.0
761698,225,2021-02-09,2021-02-18,10,control,0,0.8022312,1,dept_225_closure_2021-02-09,2021-01-10,2021-01,-3,0,0.6,761698|225|2021-02-09,0.24518839199287812,0.0
762486,225,2021-02-09,2021-02-18,10,control,0,0.9525126,1,dept_225_closure_2021-02-09,2021-01-10,2021-01,-3,0,0.5,762486|225|2021-02-09,0.39546979199287813,0.0
763102,225,2021-02-09,2021-02-18,10,control,0,0.2966211,0,dept_225_closure_2021-02-09,2021-01-10,2021-01,-3,0,0.1,763102|225|2021-02-09,-0.2604217080071219,0.0
763597,225,2021-02-09,2021-02-18,10,control,0,0.48588014,0,dept_225_closure_2021-02-09,2021-01-10,2021-01,-3,0,0.3,763597|225|2021-02-09,-0.0711626680071219,0.0
764652,225,2021-02-09,2021-02-18,10,control,0,0.9702867,1,dept_225_closure_2021-02-09,2021-01-10,2021-01,-3,0,0.0,764652|225|2021-02-09,0.41324389199287803,0.0
764896,225,2021-02-09,2021-02-18,10,control,0,0.7929486,1,dept_225_closure_2021-02-09,2021-01-10,2021-01,-3,0,0.0,764896|225|2021-02-09,0.2359057919928781,0.0
765787,225,2021-02-09,2021-02-18,10,control,0,0.6652048,1,dept_225_closure_2021-02-09,2021-01-10,2021-01,-3,0,0.1,765787|225|2021-02-09,0.10816199199287813,0.0
766235,225,2021-02-09,2021-02-18,10,control,0,0.23883905,0,dept_225_closure_2021-02-09,2021-01-10,2021-01,-3,0,0.0,766235|225|2021-02-09,-0.3182037580071219,0.0
766771,225,2021-02-09,2021-02-18,10,control,0,0.9949444,1,dept_225_closure_2021-02-09,2021-01-10,2021-01,-3,0,0.3,766771|225|2021-02-09,0.43790159199287804,0.0
767847,225,2021-02-09,2021-02-18,10,control,0,0.6813335,1,dept_225_closure_2021-02-09,2021-01-10,2021-01,-3,0,0.1,767847|225|2021-02-09,0.12429069199287812,0.0
769437,225,2021-02-09,2021-02-18,10,control,0,0.64949113,1,dept_225_closure_2021-02-09,2021-01-10,2021-01,-3,0,0.1,769437|225|2021-02-09,0.09244832199287811,0.0
769863,225,2021-02-09,2021-02-18,10,treatment,1,0.6316026,1,dept_225_closure_2021-02-09,2021-01-10,2021-01,-3,0,0.1,769863|225|2021-02-09,0.0745597919928781,0.0
770360,225,2021-02-09,2021-02-18,10,control,0,0.43682277,0,dept_225_closure_2021-02-09,2021-01-10,2021-01,-3,0,0.0,770360|225|2021-02-09,-0.12022003800712189,0.0
771383,225,2021-02-09,2021-02-18,10,control,0,0.5376364,1,dept_225_closure_2021-02-09,2021-01-10,2021-01,-3,0,0.1,771383|225|2021-02-09,-0.0194064080071219,0.0
771652,225,2021-02-09,2021-02-18,10,control,0,0.3963786,0,dept_225_closure_2021-02-09,2021-01-10,2021-01,-3,0,0.0,771652|225|2021-02-09,-0.1606642080071219,0.0
771796,225,2021-02-09,2021-02-18,10,control,0,0.59382474,1,dept_225_closure_2021-02-09,2021-01-10,2021-01,-3,0,0.1,771796|225|2021-02-09,0.03678193199287805,0.0
772803,225,2021-02-09,2021-02-18,10,control,0,0.29600552,0,dept_225_closure_2021-02-09,2021-01-10,2021-01,-3,0,0.0,772803|225|2021-02-09,-0.2610372880071219,0.0
774073,225,2021-02-09,2021-02-18,10,control,0,0.86488825,1,dept_225_closure_2021-02-09,2021-01-10,2021-01,-3,0,0.7,774073|225|2021-02-09,0.3078454419928781,0.0
774144,225,2021-02-09,2021-02-18,10,control,0,0.33690736,0,dept_225_closure_2021-02-09,2021-01-10,2021-01,-3,0,0.0,774144|225|2021-02-09,-0.22013544800712193,0.0
774196,225,2021-02-09,2021-02-18,10,control,0,0.941812,1,dept_225_closure_2021-02-09,2021-01-10,2021-01,-3,0,0.3,774196|225|2021-02-09,0.38476919199287807,0.0
775441,225,2021-02-09,2021-02-18,10,control,0,0.08261001,0,dept_225_closure_2021-02-09,2021-01-10,2021-01,-3,0,0.0,775441|225|2021-02-09,-0.4744327980071219,0.0
777571,225,2021-02-09,2021-02-18,10,control,0,0.29030535,0,dept_225_closure_2021-02-09,2021-01-10,2021-01,-3,0,0.1,777571|225|2021-02-09,-0.2667374580071219,0.0
778537,225,2021-02-09,2021-02-18,10,treatment,1,0.73807734,1,dept_225_closure_2021-02-09,2021-01-10,2021-01,-3,0,0.3,778537|225|2021-02-09,0.1810345319928781,0.0
780220,225,2021-02-09,2021-02-18,10,treatment,1,0.15151207,0,dept_225_closure_2021-02-09,2021-01-10,2021-01,-3,0,0.0,780220|225|2021-02-09,-0.4055307380071219,0.0
781494,225,2021-02-09,2021-02-18,10,treatment,1,0.9819272,1,dept_225_closure_2021-02-09,2021-01-10,2021-01,-3,0,0.2,781494|225|2021-02-09,0.4248843919928781,0.0
781749,225,2021-02-09,2021-02-18,10,control,0,0.34949872,0,dept_225_closure_2021-02-09,2021-01-10,2021-01,-3,0,0.1,781749|225|2021-02-09,-0.20754408800712193,0.0
782815,225,2021-02-09,2021-02-18,10,control,0,0.048142757,0,dept_225_closure_2021-02-09,2021-01-10,2021-01,-3,0,0.0,782815|225|2021-02-09,-0.5089000510071219,0.0
783761,225,2021-02-09,2021-02-18,10,control,0,0.87922394,1,dept_225_closure_2021-02-09,2021-01-10,2021-01,-3,0,0.1,783761|225|2021-02-09,0.3221811319928781,0.0
784190,225,2021-02-09,2021-02-18,10,treatment,1,0.42112172,0,dept_225_closure_2021-02-09,2021-01-10,2021-01,-3,0,0.0,784190|225|2021-02-09,-0.13592108800712194,0.0
784247,225,2021-02-09,2021-02-18,10,control,0,0.37388155,0,dept_225_closure_2021-02-09,2021-01-10,2021-01,-3,0,0.2,784247|225|2021-02-09,-0.1831612580071219,0.0
784378,225,2021-02-09,2021-02-18,10,control,0,0.6521716,1,dept_225_closure_2021-02-09,2021-01-10,2021-01,-3,0,0.1,784378|225|2021-02-09,0.09512879199287805,0.0
785479,225,2021-02-09,2021-02-18,10,control,0,0.38954622,0,dept_225_closure_2021-02-09,2021-01-10,2021-01,-3,0,0.0,785479|225|2021-02-09,-0.16749658800712192,0.0
789372,225,2021-02-09,2021-02-18,10,control,0,0.5044561,1,dept_225_closure_2021-02-09,2021-01-10,2021-01,-3,0,0.2,789372|225|2021-02-09,-0.05258670800712195,0.0
789746,225,2021-02-09,2021-02-18,10,treatment,1,0.71691763,1,dept_225_closure_2021-02-09,2021-01-10,2021-01,-3,0,0.2,789746|225|2021-02-09,0.15987482199287806,0.0
791023,225,2021-02-09,2021-02-18,10,treatment,1,0.8417338,1,dept_225_closure_2021-02-09,2021-01-10,2021-01,-3,0,0.3,791023|225|2021-02-09,0.28469099199287806,0.0
791706,225,2021-02-09,2021-02-18,10,control,0,0.55756235,1,dept_225_closure_2021-02-09,2021-01-10,2021-01,-3,0,0.2,791706|225|2021-02-09,0.0005195419928780698,0.0
792259,225,2021-02-09,2021-02-18,10,control,0,0.27055612,0,dept_225_closure_2021-02-09,2021-01-10,2021-01,-3,0,0.1,792259|225|2021-02-09,-0.2864866880071219,0.0
792330,225,2021-02-09,2021-02-18,10,control,0,0.30864796,0,dept_225_closure_2021-02-09,2021-01-10,2021-01,-3,0,0.2,792330|225|2021-02-09,-0.24839484800712192,0.0
793532,225,2021-02-09,2021-02-18,10,control,0,0.8851609,1,dept_225_closure_2021-02-09,2021-01-10,2021-01,-3,0,0.1,793532|225|2021-02-09,0.3281180919928781,0.0
793923,225,2021-02-09,2021-02-18,10,control,0,0.15183781,0,dept_225_closure_2021-02-09,2021-01-10,2021-01,-3,0,0.0,793923|225|2021-02-09,-0.40520499800712195,0.0
794398,225,2021-02-09,2021-02-18,10,treatment,1,0.5736346,1,dept_225_closure_2021-02-09,2021-01-10,2021-01,-3,0,0.1,794398|225|2021-02-09,0.01659179199287808,0.0
796113,225,2021-02-09,2021-02-18,10,control,0,0.0056227576,0,dept_225_closure_2021-02-09,2021-01-10,2021-01,-3,0,0.0,796113|225|2021-02-09,-0.5514200504071219,0.0
796286,225,2021-02-09,2021-02-18,10,control,0,0.9186294,1,dept_225_closure_2021-02-09,2021-01-10,2021-01,-3,0,0.1,796286|225|2021-02-09,0.3615865919928781,0.0
796930,225,2021-02-09,2021-02-18,10,control,0,0.9921591,1,dept_225_closure_2021-02-09,2021-01-10,2021-01,-3,0,0.4,796930|225|2021-02-09,0.43511629199287805,0.0
796971,225,2021-02-09,2021-02-18,10,control,0,0.73464483,1,dept_225_closure_2021-02-09,2021-01-10,2021-01,-3,0,0.1,796971|225|2021-02-09,0.1776020219928781,0.0
797941,225,2021-02-09,2021-02-18,10,control,0,0.36482874,0,dept_225_closure_2021-02-09,2021-01-10,2021-01,-3,0,0.0,797941|225|2021-02-09,-0.19221406800712193,0.0
798263,225,2021-02-09,2021-02-18,10,control,0,0.58305246,1,dept_225_closure_2021-02-09,2021-01-10,2021-01,-3,0,0.1,798263|225|2021-02-09,0.02600965199287808,0.0
799049,225,2021-02-09,2021-02-18,10,control,0,0.9824901,1,dept_225_closure_2021-02-09,2021-01-10,2021-01,-3,0,0.3,799049|225|2021-02-09,0.4254472919928781,0.0
801294,225,2021-02-09,2021-02-18,10,control,0,0.41131797,0,dept_225_closure_2021-02-09,2021-01-10,2021-01,-3,0,0.0,801294|225|2021-02-09,-0.14572483800712194,0.0
801718,225,2021-02-09,2021-02-18,10,control,0,0.99905974,1,dept_225_closure_2021-02-09,2021-01-10,2021-01,-3,0,0.6,801718|225|2021-02-09,0.44201693199287806,0.0
803224,225,2021-02-09,2021-02-18,10,control,0,0.7826386,1,dept_225_closure_2021-02-09,2021-01-10,2021-01,-3,0,0.1,803224|225|2021-02-09,0.22559579199287805,0.0
804722,225,2021-02-09,2021-02-18,10,control,0,0.9922273,1,dept_225_closure_2021-02-09,2021-01-10,2021-01,-3,0,0.7,804722|225|2021-02-09,0.4351844919928781,0.0
805264,225,2021-02-09,2021-02-18,10,treatment,1,0.3060513,0,dept_225_closure_2021-02-09,2021-01-10,2021-01,-3,0,0.1,805264|225|2021-02-09,-0.2509915080071219,0.0
805366,225,2021-02-09,2021-02-18,10,control,0,0.22654901,0,dept_225_closure_2021-02-09,2021-01-10,2021-01,-3,0,0.0,805366|225|2021-02-09,-0.3304937980071219,0.0
807855,225,2021-02-09,2021-02-18,10,treatment,1,0.7708943,1,dept_225_closure_2021-02-09,2021-01-10,2021-01,-3,0,0.0,807855|225|2021-02-09,0.21385149199287812,0.0
809500,225,2021-02-09,2021-02-18,10,control,0,0.31644803,0,dept_225_closure_2021-02-09,2021-01-10,2021-01,-3,0,0.0,809500|225|2021-02-09,-0.24059477800712192,0.0
5,225,2021-02-09,2021-02-18,10,control,0,0.14528728,0,dept_225_closure_2021-02-09,2021-01-20,2021-01,-2,0,0.0,5|225|2021-02-09,-0.4117555280071219,0.0
866,225,2021-02-09,2021-02-18,10,control,0,0.34398916,0,dept_225_closure_2021-02-09,2021-01-20,2021-01,-2,0,0.5,866|225|2021-02-09,-0.2130536480071219,0.0
1100,225,2021-02-09,2021-02-18,10,control,0,0.6347374,1,dept_225_closure_2021-02-09,2021-01-20,2021-01,-2,0,0.0,1100|225|2021-02-09,0.07769459199287809,0.0
2097,225,2021-02-09,2021-02-18,10,control,0,0.23596613,0,dept_225_closure_2021-02-09,2021-01-20,2021-01,-2,0,0.0,2097|225|2021-02-09,-0.3210766780071219,0.0
2185,225,2021-02-09,2021-02-18,10,control,0,0.2621139,0,dept_225_closure_2021-02-09,2021-01-20,2021-01,-2,0,0.1,2185|225|2021-02-09,-0.2949289080071219,0.0
2206,225,2021-02-09,2021-02-18,10,control,0,0.4399006,0,dept_225_closure_2021-02-09,2021-01-20,2021-01,-2,0,0.0,2206|225|2021-02-09,-0.11714220800712194,0.0
3239,225,2021-02-09,2021-02-18,10,control,0,0.085536055,0,dept_225_closure_2021-02-09,2021-01-20,2021-01,-2,0,0.0,3239|225|2021-02-09,-0.4715067530071219,0.0
3256,225,2021-02-09,2021-02-18,10,control,0,0.27744627,0,dept_225_closure_2021-02-09,2021-01-20,2021-01,-2,0,0.0,3256|225|2021-02-09,-0.2795965380071219,0.0
5717,225,2021-02-09,2021-02-18,10,control,0,0.86031544,1,dept_225_closure_2021-02-09,2021-01-20,2021-01,-2,0,0.2,5717|225|2021-02-09,0.30327263199287813,0.0
7281,225,2021-02-09,2021-02-18,10,control,0,0.99898213,1,dept_225_closure_2021-02-09,2021-01-20,2021-01,-2,0,0.7,7281|225|2021-02-09,0.4419393219928781,0.0
8427,225,2021-02-09,2021-02-18,10,control,0,0.019571843,0,dept_225_closure_2021-02-09,2021-01-20,2021-01,-2,0,0.0,8427|225|2021-02-09,-0.5374709650071219,0.0
8449,225,2021-02-09,2021-02-18,10,control,0,0.08294749,0,dept_225_closure_2021-02-09,2021-01-20,2021-01,-2,0,0.0,8449|225|2021-02-09,-0.4740953180071219,0.0
10251,225,2021-02-09,2021-02-18,10,control,0,0.52154756,1,dept_225_closure_2021-02-09,2021-01-20,2021-01,-2,0,0.1,10251|225|2021-02-09,-0.03549524800712189,0.0
12391,225,2021-02-09,2021-02-18,10,control,0,0.15027635,0,dept_225_closure_2021-02-09,2021-01-20,2021-01,-2,0,0.0,12391|225|2021-02-09,-0.4067664580071219,0.0
12400,225,2021-02-09,2021-02-18,10,control,0,0.018340718,0,dept_225_closure_2021-02-09,2021-01-20,2021-01,-2,0,0.0,12400|225|2021-02-09,-0.5387020900071219,0.0
12928,225,2021-02-09,2021-02-18,10,control,0,0.8517119,1,dept_225_closure_2021-02-09,2021-01-20,2021-01,-2,0,0.1,12928|225|2021-02-09,0.29466909199287805,0.0
15825,225,2021-02-09,2021-02-18,10,control,0,0.21903794,0,dept_225_closure_2021-02-09,2021-01-20,2021-01,-2,0,0.0,15825|225|2021-02-09,-0.33800486800712193,0.0
16611,225,2021-02-09,2021-02-18,10,control,0,0.03530123,0,dept_225_closure_2021-02-09,2021-01-20,2021-01,-2,0,0.0,16611|225|2021-02-09,-0.521741578007122,0.0
17269,225,2021-02-09,2021-02-18,10,control,0,0.21498367,0,dept_225_closure_2021-02-09,2021-01-20,2021-01,-2,0,0.0,17269|225|2021-02-09,-0.34205913800712195,0.0
17312,225,2021-02-09,2021-02-18,10,control,0,0.36621094,0,dept_225_closure_2021-02-09,2021-01-20,2021-01,-2,0,0.1,17312|225|2021-02-09,-0.19083186800712193,0.0
19087,225,2021-02-09,2021-02-18,10,control,0,0.1141593,0,dept_225_closure_2021-02-09,2021-01-20,2021-01,-2,0,0.0,19087|225|2021-02-09,-0.4428835080071219,0.0
19767,225,2021-02-09,2021-02-18,10,control,0,0.48095965,0,dept_225_closure_2021-02-09,2021-01-20,2021-01,-2,0,0.1,19767|225|2021-02-09,-0.0760831580071219,0.0
19961,225,2021-02-09,2021-02-18,10,control,0,0.2612961,0,dept_225_closure_2021-02-09,2021-01-20,2021-01,-2,0,0.1,19961|225|2021-02-09,-0.29574670800712194,0.0
20829,225,2021-02-09,2021-02-18,10,control,0,0.84562606,1,dept_225_closure_2021-02-09,2021-01-20,2021-01,-2,0,0.3,20829|225|2021-02-09,0.28858325199287804,0.0
22301,225,2021-02-09,2021-02-18,10,treatment,1,0.49965566,0,dept_225_closure_2021-02-09,2021-01-20,2021-01,-2,0,0.1,22301|225|2021-02-09,-0.05738714800712191,0.0
22417,225,2021-02-09,2021-02-18,10,control,0,0.99820554,1,dept_225_closure_2021-02-09,2021-01-20,2021-01,-2,0,0.6,22417|225|2021-02-09,0.44116273199287803,0.0
24695,225,2021-02-09,2021-02-18,10,control,0,0.23371305,0,dept_225_closure_2021-02-09,2021-01-20,2021-01,-2,0,0.0,24695|225|2021-02-09,-0.32332975800712194,0.0
27305,225,2021-02-09,2021-02-18,10,control,0,0.934971,1,dept_225_closure_2021-02-09,2021-01-20,2021-01,-2,0,0.6,27305|225|2021-02-09,0.3779281919928781,0.0
27339,225,2021-02-09,2021-02-18,10,control,0,0.06848284,0,dept_225_closure_2021-02-09,2021-01-20,2021-01,-2,0,0.0,27339|225|2021-02-09,-0.4885599680071219,0.0
28349,225,2021-02-09,2021-02-18,10,control,0,0.031649835,0,dept_225_closure_2021-02-09,2021-01-20,2021-01,-2,0,0.0,28349|225|2021-02-09,-0.525392973007122,0.0
28784,225,2021-02-09,2021-02-18,10,control,0,0.96120983,1,dept_225_closure_2021-02-09,2021-01-20,2021-01,-2,0,0.2,28784|225|2021-02-09,0.40416702199287813,0.0
29011,225,2021-02-09,2021-02-18,10,control,0,0.89105934,1,dept_225_closure_2021-02-09,2021-01-20,2021-01,-2,0,0.1,29011|225|2021-02-09,0.33401653199287806,0.0
29025,225,2021-02-09,2021-02-18,10,control,0,0.93348074,1,dept_225_closure_2021-02-09,2021-01-20,2021-01,-2,0,0.2,29025|225|2021-02-09,0.3764379319928781,0.0
29713,225,2021-02-09,2021-02-18,10,control,0,0.5263306,1,dept_225_closure_2021-02-09,2021-01-20,2021-01,-2,0,0.0,29713|225|2021-02-09,-0.030712208007121933,0.0
31068,225,2021-02-09,2021-02-18,10,control,0,0.3156137,0,dept_225_closure_2021-02-09,2021-01-20,2021-01,-2,0,0.0,31068|225|2021-02-09,-0.24142910800712192,0.0
31075,225,2021-02-09,2021-02-18,10,control,0,0.39527813,0,dept_225_closure_2021-02-09,2021-01-20,2021-01,-2,0,0.1,31075|225|2021-02-09,-0.1617646780071219,0.0
31139,225,2021-02-09,2021-02-18,10,treatment,1,0.24236429,0,dept_225_closure_2021-02-09,2021-01-20,2021-01,-2,0,0.0,31139|225|2021-02-09,-0.3146785180071219,0.0
31524,225,2021-02-09,2021-02-18,10,control,0,0.05243684,0,dept_225_closure_2021-02-09,2021-01-20,2021-01,-2,0,0.0,31524|225|2021-02-09,-0.5046059680071219,0.0
32473,225,2021-02-09,2021-02-18,10,control,0,0.72997993,1,dept_225_closure_2021-02-09,2021-01-20,2021-01,-2,0,0.0,32473|225|2021-02-09,0.17293712199287814,0.0
32707,225,2021-02-09,2021-02-18,10,control,0,0.9788866,1,dept_225_closure_2021-02-09,2021-01-20,2021-01,-2,0,0.4,32707|225|2021-02-09,0.42184379199287814,0.0
34116,225,2021-02-09,2021-02-18,10,control,0,0.4045588,0,dept_225_closure_2021-02-09,2021-01-20,2021-01,-2,0,0.0,34116|225|2021-02-09,-0.15248400800712192,0.0
36662,225,2021-02-09,2021-02-18,10,control,0,0.1691688,0,dept_225_closure_2021-02-09,2021-01-20,2021-01,-2,0,0.0,36662|225|2021-02-09,-0.3878740080071219,0.0
37330,225,2021-02-09,2021-02-18,10,treatment,1,0.39923403,0,dept_225_closure_2021-02-09,2021-01-20,2021-01,-2,0,0.1,37330|225|2021-02-09,-0.1578087780071219,0.0
38200,225,2021-02-09,2021-02-18,10,control,0,0.41114828,0,dept_225_closure_2021-02-09,2021-01-20,2021-01,-2,0,0.0,38200|225|2021-02-09,-0.14589452800712194,0.0
39228,225,2021-02-09,2021-02-18,10,control,0,0.93770295,1,dept_225_closure_2021-02-09,2021-01-20,2021-01,-2,0,0.4,39228|225|2021-02-09,0.3806601419928781,0.0
40566,225,2021-02-09,2021-02-18,10,control,0,0.9946063,1,dept_225_closure_2021-02-09,2021-01-20,2021-01,-2,0,0.7,40566|225|2021-02-09,0.43756349199287814,0.0
44385,225,2021-02-09,2021-02-18,10,control,0,0.81834763,1,dept_225_closure_2021-02-09,2021-01-20,2021-01,-2,0,0.2,44385|225|2021-02-09,0.2613048219928781,0.0
44793,225,2021-02-09,2021-02-18,10,control,0,0.8609171,1,dept_225_closure_2021-02-09,2021-01-20,2021-01,-2,0,0.4,44793|225|2021-02-09,0.3038742919928781,0.0
46191,225,2021-02-09,2021-02-18,10,control,0,0.85950613,1,dept_225_closure_2021-02-09,2021-01-20,2021-01,-2,0,0.4,46191|225|2021-02-09,0.30246332199287806,0.0
47222,225,2021-02-09,2021-02-18,10,treatment,1,0.49709675,0,dept_225_closure_2021-02-09,2021-01-20,2021-01,-2,0,0.0,47222|225|2021-02-09,-0.05994605800712194,0.0
48637,225,2021-02-09,2021-02-18,10,treatment,1,0.54981667,1,dept_225_closure_2021-02-09,2021-01-20,2021-01,-2,0,0.0,48637|225|2021-02-09,-0.007226138007121907,0.0
49220,225,2021-02-09,2021-02-18,10,control,0,0.37845916,0,dept_225_closure_2021-02-09,2021-01-20,2021-01,-2,0,0.2,49220|225|2021-02-09,-0.1785836480071219,0.0
50187,225,2021-02-09,2021-02-18,10,control,0,0.86367977,1,dept_225_closure_2021-02-09,2021-01-20,2021-01,-2,0,0.4,50187|225|2021-02-09,0.30663696199287804,0.0
51175,225,2021-02-09,2021-02-18,10,control,0,0.06736726,0,dept_225_closure_2021-02-09,2021-01-20,2021-01,-2,0,0.0,51175|225|2021-02-09,-0.48967554800712193,0.0
51232,225,2021-02-09,2021-02-18,10,treatment,1,0.96270984,1,dept_225_closure_2021-02-09,2021-01-20,2021-01,-2,0,0.3,51232|225|2021-02-09,0.4056670319928781,0.0
51386,225,2021-02-09,2021-02-18,10,treatment,1,0.9826988,1,dept_225_closure_2021-02-09,2021-01-20,2021-01,-2,0,0.5,51386|225|2021-02-09,0.42565599199287807,0.0
52482,225,2021-02-09,2021-02-18,10,control,0,0.7282863,1,dept_225_closure_2021-02-09,2021-01-20,2021-01,-2,0,0.2,52482|225|2021-02-09,0.17124349199287814,0.0
52509,225,2021-02-09,2021-02-18,10,control,0,0.9856984,1,dept_225_closure_2021-02-09,2021-01-20,2021-01,-2,0,0.2,52509|225|2021-02-09,0.42865559199287806,0.0
52857,225,2021-02-09,2021-02-18,10,control,0,0.39206263,0,dept_225_closure_2021-02-09,2021-01-20,2021-01,-2,0,0.0,52857|225|2021-02-09,-0.1649801780071219,0.0
55277,225,2021-02-09,2021-02-18,10,control,0,0.7247857,1,dept_225_closure_2021-02-09,2021-01-20,2021-01,-2,0,0.2,55277|225|2021-02-09,0.16774289199287806,0.0
56953,225,2021-02-09,2021-02-18,10,control,0,0.8950663,1,dept_225_closure_2021-02-09,2021-01-20,2021-01,-2,0,0.4,56953|225|2021-02-09,0.33802349199287807,0.0
57362,225,2021-02-09,2021-02-18,10,control,0,0.5430405,1,dept_225_closure_2021-02-09,2021-01-20,2021-01,-2,0,0.0,57362|225|2021-02-09,-0.014002308007121878,0.0
57582,225,2021-02-09,2021-02-18,10,control,0,0.92595965,1,dept_225_closure_2021-02-09,2021-01-20,2021-01,-2,0,0.4,57582|225|2021-02-09,0.3689168419928781,0.0
62574,225,2021-02-09,2021-02-18,10,control,0,0.24900906,0,dept_225_closure_2021-02-09,2021-01-20,2021-01,-2,0,0.0,62574|225|2021-02-09,-0.3080337480071219,0.0
63220,225,2021-02-09,2021-02-18,10,control,0,0.88363045,1,dept_225_closure_2021-02-09,2021-01-20,2021-01,-2,0,0.3,63220|225|2021-02-09,0.32658764199287804,0.0
64080,225,2021-02-09,2021-02-18,10,treatment,1,0.5486668,1,dept_225_closure_2021-02-09,2021-01-20,2021-01,-2,0,0.0,64080|225|2021-02-09,-0.008376008007121905,0.0
73719,225,2021-02-09,2021-02-18,10,control,0,0.48416466,0,dept_225_closure_2021-02-09,2021-01-20,2021-01,-2,0,0.0,73719|225|2021-02-09,-0.07287814800712189,0.0
75205,225,2021-02-09,2021-02-18,10,control,0,0.87622863,1,dept_225_closure_2021-02-09,2021-01-20,2021-01,-2,0,0.1,75205|225|2021-02-09,0.31918582199287804,0.0
77516,225,2021-02-09,2021-02-18,10,control,0,0.88889474,1,dept_225_closure_2021-02-09,2021-01-20,2021-01,-2,0,0.2,77516|225|2021-02-09,0.3318519319928781,0.0
79269,225,2021-02-09,2021-02-18,10,control,0,0.14135796,0,dept_225_closure_2021-02-09,2021-01-20,2021-01,-2,0,0.0,79269|225|2021-02-09,-0.4156848480071219,0.0
82976,225,2021-02-09,2021-02-18,10,control,0,0.5032989,1,dept_225_closure_2021-02-09,2021-01-20,2021-01,-2,0,0.0,82976|225|2021-02-09,-0.05374390800712192,0.0
83920,225,2021-02-09,2021-02-18,10,control,0,0.10722636,0,dept_225_closure_2021-02-09,2021-01-20,2021-01,-2,0,0.0,83920|225|2021-02-09,-0.4498164480071219,0.0
85561,225,2021-02-09,2021-02-18,10,treatment,1,0.30561054,0,dept_225_closure_2021-02-09,2021-01-20,2021-01,-2,0,0.0,85561|225|2021-02-09,-0.25143226800712193,0.0
85580,225,2021-02-09,2021-02-18,10,control,0,0.96883047,1,dept_225_closure_2021-02-09,2021-01-20,2021-01,-2,0,0.2,85580|225|2021-02-09,0.4117876619928781,0.0
85848,225,2021-02-09,2021-02-18,10,control,0,0.047726985,0,dept_225_closure_2021-02-09,2021-01-20,2021-01,-2,0,0.0,85848|225|2021-02-09,-0.509315823007122,0.0
88712,225,2021-02-09,2021-02-18,10,control,0,0.27502534,0,dept_225_closure_2021-02-09,2021-01-20,2021-01,-2,0,0.0,88712|225|2021-02-09,-0.2820174680071219,0.0
90821,225,2021-02-09,2021-02-18,10,control,0,0.10521385,0,dept_225_closure_2021-02-09,2021-01-20,2021-01,-2,0,0.2,90821|225|2021-02-09,-0.4518289580071219,0.0
91438,225,2021-02-09,2021-02-18,10,treatment,1,0.2950767,0,dept_225_closure_2021-02-09,2021-01-20,2021-01,-2,0,0.0,91438|225|2021-02-09,-0.2619661080071219,0.0
92168,225,2021-02-09,2021-02-18,10,control,0,0.7336935,1,dept_225_closure_2021-02-09,2021-01-20,2021-01,-2,0,0.0,92168|225|2021-02-09,0.17665069199287808,0.0
92196,225,2021-02-09,2021-02-18,10,control,0,0.8121042,1,dept_225_closure_2021-02-09,2021-01-20,2021-01,-2,0,0.3,92196|225|2021-02-09,0.25506139199287814,0.0
93076,225,2021-02-09,2021-02-18,10,control,0,0.13417456,0,dept_225_closure_2021-02-09,2021-01-20,2021-01,-2,0,0.0,93076|225|2021-02-09,-0.4228682480071219,0.0
94462,225,2021-02-09,2021-02-18,10,control,0,0.8219448,1,dept_225_closure_2021-02-09,2021-01-20,2021-01,-2,0,0.0,94462|225|2021-02-09,0.2649019919928781,0.0
95167,225,2021-02-09,2021-02-18,10,control,0,0.98642063,1,dept_225_closure_2021-02-09,2021-01-20,2021-01,-2,0,0.6,95167|225|2021-02-09,0.4293778219928781,0.0
96414,225,2021-02-09,2021-02-18,10,treatment,1,0.5275364,1,dept_225_closure_2021-02-09,2021-01-20,2021-01,-2,0,0.2,96414|225|2021-02-09,-0.029506408007121898,0.0
96697,225,2021-02-09,2021-02-18,10,control,0,0.025866332,0,dept_225_closure_2021-02-09,2021-01-20,2021-01,-2,0,0.1,96697|225|2021-02-09,-0.5311764760071219,0.0
104528,225,2021-02-09,2021-02-18,10,control,0,0.5275139,1,dept_225_closure_2021-02-09,2021-01-20,2021-01,-2,0,0.1,104528|225|2021-02-09,-0.029528908007121935,0.0
104571,225,2021-02-09,2021-02-18,10,control,0,0.98588693,1,dept_225_closure_2021-02-09,2021-01-20,2021-01,-2,0,0.7,104571|225|2021-02-09,0.42884412199287814,0.0
104692,225,2021-02-09,2021-02-18,10,control,0,0.28391963,0,dept_225_closure_2021-02-09,2021-01-20,2021-01,-2,0,0.1,104692|225|2021-02-09,-0.27312317800712194,0.0
104922,225,2021-02-09,2021-02-18,10,control,0,0.5186152,1,dept_225_closure_2021-02-09,2021-01-20,2021-01,-2,0,0.0,104922|225|2021-02-09,-0.03842760800712186,0.0
106298,225,2021-02-09,2021-02-18,10,control,0,0.060432576,0,dept_225_closure_2021-02-09,2021-01-20,2021-01,-2,0,0.0,106298|225|2021-02-09,-0.4966102320071219,0.0
111416,225,2021-02-09,2021-02-18,10,treatment,1,0.069509014,0,dept_225_closure_2021-02-09,2021-01-20,2021-01,-2,0,0.0,111416|225|2021-02-09,-0.48753379400712193,0.0
112274,225,2021-02-09,2021-02-18,10,control,0,0.9381968,1,dept_225_closure_2021-02-09,2021-01-20,2021-01,-2,0,0.1,112274|225|2021-02-09,0.38115399199287814,0.0
112986,225,2021-02-09,2021-02-18,10,control,0,0.43461272,0,dept_225_closure_2021-02-09,2021-01-20,2021-01,-2,0,0.1,112986|225|2021-02-09,-0.1224300880071219,0.0
113871,225,2021-02-09,2021-02-18,10,control,0,0.7866077,1,dept_225_closure_2021-02-09,2021-01-20,2021-01,-2,0,0.0,113871|225|2021-02-09,0.2295648919928781,0.0
114555,225,2021-02-09,2021-02-18,10,control,0,0.103926405,0,dept_225_closure_2021-02-09,2021-01-20,2021-01,-2,0,0.0,114555|225|2021-02-09,-0.4531164030071219,0.0
114559,225,2021-02-09,2021-02-18,10,control,0,0.99483794,1,dept_225_closure_2021-02-09,2021-01-20,2021-01,-2,0,0.3,114559|225|2021-02-09,0.4377951319928781,0.0
115199,225,2021-02-09,2021-02-18,10,treatment,1,0.9845649,1,dept_225_closure_2021-02-09,2021-01-20,2021-01,-2,0,0.2,115199|225|2021-02-09,0.42752209199287805,0.0
115326,225,2021-02-09,2021-02-18,10,control,0,0.13118972,0,dept_225_closure_2021-02-09,2021-01-20,2021-01,-2,0,0.1,115326|225|2021-02-09,-0.4258530880071219,0.0
115535,225,2021-02-09,2021-02-18,10,control,0,0.9518152,1,dept_225_closure_2021-02-09,2021-01-20,2021-01,-2,0,0.4,115535|225|2021-02-09,0.39477239199287806,0.0
116937,225,2021-02-09,2021-02-18,10,treatment,1,0.22988378,0,dept_225_closure_2021-02-09,2021-01-20,2021-01,-2,0,0.0,116937|225|2021-02-09,-0.32715902800712193,0.0
117335,225,2021-02-09,2021-02-18,10,control,0,0.7447799,1,dept_225_closure_2021-02-09,2021-01-20,2021-01,-2,0,0.2,117335|225|2021-02-09,0.18773709199287814,0.0
119025,225,2021-02-09,2021-02-18,10,control,0,0.6071146,1,dept_225_closure_2021-02-09,2021-01-20,2021-01,-2,0,0.3,119025|225|2021-02-09,0.050071791992878034,0.0
119175,225,2021-02-09,2021-02-18,10,control,0,0.28744176,0,dept_225_closure_2021-02-09,2021-01-20,2021-01,-2,0,0.1,119175|225|2021-02-09,-0.2696010480071219,0.0
121010,225,2021-02-09,2021-02-18,10,control,0,0.2686608,0,dept_225_closure_2021-02-09,2021-01-20,2021-01,-2,0,0.0,121010|225|2021-02-09,-0.28838200800712194,0.0
121590,225,2021-02-09,2021-02-18,10,control,0,0.9802814,1,dept_225_closure_2021-02-09,2021-01-20,2021-01,-2,0,0.5,121590|225|2021-02-09,0.42323859199287805,0.0
121722,225,2021-02-09,2021-02-18,10,treatment,1,0.5416496,1,dept_225_closure_2021-02-09,2021-01-20,2021-01,-2,0,0.3,121722|225|2021-02-09,-0.015393208007121961,0.0
123270,225,2021-02-09,2021-02-18,10,control,0,0.82353306,1,dept_225_closure_2021-02-09,2021-01-20,2021-01,-2,0,0.2,123270|225|2021-02-09,0.2664902519928781,0.0
124613,225,2021-02-09,2021-02-18,10,control,0,0.78453153,1,dept_225_closure_2021-02-09,2021-01-20,2021-01,-2,0,0.2,124613|225|2021-02-09,0.22748872199287806,0.0
128896,225,2021-02-09,2021-02-18,10,control,0,0.2702459,0,dept_225_closure_2021-02-09,2021-01-20,2021-01,-2,0,0.0,128896|225|2021-02-09,-0.28679690800712193,0.0
129631,225,2021-02-09,2021-02-18,10,control,0,0.87201,1,dept_225_closure_2021-02-09,2021-01-20,2021-01,-2,0,0.1,129631|225|2021-02-09,0.31496719199287804,0.0
130615,225,2021-02-09,2021-02-18,10,control,0,0.49420547,0,dept_225_closure_2021-02-09,2021-01-20,2021-01,-2,0,0.0,130615|225|2021-02-09,-0.06283733800712193,0.0
131102,225,2021-02-09,2021-02-18,10,treatment,1,0.91136134,1,dept_225_closure_2021-02-09,2021-01-20,2021-01,-2,0,0.4,131102|225|2021-02-09,0.3543185319928781,0.0
131453,225,2021-02-09,2021-02-18,10,control,0,0.6490996,1,dept_225_closure_2021-02-09,2021-01-20,2021-01,-2,0,0.0,131453|225|2021-02-09,0.09205679199287808,0.0
132468,225,2021-02-09,2021-02-18,10,control,0,0.24907468,0,dept_225_closure_2021-02-09,2021-01-20,2021-01,-2,0,0.0,132468|225|2021-02-09,-0.3079681280071219,0.0
134444,225,2021-02-09,2021-02-18,10,treatment,1,0.66105175,1,dept_225_closure_2021-02-09,2021-01-20,2021-01,-2,0,0.2,134444|225|2021-02-09,0.10400894199287813,0.0
135292,225,2021-02-09,2021-02-18,10,treatment,1,0.9451208,1,dept_225_closure_2021-02-09,2021-01-20,2021-01,-2,0,0.3,135292|225|2021-02-09,0.38807799199287807,0.0
136496,225,2021-02-09,2021-02-18,10,control,0,0.43152484,0,dept_225_closure_2021-02-09,2021-01-20,2021-01,-2,0,0.0,136496|225|2021-02-09,-0.1255179680071219,0.0
136929,225,2021-02-09,2021-02-18,10,control,0,0.93452793,1,dept_225_closure_2021-02-09,2021-01-20,2021-01,-2,0,0.0,136929|225|2021-02-09,0.3774851219928781,0.0
137152,225,2021-02-09,2021-02-18,10,control,0,0.32510924,0,dept_225_closure_2021-02-09,2021-01-20,2021-01,-2,0,0.1,137152|225|2021-02-09,-0.2319335680071219,0.0
139380,225,2021-02-09,2021-02-18,10,control,0,0.99770504,1,dept_225_closure_2021-02-09,2021-01-20,2021-01,-2,0,0.7,139380|225|2021-02-09,0.44066223199287813,0.0
139997,225,2021-02-09,2021-02-18,10,control,0,0.49280056,0,dept_225_closure_2021-02-09,2021-01-20,2021-01,-2,0,0.2,139997|225|2021-02-09,-0.06424224800712192,0.0
140174,225,2021-02-09,2021-02-18,10,control,0,0.9339587,1,dept_225_closure_2021-02-09,2021-01-20,2021-01,-2,0,0.2,140174|225|2021-02-09,0.3769158919928781,0.0
140189,225,2021-02-09,2021-02-18,10,control,0,0.99497885,1,dept_225_closure_2021-02-09,2021-01-20,2021-01,-2,0,0.3,140189|225|2021-02-09,0.43793604199287806,0.0
141122,225,2021-02-09,2021-02-18,10,control,0,0.68625027,1,dept_225_closure_2021-02-09,2021-01-20,2021-01,-2,0,0.2,141122|225|2021-02-09,0.12920746199287814,0.0
141261,225,2021-02-09,2021-02-18,10,control,0,0.996579,1,dept_225_closure_2021-02-09,2021-01-20,2021-01,-2,0,0.5,141261|225|2021-02-09,0.4395361919928781,0.0
144064,225,2021-02-09,2021-02-18,10,control,0,0.09249806,0,dept_225_closure_2021-02-09,2021-01-20,2021-01,-2,0,0.0,144064|225|2021-02-09,-0.4645447480071219,0.0
146678,225,2021-02-09,2021-02-18,10,control,0,0.17388102,0,dept_225_closure_2021-02-09,2021-01-20,2021-01,-2,0,0.3,146678|225|2021-02-09,-0.3831617880071219,0.0
148355,225,2021-02-09,2021-02-18,10,treatment,1,0.17873272,0,dept_225_closure_2021-02-09,2021-01-20,2021-01,-2,0,0.1,148355|225|2021-02-09,-0.3783100880071219,0.0
149605,225,2021-02-09,2021-02-18,10,control,0,0.66756827,1,dept_225_closure_2021-02-09,2021-01-20,2021-01,-2,0,0.3,149605|225|2021-02-09,0.11052546199287805,0.0
149858,225,2021-02-09,2021-02-18,10,control,0,0.5513751,1,dept_225_closure_2021-02-09,2021-01-20,2021-01,-2,0,0.0,149858|225|2021-02-09,-0.005667708007121908,0.0
150721,225,2021-02-09,2021-02-18,10,control,0,0.4290937,0,dept_225_closure_2021-02-09,2021-01-20,2021-01,-2,0,0.1,150721|225|2021-02-09,-0.1279491080071219,0.0
152104,225,2021-02-09,2021-02-18,10,control,0,0.27722538,0,dept_225_closure_2021-02-09,2021-01-20,2021-01,-2,0,0.4,152104|225|2021-02-09,-0.2798174280071219,0.0
154812,225,2021-02-09,2021-02-18,10,control,0,0.024545906,0,dept_225_closure_2021-02-09,2021-01-20,2021-01,-2,0,0.0,154812|225|2021-02-09,-0.532496902007122,0.0
156408,225,2021-02-09,2021-02-18,10,control,0,0.06135893,0,dept_225_closure_2021-02-09,2021-01-20,2021-01,-2,0,0.0,156408|225|2021-02-09,-0.49568387800712194,0.0
157353,225,2021-02-09,2021-02-18,10,control,0,0.054554705,0,dept_225_closure_2021-02-09,2021-01-20,2021-01,-2,0,0.0,157353|225|2021-02-09,-0.5024881030071219,0.0
158587,225,2021-02-09,2021-02-18,10,control,0,0.16717811,0,dept_225_closure_2021-02-09,2021-01-20,2021-01,-2,0,0.0,158587|225|2021-02-09,-0.3898646980071219,0.0
159426,225,2021-02-09,2021-02-18,10,control,0,0.9888276,1,dept_225_closure_2021-02-09,2021-01-20,2021-01,-2,0,0.7,159426|225|2021-02-09,0.4317847919928781,0.0
160269,225,2021-02-09,2021-02-18,10,control,0,0.7384821,1,dept_225_closure_2021-02-09,2021-01-20,2021-01,-2,0,0.1,160269|225|2021-02-09,0.18143929199287812,0.0
161725,225,2021-02-09,2021-02-18,10,treatment,1,0.45389333,0,dept_225_closure_2021-02-09,2021-01-20,2021-01,-2,0,0.3,161725|225|2021-02-09,-0.10314947800712193,0.0
163448,225,2021-02-09,2021-02-18,10,control,0,0.5847298,1,dept_225_closure_2021-02-09,2021-01-20,2021-01,-2,0,0.1,163448|225|2021-02-09,0.02768699199287805,0.0
168489,225,2021-02-09,2021-02-18,10,control,0,0.3054672,0,dept_225_closure_2021-02-09,2021-01-20,2021-01,-2,0,0.0,168489|225|2021-02-09,-0.2515756080071219,0.0
170689,225,2021-02-09,2021-02-18,10,control,0,0.8717616,1,dept_225_closure_2021-02-09,2021-01-20,2021-01,-2,0,0.1,170689|225|2021-02-09,0.3147187919928781,0.0
170963,225,2021-02-09,2021-02-18,10,control,0,0.9097696,1,dept_225_closure_2021-02-09,2021-01-20,2021-01,-2,0,0.1,170963|225|2021-02-09,0.35272679199287804,0.0
170998,225,2021-02-09,2021-02-18,10,control,0,0.9982672,1,dept_225_closure_2021-02-09,2021-01-20,2021-01,-2,0,0.4,170998|225|2021-02-09,0.4412243919928781,0.0
172338,225,2021-02-09,2021-02-18,10,control,0,0.94404244,1,dept_225_closure_2021-02-09,2021-01-20,2021-01,-2,0,0.3,172338|225|2021-02-09,0.3869996319928781,0.0
172531,225,2021-02-09,2021-02-18,10,control,0,0.22820017,0,dept_225_closure_2021-02-09,2021-01-20,2021-01,-2,0,0.1,172531|225|2021-02-09,-0.3288426380071219,0.0
175025,225,2021-02-09,2021-02-18,10,control,0,0.39642844,0,dept_225_closure_2021-02-09,2021-01-20,2021-01,-2,0,0.2,175025|225|2021-02-09,-0.16061436800712192,0.0
177352,225,2021-02-09,2021-02-18,10,control,0,0.012363931,0,dept_225_closure_2021-02-09,2021-01-20,2021-01,-2,0,0.0,177352|225|2021-02-09,-0.5446788770071219,0.0
177848,225,2021-02-09,2021-02-18,10,control,0,0.26560098,0,dept_225_closure_2021-02-09,2021-01-20,2021-01,-2,0,0.0,177848|225|2021-02-09,-0.29144182800712193,0.0
179248,225,2021-02-09,2021-02-18,10,control,0,0.4933257,0,dept_225_closure_2021-02-09,2021-01-20,2021-01,-2,0,0.1,179248|225|2021-02-09,-0.06371710800712194,0.0
180666,225,2021-02-09,2021-02-18,10,control,0,0.15228039,0,dept_225_closure_2021-02-09,2021-01-20,2021-01,-2,0,0.0,180666|225|2021-02-09,-0.4047624180071219,0.0
181071,225,2021-02-09,2021-02-18,10,control,0,0.90928394,1,dept_225_closure_2021-02-09,2021-01-20,2021-01,-2,0,0.2,181071|225|2021-02-09,0.3522411319928781,0.0
184787,225,2021-02-09,2021-02-18,10,control,0,0.8334096,1,dept_225_closure_2021-02-09,2021-01-20,2021-01,-2,0,0.3,184787|225|2021-02-09,0.27636679199287806,0.0
186124,225,2021-02-09,2021-02-18,10,treatment,1,0.94084996,1,dept_225_closure_2021-02-09,2021-01-20,2021-01,-2,0,0.2,186124|225|2021-02-09,0.38380715199287807,0.0
187174,225,2021-02-09,2021-02-18,10,control,0,0.42895404,0,dept_225_closure_2021-02-09,2021-01-20,2021-01,-2,0,0.0,187174|225|2021-02-09,-0.12808876800712193,0.0
189086,225,2021-02-09,2021-02-18,10,control,0,0.32330012,0,dept_225_closure_2021-02-09,2021-01-20,2021-01,-2,0,0.0,189086|225|2021-02-09,-0.2337426880071219,0.0
189719,225,2021-02-09,2021-02-18,10,control,0,0.425074,0,dept_225_closure_2021-02-09,2021-01-20,2021-01,-2,0,0.2,189719|225|2021-02-09,-0.1319688080071219,0.0
194332,225,2021-02-09,2021-02-18,10,control,0,0.62658477,1,dept_225_closure_2021-02-09,2021-01-20,2021-01,-2,0,0.0,194332|225|2021-02-09,0.0695419619928781,0.0
195383,225,2021-02-09,2021-02-18,10,control,0,0.8553834,1,dept_225_closure_2021-02-09,2021-01-20,2021-01,-2,0,0.2,195383|225|2021-02-09,0.2983405919928781,0.0
195662,225,2021-02-09,2021-02-18,10,control,0,0.849924,1,dept_225_closure_2021-02-09,2021-01-20,2021-01,-2,0,0.1,195662|225|2021-02-09,0.2928811919928781,0.0
197268,225,2021-02-09,2021-02-18,10,control,0,0.03983477,0,dept_225_closure_2021-02-09,2021-01-20,2021-01,-2,0,0.3,197268|225|2021-02-09,-0.5172080380071219,0.0
201662,225,2021-02-09,2021-02-18,10,control,0,0.96532935,1,dept_225_closure_2021-02-09,2021-01-20,2021-01,-2,0,0.2,201662|225|2021-02-09,0.40828654199287806,0.0
201707,225,2021-02-09,2021-02-18,10,control,0,0.99219394,1,dept_225_closure_2021-02-09,2021-01-20,2021-01,-2,0,0.4,201707|225|2021-02-09,0.43515113199287814,0.0
201773,225,2021-02-09,2021-02-18,10,control,0,0.27926448,0,dept_225_closure_2021-02-09,2021-01-20,2021-01,-2,0,0.0,201773|225|2021-02-09,-0.27777832800712193,0.0
203040,225,2021-02-09,2021-02-18,10,control,0,0.63117754,1,dept_225_closure_2021-02-09,2021-01-20,2021-01,-2,0,0.0,203040|225|2021-02-09,0.07413473199287812,0.0
205446,225,2021-02-09,2021-02-18,10,control,0,0.5259462,1,dept_225_closure_2021-02-09,2021-01-20,2021-01,-2,0,0.2,205446|225|2021-02-09,-0.031096608007121884,0.0
206370,225,2021-02-09,2021-02-18,10,control,0,0.20877051,0,dept_225_closure_2021-02-09,2021-01-20,2021-01,-2,0,0.0,206370|225|2021-02-09,-0.3482722980071219,0.0
206748,225,2021-02-09,2021-02-18,10,control,0,0.6869173,1,dept_225_closure_2021-02-09,2021-01-20,2021-01,-2,0,0.1,206748|225|2021-02-09,0.12987449199287804,0.0
206820,225,2021-02-09,2021-02-18,10,control,0,0.5056104,1,dept_225_closure_2021-02-09,2021-01-20,2021-01,-2,0,0.0,206820|225|2021-02-09,-0.0514324080071219,0.0
206904,225,2021-02-09,2021-02-18,10,control,0,0.9530811,1,dept_225_closure_2021-02-09,2021-01-20,2021-01,-2,0,0.2,206904|225|2021-02-09,0.3960382919928781,0.0
207447,225,2021-02-09,2021-02-18,10,control,0,0.34226012,0,dept_225_closure_2021-02-09,2021-01-20,2021-01,-2,0,0.0,207447|225|2021-02-09,-0.2147826880071219,0.0
208009,225,2021-02-09,2021-02-18,10,control,0,0.97873425,1,dept_225_closure_2021-02-09,2021-01-20,2021-01,-2,0,0.4,208009|225|2021-02-09,0.4216914419928781,0.0
208524,225,2021-02-09,2021-02-18,10,control,0,0.8358825,1,dept_225_closure_2021-02-09,2021-01-20,2021-01,-2,0,0.1,208524|225|2021-02-09,0.27883969199287806,0.0
208745,225,2021-02-09,2021-02-18,10,control,0,0.99224687,1,dept_225_closure_2021-02-09,2021-01-20,2021-01,-2,0,0.3,208745|225|2021-02-09,0.4352040619928781,0.0
211176,225,2021-02-09,2021-02-18,10,control,0,0.6357622,1,dept_225_closure_2021-02-09,2021-01-20,2021-01,-2,0,0.0,211176|225|2021-02-09,0.07871939199287814,0.0
213773,225,2021-02-09,2021-02-18,10,control,0,0.7876915,1,dept_225_closure_2021-02-09,2021-01-20,2021-01,-2,0,0.2,213773|225|2021-02-09,0.23064869199287807,0.0
214084,225,2021-02-09,2021-02-18,10,treatment,1,0.861025,1,dept_225_closure_2021-02-09,2021-01-20,2021-01,-2,0,0.1,214084|225|2021-02-09,0.3039821919928781,0.0
215495,225,2021-02-09,2021-02-18,10,control,0,0.953905,1,dept_225_closure_2021-02-09,2021-01-20,2021-01,-2,0,0.3,215495|225|2021-02-09,0.3968621919928781,0.0
217435,225,2021-02-09,2021-02-18,10,control,0,0.4251149,0,dept_225_closure_2021-02-09,2021-01-20,2021-01,-2,0,0.1,217435|225|2021-02-09,-0.1319279080071219,0.0
217935,225,2021-02-09,2021-02-18,10,control,0,0.050150763,0,dept_225_closure_2021-02-09,2021-01-20,2021-01,-2,0,0.0,217935|225|2021-02-09,-0.5068920450071219,0.0
218655,225,2021-02-09,2021-02-18,10,control,0,0.9413818,1,dept_225_closure_2021-02-09,2021-01-20,2021-01,-2,0,0.2,218655|225|2021-02-09,0.38433899199287813,0.0
218845,225,2021-02-09,2021-02-18,10,control,0,0.62621844,1,dept_225_closure_2021-02-09,2021-01-20,2021-01,-2,0,0.0,218845|225|2021-02-09,0.06917563199287813,0.0
219180,225,2021-02-09,2021-02-18,10,treatment,1,0.9961695,1,dept_225_closure_2021-02-09,2021-01-20,2021-01,-2,0,0.2,219180|225|2021-02-09,0.4391266919928781,0.0
219890,225,2021-02-09,2021-02-18,10,control,0,0.23822242,0,dept_225_closure_2021-02-09,2021-01-20,2021-01,-2,0,0.1,219890|225|2021-02-09,-0.3188203880071219,0.0
220166,225,2021-02-09,2021-02-18,10,control,0,0.0636071,0,dept_225_closure_2021-02-09,2021-01-20,2021-01,-2,0,0.0,220166|225|2021-02-09,-0.4934357080071219,0.0
220625,225,2021-02-09,2021-02-18,10,control,0,0.43232545,0,dept_225_closure_2021-02-09,2021-01-20,2021-01,-2,0,0.0,220625|225|2021-02-09,-0.12471735800712191,0.0
224945,225,2021-02-09,2021-02-18,10,treatment,1,0.38563815,0,dept_225_closure_2021-02-09,2021-01-20,2021-01,-2,0,0.2,224945|225|2021-02-09,-0.1714046580071219,0.0
225305,225,2021-02-09,2021-02-18,10,treatment,1,0.22633466,0,dept_225_closure_2021-02-09,2021-01-20,2021-01,-2,0,0.3,225305|225|2021-02-09,-0.3307081480071219,0.0
228616,225,2021-02-09,2021-02-18,10,control,0,0.34855863,0,dept_225_closure_2021-02-09,2021-01-20,2021-01,-2,0,0.2,228616|225|2021-02-09,-0.20848417800712193,0.0
228853,225,2021-02-09,2021-02-18,10,control,0,0.70645857,1,dept_225_closure_2021-02-09,2021-01-20,2021-01,-2,0,0.1,228853|225|2021-02-09,0.1494157619928781,0.0
229849,225,2021-02-09,2021-02-18,10,control,0,0.99606764,1,dept_225_closure_2021-02-09,2021-01-20,2021-01,-2,0,0.6,229849|225|2021-02-09,0.4390248319928781,0.0
230388,225,2021-02-09,2021-02-18,10,control,0,0.1738227,0,dept_225_closure_2021-02-09,2021-01-20,2021-01,-2,0,0.0,230388|225|2021-02-09,-0.3832201080071219,0.0
230407,225,2021-02-09,2021-02-18,10,control,0,0.79603475,1,dept_225_closure_2021-02-09,2021-01-20,2021-01,-2,0,0.2,230407|225|2021-02-09,0.2389919419928781,0.0
231902,225,2021-02-09,2021-02-18,10,control,0,0.9874134,1,dept_225_closure_2021-02-09,2021-01-20,2021-01,-2,0,0.6,231902|225|2021-02-09,0.4303705919928781,0.0
233275,225,2021-02-09,2021-02-18,10,control,0,0.57958674,1,dept_225_closure_2021-02-09,2021-01-20,2021-01,-2,0,0.3,233275|225|2021-02-09,0.022543931992878075,0.0
234862,225,2021-02-09,2021-02-18,10,control,0,0.39663664,0,dept_225_closure_2021-02-09,2021-01-20,2021-01,-2,0,0.2,234862|225|2021-02-09,-0.16040616800712193,0.0
235691,225,2021-02-09,2021-02-18,10,control,0,0.94813615,1,dept_225_closure_2021-02-09,2021-01-20,2021-01,-2,0,0.2,235691|225|2021-02-09,0.39109334199287804,0.0
237536,225,2021-02-09,2021-02-18,10,control,0,0.34888518,0,dept_225_closure_2021-02-09,2021-01-20,2021-01,-2,0,0.0,237536|225|2021-02-09,-0.2081576280071219,0.0
237750,225,2021-02-09,2021-02-18,10,control,0,0.95692825,1,dept_225_closure_2021-02-09,2021-01-20,2021-01,-2,0,0.1,237750|225|2021-02-09,0.3998854419928781,0.0
239422,225,2021-02-09,2021-02-18,10,control,0,0.7698608,1,dept_225_closure_2021-02-09,2021-01-20,2021-01,-2,0,0.2,239422|225|2021-02-09,0.2128179919928781,0.0
241420,225,2021-02-09,2021-02-18,10,control,0,0.9988871,1,dept_225_closure_2021-02-09,2021-01-20,2021-01,-2,0,0.7,241420|225|2021-02-09,0.4418442919928781,0.0
243726,225,2021-02-09,2021-02-18,10,control,0,0.6828458,1,dept_225_closure_2021-02-09,2021-01-20,2021-01,-2,0,0.2,243726|225|2021-02-09,0.12580299199287803,0.0
244643,225,2021-02-09,2021-02-18,10,control,0,0.9442424,1,dept_225_closure_2021-02-09,2021-01-20,2021-01,-2,0,0.3,244643|225|2021-02-09,0.3871995919928781,0.0
246087,225,2021-02-09,2021-02-18,10,control,0,0.9979746,1,dept_225_closure_2021-02-09,2021-01-20,2021-01,-2,0,0.7,246087|225|2021-02-09,0.44093179199287813,0.0
246226,225,2021-02-09,2021-02-18,10,control,0,0.060403388,0,dept_225_closure_2021-02-09,2021-01-20,2021-01,-2,0,0.0,246226|225|2021-02-09,-0.4966394200071219,0.0
249174,225,2021-02-09,2021-02-18,10,treatment,1,0.95790577,1,dept_225_closure_2021-02-09,2021-01-20,2021-01,-2,0,0.1,249174|225|2021-02-09,0.4008629619928781,0.0
249701,225,2021-02-09,2021-02-18,10,control,0,0.5075647,1,dept_225_closure_2021-02-09,2021-01-20,2021-01,-2,0,0.2,249701|225|2021-02-09,-0.049478108007121935,0.0
249960,225,2021-02-09,2021-02-18,10,control,0,0.45441312,0,dept_225_closure_2021-02-09,2021-01-20,2021-01,-2,0,0.5,249960|225|2021-02-09,-0.10262968800712191,0.0
254286,225,2021-02-09,2021-02-18,10,control,0,0.9327924,1,dept_225_closure_2021-02-09,2021-01-20,2021-01,-2,0,0.3,254286|225|2021-02-09,0.37574959199287805,0.0
255074,225,2021-02-09,2021-02-18,10,control,0,0.9490253,1,dept_225_closure_2021-02-09,2021-01-20,2021-01,-2,0,0.5,255074|225|2021-02-09,0.39198249199287805,0.0
258819,225,2021-02-09,2021-02-18,10,control,0,0.9568416,1,dept_225_closure_2021-02-09,2021-01-20,2021-01,-2,0,0.3,258819|225|2021-02-09,0.39979879199287804,0.0
266781,225,2021-02-09,2021-02-18,10,control,0,0.64680547,1,dept_225_closure_2021-02-09,2021-01-20,2021-01,-2,0,0.2,266781|225|2021-02-09,0.08976266199287808,0.0
267832,225,2021-02-09,2021-02-18,10,control,0,0.008410257,0,dept_225_closure_2021-02-09,2021-01-20,2021-01,-2,0,0.0,267832|225|2021-02-09,-0.5486325510071219,0.0
267860,225,2021-02-09,2021-02-18,10,control,0,0.85143113,1,dept_225_closure_2021-02-09,2021-01-20,2021-01,-2,0,0.3,267860|225|2021-02-09,0.2943883219928781,0.0
268666,225,2021-02-09,2021-02-18,10,control,0,0.07243374,0,dept_225_closure_2021-02-09,2021-01-20,2021-01,-2,0,0.1,268666|225|2021-02-09,-0.4846090680071219,0.0
269348,225,2021-02-09,2021-02-18,10,control,0,0.4435719,0,dept_225_closure_2021-02-09,2021-01-20,2021-01,-2,0,0.4,269348|225|2021-02-09,-0.1134709080071219,0.0
272062,225,2021-02-09,2021-02-18,10,control,0,0.3328512,0,dept_225_closure_2021-02-09,2021-01-20,2021-01,-2,0,0.1,272062|225|2021-02-09,-0.2241916080071219,0.0
272822,225,2021-02-09,2021-02-18,10,control,0,0.54888946,1,dept_225_closure_2021-02-09,2021-01-20,2021-01,-2,0,0.1,272822|225|2021-02-09,-0.008153348007121863,0.0
272830,225,2021-02-09,2021-02-18,10,treatment,1,0.65420413,1,dept_225_closure_2021-02-09,2021-01-20,2021-01,-2,0,0.3,272830|225|2021-02-09,0.09716132199287808,0.0
275594,225,2021-02-09,2021-02-18,10,control,0,0.61326,1,dept_225_closure_2021-02-09,2021-01-20,2021-01,-2,0,0.2,275594|225|2021-02-09,0.05621719199287811,0.0
276205,225,2021-02-09,2021-02-18,10,control,0,0.81832045,1,dept_225_closure_2021-02-09,2021-01-20,2021-01,-2,0,0.2,276205|225|2021-02-09,0.26127764199287806,0.0
280554,225,2021-02-09,2021-02-18,10,control,0,0.98874027,1,dept_225_closure_2021-02-09,2021-01-20,2021-01,-2,0,0.7,280554|225|2021-02-09,0.43169746199287806,0.0
281330,225,2021-02-09,2021-02-18,10,control,0,0.4121877,0,dept_225_closure_2021-02-09,2021-01-20,2021-01,-2,0,0.0,281330|225|2021-02-09,-0.14485510800712192,0.0
283074,225,2021-02-09,2021-02-18,10,control,0,0.47065625,0,dept_225_closure_2021-02-09,2021-01-20,2021-01,-2,0,0.1,283074|225|2021-02-09,-0.08638655800712192,0.0
283799,225,2021-02-09,2021-02-18,10,control,0,0.6180678,1,dept_225_closure_2021-02-09,2021-01-20,2021-01,-2,0,0.1,283799|225|2021-02-09,0.06102499199287803,0.0
284197,225,2021-02-09,2021-02-18,10,control,0,0.7610978,1,dept_225_closure_2021-02-09,2021-01-20,2021-01,-2,0,0.0,284197|225|2021-02-09,0.20405499199287813,0.0
284776,225,2021-02-09,2021-02-18,10,control,0,0.9613688,1,dept_225_closure_2021-02-09,2021-01-20,2021-01,-2,0,0.5,284776|225|2021-02-09,0.4043259919928781,0.0
286210,225,2021-02-09,2021-02-18,10,control,0,0.9975388,1,dept_225_closure_2021-02-09,2021-01-20,2021-01,-2,0,0.6,286210|225|2021-02-09,0.44049599199287803,0.0
287322,225,2021-02-09,2021-02-18,10,control,0,0.16299362,0,dept_225_closure_2021-02-09,2021-01-20,2021-01,-2,0,0.0,287322|225|2021-02-09,-0.3940491880071219,0.0
287375,225,2021-02-09,2021-02-18,10,control,0,0.6322628,1,dept_225_closure_2021-02-09,2021-01-20,2021-01,-2,0,0.1,287375|225|2021-02-09,0.0752199919928781,0.0
287863,225,2021-02-09,2021-02-18,10,control,0,0.98850876,1,dept_225_closure_2021-02-09,2021-01-20,2021-01,-2,0,0.5,287863|225|2021-02-09,0.43146595199287807,0.0
291356,225,2021-02-09,2021-02-18,10,control,0,0.815014,1,dept_225_closure_2021-02-09,2021-01-20,2021-01,-2,0,0.0,291356|225|2021-02-09,0.2579711919928781,0.0
291888,225,2021-02-09,2021-02-18,10,control,0,0.3402261,0,dept_225_closure_2021-02-09,2021-01-20,2021-01,-2,0,0.1,291888|225|2021-02-09,-0.21681670800712194,0.0
300800,225,2021-02-09,2021-02-18,10,control,0,0.9581977,1,dept_225_closure_2021-02-09,2021-01-20,2021-01,-2,0,0.1,300800|225|2021-02-09,0.4011548919928781,0.0
301618,225,2021-02-09,2021-02-18,10,control,0,0.7646375,1,dept_225_closure_2021-02-09,2021-01-20,2021-01,-2,0,0.0,301618|225|2021-02-09,0.20759469199287806,0.0
303017,225,2021-02-09,2021-02-18,10,control,0,0.90142965,1,dept_225_closure_2021-02-09,2021-01-20,2021-01,-2,0,0.4,303017|225|2021-02-09,0.34438684199287806,0.0
304311,225,2021-02-09,2021-02-18,10,control,0,0.25986248,0,dept_225_closure_2021-02-09,2021-01-20,2021-01,-2,0,0.0,304311|225|2021-02-09,-0.2971803280071219,0.0
306819,225,2021-02-09,2021-02-18,10,control,0,0.84821045,1,dept_225_closure_2021-02-09,2021-01-20,2021-01,-2,0,0.1,306819|225|2021-02-09,0.29116764199287803,0.0
307045,225,2021-02-09,2021-02-18,10,control,0,0.6588814,1,dept_225_closure_2021-02-09,2021-01-20,2021-01,-2,0,0.1,307045|225|2021-02-09,0.10183859199287804,0.0
308765,225,2021-02-09,2021-02-18,10,control,0,0.24936,0,dept_225_closure_2021-02-09,2021-01-20,2021-01,-2,0,0.1,308765|225|2021-02-09,-0.3076828080071219,0.0
309225,225,2021-02-09,2021-02-18,10,treatment,1,0.1776764,0,dept_225_closure_2021-02-09,2021-01-20,2021-01,-2,0,0.0,309225|225|2021-02-09,-0.3793664080071219,0.0
309425,225,2021-02-09,2021-02-18,10,treatment,1,0.06610407,0,dept_225_closure_2021-02-09,2021-01-20,2021-01,-2,0,0.0,309425|225|2021-02-09,-0.4909387380071219,0.0
311745,225,2021-02-09,2021-02-18,10,treatment,1,0.021281237,0,dept_225_closure_2021-02-09,2021-01-20,2021-01,-2,0,0.1,311745|225|2021-02-09,-0.535761571007122,0.0
313203,225,2021-02-09,2021-02-18,10,control,0,0.25599334,0,dept_225_closure_2021-02-09,2021-01-20,2021-01,-2,0,0.1,313203|225|2021-02-09,-0.3010494680071219,0.0
315451,225,2021-02-09,2021-02-18,10,control,0,0.9705118,1,dept_225_closure_2021-02-09,2021-01-20,2021-01,-2,0,0.4,315451|225|2021-02-09,0.4134689919928781,0.0
315647,225,2021-02-09,2021-02-18,10,control,0,0.3782344,0,dept_225_closure_2021-02-09,2021-01-20,2021-01,-2,0,0.1,315647|225|2021-02-09,-0.1788084080071219,0.0
315732,225,2021-02-09,2021-02-18,10,control,0,0.8427103,1,dept_225_closure_2021-02-09,2021-01-20,2021-01,-2,0,0.3,315732|225|2021-02-09,0.2856674919928781,0.0
317843,225,2021-02-09,2021-02-18,10,control,0,0.98815453,1,dept_225_closure_2021-02-09,2021-01-20,2021-01,-2,0,0.3,317843|225|2021-02-09,0.43111172199287806,0.0
318667,225,2021-02-09,2021-02-18,10,control,0,0.9570408,1,dept_225_closure_2021-02-09,2021-01-20,2021-01,-2,0,0.1,318667|225|2021-02-09,0.3999979919928781,0.0
319054,225,2021-02-09,2021-02-18,10,control,0,0.04163035,0,dept_225_closure_2021-02-09,2021-01-20,2021-01,-2,0,0.1,319054|225|2021-02-09,-0.5154124580071219,0.0
321167,225,2021-02-09,2021-02-18,10,control,0,0.82681614,1,dept_225_closure_2021-02-09,2021-01-20,2021-01,-2,0,0.2,321167|225|2021-02-09,0.2697733319928781,0.0
321263,225,2021-02-09,2021-02-18,10,treatment,1,0.5256569,1,dept_225_closure_2021-02-09,2021-01-20,2021-01,-2,0,0.1,321263|225|2021-02-09,-0.03138590800712193,0.0
321709,225,2021-02-09,2021-02-18,10,control,0,0.53771627,1,dept_225_closure_2021-02-09,2021-01-20,2021-01,-2,0,0.2,321709|225|2021-02-09,-0.01932653800712192,0.0
321846,225,2021-02-09,2021-02-18,10,control,0,0.9958906,1,dept_225_closure_2021-02-09,2021-01-20,2021-01,-2,0,0.7,321846|225|2021-02-09,0.43884779199287804,0.0
322570,225,2021-02-09,2021-02-18,10,control,0,0.4746458,0,dept_225_closure_2021-02-09,2021-01-20,2021-01,-2,0,0.2,322570|225|2021-02-09,-0.08239700800712191,0.0
323053,225,2021-02-09,2021-02-18,10,control,0,0.23941047,0,dept_225_closure_2021-02-09,2021-01-20,2021-01,-2,0,0.0,323053|225|2021-02-09,-0.31763233800712193,0.0
324836,225,2021-02-09,2021-02-18,10,control,0,0.74630404,1,dept_225_closure_2021-02-09,2021-01-20,2021-01,-2,0,0.2,324836|225|2021-02-09,0.18926123199287803,0.0
325434,225,2021-02-09,2021-02-18,10,control,0,0.2890141,0,dept_225_closure_2021-02-09,2021-01-20,2021-01,-2,0,0.2,325434|225|2021-02-09,-0.2680287080071219,0.0
325633,225,2021-02-09,2021-02-18,10,control,0,0.35559046,0,dept_225_closure_2021-02-09,2021-01-20,2021-01,-2,0,0.1,325633|225|2021-02-09,-0.20145234800712192,0.0
326293,225,2021-02-09,2021-02-18,10,control,0,0.09546325,0,dept_225_closure_2021-02-09,2021-01-20,2021-01,-2,0,0.1,326293|225|2021-02-09,-0.4615795580071219,0.0
326796,225,2021-02-09,2021-02-18,10,control,0,0.9852455,1,dept_225_closure_2021-02-09,2021-01-20,2021-01,-2,0,0.7,326796|225|2021-02-09,0.4282026919928781,0.0
328999,225,2021-02-09,2021-02-18,10,control,0,0.117217064,0,dept_225_closure_2021-02-09,2021-01-20,2021-01,-2,0,0.0,328999|225|2021-02-09,-0.43982574400712193,0.0
329476,225,2021-02-09,2021-02-18,10,control,0,0.0917978,0,dept_225_closure_2021-02-09,2021-01-20,2021-01,-2,0,0.0,329476|225|2021-02-09,-0.46524500800712193,0.0
329951,225,2021-02-09,2021-02-18,10,treatment,1,0.39544433,0,dept_225_closure_2021-02-09,2021-01-20,2021-01,-2,0,0.0,329951|225|2021-02-09,-0.1615984780071219,0.0
331130,225,2021-02-09,2021-02-18,10,control,0,0.14147724,0,dept_225_closure_2021-02-09,2021-01-20,2021-01,-2,0,0.3,331130|225|2021-02-09,-0.4155655680071219,0.0
331900,225,2021-02-09,2021-02-18,10,control,0,0.48254243,0,dept_225_closure_2021-02-09,2021-01-20,2021-01,-2,0,0.2,331900|225|2021-02-09,-0.07450037800712189,0.0
332741,225,2021-02-09,2021-02-18,10,control,0,0.69679976,1,dept_225_closure_2021-02-09,2021-01-20,2021-01,-2,0,0.1,332741|225|2021-02-09,0.13975695199287808,0.0
335610,225,2021-02-09,2021-02-18,10,control,0,0.6019868,1,dept_225_closure_2021-02-09,2021-01-20,2021-01,-2,0,0.1,335610|225|2021-02-09,0.04494399199287813,0.0
337373,225,2021-02-09,2021-02-18,10,treatment,1,0.7045855,1,dept_225_closure_2021-02-09,2021-01-20,2021-01,-2,0,0.1,337373|225|2021-02-09,0.14754269199287806,0.0
337995,225,2021-02-09,2021-02-18,10,treatment,1,0.25375792,0,dept_225_closure_2021-02-09,2021-01-20,2021-01,-2,0,0.0,337995|225|2021-02-09,-0.3032848880071219,0.0
338590,225,2021-02-09,2021-02-18,10,control,0,0.12135875,0,dept_225_closure_2021-02-09,2021-01-20,2021-01,-2,0,0.0,338590|225|2021-02-09,-0.4356840580071219,0.0
340681,225,2021-02-09,2021-02-18,10,control,0,0.0892653,0,dept_225_closure_2021-02-09,2021-01-20,2021-01,-2,0,0.0,340681|225|2021-02-09,-0.4677775080071219,0.0
346633,225,2021-02-09,2021-02-18,10,control,0,0.634922,1,dept_225_closure_2021-02-09,2021-01-20,2021-01,-2,0,0.1,346633|225|2021-02-09,0.07787919199287807,0.0
346829,225,2021-02-09,2021-02-18,10,control,0,0.6967923,1,dept_225_closure_2021-02-09,2021-01-20,2021-01,-2,0,0.1,346829|225|2021-02-09,0.13974949199287812,0.0
347007,225,2021-02-09,2021-02-18,10,treatment,1,0.9279068,1,dept_225_closure_2021-02-09,2021-01-20,2021-01,-2,0,0.1,347007|225|2021-02-09,0.3708639919928781,0.0
348194,225,2021-02-09,2021-02-18,10,control,0,0.9463242,1,dept_225_closure_2021-02-09,2021-01-20,2021-01,-2,0,0.3,348194|225|2021-02-09,0.38928139199287803,0.0
348223,225,2021-02-09,2021-02-18,10,control,0,0.9166912,1,dept_225_closure_2021-02-09,2021-01-20,2021-01,-2,0,0.3,348223|225|2021-02-09,0.3596483919928781,0.0
349263,225,2021-02-09,2021-02-18,10,treatment,1,0.67589456,1,dept_225_closure_2021-02-09,2021-01-20,2021-01,-2,0,0.1,349263|225|2021-02-09,0.11885175199287812,0.0
349947,225,2021-02-09,2021-02-18,10,control,0,0.3566129,0,dept_225_closure_2021-02-09,2021-01-20,2021-01,-2,0,0.0,349947|225|2021-02-09,-0.2004299080071219,0.0
350836,225,2021-02-09,2021-02-18,10,control,0,0.9993635,1,dept_225_closure_2021-02-09,2021-01-20,2021-01,-2,0,0.5,350836|225|2021-02-09,0.44232069199287805,0.0
355020,225,2021-02-09,2021-02-18,10,control,0,0.35674804,0,dept_225_closure_2021-02-09,2021-01-20,2021-01,-2,0,0.1,355020|225|2021-02-09,-0.20029476800712193,0.0
355506,225,2021-02-09,2021-02-18,10,treatment,1,0.7604829,1,dept_225_closure_2021-02-09,2021-01-20,2021-01,-2,0,0.1,355506|225|2021-02-09,0.20344009199287805,0.0
355559,225,2021-02-09,2021-02-18,10,control,0,0.9997812,1,dept_225_closure_2021-02-09,2021-01-20,2021-01,-2,0,0.7,355559|225|2021-02-09,0.4427383919928781,0.0
356801,225,2021-02-09,2021-02-18,10,control,0,0.39246687,0,dept_225_closure_2021-02-09,2021-01-20,2021-01,-2,0,0.0,356801|225|2021-02-09,-0.1645759380071219,0.0
358354,225,2021-02-09,2021-02-18,10,control,0,0.3476285,0,dept_225_closure_2021-02-09,2021-01-20,2021-01,-2,0,0.1,358354|225|2021-02-09,-0.2094143080071219,0.0
358508,225,2021-02-09,2021-02-18,10,treatment,1,0.98895127,1,dept_225_closure_2021-02-09,2021-01-20,2021-01,-2,0,0.8,358508|225|2021-02-09,0.43190846199287813,0.0
359557,225,2021-02-09,2021-02-18,10,treatment,1,0.43182382,0,dept_225_closure_2021-02-09,2021-01-20,2021-01,-2,0,0.1,359557|225|2021-02-09,-0.1252189880071219,0.0
361866,225,2021-02-09,2021-02-18,10,control,0,0.2885477,0,dept_225_closure_2021-02-09,2021-01-20,2021-01,-2,0,0.0,361866|225|2021-02-09,-0.2684951080071219,0.0
362157,225,2021-02-09,2021-02-18,10,control,0,0.6285289,1,dept_225_closure_2021-02-09,2021-01-20,2021-01,-2,0,0.0,362157|225|2021-02-09,0.07148609199287803,0.0
362647,225,2021-02-09,2021-02-18,10,control,0,0.97810817,1,dept_225_closure_2021-02-09,2021-01-20,2021-01,-2,0,0.4,362647|225|2021-02-09,0.42106536199287814,0.0
363917,225,2021-02-09,2021-02-18,10,control,0,0.14968768,0,dept_225_closure_2021-02-09,2021-01-20,2021-01,-2,0,0.1,363917|225|2021-02-09,-0.4073551280071219,0.0
365981,225,2021-02-09,2021-02-18,10,control,0,0.78223735,1,dept_225_closure_2021-02-09,2021-01-20,2021-01,-2,0,0.1,365981|225|2021-02-09,0.22519454199287814,0.0
366967,225,2021-02-09,2021-02-18,10,control,0,0.8748402,1,dept_225_closure_2021-02-09,2021-01-20,2021-01,-2,0,0.2,366967|225|2021-02-09,0.31779739199287804,0.0
367111,225,2021-02-09,2021-02-18,10,control,0,0.135889,0,dept_225_closure_2021-02-09,2021-01-20,2021-01,-2,0,0.0,367111|225|2021-02-09,-0.4211538080071219,0.0
367562,225,2021-02-09,2021-02-18,10,control,0,0.44473973,0,dept_225_closure_2021-02-09,2021-01-20,2021-01,-2,0,0.1,367562|225|2021-02-09,-0.11230307800712191,0.0
368245,225,2021-02-09,2021-02-18,10,treatment,1,0.74348015,1,dept_225_closure_2021-02-09,2021-01-20,2021-01,-2,0,0.3,368245|225|2021-02-09,0.1864373419928781,0.0
370655,225,2021-02-09,2021-02-18,10,control,0,0.95070106,1,dept_225_closure_2021-02-09,2021-01-20,2021-01,-2,0,0.2,370655|225|2021-02-09,0.39365825199287807,0.0
370948,225,2021-02-09,2021-02-18,10,control,0,0.47814432,0,dept_225_closure_2021-02-09,2021-01-20,2021-01,-2,0,0.1,370948|225|2021-02-09,-0.0788984880071219,0.0
373453,225,2021-02-09,2021-02-18,10,control,0,0.12594806,0,dept_225_closure_2021-02-09,2021-01-20,2021-01,-2,0,0.0,373453|225|2021-02-09,-0.4310947480071219,0.0
374365,225,2021-02-09,2021-02-18,10,control,0,0.16299587,0,dept_225_closure_2021-02-09,2021-01-20,2021-01,-2,0,0.0,374365|225|2021-02-09,-0.3940469380071219,0.0
376317,225,2021-02-09,2021-02-18,10,treatment,1,0.3172194,0,dept_225_closure_2021-02-09,2021-01-20,2021-01,-2,0,0.0,376317|225|2021-02-09,-0.23982340800712193,0.0
378384,225,2021-02-09,2021-02-18,10,control,0,0.9768808,1,dept_225_closure_2021-02-09,2021-01-20,2021-01,-2,0,0.4,378384|225|2021-02-09,0.4198379919928781,0.0
381219,225,2021-02-09,2021-02-18,10,control,0,0.8107899,1,dept_225_closure_2021-02-09,2021-01-20,2021-01,-2,0,0.5,381219|225|2021-02-09,0.25374709199287804,0.0
382479,225,2021-02-09,2021-02-18,10,control,0,0.49913758,0,dept_225_closure_2021-02-09,2021-01-20,2021-01,-2,0,0.1,382479|225|2021-02-09,-0.05790522800712189,0.0
382655,225,2021-02-09,2021-02-18,10,control,0,0.48623624,0,dept_225_closure_2021-02-09,2021-01-20,2021-01,-2,0,0.1,382655|225|2021-02-09,-0.07080656800712193,0.0
382771,225,2021-02-09,2021-02-18,10,treatment,1,0.8868053,1,dept_225_closure_2021-02-09,2021-01-20,2021-01,-2,0,0.4,382771|225|2021-02-09,0.3297624919928781,0.0
386353,225,2021-02-09,2021-02-18,10,control,0,0.44928175,0,dept_225_closure_2021-02-09,2021-01-20,2021-01,-2,0,0.0,386353|225|2021-02-09,-0.10776105800712193,0.0
386934,225,2021-02-09,2021-02-18,10,control,0,0.88146484,1,dept_225_closure_2021-02-09,2021-01-20,2021-01,-2,0,0.2,386934|225|2021-02-09,0.3244220319928781,0.0
387595,225,2021-02-09,2021-02-18,10,control,0,0.91805726,1,dept_225_closure_2021-02-09,2021-01-20,2021-01,-2,0,0.1,387595|225|2021-02-09,0.36101445199287807,0.0
388363,225,2021-02-09,2021-02-18,10,control,0,0.9731699,1,dept_225_closure_2021-02-09,2021-01-20,2021-01,-2,0,0.1,388363|225|2021-02-09,0.4161270919928781,0.0
390747,225,2021-02-09,2021-02-18,10,control,0,0.10827,0,dept_225_closure_2021-02-09,2021-01-20,2021-01,-2,0,0.1,390747|225|2021-02-09,-0.44877280800712194,0.0
391275,225,2021-02-09,2021-02-18,10,control,0,0.1237231,0,dept_225_closure_2021-02-09,2021-01-20,2021-01,-2,0,0.0,391275|225|2021-02-09,-0.43331970800712194,0.0
395354,225,2021-02-09,2021-02-18,10,treatment,1,0.3047165,0,dept_225_closure_2021-02-09,2021-01-20,2021-01,-2,0,0.0,395354|225|2021-02-09,-0.2523263080071219,0.0
396599,225,2021-02-09,2021-02-18,10,control,0,0.19667627,0,dept_225_closure_2021-02-09,2021-01-20,2021-01,-2,0,0.2,396599|225|2021-02-09,-0.36036653800712193,0.0
396971,225,2021-02-09,2021-02-18,10,control,0,0.066589184,0,dept_225_closure_2021-02-09,2021-01-20,2021-01,-2,0,0.0,396971|225|2021-02-09,-0.4904536240071219,0.0
397043,225,2021-02-09,2021-02-18,10,control,0,0.8672236,1,dept_225_closure_2021-02-09,2021-01-20,2021-01,-2,0,0.1,397043|225|2021-02-09,0.31018079199287807,0.0
398354,225,2021-02-09,2021-02-18,10,control,0,0.6507126,1,dept_225_closure_2021-02-09,2021-01-20,2021-01,-2,0,0.2,398354|225|2021-02-09,0.09366979199287806,0.0
399046,225,2021-02-09,2021-02-18,10,control,0,0.5696758,1,dept_225_closure_2021-02-09,2021-01-20,2021-01,-2,0,0.1,399046|225|2021-02-09,0.01263299199287804,0.0
399413,225,2021-02-09,2021-02-18,10,control,0,0.916818,1,dept_225_closure_2021-02-09,2021-01-20,2021-01,-2,0,0.2,399413|225|2021-02-09,0.3597751919928781,0.0
399931,225,2021-02-09,2021-02-18,10,treatment,1,0.55405474,1,dept_225_closure_2021-02-09,2021-01-20,2021-01,-2,0,0.1,399931|225|2021-02-09,-0.0029880680071219246,0.0
400776,225,2021-02-09,2021-02-18,10,control,0,0.4215834,0,dept_225_closure_2021-02-09,2021-01-20,2021-01,-2,0,0.0,400776|225|2021-02-09,-0.13545940800712192,0.0
402754,225,2021-02-09,2021-02-18,10,control,0,0.3393672,0,dept_225_closure_2021-02-09,2021-01-20,2021-01,-2,0,0.0,402754|225|2021-02-09,-0.21767560800712193,0.0
403154,225,2021-02-09,2021-02-18,10,control,0,0.031127399,0,dept_225_closure_2021-02-09,2021-01-20,2021-01,-2,0,0.0,403154|225|2021-02-09,-0.5259154090071219,0.0
403446,225,2021-02-09,2021-02-18,10,control,0,0.5542411,1,dept_225_closure_2021-02-09,2021-01-20,2021-01,-2,0,0.2,403446|225|2021-02-09,-0.0028017080071218725,0.0
404352,225,2021-02-09,2021-02-18,10,control,0,0.9993554,1,dept_225_closure_2021-02-09,2021-01-20,2021-01,-2,0,0.5,404352|225|2021-02-09,0.4423125919928781,0.0
406126,225,2021-02-09,2021-02-18,10,control,0,0.61097187,1,dept_225_closure_2021-02-09,2021-01-20,2021-01,-2,0,0.2,406126|225|2021-02-09,0.05392906199287806,0.0
407060,225,2021-02-09,2021-02-18,10,treatment,1,0.2642639,0,dept_225_closure_2021-02-09,2021-01-20,2021-01,-2,0,0.0,407060|225|2021-02-09,-0.2927789080071219,0.0
409183,225,2021-02-09,2021-02-18,10,treatment,1,0.20574966,0,dept_225_closure_2021-02-09,2021-01-20,2021-01,-2,0,0.0,409183|225|2021-02-09,-0.3512931480071219,0.0
409407,225,2021-02-09,2021-02-18,10,control,0,0.6272991,1,dept_225_closure_2021-02-09,2021-01-20,2021-01,-2,0,0.1,409407|225|2021-02-09,0.07025629199287808,0.0
409880,225,2021-02-09,2021-02-18,10,control,0,0.89655435,1,dept_225_closure_2021-02-09,2021-01-20,2021-01,-2,0,0.1,409880|225|2021-02-09,0.33951154199287814,0.0
410210,225,2021-02-09,2021-02-18,10,control,0,0.028627863,0,dept_225_closure_2021-02-09,2021-01-20,2021-01,-2,0,0.0,410210|225|2021-02-09,-0.5284149450071219,0.0
411602,225,2021-02-09,2021-02-18,10,control,0,0.8244264,1,dept_225_closure_2021-02-09,2021-01-20,2021-01,-2,0,0.4,411602|225|2021-02-09,0.2673835919928781,0.0
413500,225,2021-02-09,2021-02-18,10,control,0,0.9955237,1,dept_225_closure_2021-02-09,2021-01-20,2021-01,-2,0,0.6,413500|225|2021-02-09,0.4384808919928781,0.0
413542,225,2021-02-09,2021-02-18,10,control,0,0.94302773,1,dept_225_closure_2021-02-09,2021-01-20,2021-01,-2,0,0.3,413542|225|2021-02-09,0.38598492199287804,0.0
414176,225,2021-02-09,2021-02-18,10,control,0,0.71674174,1,dept_225_closure_2021-02-09,2021-01-20,2021-01,-2,0,0.1,414176|225|2021-02-09,0.1596989319928781,0.0
414601,225,2021-02-09,2021-02-18,10,control,0,0.42178676,0,dept_225_closure_2021-02-09,2021-01-20,2021-01,-2,0,0.1,414601|225|2021-02-09,-0.13525604800712193,0.0
417063,225,2021-02-09,2021-02-18,10,treatment,1,0.3493233,0,dept_225_closure_2021-02-09,2021-01-20,2021-01,-2,0,0.0,417063|225|2021-02-09,-0.2077195080071219,0.0
417624,225,2021-02-09,2021-02-18,10,control,0,0.8831816,1,dept_225_closure_2021-02-09,2021-01-20,2021-01,-2,0,0.3,417624|225|2021-02-09,0.3261387919928781,0.0
420534,225,2021-02-09,2021-02-18,10,control,0,0.35066342,0,dept_225_closure_2021-02-09,2021-01-20,2021-01,-2,0,0.0,420534|225|2021-02-09,-0.2063793880071219,0.0
421583,225,2021-02-09,2021-02-18,10,treatment,1,0.37277293,0,dept_225_closure_2021-02-09,2021-01-20,2021-01,-2,0,0.0,421583|225|2021-02-09,-0.1842698780071219,0.0
421595,225,2021-02-09,2021-02-18,10,control,0,0.13892803,0,dept_225_closure_2021-02-09,2021-01-20,2021-01,-2,0,0.2,421595|225|2021-02-09,-0.41811477800712193,0.0
422210,225,2021-02-09,2021-02-18,10,control,0,0.9951025,1,dept_225_closure_2021-02-09,2021-01-20,2021-01,-2,0,0.3,422210|225|2021-02-09,0.4380596919928781,0.0
422336,225,2021-02-09,2021-02-18,10,control,0,0.83844286,1,dept_225_closure_2021-02-09,2021-01-20,2021-01,-2,0,0.5,422336|225|2021-02-09,0.2814000519928781,0.0
425289,225,2021-02-09,2021-02-18,10,control,0,0.2427501,0,dept_225_closure_2021-02-09,2021-01-20,2021-01,-2,0,0.0,425289|225|2021-02-09,-0.31429270800712195,0.0
425821,225,2021-02-09,2021-02-18,10,treatment,1,0.79966164,1,dept_225_closure_2021-02-09,2021-01-20,2021-01,-2,0,0.1,425821|225|2021-02-09,0.24261883199287804,0.0
427750,225,2021-02-09,2021-02-18,10,control,0,0.82984,1,dept_225_closure_2021-02-09,2021-01-20,2021-01,-2,0,0.2,427750|225|2021-02-09,0.2727971919928781,0.0
428456,225,2021-02-09,2021-02-18,10,control,0,0.43543127,0,dept_225_closure_2021-02-09,2021-01-20,2021-01,-2,0,0.0,428456|225|2021-02-09,-0.12161153800712193,0.0
428894,225,2021-02-09,2021-02-18,10,control,0,0.99533254,1,dept_225_closure_2021-02-09,2021-01-20,2021-01,-2,0,0.3,428894|225|2021-02-09,0.43828973199287813,0.0
428909,225,2021-02-09,2021-02-18,10,control,0,0.7319816,1,dept_225_closure_2021-02-09,2021-01-20,2021-01,-2,0,0.1,428909|225|2021-02-09,0.1749387919928781,0.0
430385,225,2021-02-09,2021-02-18,10,treatment,1,0.67291415,1,dept_225_closure_2021-02-09,2021-01-20,2021-01,-2,0,0.3,430385|225|2021-02-09,0.11587134199287807,0.0
430856,225,2021-02-09,2021-02-18,10,control,0,0.113914736,0,dept_225_closure_2021-02-09,2021-01-20,2021-01,-2,0,0.0,430856|225|2021-02-09,-0.4431280720071219,0.0
432774,225,2021-02-09,2021-02-18,10,control,0,0.42122024,0,dept_225_closure_2021-02-09,2021-01-20,2021-01,-2,0,0.0,432774|225|2021-02-09,-0.1358225680071219,0.0
433451,225,2021-02-09,2021-02-18,10,control,0,0.66453654,1,dept_225_closure_2021-02-09,2021-01-20,2021-01,-2,0,0.0,433451|225|2021-02-09,0.10749373199287804,0.0
434436,225,2021-02-09,2021-02-18,10,control,0,0.32243565,0,dept_225_closure_2021-02-09,2021-01-20,2021-01,-2,0,0.0,434436|225|2021-02-09,-0.2346071580071219,0.0
437482,225,2021-02-09,2021-02-18,10,control,0,0.76939327,1,dept_225_closure_2021-02-09,2021-01-20,2021-01,-2,0,0.3,437482|225|2021-02-09,0.2123504619928781,0.0
437779,225,2021-02-09,2021-02-18,10,control,0,0.30429742,0,dept_225_closure_2021-02-09,2021-01-20,2021-01,-2,0,0.4,437779|225|2021-02-09,-0.25274538800712193,0.0
437833,225,2021-02-09,2021-02-18,10,control,0,0.96572256,1,dept_225_closure_2021-02-09,2021-01-20,2021-01,-2,0,0.3,437833|225|2021-02-09,0.4086797519928781,0.0
438478,225,2021-02-09,2021-02-18,10,control,0,0.79792196,1,dept_225_closure_2021-02-09,2021-01-20,2021-01,-2,0,0.1,438478|225|2021-02-09,0.24087915199287813,0.0
439163,225,2021-02-09,2021-02-18,10,control,0,0.6120299,1,dept_225_closure_2021-02-09,2021-01-20,2021-01,-2,0,0.0,439163|225|2021-02-09,0.0549870919928781,0.0
440038,225,2021-02-09,2021-02-18,10,control,0,0.99606234,1,dept_225_closure_2021-02-09,2021-01-20,2021-01,-2,0,0.5,440038|225|2021-02-09,0.43901953199287813,0.0
444671,225,2021-02-09,2021-02-18,10,treatment,1,0.2107164,0,dept_225_closure_2021-02-09,2021-01-20,2021-01,-2,0,0.0,444671|225|2021-02-09,-0.3463264080071219,0.0
444939,225,2021-02-09,2021-02-18,10,control,0,0.5629561,1,dept_225_closure_2021-02-09,2021-01-20,2021-01,-2,0,0.0,444939|225|2021-02-09,0.005913291992878045,0.0
446553,225,2021-02-09,2021-02-18,10,control,0,0.69638073,1,dept_225_closure_2021-02-09,2021-01-20,2021-01,-2,0,0.1,446553|225|2021-02-09,0.1393379219928781,0.0
448300,225,2021-02-09,2021-02-18,10,control,0,0.15980117,0,dept_225_closure_2021-02-09,2021-01-20,2021-01,-2,0,0.0,448300|225|2021-02-09,-0.3972416380071219,0.0
448365,225,2021-02-09,2021-02-18,10,control,0,0.610063,1,dept_225_closure_2021-02-09,2021-01-20,2021-01,-2,0,0.0,448365|225|2021-02-09,0.05302019199287811,0.0
450464,225,2021-02-09,2021-02-18,10,control,0,0.0899341,0,dept_225_closure_2021-02-09,2021-01-20,2021-01,-2,0,0.0,450464|225|2021-02-09,-0.4671087080071219,0.0
451797,225,2021-02-09,2021-02-18,10,control,0,0.5686298,1,dept_225_closure_2021-02-09,2021-01-20,2021-01,-2,0,0.2,451797|225|2021-02-09,0.011586991992878048,0.0
451856,225,2021-02-09,2021-02-18,10,control,0,0.81858045,1,dept_225_closure_2021-02-09,2021-01-20,2021-01,-2,0,0.3,451856|225|2021-02-09,0.2615376419928781,0.0
453594,225,2021-02-09,2021-02-18,10,control,0,0.51488364,1,dept_225_closure_2021-02-09,2021-01-20,2021-01,-2,0,0.2,453594|225|2021-02-09,-0.04215916800712194,0.0
454303,225,2021-02-09,2021-02-18,10,control,0,0.42539623,0,dept_225_closure_2021-02-09,2021-01-20,2021-01,-2,0,0.1,454303|225|2021-02-09,-0.13164657800712193,0.0
456801,225,2021-02-09,2021-02-18,10,control,0,0.44320226,0,dept_225_closure_2021-02-09,2021-01-20,2021-01,-2,0,0.0,456801|225|2021-02-09,-0.1138405480071219,0.0
457945,225,2021-02-09,2021-02-18,10,control,0,0.75042796,1,dept_225_closure_2021-02-09,2021-01-20,2021-01,-2,0,0.3,457945|225|2021-02-09,0.1933851519928781,0.0
458589,225,2021-02-09,2021-02-18,10,control,0,0.54510933,1,dept_225_closure_2021-02-09,2021-01-20,2021-01,-2,0,0.0,458589|225|2021-02-09,-0.011933478007121967,0.0
460269,225,2021-02-09,2021-02-18,10,control,0,0.58065283,1,dept_225_closure_2021-02-09,2021-01-20,2021-01,-2,0,0.1,460269|225|2021-02-09,0.023610021992878094,0.0
460404,225,2021-02-09,2021-02-18,10,control,0,0.35052446,0,dept_225_closure_2021-02-09,2021-01-20,2021-01,-2,0,0.1,460404|225|2021-02-09,-0.20651834800712193,0.0
464247,225,2021-02-09,2021-02-18,10,control,0,0.8327629,1,dept_225_closure_2021-02-09,2021-01-20,2021-01,-2,0,0.1,464247|225|2021-02-09,0.27572009199287806,0.0
464509,225,2021-02-09,2021-02-18,10,control,0,0.56256324,1,dept_225_closure_2021-02-09,2021-01-20,2021-01,-2,0,0.0,464509|225|2021-02-09,0.005520431992878105,0.0
464702,225,2021-02-09,2021-02-18,10,control,0,0.96385574,1,dept_225_closure_2021-02-09,2021-01-20,2021-01,-2,0,0.4,464702|225|2021-02-09,0.40681293199287805,0.0
465287,225,2021-02-09,2021-02-18,10,control,0,0.4809686,0,dept_225_closure_2021-02-09,2021-01-20,2021-01,-2,0,0.1,465287|225|2021-02-09,-0.07607420800712189,0.0
467269,225,2021-02-09,2021-02-18,10,control,0,0.5799187,1,dept_225_closure_2021-02-09,2021-01-20,2021-01,-2,0,0.1,467269|225|2021-02-09,0.022875891992878095,0.0
467336,225,2021-02-09,2021-02-18,10,treatment,1,0.14474845,0,dept_225_closure_2021-02-09,2021-01-20,2021-01,-2,0,0.2,467336|225|2021-02-09,-0.4122943580071219,0.0
467621,225,2021-02-09,2021-02-18,10,control,0,0.983469,1,dept_225_closure_2021-02-09,2021-01-20,2021-01,-2,0,0.3,467621|225|2021-02-09,0.4264261919928781,0.0
469389,225,2021-02-09,2021-02-18,10,control,0,0.612861,1,dept_225_closure_2021-02-09,2021-01-20,2021-01,-2,0,0.2,469389|225|2021-02-09,0.055818191992878075,0.0
469826,225,2021-02-09,2021-02-18,10,control,0,0.45079404,0,dept_225_closure_2021-02-09,2021-01-20,2021-01,-2,0,0.0,469826|225|2021-02-09,-0.10624876800712191,0.0
471891,225,2021-02-09,2021-02-18,10,control,0,0.53209096,1,dept_225_closure_2021-02-09,2021-01-20,2021-01,-2,0,0.2,471891|225|2021-02-09,-0.024951848007121913,0.0
472342,225,2021-02-09,2021-02-18,10,treatment,1,0.28729507,0,dept_225_closure_2021-02-09,2021-01-20,2021-01,-2,0,0.0,472342|225|2021-02-09,-0.26974773800712193,0.0
473127,225,2021-02-09,2021-02-18,10,control,0,0.98042405,1,dept_225_closure_2021-02-09,2021-01-20,2021-01,-2,0,0.6,473127|225|2021-02-09,0.4233812419928781,0.0
475523,225,2021-02-09,2021-02-18,10,control,0,0.52391076,1,dept_225_closure_2021-02-09,2021-01-20,2021-01,-2,0,0.0,475523|225|2021-02-09,-0.033132048007121884,0.0
478934,225,2021-02-09,2021-02-18,10,control,0,0.879664,1,dept_225_closure_2021-02-09,2021-01-20,2021-01,-2,0,0.1,478934|225|2021-02-09,0.3226211919928781,0.0
479982,225,2021-02-09,2021-02-18,10,control,0,0.72143114,1,dept_225_closure_2021-02-09,2021-01-20,2021-01,-2,0,0.1,479982|225|2021-02-09,0.16438833199287806,0.0
481053,225,2021-02-09,2021-02-18,10,control,0,0.60998887,1,dept_225_closure_2021-02-09,2021-01-20,2021-01,-2,0,0.1,481053|225|2021-02-09,0.0529460619928781,0.0
481534,225,2021-02-09,2021-02-18,10,treatment,1,0.7666529,1,dept_225_closure_2021-02-09,2021-01-20,2021-01,-2,0,0.2,481534|225|2021-02-09,0.20961009199287806,0.0
483355,225,2021-02-09,2021-02-18,10,treatment,1,0.21617046,0,dept_225_closure_2021-02-09,2021-01-20,2021-01,-2,0,0.2,483355|225|2021-02-09,-0.3408723480071219,0.0
484202,225,2021-02-09,2021-02-18,10,control,0,0.11625671,0,dept_225_closure_2021-02-09,2021-01-20,2021-01,-2,0,0.0,484202|225|2021-02-09,-0.44078609800712193,0.0
484803,225,2021-02-09,2021-02-18,10,control,0,0.48871788,0,dept_225_closure_2021-02-09,2021-01-20,2021-01,-2,0,0.0,484803|225|2021-02-09,-0.06832492800712192,0.0
487863,225,2021-02-09,2021-02-18,10,control,0,0.29896432,0,dept_225_closure_2021-02-09,2021-01-20,2021-01,-2,0,0.1,487863|225|2021-02-09,-0.2580784880071219,0.0
488759,225,2021-02-09,2021-02-18,10,control,0,0.560258,1,dept_225_closure_2021-02-09,2021-01-20,2021-01,-2,0,0.0,488759|225|2021-02-09,0.003215191992878119,0.0
489742,225,2021-02-09,2021-02-18,10,control,0,0.6274672,1,dept_225_closure_2021-02-09,2021-01-20,2021-01,-2,0,0.1,489742|225|2021-02-09,0.07042439199287809,0.0
493285,225,2021-02-09,2021-02-18,10,control,0,0.30452004,0,dept_225_closure_2021-02-09,2021-01-20,2021-01,-2,0,0.1,493285|225|2021-02-09,-0.2525227680071219,0.0
494278,225,2021-02-09,2021-02-18,10,control,0,0.1129235,0,dept_225_closure_2021-02-09,2021-01-20,2021-01,-2,0,0.0,494278|225|2021-02-09,-0.4441193080071219,0.0
502196,225,2021-02-09,2021-02-18,10,treatment,1,0.8333942,1,dept_225_closure_2021-02-09,2021-01-20,2021-01,-2,0,0.2,502196|225|2021-02-09,0.27635139199287806,0.0
502318,225,2021-02-09,2021-02-18,10,treatment,1,0.9765118,1,dept_225_closure_2021-02-09,2021-01-20,2021-01,-2,0,0.5,502318|225|2021-02-09,0.4194689919928781,0.0
503466,225,2021-02-09,2021-02-18,10,control,0,0.24881226,0,dept_225_closure_2021-02-09,2021-01-20,2021-01,-2,0,0.0,503466|225|2021-02-09,-0.3082305480071219,0.0
505843,225,2021-02-09,2021-02-18,10,treatment,1,0.6795407,1,dept_225_closure_2021-02-09,2021-01-20,2021-01,-2,0,0.2,505843|225|2021-02-09,0.12249789199287808,0.0
506867,225,2021-02-09,2021-02-18,10,control,0,0.9109191,1,dept_225_closure_2021-02-09,2021-01-20,2021-01,-2,0,0.6,506867|225|2021-02-09,0.35387629199287807,0.0
509425,225,2021-02-09,2021-02-18,10,control,0,0.21315736,0,dept_225_closure_2021-02-09,2021-01-20,2021-01,-2,0,0.0,509425|225|2021-02-09,-0.34388544800712195,0.0
510199,225,2021-02-09,2021-02-18,10,control,0,0.95041114,1,dept_225_closure_2021-02-09,2021-01-20,2021-01,-2,0,0.4,510199|225|2021-02-09,0.39336833199287813,0.0
510253,225,2021-02-09,2021-02-18,10,treatment,1,0.11474849,0,dept_225_closure_2021-02-09,2021-01-20,2021-01,-2,0,0.0,510253|225|2021-02-09,-0.44229431800712193,0.0
512120,225,2021-02-09,2021-02-18,10,control,0,0.123882264,0,dept_225_closure_2021-02-09,2021-01-20,2021-01,-2,0,0.0,512120|225|2021-02-09,-0.4331605440071219,0.0
512374,225,2021-02-09,2021-02-18,10,control,0,0.025796797,0,dept_225_closure_2021-02-09,2021-01-20,2021-01,-2,0,0.0,512374|225|2021-02-09,-0.5312460110071219,0.0
513432,225,2021-02-09,2021-02-18,10,control,0,0.75720835,1,dept_225_closure_2021-02-09,2021-01-20,2021-01,-2,0,0.0,513432|225|2021-02-09,0.20016554199287806,0.0
514186,225,2021-02-09,2021-02-18,10,control,0,0.53616303,1,dept_225_closure_2021-02-09,2021-01-20,2021-01,-2,0,0.3,514186|225|2021-02-09,-0.02087977800712193,0.0
514740,225,2021-02-09,2021-02-18,10,control,0,0.9236703,1,dept_225_closure_2021-02-09,2021-01-20,2021-01,-2,0,0.2,514740|225|2021-02-09,0.36662749199287814,0.0
515182,225,2021-02-09,2021-02-18,10,control,0,0.1092633,0,dept_225_closure_2021-02-09,2021-01-20,2021-01,-2,0,0.1,515182|225|2021-02-09,-0.4477795080071219,0.0
516610,225,2021-02-09,2021-02-18,10,control,0,0.6973986,1,dept_225_closure_2021-02-09,2021-01-20,2021-01,-2,0,0.0,516610|225|2021-02-09,0.14035579199287807,0.0
516772,225,2021-02-09,2021-02-18,10,control,0,0.5201318,1,dept_225_closure_2021-02-09,2021-01-20,2021-01,-2,0,0.2,516772|225|2021-02-09,-0.03691100800712188,0.0
516884,225,2021-02-09,2021-02-18,10,control,0,0.2260634,0,dept_225_closure_2021-02-09,2021-01-20,2021-01,-2,0,0.1,516884|225|2021-02-09,-0.3309794080071219,0.0
517029,225,2021-02-09,2021-02-18,10,control,0,0.6784122,1,dept_225_closure_2021-02-09,2021-01-20,2021-01,-2,0,0.0,517029|225|2021-02-09,0.1213693919928781,0.0
518563,225,2021-02-09,2021-02-18,10,treatment,1,0.66636384,1,dept_225_closure_2021-02-09,2021-01-20,2021-01,-2,0,0.8,518563|225|2021-02-09,0.10932103199287813,0.0
519764,225,2021-02-09,2021-02-18,10,control,0,0.4191586,0,dept_225_closure_2021-02-09,2021-01-20,2021-01,-2,0,0.0,519764|225|2021-02-09,-0.13788420800712192,0.0
520658,225,2021-02-09,2021-02-18,10,control,0,0.10316532,0,dept_225_closure_2021-02-09,2021-01-20,2021-01,-2,0,0.1,520658|225|2021-02-09,-0.4538774880071219,0.0
520817,225,2021-02-09,2021-02-18,10,control,0,0.09707905,0,dept_225_closure_2021-02-09,2021-01-20,2021-01,-2,0,0.0,520817|225|2021-02-09,-0.4599637580071219,0.0
521820,225,2021-02-09,2021-02-18,10,control,0,0.084771745,0,dept_225_closure_2021-02-09,2021-01-20,2021-01,-2,0,0.0,521820|225|2021-02-09,-0.4722710630071219,0.0
521859,225,2021-02-09,2021-02-18,10,control,0,0.5171526,1,dept_225_closure_2021-02-09,2021-01-20,2021-01,-2,0,0.0,521859|225|2021-02-09,-0.03989020800712195,0.0
522545,225,2021-02-09,2021-02-18,10,treatment,1,0.64982855,1,dept_225_closure_2021-02-09,2021-01-20,2021-01,-2,0,0.0,522545|225|2021-02-09,0.09278574199287803,0.0
524184,225,2021-02-09,2021-02-18,10,control,0,0.48366845,0,dept_225_closure_2021-02-09,2021-01-20,2021-01,-2,0,0.0,524184|225|2021-02-09,-0.07337435800712189,0.0
524855,225,2021-02-09,2021-02-18,10,control,0,0.8788438,1,dept_225_closure_2021-02-09,2021-01-20,2021-01,-2,0,0.4,524855|225|2021-02-09,0.32180099199287804,0.0
525501,225,2021-02-09,2021-02-18,10,control,0,0.9226477,1,dept_225_closure_2021-02-09,2021-01-20,2021-01,-2,0,0.2,525501|225|2021-02-09,0.36560489199287804,0.0
525869,225,2021-02-09,2021-02-18,10,control,0,0.07285162,0,dept_225_closure_2021-02-09,2021-01-20,2021-01,-2,0,0.1,525869|225|2021-02-09,-0.4841911880071219,0.0
529325,225,2021-02-09,2021-02-18,10,control,0,0.6113113,1,dept_225_closure_2021-02-09,2021-01-20,2021-01,-2,0,0.0,529325|225|2021-02-09,0.05426849199287809,0.0
529864,225,2021-02-09,2021-02-18,10,control,0,0.14488006,0,dept_225_closure_2021-02-09,2021-01-20,2021-01,-2,0,0.0,529864|225|2021-02-09,-0.41216274800712194,0.0
531372,225,2021-02-09,2021-02-18,10,control,0,0.9984932,1,dept_225_closure_2021-02-09,2021-01-20,2021-01,-2,0,0.5,531372|225|2021-02-09,0.44145039199287806,0.0
531766,225,2021-02-09,2021-02-18,10,control,0,0.70788556,1,dept_225_closure_2021-02-09,2021-01-20,2021-01,-2,0,0.2,531766|225|2021-02-09,0.1508427519928781,0.0
532231,225,2021-02-09,2021-02-18,10,control,0,0.16401133,0,dept_225_closure_2021-02-09,2021-01-20,2021-01,-2,0,0.0,532231|225|2021-02-09,-0.3930314780071219,0.0
533906,225,2021-02-09,2021-02-18,10,control,0,0.12545961,0,dept_225_closure_2021-02-09,2021-01-20,2021-01,-2,0,0.1,533906|225|2021-02-09,-0.4315831980071219,0.0
534647,225,2021-02-09,2021-02-18,10,control,0,0.99306244,1,dept_225_closure_2021-02-09,2021-01-20,2021-01,-2,0,0.6,534647|225|2021-02-09,0.4360196319928781,0.0
535153,225,2021-02-09,2021-02-18,10,control,0,0.06850255,0,dept_225_closure_2021-02-09,2021-01-20,2021-01,-2,0,0.0,535153|225|2021-02-09,-0.4885402580071219,0.0
536067,225,2021-02-09,2021-02-18,10,control,0,0.7665355,1,dept_225_closure_2021-02-09,2021-01-20,2021-01,-2,0,0.1,536067|225|2021-02-09,0.20949269199287812,0.0
536540,225,2021-02-09,2021-02-18,10,control,0,0.5633116,1,dept_225_closure_2021-02-09,2021-01-20,2021-01,-2,0,0.0,536540|225|2021-02-09,0.006268791992878109,0.0
537345,225,2021-02-09,2021-02-18,10,control,0,0.23184814,0,dept_225_closure_2021-02-09,2021-01-20,2021-01,-2,0,0.1,537345|225|2021-02-09,-0.32519466800712193,0.0
537422,225,2021-02-09,2021-02-18,10,control,0,0.35939428,0,dept_225_closure_2021-02-09,2021-01-20,2021-01,-2,0,0.1,537422|225|2021-02-09,-0.1976485280071219,0.0
538844,225,2021-02-09,2021-02-18,10,control,0,0.6683242,1,dept_225_closure_2021-02-09,2021-01-20,2021-01,-2,0,0.1,538844|225|2021-02-09,0.11128139199287812,0.0
539544,225,2021-02-09,2021-02-18,10,treatment,1,0.30792004,0,dept_225_closure_2021-02-09,2021-01-20,2021-01,-2,0,0.0,539544|225|2021-02-09,-0.2491227680071219,0.0
539687,225,2021-02-09,2021-02-18,10,control,0,0.9314988,1,dept_225_closure_2021-02-09,2021-01-20,2021-01,-2,0,0.3,539687|225|2021-02-09,0.37445599199287805,0.0
540056,225,2021-02-09,2021-02-18,10,control,0,0.354361,0,dept_225_closure_2021-02-09,2021-01-20,2021-01,-2,0,0.1,540056|225|2021-02-09,-0.20268180800712193,0.0
541024,225,2021-02-09,2021-02-18,10,control,0,0.9485148,1,dept_225_closure_2021-02-09,2021-01-20,2021-01,-2,0,0.5,541024|225|2021-02-09,0.3914719919928781,0.0
541794,225,2021-02-09,2021-02-18,10,control,0,0.7145694,1,dept_225_closure_2021-02-09,2021-01-20,2021-01,-2,0,0.0,541794|225|2021-02-09,0.1575265919928781,0.0
541795,225,2021-02-09,2021-02-18,10,control,0,0.1584281,0,dept_225_closure_2021-02-09,2021-01-20,2021-01,-2,0,0.1,541795|225|2021-02-09,-0.39861470800712195,0.0
542121,225,2021-02-09,2021-02-18,10,control,0,0.81192786,1,dept_225_closure_2021-02-09,2021-01-20,2021-01,-2,0,0.2,542121|225|2021-02-09,0.25488505199287803,0.0
542359,225,2021-02-09,2021-02-18,10,control,0,0.8997891,1,dept_225_closure_2021-02-09,2021-01-20,2021-01,-2,0,0.2,542359|225|2021-02-09,0.3427462919928781,0.0
542469,225,2021-02-09,2021-02-18,10,control,0,0.5968629,1,dept_225_closure_2021-02-09,2021-01-20,2021-01,-2,0,0.2,542469|225|2021-02-09,0.03982009199287806,0.0
543401,225,2021-02-09,2021-02-18,10,control,0,0.17591122,0,dept_225_closure_2021-02-09,2021-01-20,2021-01,-2,0,0.1,543401|225|2021-02-09,-0.3811315880071219,0.0
543574,225,2021-02-09,2021-02-18,10,control,0,0.99364233,1,dept_225_closure_2021-02-09,2021-01-20,2021-01,-2,0,0.3,543574|225|2021-02-09,0.4365995219928781,0.0
545450,225,2021-02-09,2021-02-18,10,treatment,1,0.74080014,1,dept_225_closure_2021-02-09,2021-01-20,2021-01,-2,0,0.2,545450|225|2021-02-09,0.18375733199287814,0.0
545621,225,2021-02-09,2021-02-18,10,control,0,0.2505379,0,dept_225_closure_2021-02-09,2021-01-20,2021-01,-2,0,0.0,545621|225|2021-02-09,-0.30650490800712193,0.0
546738,225,2021-02-09,2021-02-18,10,treatment,1,0.9869179,1,dept_225_closure_2021-02-09,2021-01-20,2021-01,-2,0,0.7,546738|225|2021-02-09,0.4298750919928781,0.0
547241,225,2021-02-09,2021-02-18,10,control,0,0.63886887,1,dept_225_closure_2021-02-09,2021-01-20,2021-01,-2,0,0.3,547241|225|2021-02-09,0.08182606199287812,0.0
547544,225,2021-02-09,2021-02-18,10,control,0,0.7458929,1,dept_225_closure_2021-02-09,2021-01-20,2021-01,-2,0,0.2,547544|225|2021-02-09,0.18885009199287806,0.0
547689,225,2021-02-09,2021-02-18,10,control,0,0.55275804,1,dept_225_closure_2021-02-09,2021-01-20,2021-01,-2,0,0.2,547689|225|2021-02-09,-0.004284768007121964,0.0
548215,225,2021-02-09,2021-02-18,10,control,0,0.9033356,1,dept_225_closure_2021-02-09,2021-01-20,2021-01,-2,0,0.2,548215|225|2021-02-09,0.3462927919928781,0.0
549703,225,2021-02-09,2021-02-18,10,treatment,1,0.44778845,0,dept_225_closure_2021-02-09,2021-01-20,2021-01,-2,0,0.1,549703|225|2021-02-09,-0.10925435800712191,0.0
549771,225,2021-02-09,2021-02-18,10,control,0,0.8159889,1,dept_225_closure_2021-02-09,2021-01-20,2021-01,-2,0,0.1,549771|225|2021-02-09,0.2589460919928781,0.0
552685,225,2021-02-09,2021-02-18,10,control,0,0.5987536,1,dept_225_closure_2021-02-09,2021-01-20,2021-01,-2,0,0.1,552685|225|2021-02-09,0.04171079199287808,0.0
552723,225,2021-02-09,2021-02-18,10,control,0,0.35043988,0,dept_225_closure_2021-02-09,2021-01-20,2021-01,-2,0,0.1,552723|225|2021-02-09,-0.20660292800712193,0.0
553138,225,2021-02-09,2021-02-18,10,control,0,0.30944628,0,dept_225_closure_2021-02-09,2021-01-20,2021-01,-2,0,0.0,553138|225|2021-02-09,-0.2475965280071219,0.0
553876,225,2021-02-09,2021-02-18,10,treatment,1,0.9419543,1,dept_225_closure_2021-02-09,2021-01-20,2021-01,-2,0,0.3,553876|225|2021-02-09,0.3849114919928781,0.0
557358,225,2021-02-09,2021-02-18,10,control,0,0.9920684,1,dept_225_closure_2021-02-09,2021-01-20,2021-01,-2,0,0.5,557358|225|2021-02-09,0.43502559199287805,0.0
557503,225,2021-02-09,2021-02-18,10,control,0,0.98167187,1,dept_225_closure_2021-02-09,2021-01-20,2021-01,-2,0,0.5,557503|225|2021-02-09,0.4246290619928781,0.0
558534,225,2021-02-09,2021-02-18,10,treatment,1,0.20376676,0,dept_225_closure_2021-02-09,2021-01-20,2021-01,-2,0,0.1,558534|225|2021-02-09,-0.3532760480071219,0.0
559416,225,2021-02-09,2021-02-18,10,control,0,0.5377436,1,dept_225_closure_2021-02-09,2021-01-20,2021-01,-2,0,0.0,559416|225|2021-02-09,-0.019299208007121926,0.0
560778,225,2021-02-09,2021-02-18,10,control,0,0.6724239,1,dept_225_closure_2021-02-09,2021-01-20,2021-01,-2,0,0.2,560778|225|2021-02-09,0.11538109199287805,0.0
561261,225,2021-02-09,2021-02-18,10,control,0,0.8870736,1,dept_225_closure_2021-02-09,2021-01-20,2021-01,-2,0,0.1,561261|225|2021-02-09,0.3300307919928781,0.0
561552,225,2021-02-09,2021-02-18,10,treatment,1,0.8548409,1,dept_225_closure_2021-02-09,2021-01-20,2021-01,-2,0,0.1,561552|225|2021-02-09,0.2977980919928781,0.0
561749,225,2021-02-09,2021-02-18,10,treatment,1,0.36272615,0,dept_225_closure_2021-02-09,2021-01-20,2021-01,-2,0,0.0,561749|225|2021-02-09,-0.1943166580071219,0.0
561970,225,2021-02-09,2021-02-18,10,control,0,0.26292413,0,dept_225_closure_2021-02-09,2021-01-20,2021-01,-2,0,0.0,561970|225|2021-02-09,-0.29411867800712194,0.0
563192,225,2021-02-09,2021-02-18,10,control,0,0.99263245,1,dept_225_closure_2021-02-09,2021-01-20,2021-01,-2,0,0.4,563192|225|2021-02-09,0.4355896419928781,0.0
563542,225,2021-02-09,2021-02-18,10,control,0,0.37322673,0,dept_225_closure_2021-02-09,2021-01-20,2021-01,-2,0,0.1,563542|225|2021-02-09,-0.1838160780071219,0.0
563790,225,2021-02-09,2021-02-18,10,control,0,0.35640284,0,dept_225_closure_2021-02-09,2021-01-20,2021-01,-2,0,0.0,563790|225|2021-02-09,-0.20063996800712192,0.0
564310,225,2021-02-09,2021-02-18,10,control,0,0.53082335,1,dept_225_closure_2021-02-09,2021-01-20,2021-01,-2,0,0.1,564310|225|2021-02-09,-0.026219458007121887,0.0
564323,225,2021-02-09,2021-02-18,10,control,0,0.9151387,1,dept_225_closure_2021-02-09,2021-01-20,2021-01,-2,0,0.3,564323|225|2021-02-09,0.35809589199287806,0.0
564378,225,2021-02-09,2021-02-18,10,control,0,0.79580194,1,dept_225_closure_2021-02-09,2021-01-20,2021-01,-2,0,0.1,564378|225|2021-02-09,0.23875913199287813,0.0
564518,225,2021-02-09,2021-02-18,10,control,0,0.8406039,1,dept_225_closure_2021-02-09,2021-01-20,2021-01,-2,0,0.3,564518|225|2021-02-09,0.28356109199287804,0.0
565708,225,2021-02-09,2021-02-18,10,control,0,0.8249043,1,dept_225_closure_2021-02-09,2021-01-20,2021-01,-2,0,0.3,565708|225|2021-02-09,0.2678614919928781,0.0
566300,225,2021-02-09,2021-02-18,10,control,0,0.10058118,0,dept_225_closure_2021-02-09,2021-01-20,2021-01,-2,0,0.0,566300|225|2021-02-09,-0.4564616280071219,0.0
566787,225,2021-02-09,2021-02-18,10,control,0,0.24692543,0,dept_225_closure_2021-02-09,2021-01-20,2021-01,-2,0,0.0,566787|225|2021-02-09,-0.3101173780071219,0.0
567770,225,2021-02-09,2021-02-18,10,control,0,0.62877107,1,dept_225_closure_2021-02-09,2021-01-20,2021-01,-2,0,0.1,567770|225|2021-02-09,0.07172826199287807,0.0
571386,225,2021-02-09,2021-02-18,10,control,0,0.96353066,1,dept_225_closure_2021-02-09,2021-01-20,2021-01,-2,0,0.4,571386|225|2021-02-09,0.40648785199287807,0.0
572458,225,2021-02-09,2021-02-18,10,control,0,0.3980757,0,dept_225_closure_2021-02-09,2021-01-20,2021-01,-2,0,0.2,572458|225|2021-02-09,-0.15896710800712194,0.0
573090,225,2021-02-09,2021-02-18,10,control,0,0.5859904,1,dept_225_closure_2021-02-09,2021-01-20,2021-01,-2,0,0.1,573090|225|2021-02-09,0.028947591992878108,0.0
573893,225,2021-02-09,2021-02-18,10,control,0,0.9229414,1,dept_225_closure_2021-02-09,2021-01-20,2021-01,-2,0,0.3,573893|225|2021-02-09,0.3658985919928781,0.0
574692,225,2021-02-09,2021-02-18,10,treatment,1,0.7166413,1,dept_225_closure_2021-02-09,2021-01-20,2021-01,-2,0,0.5,574692|225|2021-02-09,0.15959849199287812,0.0
574768,225,2021-02-09,2021-02-18,10,control,0,0.17151837,0,dept_225_closure_2021-02-09,2021-01-20,2021-01,-2,0,0.0,574768|225|2021-02-09,-0.3855244380071219,0.0
576266,225,2021-02-09,2021-02-18,10,control,0,0.086030245,0,dept_225_closure_2021-02-09,2021-01-20,2021-01,-2,0,0.0,576266|225|2021-02-09,-0.4710125630071219,0.0
576524,225,2021-02-09,2021-02-18,10,control,0,0.7010925,1,dept_225_closure_2021-02-09,2021-01-20,2021-01,-2,0,0.0,576524|225|2021-02-09,0.1440496919928781,0.0
577047,225,2021-02-09,2021-02-18,10,control,0,0.30385533,0,dept_225_closure_2021-02-09,2021-01-20,2021-01,-2,0,0.0,577047|225|2021-02-09,-0.25318747800712194,0.0
577615,225,2021-02-09,2021-02-18,10,control,0,0.9983777,1,dept_225_closure_2021-02-09,2021-01-20,2021-01,-2,0,0.6,577615|225|2021-02-09,0.4413348919928781,0.0
578177,225,2021-02-09,2021-02-18,10,control,0,0.58630294,1,dept_225_closure_2021-02-09,2021-01-20,2021-01,-2,0,0.4,578177|225|2021-02-09,0.029260131992878136,0.0
579009,225,2021-02-09,2021-02-18,10,control,0,0.5416368,1,dept_225_closure_2021-02-09,2021-01-20,2021-01,-2,0,0.1,579009|225|2021-02-09,-0.015406008007121885,0.0
579184,225,2021-02-09,2021-02-18,10,control,0,0.9151821,1,dept_225_closure_2021-02-09,2021-01-20,2021-01,-2,0,0.3,579184|225|2021-02-09,0.3581392919928781,0.0
579185,225,2021-02-09,2021-02-18,10,control,0,0.036937717,0,dept_225_closure_2021-02-09,2021-01-20,2021-01,-2,0,0.0,579185|225|2021-02-09,-0.5201050910071219,0.0
579307,225,2021-02-09,2021-02-18,10,control,0,0.44333464,0,dept_225_closure_2021-02-09,2021-01-20,2021-01,-2,0,0.2,579307|225|2021-02-09,-0.11370816800712191,0.0
579513,225,2021-02-09,2021-02-18,10,control,0,0.1074986,0,dept_225_closure_2021-02-09,2021-01-20,2021-01,-2,0,0.0,579513|225|2021-02-09,-0.4495442080071219,0.0
580036,225,2021-02-09,2021-02-18,10,control,0,0.9754841,1,dept_225_closure_2021-02-09,2021-01-20,2021-01,-2,0,0.4,580036|225|2021-02-09,0.41844129199287805,0.0
581023,225,2021-02-09,2021-02-18,10,control,0,0.8595541,1,dept_225_closure_2021-02-09,2021-01-20,2021-01,-2,0,0.6,581023|225|2021-02-09,0.3025112919928781,0.0
581025,225,2021-02-09,2021-02-18,10,control,0,0.6973182,1,dept_225_closure_2021-02-09,2021-01-20,2021-01,-2,0,0.2,581025|225|2021-02-09,0.14027539199287808,0.0
582014,225,2021-02-09,2021-02-18,10,control,0,0.3974963,0,dept_225_closure_2021-02-09,2021-01-20,2021-01,-2,0,0.3,582014|225|2021-02-09,-0.1595465080071219,0.0
584199,225,2021-02-09,2021-02-18,10,treatment,1,0.27034467,0,dept_225_closure_2021-02-09,2021-01-20,2021-01,-2,0,0.0,584199|225|2021-02-09,-0.2866981380071219,0.0
585070,225,2021-02-09,2021-02-18,10,control,0,0.99814796,1,dept_225_closure_2021-02-09,2021-01-20,2021-01,-2,0,0.8,585070|225|2021-02-09,0.44110515199287803,0.0
585492,225,2021-02-09,2021-02-18,10,control,0,0.33447573,0,dept_225_closure_2021-02-09,2021-01-20,2021-01,-2,0,0.0,585492|225|2021-02-09,-0.2225670780071219,0.0
585655,225,2021-02-09,2021-02-18,10,control,0,0.35462213,0,dept_225_closure_2021-02-09,2021-01-20,2021-01,-2,0,0.1,585655|225|2021-02-09,-0.20242067800712193,0.0
585821,225,2021-02-09,2021-02-18,10,control,0,0.5222112,1,dept_225_closure_2021-02-09,2021-01-20,2021-01,-2,0,0.1,585821|225|2021-02-09,-0.03483160800712193,0.0
585917,225,2021-02-09,2021-02-18,10,treatment,1,0.7722433,1,dept_225_closure_2021-02-09,2021-01-20,2021-01,-2,0,0.3,585917|225|2021-02-09,0.21520049199287805,0.0
586381,225,2021-02-09,2021-02-18,10,control,0,0.6838527,1,dept_225_closure_2021-02-09,2021-01-20,2021-01,-2,0,0.3,586381|225|2021-02-09,0.12680989199287807,0.0
586838,225,2021-02-09,2021-02-18,10,control,0,0.09217,0,dept_225_closure_2021-02-09,2021-01-20,2021-01,-2,0,0.0,586838|225|2021-02-09,-0.46487280800712194,0.0
586917,225,2021-02-09,2021-02-18,10,control,0,0.8840651,1,dept_225_closure_2021-02-09,2021-01-20,2021-01,-2,0,0.4,586917|225|2021-02-09,0.32702229199287813,0.0
587297,225,2021-02-09,2021-02-18,10,control,0,0.6928022,1,dept_225_closure_2021-02-09,2021-01-20,2021-01,-2,0,0.1,587297|225|2021-02-09,0.13575939199287812,0.0
588026,225,2021-02-09,2021-02-18,10,control,0,0.88820606,1,dept_225_closure_2021-02-09,2021-01-20,2021-01,-2,0,0.4,588026|225|2021-02-09,0.3311632519928781,0.0
590947,225,2021-02-09,2021-02-18,10,control,0,0.36585534,0,dept_225_closure_2021-02-09,2021-01-20,2021-01,-2,0,0.0,590947|225|2021-02-09,-0.19118746800712194,0.0
591732,225,2021-02-09,2021-02-18,10,control,0,0.16594023,0,dept_225_closure_2021-02-09,2021-01-20,2021-01,-2,0,0.0,591732|225|2021-02-09,-0.3911025780071219,0.0
591781,225,2021-02-09,2021-02-18,10,treatment,1,0.9292462,1,dept_225_closure_2021-02-09,2021-01-20,2021-01,-2,0,0.1,591781|225|2021-02-09,0.3722033919928781,0.0
592312,225,2021-02-09,2021-02-18,10,control,0,0.4578142,0,dept_225_closure_2021-02-09,2021-01-20,2021-01,-2,0,0.0,592312|225|2021-02-09,-0.09922860800712191,0.0
594345,225,2021-02-09,2021-02-18,10,control,0,0.90433824,1,dept_225_closure_2021-02-09,2021-01-20,2021-01,-2,0,0.2,594345|225|2021-02-09,0.34729543199287805,0.0
596114,225,2021-02-09,2021-02-18,10,control,0,0.4531059,0,dept_225_closure_2021-02-09,2021-01-20,2021-01,-2,0,0.0,596114|225|2021-02-09,-0.10393690800712191,0.0
597674,225,2021-02-09,2021-02-18,10,control,0,0.49089986,0,dept_225_closure_2021-02-09,2021-01-20,2021-01,-2,0,0.0,597674|225|2021-02-09,-0.0661429480071219,0.0
598660,225,2021-02-09,2021-02-18,10,treatment,1,0.8296651,1,dept_225_closure_2021-02-09,2021-01-20,2021-01,-2,0,0.1,598660|225|2021-02-09,0.27262229199287813,0.0
600117,225,2021-02-09,2021-02-18,10,control,0,0.25992393,0,dept_225_closure_2021-02-09,2021-01-20,2021-01,-2,0,0.0,600117|225|2021-02-09,-0.2971188780071219,0.0
602666,225,2021-02-09,2021-02-18,10,control,0,0.73606884,1,dept_225_closure_2021-02-09,2021-01-20,2021-01,-2,0,0.2,602666|225|2021-02-09,0.17902603199287803,0.0
602851,225,2021-02-09,2021-02-18,10,control,0,0.13497908,0,dept_225_closure_2021-02-09,2021-01-20,2021-01,-2,0,0.0,602851|225|2021-02-09,-0.4220637280071219,0.0
603710,225,2021-02-09,2021-02-18,10,control,0,0.97727966,1,dept_225_closure_2021-02-09,2021-01-20,2021-01,-2,0,0.3,603710|225|2021-02-09,0.4202368519928781,0.0
604161,225,2021-02-09,2021-02-18,10,control,0,0.46132925,0,dept_225_closure_2021-02-09,2021-01-20,2021-01,-2,0,0.1,604161|225|2021-02-09,-0.09571355800712189,0.0
604570,225,2021-02-09,2021-02-18,10,control,0,0.4378647,0,dept_225_closure_2021-02-09,2021-01-20,2021-01,-2,0,0.4,604570|225|2021-02-09,-0.11917810800712192,0.0
604822,225,2021-02-09,2021-02-18,10,control,0,0.9733655,1,dept_225_closure_2021-02-09,2021-01-20,2021-01,-2,0,0.2,604822|225|2021-02-09,0.4163226919928781,0.0
605970,225,2021-02-09,2021-02-18,10,control,0,0.1305402,0,dept_225_closure_2021-02-09,2021-01-20,2021-01,-2,0,0.0,605970|225|2021-02-09,-0.4265026080071219,0.0
606706,225,2021-02-09,2021-02-18,10,control,0,0.95972395,1,dept_225_closure_2021-02-09,2021-01-20,2021-01,-2,0,0.3,606706|225|2021-02-09,0.4026811419928781,0.0
608501,225,2021-02-09,2021-02-18,10,control,0,0.50560063,1,dept_225_closure_2021-02-09,2021-01-20,2021-01,-2,0,0.2,608501|225|2021-02-09,-0.05144217800712192,0.0
610259,225,2021-02-09,2021-02-18,10,control,0,0.36856622,0,dept_225_closure_2021-02-09,2021-01-20,2021-01,-2,0,0.0,610259|225|2021-02-09,-0.18847658800712191,0.0
611223,225,2021-02-09,2021-02-18,10,control,0,0.96206176,1,dept_225_closure_2021-02-09,2021-01-20,2021-01,-2,0,0.4,611223|225|2021-02-09,0.4050189519928781,0.0
611759,225,2021-02-09,2021-02-18,10,control,0,0.06267964,0,dept_225_closure_2021-02-09,2021-01-20,2021-01,-2,0,0.0,611759|225|2021-02-09,-0.49436316800712193,0.0
611888,225,2021-02-09,2021-02-18,10,treatment,1,0.7637555,1,dept_225_closure_2021-02-09,2021-01-20,2021-01,-2,0,0.1,611888|225|2021-02-09,0.20671269199287812,0.0
616748,225,2021-02-09,2021-02-18,10,control,0,0.93410015,1,dept_225_closure_2021-02-09,2021-01-20,2021-01,-2,0,0.4,616748|225|2021-02-09,0.3770573419928781,0.0
620285,225,2021-02-09,2021-02-18,10,control,0,0.07193528,0,dept_225_closure_2021-02-09,2021-01-20,2021-01,-2,0,0.3,620285|225|2021-02-09,-0.4851075280071219,0.0
621701,225,2021-02-09,2021-02-18,10,control,0,0.8712767,1,dept_225_closure_2021-02-09,2021-01-20,2021-01,-2,0,0.1,621701|225|2021-02-09,0.3142338919928781,0.0
621703,225,2021-02-09,2021-02-18,10,control,0,0.8133465,1,dept_225_closure_2021-02-09,2021-01-20,2021-01,-2,0,0.3,621703|225|2021-02-09,0.25630369199287806,0.0
621708,225,2021-02-09,2021-02-18,10,control,0,0.9617935,1,dept_225_closure_2021-02-09,2021-01-20,2021-01,-2,0,0.4,621708|225|2021-02-09,0.40475069199287805,0.0
622002,225,2021-02-09,2021-02-18,10,control,0,0.6602533,1,dept_225_closure_2021-02-09,2021-01-20,2021-01,-2,0,0.4,622002|225|2021-02-09,0.10321049199287813,0.0
622452,225,2021-02-09,2021-02-18,10,control,0,0.42704433,0,dept_225_closure_2021-02-09,2021-01-20,2021-01,-2,0,0.2,622452|225|2021-02-09,-0.1299984780071219,0.0
624749,225,2021-02-09,2021-02-18,10,control,0,0.25263858,0,dept_225_closure_2021-02-09,2021-01-20,2021-01,-2,0,0.0,624749|225|2021-02-09,-0.3044042280071219,0.0
624852,225,2021-02-09,2021-02-18,10,treatment,1,0.4284098,0,dept_225_closure_2021-02-09,2021-01-20,2021-01,-2,0,0.1,624852|225|2021-02-09,-0.1286330080071219,0.0
625308,225,2021-02-09,2021-02-18,10,control,0,0.5906653,1,dept_225_closure_2021-02-09,2021-01-20,2021-01,-2,0,0.1,625308|225|2021-02-09,0.033622491992878034,0.0
625392,225,2021-02-09,2021-02-18,10,control,0,0.63225067,1,dept_225_closure_2021-02-09,2021-01-20,2021-01,-2,0,0.1,625392|225|2021-02-09,0.0752078619928781,0.0
625984,225,2021-02-09,2021-02-18,10,control,0,0.5534443,1,dept_225_closure_2021-02-09,2021-01-20,2021-01,-2,0,0.1,625984|225|2021-02-09,-0.0035985080071219144,0.0
627167,225,2021-02-09,2021-02-18,10,control,0,0.332687,0,dept_225_closure_2021-02-09,2021-01-20,2021-01,-2,0,0.0,627167|225|2021-02-09,-0.2243558080071219,0.0
627225,225,2021-02-09,2021-02-18,10,control,0,0.9010184,1,dept_225_closure_2021-02-09,2021-01-20,2021-01,-2,0,0.3,627225|225|2021-02-09,0.3439755919928781,0.0
627408,225,2021-02-09,2021-02-18,10,control,0,0.85890085,1,dept_225_closure_2021-02-09,2021-01-20,2021-01,-2,0,0.3,627408|225|2021-02-09,0.30185804199287813,0.0
627763,225,2021-02-09,2021-02-18,10,control,0,0.5826646,1,dept_225_closure_2021-02-09,2021-01-20,2021-01,-2,0,0.4,627763|225|2021-02-09,0.025621791992878062,0.0
628462,225,2021-02-09,2021-02-18,10,control,0,0.2905661,0,dept_225_closure_2021-02-09,2021-01-20,2021-01,-2,0,0.0,628462|225|2021-02-09,-0.2664767080071219,0.0
631042,225,2021-02-09,2021-02-18,10,treatment,1,0.82386595,1,dept_225_closure_2021-02-09,2021-01-20,2021-01,-2,0,0.2,631042|225|2021-02-09,0.26682314199287804,0.0
631725,225,2021-02-09,2021-02-18,10,control,0,0.27820736,0,dept_225_closure_2021-02-09,2021-01-20,2021-01,-2,0,0.1,631725|225|2021-02-09,-0.2788354480071219,0.0
632138,225,2021-02-09,2021-02-18,10,control,0,0.45328057,0,dept_225_closure_2021-02-09,2021-01-20,2021-01,-2,0,0.0,632138|225|2021-02-09,-0.10376223800712192,0.0
632258,225,2021-02-09,2021-02-18,10,control,0,0.9607414,1,dept_225_closure_2021-02-09,2021-01-20,2021-01,-2,0,0.2,632258|225|2021-02-09,0.40369859199287805,0.0
634605,225,2021-02-09,2021-02-18,10,control,0,0.8398513,1,dept_225_closure_2021-02-09,2021-01-20,2021-01,-2,0,0.2,634605|225|2021-02-09,0.28280849199287805,0.0
636399,225,2021-02-09,2021-02-18,10,control,0,0.8788353,1,dept_225_closure_2021-02-09,2021-01-20,2021-01,-2,0,0.3,636399|225|2021-02-09,0.32179249199287807,0.0
639151,225,2021-02-09,2021-02-18,10,control,0,0.039711274,0,dept_225_closure_2021-02-09,2021-01-20,2021-01,-2,0,0.0,639151|225|2021-02-09,-0.517331534007122,0.0
639396,225,2021-02-09,2021-02-18,10,control,0,0.111425295,0,dept_225_closure_2021-02-09,2021-01-20,2021-01,-2,0,0.0,639396|225|2021-02-09,-0.44561751300712193,0.0
639953,225,2021-02-09,2021-02-18,10,control,0,0.7804247,1,dept_225_closure_2021-02-09,2021-01-20,2021-01,-2,0,0.0,639953|225|2021-02-09,0.22338189199287806,0.0
640512,225,2021-02-09,2021-02-18,10,control,0,0.20313406,0,dept_225_closure_2021-02-09,2021-01-20,2021-01,-2,0,0.1,640512|225|2021-02-09,-0.3539087480071219,0.0
640845,225,2021-02-09,2021-02-18,10,control,0,0.99919397,1,dept_225_closure_2021-02-09,2021-01-20,2021-01,-2,0,0.7,640845|225|2021-02-09,0.4421511619928781,0.0
641789,225,2021-02-09,2021-02-18,10,control,0,0.46111363,0,dept_225_closure_2021-02-09,2021-01-20,2021-01,-2,0,0.0,641789|225|2021-02-09,-0.09592917800712192,0.0
642726,225,2021-02-09,2021-02-18,10,control,0,0.8754994,1,dept_225_closure_2021-02-09,2021-01-20,2021-01,-2,0,0.0,642726|225|2021-02-09,0.3184565919928781,0.0
642742,225,2021-02-09,2021-02-18,10,control,0,0.45168057,0,dept_225_closure_2021-02-09,2021-01-20,2021-01,-2,0,0.0,642742|225|2021-02-09,-0.10536223800712191,0.0
644630,225,2021-02-09,2021-02-18,10,control,0,0.23972027,0,dept_225_closure_2021-02-09,2021-01-20,2021-01,-2,0,0.1,644630|225|2021-02-09,-0.3173225380071219,0.0
644702,225,2021-02-09,2021-02-18,10,control,0,0.8360215,1,dept_225_closure_2021-02-09,2021-01-20,2021-01,-2,0,0.3,644702|225|2021-02-09,0.27897869199287806,0.0
645363,225,2021-02-09,2021-02-18,10,control,0,0.8725744,1,dept_225_closure_2021-02-09,2021-01-20,2021-01,-2,0,0.2,645363|225|2021-02-09,0.31553159199287806,0.0
645944,225,2021-02-09,2021-02-18,10,treatment,1,0.99819547,1,dept_225_closure_2021-02-09,2021-01-20,2021-01,-2,0,0.8,645944|225|2021-02-09,0.44115266199287806,0.0
646261,225,2021-02-09,2021-02-18,10,control,0,0.5575733,1,dept_225_closure_2021-02-09,2021-01-20,2021-01,-2,0,0.1,646261|225|2021-02-09,0.0005304919928781349,0.0
646657,225,2021-02-09,2021-02-18,10,treatment,1,0.21721593,0,dept_225_closure_2021-02-09,2021-01-20,2021-01,-2,0,0.0,646657|225|2021-02-09,-0.3398268780071219,0.0
649551,225,2021-02-09,2021-02-18,10,control,0,0.021113366,0,dept_225_closure_2021-02-09,2021-01-20,2021-01,-2,0,0.0,649551|225|2021-02-09,-0.5359294420071219,0.0
649840,225,2021-02-09,2021-02-18,10,control,0,0.67450595,1,dept_225_closure_2021-02-09,2021-01-20,2021-01,-2,0,0.1,649840|225|2021-02-09,0.1174631419928781,0.0
651091,225,2021-02-09,2021-02-18,10,control,0,0.5026581,1,dept_225_closure_2021-02-09,2021-01-20,2021-01,-2,0,0.1,651091|225|2021-02-09,-0.05438470800712192,0.0
651339,225,2021-02-09,2021-02-18,10,control,0,0.65272504,1,dept_225_closure_2021-02-09,2021-01-20,2021-01,-2,0,0.1,651339|225|2021-02-09,0.09568223199287806,0.0
651713,225,2021-02-09,2021-02-18,10,control,0,0.96742,1,dept_225_closure_2021-02-09,2021-01-20,2021-01,-2,0,0.3,651713|225|2021-02-09,0.41037719199287803,0.0
653758,225,2021-02-09,2021-02-18,10,control,0,0.5240128,1,dept_225_closure_2021-02-09,2021-01-20,2021-01,-2,0,0.0,653758|225|2021-02-09,-0.03303000800712197,0.0
654099,225,2021-02-09,2021-02-18,10,control,0,0.856423,1,dept_225_closure_2021-02-09,2021-01-20,2021-01,-2,0,0.4,654099|225|2021-02-09,0.29938019199287813,0.0
654850,225,2021-02-09,2021-02-18,10,control,0,0.019117346,0,dept_225_closure_2021-02-09,2021-01-20,2021-01,-2,0,0.0,654850|225|2021-02-09,-0.5379254620071219,0.0
655704,225,2021-02-09,2021-02-18,10,control,0,0.6690431,1,dept_225_closure_2021-02-09,2021-01-20,2021-01,-2,0,0.2,655704|225|2021-02-09,0.11200029199287809,0.0
656521,225,2021-02-09,2021-02-18,10,treatment,1,0.04669351,0,dept_225_closure_2021-02-09,2021-01-20,2021-01,-2,0,0.0,656521|225|2021-02-09,-0.5103492980071219,0.0
658662,225,2021-02-09,2021-02-18,10,control,0,0.53507197,1,dept_225_closure_2021-02-09,2021-01-20,2021-01,-2,0,0.0,658662|225|2021-02-09,-0.021970838007121962,0.0
659493,225,2021-02-09,2021-02-18,10,control,0,0.42869598,0,dept_225_closure_2021-02-09,2021-01-20,2021-01,-2,0,0.1,659493|225|2021-02-09,-0.12834682800712194,0.0
659772,225,2021-02-09,2021-02-18,10,control,0,0.39867225,0,dept_225_closure_2021-02-09,2021-01-20,2021-01,-2,0,0.1,659772|225|2021-02-09,-0.1583705580071219,0.0
659815,225,2021-02-09,2021-02-18,10,control,0,0.9385042,1,dept_225_closure_2021-02-09,2021-01-20,2021-01,-2,0,0.3,659815|225|2021-02-09,0.3814613919928781,0.0
659817,225,2021-02-09,2021-02-18,10,control,0,0.3824475,0,dept_225_closure_2021-02-09,2021-01-20,2021-01,-2,0,0.1,659817|225|2021-02-09,-0.17459530800712192,0.0
660265,225,2021-02-09,2021-02-18,10,treatment,1,0.9978644,1,dept_225_closure_2021-02-09,2021-01-20,2021-01,-2,0,0.6,660265|225|2021-02-09,0.44082159199287807,0.0
660305,225,2021-02-09,2021-02-18,10,control,0,0.96064216,1,dept_225_closure_2021-02-09,2021-01-20,2021-01,-2,0,0.2,660305|225|2021-02-09,0.4035993519928781,0.0
661284,225,2021-02-09,2021-02-18,10,control,0,0.07477712,0,dept_225_closure_2021-02-09,2021-01-20,2021-01,-2,0,0.0,661284|225|2021-02-09,-0.4822656880071219,0.0
662869,225,2021-02-09,2021-02-18,10,control,0,0.32152742,0,dept_225_closure_2021-02-09,2021-01-20,2021-01,-2,0,0.0,662869|225|2021-02-09,-0.2355153880071219,0.0
663102,225,2021-02-09,2021-02-18,10,control,0,0.9994822,1,dept_225_closure_2021-02-09,2021-01-20,2021-01,-2,0,0.8,663102|225|2021-02-09,0.4424393919928781,0.0
663426,225,2021-02-09,2021-02-18,10,control,0,0.7689014,1,dept_225_closure_2021-02-09,2021-01-20,2021-01,-2,0,0.1,663426|225|2021-02-09,0.21185859199287804,0.0
664086,225,2021-02-09,2021-02-18,10,treatment,1,0.9762654,1,dept_225_closure_2021-02-09,2021-01-20,2021-01,-2,0,0.3,664086|225|2021-02-09,0.41922259199287804,0.0
665178,225,2021-02-09,2021-02-18,10,control,0,0.9335816,1,dept_225_closure_2021-02-09,2021-01-20,2021-01,-2,0,0.1,665178|225|2021-02-09,0.3765387919928781,0.0
666035,225,2021-02-09,2021-02-18,10,control,0,0.12785643,0,dept_225_closure_2021-02-09,2021-01-20,2021-01,-2,0,0.0,666035|225|2021-02-09,-0.4291863780071219,0.0
667668,225,2021-02-09,2021-02-18,10,control,0,0.99883133,1,dept_225_closure_2021-02-09,2021-01-20,2021-01,-2,0,0.6,667668|225|2021-02-09,0.4417885219928781,0.0
667898,225,2021-02-09,2021-02-18,10,treatment,1,0.4353089,0,dept_225_closure_2021-02-09,2021-01-20,2021-01,-2,0,0.1,667898|225|2021-02-09,-0.12173390800712192,0.0
668285,225,2021-02-09,2021-02-18,10,treatment,1,0.5645258,1,dept_225_closure_2021-02-09,2021-01-20,2021-01,-2,0,0.1,668285|225|2021-02-09,0.007482991992878052,0.0
668291,225,2021-02-09,2021-02-18,10,control,0,0.6522144,1,dept_225_closure_2021-02-09,2021-01-20,2021-01,-2,0,0.1,668291|225|2021-02-09,0.09517159199287806,0.0
669422,225,2021-02-09,2021-02-18,10,control,0,0.67992234,1,dept_225_closure_2021-02-09,2021-01-20,2021-01,-2,0,0.0,669422|225|2021-02-09,0.12287953199287804,0.0
669423,225,2021-02-09,2021-02-18,10,control,0,0.7847244,1,dept_225_closure_2021-02-09,2021-01-20,2021-01,-2,0,0.1,669423|225|2021-02-09,0.22768159199287807,0.0
670295,225,2021-02-09,2021-02-18,10,control,0,0.41161156,0,dept_225_closure_2021-02-09,2021-01-20,2021-01,-2,0,0.0,670295|225|2021-02-09,-0.14543124800712193,0.0
670764,225,2021-02-09,2021-02-18,10,control,0,0.30633968,0,dept_225_closure_2021-02-09,2021-01-20,2021-01,-2,0,0.1,670764|225|2021-02-09,-0.2507031280071219,0.0
671754,225,2021-02-09,2021-02-18,10,control,0,0.6846134,1,dept_225_closure_2021-02-09,2021-01-20,2021-01,-2,0,0.1,671754|225|2021-02-09,0.12757059199287812,0.0
671815,225,2021-02-09,2021-02-18,10,control,0,0.9897882,1,dept_225_closure_2021-02-09,2021-01-20,2021-01,-2,0,0.1,671815|225|2021-02-09,0.4327453919928781,0.0
673621,225,2021-02-09,2021-02-18,10,treatment,1,0.7729736,1,dept_225_closure_2021-02-09,2021-01-20,2021-01,-2,0,0.1,673621|225|2021-02-09,0.21593079199287812,0.0
674341,225,2021-02-09,2021-02-18,10,treatment,1,0.8209035,1,dept_225_closure_2021-02-09,2021-01-20,2021-01,-2,0,0.2,674341|225|2021-02-09,0.2638606919928781,0.0
674672,225,2021-02-09,2021-02-18,10,control,0,0.34065872,0,dept_225_closure_2021-02-09,2021-01-20,2021-01,-2,0,0.0,674672|225|2021-02-09,-0.2163840880071219,0.0
674694,225,2021-02-09,2021-02-18,10,control,0,0.19335683,0,dept_225_closure_2021-02-09,2021-01-20,2021-01,-2,0,0.0,674694|225|2021-02-09,-0.3636859780071219,0.0
675858,225,2021-02-09,2021-02-18,10,control,0,0.8422513,1,dept_225_closure_2021-02-09,2021-01-20,2021-01,-2,0,0.2,675858|225|2021-02-09,0.2852084919928781,0.0
676812,225,2021-02-09,2021-02-18,10,control,0,0.99570435,1,dept_225_closure_2021-02-09,2021-01-20,2021-01,-2,0,0.7,676812|225|2021-02-09,0.4386615419928781,0.0
677026,225,2021-02-09,2021-02-18,10,control,0,0.7089428,1,dept_225_closure_2021-02-09,2021-01-20,2021-01,-2,0,0.0,677026|225|2021-02-09,0.15189999199287807,0.0
677257,225,2021-02-09,2021-02-18,10,control,0,0.975809,1,dept_225_closure_2021-02-09,2021-01-20,2021-01,-2,0,0.5,677257|225|2021-02-09,0.4187661919928781,0.0
678901,225,2021-02-09,2021-02-18,10,control,0,0.9979645,1,dept_225_closure_2021-02-09,2021-01-20,2021-01,-2,0,0.2,678901|225|2021-02-09,0.4409216919928781,0.0
679712,225,2021-02-09,2021-02-18,10,control,0,0.81729364,1,dept_225_closure_2021-02-09,2021-01-20,2021-01,-2,0,0.3,679712|225|2021-02-09,0.26025083199287813,0.0
681513,225,2021-02-09,2021-02-18,10,control,0,0.059593797,0,dept_225_closure_2021-02-09,2021-01-20,2021-01,-2,0,0.0,681513|225|2021-02-09,-0.4974490110071219,0.0
684601,225,2021-02-09,2021-02-18,10,control,0,0.61403507,1,dept_225_closure_2021-02-09,2021-01-20,2021-01,-2,0,0.1,684601|225|2021-02-09,0.0569922619928781,0.0
687008,225,2021-02-09,2021-02-18,10,control,0,0.5195646,1,dept_225_closure_2021-02-09,2021-01-20,2021-01,-2,0,0.0,687008|225|2021-02-09,-0.03747820800712187,0.0
687150,225,2021-02-09,2021-02-18,10,control,0,0.876868,1,dept_225_closure_2021-02-09,2021-01-20,2021-01,-2,0,0.5,687150|225|2021-02-09,0.31982519199287807,0.0
687897,225,2021-02-09,2021-02-18,10,control,0,0.21601102,0,dept_225_closure_2021-02-09,2021-01-20,2021-01,-2,0,0.1,687897|225|2021-02-09,-0.3410317880071219,0.0
688637,225,2021-02-09,2021-02-18,10,control,0,0.7733657,1,dept_225_closure_2021-02-09,2021-01-20,2021-01,-2,0,0.1,688637|225|2021-02-09,0.21632289199287813,0.0
690589,225,2021-02-09,2021-02-18,10,control,0,0.5553213,1,dept_225_closure_2021-02-09,2021-01-20,2021-01,-2,0,0.1,690589|225|2021-02-09,-0.0017215080071218969,0.0
691229,225,2021-02-09,2021-02-18,10,treatment,1,0.89693713,1,dept_225_closure_2021-02-09,2021-01-20,2021-01,-2,0,0.1,691229|225|2021-02-09,0.33989432199287806,0.0
691713,225,2021-02-09,2021-02-18,10,control,0,0.8633706,1,dept_225_closure_2021-02-09,2021-01-20,2021-01,-2,0,0.5,691713|225|2021-02-09,0.3063277919928781,0.0
693271,225,2021-02-09,2021-02-18,10,control,0,0.12999293,0,dept_225_closure_2021-02-09,2021-01-20,2021-01,-2,0,0.0,693271|225|2021-02-09,-0.4270498780071219,0.0
695757,225,2021-02-09,2021-02-18,10,control,0,0.13072701,0,dept_225_closure_2021-02-09,2021-01-20,2021-01,-2,0,0.0,695757|225|2021-02-09,-0.42631579800712194,0.0
696610,225,2021-02-09,2021-02-18,10,control,0,0.1768223,0,dept_225_closure_2021-02-09,2021-01-20,2021-01,-2,0,0.0,696610|225|2021-02-09,-0.3802205080071219,0.0
697233,225,2021-02-09,2021-02-18,10,control,0,0.94105333,1,dept_225_closure_2021-02-09,2021-01-20,2021-01,-2,0,0.3,697233|225|2021-02-09,0.3840105219928781,0.0
697512,225,2021-02-09,2021-02-18,10,control,0,0.5605776,1,dept_225_closure_2021-02-09,2021-01-20,2021-01,-2,0,0.0,697512|225|2021-02-09,0.0035347919928780946,0.0
697894,225,2021-02-09,2021-02-18,10,control,0,0.79817176,1,dept_225_closure_2021-02-09,2021-01-20,2021-01,-2,0,0.3,697894|225|2021-02-09,0.2411289519928781,0.0
697973,225,2021-02-09,2021-02-18,10,control,0,0.18501806,0,dept_225_closure_2021-02-09,2021-01-20,2021-01,-2,0,0.0,697973|225|2021-02-09,-0.37202474800712193,0.0
701848,225,2021-02-09,2021-02-18,10,control,0,0.8108951,1,dept_225_closure_2021-02-09,2021-01-20,2021-01,-2,0,0.1,701848|225|2021-02-09,0.25385229199287807,0.0
702986,225,2021-02-09,2021-02-18,10,control,0,0.1872149,0,dept_225_closure_2021-02-09,2021-01-20,2021-01,-2,0,0.0,702986|225|2021-02-09,-0.36982790800712195,0.0
703120,225,2021-02-09,2021-02-18,10,control,0,0.85229796,1,dept_225_closure_2021-02-09,2021-01-20,2021-01,-2,0,0.1,703120|225|2021-02-09,0.2952551519928781,0.0
704201,225,2021-02-09,2021-02-18,10,control,0,0.94005144,1,dept_225_closure_2021-02-09,2021-01-20,2021-01,-2,0,0.1,704201|225|2021-02-09,0.38300863199287805,0.0
704382,225,2021-02-09,2021-02-18,10,treatment,1,0.016092248,0,dept_225_closure_2021-02-09,2021-01-20,2021-01,-2,0,0.0,704382|225|2021-02-09,-0.5409505600071219,0.0
705285,225,2021-02-09,2021-02-18,10,control,0,0.15315053,0,dept_225_closure_2021-02-09,2021-01-20,2021-01,-2,0,0.0,705285|225|2021-02-09,-0.4038922780071219,0.0
708489,225,2021-02-09,2021-02-18,10,control,0,0.7237068,1,dept_225_closure_2021-02-09,2021-01-20,2021-01,-2,0,0.3,708489|225|2021-02-09,0.16666399199287807,0.0
708585,225,2021-02-09,2021-02-18,10,control,0,0.19762886,0,dept_225_closure_2021-02-09,2021-01-20,2021-01,-2,0,0.0,708585|225|2021-02-09,-0.3594139480071219,0.0
708791,225,2021-02-09,2021-02-18,10,treatment,1,0.1377391,0,dept_225_closure_2021-02-09,2021-01-20,2021-01,-2,0,0.0,708791|225|2021-02-09,-0.4193037080071219,0.0
708892,225,2021-02-09,2021-02-18,10,control,0,0.18430051,0,dept_225_closure_2021-02-09,2021-01-20,2021-01,-2,0,0.0,708892|225|2021-02-09,-0.3727422980071219,0.0
711028,225,2021-02-09,2021-02-18,10,control,0,0.8355796,1,dept_225_closure_2021-02-09,2021-01-20,2021-01,-2,0,0.1,711028|225|2021-02-09,0.27853679199287806,0.0
711047,225,2021-02-09,2021-02-18,10,control,0,0.034083992,0,dept_225_closure_2021-02-09,2021-01-20,2021-01,-2,0,0.0,711047|225|2021-02-09,-0.5229588160071219,0.0
713527,225,2021-02-09,2021-02-18,10,control,0,0.09292669,0,dept_225_closure_2021-02-09,2021-01-20,2021-01,-2,0,0.0,713527|225|2021-02-09,-0.46411611800712194,0.0
713855,225,2021-02-09,2021-02-18,10,control,0,0.85167867,1,dept_225_closure_2021-02-09,2021-01-20,2021-01,-2,0,0.4,713855|225|2021-02-09,0.29463586199287806,0.0
713958,225,2021-02-09,2021-02-18,10,control,0,0.49726006,0,dept_225_closure_2021-02-09,2021-01-20,2021-01,-2,0,0.0,713958|225|2021-02-09,-0.05978274800712191,0.0
715131,225,2021-02-09,2021-02-18,10,control,0,0.92389244,1,dept_225_closure_2021-02-09,2021-01-20,2021-01,-2,0,0.4,715131|225|2021-02-09,0.3668496319928781,0.0
716396,225,2021-02-09,2021-02-18,10,control,0,0.8428176,1,dept_225_closure_2021-02-09,2021-01-20,2021-01,-2,0,0.4,716396|225|2021-02-09,0.28577479199287803,0.0
717293,225,2021-02-09,2021-02-18,10,control,0,0.25332803,0,dept_225_closure_2021-02-09,2021-01-20,2021-01,-2,0,0.0,717293|225|2021-02-09,-0.30371477800712193,0.0
718498,225,2021-02-09,2021-02-18,10,control,0,0.601293,1,dept_225_closure_2021-02-09,2021-01-20,2021-01,-2,0,0.0,718498|225|2021-02-09,0.04425019199287805,0.0
718943,225,2021-02-09,2021-02-18,10,control,0,0.22585094,0,dept_225_closure_2021-02-09,2021-01-20,2021-01,-2,0,0.0,718943|225|2021-02-09,-0.3311918680071219,0.0
723445,225,2021-02-09,2021-02-18,10,control,0,0.8507281,1,dept_225_closure_2021-02-09,2021-01-20,2021-01,-2,0,0.1,723445|225|2021-02-09,0.2936852919928781,0.0
723556,225,2021-02-09,2021-02-18,10,control,0,0.24095523,0,dept_225_closure_2021-02-09,2021-01-20,2021-01,-2,0,0.0,723556|225|2021-02-09,-0.31608757800712195,0.0
723737,225,2021-02-09,2021-02-18,10,treatment,1,0.70999473,1,dept_225_closure_2021-02-09,2021-01-20,2021-01,-2,0,0.2,723737|225|2021-02-09,0.1529519219928781,0.0
723885,225,2021-02-09,2021-02-18,10,control,0,0.39465505,0,dept_225_closure_2021-02-09,2021-01-20,2021-01,-2,0,0.1,723885|225|2021-02-09,-0.1623877580071219,0.0
724040,225,2021-02-09,2021-02-18,10,treatment,1,0.9974916,1,dept_225_closure_2021-02-09,2021-01-20,2021-01,-2,0,0.7,724040|225|2021-02-09,0.4404487919928781,0.0
725308,225,2021-02-09,2021-02-18,10,control,0,0.78447884,1,dept_225_closure_2021-02-09,2021-01-20,2021-01,-2,0,0.1,725308|225|2021-02-09,0.2274360319928781,0.0
727705,225,2021-02-09,2021-02-18,10,control,0,0.05598491,0,dept_225_closure_2021-02-09,2021-01-20,2021-01,-2,0,0.0,727705|225|2021-02-09,-0.5010578980071219,0.0
730581,225,2021-02-09,2021-02-18,10,control,0,0.72781026,1,dept_225_closure_2021-02-09,2021-01-20,2021-01,-2,0,0.0,730581|225|2021-02-09,0.17076745199287813,0.0
733149,225,2021-02-09,2021-02-18,10,control,0,0.075182885,0,dept_225_closure_2021-02-09,2021-01-20,2021-01,-2,0,0.0,733149|225|2021-02-09,-0.4818599230071219,0.0
733211,225,2021-02-09,2021-02-18,10,treatment,1,0.9522906,1,dept_225_closure_2021-02-09,2021-01-20,2021-01,-2,0,0.1,733211|225|2021-02-09,0.3952477919928781,0.0
734143,225,2021-02-09,2021-02-18,10,control,0,0.46848992,0,dept_225_closure_2021-02-09,2021-01-20,2021-01,-2,0,0.0,734143|225|2021-02-09,-0.08855288800712191,0.0
735208,225,2021-02-09,2021-02-18,10,control,0,0.731714,1,dept_225_closure_2021-02-09,2021-01-20,2021-01,-2,0,0.1,735208|225|2021-02-09,0.17467119199287806,0.0
735282,225,2021-02-09,2021-02-18,10,control,0,0.6528534,1,dept_225_closure_2021-02-09,2021-01-20,2021-01,-2,0,0.1,735282|225|2021-02-09,0.09581059199287811,0.0
735610,225,2021-02-09,2021-02-18,10,control,0,0.5116996,1,dept_225_closure_2021-02-09,2021-01-20,2021-01,-2,0,0.0,735610|225|2021-02-09,-0.04534320800712188,0.0
735616,225,2021-02-09,2021-02-18,10,control,0,0.14503029,0,dept_225_closure_2021-02-09,2021-01-20,2021-01,-2,0,0.0,735616|225|2021-02-09,-0.4120125180071219,0.0
735993,225,2021-02-09,2021-02-18,10,control,0,0.4518877,0,dept_225_closure_2021-02-09,2021-01-20,2021-01,-2,0,0.1,735993|225|2021-02-09,-0.10515510800712191,0.0
736071,225,2021-02-09,2021-02-18,10,control,0,0.28720596,0,dept_225_closure_2021-02-09,2021-01-20,2021-01,-2,0,0.0,736071|225|2021-02-09,-0.26983684800712193,0.0
736993,225,2021-02-09,2021-02-18,10,control,0,0.44273984,0,dept_225_closure_2021-02-09,2021-01-20,2021-01,-2,0,0.0,736993|225|2021-02-09,-0.11430296800712192,0.0
737299,225,2021-02-09,2021-02-18,10,control,0,0.906086,1,dept_225_closure_2021-02-09,2021-01-20,2021-01,-2,0,0.1,737299|225|2021-02-09,0.34904319199287803,0.0
737337,225,2021-02-09,2021-02-18,10,control,0,0.9937168,1,dept_225_closure_2021-02-09,2021-01-20,2021-01,-2,0,0.6,737337|225|2021-02-09,0.43667399199287804,0.0
737407,225,2021-02-09,2021-02-18,10,control,0,0.7900126,1,dept_225_closure_2021-02-09,2021-01-20,2021-01,-2,0,0.2,737407|225|2021-02-09,0.23296979199287804,0.0
737545,225,2021-02-09,2021-02-18,10,control,0,0.9986482,1,dept_225_closure_2021-02-09,2021-01-20,2021-01,-2,0,0.6,737545|225|2021-02-09,0.44160539199287807,0.0
737560,225,2021-02-09,2021-02-18,10,control,0,0.30817884,0,dept_225_closure_2021-02-09,2021-01-20,2021-01,-2,0,0.0,737560|225|2021-02-09,-0.2488639680071219,0.0
737581,225,2021-02-09,2021-02-18,10,control,0,0.79217803,1,dept_225_closure_2021-02-09,2021-01-20,2021-01,-2,0,0.0,737581|225|2021-02-09,0.23513522199287806,0.0
737722,225,2021-02-09,2021-02-18,10,control,0,0.97656333,1,dept_225_closure_2021-02-09,2021-01-20,2021-01,-2,0,0.4,737722|225|2021-02-09,0.41952052199287804,0.0
737761,225,2021-02-09,2021-02-18,10,control,0,0.007338932,0,dept_225_closure_2021-02-09,2021-01-20,2021-01,-2,0,0.0,737761|225|2021-02-09,-0.5497038760071219,0.0
739335,225,2021-02-09,2021-02-18,10,control,0,0.469756,0,dept_225_closure_2021-02-09,2021-01-20,2021-01,-2,0,0.0,739335|225|2021-02-09,-0.08728680800712191,0.0
740494,225,2021-02-09,2021-02-18,10,control,0,0.7680001,1,dept_225_closure_2021-02-09,2021-01-20,2021-01,-2,0,0.0,740494|225|2021-02-09,0.21095729199287805,0.0
740969,225,2021-02-09,2021-02-18,10,treatment,1,0.10188658,0,dept_225_closure_2021-02-09,2021-01-20,2021-01,-2,0,0.0,740969|225|2021-02-09,-0.4551562280071219,0.0
741243,225,2021-02-09,2021-02-18,10,control,0,0.30559075,0,dept_225_closure_2021-02-09,2021-01-20,2021-01,-2,0,0.0,741243|225|2021-02-09,-0.2514520580071219,0.0
741354,225,2021-02-09,2021-02-18,10,control,0,0.13810001,0,dept_225_closure_2021-02-09,2021-01-20,2021-01,-2,0,0.0,741354|225|2021-02-09,-0.4189427980071219,0.0
742991,225,2021-02-09,2021-02-18,10,control,0,0.89868057,1,dept_225_closure_2021-02-09,2021-01-20,2021-01,-2,0,0.0,742991|225|2021-02-09,0.3416377619928781,0.0
744097,225,2021-02-09,2021-02-18,10,control,0,0.7507349,1,dept_225_closure_2021-02-09,2021-01-20,2021-01,-2,0,0.2,744097|225|2021-02-09,0.19369209199287807,0.0
744787,225,2021-02-09,2021-02-18,10,control,0,0.07117133,0,dept_225_closure_2021-02-09,2021-01-20,2021-01,-2,0,0.0,744787|225|2021-02-09,-0.48587147800712194,0.0
749239,225,2021-02-09,2021-02-18,10,control,0,0.5890847,1,dept_225_closure_2021-02-09,2021-01-20,2021-01,-2,0,0.2,749239|225|2021-02-09,0.0320418919928781,0.0
749366,225,2021-02-09,2021-02-18,10,control,0,0.79701763,1,dept_225_closure_2021-02-09,2021-01-20,2021-01,-2,0,0.1,749366|225|2021-02-09,0.23997482199287812,0.0
750714,225,2021-02-09,2021-02-18,10,control,0,0.9721577,1,dept_225_closure_2021-02-09,2021-01-20,2021-01,-2,0,0.2,750714|225|2021-02-09,0.4151148919928781,0.0
752281,225,2021-02-09,2021-02-18,10,control,0,0.523927,1,dept_225_closure_2021-02-09,2021-01-20,2021-01,-2,0,0.2,752281|225|2021-02-09,-0.03311580800712188,0.0
752755,225,2021-02-09,2021-02-18,10,treatment,1,0.43572357,0,dept_225_closure_2021-02-09,2021-01-20,2021-01,-2,0,0.2,752755|225|2021-02-09,-0.12131923800712191,0.0
753422,225,2021-02-09,2021-02-18,10,control,0,0.99361503,1,dept_225_closure_2021-02-09,2021-01-20,2021-01,-2,0,0.5,753422|225|2021-02-09,0.43657222199287804,0.0
754569,225,2021-02-09,2021-02-18,10,control,0,0.7355976,1,dept_225_closure_2021-02-09,2021-01-20,2021-01,-2,0,0.1,754569|225|2021-02-09,0.17855479199287805,0.0
754608,225,2021-02-09,2021-02-18,10,treatment,1,0.27942598,0,dept_225_closure_2021-02-09,2021-01-20,2021-01,-2,0,0.0,754608|225|2021-02-09,-0.2776168280071219,0.0
754781,225,2021-02-09,2021-02-18,10,control,0,0.65508896,1,dept_225_closure_2021-02-09,2021-01-20,2021-01,-2,0,0.2,754781|225|2021-02-09,0.09804615199287814,0.0
755519,225,2021-02-09,2021-02-18,10,control,0,0.9875329,1,dept_225_closure_2021-02-09,2021-01-20,2021-01,-2,0,0.3,755519|225|2021-02-09,0.43049009199287813,0.0
756072,225,2021-02-09,2021-02-18,10,control,0,0.91919154,1,dept_225_closure_2021-02-09,2021-01-20,2021-01,-2,0,0.3,756072|225|2021-02-09,0.3621487319928781,0.0
756199,225,2021-02-09,2021-02-18,10,control,0,0.11504102,0,dept_225_closure_2021-02-09,2021-01-20,2021-01,-2,0,0.1,756199|225|2021-02-09,-0.4420017880071219,0.0
756502,225,2021-02-09,2021-02-18,10,control,0,0.3910325,0,dept_225_closure_2021-02-09,2021-01-20,2021-01,-2,0,0.0,756502|225|2021-02-09,-0.1660103080071219,0.0
756971,225,2021-02-09,2021-02-18,10,control,0,0.2952949,0,dept_225_closure_2021-02-09,2021-01-20,2021-01,-2,0,0.0,756971|225|2021-02-09,-0.2617479080071219,0.0
757056,225,2021-02-09,2021-02-18,10,control,0,0.42773086,0,dept_225_closure_2021-02-09,2021-01-20,2021-01,-2,0,0.0,757056|225|2021-02-09,-0.12931194800712192,0.0
757357,225,2021-02-09,2021-02-18,10,control,0,0.36798954,0,dept_225_closure_2021-02-09,2021-01-20,2021-01,-2,0,0.2,757357|225|2021-02-09,-0.1890532680071219,0.0
758063,225,2021-02-09,2021-02-18,10,control,0,0.3986683,0,dept_225_closure_2021-02-09,2021-01-20,2021-01,-2,0,0.0,758063|225|2021-02-09,-0.15837450800712194,0.0
759517,225,2021-02-09,2021-02-18,10,treatment,1,0.5149611,1,dept_225_closure_2021-02-09,2021-01-20,2021-01,-2,0,0.0,759517|225|2021-02-09,-0.042081708007121965,0.0
759625,225,2021-02-09,2021-02-18,10,control,0,0.9922122,1,dept_225_closure_2021-02-09,2021-01-20,2021-01,-2,0,0.6,759625|225|2021-02-09,0.4351693919928781,0.0
760335,225,2021-02-09,2021-02-18,10,control,0,0.9141567,1,dept_225_closure_2021-02-09,2021-01-20,2021-01,-2,0,0.1,760335|225|2021-02-09,0.35711389199287813,0.0
760715,225,2021-02-09,2021-02-18,10,control,0,0.5291001,1,dept_225_closure_2021-02-09,2021-01-20,2021-01,-2,0,0.0,760715|225|2021-02-09,-0.027942708007121952,0.0
761698,225,2021-02-09,2021-02-18,10,control,0,0.8022312,1,dept_225_closure_2021-02-09,2021-01-20,2021-01,-2,0,0.3,761698|225|2021-02-09,0.24518839199287812,0.0
762486,225,2021-02-09,2021-02-18,10,control,0,0.9525126,1,dept_225_closure_2021-02-09,2021-01-20,2021-01,-2,0,0.5,762486|225|2021-02-09,0.39546979199287813,0.0
763102,225,2021-02-09,2021-02-18,10,control,0,0.2966211,0,dept_225_closure_2021-02-09,2021-01-20,2021-01,-2,0,0.0,763102|225|2021-02-09,-0.2604217080071219,0.0
763597,225,2021-02-09,2021-02-18,10,control,0,0.48588014,0,dept_225_closure_2021-02-09,2021-01-20,2021-01,-2,0,0.0,763597|225|2021-02-09,-0.0711626680071219,0.0
764652,225,2021-02-09,2021-02-18,10,control,0,0.9702867,1,dept_225_closure_2021-02-09,2021-01-20,2021-01,-2,0,0.2,764652|225|2021-02-09,0.41324389199287803,0.0
764896,225,2021-02-09,2021-02-18,10,control,0,0.7929486,1,dept_225_closure_2021-02-09,2021-01-20,2021-01,-2,0,0.1,764896|225|2021-02-09,0.2359057919928781,0.0
765787,225,2021-02-09,2021-02-18,10,control,0,0.6652048,1,dept_225_closure_2021-02-09,2021-01-20,2021-01,-2,0,0.4,765787|225|2021-02-09,0.10816199199287813,0.0
766235,225,2021-02-09,2021-02-18,10,control,0,0.23883905,0,dept_225_closure_2021-02-09,2021-01-20,2021-01,-2,0,0.2,766235|225|2021-02-09,-0.3182037580071219,0.0
766771,225,2021-02-09,2021-02-18,10,control,0,0.9949444,1,dept_225_closure_2021-02-09,2021-01-20,2021-01,-2,0,0.4,766771|225|2021-02-09,0.43790159199287804,0.0
767847,225,2021-02-09,2021-02-18,10,control,0,0.6813335,1,dept_225_closure_2021-02-09,2021-01-20,2021-01,-2,0,0.1,767847|225|2021-02-09,0.12429069199287812,0.0
769437,225,2021-02-09,2021-02-18,10,control,0,0.64949113,1,dept_225_closure_2021-02-09,2021-01-20,2021-01,-2,0,0.1,769437|225|2021-02-09,0.09244832199287811,0.0
769863,225,2021-02-09,2021-02-18,10,treatment,1,0.6316026,1,dept_225_closure_2021-02-09,2021-01-20,2021-01,-2,0,0.1,769863|225|2021-02-09,0.0745597919928781,0.0
770360,225,2021-02-09,2021-02-18,10,control,0,0.43682277,0,dept_225_closure_2021-02-09,2021-01-20,2021-01,-2,0,0.1,770360|225|2021-02-09,-0.12022003800712189,0.0
771383,225,2021-02-09,2021-02-18,10,control,0,0.5376364,1,dept_225_closure_2021-02-09,2021-01-20,2021-01,-2,0,0.0,771383|225|2021-02-09,-0.0194064080071219,0.0
771652,225,2021-02-09,2021-02-18,10,control,0,0.3963786,0,dept_225_closure_2021-02-09,2021-01-20,2021-01,-2,0,0.0,771652|225|2021-02-09,-0.1606642080071219,0.0
771796,225,2021-02-09,2021-02-18,10,control,0,0.59382474,1,dept_225_closure_2021-02-09,2021-01-20,2021-01,-2,0,0.2,771796|225|2021-02-09,0.03678193199287805,0.0
772803,225,2021-02-09,2021-02-18,10,control,0,0.29600552,0,dept_225_closure_2021-02-09,2021-01-20,2021-01,-2,0,0.1,772803|225|2021-02-09,-0.2610372880071219,0.0
774073,225,2021-02-09,2021-02-18,10,control,0,0.86488825,1,dept_225_closure_2021-02-09,2021-01-20,2021-01,-2,0,0.8,774073|225|2021-02-09,0.3078454419928781,0.0
774144,225,2021-02-09,2021-02-18,10,control,0,0.33690736,0,dept_225_closure_2021-02-09,2021-01-20,2021-01,-2,0,0.1,774144|225|2021-02-09,-0.22013544800712193,0.0
774196,225,2021-02-09,2021-02-18,10,control,0,0.941812,1,dept_225_closure_2021-02-09,2021-01-20,2021-01,-2,0,0.0,774196|225|2021-02-09,0.38476919199287807,0.0
775441,225,2021-02-09,2021-02-18,10,control,0,0.08261001,0,dept_225_closure_2021-02-09,2021-01-20,2021-01,-2,0,0.0,775441|225|2021-02-09,-0.4744327980071219,0.0
777571,225,2021-02-09,2021-02-18,10,control,0,0.29030535,0,dept_225_closure_2021-02-09,2021-01-20,2021-01,-2,0,0.4,777571|225|2021-02-09,-0.2667374580071219,0.0
778537,225,2021-02-09,2021-02-18,10,treatment,1,0.73807734,1,dept_225_closure_2021-02-09,2021-01-20,2021-01,-2,0,0.4,778537|225|2021-02-09,0.1810345319928781,0.0
780220,225,2021-02-09,2021-02-18,10,treatment,1,0.15151207,0,dept_225_closure_2021-02-09,2021-01-20,2021-01,-2,0,0.0,780220|225|2021-02-09,-0.4055307380071219,0.0
781494,225,2021-02-09,2021-02-18,10,treatment,1,0.9819272,1,dept_225_closure_2021-02-09,2021-01-20,2021-01,-2,0,0.3,781494|225|2021-02-09,0.4248843919928781,0.0
781749,225,2021-02-09,2021-02-18,10,control,0,0.34949872,0,dept_225_closure_2021-02-09,2021-01-20,2021-01,-2,0,0.1,781749|225|2021-02-09,-0.20754408800712193,0.0
782815,225,2021-02-09,2021-02-18,10,control,0,0.048142757,0,dept_225_closure_2021-02-09,2021-01-20,2021-01,-2,0,0.0,782815|225|2021-02-09,-0.5089000510071219,0.0
783761,225,2021-02-09,2021-02-18,10,control,0,0.87922394,1,dept_225_closure_2021-02-09,2021-01-20,2021-01,-2,0,0.1,783761|225|2021-02-09,0.3221811319928781,0.0
784190,225,2021-02-09,2021-02-18,10,treatment,1,0.42112172,0,dept_225_closure_2021-02-09,2021-01-20,2021-01,-2,0,0.1,784190|225|2021-02-09,-0.13592108800712194,0.0
784247,225,2021-02-09,2021-02-18,10,control,0,0.37388155,0,dept_225_closure_2021-02-09,2021-01-20,2021-01,-2,0,0.2,784247|225|2021-02-09,-0.1831612580071219,0.0
784378,225,2021-02-09,2021-02-18,10,control,0,0.6521716,1,dept_225_closure_2021-02-09,2021-01-20,2021-01,-2,0,0.2,784378|225|2021-02-09,0.09512879199287805,0.0
785479,225,2021-02-09,2021-02-18,10,control,0,0.38954622,0,dept_225_closure_2021-02-09,2021-01-20,2021-01,-2,0,0.2,785479|225|2021-02-09,-0.16749658800712192,0.0
789372,225,2021-02-09,2021-02-18,10,control,0,0.5044561,1,dept_225_closure_2021-02-09,2021-01-20,2021-01,-2,0,0.1,789372|225|2021-02-09,-0.05258670800712195,0.0
789746,225,2021-02-09,2021-02-18,10,treatment,1,0.71691763,1,dept_225_closure_2021-02-09,2021-01-20,2021-01,-2,0,0.2,789746|225|2021-02-09,0.15987482199287806,0.0
791023,225,2021-02-09,2021-02-18,10,treatment,1,0.8417338,1,dept_225_closure_2021-02-09,2021-01-20,2021-01,-2,0,0.2,791023|225|2021-02-09,0.28469099199287806,0.0
791706,225,2021-02-09,2021-02-18,10,control,0,0.55756235,1,dept_225_closure_2021-02-09,2021-01-20,2021-01,-2,0,0.0,791706|225|2021-02-09,0.0005195419928780698,0.0
792259,225,2021-02-09,2021-02-18,10,control,0,0.27055612,0,dept_225_closure_2021-02-09,2021-01-20,2021-01,-2,0,0.0,792259|225|2021-02-09,-0.2864866880071219,0.0
792330,225,2021-02-09,2021-02-18,10,control,0,0.30864796,0,dept_225_closure_2021-02-09,2021-01-20,2021-01,-2,0,0.0,792330|225|2021-02-09,-0.24839484800712192,0.0
793532,225,2021-02-09,2021-02-18,10,control,0,0.8851609,1,dept_225_closure_2021-02-09,2021-01-20,2021-01,-2,0,0.1,793532|225|2021-02-09,0.3281180919928781,0.0
793923,225,2021-02-09,2021-02-18,10,control,0,0.15183781,0,dept_225_closure_2021-02-09,2021-01-20,2021-01,-2,0,0.3,793923|225|2021-02-09,-0.40520499800712195,0.0
794398,225,2021-02-09,2021-02-18,10,treatment,1,0.5736346,1,dept_225_closure_2021-02-09,2021-01-20,2021-01,-2,0,0.1,794398|225|2021-02-09,0.01659179199287808,0.0
796113,225,2021-02-09,2021-02-18,10,control,0,0.0056227576,0,dept_225_closure_2021-02-09,2021-01-20,2021-01,-2,0,0.0,796113|225|2021-02-09,-0.5514200504071219,0.0
796286,225,2021-02-09,2021-02-18,10,control,0,0.9186294,1,dept_225_closure_2021-02-09,2021-01-20,2021-01,-2,0,0.2,796286|225|2021-02-09,0.3615865919928781,0.0
796930,225,2021-02-09,2021-02-18,10,control,0,0.9921591,1,dept_225_closure_2021-02-09,2021-01-20,2021-01,-2,0,0.8,796930|225|2021-02-09,0.43511629199287805,0.0
796971,225,2021-02-09,2021-02-18,10,control,0,0.73464483,1,dept_225_closure_2021-02-09,2021-01-20,2021-01,-2,0,0.1,796971|225|2021-02-09,0.1776020219928781,0.0
797941,225,2021-02-09,2021-02-18,10,control,0,0.36482874,0,dept_225_closure_2021-02-09,2021-01-20,2021-01,-2,0,0.3,797941|225|2021-02-09,-0.19221406800712193,0.0
798263,225,2021-02-09,2021-02-18,10,control,0,0.58305246,1,dept_225_closure_2021-02-09,2021-01-20,2021-01,-2,0,0.2,798263|225|2021-02-09,0.02600965199287808,0.0
799049,225,2021-02-09,2021-02-18,10,control,0,0.9824901,1,dept_225_closure_2021-02-09,2021-01-20,2021-01,-2,0,0.6,799049|225|2021-02-09,0.4254472919928781,0.0
801294,225,2021-02-09,2021-02-18,10,control,0,0.41131797,0,dept_225_closure_2021-02-09,2021-01-20,2021-01,-2,0,0.1,801294|225|2021-02-09,-0.14572483800712194,0.0
801718,225,2021-02-09,2021-02-18,10,control,0,0.99905974,1,dept_225_closure_2021-02-09,2021-01-20,2021-01,-2,0,0.6,801718|225|2021-02-09,0.44201693199287806,0.0
803224,225,2021-02-09,2021-02-18,10,control,0,0.7826386,1,dept_225_closure_2021-02-09,2021-01-20,2021-01,-2,0,0.0,803224|225|2021-02-09,0.22559579199287805,0.0
804722,225,2021-02-09,2021-02-18,10,control,0,0.9922273,1,dept_225_closure_2021-02-09,2021-01-20,2021-01,-2,0,0.8,804722|225|2021-02-09,0.4351844919928781,0.0
805264,225,2021-02-09,2021-02-18,10,treatment,1,0.3060513,0,dept_225_closure_2021-02-09,2021-01-20,2021-01,-2,0,0.0,805264|225|2021-02-09,-0.2509915080071219,0.0
805366,225,2021-02-09,2021-02-18,10,control,0,0.22654901,0,dept_225_closure_2021-02-09,2021-01-20,2021-01,-2,0,0.0,805366|225|2021-02-09,-0.3304937980071219,0.0
807855,225,2021-02-09,2021-02-18,10,treatment,1,0.7708943,1,dept_225_closure_2021-02-09,2021-01-20,2021-01,-2,0,0.0,807855|225|2021-02-09,0.21385149199287812,0.0
809500,225,2021-02-09,2021-02-18,10,control,0,0.31644803,0,dept_225_closure_2021-02-09,2021-01-20,2021-01,-2,0,0.3,809500|225|2021-02-09,-0.24059477800712192,0.0
5,225,2021-02-09,2021-02-18,10,control,0,0.14528728,0,dept_225_closure_2021-02-09,2021-01-30,2021-01,-1,0,0.1,5|225|2021-02-09,-0.4117555280071219,0.0
866,225,2021-02-09,2021-02-18,10,control,0,0.34398916,0,dept_225_closure_2021-02-09,2021-01-30,2021-01,-1,0,0.1,866|225|2021-02-09,-0.2130536480071219,0.0
1100,225,2021-02-09,2021-02-18,10,control,0,0.6347374,1,dept_225_closure_2021-02-09,2021-01-30,2021-01,-1,0,0.3,1100|225|2021-02-09,0.07769459199287809,0.0
2097,225,2021-02-09,2021-02-18,10,control,0,0.23596613,0,dept_225_closure_2021-02-09,2021-01-30,2021-01,-1,0,0.1,2097|225|2021-02-09,-0.3210766780071219,0.0
2185,225,2021-02-09,2021-02-18,10,control,0,0.2621139,0,dept_225_closure_2021-02-09,2021-01-30,2021-01,-1,0,0.1,2185|225|2021-02-09,-0.2949289080071219,0.0
2206,225,2021-02-09,2021-02-18,10,control,0,0.4399006,0,dept_225_closure_2021-02-09,2021-01-30,2021-01,-1,0,0.1,2206|225|2021-02-09,-0.11714220800712194,0.0
3239,225,2021-02-09,2021-02-18,10,control,0,0.085536055,0,dept_225_closure_2021-02-09,2021-01-30,2021-01,-1,0,0.1,3239|225|2021-02-09,-0.4715067530071219,0.0
3256,225,2021-02-09,2021-02-18,10,control,0,0.27744627,0,dept_225_closure_2021-02-09,2021-01-30,2021-01,-1,0,0.1,3256|225|2021-02-09,-0.2795965380071219,0.0
5717,225,2021-02-09,2021-02-18,10,control,0,0.86031544,1,dept_225_closure_2021-02-09,2021-01-30,2021-01,-1,0,0.2,5717|225|2021-02-09,0.30327263199287813,0.0
7281,225,2021-02-09,2021-02-18,10,control,0,0.99898213,1,dept_225_closure_2021-02-09,2021-01-30,2021-01,-1,0,0.7,7281|225|2021-02-09,0.4419393219928781,0.0
8427,225,2021-02-09,2021-02-18,10,control,0,0.019571843,0,dept_225_closure_2021-02-09,2021-01-30,2021-01,-1,0,0.1,8427|225|2021-02-09,-0.5374709650071219,0.0
8449,225,2021-02-09,2021-02-18,10,control,0,0.08294749,0,dept_225_closure_2021-02-09,2021-01-30,2021-01,-1,0,0.1,8449|225|2021-02-09,-0.4740953180071219,0.0
10251,225,2021-02-09,2021-02-18,10,control,0,0.52154756,1,dept_225_closure_2021-02-09,2021-01-30,2021-01,-1,0,0.2,10251|225|2021-02-09,-0.03549524800712189,0.0
12391,225,2021-02-09,2021-02-18,10,control,0,0.15027635,0,dept_225_closure_2021-02-09,2021-01-30,2021-01,-1,0,0.1,12391|225|2021-02-09,-0.4067664580071219,0.0
12400,225,2021-02-09,2021-02-18,10,control,0,0.018340718,0,dept_225_closure_2021-02-09,2021-01-30,2021-01,-1,0,0.1,12400|225|2021-02-09,-0.5387020900071219,0.0
12928,225,2021-02-09,2021-02-18,10,control,0,0.8517119,1,dept_225_closure_2021-02-09,2021-01-30,2021-01,-1,0,0.1,12928|225|2021-02-09,0.29466909199287805,0.0
15825,225,2021-02-09,2021-02-18,10,control,0,0.21903794,0,dept_225_closure_2021-02-09,2021-01-30,2021-01,-1,0,0.1,15825|225|2021-02-09,-0.33800486800712193,0.0
16611,225,2021-02-09,2021-02-18,10,control,0,0.03530123,0,dept_225_closure_2021-02-09,2021-01-30,2021-01,-1,0,0.2,16611|225|2021-02-09,-0.521741578007122,0.0
17269,225,2021-02-09,2021-02-18,10,control,0,0.21498367,0,dept_225_closure_2021-02-09,2021-01-30,2021-01,-1,0,0.1,17269|225|2021-02-09,-0.34205913800712195,0.0
17312,225,2021-02-09,2021-02-18,10,control,0,0.36621094,0,dept_225_closure_2021-02-09,2021-01-30,2021-01,-1,0,0.1,17312|225|2021-02-09,-0.19083186800712193,0.0
19087,225,2021-02-09,2021-02-18,10,control,0,0.1141593,0,dept_225_closure_2021-02-09,2021-01-30,2021-01,-1,0,0.2,19087|225|2021-02-09,-0.4428835080071219,0.0
19767,225,2021-02-09,2021-02-18,10,control,0,0.48095965,0,dept_225_closure_2021-02-09,2021-01-30,2021-01,-1,0,0.1,19767|225|2021-02-09,-0.0760831580071219,0.0
19961,225,2021-02-09,2021-02-18,10,control,0,0.2612961,0,dept_225_closure_2021-02-09,2021-01-30,2021-01,-1,0,0.1,19961|225|2021-02-09,-0.29574670800712194,0.0
20829,225,2021-02-09,2021-02-18,10,control,0,0.84562606,1,dept_225_closure_2021-02-09,2021-01-30,2021-01,-1,0,0.1,20829|225|2021-02-09,0.28858325199287804,0.0
22301,225,2021-02-09,2021-02-18,10,treatment,1,0.49965566,0,dept_225_closure_2021-02-09,2021-01-30,2021-01,-1,0,0.1,22301|225|2021-02-09,-0.05738714800712191,0.0
22417,225,2021-02-09,2021-02-18,10,control,0,0.99820554,1,dept_225_closure_2021-02-09,2021-01-30,2021-01,-1,0,0.6,22417|225|2021-02-09,0.44116273199287803,0.0
24695,225,2021-02-09,2021-02-18,10,control,0,0.23371305,0,dept_225_closure_2021-02-09,2021-01-30,2021-01,-1,0,0.1,24695|225|2021-02-09,-0.32332975800712194,0.0
27305,225,2021-02-09,2021-02-18,10,control,0,0.934971,1,dept_225_closure_2021-02-09,2021-01-30,2021-01,-1,0,0.3,27305|225|2021-02-09,0.3779281919928781,0.0
27339,225,2021-02-09,2021-02-18,10,control,0,0.06848284,0,dept_225_closure_2021-02-09,2021-01-30,2021-01,-1,0,0.1,27339|225|2021-02-09,-0.4885599680071219,0.0
28349,225,2021-02-09,2021-02-18,10,control,0,0.031649835,0,dept_225_closure_2021-02-09,2021-01-30,2021-01,-1,0,0.1,28349|225|2021-02-09,-0.525392973007122,0.0
28784,225,2021-02-09,2021-02-18,10,control,0,0.96120983,1,dept_225_closure_2021-02-09,2021-01-30,2021-01,-1,0,0.4,28784|225|2021-02-09,0.40416702199287813,0.0
29011,225,2021-02-09,2021-02-18,10,control,0,0.89105934,1,dept_225_closure_2021-02-09,2021-01-30,2021-01,-1,0,0.2,29011|225|2021-02-09,0.33401653199287806,0.0
29025,225,2021-02-09,2021-02-18,10,control,0,0.93348074,1,dept_225_closure_2021-02-09,2021-01-30,2021-01,-1,0,0.2,29025|225|2021-02-09,0.3764379319928781,0.0
29713,225,2021-02-09,2021-02-18,10,control,0,0.5263306,1,dept_225_closure_2021-02-09,2021-01-30,2021-01,-1,0,0.1,29713|225|2021-02-09,-0.030712208007121933,0.0
31068,225,2021-02-09,2021-02-18,10,control,0,0.3156137,0,dept_225_closure_2021-02-09,2021-01-30,2021-01,-1,0,0.1,31068|225|2021-02-09,-0.24142910800712192,0.0
31075,225,2021-02-09,2021-02-18,10,control,0,0.39527813,0,dept_225_closure_2021-02-09,2021-01-30,2021-01,-1,0,0.2,31075|225|2021-02-09,-0.1617646780071219,0.0
31139,225,2021-02-09,2021-02-18,10,treatment,1,0.24236429,0,dept_225_closure_2021-02-09,2021-01-30,2021-01,-1,0,0.1,31139|225|2021-02-09,-0.3146785180071219,0.0
31524,225,2021-02-09,2021-02-18,10,control,0,0.05243684,0,dept_225_closure_2021-02-09,2021-01-30,2021-01,-1,0,0.2,31524|225|2021-02-09,-0.5046059680071219,0.0
32473,225,2021-02-09,2021-02-18,10,control,0,0.72997993,1,dept_225_closure_2021-02-09,2021-01-30,2021-01,-1,0,0.1,32473|225|2021-02-09,0.17293712199287814,0.0
32707,225,2021-02-09,2021-02-18,10,control,0,0.9788866,1,dept_225_closure_2021-02-09,2021-01-30,2021-01,-1,0,0.2,32707|225|2021-02-09,0.42184379199287814,0.0
34116,225,2021-02-09,2021-02-18,10,control,0,0.4045588,0,dept_225_closure_2021-02-09,2021-01-30,2021-01,-1,0,0.1,34116|225|2021-02-09,-0.15248400800712192,0.0
36662,225,2021-02-09,2021-02-18,10,control,0,0.1691688,0,dept_225_closure_2021-02-09,2021-01-30,2021-01,-1,0,0.1,36662|225|2021-02-09,-0.3878740080071219,0.0
37330,225,2021-02-09,2021-02-18,10,treatment,1,0.39923403,0,dept_225_closure_2021-02-09,2021-01-30,2021-01,-1,0,0.3,37330|225|2021-02-09,-0.1578087780071219,0.0
38200,225,2021-02-09,2021-02-18,10,control,0,0.41114828,0,dept_225_closure_2021-02-09,2021-01-30,2021-01,-1,0,0.1,38200|225|2021-02-09,-0.14589452800712194,0.0
39228,225,2021-02-09,2021-02-18,10,control,0,0.93770295,1,dept_225_closure_2021-02-09,2021-01-30,2021-01,-1,0,0.4,39228|225|2021-02-09,0.3806601419928781,0.0
40566,225,2021-02-09,2021-02-18,10,control,0,0.9946063,1,dept_225_closure_2021-02-09,2021-01-30,2021-01,-1,0,0.6,40566|225|2021-02-09,0.43756349199287814,0.0
44385,225,2021-02-09,2021-02-18,10,control,0,0.81834763,1,dept_225_closure_2021-02-09,2021-01-30,2021-01,-1,0,0.1,44385|225|2021-02-09,0.2613048219928781,0.0
44793,225,2021-02-09,2021-02-18,10,control,0,0.8609171,1,dept_225_closure_2021-02-09,2021-01-30,2021-01,-1,0,0.2,44793|225|2021-02-09,0.3038742919928781,0.0
46191,225,2021-02-09,2021-02-18,10,control,0,0.85950613,1,dept_225_closure_2021-02-09,2021-01-30,2021-01,-1,0,0.1,46191|225|2021-02-09,0.30246332199287806,0.0
47222,225,2021-02-09,2021-02-18,10,treatment,1,0.49709675,0,dept_225_closure_2021-02-09,2021-01-30,2021-01,-1,0,0.2,47222|225|2021-02-09,-0.05994605800712194,0.0
48637,225,2021-02-09,2021-02-18,10,treatment,1,0.54981667,1,dept_225_closure_2021-02-09,2021-01-30,2021-01,-1,0,0.2,48637|225|2021-02-09,-0.007226138007121907,0.0
49220,225,2021-02-09,2021-02-18,10,control,0,0.37845916,0,dept_225_closure_2021-02-09,2021-01-30,2021-01,-1,0,0.3,49220|225|2021-02-09,-0.1785836480071219,0.0
50187,225,2021-02-09,2021-02-18,10,control,0,0.86367977,1,dept_225_closure_2021-02-09,2021-01-30,2021-01,-1,0,0.2,50187|225|2021-02-09,0.30663696199287804,0.0
51175,225,2021-02-09,2021-02-18,10,control,0,0.06736726,0,dept_225_closure_2021-02-09,2021-01-30,2021-01,-1,0,0.1,51175|225|2021-02-09,-0.48967554800712193,0.0
51232,225,2021-02-09,2021-02-18,10,treatment,1,0.96270984,1,dept_225_closure_2021-02-09,2021-01-30,2021-01,-1,0,0.2,51232|225|2021-02-09,0.4056670319928781,0.0
51386,225,2021-02-09,2021-02-18,10,treatment,1,0.9826988,1,dept_225_closure_2021-02-09,2021-01-30,2021-01,-1,0,0.7,51386|225|2021-02-09,0.42565599199287807,0.0
52482,225,2021-02-09,2021-02-18,10,control,0,0.7282863,1,dept_225_closure_2021-02-09,2021-01-30,2021-01,-1,0,0.1,52482|225|2021-02-09,0.17124349199287814,0.0
52509,225,2021-02-09,2021-02-18,10,control,0,0.9856984,1,dept_225_closure_2021-02-09,2021-01-30,2021-01,-1,0,0.4,52509|225|2021-02-09,0.42865559199287806,0.0
52857,225,2021-02-09,2021-02-18,10,control,0,0.39206263,0,dept_225_closure_2021-02-09,2021-01-30,2021-01,-1,0,0.1,52857|225|2021-02-09,-0.1649801780071219,0.0
55277,225,2021-02-09,2021-02-18,10,control,0,0.7247857,1,dept_225_closure_2021-02-09,2021-01-30,2021-01,-1,0,0.1,55277|225|2021-02-09,0.16774289199287806,0.0
56953,225,2021-02-09,2021-02-18,10,control,0,0.8950663,1,dept_225_closure_2021-02-09,2021-01-30,2021-01,-1,0,0.5,56953|225|2021-02-09,0.33802349199287807,0.0
57362,225,2021-02-09,2021-02-18,10,control,0,0.5430405,1,dept_225_closure_2021-02-09,2021-01-30,2021-01,-1,0,0.1,57362|225|2021-02-09,-0.014002308007121878,0.0
57582,225,2021-02-09,2021-02-18,10,control,0,0.92595965,1,dept_225_closure_2021-02-09,2021-01-30,2021-01,-1,0,0.1,57582|225|2021-02-09,0.3689168419928781,0.0
62574,225,2021-02-09,2021-02-18,10,control,0,0.24900906,0,dept_225_closure_2021-02-09,2021-01-30,2021-01,-1,0,0.1,62574|225|2021-02-09,-0.3080337480071219,0.0
63220,225,2021-02-09,2021-02-18,10,control,0,0.88363045,1,dept_225_closure_2021-02-09,2021-01-30,2021-01,-1,0,0.1,63220|225|2021-02-09,0.32658764199287804,0.0
64080,225,2021-02-09,2021-02-18,10,treatment,1,0.5486668,1,dept_225_closure_2021-02-09,2021-01-30,2021-01,-1,0,0.2,64080|225|2021-02-09,-0.008376008007121905,0.0
73719,225,2021-02-09,2021-02-18,10,control,0,0.48416466,0,dept_225_closure_2021-02-09,2021-01-30,2021-01,-1,0,0.2,73719|225|2021-02-09,-0.07287814800712189,0.0
75205,225,2021-02-09,2021-02-18,10,control,0,0.87622863,1,dept_225_closure_2021-02-09,2021-01-30,2021-01,-1,0,0.1,75205|225|2021-02-09,0.31918582199287804,0.0
77516,225,2021-02-09,2021-02-18,10,control,0,0.88889474,1,dept_225_closure_2021-02-09,2021-01-30,2021-01,-1,0,0.4,77516|225|2021-02-09,0.3318519319928781,0.0
79269,225,2021-02-09,2021-02-18,10,control,0,0.14135796,0,dept_225_closure_2021-02-09,2021-01-30,2021-01,-1,0,0.1,79269|225|2021-02-09,-0.4156848480071219,0.0
82976,225,2021-02-09,2021-02-18,10,control,0,0.5032989,1,dept_225_closure_2021-02-09,2021-01-30,2021-01,-1,0,0.1,82976|225|2021-02-09,-0.05374390800712192,0.0
83920,225,2021-02-09,2021-02-18,10,control,0,0.10722636,0,dept_225_closure_2021-02-09,2021-01-30,2021-01,-1,0,0.1,83920|225|2021-02-09,-0.4498164480071219,0.0
85561,225,2021-02-09,2021-02-18,10,treatment,1,0.30561054,0,dept_225_closure_2021-02-09,2021-01-30,2021-01,-1,0,0.1,85561|225|2021-02-09,-0.25143226800712193,0.0
85580,225,2021-02-09,2021-02-18,10,control,0,0.96883047,1,dept_225_closure_2021-02-09,2021-01-30,2021-01,-1,0,0.3,85580|225|2021-02-09,0.4117876619928781,0.0
85848,225,2021-02-09,2021-02-18,10,control,0,0.047726985,0,dept_225_closure_2021-02-09,2021-01-30,2021-01,-1,0,0.1,85848|225|2021-02-09,-0.509315823007122,0.0
88712,225,2021-02-09,2021-02-18,10,control,0,0.27502534,0,dept_225_closure_2021-02-09,2021-01-30,2021-01,-1,0,0.2,88712|225|2021-02-09,-0.2820174680071219,0.0
90821,225,2021-02-09,2021-02-18,10,control,0,0.10521385,0,dept_225_closure_2021-02-09,2021-01-30,2021-01,-1,0,0.1,90821|225|2021-02-09,-0.4518289580071219,0.0
91438,225,2021-02-09,2021-02-18,10,treatment,1,0.2950767,0,dept_225_closure_2021-02-09,2021-01-30,2021-01,-1,0,0.1,91438|225|2021-02-09,-0.2619661080071219,0.0
92168,225,2021-02-09,2021-02-18,10,control,0,0.7336935,1,dept_225_closure_2021-02-09,2021-01-30,2021-01,-1,0,0.2,92168|225|2021-02-09,0.17665069199287808,0.0
92196,225,2021-02-09,2021-02-18,10,control,0,0.8121042,1,dept_225_closure_2021-02-09,2021-01-30,2021-01,-1,0,0.4,92196|225|2021-02-09,0.25506139199287814,0.0
93076,225,2021-02-09,2021-02-18,10,control,0,0.13417456,0,dept_225_closure_2021-02-09,2021-01-30,2021-01,-1,0,0.1,93076|225|2021-02-09,-0.4228682480071219,0.0
94462,225,2021-02-09,2021-02-18,10,control,0,0.8219448,1,dept_225_closure_2021-02-09,2021-01-30,2021-01,-1,0,0.2,94462|225|2021-02-09,0.2649019919928781,0.0
95167,225,2021-02-09,2021-02-18,10,control,0,0.98642063,1,dept_225_closure_2021-02-09,2021-01-30,2021-01,-1,0,0.5,95167|225|2021-02-09,0.4293778219928781,0.0
96414,225,2021-02-09,2021-02-18,10,treatment,1,0.5275364,1,dept_225_closure_2021-02-09,2021-01-30,2021-01,-1,0,0.1,96414|225|2021-02-09,-0.029506408007121898,0.0
96697,225,2021-02-09,2021-02-18,10,control,0,0.025866332,0,dept_225_closure_2021-02-09,2021-01-30,2021-01,-1,0,0.2,96697|225|2021-02-09,-0.5311764760071219,0.0
104528,225,2021-02-09,2021-02-18,10,control,0,0.5275139,1,dept_225_closure_2021-02-09,2021-01-30,2021-01,-1,0,0.1,104528|225|2021-02-09,-0.029528908007121935,0.0
104571,225,2021-02-09,2021-02-18,10,control,0,0.98588693,1,dept_225_closure_2021-02-09,2021-01-30,2021-01,-1,0,0.5,104571|225|2021-02-09,0.42884412199287814,0.0
104692,225,2021-02-09,2021-02-18,10,control,0,0.28391963,0,dept_225_closure_2021-02-09,2021-01-30,2021-01,-1,0,0.1,104692|225|2021-02-09,-0.27312317800712194,0.0
104922,225,2021-02-09,2021-02-18,10,control,0,0.5186152,1,dept_225_closure_2021-02-09,2021-01-30,2021-01,-1,0,0.3,104922|225|2021-02-09,-0.03842760800712186,0.0
106298,225,2021-02-09,2021-02-18,10,control,0,0.060432576,0,dept_225_closure_2021-02-09,2021-01-30,2021-01,-1,0,0.1,106298|225|2021-02-09,-0.4966102320071219,0.0
111416,225,2021-02-09,2021-02-18,10,treatment,1,0.069509014,0,dept_225_closure_2021-02-09,2021-01-30,2021-01,-1,0,0.1,111416|225|2021-02-09,-0.48753379400712193,0.0
112274,225,2021-02-09,2021-02-18,10,control,0,0.9381968,1,dept_225_closure_2021-02-09,2021-01-30,2021-01,-1,0,0.3,112274|225|2021-02-09,0.38115399199287814,0.0
112986,225,2021-02-09,2021-02-18,10,control,0,0.43461272,0,dept_225_closure_2021-02-09,2021-01-30,2021-01,-1,0,0.1,112986|225|2021-02-09,-0.1224300880071219,0.0
113871,225,2021-02-09,2021-02-18,10,control,0,0.7866077,1,dept_225_closure_2021-02-09,2021-01-30,2021-01,-1,0,0.3,113871|225|2021-02-09,0.2295648919928781,0.0
114555,225,2021-02-09,2021-02-18,10,control,0,0.103926405,0,dept_225_closure_2021-02-09,2021-01-30,2021-01,-1,0,0.1,114555|225|2021-02-09,-0.4531164030071219,0.0
114559,225,2021-02-09,2021-02-18,10,control,0,0.99483794,1,dept_225_closure_2021-02-09,2021-01-30,2021-01,-1,0,0.4,114559|225|2021-02-09,0.4377951319928781,0.0
115199,225,2021-02-09,2021-02-18,10,treatment,1,0.9845649,1,dept_225_closure_2021-02-09,2021-01-30,2021-01,-1,0,0.4,115199|225|2021-02-09,0.42752209199287805,0.0
115326,225,2021-02-09,2021-02-18,10,control,0,0.13118972,0,dept_225_closure_2021-02-09,2021-01-30,2021-01,-1,0,0.1,115326|225|2021-02-09,-0.4258530880071219,0.0
115535,225,2021-02-09,2021-02-18,10,control,0,0.9518152,1,dept_225_closure_2021-02-09,2021-01-30,2021-01,-1,0,0.4,115535|225|2021-02-09,0.39477239199287806,0.0
116937,225,2021-02-09,2021-02-18,10,treatment,1,0.22988378,0,dept_225_closure_2021-02-09,2021-01-30,2021-01,-1,0,0.1,116937|225|2021-02-09,-0.32715902800712193,0.0
117335,225,2021-02-09,2021-02-18,10,control,0,0.7447799,1,dept_225_closure_2021-02-09,2021-01-30,2021-01,-1,0,0.1,117335|225|2021-02-09,0.18773709199287814,0.0
119025,225,2021-02-09,2021-02-18,10,control,0,0.6071146,1,dept_225_closure_2021-02-09,2021-01-30,2021-01,-1,0,0.1,119025|225|2021-02-09,0.050071791992878034,0.0
119175,225,2021-02-09,2021-02-18,10,control,0,0.28744176,0,dept_225_closure_2021-02-09,2021-01-30,2021-01,-1,0,0.1,119175|225|2021-02-09,-0.2696010480071219,0.0
121010,225,2021-02-09,2021-02-18,10,control,0,0.2686608,0,dept_225_closure_2021-02-09,2021-01-30,2021-01,-1,0,0.1,121010|225|2021-02-09,-0.28838200800712194,0.0
121590,225,2021-02-09,2021-02-18,10,control,0,0.9802814,1,dept_225_closure_2021-02-09,2021-01-30,2021-01,-1,0,0.4,121590|225|2021-02-09,0.42323859199287805,0.0
121722,225,2021-02-09,2021-02-18,10,treatment,1,0.5416496,1,dept_225_closure_2021-02-09,2021-01-30,2021-01,-1,0,0.5,121722|225|2021-02-09,-0.015393208007121961,0.0
123270,225,2021-02-09,2021-02-18,10,control,0,0.82353306,1,dept_225_closure_2021-02-09,2021-01-30,2021-01,-1,0,0.1,123270|225|2021-02-09,0.2664902519928781,0.0
124613,225,2021-02-09,2021-02-18,10,control,0,0.78453153,1,dept_225_closure_2021-02-09,2021-01-30,2021-01,-1,0,0.1,124613|225|2021-02-09,0.22748872199287806,0.0
128896,225,2021-02-09,2021-02-18,10,control,0,0.2702459,0,dept_225_closure_2021-02-09,2021-01-30,2021-01,-1,0,0.1,128896|225|2021-02-09,-0.28679690800712193,0.0
129631,225,2021-02-09,2021-02-18,10,control,0,0.87201,1,dept_225_closure_2021-02-09,2021-01-30,2021-01,-1,0,0.1,129631|225|2021-02-09,0.31496719199287804,0.0
130615,225,2021-02-09,2021-02-18,10,control,0,0.49420547,0,dept_225_closure_2021-02-09,2021-01-30,2021-01,-1,0,0.1,130615|225|2021-02-09,-0.06283733800712193,0.0
131102,225,2021-02-09,2021-02-18,10,treatment,1,0.91136134,1,dept_225_closure_2021-02-09,2021-01-30,2021-01,-1,0,0.2,131102|225|2021-02-09,0.3543185319928781,0.0
131453,225,2021-02-09,2021-02-18,10,control,0,0.6490996,1,dept_225_closure_2021-02-09,2021-01-30,2021-01,-1,0,0.2,131453|225|2021-02-09,0.09205679199287808,0.0
132468,225,2021-02-09,2021-02-18,10,control,0,0.24907468,0,dept_225_closure_2021-02-09,2021-01-30,2021-01,-1,0,0.1,132468|225|2021-02-09,-0.3079681280071219,0.0
134444,225,2021-02-09,2021-02-18,10,treatment,1,0.66105175,1,dept_225_closure_2021-02-09,2021-01-30,2021-01,-1,0,0.1,134444|225|2021-02-09,0.10400894199287813,0.0
135292,225,2021-02-09,2021-02-18,10,treatment,1,0.9451208,1,dept_225_closure_2021-02-09,2021-01-30,2021-01,-1,0,0.3,135292|225|2021-02-09,0.38807799199287807,0.0
136496,225,2021-02-09,2021-02-18,10,control,0,0.43152484,0,dept_225_closure_2021-02-09,2021-01-30,2021-01,-1,0,0.1,136496|225|2021-02-09,-0.1255179680071219,0.0
136929,225,2021-02-09,2021-02-18,10,control,0,0.93452793,1,dept_225_closure_2021-02-09,2021-01-30,2021-01,-1,0,0.6,136929|225|2021-02-09,0.3774851219928781,0.0
137152,225,2021-02-09,2021-02-18,10,control,0,0.32510924,0,dept_225_closure_2021-02-09,2021-01-30,2021-01,-1,0,0.1,137152|225|2021-02-09,-0.2319335680071219,0.0
139380,225,2021-02-09,2021-02-18,10,control,0,0.99770504,1,dept_225_closure_2021-02-09,2021-01-30,2021-01,-1,0,0.6,139380|225|2021-02-09,0.44066223199287813,0.0
139997,225,2021-02-09,2021-02-18,10,control,0,0.49280056,0,dept_225_closure_2021-02-09,2021-01-30,2021-01,-1,0,0.1,139997|225|2021-02-09,-0.06424224800712192,0.0
140174,225,2021-02-09,2021-02-18,10,control,0,0.9339587,1,dept_225_closure_2021-02-09,2021-01-30,2021-01,-1,0,0.3,140174|225|2021-02-09,0.3769158919928781,0.0
140189,225,2021-02-09,2021-02-18,10,control,0,0.99497885,1,dept_225_closure_2021-02-09,2021-01-30,2021-01,-1,0,0.4,140189|225|2021-02-09,0.43793604199287806,0.0
141122,225,2021-02-09,2021-02-18,10,control,0,0.68625027,1,dept_225_closure_2021-02-09,2021-01-30,2021-01,-1,0,0.2,141122|225|2021-02-09,0.12920746199287814,0.0
141261,225,2021-02-09,2021-02-18,10,control,0,0.996579,1,dept_225_closure_2021-02-09,2021-01-30,2021-01,-1,0,0.6,141261|225|2021-02-09,0.4395361919928781,0.0
144064,225,2021-02-09,2021-02-18,10,control,0,0.09249806,0,dept_225_closure_2021-02-09,2021-01-30,2021-01,-1,0,0.1,144064|225|2021-02-09,-0.4645447480071219,0.0
146678,225,2021-02-09,2021-02-18,10,control,0,0.17388102,0,dept_225_closure_2021-02-09,2021-01-30,2021-01,-1,0,0.2,146678|225|2021-02-09,-0.3831617880071219,0.0
148355,225,2021-02-09,2021-02-18,10,treatment,1,0.17873272,0,dept_225_closure_2021-02-09,2021-01-30,2021-01,-1,0,0.2,148355|225|2021-02-09,-0.3783100880071219,0.0
149605,225,2021-02-09,2021-02-18,10,control,0,0.66756827,1,dept_225_closure_2021-02-09,2021-01-30,2021-01,-1,0,0.1,149605|225|2021-02-09,0.11052546199287805,0.0
149858,225,2021-02-09,2021-02-18,10,control,0,0.5513751,1,dept_225_closure_2021-02-09,2021-01-30,2021-01,-1,0,0.1,149858|225|2021-02-09,-0.005667708007121908,0.0
150721,225,2021-02-09,2021-02-18,10,control,0,0.4290937,0,dept_225_closure_2021-02-09,2021-01-30,2021-01,-1,0,0.2,150721|225|2021-02-09,-0.1279491080071219,0.0
152104,225,2021-02-09,2021-02-18,10,control,0,0.27722538,0,dept_225_closure_2021-02-09,2021-01-30,2021-01,-1,0,0.1,152104|225|2021-02-09,-0.2798174280071219,0.0
154812,225,2021-02-09,2021-02-18,10,control,0,0.024545906,0,dept_225_closure_2021-02-09,2021-01-30,2021-01,-1,0,0.1,154812|225|2021-02-09,-0.532496902007122,0.0
156408,225,2021-02-09,2021-02-18,10,control,0,0.06135893,0,dept_225_closure_2021-02-09,2021-01-30,2021-01,-1,0,0.1,156408|225|2021-02-09,-0.49568387800712194,0.0
157353,225,2021-02-09,2021-02-18,10,control,0,0.054554705,0,dept_225_closure_2021-02-09,2021-01-30,2021-01,-1,0,0.1,157353|225|2021-02-09,-0.5024881030071219,0.0
158587,225,2021-02-09,2021-02-18,10,control,0,0.16717811,0,dept_225_closure_2021-02-09,2021-01-30,2021-01,-1,0,0.1,158587|225|2021-02-09,-0.3898646980071219,0.0
159426,225,2021-02-09,2021-02-18,10,control,0,0.9888276,1,dept_225_closure_2021-02-09,2021-01-30,2021-01,-1,0,0.5,159426|225|2021-02-09,0.4317847919928781,0.0
160269,225,2021-02-09,2021-02-18,10,control,0,0.7384821,1,dept_225_closure_2021-02-09,2021-01-30,2021-01,-1,0,0.1,160269|225|2021-02-09,0.18143929199287812,0.0
161725,225,2021-02-09,2021-02-18,10,treatment,1,0.45389333,0,dept_225_closure_2021-02-09,2021-01-30,2021-01,-1,0,0.1,161725|225|2021-02-09,-0.10314947800712193,0.0
163448,225,2021-02-09,2021-02-18,10,control,0,0.5847298,1,dept_225_closure_2021-02-09,2021-01-30,2021-01,-1,0,0.2,163448|225|2021-02-09,0.02768699199287805,0.0
168489,225,2021-02-09,2021-02-18,10,control,0,0.3054672,0,dept_225_closure_2021-02-09,2021-01-30,2021-01,-1,0,0.1,168489|225|2021-02-09,-0.2515756080071219,0.0
170689,225,2021-02-09,2021-02-18,10,control,0,0.8717616,1,dept_225_closure_2021-02-09,2021-01-30,2021-01,-1,0,0.2,170689|225|2021-02-09,0.3147187919928781,0.0
170963,225,2021-02-09,2021-02-18,10,control,0,0.9097696,1,dept_225_closure_2021-02-09,2021-01-30,2021-01,-1,0,0.4,170963|225|2021-02-09,0.35272679199287804,0.0
170998,225,2021-02-09,2021-02-18,10,control,0,0.9982672,1,dept_225_closure_2021-02-09,2021-01-30,2021-01,-1,0,0.5,170998|225|2021-02-09,0.4412243919928781,0.0
172338,225,2021-02-09,2021-02-18,10,control,0,0.94404244,1,dept_225_closure_2021-02-09,2021-01-30,2021-01,-1,0,0.4,172338|225|2021-02-09,0.3869996319928781,0.0
172531,225,2021-02-09,2021-02-18,10,control,0,0.22820017,0,dept_225_closure_2021-02-09,2021-01-30,2021-01,-1,0,0.1,172531|225|2021-02-09,-0.3288426380071219,0.0
175025,225,2021-02-09,2021-02-18,10,control,0,0.39642844,0,dept_225_closure_2021-02-09,2021-01-30,2021-01,-1,0,0.1,175025|225|2021-02-09,-0.16061436800712192,0.0
177352,225,2021-02-09,2021-02-18,10,control,0,0.012363931,0,dept_225_closure_2021-02-09,2021-01-30,2021-01,-1,0,0.1,177352|225|2021-02-09,-0.5446788770071219,0.0
177848,225,2021-02-09,2021-02-18,10,control,0,0.26560098,0,dept_225_closure_2021-02-09,2021-01-30,2021-01,-1,0,0.2,177848|225|2021-02-09,-0.29144182800712193,0.0
179248,225,2021-02-09,2021-02-18,10,control,0,0.4933257,0,dept_225_closure_2021-02-09,2021-01-30,2021-01,-1,0,0.1,179248|225|2021-02-09,-0.06371710800712194,0.0
180666,225,2021-02-09,2021-02-18,10,control,0,0.15228039,0,dept_225_closure_2021-02-09,2021-01-30,2021-01,-1,0,0.1,180666|225|2021-02-09,-0.4047624180071219,0.0
181071,225,2021-02-09,2021-02-18,10,control,0,0.90928394,1,dept_225_closure_2021-02-09,2021-01-30,2021-01,-1,0,0.2,181071|225|2021-02-09,0.3522411319928781,0.0
184787,225,2021-02-09,2021-02-18,10,control,0,0.8334096,1,dept_225_closure_2021-02-09,2021-01-30,2021-01,-1,0,0.3,184787|225|2021-02-09,0.27636679199287806,0.0
186124,225,2021-02-09,2021-02-18,10,treatment,1,0.94084996,1,dept_225_closure_2021-02-09,2021-01-30,2021-01,-1,0,0.3,186124|225|2021-02-09,0.38380715199287807,0.0
187174,225,2021-02-09,2021-02-18,10,control,0,0.42895404,0,dept_225_closure_2021-02-09,2021-01-30,2021-01,-1,0,0.1,187174|225|2021-02-09,-0.12808876800712193,0.0
189086,225,2021-02-09,2021-02-18,10,control,0,0.32330012,0,dept_225_closure_2021-02-09,2021-01-30,2021-01,-1,0,0.1,189086|225|2021-02-09,-0.2337426880071219,0.0
189719,225,2021-02-09,2021-02-18,10,control,0,0.425074,0,dept_225_closure_2021-02-09,2021-01-30,2021-01,-1,0,0.3,189719|225|2021-02-09,-0.1319688080071219,0.0
194332,225,2021-02-09,2021-02-18,10,control,0,0.62658477,1,dept_225_closure_2021-02-09,2021-01-30,2021-01,-1,0,0.1,194332|225|2021-02-09,0.0695419619928781,0.0
195383,225,2021-02-09,2021-02-18,10,control,0,0.8553834,1,dept_225_closure_2021-02-09,2021-01-30,2021-01,-1,0,0.2,195383|225|2021-02-09,0.2983405919928781,0.0
195662,225,2021-02-09,2021-02-18,10,control,0,0.849924,1,dept_225_closure_2021-02-09,2021-01-30,2021-01,-1,0,0.5,195662|225|2021-02-09,0.2928811919928781,0.0
197268,225,2021-02-09,2021-02-18,10,control,0,0.03983477,0,dept_225_closure_2021-02-09,2021-01-30,2021-01,-1,0,0.1,197268|225|2021-02-09,-0.5172080380071219,0.0
201662,225,2021-02-09,2021-02-18,10,control,0,0.96532935,1,dept_225_closure_2021-02-09,2021-01-30,2021-01,-1,0,0.3,201662|225|2021-02-09,0.40828654199287806,0.0
201707,225,2021-02-09,2021-02-18,10,control,0,0.99219394,1,dept_225_closure_2021-02-09,2021-01-30,2021-01,-1,0,0.2,201707|225|2021-02-09,0.43515113199287814,0.0
201773,225,2021-02-09,2021-02-18,10,control,0,0.27926448,0,dept_225_closure_2021-02-09,2021-01-30,2021-01,-1,0,0.1,201773|225|2021-02-09,-0.27777832800712193,0.0
203040,225,2021-02-09,2021-02-18,10,control,0,0.63117754,1,dept_225_closure_2021-02-09,2021-01-30,2021-01,-1,0,0.1,203040|225|2021-02-09,0.07413473199287812,0.0
205446,225,2021-02-09,2021-02-18,10,control,0,0.5259462,1,dept_225_closure_2021-02-09,2021-01-30,2021-01,-1,0,0.2,205446|225|2021-02-09,-0.031096608007121884,0.0
206370,225,2021-02-09,2021-02-18,10,control,0,0.20877051,0,dept_225_closure_2021-02-09,2021-01-30,2021-01,-1,0,0.1,206370|225|2021-02-09,-0.3482722980071219,0.0
206748,225,2021-02-09,2021-02-18,10,control,0,0.6869173,1,dept_225_closure_2021-02-09,2021-01-30,2021-01,-1,0,0.1,206748|225|2021-02-09,0.12987449199287804,0.0
206820,225,2021-02-09,2021-02-18,10,control,0,0.5056104,1,dept_225_closure_2021-02-09,2021-01-30,2021-01,-1,0,0.1,206820|225|2021-02-09,-0.0514324080071219,0.0
206904,225,2021-02-09,2021-02-18,10,control,0,0.9530811,1,dept_225_closure_2021-02-09,2021-01-30,2021-01,-1,0,0.3,206904|225|2021-02-09,0.3960382919928781,0.0
207447,225,2021-02-09,2021-02-18,10,control,0,0.34226012,0,dept_225_closure_2021-02-09,2021-01-30,2021-01,-1,0,0.1,207447|225|2021-02-09,-0.2147826880071219,0.0
208009,225,2021-02-09,2021-02-18,10,control,0,0.97873425,1,dept_225_closure_2021-02-09,2021-01-30,2021-01,-1,0,0.2,208009|225|2021-02-09,0.4216914419928781,0.0
208524,225,2021-02-09,2021-02-18,10,control,0,0.8358825,1,dept_225_closure_2021-02-09,2021-01-30,2021-01,-1,0,0.3,208524|225|2021-02-09,0.27883969199287806,0.0
208745,225,2021-02-09,2021-02-18,10,control,0,0.99224687,1,dept_225_closure_2021-02-09,2021-01-30,2021-01,-1,0,0.7,208745|225|2021-02-09,0.4352040619928781,0.0
211176,225,2021-02-09,2021-02-18,10,control,0,0.6357622,1,dept_225_closure_2021-02-09,2021-01-30,2021-01,-1,0,0.2,211176|225|2021-02-09,0.07871939199287814,0.0
213773,225,2021-02-09,2021-02-18,10,control,0,0.7876915,1,dept_225_closure_2021-02-09,2021-01-30,2021-01,-1,0,0.1,213773|225|2021-02-09,0.23064869199287807,0.0
214084,225,2021-02-09,2021-02-18,10,treatment,1,0.861025,1,dept_225_closure_2021-02-09,2021-01-30,2021-01,-1,0,0.1,214084|225|2021-02-09,0.3039821919928781,0.0
215495,225,2021-02-09,2021-02-18,10,control,0,0.953905,1,dept_225_closure_2021-02-09,2021-01-30,2021-01,-1,0,0.2,215495|225|2021-02-09,0.3968621919928781,0.0
217435,225,2021-02-09,2021-02-18,10,control,0,0.4251149,0,dept_225_closure_2021-02-09,2021-01-30,2021-01,-1,0,0.1,217435|225|2021-02-09,-0.1319279080071219,0.0
217935,225,2021-02-09,2021-02-18,10,control,0,0.050150763,0,dept_225_closure_2021-02-09,2021-01-30,2021-01,-1,0,0.1,217935|225|2021-02-09,-0.5068920450071219,0.0
218655,225,2021-02-09,2021-02-18,10,control,0,0.9413818,1,dept_225_closure_2021-02-09,2021-01-30,2021-01,-1,0,0.3,218655|225|2021-02-09,0.38433899199287813,0.0
218845,225,2021-02-09,2021-02-18,10,control,0,0.62621844,1,dept_225_closure_2021-02-09,2021-01-30,2021-01,-1,0,0.1,218845|225|2021-02-09,0.06917563199287813,0.0
219180,225,2021-02-09,2021-02-18,10,treatment,1,0.9961695,1,dept_225_closure_2021-02-09,2021-01-30,2021-01,-1,0,0.5,219180|225|2021-02-09,0.4391266919928781,0.0
219890,225,2021-02-09,2021-02-18,10,control,0,0.23822242,0,dept_225_closure_2021-02-09,2021-01-30,2021-01,-1,0,0.1,219890|225|2021-02-09,-0.3188203880071219,0.0
220166,225,2021-02-09,2021-02-18,10,control,0,0.0636071,0,dept_225_closure_2021-02-09,2021-01-30,2021-01,-1,0,0.1,220166|225|2021-02-09,-0.4934357080071219,0.0
220625,225,2021-02-09,2021-02-18,10,control,0,0.43232545,0,dept_225_closure_2021-02-09,2021-01-30,2021-01,-1,0,0.1,220625|225|2021-02-09,-0.12471735800712191,0.0
224945,225,2021-02-09,2021-02-18,10,treatment,1,0.38563815,0,dept_225_closure_2021-02-09,2021-01-30,2021-01,-1,0,0.2,224945|225|2021-02-09,-0.1714046580071219,0.0
225305,225,2021-02-09,2021-02-18,10,treatment,1,0.22633466,0,dept_225_closure_2021-02-09,2021-01-30,2021-01,-1,0,0.1,225305|225|2021-02-09,-0.3307081480071219,0.0
228616,225,2021-02-09,2021-02-18,10,control,0,0.34855863,0,dept_225_closure_2021-02-09,2021-01-30,2021-01,-1,0,0.1,228616|225|2021-02-09,-0.20848417800712193,0.0
228853,225,2021-02-09,2021-02-18,10,control,0,0.70645857,1,dept_225_closure_2021-02-09,2021-01-30,2021-01,-1,0,0.1,228853|225|2021-02-09,0.1494157619928781,0.0
229849,225,2021-02-09,2021-02-18,10,control,0,0.99606764,1,dept_225_closure_2021-02-09,2021-01-30,2021-01,-1,0,0.6,229849|225|2021-02-09,0.4390248319928781,0.0
230388,225,2021-02-09,2021-02-18,10,control,0,0.1738227,0,dept_225_closure_2021-02-09,2021-01-30,2021-01,-1,0,0.1,230388|225|2021-02-09,-0.3832201080071219,0.0
230407,225,2021-02-09,2021-02-18,10,control,0,0.79603475,1,dept_225_closure_2021-02-09,2021-01-30,2021-01,-1,0,0.1,230407|225|2021-02-09,0.2389919419928781,0.0
231902,225,2021-02-09,2021-02-18,10,control,0,0.9874134,1,dept_225_closure_2021-02-09,2021-01-30,2021-01,-1,0,0.4,231902|225|2021-02-09,0.4303705919928781,0.0
233275,225,2021-02-09,2021-02-18,10,control,0,0.57958674,1,dept_225_closure_2021-02-09,2021-01-30,2021-01,-1,0,0.1,233275|225|2021-02-09,0.022543931992878075,0.0
234862,225,2021-02-09,2021-02-18,10,control,0,0.39663664,0,dept_225_closure_2021-02-09,2021-01-30,2021-01,-1,0,0.1,234862|225|2021-02-09,-0.16040616800712193,0.0
235691,225,2021-02-09,2021-02-18,10,control,0,0.94813615,1,dept_225_closure_2021-02-09,2021-01-30,2021-01,-1,0,0.1,235691|225|2021-02-09,0.39109334199287804,0.0
237536,225,2021-02-09,2021-02-18,10,control,0,0.34888518,0,dept_225_closure_2021-02-09,2021-01-30,2021-01,-1,0,0.1,237536|225|2021-02-09,-0.2081576280071219,0.0
237750,225,2021-02-09,2021-02-18,10,control,0,0.95692825,1,dept_225_closure_2021-02-09,2021-01-30,2021-01,-1,0,0.3,237750|225|2021-02-09,0.3998854419928781,0.0
239422,225,2021-02-09,2021-02-18,10,control,0,0.7698608,1,dept_225_closure_2021-02-09,2021-01-30,2021-01,-1,0,0.1,239422|225|2021-02-09,0.2128179919928781,0.0
241420,225,2021-02-09,2021-02-18,10,control,0,0.9988871,1,dept_225_closure_2021-02-09,2021-01-30,2021-01,-1,0,0.7,241420|225|2021-02-09,0.4418442919928781,0.0
243726,225,2021-02-09,2021-02-18,10,control,0,0.6828458,1,dept_225_closure_2021-02-09,2021-01-30,2021-01,-1,0,0.1,243726|225|2021-02-09,0.12580299199287803,0.0
244643,225,2021-02-09,2021-02-18,10,control,0,0.9442424,1,dept_225_closure_2021-02-09,2021-01-30,2021-01,-1,0,0.2,244643|225|2021-02-09,0.3871995919928781,0.0
246087,225,2021-02-09,2021-02-18,10,control,0,0.9979746,1,dept_225_closure_2021-02-09,2021-01-30,2021-01,-1,0,0.6,246087|225|2021-02-09,0.44093179199287813,0.0
246226,225,2021-02-09,2021-02-18,10,control,0,0.060403388,0,dept_225_closure_2021-02-09,2021-01-30,2021-01,-1,0,0.1,246226|225|2021-02-09,-0.4966394200071219,0.0
249174,225,2021-02-09,2021-02-18,10,treatment,1,0.95790577,1,dept_225_closure_2021-02-09,2021-01-30,2021-01,-1,0,0.4,249174|225|2021-02-09,0.4008629619928781,0.0
249701,225,2021-02-09,2021-02-18,10,control,0,0.5075647,1,dept_225_closure_2021-02-09,2021-01-30,2021-01,-1,0,0.2,249701|225|2021-02-09,-0.049478108007121935,0.0
249960,225,2021-02-09,2021-02-18,10,control,0,0.45441312,0,dept_225_closure_2021-02-09,2021-01-30,2021-01,-1,0,0.1,249960|225|2021-02-09,-0.10262968800712191,0.0
254286,225,2021-02-09,2021-02-18,10,control,0,0.9327924,1,dept_225_closure_2021-02-09,2021-01-30,2021-01,-1,0,0.4,254286|225|2021-02-09,0.37574959199287805,0.0
255074,225,2021-02-09,2021-02-18,10,control,0,0.9490253,1,dept_225_closure_2021-02-09,2021-01-30,2021-01,-1,0,0.3,255074|225|2021-02-09,0.39198249199287805,0.0
258819,225,2021-02-09,2021-02-18,10,control,0,0.9568416,1,dept_225_closure_2021-02-09,2021-01-30,2021-01,-1,0,0.4,258819|225|2021-02-09,0.39979879199287804,0.0
266781,225,2021-02-09,2021-02-18,10,control,0,0.64680547,1,dept_225_closure_2021-02-09,2021-01-30,2021-01,-1,0,0.1,266781|225|2021-02-09,0.08976266199287808,0.0
267832,225,2021-02-09,2021-02-18,10,control,0,0.008410257,0,dept_225_closure_2021-02-09,2021-01-30,2021-01,-1,0,0.1,267832|225|2021-02-09,-0.5486325510071219,0.0
267860,225,2021-02-09,2021-02-18,10,control,0,0.85143113,1,dept_225_closure_2021-02-09,2021-01-30,2021-01,-1,0,0.1,267860|225|2021-02-09,0.2943883219928781,0.0
268666,225,2021-02-09,2021-02-18,10,control,0,0.07243374,0,dept_225_closure_2021-02-09,2021-01-30,2021-01,-1,0,0.1,268666|225|2021-02-09,-0.4846090680071219,0.0
269348,225,2021-02-09,2021-02-18,10,control,0,0.4435719,0,dept_225_closure_2021-02-09,2021-01-30,2021-01,-1,0,0.1,269348|225|2021-02-09,-0.1134709080071219,0.0
272062,225,2021-02-09,2021-02-18,10,control,0,0.3328512,0,dept_225_closure_2021-02-09,2021-01-30,2021-01,-1,0,0.2,272062|225|2021-02-09,-0.2241916080071219,0.0
272822,225,2021-02-09,2021-02-18,10,control,0,0.54888946,1,dept_225_closure_2021-02-09,2021-01-30,2021-01,-1,0,0.1,272822|225|2021-02-09,-0.008153348007121863,0.0
272830,225,2021-02-09,2021-02-18,10,treatment,1,0.65420413,1,dept_225_closure_2021-02-09,2021-01-30,2021-01,-1,0,0.1,272830|225|2021-02-09,0.09716132199287808,0.0
275594,225,2021-02-09,2021-02-18,10,control,0,0.61326,1,dept_225_closure_2021-02-09,2021-01-30,2021-01,-1,0,0.1,275594|225|2021-02-09,0.05621719199287811,0.0
276205,225,2021-02-09,2021-02-18,10,control,0,0.81832045,1,dept_225_closure_2021-02-09,2021-01-30,2021-01,-1,0,0.2,276205|225|2021-02-09,0.26127764199287806,0.0
280554,225,2021-02-09,2021-02-18,10,control,0,0.98874027,1,dept_225_closure_2021-02-09,2021-01-30,2021-01,-1,0,0.5,280554|225|2021-02-09,0.43169746199287806,0.0
281330,225,2021-02-09,2021-02-18,10,control,0,0.4121877,0,dept_225_closure_2021-02-09,2021-01-30,2021-01,-1,0,0.1,281330|225|2021-02-09,-0.14485510800712192,0.0
283074,225,2021-02-09,2021-02-18,10,control,0,0.47065625,0,dept_225_closure_2021-02-09,2021-01-30,2021-01,-1,0,0.1,283074|225|2021-02-09,-0.08638655800712192,0.0
283799,225,2021-02-09,2021-02-18,10,control,0,0.6180678,1,dept_225_closure_2021-02-09,2021-01-30,2021-01,-1,0,0.1,283799|225|2021-02-09,0.06102499199287803,0.0
284197,225,2021-02-09,2021-02-18,10,control,0,0.7610978,1,dept_225_closure_2021-02-09,2021-01-30,2021-01,-1,0,0.2,284197|225|2021-02-09,0.20405499199287813,0.0
284776,225,2021-02-09,2021-02-18,10,control,0,0.9613688,1,dept_225_closure_2021-02-09,2021-01-30,2021-01,-1,0,0.4,284776|225|2021-02-09,0.4043259919928781,0.0
286210,225,2021-02-09,2021-02-18,10,control,0,0.9975388,1,dept_225_closure_2021-02-09,2021-01-30,2021-01,-1,0,0.7,286210|225|2021-02-09,0.44049599199287803,0.0
287322,225,2021-02-09,2021-02-18,10,control,0,0.16299362,0,dept_225_closure_2021-02-09,2021-01-30,2021-01,-1,0,0.1,287322|225|2021-02-09,-0.3940491880071219,0.0
287375,225,2021-02-09,2021-02-18,10,control,0,0.6322628,1,dept_225_closure_2021-02-09,2021-01-30,2021-01,-1,0,0.3,287375|225|2021-02-09,0.0752199919928781,0.0
287863,225,2021-02-09,2021-02-18,10,control,0,0.98850876,1,dept_225_closure_2021-02-09,2021-01-30,2021-01,-1,0,0.3,287863|225|2021-02-09,0.43146595199287807,0.0
291356,225,2021-02-09,2021-02-18,10,control,0,0.815014,1,dept_225_closure_2021-02-09,2021-01-30,2021-01,-1,0,0.2,291356|225|2021-02-09,0.2579711919928781,0.0
291888,225,2021-02-09,2021-02-18,10,control,0,0.3402261,0,dept_225_closure_2021-02-09,2021-01-30,2021-01,-1,0,0.3,291888|225|2021-02-09,-0.21681670800712194,0.0
300800,225,2021-02-09,2021-02-18,10,control,0,0.9581977,1,dept_225_closure_2021-02-09,2021-01-30,2021-01,-1,0,0.3,300800|225|2021-02-09,0.4011548919928781,0.0
301618,225,2021-02-09,2021-02-18,10,control,0,0.7646375,1,dept_225_closure_2021-02-09,2021-01-30,2021-01,-1,0,0.7,301618|225|2021-02-09,0.20759469199287806,0.0
303017,225,2021-02-09,2021-02-18,10,control,0,0.90142965,1,dept_225_closure_2021-02-09,2021-01-30,2021-01,-1,0,0.2,303017|225|2021-02-09,0.34438684199287806,0.0
304311,225,2021-02-09,2021-02-18,10,control,0,0.25986248,0,dept_225_closure_2021-02-09,2021-01-30,2021-01,-1,0,0.1,304311|225|2021-02-09,-0.2971803280071219,0.0
306819,225,2021-02-09,2021-02-18,10,control,0,0.84821045,1,dept_225_closure_2021-02-09,2021-01-30,2021-01,-1,0,0.2,306819|225|2021-02-09,0.29116764199287803,0.0
307045,225,2021-02-09,2021-02-18,10,control,0,0.6588814,1,dept_225_closure_2021-02-09,2021-01-30,2021-01,-1,0,0.2,307045|225|2021-02-09,0.10183859199287804,0.0
308765,225,2021-02-09,2021-02-18,10,control,0,0.24936,0,dept_225_closure_2021-02-09,2021-01-30,2021-01,-1,0,0.1,308765|225|2021-02-09,-0.3076828080071219,0.0
309225,225,2021-02-09,2021-02-18,10,treatment,1,0.1776764,0,dept_225_closure_2021-02-09,2021-01-30,2021-01,-1,0,0.1,309225|225|2021-02-09,-0.3793664080071219,0.0
309425,225,2021-02-09,2021-02-18,10,treatment,1,0.06610407,0,dept_225_closure_2021-02-09,2021-01-30,2021-01,-1,0,0.1,309425|225|2021-02-09,-0.4909387380071219,0.0
311745,225,2021-02-09,2021-02-18,10,treatment,1,0.021281237,0,dept_225_closure_2021-02-09,2021-01-30,2021-01,-1,0,0.1,311745|225|2021-02-09,-0.535761571007122,0.0
313203,225,2021-02-09,2021-02-18,10,control,0,0.25599334,0,dept_225_closure_2021-02-09,2021-01-30,2021-01,-1,0,0.1,313203|225|2021-02-09,-0.3010494680071219,0.0
315451,225,2021-02-09,2021-02-18,10,control,0,0.9705118,1,dept_225_closure_2021-02-09,2021-01-30,2021-01,-1,0,0.4,315451|225|2021-02-09,0.4134689919928781,0.0
315647,225,2021-02-09,2021-02-18,10,control,0,0.3782344,0,dept_225_closure_2021-02-09,2021-01-30,2021-01,-1,0,0.1,315647|225|2021-02-09,-0.1788084080071219,0.0
315732,225,2021-02-09,2021-02-18,10,control,0,0.8427103,1,dept_225_closure_2021-02-09,2021-01-30,2021-01,-1,0,0.4,315732|225|2021-02-09,0.2856674919928781,0.0
317843,225,2021-02-09,2021-02-18,10,control,0,0.98815453,1,dept_225_closure_2021-02-09,2021-01-30,2021-01,-1,0,0.1,317843|225|2021-02-09,0.43111172199287806,0.0
318667,225,2021-02-09,2021-02-18,10,control,0,0.9570408,1,dept_225_closure_2021-02-09,2021-01-30,2021-01,-1,0,0.3,318667|225|2021-02-09,0.3999979919928781,0.0
319054,225,2021-02-09,2021-02-18,10,control,0,0.04163035,0,dept_225_closure_2021-02-09,2021-01-30,2021-01,-1,0,0.1,319054|225|2021-02-09,-0.5154124580071219,0.0
321167,225,2021-02-09,2021-02-18,10,control,0,0.82681614,1,dept_225_closure_2021-02-09,2021-01-30,2021-01,-1,0,0.3,321167|225|2021-02-09,0.2697733319928781,0.0
321263,225,2021-02-09,2021-02-18,10,treatment,1,0.5256569,1,dept_225_closure_2021-02-09,2021-01-30,2021-01,-1,0,0.1,321263|225|2021-02-09,-0.03138590800712193,0.0
321709,225,2021-02-09,2021-02-18,10,control,0,0.53771627,1,dept_225_closure_2021-02-09,2021-01-30,2021-01,-1,0,0.1,321709|225|2021-02-09,-0.01932653800712192,0.0
321846,225,2021-02-09,2021-02-18,10,control,0,0.9958906,1,dept_225_closure_2021-02-09,2021-01-30,2021-01,-1,0,0.5,321846|225|2021-02-09,0.43884779199287804,0.0
322570,225,2021-02-09,2021-02-18,10,control,0,0.4746458,0,dept_225_closure_2021-02-09,2021-01-30,2021-01,-1,0,0.1,322570|225|2021-02-09,-0.08239700800712191,0.0
323053,225,2021-02-09,2021-02-18,10,control,0,0.23941047,0,dept_225_closure_2021-02-09,2021-01-30,2021-01,-1,0,0.1,323053|225|2021-02-09,-0.31763233800712193,0.0
324836,225,2021-02-09,2021-02-18,10,control,0,0.74630404,1,dept_225_closure_2021-02-09,2021-01-30,2021-01,-1,0,0.2,324836|225|2021-02-09,0.18926123199287803,0.0
325434,225,2021-02-09,2021-02-18,10,control,0,0.2890141,0,dept_225_closure_2021-02-09,2021-01-30,2021-01,-1,0,0.1,325434|225|2021-02-09,-0.2680287080071219,0.0
325633,225,2021-02-09,2021-02-18,10,control,0,0.35559046,0,dept_225_closure_2021-02-09,2021-01-30,2021-01,-1,0,0.1,325633|225|2021-02-09,-0.20145234800712192,0.0
326293,225,2021-02-09,2021-02-18,10,control,0,0.09546325,0,dept_225_closure_2021-02-09,2021-01-30,2021-01,-1,0,0.1,326293|225|2021-02-09,-0.4615795580071219,0.0
326796,225,2021-02-09,2021-02-18,10,control,0,0.9852455,1,dept_225_closure_2021-02-09,2021-01-30,2021-01,-1,0,0.5,326796|225|2021-02-09,0.4282026919928781,0.0
328999,225,2021-02-09,2021-02-18,10,control,0,0.117217064,0,dept_225_closure_2021-02-09,2021-01-30,2021-01,-1,0,0.3,328999|225|2021-02-09,-0.43982574400712193,0.0
329476,225,2021-02-09,2021-02-18,10,control,0,0.0917978,0,dept_225_closure_2021-02-09,2021-01-30,2021-01,-1,0,0.1,329476|225|2021-02-09,-0.46524500800712193,0.0
329951,225,2021-02-09,2021-02-18,10,treatment,1,0.39544433,0,dept_225_closure_2021-02-09,2021-01-30,2021-01,-1,0,0.2,329951|225|2021-02-09,-0.1615984780071219,0.0
331130,225,2021-02-09,2021-02-18,10,control,0,0.14147724,0,dept_225_closure_2021-02-09,2021-01-30,2021-01,-1,0,0.1,331130|225|2021-02-09,-0.4155655680071219,0.0
331900,225,2021-02-09,2021-02-18,10,control,0,0.48254243,0,dept_225_closure_2021-02-09,2021-01-30,2021-01,-1,0,0.1,331900|225|2021-02-09,-0.07450037800712189,0.0
332741,225,2021-02-09,2021-02-18,10,control,0,0.69679976,1,dept_225_closure_2021-02-09,2021-01-30,2021-01,-1,0,0.2,332741|225|2021-02-09,0.13975695199287808,0.0
335610,225,2021-02-09,2021-02-18,10,control,0,0.6019868,1,dept_225_closure_2021-02-09,2021-01-30,2021-01,-1,0,0.1,335610|225|2021-02-09,0.04494399199287813,0.0
337373,225,2021-02-09,2021-02-18,10,treatment,1,0.7045855,1,dept_225_closure_2021-02-09,2021-01-30,2021-01,-1,0,0.2,337373|225|2021-02-09,0.14754269199287806,0.0
337995,225,2021-02-09,2021-02-18,10,treatment,1,0.25375792,0,dept_225_closure_2021-02-09,2021-01-30,2021-01,-1,0,0.2,337995|225|2021-02-09,-0.3032848880071219,0.0
338590,225,2021-02-09,2021-02-18,10,control,0,0.12135875,0,dept_225_closure_2021-02-09,2021-01-30,2021-01,-1,0,0.1,338590|225|2021-02-09,-0.4356840580071219,0.0
340681,225,2021-02-09,2021-02-18,10,control,0,0.0892653,0,dept_225_closure_2021-02-09,2021-01-30,2021-01,-1,0,0.1,340681|225|2021-02-09,-0.4677775080071219,0.0
346633,225,2021-02-09,2021-02-18,10,control,0,0.634922,1,dept_225_closure_2021-02-09,2021-01-30,2021-01,-1,0,0.2,346633|225|2021-02-09,0.07787919199287807,0.0
346829,225,2021-02-09,2021-02-18,10,control,0,0.6967923,1,dept_225_closure_2021-02-09,2021-01-30,2021-01,-1,0,0.1,346829|225|2021-02-09,0.13974949199287812,0.0
347007,225,2021-02-09,2021-02-18,10,treatment,1,0.9279068,1,dept_225_closure_2021-02-09,2021-01-30,2021-01,-1,0,0.2,347007|225|2021-02-09,0.3708639919928781,0.0
348194,225,2021-02-09,2021-02-18,10,control,0,0.9463242,1,dept_225_closure_2021-02-09,2021-01-30,2021-01,-1,0,0.2,348194|225|2021-02-09,0.38928139199287803,0.0
348223,225,2021-02-09,2021-02-18,10,control,0,0.9166912,1,dept_225_closure_2021-02-09,2021-01-30,2021-01,-1,0,0.2,348223|225|2021-02-09,0.3596483919928781,0.0
349263,225,2021-02-09,2021-02-18,10,treatment,1,0.67589456,1,dept_225_closure_2021-02-09,2021-01-30,2021-01,-1,0,0.1,349263|225|2021-02-09,0.11885175199287812,0.0
349947,225,2021-02-09,2021-02-18,10,control,0,0.3566129,0,dept_225_closure_2021-02-09,2021-01-30,2021-01,-1,0,0.1,349947|225|2021-02-09,-0.2004299080071219,0.0
350836,225,2021-02-09,2021-02-18,10,control,0,0.9993635,1,dept_225_closure_2021-02-09,2021-01-30,2021-01,-1,0,1.0,350836|225|2021-02-09,0.44232069199287805,0.0
355020,225,2021-02-09,2021-02-18,10,control,0,0.35674804,0,dept_225_closure_2021-02-09,2021-01-30,2021-01,-1,0,0.2,355020|225|2021-02-09,-0.20029476800712193,0.0
355506,225,2021-02-09,2021-02-18,10,treatment,1,0.7604829,1,dept_225_closure_2021-02-09,2021-01-30,2021-01,-1,0,0.2,355506|225|2021-02-09,0.20344009199287805,0.0
355559,225,2021-02-09,2021-02-18,10,control,0,0.9997812,1,dept_225_closure_2021-02-09,2021-01-30,2021-01,-1,0,0.6,355559|225|2021-02-09,0.4427383919928781,0.0
356801,225,2021-02-09,2021-02-18,10,control,0,0.39246687,0,dept_225_closure_2021-02-09,2021-01-30,2021-01,-1,0,0.2,356801|225|2021-02-09,-0.1645759380071219,0.0
358354,225,2021-02-09,2021-02-18,10,control,0,0.3476285,0,dept_225_closure_2021-02-09,2021-01-30,2021-01,-1,0,0.2,358354|225|2021-02-09,-0.2094143080071219,0.0
358508,225,2021-02-09,2021-02-18,10,treatment,1,0.98895127,1,dept_225_closure_2021-02-09,2021-01-30,2021-01,-1,0,0.6,358508|225|2021-02-09,0.43190846199287813,0.0
359557,225,2021-02-09,2021-02-18,10,treatment,1,0.43182382,0,dept_225_closure_2021-02-09,2021-01-30,2021-01,-1,0,0.1,359557|225|2021-02-09,-0.1252189880071219,0.0
361866,225,2021-02-09,2021-02-18,10,control,0,0.2885477,0,dept_225_closure_2021-02-09,2021-01-30,2021-01,-1,0,0.1,361866|225|2021-02-09,-0.2684951080071219,0.0
362157,225,2021-02-09,2021-02-18,10,control,0,0.6285289,1,dept_225_closure_2021-02-09,2021-01-30,2021-01,-1,0,0.2,362157|225|2021-02-09,0.07148609199287803,0.0
362647,225,2021-02-09,2021-02-18,10,control,0,0.97810817,1,dept_225_closure_2021-02-09,2021-01-30,2021-01,-1,0,0.3,362647|225|2021-02-09,0.42106536199287814,0.0
363917,225,2021-02-09,2021-02-18,10,control,0,0.14968768,0,dept_225_closure_2021-02-09,2021-01-30,2021-01,-1,0,0.1,363917|225|2021-02-09,-0.4073551280071219,0.0
365981,225,2021-02-09,2021-02-18,10,control,0,0.78223735,1,dept_225_closure_2021-02-09,2021-01-30,2021-01,-1,0,0.1,365981|225|2021-02-09,0.22519454199287814,0.0
366967,225,2021-02-09,2021-02-18,10,control,0,0.8748402,1,dept_225_closure_2021-02-09,2021-01-30,2021-01,-1,0,0.3,366967|225|2021-02-09,0.31779739199287804,0.0
367111,225,2021-02-09,2021-02-18,10,control,0,0.135889,0,dept_225_closure_2021-02-09,2021-01-30,2021-01,-1,0,0.1,367111|225|2021-02-09,-0.4211538080071219,0.0
367562,225,2021-02-09,2021-02-18,10,control,0,0.44473973,0,dept_225_closure_2021-02-09,2021-01-30,2021-01,-1,0,0.1,367562|225|2021-02-09,-0.11230307800712191,0.0
368245,225,2021-02-09,2021-02-18,10,treatment,1,0.74348015,1,dept_225_closure_2021-02-09,2021-01-30,2021-01,-1,0,0.1,368245|225|2021-02-09,0.1864373419928781,0.0
370655,225,2021-02-09,2021-02-18,10,control,0,0.95070106,1,dept_225_closure_2021-02-09,2021-01-30,2021-01,-1,0,0.1,370655|225|2021-02-09,0.39365825199287807,0.0
370948,225,2021-02-09,2021-02-18,10,control,0,0.47814432,0,dept_225_closure_2021-02-09,2021-01-30,2021-01,-1,0,0.1,370948|225|2021-02-09,-0.0788984880071219,0.0
373453,225,2021-02-09,2021-02-18,10,control,0,0.12594806,0,dept_225_closure_2021-02-09,2021-01-30,2021-01,-1,0,0.1,373453|225|2021-02-09,-0.4310947480071219,0.0
374365,225,2021-02-09,2021-02-18,10,control,0,0.16299587,0,dept_225_closure_2021-02-09,2021-01-30,2021-01,-1,0,0.1,374365|225|2021-02-09,-0.3940469380071219,0.0
376317,225,2021-02-09,2021-02-18,10,treatment,1,0.3172194,0,dept_225_closure_2021-02-09,2021-01-30,2021-01,-1,0,0.1,376317|225|2021-02-09,-0.23982340800712193,0.0
378384,225,2021-02-09,2021-02-18,10,control,0,0.9768808,1,dept_225_closure_2021-02-09,2021-01-30,2021-01,-1,0,0.4,378384|225|2021-02-09,0.4198379919928781,0.0
381219,225,2021-02-09,2021-02-18,10,control,0,0.8107899,1,dept_225_closure_2021-02-09,2021-01-30,2021-01,-1,0,0.1,381219|225|2021-02-09,0.25374709199287804,0.0
382479,225,2021-02-09,2021-02-18,10,control,0,0.49913758,0,dept_225_closure_2021-02-09,2021-01-30,2021-01,-1,0,0.2,382479|225|2021-02-09,-0.05790522800712189,0.0
382655,225,2021-02-09,2021-02-18,10,control,0,0.48623624,0,dept_225_closure_2021-02-09,2021-01-30,2021-01,-1,0,0.1,382655|225|2021-02-09,-0.07080656800712193,0.0
382771,225,2021-02-09,2021-02-18,10,treatment,1,0.8868053,1,dept_225_closure_2021-02-09,2021-01-30,2021-01,-1,0,0.2,382771|225|2021-02-09,0.3297624919928781,0.0
386353,225,2021-02-09,2021-02-18,10,control,0,0.44928175,0,dept_225_closure_2021-02-09,2021-01-30,2021-01,-1,0,0.1,386353|225|2021-02-09,-0.10776105800712193,0.0
386934,225,2021-02-09,2021-02-18,10,control,0,0.88146484,1,dept_225_closure_2021-02-09,2021-01-30,2021-01,-1,0,0.4,386934|225|2021-02-09,0.3244220319928781,0.0
387595,225,2021-02-09,2021-02-18,10,control,0,0.91805726,1,dept_225_closure_2021-02-09,2021-01-30,2021-01,-1,0,0.1,387595|225|2021-02-09,0.36101445199287807,0.0
388363,225,2021-02-09,2021-02-18,10,control,0,0.9731699,1,dept_225_closure_2021-02-09,2021-01-30,2021-01,-1,0,0.4,388363|225|2021-02-09,0.4161270919928781,0.0
390747,225,2021-02-09,2021-02-18,10,control,0,0.10827,0,dept_225_closure_2021-02-09,2021-01-30,2021-01,-1,0,0.1,390747|225|2021-02-09,-0.44877280800712194,0.0
391275,225,2021-02-09,2021-02-18,10,control,0,0.1237231,0,dept_225_closure_2021-02-09,2021-01-30,2021-01,-1,0,0.1,391275|225|2021-02-09,-0.43331970800712194,0.0
395354,225,2021-02-09,2021-02-18,10,treatment,1,0.3047165,0,dept_225_closure_2021-02-09,2021-01-30,2021-01,-1,0,0.1,395354|225|2021-02-09,-0.2523263080071219,0.0
396599,225,2021-02-09,2021-02-18,10,control,0,0.19667627,0,dept_225_closure_2021-02-09,2021-01-30,2021-01,-1,0,0.1,396599|225|2021-02-09,-0.36036653800712193,0.0
396971,225,2021-02-09,2021-02-18,10,control,0,0.066589184,0,dept_225_closure_2021-02-09,2021-01-30,2021-01,-1,0,0.1,396971|225|2021-02-09,-0.4904536240071219,0.0
397043,225,2021-02-09,2021-02-18,10,control,0,0.8672236,1,dept_225_closure_2021-02-09,2021-01-30,2021-01,-1,0,0.2,397043|225|2021-02-09,0.31018079199287807,0.0
398354,225,2021-02-09,2021-02-18,10,control,0,0.6507126,1,dept_225_closure_2021-02-09,2021-01-30,2021-01,-1,0,0.2,398354|225|2021-02-09,0.09366979199287806,0.0
399046,225,2021-02-09,2021-02-18,10,control,0,0.5696758,1,dept_225_closure_2021-02-09,2021-01-30,2021-01,-1,0,0.1,399046|225|2021-02-09,0.01263299199287804,0.0
399413,225,2021-02-09,2021-02-18,10,control,0,0.916818,1,dept_225_closure_2021-02-09,2021-01-30,2021-01,-1,0,0.3,399413|225|2021-02-09,0.3597751919928781,0.0
399931,225,2021-02-09,2021-02-18,10,treatment,1,0.55405474,1,dept_225_closure_2021-02-09,2021-01-30,2021-01,-1,0,0.2,399931|225|2021-02-09,-0.0029880680071219246,0.0
400776,225,2021-02-09,2021-02-18,10,control,0,0.4215834,0,dept_225_closure_2021-02-09,2021-01-30,2021-01,-1,0,0.1,400776|225|2021-02-09,-0.13545940800712192,0.0
402754,225,2021-02-09,2021-02-18,10,control,0,0.3393672,0,dept_225_closure_2021-02-09,2021-01-30,2021-01,-1,0,0.1,402754|225|2021-02-09,-0.21767560800712193,0.0
403154,225,2021-02-09,2021-02-18,10,control,0,0.031127399,0,dept_225_closure_2021-02-09,2021-01-30,2021-01,-1,0,0.1,403154|225|2021-02-09,-0.5259154090071219,0.0
403446,225,2021-02-09,2021-02-18,10,control,0,0.5542411,1,dept_225_closure_2021-02-09,2021-01-30,2021-01,-1,0,0.1,403446|225|2021-02-09,-0.0028017080071218725,0.0
404352,225,2021-02-09,2021-02-18,10,control,0,0.9993554,1,dept_225_closure_2021-02-09,2021-01-30,2021-01,-1,0,0.7,404352|225|2021-02-09,0.4423125919928781,0.0
406126,225,2021-02-09,2021-02-18,10,control,0,0.61097187,1,dept_225_closure_2021-02-09,2021-01-30,2021-01,-1,0,0.2,406126|225|2021-02-09,0.05392906199287806,0.0
407060,225,2021-02-09,2021-02-18,10,treatment,1,0.2642639,0,dept_225_closure_2021-02-09,2021-01-30,2021-01,-1,0,0.1,407060|225|2021-02-09,-0.2927789080071219,0.0
409183,225,2021-02-09,2021-02-18,10,treatment,1,0.20574966,0,dept_225_closure_2021-02-09,2021-01-30,2021-01,-1,0,0.1,409183|225|2021-02-09,-0.3512931480071219,0.0
409407,225,2021-02-09,2021-02-18,10,control,0,0.6272991,1,dept_225_closure_2021-02-09,2021-01-30,2021-01,-1,0,0.2,409407|225|2021-02-09,0.07025629199287808,0.0
409880,225,2021-02-09,2021-02-18,10,control,0,0.89655435,1,dept_225_closure_2021-02-09,2021-01-30,2021-01,-1,0,0.3,409880|225|2021-02-09,0.33951154199287814,0.0
410210,225,2021-02-09,2021-02-18,10,control,0,0.028627863,0,dept_225_closure_2021-02-09,2021-01-30,2021-01,-1,0,0.1,410210|225|2021-02-09,-0.5284149450071219,0.0
411602,225,2021-02-09,2021-02-18,10,control,0,0.8244264,1,dept_225_closure_2021-02-09,2021-01-30,2021-01,-1,0,0.3,411602|225|2021-02-09,0.2673835919928781,0.0
413500,225,2021-02-09,2021-02-18,10,control,0,0.9955237,1,dept_225_closure_2021-02-09,2021-01-30,2021-01,-1,0,0.4,413500|225|2021-02-09,0.4384808919928781,0.0
413542,225,2021-02-09,2021-02-18,10,control,0,0.94302773,1,dept_225_closure_2021-02-09,2021-01-30,2021-01,-1,0,0.2,413542|225|2021-02-09,0.38598492199287804,0.0
414176,225,2021-02-09,2021-02-18,10,control,0,0.71674174,1,dept_225_closure_2021-02-09,2021-01-30,2021-01,-1,0,0.1,414176|225|2021-02-09,0.1596989319928781,0.0
414601,225,2021-02-09,2021-02-18,10,control,0,0.42178676,0,dept_225_closure_2021-02-09,2021-01-30,2021-01,-1,0,0.1,414601|225|2021-02-09,-0.13525604800712193,0.0
417063,225,2021-02-09,2021-02-18,10,treatment,1,0.3493233,0,dept_225_closure_2021-02-09,2021-01-30,2021-01,-1,0,0.1,417063|225|2021-02-09,-0.2077195080071219,0.0
417624,225,2021-02-09,2021-02-18,10,control,0,0.8831816,1,dept_225_closure_2021-02-09,2021-01-30,2021-01,-1,0,0.1,417624|225|2021-02-09,0.3261387919928781,0.0
420534,225,2021-02-09,2021-02-18,10,control,0,0.35066342,0,dept_225_closure_2021-02-09,2021-01-30,2021-01,-1,0,0.1,420534|225|2021-02-09,-0.2063793880071219,0.0
421583,225,2021-02-09,2021-02-18,10,treatment,1,0.37277293,0,dept_225_closure_2021-02-09,2021-01-30,2021-01,-1,0,0.1,421583|225|2021-02-09,-0.1842698780071219,0.0
421595,225,2021-02-09,2021-02-18,10,control,0,0.13892803,0,dept_225_closure_2021-02-09,2021-01-30,2021-01,-1,0,0.1,421595|225|2021-02-09,-0.41811477800712193,0.0
422210,225,2021-02-09,2021-02-18,10,control,0,0.9951025,1,dept_225_closure_2021-02-09,2021-01-30,2021-01,-1,0,0.5,422210|225|2021-02-09,0.4380596919928781,0.0
422336,225,2021-02-09,2021-02-18,10,control,0,0.83844286,1,dept_225_closure_2021-02-09,2021-01-30,2021-01,-1,0,0.2,422336|225|2021-02-09,0.2814000519928781,0.0
425289,225,2021-02-09,2021-02-18,10,control,0,0.2427501,0,dept_225_closure_2021-02-09,2021-01-30,2021-01,-1,0,0.1,425289|225|2021-02-09,-0.31429270800712195,0.0
425821,225,2021-02-09,2021-02-18,10,treatment,1,0.79966164,1,dept_225_closure_2021-02-09,2021-01-30,2021-01,-1,0,0.2,425821|225|2021-02-09,0.24261883199287804,0.0
427750,225,2021-02-09,2021-02-18,10,control,0,0.82984,1,dept_225_closure_2021-02-09,2021-01-30,2021-01,-1,0,0.1,427750|225|2021-02-09,0.2727971919928781,0.0
428456,225,2021-02-09,2021-02-18,10,control,0,0.43543127,0,dept_225_closure_2021-02-09,2021-01-30,2021-01,-1,0,0.1,428456|225|2021-02-09,-0.12161153800712193,0.0
428894,225,2021-02-09,2021-02-18,10,control,0,0.99533254,1,dept_225_closure_2021-02-09,2021-01-30,2021-01,-1,0,0.5,428894|225|2021-02-09,0.43828973199287813,0.0
428909,225,2021-02-09,2021-02-18,10,control,0,0.7319816,1,dept_225_closure_2021-02-09,2021-01-30,2021-01,-1,0,0.1,428909|225|2021-02-09,0.1749387919928781,0.0
430385,225,2021-02-09,2021-02-18,10,treatment,1,0.67291415,1,dept_225_closure_2021-02-09,2021-01-30,2021-01,-1,0,0.3,430385|225|2021-02-09,0.11587134199287807,0.0
430856,225,2021-02-09,2021-02-18,10,control,0,0.113914736,0,dept_225_closure_2021-02-09,2021-01-30,2021-01,-1,0,0.1,430856|225|2021-02-09,-0.4431280720071219,0.0
432774,225,2021-02-09,2021-02-18,10,control,0,0.42122024,0,dept_225_closure_2021-02-09,2021-01-30,2021-01,-1,0,0.1,432774|225|2021-02-09,-0.1358225680071219,0.0
433451,225,2021-02-09,2021-02-18,10,control,0,0.66453654,1,dept_225_closure_2021-02-09,2021-01-30,2021-01,-1,0,0.1,433451|225|2021-02-09,0.10749373199287804,0.0
434436,225,2021-02-09,2021-02-18,10,control,0,0.32243565,0,dept_225_closure_2021-02-09,2021-01-30,2021-01,-1,0,0.1,434436|225|2021-02-09,-0.2346071580071219,0.0
437482,225,2021-02-09,2021-02-18,10,control,0,0.76939327,1,dept_225_closure_2021-02-09,2021-01-30,2021-01,-1,0,0.2,437482|225|2021-02-09,0.2123504619928781,0.0
437779,225,2021-02-09,2021-02-18,10,control,0,0.30429742,0,dept_225_closure_2021-02-09,2021-01-30,2021-01,-1,0,0.1,437779|225|2021-02-09,-0.25274538800712193,0.0
437833,225,2021-02-09,2021-02-18,10,control,0,0.96572256,1,dept_225_closure_2021-02-09,2021-01-30,2021-01,-1,0,0.4,437833|225|2021-02-09,0.4086797519928781,0.0
438478,225,2021-02-09,2021-02-18,10,control,0,0.79792196,1,dept_225_closure_2021-02-09,2021-01-30,2021-01,-1,0,0.2,438478|225|2021-02-09,0.24087915199287813,0.0
439163,225,2021-02-09,2021-02-18,10,control,0,0.6120299,1,dept_225_closure_2021-02-09,2021-01-30,2021-01,-1,0,0.1,439163|225|2021-02-09,0.0549870919928781,0.0
440038,225,2021-02-09,2021-02-18,10,control,0,0.99606234,1,dept_225_closure_2021-02-09,2021-01-30,2021-01,-1,0,0.6,440038|225|2021-02-09,0.43901953199287813,0.0
444671,225,2021-02-09,2021-02-18,10,treatment,1,0.2107164,0,dept_225_closure_2021-02-09,2021-01-30,2021-01,-1,0,0.1,444671|225|2021-02-09,-0.3463264080071219,0.0
444939,225,2021-02-09,2021-02-18,10,control,0,0.5629561,1,dept_225_closure_2021-02-09,2021-01-30,2021-01,-1,0,0.2,444939|225|2021-02-09,0.005913291992878045,0.0
446553,225,2021-02-09,2021-02-18,10,control,0,0.69638073,1,dept_225_closure_2021-02-09,2021-01-30,2021-01,-1,0,0.1,446553|225|2021-02-09,0.1393379219928781,0.0
448300,225,2021-02-09,2021-02-18,10,control,0,0.15980117,0,dept_225_closure_2021-02-09,2021-01-30,2021-01,-1,0,0.1,448300|225|2021-02-09,-0.3972416380071219,0.0
448365,225,2021-02-09,2021-02-18,10,control,0,0.610063,1,dept_225_closure_2021-02-09,2021-01-30,2021-01,-1,0,0.2,448365|225|2021-02-09,0.05302019199287811,0.0
450464,225,2021-02-09,2021-02-18,10,control,0,0.0899341,0,dept_225_closure_2021-02-09,2021-01-30,2021-01,-1,0,0.1,450464|225|2021-02-09,-0.4671087080071219,0.0
451797,225,2021-02-09,2021-02-18,10,control,0,0.5686298,1,dept_225_closure_2021-02-09,2021-01-30,2021-01,-1,0,0.3,451797|225|2021-02-09,0.011586991992878048,0.0
451856,225,2021-02-09,2021-02-18,10,control,0,0.81858045,1,dept_225_closure_2021-02-09,2021-01-30,2021-01,-1,0,0.2,451856|225|2021-02-09,0.2615376419928781,0.0
453594,225,2021-02-09,2021-02-18,10,control,0,0.51488364,1,dept_225_closure_2021-02-09,2021-01-30,2021-01,-1,0,0.1,453594|225|2021-02-09,-0.04215916800712194,0.0
454303,225,2021-02-09,2021-02-18,10,control,0,0.42539623,0,dept_225_closure_2021-02-09,2021-01-30,2021-01,-1,0,0.1,454303|225|2021-02-09,-0.13164657800712193,0.0
456801,225,2021-02-09,2021-02-18,10,control,0,0.44320226,0,dept_225_closure_2021-02-09,2021-01-30,2021-01,-1,0,0.1,456801|225|2021-02-09,-0.1138405480071219,0.0
457945,225,2021-02-09,2021-02-18,10,control,0,0.75042796,1,dept_225_closure_2021-02-09,2021-01-30,2021-01,-1,0,0.2,457945|225|2021-02-09,0.1933851519928781,0.0
458589,225,2021-02-09,2021-02-18,10,control,0,0.54510933,1,dept_225_closure_2021-02-09,2021-01-30,2021-01,-1,0,0.4,458589|225|2021-02-09,-0.011933478007121967,0.0
460269,225,2021-02-09,2021-02-18,10,control,0,0.58065283,1,dept_225_closure_2021-02-09,2021-01-30,2021-01,-1,0,0.1,460269|225|2021-02-09,0.023610021992878094,0.0
460404,225,2021-02-09,2021-02-18,10,control,0,0.35052446,0,dept_225_closure_2021-02-09,2021-01-30,2021-01,-1,0,0.1,460404|225|2021-02-09,-0.20651834800712193,0.0
464247,225,2021-02-09,2021-02-18,10,control,0,0.8327629,1,dept_225_closure_2021-02-09,2021-01-30,2021-01,-1,0,0.1,464247|225|2021-02-09,0.27572009199287806,0.0
464509,225,2021-02-09,2021-02-18,10,control,0,0.56256324,1,dept_225_closure_2021-02-09,2021-01-30,2021-01,-1,0,0.1,464509|225|2021-02-09,0.005520431992878105,0.0
464702,225,2021-02-09,2021-02-18,10,control,0,0.96385574,1,dept_225_closure_2021-02-09,2021-01-30,2021-01,-1,0,0.3,464702|225|2021-02-09,0.40681293199287805,0.0
465287,225,2021-02-09,2021-02-18,10,control,0,0.4809686,0,dept_225_closure_2021-02-09,2021-01-30,2021-01,-1,0,0.3,465287|225|2021-02-09,-0.07607420800712189,0.0
467269,225,2021-02-09,2021-02-18,10,control,0,0.5799187,1,dept_225_closure_2021-02-09,2021-01-30,2021-01,-1,0,0.1,467269|225|2021-02-09,0.022875891992878095,0.0
467336,225,2021-02-09,2021-02-18,10,treatment,1,0.14474845,0,dept_225_closure_2021-02-09,2021-01-30,2021-01,-1,0,0.1,467336|225|2021-02-09,-0.4122943580071219,0.0
467621,225,2021-02-09,2021-02-18,10,control,0,0.983469,1,dept_225_closure_2021-02-09,2021-01-30,2021-01,-1,0,0.5,467621|225|2021-02-09,0.4264261919928781,0.0
469389,225,2021-02-09,2021-02-18,10,control,0,0.612861,1,dept_225_closure_2021-02-09,2021-01-30,2021-01,-1,0,0.2,469389|225|2021-02-09,0.055818191992878075,0.0
469826,225,2021-02-09,2021-02-18,10,control,0,0.45079404,0,dept_225_closure_2021-02-09,2021-01-30,2021-01,-1,0,0.2,469826|225|2021-02-09,-0.10624876800712191,0.0
471891,225,2021-02-09,2021-02-18,10,control,0,0.53209096,1,dept_225_closure_2021-02-09,2021-01-30,2021-01,-1,0,0.1,471891|225|2021-02-09,-0.024951848007121913,0.0
472342,225,2021-02-09,2021-02-18,10,treatment,1,0.28729507,0,dept_225_closure_2021-02-09,2021-01-30,2021-01,-1,0,0.1,472342|225|2021-02-09,-0.26974773800712193,0.0
473127,225,2021-02-09,2021-02-18,10,control,0,0.98042405,1,dept_225_closure_2021-02-09,2021-01-30,2021-01,-1,0,0.2,473127|225|2021-02-09,0.4233812419928781,0.0
475523,225,2021-02-09,2021-02-18,10,control,0,0.52391076,1,dept_225_closure_2021-02-09,2021-01-30,2021-01,-1,0,0.1,475523|225|2021-02-09,-0.033132048007121884,0.0
478934,225,2021-02-09,2021-02-18,10,control,0,0.879664,1,dept_225_closure_2021-02-09,2021-01-30,2021-01,-1,0,0.2,478934|225|2021-02-09,0.3226211919928781,0.0
479982,225,2021-02-09,2021-02-18,10,control,0,0.72143114,1,dept_225_closure_2021-02-09,2021-01-30,2021-01,-1,0,0.1,479982|225|2021-02-09,0.16438833199287806,0.0
481053,225,2021-02-09,2021-02-18,10,control,0,0.60998887,1,dept_225_closure_2021-02-09,2021-01-30,2021-01,-1,0,0.1,481053|225|2021-02-09,0.0529460619928781,0.0
481534,225,2021-02-09,2021-02-18,10,treatment,1,0.7666529,1,dept_225_closure_2021-02-09,2021-01-30,2021-01,-1,0,0.2,481534|225|2021-02-09,0.20961009199287806,0.0
483355,225,2021-02-09,2021-02-18,10,treatment,1,0.21617046,0,dept_225_closure_2021-02-09,2021-01-30,2021-01,-1,0,0.1,483355|225|2021-02-09,-0.3408723480071219,0.0
484202,225,2021-02-09,2021-02-18,10,control,0,0.11625671,0,dept_225_closure_2021-02-09,2021-01-30,2021-01,-1,0,0.1,484202|225|2021-02-09,-0.44078609800712193,0.0
484803,225,2021-02-09,2021-02-18,10,control,0,0.48871788,0,dept_225_closure_2021-02-09,2021-01-30,2021-01,-1,0,0.2,484803|225|2021-02-09,-0.06832492800712192,0.0
487863,225,2021-02-09,2021-02-18,10,control,0,0.29896432,0,dept_225_closure_2021-02-09,2021-01-30,2021-01,-1,0,0.1,487863|225|2021-02-09,-0.2580784880071219,0.0
488759,225,2021-02-09,2021-02-18,10,control,0,0.560258,1,dept_225_closure_2021-02-09,2021-01-30,2021-01,-1,0,0.1,488759|225|2021-02-09,0.003215191992878119,0.0
489742,225,2021-02-09,2021-02-18,10,control,0,0.6274672,1,dept_225_closure_2021-02-09,2021-01-30,2021-01,-1,0,0.2,489742|225|2021-02-09,0.07042439199287809,0.0
493285,225,2021-02-09,2021-02-18,10,control,0,0.30452004,0,dept_225_closure_2021-02-09,2021-01-30,2021-01,-1,0,0.1,493285|225|2021-02-09,-0.2525227680071219,0.0
494278,225,2021-02-09,2021-02-18,10,control,0,0.1129235,0,dept_225_closure_2021-02-09,2021-01-30,2021-01,-1,0,0.1,494278|225|2021-02-09,-0.4441193080071219,0.0
502196,225,2021-02-09,2021-02-18,10,treatment,1,0.8333942,1,dept_225_closure_2021-02-09,2021-01-30,2021-01,-1,0,0.3,502196|225|2021-02-09,0.27635139199287806,0.0
502318,225,2021-02-09,2021-02-18,10,treatment,1,0.9765118,1,dept_225_closure_2021-02-09,2021-01-30,2021-01,-1,0,0.3,502318|225|2021-02-09,0.4194689919928781,0.0
503466,225,2021-02-09,2021-02-18,10,control,0,0.24881226,0,dept_225_closure_2021-02-09,2021-01-30,2021-01,-1,0,0.1,503466|225|2021-02-09,-0.3082305480071219,0.0
505843,225,2021-02-09,2021-02-18,10,treatment,1,0.6795407,1,dept_225_closure_2021-02-09,2021-01-30,2021-01,-1,0,0.2,505843|225|2021-02-09,0.12249789199287808,0.0
506867,225,2021-02-09,2021-02-18,10,control,0,0.9109191,1,dept_225_closure_2021-02-09,2021-01-30,2021-01,-1,0,0.2,506867|225|2021-02-09,0.35387629199287807,0.0
509425,225,2021-02-09,2021-02-18,10,control,0,0.21315736,0,dept_225_closure_2021-02-09,2021-01-30,2021-01,-1,0,0.1,509425|225|2021-02-09,-0.34388544800712195,0.0
510199,225,2021-02-09,2021-02-18,10,control,0,0.95041114,1,dept_225_closure_2021-02-09,2021-01-30,2021-01,-1,0,0.2,510199|225|2021-02-09,0.39336833199287813,0.0
510253,225,2021-02-09,2021-02-18,10,treatment,1,0.11474849,0,dept_225_closure_2021-02-09,2021-01-30,2021-01,-1,0,0.2,510253|225|2021-02-09,-0.44229431800712193,0.0
512120,225,2021-02-09,2021-02-18,10,control,0,0.123882264,0,dept_225_closure_2021-02-09,2021-01-30,2021-01,-1,0,0.1,512120|225|2021-02-09,-0.4331605440071219,0.0
512374,225,2021-02-09,2021-02-18,10,control,0,0.025796797,0,dept_225_closure_2021-02-09,2021-01-30,2021-01,-1,0,0.1,512374|225|2021-02-09,-0.5312460110071219,0.0
513432,225,2021-02-09,2021-02-18,10,control,0,0.75720835,1,dept_225_closure_2021-02-09,2021-01-30,2021-01,-1,0,0.2,513432|225|2021-02-09,0.20016554199287806,0.0
514186,225,2021-02-09,2021-02-18,10,control,0,0.53616303,1,dept_225_closure_2021-02-09,2021-01-30,2021-01,-1,0,0.1,514186|225|2021-02-09,-0.02087977800712193,0.0
514740,225,2021-02-09,2021-02-18,10,control,0,0.9236703,1,dept_225_closure_2021-02-09,2021-01-30,2021-01,-1,0,0.3,514740|225|2021-02-09,0.36662749199287814,0.0
515182,225,2021-02-09,2021-02-18,10,control,0,0.1092633,0,dept_225_closure_2021-02-09,2021-01-30,2021-01,-1,0,0.1,515182|225|2021-02-09,-0.4477795080071219,0.0
516610,225,2021-02-09,2021-02-18,10,control,0,0.6973986,1,dept_225_closure_2021-02-09,2021-01-30,2021-01,-1,0,0.1,516610|225|2021-02-09,0.14035579199287807,0.0
516772,225,2021-02-09,2021-02-18,10,control,0,0.5201318,1,dept_225_closure_2021-02-09,2021-01-30,2021-01,-1,0,0.3,516772|225|2021-02-09,-0.03691100800712188,0.0
516884,225,2021-02-09,2021-02-18,10,control,0,0.2260634,0,dept_225_closure_2021-02-09,2021-01-30,2021-01,-1,0,0.1,516884|225|2021-02-09,-0.3309794080071219,0.0
517029,225,2021-02-09,2021-02-18,10,control,0,0.6784122,1,dept_225_closure_2021-02-09,2021-01-30,2021-01,-1,0,0.4,517029|225|2021-02-09,0.1213693919928781,0.0
518563,225,2021-02-09,2021-02-18,10,treatment,1,0.66636384,1,dept_225_closure_2021-02-09,2021-01-30,2021-01,-1,0,0.2,518563|225|2021-02-09,0.10932103199287813,0.0
519764,225,2021-02-09,2021-02-18,10,control,0,0.4191586,0,dept_225_closure_2021-02-09,2021-01-30,2021-01,-1,0,0.1,519764|225|2021-02-09,-0.13788420800712192,0.0
520658,225,2021-02-09,2021-02-18,10,control,0,0.10316532,0,dept_225_closure_2021-02-09,2021-01-30,2021-01,-1,0,0.2,520658|225|2021-02-09,-0.4538774880071219,0.0
520817,225,2021-02-09,2021-02-18,10,control,0,0.09707905,0,dept_225_closure_2021-02-09,2021-01-30,2021-01,-1,0,0.2,520817|225|2021-02-09,-0.4599637580071219,0.0
521820,225,2021-02-09,2021-02-18,10,control,0,0.084771745,0,dept_225_closure_2021-02-09,2021-01-30,2021-01,-1,0,0.1,521820|225|2021-02-09,-0.4722710630071219,0.0
521859,225,2021-02-09,2021-02-18,10,control,0,0.5171526,1,dept_225_closure_2021-02-09,2021-01-30,2021-01,-1,0,0.1,521859|225|2021-02-09,-0.03989020800712195,0.0
522545,225,2021-02-09,2021-02-18,10,treatment,1,0.64982855,1,dept_225_closure_2021-02-09,2021-01-30,2021-01,-1,0,0.3,522545|225|2021-02-09,0.09278574199287803,0.0
524184,225,2021-02-09,2021-02-18,10,control,0,0.48366845,0,dept_225_closure_2021-02-09,2021-01-30,2021-01,-1,0,0.1,524184|225|2021-02-09,-0.07337435800712189,0.0
524855,225,2021-02-09,2021-02-18,10,control,0,0.8788438,1,dept_225_closure_2021-02-09,2021-01-30,2021-01,-1,0,0.2,524855|225|2021-02-09,0.32180099199287804,0.0
525501,225,2021-02-09,2021-02-18,10,control,0,0.9226477,1,dept_225_closure_2021-02-09,2021-01-30,2021-01,-1,0,0.1,525501|225|2021-02-09,0.36560489199287804,0.0
525869,225,2021-02-09,2021-02-18,10,control,0,0.07285162,0,dept_225_closure_2021-02-09,2021-01-30,2021-01,-1,0,0.2,525869|225|2021-02-09,-0.4841911880071219,0.0
529325,225,2021-02-09,2021-02-18,10,control,0,0.6113113,1,dept_225_closure_2021-02-09,2021-01-30,2021-01,-1,0,0.2,529325|225|2021-02-09,0.05426849199287809,0.0
529864,225,2021-02-09,2021-02-18,10,control,0,0.14488006,0,dept_225_closure_2021-02-09,2021-01-30,2021-01,-1,0,0.1,529864|225|2021-02-09,-0.41216274800712194,0.0
531372,225,2021-02-09,2021-02-18,10,control,0,0.9984932,1,dept_225_closure_2021-02-09,2021-01-30,2021-01,-1,0,0.6,531372|225|2021-02-09,0.44145039199287806,0.0
531766,225,2021-02-09,2021-02-18,10,control,0,0.70788556,1,dept_225_closure_2021-02-09,2021-01-30,2021-01,-1,0,0.2,531766|225|2021-02-09,0.1508427519928781,0.0
532231,225,2021-02-09,2021-02-18,10,control,0,0.16401133,0,dept_225_closure_2021-02-09,2021-01-30,2021-01,-1,0,0.1,532231|225|2021-02-09,-0.3930314780071219,0.0
533906,225,2021-02-09,2021-02-18,10,control,0,0.12545961,0,dept_225_closure_2021-02-09,2021-01-30,2021-01,-1,0,0.2,533906|225|2021-02-09,-0.4315831980071219,0.0
534647,225,2021-02-09,2021-02-18,10,control,0,0.99306244,1,dept_225_closure_2021-02-09,2021-01-30,2021-01,-1,0,0.3,534647|225|2021-02-09,0.4360196319928781,0.0
535153,225,2021-02-09,2021-02-18,10,control,0,0.06850255,0,dept_225_closure_2021-02-09,2021-01-30,2021-01,-1,0,0.1,535153|225|2021-02-09,-0.4885402580071219,0.0
536067,225,2021-02-09,2021-02-18,10,control,0,0.7665355,1,dept_225_closure_2021-02-09,2021-01-30,2021-01,-1,0,0.1,536067|225|2021-02-09,0.20949269199287812,0.0
536540,225,2021-02-09,2021-02-18,10,control,0,0.5633116,1,dept_225_closure_2021-02-09,2021-01-30,2021-01,-1,0,0.1,536540|225|2021-02-09,0.006268791992878109,0.0
537345,225,2021-02-09,2021-02-18,10,control,0,0.23184814,0,dept_225_closure_2021-02-09,2021-01-30,2021-01,-1,0,0.1,537345|225|2021-02-09,-0.32519466800712193,0.0
537422,225,2021-02-09,2021-02-18,10,control,0,0.35939428,0,dept_225_closure_2021-02-09,2021-01-30,2021-01,-1,0,0.2,537422|225|2021-02-09,-0.1976485280071219,0.0
538844,225,2021-02-09,2021-02-18,10,control,0,0.6683242,1,dept_225_closure_2021-02-09,2021-01-30,2021-01,-1,0,0.1,538844|225|2021-02-09,0.11128139199287812,0.0
539544,225,2021-02-09,2021-02-18,10,treatment,1,0.30792004,0,dept_225_closure_2021-02-09,2021-01-30,2021-01,-1,0,0.1,539544|225|2021-02-09,-0.2491227680071219,0.0
539687,225,2021-02-09,2021-02-18,10,control,0,0.9314988,1,dept_225_closure_2021-02-09,2021-01-30,2021-01,-1,0,0.2,539687|225|2021-02-09,0.37445599199287805,0.0
540056,225,2021-02-09,2021-02-18,10,control,0,0.354361,0,dept_225_closure_2021-02-09,2021-01-30,2021-01,-1,0,0.1,540056|225|2021-02-09,-0.20268180800712193,0.0
541024,225,2021-02-09,2021-02-18,10,control,0,0.9485148,1,dept_225_closure_2021-02-09,2021-01-30,2021-01,-1,0,0.4,541024|225|2021-02-09,0.3914719919928781,0.0
541794,225,2021-02-09,2021-02-18,10,control,0,0.7145694,1,dept_225_closure_2021-02-09,2021-01-30,2021-01,-1,0,0.1,541794|225|2021-02-09,0.1575265919928781,0.0
541795,225,2021-02-09,2021-02-18,10,control,0,0.1584281,0,dept_225_closure_2021-02-09,2021-01-30,2021-01,-1,0,0.1,541795|225|2021-02-09,-0.39861470800712195,0.0
542121,225,2021-02-09,2021-02-18,10,control,0,0.81192786,1,dept_225_closure_2021-02-09,2021-01-30,2021-01,-1,0,0.1,542121|225|2021-02-09,0.25488505199287803,0.0
542359,225,2021-02-09,2021-02-18,10,control,0,0.8997891,1,dept_225_closure_2021-02-09,2021-01-30,2021-01,-1,0,0.2,542359|225|2021-02-09,0.3427462919928781,0.0
542469,225,2021-02-09,2021-02-18,10,control,0,0.5968629,1,dept_225_closure_2021-02-09,2021-01-30,2021-01,-1,0,0.1,542469|225|2021-02-09,0.03982009199287806,0.0
543401,225,2021-02-09,2021-02-18,10,control,0,0.17591122,0,dept_225_closure_2021-02-09,2021-01-30,2021-01,-1,0,0.1,543401|225|2021-02-09,-0.3811315880071219,0.0
543574,225,2021-02-09,2021-02-18,10,control,0,0.99364233,1,dept_225_closure_2021-02-09,2021-01-30,2021-01,-1,0,0.5,543574|225|2021-02-09,0.4365995219928781,0.0
545450,225,2021-02-09,2021-02-18,10,treatment,1,0.74080014,1,dept_225_closure_2021-02-09,2021-01-30,2021-01,-1,0,0.2,545450|225|2021-02-09,0.18375733199287814,0.0
545621,225,2021-02-09,2021-02-18,10,control,0,0.2505379,0,dept_225_closure_2021-02-09,2021-01-30,2021-01,-1,0,0.1,545621|225|2021-02-09,-0.30650490800712193,0.0
546738,225,2021-02-09,2021-02-18,10,treatment,1,0.9869179,1,dept_225_closure_2021-02-09,2021-01-30,2021-01,-1,0,0.4,546738|225|2021-02-09,0.4298750919928781,0.0
547241,225,2021-02-09,2021-02-18,10,control,0,0.63886887,1,dept_225_closure_2021-02-09,2021-01-30,2021-01,-1,0,0.1,547241|225|2021-02-09,0.08182606199287812,0.0
547544,225,2021-02-09,2021-02-18,10,control,0,0.7458929,1,dept_225_closure_2021-02-09,2021-01-30,2021-01,-1,0,0.1,547544|225|2021-02-09,0.18885009199287806,0.0
547689,225,2021-02-09,2021-02-18,10,control,0,0.55275804,1,dept_225_closure_2021-02-09,2021-01-30,2021-01,-1,0,0.1,547689|225|2021-02-09,-0.004284768007121964,0.0
548215,225,2021-02-09,2021-02-18,10,control,0,0.9033356,1,dept_225_closure_2021-02-09,2021-01-30,2021-01,-1,0,0.4,548215|225|2021-02-09,0.3462927919928781,0.0
549703,225,2021-02-09,2021-02-18,10,treatment,1,0.44778845,0,dept_225_closure_2021-02-09,2021-01-30,2021-01,-1,0,0.1,549703|225|2021-02-09,-0.10925435800712191,0.0
549771,225,2021-02-09,2021-02-18,10,control,0,0.8159889,1,dept_225_closure_2021-02-09,2021-01-30,2021-01,-1,0,0.1,549771|225|2021-02-09,0.2589460919928781,0.0
552685,225,2021-02-09,2021-02-18,10,control,0,0.5987536,1,dept_225_closure_2021-02-09,2021-01-30,2021-01,-1,0,0.2,552685|225|2021-02-09,0.04171079199287808,0.0
552723,225,2021-02-09,2021-02-18,10,control,0,0.35043988,0,dept_225_closure_2021-02-09,2021-01-30,2021-01,-1,0,0.1,552723|225|2021-02-09,-0.20660292800712193,0.0
553138,225,2021-02-09,2021-02-18,10,control,0,0.30944628,0,dept_225_closure_2021-02-09,2021-01-30,2021-01,-1,0,0.1,553138|225|2021-02-09,-0.2475965280071219,0.0
553876,225,2021-02-09,2021-02-18,10,treatment,1,0.9419543,1,dept_225_closure_2021-02-09,2021-01-30,2021-01,-1,0,0.1,553876|225|2021-02-09,0.3849114919928781,0.0
557358,225,2021-02-09,2021-02-18,10,control,0,0.9920684,1,dept_225_closure_2021-02-09,2021-01-30,2021-01,-1,0,0.5,557358|225|2021-02-09,0.43502559199287805,0.0
557503,225,2021-02-09,2021-02-18,10,control,0,0.98167187,1,dept_225_closure_2021-02-09,2021-01-30,2021-01,-1,0,0.4,557503|225|2021-02-09,0.4246290619928781,0.0
558534,225,2021-02-09,2021-02-18,10,treatment,1,0.20376676,0,dept_225_closure_2021-02-09,2021-01-30,2021-01,-1,0,0.1,558534|225|2021-02-09,-0.3532760480071219,0.0
559416,225,2021-02-09,2021-02-18,10,control,0,0.5377436,1,dept_225_closure_2021-02-09,2021-01-30,2021-01,-1,0,0.1,559416|225|2021-02-09,-0.019299208007121926,0.0
560778,225,2021-02-09,2021-02-18,10,control,0,0.6724239,1,dept_225_closure_2021-02-09,2021-01-30,2021-01,-1,0,0.2,560778|225|2021-02-09,0.11538109199287805,0.0
561261,225,2021-02-09,2021-02-18,10,control,0,0.8870736,1,dept_225_closure_2021-02-09,2021-01-30,2021-01,-1,0,0.1,561261|225|2021-02-09,0.3300307919928781,0.0
561552,225,2021-02-09,2021-02-18,10,treatment,1,0.8548409,1,dept_225_closure_2021-02-09,2021-01-30,2021-01,-1,0,0.2,561552|225|2021-02-09,0.2977980919928781,0.0
561749,225,2021-02-09,2021-02-18,10,treatment,1,0.36272615,0,dept_225_closure_2021-02-09,2021-01-30,2021-01,-1,0,0.1,561749|225|2021-02-09,-0.1943166580071219,0.0
561970,225,2021-02-09,2021-02-18,10,control,0,0.26292413,0,dept_225_closure_2021-02-09,2021-01-30,2021-01,-1,0,0.2,561970|225|2021-02-09,-0.29411867800712194,0.0
563192,225,2021-02-09,2021-02-18,10,control,0,0.99263245,1,dept_225_closure_2021-02-09,2021-01-30,2021-01,-1,0,0.2,563192|225|2021-02-09,0.4355896419928781,0.0
563542,225,2021-02-09,2021-02-18,10,control,0,0.37322673,0,dept_225_closure_2021-02-09,2021-01-30,2021-01,-1,0,0.1,563542|225|2021-02-09,-0.1838160780071219,0.0
563790,225,2021-02-09,2021-02-18,10,control,0,0.35640284,0,dept_225_closure_2021-02-09,2021-01-30,2021-01,-1,0,0.2,563790|225|2021-02-09,-0.20063996800712192,0.0
564310,225,2021-02-09,2021-02-18,10,control,0,0.53082335,1,dept_225_closure_2021-02-09,2021-01-30,2021-01,-1,0,0.1,564310|225|2021-02-09,-0.026219458007121887,0.0
564323,225,2021-02-09,2021-02-18,10,control,0,0.9151387,1,dept_225_closure_2021-02-09,2021-01-30,2021-01,-1,0,0.2,564323|225|2021-02-09,0.35809589199287806,0.0
564378,225,2021-02-09,2021-02-18,10,control,0,0.79580194,1,dept_225_closure_2021-02-09,2021-01-30,2021-01,-1,0,0.1,564378|225|2021-02-09,0.23875913199287813,0.0
564518,225,2021-02-09,2021-02-18,10,control,0,0.8406039,1,dept_225_closure_2021-02-09,2021-01-30,2021-01,-1,0,0.1,564518|225|2021-02-09,0.28356109199287804,0.0
565708,225,2021-02-09,2021-02-18,10,control,0,0.8249043,1,dept_225_closure_2021-02-09,2021-01-30,2021-01,-1,0,0.2,565708|225|2021-02-09,0.2678614919928781,0.0
566300,225,2021-02-09,2021-02-18,10,control,0,0.10058118,0,dept_225_closure_2021-02-09,2021-01-30,2021-01,-1,0,0.1,566300|225|2021-02-09,-0.4564616280071219,0.0
566787,225,2021-02-09,2021-02-18,10,control,0,0.24692543,0,dept_225_closure_2021-02-09,2021-01-30,2021-01,-1,0,0.1,566787|225|2021-02-09,-0.3101173780071219,0.0
567770,225,2021-02-09,2021-02-18,10,control,0,0.62877107,1,dept_225_closure_2021-02-09,2021-01-30,2021-01,-1,0,0.2,567770|225|2021-02-09,0.07172826199287807,0.0
571386,225,2021-02-09,2021-02-18,10,control,0,0.96353066,1,dept_225_closure_2021-02-09,2021-01-30,2021-01,-1,0,0.5,571386|225|2021-02-09,0.40648785199287807,0.0
572458,225,2021-02-09,2021-02-18,10,control,0,0.3980757,0,dept_225_closure_2021-02-09,2021-01-30,2021-01,-1,0,0.1,572458|225|2021-02-09,-0.15896710800712194,0.0
573090,225,2021-02-09,2021-02-18,10,control,0,0.5859904,1,dept_225_closure_2021-02-09,2021-01-30,2021-01,-1,0,0.1,573090|225|2021-02-09,0.028947591992878108,0.0
573893,225,2021-02-09,2021-02-18,10,control,0,0.9229414,1,dept_225_closure_2021-02-09,2021-01-30,2021-01,-1,0,0.4,573893|225|2021-02-09,0.3658985919928781,0.0
574692,225,2021-02-09,2021-02-18,10,treatment,1,0.7166413,1,dept_225_closure_2021-02-09,2021-01-30,2021-01,-1,0,0.1,574692|225|2021-02-09,0.15959849199287812,0.0
574768,225,2021-02-09,2021-02-18,10,control,0,0.17151837,0,dept_225_closure_2021-02-09,2021-01-30,2021-01,-1,0,0.1,574768|225|2021-02-09,-0.3855244380071219,0.0
576266,225,2021-02-09,2021-02-18,10,control,0,0.086030245,0,dept_225_closure_2021-02-09,2021-01-30,2021-01,-1,0,0.1,576266|225|2021-02-09,-0.4710125630071219,0.0
576524,225,2021-02-09,2021-02-18,10,control,0,0.7010925,1,dept_225_closure_2021-02-09,2021-01-30,2021-01,-1,0,0.2,576524|225|2021-02-09,0.1440496919928781,0.0
577047,225,2021-02-09,2021-02-18,10,control,0,0.30385533,0,dept_225_closure_2021-02-09,2021-01-30,2021-01,-1,0,0.2,577047|225|2021-02-09,-0.25318747800712194,0.0
577615,225,2021-02-09,2021-02-18,10,control,0,0.9983777,1,dept_225_closure_2021-02-09,2021-01-30,2021-01,-1,0,0.8,577615|225|2021-02-09,0.4413348919928781,0.0
578177,225,2021-02-09,2021-02-18,10,control,0,0.58630294,1,dept_225_closure_2021-02-09,2021-01-30,2021-01,-1,0,0.4,578177|225|2021-02-09,0.029260131992878136,0.0
579009,225,2021-02-09,2021-02-18,10,control,0,0.5416368,1,dept_225_closure_2021-02-09,2021-01-30,2021-01,-1,0,0.1,579009|225|2021-02-09,-0.015406008007121885,0.0
579184,225,2021-02-09,2021-02-18,10,control,0,0.9151821,1,dept_225_closure_2021-02-09,2021-01-30,2021-01,-1,0,0.2,579184|225|2021-02-09,0.3581392919928781,0.0
579185,225,2021-02-09,2021-02-18,10,control,0,0.036937717,0,dept_225_closure_2021-02-09,2021-01-30,2021-01,-1,0,0.1,579185|225|2021-02-09,-0.5201050910071219,0.0
579307,225,2021-02-09,2021-02-18,10,control,0,0.44333464,0,dept_225_closure_2021-02-09,2021-01-30,2021-01,-1,0,0.1,579307|225|2021-02-09,-0.11370816800712191,0.0
579513,225,2021-02-09,2021-02-18,10,control,0,0.1074986,0,dept_225_closure_2021-02-09,2021-01-30,2021-01,-1,0,0.1,579513|225|2021-02-09,-0.4495442080071219,0.0
580036,225,2021-02-09,2021-02-18,10,control,0,0.9754841,1,dept_225_closure_2021-02-09,2021-01-30,2021-01,-1,0,0.3,580036|225|2021-02-09,0.41844129199287805,0.0
581023,225,2021-02-09,2021-02-18,10,control,0,0.8595541,1,dept_225_closure_2021-02-09,2021-01-30,2021-01,-1,0,0.3,581023|225|2021-02-09,0.3025112919928781,0.0
581025,225,2021-02-09,2021-02-18,10,control,0,0.6973182,1,dept_225_closure_2021-02-09,2021-01-30,2021-01,-1,0,0.1,581025|225|2021-02-09,0.14027539199287808,0.0
582014,225,2021-02-09,2021-02-18,10,control,0,0.3974963,0,dept_225_closure_2021-02-09,2021-01-30,2021-01,-1,0,0.2,582014|225|2021-02-09,-0.1595465080071219,0.0
584199,225,2021-02-09,2021-02-18,10,treatment,1,0.27034467,0,dept_225_closure_2021-02-09,2021-01-30,2021-01,-1,0,0.1,584199|225|2021-02-09,-0.2866981380071219,0.0
585070,225,2021-02-09,2021-02-18,10,control,0,0.99814796,1,dept_225_closure_2021-02-09,2021-01-30,2021-01,-1,0,0.7,585070|225|2021-02-09,0.44110515199287803,0.0
585492,225,2021-02-09,2021-02-18,10,control,0,0.33447573,0,dept_225_closure_2021-02-09,2021-01-30,2021-01,-1,0,0.1,585492|225|2021-02-09,-0.2225670780071219,0.0
585655,225,2021-02-09,2021-02-18,10,control,0,0.35462213,0,dept_225_closure_2021-02-09,2021-01-30,2021-01,-1,0,0.1,585655|225|2021-02-09,-0.20242067800712193,0.0
585821,225,2021-02-09,2021-02-18,10,control,0,0.5222112,1,dept_225_closure_2021-02-09,2021-01-30,2021-01,-1,0,0.1,585821|225|2021-02-09,-0.03483160800712193,0.0
585917,225,2021-02-09,2021-02-18,10,treatment,1,0.7722433,1,dept_225_closure_2021-02-09,2021-01-30,2021-01,-1,0,0.1,585917|225|2021-02-09,0.21520049199287805,0.0
586381,225,2021-02-09,2021-02-18,10,control,0,0.6838527,1,dept_225_closure_2021-02-09,2021-01-30,2021-01,-1,0,0.1,586381|225|2021-02-09,0.12680989199287807,0.0
586838,225,2021-02-09,2021-02-18,10,control,0,0.09217,0,dept_225_closure_2021-02-09,2021-01-30,2021-01,-1,0,0.1,586838|225|2021-02-09,-0.46487280800712194,0.0
586917,225,2021-02-09,2021-02-18,10,control,0,0.8840651,1,dept_225_closure_2021-02-09,2021-01-30,2021-01,-1,0,0.2,586917|225|2021-02-09,0.32702229199287813,0.0
587297,225,2021-02-09,2021-02-18,10,control,0,0.6928022,1,dept_225_closure_2021-02-09,2021-01-30,2021-01,-1,0,0.1,587297|225|2021-02-09,0.13575939199287812,0.0
588026,225,2021-02-09,2021-02-18,10,control,0,0.88820606,1,dept_225_closure_2021-02-09,2021-01-30,2021-01,-1,0,0.2,588026|225|2021-02-09,0.3311632519928781,0.0
590947,225,2021-02-09,2021-02-18,10,control,0,0.36585534,0,dept_225_closure_2021-02-09,2021-01-30,2021-01,-1,0,0.1,590947|225|2021-02-09,-0.19118746800712194,0.0
591732,225,2021-02-09,2021-02-18,10,control,0,0.16594023,0,dept_225_closure_2021-02-09,2021-01-30,2021-01,-1,0,0.1,591732|225|2021-02-09,-0.3911025780071219,0.0
591781,225,2021-02-09,2021-02-18,10,treatment,1,0.9292462,1,dept_225_closure_2021-02-09,2021-01-30,2021-01,-1,0,0.1,591781|225|2021-02-09,0.3722033919928781,0.0
592312,225,2021-02-09,2021-02-18,10,control,0,0.4578142,0,dept_225_closure_2021-02-09,2021-01-30,2021-01,-1,0,0.1,592312|225|2021-02-09,-0.09922860800712191,0.0
594345,225,2021-02-09,2021-02-18,10,control,0,0.90433824,1,dept_225_closure_2021-02-09,2021-01-30,2021-01,-1,0,0.2,594345|225|2021-02-09,0.34729543199287805,0.0
596114,225,2021-02-09,2021-02-18,10,control,0,0.4531059,0,dept_225_closure_2021-02-09,2021-01-30,2021-01,-1,0,0.2,596114|225|2021-02-09,-0.10393690800712191,0.0
597674,225,2021-02-09,2021-02-18,10,control,0,0.49089986,0,dept_225_closure_2021-02-09,2021-01-30,2021-01,-1,0,0.2,597674|225|2021-02-09,-0.0661429480071219,0.0
598660,225,2021-02-09,2021-02-18,10,treatment,1,0.8296651,1,dept_225_closure_2021-02-09,2021-01-30,2021-01,-1,0,0.1,598660|225|2021-02-09,0.27262229199287813,0.0
600117,225,2021-02-09,2021-02-18,10,control,0,0.25992393,0,dept_225_closure_2021-02-09,2021-01-30,2021-01,-1,0,0.1,600117|225|2021-02-09,-0.2971188780071219,0.0
602666,225,2021-02-09,2021-02-18,10,control,0,0.73606884,1,dept_225_closure_2021-02-09,2021-01-30,2021-01,-1,0,0.1,602666|225|2021-02-09,0.17902603199287803,0.0
602851,225,2021-02-09,2021-02-18,10,control,0,0.13497908,0,dept_225_closure_2021-02-09,2021-01-30,2021-01,-1,0,0.1,602851|225|2021-02-09,-0.4220637280071219,0.0
603710,225,2021-02-09,2021-02-18,10,control,0,0.97727966,1,dept_225_closure_2021-02-09,2021-01-30,2021-01,-1,0,0.2,603710|225|2021-02-09,0.4202368519928781,0.0
604161,225,2021-02-09,2021-02-18,10,control,0,0.46132925,0,dept_225_closure_2021-02-09,2021-01-30,2021-01,-1,0,0.1,604161|225|2021-02-09,-0.09571355800712189,0.0
604570,225,2021-02-09,2021-02-18,10,control,0,0.4378647,0,dept_225_closure_2021-02-09,2021-01-30,2021-01,-1,0,0.1,604570|225|2021-02-09,-0.11917810800712192,0.0
604822,225,2021-02-09,2021-02-18,10,control,0,0.9733655,1,dept_225_closure_2021-02-09,2021-01-30,2021-01,-1,0,0.4,604822|225|2021-02-09,0.4163226919928781,0.0
605970,225,2021-02-09,2021-02-18,10,control,0,0.1305402,0,dept_225_closure_2021-02-09,2021-01-30,2021-01,-1,0,0.1,605970|225|2021-02-09,-0.4265026080071219,0.0
606706,225,2021-02-09,2021-02-18,10,control,0,0.95972395,1,dept_225_closure_2021-02-09,2021-01-30,2021-01,-1,0,0.4,606706|225|2021-02-09,0.4026811419928781,0.0
608501,225,2021-02-09,2021-02-18,10,control,0,0.50560063,1,dept_225_closure_2021-02-09,2021-01-30,2021-01,-1,0,0.1,608501|225|2021-02-09,-0.05144217800712192,0.0
610259,225,2021-02-09,2021-02-18,10,control,0,0.36856622,0,dept_225_closure_2021-02-09,2021-01-30,2021-01,-1,0,0.1,610259|225|2021-02-09,-0.18847658800712191,0.0
611223,225,2021-02-09,2021-02-18,10,control,0,0.96206176,1,dept_225_closure_2021-02-09,2021-01-30,2021-01,-1,0,0.5,611223|225|2021-02-09,0.4050189519928781,0.0
611759,225,2021-02-09,2021-02-18,10,control,0,0.06267964,0,dept_225_closure_2021-02-09,2021-01-30,2021-01,-1,0,0.1,611759|225|2021-02-09,-0.49436316800712193,0.0
611888,225,2021-02-09,2021-02-18,10,treatment,1,0.7637555,1,dept_225_closure_2021-02-09,2021-01-30,2021-01,-1,0,0.1,611888|225|2021-02-09,0.20671269199287812,0.0
616748,225,2021-02-09,2021-02-18,10,control,0,0.93410015,1,dept_225_closure_2021-02-09,2021-01-30,2021-01,-1,0,0.1,616748|225|2021-02-09,0.3770573419928781,0.0
620285,225,2021-02-09,2021-02-18,10,control,0,0.07193528,0,dept_225_closure_2021-02-09,2021-01-30,2021-01,-1,0,0.1,620285|225|2021-02-09,-0.4851075280071219,0.0
621701,225,2021-02-09,2021-02-18,10,control,0,0.8712767,1,dept_225_closure_2021-02-09,2021-01-30,2021-01,-1,0,0.2,621701|225|2021-02-09,0.3142338919928781,0.0
621703,225,2021-02-09,2021-02-18,10,control,0,0.8133465,1,dept_225_closure_2021-02-09,2021-01-30,2021-01,-1,0,0.1,621703|225|2021-02-09,0.25630369199287806,0.0
621708,225,2021-02-09,2021-02-18,10,control,0,0.9617935,1,dept_225_closure_2021-02-09,2021-01-30,2021-01,-1,0,0.2,621708|225|2021-02-09,0.40475069199287805,0.0
622002,225,2021-02-09,2021-02-18,10,control,0,0.6602533,1,dept_225_closure_2021-02-09,2021-01-30,2021-01,-1,0,0.2,622002|225|2021-02-09,0.10321049199287813,0.0
622452,225,2021-02-09,2021-02-18,10,control,0,0.42704433,0,dept_225_closure_2021-02-09,2021-01-30,2021-01,-1,0,0.1,622452|225|2021-02-09,-0.1299984780071219,0.0
624749,225,2021-02-09,2021-02-18,10,control,0,0.25263858,0,dept_225_closure_2021-02-09,2021-01-30,2021-01,-1,0,0.1,624749|225|2021-02-09,-0.3044042280071219,0.0
624852,225,2021-02-09,2021-02-18,10,treatment,1,0.4284098,0,dept_225_closure_2021-02-09,2021-01-30,2021-01,-1,0,0.1,624852|225|2021-02-09,-0.1286330080071219,0.0
625308,225,2021-02-09,2021-02-18,10,control,0,0.5906653,1,dept_225_closure_2021-02-09,2021-01-30,2021-01,-1,0,0.2,625308|225|2021-02-09,0.033622491992878034,0.0
625392,225,2021-02-09,2021-02-18,10,control,0,0.63225067,1,dept_225_closure_2021-02-09,2021-01-30,2021-01,-1,0,0.1,625392|225|2021-02-09,0.0752078619928781,0.0
625984,225,2021-02-09,2021-02-18,10,control,0,0.5534443,1,dept_225_closure_2021-02-09,2021-01-30,2021-01,-1,0,0.1,625984|225|2021-02-09,-0.0035985080071219144,0.0
627167,225,2021-02-09,2021-02-18,10,control,0,0.332687,0,dept_225_closure_2021-02-09,2021-01-30,2021-01,-1,0,0.1,627167|225|2021-02-09,-0.2243558080071219,0.0
627225,225,2021-02-09,2021-02-18,10,control,0,0.9010184,1,dept_225_closure_2021-02-09,2021-01-30,2021-01,-1,0,0.2,627225|225|2021-02-09,0.3439755919928781,0.0
627408,225,2021-02-09,2021-02-18,10,control,0,0.85890085,1,dept_225_closure_2021-02-09,2021-01-30,2021-01,-1,0,0.2,627408|225|2021-02-09,0.30185804199287813,0.0
627763,225,2021-02-09,2021-02-18,10,control,0,0.5826646,1,dept_225_closure_2021-02-09,2021-01-30,2021-01,-1,0,0.2,627763|225|2021-02-09,0.025621791992878062,0.0
628462,225,2021-02-09,2021-02-18,10,control,0,0.2905661,0,dept_225_closure_2021-02-09,2021-01-30,2021-01,-1,0,0.1,628462|225|2021-02-09,-0.2664767080071219,0.0
631042,225,2021-02-09,2021-02-18,10,treatment,1,0.82386595,1,dept_225_closure_2021-02-09,2021-01-30,2021-01,-1,0,0.1,631042|225|2021-02-09,0.26682314199287804,0.0
631725,225,2021-02-09,2021-02-18,10,control,0,0.27820736,0,dept_225_closure_2021-02-09,2021-01-30,2021-01,-1,0,0.1,631725|225|2021-02-09,-0.2788354480071219,0.0
632138,225,2021-02-09,2021-02-18,10,control,0,0.45328057,0,dept_225_closure_2021-02-09,2021-01-30,2021-01,-1,0,0.3,632138|225|2021-02-09,-0.10376223800712192,0.0
632258,225,2021-02-09,2021-02-18,10,control,0,0.9607414,1,dept_225_closure_2021-02-09,2021-01-30,2021-01,-1,0,0.4,632258|225|2021-02-09,0.40369859199287805,0.0
634605,225,2021-02-09,2021-02-18,10,control,0,0.8398513,1,dept_225_closure_2021-02-09,2021-01-30,2021-01,-1,0,0.1,634605|225|2021-02-09,0.28280849199287805,0.0
636399,225,2021-02-09,2021-02-18,10,control,0,0.8788353,1,dept_225_closure_2021-02-09,2021-01-30,2021-01,-1,0,0.4,636399|225|2021-02-09,0.32179249199287807,0.0
639151,225,2021-02-09,2021-02-18,10,control,0,0.039711274,0,dept_225_closure_2021-02-09,2021-01-30,2021-01,-1,0,0.1,639151|225|2021-02-09,-0.517331534007122,0.0
639396,225,2021-02-09,2021-02-18,10,control,0,0.111425295,0,dept_225_closure_2021-02-09,2021-01-30,2021-01,-1,0,0.2,639396|225|2021-02-09,-0.44561751300712193,0.0
639953,225,2021-02-09,2021-02-18,10,control,0,0.7804247,1,dept_225_closure_2021-02-09,2021-01-30,2021-01,-1,0,0.3,639953|225|2021-02-09,0.22338189199287806,0.0
640512,225,2021-02-09,2021-02-18,10,control,0,0.20313406,0,dept_225_closure_2021-02-09,2021-01-30,2021-01,-1,0,0.1,640512|225|2021-02-09,-0.3539087480071219,0.0
640845,225,2021-02-09,2021-02-18,10,control,0,0.99919397,1,dept_225_closure_2021-02-09,2021-01-30,2021-01,-1,0,0.6,640845|225|2021-02-09,0.4421511619928781,0.0
641789,225,2021-02-09,2021-02-18,10,control,0,0.46111363,0,dept_225_closure_2021-02-09,2021-01-30,2021-01,-1,0,0.1,641789|225|2021-02-09,-0.09592917800712192,0.0
642726,225,2021-02-09,2021-02-18,10,control,0,0.8754994,1,dept_225_closure_2021-02-09,2021-01-30,2021-01,-1,0,0.3,642726|225|2021-02-09,0.3184565919928781,0.0
642742,225,2021-02-09,2021-02-18,10,control,0,0.45168057,0,dept_225_closure_2021-02-09,2021-01-30,2021-01,-1,0,0.1,642742|225|2021-02-09,-0.10536223800712191,0.0
644630,225,2021-02-09,2021-02-18,10,control,0,0.23972027,0,dept_225_closure_2021-02-09,2021-01-30,2021-01,-1,0,0.1,644630|225|2021-02-09,-0.3173225380071219,0.0
644702,225,2021-02-09,2021-02-18,10,control,0,0.8360215,1,dept_225_closure_2021-02-09,2021-01-30,2021-01,-1,0,0.1,644702|225|2021-02-09,0.27897869199287806,0.0
645363,225,2021-02-09,2021-02-18,10,control,0,0.8725744,1,dept_225_closure_2021-02-09,2021-01-30,2021-01,-1,0,0.1,645363|225|2021-02-09,0.31553159199287806,0.0
645944,225,2021-02-09,2021-02-18,10,treatment,1,0.99819547,1,dept_225_closure_2021-02-09,2021-01-30,2021-01,-1,0,0.7,645944|225|2021-02-09,0.44115266199287806,0.0
646261,225,2021-02-09,2021-02-18,10,control,0,0.5575733,1,dept_225_closure_2021-02-09,2021-01-30,2021-01,-1,0,0.1,646261|225|2021-02-09,0.0005304919928781349,0.0
646657,225,2021-02-09,2021-02-18,10,treatment,1,0.21721593,0,dept_225_closure_2021-02-09,2021-01-30,2021-01,-1,0,0.2,646657|225|2021-02-09,-0.3398268780071219,0.0
649551,225,2021-02-09,2021-02-18,10,control,0,0.021113366,0,dept_225_closure_2021-02-09,2021-01-30,2021-01,-1,0,0.2,649551|225|2021-02-09,-0.5359294420071219,0.0
649840,225,2021-02-09,2021-02-18,10,control,0,0.67450595,1,dept_225_closure_2021-02-09,2021-01-30,2021-01,-1,0,0.1,649840|225|2021-02-09,0.1174631419928781,0.0
651091,225,2021-02-09,2021-02-18,10,control,0,0.5026581,1,dept_225_closure_2021-02-09,2021-01-30,2021-01,-1,0,0.1,651091|225|2021-02-09,-0.05438470800712192,0.0
651339,225,2021-02-09,2021-02-18,10,control,0,0.65272504,1,dept_225_closure_2021-02-09,2021-01-30,2021-01,-1,0,0.2,651339|225|2021-02-09,0.09568223199287806,0.0
651713,225,2021-02-09,2021-02-18,10,control,0,0.96742,1,dept_225_closure_2021-02-09,2021-01-30,2021-01,-1,0,0.2,651713|225|2021-02-09,0.41037719199287803,0.0
653758,225,2021-02-09,2021-02-18,10,control,0,0.5240128,1,dept_225_closure_2021-02-09,2021-01-30,2021-01,-1,0,0.1,653758|225|2021-02-09,-0.03303000800712197,0.0
654099,225,2021-02-09,2021-02-18,10,control,0,0.856423,1,dept_225_closure_2021-02-09,2021-01-30,2021-01,-1,0,0.2,654099|225|2021-02-09,0.29938019199287813,0.0
654850,225,2021-02-09,2021-02-18,10,control,0,0.019117346,0,dept_225_closure_2021-02-09,2021-01-30,2021-01,-1,0,0.1,654850|225|2021-02-09,-0.5379254620071219,0.0
655704,225,2021-02-09,2021-02-18,10,control,0,0.6690431,1,dept_225_closure_2021-02-09,2021-01-30,2021-01,-1,0,0.1,655704|225|2021-02-09,0.11200029199287809,0.0
656521,225,2021-02-09,2021-02-18,10,treatment,1,0.04669351,0,dept_225_closure_2021-02-09,2021-01-30,2021-01,-1,0,0.1,656521|225|2021-02-09,-0.5103492980071219,0.0
658662,225,2021-02-09,2021-02-18,10,control,0,0.53507197,1,dept_225_closure_2021-02-09,2021-01-30,2021-01,-1,0,0.3,658662|225|2021-02-09,-0.021970838007121962,0.0
659493,225,2021-02-09,2021-02-18,10,control,0,0.42869598,0,dept_225_closure_2021-02-09,2021-01-30,2021-01,-1,0,0.1,659493|225|2021-02-09,-0.12834682800712194,0.0
659772,225,2021-02-09,2021-02-18,10,control,0,0.39867225,0,dept_225_closure_2021-02-09,2021-01-30,2021-01,-1,0,0.1,659772|225|2021-02-09,-0.1583705580071219,0.0
659815,225,2021-02-09,2021-02-18,10,control,0,0.9385042,1,dept_225_closure_2021-02-09,2021-01-30,2021-01,-1,0,0.3,659815|225|2021-02-09,0.3814613919928781,0.0
659817,225,2021-02-09,2021-02-18,10,control,0,0.3824475,0,dept_225_closure_2021-02-09,2021-01-30,2021-01,-1,0,0.1,659817|225|2021-02-09,-0.17459530800712192,0.0
660265,225,2021-02-09,2021-02-18,10,treatment,1,0.9978644,1,dept_225_closure_2021-02-09,2021-01-30,2021-01,-1,0,0.6,660265|225|2021-02-09,0.44082159199287807,0.0
660305,225,2021-02-09,2021-02-18,10,control,0,0.96064216,1,dept_225_closure_2021-02-09,2021-01-30,2021-01,-1,0,0.3,660305|225|2021-02-09,0.4035993519928781,0.0
661284,225,2021-02-09,2021-02-18,10,control,0,0.07477712,0,dept_225_closure_2021-02-09,2021-01-30,2021-01,-1,0,0.1,661284|225|2021-02-09,-0.4822656880071219,0.0
662869,225,2021-02-09,2021-02-18,10,control,0,0.32152742,0,dept_225_closure_2021-02-09,2021-01-30,2021-01,-1,0,0.1,662869|225|2021-02-09,-0.2355153880071219,0.0
663102,225,2021-02-09,2021-02-18,10,control,0,0.9994822,1,dept_225_closure_2021-02-09,2021-01-30,2021-01,-1,0,0.6,663102|225|2021-02-09,0.4424393919928781,0.0
663426,225,2021-02-09,2021-02-18,10,control,0,0.7689014,1,dept_225_closure_2021-02-09,2021-01-30,2021-01,-1,0,0.1,663426|225|2021-02-09,0.21185859199287804,0.0
664086,225,2021-02-09,2021-02-18,10,treatment,1,0.9762654,1,dept_225_closure_2021-02-09,2021-01-30,2021-01,-1,0,0.5,664086|225|2021-02-09,0.41922259199287804,0.0
665178,225,2021-02-09,2021-02-18,10,control,0,0.9335816,1,dept_225_closure_2021-02-09,2021-01-30,2021-01,-1,0,0.2,665178|225|2021-02-09,0.3765387919928781,0.0
666035,225,2021-02-09,2021-02-18,10,control,0,0.12785643,0,dept_225_closure_2021-02-09,2021-01-30,2021-01,-1,0,0.1,666035|225|2021-02-09,-0.4291863780071219,0.0
667668,225,2021-02-09,2021-02-18,10,control,0,0.99883133,1,dept_225_closure_2021-02-09,2021-01-30,2021-01,-1,0,0.5,667668|225|2021-02-09,0.4417885219928781,0.0
667898,225,2021-02-09,2021-02-18,10,treatment,1,0.4353089,0,dept_225_closure_2021-02-09,2021-01-30,2021-01,-1,0,0.1,667898|225|2021-02-09,-0.12173390800712192,0.0
668285,225,2021-02-09,2021-02-18,10,treatment,1,0.5645258,1,dept_225_closure_2021-02-09,2021-01-30,2021-01,-1,0,0.1,668285|225|2021-02-09,0.007482991992878052,0.0
668291,225,2021-02-09,2021-02-18,10,control,0,0.6522144,1,dept_225_closure_2021-02-09,2021-01-30,2021-01,-1,0,0.2,668291|225|2021-02-09,0.09517159199287806,0.0
669422,225,2021-02-09,2021-02-18,10,control,0,0.67992234,1,dept_225_closure_2021-02-09,2021-01-30,2021-01,-1,0,0.1,669422|225|2021-02-09,0.12287953199287804,0.0
669423,225,2021-02-09,2021-02-18,10,control,0,0.7847244,1,dept_225_closure_2021-02-09,2021-01-30,2021-01,-1,0,0.1,669423|225|2021-02-09,0.22768159199287807,0.0
670295,225,2021-02-09,2021-02-18,10,control,0,0.41161156,0,dept_225_closure_2021-02-09,2021-01-30,2021-01,-1,0,0.3,670295|225|2021-02-09,-0.14543124800712193,0.0
670764,225,2021-02-09,2021-02-18,10,control,0,0.30633968,0,dept_225_closure_2021-02-09,2021-01-30,2021-01,-1,0,0.2,670764|225|2021-02-09,-0.2507031280071219,0.0
671754,225,2021-02-09,2021-02-18,10,control,0,0.6846134,1,dept_225_closure_2021-02-09,2021-01-30,2021-01,-1,0,0.2,671754|225|2021-02-09,0.12757059199287812,0.0
671815,225,2021-02-09,2021-02-18,10,control,0,0.9897882,1,dept_225_closure_2021-02-09,2021-01-30,2021-01,-1,0,0.6,671815|225|2021-02-09,0.4327453919928781,0.0
673621,225,2021-02-09,2021-02-18,10,treatment,1,0.7729736,1,dept_225_closure_2021-02-09,2021-01-30,2021-01,-1,0,0.1,673621|225|2021-02-09,0.21593079199287812,0.0
674341,225,2021-02-09,2021-02-18,10,treatment,1,0.8209035,1,dept_225_closure_2021-02-09,2021-01-30,2021-01,-1,0,0.2,674341|225|2021-02-09,0.2638606919928781,0.0
674672,225,2021-02-09,2021-02-18,10,control,0,0.34065872,0,dept_225_closure_2021-02-09,2021-01-30,2021-01,-1,0,0.1,674672|225|2021-02-09,-0.2163840880071219,0.0
674694,225,2021-02-09,2021-02-18,10,control,0,0.19335683,0,dept_225_closure_2021-02-09,2021-01-30,2021-01,-1,0,0.1,674694|225|2021-02-09,-0.3636859780071219,0.0
675858,225,2021-02-09,2021-02-18,10,control,0,0.8422513,1,dept_225_closure_2021-02-09,2021-01-30,2021-01,-1,0,0.3,675858|225|2021-02-09,0.2852084919928781,0.0
676812,225,2021-02-09,2021-02-18,10,control,0,0.99570435,1,dept_225_closure_2021-02-09,2021-01-30,2021-01,-1,0,0.8,676812|225|2021-02-09,0.4386615419928781,0.0
677026,225,2021-02-09,2021-02-18,10,control,0,0.7089428,1,dept_225_closure_2021-02-09,2021-01-30,2021-01,-1,0,0.1,677026|225|2021-02-09,0.15189999199287807,0.0
677257,225,2021-02-09,2021-02-18,10,control,0,0.975809,1,dept_225_closure_2021-02-09,2021-01-30,2021-01,-1,0,0.2,677257|225|2021-02-09,0.4187661919928781,0.0
678901,225,2021-02-09,2021-02-18,10,control,0,0.9979645,1,dept_225_closure_2021-02-09,2021-01-30,2021-01,-1,0,0.6,678901|225|2021-02-09,0.4409216919928781,0.0
679712,225,2021-02-09,2021-02-18,10,control,0,0.81729364,1,dept_225_closure_2021-02-09,2021-01-30,2021-01,-1,0,0.3,679712|225|2021-02-09,0.26025083199287813,0.0
681513,225,2021-02-09,2021-02-18,10,control,0,0.059593797,0,dept_225_closure_2021-02-09,2021-01-30,2021-01,-1,0,0.1,681513|225|2021-02-09,-0.4974490110071219,0.0
684601,225,2021-02-09,2021-02-18,10,control,0,0.61403507,1,dept_225_closure_2021-02-09,2021-01-30,2021-01,-1,0,0.1,684601|225|2021-02-09,0.0569922619928781,0.0
687008,225,2021-02-09,2021-02-18,10,control,0,0.5195646,1,dept_225_closure_2021-02-09,2021-01-30,2021-01,-1,0,0.1,687008|225|2021-02-09,-0.03747820800712187,0.0
687150,225,2021-02-09,2021-02-18,10,control,0,0.876868,1,dept_225_closure_2021-02-09,2021-01-30,2021-01,-1,0,0.4,687150|225|2021-02-09,0.31982519199287807,0.0
687897,225,2021-02-09,2021-02-18,10,control,0,0.21601102,0,dept_225_closure_2021-02-09,2021-01-30,2021-01,-1,0,0.1,687897|225|2021-02-09,-0.3410317880071219,0.0
688637,225,2021-02-09,2021-02-18,10,control,0,0.7733657,1,dept_225_closure_2021-02-09,2021-01-30,2021-01,-1,0,0.2,688637|225|2021-02-09,0.21632289199287813,0.0
690589,225,2021-02-09,2021-02-18,10,control,0,0.5553213,1,dept_225_closure_2021-02-09,2021-01-30,2021-01,-1,0,0.1,690589|225|2021-02-09,-0.0017215080071218969,0.0
691229,225,2021-02-09,2021-02-18,10,treatment,1,0.89693713,1,dept_225_closure_2021-02-09,2021-01-30,2021-01,-1,0,0.5,691229|225|2021-02-09,0.33989432199287806,0.0
691713,225,2021-02-09,2021-02-18,10,control,0,0.8633706,1,dept_225_closure_2021-02-09,2021-01-30,2021-01,-1,0,0.2,691713|225|2021-02-09,0.3063277919928781,0.0
693271,225,2021-02-09,2021-02-18,10,control,0,0.12999293,0,dept_225_closure_2021-02-09,2021-01-30,2021-01,-1,0,0.1,693271|225|2021-02-09,-0.4270498780071219,0.0
695757,225,2021-02-09,2021-02-18,10,control,0,0.13072701,0,dept_225_closure_2021-02-09,2021-01-30,2021-01,-1,0,0.1,695757|225|2021-02-09,-0.42631579800712194,0.0
696610,225,2021-02-09,2021-02-18,10,control,0,0.1768223,0,dept_225_closure_2021-02-09,2021-01-30,2021-01,-1,0,0.1,696610|225|2021-02-09,-0.3802205080071219,0.0
697233,225,2021-02-09,2021-02-18,10,control,0,0.94105333,1,dept_225_closure_2021-02-09,2021-01-30,2021-01,-1,0,0.4,697233|225|2021-02-09,0.3840105219928781,0.0
697512,225,2021-02-09,2021-02-18,10,control,0,0.5605776,1,dept_225_closure_2021-02-09,2021-01-30,2021-01,-1,0,0.1,697512|225|2021-02-09,0.0035347919928780946,0.0
697894,225,2021-02-09,2021-02-18,10,control,0,0.79817176,1,dept_225_closure_2021-02-09,2021-01-30,2021-01,-1,0,0.1,697894|225|2021-02-09,0.2411289519928781,0.0
697973,225,2021-02-09,2021-02-18,10,control,0,0.18501806,0,dept_225_closure_2021-02-09,2021-01-30,2021-01,-1,0,0.1,697973|225|2021-02-09,-0.37202474800712193,0.0
701848,225,2021-02-09,2021-02-18,10,control,0,0.8108951,1,dept_225_closure_2021-02-09,2021-01-30,2021-01,-1,0,0.3,701848|225|2021-02-09,0.25385229199287807,0.0
702986,225,2021-02-09,2021-02-18,10,control,0,0.1872149,0,dept_225_closure_2021-02-09,2021-01-30,2021-01,-1,0,0.2,702986|225|2021-02-09,-0.36982790800712195,0.0
703120,225,2021-02-09,2021-02-18,10,control,0,0.85229796,1,dept_225_closure_2021-02-09,2021-01-30,2021-01,-1,0,0.1,703120|225|2021-02-09,0.2952551519928781,0.0
704201,225,2021-02-09,2021-02-18,10,control,0,0.94005144,1,dept_225_closure_2021-02-09,2021-01-30,2021-01,-1,0,0.3,704201|225|2021-02-09,0.38300863199287805,0.0
704382,225,2021-02-09,2021-02-18,10,treatment,1,0.016092248,0,dept_225_closure_2021-02-09,2021-01-30,2021-01,-1,0,0.1,704382|225|2021-02-09,-0.5409505600071219,0.0
705285,225,2021-02-09,2021-02-18,10,control,0,0.15315053,0,dept_225_closure_2021-02-09,2021-01-30,2021-01,-1,0,0.1,705285|225|2021-02-09,-0.4038922780071219,0.0
708489,225,2021-02-09,2021-02-18,10,control,0,0.7237068,1,dept_225_closure_2021-02-09,2021-01-30,2021-01,-1,0,0.1,708489|225|2021-02-09,0.16666399199287807,0.0
708585,225,2021-02-09,2021-02-18,10,control,0,0.19762886,0,dept_225_closure_2021-02-09,2021-01-30,2021-01,-1,0,0.2,708585|225|2021-02-09,-0.3594139480071219,0.0
708791,225,2021-02-09,2021-02-18,10,treatment,1,0.1377391,0,dept_225_closure_2021-02-09,2021-01-30,2021-01,-1,0,0.1,708791|225|2021-02-09,-0.4193037080071219,0.0
708892,225,2021-02-09,2021-02-18,10,control,0,0.18430051,0,dept_225_closure_2021-02-09,2021-01-30,2021-01,-1,0,0.1,708892|225|2021-02-09,-0.3727422980071219,0.0
711028,225,2021-02-09,2021-02-18,10,control,0,0.8355796,1,dept_225_closure_2021-02-09,2021-01-30,2021-01,-1,0,0.1,711028|225|2021-02-09,0.27853679199287806,0.0
711047,225,2021-02-09,2021-02-18,10,control,0,0.034083992,0,dept_225_closure_2021-02-09,2021-01-30,2021-01,-1,0,0.1,711047|225|2021-02-09,-0.5229588160071219,0.0
713527,225,2021-02-09,2021-02-18,10,control,0,0.09292669,0,dept_225_closure_2021-02-09,2021-01-30,2021-01,-1,0,0.4,713527|225|2021-02-09,-0.46411611800712194,0.0
713855,225,2021-02-09,2021-02-18,10,control,0,0.85167867,1,dept_225_closure_2021-02-09,2021-01-30,2021-01,-1,0,0.2,713855|225|2021-02-09,0.29463586199287806,0.0
713958,225,2021-02-09,2021-02-18,10,control,0,0.49726006,0,dept_225_closure_2021-02-09,2021-01-30,2021-01,-1,0,0.2,713958|225|2021-02-09,-0.05978274800712191,0.0
715131,225,2021-02-09,2021-02-18,10,control,0,0.92389244,1,dept_225_closure_2021-02-09,2021-01-30,2021-01,-1,0,0.1,715131|225|2021-02-09,0.3668496319928781,0.0
716396,225,2021-02-09,2021-02-18,10,control,0,0.8428176,1,dept_225_closure_2021-02-09,2021-01-30,2021-01,-1,0,0.2,716396|225|2021-02-09,0.28577479199287803,0.0
717293,225,2021-02-09,2021-02-18,10,control,0,0.25332803,0,dept_225_closure_2021-02-09,2021-01-30,2021-01,-1,0,0.1,717293|225|2021-02-09,-0.30371477800712193,0.0
718498,225,2021-02-09,2021-02-18,10,control,0,0.601293,1,dept_225_closure_2021-02-09,2021-01-30,2021-01,-1,0,0.2,718498|225|2021-02-09,0.04425019199287805,0.0
718943,225,2021-02-09,2021-02-18,10,control,0,0.22585094,0,dept_225_closure_2021-02-09,2021-01-30,2021-01,-1,0,0.1,718943|225|2021-02-09,-0.3311918680071219,0.0
723445,225,2021-02-09,2021-02-18,10,control,0,0.8507281,1,dept_225_closure_2021-02-09,2021-01-30,2021-01,-1,0,0.2,723445|225|2021-02-09,0.2936852919928781,0.0
723556,225,2021-02-09,2021-02-18,10,control,0,0.24095523,0,dept_225_closure_2021-02-09,2021-01-30,2021-01,-1,0,0.1,723556|225|2021-02-09,-0.31608757800712195,0.0
723737,225,2021-02-09,2021-02-18,10,treatment,1,0.70999473,1,dept_225_closure_2021-02-09,2021-01-30,2021-01,-1,0,0.2,723737|225|2021-02-09,0.1529519219928781,0.0
723885,225,2021-02-09,2021-02-18,10,control,0,0.39465505,0,dept_225_closure_2021-02-09,2021-01-30,2021-01,-1,0,0.1,723885|225|2021-02-09,-0.1623877580071219,0.0
724040,225,2021-02-09,2021-02-18,10,treatment,1,0.9974916,1,dept_225_closure_2021-02-09,2021-01-30,2021-01,-1,0,0.5,724040|225|2021-02-09,0.4404487919928781,0.0
725308,225,2021-02-09,2021-02-18,10,control,0,0.78447884,1,dept_225_closure_2021-02-09,2021-01-30,2021-01,-1,0,0.2,725308|225|2021-02-09,0.2274360319928781,0.0
727705,225,2021-02-09,2021-02-18,10,control,0,0.05598491,0,dept_225_closure_2021-02-09,2021-01-30,2021-01,-1,0,0.1,727705|225|2021-02-09,-0.5010578980071219,0.0
730581,225,2021-02-09,2021-02-18,10,control,0,0.72781026,1,dept_225_closure_2021-02-09,2021-01-30,2021-01,-1,0,0.2,730581|225|2021-02-09,0.17076745199287813,0.0
733149,225,2021-02-09,2021-02-18,10,control,0,0.075182885,0,dept_225_closure_2021-02-09,2021-01-30,2021-01,-1,0,0.1,733149|225|2021-02-09,-0.4818599230071219,0.0
733211,225,2021-02-09,2021-02-18,10,treatment,1,0.9522906,1,dept_225_closure_2021-02-09,2021-01-30,2021-01,-1,0,0.3,733211|225|2021-02-09,0.3952477919928781,0.0
734143,225,2021-02-09,2021-02-18,10,control,0,0.46848992,0,dept_225_closure_2021-02-09,2021-01-30,2021-01,-1,0,0.1,734143|225|2021-02-09,-0.08855288800712191,0.0
735208,225,2021-02-09,2021-02-18,10,control,0,0.731714,1,dept_225_closure_2021-02-09,2021-01-30,2021-01,-1,0,0.1,735208|225|2021-02-09,0.17467119199287806,0.0
735282,225,2021-02-09,2021-02-18,10,control,0,0.6528534,1,dept_225_closure_2021-02-09,2021-01-30,2021-01,-1,0,0.2,735282|225|2021-02-09,0.09581059199287811,0.0
735610,225,2021-02-09,2021-02-18,10,control,0,0.5116996,1,dept_225_closure_2021-02-09,2021-01-30,2021-01,-1,0,0.1,735610|225|2021-02-09,-0.04534320800712188,0.0
735616,225,2021-02-09,2021-02-18,10,control,0,0.14503029,0,dept_225_closure_2021-02-09,2021-01-30,2021-01,-1,0,0.1,735616|225|2021-02-09,-0.4120125180071219,0.0
735993,225,2021-02-09,2021-02-18,10,control,0,0.4518877,0,dept_225_closure_2021-02-09,2021-01-30,2021-01,-1,0,0.2,735993|225|2021-02-09,-0.10515510800712191,0.0
736071,225,2021-02-09,2021-02-18,10,control,0,0.28720596,0,dept_225_closure_2021-02-09,2021-01-30,2021-01,-1,0,0.1,736071|225|2021-02-09,-0.26983684800712193,0.0
736993,225,2021-02-09,2021-02-18,10,control,0,0.44273984,0,dept_225_closure_2021-02-09,2021-01-30,2021-01,-1,0,0.1,736993|225|2021-02-09,-0.11430296800712192,0.0
737299,225,2021-02-09,2021-02-18,10,control,0,0.906086,1,dept_225_closure_2021-02-09,2021-01-30,2021-01,-1,0,0.3,737299|225|2021-02-09,0.34904319199287803,0.0
737337,225,2021-02-09,2021-02-18,10,control,0,0.9937168,1,dept_225_closure_2021-02-09,2021-01-30,2021-01,-1,0,0.4,737337|225|2021-02-09,0.43667399199287804,0.0
737407,225,2021-02-09,2021-02-18,10,control,0,0.7900126,1,dept_225_closure_2021-02-09,2021-01-30,2021-01,-1,0,0.2,737407|225|2021-02-09,0.23296979199287804,0.0
737545,225,2021-02-09,2021-02-18,10,control,0,0.9986482,1,dept_225_closure_2021-02-09,2021-01-30,2021-01,-1,0,0.5,737545|225|2021-02-09,0.44160539199287807,0.0
737560,225,2021-02-09,2021-02-18,10,control,0,0.30817884,0,dept_225_closure_2021-02-09,2021-01-30,2021-01,-1,0,0.1,737560|225|2021-02-09,-0.2488639680071219,0.0
737581,225,2021-02-09,2021-02-18,10,control,0,0.79217803,1,dept_225_closure_2021-02-09,2021-01-30,2021-01,-1,0,0.2,737581|225|2021-02-09,0.23513522199287806,0.0
737722,225,2021-02-09,2021-02-18,10,control,0,0.97656333,1,dept_225_closure_2021-02-09,2021-01-30,2021-01,-1,0,0.2,737722|225|2021-02-09,0.41952052199287804,0.0
737761,225,2021-02-09,2021-02-18,10,control,0,0.007338932,0,dept_225_closure_2021-02-09,2021-01-30,2021-01,-1,0,0.1,737761|225|2021-02-09,-0.5497038760071219,0.0
739335,225,2021-02-09,2021-02-18,10,control,0,0.469756,0,dept_225_closure_2021-02-09,2021-01-30,2021-01,-1,0,0.1,739335|225|2021-02-09,-0.08728680800712191,0.0
740494,225,2021-02-09,2021-02-18,10,control,0,0.7680001,1,dept_225_closure_2021-02-09,2021-01-30,2021-01,-1,0,0.2,740494|225|2021-02-09,0.21095729199287805,0.0
740969,225,2021-02-09,2021-02-18,10,treatment,1,0.10188658,0,dept_225_closure_2021-02-09,2021-01-30,2021-01,-1,0,0.1,740969|225|2021-02-09,-0.4551562280071219,0.0
741243,225,2021-02-09,2021-02-18,10,control,0,0.30559075,0,dept_225_closure_2021-02-09,2021-01-30,2021-01,-1,0,0.1,741243|225|2021-02-09,-0.2514520580071219,0.0
741354,225,2021-02-09,2021-02-18,10,control,0,0.13810001,0,dept_225_closure_2021-02-09,2021-01-30,2021-01,-1,0,0.1,741354|225|2021-02-09,-0.4189427980071219,0.0
742991,225,2021-02-09,2021-02-18,10,control,0,0.89868057,1,dept_225_closure_2021-02-09,2021-01-30,2021-01,-1,0,0.2,742991|225|2021-02-09,0.3416377619928781,0.0
744097,225,2021-02-09,2021-02-18,10,control,0,0.7507349,1,dept_225_closure_2021-02-09,2021-01-30,2021-01,-1,0,0.1,744097|225|2021-02-09,0.19369209199287807,0.0
744787,225,2021-02-09,2021-02-18,10,control,0,0.07117133,0,dept_225_closure_2021-02-09,2021-01-30,2021-01,-1,0,0.1,744787|225|2021-02-09,-0.48587147800712194,0.0
749239,225,2021-02-09,2021-02-18,10,control,0,0.5890847,1,dept_225_closure_2021-02-09,2021-01-30,2021-01,-1,0,0.1,749239|225|2021-02-09,0.0320418919928781,0.0
749366,225,2021-02-09,2021-02-18,10,control,0,0.79701763,1,dept_225_closure_2021-02-09,2021-01-30,2021-01,-1,0,0.2,749366|225|2021-02-09,0.23997482199287812,0.0
750714,225,2021-02-09,2021-02-18,10,control,0,0.9721577,1,dept_225_closure_2021-02-09,2021-01-30,2021-01,-1,0,0.3,750714|225|2021-02-09,0.4151148919928781,0.0
752281,225,2021-02-09,2021-02-18,10,control,0,0.523927,1,dept_225_closure_2021-02-09,2021-01-30,2021-01,-1,0,0.1,752281|225|2021-02-09,-0.03311580800712188,0.0
752755,225,2021-02-09,2021-02-18,10,treatment,1,0.43572357,0,dept_225_closure_2021-02-09,2021-01-30,2021-01,-1,0,0.2,752755|225|2021-02-09,-0.12131923800712191,0.0
753422,225,2021-02-09,2021-02-18,10,control,0,0.99361503,1,dept_225_closure_2021-02-09,2021-01-30,2021-01,-1,0,0.6,753422|225|2021-02-09,0.43657222199287804,0.0
754569,225,2021-02-09,2021-02-18,10,control,0,0.7355976,1,dept_225_closure_2021-02-09,2021-01-30,2021-01,-1,0,0.3,754569|225|2021-02-09,0.17855479199287805,0.0
754608,225,2021-02-09,2021-02-18,10,treatment,1,0.27942598,0,dept_225_closure_2021-02-09,2021-01-30,2021-01,-1,0,0.1,754608|225|2021-02-09,-0.2776168280071219,0.0
754781,225,2021-02-09,2021-02-18,10,control,0,0.65508896,1,dept_225_closure_2021-02-09,2021-01-30,2021-01,-1,0,0.3,754781|225|2021-02-09,0.09804615199287814,0.0
755519,225,2021-02-09,2021-02-18,10,control,0,0.9875329,1,dept_225_closure_2021-02-09,2021-01-30,2021-01,-1,0,0.4,755519|225|2021-02-09,0.43049009199287813,0.0
756072,225,2021-02-09,2021-02-18,10,control,0,0.91919154,1,dept_225_closure_2021-02-09,2021-01-30,2021-01,-1,0,0.1,756072|225|2021-02-09,0.3621487319928781,0.0
756199,225,2021-02-09,2021-02-18,10,control,0,0.11504102,0,dept_225_closure_2021-02-09,2021-01-30,2021-01,-1,0,0.1,756199|225|2021-02-09,-0.4420017880071219,0.0
756502,225,2021-02-09,2021-02-18,10,control,0,0.3910325,0,dept_225_closure_2021-02-09,2021-01-30,2021-01,-1,0,0.1,756502|225|2021-02-09,-0.1660103080071219,0.0
756971,225,2021-02-09,2021-02-18,10,control,0,0.2952949,0,dept_225_closure_2021-02-09,2021-01-30,2021-01,-1,0,0.2,756971|225|2021-02-09,-0.2617479080071219,0.0
757056,225,2021-02-09,2021-02-18,10,control,0,0.42773086,0,dept_225_closure_2021-02-09,2021-01-30,2021-01,-1,0,0.1,757056|225|2021-02-09,-0.12931194800712192,0.0
757357,225,2021-02-09,2021-02-18,10,control,0,0.36798954,0,dept_225_closure_2021-02-09,2021-01-30,2021-01,-1,0,0.1,757357|225|2021-02-09,-0.1890532680071219,0.0
758063,225,2021-02-09,2021-02-18,10,control,0,0.3986683,0,dept_225_closure_2021-02-09,2021-01-30,2021-01,-1,0,0.1,758063|225|2021-02-09,-0.15837450800712194,0.0
759517,225,2021-02-09,2021-02-18,10,treatment,1,0.5149611,1,dept_225_closure_2021-02-09,2021-01-30,2021-01,-1,0,0.1,759517|225|2021-02-09,-0.042081708007121965,0.0
759625,225,2021-02-09,2021-02-18,10,control,0,0.9922122,1,dept_225_closure_2021-02-09,2021-01-30,2021-01,-1,0,0.7,759625|225|2021-02-09,0.4351693919928781,0.0
760335,225,2021-02-09,2021-02-18,10,control,0,0.9141567,1,dept_225_closure_2021-02-09,2021-01-30,2021-01,-1,0,0.2,760335|225|2021-02-09,0.35711389199287813,0.0
760715,225,2021-02-09,2021-02-18,10,control,0,0.5291001,1,dept_225_closure_2021-02-09,2021-01-30,2021-01,-1,0,0.2,760715|225|2021-02-09,-0.027942708007121952,0.0
761698,225,2021-02-09,2021-02-18,10,control,0,0.8022312,1,dept_225_closure_2021-02-09,2021-01-30,2021-01,-1,0,0.1,761698|225|2021-02-09,0.24518839199287812,0.0
762486,225,2021-02-09,2021-02-18,10,control,0,0.9525126,1,dept_225_closure_2021-02-09,2021-01-30,2021-01,-1,0,0.4,762486|225|2021-02-09,0.39546979199287813,0.0
763102,225,2021-02-09,2021-02-18,10,control,0,0.2966211,0,dept_225_closure_2021-02-09,2021-01-30,2021-01,-1,0,0.1,763102|225|2021-02-09,-0.2604217080071219,0.0
763597,225,2021-02-09,2021-02-18,10,control,0,0.48588014,0,dept_225_closure_2021-02-09,2021-01-30,2021-01,-1,0,0.1,763597|225|2021-02-09,-0.0711626680071219,0.0
764652,225,2021-02-09,2021-02-18,10,control,0,0.9702867,1,dept_225_closure_2021-02-09,2021-01-30,2021-01,-1,0,0.5,764652|225|2021-02-09,0.41324389199287803,0.0
764896,225,2021-02-09,2021-02-18,10,control,0,0.7929486,1,dept_225_closure_2021-02-09,2021-01-30,2021-01,-1,0,0.2,764896|225|2021-02-09,0.2359057919928781,0.0
765787,225,2021-02-09,2021-02-18,10,control,0,0.6652048,1,dept_225_closure_2021-02-09,2021-01-30,2021-01,-1,0,0.5,765787|225|2021-02-09,0.10816199199287813,0.0
766235,225,2021-02-09,2021-02-18,10,control,0,0.23883905,0,dept_225_closure_2021-02-09,2021-01-30,2021-01,-1,0,0.1,766235|225|2021-02-09,-0.3182037580071219,0.0
766771,225,2021-02-09,2021-02-18,10,control,0,0.9949444,1,dept_225_closure_2021-02-09,2021-01-30,2021-01,-1,0,0.3,766771|225|2021-02-09,0.43790159199287804,0.0
767847,225,2021-02-09,2021-02-18,10,control,0,0.6813335,1,dept_225_closure_2021-02-09,2021-01-30,2021-01,-1,0,0.5,767847|225|2021-02-09,0.12429069199287812,0.0
769437,225,2021-02-09,2021-02-18,10,control,0,0.64949113,1,dept_225_closure_2021-02-09,2021-01-30,2021-01,-1,0,0.1,769437|225|2021-02-09,0.09244832199287811,0.0
769863,225,2021-02-09,2021-02-18,10,treatment,1,0.6316026,1,dept_225_closure_2021-02-09,2021-01-30,2021-01,-1,0,0.1,769863|225|2021-02-09,0.0745597919928781,0.0
770360,225,2021-02-09,2021-02-18,10,control,0,0.43682277,0,dept_225_closure_2021-02-09,2021-01-30,2021-01,-1,0,0.1,770360|225|2021-02-09,-0.12022003800712189,0.0
771383,225,2021-02-09,2021-02-18,10,control,0,0.5376364,1,dept_225_closure_2021-02-09,2021-01-30,2021-01,-1,0,0.2,771383|225|2021-02-09,-0.0194064080071219,0.0
771652,225,2021-02-09,2021-02-18,10,control,0,0.3963786,0,dept_225_closure_2021-02-09,2021-01-30,2021-01,-1,0,0.1,771652|225|2021-02-09,-0.1606642080071219,0.0
771796,225,2021-02-09,2021-02-18,10,control,0,0.59382474,1,dept_225_closure_2021-02-09,2021-01-30,2021-01,-1,0,0.1,771796|225|2021-02-09,0.03678193199287805,0.0
772803,225,2021-02-09,2021-02-18,10,control,0,0.29600552,0,dept_225_closure_2021-02-09,2021-01-30,2021-01,-1,0,0.1,772803|225|2021-02-09,-0.2610372880071219,0.0
774073,225,2021-02-09,2021-02-18,10,control,0,0.86488825,1,dept_225_closure_2021-02-09,2021-01-30,2021-01,-1,0,0.4,774073|225|2021-02-09,0.3078454419928781,0.0
774144,225,2021-02-09,2021-02-18,10,control,0,0.33690736,0,dept_225_closure_2021-02-09,2021-01-30,2021-01,-1,0,0.2,774144|225|2021-02-09,-0.22013544800712193,0.0
774196,225,2021-02-09,2021-02-18,10,control,0,0.941812,1,dept_225_closure_2021-02-09,2021-01-30,2021-01,-1,0,0.5,774196|225|2021-02-09,0.38476919199287807,0.0
775441,225,2021-02-09,2021-02-18,10,control,0,0.08261001,0,dept_225_closure_2021-02-09,2021-01-30,2021-01,-1,0,0.1,775441|225|2021-02-09,-0.4744327980071219,0.0
777571,225,2021-02-09,2021-02-18,10,control,0,0.29030535,0,dept_225_closure_2021-02-09,2021-01-30,2021-01,-1,0,0.1,777571|225|2021-02-09,-0.2667374580071219,0.0
778537,225,2021-02-09,2021-02-18,10,treatment,1,0.73807734,1,dept_225_closure_2021-02-09,2021-01-30,2021-01,-1,0,0.1,778537|225|2021-02-09,0.1810345319928781,0.0
780220,225,2021-02-09,2021-02-18,10,treatment,1,0.15151207,0,dept_225_closure_2021-02-09,2021-01-30,2021-01,-1,0,0.1,780220|225|2021-02-09,-0.4055307380071219,0.0
781494,225,2021-02-09,2021-02-18,10,treatment,1,0.9819272,1,dept_225_closure_2021-02-09,2021-01-30,2021-01,-1,0,0.4,781494|225|2021-02-09,0.4248843919928781,0.0
781749,225,2021-02-09,2021-02-18,10,control,0,0.34949872,0,dept_225_closure_2021-02-09,2021-01-30,2021-01,-1,0,0.1,781749|225|2021-02-09,-0.20754408800712193,0.0
782815,225,2021-02-09,2021-02-18,10,control,0,0.048142757,0,dept_225_closure_2021-02-09,2021-01-30,2021-01,-1,0,0.2,782815|225|2021-02-09,-0.5089000510071219,0.0
783761,225,2021-02-09,2021-02-18,10,control,0,0.87922394,1,dept_225_closure_2021-02-09,2021-01-30,2021-01,-1,0,0.2,783761|225|2021-02-09,0.3221811319928781,0.0
784190,225,2021-02-09,2021-02-18,10,treatment,1,0.42112172,0,dept_225_closure_2021-02-09,2021-01-30,2021-01,-1,0,0.1,784190|225|2021-02-09,-0.13592108800712194,0.0
784247,225,2021-02-09,2021-02-18,10,control,0,0.37388155,0,dept_225_closure_2021-02-09,2021-01-30,2021-01,-1,0,0.1,784247|225|2021-02-09,-0.1831612580071219,0.0
784378,225,2021-02-09,2021-02-18,10,control,0,0.6521716,1,dept_225_closure_2021-02-09,2021-01-30,2021-01,-1,0,0.2,784378|225|2021-02-09,0.09512879199287805,0.0
785479,225,2021-02-09,2021-02-18,10,control,0,0.38954622,0,dept_225_closure_2021-02-09,2021-01-30,2021-01,-1,0,0.1,785479|225|2021-02-09,-0.16749658800712192,0.0
789372,225,2021-02-09,2021-02-18,10,control,0,0.5044561,1,dept_225_closure_2021-02-09,2021-01-30,2021-01,-1,0,0.3,789372|225|2021-02-09,-0.05258670800712195,0.0
789746,225,2021-02-09,2021-02-18,10,treatment,1,0.71691763,1,dept_225_closure_2021-02-09,2021-01-30,2021-01,-1,0,0.2,789746|225|2021-02-09,0.15987482199287806,0.0
791023,225,2021-02-09,2021-02-18,10,treatment,1,0.8417338,1,dept_225_closure_2021-02-09,2021-01-30,2021-01,-1,0,0.2,791023|225|2021-02-09,0.28469099199287806,0.0
791706,225,2021-02-09,2021-02-18,10,control,0,0.55756235,1,dept_225_closure_2021-02-09,2021-01-30,2021-01,-1,0,0.1,791706|225|2021-02-09,0.0005195419928780698,0.0
792259,225,2021-02-09,2021-02-18,10,control,0,0.27055612,0,dept_225_closure_2021-02-09,2021-01-30,2021-01,-1,0,0.1,792259|225|2021-02-09,-0.2864866880071219,0.0
792330,225,2021-02-09,2021-02-18,10,control,0,0.30864796,0,dept_225_closure_2021-02-09,2021-01-30,2021-01,-1,0,0.2,792330|225|2021-02-09,-0.24839484800712192,0.0
793532,225,2021-02-09,2021-02-18,10,control,0,0.8851609,1,dept_225_closure_2021-02-09,2021-01-30,2021-01,-1,0,0.1,793532|225|2021-02-09,0.3281180919928781,0.0
793923,225,2021-02-09,2021-02-18,10,control,0,0.15183781,0,dept_225_closure_2021-02-09,2021-01-30,2021-01,-1,0,0.1,793923|225|2021-02-09,-0.40520499800712195,0.0
794398,225,2021-02-09,2021-02-18,10,treatment,1,0.5736346,1,dept_225_closure_2021-02-09,2021-01-30,2021-01,-1,0,0.1,794398|225|2021-02-09,0.01659179199287808,0.0
796113,225,2021-02-09,2021-02-18,10,control,0,0.0056227576,0,dept_225_closure_2021-02-09,2021-01-30,2021-01,-1,0,0.1,796113|225|2021-02-09,-0.5514200504071219,0.0
796286,225,2021-02-09,2021-02-18,10,control,0,0.9186294,1,dept_225_closure_2021-02-09,2021-01-30,2021-01,-1,0,0.3,796286|225|2021-02-09,0.3615865919928781,0.0
796930,225,2021-02-09,2021-02-18,10,control,0,0.9921591,1,dept_225_closure_2021-02-09,2021-01-30,2021-01,-1,0,0.7,796930|225|2021-02-09,0.43511629199287805,0.0
796971,225,2021-02-09,2021-02-18,10,control,0,0.73464483,1,dept_225_closure_2021-02-09,2021-01-30,2021-01,-1,0,0.2,796971|225|2021-02-09,0.1776020219928781,0.0
797941,225,2021-02-09,2021-02-18,10,control,0,0.36482874,0,dept_225_closure_2021-02-09,2021-01-30,2021-01,-1,0,0.1,797941|225|2021-02-09,-0.19221406800712193,0.0
798263,225,2021-02-09,2021-02-18,10,control,0,0.58305246,1,dept_225_closure_2021-02-09,2021-01-30,2021-01,-1,0,0.1,798263|225|2021-02-09,0.02600965199287808,0.0
799049,225,2021-02-09,2021-02-18,10,control,0,0.9824901,1,dept_225_closure_2021-02-09,2021-01-30,2021-01,-1,0,0.2,799049|225|2021-02-09,0.4254472919928781,0.0
801294,225,2021-02-09,2021-02-18,10,control,0,0.41131797,0,dept_225_closure_2021-02-09,2021-01-30,2021-01,-1,0,0.1,801294|225|2021-02-09,-0.14572483800712194,0.0
801718,225,2021-02-09,2021-02-18,10,control,0,0.99905974,1,dept_225_closure_2021-02-09,2021-01-30,2021-01,-1,0,0.5,801718|225|2021-02-09,0.44201693199287806,0.0
803224,225,2021-02-09,2021-02-18,10,control,0,0.7826386,1,dept_225_closure_2021-02-09,2021-01-30,2021-01,-1,0,0.2,803224|225|2021-02-09,0.22559579199287805,0.0
804722,225,2021-02-09,2021-02-18,10,control,0,0.9922273,1,dept_225_closure_2021-02-09,2021-01-30,2021-01,-1,0,0.6,804722|225|2021-02-09,0.4351844919928781,0.0
805264,225,2021-02-09,2021-02-18,10,treatment,1,0.3060513,0,dept_225_closure_2021-02-09,2021-01-30,2021-01,-1,0,0.2,805264|225|2021-02-09,-0.2509915080071219,0.0
805366,225,2021-02-09,2021-02-18,10,control,0,0.22654901,0,dept_225_closure_2021-02-09,2021-01-30,2021-01,-1,0,0.1,805366|225|2021-02-09,-0.3304937980071219,0.0
807855,225,2021-02-09,2021-02-18,10,treatment,1,0.7708943,1,dept_225_closure_2021-02-09,2021-01-30,2021-01,-1,0,0.2,807855|225|2021-02-09,0.21385149199287812,0.0
809500,225,2021-02-09,2021-02-18,10,control,0,0.31644803,0,dept_225_closure_2021-02-09,2021-01-30,2021-01,-1,0,0.3,809500|225|2021-02-09,-0.24059477800712192,0.0
5,225,2021-02-09,2021-02-18,10,control,0,0.14528728,0,dept_225_closure_2021-02-09,2021-02-19,2021-02,1,1,0.0,5|225|2021-02-09,-0.4117555280071219,0.0
866,225,2021-02-09,2021-02-18,10,control,0,0.34398916,0,dept_225_closure_2021-02-09,2021-02-19,2021-02,1,1,0.1,866|225|2021-02-09,-0.2130536480071219,0.0
1100,225,2021-02-09,2021-02-18,10,control,0,0.6347374,1,dept_225_closure_2021-02-09,2021-02-19,2021-02,1,1,0.2,1100|225|2021-02-09,0.07769459199287809,0.0
2097,225,2021-02-09,2021-02-18,10,control,0,0.23596613,0,dept_225_closure_2021-02-09,2021-02-19,2021-02,1,1,0.1,2097|225|2021-02-09,-0.3210766780071219,0.0
2185,225,2021-02-09,2021-02-18,10,control,0,0.2621139,0,dept_225_closure_2021-02-09,2021-02-19,2021-02,1,1,0.1,2185|225|2021-02-09,-0.2949289080071219,0.0
2206,225,2021-02-09,2021-02-18,10,control,0,0.4399006,0,dept_225_closure_2021-02-09,2021-02-19,2021-02,1,1,0.2,2206|225|2021-02-09,-0.11714220800712194,0.0
3239,225,2021-02-09,2021-02-18,10,control,0,0.085536055,0,dept_225_closure_2021-02-09,2021-02-19,2021-02,1,1,0.2,3239|225|2021-02-09,-0.4715067530071219,0.0
3256,225,2021-02-09,2021-02-18,10,control,0,0.27744627,0,dept_225_closure_2021-02-09,2021-02-19,2021-02,1,1,0.2,3256|225|2021-02-09,-0.2795965380071219,0.0
5717,225,2021-02-09,2021-02-18,10,control,0,0.86031544,1,dept_225_closure_2021-02-09,2021-02-19,2021-02,1,1,0.1,5717|225|2021-02-09,0.30327263199287813,0.0
7281,225,2021-02-09,2021-02-18,10,control,0,0.99898213,1,dept_225_closure_2021-02-09,2021-02-19,2021-02,1,1,0.5,7281|225|2021-02-09,0.4419393219928781,0.0
8427,225,2021-02-09,2021-02-18,10,control,0,0.019571843,0,dept_225_closure_2021-02-09,2021-02-19,2021-02,1,1,0.0,8427|225|2021-02-09,-0.5374709650071219,0.0
8449,225,2021-02-09,2021-02-18,10,control,0,0.08294749,0,dept_225_closure_2021-02-09,2021-02-19,2021-02,1,1,0.0,8449|225|2021-02-09,-0.4740953180071219,0.0
10251,225,2021-02-09,2021-02-18,10,control,0,0.52154756,1,dept_225_closure_2021-02-09,2021-02-19,2021-02,1,1,0.0,10251|225|2021-02-09,-0.03549524800712189,0.0
12391,225,2021-02-09,2021-02-18,10,control,0,0.15027635,0,dept_225_closure_2021-02-09,2021-02-19,2021-02,1,1,0.0,12391|225|2021-02-09,-0.4067664580071219,0.0
12400,225,2021-02-09,2021-02-18,10,control,0,0.018340718,0,dept_225_closure_2021-02-09,2021-02-19,2021-02,1,1,0.0,12400|225|2021-02-09,-0.5387020900071219,0.0
12928,225,2021-02-09,2021-02-18,10,control,0,0.8517119,1,dept_225_closure_2021-02-09,2021-02-19,2021-02,1,1,0.2,12928|225|2021-02-09,0.29466909199287805,0.0
15825,225,2021-02-09,2021-02-18,10,control,0,0.21903794,0,dept_225_closure_2021-02-09,2021-02-19,2021-02,1,1,0.0,15825|225|2021-02-09,-0.33800486800712193,0.0
16611,225,2021-02-09,2021-02-18,10,control,0,0.03530123,0,dept_225_closure_2021-02-09,2021-02-19,2021-02,1,1,0.0,16611|225|2021-02-09,-0.521741578007122,0.0
17269,225,2021-02-09,2021-02-18,10,control,0,0.21498367,0,dept_225_closure_2021-02-09,2021-02-19,2021-02,1,1,0.0,17269|225|2021-02-09,-0.34205913800712195,0.0
17312,225,2021-02-09,2021-02-18,10,control,0,0.36621094,0,dept_225_closure_2021-02-09,2021-02-19,2021-02,1,1,0.0,17312|225|2021-02-09,-0.19083186800712193,0.0
19087,225,2021-02-09,2021-02-18,10,control,0,0.1141593,0,dept_225_closure_2021-02-09,2021-02-19,2021-02,1,1,0.0,19087|225|2021-02-09,-0.4428835080071219,0.0
19767,225,2021-02-09,2021-02-18,10,control,0,0.48095965,0,dept_225_closure_2021-02-09,2021-02-19,2021-02,1,1,0.1,19767|225|2021-02-09,-0.0760831580071219,0.0
19961,225,2021-02-09,2021-02-18,10,control,0,0.2612961,0,dept_225_closure_2021-02-09,2021-02-19,2021-02,1,1,0.1,19961|225|2021-02-09,-0.29574670800712194,0.0
20829,225,2021-02-09,2021-02-18,10,control,0,0.84562606,1,dept_225_closure_2021-02-09,2021-02-19,2021-02,1,1,0.1,20829|225|2021-02-09,0.28858325199287804,0.0
22301,225,2021-02-09,2021-02-18,10,treatment,1,0.49965566,0,dept_225_closure_2021-02-09,2021-02-19,2021-02,1,1,0.1,22301|225|2021-02-09,-0.05738714800712191,0.0
22417,225,2021-02-09,2021-02-18,10,control,0,0.99820554,1,dept_225_closure_2021-02-09,2021-02-19,2021-02,1,1,0.5,22417|225|2021-02-09,0.44116273199287803,0.0
24695,225,2021-02-09,2021-02-18,10,control,0,0.23371305,0,dept_225_closure_2021-02-09,2021-02-19,2021-02,1,1,0.0,24695|225|2021-02-09,-0.32332975800712194,0.0
27305,225,2021-02-09,2021-02-18,10,control,0,0.934971,1,dept_225_closure_2021-02-09,2021-02-19,2021-02,1,1,0.3,27305|225|2021-02-09,0.3779281919928781,0.0
27339,225,2021-02-09,2021-02-18,10,control,0,0.06848284,0,dept_225_closure_2021-02-09,2021-02-19,2021-02,1,1,0.0,27339|225|2021-02-09,-0.4885599680071219,0.0
28349,225,2021-02-09,2021-02-18,10,control,0,0.031649835,0,dept_225_closure_2021-02-09,2021-02-19,2021-02,1,1,0.1,28349|225|2021-02-09,-0.525392973007122,0.0
28784,225,2021-02-09,2021-02-18,10,control,0,0.96120983,1,dept_225_closure_2021-02-09,2021-02-19,2021-02,1,1,0.1,28784|225|2021-02-09,0.40416702199287813,0.0
29011,225,2021-02-09,2021-02-18,10,control,0,0.89105934,1,dept_225_closure_2021-02-09,2021-02-19,2021-02,1,1,0.0,29011|225|2021-02-09,0.33401653199287806,0.0
29025,225,2021-02-09,2021-02-18,10,control,0,0.93348074,1,dept_225_closure_2021-02-09,2021-02-19,2021-02,1,1,0.2,29025|225|2021-02-09,0.3764379319928781,0.0
29713,225,2021-02-09,2021-02-18,10,control,0,0.5263306,1,dept_225_closure_2021-02-09,2021-02-19,2021-02,1,1,0.0,29713|225|2021-02-09,-0.030712208007121933,0.0
31068,225,2021-02-09,2021-02-18,10,control,0,0.3156137,0,dept_225_closure_2021-02-09,2021-02-19,2021-02,1,1,0.1,31068|225|2021-02-09,-0.24142910800712192,0.0
31075,225,2021-02-09,2021-02-18,10,control,0,0.39527813,0,dept_225_closure_2021-02-09,2021-02-19,2021-02,1,1,0.0,31075|225|2021-02-09,-0.1617646780071219,0.0
31139,225,2021-02-09,2021-02-18,10,treatment,1,0.24236429,0,dept_225_closure_2021-02-09,2021-02-19,2021-02,1,1,0.0,31139|225|2021-02-09,-0.3146785180071219,0.0
31524,225,2021-02-09,2021-02-18,10,control,0,0.05243684,0,dept_225_closure_2021-02-09,2021-02-19,2021-02,1,1,0.3,31524|225|2021-02-09,-0.5046059680071219,0.0
32473,225,2021-02-09,2021-02-18,10,control,0,0.72997993,1,dept_225_closure_2021-02-09,2021-02-19,2021-02,1,1,0.2,32473|225|2021-02-09,0.17293712199287814,0.0
32707,225,2021-02-09,2021-02-18,10,control,0,0.9788866,1,dept_225_closure_2021-02-09,2021-02-19,2021-02,1,1,0.3,32707|225|2021-02-09,0.42184379199287814,0.0
34116,225,2021-02-09,2021-02-18,10,control,0,0.4045588,0,dept_225_closure_2021-02-09,2021-02-19,2021-02,1,1,0.2,34116|225|2021-02-09,-0.15248400800712192,0.0
36662,225,2021-02-09,2021-02-18,10,control,0,0.1691688,0,dept_225_closure_2021-02-09,2021-02-19,2021-02,1,1,0.1,36662|225|2021-02-09,-0.3878740080071219,0.0
37330,225,2021-02-09,2021-02-18,10,treatment,1,0.39923403,0,dept_225_closure_2021-02-09,2021-02-19,2021-02,1,1,0.1,37330|225|2021-02-09,-0.1578087780071219,0.0
38200,225,2021-02-09,2021-02-18,10,control,0,0.41114828,0,dept_225_closure_2021-02-09,2021-02-19,2021-02,1,1,0.0,38200|225|2021-02-09,-0.14589452800712194,0.0
39228,225,2021-02-09,2021-02-18,10,control,0,0.93770295,1,dept_225_closure_2021-02-09,2021-02-19,2021-02,1,1,0.3,39228|225|2021-02-09,0.3806601419928781,0.0
40566,225,2021-02-09,2021-02-18,10,control,0,0.9946063,1,dept_225_closure_2021-02-09,2021-02-19,2021-02,1,1,0.6,40566|225|2021-02-09,0.43756349199287814,0.0
44385,225,2021-02-09,2021-02-18,10,control,0,0.81834763,1,dept_225_closure_2021-02-09,2021-02-19,2021-02,1,1,0.1,44385|225|2021-02-09,0.2613048219928781,0.0
44793,225,2021-02-09,2021-02-18,10,control,0,0.8609171,1,dept_225_closure_2021-02-09,2021-02-19,2021-02,1,1,0.2,44793|225|2021-02-09,0.3038742919928781,0.0
46191,225,2021-02-09,2021-02-18,10,control,0,0.85950613,1,dept_225_closure_2021-02-09,2021-02-19,2021-02,1,1,0.0,46191|225|2021-02-09,0.30246332199287806,0.0
47222,225,2021-02-09,2021-02-18,10,treatment,1,0.49709675,0,dept_225_closure_2021-02-09,2021-02-19,2021-02,1,1,0.0,47222|225|2021-02-09,-0.05994605800712194,0.0
48637,225,2021-02-09,2021-02-18,10,treatment,1,0.54981667,1,dept_225_closure_2021-02-09,2021-02-19,2021-02,1,1,0.0,48637|225|2021-02-09,-0.007226138007121907,0.0
49220,225,2021-02-09,2021-02-18,10,control,0,0.37845916,0,dept_225_closure_2021-02-09,2021-02-19,2021-02,1,1,0.0,49220|225|2021-02-09,-0.1785836480071219,0.0
50187,225,2021-02-09,2021-02-18,10,control,0,0.86367977,1,dept_225_closure_2021-02-09,2021-02-19,2021-02,1,1,0.3,50187|225|2021-02-09,0.30663696199287804,0.0
51175,225,2021-02-09,2021-02-18,10,control,0,0.06736726,0,dept_225_closure_2021-02-09,2021-02-19,2021-02,1,1,0.0,51175|225|2021-02-09,-0.48967554800712193,0.0
51232,225,2021-02-09,2021-02-18,10,treatment,1,0.96270984,1,dept_225_closure_2021-02-09,2021-02-19,2021-02,1,1,0.0,51232|225|2021-02-09,0.4056670319928781,0.0
51386,225,2021-02-09,2021-02-18,10,treatment,1,0.9826988,1,dept_225_closure_2021-02-09,2021-02-19,2021-02,1,1,0.5,51386|225|2021-02-09,0.42565599199287807,0.0
52482,225,2021-02-09,2021-02-18,10,control,0,0.7282863,1,dept_225_closure_2021-02-09,2021-02-19,2021-02,1,1,0.1,52482|225|2021-02-09,0.17124349199287814,0.0
52509,225,2021-02-09,2021-02-18,10,control,0,0.9856984,1,dept_225_closure_2021-02-09,2021-02-19,2021-02,1,1,0.4,52509|225|2021-02-09,0.42865559199287806,0.0
52857,225,2021-02-09,2021-02-18,10,control,0,0.39206263,0,dept_225_closure_2021-02-09,2021-02-19,2021-02,1,1,0.1,52857|225|2021-02-09,-0.1649801780071219,0.0
55277,225,2021-02-09,2021-02-18,10,control,0,0.7247857,1,dept_225_closure_2021-02-09,2021-02-19,2021-02,1,1,0.1,55277|225|2021-02-09,0.16774289199287806,0.0
56953,225,2021-02-09,2021-02-18,10,control,0,0.8950663,1,dept_225_closure_2021-02-09,2021-02-19,2021-02,1,1,0.3,56953|225|2021-02-09,0.33802349199287807,0.0
57362,225,2021-02-09,2021-02-18,10,control,0,0.5430405,1,dept_225_closure_2021-02-09,2021-02-19,2021-02,1,1,0.1,57362|225|2021-02-09,-0.014002308007121878,0.0
57582,225,2021-02-09,2021-02-18,10,control,0,0.92595965,1,dept_225_closure_2021-02-09,2021-02-19,2021-02,1,1,0.3,57582|225|2021-02-09,0.3689168419928781,0.0
62574,225,2021-02-09,2021-02-18,10,control,0,0.24900906,0,dept_225_closure_2021-02-09,2021-02-19,2021-02,1,1,0.1,62574|225|2021-02-09,-0.3080337480071219,0.0
63220,225,2021-02-09,2021-02-18,10,control,0,0.88363045,1,dept_225_closure_2021-02-09,2021-02-19,2021-02,1,1,0.3,63220|225|2021-02-09,0.32658764199287804,0.0
64080,225,2021-02-09,2021-02-18,10,treatment,1,0.5486668,1,dept_225_closure_2021-02-09,2021-02-19,2021-02,1,1,0.0,64080|225|2021-02-09,-0.008376008007121905,0.0
73719,225,2021-02-09,2021-02-18,10,control,0,0.48416466,0,dept_225_closure_2021-02-09,2021-02-19,2021-02,1,1,0.0,73719|225|2021-02-09,-0.07287814800712189,0.0
75205,225,2021-02-09,2021-02-18,10,control,0,0.87622863,1,dept_225_closure_2021-02-09,2021-02-19,2021-02,1,1,0.1,75205|225|2021-02-09,0.31918582199287804,0.0
77516,225,2021-02-09,2021-02-18,10,control,0,0.88889474,1,dept_225_closure_2021-02-09,2021-02-19,2021-02,1,1,0.2,77516|225|2021-02-09,0.3318519319928781,0.0
79269,225,2021-02-09,2021-02-18,10,control,0,0.14135796,0,dept_225_closure_2021-02-09,2021-02-19,2021-02,1,1,0.0,79269|225|2021-02-09,-0.4156848480071219,0.0
82976,225,2021-02-09,2021-02-18,10,control,0,0.5032989,1,dept_225_closure_2021-02-09,2021-02-19,2021-02,1,1,0.3,82976|225|2021-02-09,-0.05374390800712192,0.0
83920,225,2021-02-09,2021-02-18,10,control,0,0.10722636,0,dept_225_closure_2021-02-09,2021-02-19,2021-02,1,1,0.0,83920|225|2021-02-09,-0.4498164480071219,0.0
85561,225,2021-02-09,2021-02-18,10,treatment,1,0.30561054,0,dept_225_closure_2021-02-09,2021-02-19,2021-02,1,1,0.1,85561|225|2021-02-09,-0.25143226800712193,0.0
85580,225,2021-02-09,2021-02-18,10,control,0,0.96883047,1,dept_225_closure_2021-02-09,2021-02-19,2021-02,1,1,0.0,85580|225|2021-02-09,0.4117876619928781,0.0
85848,225,2021-02-09,2021-02-18,10,control,0,0.047726985,0,dept_225_closure_2021-02-09,2021-02-19,2021-02,1,1,0.0,85848|225|2021-02-09,-0.509315823007122,0.0
88712,225,2021-02-09,2021-02-18,10,control,0,0.27502534,0,dept_225_closure_2021-02-09,2021-02-19,2021-02,1,1,0.0,88712|225|2021-02-09,-0.2820174680071219,0.0
90821,225,2021-02-09,2021-02-18,10,control,0,0.10521385,0,dept_225_closure_2021-02-09,2021-02-19,2021-02,1,1,0.0,90821|225|2021-02-09,-0.4518289580071219,0.0
91438,225,2021-02-09,2021-02-18,10,treatment,1,0.2950767,0,dept_225_closure_2021-02-09,2021-02-19,2021-02,1,1,0.0,91438|225|2021-02-09,-0.2619661080071219,0.0
92168,225,2021-02-09,2021-02-18,10,control,0,0.7336935,1,dept_225_closure_2021-02-09,2021-02-19,2021-02,1,1,0.4,92168|225|2021-02-09,0.17665069199287808,0.0
92196,225,2021-02-09,2021-02-18,10,control,0,0.8121042,1,dept_225_closure_2021-02-09,2021-02-19,2021-02,1,1,0.4,92196|225|2021-02-09,0.25506139199287814,0.0
93076,225,2021-02-09,2021-02-18,10,control,0,0.13417456,0,dept_225_closure_2021-02-09,2021-02-19,2021-02,1,1,0.0,93076|225|2021-02-09,-0.4228682480071219,0.0
94462,225,2021-02-09,2021-02-18,10,control,0,0.8219448,1,dept_225_closure_2021-02-09,2021-02-19,2021-02,1,1,0.2,94462|225|2021-02-09,0.2649019919928781,0.0
95167,225,2021-02-09,2021-02-18,10,control,0,0.98642063,1,dept_225_closure_2021-02-09,2021-02-19,2021-02,1,1,0.4,95167|225|2021-02-09,0.4293778219928781,0.0
96414,225,2021-02-09,2021-02-18,10,treatment,1,0.5275364,1,dept_225_closure_2021-02-09,2021-02-19,2021-02,1,1,0.0,96414|225|2021-02-09,-0.029506408007121898,0.0
96697,225,2021-02-09,2021-02-18,10,control,0,0.025866332,0,dept_225_closure_2021-02-09,2021-02-19,2021-02,1,1,0.0,96697|225|2021-02-09,-0.5311764760071219,0.0
104528,225,2021-02-09,2021-02-18,10,control,0,0.5275139,1,dept_225_closure_2021-02-09,2021-02-19,2021-02,1,1,0.0,104528|225|2021-02-09,-0.029528908007121935,0.0
104571,225,2021-02-09,2021-02-18,10,control,0,0.98588693,1,dept_225_closure_2021-02-09,2021-02-19,2021-02,1,1,0.4,104571|225|2021-02-09,0.42884412199287814,0.0
104692,225,2021-02-09,2021-02-18,10,control,0,0.28391963,0,dept_225_closure_2021-02-09,2021-02-19,2021-02,1,1,0.0,104692|225|2021-02-09,-0.27312317800712194,0.0
104922,225,2021-02-09,2021-02-18,10,control,0,0.5186152,1,dept_225_closure_2021-02-09,2021-02-19,2021-02,1,1,0.1,104922|225|2021-02-09,-0.03842760800712186,0.0
106298,225,2021-02-09,2021-02-18,10,control,0,0.060432576,0,dept_225_closure_2021-02-09,2021-02-19,2021-02,1,1,0.0,106298|225|2021-02-09,-0.4966102320071219,0.0
111416,225,2021-02-09,2021-02-18,10,treatment,1,0.069509014,0,dept_225_closure_2021-02-09,2021-02-19,2021-02,1,1,0.0,111416|225|2021-02-09,-0.48753379400712193,0.0
112274,225,2021-02-09,2021-02-18,10,control,0,0.9381968,1,dept_225_closure_2021-02-09,2021-02-19,2021-02,1,1,0.1,112274|225|2021-02-09,0.38115399199287814,0.0
112986,225,2021-02-09,2021-02-18,10,control,0,0.43461272,0,dept_225_closure_2021-02-09,2021-02-19,2021-02,1,1,0.2,112986|225|2021-02-09,-0.1224300880071219,0.0
113871,225,2021-02-09,2021-02-18,10,control,0,0.7866077,1,dept_225_closure_2021-02-09,2021-02-19,2021-02,1,1,0.2,113871|225|2021-02-09,0.2295648919928781,0.0
114555,225,2021-02-09,2021-02-18,10,control,0,0.103926405,0,dept_225_closure_2021-02-09,2021-02-19,2021-02,1,1,0.0,114555|225|2021-02-09,-0.4531164030071219,0.0
114559,225,2021-02-09,2021-02-18,10,control,0,0.99483794,1,dept_225_closure_2021-02-09,2021-02-19,2021-02,1,1,0.2,114559|225|2021-02-09,0.4377951319928781,0.0
115199,225,2021-02-09,2021-02-18,10,treatment,1,0.9845649,1,dept_225_closure_2021-02-09,2021-02-19,2021-02,1,1,0.7,115199|225|2021-02-09,0.42752209199287805,0.0
115326,225,2021-02-09,2021-02-18,10,control,0,0.13118972,0,dept_225_closure_2021-02-09,2021-02-19,2021-02,1,1,0.0,115326|225|2021-02-09,-0.4258530880071219,0.0
115535,225,2021-02-09,2021-02-18,10,control,0,0.9518152,1,dept_225_closure_2021-02-09,2021-02-19,2021-02,1,1,0.2,115535|225|2021-02-09,0.39477239199287806,0.0
116937,225,2021-02-09,2021-02-18,10,treatment,1,0.22988378,0,dept_225_closure_2021-02-09,2021-02-19,2021-02,1,1,0.0,116937|225|2021-02-09,-0.32715902800712193,0.0
117335,225,2021-02-09,2021-02-18,10,control,0,0.7447799,1,dept_225_closure_2021-02-09,2021-02-19,2021-02,1,1,0.0,117335|225|2021-02-09,0.18773709199287814,0.0
119025,225,2021-02-09,2021-02-18,10,control,0,0.6071146,1,dept_225_closure_2021-02-09,2021-02-19,2021-02,1,1,0.0,119025|225|2021-02-09,0.050071791992878034,0.0
119175,225,2021-02-09,2021-02-18,10,control,0,0.28744176,0,dept_225_closure_2021-02-09,2021-02-19,2021-02,1,1,0.0,119175|225|2021-02-09,-0.2696010480071219,0.0
121010,225,2021-02-09,2021-02-18,10,control,0,0.2686608,0,dept_225_closure_2021-02-09,2021-02-19,2021-02,1,1,0.1,121010|225|2021-02-09,-0.28838200800712194,0.0
121590,225,2021-02-09,2021-02-18,10,control,0,0.9802814,1,dept_225_closure_2021-02-09,2021-02-19,2021-02,1,1,0.3,121590|225|2021-02-09,0.42323859199287805,0.0
121722,225,2021-02-09,2021-02-18,10,treatment,1,0.5416496,1,dept_225_closure_2021-02-09,2021-02-19,2021-02,1,1,0.1,121722|225|2021-02-09,-0.015393208007121961,0.0
123270,225,2021-02-09,2021-02-18,10,control,0,0.82353306,1,dept_225_closure_2021-02-09,2021-02-19,2021-02,1,1,0.2,123270|225|2021-02-09,0.2664902519928781,0.0
124613,225,2021-02-09,2021-02-18,10,control,0,0.78453153,1,dept_225_closure_2021-02-09,2021-02-19,2021-02,1,1,0.1,124613|225|2021-02-09,0.22748872199287806,0.0
128896,225,2021-02-09,2021-02-18,10,control,0,0.2702459,0,dept_225_closure_2021-02-09,2021-02-19,2021-02,1,1,0.2,128896|225|2021-02-09,-0.28679690800712193,0.0
129631,225,2021-02-09,2021-02-18,10,control,0,0.87201,1,dept_225_closure_2021-02-09,2021-02-19,2021-02,1,1,0.2,129631|225|2021-02-09,0.31496719199287804,0.0
130615,225,2021-02-09,2021-02-18,10,control,0,0.49420547,0,dept_225_closure_2021-02-09,2021-02-19,2021-02,1,1,0.0,130615|225|2021-02-09,-0.06283733800712193,0.0
131102,225,2021-02-09,2021-02-18,10,treatment,1,0.91136134,1,dept_225_closure_2021-02-09,2021-02-19,2021-02,1,1,0.0,131102|225|2021-02-09,0.3543185319928781,0.0
131453,225,2021-02-09,2021-02-18,10,control,0,0.6490996,1,dept_225_closure_2021-02-09,2021-02-19,2021-02,1,1,0.0,131453|225|2021-02-09,0.09205679199287808,0.0
132468,225,2021-02-09,2021-02-18,10,control,0,0.24907468,0,dept_225_closure_2021-02-09,2021-02-19,2021-02,1,1,0.0,132468|225|2021-02-09,-0.3079681280071219,0.0
134444,225,2021-02-09,2021-02-18,10,treatment,1,0.66105175,1,dept_225_closure_2021-02-09,2021-02-19,2021-02,1,1,0.0,134444|225|2021-02-09,0.10400894199287813,0.0
135292,225,2021-02-09,2021-02-18,10,treatment,1,0.9451208,1,dept_225_closure_2021-02-09,2021-02-19,2021-02,1,1,0.3,135292|225|2021-02-09,0.38807799199287807,0.0
136496,225,2021-02-09,2021-02-18,10,control,0,0.43152484,0,dept_225_closure_2021-02-09,2021-02-19,2021-02,1,1,0.0,136496|225|2021-02-09,-0.1255179680071219,0.0
136929,225,2021-02-09,2021-02-18,10,control,0,0.93452793,1,dept_225_closure_2021-02-09,2021-02-19,2021-02,1,1,0.2,136929|225|2021-02-09,0.3774851219928781,0.0
137152,225,2021-02-09,2021-02-18,10,control,0,0.32510924,0,dept_225_closure_2021-02-09,2021-02-19,2021-02,1,1,0.1,137152|225|2021-02-09,-0.2319335680071219,0.0
139380,225,2021-02-09,2021-02-18,10,control,0,0.99770504,1,dept_225_closure_2021-02-09,2021-02-19,2021-02,1,1,0.4,139380|225|2021-02-09,0.44066223199287813,0.0
139997,225,2021-02-09,2021-02-18,10,control,0,0.49280056,0,dept_225_closure_2021-02-09,2021-02-19,2021-02,1,1,0.3,139997|225|2021-02-09,-0.06424224800712192,0.0
140174,225,2021-02-09,2021-02-18,10,control,0,0.9339587,1,dept_225_closure_2021-02-09,2021-02-19,2021-02,1,1,0.3,140174|225|2021-02-09,0.3769158919928781,0.0
140189,225,2021-02-09,2021-02-18,10,control,0,0.99497885,1,dept_225_closure_2021-02-09,2021-02-19,2021-02,1,1,0.1,140189|225|2021-02-09,0.43793604199287806,0.0
141122,225,2021-02-09,2021-02-18,10,control,0,0.68625027,1,dept_225_closure_2021-02-09,2021-02-19,2021-02,1,1,0.0,141122|225|2021-02-09,0.12920746199287814,0.0
141261,225,2021-02-09,2021-02-18,10,control,0,0.996579,1,dept_225_closure_2021-02-09,2021-02-19,2021-02,1,1,0.5,141261|225|2021-02-09,0.4395361919928781,0.0
144064,225,2021-02-09,2021-02-18,10,control,0,0.09249806,0,dept_225_closure_2021-02-09,2021-02-19,2021-02,1,1,0.0,144064|225|2021-02-09,-0.4645447480071219,0.0
146678,225,2021-02-09,2021-02-18,10,control,0,0.17388102,0,dept_225_closure_2021-02-09,2021-02-19,2021-02,1,1,0.1,146678|225|2021-02-09,-0.3831617880071219,0.0
148355,225,2021-02-09,2021-02-18,10,treatment,1,0.17873272,0,dept_225_closure_2021-02-09,2021-02-19,2021-02,1,1,0.0,148355|225|2021-02-09,-0.3783100880071219,0.0
149605,225,2021-02-09,2021-02-18,10,control,0,0.66756827,1,dept_225_closure_2021-02-09,2021-02-19,2021-02,1,1,0.0,149605|225|2021-02-09,0.11052546199287805,0.0
149858,225,2021-02-09,2021-02-18,10,control,0,0.5513751,1,dept_225_closure_2021-02-09,2021-02-19,2021-02,1,1,0.1,149858|225|2021-02-09,-0.005667708007121908,0.0
150721,225,2021-02-09,2021-02-18,10,control,0,0.4290937,0,dept_225_closure_2021-02-09,2021-02-19,2021-02,1,1,0.2,150721|225|2021-02-09,-0.1279491080071219,0.0
152104,225,2021-02-09,2021-02-18,10,control,0,0.27722538,0,dept_225_closure_2021-02-09,2021-02-19,2021-02,1,1,0.0,152104|225|2021-02-09,-0.2798174280071219,0.0
154812,225,2021-02-09,2021-02-18,10,control,0,0.024545906,0,dept_225_closure_2021-02-09,2021-02-19,2021-02,1,1,0.0,154812|225|2021-02-09,-0.532496902007122,0.0
156408,225,2021-02-09,2021-02-18,10,control,0,0.06135893,0,dept_225_closure_2021-02-09,2021-02-19,2021-02,1,1,0.0,156408|225|2021-02-09,-0.49568387800712194,0.0
157353,225,2021-02-09,2021-02-18,10,control,0,0.054554705,0,dept_225_closure_2021-02-09,2021-02-19,2021-02,1,1,0.0,157353|225|2021-02-09,-0.5024881030071219,0.0
158587,225,2021-02-09,2021-02-18,10,control,0,0.16717811,0,dept_225_closure_2021-02-09,2021-02-19,2021-02,1,1,0.0,158587|225|2021-02-09,-0.3898646980071219,0.0
159426,225,2021-02-09,2021-02-18,10,control,0,0.9888276,1,dept_225_closure_2021-02-09,2021-02-19,2021-02,1,1,0.3,159426|225|2021-02-09,0.4317847919928781,0.0
160269,225,2021-02-09,2021-02-18,10,control,0,0.7384821,1,dept_225_closure_2021-02-09,2021-02-19,2021-02,1,1,0.0,160269|225|2021-02-09,0.18143929199287812,0.0
161725,225,2021-02-09,2021-02-18,10,treatment,1,0.45389333,0,dept_225_closure_2021-02-09,2021-02-19,2021-02,1,1,0.1,161725|225|2021-02-09,-0.10314947800712193,0.0
163448,225,2021-02-09,2021-02-18,10,control,0,0.5847298,1,dept_225_closure_2021-02-09,2021-02-19,2021-02,1,1,0.1,163448|225|2021-02-09,0.02768699199287805,0.0
168489,225,2021-02-09,2021-02-18,10,control,0,0.3054672,0,dept_225_closure_2021-02-09,2021-02-19,2021-02,1,1,0.0,168489|225|2021-02-09,-0.2515756080071219,0.0
170689,225,2021-02-09,2021-02-18,10,control,0,0.8717616,1,dept_225_closure_2021-02-09,2021-02-19,2021-02,1,1,0.1,170689|225|2021-02-09,0.3147187919928781,0.0
170963,225,2021-02-09,2021-02-18,10,control,0,0.9097696,1,dept_225_closure_2021-02-09,2021-02-19,2021-02,1,1,0.3,170963|225|2021-02-09,0.35272679199287804,0.0
170998,225,2021-02-09,2021-02-18,10,control,0,0.9982672,1,dept_225_closure_2021-02-09,2021-02-19,2021-02,1,1,0.5,170998|225|2021-02-09,0.4412243919928781,0.0
172338,225,2021-02-09,2021-02-18,10,control,0,0.94404244,1,dept_225_closure_2021-02-09,2021-02-19,2021-02,1,1,0.5,172338|225|2021-02-09,0.3869996319928781,0.0
172531,225,2021-02-09,2021-02-18,10,control,0,0.22820017,0,dept_225_closure_2021-02-09,2021-02-19,2021-02,1,1,0.0,172531|225|2021-02-09,-0.3288426380071219,0.0
175025,225,2021-02-09,2021-02-18,10,control,0,0.39642844,0,dept_225_closure_2021-02-09,2021-02-19,2021-02,1,1,0.0,175025|225|2021-02-09,-0.16061436800712192,0.0
177352,225,2021-02-09,2021-02-18,10,control,0,0.012363931,0,dept_225_closure_2021-02-09,2021-02-19,2021-02,1,1,0.0,177352|225|2021-02-09,-0.5446788770071219,0.0
177848,225,2021-02-09,2021-02-18,10,control,0,0.26560098,0,dept_225_closure_2021-02-09,2021-02-19,2021-02,1,1,0.0,177848|225|2021-02-09,-0.29144182800712193,0.0
179248,225,2021-02-09,2021-02-18,10,control,0,0.4933257,0,dept_225_closure_2021-02-09,2021-02-19,2021-02,1,1,0.0,179248|225|2021-02-09,-0.06371710800712194,0.0
180666,225,2021-02-09,2021-02-18,10,control,0,0.15228039,0,dept_225_closure_2021-02-09,2021-02-19,2021-02,1,1,0.2,180666|225|2021-02-09,-0.4047624180071219,0.0
181071,225,2021-02-09,2021-02-18,10,control,0,0.90928394,1,dept_225_closure_2021-02-09,2021-02-19,2021-02,1,1,0.2,181071|225|2021-02-09,0.3522411319928781,0.0
184787,225,2021-02-09,2021-02-18,10,control,0,0.8334096,1,dept_225_closure_2021-02-09,2021-02-19,2021-02,1,1,0.1,184787|225|2021-02-09,0.27636679199287806,0.0
186124,225,2021-02-09,2021-02-18,10,treatment,1,0.94084996,1,dept_225_closure_2021-02-09,2021-02-19,2021-02,1,1,0.1,186124|225|2021-02-09,0.38380715199287807,0.0
187174,225,2021-02-09,2021-02-18,10,control,0,0.42895404,0,dept_225_closure_2021-02-09,2021-02-19,2021-02,1,1,0.1,187174|225|2021-02-09,-0.12808876800712193,0.0
189086,225,2021-02-09,2021-02-18,10,control,0,0.32330012,0,dept_225_closure_2021-02-09,2021-02-19,2021-02,1,1,0.0,189086|225|2021-02-09,-0.2337426880071219,0.0
189719,225,2021-02-09,2021-02-18,10,control,0,0.425074,0,dept_225_closure_2021-02-09,2021-02-19,2021-02,1,1,0.2,189719|225|2021-02-09,-0.1319688080071219,0.0
194332,225,2021-02-09,2021-02-18,10,control,0,0.62658477,1,dept_225_closure_2021-02-09,2021-02-19,2021-02,1,1,0.0,194332|225|2021-02-09,0.0695419619928781,0.0
195383,225,2021-02-09,2021-02-18,10,control,0,0.8553834,1,dept_225_closure_2021-02-09,2021-02-19,2021-02,1,1,0.0,195383|225|2021-02-09,0.2983405919928781,0.0
195662,225,2021-02-09,2021-02-18,10,control,0,0.849924,1,dept_225_closure_2021-02-09,2021-02-19,2021-02,1,1,0.1,195662|225|2021-02-09,0.2928811919928781,0.0
197268,225,2021-02-09,2021-02-18,10,control,0,0.03983477,0,dept_225_closure_2021-02-09,2021-02-19,2021-02,1,1,0.1,197268|225|2021-02-09,-0.5172080380071219,0.0
201662,225,2021-02-09,2021-02-18,10,control,0,0.96532935,1,dept_225_closure_2021-02-09,2021-02-19,2021-02,1,1,0.3,201662|225|2021-02-09,0.40828654199287806,0.0
201707,225,2021-02-09,2021-02-18,10,control,0,0.99219394,1,dept_225_closure_2021-02-09,2021-02-19,2021-02,1,1,0.3,201707|225|2021-02-09,0.43515113199287814,0.0
201773,225,2021-02-09,2021-02-18,10,control,0,0.27926448,0,dept_225_closure_2021-02-09,2021-02-19,2021-02,1,1,0.0,201773|225|2021-02-09,-0.27777832800712193,0.0
203040,225,2021-02-09,2021-02-18,10,control,0,0.63117754,1,dept_225_closure_2021-02-09,2021-02-19,2021-02,1,1,0.0,203040|225|2021-02-09,0.07413473199287812,0.0
205446,225,2021-02-09,2021-02-18,10,control,0,0.5259462,1,dept_225_closure_2021-02-09,2021-02-19,2021-02,1,1,0.2,205446|225|2021-02-09,-0.031096608007121884,0.0
206370,225,2021-02-09,2021-02-18,10,control,0,0.20877051,0,dept_225_closure_2021-02-09,2021-02-19,2021-02,1,1,0.0,206370|225|2021-02-09,-0.3482722980071219,0.0
206748,225,2021-02-09,2021-02-18,10,control,0,0.6869173,1,dept_225_closure_2021-02-09,2021-02-19,2021-02,1,1,0.1,206748|225|2021-02-09,0.12987449199287804,0.0
206820,225,2021-02-09,2021-02-18,10,control,0,0.5056104,1,dept_225_closure_2021-02-09,2021-02-19,2021-02,1,1,0.0,206820|225|2021-02-09,-0.0514324080071219,0.0
206904,225,2021-02-09,2021-02-18,10,control,0,0.9530811,1,dept_225_closure_2021-02-09,2021-02-19,2021-02,1,1,0.6,206904|225|2021-02-09,0.3960382919928781,0.0
207447,225,2021-02-09,2021-02-18,10,control,0,0.34226012,0,dept_225_closure_2021-02-09,2021-02-19,2021-02,1,1,0.0,207447|225|2021-02-09,-0.2147826880071219,0.0
208009,225,2021-02-09,2021-02-18,10,control,0,0.97873425,1,dept_225_closure_2021-02-09,2021-02-19,2021-02,1,1,0.1,208009|225|2021-02-09,0.4216914419928781,0.0
208524,225,2021-02-09,2021-02-18,10,control,0,0.8358825,1,dept_225_closure_2021-02-09,2021-02-19,2021-02,1,1,0.2,208524|225|2021-02-09,0.27883969199287806,0.0
208745,225,2021-02-09,2021-02-18,10,control,0,0.99224687,1,dept_225_closure_2021-02-09,2021-02-19,2021-02,1,1,0.1,208745|225|2021-02-09,0.4352040619928781,0.0
211176,225,2021-02-09,2021-02-18,10,control,0,0.6357622,1,dept_225_closure_2021-02-09,2021-02-19,2021-02,1,1,0.1,211176|225|2021-02-09,0.07871939199287814,0.0
213773,225,2021-02-09,2021-02-18,10,control,0,0.7876915,1,dept_225_closure_2021-02-09,2021-02-19,2021-02,1,1,0.0,213773|225|2021-02-09,0.23064869199287807,0.0
214084,225,2021-02-09,2021-02-18,10,treatment,1,0.861025,1,dept_225_closure_2021-02-09,2021-02-19,2021-02,1,1,0.1,214084|225|2021-02-09,0.3039821919928781,0.0
215495,225,2021-02-09,2021-02-18,10,control,0,0.953905,1,dept_225_closure_2021-02-09,2021-02-19,2021-02,1,1,0.1,215495|225|2021-02-09,0.3968621919928781,0.0
217435,225,2021-02-09,2021-02-18,10,control,0,0.4251149,0,dept_225_closure_2021-02-09,2021-02-19,2021-02,1,1,0.0,217435|225|2021-02-09,-0.1319279080071219,0.0
217935,225,2021-02-09,2021-02-18,10,control,0,0.050150763,0,dept_225_closure_2021-02-09,2021-02-19,2021-02,1,1,0.0,217935|225|2021-02-09,-0.5068920450071219,0.0
218655,225,2021-02-09,2021-02-18,10,control,0,0.9413818,1,dept_225_closure_2021-02-09,2021-02-19,2021-02,1,1,0.4,218655|225|2021-02-09,0.38433899199287813,0.0
218845,225,2021-02-09,2021-02-18,10,control,0,0.62621844,1,dept_225_closure_2021-02-09,2021-02-19,2021-02,1,1,0.0,218845|225|2021-02-09,0.06917563199287813,0.0
219180,225,2021-02-09,2021-02-18,10,treatment,1,0.9961695,1,dept_225_closure_2021-02-09,2021-02-19,2021-02,1,1,0.4,219180|225|2021-02-09,0.4391266919928781,0.0
219890,225,2021-02-09,2021-02-18,10,control,0,0.23822242,0,dept_225_closure_2021-02-09,2021-02-19,2021-02,1,1,0.0,219890|225|2021-02-09,-0.3188203880071219,0.0
220166,225,2021-02-09,2021-02-18,10,control,0,0.0636071,0,dept_225_closure_2021-02-09,2021-02-19,2021-02,1,1,0.0,220166|225|2021-02-09,-0.4934357080071219,0.0
220625,225,2021-02-09,2021-02-18,10,control,0,0.43232545,0,dept_225_closure_2021-02-09,2021-02-19,2021-02,1,1,0.0,220625|225|2021-02-09,-0.12471735800712191,0.0
224945,225,2021-02-09,2021-02-18,10,treatment,1,0.38563815,0,dept_225_closure_2021-02-09,2021-02-19,2021-02,1,1,0.0,224945|225|2021-02-09,-0.1714046580071219,0.0
225305,225,2021-02-09,2021-02-18,10,treatment,1,0.22633466,0,dept_225_closure_2021-02-09,2021-02-19,2021-02,1,1,0.0,225305|225|2021-02-09,-0.3307081480071219,0.0
228616,225,2021-02-09,2021-02-18,10,control,0,0.34855863,0,dept_225_closure_2021-02-09,2021-02-19,2021-02,1,1,0.0,228616|225|2021-02-09,-0.20848417800712193,0.0
228853,225,2021-02-09,2021-02-18,10,control,0,0.70645857,1,dept_225_closure_2021-02-09,2021-02-19,2021-02,1,1,0.1,228853|225|2021-02-09,0.1494157619928781,0.0
229849,225,2021-02-09,2021-02-18,10,control,0,0.99606764,1,dept_225_closure_2021-02-09,2021-02-19,2021-02,1,1,0.7,229849|225|2021-02-09,0.4390248319928781,0.0
230388,225,2021-02-09,2021-02-18,10,control,0,0.1738227,0,dept_225_closure_2021-02-09,2021-02-19,2021-02,1,1,0.0,230388|225|2021-02-09,-0.3832201080071219,0.0
230407,225,2021-02-09,2021-02-18,10,control,0,0.79603475,1,dept_225_closure_2021-02-09,2021-02-19,2021-02,1,1,0.0,230407|225|2021-02-09,0.2389919419928781,0.0
231902,225,2021-02-09,2021-02-18,10,control,0,0.9874134,1,dept_225_closure_2021-02-09,2021-02-19,2021-02,1,1,0.3,231902|225|2021-02-09,0.4303705919928781,0.0
233275,225,2021-02-09,2021-02-18,10,control,0,0.57958674,1,dept_225_closure_2021-02-09,2021-02-19,2021-02,1,1,0.1,233275|225|2021-02-09,0.022543931992878075,0.0
234862,225,2021-02-09,2021-02-18,10,control,0,0.39663664,0,dept_225_closure_2021-02-09,2021-02-19,2021-02,1,1,0.1,234862|225|2021-02-09,-0.16040616800712193,0.0
235691,225,2021-02-09,2021-02-18,10,control,0,0.94813615,1,dept_225_closure_2021-02-09,2021-02-19,2021-02,1,1,0.0,235691|225|2021-02-09,0.39109334199287804,0.0
237536,225,2021-02-09,2021-02-18,10,control,0,0.34888518,0,dept_225_closure_2021-02-09,2021-02-19,2021-02,1,1,0.3,237536|225|2021-02-09,-0.2081576280071219,0.0
237750,225,2021-02-09,2021-02-18,10,control,0,0.95692825,1,dept_225_closure_2021-02-09,2021-02-19,2021-02,1,1,0.0,237750|225|2021-02-09,0.3998854419928781,0.0
239422,225,2021-02-09,2021-02-18,10,control,0,0.7698608,1,dept_225_closure_2021-02-09,2021-02-19,2021-02,1,1,0.1,239422|225|2021-02-09,0.2128179919928781,0.0
241420,225,2021-02-09,2021-02-18,10,control,0,0.9988871,1,dept_225_closure_2021-02-09,2021-02-19,2021-02,1,1,0.2,241420|225|2021-02-09,0.4418442919928781,0.0
243726,225,2021-02-09,2021-02-18,10,control,0,0.6828458,1,dept_225_closure_2021-02-09,2021-02-19,2021-02,1,1,0.0,243726|225|2021-02-09,0.12580299199287803,0.0
244643,225,2021-02-09,2021-02-18,10,control,0,0.9442424,1,dept_225_closure_2021-02-09,2021-02-19,2021-02,1,1,0.1,244643|225|2021-02-09,0.3871995919928781,0.0
246087,225,2021-02-09,2021-02-18,10,control,0,0.9979746,1,dept_225_closure_2021-02-09,2021-02-19,2021-02,1,1,0.4,246087|225|2021-02-09,0.44093179199287813,0.0
246226,225,2021-02-09,2021-02-18,10,control,0,0.060403388,0,dept_225_closure_2021-02-09,2021-02-19,2021-02,1,1,0.0,246226|225|2021-02-09,-0.4966394200071219,0.0
249174,225,2021-02-09,2021-02-18,10,treatment,1,0.95790577,1,dept_225_closure_2021-02-09,2021-02-19,2021-02,1,1,0.2,249174|225|2021-02-09,0.4008629619928781,0.0
249701,225,2021-02-09,2021-02-18,10,control,0,0.5075647,1,dept_225_closure_2021-02-09,2021-02-19,2021-02,1,1,0.0,249701|225|2021-02-09,-0.049478108007121935,0.0
249960,225,2021-02-09,2021-02-18,10,control,0,0.45441312,0,dept_225_closure_2021-02-09,2021-02-19,2021-02,1,1,0.2,249960|225|2021-02-09,-0.10262968800712191,0.0
254286,225,2021-02-09,2021-02-18,10,control,0,0.9327924,1,dept_225_closure_2021-02-09,2021-02-19,2021-02,1,1,0.3,254286|225|2021-02-09,0.37574959199287805,0.0
255074,225,2021-02-09,2021-02-18,10,control,0,0.9490253,1,dept_225_closure_2021-02-09,2021-02-19,2021-02,1,1,0.5,255074|225|2021-02-09,0.39198249199287805,0.0
258819,225,2021-02-09,2021-02-18,10,control,0,0.9568416,1,dept_225_closure_2021-02-09,2021-02-19,2021-02,1,1,0.1,258819|225|2021-02-09,0.39979879199287804,0.0
266781,225,2021-02-09,2021-02-18,10,control,0,0.64680547,1,dept_225_closure_2021-02-09,2021-02-19,2021-02,1,1,0.1,266781|225|2021-02-09,0.08976266199287808,0.0
267832,225,2021-02-09,2021-02-18,10,control,0,0.008410257,0,dept_225_closure_2021-02-09,2021-02-19,2021-02,1,1,0.0,267832|225|2021-02-09,-0.5486325510071219,0.0
267860,225,2021-02-09,2021-02-18,10,control,0,0.85143113,1,dept_225_closure_2021-02-09,2021-02-19,2021-02,1,1,0.1,267860|225|2021-02-09,0.2943883219928781,0.0
268666,225,2021-02-09,2021-02-18,10,control,0,0.07243374,0,dept_225_closure_2021-02-09,2021-02-19,2021-02,1,1,0.1,268666|225|2021-02-09,-0.4846090680071219,0.0
269348,225,2021-02-09,2021-02-18,10,control,0,0.4435719,0,dept_225_closure_2021-02-09,2021-02-19,2021-02,1,1,0.0,269348|225|2021-02-09,-0.1134709080071219,0.0
272062,225,2021-02-09,2021-02-18,10,control,0,0.3328512,0,dept_225_closure_2021-02-09,2021-02-19,2021-02,1,1,0.1,272062|225|2021-02-09,-0.2241916080071219,0.0
272822,225,2021-02-09,2021-02-18,10,control,0,0.54888946,1,dept_225_closure_2021-02-09,2021-02-19,2021-02,1,1,0.0,272822|225|2021-02-09,-0.008153348007121863,0.0
272830,225,2021-02-09,2021-02-18,10,treatment,1,0.65420413,1,dept_225_closure_2021-02-09,2021-02-19,2021-02,1,1,0.1,272830|225|2021-02-09,0.09716132199287808,0.0
275594,225,2021-02-09,2021-02-18,10,control,0,0.61326,1,dept_225_closure_2021-02-09,2021-02-19,2021-02,1,1,0.2,275594|225|2021-02-09,0.05621719199287811,0.0
276205,225,2021-02-09,2021-02-18,10,control,0,0.81832045,1,dept_225_closure_2021-02-09,2021-02-19,2021-02,1,1,0.3,276205|225|2021-02-09,0.26127764199287806,0.0
280554,225,2021-02-09,2021-02-18,10,control,0,0.98874027,1,dept_225_closure_2021-02-09,2021-02-19,2021-02,1,1,0.7,280554|225|2021-02-09,0.43169746199287806,0.0
281330,225,2021-02-09,2021-02-18,10,control,0,0.4121877,0,dept_225_closure_2021-02-09,2021-02-19,2021-02,1,1,0.0,281330|225|2021-02-09,-0.14485510800712192,0.0
283074,225,2021-02-09,2021-02-18,10,control,0,0.47065625,0,dept_225_closure_2021-02-09,2021-02-19,2021-02,1,1,0.2,283074|225|2021-02-09,-0.08638655800712192,0.0
283799,225,2021-02-09,2021-02-18,10,control,0,0.6180678,1,dept_225_closure_2021-02-09,2021-02-19,2021-02,1,1,0.0,283799|225|2021-02-09,0.06102499199287803,0.0
284197,225,2021-02-09,2021-02-18,10,control,0,0.7610978,1,dept_225_closure_2021-02-09,2021-02-19,2021-02,1,1,0.0,284197|225|2021-02-09,0.20405499199287813,0.0
284776,225,2021-02-09,2021-02-18,10,control,0,0.9613688,1,dept_225_closure_2021-02-09,2021-02-19,2021-02,1,1,0.2,284776|225|2021-02-09,0.4043259919928781,0.0
286210,225,2021-02-09,2021-02-18,10,control,0,0.9975388,1,dept_225_closure_2021-02-09,2021-02-19,2021-02,1,1,0.6,286210|225|2021-02-09,0.44049599199287803,0.0
287322,225,2021-02-09,2021-02-18,10,control,0,0.16299362,0,dept_225_closure_2021-02-09,2021-02-19,2021-02,1,1,0.0,287322|225|2021-02-09,-0.3940491880071219,0.0
287375,225,2021-02-09,2021-02-18,10,control,0,0.6322628,1,dept_225_closure_2021-02-09,2021-02-19,2021-02,1,1,0.2,287375|225|2021-02-09,0.0752199919928781,0.0
287863,225,2021-02-09,2021-02-18,10,control,0,0.98850876,1,dept_225_closure_2021-02-09,2021-02-19,2021-02,1,1,0.2,287863|225|2021-02-09,0.43146595199287807,0.0
291356,225,2021-02-09,2021-02-18,10,control,0,0.815014,1,dept_225_closure_2021-02-09,2021-02-19,2021-02,1,1,0.1,291356|225|2021-02-09,0.2579711919928781,0.0
291888,225,2021-02-09,2021-02-18,10,control,0,0.3402261,0,dept_225_closure_2021-02-09,2021-02-19,2021-02,1,1,0.0,291888|225|2021-02-09,-0.21681670800712194,0.0
300800,225,2021-02-09,2021-02-18,10,control,0,0.9581977,1,dept_225_closure_2021-02-09,2021-02-19,2021-02,1,1,0.2,300800|225|2021-02-09,0.4011548919928781,0.0
301618,225,2021-02-09,2021-02-18,10,control,0,0.7646375,1,dept_225_closure_2021-02-09,2021-02-19,2021-02,1,1,0.1,301618|225|2021-02-09,0.20759469199287806,0.0
303017,225,2021-02-09,2021-02-18,10,control,0,0.90142965,1,dept_225_closure_2021-02-09,2021-02-19,2021-02,1,1,0.0,303017|225|2021-02-09,0.34438684199287806,0.0
304311,225,2021-02-09,2021-02-18,10,control,0,0.25986248,0,dept_225_closure_2021-02-09,2021-02-19,2021-02,1,1,0.1,304311|225|2021-02-09,-0.2971803280071219,0.0
306819,225,2021-02-09,2021-02-18,10,control,0,0.84821045,1,dept_225_closure_2021-02-09,2021-02-19,2021-02,1,1,0.1,306819|225|2021-02-09,0.29116764199287803,0.0
307045,225,2021-02-09,2021-02-18,10,control,0,0.6588814,1,dept_225_closure_2021-02-09,2021-02-19,2021-02,1,1,0.0,307045|225|2021-02-09,0.10183859199287804,0.0
308765,225,2021-02-09,2021-02-18,10,control,0,0.24936,0,dept_225_closure_2021-02-09,2021-02-19,2021-02,1,1,0.0,308765|225|2021-02-09,-0.3076828080071219,0.0
309225,225,2021-02-09,2021-02-18,10,treatment,1,0.1776764,0,dept_225_closure_2021-02-09,2021-02-19,2021-02,1,1,0.0,309225|225|2021-02-09,-0.3793664080071219,0.0
309425,225,2021-02-09,2021-02-18,10,treatment,1,0.06610407,0,dept_225_closure_2021-02-09,2021-02-19,2021-02,1,1,0.2,309425|225|2021-02-09,-0.4909387380071219,0.0
311745,225,2021-02-09,2021-02-18,10,treatment,1,0.021281237,0,dept_225_closure_2021-02-09,2021-02-19,2021-02,1,1,0.0,311745|225|2021-02-09,-0.535761571007122,0.0
313203,225,2021-02-09,2021-02-18,10,control,0,0.25599334,0,dept_225_closure_2021-02-09,2021-02-19,2021-02,1,1,0.0,313203|225|2021-02-09,-0.3010494680071219,0.0
315451,225,2021-02-09,2021-02-18,10,control,0,0.9705118,1,dept_225_closure_2021-02-09,2021-02-19,2021-02,1,1,0.2,315451|225|2021-02-09,0.4134689919928781,0.0
315647,225,2021-02-09,2021-02-18,10,control,0,0.3782344,0,dept_225_closure_2021-02-09,2021-02-19,2021-02,1,1,0.0,315647|225|2021-02-09,-0.1788084080071219,0.0
315732,225,2021-02-09,2021-02-18,10,control,0,0.8427103,1,dept_225_closure_2021-02-09,2021-02-19,2021-02,1,1,0.3,315732|225|2021-02-09,0.2856674919928781,0.0
317843,225,2021-02-09,2021-02-18,10,control,0,0.98815453,1,dept_225_closure_2021-02-09,2021-02-19,2021-02,1,1,0.2,317843|225|2021-02-09,0.43111172199287806,0.0
318667,225,2021-02-09,2021-02-18,10,control,0,0.9570408,1,dept_225_closure_2021-02-09,2021-02-19,2021-02,1,1,0.2,318667|225|2021-02-09,0.3999979919928781,0.0
319054,225,2021-02-09,2021-02-18,10,control,0,0.04163035,0,dept_225_closure_2021-02-09,2021-02-19,2021-02,1,1,0.0,319054|225|2021-02-09,-0.5154124580071219,0.0
321167,225,2021-02-09,2021-02-18,10,control,0,0.82681614,1,dept_225_closure_2021-02-09,2021-02-19,2021-02,1,1,0.1,321167|225|2021-02-09,0.2697733319928781,0.0
321263,225,2021-02-09,2021-02-18,10,treatment,1,0.5256569,1,dept_225_closure_2021-02-09,2021-02-19,2021-02,1,1,0.0,321263|225|2021-02-09,-0.03138590800712193,0.0
321709,225,2021-02-09,2021-02-18,10,control,0,0.53771627,1,dept_225_closure_2021-02-09,2021-02-19,2021-02,1,1,0.2,321709|225|2021-02-09,-0.01932653800712192,0.0
321846,225,2021-02-09,2021-02-18,10,control,0,0.9958906,1,dept_225_closure_2021-02-09,2021-02-19,2021-02,1,1,0.5,321846|225|2021-02-09,0.43884779199287804,0.0
322570,225,2021-02-09,2021-02-18,10,control,0,0.4746458,0,dept_225_closure_2021-02-09,2021-02-19,2021-02,1,1,0.0,322570|225|2021-02-09,-0.08239700800712191,0.0
323053,225,2021-02-09,2021-02-18,10,control,0,0.23941047,0,dept_225_closure_2021-02-09,2021-02-19,2021-02,1,1,0.0,323053|225|2021-02-09,-0.31763233800712193,0.0
324836,225,2021-02-09,2021-02-18,10,control,0,0.74630404,1,dept_225_closure_2021-02-09,2021-02-19,2021-02,1,1,0.0,324836|225|2021-02-09,0.18926123199287803,0.0
325434,225,2021-02-09,2021-02-18,10,control,0,0.2890141,0,dept_225_closure_2021-02-09,2021-02-19,2021-02,1,1,0.1,325434|225|2021-02-09,-0.2680287080071219,0.0
325633,225,2021-02-09,2021-02-18,10,control,0,0.35559046,0,dept_225_closure_2021-02-09,2021-02-19,2021-02,1,1,0.1,325633|225|2021-02-09,-0.20145234800712192,0.0
326293,225,2021-02-09,2021-02-18,10,control,0,0.09546325,0,dept_225_closure_2021-02-09,2021-02-19,2021-02,1,1,0.1,326293|225|2021-02-09,-0.4615795580071219,0.0
326796,225,2021-02-09,2021-02-18,10,control,0,0.9852455,1,dept_225_closure_2021-02-09,2021-02-19,2021-02,1,1,0.2,326796|225|2021-02-09,0.4282026919928781,0.0
328999,225,2021-02-09,2021-02-18,10,control,0,0.117217064,0,dept_225_closure_2021-02-09,2021-02-19,2021-02,1,1,0.0,328999|225|2021-02-09,-0.43982574400712193,0.0
329476,225,2021-02-09,2021-02-18,10,control,0,0.0917978,0,dept_225_closure_2021-02-09,2021-02-19,2021-02,1,1,0.0,329476|225|2021-02-09,-0.46524500800712193,0.0
329951,225,2021-02-09,2021-02-18,10,treatment,1,0.39544433,0,dept_225_closure_2021-02-09,2021-02-19,2021-02,1,1,0.1,329951|225|2021-02-09,-0.1615984780071219,0.0
331130,225,2021-02-09,2021-02-18,10,control,0,0.14147724,0,dept_225_closure_2021-02-09,2021-02-19,2021-02,1,1,0.2,331130|225|2021-02-09,-0.4155655680071219,0.0
331900,225,2021-02-09,2021-02-18,10,control,0,0.48254243,0,dept_225_closure_2021-02-09,2021-02-19,2021-02,1,1,0.1,331900|225|2021-02-09,-0.07450037800712189,0.0
332741,225,2021-02-09,2021-02-18,10,control,0,0.69679976,1,dept_225_closure_2021-02-09,2021-02-19,2021-02,1,1,0.1,332741|225|2021-02-09,0.13975695199287808,0.0
335610,225,2021-02-09,2021-02-18,10,control,0,0.6019868,1,dept_225_closure_2021-02-09,2021-02-19,2021-02,1,1,0.0,335610|225|2021-02-09,0.04494399199287813,0.0
337373,225,2021-02-09,2021-02-18,10,treatment,1,0.7045855,1,dept_225_closure_2021-02-09,2021-02-19,2021-02,1,1,0.0,337373|225|2021-02-09,0.14754269199287806,0.0
337995,225,2021-02-09,2021-02-18,10,treatment,1,0.25375792,0,dept_225_closure_2021-02-09,2021-02-19,2021-02,1,1,0.0,337995|225|2021-02-09,-0.3032848880071219,0.0
338590,225,2021-02-09,2021-02-18,10,control,0,0.12135875,0,dept_225_closure_2021-02-09,2021-02-19,2021-02,1,1,0.3,338590|225|2021-02-09,-0.4356840580071219,0.0
340681,225,2021-02-09,2021-02-18,10,control,0,0.0892653,0,dept_225_closure_2021-02-09,2021-02-19,2021-02,1,1,0.0,340681|225|2021-02-09,-0.4677775080071219,0.0
346633,225,2021-02-09,2021-02-18,10,control,0,0.634922,1,dept_225_closure_2021-02-09,2021-02-19,2021-02,1,1,0.1,346633|225|2021-02-09,0.07787919199287807,0.0
346829,225,2021-02-09,2021-02-18,10,control,0,0.6967923,1,dept_225_closure_2021-02-09,2021-02-19,2021-02,1,1,0.0,346829|225|2021-02-09,0.13974949199287812,0.0
347007,225,2021-02-09,2021-02-18,10,treatment,1,0.9279068,1,dept_225_closure_2021-02-09,2021-02-19,2021-02,1,1,0.1,347007|225|2021-02-09,0.3708639919928781,0.0
348194,225,2021-02-09,2021-02-18,10,control,0,0.9463242,1,dept_225_closure_2021-02-09,2021-02-19,2021-02,1,1,0.0,348194|225|2021-02-09,0.38928139199287803,0.0
348223,225,2021-02-09,2021-02-18,10,control,0,0.9166912,1,dept_225_closure_2021-02-09,2021-02-19,2021-02,1,1,0.0,348223|225|2021-02-09,0.3596483919928781,0.0
349263,225,2021-02-09,2021-02-18,10,treatment,1,0.67589456,1,dept_225_closure_2021-02-09,2021-02-19,2021-02,1,1,0.0,349263|225|2021-02-09,0.11885175199287812,0.0
349947,225,2021-02-09,2021-02-18,10,control,0,0.3566129,0,dept_225_closure_2021-02-09,2021-02-19,2021-02,1,1,0.1,349947|225|2021-02-09,-0.2004299080071219,0.0
350836,225,2021-02-09,2021-02-18,10,control,0,0.9993635,1,dept_225_closure_2021-02-09,2021-02-19,2021-02,1,1,0.8,350836|225|2021-02-09,0.44232069199287805,0.0
355020,225,2021-02-09,2021-02-18,10,control,0,0.35674804,0,dept_225_closure_2021-02-09,2021-02-19,2021-02,1,1,0.1,355020|225|2021-02-09,-0.20029476800712193,0.0
355506,225,2021-02-09,2021-02-18,10,treatment,1,0.7604829,1,dept_225_closure_2021-02-09,2021-02-19,2021-02,1,1,0.2,355506|225|2021-02-09,0.20344009199287805,0.0
355559,225,2021-02-09,2021-02-18,10,control,0,0.9997812,1,dept_225_closure_2021-02-09,2021-02-19,2021-02,1,1,0.4,355559|225|2021-02-09,0.4427383919928781,0.0
356801,225,2021-02-09,2021-02-18,10,control,0,0.39246687,0,dept_225_closure_2021-02-09,2021-02-19,2021-02,1,1,0.1,356801|225|2021-02-09,-0.1645759380071219,0.0
358354,225,2021-02-09,2021-02-18,10,control,0,0.3476285,0,dept_225_closure_2021-02-09,2021-02-19,2021-02,1,1,0.0,358354|225|2021-02-09,-0.2094143080071219,0.0
358508,225,2021-02-09,2021-02-18,10,treatment,1,0.98895127,1,dept_225_closure_2021-02-09,2021-02-19,2021-02,1,1,0.3,358508|225|2021-02-09,0.43190846199287813,0.0
359557,225,2021-02-09,2021-02-18,10,treatment,1,0.43182382,0,dept_225_closure_2021-02-09,2021-02-19,2021-02,1,1,0.0,359557|225|2021-02-09,-0.1252189880071219,0.0
361866,225,2021-02-09,2021-02-18,10,control,0,0.2885477,0,dept_225_closure_2021-02-09,2021-02-19,2021-02,1,1,0.0,361866|225|2021-02-09,-0.2684951080071219,0.0
362157,225,2021-02-09,2021-02-18,10,control,0,0.6285289,1,dept_225_closure_2021-02-09,2021-02-19,2021-02,1,1,0.0,362157|225|2021-02-09,0.07148609199287803,0.0
362647,225,2021-02-09,2021-02-18,10,control,0,0.97810817,1,dept_225_closure_2021-02-09,2021-02-19,2021-02,1,1,0.2,362647|225|2021-02-09,0.42106536199287814,0.0
363917,225,2021-02-09,2021-02-18,10,control,0,0.14968768,0,dept_225_closure_2021-02-09,2021-02-19,2021-02,1,1,0.0,363917|225|2021-02-09,-0.4073551280071219,0.0
365981,225,2021-02-09,2021-02-18,10,control,0,0.78223735,1,dept_225_closure_2021-02-09,2021-02-19,2021-02,1,1,0.1,365981|225|2021-02-09,0.22519454199287814,0.0
366967,225,2021-02-09,2021-02-18,10,control,0,0.8748402,1,dept_225_closure_2021-02-09,2021-02-19,2021-02,1,1,0.1,366967|225|2021-02-09,0.31779739199287804,0.0
367111,225,2021-02-09,2021-02-18,10,control,0,0.135889,0,dept_225_closure_2021-02-09,2021-02-19,2021-02,1,1,0.2,367111|225|2021-02-09,-0.4211538080071219,0.0
367562,225,2021-02-09,2021-02-18,10,control,0,0.44473973,0,dept_225_closure_2021-02-09,2021-02-19,2021-02,1,1,0.3,367562|225|2021-02-09,-0.11230307800712191,0.0
368245,225,2021-02-09,2021-02-18,10,treatment,1,0.74348015,1,dept_225_closure_2021-02-09,2021-02-19,2021-02,1,1,0.2,368245|225|2021-02-09,0.1864373419928781,0.0
370655,225,2021-02-09,2021-02-18,10,control,0,0.95070106,1,dept_225_closure_2021-02-09,2021-02-19,2021-02,1,1,0.2,370655|225|2021-02-09,0.39365825199287807,0.0
370948,225,2021-02-09,2021-02-18,10,control,0,0.47814432,0,dept_225_closure_2021-02-09,2021-02-19,2021-02,1,1,0.0,370948|225|2021-02-09,-0.0788984880071219,0.0
373453,225,2021-02-09,2021-02-18,10,control,0,0.12594806,0,dept_225_closure_2021-02-09,2021-02-19,2021-02,1,1,0.1,373453|225|2021-02-09,-0.4310947480071219,0.0
374365,225,2021-02-09,2021-02-18,10,control,0,0.16299587,0,dept_225_closure_2021-02-09,2021-02-19,2021-02,1,1,0.0,374365|225|2021-02-09,-0.3940469380071219,0.0
376317,225,2021-02-09,2021-02-18,10,treatment,1,0.3172194,0,dept_225_closure_2021-02-09,2021-02-19,2021-02,1,1,0.0,376317|225|2021-02-09,-0.23982340800712193,0.0
378384,225,2021-02-09,2021-02-18,10,control,0,0.9768808,1,dept_225_closure_2021-02-09,2021-02-19,2021-02,1,1,0.6,378384|225|2021-02-09,0.4198379919928781,0.0
381219,225,2021-02-09,2021-02-18,10,control,0,0.8107899,1,dept_225_closure_2021-02-09,2021-02-19,2021-02,1,1,0.0,381219|225|2021-02-09,0.25374709199287804,0.0
382479,225,2021-02-09,2021-02-18,10,control,0,0.49913758,0,dept_225_closure_2021-02-09,2021-02-19,2021-02,1,1,0.0,382479|225|2021-02-09,-0.05790522800712189,0.0
382655,225,2021-02-09,2021-02-18,10,control,0,0.48623624,0,dept_225_closure_2021-02-09,2021-02-19,2021-02,1,1,0.0,382655|225|2021-02-09,-0.07080656800712193,0.0
382771,225,2021-02-09,2021-02-18,10,treatment,1,0.8868053,1,dept_225_closure_2021-02-09,2021-02-19,2021-02,1,1,0.1,382771|225|2021-02-09,0.3297624919928781,0.0
386353,225,2021-02-09,2021-02-18,10,control,0,0.44928175,0,dept_225_closure_2021-02-09,2021-02-19,2021-02,1,1,0.0,386353|225|2021-02-09,-0.10776105800712193,0.0
386934,225,2021-02-09,2021-02-18,10,control,0,0.88146484,1,dept_225_closure_2021-02-09,2021-02-19,2021-02,1,1,0.2,386934|225|2021-02-09,0.3244220319928781,0.0
387595,225,2021-02-09,2021-02-18,10,control,0,0.91805726,1,dept_225_closure_2021-02-09,2021-02-19,2021-02,1,1,0.1,387595|225|2021-02-09,0.36101445199287807,0.0
388363,225,2021-02-09,2021-02-18,10,control,0,0.9731699,1,dept_225_closure_2021-02-09,2021-02-19,2021-02,1,1,0.2,388363|225|2021-02-09,0.4161270919928781,0.0
390747,225,2021-02-09,2021-02-18,10,control,0,0.10827,0,dept_225_closure_2021-02-09,2021-02-19,2021-02,1,1,0.0,390747|225|2021-02-09,-0.44877280800712194,0.0
391275,225,2021-02-09,2021-02-18,10,control,0,0.1237231,0,dept_225_closure_2021-02-09,2021-02-19,2021-02,1,1,0.0,391275|225|2021-02-09,-0.43331970800712194,0.0
395354,225,2021-02-09,2021-02-18,10,treatment,1,0.3047165,0,dept_225_closure_2021-02-09,2021-02-19,2021-02,1,1,0.0,395354|225|2021-02-09,-0.2523263080071219,0.0
396599,225,2021-02-09,2021-02-18,10,control,0,0.19667627,0,dept_225_closure_2021-02-09,2021-02-19,2021-02,1,1,0.0,396599|225|2021-02-09,-0.36036653800712193,0.0
396971,225,2021-02-09,2021-02-18,10,control,0,0.066589184,0,dept_225_closure_2021-02-09,2021-02-19,2021-02,1,1,0.1,396971|225|2021-02-09,-0.4904536240071219,0.0
397043,225,2021-02-09,2021-02-18,10,control,0,0.8672236,1,dept_225_closure_2021-02-09,2021-02-19,2021-02,1,1,0.0,397043|225|2021-02-09,0.31018079199287807,0.0
398354,225,2021-02-09,2021-02-18,10,control,0,0.6507126,1,dept_225_closure_2021-02-09,2021-02-19,2021-02,1,1,0.1,398354|225|2021-02-09,0.09366979199287806,0.0
399046,225,2021-02-09,2021-02-18,10,control,0,0.5696758,1,dept_225_closure_2021-02-09,2021-02-19,2021-02,1,1,0.0,399046|225|2021-02-09,0.01263299199287804,0.0
399413,225,2021-02-09,2021-02-18,10,control,0,0.916818,1,dept_225_closure_2021-02-09,2021-02-19,2021-02,1,1,0.1,399413|225|2021-02-09,0.3597751919928781,0.0
399931,225,2021-02-09,2021-02-18,10,treatment,1,0.55405474,1,dept_225_closure_2021-02-09,2021-02-19,2021-02,1,1,0.1,399931|225|2021-02-09,-0.0029880680071219246,0.0
400776,225,2021-02-09,2021-02-18,10,control,0,0.4215834,0,dept_225_closure_2021-02-09,2021-02-19,2021-02,1,1,0.0,400776|225|2021-02-09,-0.13545940800712192,0.0
402754,225,2021-02-09,2021-02-18,10,control,0,0.3393672,0,dept_225_closure_2021-02-09,2021-02-19,2021-02,1,1,0.2,402754|225|2021-02-09,-0.21767560800712193,0.0
403154,225,2021-02-09,2021-02-18,10,control,0,0.031127399,0,dept_225_closure_2021-02-09,2021-02-19,2021-02,1,1,0.0,403154|225|2021-02-09,-0.5259154090071219,0.0
403446,225,2021-02-09,2021-02-18,10,control,0,0.5542411,1,dept_225_closure_2021-02-09,2021-02-19,2021-02,1,1,0.2,403446|225|2021-02-09,-0.0028017080071218725,0.0
404352,225,2021-02-09,2021-02-18,10,control,0,0.9993554,1,dept_225_closure_2021-02-09,2021-02-19,2021-02,1,1,0.9,404352|225|2021-02-09,0.4423125919928781,0.0
406126,225,2021-02-09,2021-02-18,10,control,0,0.61097187,1,dept_225_closure_2021-02-09,2021-02-19,2021-02,1,1,0.2,406126|225|2021-02-09,0.05392906199287806,0.0
407060,225,2021-02-09,2021-02-18,10,treatment,1,0.2642639,0,dept_225_closure_2021-02-09,2021-02-19,2021-02,1,1,0.0,407060|225|2021-02-09,-0.2927789080071219,0.0
409183,225,2021-02-09,2021-02-18,10,treatment,1,0.20574966,0,dept_225_closure_2021-02-09,2021-02-19,2021-02,1,1,0.2,409183|225|2021-02-09,-0.3512931480071219,0.0
409407,225,2021-02-09,2021-02-18,10,control,0,0.6272991,1,dept_225_closure_2021-02-09,2021-02-19,2021-02,1,1,0.0,409407|225|2021-02-09,0.07025629199287808,0.0
409880,225,2021-02-09,2021-02-18,10,control,0,0.89655435,1,dept_225_closure_2021-02-09,2021-02-19,2021-02,1,1,0.2,409880|225|2021-02-09,0.33951154199287814,0.0
410210,225,2021-02-09,2021-02-18,10,control,0,0.028627863,0,dept_225_closure_2021-02-09,2021-02-19,2021-02,1,1,0.0,410210|225|2021-02-09,-0.5284149450071219,0.0
411602,225,2021-02-09,2021-02-18,10,control,0,0.8244264,1,dept_225_closure_2021-02-09,2021-02-19,2021-02,1,1,0.4,411602|225|2021-02-09,0.2673835919928781,0.0
413500,225,2021-02-09,2021-02-18,10,control,0,0.9955237,1,dept_225_closure_2021-02-09,2021-02-19,2021-02,1,1,0.4,413500|225|2021-02-09,0.4384808919928781,0.0
413542,225,2021-02-09,2021-02-18,10,control,0,0.94302773,1,dept_225_closure_2021-02-09,2021-02-19,2021-02,1,1,0.1,413542|225|2021-02-09,0.38598492199287804,0.0
414176,225,2021-02-09,2021-02-18,10,control,0,0.71674174,1,dept_225_closure_2021-02-09,2021-02-19,2021-02,1,1,0.2,414176|225|2021-02-09,0.1596989319928781,0.0
414601,225,2021-02-09,2021-02-18,10,control,0,0.42178676,0,dept_225_closure_2021-02-09,2021-02-19,2021-02,1,1,0.1,414601|225|2021-02-09,-0.13525604800712193,0.0
417063,225,2021-02-09,2021-02-18,10,treatment,1,0.3493233,0,dept_225_closure_2021-02-09,2021-02-19,2021-02,1,1,0.3,417063|225|2021-02-09,-0.2077195080071219,0.0
417624,225,2021-02-09,2021-02-18,10,control,0,0.8831816,1,dept_225_closure_2021-02-09,2021-02-19,2021-02,1,1,0.1,417624|225|2021-02-09,0.3261387919928781,0.0
420534,225,2021-02-09,2021-02-18,10,control,0,0.35066342,0,dept_225_closure_2021-02-09,2021-02-19,2021-02,1,1,0.0,420534|225|2021-02-09,-0.2063793880071219,0.0
421583,225,2021-02-09,2021-02-18,10,treatment,1,0.37277293,0,dept_225_closure_2021-02-09,2021-02-19,2021-02,1,1,0.0,421583|225|2021-02-09,-0.1842698780071219,0.0
421595,225,2021-02-09,2021-02-18,10,control,0,0.13892803,0,dept_225_closure_2021-02-09,2021-02-19,2021-02,1,1,0.0,421595|225|2021-02-09,-0.41811477800712193,0.0
422210,225,2021-02-09,2021-02-18,10,control,0,0.9951025,1,dept_225_closure_2021-02-09,2021-02-19,2021-02,1,1,0.4,422210|225|2021-02-09,0.4380596919928781,0.0
422336,225,2021-02-09,2021-02-18,10,control,0,0.83844286,1,dept_225_closure_2021-02-09,2021-02-19,2021-02,1,1,0.3,422336|225|2021-02-09,0.2814000519928781,0.0
425289,225,2021-02-09,2021-02-18,10,control,0,0.2427501,0,dept_225_closure_2021-02-09,2021-02-19,2021-02,1,1,0.0,425289|225|2021-02-09,-0.31429270800712195,0.0
425821,225,2021-02-09,2021-02-18,10,treatment,1,0.79966164,1,dept_225_closure_2021-02-09,2021-02-19,2021-02,1,1,0.1,425821|225|2021-02-09,0.24261883199287804,0.0
427750,225,2021-02-09,2021-02-18,10,control,0,0.82984,1,dept_225_closure_2021-02-09,2021-02-19,2021-02,1,1,0.3,427750|225|2021-02-09,0.2727971919928781,0.0
428456,225,2021-02-09,2021-02-18,10,control,0,0.43543127,0,dept_225_closure_2021-02-09,2021-02-19,2021-02,1,1,0.0,428456|225|2021-02-09,-0.12161153800712193,0.0
428894,225,2021-02-09,2021-02-18,10,control,0,0.99533254,1,dept_225_closure_2021-02-09,2021-02-19,2021-02,1,1,0.2,428894|225|2021-02-09,0.43828973199287813,0.0
428909,225,2021-02-09,2021-02-18,10,control,0,0.7319816,1,dept_225_closure_2021-02-09,2021-02-19,2021-02,1,1,0.0,428909|225|2021-02-09,0.1749387919928781,0.0
430385,225,2021-02-09,2021-02-18,10,treatment,1,0.67291415,1,dept_225_closure_2021-02-09,2021-02-19,2021-02,1,1,0.2,430385|225|2021-02-09,0.11587134199287807,0.0
430856,225,2021-02-09,2021-02-18,10,control,0,0.113914736,0,dept_225_closure_2021-02-09,2021-02-19,2021-02,1,1,0.0,430856|225|2021-02-09,-0.4431280720071219,0.0
432774,225,2021-02-09,2021-02-18,10,control,0,0.42122024,0,dept_225_closure_2021-02-09,2021-02-19,2021-02,1,1,0.1,432774|225|2021-02-09,-0.1358225680071219,0.0
433451,225,2021-02-09,2021-02-18,10,control,0,0.66453654,1,dept_225_closure_2021-02-09,2021-02-19,2021-02,1,1,0.1,433451|225|2021-02-09,0.10749373199287804,0.0
434436,225,2021-02-09,2021-02-18,10,control,0,0.32243565,0,dept_225_closure_2021-02-09,2021-02-19,2021-02,1,1,0.0,434436|225|2021-02-09,-0.2346071580071219,0.0
437482,225,2021-02-09,2021-02-18,10,control,0,0.76939327,1,dept_225_closure_2021-02-09,2021-02-19,2021-02,1,1,0.0,437482|225|2021-02-09,0.2123504619928781,0.0
437779,225,2021-02-09,2021-02-18,10,control,0,0.30429742,0,dept_225_closure_2021-02-09,2021-02-19,2021-02,1,1,0.2,437779|225|2021-02-09,-0.25274538800712193,0.0
437833,225,2021-02-09,2021-02-18,10,control,0,0.96572256,1,dept_225_closure_2021-02-09,2021-02-19,2021-02,1,1,0.1,437833|225|2021-02-09,0.4086797519928781,0.0
438478,225,2021-02-09,2021-02-18,10,control,0,0.79792196,1,dept_225_closure_2021-02-09,2021-02-19,2021-02,1,1,0.0,438478|225|2021-02-09,0.24087915199287813,0.0
439163,225,2021-02-09,2021-02-18,10,control,0,0.6120299,1,dept_225_closure_2021-02-09,2021-02-19,2021-02,1,1,0.0,439163|225|2021-02-09,0.0549870919928781,0.0
440038,225,2021-02-09,2021-02-18,10,control,0,0.99606234,1,dept_225_closure_2021-02-09,2021-02-19,2021-02,1,1,0.5,440038|225|2021-02-09,0.43901953199287813,0.0
444671,225,2021-02-09,2021-02-18,10,treatment,1,0.2107164,0,dept_225_closure_2021-02-09,2021-02-19,2021-02,1,1,0.0,444671|225|2021-02-09,-0.3463264080071219,0.0
444939,225,2021-02-09,2021-02-18,10,control,0,0.5629561,1,dept_225_closure_2021-02-09,2021-02-19,2021-02,1,1,0.3,444939|225|2021-02-09,0.005913291992878045,0.0
446553,225,2021-02-09,2021-02-18,10,control,0,0.69638073,1,dept_225_closure_2021-02-09,2021-02-19,2021-02,1,1,0.1,446553|225|2021-02-09,0.1393379219928781,0.0
448300,225,2021-02-09,2021-02-18,10,control,0,0.15980117,0,dept_225_closure_2021-02-09,2021-02-19,2021-02,1,1,0.1,448300|225|2021-02-09,-0.3972416380071219,0.0
448365,225,2021-02-09,2021-02-18,10,control,0,0.610063,1,dept_225_closure_2021-02-09,2021-02-19,2021-02,1,1,0.7,448365|225|2021-02-09,0.05302019199287811,0.0
450464,225,2021-02-09,2021-02-18,10,control,0,0.0899341,0,dept_225_closure_2021-02-09,2021-02-19,2021-02,1,1,0.0,450464|225|2021-02-09,-0.4671087080071219,0.0
451797,225,2021-02-09,2021-02-18,10,control,0,0.5686298,1,dept_225_closure_2021-02-09,2021-02-19,2021-02,1,1,0.0,451797|225|2021-02-09,0.011586991992878048,0.0
451856,225,2021-02-09,2021-02-18,10,control,0,0.81858045,1,dept_225_closure_2021-02-09,2021-02-19,2021-02,1,1,0.2,451856|225|2021-02-09,0.2615376419928781,0.0
453594,225,2021-02-09,2021-02-18,10,control,0,0.51488364,1,dept_225_closure_2021-02-09,2021-02-19,2021-02,1,1,0.1,453594|225|2021-02-09,-0.04215916800712194,0.0
454303,225,2021-02-09,2021-02-18,10,control,0,0.42539623,0,dept_225_closure_2021-02-09,2021-02-19,2021-02,1,1,0.1,454303|225|2021-02-09,-0.13164657800712193,0.0
456801,225,2021-02-09,2021-02-18,10,control,0,0.44320226,0,dept_225_closure_2021-02-09,2021-02-19,2021-02,1,1,0.0,456801|225|2021-02-09,-0.1138405480071219,0.0
457945,225,2021-02-09,2021-02-18,10,control,0,0.75042796,1,dept_225_closure_2021-02-09,2021-02-19,2021-02,1,1,0.1,457945|225|2021-02-09,0.1933851519928781,0.0
458589,225,2021-02-09,2021-02-18,10,control,0,0.54510933,1,dept_225_closure_2021-02-09,2021-02-19,2021-02,1,1,0.0,458589|225|2021-02-09,-0.011933478007121967,0.0
460269,225,2021-02-09,2021-02-18,10,control,0,0.58065283,1,dept_225_closure_2021-02-09,2021-02-19,2021-02,1,1,0.0,460269|225|2021-02-09,0.023610021992878094,0.0
460404,225,2021-02-09,2021-02-18,10,control,0,0.35052446,0,dept_225_closure_2021-02-09,2021-02-19,2021-02,1,1,0.0,460404|225|2021-02-09,-0.20651834800712193,0.0
464247,225,2021-02-09,2021-02-18,10,control,0,0.8327629,1,dept_225_closure_2021-02-09,2021-02-19,2021-02,1,1,0.1,464247|225|2021-02-09,0.27572009199287806,0.0
464509,225,2021-02-09,2021-02-18,10,control,0,0.56256324,1,dept_225_closure_2021-02-09,2021-02-19,2021-02,1,1,0.1,464509|225|2021-02-09,0.005520431992878105,0.0
464702,225,2021-02-09,2021-02-18,10,control,0,0.96385574,1,dept_225_closure_2021-02-09,2021-02-19,2021-02,1,1,0.7,464702|225|2021-02-09,0.40681293199287805,0.0
465287,225,2021-02-09,2021-02-18,10,control,0,0.4809686,0,dept_225_closure_2021-02-09,2021-02-19,2021-02,1,1,0.1,465287|225|2021-02-09,-0.07607420800712189,0.0
467269,225,2021-02-09,2021-02-18,10,control,0,0.5799187,1,dept_225_closure_2021-02-09,2021-02-19,2021-02,1,1,0.2,467269|225|2021-02-09,0.022875891992878095,0.0
467336,225,2021-02-09,2021-02-18,10,treatment,1,0.14474845,0,dept_225_closure_2021-02-09,2021-02-19,2021-02,1,1,0.1,467336|225|2021-02-09,-0.4122943580071219,0.0
467621,225,2021-02-09,2021-02-18,10,control,0,0.983469,1,dept_225_closure_2021-02-09,2021-02-19,2021-02,1,1,0.2,467621|225|2021-02-09,0.4264261919928781,0.0
469389,225,2021-02-09,2021-02-18,10,control,0,0.612861,1,dept_225_closure_2021-02-09,2021-02-19,2021-02,1,1,0.0,469389|225|2021-02-09,0.055818191992878075,0.0
469826,225,2021-02-09,2021-02-18,10,control,0,0.45079404,0,dept_225_closure_2021-02-09,2021-02-19,2021-02,1,1,0.0,469826|225|2021-02-09,-0.10624876800712191,0.0
471891,225,2021-02-09,2021-02-18,10,control,0,0.53209096,1,dept_225_closure_2021-02-09,2021-02-19,2021-02,1,1,0.1,471891|225|2021-02-09,-0.024951848007121913,0.0
472342,225,2021-02-09,2021-02-18,10,treatment,1,0.28729507,0,dept_225_closure_2021-02-09,2021-02-19,2021-02,1,1,0.0,472342|225|2021-02-09,-0.26974773800712193,0.0
473127,225,2021-02-09,2021-02-18,10,control,0,0.98042405,1,dept_225_closure_2021-02-09,2021-02-19,2021-02,1,1,0.1,473127|225|2021-02-09,0.4233812419928781,0.0
475523,225,2021-02-09,2021-02-18,10,control,0,0.52391076,1,dept_225_closure_2021-02-09,2021-02-19,2021-02,1,1,0.1,475523|225|2021-02-09,-0.033132048007121884,0.0
478934,225,2021-02-09,2021-02-18,10,control,0,0.879664,1,dept_225_closure_2021-02-09,2021-02-19,2021-02,1,1,0.2,478934|225|2021-02-09,0.3226211919928781,0.0
479982,225,2021-02-09,2021-02-18,10,control,0,0.72143114,1,dept_225_closure_2021-02-09,2021-02-19,2021-02,1,1,0.1,479982|225|2021-02-09,0.16438833199287806,0.0
481053,225,2021-02-09,2021-02-18,10,control,0,0.60998887,1,dept_225_closure_2021-02-09,2021-02-19,2021-02,1,1,0.0,481053|225|2021-02-09,0.0529460619928781,0.0
481534,225,2021-02-09,2021-02-18,10,treatment,1,0.7666529,1,dept_225_closure_2021-02-09,2021-02-19,2021-02,1,1,0.2,481534|225|2021-02-09,0.20961009199287806,0.0
483355,225,2021-02-09,2021-02-18,10,treatment,1,0.21617046,0,dept_225_closure_2021-02-09,2021-02-19,2021-02,1,1,0.1,483355|225|2021-02-09,-0.3408723480071219,0.0
484202,225,2021-02-09,2021-02-18,10,control,0,0.11625671,0,dept_225_closure_2021-02-09,2021-02-19,2021-02,1,1,0.0,484202|225|2021-02-09,-0.44078609800712193,0.0
484803,225,2021-02-09,2021-02-18,10,control,0,0.48871788,0,dept_225_closure_2021-02-09,2021-02-19,2021-02,1,1,0.1,484803|225|2021-02-09,-0.06832492800712192,0.0
487863,225,2021-02-09,2021-02-18,10,control,0,0.29896432,0,dept_225_closure_2021-02-09,2021-02-19,2021-02,1,1,0.1,487863|225|2021-02-09,-0.2580784880071219,0.0
488759,225,2021-02-09,2021-02-18,10,control,0,0.560258,1,dept_225_closure_2021-02-09,2021-02-19,2021-02,1,1,0.1,488759|225|2021-02-09,0.003215191992878119,0.0
489742,225,2021-02-09,2021-02-18,10,control,0,0.6274672,1,dept_225_closure_2021-02-09,2021-02-19,2021-02,1,1,0.0,489742|225|2021-02-09,0.07042439199287809,0.0
493285,225,2021-02-09,2021-02-18,10,control,0,0.30452004,0,dept_225_closure_2021-02-09,2021-02-19,2021-02,1,1,0.1,493285|225|2021-02-09,-0.2525227680071219,0.0
494278,225,2021-02-09,2021-02-18,10,control,0,0.1129235,0,dept_225_closure_2021-02-09,2021-02-19,2021-02,1,1,0.0,494278|225|2021-02-09,-0.4441193080071219,0.0
502196,225,2021-02-09,2021-02-18,10,treatment,1,0.8333942,1,dept_225_closure_2021-02-09,2021-02-19,2021-02,1,1,0.0,502196|225|2021-02-09,0.27635139199287806,0.0
502318,225,2021-02-09,2021-02-18,10,treatment,1,0.9765118,1,dept_225_closure_2021-02-09,2021-02-19,2021-02,1,1,0.2,502318|225|2021-02-09,0.4194689919928781,0.0
503466,225,2021-02-09,2021-02-18,10,control,0,0.24881226,0,dept_225_closure_2021-02-09,2021-02-19,2021-02,1,1,0.1,503466|225|2021-02-09,-0.3082305480071219,0.0
505843,225,2021-02-09,2021-02-18,10,treatment,1,0.6795407,1,dept_225_closure_2021-02-09,2021-02-19,2021-02,1,1,0.1,505843|225|2021-02-09,0.12249789199287808,0.0
506867,225,2021-02-09,2021-02-18,10,control,0,0.9109191,1,dept_225_closure_2021-02-09,2021-02-19,2021-02,1,1,0.1,506867|225|2021-02-09,0.35387629199287807,0.0
509425,225,2021-02-09,2021-02-18,10,control,0,0.21315736,0,dept_225_closure_2021-02-09,2021-02-19,2021-02,1,1,0.0,509425|225|2021-02-09,-0.34388544800712195,0.0
510199,225,2021-02-09,2021-02-18,10,control,0,0.95041114,1,dept_225_closure_2021-02-09,2021-02-19,2021-02,1,1,0.1,510199|225|2021-02-09,0.39336833199287813,0.0
510253,225,2021-02-09,2021-02-18,10,treatment,1,0.11474849,0,dept_225_closure_2021-02-09,2021-02-19,2021-02,1,1,0.0,510253|225|2021-02-09,-0.44229431800712193,0.0
512120,225,2021-02-09,2021-02-18,10,control,0,0.123882264,0,dept_225_closure_2021-02-09,2021-02-19,2021-02,1,1,0.0,512120|225|2021-02-09,-0.4331605440071219,0.0
512374,225,2021-02-09,2021-02-18,10,control,0,0.025796797,0,dept_225_closure_2021-02-09,2021-02-19,2021-02,1,1,0.0,512374|225|2021-02-09,-0.5312460110071219,0.0
513432,225,2021-02-09,2021-02-18,10,control,0,0.75720835,1,dept_225_closure_2021-02-09,2021-02-19,2021-02,1,1,0.6,513432|225|2021-02-09,0.20016554199287806,0.0
514186,225,2021-02-09,2021-02-18,10,control,0,0.53616303,1,dept_225_closure_2021-02-09,2021-02-19,2021-02,1,1,0.1,514186|225|2021-02-09,-0.02087977800712193,0.0
514740,225,2021-02-09,2021-02-18,10,control,0,0.9236703,1,dept_225_closure_2021-02-09,2021-02-19,2021-02,1,1,0.3,514740|225|2021-02-09,0.36662749199287814,0.0
515182,225,2021-02-09,2021-02-18,10,control,0,0.1092633,0,dept_225_closure_2021-02-09,2021-02-19,2021-02,1,1,0.0,515182|225|2021-02-09,-0.4477795080071219,0.0
516610,225,2021-02-09,2021-02-18,10,control,0,0.6973986,1,dept_225_closure_2021-02-09,2021-02-19,2021-02,1,1,0.0,516610|225|2021-02-09,0.14035579199287807,0.0
516772,225,2021-02-09,2021-02-18,10,control,0,0.5201318,1,dept_225_closure_2021-02-09,2021-02-19,2021-02,1,1,0.4,516772|225|2021-02-09,-0.03691100800712188,0.0
516884,225,2021-02-09,2021-02-18,10,control,0,0.2260634,0,dept_225_closure_2021-02-09,2021-02-19,2021-02,1,1,0.0,516884|225|2021-02-09,-0.3309794080071219,0.0
517029,225,2021-02-09,2021-02-18,10,control,0,0.6784122,1,dept_225_closure_2021-02-09,2021-02-19,2021-02,1,1,0.2,517029|225|2021-02-09,0.1213693919928781,0.0
518563,225,2021-02-09,2021-02-18,10,treatment,1,0.66636384,1,dept_225_closure_2021-02-09,2021-02-19,2021-02,1,1,0.0,518563|225|2021-02-09,0.10932103199287813,0.0
519764,225,2021-02-09,2021-02-18,10,control,0,0.4191586,0,dept_225_closure_2021-02-09,2021-02-19,2021-02,1,1,0.0,519764|225|2021-02-09,-0.13788420800712192,0.0
520658,225,2021-02-09,2021-02-18,10,control,0,0.10316532,0,dept_225_closure_2021-02-09,2021-02-19,2021-02,1,1,0.0,520658|225|2021-02-09,-0.4538774880071219,0.0
520817,225,2021-02-09,2021-02-18,10,control,0,0.09707905,0,dept_225_closure_2021-02-09,2021-02-19,2021-02,1,1,0.1,520817|225|2021-02-09,-0.4599637580071219,0.0
521820,225,2021-02-09,2021-02-18,10,control,0,0.084771745,0,dept_225_closure_2021-02-09,2021-02-19,2021-02,1,1,0.0,521820|225|2021-02-09,-0.4722710630071219,0.0
521859,225,2021-02-09,2021-02-18,10,control,0,0.5171526,1,dept_225_closure_2021-02-09,2021-02-19,2021-02,1,1,0.1,521859|225|2021-02-09,-0.03989020800712195,0.0
522545,225,2021-02-09,2021-02-18,10,treatment,1,0.64982855,1,dept_225_closure_2021-02-09,2021-02-19,2021-02,1,1,0.1,522545|225|2021-02-09,0.09278574199287803,0.0
524184,225,2021-02-09,2021-02-18,10,control,0,0.48366845,0,dept_225_closure_2021-02-09,2021-02-19,2021-02,1,1,0.0,524184|225|2021-02-09,-0.07337435800712189,0.0
524855,225,2021-02-09,2021-02-18,10,control,0,0.8788438,1,dept_225_closure_2021-02-09,2021-02-19,2021-02,1,1,0.1,524855|225|2021-02-09,0.32180099199287804,0.0
525501,225,2021-02-09,2021-02-18,10,control,0,0.9226477,1,dept_225_closure_2021-02-09,2021-02-19,2021-02,1,1,0.0,525501|225|2021-02-09,0.36560489199287804,0.0
525869,225,2021-02-09,2021-02-18,10,control,0,0.07285162,0,dept_225_closure_2021-02-09,2021-02-19,2021-02,1,1,0.2,525869|225|2021-02-09,-0.4841911880071219,0.0
529325,225,2021-02-09,2021-02-18,10,control,0,0.6113113,1,dept_225_closure_2021-02-09,2021-02-19,2021-02,1,1,0.2,529325|225|2021-02-09,0.05426849199287809,0.0
529864,225,2021-02-09,2021-02-18,10,control,0,0.14488006,0,dept_225_closure_2021-02-09,2021-02-19,2021-02,1,1,0.0,529864|225|2021-02-09,-0.41216274800712194,0.0
531372,225,2021-02-09,2021-02-18,10,control,0,0.9984932,1,dept_225_closure_2021-02-09,2021-02-19,2021-02,1,1,0.3,531372|225|2021-02-09,0.44145039199287806,0.0
531766,225,2021-02-09,2021-02-18,10,control,0,0.70788556,1,dept_225_closure_2021-02-09,2021-02-19,2021-02,1,1,0.0,531766|225|2021-02-09,0.1508427519928781,0.0
532231,225,2021-02-09,2021-02-18,10,control,0,0.16401133,0,dept_225_closure_2021-02-09,2021-02-19,2021-02,1,1,0.0,532231|225|2021-02-09,-0.3930314780071219,0.0
533906,225,2021-02-09,2021-02-18,10,control,0,0.12545961,0,dept_225_closure_2021-02-09,2021-02-19,2021-02,1,1,0.1,533906|225|2021-02-09,-0.4315831980071219,0.0
534647,225,2021-02-09,2021-02-18,10,control,0,0.99306244,1,dept_225_closure_2021-02-09,2021-02-19,2021-02,1,1,0.2,534647|225|2021-02-09,0.4360196319928781,0.0
535153,225,2021-02-09,2021-02-18,10,control,0,0.06850255,0,dept_225_closure_2021-02-09,2021-02-19,2021-02,1,1,0.0,535153|225|2021-02-09,-0.4885402580071219,0.0
536067,225,2021-02-09,2021-02-18,10,control,0,0.7665355,1,dept_225_closure_2021-02-09,2021-02-19,2021-02,1,1,0.0,536067|225|2021-02-09,0.20949269199287812,0.0
536540,225,2021-02-09,2021-02-18,10,control,0,0.5633116,1,dept_225_closure_2021-02-09,2021-02-19,2021-02,1,1,0.1,536540|225|2021-02-09,0.006268791992878109,0.0
537345,225,2021-02-09,2021-02-18,10,control,0,0.23184814,0,dept_225_closure_2021-02-09,2021-02-19,2021-02,1,1,0.0,537345|225|2021-02-09,-0.32519466800712193,0.0
537422,225,2021-02-09,2021-02-18,10,control,0,0.35939428,0,dept_225_closure_2021-02-09,2021-02-19,2021-02,1,1,0.1,537422|225|2021-02-09,-0.1976485280071219,0.0
538844,225,2021-02-09,2021-02-18,10,control,0,0.6683242,1,dept_225_closure_2021-02-09,2021-02-19,2021-02,1,1,0.3,538844|225|2021-02-09,0.11128139199287812,0.0
539544,225,2021-02-09,2021-02-18,10,treatment,1,0.30792004,0,dept_225_closure_2021-02-09,2021-02-19,2021-02,1,1,0.0,539544|225|2021-02-09,-0.2491227680071219,0.0
539687,225,2021-02-09,2021-02-18,10,control,0,0.9314988,1,dept_225_closure_2021-02-09,2021-02-19,2021-02,1,1,0.2,539687|225|2021-02-09,0.37445599199287805,0.0
540056,225,2021-02-09,2021-02-18,10,control,0,0.354361,0,dept_225_closure_2021-02-09,2021-02-19,2021-02,1,1,0.0,540056|225|2021-02-09,-0.20268180800712193,0.0
541024,225,2021-02-09,2021-02-18,10,control,0,0.9485148,1,dept_225_closure_2021-02-09,2021-02-19,2021-02,1,1,0.1,541024|225|2021-02-09,0.3914719919928781,0.0
541794,225,2021-02-09,2021-02-18,10,control,0,0.7145694,1,dept_225_closure_2021-02-09,2021-02-19,2021-02,1,1,0.1,541794|225|2021-02-09,0.1575265919928781,0.0
541795,225,2021-02-09,2021-02-18,10,control,0,0.1584281,0,dept_225_closure_2021-02-09,2021-02-19,2021-02,1,1,0.0,541795|225|2021-02-09,-0.39861470800712195,0.0
542121,225,2021-02-09,2021-02-18,10,control,0,0.81192786,1,dept_225_closure_2021-02-09,2021-02-19,2021-02,1,1,0.1,542121|225|2021-02-09,0.25488505199287803,0.0
542359,225,2021-02-09,2021-02-18,10,control,0,0.8997891,1,dept_225_closure_2021-02-09,2021-02-19,2021-02,1,1,0.2,542359|225|2021-02-09,0.3427462919928781,0.0
542469,225,2021-02-09,2021-02-18,10,control,0,0.5968629,1,dept_225_closure_2021-02-09,2021-02-19,2021-02,1,1,0.4,542469|225|2021-02-09,0.03982009199287806,0.0
543401,225,2021-02-09,2021-02-18,10,control,0,0.17591122,0,dept_225_closure_2021-02-09,2021-02-19,2021-02,1,1,0.1,543401|225|2021-02-09,-0.3811315880071219,0.0
543574,225,2021-02-09,2021-02-18,10,control,0,0.99364233,1,dept_225_closure_2021-02-09,2021-02-19,2021-02,1,1,0.5,543574|225|2021-02-09,0.4365995219928781,0.0
545450,225,2021-02-09,2021-02-18,10,treatment,1,0.74080014,1,dept_225_closure_2021-02-09,2021-02-19,2021-02,1,1,0.0,545450|225|2021-02-09,0.18375733199287814,0.0
545621,225,2021-02-09,2021-02-18,10,control,0,0.2505379,0,dept_225_closure_2021-02-09,2021-02-19,2021-02,1,1,0.0,545621|225|2021-02-09,-0.30650490800712193,0.0
546738,225,2021-02-09,2021-02-18,10,treatment,1,0.9869179,1,dept_225_closure_2021-02-09,2021-02-19,2021-02,1,1,0.3,546738|225|2021-02-09,0.4298750919928781,0.0
547241,225,2021-02-09,2021-02-18,10,control,0,0.63886887,1,dept_225_closure_2021-02-09,2021-02-19,2021-02,1,1,0.1,547241|225|2021-02-09,0.08182606199287812,0.0
547544,225,2021-02-09,2021-02-18,10,control,0,0.7458929,1,dept_225_closure_2021-02-09,2021-02-19,2021-02,1,1,0.0,547544|225|2021-02-09,0.18885009199287806,0.0
547689,225,2021-02-09,2021-02-18,10,control,0,0.55275804,1,dept_225_closure_2021-02-09,2021-02-19,2021-02,1,1,0.2,547689|225|2021-02-09,-0.004284768007121964,0.0
548215,225,2021-02-09,2021-02-18,10,control,0,0.9033356,1,dept_225_closure_2021-02-09,2021-02-19,2021-02,1,1,0.1,548215|225|2021-02-09,0.3462927919928781,0.0
549703,225,2021-02-09,2021-02-18,10,treatment,1,0.44778845,0,dept_225_closure_2021-02-09,2021-02-19,2021-02,1,1,0.1,549703|225|2021-02-09,-0.10925435800712191,0.0
549771,225,2021-02-09,2021-02-18,10,control,0,0.8159889,1,dept_225_closure_2021-02-09,2021-02-19,2021-02,1,1,0.1,549771|225|2021-02-09,0.2589460919928781,0.0
552685,225,2021-02-09,2021-02-18,10,control,0,0.5987536,1,dept_225_closure_2021-02-09,2021-02-19,2021-02,1,1,0.1,552685|225|2021-02-09,0.04171079199287808,0.0
552723,225,2021-02-09,2021-02-18,10,control,0,0.35043988,0,dept_225_closure_2021-02-09,2021-02-19,2021-02,1,1,0.4,552723|225|2021-02-09,-0.20660292800712193,0.0
553138,225,2021-02-09,2021-02-18,10,control,0,0.30944628,0,dept_225_closure_2021-02-09,2021-02-19,2021-02,1,1,0.3,553138|225|2021-02-09,-0.2475965280071219,0.0
553876,225,2021-02-09,2021-02-18,10,treatment,1,0.9419543,1,dept_225_closure_2021-02-09,2021-02-19,2021-02,1,1,0.0,553876|225|2021-02-09,0.3849114919928781,0.0
557358,225,2021-02-09,2021-02-18,10,control,0,0.9920684,1,dept_225_closure_2021-02-09,2021-02-19,2021-02,1,1,0.3,557358|225|2021-02-09,0.43502559199287805,0.0
557503,225,2021-02-09,2021-02-18,10,control,0,0.98167187,1,dept_225_closure_2021-02-09,2021-02-19,2021-02,1,1,0.1,557503|225|2021-02-09,0.4246290619928781,0.0
558534,225,2021-02-09,2021-02-18,10,treatment,1,0.20376676,0,dept_225_closure_2021-02-09,2021-02-19,2021-02,1,1,0.0,558534|225|2021-02-09,-0.3532760480071219,0.0
559416,225,2021-02-09,2021-02-18,10,control,0,0.5377436,1,dept_225_closure_2021-02-09,2021-02-19,2021-02,1,1,0.0,559416|225|2021-02-09,-0.019299208007121926,0.0
560778,225,2021-02-09,2021-02-18,10,control,0,0.6724239,1,dept_225_closure_2021-02-09,2021-02-19,2021-02,1,1,0.1,560778|225|2021-02-09,0.11538109199287805,0.0
561261,225,2021-02-09,2021-02-18,10,control,0,0.8870736,1,dept_225_closure_2021-02-09,2021-02-19,2021-02,1,1,0.0,561261|225|2021-02-09,0.3300307919928781,0.0
561552,225,2021-02-09,2021-02-18,10,treatment,1,0.8548409,1,dept_225_closure_2021-02-09,2021-02-19,2021-02,1,1,0.0,561552|225|2021-02-09,0.2977980919928781,0.0
561749,225,2021-02-09,2021-02-18,10,treatment,1,0.36272615,0,dept_225_closure_2021-02-09,2021-02-19,2021-02,1,1,0.2,561749|225|2021-02-09,-0.1943166580071219,0.0
561970,225,2021-02-09,2021-02-18,10,control,0,0.26292413,0,dept_225_closure_2021-02-09,2021-02-19,2021-02,1,1,0.2,561970|225|2021-02-09,-0.29411867800712194,0.0
563192,225,2021-02-09,2021-02-18,10,control,0,0.99263245,1,dept_225_closure_2021-02-09,2021-02-19,2021-02,1,1,0.2,563192|225|2021-02-09,0.4355896419928781,0.0
563542,225,2021-02-09,2021-02-18,10,control,0,0.37322673,0,dept_225_closure_2021-02-09,2021-02-19,2021-02,1,1,0.3,563542|225|2021-02-09,-0.1838160780071219,0.0
563790,225,2021-02-09,2021-02-18,10,control,0,0.35640284,0,dept_225_closure_2021-02-09,2021-02-19,2021-02,1,1,0.0,563790|225|2021-02-09,-0.20063996800712192,0.0
564310,225,2021-02-09,2021-02-18,10,control,0,0.53082335,1,dept_225_closure_2021-02-09,2021-02-19,2021-02,1,1,0.0,564310|225|2021-02-09,-0.026219458007121887,0.0
564323,225,2021-02-09,2021-02-18,10,control,0,0.9151387,1,dept_225_closure_2021-02-09,2021-02-19,2021-02,1,1,0.0,564323|225|2021-02-09,0.35809589199287806,0.0
564378,225,2021-02-09,2021-02-18,10,control,0,0.79580194,1,dept_225_closure_2021-02-09,2021-02-19,2021-02,1,1,0.1,564378|225|2021-02-09,0.23875913199287813,0.0
564518,225,2021-02-09,2021-02-18,10,control,0,0.8406039,1,dept_225_closure_2021-02-09,2021-02-19,2021-02,1,1,0.2,564518|225|2021-02-09,0.28356109199287804,0.0
565708,225,2021-02-09,2021-02-18,10,control,0,0.8249043,1,dept_225_closure_2021-02-09,2021-02-19,2021-02,1,1,0.0,565708|225|2021-02-09,0.2678614919928781,0.0
566300,225,2021-02-09,2021-02-18,10,control,0,0.10058118,0,dept_225_closure_2021-02-09,2021-02-19,2021-02,1,1,0.0,566300|225|2021-02-09,-0.4564616280071219,0.0
566787,225,2021-02-09,2021-02-18,10,control,0,0.24692543,0,dept_225_closure_2021-02-09,2021-02-19,2021-02,1,1,0.1,566787|225|2021-02-09,-0.3101173780071219,0.0
567770,225,2021-02-09,2021-02-18,10,control,0,0.62877107,1,dept_225_closure_2021-02-09,2021-02-19,2021-02,1,1,0.1,567770|225|2021-02-09,0.07172826199287807,0.0
571386,225,2021-02-09,2021-02-18,10,control,0,0.96353066,1,dept_225_closure_2021-02-09,2021-02-19,2021-02,1,1,0.1,571386|225|2021-02-09,0.40648785199287807,0.0
572458,225,2021-02-09,2021-02-18,10,control,0,0.3980757,0,dept_225_closure_2021-02-09,2021-02-19,2021-02,1,1,0.1,572458|225|2021-02-09,-0.15896710800712194,0.0
573090,225,2021-02-09,2021-02-18,10,control,0,0.5859904,1,dept_225_closure_2021-02-09,2021-02-19,2021-02,1,1,0.1,573090|225|2021-02-09,0.028947591992878108,0.0
573893,225,2021-02-09,2021-02-18,10,control,0,0.9229414,1,dept_225_closure_2021-02-09,2021-02-19,2021-02,1,1,0.4,573893|225|2021-02-09,0.3658985919928781,0.0
574692,225,2021-02-09,2021-02-18,10,treatment,1,0.7166413,1,dept_225_closure_2021-02-09,2021-02-19,2021-02,1,1,0.1,574692|225|2021-02-09,0.15959849199287812,0.0
574768,225,2021-02-09,2021-02-18,10,control,0,0.17151837,0,dept_225_closure_2021-02-09,2021-02-19,2021-02,1,1,0.0,574768|225|2021-02-09,-0.3855244380071219,0.0
576266,225,2021-02-09,2021-02-18,10,control,0,0.086030245,0,dept_225_closure_2021-02-09,2021-02-19,2021-02,1,1,0.0,576266|225|2021-02-09,-0.4710125630071219,0.0
576524,225,2021-02-09,2021-02-18,10,control,0,0.7010925,1,dept_225_closure_2021-02-09,2021-02-19,2021-02,1,1,0.4,576524|225|2021-02-09,0.1440496919928781,0.0
577047,225,2021-02-09,2021-02-18,10,control,0,0.30385533,0,dept_225_closure_2021-02-09,2021-02-19,2021-02,1,1,0.1,577047|225|2021-02-09,-0.25318747800712194,0.0
577615,225,2021-02-09,2021-02-18,10,control,0,0.9983777,1,dept_225_closure_2021-02-09,2021-02-19,2021-02,1,1,0.3,577615|225|2021-02-09,0.4413348919928781,0.0
578177,225,2021-02-09,2021-02-18,10,control,0,0.58630294,1,dept_225_closure_2021-02-09,2021-02-19,2021-02,1,1,0.1,578177|225|2021-02-09,0.029260131992878136,0.0
579009,225,2021-02-09,2021-02-18,10,control,0,0.5416368,1,dept_225_closure_2021-02-09,2021-02-19,2021-02,1,1,0.1,579009|225|2021-02-09,-0.015406008007121885,0.0
579184,225,2021-02-09,2021-02-18,10,control,0,0.9151821,1,dept_225_closure_2021-02-09,2021-02-19,2021-02,1,1,0.1,579184|225|2021-02-09,0.3581392919928781,0.0
579185,225,2021-02-09,2021-02-18,10,control,0,0.036937717,0,dept_225_closure_2021-02-09,2021-02-19,2021-02,1,1,0.0,579185|225|2021-02-09,-0.5201050910071219,0.0
579307,225,2021-02-09,2021-02-18,10,control,0,0.44333464,0,dept_225_closure_2021-02-09,2021-02-19,2021-02,1,1,0.2,579307|225|2021-02-09,-0.11370816800712191,0.0
579513,225,2021-02-09,2021-02-18,10,control,0,0.1074986,0,dept_225_closure_2021-02-09,2021-02-19,2021-02,1,1,0.0,579513|225|2021-02-09,-0.4495442080071219,0.0
580036,225,2021-02-09,2021-02-18,10,control,0,0.9754841,1,dept_225_closure_2021-02-09,2021-02-19,2021-02,1,1,0.4,580036|225|2021-02-09,0.41844129199287805,0.0
581023,225,2021-02-09,2021-02-18,10,control,0,0.8595541,1,dept_225_closure_2021-02-09,2021-02-19,2021-02,1,1,0.2,581023|225|2021-02-09,0.3025112919928781,0.0
581025,225,2021-02-09,2021-02-18,10,control,0,0.6973182,1,dept_225_closure_2021-02-09,2021-02-19,2021-02,1,1,0.3,581025|225|2021-02-09,0.14027539199287808,0.0
582014,225,2021-02-09,2021-02-18,10,control,0,0.3974963,0,dept_225_closure_2021-02-09,2021-02-19,2021-02,1,1,0.0,582014|225|2021-02-09,-0.1595465080071219,0.0
584199,225,2021-02-09,2021-02-18,10,treatment,1,0.27034467,0,dept_225_closure_2021-02-09,2021-02-19,2021-02,1,1,0.1,584199|225|2021-02-09,-0.2866981380071219,0.0
585070,225,2021-02-09,2021-02-18,10,control,0,0.99814796,1,dept_225_closure_2021-02-09,2021-02-19,2021-02,1,1,0.3,585070|225|2021-02-09,0.44110515199287803,0.0
585492,225,2021-02-09,2021-02-18,10,control,0,0.33447573,0,dept_225_closure_2021-02-09,2021-02-19,2021-02,1,1,0.1,585492|225|2021-02-09,-0.2225670780071219,0.0
585655,225,2021-02-09,2021-02-18,10,control,0,0.35462213,0,dept_225_closure_2021-02-09,2021-02-19,2021-02,1,1,0.0,585655|225|2021-02-09,-0.20242067800712193,0.0
585821,225,2021-02-09,2021-02-18,10,control,0,0.5222112,1,dept_225_closure_2021-02-09,2021-02-19,2021-02,1,1,0.0,585821|225|2021-02-09,-0.03483160800712193,0.0
585917,225,2021-02-09,2021-02-18,10,treatment,1,0.7722433,1,dept_225_closure_2021-02-09,2021-02-19,2021-02,1,1,0.2,585917|225|2021-02-09,0.21520049199287805,0.0
586381,225,2021-02-09,2021-02-18,10,control,0,0.6838527,1,dept_225_closure_2021-02-09,2021-02-19,2021-02,1,1,0.0,586381|225|2021-02-09,0.12680989199287807,0.0
586838,225,2021-02-09,2021-02-18,10,control,0,0.09217,0,dept_225_closure_2021-02-09,2021-02-19,2021-02,1,1,0.0,586838|225|2021-02-09,-0.46487280800712194,0.0
586917,225,2021-02-09,2021-02-18,10,control,0,0.8840651,1,dept_225_closure_2021-02-09,2021-02-19,2021-02,1,1,0.0,586917|225|2021-02-09,0.32702229199287813,0.0
587297,225,2021-02-09,2021-02-18,10,control,0,0.6928022,1,dept_225_closure_2021-02-09,2021-02-19,2021-02,1,1,0.0,587297|225|2021-02-09,0.13575939199287812,0.0
588026,225,2021-02-09,2021-02-18,10,control,0,0.88820606,1,dept_225_closure_2021-02-09,2021-02-19,2021-02,1,1,0.2,588026|225|2021-02-09,0.3311632519928781,0.0
590947,225,2021-02-09,2021-02-18,10,control,0,0.36585534,0,dept_225_closure_2021-02-09,2021-02-19,2021-02,1,1,0.0,590947|225|2021-02-09,-0.19118746800712194,0.0
591732,225,2021-02-09,2021-02-18,10,control,0,0.16594023,0,dept_225_closure_2021-02-09,2021-02-19,2021-02,1,1,0.1,591732|225|2021-02-09,-0.3911025780071219,0.0
591781,225,2021-02-09,2021-02-18,10,treatment,1,0.9292462,1,dept_225_closure_2021-02-09,2021-02-19,2021-02,1,1,0.0,591781|225|2021-02-09,0.3722033919928781,0.0
592312,225,2021-02-09,2021-02-18,10,control,0,0.4578142,0,dept_225_closure_2021-02-09,2021-02-19,2021-02,1,1,0.3,592312|225|2021-02-09,-0.09922860800712191,0.0
594345,225,2021-02-09,2021-02-18,10,control,0,0.90433824,1,dept_225_closure_2021-02-09,2021-02-19,2021-02,1,1,0.5,594345|225|2021-02-09,0.34729543199287805,0.0
596114,225,2021-02-09,2021-02-18,10,control,0,0.4531059,0,dept_225_closure_2021-02-09,2021-02-19,2021-02,1,1,0.0,596114|225|2021-02-09,-0.10393690800712191,0.0
597674,225,2021-02-09,2021-02-18,10,control,0,0.49089986,0,dept_225_closure_2021-02-09,2021-02-19,2021-02,1,1,0.0,597674|225|2021-02-09,-0.0661429480071219,0.0
598660,225,2021-02-09,2021-02-18,10,treatment,1,0.8296651,1,dept_225_closure_2021-02-09,2021-02-19,2021-02,1,1,0.0,598660|225|2021-02-09,0.27262229199287813,0.0
600117,225,2021-02-09,2021-02-18,10,control,0,0.25992393,0,dept_225_closure_2021-02-09,2021-02-19,2021-02,1,1,0.0,600117|225|2021-02-09,-0.2971188780071219,0.0
602666,225,2021-02-09,2021-02-18,10,control,0,0.73606884,1,dept_225_closure_2021-02-09,2021-02-19,2021-02,1,1,0.1,602666|225|2021-02-09,0.17902603199287803,0.0
602851,225,2021-02-09,2021-02-18,10,control,0,0.13497908,0,dept_225_closure_2021-02-09,2021-02-19,2021-02,1,1,0.0,602851|225|2021-02-09,-0.4220637280071219,0.0
603710,225,2021-02-09,2021-02-18,10,control,0,0.97727966,1,dept_225_closure_2021-02-09,2021-02-19,2021-02,1,1,0.5,603710|225|2021-02-09,0.4202368519928781,0.0
604161,225,2021-02-09,2021-02-18,10,control,0,0.46132925,0,dept_225_closure_2021-02-09,2021-02-19,2021-02,1,1,0.0,604161|225|2021-02-09,-0.09571355800712189,0.0
604570,225,2021-02-09,2021-02-18,10,control,0,0.4378647,0,dept_225_closure_2021-02-09,2021-02-19,2021-02,1,1,0.2,604570|225|2021-02-09,-0.11917810800712192,0.0
604822,225,2021-02-09,2021-02-18,10,control,0,0.9733655,1,dept_225_closure_2021-02-09,2021-02-19,2021-02,1,1,0.1,604822|225|2021-02-09,0.4163226919928781,0.0
605970,225,2021-02-09,2021-02-18,10,control,0,0.1305402,0,dept_225_closure_2021-02-09,2021-02-19,2021-02,1,1,0.0,605970|225|2021-02-09,-0.4265026080071219,0.0
606706,225,2021-02-09,2021-02-18,10,control,0,0.95972395,1,dept_225_closure_2021-02-09,2021-02-19,2021-02,1,1,0.2,606706|225|2021-02-09,0.4026811419928781,0.0
608501,225,2021-02-09,2021-02-18,10,control,0,0.50560063,1,dept_225_closure_2021-02-09,2021-02-19,2021-02,1,1,0.1,608501|225|2021-02-09,-0.05144217800712192,0.0
610259,225,2021-02-09,2021-02-18,10,control,0,0.36856622,0,dept_225_closure_2021-02-09,2021-02-19,2021-02,1,1,0.0,610259|225|2021-02-09,-0.18847658800712191,0.0
611223,225,2021-02-09,2021-02-18,10,control,0,0.96206176,1,dept_225_closure_2021-02-09,2021-02-19,2021-02,1,1,0.3,611223|225|2021-02-09,0.4050189519928781,0.0
611759,225,2021-02-09,2021-02-18,10,control,0,0.06267964,0,dept_225_closure_2021-02-09,2021-02-19,2021-02,1,1,0.0,611759|225|2021-02-09,-0.49436316800712193,0.0
611888,225,2021-02-09,2021-02-18,10,treatment,1,0.7637555,1,dept_225_closure_2021-02-09,2021-02-19,2021-02,1,1,0.3,611888|225|2021-02-09,0.20671269199287812,0.0
616748,225,2021-02-09,2021-02-18,10,control,0,0.93410015,1,dept_225_closure_2021-02-09,2021-02-19,2021-02,1,1,0.0,616748|225|2021-02-09,0.3770573419928781,0.0
620285,225,2021-02-09,2021-02-18,10,control,0,0.07193528,0,dept_225_closure_2021-02-09,2021-02-19,2021-02,1,1,0.1,620285|225|2021-02-09,-0.4851075280071219,0.0
621701,225,2021-02-09,2021-02-18,10,control,0,0.8712767,1,dept_225_closure_2021-02-09,2021-02-19,2021-02,1,1,0.0,621701|225|2021-02-09,0.3142338919928781,0.0
621703,225,2021-02-09,2021-02-18,10,control,0,0.8133465,1,dept_225_closure_2021-02-09,2021-02-19,2021-02,1,1,0.0,621703|225|2021-02-09,0.25630369199287806,0.0
621708,225,2021-02-09,2021-02-18,10,control,0,0.9617935,1,dept_225_closure_2021-02-09,2021-02-19,2021-02,1,1,0.0,621708|225|2021-02-09,0.40475069199287805,0.0
622002,225,2021-02-09,2021-02-18,10,control,0,0.6602533,1,dept_225_closure_2021-02-09,2021-02-19,2021-02,1,1,0.1,622002|225|2021-02-09,0.10321049199287813,0.0
622452,225,2021-02-09,2021-02-18,10,control,0,0.42704433,0,dept_225_closure_2021-02-09,2021-02-19,2021-02,1,1,0.0,622452|225|2021-02-09,-0.1299984780071219,0.0
624749,225,2021-02-09,2021-02-18,10,control,0,0.25263858,0,dept_225_closure_2021-02-09,2021-02-19,2021-02,1,1,0.0,624749|225|2021-02-09,-0.3044042280071219,0.0
624852,225,2021-02-09,2021-02-18,10,treatment,1,0.4284098,0,dept_225_closure_2021-02-09,2021-02-19,2021-02,1,1,0.0,624852|225|2021-02-09,-0.1286330080071219,0.0
625308,225,2021-02-09,2021-02-18,10,control,0,0.5906653,1,dept_225_closure_2021-02-09,2021-02-19,2021-02,1,1,0.0,625308|225|2021-02-09,0.033622491992878034,0.0
625392,225,2021-02-09,2021-02-18,10,control,0,0.63225067,1,dept_225_closure_2021-02-09,2021-02-19,2021-02,1,1,0.0,625392|225|2021-02-09,0.0752078619928781,0.0
625984,225,2021-02-09,2021-02-18,10,control,0,0.5534443,1,dept_225_closure_2021-02-09,2021-02-19,2021-02,1,1,0.0,625984|225|2021-02-09,-0.0035985080071219144,0.0
627167,225,2021-02-09,2021-02-18,10,control,0,0.332687,0,dept_225_closure_2021-02-09,2021-02-19,2021-02,1,1,0.0,627167|225|2021-02-09,-0.2243558080071219,0.0
627225,225,2021-02-09,2021-02-18,10,control,0,0.9010184,1,dept_225_closure_2021-02-09,2021-02-19,2021-02,1,1,0.0,627225|225|2021-02-09,0.3439755919928781,0.0
627408,225,2021-02-09,2021-02-18,10,control,0,0.85890085,1,dept_225_closure_2021-02-09,2021-02-19,2021-02,1,1,0.2,627408|225|2021-02-09,0.30185804199287813,0.0
627763,225,2021-02-09,2021-02-18,10,control,0,0.5826646,1,dept_225_closure_2021-02-09,2021-02-19,2021-02,1,1,0.1,627763|225|2021-02-09,0.025621791992878062,0.0
628462,225,2021-02-09,2021-02-18,10,control,0,0.2905661,0,dept_225_closure_2021-02-09,2021-02-19,2021-02,1,1,0.0,628462|225|2021-02-09,-0.2664767080071219,0.0
631042,225,2021-02-09,2021-02-18,10,treatment,1,0.82386595,1,dept_225_closure_2021-02-09,2021-02-19,2021-02,1,1,0.2,631042|225|2021-02-09,0.26682314199287804,0.0
631725,225,2021-02-09,2021-02-18,10,control,0,0.27820736,0,dept_225_closure_2021-02-09,2021-02-19,2021-02,1,1,0.1,631725|225|2021-02-09,-0.2788354480071219,0.0
632138,225,2021-02-09,2021-02-18,10,control,0,0.45328057,0,dept_225_closure_2021-02-09,2021-02-19,2021-02,1,1,0.1,632138|225|2021-02-09,-0.10376223800712192,0.0
632258,225,2021-02-09,2021-02-18,10,control,0,0.9607414,1,dept_225_closure_2021-02-09,2021-02-19,2021-02,1,1,0.4,632258|225|2021-02-09,0.40369859199287805,0.0
634605,225,2021-02-09,2021-02-18,10,control,0,0.8398513,1,dept_225_closure_2021-02-09,2021-02-19,2021-02,1,1,0.1,634605|225|2021-02-09,0.28280849199287805,0.0
636399,225,2021-02-09,2021-02-18,10,control,0,0.8788353,1,dept_225_closure_2021-02-09,2021-02-19,2021-02,1,1,0.3,636399|225|2021-02-09,0.32179249199287807,0.0
639151,225,2021-02-09,2021-02-18,10,control,0,0.039711274,0,dept_225_closure_2021-02-09,2021-02-19,2021-02,1,1,0.3,639151|225|2021-02-09,-0.517331534007122,0.0
639396,225,2021-02-09,2021-02-18,10,control,0,0.111425295,0,dept_225_closure_2021-02-09,2021-02-19,2021-02,1,1,0.0,639396|225|2021-02-09,-0.44561751300712193,0.0
639953,225,2021-02-09,2021-02-18,10,control,0,0.7804247,1,dept_225_closure_2021-02-09,2021-02-19,2021-02,1,1,0.0,639953|225|2021-02-09,0.22338189199287806,0.0
640512,225,2021-02-09,2021-02-18,10,control,0,0.20313406,0,dept_225_closure_2021-02-09,2021-02-19,2021-02,1,1,0.0,640512|225|2021-02-09,-0.3539087480071219,0.0
640845,225,2021-02-09,2021-02-18,10,control,0,0.99919397,1,dept_225_closure_2021-02-09,2021-02-19,2021-02,1,1,0.4,640845|225|2021-02-09,0.4421511619928781,0.0
641789,225,2021-02-09,2021-02-18,10,control,0,0.46111363,0,dept_225_closure_2021-02-09,2021-02-19,2021-02,1,1,0.0,641789|225|2021-02-09,-0.09592917800712192,0.0
642726,225,2021-02-09,2021-02-18,10,control,0,0.8754994,1,dept_225_closure_2021-02-09,2021-02-19,2021-02,1,1,0.4,642726|225|2021-02-09,0.3184565919928781,0.0
642742,225,2021-02-09,2021-02-18,10,control,0,0.45168057,0,dept_225_closure_2021-02-09,2021-02-19,2021-02,1,1,0.0,642742|225|2021-02-09,-0.10536223800712191,0.0
644630,225,2021-02-09,2021-02-18,10,control,0,0.23972027,0,dept_225_closure_2021-02-09,2021-02-19,2021-02,1,1,0.0,644630|225|2021-02-09,-0.3173225380071219,0.0
644702,225,2021-02-09,2021-02-18,10,control,0,0.8360215,1,dept_225_closure_2021-02-09,2021-02-19,2021-02,1,1,0.2,644702|225|2021-02-09,0.27897869199287806,0.0
645363,225,2021-02-09,2021-02-18,10,control,0,0.8725744,1,dept_225_closure_2021-02-09,2021-02-19,2021-02,1,1,0.1,645363|225|2021-02-09,0.31553159199287806,0.0
645944,225,2021-02-09,2021-02-18,10,treatment,1,0.99819547,1,dept_225_closure_2021-02-09,2021-02-19,2021-02,1,1,0.2,645944|225|2021-02-09,0.44115266199287806,0.0
646261,225,2021-02-09,2021-02-18,10,control,0,0.5575733,1,dept_225_closure_2021-02-09,2021-02-19,2021-02,1,1,0.0,646261|225|2021-02-09,0.0005304919928781349,0.0
646657,225,2021-02-09,2021-02-18,10,treatment,1,0.21721593,0,dept_225_closure_2021-02-09,2021-02-19,2021-02,1,1,0.0,646657|225|2021-02-09,-0.3398268780071219,0.0
649551,225,2021-02-09,2021-02-18,10,control,0,0.021113366,0,dept_225_closure_2021-02-09,2021-02-19,2021-02,1,1,0.1,649551|225|2021-02-09,-0.5359294420071219,0.0
649840,225,2021-02-09,2021-02-18,10,control,0,0.67450595,1,dept_225_closure_2021-02-09,2021-02-19,2021-02,1,1,0.1,649840|225|2021-02-09,0.1174631419928781,0.0
651091,225,2021-02-09,2021-02-18,10,control,0,0.5026581,1,dept_225_closure_2021-02-09,2021-02-19,2021-02,1,1,0.0,651091|225|2021-02-09,-0.05438470800712192,0.0
651339,225,2021-02-09,2021-02-18,10,control,0,0.65272504,1,dept_225_closure_2021-02-09,2021-02-19,2021-02,1,1,0.1,651339|225|2021-02-09,0.09568223199287806,0.0
651713,225,2021-02-09,2021-02-18,10,control,0,0.96742,1,dept_225_closure_2021-02-09,2021-02-19,2021-02,1,1,0.4,651713|225|2021-02-09,0.41037719199287803,0.0
653758,225,2021-02-09,2021-02-18,10,control,0,0.5240128,1,dept_225_closure_2021-02-09,2021-02-19,2021-02,1,1,0.0,653758|225|2021-02-09,-0.03303000800712197,0.0
654099,225,2021-02-09,2021-02-18,10,control,0,0.856423,1,dept_225_closure_2021-02-09,2021-02-19,2021-02,1,1,0.2,654099|225|2021-02-09,0.29938019199287813,0.0
654850,225,2021-02-09,2021-02-18,10,control,0,0.019117346,0,dept_225_closure_2021-02-09,2021-02-19,2021-02,1,1,0.1,654850|225|2021-02-09,-0.5379254620071219,0.0
655704,225,2021-02-09,2021-02-18,10,control,0,0.6690431,1,dept_225_closure_2021-02-09,2021-02-19,2021-02,1,1,0.0,655704|225|2021-02-09,0.11200029199287809,0.0
656521,225,2021-02-09,2021-02-18,10,treatment,1,0.04669351,0,dept_225_closure_2021-02-09,2021-02-19,2021-02,1,1,0.0,656521|225|2021-02-09,-0.5103492980071219,0.0
658662,225,2021-02-09,2021-02-18,10,control,0,0.53507197,1,dept_225_closure_2021-02-09,2021-02-19,2021-02,1,1,0.2,658662|225|2021-02-09,-0.021970838007121962,0.0
659493,225,2021-02-09,2021-02-18,10,control,0,0.42869598,0,dept_225_closure_2021-02-09,2021-02-19,2021-02,1,1,0.0,659493|225|2021-02-09,-0.12834682800712194,0.0
659772,225,2021-02-09,2021-02-18,10,control,0,0.39867225,0,dept_225_closure_2021-02-09,2021-02-19,2021-02,1,1,0.0,659772|225|2021-02-09,-0.1583705580071219,0.0
659815,225,2021-02-09,2021-02-18,10,control,0,0.9385042,1,dept_225_closure_2021-02-09,2021-02-19,2021-02,1,1,0.2,659815|225|2021-02-09,0.3814613919928781,0.0
659817,225,2021-02-09,2021-02-18,10,control,0,0.3824475,0,dept_225_closure_2021-02-09,2021-02-19,2021-02,1,1,0.2,659817|225|2021-02-09,-0.17459530800712192,0.0
660265,225,2021-02-09,2021-02-18,10,treatment,1,0.9978644,1,dept_225_closure_2021-02-09,2021-02-19,2021-02,1,1,0.7,660265|225|2021-02-09,0.44082159199287807,0.0
660305,225,2021-02-09,2021-02-18,10,control,0,0.96064216,1,dept_225_closure_2021-02-09,2021-02-19,2021-02,1,1,0.3,660305|225|2021-02-09,0.4035993519928781,0.0
661284,225,2021-02-09,2021-02-18,10,control,0,0.07477712,0,dept_225_closure_2021-02-09,2021-02-19,2021-02,1,1,0.0,661284|225|2021-02-09,-0.4822656880071219,0.0
662869,225,2021-02-09,2021-02-18,10,control,0,0.32152742,0,dept_225_closure_2021-02-09,2021-02-19,2021-02,1,1,0.0,662869|225|2021-02-09,-0.2355153880071219,0.0
663102,225,2021-02-09,2021-02-18,10,control,0,0.9994822,1,dept_225_closure_2021-02-09,2021-02-19,2021-02,1,1,0.7,663102|225|2021-02-09,0.4424393919928781,0.0
663426,225,2021-02-09,2021-02-18,10,control,0,0.7689014,1,dept_225_closure_2021-02-09,2021-02-19,2021-02,1,1,0.1,663426|225|2021-02-09,0.21185859199287804,0.0
664086,225,2021-02-09,2021-02-18,10,treatment,1,0.9762654,1,dept_225_closure_2021-02-09,2021-02-19,2021-02,1,1,0.1,664086|225|2021-02-09,0.41922259199287804,0.0
665178,225,2021-02-09,2021-02-18,10,control,0,0.9335816,1,dept_225_closure_2021-02-09,2021-02-19,2021-02,1,1,0.2,665178|225|2021-02-09,0.3765387919928781,0.0
666035,225,2021-02-09,2021-02-18,10,control,0,0.12785643,0,dept_225_closure_2021-02-09,2021-02-19,2021-02,1,1,0.0,666035|225|2021-02-09,-0.4291863780071219,0.0
667668,225,2021-02-09,2021-02-18,10,control,0,0.99883133,1,dept_225_closure_2021-02-09,2021-02-19,2021-02,1,1,0.0,667668|225|2021-02-09,0.4417885219928781,0.0
667898,225,2021-02-09,2021-02-18,10,treatment,1,0.4353089,0,dept_225_closure_2021-02-09,2021-02-19,2021-02,1,1,0.1,667898|225|2021-02-09,-0.12173390800712192,0.0
668285,225,2021-02-09,2021-02-18,10,treatment,1,0.5645258,1,dept_225_closure_2021-02-09,2021-02-19,2021-02,1,1,0.0,668285|225|2021-02-09,0.007482991992878052,0.0
668291,225,2021-02-09,2021-02-18,10,control,0,0.6522144,1,dept_225_closure_2021-02-09,2021-02-19,2021-02,1,1,0.1,668291|225|2021-02-09,0.09517159199287806,0.0
669422,225,2021-02-09,2021-02-18,10,control,0,0.67992234,1,dept_225_closure_2021-02-09,2021-02-19,2021-02,1,1,0.0,669422|225|2021-02-09,0.12287953199287804,0.0
669423,225,2021-02-09,2021-02-18,10,control,0,0.7847244,1,dept_225_closure_2021-02-09,2021-02-19,2021-02,1,1,0.0,669423|225|2021-02-09,0.22768159199287807,0.0
670295,225,2021-02-09,2021-02-18,10,control,0,0.41161156,0,dept_225_closure_2021-02-09,2021-02-19,2021-02,1,1,0.1,670295|225|2021-02-09,-0.14543124800712193,0.0
670764,225,2021-02-09,2021-02-18,10,control,0,0.30633968,0,dept_225_closure_2021-02-09,2021-02-19,2021-02,1,1,0.0,670764|225|2021-02-09,-0.2507031280071219,0.0
671754,225,2021-02-09,2021-02-18,10,control,0,0.6846134,1,dept_225_closure_2021-02-09,2021-02-19,2021-02,1,1,0.0,671754|225|2021-02-09,0.12757059199287812,0.0
671815,225,2021-02-09,2021-02-18,10,control,0,0.9897882,1,dept_225_closure_2021-02-09,2021-02-19,2021-02,1,1,0.3,671815|225|2021-02-09,0.4327453919928781,0.0
673621,225,2021-02-09,2021-02-18,10,treatment,1,0.7729736,1,dept_225_closure_2021-02-09,2021-02-19,2021-02,1,1,0.0,673621|225|2021-02-09,0.21593079199287812,0.0
674341,225,2021-02-09,2021-02-18,10,treatment,1,0.8209035,1,dept_225_closure_2021-02-09,2021-02-19,2021-02,1,1,0.5,674341|225|2021-02-09,0.2638606919928781,0.0
674672,225,2021-02-09,2021-02-18,10,control,0,0.34065872,0,dept_225_closure_2021-02-09,2021-02-19,2021-02,1,1,0.0,674672|225|2021-02-09,-0.2163840880071219,0.0
674694,225,2021-02-09,2021-02-18,10,control,0,0.19335683,0,dept_225_closure_2021-02-09,2021-02-19,2021-02,1,1,0.0,674694|225|2021-02-09,-0.3636859780071219,0.0
675858,225,2021-02-09,2021-02-18,10,control,0,0.8422513,1,dept_225_closure_2021-02-09,2021-02-19,2021-02,1,1,0.3,675858|225|2021-02-09,0.2852084919928781,0.0
676812,225,2021-02-09,2021-02-18,10,control,0,0.99570435,1,dept_225_closure_2021-02-09,2021-02-19,2021-02,1,1,0.7,676812|225|2021-02-09,0.4386615419928781,0.0
677026,225,2021-02-09,2021-02-18,10,control,0,0.7089428,1,dept_225_closure_2021-02-09,2021-02-19,2021-02,1,1,0.1,677026|225|2021-02-09,0.15189999199287807,0.0
677257,225,2021-02-09,2021-02-18,10,control,0,0.975809,1,dept_225_closure_2021-02-09,2021-02-19,2021-02,1,1,0.2,677257|225|2021-02-09,0.4187661919928781,0.0
678901,225,2021-02-09,2021-02-18,10,control,0,0.9979645,1,dept_225_closure_2021-02-09,2021-02-19,2021-02,1,1,0.4,678901|225|2021-02-09,0.4409216919928781,0.0
679712,225,2021-02-09,2021-02-18,10,control,0,0.81729364,1,dept_225_closure_2021-02-09,2021-02-19,2021-02,1,1,0.3,679712|225|2021-02-09,0.26025083199287813,0.0
681513,225,2021-02-09,2021-02-18,10,control,0,0.059593797,0,dept_225_closure_2021-02-09,2021-02-19,2021-02,1,1,0.1,681513|225|2021-02-09,-0.4974490110071219,0.0
684601,225,2021-02-09,2021-02-18,10,control,0,0.61403507,1,dept_225_closure_2021-02-09,2021-02-19,2021-02,1,1,0.0,684601|225|2021-02-09,0.0569922619928781,0.0
687008,225,2021-02-09,2021-02-18,10,control,0,0.5195646,1,dept_225_closure_2021-02-09,2021-02-19,2021-02,1,1,0.1,687008|225|2021-02-09,-0.03747820800712187,0.0
687150,225,2021-02-09,2021-02-18,10,control,0,0.876868,1,dept_225_closure_2021-02-09,2021-02-19,2021-02,1,1,0.0,687150|225|2021-02-09,0.31982519199287807,0.0
687897,225,2021-02-09,2021-02-18,10,control,0,0.21601102,0,dept_225_closure_2021-02-09,2021-02-19,2021-02,1,1,0.0,687897|225|2021-02-09,-0.3410317880071219,0.0
688637,225,2021-02-09,2021-02-18,10,control,0,0.7733657,1,dept_225_closure_2021-02-09,2021-02-19,2021-02,1,1,0.0,688637|225|2021-02-09,0.21632289199287813,0.0
690589,225,2021-02-09,2021-02-18,10,control,0,0.5553213,1,dept_225_closure_2021-02-09,2021-02-19,2021-02,1,1,0.0,690589|225|2021-02-09,-0.0017215080071218969,0.0
691229,225,2021-02-09,2021-02-18,10,treatment,1,0.89693713,1,dept_225_closure_2021-02-09,2021-02-19,2021-02,1,1,0.1,691229|225|2021-02-09,0.33989432199287806,0.0
691713,225,2021-02-09,2021-02-18,10,control,0,0.8633706,1,dept_225_closure_2021-02-09,2021-02-19,2021-02,1,1,0.0,691713|225|2021-02-09,0.3063277919928781,0.0
693271,225,2021-02-09,2021-02-18,10,control,0,0.12999293,0,dept_225_closure_2021-02-09,2021-02-19,2021-02,1,1,0.1,693271|225|2021-02-09,-0.4270498780071219,0.0
695757,225,2021-02-09,2021-02-18,10,control,0,0.13072701,0,dept_225_closure_2021-02-09,2021-02-19,2021-02,1,1,0.0,695757|225|2021-02-09,-0.42631579800712194,0.0
696610,225,2021-02-09,2021-02-18,10,control,0,0.1768223,0,dept_225_closure_2021-02-09,2021-02-19,2021-02,1,1,0.0,696610|225|2021-02-09,-0.3802205080071219,0.0
697233,225,2021-02-09,2021-02-18,10,control,0,0.94105333,1,dept_225_closure_2021-02-09,2021-02-19,2021-02,1,1,0.0,697233|225|2021-02-09,0.3840105219928781,0.0
697512,225,2021-02-09,2021-02-18,10,control,0,0.5605776,1,dept_225_closure_2021-02-09,2021-02-19,2021-02,1,1,0.2,697512|225|2021-02-09,0.0035347919928780946,0.0
697894,225,2021-02-09,2021-02-18,10,control,0,0.79817176,1,dept_225_closure_2021-02-09,2021-02-19,2021-02,1,1,0.0,697894|225|2021-02-09,0.2411289519928781,0.0
697973,225,2021-02-09,2021-02-18,10,control,0,0.18501806,0,dept_225_closure_2021-02-09,2021-02-19,2021-02,1,1,0.0,697973|225|2021-02-09,-0.37202474800712193,0.0
701848,225,2021-02-09,2021-02-18,10,control,0,0.8108951,1,dept_225_closure_2021-02-09,2021-02-19,2021-02,1,1,0.2,701848|225|2021-02-09,0.25385229199287807,0.0
702986,225,2021-02-09,2021-02-18,10,control,0,0.1872149,0,dept_225_closure_2021-02-09,2021-02-19,2021-02,1,1,0.0,702986|225|2021-02-09,-0.36982790800712195,0.0
703120,225,2021-02-09,2021-02-18,10,control,0,0.85229796,1,dept_225_closure_2021-02-09,2021-02-19,2021-02,1,1,0.1,703120|225|2021-02-09,0.2952551519928781,0.0
704201,225,2021-02-09,2021-02-18,10,control,0,0.94005144,1,dept_225_closure_2021-02-09,2021-02-19,2021-02,1,1,0.1,704201|225|2021-02-09,0.38300863199287805,0.0
704382,225,2021-02-09,2021-02-18,10,treatment,1,0.016092248,0,dept_225_closure_2021-02-09,2021-02-19,2021-02,1,1,0.0,704382|225|2021-02-09,-0.5409505600071219,0.0
705285,225,2021-02-09,2021-02-18,10,control,0,0.15315053,0,dept_225_closure_2021-02-09,2021-02-19,2021-02,1,1,0.1,705285|225|2021-02-09,-0.4038922780071219,0.0
708489,225,2021-02-09,2021-02-18,10,control,0,0.7237068,1,dept_225_closure_2021-02-09,2021-02-19,2021-02,1,1,0.1,708489|225|2021-02-09,0.16666399199287807,0.0
708585,225,2021-02-09,2021-02-18,10,control,0,0.19762886,0,dept_225_closure_2021-02-09,2021-02-19,2021-02,1,1,0.0,708585|225|2021-02-09,-0.3594139480071219,0.0
708791,225,2021-02-09,2021-02-18,10,treatment,1,0.1377391,0,dept_225_closure_2021-02-09,2021-02-19,2021-02,1,1,0.0,708791|225|2021-02-09,-0.4193037080071219,0.0
708892,225,2021-02-09,2021-02-18,10,control,0,0.18430051,0,dept_225_closure_2021-02-09,2021-02-19,2021-02,1,1,0.0,708892|225|2021-02-09,-0.3727422980071219,0.0
711028,225,2021-02-09,2021-02-18,10,control,0,0.8355796,1,dept_225_closure_2021-02-09,2021-02-19,2021-02,1,1,0.0,711028|225|2021-02-09,0.27853679199287806,0.0
711047,225,2021-02-09,2021-02-18,10,control,0,0.034083992,0,dept_225_closure_2021-02-09,2021-02-19,2021-02,1,1,0.0,711047|225|2021-02-09,-0.5229588160071219,0.0
713527,225,2021-02-09,2021-02-18,10,control,0,0.09292669,0,dept_225_closure_2021-02-09,2021-02-19,2021-02,1,1,0.0,713527|225|2021-02-09,-0.46411611800712194,0.0
713855,225,2021-02-09,2021-02-18,10,control,0,0.85167867,1,dept_225_closure_2021-02-09,2021-02-19,2021-02,1,1,0.4,713855|225|2021-02-09,0.29463586199287806,0.0
713958,225,2021-02-09,2021-02-18,10,control,0,0.49726006,0,dept_225_closure_2021-02-09,2021-02-19,2021-02,1,1,0.1,713958|225|2021-02-09,-0.05978274800712191,0.0
715131,225,2021-02-09,2021-02-18,10,control,0,0.92389244,1,dept_225_closure_2021-02-09,2021-02-19,2021-02,1,1,0.3,715131|225|2021-02-09,0.3668496319928781,0.0
716396,225,2021-02-09,2021-02-18,10,control,0,0.8428176,1,dept_225_closure_2021-02-09,2021-02-19,2021-02,1,1,0.2,716396|225|2021-02-09,0.28577479199287803,0.0
717293,225,2021-02-09,2021-02-18,10,control,0,0.25332803,0,dept_225_closure_2021-02-09,2021-02-19,2021-02,1,1,0.0,717293|225|2021-02-09,-0.30371477800712193,0.0
718498,225,2021-02-09,2021-02-18,10,control,0,0.601293,1,dept_225_closure_2021-02-09,2021-02-19,2021-02,1,1,0.1,718498|225|2021-02-09,0.04425019199287805,0.0
718943,225,2021-02-09,2021-02-18,10,control,0,0.22585094,0,dept_225_closure_2021-02-09,2021-02-19,2021-02,1,1,0.0,718943|225|2021-02-09,-0.3311918680071219,0.0
723445,225,2021-02-09,2021-02-18,10,control,0,0.8507281,1,dept_225_closure_2021-02-09,2021-02-19,2021-02,1,1,0.3,723445|225|2021-02-09,0.2936852919928781,0.0
723556,225,2021-02-09,2021-02-18,10,control,0,0.24095523,0,dept_225_closure_2021-02-09,2021-02-19,2021-02,1,1,0.1,723556|225|2021-02-09,-0.31608757800712195,0.0
723737,225,2021-02-09,2021-02-18,10,treatment,1,0.70999473,1,dept_225_closure_2021-02-09,2021-02-19,2021-02,1,1,0.1,723737|225|2021-02-09,0.1529519219928781,0.0
723885,225,2021-02-09,2021-02-18,10,control,0,0.39465505,0,dept_225_closure_2021-02-09,2021-02-19,2021-02,1,1,0.0,723885|225|2021-02-09,-0.1623877580071219,0.0
724040,225,2021-02-09,2021-02-18,10,treatment,1,0.9974916,1,dept_225_closure_2021-02-09,2021-02-19,2021-02,1,1,0.4,724040|225|2021-02-09,0.4404487919928781,0.0
725308,225,2021-02-09,2021-02-18,10,control,0,0.78447884,1,dept_225_closure_2021-02-09,2021-02-19,2021-02,1,1,0.0,725308|225|2021-02-09,0.2274360319928781,0.0
727705,225,2021-02-09,2021-02-18,10,control,0,0.05598491,0,dept_225_closure_2021-02-09,2021-02-19,2021-02,1,1,0.0,727705|225|2021-02-09,-0.5010578980071219,0.0
730581,225,2021-02-09,2021-02-18,10,control,0,0.72781026,1,dept_225_closure_2021-02-09,2021-02-19,2021-02,1,1,0.0,730581|225|2021-02-09,0.17076745199287813,0.0
733149,225,2021-02-09,2021-02-18,10,control,0,0.075182885,0,dept_225_closure_2021-02-09,2021-02-19,2021-02,1,1,0.2,733149|225|2021-02-09,-0.4818599230071219,0.0
733211,225,2021-02-09,2021-02-18,10,treatment,1,0.9522906,1,dept_225_closure_2021-02-09,2021-02-19,2021-02,1,1,0.4,733211|225|2021-02-09,0.3952477919928781,0.0
734143,225,2021-02-09,2021-02-18,10,control,0,0.46848992,0,dept_225_closure_2021-02-09,2021-02-19,2021-02,1,1,0.0,734143|225|2021-02-09,-0.08855288800712191,0.0
735208,225,2021-02-09,2021-02-18,10,control,0,0.731714,1,dept_225_closure_2021-02-09,2021-02-19,2021-02,1,1,0.1,735208|225|2021-02-09,0.17467119199287806,0.0
735282,225,2021-02-09,2021-02-18,10,control,0,0.6528534,1,dept_225_closure_2021-02-09,2021-02-19,2021-02,1,1,0.2,735282|225|2021-02-09,0.09581059199287811,0.0
735610,225,2021-02-09,2021-02-18,10,control,0,0.5116996,1,dept_225_closure_2021-02-09,2021-02-19,2021-02,1,1,0.1,735610|225|2021-02-09,-0.04534320800712188,0.0
735616,225,2021-02-09,2021-02-18,10,control,0,0.14503029,0,dept_225_closure_2021-02-09,2021-02-19,2021-02,1,1,0.0,735616|225|2021-02-09,-0.4120125180071219,0.0
735993,225,2021-02-09,2021-02-18,10,control,0,0.4518877,0,dept_225_closure_2021-02-09,2021-02-19,2021-02,1,1,0.0,735993|225|2021-02-09,-0.10515510800712191,0.0
736071,225,2021-02-09,2021-02-18,10,control,0,0.28720596,0,dept_225_closure_2021-02-09,2021-02-19,2021-02,1,1,0.4,736071|225|2021-02-09,-0.26983684800712193,0.0
736993,225,2021-02-09,2021-02-18,10,control,0,0.44273984,0,dept_225_closure_2021-02-09,2021-02-19,2021-02,1,1,0.1,736993|225|2021-02-09,-0.11430296800712192,0.0
737299,225,2021-02-09,2021-02-18,10,control,0,0.906086,1,dept_225_closure_2021-02-09,2021-02-19,2021-02,1,1,0.2,737299|225|2021-02-09,0.34904319199287803,0.0
737337,225,2021-02-09,2021-02-18,10,control,0,0.9937168,1,dept_225_closure_2021-02-09,2021-02-19,2021-02,1,1,0.2,737337|225|2021-02-09,0.43667399199287804,0.0
737407,225,2021-02-09,2021-02-18,10,control,0,0.7900126,1,dept_225_closure_2021-02-09,2021-02-19,2021-02,1,1,0.3,737407|225|2021-02-09,0.23296979199287804,0.0
737545,225,2021-02-09,2021-02-18,10,control,0,0.9986482,1,dept_225_closure_2021-02-09,2021-02-19,2021-02,1,1,0.3,737545|225|2021-02-09,0.44160539199287807,0.0
737560,225,2021-02-09,2021-02-18,10,control,0,0.30817884,0,dept_225_closure_2021-02-09,2021-02-19,2021-02,1,1,0.0,737560|225|2021-02-09,-0.2488639680071219,0.0
737581,225,2021-02-09,2021-02-18,10,control,0,0.79217803,1,dept_225_closure_2021-02-09,2021-02-19,2021-02,1,1,0.2,737581|225|2021-02-09,0.23513522199287806,0.0
737722,225,2021-02-09,2021-02-18,10,control,0,0.97656333,1,dept_225_closure_2021-02-09,2021-02-19,2021-02,1,1,0.2,737722|225|2021-02-09,0.41952052199287804,0.0
737761,225,2021-02-09,2021-02-18,10,control,0,0.007338932,0,dept_225_closure_2021-02-09,2021-02-19,2021-02,1,1,0.0,737761|225|2021-02-09,-0.5497038760071219,0.0
739335,225,2021-02-09,2021-02-18,10,control,0,0.469756,0,dept_225_closure_2021-02-09,2021-02-19,2021-02,1,1,0.1,739335|225|2021-02-09,-0.08728680800712191,0.0
740494,225,2021-02-09,2021-02-18,10,control,0,0.7680001,1,dept_225_closure_2021-02-09,2021-02-19,2021-02,1,1,0.2,740494|225|2021-02-09,0.21095729199287805,0.0
740969,225,2021-02-09,2021-02-18,10,treatment,1,0.10188658,0,dept_225_closure_2021-02-09,2021-02-19,2021-02,1,1,0.0,740969|225|2021-02-09,-0.4551562280071219,0.0
741243,225,2021-02-09,2021-02-18,10,control,0,0.30559075,0,dept_225_closure_2021-02-09,2021-02-19,2021-02,1,1,0.4,741243|225|2021-02-09,-0.2514520580071219,0.0
741354,225,2021-02-09,2021-02-18,10,control,0,0.13810001,0,dept_225_closure_2021-02-09,2021-02-19,2021-02,1,1,0.0,741354|225|2021-02-09,-0.4189427980071219,0.0
742991,225,2021-02-09,2021-02-18,10,control,0,0.89868057,1,dept_225_closure_2021-02-09,2021-02-19,2021-02,1,1,0.1,742991|225|2021-02-09,0.3416377619928781,0.0
744097,225,2021-02-09,2021-02-18,10,control,0,0.7507349,1,dept_225_closure_2021-02-09,2021-02-19,2021-02,1,1,0.2,744097|225|2021-02-09,0.19369209199287807,0.0
744787,225,2021-02-09,2021-02-18,10,control,0,0.07117133,0,dept_225_closure_2021-02-09,2021-02-19,2021-02,1,1,0.1,744787|225|2021-02-09,-0.48587147800712194,0.0
749239,225,2021-02-09,2021-02-18,10,control,0,0.5890847,1,dept_225_closure_2021-02-09,2021-02-19,2021-02,1,1,0.0,749239|225|2021-02-09,0.0320418919928781,0.0
749366,225,2021-02-09,2021-02-18,10,control,0,0.79701763,1,dept_225_closure_2021-02-09,2021-02-19,2021-02,1,1,0.1,749366|225|2021-02-09,0.23997482199287812,0.0
750714,225,2021-02-09,2021-02-18,10,control,0,0.9721577,1,dept_225_closure_2021-02-09,2021-02-19,2021-02,1,1,0.3,750714|225|2021-02-09,0.4151148919928781,0.0
752281,225,2021-02-09,2021-02-18,10,control,0,0.523927,1,dept_225_closure_2021-02-09,2021-02-19,2021-02,1,1,0.0,752281|225|2021-02-09,-0.03311580800712188,0.0
752755,225,2021-02-09,2021-02-18,10,treatment,1,0.43572357,0,dept_225_closure_2021-02-09,2021-02-19,2021-02,1,1,0.2,752755|225|2021-02-09,-0.12131923800712191,0.0
753422,225,2021-02-09,2021-02-18,10,control,0,0.99361503,1,dept_225_closure_2021-02-09,2021-02-19,2021-02,1,1,0.4,753422|225|2021-02-09,0.43657222199287804,0.0
754569,225,2021-02-09,2021-02-18,10,control,0,0.7355976,1,dept_225_closure_2021-02-09,2021-02-19,2021-02,1,1,0.0,754569|225|2021-02-09,0.17855479199287805,0.0
754608,225,2021-02-09,2021-02-18,10,treatment,1,0.27942598,0,dept_225_closure_2021-02-09,2021-02-19,2021-02,1,1,0.0,754608|225|2021-02-09,-0.2776168280071219,0.0
754781,225,2021-02-09,2021-02-18,10,control,0,0.65508896,1,dept_225_closure_2021-02-09,2021-02-19,2021-02,1,1,0.0,754781|225|2021-02-09,0.09804615199287814,0.0
755519,225,2021-02-09,2021-02-18,10,control,0,0.9875329,1,dept_225_closure_2021-02-09,2021-02-19,2021-02,1,1,0.4,755519|225|2021-02-09,0.43049009199287813,0.0
756072,225,2021-02-09,2021-02-18,10,control,0,0.91919154,1,dept_225_closure_2021-02-09,2021-02-19,2021-02,1,1,0.0,756072|225|2021-02-09,0.3621487319928781,0.0
756199,225,2021-02-09,2021-02-18,10,control,0,0.11504102,0,dept_225_closure_2021-02-09,2021-02-19,2021-02,1,1,0.1,756199|225|2021-02-09,-0.4420017880071219,0.0
756502,225,2021-02-09,2021-02-18,10,control,0,0.3910325,0,dept_225_closure_2021-02-09,2021-02-19,2021-02,1,1,0.0,756502|225|2021-02-09,-0.1660103080071219,0.0
756971,225,2021-02-09,2021-02-18,10,control,0,0.2952949,0,dept_225_closure_2021-02-09,2021-02-19,2021-02,1,1,0.0,756971|225|2021-02-09,-0.2617479080071219,0.0
757056,225,2021-02-09,2021-02-18,10,control,0,0.42773086,0,dept_225_closure_2021-02-09,2021-02-19,2021-02,1,1,0.0,757056|225|2021-02-09,-0.12931194800712192,0.0
757357,225,2021-02-09,2021-02-18,10,control,0,0.36798954,0,dept_225_closure_2021-02-09,2021-02-19,2021-02,1,1,0.2,757357|225|2021-02-09,-0.1890532680071219,0.0
758063,225,2021-02-09,2021-02-18,10,control,0,0.3986683,0,dept_225_closure_2021-02-09,2021-02-19,2021-02,1,1,0.0,758063|225|2021-02-09,-0.15837450800712194,0.0
759517,225,2021-02-09,2021-02-18,10,treatment,1,0.5149611,1,dept_225_closure_2021-02-09,2021-02-19,2021-02,1,1,0.0,759517|225|2021-02-09,-0.042081708007121965,0.0
759625,225,2021-02-09,2021-02-18,10,control,0,0.9922122,1,dept_225_closure_2021-02-09,2021-02-19,2021-02,1,1,0.1,759625|225|2021-02-09,0.4351693919928781,0.0
760335,225,2021-02-09,2021-02-18,10,control,0,0.9141567,1,dept_225_closure_2021-02-09,2021-02-19,2021-02,1,1,0.2,760335|225|2021-02-09,0.35711389199287813,0.0
760715,225,2021-02-09,2021-02-18,10,control,0,0.5291001,1,dept_225_closure_2021-02-09,2021-02-19,2021-02,1,1,0.0,760715|225|2021-02-09,-0.027942708007121952,0.0
761698,225,2021-02-09,2021-02-18,10,control,0,0.8022312,1,dept_225_closure_2021-02-09,2021-02-19,2021-02,1,1,0.3,761698|225|2021-02-09,0.24518839199287812,0.0
762486,225,2021-02-09,2021-02-18,10,control,0,0.9525126,1,dept_225_closure_2021-02-09,2021-02-19,2021-02,1,1,0.1,762486|225|2021-02-09,0.39546979199287813,0.0
763102,225,2021-02-09,2021-02-18,10,control,0,0.2966211,0,dept_225_closure_2021-02-09,2021-02-19,2021-02,1,1,0.0,763102|225|2021-02-09,-0.2604217080071219,0.0
763597,225,2021-02-09,2021-02-18,10,control,0,0.48588014,0,dept_225_closure_2021-02-09,2021-02-19,2021-02,1,1,0.0,763597|225|2021-02-09,-0.0711626680071219,0.0
764652,225,2021-02-09,2021-02-18,10,control,0,0.9702867,1,dept_225_closure_2021-02-09,2021-02-19,2021-02,1,1,0.2,764652|225|2021-02-09,0.41324389199287803,0.0
764896,225,2021-02-09,2021-02-18,10,control,0,0.7929486,1,dept_225_closure_2021-02-09,2021-02-19,2021-02,1,1,0.1,764896|225|2021-02-09,0.2359057919928781,0.0
765787,225,2021-02-09,2021-02-18,10,control,0,0.6652048,1,dept_225_closure_2021-02-09,2021-02-19,2021-02,1,1,0.2,765787|225|2021-02-09,0.10816199199287813,0.0
766235,225,2021-02-09,2021-02-18,10,control,0,0.23883905,0,dept_225_closure_2021-02-09,2021-02-19,2021-02,1,1,0.0,766235|225|2021-02-09,-0.3182037580071219,0.0
766771,225,2021-02-09,2021-02-18,10,control,0,0.9949444,1,dept_225_closure_2021-02-09,2021-02-19,2021-02,1,1,0.3,766771|225|2021-02-09,0.43790159199287804,0.0
767847,225,2021-02-09,2021-02-18,10,control,0,0.6813335,1,dept_225_closure_2021-02-09,2021-02-19,2021-02,1,1,0.1,767847|225|2021-02-09,0.12429069199287812,0.0
769437,225,2021-02-09,2021-02-18,10,control,0,0.64949113,1,dept_225_closure_2021-02-09,2021-02-19,2021-02,1,1,0.0,769437|225|2021-02-09,0.09244832199287811,0.0
769863,225,2021-02-09,2021-02-18,10,treatment,1,0.6316026,1,dept_225_closure_2021-02-09,2021-02-19,2021-02,1,1,0.0,769863|225|2021-02-09,0.0745597919928781,0.0
770360,225,2021-02-09,2021-02-18,10,control,0,0.43682277,0,dept_225_closure_2021-02-09,2021-02-19,2021-02,1,1,0.1,770360|225|2021-02-09,-0.12022003800712189,0.0
771383,225,2021-02-09,2021-02-18,10,control,0,0.5376364,1,dept_225_closure_2021-02-09,2021-02-19,2021-02,1,1,0.1,771383|225|2021-02-09,-0.0194064080071219,0.0
771652,225,2021-02-09,2021-02-18,10,control,0,0.3963786,0,dept_225_closure_2021-02-09,2021-02-19,2021-02,1,1,0.0,771652|225|2021-02-09,-0.1606642080071219,0.0
771796,225,2021-02-09,2021-02-18,10,control,0,0.59382474,1,dept_225_closure_2021-02-09,2021-02-19,2021-02,1,1,0.1,771796|225|2021-02-09,0.03678193199287805,0.0
772803,225,2021-02-09,2021-02-18,10,control,0,0.29600552,0,dept_225_closure_2021-02-09,2021-02-19,2021-02,1,1,0.1,772803|225|2021-02-09,-0.2610372880071219,0.0
774073,225,2021-02-09,2021-02-18,10,control,0,0.86488825,1,dept_225_closure_2021-02-09,2021-02-19,2021-02,1,1,0.7,774073|225|2021-02-09,0.3078454419928781,0.0
774144,225,2021-02-09,2021-02-18,10,control,0,0.33690736,0,dept_225_closure_2021-02-09,2021-02-19,2021-02,1,1,0.0,774144|225|2021-02-09,-0.22013544800712193,0.0
774196,225,2021-02-09,2021-02-18,10,control,0,0.941812,1,dept_225_closure_2021-02-09,2021-02-19,2021-02,1,1,0.1,774196|225|2021-02-09,0.38476919199287807,0.0
775441,225,2021-02-09,2021-02-18,10,control,0,0.08261001,0,dept_225_closure_2021-02-09,2021-02-19,2021-02,1,1,0.0,775441|225|2021-02-09,-0.4744327980071219,0.0
777571,225,2021-02-09,2021-02-18,10,control,0,0.29030535,0,dept_225_closure_2021-02-09,2021-02-19,2021-02,1,1,0.2,777571|225|2021-02-09,-0.2667374580071219,0.0
778537,225,2021-02-09,2021-02-18,10,treatment,1,0.73807734,1,dept_225_closure_2021-02-09,2021-02-19,2021-02,1,1,0.3,778537|225|2021-02-09,0.1810345319928781,0.0
780220,225,2021-02-09,2021-02-18,10,treatment,1,0.15151207,0,dept_225_closure_2021-02-09,2021-02-19,2021-02,1,1,0.1,780220|225|2021-02-09,-0.4055307380071219,0.0
781494,225,2021-02-09,2021-02-18,10,treatment,1,0.9819272,1,dept_225_closure_2021-02-09,2021-02-19,2021-02,1,1,0.2,781494|225|2021-02-09,0.4248843919928781,0.0
781749,225,2021-02-09,2021-02-18,10,control,0,0.34949872,0,dept_225_closure_2021-02-09,2021-02-19,2021-02,1,1,0.2,781749|225|2021-02-09,-0.20754408800712193,0.0
782815,225,2021-02-09,2021-02-18,10,control,0,0.048142757,0,dept_225_closure_2021-02-09,2021-02-19,2021-02,1,1,0.3,782815|225|2021-02-09,-0.5089000510071219,0.0
783761,225,2021-02-09,2021-02-18,10,control,0,0.87922394,1,dept_225_closure_2021-02-09,2021-02-19,2021-02,1,1,0.0,783761|225|2021-02-09,0.3221811319928781,0.0
784190,225,2021-02-09,2021-02-18,10,treatment,1,0.42112172,0,dept_225_closure_2021-02-09,2021-02-19,2021-02,1,1,0.0,784190|225|2021-02-09,-0.13592108800712194,0.0
784247,225,2021-02-09,2021-02-18,10,control,0,0.37388155,0,dept_225_closure_2021-02-09,2021-02-19,2021-02,1,1,0.0,784247|225|2021-02-09,-0.1831612580071219,0.0
784378,225,2021-02-09,2021-02-18,10,control,0,0.6521716,1,dept_225_closure_2021-02-09,2021-02-19,2021-02,1,1,0.4,784378|225|2021-02-09,0.09512879199287805,0.0
785479,225,2021-02-09,2021-02-18,10,control,0,0.38954622,0,dept_225_closure_2021-02-09,2021-02-19,2021-02,1,1,0.1,785479|225|2021-02-09,-0.16749658800712192,0.0
789372,225,2021-02-09,2021-02-18,10,control,0,0.5044561,1,dept_225_closure_2021-02-09,2021-02-19,2021-02,1,1,0.2,789372|225|2021-02-09,-0.05258670800712195,0.0
789746,225,2021-02-09,2021-02-18,10,treatment,1,0.71691763,1,dept_225_closure_2021-02-09,2021-02-19,2021-02,1,1,0.1,789746|225|2021-02-09,0.15987482199287806,0.0
791023,225,2021-02-09,2021-02-18,10,treatment,1,0.8417338,1,dept_225_closure_2021-02-09,2021-02-19,2021-02,1,1,0.0,791023|225|2021-02-09,0.28469099199287806,0.0
791706,225,2021-02-09,2021-02-18,10,control,0,0.55756235,1,dept_225_closure_2021-02-09,2021-02-19,2021-02,1,1,0.0,791706|225|2021-02-09,0.0005195419928780698,0.0
792259,225,2021-02-09,2021-02-18,10,control,0,0.27055612,0,dept_225_closure_2021-02-09,2021-02-19,2021-02,1,1,0.0,792259|225|2021-02-09,-0.2864866880071219,0.0
792330,225,2021-02-09,2021-02-18,10,control,0,0.30864796,0,dept_225_closure_2021-02-09,2021-02-19,2021-02,1,1,0.0,792330|225|2021-02-09,-0.24839484800712192,0.0
793532,225,2021-02-09,2021-02-18,10,control,0,0.8851609,1,dept_225_closure_2021-02-09,2021-02-19,2021-02,1,1,0.0,793532|225|2021-02-09,0.3281180919928781,0.0
793923,225,2021-02-09,2021-02-18,10,control,0,0.15183781,0,dept_225_closure_2021-02-09,2021-02-19,2021-02,1,1,0.1,793923|225|2021-02-09,-0.40520499800712195,0.0
794398,225,2021-02-09,2021-02-18,10,treatment,1,0.5736346,1,dept_225_closure_2021-02-09,2021-02-19,2021-02,1,1,0.0,794398|225|2021-02-09,0.01659179199287808,0.0
796113,225,2021-02-09,2021-02-18,10,control,0,0.0056227576,0,dept_225_closure_2021-02-09,2021-02-19,2021-02,1,1,0.0,796113|225|2021-02-09,-0.5514200504071219,0.0
796286,225,2021-02-09,2021-02-18,10,control,0,0.9186294,1,dept_225_closure_2021-02-09,2021-02-19,2021-02,1,1,0.0,796286|225|2021-02-09,0.3615865919928781,0.0
796930,225,2021-02-09,2021-02-18,10,control,0,0.9921591,1,dept_225_closure_2021-02-09,2021-02-19,2021-02,1,1,0.5,796930|225|2021-02-09,0.43511629199287805,0.0
796971,225,2021-02-09,2021-02-18,10,control,0,0.73464483,1,dept_225_closure_2021-02-09,2021-02-19,2021-02,1,1,0.0,796971|225|2021-02-09,0.1776020219928781,0.0
797941,225,2021-02-09,2021-02-18,10,control,0,0.36482874,0,dept_225_closure_2021-02-09,2021-02-19,2021-02,1,1,0.2,797941|225|2021-02-09,-0.19221406800712193,0.0
798263,225,2021-02-09,2021-02-18,10,control,0,0.58305246,1,dept_225_closure_2021-02-09,2021-02-19,2021-02,1,1,0.1,798263|225|2021-02-09,0.02600965199287808,0.0
799049,225,2021-02-09,2021-02-18,10,control,0,0.9824901,1,dept_225_closure_2021-02-09,2021-02-19,2021-02,1,1,0.2,799049|225|2021-02-09,0.4254472919928781,0.0
801294,225,2021-02-09,2021-02-18,10,control,0,0.41131797,0,dept_225_closure_2021-02-09,2021-02-19,2021-02,1,1,0.1,801294|225|2021-02-09,-0.14572483800712194,0.0
801718,225,2021-02-09,2021-02-18,10,control,0,0.99905974,1,dept_225_closure_2021-02-09,2021-02-19,2021-02,1,1,0.2,801718|225|2021-02-09,0.44201693199287806,0.0
803224,225,2021-02-09,2021-02-18,10,control,0,0.7826386,1,dept_225_closure_2021-02-09,2021-02-19,2021-02,1,1,0.0,803224|225|2021-02-09,0.22559579199287805,0.0
804722,225,2021-02-09,2021-02-18,10,control,0,0.9922273,1,dept_225_closure_2021-02-09,2021-02-19,2021-02,1,1,0.6,804722|225|2021-02-09,0.4351844919928781,0.0
805264,225,2021-02-09,2021-02-18,10,treatment,1,0.3060513,0,dept_225_closure_2021-02-09,2021-02-19,2021-02,1,1,0.4,805264|225|2021-02-09,-0.2509915080071219,0.0
805366,225,2021-02-09,2021-02-18,10,control,0,0.22654901,0,dept_225_closure_2021-02-09,2021-02-19,2021-02,1,1,0.0,805366|225|2021-02-09,-0.3304937980071219,0.0
807855,225,2021-02-09,2021-02-18,10,treatment,1,0.7708943,1,dept_225_closure_2021-02-09,2021-02-19,2021-02,1,1,0.1,807855|225|2021-02-09,0.21385149199287812,0.0
809500,225,2021-02-09,2021-02-18,10,control,0,0.31644803,0,dept_225_closure_2021-02-09,2021-02-19,2021-02,1,1,0.2,809500|225|2021-02-09,-0.24059477800712192,0.0
5,225,2021-02-09,2021-02-18,10,control,0,0.14528728,0,dept_225_closure_2021-02-09,2021-03-01,2021-03,2,1,0.1,5|225|2021-02-09,-0.4117555280071219,0.0
866,225,2021-02-09,2021-02-18,10,control,0,0.34398916,0,dept_225_closure_2021-02-09,2021-03-01,2021-03,2,1,0.0,866|225|2021-02-09,-0.2130536480071219,0.0
1100,225,2021-02-09,2021-02-18,10,control,0,0.6347374,1,dept_225_closure_2021-02-09,2021-03-01,2021-03,2,1,0.1,1100|225|2021-02-09,0.07769459199287809,0.0
2097,225,2021-02-09,2021-02-18,10,control,0,0.23596613,0,dept_225_closure_2021-02-09,2021-03-01,2021-03,2,1,0.1,2097|225|2021-02-09,-0.3210766780071219,0.0
2185,225,2021-02-09,2021-02-18,10,control,0,0.2621139,0,dept_225_closure_2021-02-09,2021-03-01,2021-03,2,1,0.0,2185|225|2021-02-09,-0.2949289080071219,0.0
2206,225,2021-02-09,2021-02-18,10,control,0,0.4399006,0,dept_225_closure_2021-02-09,2021-03-01,2021-03,2,1,0.2,2206|225|2021-02-09,-0.11714220800712194,0.0
3239,225,2021-02-09,2021-02-18,10,control,0,0.085536055,0,dept_225_closure_2021-02-09,2021-03-01,2021-03,2,1,0.2,3239|225|2021-02-09,-0.4715067530071219,0.0
3256,225,2021-02-09,2021-02-18,10,control,0,0.27744627,0,dept_225_closure_2021-02-09,2021-03-01,2021-03,2,1,0.3,3256|225|2021-02-09,-0.2795965380071219,0.0
5717,225,2021-02-09,2021-02-18,10,control,0,0.86031544,1,dept_225_closure_2021-02-09,2021-03-01,2021-03,2,1,0.0,5717|225|2021-02-09,0.30327263199287813,0.0
7281,225,2021-02-09,2021-02-18,10,control,0,0.99898213,1,dept_225_closure_2021-02-09,2021-03-01,2021-03,2,1,0.6,7281|225|2021-02-09,0.4419393219928781,0.0
8427,225,2021-02-09,2021-02-18,10,control,0,0.019571843,0,dept_225_closure_2021-02-09,2021-03-01,2021-03,2,1,0.0,8427|225|2021-02-09,-0.5374709650071219,0.0
8449,225,2021-02-09,2021-02-18,10,control,0,0.08294749,0,dept_225_closure_2021-02-09,2021-03-01,2021-03,2,1,0.0,8449|225|2021-02-09,-0.4740953180071219,0.0
10251,225,2021-02-09,2021-02-18,10,control,0,0.52154756,1,dept_225_closure_2021-02-09,2021-03-01,2021-03,2,1,0.0,10251|225|2021-02-09,-0.03549524800712189,0.0
12391,225,2021-02-09,2021-02-18,10,control,0,0.15027635,0,dept_225_closure_2021-02-09,2021-03-01,2021-03,2,1,0.0,12391|225|2021-02-09,-0.4067664580071219,0.0
12400,225,2021-02-09,2021-02-18,10,control,0,0.018340718,0,dept_225_closure_2021-02-09,2021-03-01,2021-03,2,1,0.0,12400|225|2021-02-09,-0.5387020900071219,0.0
12928,225,2021-02-09,2021-02-18,10,control,0,0.8517119,1,dept_225_closure_2021-02-09,2021-03-01,2021-03,2,1,0.0,12928|225|2021-02-09,0.29466909199287805,0.0
15825,225,2021-02-09,2021-02-18,10,control,0,0.21903794,0,dept_225_closure_2021-02-09,2021-03-01,2021-03,2,1,0.1,15825|225|2021-02-09,-0.33800486800712193,0.0
16611,225,2021-02-09,2021-02-18,10,control,0,0.03530123,0,dept_225_closure_2021-02-09,2021-03-01,2021-03,2,1,0.2,16611|225|2021-02-09,-0.521741578007122,0.0
17269,225,2021-02-09,2021-02-18,10,control,0,0.21498367,0,dept_225_closure_2021-02-09,2021-03-01,2021-03,2,1,0.0,17269|225|2021-02-09,-0.34205913800712195,0.0
17312,225,2021-02-09,2021-02-18,10,control,0,0.36621094,0,dept_225_closure_2021-02-09,2021-03-01,2021-03,2,1,0.0,17312|225|2021-02-09,-0.19083186800712193,0.0
19087,225,2021-02-09,2021-02-18,10,control,0,0.1141593,0,dept_225_closure_2021-02-09,2021-03-01,2021-03,2,1,0.0,19087|225|2021-02-09,-0.4428835080071219,0.0
19767,225,2021-02-09,2021-02-18,10,control,0,0.48095965,0,dept_225_closure_2021-02-09,2021-03-01,2021-03,2,1,0.1,19767|225|2021-02-09,-0.0760831580071219,0.0
19961,225,2021-02-09,2021-02-18,10,control,0,0.2612961,0,dept_225_closure_2021-02-09,2021-03-01,2021-03,2,1,0.1,19961|225|2021-02-09,-0.29574670800712194,0.0
20829,225,2021-02-09,2021-02-18,10,control,0,0.84562606,1,dept_225_closure_2021-02-09,2021-03-01,2021-03,2,1,0.0,20829|225|2021-02-09,0.28858325199287804,0.0
22301,225,2021-02-09,2021-02-18,10,treatment,1,0.49965566,0,dept_225_closure_2021-02-09,2021-03-01,2021-03,2,1,0.1,22301|225|2021-02-09,-0.05738714800712191,0.0
22417,225,2021-02-09,2021-02-18,10,control,0,0.99820554,1,dept_225_closure_2021-02-09,2021-03-01,2021-03,2,1,0.3,22417|225|2021-02-09,0.44116273199287803,0.0
24695,225,2021-02-09,2021-02-18,10,control,0,0.23371305,0,dept_225_closure_2021-02-09,2021-03-01,2021-03,2,1,0.0,24695|225|2021-02-09,-0.32332975800712194,0.0
27305,225,2021-02-09,2021-02-18,10,control,0,0.934971,1,dept_225_closure_2021-02-09,2021-03-01,2021-03,2,1,0.5,27305|225|2021-02-09,0.3779281919928781,0.0
27339,225,2021-02-09,2021-02-18,10,control,0,0.06848284,0,dept_225_closure_2021-02-09,2021-03-01,2021-03,2,1,0.0,27339|225|2021-02-09,-0.4885599680071219,0.0
28349,225,2021-02-09,2021-02-18,10,control,0,0.031649835,0,dept_225_closure_2021-02-09,2021-03-01,2021-03,2,1,0.3,28349|225|2021-02-09,-0.525392973007122,0.0
28784,225,2021-02-09,2021-02-18,10,control,0,0.96120983,1,dept_225_closure_2021-02-09,2021-03-01,2021-03,2,1,0.3,28784|225|2021-02-09,0.40416702199287813,0.0
29011,225,2021-02-09,2021-02-18,10,control,0,0.89105934,1,dept_225_closure_2021-02-09,2021-03-01,2021-03,2,1,0.1,29011|225|2021-02-09,0.33401653199287806,0.0
29025,225,2021-02-09,2021-02-18,10,control,0,0.93348074,1,dept_225_closure_2021-02-09,2021-03-01,2021-03,2,1,0.3,29025|225|2021-02-09,0.3764379319928781,0.0
29713,225,2021-02-09,2021-02-18,10,control,0,0.5263306,1,dept_225_closure_2021-02-09,2021-03-01,2021-03,2,1,0.2,29713|225|2021-02-09,-0.030712208007121933,0.0
31068,225,2021-02-09,2021-02-18,10,control,0,0.3156137,0,dept_225_closure_2021-02-09,2021-03-01,2021-03,2,1,0.0,31068|225|2021-02-09,-0.24142910800712192,0.0
31075,225,2021-02-09,2021-02-18,10,control,0,0.39527813,0,dept_225_closure_2021-02-09,2021-03-01,2021-03,2,1,0.0,31075|225|2021-02-09,-0.1617646780071219,0.0
31139,225,2021-02-09,2021-02-18,10,treatment,1,0.24236429,0,dept_225_closure_2021-02-09,2021-03-01,2021-03,2,1,0.0,31139|225|2021-02-09,-0.3146785180071219,0.0
31524,225,2021-02-09,2021-02-18,10,control,0,0.05243684,0,dept_225_closure_2021-02-09,2021-03-01,2021-03,2,1,0.1,31524|225|2021-02-09,-0.5046059680071219,0.0
32473,225,2021-02-09,2021-02-18,10,control,0,0.72997993,1,dept_225_closure_2021-02-09,2021-03-01,2021-03,2,1,0.2,32473|225|2021-02-09,0.17293712199287814,0.0
32707,225,2021-02-09,2021-02-18,10,control,0,0.9788866,1,dept_225_closure_2021-02-09,2021-03-01,2021-03,2,1,0.1,32707|225|2021-02-09,0.42184379199287814,0.0
34116,225,2021-02-09,2021-02-18,10,control,0,0.4045588,0,dept_225_closure_2021-02-09,2021-03-01,2021-03,2,1,0.3,34116|225|2021-02-09,-0.15248400800712192,0.0
36662,225,2021-02-09,2021-02-18,10,control,0,0.1691688,0,dept_225_closure_2021-02-09,2021-03-01,2021-03,2,1,0.1,36662|225|2021-02-09,-0.3878740080071219,0.0
37330,225,2021-02-09,2021-02-18,10,treatment,1,0.39923403,0,dept_225_closure_2021-02-09,2021-03-01,2021-03,2,1,0.0,37330|225|2021-02-09,-0.1578087780071219,0.0
38200,225,2021-02-09,2021-02-18,10,control,0,0.41114828,0,dept_225_closure_2021-02-09,2021-03-01,2021-03,2,1,0.0,38200|225|2021-02-09,-0.14589452800712194,0.0
39228,225,2021-02-09,2021-02-18,10,control,0,0.93770295,1,dept_225_closure_2021-02-09,2021-03-01,2021-03,2,1,0.3,39228|225|2021-02-09,0.3806601419928781,0.0
40566,225,2021-02-09,2021-02-18,10,control,0,0.9946063,1,dept_225_closure_2021-02-09,2021-03-01,2021-03,2,1,0.4,40566|225|2021-02-09,0.43756349199287814,0.0
44385,225,2021-02-09,2021-02-18,10,control,0,0.81834763,1,dept_225_closure_2021-02-09,2021-03-01,2021-03,2,1,0.1,44385|225|2021-02-09,0.2613048219928781,0.0
44793,225,2021-02-09,2021-02-18,10,control,0,0.8609171,1,dept_225_closure_2021-02-09,2021-03-01,2021-03,2,1,0.1,44793|225|2021-02-09,0.3038742919928781,0.0
46191,225,2021-02-09,2021-02-18,10,control,0,0.85950613,1,dept_225_closure_2021-02-09,2021-03-01,2021-03,2,1,0.0,46191|225|2021-02-09,0.30246332199287806,0.0
47222,225,2021-02-09,2021-02-18,10,treatment,1,0.49709675,0,dept_225_closure_2021-02-09,2021-03-01,2021-03,2,1,0.0,47222|225|2021-02-09,-0.05994605800712194,0.0
48637,225,2021-02-09,2021-02-18,10,treatment,1,0.54981667,1,dept_225_closure_2021-02-09,2021-03-01,2021-03,2,1,0.0,48637|225|2021-02-09,-0.007226138007121907,0.0
49220,225,2021-02-09,2021-02-18,10,control,0,0.37845916,0,dept_225_closure_2021-02-09,2021-03-01,2021-03,2,1,0.2,49220|225|2021-02-09,-0.1785836480071219,0.0
50187,225,2021-02-09,2021-02-18,10,control,0,0.86367977,1,dept_225_closure_2021-02-09,2021-03-01,2021-03,2,1,0.6,50187|225|2021-02-09,0.30663696199287804,0.0
51175,225,2021-02-09,2021-02-18,10,control,0,0.06736726,0,dept_225_closure_2021-02-09,2021-03-01,2021-03,2,1,0.0,51175|225|2021-02-09,-0.48967554800712193,0.0
51232,225,2021-02-09,2021-02-18,10,treatment,1,0.96270984,1,dept_225_closure_2021-02-09,2021-03-01,2021-03,2,1,0.2,51232|225|2021-02-09,0.4056670319928781,0.0
51386,225,2021-02-09,2021-02-18,10,treatment,1,0.9826988,1,dept_225_closure_2021-02-09,2021-03-01,2021-03,2,1,0.5,51386|225|2021-02-09,0.42565599199287807,0.0
52482,225,2021-02-09,2021-02-18,10,control,0,0.7282863,1,dept_225_closure_2021-02-09,2021-03-01,2021-03,2,1,0.1,52482|225|2021-02-09,0.17124349199287814,0.0
52509,225,2021-02-09,2021-02-18,10,control,0,0.9856984,1,dept_225_closure_2021-02-09,2021-03-01,2021-03,2,1,0.4,52509|225|2021-02-09,0.42865559199287806,0.0
52857,225,2021-02-09,2021-02-18,10,control,0,0.39206263,0,dept_225_closure_2021-02-09,2021-03-01,2021-03,2,1,0.2,52857|225|2021-02-09,-0.1649801780071219,0.0
55277,225,2021-02-09,2021-02-18,10,control,0,0.7247857,1,dept_225_closure_2021-02-09,2021-03-01,2021-03,2,1,0.1,55277|225|2021-02-09,0.16774289199287806,0.0
56953,225,2021-02-09,2021-02-18,10,control,0,0.8950663,1,dept_225_closure_2021-02-09,2021-03-01,2021-03,2,1,0.4,56953|225|2021-02-09,0.33802349199287807,0.0
57362,225,2021-02-09,2021-02-18,10,control,0,0.5430405,1,dept_225_closure_2021-02-09,2021-03-01,2021-03,2,1,0.0,57362|225|2021-02-09,-0.014002308007121878,0.0
57582,225,2021-02-09,2021-02-18,10,control,0,0.92595965,1,dept_225_closure_2021-02-09,2021-03-01,2021-03,2,1,0.4,57582|225|2021-02-09,0.3689168419928781,0.0
62574,225,2021-02-09,2021-02-18,10,control,0,0.24900906,0,dept_225_closure_2021-02-09,2021-03-01,2021-03,2,1,0.2,62574|225|2021-02-09,-0.3080337480071219,0.0
63220,225,2021-02-09,2021-02-18,10,control,0,0.88363045,1,dept_225_closure_2021-02-09,2021-03-01,2021-03,2,1,0.6,63220|225|2021-02-09,0.32658764199287804,0.0
64080,225,2021-02-09,2021-02-18,10,treatment,1,0.5486668,1,dept_225_closure_2021-02-09,2021-03-01,2021-03,2,1,0.0,64080|225|2021-02-09,-0.008376008007121905,0.0
73719,225,2021-02-09,2021-02-18,10,control,0,0.48416466,0,dept_225_closure_2021-02-09,2021-03-01,2021-03,2,1,0.0,73719|225|2021-02-09,-0.07287814800712189,0.0
75205,225,2021-02-09,2021-02-18,10,control,0,0.87622863,1,dept_225_closure_2021-02-09,2021-03-01,2021-03,2,1,0.0,75205|225|2021-02-09,0.31918582199287804,0.0
77516,225,2021-02-09,2021-02-18,10,control,0,0.88889474,1,dept_225_closure_2021-02-09,2021-03-01,2021-03,2,1,0.3,77516|225|2021-02-09,0.3318519319928781,0.0
79269,225,2021-02-09,2021-02-18,10,control,0,0.14135796,0,dept_225_closure_2021-02-09,2021-03-01,2021-03,2,1,0.1,79269|225|2021-02-09,-0.4156848480071219,0.0
82976,225,2021-02-09,2021-02-18,10,control,0,0.5032989,1,dept_225_closure_2021-02-09,2021-03-01,2021-03,2,1,0.3,82976|225|2021-02-09,-0.05374390800712192,0.0
83920,225,2021-02-09,2021-02-18,10,control,0,0.10722636,0,dept_225_closure_2021-02-09,2021-03-01,2021-03,2,1,0.1,83920|225|2021-02-09,-0.4498164480071219,0.0
85561,225,2021-02-09,2021-02-18,10,treatment,1,0.30561054,0,dept_225_closure_2021-02-09,2021-03-01,2021-03,2,1,0.2,85561|225|2021-02-09,-0.25143226800712193,0.0
85580,225,2021-02-09,2021-02-18,10,control,0,0.96883047,1,dept_225_closure_2021-02-09,2021-03-01,2021-03,2,1,0.0,85580|225|2021-02-09,0.4117876619928781,0.0
85848,225,2021-02-09,2021-02-18,10,control,0,0.047726985,0,dept_225_closure_2021-02-09,2021-03-01,2021-03,2,1,0.0,85848|225|2021-02-09,-0.509315823007122,0.0
88712,225,2021-02-09,2021-02-18,10,control,0,0.27502534,0,dept_225_closure_2021-02-09,2021-03-01,2021-03,2,1,0.0,88712|225|2021-02-09,-0.2820174680071219,0.0
90821,225,2021-02-09,2021-02-18,10,control,0,0.10521385,0,dept_225_closure_2021-02-09,2021-03-01,2021-03,2,1,0.0,90821|225|2021-02-09,-0.4518289580071219,0.0
91438,225,2021-02-09,2021-02-18,10,treatment,1,0.2950767,0,dept_225_closure_2021-02-09,2021-03-01,2021-03,2,1,0.0,91438|225|2021-02-09,-0.2619661080071219,0.0
92168,225,2021-02-09,2021-02-18,10,control,0,0.7336935,1,dept_225_closure_2021-02-09,2021-03-01,2021-03,2,1,0.2,92168|225|2021-02-09,0.17665069199287808,0.0
92196,225,2021-02-09,2021-02-18,10,control,0,0.8121042,1,dept_225_closure_2021-02-09,2021-03-01,2021-03,2,1,0.4,92196|225|2021-02-09,0.25506139199287814,0.0
93076,225,2021-02-09,2021-02-18,10,control,0,0.13417456,0,dept_225_closure_2021-02-09,2021-03-01,2021-03,2,1,0.0,93076|225|2021-02-09,-0.4228682480071219,0.0
94462,225,2021-02-09,2021-02-18,10,control,0,0.8219448,1,dept_225_closure_2021-02-09,2021-03-01,2021-03,2,1,0.2,94462|225|2021-02-09,0.2649019919928781,0.0
95167,225,2021-02-09,2021-02-18,10,control,0,0.98642063,1,dept_225_closure_2021-02-09,2021-03-01,2021-03,2,1,0.8,95167|225|2021-02-09,0.4293778219928781,0.0
96414,225,2021-02-09,2021-02-18,10,treatment,1,0.5275364,1,dept_225_closure_2021-02-09,2021-03-01,2021-03,2,1,0.2,96414|225|2021-02-09,-0.029506408007121898,0.0
96697,225,2021-02-09,2021-02-18,10,control,0,0.025866332,0,dept_225_closure_2021-02-09,2021-03-01,2021-03,2,1,0.0,96697|225|2021-02-09,-0.5311764760071219,0.0
104528,225,2021-02-09,2021-02-18,10,control,0,0.5275139,1,dept_225_closure_2021-02-09,2021-03-01,2021-03,2,1,0.1,104528|225|2021-02-09,-0.029528908007121935,0.0
104571,225,2021-02-09,2021-02-18,10,control,0,0.98588693,1,dept_225_closure_2021-02-09,2021-03-01,2021-03,2,1,0.7,104571|225|2021-02-09,0.42884412199287814,0.0
104692,225,2021-02-09,2021-02-18,10,control,0,0.28391963,0,dept_225_closure_2021-02-09,2021-03-01,2021-03,2,1,0.0,104692|225|2021-02-09,-0.27312317800712194,0.0
104922,225,2021-02-09,2021-02-18,10,control,0,0.5186152,1,dept_225_closure_2021-02-09,2021-03-01,2021-03,2,1,0.1,104922|225|2021-02-09,-0.03842760800712186,0.0
106298,225,2021-02-09,2021-02-18,10,control,0,0.060432576,0,dept_225_closure_2021-02-09,2021-03-01,2021-03,2,1,0.0,106298|225|2021-02-09,-0.4966102320071219,0.0
111416,225,2021-02-09,2021-02-18,10,treatment,1,0.069509014,0,dept_225_closure_2021-02-09,2021-03-01,2021-03,2,1,0.1,111416|225|2021-02-09,-0.48753379400712193,0.0
112274,225,2021-02-09,2021-02-18,10,control,0,0.9381968,1,dept_225_closure_2021-02-09,2021-03-01,2021-03,2,1,0.0,112274|225|2021-02-09,0.38115399199287814,0.0
112986,225,2021-02-09,2021-02-18,10,control,0,0.43461272,0,dept_225_closure_2021-02-09,2021-03-01,2021-03,2,1,0.5,112986|225|2021-02-09,-0.1224300880071219,0.0
113871,225,2021-02-09,2021-02-18,10,control,0,0.7866077,1,dept_225_closure_2021-02-09,2021-03-01,2021-03,2,1,0.0,113871|225|2021-02-09,0.2295648919928781,0.0
114555,225,2021-02-09,2021-02-18,10,control,0,0.103926405,0,dept_225_closure_2021-02-09,2021-03-01,2021-03,2,1,0.0,114555|225|2021-02-09,-0.4531164030071219,0.0
114559,225,2021-02-09,2021-02-18,10,control,0,0.99483794,1,dept_225_closure_2021-02-09,2021-03-01,2021-03,2,1,0.3,114559|225|2021-02-09,0.4377951319928781,0.0
115199,225,2021-02-09,2021-02-18,10,treatment,1,0.9845649,1,dept_225_closure_2021-02-09,2021-03-01,2021-03,2,1,0.1,115199|225|2021-02-09,0.42752209199287805,0.0
115326,225,2021-02-09,2021-02-18,10,control,0,0.13118972,0,dept_225_closure_2021-02-09,2021-03-01,2021-03,2,1,0.3,115326|225|2021-02-09,-0.4258530880071219,0.0
115535,225,2021-02-09,2021-02-18,10,control,0,0.9518152,1,dept_225_closure_2021-02-09,2021-03-01,2021-03,2,1,0.0,115535|225|2021-02-09,0.39477239199287806,0.0
116937,225,2021-02-09,2021-02-18,10,treatment,1,0.22988378,0,dept_225_closure_2021-02-09,2021-03-01,2021-03,2,1,0.0,116937|225|2021-02-09,-0.32715902800712193,0.0
117335,225,2021-02-09,2021-02-18,10,control,0,0.7447799,1,dept_225_closure_2021-02-09,2021-03-01,2021-03,2,1,0.0,117335|225|2021-02-09,0.18773709199287814,0.0
119025,225,2021-02-09,2021-02-18,10,control,0,0.6071146,1,dept_225_closure_2021-02-09,2021-03-01,2021-03,2,1,0.0,119025|225|2021-02-09,0.050071791992878034,0.0
119175,225,2021-02-09,2021-02-18,10,control,0,0.28744176,0,dept_225_closure_2021-02-09,2021-03-01,2021-03,2,1,0.0,119175|225|2021-02-09,-0.2696010480071219,0.0
121010,225,2021-02-09,2021-02-18,10,control,0,0.2686608,0,dept_225_closure_2021-02-09,2021-03-01,2021-03,2,1,0.0,121010|225|2021-02-09,-0.28838200800712194,0.0
121590,225,2021-02-09,2021-02-18,10,control,0,0.9802814,1,dept_225_closure_2021-02-09,2021-03-01,2021-03,2,1,0.0,121590|225|2021-02-09,0.42323859199287805,0.0
121722,225,2021-02-09,2021-02-18,10,treatment,1,0.5416496,1,dept_225_closure_2021-02-09,2021-03-01,2021-03,2,1,0.3,121722|225|2021-02-09,-0.015393208007121961,0.0
123270,225,2021-02-09,2021-02-18,10,control,0,0.82353306,1,dept_225_closure_2021-02-09,2021-03-01,2021-03,2,1,0.0,123270|225|2021-02-09,0.2664902519928781,0.0
124613,225,2021-02-09,2021-02-18,10,control,0,0.78453153,1,dept_225_closure_2021-02-09,2021-03-01,2021-03,2,1,0.3,124613|225|2021-02-09,0.22748872199287806,0.0
128896,225,2021-02-09,2021-02-18,10,control,0,0.2702459,0,dept_225_closure_2021-02-09,2021-03-01,2021-03,2,1,0.1,128896|225|2021-02-09,-0.28679690800712193,0.0
129631,225,2021-02-09,2021-02-18,10,control,0,0.87201,1,dept_225_closure_2021-02-09,2021-03-01,2021-03,2,1,0.1,129631|225|2021-02-09,0.31496719199287804,0.0
130615,225,2021-02-09,2021-02-18,10,control,0,0.49420547,0,dept_225_closure_2021-02-09,2021-03-01,2021-03,2,1,0.0,130615|225|2021-02-09,-0.06283733800712193,0.0
131102,225,2021-02-09,2021-02-18,10,treatment,1,0.91136134,1,dept_225_closure_2021-02-09,2021-03-01,2021-03,2,1,0.4,131102|225|2021-02-09,0.3543185319928781,0.0
131453,225,2021-02-09,2021-02-18,10,control,0,0.6490996,1,dept_225_closure_2021-02-09,2021-03-01,2021-03,2,1,0.1,131453|225|2021-02-09,0.09205679199287808,0.0
132468,225,2021-02-09,2021-02-18,10,control,0,0.24907468,0,dept_225_closure_2021-02-09,2021-03-01,2021-03,2,1,0.0,132468|225|2021-02-09,-0.3079681280071219,0.0
134444,225,2021-02-09,2021-02-18,10,treatment,1,0.66105175,1,dept_225_closure_2021-02-09,2021-03-01,2021-03,2,1,0.1,134444|225|2021-02-09,0.10400894199287813,0.0
135292,225,2021-02-09,2021-02-18,10,treatment,1,0.9451208,1,dept_225_closure_2021-02-09,2021-03-01,2021-03,2,1,0.2,135292|225|2021-02-09,0.38807799199287807,0.0
136496,225,2021-02-09,2021-02-18,10,control,0,0.43152484,0,dept_225_closure_2021-02-09,2021-03-01,2021-03,2,1,0.1,136496|225|2021-02-09,-0.1255179680071219,0.0
136929,225,2021-02-09,2021-02-18,10,control,0,0.93452793,1,dept_225_closure_2021-02-09,2021-03-01,2021-03,2,1,0.3,136929|225|2021-02-09,0.3774851219928781,0.0
137152,225,2021-02-09,2021-02-18,10,control,0,0.32510924,0,dept_225_closure_2021-02-09,2021-03-01,2021-03,2,1,0.1,137152|225|2021-02-09,-0.2319335680071219,0.0
139380,225,2021-02-09,2021-02-18,10,control,0,0.99770504,1,dept_225_closure_2021-02-09,2021-03-01,2021-03,2,1,0.0,139380|225|2021-02-09,0.44066223199287813,0.0
139997,225,2021-02-09,2021-02-18,10,control,0,0.49280056,0,dept_225_closure_2021-02-09,2021-03-01,2021-03,2,1,0.3,139997|225|2021-02-09,-0.06424224800712192,0.0
140174,225,2021-02-09,2021-02-18,10,control,0,0.9339587,1,dept_225_closure_2021-02-09,2021-03-01,2021-03,2,1,0.4,140174|225|2021-02-09,0.3769158919928781,0.0
140189,225,2021-02-09,2021-02-18,10,control,0,0.99497885,1,dept_225_closure_2021-02-09,2021-03-01,2021-03,2,1,0.1,140189|225|2021-02-09,0.43793604199287806,0.0
141122,225,2021-02-09,2021-02-18,10,control,0,0.68625027,1,dept_225_closure_2021-02-09,2021-03-01,2021-03,2,1,0.1,141122|225|2021-02-09,0.12920746199287814,0.0
141261,225,2021-02-09,2021-02-18,10,control,0,0.996579,1,dept_225_closure_2021-02-09,2021-03-01,2021-03,2,1,0.7,141261|225|2021-02-09,0.4395361919928781,0.0
144064,225,2021-02-09,2021-02-18,10,control,0,0.09249806,0,dept_225_closure_2021-02-09,2021-03-01,2021-03,2,1,0.1,144064|225|2021-02-09,-0.4645447480071219,0.0
146678,225,2021-02-09,2021-02-18,10,control,0,0.17388102,0,dept_225_closure_2021-02-09,2021-03-01,2021-03,2,1,0.1,146678|225|2021-02-09,-0.3831617880071219,0.0
148355,225,2021-02-09,2021-02-18,10,treatment,1,0.17873272,0,dept_225_closure_2021-02-09,2021-03-01,2021-03,2,1,0.0,148355|225|2021-02-09,-0.3783100880071219,0.0
149605,225,2021-02-09,2021-02-18,10,control,0,0.66756827,1,dept_225_closure_2021-02-09,2021-03-01,2021-03,2,1,0.0,149605|225|2021-02-09,0.11052546199287805,0.0
149858,225,2021-02-09,2021-02-18,10,control,0,0.5513751,1,dept_225_closure_2021-02-09,2021-03-01,2021-03,2,1,0.1,149858|225|2021-02-09,-0.005667708007121908,0.0
150721,225,2021-02-09,2021-02-18,10,control,0,0.4290937,0,dept_225_closure_2021-02-09,2021-03-01,2021-03,2,1,0.1,150721|225|2021-02-09,-0.1279491080071219,0.0
152104,225,2021-02-09,2021-02-18,10,control,0,0.27722538,0,dept_225_closure_2021-02-09,2021-03-01,2021-03,2,1,0.0,152104|225|2021-02-09,-0.2798174280071219,0.0
154812,225,2021-02-09,2021-02-18,10,control,0,0.024545906,0,dept_225_closure_2021-02-09,2021-03-01,2021-03,2,1,0.0,154812|225|2021-02-09,-0.532496902007122,0.0
156408,225,2021-02-09,2021-02-18,10,control,0,0.06135893,0,dept_225_closure_2021-02-09,2021-03-01,2021-03,2,1,0.0,156408|225|2021-02-09,-0.49568387800712194,0.0
157353,225,2021-02-09,2021-02-18,10,control,0,0.054554705,0,dept_225_closure_2021-02-09,2021-03-01,2021-03,2,1,0.0,157353|225|2021-02-09,-0.5024881030071219,0.0
158587,225,2021-02-09,2021-02-18,10,control,0,0.16717811,0,dept_225_closure_2021-02-09,2021-03-01,2021-03,2,1,0.0,158587|225|2021-02-09,-0.3898646980071219,0.0
159426,225,2021-02-09,2021-02-18,10,control,0,0.9888276,1,dept_225_closure_2021-02-09,2021-03-01,2021-03,2,1,0.3,159426|225|2021-02-09,0.4317847919928781,0.0
160269,225,2021-02-09,2021-02-18,10,control,0,0.7384821,1,dept_225_closure_2021-02-09,2021-03-01,2021-03,2,1,0.0,160269|225|2021-02-09,0.18143929199287812,0.0
161725,225,2021-02-09,2021-02-18,10,treatment,1,0.45389333,0,dept_225_closure_2021-02-09,2021-03-01,2021-03,2,1,0.3,161725|225|2021-02-09,-0.10314947800712193,0.0
163448,225,2021-02-09,2021-02-18,10,control,0,0.5847298,1,dept_225_closure_2021-02-09,2021-03-01,2021-03,2,1,0.0,163448|225|2021-02-09,0.02768699199287805,0.0
168489,225,2021-02-09,2021-02-18,10,control,0,0.3054672,0,dept_225_closure_2021-02-09,2021-03-01,2021-03,2,1,0.0,168489|225|2021-02-09,-0.2515756080071219,0.0
170689,225,2021-02-09,2021-02-18,10,control,0,0.8717616,1,dept_225_closure_2021-02-09,2021-03-01,2021-03,2,1,0.0,170689|225|2021-02-09,0.3147187919928781,0.0
170963,225,2021-02-09,2021-02-18,10,control,0,0.9097696,1,dept_225_closure_2021-02-09,2021-03-01,2021-03,2,1,0.0,170963|225|2021-02-09,0.35272679199287804,0.0
170998,225,2021-02-09,2021-02-18,10,control,0,0.9982672,1,dept_225_closure_2021-02-09,2021-03-01,2021-03,2,1,0.2,170998|225|2021-02-09,0.4412243919928781,0.0
172338,225,2021-02-09,2021-02-18,10,control,0,0.94404244,1,dept_225_closure_2021-02-09,2021-03-01,2021-03,2,1,0.4,172338|225|2021-02-09,0.3869996319928781,0.0
172531,225,2021-02-09,2021-02-18,10,control,0,0.22820017,0,dept_225_closure_2021-02-09,2021-03-01,2021-03,2,1,0.1,172531|225|2021-02-09,-0.3288426380071219,0.0
175025,225,2021-02-09,2021-02-18,10,control,0,0.39642844,0,dept_225_closure_2021-02-09,2021-03-01,2021-03,2,1,0.5,175025|225|2021-02-09,-0.16061436800712192,0.0
177352,225,2021-02-09,2021-02-18,10,control,0,0.012363931,0,dept_225_closure_2021-02-09,2021-03-01,2021-03,2,1,0.0,177352|225|2021-02-09,-0.5446788770071219,0.0
177848,225,2021-02-09,2021-02-18,10,control,0,0.26560098,0,dept_225_closure_2021-02-09,2021-03-01,2021-03,2,1,0.2,177848|225|2021-02-09,-0.29144182800712193,0.0
179248,225,2021-02-09,2021-02-18,10,control,0,0.4933257,0,dept_225_closure_2021-02-09,2021-03-01,2021-03,2,1,0.1,179248|225|2021-02-09,-0.06371710800712194,0.0
180666,225,2021-02-09,2021-02-18,10,control,0,0.15228039,0,dept_225_closure_2021-02-09,2021-03-01,2021-03,2,1,0.0,180666|225|2021-02-09,-0.4047624180071219,0.0
181071,225,2021-02-09,2021-02-18,10,control,0,0.90928394,1,dept_225_closure_2021-02-09,2021-03-01,2021-03,2,1,0.1,181071|225|2021-02-09,0.3522411319928781,0.0
184787,225,2021-02-09,2021-02-18,10,control,0,0.8334096,1,dept_225_closure_2021-02-09,2021-03-01,2021-03,2,1,0.0,184787|225|2021-02-09,0.27636679199287806,0.0
186124,225,2021-02-09,2021-02-18,10,treatment,1,0.94084996,1,dept_225_closure_2021-02-09,2021-03-01,2021-03,2,1,0.3,186124|225|2021-02-09,0.38380715199287807,0.0
187174,225,2021-02-09,2021-02-18,10,control,0,0.42895404,0,dept_225_closure_2021-02-09,2021-03-01,2021-03,2,1,0.5,187174|225|2021-02-09,-0.12808876800712193,0.0
189086,225,2021-02-09,2021-02-18,10,control,0,0.32330012,0,dept_225_closure_2021-02-09,2021-03-01,2021-03,2,1,0.0,189086|225|2021-02-09,-0.2337426880071219,0.0
189719,225,2021-02-09,2021-02-18,10,control,0,0.425074,0,dept_225_closure_2021-02-09,2021-03-01,2021-03,2,1,0.0,189719|225|2021-02-09,-0.1319688080071219,0.0
194332,225,2021-02-09,2021-02-18,10,control,0,0.62658477,1,dept_225_closure_2021-02-09,2021-03-01,2021-03,2,1,0.0,194332|225|2021-02-09,0.0695419619928781,0.0
195383,225,2021-02-09,2021-02-18,10,control,0,0.8553834,1,dept_225_closure_2021-02-09,2021-03-01,2021-03,2,1,0.0,195383|225|2021-02-09,0.2983405919928781,0.0
195662,225,2021-02-09,2021-02-18,10,control,0,0.849924,1,dept_225_closure_2021-02-09,2021-03-01,2021-03,2,1,0.1,195662|225|2021-02-09,0.2928811919928781,0.0
197268,225,2021-02-09,2021-02-18,10,control,0,0.03983477,0,dept_225_closure_2021-02-09,2021-03-01,2021-03,2,1,0.1,197268|225|2021-02-09,-0.5172080380071219,0.0
201662,225,2021-02-09,2021-02-18,10,control,0,0.96532935,1,dept_225_closure_2021-02-09,2021-03-01,2021-03,2,1,0.4,201662|225|2021-02-09,0.40828654199287806,0.0
201707,225,2021-02-09,2021-02-18,10,control,0,0.99219394,1,dept_225_closure_2021-02-09,2021-03-01,2021-03,2,1,0.3,201707|225|2021-02-09,0.43515113199287814,0.0
201773,225,2021-02-09,2021-02-18,10,control,0,0.27926448,0,dept_225_closure_2021-02-09,2021-03-01,2021-03,2,1,0.0,201773|225|2021-02-09,-0.27777832800712193,0.0
203040,225,2021-02-09,2021-02-18,10,control,0,0.63117754,1,dept_225_closure_2021-02-09,2021-03-01,2021-03,2,1,0.1,203040|225|2021-02-09,0.07413473199287812,0.0
205446,225,2021-02-09,2021-02-18,10,control,0,0.5259462,1,dept_225_closure_2021-02-09,2021-03-01,2021-03,2,1,0.1,205446|225|2021-02-09,-0.031096608007121884,0.0
206370,225,2021-02-09,2021-02-18,10,control,0,0.20877051,0,dept_225_closure_2021-02-09,2021-03-01,2021-03,2,1,0.1,206370|225|2021-02-09,-0.3482722980071219,0.0
206748,225,2021-02-09,2021-02-18,10,control,0,0.6869173,1,dept_225_closure_2021-02-09,2021-03-01,2021-03,2,1,0.1,206748|225|2021-02-09,0.12987449199287804,0.0
206820,225,2021-02-09,2021-02-18,10,control,0,0.5056104,1,dept_225_closure_2021-02-09,2021-03-01,2021-03,2,1,0.0,206820|225|2021-02-09,-0.0514324080071219,0.0
206904,225,2021-02-09,2021-02-18,10,control,0,0.9530811,1,dept_225_closure_2021-02-09,2021-03-01,2021-03,2,1,0.6,206904|225|2021-02-09,0.3960382919928781,0.0
207447,225,2021-02-09,2021-02-18,10,control,0,0.34226012,0,dept_225_closure_2021-02-09,2021-03-01,2021-03,2,1,0.0,207447|225|2021-02-09,-0.2147826880071219,0.0
208009,225,2021-02-09,2021-02-18,10,control,0,0.97873425,1,dept_225_closure_2021-02-09,2021-03-01,2021-03,2,1,0.0,208009|225|2021-02-09,0.4216914419928781,0.0
208524,225,2021-02-09,2021-02-18,10,control,0,0.8358825,1,dept_225_closure_2021-02-09,2021-03-01,2021-03,2,1,0.3,208524|225|2021-02-09,0.27883969199287806,0.0
208745,225,2021-02-09,2021-02-18,10,control,0,0.99224687,1,dept_225_closure_2021-02-09,2021-03-01,2021-03,2,1,0.2,208745|225|2021-02-09,0.4352040619928781,0.0
211176,225,2021-02-09,2021-02-18,10,control,0,0.6357622,1,dept_225_closure_2021-02-09,2021-03-01,2021-03,2,1,0.2,211176|225|2021-02-09,0.07871939199287814,0.0
213773,225,2021-02-09,2021-02-18,10,control,0,0.7876915,1,dept_225_closure_2021-02-09,2021-03-01,2021-03,2,1,0.1,213773|225|2021-02-09,0.23064869199287807,0.0
214084,225,2021-02-09,2021-02-18,10,treatment,1,0.861025,1,dept_225_closure_2021-02-09,2021-03-01,2021-03,2,1,0.1,214084|225|2021-02-09,0.3039821919928781,0.0
215495,225,2021-02-09,2021-02-18,10,control,0,0.953905,1,dept_225_closure_2021-02-09,2021-03-01,2021-03,2,1,0.2,215495|225|2021-02-09,0.3968621919928781,0.0
217435,225,2021-02-09,2021-02-18,10,control,0,0.4251149,0,dept_225_closure_2021-02-09,2021-03-01,2021-03,2,1,0.1,217435|225|2021-02-09,-0.1319279080071219,0.0
217935,225,2021-02-09,2021-02-18,10,control,0,0.050150763,0,dept_225_closure_2021-02-09,2021-03-01,2021-03,2,1,0.1,217935|225|2021-02-09,-0.5068920450071219,0.0
218655,225,2021-02-09,2021-02-18,10,control,0,0.9413818,1,dept_225_closure_2021-02-09,2021-03-01,2021-03,2,1,0.2,218655|225|2021-02-09,0.38433899199287813,0.0
218845,225,2021-02-09,2021-02-18,10,control,0,0.62621844,1,dept_225_closure_2021-02-09,2021-03-01,2021-03,2,1,0.0,218845|225|2021-02-09,0.06917563199287813,0.0
219180,225,2021-02-09,2021-02-18,10,treatment,1,0.9961695,1,dept_225_closure_2021-02-09,2021-03-01,2021-03,2,1,0.2,219180|225|2021-02-09,0.4391266919928781,0.0
219890,225,2021-02-09,2021-02-18,10,control,0,0.23822242,0,dept_225_closure_2021-02-09,2021-03-01,2021-03,2,1,0.0,219890|225|2021-02-09,-0.3188203880071219,0.0
220166,225,2021-02-09,2021-02-18,10,control,0,0.0636071,0,dept_225_closure_2021-02-09,2021-03-01,2021-03,2,1,0.2,220166|225|2021-02-09,-0.4934357080071219,0.0
220625,225,2021-02-09,2021-02-18,10,control,0,0.43232545,0,dept_225_closure_2021-02-09,2021-03-01,2021-03,2,1,0.0,220625|225|2021-02-09,-0.12471735800712191,0.0
224945,225,2021-02-09,2021-02-18,10,treatment,1,0.38563815,0,dept_225_closure_2021-02-09,2021-03-01,2021-03,2,1,0.0,224945|225|2021-02-09,-0.1714046580071219,0.0
225305,225,2021-02-09,2021-02-18,10,treatment,1,0.22633466,0,dept_225_closure_2021-02-09,2021-03-01,2021-03,2,1,0.1,225305|225|2021-02-09,-0.3307081480071219,0.0
228616,225,2021-02-09,2021-02-18,10,control,0,0.34855863,0,dept_225_closure_2021-02-09,2021-03-01,2021-03,2,1,0.0,228616|225|2021-02-09,-0.20848417800712193,0.0
228853,225,2021-02-09,2021-02-18,10,control,0,0.70645857,1,dept_225_closure_2021-02-09,2021-03-01,2021-03,2,1,0.0,228853|225|2021-02-09,0.1494157619928781,0.0
229849,225,2021-02-09,2021-02-18,10,control,0,0.99606764,1,dept_225_closure_2021-02-09,2021-03-01,2021-03,2,1,0.1,229849|225|2021-02-09,0.4390248319928781,0.0
230388,225,2021-02-09,2021-02-18,10,control,0,0.1738227,0,dept_225_closure_2021-02-09,2021-03-01,2021-03,2,1,0.0,230388|225|2021-02-09,-0.3832201080071219,0.0
230407,225,2021-02-09,2021-02-18,10,control,0,0.79603475,1,dept_225_closure_2021-02-09,2021-03-01,2021-03,2,1,0.3,230407|225|2021-02-09,0.2389919419928781,0.0
231902,225,2021-02-09,2021-02-18,10,control,0,0.9874134,1,dept_225_closure_2021-02-09,2021-03-01,2021-03,2,1,0.0,231902|225|2021-02-09,0.4303705919928781,0.0
233275,225,2021-02-09,2021-02-18,10,control,0,0.57958674,1,dept_225_closure_2021-02-09,2021-03-01,2021-03,2,1,0.1,233275|225|2021-02-09,0.022543931992878075,0.0
234862,225,2021-02-09,2021-02-18,10,control,0,0.39663664,0,dept_225_closure_2021-02-09,2021-03-01,2021-03,2,1,0.2,234862|225|2021-02-09,-0.16040616800712193,0.0
235691,225,2021-02-09,2021-02-18,10,control,0,0.94813615,1,dept_225_closure_2021-02-09,2021-03-01,2021-03,2,1,0.0,235691|225|2021-02-09,0.39109334199287804,0.0
237536,225,2021-02-09,2021-02-18,10,control,0,0.34888518,0,dept_225_closure_2021-02-09,2021-03-01,2021-03,2,1,0.1,237536|225|2021-02-09,-0.2081576280071219,0.0
237750,225,2021-02-09,2021-02-18,10,control,0,0.95692825,1,dept_225_closure_2021-02-09,2021-03-01,2021-03,2,1,0.2,237750|225|2021-02-09,0.3998854419928781,0.0
239422,225,2021-02-09,2021-02-18,10,control,0,0.7698608,1,dept_225_closure_2021-02-09,2021-03-01,2021-03,2,1,0.1,239422|225|2021-02-09,0.2128179919928781,0.0
241420,225,2021-02-09,2021-02-18,10,control,0,0.9988871,1,dept_225_closure_2021-02-09,2021-03-01,2021-03,2,1,0.8,241420|225|2021-02-09,0.4418442919928781,0.0
243726,225,2021-02-09,2021-02-18,10,control,0,0.6828458,1,dept_225_closure_2021-02-09,2021-03-01,2021-03,2,1,0.0,243726|225|2021-02-09,0.12580299199287803,0.0
244643,225,2021-02-09,2021-02-18,10,control,0,0.9442424,1,dept_225_closure_2021-02-09,2021-03-01,2021-03,2,1,0.1,244643|225|2021-02-09,0.3871995919928781,0.0
246087,225,2021-02-09,2021-02-18,10,control,0,0.9979746,1,dept_225_closure_2021-02-09,2021-03-01,2021-03,2,1,0.0,246087|225|2021-02-09,0.44093179199287813,0.0
246226,225,2021-02-09,2021-02-18,10,control,0,0.060403388,0,dept_225_closure_2021-02-09,2021-03-01,2021-03,2,1,0.0,246226|225|2021-02-09,-0.4966394200071219,0.0
249174,225,2021-02-09,2021-02-18,10,treatment,1,0.95790577,1,dept_225_closure_2021-02-09,2021-03-01,2021-03,2,1,0.2,249174|225|2021-02-09,0.4008629619928781,0.0
249701,225,2021-02-09,2021-02-18,10,control,0,0.5075647,1,dept_225_closure_2021-02-09,2021-03-01,2021-03,2,1,0.2,249701|225|2021-02-09,-0.049478108007121935,0.0
249960,225,2021-02-09,2021-02-18,10,control,0,0.45441312,0,dept_225_closure_2021-02-09,2021-03-01,2021-03,2,1,0.8,249960|225|2021-02-09,-0.10262968800712191,0.0
254286,225,2021-02-09,2021-02-18,10,control,0,0.9327924,1,dept_225_closure_2021-02-09,2021-03-01,2021-03,2,1,0.6,254286|225|2021-02-09,0.37574959199287805,0.0
255074,225,2021-02-09,2021-02-18,10,control,0,0.9490253,1,dept_225_closure_2021-02-09,2021-03-01,2021-03,2,1,0.1,255074|225|2021-02-09,0.39198249199287805,0.0
258819,225,2021-02-09,2021-02-18,10,control,0,0.9568416,1,dept_225_closure_2021-02-09,2021-03-01,2021-03,2,1,0.2,258819|225|2021-02-09,0.39979879199287804,0.0
266781,225,2021-02-09,2021-02-18,10,control,0,0.64680547,1,dept_225_closure_2021-02-09,2021-03-01,2021-03,2,1,0.4,266781|225|2021-02-09,0.08976266199287808,0.0
267832,225,2021-02-09,2021-02-18,10,control,0,0.008410257,0,dept_225_closure_2021-02-09,2021-03-01,2021-03,2,1,0.0,267832|225|2021-02-09,-0.5486325510071219,0.0
267860,225,2021-02-09,2021-02-18,10,control,0,0.85143113,1,dept_225_closure_2021-02-09,2021-03-01,2021-03,2,1,0.1,267860|225|2021-02-09,0.2943883219928781,0.0
268666,225,2021-02-09,2021-02-18,10,control,0,0.07243374,0,dept_225_closure_2021-02-09,2021-03-01,2021-03,2,1,0.4,268666|225|2021-02-09,-0.4846090680071219,0.0
269348,225,2021-02-09,2021-02-18,10,control,0,0.4435719,0,dept_225_closure_2021-02-09,2021-03-01,2021-03,2,1,0.0,269348|225|2021-02-09,-0.1134709080071219,0.0
272062,225,2021-02-09,2021-02-18,10,control,0,0.3328512,0,dept_225_closure_2021-02-09,2021-03-01,2021-03,2,1,0.1,272062|225|2021-02-09,-0.2241916080071219,0.0
272822,225,2021-02-09,2021-02-18,10,control,0,0.54888946,1,dept_225_closure_2021-02-09,2021-03-01,2021-03,2,1,0.1,272822|225|2021-02-09,-0.008153348007121863,0.0
272830,225,2021-02-09,2021-02-18,10,treatment,1,0.65420413,1,dept_225_closure_2021-02-09,2021-03-01,2021-03,2,1,0.4,272830|225|2021-02-09,0.09716132199287808,0.0
275594,225,2021-02-09,2021-02-18,10,control,0,0.61326,1,dept_225_closure_2021-02-09,2021-03-01,2021-03,2,1,0.2,275594|225|2021-02-09,0.05621719199287811,0.0
276205,225,2021-02-09,2021-02-18,10,control,0,0.81832045,1,dept_225_closure_2021-02-09,2021-03-01,2021-03,2,1,0.2,276205|225|2021-02-09,0.26127764199287806,0.0
280554,225,2021-02-09,2021-02-18,10,control,0,0.98874027,1,dept_225_closure_2021-02-09,2021-03-01,2021-03,2,1,0.8,280554|225|2021-02-09,0.43169746199287806,0.0
281330,225,2021-02-09,2021-02-18,10,control,0,0.4121877,0,dept_225_closure_2021-02-09,2021-03-01,2021-03,2,1,0.1,281330|225|2021-02-09,-0.14485510800712192,0.0
283074,225,2021-02-09,2021-02-18,10,control,0,0.47065625,0,dept_225_closure_2021-02-09,2021-03-01,2021-03,2,1,0.0,283074|225|2021-02-09,-0.08638655800712192,0.0
283799,225,2021-02-09,2021-02-18,10,control,0,0.6180678,1,dept_225_closure_2021-02-09,2021-03-01,2021-03,2,1,0.0,283799|225|2021-02-09,0.06102499199287803,0.0
284197,225,2021-02-09,2021-02-18,10,control,0,0.7610978,1,dept_225_closure_2021-02-09,2021-03-01,2021-03,2,1,0.0,284197|225|2021-02-09,0.20405499199287813,0.0
284776,225,2021-02-09,2021-02-18,10,control,0,0.9613688,1,dept_225_closure_2021-02-09,2021-03-01,2021-03,2,1,0.4,284776|225|2021-02-09,0.4043259919928781,0.0
286210,225,2021-02-09,2021-02-18,10,control,0,0.9975388,1,dept_225_closure_2021-02-09,2021-03-01,2021-03,2,1,0.4,286210|225|2021-02-09,0.44049599199287803,0.0
287322,225,2021-02-09,2021-02-18,10,control,0,0.16299362,0,dept_225_closure_2021-02-09,2021-03-01,2021-03,2,1,0.0,287322|225|2021-02-09,-0.3940491880071219,0.0
287375,225,2021-02-09,2021-02-18,10,control,0,0.6322628,1,dept_225_closure_2021-02-09,2021-03-01,2021-03,2,1,0.0,287375|225|2021-02-09,0.0752199919928781,0.0
287863,225,2021-02-09,2021-02-18,10,control,0,0.98850876,1,dept_225_closure_2021-02-09,2021-03-01,2021-03,2,1,0.2,287863|225|2021-02-09,0.43146595199287807,0.0
291356,225,2021-02-09,2021-02-18,10,control,0,0.815014,1,dept_225_closure_2021-02-09,2021-03-01,2021-03,2,1,0.3,291356|225|2021-02-09,0.2579711919928781,0.0
291888,225,2021-02-09,2021-02-18,10,control,0,0.3402261,0,dept_225_closure_2021-02-09,2021-03-01,2021-03,2,1,0.0,291888|225|2021-02-09,-0.21681670800712194,0.0
300800,225,2021-02-09,2021-02-18,10,control,0,0.9581977,1,dept_225_closure_2021-02-09,2021-03-01,2021-03,2,1,0.3,300800|225|2021-02-09,0.4011548919928781,0.0
301618,225,2021-02-09,2021-02-18,10,control,0,0.7646375,1,dept_225_closure_2021-02-09,2021-03-01,2021-03,2,1,0.1,301618|225|2021-02-09,0.20759469199287806,0.0
303017,225,2021-02-09,2021-02-18,10,control,0,0.90142965,1,dept_225_closure_2021-02-09,2021-03-01,2021-03,2,1,0.2,303017|225|2021-02-09,0.34438684199287806,0.0
304311,225,2021-02-09,2021-02-18,10,control,0,0.25986248,0,dept_225_closure_2021-02-09,2021-03-01,2021-03,2,1,0.1,304311|225|2021-02-09,-0.2971803280071219,0.0
306819,225,2021-02-09,2021-02-18,10,control,0,0.84821045,1,dept_225_closure_2021-02-09,2021-03-01,2021-03,2,1,0.2,306819|225|2021-02-09,0.29116764199287803,0.0
307045,225,2021-02-09,2021-02-18,10,control,0,0.6588814,1,dept_225_closure_2021-02-09,2021-03-01,2021-03,2,1,0.0,307045|225|2021-02-09,0.10183859199287804,0.0
308765,225,2021-02-09,2021-02-18,10,control,0,0.24936,0,dept_225_closure_2021-02-09,2021-03-01,2021-03,2,1,0.1,308765|225|2021-02-09,-0.3076828080071219,0.0
309225,225,2021-02-09,2021-02-18,10,treatment,1,0.1776764,0,dept_225_closure_2021-02-09,2021-03-01,2021-03,2,1,0.0,309225|225|2021-02-09,-0.3793664080071219,0.0
309425,225,2021-02-09,2021-02-18,10,treatment,1,0.06610407,0,dept_225_closure_2021-02-09,2021-03-01,2021-03,2,1,0.1,309425|225|2021-02-09,-0.4909387380071219,0.0
311745,225,2021-02-09,2021-02-18,10,treatment,1,0.021281237,0,dept_225_closure_2021-02-09,2021-03-01,2021-03,2,1,0.1,311745|225|2021-02-09,-0.535761571007122,0.0
313203,225,2021-02-09,2021-02-18,10,control,0,0.25599334,0,dept_225_closure_2021-02-09,2021-03-01,2021-03,2,1,0.2,313203|225|2021-02-09,-0.3010494680071219,0.0
315451,225,2021-02-09,2021-02-18,10,control,0,0.9705118,1,dept_225_closure_2021-02-09,2021-03-01,2021-03,2,1,0.3,315451|225|2021-02-09,0.4134689919928781,0.0
315647,225,2021-02-09,2021-02-18,10,control,0,0.3782344,0,dept_225_closure_2021-02-09,2021-03-01,2021-03,2,1,0.0,315647|225|2021-02-09,-0.1788084080071219,0.0
315732,225,2021-02-09,2021-02-18,10,control,0,0.8427103,1,dept_225_closure_2021-02-09,2021-03-01,2021-03,2,1,0.4,315732|225|2021-02-09,0.2856674919928781,0.0
317843,225,2021-02-09,2021-02-18,10,control,0,0.98815453,1,dept_225_closure_2021-02-09,2021-03-01,2021-03,2,1,0.1,317843|225|2021-02-09,0.43111172199287806,0.0
318667,225,2021-02-09,2021-02-18,10,control,0,0.9570408,1,dept_225_closure_2021-02-09,2021-03-01,2021-03,2,1,0.2,318667|225|2021-02-09,0.3999979919928781,0.0
319054,225,2021-02-09,2021-02-18,10,control,0,0.04163035,0,dept_225_closure_2021-02-09,2021-03-01,2021-03,2,1,0.0,319054|225|2021-02-09,-0.5154124580071219,0.0
321167,225,2021-02-09,2021-02-18,10,control,0,0.82681614,1,dept_225_closure_2021-02-09,2021-03-01,2021-03,2,1,0.1,321167|225|2021-02-09,0.2697733319928781,0.0
321263,225,2021-02-09,2021-02-18,10,treatment,1,0.5256569,1,dept_225_closure_2021-02-09,2021-03-01,2021-03,2,1,0.1,321263|225|2021-02-09,-0.03138590800712193,0.0
321709,225,2021-02-09,2021-02-18,10,control,0,0.53771627,1,dept_225_closure_2021-02-09,2021-03-01,2021-03,2,1,0.1,321709|225|2021-02-09,-0.01932653800712192,0.0
321846,225,2021-02-09,2021-02-18,10,control,0,0.9958906,1,dept_225_closure_2021-02-09,2021-03-01,2021-03,2,1,0.5,321846|225|2021-02-09,0.43884779199287804,0.0
322570,225,2021-02-09,2021-02-18,10,control,0,0.4746458,0,dept_225_closure_2021-02-09,2021-03-01,2021-03,2,1,0.0,322570|225|2021-02-09,-0.08239700800712191,0.0
323053,225,2021-02-09,2021-02-18,10,control,0,0.23941047,0,dept_225_closure_2021-02-09,2021-03-01,2021-03,2,1,0.1,323053|225|2021-02-09,-0.31763233800712193,0.0
324836,225,2021-02-09,2021-02-18,10,control,0,0.74630404,1,dept_225_closure_2021-02-09,2021-03-01,2021-03,2,1,0.2,324836|225|2021-02-09,0.18926123199287803,0.0
325434,225,2021-02-09,2021-02-18,10,control,0,0.2890141,0,dept_225_closure_2021-02-09,2021-03-01,2021-03,2,1,0.0,325434|225|2021-02-09,-0.2680287080071219,0.0
325633,225,2021-02-09,2021-02-18,10,control,0,0.35559046,0,dept_225_closure_2021-02-09,2021-03-01,2021-03,2,1,0.0,325633|225|2021-02-09,-0.20145234800712192,0.0
326293,225,2021-02-09,2021-02-18,10,control,0,0.09546325,0,dept_225_closure_2021-02-09,2021-03-01,2021-03,2,1,0.2,326293|225|2021-02-09,-0.4615795580071219,0.0
326796,225,2021-02-09,2021-02-18,10,control,0,0.9852455,1,dept_225_closure_2021-02-09,2021-03-01,2021-03,2,1,0.5,326796|225|2021-02-09,0.4282026919928781,0.0
328999,225,2021-02-09,2021-02-18,10,control,0,0.117217064,0,dept_225_closure_2021-02-09,2021-03-01,2021-03,2,1,0.0,328999|225|2021-02-09,-0.43982574400712193,0.0
329476,225,2021-02-09,2021-02-18,10,control,0,0.0917978,0,dept_225_closure_2021-02-09,2021-03-01,2021-03,2,1,0.0,329476|225|2021-02-09,-0.46524500800712193,0.0
329951,225,2021-02-09,2021-02-18,10,treatment,1,0.39544433,0,dept_225_closure_2021-02-09,2021-03-01,2021-03,2,1,0.0,329951|225|2021-02-09,-0.1615984780071219,0.0
331130,225,2021-02-09,2021-02-18,10,control,0,0.14147724,0,dept_225_closure_2021-02-09,2021-03-01,2021-03,2,1,0.1,331130|225|2021-02-09,-0.4155655680071219,0.0
331900,225,2021-02-09,2021-02-18,10,control,0,0.48254243,0,dept_225_closure_2021-02-09,2021-03-01,2021-03,2,1,0.0,331900|225|2021-02-09,-0.07450037800712189,0.0
332741,225,2021-02-09,2021-02-18,10,control,0,0.69679976,1,dept_225_closure_2021-02-09,2021-03-01,2021-03,2,1,0.0,332741|225|2021-02-09,0.13975695199287808,0.0
335610,225,2021-02-09,2021-02-18,10,control,0,0.6019868,1,dept_225_closure_2021-02-09,2021-03-01,2021-03,2,1,0.0,335610|225|2021-02-09,0.04494399199287813,0.0
337373,225,2021-02-09,2021-02-18,10,treatment,1,0.7045855,1,dept_225_closure_2021-02-09,2021-03-01,2021-03,2,1,0.1,337373|225|2021-02-09,0.14754269199287806,0.0
337995,225,2021-02-09,2021-02-18,10,treatment,1,0.25375792,0,dept_225_closure_2021-02-09,2021-03-01,2021-03,2,1,0.0,337995|225|2021-02-09,-0.3032848880071219,0.0
338590,225,2021-02-09,2021-02-18,10,control,0,0.12135875,0,dept_225_closure_2021-02-09,2021-03-01,2021-03,2,1,0.2,338590|225|2021-02-09,-0.4356840580071219,0.0
340681,225,2021-02-09,2021-02-18,10,control,0,0.0892653,0,dept_225_closure_2021-02-09,2021-03-01,2021-03,2,1,0.1,340681|225|2021-02-09,-0.4677775080071219,0.0
346633,225,2021-02-09,2021-02-18,10,control,0,0.634922,1,dept_225_closure_2021-02-09,2021-03-01,2021-03,2,1,0.1,346633|225|2021-02-09,0.07787919199287807,0.0
346829,225,2021-02-09,2021-02-18,10,control,0,0.6967923,1,dept_225_closure_2021-02-09,2021-03-01,2021-03,2,1,0.1,346829|225|2021-02-09,0.13974949199287812,0.0
347007,225,2021-02-09,2021-02-18,10,treatment,1,0.9279068,1,dept_225_closure_2021-02-09,2021-03-01,2021-03,2,1,0.6,347007|225|2021-02-09,0.3708639919928781,0.0
348194,225,2021-02-09,2021-02-18,10,control,0,0.9463242,1,dept_225_closure_2021-02-09,2021-03-01,2021-03,2,1,0.4,348194|225|2021-02-09,0.38928139199287803,0.0
348223,225,2021-02-09,2021-02-18,10,control,0,0.9166912,1,dept_225_closure_2021-02-09,2021-03-01,2021-03,2,1,0.0,348223|225|2021-02-09,0.3596483919928781,0.0
349263,225,2021-02-09,2021-02-18,10,treatment,1,0.67589456,1,dept_225_closure_2021-02-09,2021-03-01,2021-03,2,1,0.1,349263|225|2021-02-09,0.11885175199287812,0.0
349947,225,2021-02-09,2021-02-18,10,control,0,0.3566129,0,dept_225_closure_2021-02-09,2021-03-01,2021-03,2,1,0.0,349947|225|2021-02-09,-0.2004299080071219,0.0
350836,225,2021-02-09,2021-02-18,10,control,0,0.9993635,1,dept_225_closure_2021-02-09,2021-03-01,2021-03,2,1,0.3,350836|225|2021-02-09,0.44232069199287805,0.0
355020,225,2021-02-09,2021-02-18,10,control,0,0.35674804,0,dept_225_closure_2021-02-09,2021-03-01,2021-03,2,1,0.4,355020|225|2021-02-09,-0.20029476800712193,0.0
355506,225,2021-02-09,2021-02-18,10,treatment,1,0.7604829,1,dept_225_closure_2021-02-09,2021-03-01,2021-03,2,1,0.4,355506|225|2021-02-09,0.20344009199287805,0.0
355559,225,2021-02-09,2021-02-18,10,control,0,0.9997812,1,dept_225_closure_2021-02-09,2021-03-01,2021-03,2,1,0.7,355559|225|2021-02-09,0.4427383919928781,0.0
356801,225,2021-02-09,2021-02-18,10,control,0,0.39246687,0,dept_225_closure_2021-02-09,2021-03-01,2021-03,2,1,0.1,356801|225|2021-02-09,-0.1645759380071219,0.0
358354,225,2021-02-09,2021-02-18,10,control,0,0.3476285,0,dept_225_closure_2021-02-09,2021-03-01,2021-03,2,1,0.0,358354|225|2021-02-09,-0.2094143080071219,0.0
358508,225,2021-02-09,2021-02-18,10,treatment,1,0.98895127,1,dept_225_closure_2021-02-09,2021-03-01,2021-03,2,1,0.0,358508|225|2021-02-09,0.43190846199287813,0.0
359557,225,2021-02-09,2021-02-18,10,treatment,1,0.43182382,0,dept_225_closure_2021-02-09,2021-03-01,2021-03,2,1,0.0,359557|225|2021-02-09,-0.1252189880071219,0.0
361866,225,2021-02-09,2021-02-18,10,control,0,0.2885477,0,dept_225_closure_2021-02-09,2021-03-01,2021-03,2,1,0.0,361866|225|2021-02-09,-0.2684951080071219,0.0
362157,225,2021-02-09,2021-02-18,10,control,0,0.6285289,1,dept_225_closure_2021-02-09,2021-03-01,2021-03,2,1,0.0,362157|225|2021-02-09,0.07148609199287803,0.0
362647,225,2021-02-09,2021-02-18,10,control,0,0.97810817,1,dept_225_closure_2021-02-09,2021-03-01,2021-03,2,1,0.3,362647|225|2021-02-09,0.42106536199287814,0.0
363917,225,2021-02-09,2021-02-18,10,control,0,0.14968768,0,dept_225_closure_2021-02-09,2021-03-01,2021-03,2,1,0.0,363917|225|2021-02-09,-0.4073551280071219,0.0
365981,225,2021-02-09,2021-02-18,10,control,0,0.78223735,1,dept_225_closure_2021-02-09,2021-03-01,2021-03,2,1,0.2,365981|225|2021-02-09,0.22519454199287814,0.0
366967,225,2021-02-09,2021-02-18,10,control,0,0.8748402,1,dept_225_closure_2021-02-09,2021-03-01,2021-03,2,1,0.1,366967|225|2021-02-09,0.31779739199287804,0.0
367111,225,2021-02-09,2021-02-18,10,control,0,0.135889,0,dept_225_closure_2021-02-09,2021-03-01,2021-03,2,1,0.2,367111|225|2021-02-09,-0.4211538080071219,0.0
367562,225,2021-02-09,2021-02-18,10,control,0,0.44473973,0,dept_225_closure_2021-02-09,2021-03-01,2021-03,2,1,0.4,367562|225|2021-02-09,-0.11230307800712191,0.0
368245,225,2021-02-09,2021-02-18,10,treatment,1,0.74348015,1,dept_225_closure_2021-02-09,2021-03-01,2021-03,2,1,0.1,368245|225|2021-02-09,0.1864373419928781,0.0
370655,225,2021-02-09,2021-02-18,10,control,0,0.95070106,1,dept_225_closure_2021-02-09,2021-03-01,2021-03,2,1,0.1,370655|225|2021-02-09,0.39365825199287807,0.0
370948,225,2021-02-09,2021-02-18,10,control,0,0.47814432,0,dept_225_closure_2021-02-09,2021-03-01,2021-03,2,1,0.0,370948|225|2021-02-09,-0.0788984880071219,0.0
373453,225,2021-02-09,2021-02-18,10,control,0,0.12594806,0,dept_225_closure_2021-02-09,2021-03-01,2021-03,2,1,0.0,373453|225|2021-02-09,-0.4310947480071219,0.0
374365,225,2021-02-09,2021-02-18,10,control,0,0.16299587,0,dept_225_closure_2021-02-09,2021-03-01,2021-03,2,1,0.0,374365|225|2021-02-09,-0.3940469380071219,0.0
376317,225,2021-02-09,2021-02-18,10,treatment,1,0.3172194,0,dept_225_closure_2021-02-09,2021-03-01,2021-03,2,1,0.0,376317|225|2021-02-09,-0.23982340800712193,0.0
378384,225,2021-02-09,2021-02-18,10,control,0,0.9768808,1,dept_225_closure_2021-02-09,2021-03-01,2021-03,2,1,0.5,378384|225|2021-02-09,0.4198379919928781,0.0
381219,225,2021-02-09,2021-02-18,10,control,0,0.8107899,1,dept_225_closure_2021-02-09,2021-03-01,2021-03,2,1,0.0,381219|225|2021-02-09,0.25374709199287804,0.0
382479,225,2021-02-09,2021-02-18,10,control,0,0.49913758,0,dept_225_closure_2021-02-09,2021-03-01,2021-03,2,1,0.1,382479|225|2021-02-09,-0.05790522800712189,0.0
382655,225,2021-02-09,2021-02-18,10,control,0,0.48623624,0,dept_225_closure_2021-02-09,2021-03-01,2021-03,2,1,0.0,382655|225|2021-02-09,-0.07080656800712193,0.0
382771,225,2021-02-09,2021-02-18,10,treatment,1,0.8868053,1,dept_225_closure_2021-02-09,2021-03-01,2021-03,2,1,0.0,382771|225|2021-02-09,0.3297624919928781,0.0
386353,225,2021-02-09,2021-02-18,10,control,0,0.44928175,0,dept_225_closure_2021-02-09,2021-03-01,2021-03,2,1,0.2,386353|225|2021-02-09,-0.10776105800712193,0.0
386934,225,2021-02-09,2021-02-18,10,control,0,0.88146484,1,dept_225_closure_2021-02-09,2021-03-01,2021-03,2,1,0.5,386934|225|2021-02-09,0.3244220319928781,0.0
387595,225,2021-02-09,2021-02-18,10,control,0,0.91805726,1,dept_225_closure_2021-02-09,2021-03-01,2021-03,2,1,0.1,387595|225|2021-02-09,0.36101445199287807,0.0
388363,225,2021-02-09,2021-02-18,10,control,0,0.9731699,1,dept_225_closure_2021-02-09,2021-03-01,2021-03,2,1,0.1,388363|225|2021-02-09,0.4161270919928781,0.0
390747,225,2021-02-09,2021-02-18,10,control,0,0.10827,0,dept_225_closure_2021-02-09,2021-03-01,2021-03,2,1,0.1,390747|225|2021-02-09,-0.44877280800712194,0.0
391275,225,2021-02-09,2021-02-18,10,control,0,0.1237231,0,dept_225_closure_2021-02-09,2021-03-01,2021-03,2,1,0.1,391275|225|2021-02-09,-0.43331970800712194,0.0
395354,225,2021-02-09,2021-02-18,10,treatment,1,0.3047165,0,dept_225_closure_2021-02-09,2021-03-01,2021-03,2,1,0.0,395354|225|2021-02-09,-0.2523263080071219,0.0
396599,225,2021-02-09,2021-02-18,10,control,0,0.19667627,0,dept_225_closure_2021-02-09,2021-03-01,2021-03,2,1,0.1,396599|225|2021-02-09,-0.36036653800712193,0.0
396971,225,2021-02-09,2021-02-18,10,control,0,0.066589184,0,dept_225_closure_2021-02-09,2021-03-01,2021-03,2,1,0.0,396971|225|2021-02-09,-0.4904536240071219,0.0
397043,225,2021-02-09,2021-02-18,10,control,0,0.8672236,1,dept_225_closure_2021-02-09,2021-03-01,2021-03,2,1,0.0,397043|225|2021-02-09,0.31018079199287807,0.0
398354,225,2021-02-09,2021-02-18,10,control,0,0.6507126,1,dept_225_closure_2021-02-09,2021-03-01,2021-03,2,1,0.1,398354|225|2021-02-09,0.09366979199287806,0.0
399046,225,2021-02-09,2021-02-18,10,control,0,0.5696758,1,dept_225_closure_2021-02-09,2021-03-01,2021-03,2,1,0.2,399046|225|2021-02-09,0.01263299199287804,0.0
399413,225,2021-02-09,2021-02-18,10,control,0,0.916818,1,dept_225_closure_2021-02-09,2021-03-01,2021-03,2,1,0.3,399413|225|2021-02-09,0.3597751919928781,0.0
399931,225,2021-02-09,2021-02-18,10,treatment,1,0.55405474,1,dept_225_closure_2021-02-09,2021-03-01,2021-03,2,1,0.4,399931|225|2021-02-09,-0.0029880680071219246,0.0
400776,225,2021-02-09,2021-02-18,10,control,0,0.4215834,0,dept_225_closure_2021-02-09,2021-03-01,2021-03,2,1,0.0,400776|225|2021-02-09,-0.13545940800712192,0.0
402754,225,2021-02-09,2021-02-18,10,control,0,0.3393672,0,dept_225_closure_2021-02-09,2021-03-01,2021-03,2,1,0.3,402754|225|2021-02-09,-0.21767560800712193,0.0
403154,225,2021-02-09,2021-02-18,10,control,0,0.031127399,0,dept_225_closure_2021-02-09,2021-03-01,2021-03,2,1,0.0,403154|225|2021-02-09,-0.5259154090071219,0.0
403446,225,2021-02-09,2021-02-18,10,control,0,0.5542411,1,dept_225_closure_2021-02-09,2021-03-01,2021-03,2,1,0.0,403446|225|2021-02-09,-0.0028017080071218725,0.0
404352,225,2021-02-09,2021-02-18,10,control,0,0.9993554,1,dept_225_closure_2021-02-09,2021-03-01,2021-03,2,1,0.9,404352|225|2021-02-09,0.4423125919928781,0.0
406126,225,2021-02-09,2021-02-18,10,control,0,0.61097187,1,dept_225_closure_2021-02-09,2021-03-01,2021-03,2,1,0.1,406126|225|2021-02-09,0.05392906199287806,0.0
407060,225,2021-02-09,2021-02-18,10,treatment,1,0.2642639,0,dept_225_closure_2021-02-09,2021-03-01,2021-03,2,1,0.0,407060|225|2021-02-09,-0.2927789080071219,0.0
409183,225,2021-02-09,2021-02-18,10,treatment,1,0.20574966,0,dept_225_closure_2021-02-09,2021-03-01,2021-03,2,1,0.1,409183|225|2021-02-09,-0.3512931480071219,0.0
409407,225,2021-02-09,2021-02-18,10,control,0,0.6272991,1,dept_225_closure_2021-02-09,2021-03-01,2021-03,2,1,0.0,409407|225|2021-02-09,0.07025629199287808,0.0
409880,225,2021-02-09,2021-02-18,10,control,0,0.89655435,1,dept_225_closure_2021-02-09,2021-03-01,2021-03,2,1,0.5,409880|225|2021-02-09,0.33951154199287814,0.0
410210,225,2021-02-09,2021-02-18,10,control,0,0.028627863,0,dept_225_closure_2021-02-09,2021-03-01,2021-03,2,1,0.0,410210|225|2021-02-09,-0.5284149450071219,0.0
411602,225,2021-02-09,2021-02-18,10,control,0,0.8244264,1,dept_225_closure_2021-02-09,2021-03-01,2021-03,2,1,0.2,411602|225|2021-02-09,0.2673835919928781,0.0
413500,225,2021-02-09,2021-02-18,10,control,0,0.9955237,1,dept_225_closure_2021-02-09,2021-03-01,2021-03,2,1,0.4,413500|225|2021-02-09,0.4384808919928781,0.0
413542,225,2021-02-09,2021-02-18,10,control,0,0.94302773,1,dept_225_closure_2021-02-09,2021-03-01,2021-03,2,1,0.5,413542|225|2021-02-09,0.38598492199287804,0.0
414176,225,2021-02-09,2021-02-18,10,control,0,0.71674174,1,dept_225_closure_2021-02-09,2021-03-01,2021-03,2,1,0.1,414176|225|2021-02-09,0.1596989319928781,0.0
414601,225,2021-02-09,2021-02-18,10,control,0,0.42178676,0,dept_225_closure_2021-02-09,2021-03-01,2021-03,2,1,0.0,414601|225|2021-02-09,-0.13525604800712193,0.0
417063,225,2021-02-09,2021-02-18,10,treatment,1,0.3493233,0,dept_225_closure_2021-02-09,2021-03-01,2021-03,2,1,0.2,417063|225|2021-02-09,-0.2077195080071219,0.0
417624,225,2021-02-09,2021-02-18,10,control,0,0.8831816,1,dept_225_closure_2021-02-09,2021-03-01,2021-03,2,1,0.0,417624|225|2021-02-09,0.3261387919928781,0.0
420534,225,2021-02-09,2021-02-18,10,control,0,0.35066342,0,dept_225_closure_2021-02-09,2021-03-01,2021-03,2,1,0.0,420534|225|2021-02-09,-0.2063793880071219,0.0
421583,225,2021-02-09,2021-02-18,10,treatment,1,0.37277293,0,dept_225_closure_2021-02-09,2021-03-01,2021-03,2,1,0.0,421583|225|2021-02-09,-0.1842698780071219,0.0
421595,225,2021-02-09,2021-02-18,10,control,0,0.13892803,0,dept_225_closure_2021-02-09,2021-03-01,2021-03,2,1,0.0,421595|225|2021-02-09,-0.41811477800712193,0.0
422210,225,2021-02-09,2021-02-18,10,control,0,0.9951025,1,dept_225_closure_2021-02-09,2021-03-01,2021-03,2,1,0.3,422210|225|2021-02-09,0.4380596919928781,0.0
422336,225,2021-02-09,2021-02-18,10,control,0,0.83844286,1,dept_225_closure_2021-02-09,2021-03-01,2021-03,2,1,0.5,422336|225|2021-02-09,0.2814000519928781,0.0
425289,225,2021-02-09,2021-02-18,10,control,0,0.2427501,0,dept_225_closure_2021-02-09,2021-03-01,2021-03,2,1,0.1,425289|225|2021-02-09,-0.31429270800712195,0.0
425821,225,2021-02-09,2021-02-18,10,treatment,1,0.79966164,1,dept_225_closure_2021-02-09,2021-03-01,2021-03,2,1,0.0,425821|225|2021-02-09,0.24261883199287804,0.0
427750,225,2021-02-09,2021-02-18,10,control,0,0.82984,1,dept_225_closure_2021-02-09,2021-03-01,2021-03,2,1,0.4,427750|225|2021-02-09,0.2727971919928781,0.0
428456,225,2021-02-09,2021-02-18,10,control,0,0.43543127,0,dept_225_closure_2021-02-09,2021-03-01,2021-03,2,1,0.0,428456|225|2021-02-09,-0.12161153800712193,0.0
428894,225,2021-02-09,2021-02-18,10,control,0,0.99533254,1,dept_225_closure_2021-02-09,2021-03-01,2021-03,2,1,0.1,428894|225|2021-02-09,0.43828973199287813,0.0
428909,225,2021-02-09,2021-02-18,10,control,0,0.7319816,1,dept_225_closure_2021-02-09,2021-03-01,2021-03,2,1,0.3,428909|225|2021-02-09,0.1749387919928781,0.0
430385,225,2021-02-09,2021-02-18,10,treatment,1,0.67291415,1,dept_225_closure_2021-02-09,2021-03-01,2021-03,2,1,0.0,430385|225|2021-02-09,0.11587134199287807,0.0
430856,225,2021-02-09,2021-02-18,10,control,0,0.113914736,0,dept_225_closure_2021-02-09,2021-03-01,2021-03,2,1,0.1,430856|225|2021-02-09,-0.4431280720071219,0.0
432774,225,2021-02-09,2021-02-18,10,control,0,0.42122024,0,dept_225_closure_2021-02-09,2021-03-01,2021-03,2,1,0.2,432774|225|2021-02-09,-0.1358225680071219,0.0
433451,225,2021-02-09,2021-02-18,10,control,0,0.66453654,1,dept_225_closure_2021-02-09,2021-03-01,2021-03,2,1,0.0,433451|225|2021-02-09,0.10749373199287804,0.0
434436,225,2021-02-09,2021-02-18,10,control,0,0.32243565,0,dept_225_closure_2021-02-09,2021-03-01,2021-03,2,1,0.0,434436|225|2021-02-09,-0.2346071580071219,0.0
437482,225,2021-02-09,2021-02-18,10,control,0,0.76939327,1,dept_225_closure_2021-02-09,2021-03-01,2021-03,2,1,0.0,437482|225|2021-02-09,0.2123504619928781,0.0
437779,225,2021-02-09,2021-02-18,10,control,0,0.30429742,0,dept_225_closure_2021-02-09,2021-03-01,2021-03,2,1,0.1,437779|225|2021-02-09,-0.25274538800712193,0.0
437833,225,2021-02-09,2021-02-18,10,control,0,0.96572256,1,dept_225_closure_2021-02-09,2021-03-01,2021-03,2,1,0.4,437833|225|2021-02-09,0.4086797519928781,0.0
438478,225,2021-02-09,2021-02-18,10,control,0,0.79792196,1,dept_225_closure_2021-02-09,2021-03-01,2021-03,2,1,0.1,438478|225|2021-02-09,0.24087915199287813,0.0
439163,225,2021-02-09,2021-02-18,10,control,0,0.6120299,1,dept_225_closure_2021-02-09,2021-03-01,2021-03,2,1,0.1,439163|225|2021-02-09,0.0549870919928781,0.0
440038,225,2021-02-09,2021-02-18,10,control,0,0.99606234,1,dept_225_closure_2021-02-09,2021-03-01,2021-03,2,1,0.7,440038|225|2021-02-09,0.43901953199287813,0.0
444671,225,2021-02-09,2021-02-18,10,treatment,1,0.2107164,0,dept_225_closure_2021-02-09,2021-03-01,2021-03,2,1,0.1,444671|225|2021-02-09,-0.3463264080071219,0.0
444939,225,2021-02-09,2021-02-18,10,control,0,0.5629561,1,dept_225_closure_2021-02-09,2021-03-01,2021-03,2,1,0.0,444939|225|2021-02-09,0.005913291992878045,0.0
446553,225,2021-02-09,2021-02-18,10,control,0,0.69638073,1,dept_225_closure_2021-02-09,2021-03-01,2021-03,2,1,0.1,446553|225|2021-02-09,0.1393379219928781,0.0
448300,225,2021-02-09,2021-02-18,10,control,0,0.15980117,0,dept_225_closure_2021-02-09,2021-03-01,2021-03,2,1,0.0,448300|225|2021-02-09,-0.3972416380071219,0.0
448365,225,2021-02-09,2021-02-18,10,control,0,0.610063,1,dept_225_closure_2021-02-09,2021-03-01,2021-03,2,1,0.2,448365|225|2021-02-09,0.05302019199287811,0.0
450464,225,2021-02-09,2021-02-18,10,control,0,0.0899341,0,dept_225_closure_2021-02-09,2021-03-01,2021-03,2,1,0.1,450464|225|2021-02-09,-0.4671087080071219,0.0
451797,225,2021-02-09,2021-02-18,10,control,0,0.5686298,1,dept_225_closure_2021-02-09,2021-03-01,2021-03,2,1,0.0,451797|225|2021-02-09,0.011586991992878048,0.0
451856,225,2021-02-09,2021-02-18,10,control,0,0.81858045,1,dept_225_closure_2021-02-09,2021-03-01,2021-03,2,1,0.2,451856|225|2021-02-09,0.2615376419928781,0.0
453594,225,2021-02-09,2021-02-18,10,control,0,0.51488364,1,dept_225_closure_2021-02-09,2021-03-01,2021-03,2,1,0.5,453594|225|2021-02-09,-0.04215916800712194,0.0
454303,225,2021-02-09,2021-02-18,10,control,0,0.42539623,0,dept_225_closure_2021-02-09,2021-03-01,2021-03,2,1,0.1,454303|225|2021-02-09,-0.13164657800712193,0.0
456801,225,2021-02-09,2021-02-18,10,control,0,0.44320226,0,dept_225_closure_2021-02-09,2021-03-01,2021-03,2,1,0.0,456801|225|2021-02-09,-0.1138405480071219,0.0
457945,225,2021-02-09,2021-02-18,10,control,0,0.75042796,1,dept_225_closure_2021-02-09,2021-03-01,2021-03,2,1,0.1,457945|225|2021-02-09,0.1933851519928781,0.0
458589,225,2021-02-09,2021-02-18,10,control,0,0.54510933,1,dept_225_closure_2021-02-09,2021-03-01,2021-03,2,1,0.0,458589|225|2021-02-09,-0.011933478007121967,0.0
460269,225,2021-02-09,2021-02-18,10,control,0,0.58065283,1,dept_225_closure_2021-02-09,2021-03-01,2021-03,2,1,0.1,460269|225|2021-02-09,0.023610021992878094,0.0
460404,225,2021-02-09,2021-02-18,10,control,0,0.35052446,0,dept_225_closure_2021-02-09,2021-03-01,2021-03,2,1,0.0,460404|225|2021-02-09,-0.20651834800712193,0.0
464247,225,2021-02-09,2021-02-18,10,control,0,0.8327629,1,dept_225_closure_2021-02-09,2021-03-01,2021-03,2,1,0.0,464247|225|2021-02-09,0.27572009199287806,0.0
464509,225,2021-02-09,2021-02-18,10,control,0,0.56256324,1,dept_225_closure_2021-02-09,2021-03-01,2021-03,2,1,0.1,464509|225|2021-02-09,0.005520431992878105,0.0
464702,225,2021-02-09,2021-02-18,10,control,0,0.96385574,1,dept_225_closure_2021-02-09,2021-03-01,2021-03,2,1,0.4,464702|225|2021-02-09,0.40681293199287805,0.0
465287,225,2021-02-09,2021-02-18,10,control,0,0.4809686,0,dept_225_closure_2021-02-09,2021-03-01,2021-03,2,1,0.0,465287|225|2021-02-09,-0.07607420800712189,0.0
467269,225,2021-02-09,2021-02-18,10,control,0,0.5799187,1,dept_225_closure_2021-02-09,2021-03-01,2021-03,2,1,0.4,467269|225|2021-02-09,0.022875891992878095,0.0
467336,225,2021-02-09,2021-02-18,10,treatment,1,0.14474845,0,dept_225_closure_2021-02-09,2021-03-01,2021-03,2,1,0.0,467336|225|2021-02-09,-0.4122943580071219,0.0
467621,225,2021-02-09,2021-02-18,10,control,0,0.983469,1,dept_225_closure_2021-02-09,2021-03-01,2021-03,2,1,0.2,467621|225|2021-02-09,0.4264261919928781,0.0
469389,225,2021-02-09,2021-02-18,10,control,0,0.612861,1,dept_225_closure_2021-02-09,2021-03-01,2021-03,2,1,0.0,469389|225|2021-02-09,0.055818191992878075,0.0
469826,225,2021-02-09,2021-02-18,10,control,0,0.45079404,0,dept_225_closure_2021-02-09,2021-03-01,2021-03,2,1,0.0,469826|225|2021-02-09,-0.10624876800712191,0.0
471891,225,2021-02-09,2021-02-18,10,control,0,0.53209096,1,dept_225_closure_2021-02-09,2021-03-01,2021-03,2,1,0.0,471891|225|2021-02-09,-0.024951848007121913,0.0
472342,225,2021-02-09,2021-02-18,10,treatment,1,0.28729507,0,dept_225_closure_2021-02-09,2021-03-01,2021-03,2,1,0.1,472342|225|2021-02-09,-0.26974773800712193,0.0
473127,225,2021-02-09,2021-02-18,10,control,0,0.98042405,1,dept_225_closure_2021-02-09,2021-03-01,2021-03,2,1,0.3,473127|225|2021-02-09,0.4233812419928781,0.0
475523,225,2021-02-09,2021-02-18,10,control,0,0.52391076,1,dept_225_closure_2021-02-09,2021-03-01,2021-03,2,1,0.2,475523|225|2021-02-09,-0.033132048007121884,0.0
478934,225,2021-02-09,2021-02-18,10,control,0,0.879664,1,dept_225_closure_2021-02-09,2021-03-01,2021-03,2,1,0.3,478934|225|2021-02-09,0.3226211919928781,0.0
479982,225,2021-02-09,2021-02-18,10,control,0,0.72143114,1,dept_225_closure_2021-02-09,2021-03-01,2021-03,2,1,0.2,479982|225|2021-02-09,0.16438833199287806,0.0
481053,225,2021-02-09,2021-02-18,10,control,0,0.60998887,1,dept_225_closure_2021-02-09,2021-03-01,2021-03,2,1,0.0,481053|225|2021-02-09,0.0529460619928781,0.0
481534,225,2021-02-09,2021-02-18,10,treatment,1,0.7666529,1,dept_225_closure_2021-02-09,2021-03-01,2021-03,2,1,0.2,481534|225|2021-02-09,0.20961009199287806,0.0
483355,225,2021-02-09,2021-02-18,10,treatment,1,0.21617046,0,dept_225_closure_2021-02-09,2021-03-01,2021-03,2,1,0.0,483355|225|2021-02-09,-0.3408723480071219,0.0
484202,225,2021-02-09,2021-02-18,10,control,0,0.11625671,0,dept_225_closure_2021-02-09,2021-03-01,2021-03,2,1,0.1,484202|225|2021-02-09,-0.44078609800712193,0.0
484803,225,2021-02-09,2021-02-18,10,control,0,0.48871788,0,dept_225_closure_2021-02-09,2021-03-01,2021-03,2,1,0.0,484803|225|2021-02-09,-0.06832492800712192,0.0
487863,225,2021-02-09,2021-02-18,10,control,0,0.29896432,0,dept_225_closure_2021-02-09,2021-03-01,2021-03,2,1,0.0,487863|225|2021-02-09,-0.2580784880071219,0.0
488759,225,2021-02-09,2021-02-18,10,control,0,0.560258,1,dept_225_closure_2021-02-09,2021-03-01,2021-03,2,1,0.2,488759|225|2021-02-09,0.003215191992878119,0.0
489742,225,2021-02-09,2021-02-18,10,control,0,0.6274672,1,dept_225_closure_2021-02-09,2021-03-01,2021-03,2,1,0.0,489742|225|2021-02-09,0.07042439199287809,0.0
493285,225,2021-02-09,2021-02-18,10,control,0,0.30452004,0,dept_225_closure_2021-02-09,2021-03-01,2021-03,2,1,0.0,493285|225|2021-02-09,-0.2525227680071219,0.0
494278,225,2021-02-09,2021-02-18,10,control,0,0.1129235,0,dept_225_closure_2021-02-09,2021-03-01,2021-03,2,1,0.0,494278|225|2021-02-09,-0.4441193080071219,0.0
502196,225,2021-02-09,2021-02-18,10,treatment,1,0.8333942,1,dept_225_closure_2021-02-09,2021-03-01,2021-03,2,1,0.2,502196|225|2021-02-09,0.27635139199287806,0.0
502318,225,2021-02-09,2021-02-18,10,treatment,1,0.9765118,1,dept_225_closure_2021-02-09,2021-03-01,2021-03,2,1,0.0,502318|225|2021-02-09,0.4194689919928781,0.0
503466,225,2021-02-09,2021-02-18,10,control,0,0.24881226,0,dept_225_closure_2021-02-09,2021-03-01,2021-03,2,1,0.1,503466|225|2021-02-09,-0.3082305480071219,0.0
505843,225,2021-02-09,2021-02-18,10,treatment,1,0.6795407,1,dept_225_closure_2021-02-09,2021-03-01,2021-03,2,1,0.0,505843|225|2021-02-09,0.12249789199287808,0.0
506867,225,2021-02-09,2021-02-18,10,control,0,0.9109191,1,dept_225_closure_2021-02-09,2021-03-01,2021-03,2,1,0.1,506867|225|2021-02-09,0.35387629199287807,0.0
509425,225,2021-02-09,2021-02-18,10,control,0,0.21315736,0,dept_225_closure_2021-02-09,2021-03-01,2021-03,2,1,0.1,509425|225|2021-02-09,-0.34388544800712195,0.0
510199,225,2021-02-09,2021-02-18,10,control,0,0.95041114,1,dept_225_closure_2021-02-09,2021-03-01,2021-03,2,1,0.1,510199|225|2021-02-09,0.39336833199287813,0.0
510253,225,2021-02-09,2021-02-18,10,treatment,1,0.11474849,0,dept_225_closure_2021-02-09,2021-03-01,2021-03,2,1,0.0,510253|225|2021-02-09,-0.44229431800712193,0.0
512120,225,2021-02-09,2021-02-18,10,control,0,0.123882264,0,dept_225_closure_2021-02-09,2021-03-01,2021-03,2,1,0.0,512120|225|2021-02-09,-0.4331605440071219,0.0
512374,225,2021-02-09,2021-02-18,10,control,0,0.025796797,0,dept_225_closure_2021-02-09,2021-03-01,2021-03,2,1,0.1,512374|225|2021-02-09,-0.5312460110071219,0.0
513432,225,2021-02-09,2021-02-18,10,control,0,0.75720835,1,dept_225_closure_2021-02-09,2021-03-01,2021-03,2,1,0.2,513432|225|2021-02-09,0.20016554199287806,0.0
514186,225,2021-02-09,2021-02-18,10,control,0,0.53616303,1,dept_225_closure_2021-02-09,2021-03-01,2021-03,2,1,0.0,514186|225|2021-02-09,-0.02087977800712193,0.0
514740,225,2021-02-09,2021-02-18,10,control,0,0.9236703,1,dept_225_closure_2021-02-09,2021-03-01,2021-03,2,1,0.2,514740|225|2021-02-09,0.36662749199287814,0.0
515182,225,2021-02-09,2021-02-18,10,control,0,0.1092633,0,dept_225_closure_2021-02-09,2021-03-01,2021-03,2,1,0.1,515182|225|2021-02-09,-0.4477795080071219,0.0
516610,225,2021-02-09,2021-02-18,10,control,0,0.6973986,1,dept_225_closure_2021-02-09,2021-03-01,2021-03,2,1,0.1,516610|225|2021-02-09,0.14035579199287807,0.0
516772,225,2021-02-09,2021-02-18,10,control,0,0.5201318,1,dept_225_closure_2021-02-09,2021-03-01,2021-03,2,1,0.3,516772|225|2021-02-09,-0.03691100800712188,0.0
516884,225,2021-02-09,2021-02-18,10,control,0,0.2260634,0,dept_225_closure_2021-02-09,2021-03-01,2021-03,2,1,0.0,516884|225|2021-02-09,-0.3309794080071219,0.0
517029,225,2021-02-09,2021-02-18,10,control,0,0.6784122,1,dept_225_closure_2021-02-09,2021-03-01,2021-03,2,1,0.6,517029|225|2021-02-09,0.1213693919928781,0.0
518563,225,2021-02-09,2021-02-18,10,treatment,1,0.66636384,1,dept_225_closure_2021-02-09,2021-03-01,2021-03,2,1,0.1,518563|225|2021-02-09,0.10932103199287813,0.0
519764,225,2021-02-09,2021-02-18,10,control,0,0.4191586,0,dept_225_closure_2021-02-09,2021-03-01,2021-03,2,1,0.1,519764|225|2021-02-09,-0.13788420800712192,0.0
520658,225,2021-02-09,2021-02-18,10,control,0,0.10316532,0,dept_225_closure_2021-02-09,2021-03-01,2021-03,2,1,0.0,520658|225|2021-02-09,-0.4538774880071219,0.0
520817,225,2021-02-09,2021-02-18,10,control,0,0.09707905,0,dept_225_closure_2021-02-09,2021-03-01,2021-03,2,1,0.1,520817|225|2021-02-09,-0.4599637580071219,0.0
521820,225,2021-02-09,2021-02-18,10,control,0,0.084771745,0,dept_225_closure_2021-02-09,2021-03-01,2021-03,2,1,0.0,521820|225|2021-02-09,-0.4722710630071219,0.0
521859,225,2021-02-09,2021-02-18,10,control,0,0.5171526,1,dept_225_closure_2021-02-09,2021-03-01,2021-03,2,1,0.0,521859|225|2021-02-09,-0.03989020800712195,0.0
522545,225,2021-02-09,2021-02-18,10,treatment,1,0.64982855,1,dept_225_closure_2021-02-09,2021-03-01,2021-03,2,1,0.0,522545|225|2021-02-09,0.09278574199287803,0.0
524184,225,2021-02-09,2021-02-18,10,control,0,0.48366845,0,dept_225_closure_2021-02-09,2021-03-01,2021-03,2,1,0.1,524184|225|2021-02-09,-0.07337435800712189,0.0
524855,225,2021-02-09,2021-02-18,10,control,0,0.8788438,1,dept_225_closure_2021-02-09,2021-03-01,2021-03,2,1,0.1,524855|225|2021-02-09,0.32180099199287804,0.0
525501,225,2021-02-09,2021-02-18,10,control,0,0.9226477,1,dept_225_closure_2021-02-09,2021-03-01,2021-03,2,1,0.2,525501|225|2021-02-09,0.36560489199287804,0.0
525869,225,2021-02-09,2021-02-18,10,control,0,0.07285162,0,dept_225_closure_2021-02-09,2021-03-01,2021-03,2,1,0.2,525869|225|2021-02-09,-0.4841911880071219,0.0
529325,225,2021-02-09,2021-02-18,10,control,0,0.6113113,1,dept_225_closure_2021-02-09,2021-03-01,2021-03,2,1,0.0,529325|225|2021-02-09,0.05426849199287809,0.0
529864,225,2021-02-09,2021-02-18,10,control,0,0.14488006,0,dept_225_closure_2021-02-09,2021-03-01,2021-03,2,1,0.0,529864|225|2021-02-09,-0.41216274800712194,0.0
531372,225,2021-02-09,2021-02-18,10,control,0,0.9984932,1,dept_225_closure_2021-02-09,2021-03-01,2021-03,2,1,0.5,531372|225|2021-02-09,0.44145039199287806,0.0
531766,225,2021-02-09,2021-02-18,10,control,0,0.70788556,1,dept_225_closure_2021-02-09,2021-03-01,2021-03,2,1,0.0,531766|225|2021-02-09,0.1508427519928781,0.0
532231,225,2021-02-09,2021-02-18,10,control,0,0.16401133,0,dept_225_closure_2021-02-09,2021-03-01,2021-03,2,1,0.0,532231|225|2021-02-09,-0.3930314780071219,0.0
533906,225,2021-02-09,2021-02-18,10,control,0,0.12545961,0,dept_225_closure_2021-02-09,2021-03-01,2021-03,2,1,0.0,533906|225|2021-02-09,-0.4315831980071219,0.0
534647,225,2021-02-09,2021-02-18,10,control,0,0.99306244,1,dept_225_closure_2021-02-09,2021-03-01,2021-03,2,1,0.4,534647|225|2021-02-09,0.4360196319928781,0.0
535153,225,2021-02-09,2021-02-18,10,control,0,0.06850255,0,dept_225_closure_2021-02-09,2021-03-01,2021-03,2,1,0.0,535153|225|2021-02-09,-0.4885402580071219,0.0
536067,225,2021-02-09,2021-02-18,10,control,0,0.7665355,1,dept_225_closure_2021-02-09,2021-03-01,2021-03,2,1,0.1,536067|225|2021-02-09,0.20949269199287812,0.0
536540,225,2021-02-09,2021-02-18,10,control,0,0.5633116,1,dept_225_closure_2021-02-09,2021-03-01,2021-03,2,1,0.0,536540|225|2021-02-09,0.006268791992878109,0.0
537345,225,2021-02-09,2021-02-18,10,control,0,0.23184814,0,dept_225_closure_2021-02-09,2021-03-01,2021-03,2,1,0.0,537345|225|2021-02-09,-0.32519466800712193,0.0
537422,225,2021-02-09,2021-02-18,10,control,0,0.35939428,0,dept_225_closure_2021-02-09,2021-03-01,2021-03,2,1,0.3,537422|225|2021-02-09,-0.1976485280071219,0.0
538844,225,2021-02-09,2021-02-18,10,control,0,0.6683242,1,dept_225_closure_2021-02-09,2021-03-01,2021-03,2,1,0.4,538844|225|2021-02-09,0.11128139199287812,0.0
539544,225,2021-02-09,2021-02-18,10,treatment,1,0.30792004,0,dept_225_closure_2021-02-09,2021-03-01,2021-03,2,1,0.0,539544|225|2021-02-09,-0.2491227680071219,0.0
539687,225,2021-02-09,2021-02-18,10,control,0,0.9314988,1,dept_225_closure_2021-02-09,2021-03-01,2021-03,2,1,0.6,539687|225|2021-02-09,0.37445599199287805,0.0
540056,225,2021-02-09,2021-02-18,10,control,0,0.354361,0,dept_225_closure_2021-02-09,2021-03-01,2021-03,2,1,0.3,540056|225|2021-02-09,-0.20268180800712193,0.0
541024,225,2021-02-09,2021-02-18,10,control,0,0.9485148,1,dept_225_closure_2021-02-09,2021-03-01,2021-03,2,1,0.0,541024|225|2021-02-09,0.3914719919928781,0.0
541794,225,2021-02-09,2021-02-18,10,control,0,0.7145694,1,dept_225_closure_2021-02-09,2021-03-01,2021-03,2,1,0.1,541794|225|2021-02-09,0.1575265919928781,0.0
541795,225,2021-02-09,2021-02-18,10,control,0,0.1584281,0,dept_225_closure_2021-02-09,2021-03-01,2021-03,2,1,0.0,541795|225|2021-02-09,-0.39861470800712195,0.0
542121,225,2021-02-09,2021-02-18,10,control,0,0.81192786,1,dept_225_closure_2021-02-09,2021-03-01,2021-03,2,1,0.2,542121|225|2021-02-09,0.25488505199287803,0.0
542359,225,2021-02-09,2021-02-18,10,control,0,0.8997891,1,dept_225_closure_2021-02-09,2021-03-01,2021-03,2,1,0.3,542359|225|2021-02-09,0.3427462919928781,0.0
542469,225,2021-02-09,2021-02-18,10,control,0,0.5968629,1,dept_225_closure_2021-02-09,2021-03-01,2021-03,2,1,0.4,542469|225|2021-02-09,0.03982009199287806,0.0
543401,225,2021-02-09,2021-02-18,10,control,0,0.17591122,0,dept_225_closure_2021-02-09,2021-03-01,2021-03,2,1,0.0,543401|225|2021-02-09,-0.3811315880071219,0.0
543574,225,2021-02-09,2021-02-18,10,control,0,0.99364233,1,dept_225_closure_2021-02-09,2021-03-01,2021-03,2,1,0.3,543574|225|2021-02-09,0.4365995219928781,0.0
545450,225,2021-02-09,2021-02-18,10,treatment,1,0.74080014,1,dept_225_closure_2021-02-09,2021-03-01,2021-03,2,1,0.0,545450|225|2021-02-09,0.18375733199287814,0.0
545621,225,2021-02-09,2021-02-18,10,control,0,0.2505379,0,dept_225_closure_2021-02-09,2021-03-01,2021-03,2,1,0.0,545621|225|2021-02-09,-0.30650490800712193,0.0
546738,225,2021-02-09,2021-02-18,10,treatment,1,0.9869179,1,dept_225_closure_2021-02-09,2021-03-01,2021-03,2,1,0.9,546738|225|2021-02-09,0.4298750919928781,0.0
547241,225,2021-02-09,2021-02-18,10,control,0,0.63886887,1,dept_225_closure_2021-02-09,2021-03-01,2021-03,2,1,0.1,547241|225|2021-02-09,0.08182606199287812,0.0
547544,225,2021-02-09,2021-02-18,10,control,0,0.7458929,1,dept_225_closure_2021-02-09,2021-03-01,2021-03,2,1,0.0,547544|225|2021-02-09,0.18885009199287806,0.0
547689,225,2021-02-09,2021-02-18,10,control,0,0.55275804,1,dept_225_closure_2021-02-09,2021-03-01,2021-03,2,1,0.4,547689|225|2021-02-09,-0.004284768007121964,0.0
548215,225,2021-02-09,2021-02-18,10,control,0,0.9033356,1,dept_225_closure_2021-02-09,2021-03-01,2021-03,2,1,0.2,548215|225|2021-02-09,0.3462927919928781,0.0
549703,225,2021-02-09,2021-02-18,10,treatment,1,0.44778845,0,dept_225_closure_2021-02-09,2021-03-01,2021-03,2,1,0.1,549703|225|2021-02-09,-0.10925435800712191,0.0
549771,225,2021-02-09,2021-02-18,10,control,0,0.8159889,1,dept_225_closure_2021-02-09,2021-03-01,2021-03,2,1,0.0,549771|225|2021-02-09,0.2589460919928781,0.0
552685,225,2021-02-09,2021-02-18,10,control,0,0.5987536,1,dept_225_closure_2021-02-09,2021-03-01,2021-03,2,1,0.1,552685|225|2021-02-09,0.04171079199287808,0.0
552723,225,2021-02-09,2021-02-18,10,control,0,0.35043988,0,dept_225_closure_2021-02-09,2021-03-01,2021-03,2,1,0.3,552723|225|2021-02-09,-0.20660292800712193,0.0
553138,225,2021-02-09,2021-02-18,10,control,0,0.30944628,0,dept_225_closure_2021-02-09,2021-03-01,2021-03,2,1,0.0,553138|225|2021-02-09,-0.2475965280071219,0.0
553876,225,2021-02-09,2021-02-18,10,treatment,1,0.9419543,1,dept_225_closure_2021-02-09,2021-03-01,2021-03,2,1,0.0,553876|225|2021-02-09,0.3849114919928781,0.0
557358,225,2021-02-09,2021-02-18,10,control,0,0.9920684,1,dept_225_closure_2021-02-09,2021-03-01,2021-03,2,1,0.4,557358|225|2021-02-09,0.43502559199287805,0.0
557503,225,2021-02-09,2021-02-18,10,control,0,0.98167187,1,dept_225_closure_2021-02-09,2021-03-01,2021-03,2,1,0.2,557503|225|2021-02-09,0.4246290619928781,0.0
558534,225,2021-02-09,2021-02-18,10,treatment,1,0.20376676,0,dept_225_closure_2021-02-09,2021-03-01,2021-03,2,1,0.0,558534|225|2021-02-09,-0.3532760480071219,0.0
559416,225,2021-02-09,2021-02-18,10,control,0,0.5377436,1,dept_225_closure_2021-02-09,2021-03-01,2021-03,2,1,0.2,559416|225|2021-02-09,-0.019299208007121926,0.0
560778,225,2021-02-09,2021-02-18,10,control,0,0.6724239,1,dept_225_closure_2021-02-09,2021-03-01,2021-03,2,1,0.1,560778|225|2021-02-09,0.11538109199287805,0.0
561261,225,2021-02-09,2021-02-18,10,control,0,0.8870736,1,dept_225_closure_2021-02-09,2021-03-01,2021-03,2,1,0.0,561261|225|2021-02-09,0.3300307919928781,0.0
561552,225,2021-02-09,2021-02-18,10,treatment,1,0.8548409,1,dept_225_closure_2021-02-09,2021-03-01,2021-03,2,1,0.0,561552|225|2021-02-09,0.2977980919928781,0.0
561749,225,2021-02-09,2021-02-18,10,treatment,1,0.36272615,0,dept_225_closure_2021-02-09,2021-03-01,2021-03,2,1,0.1,561749|225|2021-02-09,-0.1943166580071219,0.0
561970,225,2021-02-09,2021-02-18,10,control,0,0.26292413,0,dept_225_closure_2021-02-09,2021-03-01,2021-03,2,1,0.0,561970|225|2021-02-09,-0.29411867800712194,0.0
563192,225,2021-02-09,2021-02-18,10,control,0,0.99263245,1,dept_225_closure_2021-02-09,2021-03-01,2021-03,2,1,0.0,563192|225|2021-02-09,0.4355896419928781,0.0
563542,225,2021-02-09,2021-02-18,10,control,0,0.37322673,0,dept_225_closure_2021-02-09,2021-03-01,2021-03,2,1,0.3,563542|225|2021-02-09,-0.1838160780071219,0.0
563790,225,2021-02-09,2021-02-18,10,control,0,0.35640284,0,dept_225_closure_2021-02-09,2021-03-01,2021-03,2,1,0.0,563790|225|2021-02-09,-0.20063996800712192,0.0
564310,225,2021-02-09,2021-02-18,10,control,0,0.53082335,1,dept_225_closure_2021-02-09,2021-03-01,2021-03,2,1,0.2,564310|225|2021-02-09,-0.026219458007121887,0.0
564323,225,2021-02-09,2021-02-18,10,control,0,0.9151387,1,dept_225_closure_2021-02-09,2021-03-01,2021-03,2,1,0.2,564323|225|2021-02-09,0.35809589199287806,0.0
564378,225,2021-02-09,2021-02-18,10,control,0,0.79580194,1,dept_225_closure_2021-02-09,2021-03-01,2021-03,2,1,0.2,564378|225|2021-02-09,0.23875913199287813,0.0
564518,225,2021-02-09,2021-02-18,10,control,0,0.8406039,1,dept_225_closure_2021-02-09,2021-03-01,2021-03,2,1,0.2,564518|225|2021-02-09,0.28356109199287804,0.0
565708,225,2021-02-09,2021-02-18,10,control,0,0.8249043,1,dept_225_closure_2021-02-09,2021-03-01,2021-03,2,1,0.0,565708|225|2021-02-09,0.2678614919928781,0.0
566300,225,2021-02-09,2021-02-18,10,control,0,0.10058118,0,dept_225_closure_2021-02-09,2021-03-01,2021-03,2,1,0.0,566300|225|2021-02-09,-0.4564616280071219,0.0
566787,225,2021-02-09,2021-02-18,10,control,0,0.24692543,0,dept_225_closure_2021-02-09,2021-03-01,2021-03,2,1,0.1,566787|225|2021-02-09,-0.3101173780071219,0.0
567770,225,2021-02-09,2021-02-18,10,control,0,0.62877107,1,dept_225_closure_2021-02-09,2021-03-01,2021-03,2,1,0.2,567770|225|2021-02-09,0.07172826199287807,0.0
571386,225,2021-02-09,2021-02-18,10,control,0,0.96353066,1,dept_225_closure_2021-02-09,2021-03-01,2021-03,2,1,0.3,571386|225|2021-02-09,0.40648785199287807,0.0
572458,225,2021-02-09,2021-02-18,10,control,0,0.3980757,0,dept_225_closure_2021-02-09,2021-03-01,2021-03,2,1,0.0,572458|225|2021-02-09,-0.15896710800712194,0.0
573090,225,2021-02-09,2021-02-18,10,control,0,0.5859904,1,dept_225_closure_2021-02-09,2021-03-01,2021-03,2,1,0.1,573090|225|2021-02-09,0.028947591992878108,0.0
573893,225,2021-02-09,2021-02-18,10,control,0,0.9229414,1,dept_225_closure_2021-02-09,2021-03-01,2021-03,2,1,0.3,573893|225|2021-02-09,0.3658985919928781,0.0
574692,225,2021-02-09,2021-02-18,10,treatment,1,0.7166413,1,dept_225_closure_2021-02-09,2021-03-01,2021-03,2,1,0.0,574692|225|2021-02-09,0.15959849199287812,0.0
574768,225,2021-02-09,2021-02-18,10,control,0,0.17151837,0,dept_225_closure_2021-02-09,2021-03-01,2021-03,2,1,0.0,574768|225|2021-02-09,-0.3855244380071219,0.0
576266,225,2021-02-09,2021-02-18,10,control,0,0.086030245,0,dept_225_closure_2021-02-09,2021-03-01,2021-03,2,1,0.0,576266|225|2021-02-09,-0.4710125630071219,0.0
576524,225,2021-02-09,2021-02-18,10,control,0,0.7010925,1,dept_225_closure_2021-02-09,2021-03-01,2021-03,2,1,0.2,576524|225|2021-02-09,0.1440496919928781,0.0
577047,225,2021-02-09,2021-02-18,10,control,0,0.30385533,0,dept_225_closure_2021-02-09,2021-03-01,2021-03,2,1,0.0,577047|225|2021-02-09,-0.25318747800712194,0.0
577615,225,2021-02-09,2021-02-18,10,control,0,0.9983777,1,dept_225_closure_2021-02-09,2021-03-01,2021-03,2,1,0.8,577615|225|2021-02-09,0.4413348919928781,0.0
578177,225,2021-02-09,2021-02-18,10,control,0,0.58630294,1,dept_225_closure_2021-02-09,2021-03-01,2021-03,2,1,0.4,578177|225|2021-02-09,0.029260131992878136,0.0
579009,225,2021-02-09,2021-02-18,10,control,0,0.5416368,1,dept_225_closure_2021-02-09,2021-03-01,2021-03,2,1,0.0,579009|225|2021-02-09,-0.015406008007121885,0.0
579184,225,2021-02-09,2021-02-18,10,control,0,0.9151821,1,dept_225_closure_2021-02-09,2021-03-01,2021-03,2,1,0.3,579184|225|2021-02-09,0.3581392919928781,0.0
579185,225,2021-02-09,2021-02-18,10,control,0,0.036937717,0,dept_225_closure_2021-02-09,2021-03-01,2021-03,2,1,0.0,579185|225|2021-02-09,-0.5201050910071219,0.0
579307,225,2021-02-09,2021-02-18,10,control,0,0.44333464,0,dept_225_closure_2021-02-09,2021-03-01,2021-03,2,1,0.2,579307|225|2021-02-09,-0.11370816800712191,0.0
579513,225,2021-02-09,2021-02-18,10,control,0,0.1074986,0,dept_225_closure_2021-02-09,2021-03-01,2021-03,2,1,0.1,579513|225|2021-02-09,-0.4495442080071219,0.0
580036,225,2021-02-09,2021-02-18,10,control,0,0.9754841,1,dept_225_closure_2021-02-09,2021-03-01,2021-03,2,1,0.3,580036|225|2021-02-09,0.41844129199287805,0.0
581023,225,2021-02-09,2021-02-18,10,control,0,0.8595541,1,dept_225_closure_2021-02-09,2021-03-01,2021-03,2,1,0.4,581023|225|2021-02-09,0.3025112919928781,0.0
581025,225,2021-02-09,2021-02-18,10,control,0,0.6973182,1,dept_225_closure_2021-02-09,2021-03-01,2021-03,2,1,0.5,581025|225|2021-02-09,0.14027539199287808,0.0
582014,225,2021-02-09,2021-02-18,10,control,0,0.3974963,0,dept_225_closure_2021-02-09,2021-03-01,2021-03,2,1,0.0,582014|225|2021-02-09,-0.1595465080071219,0.0
584199,225,2021-02-09,2021-02-18,10,treatment,1,0.27034467,0,dept_225_closure_2021-02-09,2021-03-01,2021-03,2,1,0.2,584199|225|2021-02-09,-0.2866981380071219,0.0
585070,225,2021-02-09,2021-02-18,10,control,0,0.99814796,1,dept_225_closure_2021-02-09,2021-03-01,2021-03,2,1,0.3,585070|225|2021-02-09,0.44110515199287803,0.0
585492,225,2021-02-09,2021-02-18,10,control,0,0.33447573,0,dept_225_closure_2021-02-09,2021-03-01,2021-03,2,1,0.4,585492|225|2021-02-09,-0.2225670780071219,0.0
585655,225,2021-02-09,2021-02-18,10,control,0,0.35462213,0,dept_225_closure_2021-02-09,2021-03-01,2021-03,2,1,0.0,585655|225|2021-02-09,-0.20242067800712193,0.0
585821,225,2021-02-09,2021-02-18,10,control,0,0.5222112,1,dept_225_closure_2021-02-09,2021-03-01,2021-03,2,1,0.2,585821|225|2021-02-09,-0.03483160800712193,0.0
585917,225,2021-02-09,2021-02-18,10,treatment,1,0.7722433,1,dept_225_closure_2021-02-09,2021-03-01,2021-03,2,1,0.2,585917|225|2021-02-09,0.21520049199287805,0.0
586381,225,2021-02-09,2021-02-18,10,control,0,0.6838527,1,dept_225_closure_2021-02-09,2021-03-01,2021-03,2,1,0.0,586381|225|2021-02-09,0.12680989199287807,0.0
586838,225,2021-02-09,2021-02-18,10,control,0,0.09217,0,dept_225_closure_2021-02-09,2021-03-01,2021-03,2,1,0.0,586838|225|2021-02-09,-0.46487280800712194,0.0
586917,225,2021-02-09,2021-02-18,10,control,0,0.8840651,1,dept_225_closure_2021-02-09,2021-03-01,2021-03,2,1,0.0,586917|225|2021-02-09,0.32702229199287813,0.0
587297,225,2021-02-09,2021-02-18,10,control,0,0.6928022,1,dept_225_closure_2021-02-09,2021-03-01,2021-03,2,1,0.0,587297|225|2021-02-09,0.13575939199287812,0.0
588026,225,2021-02-09,2021-02-18,10,control,0,0.88820606,1,dept_225_closure_2021-02-09,2021-03-01,2021-03,2,1,0.2,588026|225|2021-02-09,0.3311632519928781,0.0
590947,225,2021-02-09,2021-02-18,10,control,0,0.36585534,0,dept_225_closure_2021-02-09,2021-03-01,2021-03,2,1,0.0,590947|225|2021-02-09,-0.19118746800712194,0.0
591732,225,2021-02-09,2021-02-18,10,control,0,0.16594023,0,dept_225_closure_2021-02-09,2021-03-01,2021-03,2,1,0.0,591732|225|2021-02-09,-0.3911025780071219,0.0
591781,225,2021-02-09,2021-02-18,10,treatment,1,0.9292462,1,dept_225_closure_2021-02-09,2021-03-01,2021-03,2,1,0.0,591781|225|2021-02-09,0.3722033919928781,0.0
592312,225,2021-02-09,2021-02-18,10,control,0,0.4578142,0,dept_225_closure_2021-02-09,2021-03-01,2021-03,2,1,0.1,592312|225|2021-02-09,-0.09922860800712191,0.0
594345,225,2021-02-09,2021-02-18,10,control,0,0.90433824,1,dept_225_closure_2021-02-09,2021-03-01,2021-03,2,1,0.2,594345|225|2021-02-09,0.34729543199287805,0.0
596114,225,2021-02-09,2021-02-18,10,control,0,0.4531059,0,dept_225_closure_2021-02-09,2021-03-01,2021-03,2,1,0.0,596114|225|2021-02-09,-0.10393690800712191,0.0
597674,225,2021-02-09,2021-02-18,10,control,0,0.49089986,0,dept_225_closure_2021-02-09,2021-03-01,2021-03,2,1,0.0,597674|225|2021-02-09,-0.0661429480071219,0.0
598660,225,2021-02-09,2021-02-18,10,treatment,1,0.8296651,1,dept_225_closure_2021-02-09,2021-03-01,2021-03,2,1,0.2,598660|225|2021-02-09,0.27262229199287813,0.0
600117,225,2021-02-09,2021-02-18,10,control,0,0.25992393,0,dept_225_closure_2021-02-09,2021-03-01,2021-03,2,1,0.1,600117|225|2021-02-09,-0.2971188780071219,0.0
602666,225,2021-02-09,2021-02-18,10,control,0,0.73606884,1,dept_225_closure_2021-02-09,2021-03-01,2021-03,2,1,0.0,602666|225|2021-02-09,0.17902603199287803,0.0
602851,225,2021-02-09,2021-02-18,10,control,0,0.13497908,0,dept_225_closure_2021-02-09,2021-03-01,2021-03,2,1,0.0,602851|225|2021-02-09,-0.4220637280071219,0.0
603710,225,2021-02-09,2021-02-18,10,control,0,0.97727966,1,dept_225_closure_2021-02-09,2021-03-01,2021-03,2,1,0.4,603710|225|2021-02-09,0.4202368519928781,0.0
604161,225,2021-02-09,2021-02-18,10,control,0,0.46132925,0,dept_225_closure_2021-02-09,2021-03-01,2021-03,2,1,0.0,604161|225|2021-02-09,-0.09571355800712189,0.0
604570,225,2021-02-09,2021-02-18,10,control,0,0.4378647,0,dept_225_closure_2021-02-09,2021-03-01,2021-03,2,1,0.0,604570|225|2021-02-09,-0.11917810800712192,0.0
604822,225,2021-02-09,2021-02-18,10,control,0,0.9733655,1,dept_225_closure_2021-02-09,2021-03-01,2021-03,2,1,0.3,604822|225|2021-02-09,0.4163226919928781,0.0
605970,225,2021-02-09,2021-02-18,10,control,0,0.1305402,0,dept_225_closure_2021-02-09,2021-03-01,2021-03,2,1,0.1,605970|225|2021-02-09,-0.4265026080071219,0.0
606706,225,2021-02-09,2021-02-18,10,control,0,0.95972395,1,dept_225_closure_2021-02-09,2021-03-01,2021-03,2,1,0.0,606706|225|2021-02-09,0.4026811419928781,0.0
608501,225,2021-02-09,2021-02-18,10,control,0,0.50560063,1,dept_225_closure_2021-02-09,2021-03-01,2021-03,2,1,0.2,608501|225|2021-02-09,-0.05144217800712192,0.0
610259,225,2021-02-09,2021-02-18,10,control,0,0.36856622,0,dept_225_closure_2021-02-09,2021-03-01,2021-03,2,1,0.0,610259|225|2021-02-09,-0.18847658800712191,0.0
611223,225,2021-02-09,2021-02-18,10,control,0,0.96206176,1,dept_225_closure_2021-02-09,2021-03-01,2021-03,2,1,0.1,611223|225|2021-02-09,0.4050189519928781,0.0
611759,225,2021-02-09,2021-02-18,10,control,0,0.06267964,0,dept_225_closure_2021-02-09,2021-03-01,2021-03,2,1,0.0,611759|225|2021-02-09,-0.49436316800712193,0.0
611888,225,2021-02-09,2021-02-18,10,treatment,1,0.7637555,1,dept_225_closure_2021-02-09,2021-03-01,2021-03,2,1,0.0,611888|225|2021-02-09,0.20671269199287812,0.0
616748,225,2021-02-09,2021-02-18,10,control,0,0.93410015,1,dept_225_closure_2021-02-09,2021-03-01,2021-03,2,1,0.0,616748|225|2021-02-09,0.3770573419928781,0.0
620285,225,2021-02-09,2021-02-18,10,control,0,0.07193528,0,dept_225_closure_2021-02-09,2021-03-01,2021-03,2,1,0.4,620285|225|2021-02-09,-0.4851075280071219,0.0
621701,225,2021-02-09,2021-02-18,10,control,0,0.8712767,1,dept_225_closure_2021-02-09,2021-03-01,2021-03,2,1,0.1,621701|225|2021-02-09,0.3142338919928781,0.0
621703,225,2021-02-09,2021-02-18,10,control,0,0.8133465,1,dept_225_closure_2021-02-09,2021-03-01,2021-03,2,1,0.0,621703|225|2021-02-09,0.25630369199287806,0.0
621708,225,2021-02-09,2021-02-18,10,control,0,0.9617935,1,dept_225_closure_2021-02-09,2021-03-01,2021-03,2,1,0.1,621708|225|2021-02-09,0.40475069199287805,0.0
622002,225,2021-02-09,2021-02-18,10,control,0,0.6602533,1,dept_225_closure_2021-02-09,2021-03-01,2021-03,2,1,0.2,622002|225|2021-02-09,0.10321049199287813,0.0
622452,225,2021-02-09,2021-02-18,10,control,0,0.42704433,0,dept_225_closure_2021-02-09,2021-03-01,2021-03,2,1,0.0,622452|225|2021-02-09,-0.1299984780071219,0.0
624749,225,2021-02-09,2021-02-18,10,control,0,0.25263858,0,dept_225_closure_2021-02-09,2021-03-01,2021-03,2,1,0.0,624749|225|2021-02-09,-0.3044042280071219,0.0
624852,225,2021-02-09,2021-02-18,10,treatment,1,0.4284098,0,dept_225_closure_2021-02-09,2021-03-01,2021-03,2,1,0.0,624852|225|2021-02-09,-0.1286330080071219,0.0
625308,225,2021-02-09,2021-02-18,10,control,0,0.5906653,1,dept_225_closure_2021-02-09,2021-03-01,2021-03,2,1,0.1,625308|225|2021-02-09,0.033622491992878034,0.0
625392,225,2021-02-09,2021-02-18,10,control,0,0.63225067,1,dept_225_closure_2021-02-09,2021-03-01,2021-03,2,1,0.1,625392|225|2021-02-09,0.0752078619928781,0.0
625984,225,2021-02-09,2021-02-18,10,control,0,0.5534443,1,dept_225_closure_2021-02-09,2021-03-01,2021-03,2,1,0.0,625984|225|2021-02-09,-0.0035985080071219144,0.0
627167,225,2021-02-09,2021-02-18,10,control,0,0.332687,0,dept_225_closure_2021-02-09,2021-03-01,2021-03,2,1,0.1,627167|225|2021-02-09,-0.2243558080071219,0.0
627225,225,2021-02-09,2021-02-18,10,control,0,0.9010184,1,dept_225_closure_2021-02-09,2021-03-01,2021-03,2,1,0.1,627225|225|2021-02-09,0.3439755919928781,0.0
627408,225,2021-02-09,2021-02-18,10,control,0,0.85890085,1,dept_225_closure_2021-02-09,2021-03-01,2021-03,2,1,0.3,627408|225|2021-02-09,0.30185804199287813,0.0
627763,225,2021-02-09,2021-02-18,10,control,0,0.5826646,1,dept_225_closure_2021-02-09,2021-03-01,2021-03,2,1,0.2,627763|225|2021-02-09,0.025621791992878062,0.0
628462,225,2021-02-09,2021-02-18,10,control,0,0.2905661,0,dept_225_closure_2021-02-09,2021-03-01,2021-03,2,1,0.2,628462|225|2021-02-09,-0.2664767080071219,0.0
631042,225,2021-02-09,2021-02-18,10,treatment,1,0.82386595,1,dept_225_closure_2021-02-09,2021-03-01,2021-03,2,1,0.2,631042|225|2021-02-09,0.26682314199287804,0.0
631725,225,2021-02-09,2021-02-18,10,control,0,0.27820736,0,dept_225_closure_2021-02-09,2021-03-01,2021-03,2,1,0.2,631725|225|2021-02-09,-0.2788354480071219,0.0
632138,225,2021-02-09,2021-02-18,10,control,0,0.45328057,0,dept_225_closure_2021-02-09,2021-03-01,2021-03,2,1,0.0,632138|225|2021-02-09,-0.10376223800712192,0.0
632258,225,2021-02-09,2021-02-18,10,control,0,0.9607414,1,dept_225_closure_2021-02-09,2021-03-01,2021-03,2,1,0.4,632258|225|2021-02-09,0.40369859199287805,0.0
634605,225,2021-02-09,2021-02-18,10,control,0,0.8398513,1,dept_225_closure_2021-02-09,2021-03-01,2021-03,2,1,0.0,634605|225|2021-02-09,0.28280849199287805,0.0
636399,225,2021-02-09,2021-02-18,10,control,0,0.8788353,1,dept_225_closure_2021-02-09,2021-03-01,2021-03,2,1,0.4,636399|225|2021-02-09,0.32179249199287807,0.0
639151,225,2021-02-09,2021-02-18,10,control,0,0.039711274,0,dept_225_closure_2021-02-09,2021-03-01,2021-03,2,1,0.2,639151|225|2021-02-09,-0.517331534007122,0.0
639396,225,2021-02-09,2021-02-18,10,control,0,0.111425295,0,dept_225_closure_2021-02-09,2021-03-01,2021-03,2,1,0.0,639396|225|2021-02-09,-0.44561751300712193,0.0
639953,225,2021-02-09,2021-02-18,10,control,0,0.7804247,1,dept_225_closure_2021-02-09,2021-03-01,2021-03,2,1,0.0,639953|225|2021-02-09,0.22338189199287806,0.0
640512,225,2021-02-09,2021-02-18,10,control,0,0.20313406,0,dept_225_closure_2021-02-09,2021-03-01,2021-03,2,1,0.0,640512|225|2021-02-09,-0.3539087480071219,0.0
640845,225,2021-02-09,2021-02-18,10,control,0,0.99919397,1,dept_225_closure_2021-02-09,2021-03-01,2021-03,2,1,0.0,640845|225|2021-02-09,0.4421511619928781,0.0
641789,225,2021-02-09,2021-02-18,10,control,0,0.46111363,0,dept_225_closure_2021-02-09,2021-03-01,2021-03,2,1,0.0,641789|225|2021-02-09,-0.09592917800712192,0.0
642726,225,2021-02-09,2021-02-18,10,control,0,0.8754994,1,dept_225_closure_2021-02-09,2021-03-01,2021-03,2,1,0.4,642726|225|2021-02-09,0.3184565919928781,0.0
642742,225,2021-02-09,2021-02-18,10,control,0,0.45168057,0,dept_225_closure_2021-02-09,2021-03-01,2021-03,2,1,0.0,642742|225|2021-02-09,-0.10536223800712191,0.0
644630,225,2021-02-09,2021-02-18,10,control,0,0.23972027,0,dept_225_closure_2021-02-09,2021-03-01,2021-03,2,1,0.1,644630|225|2021-02-09,-0.3173225380071219,0.0
644702,225,2021-02-09,2021-02-18,10,control,0,0.8360215,1,dept_225_closure_2021-02-09,2021-03-01,2021-03,2,1,0.4,644702|225|2021-02-09,0.27897869199287806,0.0
645363,225,2021-02-09,2021-02-18,10,control,0,0.8725744,1,dept_225_closure_2021-02-09,2021-03-01,2021-03,2,1,0.1,645363|225|2021-02-09,0.31553159199287806,0.0
645944,225,2021-02-09,2021-02-18,10,treatment,1,0.99819547,1,dept_225_closure_2021-02-09,2021-03-01,2021-03,2,1,0.5,645944|225|2021-02-09,0.44115266199287806,0.0
646261,225,2021-02-09,2021-02-18,10,control,0,0.5575733,1,dept_225_closure_2021-02-09,2021-03-01,2021-03,2,1,0.0,646261|225|2021-02-09,0.0005304919928781349,0.0
646657,225,2021-02-09,2021-02-18,10,treatment,1,0.21721593,0,dept_225_closure_2021-02-09,2021-03-01,2021-03,2,1,0.0,646657|225|2021-02-09,-0.3398268780071219,0.0
649551,225,2021-02-09,2021-02-18,10,control,0,0.021113366,0,dept_225_closure_2021-02-09,2021-03-01,2021-03,2,1,0.0,649551|225|2021-02-09,-0.5359294420071219,0.0
649840,225,2021-02-09,2021-02-18,10,control,0,0.67450595,1,dept_225_closure_2021-02-09,2021-03-01,2021-03,2,1,0.0,649840|225|2021-02-09,0.1174631419928781,0.0
651091,225,2021-02-09,2021-02-18,10,control,0,0.5026581,1,dept_225_closure_2021-02-09,2021-03-01,2021-03,2,1,0.2,651091|225|2021-02-09,-0.05438470800712192,0.0
651339,225,2021-02-09,2021-02-18,10,control,0,0.65272504,1,dept_225_closure_2021-02-09,2021-03-01,2021-03,2,1,0.3,651339|225|2021-02-09,0.09568223199287806,0.0
651713,225,2021-02-09,2021-02-18,10,control,0,0.96742,1,dept_225_closure_2021-02-09,2021-03-01,2021-03,2,1,0.3,651713|225|2021-02-09,0.41037719199287803,0.0
653758,225,2021-02-09,2021-02-18,10,control,0,0.5240128,1,dept_225_closure_2021-02-09,2021-03-01,2021-03,2,1,0.1,653758|225|2021-02-09,-0.03303000800712197,0.0
654099,225,2021-02-09,2021-02-18,10,control,0,0.856423,1,dept_225_closure_2021-02-09,2021-03-01,2021-03,2,1,0.4,654099|225|2021-02-09,0.29938019199287813,0.0
654850,225,2021-02-09,2021-02-18,10,control,0,0.019117346,0,dept_225_closure_2021-02-09,2021-03-01,2021-03,2,1,0.0,654850|225|2021-02-09,-0.5379254620071219,0.0
655704,225,2021-02-09,2021-02-18,10,control,0,0.6690431,1,dept_225_closure_2021-02-09,2021-03-01,2021-03,2,1,0.0,655704|225|2021-02-09,0.11200029199287809,0.0
656521,225,2021-02-09,2021-02-18,10,treatment,1,0.04669351,0,dept_225_closure_2021-02-09,2021-03-01,2021-03,2,1,0.3,656521|225|2021-02-09,-0.5103492980071219,0.0
658662,225,2021-02-09,2021-02-18,10,control,0,0.53507197,1,dept_225_closure_2021-02-09,2021-03-01,2021-03,2,1,0.0,658662|225|2021-02-09,-0.021970838007121962,0.0
659493,225,2021-02-09,2021-02-18,10,control,0,0.42869598,0,dept_225_closure_2021-02-09,2021-03-01,2021-03,2,1,0.2,659493|225|2021-02-09,-0.12834682800712194,0.0
659772,225,2021-02-09,2021-02-18,10,control,0,0.39867225,0,dept_225_closure_2021-02-09,2021-03-01,2021-03,2,1,0.1,659772|225|2021-02-09,-0.1583705580071219,0.0
659815,225,2021-02-09,2021-02-18,10,control,0,0.9385042,1,dept_225_closure_2021-02-09,2021-03-01,2021-03,2,1,0.5,659815|225|2021-02-09,0.3814613919928781,0.0
659817,225,2021-02-09,2021-02-18,10,control,0,0.3824475,0,dept_225_closure_2021-02-09,2021-03-01,2021-03,2,1,0.0,659817|225|2021-02-09,-0.17459530800712192,0.0
660265,225,2021-02-09,2021-02-18,10,treatment,1,0.9978644,1,dept_225_closure_2021-02-09,2021-03-01,2021-03,2,1,0.5,660265|225|2021-02-09,0.44082159199287807,0.0
660305,225,2021-02-09,2021-02-18,10,control,0,0.96064216,1,dept_225_closure_2021-02-09,2021-03-01,2021-03,2,1,0.2,660305|225|2021-02-09,0.4035993519928781,0.0
661284,225,2021-02-09,2021-02-18,10,control,0,0.07477712,0,dept_225_closure_2021-02-09,2021-03-01,2021-03,2,1,0.0,661284|225|2021-02-09,-0.4822656880071219,0.0
662869,225,2021-02-09,2021-02-18,10,control,0,0.32152742,0,dept_225_closure_2021-02-09,2021-03-01,2021-03,2,1,0.3,662869|225|2021-02-09,-0.2355153880071219,0.0
663102,225,2021-02-09,2021-02-18,10,control,0,0.9994822,1,dept_225_closure_2021-02-09,2021-03-01,2021-03,2,1,0.8,663102|225|2021-02-09,0.4424393919928781,0.0
663426,225,2021-02-09,2021-02-18,10,control,0,0.7689014,1,dept_225_closure_2021-02-09,2021-03-01,2021-03,2,1,0.2,663426|225|2021-02-09,0.21185859199287804,0.0
664086,225,2021-02-09,2021-02-18,10,treatment,1,0.9762654,1,dept_225_closure_2021-02-09,2021-03-01,2021-03,2,1,0.5,664086|225|2021-02-09,0.41922259199287804,0.0
665178,225,2021-02-09,2021-02-18,10,control,0,0.9335816,1,dept_225_closure_2021-02-09,2021-03-01,2021-03,2,1,0.3,665178|225|2021-02-09,0.3765387919928781,0.0
666035,225,2021-02-09,2021-02-18,10,control,0,0.12785643,0,dept_225_closure_2021-02-09,2021-03-01,2021-03,2,1,0.1,666035|225|2021-02-09,-0.4291863780071219,0.0
667668,225,2021-02-09,2021-02-18,10,control,0,0.99883133,1,dept_225_closure_2021-02-09,2021-03-01,2021-03,2,1,0.2,667668|225|2021-02-09,0.4417885219928781,0.0
667898,225,2021-02-09,2021-02-18,10,treatment,1,0.4353089,0,dept_225_closure_2021-02-09,2021-03-01,2021-03,2,1,0.1,667898|225|2021-02-09,-0.12173390800712192,0.0
668285,225,2021-02-09,2021-02-18,10,treatment,1,0.5645258,1,dept_225_closure_2021-02-09,2021-03-01,2021-03,2,1,0.1,668285|225|2021-02-09,0.007482991992878052,0.0
668291,225,2021-02-09,2021-02-18,10,control,0,0.6522144,1,dept_225_closure_2021-02-09,2021-03-01,2021-03,2,1,0.2,668291|225|2021-02-09,0.09517159199287806,0.0
669422,225,2021-02-09,2021-02-18,10,control,0,0.67992234,1,dept_225_closure_2021-02-09,2021-03-01,2021-03,2,1,0.0,669422|225|2021-02-09,0.12287953199287804,0.0
669423,225,2021-02-09,2021-02-18,10,control,0,0.7847244,1,dept_225_closure_2021-02-09,2021-03-01,2021-03,2,1,0.1,669423|225|2021-02-09,0.22768159199287807,0.0
670295,225,2021-02-09,2021-02-18,10,control,0,0.41161156,0,dept_225_closure_2021-02-09,2021-03-01,2021-03,2,1,0.1,670295|225|2021-02-09,-0.14543124800712193,0.0
670764,225,2021-02-09,2021-02-18,10,control,0,0.30633968,0,dept_225_closure_2021-02-09,2021-03-01,2021-03,2,1,0.1,670764|225|2021-02-09,-0.2507031280071219,0.0
671754,225,2021-02-09,2021-02-18,10,control,0,0.6846134,1,dept_225_closure_2021-02-09,2021-03-01,2021-03,2,1,0.1,671754|225|2021-02-09,0.12757059199287812,0.0
671815,225,2021-02-09,2021-02-18,10,control,0,0.9897882,1,dept_225_closure_2021-02-09,2021-03-01,2021-03,2,1,0.4,671815|225|2021-02-09,0.4327453919928781,0.0
673621,225,2021-02-09,2021-02-18,10,treatment,1,0.7729736,1,dept_225_closure_2021-02-09,2021-03-01,2021-03,2,1,0.1,673621|225|2021-02-09,0.21593079199287812,0.0
674341,225,2021-02-09,2021-02-18,10,treatment,1,0.8209035,1,dept_225_closure_2021-02-09,2021-03-01,2021-03,2,1,0.3,674341|225|2021-02-09,0.2638606919928781,0.0
674672,225,2021-02-09,2021-02-18,10,control,0,0.34065872,0,dept_225_closure_2021-02-09,2021-03-01,2021-03,2,1,0.0,674672|225|2021-02-09,-0.2163840880071219,0.0
674694,225,2021-02-09,2021-02-18,10,control,0,0.19335683,0,dept_225_closure_2021-02-09,2021-03-01,2021-03,2,1,0.1,674694|225|2021-02-09,-0.3636859780071219,0.0
675858,225,2021-02-09,2021-02-18,10,control,0,0.8422513,1,dept_225_closure_2021-02-09,2021-03-01,2021-03,2,1,0.3,675858|225|2021-02-09,0.2852084919928781,0.0
676812,225,2021-02-09,2021-02-18,10,control,0,0.99570435,1,dept_225_closure_2021-02-09,2021-03-01,2021-03,2,1,0.5,676812|225|2021-02-09,0.4386615419928781,0.0
677026,225,2021-02-09,2021-02-18,10,control,0,0.7089428,1,dept_225_closure_2021-02-09,2021-03-01,2021-03,2,1,0.0,677026|225|2021-02-09,0.15189999199287807,0.0
677257,225,2021-02-09,2021-02-18,10,control,0,0.975809,1,dept_225_closure_2021-02-09,2021-03-01,2021-03,2,1,0.2,677257|225|2021-02-09,0.4187661919928781,0.0
678901,225,2021-02-09,2021-02-18,10,control,0,0.9979645,1,dept_225_closure_2021-02-09,2021-03-01,2021-03,2,1,0.2,678901|225|2021-02-09,0.4409216919928781,0.0
679712,225,2021-02-09,2021-02-18,10,control,0,0.81729364,1,dept_225_closure_2021-02-09,2021-03-01,2021-03,2,1,0.1,679712|225|2021-02-09,0.26025083199287813,0.0
681513,225,2021-02-09,2021-02-18,10,control,0,0.059593797,0,dept_225_closure_2021-02-09,2021-03-01,2021-03,2,1,0.0,681513|225|2021-02-09,-0.4974490110071219,0.0
684601,225,2021-02-09,2021-02-18,10,control,0,0.61403507,1,dept_225_closure_2021-02-09,2021-03-01,2021-03,2,1,0.0,684601|225|2021-02-09,0.0569922619928781,0.0
687008,225,2021-02-09,2021-02-18,10,control,0,0.5195646,1,dept_225_closure_2021-02-09,2021-03-01,2021-03,2,1,0.0,687008|225|2021-02-09,-0.03747820800712187,0.0
687150,225,2021-02-09,2021-02-18,10,control,0,0.876868,1,dept_225_closure_2021-02-09,2021-03-01,2021-03,2,1,0.0,687150|225|2021-02-09,0.31982519199287807,0.0
687897,225,2021-02-09,2021-02-18,10,control,0,0.21601102,0,dept_225_closure_2021-02-09,2021-03-01,2021-03,2,1,0.0,687897|225|2021-02-09,-0.3410317880071219,0.0
688637,225,2021-02-09,2021-02-18,10,control,0,0.7733657,1,dept_225_closure_2021-02-09,2021-03-01,2021-03,2,1,0.1,688637|225|2021-02-09,0.21632289199287813,0.0
690589,225,2021-02-09,2021-02-18,10,control,0,0.5553213,1,dept_225_closure_2021-02-09,2021-03-01,2021-03,2,1,0.0,690589|225|2021-02-09,-0.0017215080071218969,0.0
691229,225,2021-02-09,2021-02-18,10,treatment,1,0.89693713,1,dept_225_closure_2021-02-09,2021-03-01,2021-03,2,1,0.1,691229|225|2021-02-09,0.33989432199287806,0.0
691713,225,2021-02-09,2021-02-18,10,control,0,0.8633706,1,dept_225_closure_2021-02-09,2021-03-01,2021-03,2,1,0.4,691713|225|2021-02-09,0.3063277919928781,0.0
693271,225,2021-02-09,2021-02-18,10,control,0,0.12999293,0,dept_225_closure_2021-02-09,2021-03-01,2021-03,2,1,0.1,693271|225|2021-02-09,-0.4270498780071219,0.0
695757,225,2021-02-09,2021-02-18,10,control,0,0.13072701,0,dept_225_closure_2021-02-09,2021-03-01,2021-03,2,1,0.0,695757|225|2021-02-09,-0.42631579800712194,0.0
696610,225,2021-02-09,2021-02-18,10,control,0,0.1768223,0,dept_225_closure_2021-02-09,2021-03-01,2021-03,2,1,0.1,696610|225|2021-02-09,-0.3802205080071219,0.0
697233,225,2021-02-09,2021-02-18,10,control,0,0.94105333,1,dept_225_closure_2021-02-09,2021-03-01,2021-03,2,1,0.2,697233|225|2021-02-09,0.3840105219928781,0.0
697512,225,2021-02-09,2021-02-18,10,control,0,0.5605776,1,dept_225_closure_2021-02-09,2021-03-01,2021-03,2,1,0.1,697512|225|2021-02-09,0.0035347919928780946,0.0
697894,225,2021-02-09,2021-02-18,10,control,0,0.79817176,1,dept_225_closure_2021-02-09,2021-03-01,2021-03,2,1,0.0,697894|225|2021-02-09,0.2411289519928781,0.0
697973,225,2021-02-09,2021-02-18,10,control,0,0.18501806,0,dept_225_closure_2021-02-09,2021-03-01,2021-03,2,1,0.0,697973|225|2021-02-09,-0.37202474800712193,0.0
701848,225,2021-02-09,2021-02-18,10,control,0,0.8108951,1,dept_225_closure_2021-02-09,2021-03-01,2021-03,2,1,0.2,701848|225|2021-02-09,0.25385229199287807,0.0
702986,225,2021-02-09,2021-02-18,10,control,0,0.1872149,0,dept_225_closure_2021-02-09,2021-03-01,2021-03,2,1,0.0,702986|225|2021-02-09,-0.36982790800712195,0.0
703120,225,2021-02-09,2021-02-18,10,control,0,0.85229796,1,dept_225_closure_2021-02-09,2021-03-01,2021-03,2,1,0.1,703120|225|2021-02-09,0.2952551519928781,0.0
704201,225,2021-02-09,2021-02-18,10,control,0,0.94005144,1,dept_225_closure_2021-02-09,2021-03-01,2021-03,2,1,0.2,704201|225|2021-02-09,0.38300863199287805,0.0
704382,225,2021-02-09,2021-02-18,10,treatment,1,0.016092248,0,dept_225_closure_2021-02-09,2021-03-01,2021-03,2,1,0.0,704382|225|2021-02-09,-0.5409505600071219,0.0
705285,225,2021-02-09,2021-02-18,10,control,0,0.15315053,0,dept_225_closure_2021-02-09,2021-03-01,2021-03,2,1,0.0,705285|225|2021-02-09,-0.4038922780071219,0.0
708489,225,2021-02-09,2021-02-18,10,control,0,0.7237068,1,dept_225_closure_2021-02-09,2021-03-01,2021-03,2,1,0.1,708489|225|2021-02-09,0.16666399199287807,0.0
708585,225,2021-02-09,2021-02-18,10,control,0,0.19762886,0,dept_225_closure_2021-02-09,2021-03-01,2021-03,2,1,0.0,708585|225|2021-02-09,-0.3594139480071219,0.0
708791,225,2021-02-09,2021-02-18,10,treatment,1,0.1377391,0,dept_225_closure_2021-02-09,2021-03-01,2021-03,2,1,0.0,708791|225|2021-02-09,-0.4193037080071219,0.0
708892,225,2021-02-09,2021-02-18,10,control,0,0.18430051,0,dept_225_closure_2021-02-09,2021-03-01,2021-03,2,1,0.0,708892|225|2021-02-09,-0.3727422980071219,0.0
711028,225,2021-02-09,2021-02-18,10,control,0,0.8355796,1,dept_225_closure_2021-02-09,2021-03-01,2021-03,2,1,0.0,711028|225|2021-02-09,0.27853679199287806,0.0
711047,225,2021-02-09,2021-02-18,10,control,0,0.034083992,0,dept_225_closure_2021-02-09,2021-03-01,2021-03,2,1,0.0,711047|225|2021-02-09,-0.5229588160071219,0.0
713527,225,2021-02-09,2021-02-18,10,control,0,0.09292669,0,dept_225_closure_2021-02-09,2021-03-01,2021-03,2,1,0.0,713527|225|2021-02-09,-0.46411611800712194,0.0
713855,225,2021-02-09,2021-02-18,10,control,0,0.85167867,1,dept_225_closure_2021-02-09,2021-03-01,2021-03,2,1,0.5,713855|225|2021-02-09,0.29463586199287806,0.0
713958,225,2021-02-09,2021-02-18,10,control,0,0.49726006,0,dept_225_closure_2021-02-09,2021-03-01,2021-03,2,1,0.0,713958|225|2021-02-09,-0.05978274800712191,0.0
715131,225,2021-02-09,2021-02-18,10,control,0,0.92389244,1,dept_225_closure_2021-02-09,2021-03-01,2021-03,2,1,0.5,715131|225|2021-02-09,0.3668496319928781,0.0
716396,225,2021-02-09,2021-02-18,10,control,0,0.8428176,1,dept_225_closure_2021-02-09,2021-03-01,2021-03,2,1,0.5,716396|225|2021-02-09,0.28577479199287803,0.0
717293,225,2021-02-09,2021-02-18,10,control,0,0.25332803,0,dept_225_closure_2021-02-09,2021-03-01,2021-03,2,1,0.2,717293|225|2021-02-09,-0.30371477800712193,0.0
718498,225,2021-02-09,2021-02-18,10,control,0,0.601293,1,dept_225_closure_2021-02-09,2021-03-01,2021-03,2,1,0.0,718498|225|2021-02-09,0.04425019199287805,0.0
718943,225,2021-02-09,2021-02-18,10,control,0,0.22585094,0,dept_225_closure_2021-02-09,2021-03-01,2021-03,2,1,0.0,718943|225|2021-02-09,-0.3311918680071219,0.0
723445,225,2021-02-09,2021-02-18,10,control,0,0.8507281,1,dept_225_closure_2021-02-09,2021-03-01,2021-03,2,1,0.2,723445|225|2021-02-09,0.2936852919928781,0.0
723556,225,2021-02-09,2021-02-18,10,control,0,0.24095523,0,dept_225_closure_2021-02-09,2021-03-01,2021-03,2,1,0.1,723556|225|2021-02-09,-0.31608757800712195,0.0
723737,225,2021-02-09,2021-02-18,10,treatment,1,0.70999473,1,dept_225_closure_2021-02-09,2021-03-01,2021-03,2,1,0.0,723737|225|2021-02-09,0.1529519219928781,0.0
723885,225,2021-02-09,2021-02-18,10,control,0,0.39465505,0,dept_225_closure_2021-02-09,2021-03-01,2021-03,2,1,0.0,723885|225|2021-02-09,-0.1623877580071219,0.0
724040,225,2021-02-09,2021-02-18,10,treatment,1,0.9974916,1,dept_225_closure_2021-02-09,2021-03-01,2021-03,2,1,0.4,724040|225|2021-02-09,0.4404487919928781,0.0
725308,225,2021-02-09,2021-02-18,10,control,0,0.78447884,1,dept_225_closure_2021-02-09,2021-03-01,2021-03,2,1,0.0,725308|225|2021-02-09,0.2274360319928781,0.0
727705,225,2021-02-09,2021-02-18,10,control,0,0.05598491,0,dept_225_closure_2021-02-09,2021-03-01,2021-03,2,1,0.1,727705|225|2021-02-09,-0.5010578980071219,0.0
730581,225,2021-02-09,2021-02-18,10,control,0,0.72781026,1,dept_225_closure_2021-02-09,2021-03-01,2021-03,2,1,0.0,730581|225|2021-02-09,0.17076745199287813,0.0
733149,225,2021-02-09,2021-02-18,10,control,0,0.075182885,0,dept_225_closure_2021-02-09,2021-03-01,2021-03,2,1,0.0,733149|225|2021-02-09,-0.4818599230071219,0.0
733211,225,2021-02-09,2021-02-18,10,treatment,1,0.9522906,1,dept_225_closure_2021-02-09,2021-03-01,2021-03,2,1,0.6,733211|225|2021-02-09,0.3952477919928781,0.0
734143,225,2021-02-09,2021-02-18,10,control,0,0.46848992,0,dept_225_closure_2021-02-09,2021-03-01,2021-03,2,1,0.2,734143|225|2021-02-09,-0.08855288800712191,0.0
735208,225,2021-02-09,2021-02-18,10,control,0,0.731714,1,dept_225_closure_2021-02-09,2021-03-01,2021-03,2,1,0.1,735208|225|2021-02-09,0.17467119199287806,0.0
735282,225,2021-02-09,2021-02-18,10,control,0,0.6528534,1,dept_225_closure_2021-02-09,2021-03-01,2021-03,2,1,0.1,735282|225|2021-02-09,0.09581059199287811,0.0
735610,225,2021-02-09,2021-02-18,10,control,0,0.5116996,1,dept_225_closure_2021-02-09,2021-03-01,2021-03,2,1,0.0,735610|225|2021-02-09,-0.04534320800712188,0.0
735616,225,2021-02-09,2021-02-18,10,control,0,0.14503029,0,dept_225_closure_2021-02-09,2021-03-01,2021-03,2,1,0.0,735616|225|2021-02-09,-0.4120125180071219,0.0
735993,225,2021-02-09,2021-02-18,10,control,0,0.4518877,0,dept_225_closure_2021-02-09,2021-03-01,2021-03,2,1,0.0,735993|225|2021-02-09,-0.10515510800712191,0.0
736071,225,2021-02-09,2021-02-18,10,control,0,0.28720596,0,dept_225_closure_2021-02-09,2021-03-01,2021-03,2,1,0.3,736071|225|2021-02-09,-0.26983684800712193,0.0
736993,225,2021-02-09,2021-02-18,10,control,0,0.44273984,0,dept_225_closure_2021-02-09,2021-03-01,2021-03,2,1,0.1,736993|225|2021-02-09,-0.11430296800712192,0.0
737299,225,2021-02-09,2021-02-18,10,control,0,0.906086,1,dept_225_closure_2021-02-09,2021-03-01,2021-03,2,1,0.0,737299|225|2021-02-09,0.34904319199287803,0.0
737337,225,2021-02-09,2021-02-18,10,control,0,0.9937168,1,dept_225_closure_2021-02-09,2021-03-01,2021-03,2,1,0.0,737337|225|2021-02-09,0.43667399199287804,0.0
737407,225,2021-02-09,2021-02-18,10,control,0,0.7900126,1,dept_225_closure_2021-02-09,2021-03-01,2021-03,2,1,0.1,737407|225|2021-02-09,0.23296979199287804,0.0
737545,225,2021-02-09,2021-02-18,10,control,0,0.9986482,1,dept_225_closure_2021-02-09,2021-03-01,2021-03,2,1,0.4,737545|225|2021-02-09,0.44160539199287807,0.0
737560,225,2021-02-09,2021-02-18,10,control,0,0.30817884,0,dept_225_closure_2021-02-09,2021-03-01,2021-03,2,1,0.0,737560|225|2021-02-09,-0.2488639680071219,0.0
737581,225,2021-02-09,2021-02-18,10,control,0,0.79217803,1,dept_225_closure_2021-02-09,2021-03-01,2021-03,2,1,0.0,737581|225|2021-02-09,0.23513522199287806,0.0
737722,225,2021-02-09,2021-02-18,10,control,0,0.97656333,1,dept_225_closure_2021-02-09,2021-03-01,2021-03,2,1,0.9,737722|225|2021-02-09,0.41952052199287804,0.0
737761,225,2021-02-09,2021-02-18,10,control,0,0.007338932,0,dept_225_closure_2021-02-09,2021-03-01,2021-03,2,1,0.0,737761|225|2021-02-09,-0.5497038760071219,0.0
739335,225,2021-02-09,2021-02-18,10,control,0,0.469756,0,dept_225_closure_2021-02-09,2021-03-01,2021-03,2,1,0.0,739335|225|2021-02-09,-0.08728680800712191,0.0
740494,225,2021-02-09,2021-02-18,10,control,0,0.7680001,1,dept_225_closure_2021-02-09,2021-03-01,2021-03,2,1,0.0,740494|225|2021-02-09,0.21095729199287805,0.0
740969,225,2021-02-09,2021-02-18,10,treatment,1,0.10188658,0,dept_225_closure_2021-02-09,2021-03-01,2021-03,2,1,0.0,740969|225|2021-02-09,-0.4551562280071219,0.0
741243,225,2021-02-09,2021-02-18,10,control,0,0.30559075,0,dept_225_closure_2021-02-09,2021-03-01,2021-03,2,1,0.4,741243|225|2021-02-09,-0.2514520580071219,0.0
741354,225,2021-02-09,2021-02-18,10,control,0,0.13810001,0,dept_225_closure_2021-02-09,2021-03-01,2021-03,2,1,0.1,741354|225|2021-02-09,-0.4189427980071219,0.0
742991,225,2021-02-09,2021-02-18,10,control,0,0.89868057,1,dept_225_closure_2021-02-09,2021-03-01,2021-03,2,1,0.0,742991|225|2021-02-09,0.3416377619928781,0.0
744097,225,2021-02-09,2021-02-18,10,control,0,0.7507349,1,dept_225_closure_2021-02-09,2021-03-01,2021-03,2,1,0.1,744097|225|2021-02-09,0.19369209199287807,0.0
744787,225,2021-02-09,2021-02-18,10,control,0,0.07117133,0,dept_225_closure_2021-02-09,2021-03-01,2021-03,2,1,0.0,744787|225|2021-02-09,-0.48587147800712194,0.0
749239,225,2021-02-09,2021-02-18,10,control,0,0.5890847,1,dept_225_closure_2021-02-09,2021-03-01,2021-03,2,1,0.3,749239|225|2021-02-09,0.0320418919928781,0.0
749366,225,2021-02-09,2021-02-18,10,control,0,0.79701763,1,dept_225_closure_2021-02-09,2021-03-01,2021-03,2,1,0.1,749366|225|2021-02-09,0.23997482199287812,0.0
750714,225,2021-02-09,2021-02-18,10,control,0,0.9721577,1,dept_225_closure_2021-02-09,2021-03-01,2021-03,2,1,0.1,750714|225|2021-02-09,0.4151148919928781,0.0
752281,225,2021-02-09,2021-02-18,10,control,0,0.523927,1,dept_225_closure_2021-02-09,2021-03-01,2021-03,2,1,0.0,752281|225|2021-02-09,-0.03311580800712188,0.0
752755,225,2021-02-09,2021-02-18,10,treatment,1,0.43572357,0,dept_225_closure_2021-02-09,2021-03-01,2021-03,2,1,0.0,752755|225|2021-02-09,-0.12131923800712191,0.0
753422,225,2021-02-09,2021-02-18,10,control,0,0.99361503,1,dept_225_closure_2021-02-09,2021-03-01,2021-03,2,1,0.2,753422|225|2021-02-09,0.43657222199287804,0.0
754569,225,2021-02-09,2021-02-18,10,control,0,0.7355976,1,dept_225_closure_2021-02-09,2021-03-01,2021-03,2,1,0.1,754569|225|2021-02-09,0.17855479199287805,0.0
754608,225,2021-02-09,2021-02-18,10,treatment,1,0.27942598,0,dept_225_closure_2021-02-09,2021-03-01,2021-03,2,1,0.1,754608|225|2021-02-09,-0.2776168280071219,0.0
754781,225,2021-02-09,2021-02-18,10,control,0,0.65508896,1,dept_225_closure_2021-02-09,2021-03-01,2021-03,2,1,0.0,754781|225|2021-02-09,0.09804615199287814,0.0
755519,225,2021-02-09,2021-02-18,10,control,0,0.9875329,1,dept_225_closure_2021-02-09,2021-03-01,2021-03,2,1,0.6,755519|225|2021-02-09,0.43049009199287813,0.0
756072,225,2021-02-09,2021-02-18,10,control,0,0.91919154,1,dept_225_closure_2021-02-09,2021-03-01,2021-03,2,1,0.2,756072|225|2021-02-09,0.3621487319928781,0.0
756199,225,2021-02-09,2021-02-18,10,control,0,0.11504102,0,dept_225_closure_2021-02-09,2021-03-01,2021-03,2,1,0.0,756199|225|2021-02-09,-0.4420017880071219,0.0
756502,225,2021-02-09,2021-02-18,10,control,0,0.3910325,0,dept_225_closure_2021-02-09,2021-03-01,2021-03,2,1,0.0,756502|225|2021-02-09,-0.1660103080071219,0.0
756971,225,2021-02-09,2021-02-18,10,control,0,0.2952949,0,dept_225_closure_2021-02-09,2021-03-01,2021-03,2,1,0.0,756971|225|2021-02-09,-0.2617479080071219,0.0
757056,225,2021-02-09,2021-02-18,10,control,0,0.42773086,0,dept_225_closure_2021-02-09,2021-03-01,2021-03,2,1,0.0,757056|225|2021-02-09,-0.12931194800712192,0.0
757357,225,2021-02-09,2021-02-18,10,control,0,0.36798954,0,dept_225_closure_2021-02-09,2021-03-01,2021-03,2,1,0.1,757357|225|2021-02-09,-0.1890532680071219,0.0
758063,225,2021-02-09,2021-02-18,10,control,0,0.3986683,0,dept_225_closure_2021-02-09,2021-03-01,2021-03,2,1,0.0,758063|225|2021-02-09,-0.15837450800712194,0.0
759517,225,2021-02-09,2021-02-18,10,treatment,1,0.5149611,1,dept_225_closure_2021-02-09,2021-03-01,2021-03,2,1,0.0,759517|225|2021-02-09,-0.042081708007121965,0.0
759625,225,2021-02-09,2021-02-18,10,control,0,0.9922122,1,dept_225_closure_2021-02-09,2021-03-01,2021-03,2,1,0.3,759625|225|2021-02-09,0.4351693919928781,0.0
760335,225,2021-02-09,2021-02-18,10,control,0,0.9141567,1,dept_225_closure_2021-02-09,2021-03-01,2021-03,2,1,0.2,760335|225|2021-02-09,0.35711389199287813,0.0
760715,225,2021-02-09,2021-02-18,10,control,0,0.5291001,1,dept_225_closure_2021-02-09,2021-03-01,2021-03,2,1,0.1,760715|225|2021-02-09,-0.027942708007121952,0.0
761698,225,2021-02-09,2021-02-18,10,control,0,0.8022312,1,dept_225_closure_2021-02-09,2021-03-01,2021-03,2,1,0.4,761698|225|2021-02-09,0.24518839199287812,0.0
762486,225,2021-02-09,2021-02-18,10,control,0,0.9525126,1,dept_225_closure_2021-02-09,2021-03-01,2021-03,2,1,0.0,762486|225|2021-02-09,0.39546979199287813,0.0
763102,225,2021-02-09,2021-02-18,10,control,0,0.2966211,0,dept_225_closure_2021-02-09,2021-03-01,2021-03,2,1,0.0,763102|225|2021-02-09,-0.2604217080071219,0.0
763597,225,2021-02-09,2021-02-18,10,control,0,0.48588014,0,dept_225_closure_2021-02-09,2021-03-01,2021-03,2,1,0.0,763597|225|2021-02-09,-0.0711626680071219,0.0
764652,225,2021-02-09,2021-02-18,10,control,0,0.9702867,1,dept_225_closure_2021-02-09,2021-03-01,2021-03,2,1,0.5,764652|225|2021-02-09,0.41324389199287803,0.0
764896,225,2021-02-09,2021-02-18,10,control,0,0.7929486,1,dept_225_closure_2021-02-09,2021-03-01,2021-03,2,1,0.1,764896|225|2021-02-09,0.2359057919928781,0.0
765787,225,2021-02-09,2021-02-18,10,control,0,0.6652048,1,dept_225_closure_2021-02-09,2021-03-01,2021-03,2,1,0.3,765787|225|2021-02-09,0.10816199199287813,0.0
766235,225,2021-02-09,2021-02-18,10,control,0,0.23883905,0,dept_225_closure_2021-02-09,2021-03-01,2021-03,2,1,0.0,766235|225|2021-02-09,-0.3182037580071219,0.0
766771,225,2021-02-09,2021-02-18,10,control,0,0.9949444,1,dept_225_closure_2021-02-09,2021-03-01,2021-03,2,1,0.3,766771|225|2021-02-09,0.43790159199287804,0.0
767847,225,2021-02-09,2021-02-18,10,control,0,0.6813335,1,dept_225_closure_2021-02-09,2021-03-01,2021-03,2,1,0.3,767847|225|2021-02-09,0.12429069199287812,0.0
769437,225,2021-02-09,2021-02-18,10,control,0,0.64949113,1,dept_225_closure_2021-02-09,2021-03-01,2021-03,2,1,0.1,769437|225|2021-02-09,0.09244832199287811,0.0
769863,225,2021-02-09,2021-02-18,10,treatment,1,0.6316026,1,dept_225_closure_2021-02-09,2021-03-01,2021-03,2,1,0.2,769863|225|2021-02-09,0.0745597919928781,0.0
770360,225,2021-02-09,2021-02-18,10,control,0,0.43682277,0,dept_225_closure_2021-02-09,2021-03-01,2021-03,2,1,0.0,770360|225|2021-02-09,-0.12022003800712189,0.0
771383,225,2021-02-09,2021-02-18,10,control,0,0.5376364,1,dept_225_closure_2021-02-09,2021-03-01,2021-03,2,1,0.1,771383|225|2021-02-09,-0.0194064080071219,0.0
771652,225,2021-02-09,2021-02-18,10,control,0,0.3963786,0,dept_225_closure_2021-02-09,2021-03-01,2021-03,2,1,0.0,771652|225|2021-02-09,-0.1606642080071219,0.0
771796,225,2021-02-09,2021-02-18,10,control,0,0.59382474,1,dept_225_closure_2021-02-09,2021-03-01,2021-03,2,1,0.1,771796|225|2021-02-09,0.03678193199287805,0.0
772803,225,2021-02-09,2021-02-18,10,control,0,0.29600552,0,dept_225_closure_2021-02-09,2021-03-01,2021-03,2,1,0.1,772803|225|2021-02-09,-0.2610372880071219,0.0
774073,225,2021-02-09,2021-02-18,10,control,0,0.86488825,1,dept_225_closure_2021-02-09,2021-03-01,2021-03,2,1,0.7,774073|225|2021-02-09,0.3078454419928781,0.0
774144,225,2021-02-09,2021-02-18,10,control,0,0.33690736,0,dept_225_closure_2021-02-09,2021-03-01,2021-03,2,1,0.0,774144|225|2021-02-09,-0.22013544800712193,0.0
774196,225,2021-02-09,2021-02-18,10,control,0,0.941812,1,dept_225_closure_2021-02-09,2021-03-01,2021-03,2,1,0.2,774196|225|2021-02-09,0.38476919199287807,0.0
775441,225,2021-02-09,2021-02-18,10,control,0,0.08261001,0,dept_225_closure_2021-02-09,2021-03-01,2021-03,2,1,0.0,775441|225|2021-02-09,-0.4744327980071219,0.0
777571,225,2021-02-09,2021-02-18,10,control,0,0.29030535,0,dept_225_closure_2021-02-09,2021-03-01,2021-03,2,1,0.0,777571|225|2021-02-09,-0.2667374580071219,0.0
778537,225,2021-02-09,2021-02-18,10,treatment,1,0.73807734,1,dept_225_closure_2021-02-09,2021-03-01,2021-03,2,1,0.1,778537|225|2021-02-09,0.1810345319928781,0.0
780220,225,2021-02-09,2021-02-18,10,treatment,1,0.15151207,0,dept_225_closure_2021-02-09,2021-03-01,2021-03,2,1,0.0,780220|225|2021-02-09,-0.4055307380071219,0.0
781494,225,2021-02-09,2021-02-18,10,treatment,1,0.9819272,1,dept_225_closure_2021-02-09,2021-03-01,2021-03,2,1,0.0,781494|225|2021-02-09,0.4248843919928781,0.0
781749,225,2021-02-09,2021-02-18,10,control,0,0.34949872,0,dept_225_closure_2021-02-09,2021-03-01,2021-03,2,1,0.2,781749|225|2021-02-09,-0.20754408800712193,0.0
782815,225,2021-02-09,2021-02-18,10,control,0,0.048142757,0,dept_225_closure_2021-02-09,2021-03-01,2021-03,2,1,0.1,782815|225|2021-02-09,-0.5089000510071219,0.0
783761,225,2021-02-09,2021-02-18,10,control,0,0.87922394,1,dept_225_closure_2021-02-09,2021-03-01,2021-03,2,1,0.0,783761|225|2021-02-09,0.3221811319928781,0.0
784190,225,2021-02-09,2021-02-18,10,treatment,1,0.42112172,0,dept_225_closure_2021-02-09,2021-03-01,2021-03,2,1,0.1,784190|225|2021-02-09,-0.13592108800712194,0.0
784247,225,2021-02-09,2021-02-18,10,control,0,0.37388155,0,dept_225_closure_2021-02-09,2021-03-01,2021-03,2,1,0.1,784247|225|2021-02-09,-0.1831612580071219,0.0
784378,225,2021-02-09,2021-02-18,10,control,0,0.6521716,1,dept_225_closure_2021-02-09,2021-03-01,2021-03,2,1,0.2,784378|225|2021-02-09,0.09512879199287805,0.0
785479,225,2021-02-09,2021-02-18,10,control,0,0.38954622,0,dept_225_closure_2021-02-09,2021-03-01,2021-03,2,1,0.1,785479|225|2021-02-09,-0.16749658800712192,0.0
789372,225,2021-02-09,2021-02-18,10,control,0,0.5044561,1,dept_225_closure_2021-02-09,2021-03-01,2021-03,2,1,0.2,789372|225|2021-02-09,-0.05258670800712195,0.0
789746,225,2021-02-09,2021-02-18,10,treatment,1,0.71691763,1,dept_225_closure_2021-02-09,2021-03-01,2021-03,2,1,0.3,789746|225|2021-02-09,0.15987482199287806,0.0
791023,225,2021-02-09,2021-02-18,10,treatment,1,0.8417338,1,dept_225_closure_2021-02-09,2021-03-01,2021-03,2,1,0.4,791023|225|2021-02-09,0.28469099199287806,0.0
791706,225,2021-02-09,2021-02-18,10,control,0,0.55756235,1,dept_225_closure_2021-02-09,2021-03-01,2021-03,2,1,0.0,791706|225|2021-02-09,0.0005195419928780698,0.0
792259,225,2021-02-09,2021-02-18,10,control,0,0.27055612,0,dept_225_closure_2021-02-09,2021-03-01,2021-03,2,1,0.0,792259|225|2021-02-09,-0.2864866880071219,0.0
792330,225,2021-02-09,2021-02-18,10,control,0,0.30864796,0,dept_225_closure_2021-02-09,2021-03-01,2021-03,2,1,0.0,792330|225|2021-02-09,-0.24839484800712192,0.0
793532,225,2021-02-09,2021-02-18,10,control,0,0.8851609,1,dept_225_closure_2021-02-09,2021-03-01,2021-03,2,1,0.0,793532|225|2021-02-09,0.3281180919928781,0.0
793923,225,2021-02-09,2021-02-18,10,control,0,0.15183781,0,dept_225_closure_2021-02-09,2021-03-01,2021-03,2,1,0.0,793923|225|2021-02-09,-0.40520499800712195,0.0
794398,225,2021-02-09,2021-02-18,10,treatment,1,0.5736346,1,dept_225_closure_2021-02-09,2021-03-01,2021-03,2,1,0.0,794398|225|2021-02-09,0.01659179199287808,0.0
796113,225,2021-02-09,2021-02-18,10,control,0,0.0056227576,0,dept_225_closure_2021-02-09,2021-03-01,2021-03,2,1,0.0,796113|225|2021-02-09,-0.5514200504071219,0.0
796286,225,2021-02-09,2021-02-18,10,control,0,0.9186294,1,dept_225_closure_2021-02-09,2021-03-01,2021-03,2,1,0.0,796286|225|2021-02-09,0.3615865919928781,0.0
796930,225,2021-02-09,2021-02-18,10,control,0,0.9921591,1,dept_225_closure_2021-02-09,2021-03-01,2021-03,2,1,0.8,796930|225|2021-02-09,0.43511629199287805,0.0
796971,225,2021-02-09,2021-02-18,10,control,0,0.73464483,1,dept_225_closure_2021-02-09,2021-03-01,2021-03,2,1,0.2,796971|225|2021-02-09,0.1776020219928781,0.0
797941,225,2021-02-09,2021-02-18,10,control,0,0.36482874,0,dept_225_closure_2021-02-09,2021-03-01,2021-03,2,1,0.3,797941|225|2021-02-09,-0.19221406800712193,0.0
798263,225,2021-02-09,2021-02-18,10,control,0,0.58305246,1,dept_225_closure_2021-02-09,2021-03-01,2021-03,2,1,0.1,798263|225|2021-02-09,0.02600965199287808,0.0
799049,225,2021-02-09,2021-02-18,10,control,0,0.9824901,1,dept_225_closure_2021-02-09,2021-03-01,2021-03,2,1,0.8,799049|225|2021-02-09,0.4254472919928781,0.0
801294,225,2021-02-09,2021-02-18,10,control,0,0.41131797,0,dept_225_closure_2021-02-09,2021-03-01,2021-03,2,1,0.0,801294|225|2021-02-09,-0.14572483800712194,0.0
801718,225,2021-02-09,2021-02-18,10,control,0,0.99905974,1,dept_225_closure_2021-02-09,2021-03-01,2021-03,2,1,0.5,801718|225|2021-02-09,0.44201693199287806,0.0
803224,225,2021-02-09,2021-02-18,10,control,0,0.7826386,1,dept_225_closure_2021-02-09,2021-03-01,2021-03,2,1,0.0,803224|225|2021-02-09,0.22559579199287805,0.0
804722,225,2021-02-09,2021-02-18,10,control,0,0.9922273,1,dept_225_closure_2021-02-09,2021-03-01,2021-03,2,1,0.8,804722|225|2021-02-09,0.4351844919928781,0.0
805264,225,2021-02-09,2021-02-18,10,treatment,1,0.3060513,0,dept_225_closure_2021-02-09,2021-03-01,2021-03,2,1,0.0,805264|225|2021-02-09,-0.2509915080071219,0.0
805366,225,2021-02-09,2021-02-18,10,control,0,0.22654901,0,dept_225_closure_2021-02-09,2021-03-01,2021-03,2,1,0.1,805366|225|2021-02-09,-0.3304937980071219,0.0
807855,225,2021-02-09,2021-02-18,10,treatment,1,0.7708943,1,dept_225_closure_2021-02-09,2021-03-01,2021-03,2,1,0.0,807855|225|2021-02-09,0.21385149199287812,0.0
809500,225,2021-02-09,2021-02-18,10,control,0,0.31644803,0,dept_225_closure_2021-02-09,2021-03-01,2021-03,2,1,0.3,809500|225|2021-02-09,-0.24059477800712192,0.0
5,225,2021-02-09,2021-02-18,10,control,0,0.14528728,0,dept_225_closure_2021-02-09,2021-03-11,2021-03,3,1,0.0,5|225|2021-02-09,-0.4117555280071219,0.0
866,225,2021-02-09,2021-02-18,10,control,0,0.34398916,0,dept_225_closure_2021-02-09,2021-03-11,2021-03,3,1,0.1,866|225|2021-02-09,-0.2130536480071219,0.0
1100,225,2021-02-09,2021-02-18,10,control,0,0.6347374,1,dept_225_closure_2021-02-09,2021-03-11,2021-03,3,1,0.2,1100|225|2021-02-09,0.07769459199287809,0.0
2097,225,2021-02-09,2021-02-18,10,control,0,0.23596613,0,dept_225_closure_2021-02-09,2021-03-11,2021-03,3,1,0.2,2097|225|2021-02-09,-0.3210766780071219,0.0
2185,225,2021-02-09,2021-02-18,10,control,0,0.2621139,0,dept_225_closure_2021-02-09,2021-03-11,2021-03,3,1,0.0,2185|225|2021-02-09,-0.2949289080071219,0.0
2206,225,2021-02-09,2021-02-18,10,control,0,0.4399006,0,dept_225_closure_2021-02-09,2021-03-11,2021-03,3,1,0.0,2206|225|2021-02-09,-0.11714220800712194,0.0
3239,225,2021-02-09,2021-02-18,10,control,0,0.085536055,0,dept_225_closure_2021-02-09,2021-03-11,2021-03,3,1,0.0,3239|225|2021-02-09,-0.4715067530071219,0.0
3256,225,2021-02-09,2021-02-18,10,control,0,0.27744627,0,dept_225_closure_2021-02-09,2021-03-11,2021-03,3,1,0.6,3256|225|2021-02-09,-0.2795965380071219,0.0
5717,225,2021-02-09,2021-02-18,10,control,0,0.86031544,1,dept_225_closure_2021-02-09,2021-03-11,2021-03,3,1,0.1,5717|225|2021-02-09,0.30327263199287813,0.0
7281,225,2021-02-09,2021-02-18,10,control,0,0.99898213,1,dept_225_closure_2021-02-09,2021-03-11,2021-03,3,1,0.4,7281|225|2021-02-09,0.4419393219928781,0.0
8427,225,2021-02-09,2021-02-18,10,control,0,0.019571843,0,dept_225_closure_2021-02-09,2021-03-11,2021-03,3,1,0.2,8427|225|2021-02-09,-0.5374709650071219,0.0
8449,225,2021-02-09,2021-02-18,10,control,0,0.08294749,0,dept_225_closure_2021-02-09,2021-03-11,2021-03,3,1,0.0,8449|225|2021-02-09,-0.4740953180071219,0.0
10251,225,2021-02-09,2021-02-18,10,control,0,0.52154756,1,dept_225_closure_2021-02-09,2021-03-11,2021-03,3,1,0.0,10251|225|2021-02-09,-0.03549524800712189,0.0
12391,225,2021-02-09,2021-02-18,10,control,0,0.15027635,0,dept_225_closure_2021-02-09,2021-03-11,2021-03,3,1,0.0,12391|225|2021-02-09,-0.4067664580071219,0.0
12400,225,2021-02-09,2021-02-18,10,control,0,0.018340718,0,dept_225_closure_2021-02-09,2021-03-11,2021-03,3,1,0.0,12400|225|2021-02-09,-0.5387020900071219,0.0
12928,225,2021-02-09,2021-02-18,10,control,0,0.8517119,1,dept_225_closure_2021-02-09,2021-03-11,2021-03,3,1,0.2,12928|225|2021-02-09,0.29466909199287805,0.0
15825,225,2021-02-09,2021-02-18,10,control,0,0.21903794,0,dept_225_closure_2021-02-09,2021-03-11,2021-03,3,1,0.0,15825|225|2021-02-09,-0.33800486800712193,0.0
16611,225,2021-02-09,2021-02-18,10,control,0,0.03530123,0,dept_225_closure_2021-02-09,2021-03-11,2021-03,3,1,0.1,16611|225|2021-02-09,-0.521741578007122,0.0
17269,225,2021-02-09,2021-02-18,10,control,0,0.21498367,0,dept_225_closure_2021-02-09,2021-03-11,2021-03,3,1,0.0,17269|225|2021-02-09,-0.34205913800712195,0.0
17312,225,2021-02-09,2021-02-18,10,control,0,0.36621094,0,dept_225_closure_2021-02-09,2021-03-11,2021-03,3,1,0.0,17312|225|2021-02-09,-0.19083186800712193,0.0
19087,225,2021-02-09,2021-02-18,10,control,0,0.1141593,0,dept_225_closure_2021-02-09,2021-03-11,2021-03,3,1,0.0,19087|225|2021-02-09,-0.4428835080071219,0.0
19767,225,2021-02-09,2021-02-18,10,control,0,0.48095965,0,dept_225_closure_2021-02-09,2021-03-11,2021-03,3,1,0.0,19767|225|2021-02-09,-0.0760831580071219,0.0
19961,225,2021-02-09,2021-02-18,10,control,0,0.2612961,0,dept_225_closure_2021-02-09,2021-03-11,2021-03,3,1,0.0,19961|225|2021-02-09,-0.29574670800712194,0.0
20829,225,2021-02-09,2021-02-18,10,control,0,0.84562606,1,dept_225_closure_2021-02-09,2021-03-11,2021-03,3,1,0.2,20829|225|2021-02-09,0.28858325199287804,0.0
22301,225,2021-02-09,2021-02-18,10,treatment,1,0.49965566,0,dept_225_closure_2021-02-09,2021-03-11,2021-03,3,1,0.0,22301|225|2021-02-09,-0.05738714800712191,0.0
22417,225,2021-02-09,2021-02-18,10,control,0,0.99820554,1,dept_225_closure_2021-02-09,2021-03-11,2021-03,3,1,0.8,22417|225|2021-02-09,0.44116273199287803,0.0
24695,225,2021-02-09,2021-02-18,10,control,0,0.23371305,0,dept_225_closure_2021-02-09,2021-03-11,2021-03,3,1,0.0,24695|225|2021-02-09,-0.32332975800712194,0.0
27305,225,2021-02-09,2021-02-18,10,control,0,0.934971,1,dept_225_closure_2021-02-09,2021-03-11,2021-03,3,1,0.2,27305|225|2021-02-09,0.3779281919928781,0.0
27339,225,2021-02-09,2021-02-18,10,control,0,0.06848284,0,dept_225_closure_2021-02-09,2021-03-11,2021-03,3,1,0.0,27339|225|2021-02-09,-0.4885599680071219,0.0
28349,225,2021-02-09,2021-02-18,10,control,0,0.031649835,0,dept_225_closure_2021-02-09,2021-03-11,2021-03,3,1,0.2,28349|225|2021-02-09,-0.525392973007122,0.0
28784,225,2021-02-09,2021-02-18,10,control,0,0.96120983,1,dept_225_closure_2021-02-09,2021-03-11,2021-03,3,1,0.4,28784|225|2021-02-09,0.40416702199287813,0.0
29011,225,2021-02-09,2021-02-18,10,control,0,0.89105934,1,dept_225_closure_2021-02-09,2021-03-11,2021-03,3,1,0.0,29011|225|2021-02-09,0.33401653199287806,0.0
29025,225,2021-02-09,2021-02-18,10,control,0,0.93348074,1,dept_225_closure_2021-02-09,2021-03-11,2021-03,3,1,0.3,29025|225|2021-02-09,0.3764379319928781,0.0
29713,225,2021-02-09,2021-02-18,10,control,0,0.5263306,1,dept_225_closure_2021-02-09,2021-03-11,2021-03,3,1,0.0,29713|225|2021-02-09,-0.030712208007121933,0.0
31068,225,2021-02-09,2021-02-18,10,control,0,0.3156137,0,dept_225_closure_2021-02-09,2021-03-11,2021-03,3,1,0.0,31068|225|2021-02-09,-0.24142910800712192,0.0
31075,225,2021-02-09,2021-02-18,10,control,0,0.39527813,0,dept_225_closure_2021-02-09,2021-03-11,2021-03,3,1,0.0,31075|225|2021-02-09,-0.1617646780071219,0.0
31139,225,2021-02-09,2021-02-18,10,treatment,1,0.24236429,0,dept_225_closure_2021-02-09,2021-03-11,2021-03,3,1,0.1,31139|225|2021-02-09,-0.3146785180071219,0.0
31524,225,2021-02-09,2021-02-18,10,control,0,0.05243684,0,dept_225_closure_2021-02-09,2021-03-11,2021-03,3,1,0.2,31524|225|2021-02-09,-0.5046059680071219,0.0
32473,225,2021-02-09,2021-02-18,10,control,0,0.72997993,1,dept_225_closure_2021-02-09,2021-03-11,2021-03,3,1,0.0,32473|225|2021-02-09,0.17293712199287814,0.0
32707,225,2021-02-09,2021-02-18,10,control,0,0.9788866,1,dept_225_closure_2021-02-09,2021-03-11,2021-03,3,1,0.2,32707|225|2021-02-09,0.42184379199287814,0.0
34116,225,2021-02-09,2021-02-18,10,control,0,0.4045588,0,dept_225_closure_2021-02-09,2021-03-11,2021-03,3,1,0.1,34116|225|2021-02-09,-0.15248400800712192,0.0
36662,225,2021-02-09,2021-02-18,10,control,0,0.1691688,0,dept_225_closure_2021-02-09,2021-03-11,2021-03,3,1,0.0,36662|225|2021-02-09,-0.3878740080071219,0.0
37330,225,2021-02-09,2021-02-18,10,treatment,1,0.39923403,0,dept_225_closure_2021-02-09,2021-03-11,2021-03,3,1,0.0,37330|225|2021-02-09,-0.1578087780071219,0.0
38200,225,2021-02-09,2021-02-18,10,control,0,0.41114828,0,dept_225_closure_2021-02-09,2021-03-11,2021-03,3,1,0.0,38200|225|2021-02-09,-0.14589452800712194,0.0
39228,225,2021-02-09,2021-02-18,10,control,0,0.93770295,1,dept_225_closure_2021-02-09,2021-03-11,2021-03,3,1,0.3,39228|225|2021-02-09,0.3806601419928781,0.0
40566,225,2021-02-09,2021-02-18,10,control,0,0.9946063,1,dept_225_closure_2021-02-09,2021-03-11,2021-03,3,1,0.7,40566|225|2021-02-09,0.43756349199287814,0.0
44385,225,2021-02-09,2021-02-18,10,control,0,0.81834763,1,dept_225_closure_2021-02-09,2021-03-11,2021-03,3,1,0.0,44385|225|2021-02-09,0.2613048219928781,0.0
44793,225,2021-02-09,2021-02-18,10,control,0,0.8609171,1,dept_225_closure_2021-02-09,2021-03-11,2021-03,3,1,0.0,44793|225|2021-02-09,0.3038742919928781,0.0
46191,225,2021-02-09,2021-02-18,10,control,0,0.85950613,1,dept_225_closure_2021-02-09,2021-03-11,2021-03,3,1,0.1,46191|225|2021-02-09,0.30246332199287806,0.0
47222,225,2021-02-09,2021-02-18,10,treatment,1,0.49709675,0,dept_225_closure_2021-02-09,2021-03-11,2021-03,3,1,0.0,47222|225|2021-02-09,-0.05994605800712194,0.0
48637,225,2021-02-09,2021-02-18,10,treatment,1,0.54981667,1,dept_225_closure_2021-02-09,2021-03-11,2021-03,3,1,0.0,48637|225|2021-02-09,-0.007226138007121907,0.0
49220,225,2021-02-09,2021-02-18,10,control,0,0.37845916,0,dept_225_closure_2021-02-09,2021-03-11,2021-03,3,1,0.0,49220|225|2021-02-09,-0.1785836480071219,0.0
50187,225,2021-02-09,2021-02-18,10,control,0,0.86367977,1,dept_225_closure_2021-02-09,2021-03-11,2021-03,3,1,0.3,50187|225|2021-02-09,0.30663696199287804,0.0
51175,225,2021-02-09,2021-02-18,10,control,0,0.06736726,0,dept_225_closure_2021-02-09,2021-03-11,2021-03,3,1,0.0,51175|225|2021-02-09,-0.48967554800712193,0.0
51232,225,2021-02-09,2021-02-18,10,treatment,1,0.96270984,1,dept_225_closure_2021-02-09,2021-03-11,2021-03,3,1,0.0,51232|225|2021-02-09,0.4056670319928781,0.0
51386,225,2021-02-09,2021-02-18,10,treatment,1,0.9826988,1,dept_225_closure_2021-02-09,2021-03-11,2021-03,3,1,0.6,51386|225|2021-02-09,0.42565599199287807,0.0
52482,225,2021-02-09,2021-02-18,10,control,0,0.7282863,1,dept_225_closure_2021-02-09,2021-03-11,2021-03,3,1,0.1,52482|225|2021-02-09,0.17124349199287814,0.0
52509,225,2021-02-09,2021-02-18,10,control,0,0.9856984,1,dept_225_closure_2021-02-09,2021-03-11,2021-03,3,1,0.3,52509|225|2021-02-09,0.42865559199287806,0.0
52857,225,2021-02-09,2021-02-18,10,control,0,0.39206263,0,dept_225_closure_2021-02-09,2021-03-11,2021-03,3,1,0.1,52857|225|2021-02-09,-0.1649801780071219,0.0
55277,225,2021-02-09,2021-02-18,10,control,0,0.7247857,1,dept_225_closure_2021-02-09,2021-03-11,2021-03,3,1,0.1,55277|225|2021-02-09,0.16774289199287806,0.0
56953,225,2021-02-09,2021-02-18,10,control,0,0.8950663,1,dept_225_closure_2021-02-09,2021-03-11,2021-03,3,1,0.1,56953|225|2021-02-09,0.33802349199287807,0.0
57362,225,2021-02-09,2021-02-18,10,control,0,0.5430405,1,dept_225_closure_2021-02-09,2021-03-11,2021-03,3,1,0.1,57362|225|2021-02-09,-0.014002308007121878,0.0
57582,225,2021-02-09,2021-02-18,10,control,0,0.92595965,1,dept_225_closure_2021-02-09,2021-03-11,2021-03,3,1,0.0,57582|225|2021-02-09,0.3689168419928781,0.0
62574,225,2021-02-09,2021-02-18,10,control,0,0.24900906,0,dept_225_closure_2021-02-09,2021-03-11,2021-03,3,1,0.1,62574|225|2021-02-09,-0.3080337480071219,0.0
63220,225,2021-02-09,2021-02-18,10,control,0,0.88363045,1,dept_225_closure_2021-02-09,2021-03-11,2021-03,3,1,0.6,63220|225|2021-02-09,0.32658764199287804,0.0
64080,225,2021-02-09,2021-02-18,10,treatment,1,0.5486668,1,dept_225_closure_2021-02-09,2021-03-11,2021-03,3,1,0.0,64080|225|2021-02-09,-0.008376008007121905,0.0
73719,225,2021-02-09,2021-02-18,10,control,0,0.48416466,0,dept_225_closure_2021-02-09,2021-03-11,2021-03,3,1,0.0,73719|225|2021-02-09,-0.07287814800712189,0.0
75205,225,2021-02-09,2021-02-18,10,control,0,0.87622863,1,dept_225_closure_2021-02-09,2021-03-11,2021-03,3,1,0.2,75205|225|2021-02-09,0.31918582199287804,0.0
77516,225,2021-02-09,2021-02-18,10,control,0,0.88889474,1,dept_225_closure_2021-02-09,2021-03-11,2021-03,3,1,0.0,77516|225|2021-02-09,0.3318519319928781,0.0
79269,225,2021-02-09,2021-02-18,10,control,0,0.14135796,0,dept_225_closure_2021-02-09,2021-03-11,2021-03,3,1,0.0,79269|225|2021-02-09,-0.4156848480071219,0.0
82976,225,2021-02-09,2021-02-18,10,control,0,0.5032989,1,dept_225_closure_2021-02-09,2021-03-11,2021-03,3,1,0.2,82976|225|2021-02-09,-0.05374390800712192,0.0
83920,225,2021-02-09,2021-02-18,10,control,0,0.10722636,0,dept_225_closure_2021-02-09,2021-03-11,2021-03,3,1,0.0,83920|225|2021-02-09,-0.4498164480071219,0.0
85561,225,2021-02-09,2021-02-18,10,treatment,1,0.30561054,0,dept_225_closure_2021-02-09,2021-03-11,2021-03,3,1,0.0,85561|225|2021-02-09,-0.25143226800712193,0.0
85580,225,2021-02-09,2021-02-18,10,control,0,0.96883047,1,dept_225_closure_2021-02-09,2021-03-11,2021-03,3,1,0.0,85580|225|2021-02-09,0.4117876619928781,0.0
85848,225,2021-02-09,2021-02-18,10,control,0,0.047726985,0,dept_225_closure_2021-02-09,2021-03-11,2021-03,3,1,0.0,85848|225|2021-02-09,-0.509315823007122,0.0
88712,225,2021-02-09,2021-02-18,10,control,0,0.27502534,0,dept_225_closure_2021-02-09,2021-03-11,2021-03,3,1,0.0,88712|225|2021-02-09,-0.2820174680071219,0.0
90821,225,2021-02-09,2021-02-18,10,control,0,0.10521385,0,dept_225_closure_2021-02-09,2021-03-11,2021-03,3,1,0.0,90821|225|2021-02-09,-0.4518289580071219,0.0
91438,225,2021-02-09,2021-02-18,10,treatment,1,0.2950767,0,dept_225_closure_2021-02-09,2021-03-11,2021-03,3,1,0.1,91438|225|2021-02-09,-0.2619661080071219,0.0
92168,225,2021-02-09,2021-02-18,10,control,0,0.7336935,1,dept_225_closure_2021-02-09,2021-03-11,2021-03,3,1,0.0,92168|225|2021-02-09,0.17665069199287808,0.0
92196,225,2021-02-09,2021-02-18,10,control,0,0.8121042,1,dept_225_closure_2021-02-09,2021-03-11,2021-03,3,1,0.2,92196|225|2021-02-09,0.25506139199287814,0.0
93076,225,2021-02-09,2021-02-18,10,control,0,0.13417456,0,dept_225_closure_2021-02-09,2021-03-11,2021-03,3,1,0.0,93076|225|2021-02-09,-0.4228682480071219,0.0
94462,225,2021-02-09,2021-02-18,10,control,0,0.8219448,1,dept_225_closure_2021-02-09,2021-03-11,2021-03,3,1,0.3,94462|225|2021-02-09,0.2649019919928781,0.0
95167,225,2021-02-09,2021-02-18,10,control,0,0.98642063,1,dept_225_closure_2021-02-09,2021-03-11,2021-03,3,1,0.6,95167|225|2021-02-09,0.4293778219928781,0.0
96414,225,2021-02-09,2021-02-18,10,treatment,1,0.5275364,1,dept_225_closure_2021-02-09,2021-03-11,2021-03,3,1,0.0,96414|225|2021-02-09,-0.029506408007121898,0.0
96697,225,2021-02-09,2021-02-18,10,control,0,0.025866332,0,dept_225_closure_2021-02-09,2021-03-11,2021-03,3,1,0.0,96697|225|2021-02-09,-0.5311764760071219,0.0
104528,225,2021-02-09,2021-02-18,10,control,0,0.5275139,1,dept_225_closure_2021-02-09,2021-03-11,2021-03,3,1,0.0,104528|225|2021-02-09,-0.029528908007121935,0.0
104571,225,2021-02-09,2021-02-18,10,control,0,0.98588693,1,dept_225_closure_2021-02-09,2021-03-11,2021-03,3,1,0.2,104571|225|2021-02-09,0.42884412199287814,0.0
104692,225,2021-02-09,2021-02-18,10,control,0,0.28391963,0,dept_225_closure_2021-02-09,2021-03-11,2021-03,3,1,0.1,104692|225|2021-02-09,-0.27312317800712194,0.0
104922,225,2021-02-09,2021-02-18,10,control,0,0.5186152,1,dept_225_closure_2021-02-09,2021-03-11,2021-03,3,1,0.0,104922|225|2021-02-09,-0.03842760800712186,0.0
106298,225,2021-02-09,2021-02-18,10,control,0,0.060432576,0,dept_225_closure_2021-02-09,2021-03-11,2021-03,3,1,0.0,106298|225|2021-02-09,-0.4966102320071219,0.0
111416,225,2021-02-09,2021-02-18,10,treatment,1,0.069509014,0,dept_225_closure_2021-02-09,2021-03-11,2021-03,3,1,0.0,111416|225|2021-02-09,-0.48753379400712193,0.0
112274,225,2021-02-09,2021-02-18,10,control,0,0.9381968,1,dept_225_closure_2021-02-09,2021-03-11,2021-03,3,1,0.0,112274|225|2021-02-09,0.38115399199287814,0.0
112986,225,2021-02-09,2021-02-18,10,control,0,0.43461272,0,dept_225_closure_2021-02-09,2021-03-11,2021-03,3,1,0.3,112986|225|2021-02-09,-0.1224300880071219,0.0
113871,225,2021-02-09,2021-02-18,10,control,0,0.7866077,1,dept_225_closure_2021-02-09,2021-03-11,2021-03,3,1,0.0,113871|225|2021-02-09,0.2295648919928781,0.0
114555,225,2021-02-09,2021-02-18,10,control,0,0.103926405,0,dept_225_closure_2021-02-09,2021-03-11,2021-03,3,1,0.0,114555|225|2021-02-09,-0.4531164030071219,0.0
114559,225,2021-02-09,2021-02-18,10,control,0,0.99483794,1,dept_225_closure_2021-02-09,2021-03-11,2021-03,3,1,0.0,114559|225|2021-02-09,0.4377951319928781,0.0
115199,225,2021-02-09,2021-02-18,10,treatment,1,0.9845649,1,dept_225_closure_2021-02-09,2021-03-11,2021-03,3,1,0.0,115199|225|2021-02-09,0.42752209199287805,0.0
115326,225,2021-02-09,2021-02-18,10,control,0,0.13118972,0,dept_225_closure_2021-02-09,2021-03-11,2021-03,3,1,0.4,115326|225|2021-02-09,-0.4258530880071219,0.0
115535,225,2021-02-09,2021-02-18,10,control,0,0.9518152,1,dept_225_closure_2021-02-09,2021-03-11,2021-03,3,1,0.0,115535|225|2021-02-09,0.39477239199287806,0.0
116937,225,2021-02-09,2021-02-18,10,treatment,1,0.22988378,0,dept_225_closure_2021-02-09,2021-03-11,2021-03,3,1,0.0,116937|225|2021-02-09,-0.32715902800712193,0.0
117335,225,2021-02-09,2021-02-18,10,control,0,0.7447799,1,dept_225_closure_2021-02-09,2021-03-11,2021-03,3,1,0.0,117335|225|2021-02-09,0.18773709199287814,0.0
119025,225,2021-02-09,2021-02-18,10,control,0,0.6071146,1,dept_225_closure_2021-02-09,2021-03-11,2021-03,3,1,0.0,119025|225|2021-02-09,0.050071791992878034,0.0
119175,225,2021-02-09,2021-02-18,10,control,0,0.28744176,0,dept_225_closure_2021-02-09,2021-03-11,2021-03,3,1,0.0,119175|225|2021-02-09,-0.2696010480071219,0.0
121010,225,2021-02-09,2021-02-18,10,control,0,0.2686608,0,dept_225_closure_2021-02-09,2021-03-11,2021-03,3,1,0.1,121010|225|2021-02-09,-0.28838200800712194,0.0
121590,225,2021-02-09,2021-02-18,10,control,0,0.9802814,1,dept_225_closure_2021-02-09,2021-03-11,2021-03,3,1,0.3,121590|225|2021-02-09,0.42323859199287805,0.0
121722,225,2021-02-09,2021-02-18,10,treatment,1,0.5416496,1,dept_225_closure_2021-02-09,2021-03-11,2021-03,3,1,0.2,121722|225|2021-02-09,-0.015393208007121961,0.0
123270,225,2021-02-09,2021-02-18,10,control,0,0.82353306,1,dept_225_closure_2021-02-09,2021-03-11,2021-03,3,1,0.0,123270|225|2021-02-09,0.2664902519928781,0.0
124613,225,2021-02-09,2021-02-18,10,control,0,0.78453153,1,dept_225_closure_2021-02-09,2021-03-11,2021-03,3,1,0.0,124613|225|2021-02-09,0.22748872199287806,0.0
128896,225,2021-02-09,2021-02-18,10,control,0,0.2702459,0,dept_225_closure_2021-02-09,2021-03-11,2021-03,3,1,0.2,128896|225|2021-02-09,-0.28679690800712193,0.0
129631,225,2021-02-09,2021-02-18,10,control,0,0.87201,1,dept_225_closure_2021-02-09,2021-03-11,2021-03,3,1,0.0,129631|225|2021-02-09,0.31496719199287804,0.0
130615,225,2021-02-09,2021-02-18,10,control,0,0.49420547,0,dept_225_closure_2021-02-09,2021-03-11,2021-03,3,1,0.0,130615|225|2021-02-09,-0.06283733800712193,0.0
131102,225,2021-02-09,2021-02-18,10,treatment,1,0.91136134,1,dept_225_closure_2021-02-09,2021-03-11,2021-03,3,1,0.1,131102|225|2021-02-09,0.3543185319928781,0.0
131453,225,2021-02-09,2021-02-18,10,control,0,0.6490996,1,dept_225_closure_2021-02-09,2021-03-11,2021-03,3,1,0.1,131453|225|2021-02-09,0.09205679199287808,0.0
132468,225,2021-02-09,2021-02-18,10,control,0,0.24907468,0,dept_225_closure_2021-02-09,2021-03-11,2021-03,3,1,0.0,132468|225|2021-02-09,-0.3079681280071219,0.0
134444,225,2021-02-09,2021-02-18,10,treatment,1,0.66105175,1,dept_225_closure_2021-02-09,2021-03-11,2021-03,3,1,0.1,134444|225|2021-02-09,0.10400894199287813,0.0
135292,225,2021-02-09,2021-02-18,10,treatment,1,0.9451208,1,dept_225_closure_2021-02-09,2021-03-11,2021-03,3,1,0.3,135292|225|2021-02-09,0.38807799199287807,0.0
136496,225,2021-02-09,2021-02-18,10,control,0,0.43152484,0,dept_225_closure_2021-02-09,2021-03-11,2021-03,3,1,0.0,136496|225|2021-02-09,-0.1255179680071219,0.0
136929,225,2021-02-09,2021-02-18,10,control,0,0.93452793,1,dept_225_closure_2021-02-09,2021-03-11,2021-03,3,1,0.1,136929|225|2021-02-09,0.3774851219928781,0.0
137152,225,2021-02-09,2021-02-18,10,control,0,0.32510924,0,dept_225_closure_2021-02-09,2021-03-11,2021-03,3,1,0.1,137152|225|2021-02-09,-0.2319335680071219,0.0
139380,225,2021-02-09,2021-02-18,10,control,0,0.99770504,1,dept_225_closure_2021-02-09,2021-03-11,2021-03,3,1,0.0,139380|225|2021-02-09,0.44066223199287813,0.0
139997,225,2021-02-09,2021-02-18,10,control,0,0.49280056,0,dept_225_closure_2021-02-09,2021-03-11,2021-03,3,1,0.3,139997|225|2021-02-09,-0.06424224800712192,0.0
140174,225,2021-02-09,2021-02-18,10,control,0,0.9339587,1,dept_225_closure_2021-02-09,2021-03-11,2021-03,3,1,0.3,140174|225|2021-02-09,0.3769158919928781,0.0
140189,225,2021-02-09,2021-02-18,10,control,0,0.99497885,1,dept_225_closure_2021-02-09,2021-03-11,2021-03,3,1,0.2,140189|225|2021-02-09,0.43793604199287806,0.0
141122,225,2021-02-09,2021-02-18,10,control,0,0.68625027,1,dept_225_closure_2021-02-09,2021-03-11,2021-03,3,1,0.1,141122|225|2021-02-09,0.12920746199287814,0.0
141261,225,2021-02-09,2021-02-18,10,control,0,0.996579,1,dept_225_closure_2021-02-09,2021-03-11,2021-03,3,1,0.4,141261|225|2021-02-09,0.4395361919928781,0.0
144064,225,2021-02-09,2021-02-18,10,control,0,0.09249806,0,dept_225_closure_2021-02-09,2021-03-11,2021-03,3,1,0.0,144064|225|2021-02-09,-0.4645447480071219,0.0
146678,225,2021-02-09,2021-02-18,10,control,0,0.17388102,0,dept_225_closure_2021-02-09,2021-03-11,2021-03,3,1,0.0,146678|225|2021-02-09,-0.3831617880071219,0.0
148355,225,2021-02-09,2021-02-18,10,treatment,1,0.17873272,0,dept_225_closure_2021-02-09,2021-03-11,2021-03,3,1,0.1,148355|225|2021-02-09,-0.3783100880071219,0.0
149605,225,2021-02-09,2021-02-18,10,control,0,0.66756827,1,dept_225_closure_2021-02-09,2021-03-11,2021-03,3,1,0.0,149605|225|2021-02-09,0.11052546199287805,0.0
149858,225,2021-02-09,2021-02-18,10,control,0,0.5513751,1,dept_225_closure_2021-02-09,2021-03-11,2021-03,3,1,0.0,149858|225|2021-02-09,-0.005667708007121908,0.0
150721,225,2021-02-09,2021-02-18,10,control,0,0.4290937,0,dept_225_closure_2021-02-09,2021-03-11,2021-03,3,1,0.2,150721|225|2021-02-09,-0.1279491080071219,0.0
152104,225,2021-02-09,2021-02-18,10,control,0,0.27722538,0,dept_225_closure_2021-02-09,2021-03-11,2021-03,3,1,0.0,152104|225|2021-02-09,-0.2798174280071219,0.0
154812,225,2021-02-09,2021-02-18,10,control,0,0.024545906,0,dept_225_closure_2021-02-09,2021-03-11,2021-03,3,1,0.0,154812|225|2021-02-09,-0.532496902007122,0.0
156408,225,2021-02-09,2021-02-18,10,control,0,0.06135893,0,dept_225_closure_2021-02-09,2021-03-11,2021-03,3,1,0.0,156408|225|2021-02-09,-0.49568387800712194,0.0
157353,225,2021-02-09,2021-02-18,10,control,0,0.054554705,0,dept_225_closure_2021-02-09,2021-03-11,2021-03,3,1,0.0,157353|225|2021-02-09,-0.5024881030071219,0.0
158587,225,2021-02-09,2021-02-18,10,control,0,0.16717811,0,dept_225_closure_2021-02-09,2021-03-11,2021-03,3,1,0.1,158587|225|2021-02-09,-0.3898646980071219,0.0
159426,225,2021-02-09,2021-02-18,10,control,0,0.9888276,1,dept_225_closure_2021-02-09,2021-03-11,2021-03,3,1,0.4,159426|225|2021-02-09,0.4317847919928781,0.0
160269,225,2021-02-09,2021-02-18,10,control,0,0.7384821,1,dept_225_closure_2021-02-09,2021-03-11,2021-03,3,1,0.1,160269|225|2021-02-09,0.18143929199287812,0.0
161725,225,2021-02-09,2021-02-18,10,treatment,1,0.45389333,0,dept_225_closure_2021-02-09,2021-03-11,2021-03,3,1,0.0,161725|225|2021-02-09,-0.10314947800712193,0.0
163448,225,2021-02-09,2021-02-18,10,control,0,0.5847298,1,dept_225_closure_2021-02-09,2021-03-11,2021-03,3,1,0.1,163448|225|2021-02-09,0.02768699199287805,0.0
168489,225,2021-02-09,2021-02-18,10,control,0,0.3054672,0,dept_225_closure_2021-02-09,2021-03-11,2021-03,3,1,0.0,168489|225|2021-02-09,-0.2515756080071219,0.0
170689,225,2021-02-09,2021-02-18,10,control,0,0.8717616,1,dept_225_closure_2021-02-09,2021-03-11,2021-03,3,1,0.0,170689|225|2021-02-09,0.3147187919928781,0.0
170963,225,2021-02-09,2021-02-18,10,control,0,0.9097696,1,dept_225_closure_2021-02-09,2021-03-11,2021-03,3,1,0.0,170963|225|2021-02-09,0.35272679199287804,0.0
170998,225,2021-02-09,2021-02-18,10,control,0,0.9982672,1,dept_225_closure_2021-02-09,2021-03-11,2021-03,3,1,0.0,170998|225|2021-02-09,0.4412243919928781,0.0
172338,225,2021-02-09,2021-02-18,10,control,0,0.94404244,1,dept_225_closure_2021-02-09,2021-03-11,2021-03,3,1,0.3,172338|225|2021-02-09,0.3869996319928781,0.0
172531,225,2021-02-09,2021-02-18,10,control,0,0.22820017,0,dept_225_closure_2021-02-09,2021-03-11,2021-03,3,1,0.1,172531|225|2021-02-09,-0.3288426380071219,0.0
175025,225,2021-02-09,2021-02-18,10,control,0,0.39642844,0,dept_225_closure_2021-02-09,2021-03-11,2021-03,3,1,0.0,175025|225|2021-02-09,-0.16061436800712192,0.0
177352,225,2021-02-09,2021-02-18,10,control,0,0.012363931,0,dept_225_closure_2021-02-09,2021-03-11,2021-03,3,1,0.0,177352|225|2021-02-09,-0.5446788770071219,0.0
177848,225,2021-02-09,2021-02-18,10,control,0,0.26560098,0,dept_225_closure_2021-02-09,2021-03-11,2021-03,3,1,0.0,177848|225|2021-02-09,-0.29144182800712193,0.0
179248,225,2021-02-09,2021-02-18,10,control,0,0.4933257,0,dept_225_closure_2021-02-09,2021-03-11,2021-03,3,1,0.0,179248|225|2021-02-09,-0.06371710800712194,0.0
180666,225,2021-02-09,2021-02-18,10,control,0,0.15228039,0,dept_225_closure_2021-02-09,2021-03-11,2021-03,3,1,0.2,180666|225|2021-02-09,-0.4047624180071219,0.0
181071,225,2021-02-09,2021-02-18,10,control,0,0.90928394,1,dept_225_closure_2021-02-09,2021-03-11,2021-03,3,1,0.0,181071|225|2021-02-09,0.3522411319928781,0.0
184787,225,2021-02-09,2021-02-18,10,control,0,0.8334096,1,dept_225_closure_2021-02-09,2021-03-11,2021-03,3,1,0.0,184787|225|2021-02-09,0.27636679199287806,0.0
186124,225,2021-02-09,2021-02-18,10,treatment,1,0.94084996,1,dept_225_closure_2021-02-09,2021-03-11,2021-03,3,1,0.2,186124|225|2021-02-09,0.38380715199287807,0.0
187174,225,2021-02-09,2021-02-18,10,control,0,0.42895404,0,dept_225_closure_2021-02-09,2021-03-11,2021-03,3,1,0.1,187174|225|2021-02-09,-0.12808876800712193,0.0
189086,225,2021-02-09,2021-02-18,10,control,0,0.32330012,0,dept_225_closure_2021-02-09,2021-03-11,2021-03,3,1,0.3,189086|225|2021-02-09,-0.2337426880071219,0.0
189719,225,2021-02-09,2021-02-18,10,control,0,0.425074,0,dept_225_closure_2021-02-09,2021-03-11,2021-03,3,1,0.1,189719|225|2021-02-09,-0.1319688080071219,0.0
194332,225,2021-02-09,2021-02-18,10,control,0,0.62658477,1,dept_225_closure_2021-02-09,2021-03-11,2021-03,3,1,0.1,194332|225|2021-02-09,0.0695419619928781,0.0
195383,225,2021-02-09,2021-02-18,10,control,0,0.8553834,1,dept_225_closure_2021-02-09,2021-03-11,2021-03,3,1,0.0,195383|225|2021-02-09,0.2983405919928781,0.0
195662,225,2021-02-09,2021-02-18,10,control,0,0.849924,1,dept_225_closure_2021-02-09,2021-03-11,2021-03,3,1,0.2,195662|225|2021-02-09,0.2928811919928781,0.0
197268,225,2021-02-09,2021-02-18,10,control,0,0.03983477,0,dept_225_closure_2021-02-09,2021-03-11,2021-03,3,1,0.0,197268|225|2021-02-09,-0.5172080380071219,0.0
201662,225,2021-02-09,2021-02-18,10,control,0,0.96532935,1,dept_225_closure_2021-02-09,2021-03-11,2021-03,3,1,0.2,201662|225|2021-02-09,0.40828654199287806,0.0
201707,225,2021-02-09,2021-02-18,10,control,0,0.99219394,1,dept_225_closure_2021-02-09,2021-03-11,2021-03,3,1,0.4,201707|225|2021-02-09,0.43515113199287814,0.0
201773,225,2021-02-09,2021-02-18,10,control,0,0.27926448,0,dept_225_closure_2021-02-09,2021-03-11,2021-03,3,1,0.0,201773|225|2021-02-09,-0.27777832800712193,0.0
203040,225,2021-02-09,2021-02-18,10,control,0,0.63117754,1,dept_225_closure_2021-02-09,2021-03-11,2021-03,3,1,0.0,203040|225|2021-02-09,0.07413473199287812,0.0
205446,225,2021-02-09,2021-02-18,10,control,0,0.5259462,1,dept_225_closure_2021-02-09,2021-03-11,2021-03,3,1,0.1,205446|225|2021-02-09,-0.031096608007121884,0.0
206370,225,2021-02-09,2021-02-18,10,control,0,0.20877051,0,dept_225_closure_2021-02-09,2021-03-11,2021-03,3,1,0.0,206370|225|2021-02-09,-0.3482722980071219,0.0
206748,225,2021-02-09,2021-02-18,10,control,0,0.6869173,1,dept_225_closure_2021-02-09,2021-03-11,2021-03,3,1,0.1,206748|225|2021-02-09,0.12987449199287804,0.0
206820,225,2021-02-09,2021-02-18,10,control,0,0.5056104,1,dept_225_closure_2021-02-09,2021-03-11,2021-03,3,1,0.0,206820|225|2021-02-09,-0.0514324080071219,0.0
206904,225,2021-02-09,2021-02-18,10,control,0,0.9530811,1,dept_225_closure_2021-02-09,2021-03-11,2021-03,3,1,0.3,206904|225|2021-02-09,0.3960382919928781,0.0
207447,225,2021-02-09,2021-02-18,10,control,0,0.34226012,0,dept_225_closure_2021-02-09,2021-03-11,2021-03,3,1,0.0,207447|225|2021-02-09,-0.2147826880071219,0.0
208009,225,2021-02-09,2021-02-18,10,control,0,0.97873425,1,dept_225_closure_2021-02-09,2021-03-11,2021-03,3,1,0.2,208009|225|2021-02-09,0.4216914419928781,0.0
208524,225,2021-02-09,2021-02-18,10,control,0,0.8358825,1,dept_225_closure_2021-02-09,2021-03-11,2021-03,3,1,0.0,208524|225|2021-02-09,0.27883969199287806,0.0
208745,225,2021-02-09,2021-02-18,10,control,0,0.99224687,1,dept_225_closure_2021-02-09,2021-03-11,2021-03,3,1,0.3,208745|225|2021-02-09,0.4352040619928781,0.0
211176,225,2021-02-09,2021-02-18,10,control,0,0.6357622,1,dept_225_closure_2021-02-09,2021-03-11,2021-03,3,1,0.1,211176|225|2021-02-09,0.07871939199287814,0.0
213773,225,2021-02-09,2021-02-18,10,control,0,0.7876915,1,dept_225_closure_2021-02-09,2021-03-11,2021-03,3,1,0.0,213773|225|2021-02-09,0.23064869199287807,0.0
214084,225,2021-02-09,2021-02-18,10,treatment,1,0.861025,1,dept_225_closure_2021-02-09,2021-03-11,2021-03,3,1,0.0,214084|225|2021-02-09,0.3039821919928781,0.0
215495,225,2021-02-09,2021-02-18,10,control,0,0.953905,1,dept_225_closure_2021-02-09,2021-03-11,2021-03,3,1,0.2,215495|225|2021-02-09,0.3968621919928781,0.0
217435,225,2021-02-09,2021-02-18,10,control,0,0.4251149,0,dept_225_closure_2021-02-09,2021-03-11,2021-03,3,1,0.0,217435|225|2021-02-09,-0.1319279080071219,0.0
217935,225,2021-02-09,2021-02-18,10,control,0,0.050150763,0,dept_225_closure_2021-02-09,2021-03-11,2021-03,3,1,0.0,217935|225|2021-02-09,-0.5068920450071219,0.0
218655,225,2021-02-09,2021-02-18,10,control,0,0.9413818,1,dept_225_closure_2021-02-09,2021-03-11,2021-03,3,1,0.1,218655|225|2021-02-09,0.38433899199287813,0.0
218845,225,2021-02-09,2021-02-18,10,control,0,0.62621844,1,dept_225_closure_2021-02-09,2021-03-11,2021-03,3,1,0.0,218845|225|2021-02-09,0.06917563199287813,0.0
219180,225,2021-02-09,2021-02-18,10,treatment,1,0.9961695,1,dept_225_closure_2021-02-09,2021-03-11,2021-03,3,1,0.1,219180|225|2021-02-09,0.4391266919928781,0.0
219890,225,2021-02-09,2021-02-18,10,control,0,0.23822242,0,dept_225_closure_2021-02-09,2021-03-11,2021-03,3,1,0.0,219890|225|2021-02-09,-0.3188203880071219,0.0
220166,225,2021-02-09,2021-02-18,10,control,0,0.0636071,0,dept_225_closure_2021-02-09,2021-03-11,2021-03,3,1,0.3,220166|225|2021-02-09,-0.4934357080071219,0.0
220625,225,2021-02-09,2021-02-18,10,control,0,0.43232545,0,dept_225_closure_2021-02-09,2021-03-11,2021-03,3,1,0.0,220625|225|2021-02-09,-0.12471735800712191,0.0
224945,225,2021-02-09,2021-02-18,10,treatment,1,0.38563815,0,dept_225_closure_2021-02-09,2021-03-11,2021-03,3,1,0.0,224945|225|2021-02-09,-0.1714046580071219,0.0
225305,225,2021-02-09,2021-02-18,10,treatment,1,0.22633466,0,dept_225_closure_2021-02-09,2021-03-11,2021-03,3,1,0.0,225305|225|2021-02-09,-0.3307081480071219,0.0
228616,225,2021-02-09,2021-02-18,10,control,0,0.34855863,0,dept_225_closure_2021-02-09,2021-03-11,2021-03,3,1,0.1,228616|225|2021-02-09,-0.20848417800712193,0.0
228853,225,2021-02-09,2021-02-18,10,control,0,0.70645857,1,dept_225_closure_2021-02-09,2021-03-11,2021-03,3,1,0.0,228853|225|2021-02-09,0.1494157619928781,0.0
229849,225,2021-02-09,2021-02-18,10,control,0,0.99606764,1,dept_225_closure_2021-02-09,2021-03-11,2021-03,3,1,0.2,229849|225|2021-02-09,0.4390248319928781,0.0
230388,225,2021-02-09,2021-02-18,10,control,0,0.1738227,0,dept_225_closure_2021-02-09,2021-03-11,2021-03,3,1,0.0,230388|225|2021-02-09,-0.3832201080071219,0.0
230407,225,2021-02-09,2021-02-18,10,control,0,0.79603475,1,dept_225_closure_2021-02-09,2021-03-11,2021-03,3,1,0.1,230407|225|2021-02-09,0.2389919419928781,0.0
231902,225,2021-02-09,2021-02-18,10,control,0,0.9874134,1,dept_225_closure_2021-02-09,2021-03-11,2021-03,3,1,0.0,231902|225|2021-02-09,0.4303705919928781,0.0
233275,225,2021-02-09,2021-02-18,10,control,0,0.57958674,1,dept_225_closure_2021-02-09,2021-03-11,2021-03,3,1,0.0,233275|225|2021-02-09,0.022543931992878075,0.0
234862,225,2021-02-09,2021-02-18,10,control,0,0.39663664,0,dept_225_closure_2021-02-09,2021-03-11,2021-03,3,1,0.2,234862|225|2021-02-09,-0.16040616800712193,0.0
235691,225,2021-02-09,2021-02-18,10,control,0,0.94813615,1,dept_225_closure_2021-02-09,2021-03-11,2021-03,3,1,0.0,235691|225|2021-02-09,0.39109334199287804,0.0
237536,225,2021-02-09,2021-02-18,10,control,0,0.34888518,0,dept_225_closure_2021-02-09,2021-03-11,2021-03,3,1,0.0,237536|225|2021-02-09,-0.2081576280071219,0.0
237750,225,2021-02-09,2021-02-18,10,control,0,0.95692825,1,dept_225_closure_2021-02-09,2021-03-11,2021-03,3,1,0.2,237750|225|2021-02-09,0.3998854419928781,0.0
239422,225,2021-02-09,2021-02-18,10,control,0,0.7698608,1,dept_225_closure_2021-02-09,2021-03-11,2021-03,3,1,0.1,239422|225|2021-02-09,0.2128179919928781,0.0
241420,225,2021-02-09,2021-02-18,10,control,0,0.9988871,1,dept_225_closure_2021-02-09,2021-03-11,2021-03,3,1,0.5,241420|225|2021-02-09,0.4418442919928781,0.0
243726,225,2021-02-09,2021-02-18,10,control,0,0.6828458,1,dept_225_closure_2021-02-09,2021-03-11,2021-03,3,1,0.0,243726|225|2021-02-09,0.12580299199287803,0.0
244643,225,2021-02-09,2021-02-18,10,control,0,0.9442424,1,dept_225_closure_2021-02-09,2021-03-11,2021-03,3,1,0.4,244643|225|2021-02-09,0.3871995919928781,0.0
246087,225,2021-02-09,2021-02-18,10,control,0,0.9979746,1,dept_225_closure_2021-02-09,2021-03-11,2021-03,3,1,0.0,246087|225|2021-02-09,0.44093179199287813,0.0
246226,225,2021-02-09,2021-02-18,10,control,0,0.060403388,0,dept_225_closure_2021-02-09,2021-03-11,2021-03,3,1,0.0,246226|225|2021-02-09,-0.4966394200071219,0.0
249174,225,2021-02-09,2021-02-18,10,treatment,1,0.95790577,1,dept_225_closure_2021-02-09,2021-03-11,2021-03,3,1,0.3,249174|225|2021-02-09,0.4008629619928781,0.0
249701,225,2021-02-09,2021-02-18,10,control,0,0.5075647,1,dept_225_closure_2021-02-09,2021-03-11,2021-03,3,1,0.0,249701|225|2021-02-09,-0.049478108007121935,0.0
249960,225,2021-02-09,2021-02-18,10,control,0,0.45441312,0,dept_225_closure_2021-02-09,2021-03-11,2021-03,3,1,0.4,249960|225|2021-02-09,-0.10262968800712191,0.0
254286,225,2021-02-09,2021-02-18,10,control,0,0.9327924,1,dept_225_closure_2021-02-09,2021-03-11,2021-03,3,1,0.3,254286|225|2021-02-09,0.37574959199287805,0.0
255074,225,2021-02-09,2021-02-18,10,control,0,0.9490253,1,dept_225_closure_2021-02-09,2021-03-11,2021-03,3,1,0.1,255074|225|2021-02-09,0.39198249199287805,0.0
258819,225,2021-02-09,2021-02-18,10,control,0,0.9568416,1,dept_225_closure_2021-02-09,2021-03-11,2021-03,3,1,0.1,258819|225|2021-02-09,0.39979879199287804,0.0
266781,225,2021-02-09,2021-02-18,10,control,0,0.64680547,1,dept_225_closure_2021-02-09,2021-03-11,2021-03,3,1,0.1,266781|225|2021-02-09,0.08976266199287808,0.0
267832,225,2021-02-09,2021-02-18,10,control,0,0.008410257,0,dept_225_closure_2021-02-09,2021-03-11,2021-03,3,1,0.0,267832|225|2021-02-09,-0.5486325510071219,0.0
267860,225,2021-02-09,2021-02-18,10,control,0,0.85143113,1,dept_225_closure_2021-02-09,2021-03-11,2021-03,3,1,0.2,267860|225|2021-02-09,0.2943883219928781,0.0
268666,225,2021-02-09,2021-02-18,10,control,0,0.07243374,0,dept_225_closure_2021-02-09,2021-03-11,2021-03,3,1,0.3,268666|225|2021-02-09,-0.4846090680071219,0.0
269348,225,2021-02-09,2021-02-18,10,control,0,0.4435719,0,dept_225_closure_2021-02-09,2021-03-11,2021-03,3,1,0.3,269348|225|2021-02-09,-0.1134709080071219,0.0
272062,225,2021-02-09,2021-02-18,10,control,0,0.3328512,0,dept_225_closure_2021-02-09,2021-03-11,2021-03,3,1,0.0,272062|225|2021-02-09,-0.2241916080071219,0.0
272822,225,2021-02-09,2021-02-18,10,control,0,0.54888946,1,dept_225_closure_2021-02-09,2021-03-11,2021-03,3,1,0.1,272822|225|2021-02-09,-0.008153348007121863,0.0
272830,225,2021-02-09,2021-02-18,10,treatment,1,0.65420413,1,dept_225_closure_2021-02-09,2021-03-11,2021-03,3,1,0.3,272830|225|2021-02-09,0.09716132199287808,0.0
275594,225,2021-02-09,2021-02-18,10,control,0,0.61326,1,dept_225_closure_2021-02-09,2021-03-11,2021-03,3,1,0.2,275594|225|2021-02-09,0.05621719199287811,0.0
276205,225,2021-02-09,2021-02-18,10,control,0,0.81832045,1,dept_225_closure_2021-02-09,2021-03-11,2021-03,3,1,0.1,276205|225|2021-02-09,0.26127764199287806,0.0
280554,225,2021-02-09,2021-02-18,10,control,0,0.98874027,1,dept_225_closure_2021-02-09,2021-03-11,2021-03,3,1,0.6,280554|225|2021-02-09,0.43169746199287806,0.0
281330,225,2021-02-09,2021-02-18,10,control,0,0.4121877,0,dept_225_closure_2021-02-09,2021-03-11,2021-03,3,1,0.0,281330|225|2021-02-09,-0.14485510800712192,0.0
283074,225,2021-02-09,2021-02-18,10,control,0,0.47065625,0,dept_225_closure_2021-02-09,2021-03-11,2021-03,3,1,0.1,283074|225|2021-02-09,-0.08638655800712192,0.0
283799,225,2021-02-09,2021-02-18,10,control,0,0.6180678,1,dept_225_closure_2021-02-09,2021-03-11,2021-03,3,1,0.0,283799|225|2021-02-09,0.06102499199287803,0.0
284197,225,2021-02-09,2021-02-18,10,control,0,0.7610978,1,dept_225_closure_2021-02-09,2021-03-11,2021-03,3,1,0.2,284197|225|2021-02-09,0.20405499199287813,0.0
284776,225,2021-02-09,2021-02-18,10,control,0,0.9613688,1,dept_225_closure_2021-02-09,2021-03-11,2021-03,3,1,0.5,284776|225|2021-02-09,0.4043259919928781,0.0
286210,225,2021-02-09,2021-02-18,10,control,0,0.9975388,1,dept_225_closure_2021-02-09,2021-03-11,2021-03,3,1,0.5,286210|225|2021-02-09,0.44049599199287803,0.0
287322,225,2021-02-09,2021-02-18,10,control,0,0.16299362,0,dept_225_closure_2021-02-09,2021-03-11,2021-03,3,1,0.0,287322|225|2021-02-09,-0.3940491880071219,0.0
287375,225,2021-02-09,2021-02-18,10,control,0,0.6322628,1,dept_225_closure_2021-02-09,2021-03-11,2021-03,3,1,0.0,287375|225|2021-02-09,0.0752199919928781,0.0
287863,225,2021-02-09,2021-02-18,10,control,0,0.98850876,1,dept_225_closure_2021-02-09,2021-03-11,2021-03,3,1,0.3,287863|225|2021-02-09,0.43146595199287807,0.0
291356,225,2021-02-09,2021-02-18,10,control,0,0.815014,1,dept_225_closure_2021-02-09,2021-03-11,2021-03,3,1,0.0,291356|225|2021-02-09,0.2579711919928781,0.0
291888,225,2021-02-09,2021-02-18,10,control,0,0.3402261,0,dept_225_closure_2021-02-09,2021-03-11,2021-03,3,1,0.1,291888|225|2021-02-09,-0.21681670800712194,0.0
300800,225,2021-02-09,2021-02-18,10,control,0,0.9581977,1,dept_225_closure_2021-02-09,2021-03-11,2021-03,3,1,0.2,300800|225|2021-02-09,0.4011548919928781,0.0
301618,225,2021-02-09,2021-02-18,10,control,0,0.7646375,1,dept_225_closure_2021-02-09,2021-03-11,2021-03,3,1,0.2,301618|225|2021-02-09,0.20759469199287806,0.0
303017,225,2021-02-09,2021-02-18,10,control,0,0.90142965,1,dept_225_closure_2021-02-09,2021-03-11,2021-03,3,1,0.1,303017|225|2021-02-09,0.34438684199287806,0.0
304311,225,2021-02-09,2021-02-18,10,control,0,0.25986248,0,dept_225_closure_2021-02-09,2021-03-11,2021-03,3,1,0.0,304311|225|2021-02-09,-0.2971803280071219,0.0
306819,225,2021-02-09,2021-02-18,10,control,0,0.84821045,1,dept_225_closure_2021-02-09,2021-03-11,2021-03,3,1,0.2,306819|225|2021-02-09,0.29116764199287803,0.0
307045,225,2021-02-09,2021-02-18,10,control,0,0.6588814,1,dept_225_closure_2021-02-09,2021-03-11,2021-03,3,1,0.0,307045|225|2021-02-09,0.10183859199287804,0.0
308765,225,2021-02-09,2021-02-18,10,control,0,0.24936,0,dept_225_closure_2021-02-09,2021-03-11,2021-03,3,1,0.0,308765|225|2021-02-09,-0.3076828080071219,0.0
309225,225,2021-02-09,2021-02-18,10,treatment,1,0.1776764,0,dept_225_closure_2021-02-09,2021-03-11,2021-03,3,1,0.0,309225|225|2021-02-09,-0.3793664080071219,0.0
309425,225,2021-02-09,2021-02-18,10,treatment,1,0.06610407,0,dept_225_closure_2021-02-09,2021-03-11,2021-03,3,1,0.0,309425|225|2021-02-09,-0.4909387380071219,0.0
311745,225,2021-02-09,2021-02-18,10,treatment,1,0.021281237,0,dept_225_closure_2021-02-09,2021-03-11,2021-03,3,1,0.0,311745|225|2021-02-09,-0.535761571007122,0.0
313203,225,2021-02-09,2021-02-18,10,control,0,0.25599334,0,dept_225_closure_2021-02-09,2021-03-11,2021-03,3,1,0.1,313203|225|2021-02-09,-0.3010494680071219,0.0
315451,225,2021-02-09,2021-02-18,10,control,0,0.9705118,1,dept_225_closure_2021-02-09,2021-03-11,2021-03,3,1,0.5,315451|225|2021-02-09,0.4134689919928781,0.0
315647,225,2021-02-09,2021-02-18,10,control,0,0.3782344,0,dept_225_closure_2021-02-09,2021-03-11,2021-03,3,1,0.1,315647|225|2021-02-09,-0.1788084080071219,0.0
315732,225,2021-02-09,2021-02-18,10,control,0,0.8427103,1,dept_225_closure_2021-02-09,2021-03-11,2021-03,3,1,0.2,315732|225|2021-02-09,0.2856674919928781,0.0
317843,225,2021-02-09,2021-02-18,10,control,0,0.98815453,1,dept_225_closure_2021-02-09,2021-03-11,2021-03,3,1,0.1,317843|225|2021-02-09,0.43111172199287806,0.0
318667,225,2021-02-09,2021-02-18,10,control,0,0.9570408,1,dept_225_closure_2021-02-09,2021-03-11,2021-03,3,1,0.1,318667|225|2021-02-09,0.3999979919928781,0.0
319054,225,2021-02-09,2021-02-18,10,control,0,0.04163035,0,dept_225_closure_2021-02-09,2021-03-11,2021-03,3,1,0.0,319054|225|2021-02-09,-0.5154124580071219,0.0
321167,225,2021-02-09,2021-02-18,10,control,0,0.82681614,1,dept_225_closure_2021-02-09,2021-03-11,2021-03,3,1,0.0,321167|225|2021-02-09,0.2697733319928781,0.0
321263,225,2021-02-09,2021-02-18,10,treatment,1,0.5256569,1,dept_225_closure_2021-02-09,2021-03-11,2021-03,3,1,0.0,321263|225|2021-02-09,-0.03138590800712193,0.0
321709,225,2021-02-09,2021-02-18,10,control,0,0.53771627,1,dept_225_closure_2021-02-09,2021-03-11,2021-03,3,1,0.1,321709|225|2021-02-09,-0.01932653800712192,0.0
321846,225,2021-02-09,2021-02-18,10,control,0,0.9958906,1,dept_225_closure_2021-02-09,2021-03-11,2021-03,3,1,0.6,321846|225|2021-02-09,0.43884779199287804,0.0
322570,225,2021-02-09,2021-02-18,10,control,0,0.4746458,0,dept_225_closure_2021-02-09,2021-03-11,2021-03,3,1,0.2,322570|225|2021-02-09,-0.08239700800712191,0.0
323053,225,2021-02-09,2021-02-18,10,control,0,0.23941047,0,dept_225_closure_2021-02-09,2021-03-11,2021-03,3,1,0.1,323053|225|2021-02-09,-0.31763233800712193,0.0
324836,225,2021-02-09,2021-02-18,10,control,0,0.74630404,1,dept_225_closure_2021-02-09,2021-03-11,2021-03,3,1,0.0,324836|225|2021-02-09,0.18926123199287803,0.0
325434,225,2021-02-09,2021-02-18,10,control,0,0.2890141,0,dept_225_closure_2021-02-09,2021-03-11,2021-03,3,1,0.0,325434|225|2021-02-09,-0.2680287080071219,0.0
325633,225,2021-02-09,2021-02-18,10,control,0,0.35559046,0,dept_225_closure_2021-02-09,2021-03-11,2021-03,3,1,0.0,325633|225|2021-02-09,-0.20145234800712192,0.0
326293,225,2021-02-09,2021-02-18,10,control,0,0.09546325,0,dept_225_closure_2021-02-09,2021-03-11,2021-03,3,1,0.1,326293|225|2021-02-09,-0.4615795580071219,0.0
326796,225,2021-02-09,2021-02-18,10,control,0,0.9852455,1,dept_225_closure_2021-02-09,2021-03-11,2021-03,3,1,0.2,326796|225|2021-02-09,0.4282026919928781,0.0
328999,225,2021-02-09,2021-02-18,10,control,0,0.117217064,0,dept_225_closure_2021-02-09,2021-03-11,2021-03,3,1,0.1,328999|225|2021-02-09,-0.43982574400712193,0.0
329476,225,2021-02-09,2021-02-18,10,control,0,0.0917978,0,dept_225_closure_2021-02-09,2021-03-11,2021-03,3,1,0.0,329476|225|2021-02-09,-0.46524500800712193,0.0
329951,225,2021-02-09,2021-02-18,10,treatment,1,0.39544433,0,dept_225_closure_2021-02-09,2021-03-11,2021-03,3,1,0.0,329951|225|2021-02-09,-0.1615984780071219,0.0
331130,225,2021-02-09,2021-02-18,10,control,0,0.14147724,0,dept_225_closure_2021-02-09,2021-03-11,2021-03,3,1,0.1,331130|225|2021-02-09,-0.4155655680071219,0.0
331900,225,2021-02-09,2021-02-18,10,control,0,0.48254243,0,dept_225_closure_2021-02-09,2021-03-11,2021-03,3,1,0.0,331900|225|2021-02-09,-0.07450037800712189,0.0
332741,225,2021-02-09,2021-02-18,10,control,0,0.69679976,1,dept_225_closure_2021-02-09,2021-03-11,2021-03,3,1,0.0,332741|225|2021-02-09,0.13975695199287808,0.0
335610,225,2021-02-09,2021-02-18,10,control,0,0.6019868,1,dept_225_closure_2021-02-09,2021-03-11,2021-03,3,1,0.0,335610|225|2021-02-09,0.04494399199287813,0.0
337373,225,2021-02-09,2021-02-18,10,treatment,1,0.7045855,1,dept_225_closure_2021-02-09,2021-03-11,2021-03,3,1,0.1,337373|225|2021-02-09,0.14754269199287806,0.0
337995,225,2021-02-09,2021-02-18,10,treatment,1,0.25375792,0,dept_225_closure_2021-02-09,2021-03-11,2021-03,3,1,0.0,337995|225|2021-02-09,-0.3032848880071219,0.0
338590,225,2021-02-09,2021-02-18,10,control,0,0.12135875,0,dept_225_closure_2021-02-09,2021-03-11,2021-03,3,1,0.0,338590|225|2021-02-09,-0.4356840580071219,0.0
340681,225,2021-02-09,2021-02-18,10,control,0,0.0892653,0,dept_225_closure_2021-02-09,2021-03-11,2021-03,3,1,0.0,340681|225|2021-02-09,-0.4677775080071219,0.0
346633,225,2021-02-09,2021-02-18,10,control,0,0.634922,1,dept_225_closure_2021-02-09,2021-03-11,2021-03,3,1,0.1,346633|225|2021-02-09,0.07787919199287807,0.0
346829,225,2021-02-09,2021-02-18,10,control,0,0.6967923,1,dept_225_closure_2021-02-09,2021-03-11,2021-03,3,1,0.5,346829|225|2021-02-09,0.13974949199287812,0.0
347007,225,2021-02-09,2021-02-18,10,treatment,1,0.9279068,1,dept_225_closure_2021-02-09,2021-03-11,2021-03,3,1,0.3,347007|225|2021-02-09,0.3708639919928781,0.0
348194,225,2021-02-09,2021-02-18,10,control,0,0.9463242,1,dept_225_closure_2021-02-09,2021-03-11,2021-03,3,1,0.1,348194|225|2021-02-09,0.38928139199287803,0.0
348223,225,2021-02-09,2021-02-18,10,control,0,0.9166912,1,dept_225_closure_2021-02-09,2021-03-11,2021-03,3,1,0.0,348223|225|2021-02-09,0.3596483919928781,0.0
349263,225,2021-02-09,2021-02-18,10,treatment,1,0.67589456,1,dept_225_closure_2021-02-09,2021-03-11,2021-03,3,1,0.1,349263|225|2021-02-09,0.11885175199287812,0.0
349947,225,2021-02-09,2021-02-18,10,control,0,0.3566129,0,dept_225_closure_2021-02-09,2021-03-11,2021-03,3,1,0.1,349947|225|2021-02-09,-0.2004299080071219,0.0
350836,225,2021-02-09,2021-02-18,10,control,0,0.9993635,1,dept_225_closure_2021-02-09,2021-03-11,2021-03,3,1,0.0,350836|225|2021-02-09,0.44232069199287805,0.0
355020,225,2021-02-09,2021-02-18,10,control,0,0.35674804,0,dept_225_closure_2021-02-09,2021-03-11,2021-03,3,1,0.3,355020|225|2021-02-09,-0.20029476800712193,0.0
355506,225,2021-02-09,2021-02-18,10,treatment,1,0.7604829,1,dept_225_closure_2021-02-09,2021-03-11,2021-03,3,1,0.2,355506|225|2021-02-09,0.20344009199287805,0.0
355559,225,2021-02-09,2021-02-18,10,control,0,0.9997812,1,dept_225_closure_2021-02-09,2021-03-11,2021-03,3,1,0.3,355559|225|2021-02-09,0.4427383919928781,0.0
356801,225,2021-02-09,2021-02-18,10,control,0,0.39246687,0,dept_225_closure_2021-02-09,2021-03-11,2021-03,3,1,0.0,356801|225|2021-02-09,-0.1645759380071219,0.0
358354,225,2021-02-09,2021-02-18,10,control,0,0.3476285,0,dept_225_closure_2021-02-09,2021-03-11,2021-03,3,1,0.0,358354|225|2021-02-09,-0.2094143080071219,0.0
358508,225,2021-02-09,2021-02-18,10,treatment,1,0.98895127,1,dept_225_closure_2021-02-09,2021-03-11,2021-03,3,1,0.0,358508|225|2021-02-09,0.43190846199287813,0.0
359557,225,2021-02-09,2021-02-18,10,treatment,1,0.43182382,0,dept_225_closure_2021-02-09,2021-03-11,2021-03,3,1,0.0,359557|225|2021-02-09,-0.1252189880071219,0.0
361866,225,2021-02-09,2021-02-18,10,control,0,0.2885477,0,dept_225_closure_2021-02-09,2021-03-11,2021-03,3,1,0.1,361866|225|2021-02-09,-0.2684951080071219,0.0
362157,225,2021-02-09,2021-02-18,10,control,0,0.6285289,1,dept_225_closure_2021-02-09,2021-03-11,2021-03,3,1,0.2,362157|225|2021-02-09,0.07148609199287803,0.0
362647,225,2021-02-09,2021-02-18,10,control,0,0.97810817,1,dept_225_closure_2021-02-09,2021-03-11,2021-03,3,1,0.6,362647|225|2021-02-09,0.42106536199287814,0.0
363917,225,2021-02-09,2021-02-18,10,control,0,0.14968768,0,dept_225_closure_2021-02-09,2021-03-11,2021-03,3,1,0.0,363917|225|2021-02-09,-0.4073551280071219,0.0
365981,225,2021-02-09,2021-02-18,10,control,0,0.78223735,1,dept_225_closure_2021-02-09,2021-03-11,2021-03,3,1,0.1,365981|225|2021-02-09,0.22519454199287814,0.0
366967,225,2021-02-09,2021-02-18,10,control,0,0.8748402,1,dept_225_closure_2021-02-09,2021-03-11,2021-03,3,1,0.2,366967|225|2021-02-09,0.31779739199287804,0.0
367111,225,2021-02-09,2021-02-18,10,control,0,0.135889,0,dept_225_closure_2021-02-09,2021-03-11,2021-03,3,1,0.0,367111|225|2021-02-09,-0.4211538080071219,0.0
367562,225,2021-02-09,2021-02-18,10,control,0,0.44473973,0,dept_225_closure_2021-02-09,2021-03-11,2021-03,3,1,0.2,367562|225|2021-02-09,-0.11230307800712191,0.0
368245,225,2021-02-09,2021-02-18,10,treatment,1,0.74348015,1,dept_225_closure_2021-02-09,2021-03-11,2021-03,3,1,0.1,368245|225|2021-02-09,0.1864373419928781,0.0
370655,225,2021-02-09,2021-02-18,10,control,0,0.95070106,1,dept_225_closure_2021-02-09,2021-03-11,2021-03,3,1,0.2,370655|225|2021-02-09,0.39365825199287807,0.0
370948,225,2021-02-09,2021-02-18,10,control,0,0.47814432,0,dept_225_closure_2021-02-09,2021-03-11,2021-03,3,1,0.1,370948|225|2021-02-09,-0.0788984880071219,0.0
373453,225,2021-02-09,2021-02-18,10,control,0,0.12594806,0,dept_225_closure_2021-02-09,2021-03-11,2021-03,3,1,0.0,373453|225|2021-02-09,-0.4310947480071219,0.0
374365,225,2021-02-09,2021-02-18,10,control,0,0.16299587,0,dept_225_closure_2021-02-09,2021-03-11,2021-03,3,1,0.1,374365|225|2021-02-09,-0.3940469380071219,0.0
376317,225,2021-02-09,2021-02-18,10,treatment,1,0.3172194,0,dept_225_closure_2021-02-09,2021-03-11,2021-03,3,1,0.0,376317|225|2021-02-09,-0.23982340800712193,0.0
378384,225,2021-02-09,2021-02-18,10,control,0,0.9768808,1,dept_225_closure_2021-02-09,2021-03-11,2021-03,3,1,0.5,378384|225|2021-02-09,0.4198379919928781,0.0
381219,225,2021-02-09,2021-02-18,10,control,0,0.8107899,1,dept_225_closure_2021-02-09,2021-03-11,2021-03,3,1,0.2,381219|225|2021-02-09,0.25374709199287804,0.0
382479,225,2021-02-09,2021-02-18,10,control,0,0.49913758,0,dept_225_closure_2021-02-09,2021-03-11,2021-03,3,1,0.2,382479|225|2021-02-09,-0.05790522800712189,0.0
382655,225,2021-02-09,2021-02-18,10,control,0,0.48623624,0,dept_225_closure_2021-02-09,2021-03-11,2021-03,3,1,0.0,382655|225|2021-02-09,-0.07080656800712193,0.0
382771,225,2021-02-09,2021-02-18,10,treatment,1,0.8868053,1,dept_225_closure_2021-02-09,2021-03-11,2021-03,3,1,0.1,382771|225|2021-02-09,0.3297624919928781,0.0
386353,225,2021-02-09,2021-02-18,10,control,0,0.44928175,0,dept_225_closure_2021-02-09,2021-03-11,2021-03,3,1,0.0,386353|225|2021-02-09,-0.10776105800712193,0.0
386934,225,2021-02-09,2021-02-18,10,control,0,0.88146484,1,dept_225_closure_2021-02-09,2021-03-11,2021-03,3,1,0.2,386934|225|2021-02-09,0.3244220319928781,0.0
387595,225,2021-02-09,2021-02-18,10,control,0,0.91805726,1,dept_225_closure_2021-02-09,2021-03-11,2021-03,3,1,0.0,387595|225|2021-02-09,0.36101445199287807,0.0
388363,225,2021-02-09,2021-02-18,10,control,0,0.9731699,1,dept_225_closure_2021-02-09,2021-03-11,2021-03,3,1,0.1,388363|225|2021-02-09,0.4161270919928781,0.0
390747,225,2021-02-09,2021-02-18,10,control,0,0.10827,0,dept_225_closure_2021-02-09,2021-03-11,2021-03,3,1,0.0,390747|225|2021-02-09,-0.44877280800712194,0.0
391275,225,2021-02-09,2021-02-18,10,control,0,0.1237231,0,dept_225_closure_2021-02-09,2021-03-11,2021-03,3,1,0.0,391275|225|2021-02-09,-0.43331970800712194,0.0
395354,225,2021-02-09,2021-02-18,10,treatment,1,0.3047165,0,dept_225_closure_2021-02-09,2021-03-11,2021-03,3,1,0.0,395354|225|2021-02-09,-0.2523263080071219,0.0
396599,225,2021-02-09,2021-02-18,10,control,0,0.19667627,0,dept_225_closure_2021-02-09,2021-03-11,2021-03,3,1,0.0,396599|225|2021-02-09,-0.36036653800712193,0.0
396971,225,2021-02-09,2021-02-18,10,control,0,0.066589184,0,dept_225_closure_2021-02-09,2021-03-11,2021-03,3,1,0.1,396971|225|2021-02-09,-0.4904536240071219,0.0
397043,225,2021-02-09,2021-02-18,10,control,0,0.8672236,1,dept_225_closure_2021-02-09,2021-03-11,2021-03,3,1,0.0,397043|225|2021-02-09,0.31018079199287807,0.0
398354,225,2021-02-09,2021-02-18,10,control,0,0.6507126,1,dept_225_closure_2021-02-09,2021-03-11,2021-03,3,1,0.0,398354|225|2021-02-09,0.09366979199287806,0.0
399046,225,2021-02-09,2021-02-18,10,control,0,0.5696758,1,dept_225_closure_2021-02-09,2021-03-11,2021-03,3,1,0.0,399046|225|2021-02-09,0.01263299199287804,0.0
399413,225,2021-02-09,2021-02-18,10,control,0,0.916818,1,dept_225_closure_2021-02-09,2021-03-11,2021-03,3,1,0.1,399413|225|2021-02-09,0.3597751919928781,0.0
399931,225,2021-02-09,2021-02-18,10,treatment,1,0.55405474,1,dept_225_closure_2021-02-09,2021-03-11,2021-03,3,1,0.0,399931|225|2021-02-09,-0.0029880680071219246,0.0
400776,225,2021-02-09,2021-02-18,10,control,0,0.4215834,0,dept_225_closure_2021-02-09,2021-03-11,2021-03,3,1,0.0,400776|225|2021-02-09,-0.13545940800712192,0.0
402754,225,2021-02-09,2021-02-18,10,control,0,0.3393672,0,dept_225_closure_2021-02-09,2021-03-11,2021-03,3,1,0.0,402754|225|2021-02-09,-0.21767560800712193,0.0
403154,225,2021-02-09,2021-02-18,10,control,0,0.031127399,0,dept_225_closure_2021-02-09,2021-03-11,2021-03,3,1,0.0,403154|225|2021-02-09,-0.5259154090071219,0.0
403446,225,2021-02-09,2021-02-18,10,control,0,0.5542411,1,dept_225_closure_2021-02-09,2021-03-11,2021-03,3,1,0.2,403446|225|2021-02-09,-0.0028017080071218725,0.0
404352,225,2021-02-09,2021-02-18,10,control,0,0.9993554,1,dept_225_closure_2021-02-09,2021-03-11,2021-03,3,1,0.7,404352|225|2021-02-09,0.4423125919928781,0.0
406126,225,2021-02-09,2021-02-18,10,control,0,0.61097187,1,dept_225_closure_2021-02-09,2021-03-11,2021-03,3,1,0.0,406126|225|2021-02-09,0.05392906199287806,0.0
407060,225,2021-02-09,2021-02-18,10,treatment,1,0.2642639,0,dept_225_closure_2021-02-09,2021-03-11,2021-03,3,1,0.0,407060|225|2021-02-09,-0.2927789080071219,0.0
409183,225,2021-02-09,2021-02-18,10,treatment,1,0.20574966,0,dept_225_closure_2021-02-09,2021-03-11,2021-03,3,1,0.0,409183|225|2021-02-09,-0.3512931480071219,0.0
409407,225,2021-02-09,2021-02-18,10,control,0,0.6272991,1,dept_225_closure_2021-02-09,2021-03-11,2021-03,3,1,0.0,409407|225|2021-02-09,0.07025629199287808,0.0
409880,225,2021-02-09,2021-02-18,10,control,0,0.89655435,1,dept_225_closure_2021-02-09,2021-03-11,2021-03,3,1,0.3,409880|225|2021-02-09,0.33951154199287814,0.0
410210,225,2021-02-09,2021-02-18,10,control,0,0.028627863,0,dept_225_closure_2021-02-09,2021-03-11,2021-03,3,1,0.0,410210|225|2021-02-09,-0.5284149450071219,0.0
411602,225,2021-02-09,2021-02-18,10,control,0,0.8244264,1,dept_225_closure_2021-02-09,2021-03-11,2021-03,3,1,0.4,411602|225|2021-02-09,0.2673835919928781,0.0
413500,225,2021-02-09,2021-02-18,10,control,0,0.9955237,1,dept_225_closure_2021-02-09,2021-03-11,2021-03,3,1,0.0,413500|225|2021-02-09,0.4384808919928781,0.0
413542,225,2021-02-09,2021-02-18,10,control,0,0.94302773,1,dept_225_closure_2021-02-09,2021-03-11,2021-03,3,1,0.1,413542|225|2021-02-09,0.38598492199287804,0.0
414176,225,2021-02-09,2021-02-18,10,control,0,0.71674174,1,dept_225_closure_2021-02-09,2021-03-11,2021-03,3,1,0.2,414176|225|2021-02-09,0.1596989319928781,0.0
414601,225,2021-02-09,2021-02-18,10,control,0,0.42178676,0,dept_225_closure_2021-02-09,2021-03-11,2021-03,3,1,0.2,414601|225|2021-02-09,-0.13525604800712193,0.0
417063,225,2021-02-09,2021-02-18,10,treatment,1,0.3493233,0,dept_225_closure_2021-02-09,2021-03-11,2021-03,3,1,0.2,417063|225|2021-02-09,-0.2077195080071219,0.0
417624,225,2021-02-09,2021-02-18,10,control,0,0.8831816,1,dept_225_closure_2021-02-09,2021-03-11,2021-03,3,1,0.0,417624|225|2021-02-09,0.3261387919928781,0.0
420534,225,2021-02-09,2021-02-18,10,control,0,0.35066342,0,dept_225_closure_2021-02-09,2021-03-11,2021-03,3,1,0.0,420534|225|2021-02-09,-0.2063793880071219,0.0
421583,225,2021-02-09,2021-02-18,10,treatment,1,0.37277293,0,dept_225_closure_2021-02-09,2021-03-11,2021-03,3,1,0.0,421583|225|2021-02-09,-0.1842698780071219,0.0
421595,225,2021-02-09,2021-02-18,10,control,0,0.13892803,0,dept_225_closure_2021-02-09,2021-03-11,2021-03,3,1,0.0,421595|225|2021-02-09,-0.41811477800712193,0.0
422210,225,2021-02-09,2021-02-18,10,control,0,0.9951025,1,dept_225_closure_2021-02-09,2021-03-11,2021-03,3,1,0.5,422210|225|2021-02-09,0.4380596919928781,0.0
422336,225,2021-02-09,2021-02-18,10,control,0,0.83844286,1,dept_225_closure_2021-02-09,2021-03-11,2021-03,3,1,0.2,422336|225|2021-02-09,0.2814000519928781,0.0
425289,225,2021-02-09,2021-02-18,10,control,0,0.2427501,0,dept_225_closure_2021-02-09,2021-03-11,2021-03,3,1,0.1,425289|225|2021-02-09,-0.31429270800712195,0.0
425821,225,2021-02-09,2021-02-18,10,treatment,1,0.79966164,1,dept_225_closure_2021-02-09,2021-03-11,2021-03,3,1,0.1,425821|225|2021-02-09,0.24261883199287804,0.0
427750,225,2021-02-09,2021-02-18,10,control,0,0.82984,1,dept_225_closure_2021-02-09,2021-03-11,2021-03,3,1,0.2,427750|225|2021-02-09,0.2727971919928781,0.0
428456,225,2021-02-09,2021-02-18,10,control,0,0.43543127,0,dept_225_closure_2021-02-09,2021-03-11,2021-03,3,1,0.0,428456|225|2021-02-09,-0.12161153800712193,0.0
428894,225,2021-02-09,2021-02-18,10,control,0,0.99533254,1,dept_225_closure_2021-02-09,2021-03-11,2021-03,3,1,0.1,428894|225|2021-02-09,0.43828973199287813,0.0
428909,225,2021-02-09,2021-02-18,10,control,0,0.7319816,1,dept_225_closure_2021-02-09,2021-03-11,2021-03,3,1,0.0,428909|225|2021-02-09,0.1749387919928781,0.0
430385,225,2021-02-09,2021-02-18,10,treatment,1,0.67291415,1,dept_225_closure_2021-02-09,2021-03-11,2021-03,3,1,0.3,430385|225|2021-02-09,0.11587134199287807,0.0
430856,225,2021-02-09,2021-02-18,10,control,0,0.113914736,0,dept_225_closure_2021-02-09,2021-03-11,2021-03,3,1,0.0,430856|225|2021-02-09,-0.4431280720071219,0.0
432774,225,2021-02-09,2021-02-18,10,control,0,0.42122024,0,dept_225_closure_2021-02-09,2021-03-11,2021-03,3,1,0.0,432774|225|2021-02-09,-0.1358225680071219,0.0
433451,225,2021-02-09,2021-02-18,10,control,0,0.66453654,1,dept_225_closure_2021-02-09,2021-03-11,2021-03,3,1,0.1,433451|225|2021-02-09,0.10749373199287804,0.0
434436,225,2021-02-09,2021-02-18,10,control,0,0.32243565,0,dept_225_closure_2021-02-09,2021-03-11,2021-03,3,1,0.1,434436|225|2021-02-09,-0.2346071580071219,0.0
437482,225,2021-02-09,2021-02-18,10,control,0,0.76939327,1,dept_225_closure_2021-02-09,2021-03-11,2021-03,3,1,0.0,437482|225|2021-02-09,0.2123504619928781,0.0
437779,225,2021-02-09,2021-02-18,10,control,0,0.30429742,0,dept_225_closure_2021-02-09,2021-03-11,2021-03,3,1,0.0,437779|225|2021-02-09,-0.25274538800712193,0.0
437833,225,2021-02-09,2021-02-18,10,control,0,0.96572256,1,dept_225_closure_2021-02-09,2021-03-11,2021-03,3,1,0.0,437833|225|2021-02-09,0.4086797519928781,0.0
438478,225,2021-02-09,2021-02-18,10,control,0,0.79792196,1,dept_225_closure_2021-02-09,2021-03-11,2021-03,3,1,0.0,438478|225|2021-02-09,0.24087915199287813,0.0
439163,225,2021-02-09,2021-02-18,10,control,0,0.6120299,1,dept_225_closure_2021-02-09,2021-03-11,2021-03,3,1,0.1,439163|225|2021-02-09,0.0549870919928781,0.0
440038,225,2021-02-09,2021-02-18,10,control,0,0.99606234,1,dept_225_closure_2021-02-09,2021-03-11,2021-03,3,1,0.1,440038|225|2021-02-09,0.43901953199287813,0.0
444671,225,2021-02-09,2021-02-18,10,treatment,1,0.2107164,0,dept_225_closure_2021-02-09,2021-03-11,2021-03,3,1,0.0,444671|225|2021-02-09,-0.3463264080071219,0.0
444939,225,2021-02-09,2021-02-18,10,control,0,0.5629561,1,dept_225_closure_2021-02-09,2021-03-11,2021-03,3,1,0.1,444939|225|2021-02-09,0.005913291992878045,0.0
446553,225,2021-02-09,2021-02-18,10,control,0,0.69638073,1,dept_225_closure_2021-02-09,2021-03-11,2021-03,3,1,0.0,446553|225|2021-02-09,0.1393379219928781,0.0
448300,225,2021-02-09,2021-02-18,10,control,0,0.15980117,0,dept_225_closure_2021-02-09,2021-03-11,2021-03,3,1,0.1,448300|225|2021-02-09,-0.3972416380071219,0.0
448365,225,2021-02-09,2021-02-18,10,control,0,0.610063,1,dept_225_closure_2021-02-09,2021-03-11,2021-03,3,1,0.2,448365|225|2021-02-09,0.05302019199287811,0.0
450464,225,2021-02-09,2021-02-18,10,control,0,0.0899341,0,dept_225_closure_2021-02-09,2021-03-11,2021-03,3,1,0.0,450464|225|2021-02-09,-0.4671087080071219,0.0
451797,225,2021-02-09,2021-02-18,10,control,0,0.5686298,1,dept_225_closure_2021-02-09,2021-03-11,2021-03,3,1,0.0,451797|225|2021-02-09,0.011586991992878048,0.0
451856,225,2021-02-09,2021-02-18,10,control,0,0.81858045,1,dept_225_closure_2021-02-09,2021-03-11,2021-03,3,1,0.1,451856|225|2021-02-09,0.2615376419928781,0.0
453594,225,2021-02-09,2021-02-18,10,control,0,0.51488364,1,dept_225_closure_2021-02-09,2021-03-11,2021-03,3,1,0.2,453594|225|2021-02-09,-0.04215916800712194,0.0
454303,225,2021-02-09,2021-02-18,10,control,0,0.42539623,0,dept_225_closure_2021-02-09,2021-03-11,2021-03,3,1,0.1,454303|225|2021-02-09,-0.13164657800712193,0.0
456801,225,2021-02-09,2021-02-18,10,control,0,0.44320226,0,dept_225_closure_2021-02-09,2021-03-11,2021-03,3,1,0.0,456801|225|2021-02-09,-0.1138405480071219,0.0
457945,225,2021-02-09,2021-02-18,10,control,0,0.75042796,1,dept_225_closure_2021-02-09,2021-03-11,2021-03,3,1,0.1,457945|225|2021-02-09,0.1933851519928781,0.0
458589,225,2021-02-09,2021-02-18,10,control,0,0.54510933,1,dept_225_closure_2021-02-09,2021-03-11,2021-03,3,1,0.0,458589|225|2021-02-09,-0.011933478007121967,0.0
460269,225,2021-02-09,2021-02-18,10,control,0,0.58065283,1,dept_225_closure_2021-02-09,2021-03-11,2021-03,3,1,0.1,460269|225|2021-02-09,0.023610021992878094,0.0
460404,225,2021-02-09,2021-02-18,10,control,0,0.35052446,0,dept_225_closure_2021-02-09,2021-03-11,2021-03,3,1,0.1,460404|225|2021-02-09,-0.20651834800712193,0.0
464247,225,2021-02-09,2021-02-18,10,control,0,0.8327629,1,dept_225_closure_2021-02-09,2021-03-11,2021-03,3,1,0.0,464247|225|2021-02-09,0.27572009199287806,0.0
464509,225,2021-02-09,2021-02-18,10,control,0,0.56256324,1,dept_225_closure_2021-02-09,2021-03-11,2021-03,3,1,0.0,464509|225|2021-02-09,0.005520431992878105,0.0
464702,225,2021-02-09,2021-02-18,10,control,0,0.96385574,1,dept_225_closure_2021-02-09,2021-03-11,2021-03,3,1,0.2,464702|225|2021-02-09,0.40681293199287805,0.0
465287,225,2021-02-09,2021-02-18,10,control,0,0.4809686,0,dept_225_closure_2021-02-09,2021-03-11,2021-03,3,1,0.1,465287|225|2021-02-09,-0.07607420800712189,0.0
467269,225,2021-02-09,2021-02-18,10,control,0,0.5799187,1,dept_225_closure_2021-02-09,2021-03-11,2021-03,3,1,0.1,467269|225|2021-02-09,0.022875891992878095,0.0
467336,225,2021-02-09,2021-02-18,10,treatment,1,0.14474845,0,dept_225_closure_2021-02-09,2021-03-11,2021-03,3,1,0.0,467336|225|2021-02-09,-0.4122943580071219,0.0
467621,225,2021-02-09,2021-02-18,10,control,0,0.983469,1,dept_225_closure_2021-02-09,2021-03-11,2021-03,3,1,0.5,467621|225|2021-02-09,0.4264261919928781,0.0
469389,225,2021-02-09,2021-02-18,10,control,0,0.612861,1,dept_225_closure_2021-02-09,2021-03-11,2021-03,3,1,0.0,469389|225|2021-02-09,0.055818191992878075,0.0
469826,225,2021-02-09,2021-02-18,10,control,0,0.45079404,0,dept_225_closure_2021-02-09,2021-03-11,2021-03,3,1,0.0,469826|225|2021-02-09,-0.10624876800712191,0.0
471891,225,2021-02-09,2021-02-18,10,control,0,0.53209096,1,dept_225_closure_2021-02-09,2021-03-11,2021-03,3,1,0.1,471891|225|2021-02-09,-0.024951848007121913,0.0
472342,225,2021-02-09,2021-02-18,10,treatment,1,0.28729507,0,dept_225_closure_2021-02-09,2021-03-11,2021-03,3,1,0.0,472342|225|2021-02-09,-0.26974773800712193,0.0
473127,225,2021-02-09,2021-02-18,10,control,0,0.98042405,1,dept_225_closure_2021-02-09,2021-03-11,2021-03,3,1,0.0,473127|225|2021-02-09,0.4233812419928781,0.0
475523,225,2021-02-09,2021-02-18,10,control,0,0.52391076,1,dept_225_closure_2021-02-09,2021-03-11,2021-03,3,1,0.0,475523|225|2021-02-09,-0.033132048007121884,0.0
478934,225,2021-02-09,2021-02-18,10,control,0,0.879664,1,dept_225_closure_2021-02-09,2021-03-11,2021-03,3,1,0.6,478934|225|2021-02-09,0.3226211919928781,0.0
479982,225,2021-02-09,2021-02-18,10,control,0,0.72143114,1,dept_225_closure_2021-02-09,2021-03-11,2021-03,3,1,0.1,479982|225|2021-02-09,0.16438833199287806,0.0
481053,225,2021-02-09,2021-02-18,10,control,0,0.60998887,1,dept_225_closure_2021-02-09,2021-03-11,2021-03,3,1,0.0,481053|225|2021-02-09,0.0529460619928781,0.0
481534,225,2021-02-09,2021-02-18,10,treatment,1,0.7666529,1,dept_225_closure_2021-02-09,2021-03-11,2021-03,3,1,0.1,481534|225|2021-02-09,0.20961009199287806,0.0
483355,225,2021-02-09,2021-02-18,10,treatment,1,0.21617046,0,dept_225_closure_2021-02-09,2021-03-11,2021-03,3,1,0.1,483355|225|2021-02-09,-0.3408723480071219,0.0
484202,225,2021-02-09,2021-02-18,10,control,0,0.11625671,0,dept_225_closure_2021-02-09,2021-03-11,2021-03,3,1,0.0,484202|225|2021-02-09,-0.44078609800712193,0.0
484803,225,2021-02-09,2021-02-18,10,control,0,0.48871788,0,dept_225_closure_2021-02-09,2021-03-11,2021-03,3,1,0.1,484803|225|2021-02-09,-0.06832492800712192,0.0
487863,225,2021-02-09,2021-02-18,10,control,0,0.29896432,0,dept_225_closure_2021-02-09,2021-03-11,2021-03,3,1,0.1,487863|225|2021-02-09,-0.2580784880071219,0.0
488759,225,2021-02-09,2021-02-18,10,control,0,0.560258,1,dept_225_closure_2021-02-09,2021-03-11,2021-03,3,1,0.2,488759|225|2021-02-09,0.003215191992878119,0.0
489742,225,2021-02-09,2021-02-18,10,control,0,0.6274672,1,dept_225_closure_2021-02-09,2021-03-11,2021-03,3,1,0.0,489742|225|2021-02-09,0.07042439199287809,0.0
493285,225,2021-02-09,2021-02-18,10,control,0,0.30452004,0,dept_225_closure_2021-02-09,2021-03-11,2021-03,3,1,0.0,493285|225|2021-02-09,-0.2525227680071219,0.0
494278,225,2021-02-09,2021-02-18,10,control,0,0.1129235,0,dept_225_closure_2021-02-09,2021-03-11,2021-03,3,1,0.0,494278|225|2021-02-09,-0.4441193080071219,0.0
502196,225,2021-02-09,2021-02-18,10,treatment,1,0.8333942,1,dept_225_closure_2021-02-09,2021-03-11,2021-03,3,1,0.1,502196|225|2021-02-09,0.27635139199287806,0.0
502318,225,2021-02-09,2021-02-18,10,treatment,1,0.9765118,1,dept_225_closure_2021-02-09,2021-03-11,2021-03,3,1,0.0,502318|225|2021-02-09,0.4194689919928781,0.0
503466,225,2021-02-09,2021-02-18,10,control,0,0.24881226,0,dept_225_closure_2021-02-09,2021-03-11,2021-03,3,1,0.0,503466|225|2021-02-09,-0.3082305480071219,0.0
505843,225,2021-02-09,2021-02-18,10,treatment,1,0.6795407,1,dept_225_closure_2021-02-09,2021-03-11,2021-03,3,1,0.0,505843|225|2021-02-09,0.12249789199287808,0.0
506867,225,2021-02-09,2021-02-18,10,control,0,0.9109191,1,dept_225_closure_2021-02-09,2021-03-11,2021-03,3,1,0.0,506867|225|2021-02-09,0.35387629199287807,0.0
509425,225,2021-02-09,2021-02-18,10,control,0,0.21315736,0,dept_225_closure_2021-02-09,2021-03-11,2021-03,3,1,0.0,509425|225|2021-02-09,-0.34388544800712195,0.0
510199,225,2021-02-09,2021-02-18,10,control,0,0.95041114,1,dept_225_closure_2021-02-09,2021-03-11,2021-03,3,1,0.3,510199|225|2021-02-09,0.39336833199287813,0.0
510253,225,2021-02-09,2021-02-18,10,treatment,1,0.11474849,0,dept_225_closure_2021-02-09,2021-03-11,2021-03,3,1,0.1,510253|225|2021-02-09,-0.44229431800712193,0.0
512120,225,2021-02-09,2021-02-18,10,control,0,0.123882264,0,dept_225_closure_2021-02-09,2021-03-11,2021-03,3,1,0.0,512120|225|2021-02-09,-0.4331605440071219,0.0
512374,225,2021-02-09,2021-02-18,10,control,0,0.025796797,0,dept_225_closure_2021-02-09,2021-03-11,2021-03,3,1,0.0,512374|225|2021-02-09,-0.5312460110071219,0.0
513432,225,2021-02-09,2021-02-18,10,control,0,0.75720835,1,dept_225_closure_2021-02-09,2021-03-11,2021-03,3,1,0.5,513432|225|2021-02-09,0.20016554199287806,0.0
514186,225,2021-02-09,2021-02-18,10,control,0,0.53616303,1,dept_225_closure_2021-02-09,2021-03-11,2021-03,3,1,0.0,514186|225|2021-02-09,-0.02087977800712193,0.0
514740,225,2021-02-09,2021-02-18,10,control,0,0.9236703,1,dept_225_closure_2021-02-09,2021-03-11,2021-03,3,1,0.1,514740|225|2021-02-09,0.36662749199287814,0.0
515182,225,2021-02-09,2021-02-18,10,control,0,0.1092633,0,dept_225_closure_2021-02-09,2021-03-11,2021-03,3,1,0.1,515182|225|2021-02-09,-0.4477795080071219,0.0
516610,225,2021-02-09,2021-02-18,10,control,0,0.6973986,1,dept_225_closure_2021-02-09,2021-03-11,2021-03,3,1,0.0,516610|225|2021-02-09,0.14035579199287807,0.0
516772,225,2021-02-09,2021-02-18,10,control,0,0.5201318,1,dept_225_closure_2021-02-09,2021-03-11,2021-03,3,1,0.3,516772|225|2021-02-09,-0.03691100800712188,0.0
516884,225,2021-02-09,2021-02-18,10,control,0,0.2260634,0,dept_225_closure_2021-02-09,2021-03-11,2021-03,3,1,0.0,516884|225|2021-02-09,-0.3309794080071219,0.0
517029,225,2021-02-09,2021-02-18,10,control,0,0.6784122,1,dept_225_closure_2021-02-09,2021-03-11,2021-03,3,1,0.0,517029|225|2021-02-09,0.1213693919928781,0.0
518563,225,2021-02-09,2021-02-18,10,treatment,1,0.66636384,1,dept_225_closure_2021-02-09,2021-03-11,2021-03,3,1,0.1,518563|225|2021-02-09,0.10932103199287813,0.0
519764,225,2021-02-09,2021-02-18,10,control,0,0.4191586,0,dept_225_closure_2021-02-09,2021-03-11,2021-03,3,1,0.0,519764|225|2021-02-09,-0.13788420800712192,0.0
520658,225,2021-02-09,2021-02-18,10,control,0,0.10316532,0,dept_225_closure_2021-02-09,2021-03-11,2021-03,3,1,0.0,520658|225|2021-02-09,-0.4538774880071219,0.0
520817,225,2021-02-09,2021-02-18,10,control,0,0.09707905,0,dept_225_closure_2021-02-09,2021-03-11,2021-03,3,1,0.1,520817|225|2021-02-09,-0.4599637580071219,0.0
521820,225,2021-02-09,2021-02-18,10,control,0,0.084771745,0,dept_225_closure_2021-02-09,2021-03-11,2021-03,3,1,0.0,521820|225|2021-02-09,-0.4722710630071219,0.0
521859,225,2021-02-09,2021-02-18,10,control,0,0.5171526,1,dept_225_closure_2021-02-09,2021-03-11,2021-03,3,1,0.1,521859|225|2021-02-09,-0.03989020800712195,0.0
522545,225,2021-02-09,2021-02-18,10,treatment,1,0.64982855,1,dept_225_closure_2021-02-09,2021-03-11,2021-03,3,1,0.0,522545|225|2021-02-09,0.09278574199287803,0.0
524184,225,2021-02-09,2021-02-18,10,control,0,0.48366845,0,dept_225_closure_2021-02-09,2021-03-11,2021-03,3,1,0.1,524184|225|2021-02-09,-0.07337435800712189,0.0
524855,225,2021-02-09,2021-02-18,10,control,0,0.8788438,1,dept_225_closure_2021-02-09,2021-03-11,2021-03,3,1,0.0,524855|225|2021-02-09,0.32180099199287804,0.0
525501,225,2021-02-09,2021-02-18,10,control,0,0.9226477,1,dept_225_closure_2021-02-09,2021-03-11,2021-03,3,1,0.1,525501|225|2021-02-09,0.36560489199287804,0.0
525869,225,2021-02-09,2021-02-18,10,control,0,0.07285162,0,dept_225_closure_2021-02-09,2021-03-11,2021-03,3,1,0.2,525869|225|2021-02-09,-0.4841911880071219,0.0
529325,225,2021-02-09,2021-02-18,10,control,0,0.6113113,1,dept_225_closure_2021-02-09,2021-03-11,2021-03,3,1,0.0,529325|225|2021-02-09,0.05426849199287809,0.0
529864,225,2021-02-09,2021-02-18,10,control,0,0.14488006,0,dept_225_closure_2021-02-09,2021-03-11,2021-03,3,1,0.1,529864|225|2021-02-09,-0.41216274800712194,0.0
531372,225,2021-02-09,2021-02-18,10,control,0,0.9984932,1,dept_225_closure_2021-02-09,2021-03-11,2021-03,3,1,0.7,531372|225|2021-02-09,0.44145039199287806,0.0
531766,225,2021-02-09,2021-02-18,10,control,0,0.70788556,1,dept_225_closure_2021-02-09,2021-03-11,2021-03,3,1,0.1,531766|225|2021-02-09,0.1508427519928781,0.0
532231,225,2021-02-09,2021-02-18,10,control,0,0.16401133,0,dept_225_closure_2021-02-09,2021-03-11,2021-03,3,1,0.0,532231|225|2021-02-09,-0.3930314780071219,0.0
533906,225,2021-02-09,2021-02-18,10,control,0,0.12545961,0,dept_225_closure_2021-02-09,2021-03-11,2021-03,3,1,0.0,533906|225|2021-02-09,-0.4315831980071219,0.0
534647,225,2021-02-09,2021-02-18,10,control,0,0.99306244,1,dept_225_closure_2021-02-09,2021-03-11,2021-03,3,1,0.4,534647|225|2021-02-09,0.4360196319928781,0.0
535153,225,2021-02-09,2021-02-18,10,control,0,0.06850255,0,dept_225_closure_2021-02-09,2021-03-11,2021-03,3,1,0.0,535153|225|2021-02-09,-0.4885402580071219,0.0
536067,225,2021-02-09,2021-02-18,10,control,0,0.7665355,1,dept_225_closure_2021-02-09,2021-03-11,2021-03,3,1,0.1,536067|225|2021-02-09,0.20949269199287812,0.0
536540,225,2021-02-09,2021-02-18,10,control,0,0.5633116,1,dept_225_closure_2021-02-09,2021-03-11,2021-03,3,1,0.0,536540|225|2021-02-09,0.006268791992878109,0.0
537345,225,2021-02-09,2021-02-18,10,control,0,0.23184814,0,dept_225_closure_2021-02-09,2021-03-11,2021-03,3,1,0.0,537345|225|2021-02-09,-0.32519466800712193,0.0
537422,225,2021-02-09,2021-02-18,10,control,0,0.35939428,0,dept_225_closure_2021-02-09,2021-03-11,2021-03,3,1,0.0,537422|225|2021-02-09,-0.1976485280071219,0.0
538844,225,2021-02-09,2021-02-18,10,control,0,0.6683242,1,dept_225_closure_2021-02-09,2021-03-11,2021-03,3,1,0.6,538844|225|2021-02-09,0.11128139199287812,0.0
539544,225,2021-02-09,2021-02-18,10,treatment,1,0.30792004,0,dept_225_closure_2021-02-09,2021-03-11,2021-03,3,1,0.1,539544|225|2021-02-09,-0.2491227680071219,0.0
539687,225,2021-02-09,2021-02-18,10,control,0,0.9314988,1,dept_225_closure_2021-02-09,2021-03-11,2021-03,3,1,0.4,539687|225|2021-02-09,0.37445599199287805,0.0
540056,225,2021-02-09,2021-02-18,10,control,0,0.354361,0,dept_225_closure_2021-02-09,2021-03-11,2021-03,3,1,0.1,540056|225|2021-02-09,-0.20268180800712193,0.0
541024,225,2021-02-09,2021-02-18,10,control,0,0.9485148,1,dept_225_closure_2021-02-09,2021-03-11,2021-03,3,1,0.0,541024|225|2021-02-09,0.3914719919928781,0.0
541794,225,2021-02-09,2021-02-18,10,control,0,0.7145694,1,dept_225_closure_2021-02-09,2021-03-11,2021-03,3,1,0.0,541794|225|2021-02-09,0.1575265919928781,0.0
541795,225,2021-02-09,2021-02-18,10,control,0,0.1584281,0,dept_225_closure_2021-02-09,2021-03-11,2021-03,3,1,0.0,541795|225|2021-02-09,-0.39861470800712195,0.0
542121,225,2021-02-09,2021-02-18,10,control,0,0.81192786,1,dept_225_closure_2021-02-09,2021-03-11,2021-03,3,1,0.0,542121|225|2021-02-09,0.25488505199287803,0.0
542359,225,2021-02-09,2021-02-18,10,control,0,0.8997891,1,dept_225_closure_2021-02-09,2021-03-11,2021-03,3,1,0.2,542359|225|2021-02-09,0.3427462919928781,0.0
542469,225,2021-02-09,2021-02-18,10,control,0,0.5968629,1,dept_225_closure_2021-02-09,2021-03-11,2021-03,3,1,0.6,542469|225|2021-02-09,0.03982009199287806,0.0
543401,225,2021-02-09,2021-02-18,10,control,0,0.17591122,0,dept_225_closure_2021-02-09,2021-03-11,2021-03,3,1,0.0,543401|225|2021-02-09,-0.3811315880071219,0.0
543574,225,2021-02-09,2021-02-18,10,control,0,0.99364233,1,dept_225_closure_2021-02-09,2021-03-11,2021-03,3,1,0.5,543574|225|2021-02-09,0.4365995219928781,0.0
545450,225,2021-02-09,2021-02-18,10,treatment,1,0.74080014,1,dept_225_closure_2021-02-09,2021-03-11,2021-03,3,1,0.0,545450|225|2021-02-09,0.18375733199287814,0.0
545621,225,2021-02-09,2021-02-18,10,control,0,0.2505379,0,dept_225_closure_2021-02-09,2021-03-11,2021-03,3,1,0.0,545621|225|2021-02-09,-0.30650490800712193,0.0
546738,225,2021-02-09,2021-02-18,10,treatment,1,0.9869179,1,dept_225_closure_2021-02-09,2021-03-11,2021-03,3,1,0.5,546738|225|2021-02-09,0.4298750919928781,0.0
547241,225,2021-02-09,2021-02-18,10,control,0,0.63886887,1,dept_225_closure_2021-02-09,2021-03-11,2021-03,3,1,0.0,547241|225|2021-02-09,0.08182606199287812,0.0
547544,225,2021-02-09,2021-02-18,10,control,0,0.7458929,1,dept_225_closure_2021-02-09,2021-03-11,2021-03,3,1,0.0,547544|225|2021-02-09,0.18885009199287806,0.0
547689,225,2021-02-09,2021-02-18,10,control,0,0.55275804,1,dept_225_closure_2021-02-09,2021-03-11,2021-03,3,1,0.2,547689|225|2021-02-09,-0.004284768007121964,0.0
548215,225,2021-02-09,2021-02-18,10,control,0,0.9033356,1,dept_225_closure_2021-02-09,2021-03-11,2021-03,3,1,0.1,548215|225|2021-02-09,0.3462927919928781,0.0
549703,225,2021-02-09,2021-02-18,10,treatment,1,0.44778845,0,dept_225_closure_2021-02-09,2021-03-11,2021-03,3,1,0.0,549703|225|2021-02-09,-0.10925435800712191,0.0
549771,225,2021-02-09,2021-02-18,10,control,0,0.8159889,1,dept_225_closure_2021-02-09,2021-03-11,2021-03,3,1,0.0,549771|225|2021-02-09,0.2589460919928781,0.0
552685,225,2021-02-09,2021-02-18,10,control,0,0.5987536,1,dept_225_closure_2021-02-09,2021-03-11,2021-03,3,1,0.2,552685|225|2021-02-09,0.04171079199287808,0.0
552723,225,2021-02-09,2021-02-18,10,control,0,0.35043988,0,dept_225_closure_2021-02-09,2021-03-11,2021-03,3,1,0.1,552723|225|2021-02-09,-0.20660292800712193,0.0
553138,225,2021-02-09,2021-02-18,10,control,0,0.30944628,0,dept_225_closure_2021-02-09,2021-03-11,2021-03,3,1,0.0,553138|225|2021-02-09,-0.2475965280071219,0.0
553876,225,2021-02-09,2021-02-18,10,treatment,1,0.9419543,1,dept_225_closure_2021-02-09,2021-03-11,2021-03,3,1,0.1,553876|225|2021-02-09,0.3849114919928781,0.0
557358,225,2021-02-09,2021-02-18,10,control,0,0.9920684,1,dept_225_closure_2021-02-09,2021-03-11,2021-03,3,1,0.3,557358|225|2021-02-09,0.43502559199287805,0.0
557503,225,2021-02-09,2021-02-18,10,control,0,0.98167187,1,dept_225_closure_2021-02-09,2021-03-11,2021-03,3,1,0.5,557503|225|2021-02-09,0.4246290619928781,0.0
558534,225,2021-02-09,2021-02-18,10,treatment,1,0.20376676,0,dept_225_closure_2021-02-09,2021-03-11,2021-03,3,1,0.0,558534|225|2021-02-09,-0.3532760480071219,0.0
559416,225,2021-02-09,2021-02-18,10,control,0,0.5377436,1,dept_225_closure_2021-02-09,2021-03-11,2021-03,3,1,0.1,559416|225|2021-02-09,-0.019299208007121926,0.0
560778,225,2021-02-09,2021-02-18,10,control,0,0.6724239,1,dept_225_closure_2021-02-09,2021-03-11,2021-03,3,1,0.0,560778|225|2021-02-09,0.11538109199287805,0.0
561261,225,2021-02-09,2021-02-18,10,control,0,0.8870736,1,dept_225_closure_2021-02-09,2021-03-11,2021-03,3,1,0.4,561261|225|2021-02-09,0.3300307919928781,0.0
561552,225,2021-02-09,2021-02-18,10,treatment,1,0.8548409,1,dept_225_closure_2021-02-09,2021-03-11,2021-03,3,1,0.0,561552|225|2021-02-09,0.2977980919928781,0.0
561749,225,2021-02-09,2021-02-18,10,treatment,1,0.36272615,0,dept_225_closure_2021-02-09,2021-03-11,2021-03,3,1,0.0,561749|225|2021-02-09,-0.1943166580071219,0.0
561970,225,2021-02-09,2021-02-18,10,control,0,0.26292413,0,dept_225_closure_2021-02-09,2021-03-11,2021-03,3,1,0.0,561970|225|2021-02-09,-0.29411867800712194,0.0
563192,225,2021-02-09,2021-02-18,10,control,0,0.99263245,1,dept_225_closure_2021-02-09,2021-03-11,2021-03,3,1,0.0,563192|225|2021-02-09,0.4355896419928781,0.0
563542,225,2021-02-09,2021-02-18,10,control,0,0.37322673,0,dept_225_closure_2021-02-09,2021-03-11,2021-03,3,1,0.0,563542|225|2021-02-09,-0.1838160780071219,0.0
563790,225,2021-02-09,2021-02-18,10,control,0,0.35640284,0,dept_225_closure_2021-02-09,2021-03-11,2021-03,3,1,0.0,563790|225|2021-02-09,-0.20063996800712192,0.0
564310,225,2021-02-09,2021-02-18,10,control,0,0.53082335,1,dept_225_closure_2021-02-09,2021-03-11,2021-03,3,1,0.1,564310|225|2021-02-09,-0.026219458007121887,0.0
564323,225,2021-02-09,2021-02-18,10,control,0,0.9151387,1,dept_225_closure_2021-02-09,2021-03-11,2021-03,3,1,0.0,564323|225|2021-02-09,0.35809589199287806,0.0
564378,225,2021-02-09,2021-02-18,10,control,0,0.79580194,1,dept_225_closure_2021-02-09,2021-03-11,2021-03,3,1,0.1,564378|225|2021-02-09,0.23875913199287813,0.0
564518,225,2021-02-09,2021-02-18,10,control,0,0.8406039,1,dept_225_closure_2021-02-09,2021-03-11,2021-03,3,1,0.0,564518|225|2021-02-09,0.28356109199287804,0.0
565708,225,2021-02-09,2021-02-18,10,control,0,0.8249043,1,dept_225_closure_2021-02-09,2021-03-11,2021-03,3,1,0.0,565708|225|2021-02-09,0.2678614919928781,0.0
566300,225,2021-02-09,2021-02-18,10,control,0,0.10058118,0,dept_225_closure_2021-02-09,2021-03-11,2021-03,3,1,0.2,566300|225|2021-02-09,-0.4564616280071219,0.0
566787,225,2021-02-09,2021-02-18,10,control,0,0.24692543,0,dept_225_closure_2021-02-09,2021-03-11,2021-03,3,1,0.1,566787|225|2021-02-09,-0.3101173780071219,0.0
567770,225,2021-02-09,2021-02-18,10,control,0,0.62877107,1,dept_225_closure_2021-02-09,2021-03-11,2021-03,3,1,0.0,567770|225|2021-02-09,0.07172826199287807,0.0
571386,225,2021-02-09,2021-02-18,10,control,0,0.96353066,1,dept_225_closure_2021-02-09,2021-03-11,2021-03,3,1,0.1,571386|225|2021-02-09,0.40648785199287807,0.0
572458,225,2021-02-09,2021-02-18,10,control,0,0.3980757,0,dept_225_closure_2021-02-09,2021-03-11,2021-03,3,1,0.0,572458|225|2021-02-09,-0.15896710800712194,0.0
573090,225,2021-02-09,2021-02-18,10,control,0,0.5859904,1,dept_225_closure_2021-02-09,2021-03-11,2021-03,3,1,0.0,573090|225|2021-02-09,0.028947591992878108,0.0
573893,225,2021-02-09,2021-02-18,10,control,0,0.9229414,1,dept_225_closure_2021-02-09,2021-03-11,2021-03,3,1,0.1,573893|225|2021-02-09,0.3658985919928781,0.0
574692,225,2021-02-09,2021-02-18,10,treatment,1,0.7166413,1,dept_225_closure_2021-02-09,2021-03-11,2021-03,3,1,0.0,574692|225|2021-02-09,0.15959849199287812,0.0
574768,225,2021-02-09,2021-02-18,10,control,0,0.17151837,0,dept_225_closure_2021-02-09,2021-03-11,2021-03,3,1,0.0,574768|225|2021-02-09,-0.3855244380071219,0.0
576266,225,2021-02-09,2021-02-18,10,control,0,0.086030245,0,dept_225_closure_2021-02-09,2021-03-11,2021-03,3,1,0.2,576266|225|2021-02-09,-0.4710125630071219,0.0
576524,225,2021-02-09,2021-02-18,10,control,0,0.7010925,1,dept_225_closure_2021-02-09,2021-03-11,2021-03,3,1,0.1,576524|225|2021-02-09,0.1440496919928781,0.0
577047,225,2021-02-09,2021-02-18,10,control,0,0.30385533,0,dept_225_closure_2021-02-09,2021-03-11,2021-03,3,1,0.0,577047|225|2021-02-09,-0.25318747800712194,0.0
577615,225,2021-02-09,2021-02-18,10,control,0,0.9983777,1,dept_225_closure_2021-02-09,2021-03-11,2021-03,3,1,0.6,577615|225|2021-02-09,0.4413348919928781,0.0
578177,225,2021-02-09,2021-02-18,10,control,0,0.58630294,1,dept_225_closure_2021-02-09,2021-03-11,2021-03,3,1,0.1,578177|225|2021-02-09,0.029260131992878136,0.0
579009,225,2021-02-09,2021-02-18,10,control,0,0.5416368,1,dept_225_closure_2021-02-09,2021-03-11,2021-03,3,1,0.0,579009|225|2021-02-09,-0.015406008007121885,0.0
579184,225,2021-02-09,2021-02-18,10,control,0,0.9151821,1,dept_225_closure_2021-02-09,2021-03-11,2021-03,3,1,0.1,579184|225|2021-02-09,0.3581392919928781,0.0
579185,225,2021-02-09,2021-02-18,10,control,0,0.036937717,0,dept_225_closure_2021-02-09,2021-03-11,2021-03,3,1,0.0,579185|225|2021-02-09,-0.5201050910071219,0.0
579307,225,2021-02-09,2021-02-18,10,control,0,0.44333464,0,dept_225_closure_2021-02-09,2021-03-11,2021-03,3,1,0.1,579307|225|2021-02-09,-0.11370816800712191,0.0
579513,225,2021-02-09,2021-02-18,10,control,0,0.1074986,0,dept_225_closure_2021-02-09,2021-03-11,2021-03,3,1,0.0,579513|225|2021-02-09,-0.4495442080071219,0.0
580036,225,2021-02-09,2021-02-18,10,control,0,0.9754841,1,dept_225_closure_2021-02-09,2021-03-11,2021-03,3,1,0.0,580036|225|2021-02-09,0.41844129199287805,0.0
581023,225,2021-02-09,2021-02-18,10,control,0,0.8595541,1,dept_225_closure_2021-02-09,2021-03-11,2021-03,3,1,0.2,581023|225|2021-02-09,0.3025112919928781,0.0
581025,225,2021-02-09,2021-02-18,10,control,0,0.6973182,1,dept_225_closure_2021-02-09,2021-03-11,2021-03,3,1,0.1,581025|225|2021-02-09,0.14027539199287808,0.0
582014,225,2021-02-09,2021-02-18,10,control,0,0.3974963,0,dept_225_closure_2021-02-09,2021-03-11,2021-03,3,1,0.0,582014|225|2021-02-09,-0.1595465080071219,0.0
584199,225,2021-02-09,2021-02-18,10,treatment,1,0.27034467,0,dept_225_closure_2021-02-09,2021-03-11,2021-03,3,1,0.1,584199|225|2021-02-09,-0.2866981380071219,0.0
585070,225,2021-02-09,2021-02-18,10,control,0,0.99814796,1,dept_225_closure_2021-02-09,2021-03-11,2021-03,3,1,0.5,585070|225|2021-02-09,0.44110515199287803,0.0
585492,225,2021-02-09,2021-02-18,10,control,0,0.33447573,0,dept_225_closure_2021-02-09,2021-03-11,2021-03,3,1,0.2,585492|225|2021-02-09,-0.2225670780071219,0.0
585655,225,2021-02-09,2021-02-18,10,control,0,0.35462213,0,dept_225_closure_2021-02-09,2021-03-11,2021-03,3,1,0.1,585655|225|2021-02-09,-0.20242067800712193,0.0
585821,225,2021-02-09,2021-02-18,10,control,0,0.5222112,1,dept_225_closure_2021-02-09,2021-03-11,2021-03,3,1,0.0,585821|225|2021-02-09,-0.03483160800712193,0.0
585917,225,2021-02-09,2021-02-18,10,treatment,1,0.7722433,1,dept_225_closure_2021-02-09,2021-03-11,2021-03,3,1,0.1,585917|225|2021-02-09,0.21520049199287805,0.0
586381,225,2021-02-09,2021-02-18,10,control,0,0.6838527,1,dept_225_closure_2021-02-09,2021-03-11,2021-03,3,1,0.0,586381|225|2021-02-09,0.12680989199287807,0.0
586838,225,2021-02-09,2021-02-18,10,control,0,0.09217,0,dept_225_closure_2021-02-09,2021-03-11,2021-03,3,1,0.0,586838|225|2021-02-09,-0.46487280800712194,0.0
586917,225,2021-02-09,2021-02-18,10,control,0,0.8840651,1,dept_225_closure_2021-02-09,2021-03-11,2021-03,3,1,0.1,586917|225|2021-02-09,0.32702229199287813,0.0
587297,225,2021-02-09,2021-02-18,10,control,0,0.6928022,1,dept_225_closure_2021-02-09,2021-03-11,2021-03,3,1,0.0,587297|225|2021-02-09,0.13575939199287812,0.0
588026,225,2021-02-09,2021-02-18,10,control,0,0.88820606,1,dept_225_closure_2021-02-09,2021-03-11,2021-03,3,1,0.2,588026|225|2021-02-09,0.3311632519928781,0.0
590947,225,2021-02-09,2021-02-18,10,control,0,0.36585534,0,dept_225_closure_2021-02-09,2021-03-11,2021-03,3,1,0.0,590947|225|2021-02-09,-0.19118746800712194,0.0
591732,225,2021-02-09,2021-02-18,10,control,0,0.16594023,0,dept_225_closure_2021-02-09,2021-03-11,2021-03,3,1,0.0,591732|225|2021-02-09,-0.3911025780071219,0.0
591781,225,2021-02-09,2021-02-18,10,treatment,1,0.9292462,1,dept_225_closure_2021-02-09,2021-03-11,2021-03,3,1,0.0,591781|225|2021-02-09,0.3722033919928781,0.0
592312,225,2021-02-09,2021-02-18,10,control,0,0.4578142,0,dept_225_closure_2021-02-09,2021-03-11,2021-03,3,1,0.0,592312|225|2021-02-09,-0.09922860800712191,0.0
594345,225,2021-02-09,2021-02-18,10,control,0,0.90433824,1,dept_225_closure_2021-02-09,2021-03-11,2021-03,3,1,0.0,594345|225|2021-02-09,0.34729543199287805,0.0
596114,225,2021-02-09,2021-02-18,10,control,0,0.4531059,0,dept_225_closure_2021-02-09,2021-03-11,2021-03,3,1,0.0,596114|225|2021-02-09,-0.10393690800712191,0.0
597674,225,2021-02-09,2021-02-18,10,control,0,0.49089986,0,dept_225_closure_2021-02-09,2021-03-11,2021-03,3,1,0.0,597674|225|2021-02-09,-0.0661429480071219,0.0
598660,225,2021-02-09,2021-02-18,10,treatment,1,0.8296651,1,dept_225_closure_2021-02-09,2021-03-11,2021-03,3,1,0.0,598660|225|2021-02-09,0.27262229199287813,0.0
600117,225,2021-02-09,2021-02-18,10,control,0,0.25992393,0,dept_225_closure_2021-02-09,2021-03-11,2021-03,3,1,0.0,600117|225|2021-02-09,-0.2971188780071219,0.0
602666,225,2021-02-09,2021-02-18,10,control,0,0.73606884,1,dept_225_closure_2021-02-09,2021-03-11,2021-03,3,1,0.3,602666|225|2021-02-09,0.17902603199287803,0.0
602851,225,2021-02-09,2021-02-18,10,control,0,0.13497908,0,dept_225_closure_2021-02-09,2021-03-11,2021-03,3,1,0.1,602851|225|2021-02-09,-0.4220637280071219,0.0
603710,225,2021-02-09,2021-02-18,10,control,0,0.97727966,1,dept_225_closure_2021-02-09,2021-03-11,2021-03,3,1,0.3,603710|225|2021-02-09,0.4202368519928781,0.0
604161,225,2021-02-09,2021-02-18,10,control,0,0.46132925,0,dept_225_closure_2021-02-09,2021-03-11,2021-03,3,1,0.2,604161|225|2021-02-09,-0.09571355800712189,0.0
604570,225,2021-02-09,2021-02-18,10,control,0,0.4378647,0,dept_225_closure_2021-02-09,2021-03-11,2021-03,3,1,0.0,604570|225|2021-02-09,-0.11917810800712192,0.0
604822,225,2021-02-09,2021-02-18,10,control,0,0.9733655,1,dept_225_closure_2021-02-09,2021-03-11,2021-03,3,1,0.3,604822|225|2021-02-09,0.4163226919928781,0.0
605970,225,2021-02-09,2021-02-18,10,control,0,0.1305402,0,dept_225_closure_2021-02-09,2021-03-11,2021-03,3,1,0.0,605970|225|2021-02-09,-0.4265026080071219,0.0
606706,225,2021-02-09,2021-02-18,10,control,0,0.95972395,1,dept_225_closure_2021-02-09,2021-03-11,2021-03,3,1,0.1,606706|225|2021-02-09,0.4026811419928781,0.0
608501,225,2021-02-09,2021-02-18,10,control,0,0.50560063,1,dept_225_closure_2021-02-09,2021-03-11,2021-03,3,1,0.0,608501|225|2021-02-09,-0.05144217800712192,0.0
610259,225,2021-02-09,2021-02-18,10,control,0,0.36856622,0,dept_225_closure_2021-02-09,2021-03-11,2021-03,3,1,0.0,610259|225|2021-02-09,-0.18847658800712191,0.0
611223,225,2021-02-09,2021-02-18,10,control,0,0.96206176,1,dept_225_closure_2021-02-09,2021-03-11,2021-03,3,1,0.1,611223|225|2021-02-09,0.4050189519928781,0.0
611759,225,2021-02-09,2021-02-18,10,control,0,0.06267964,0,dept_225_closure_2021-02-09,2021-03-11,2021-03,3,1,0.0,611759|225|2021-02-09,-0.49436316800712193,0.0
611888,225,2021-02-09,2021-02-18,10,treatment,1,0.7637555,1,dept_225_closure_2021-02-09,2021-03-11,2021-03,3,1,0.0,611888|225|2021-02-09,0.20671269199287812,0.0
616748,225,2021-02-09,2021-02-18,10,control,0,0.93410015,1,dept_225_closure_2021-02-09,2021-03-11,2021-03,3,1,0.0,616748|225|2021-02-09,0.3770573419928781,0.0
620285,225,2021-02-09,2021-02-18,10,control,0,0.07193528,0,dept_225_closure_2021-02-09,2021-03-11,2021-03,3,1,0.1,620285|225|2021-02-09,-0.4851075280071219,0.0
621701,225,2021-02-09,2021-02-18,10,control,0,0.8712767,1,dept_225_closure_2021-02-09,2021-03-11,2021-03,3,1,0.2,621701|225|2021-02-09,0.3142338919928781,0.0
621703,225,2021-02-09,2021-02-18,10,control,0,0.8133465,1,dept_225_closure_2021-02-09,2021-03-11,2021-03,3,1,0.0,621703|225|2021-02-09,0.25630369199287806,0.0
621708,225,2021-02-09,2021-02-18,10,control,0,0.9617935,1,dept_225_closure_2021-02-09,2021-03-11,2021-03,3,1,0.1,621708|225|2021-02-09,0.40475069199287805,0.0
622002,225,2021-02-09,2021-02-18,10,control,0,0.6602533,1,dept_225_closure_2021-02-09,2021-03-11,2021-03,3,1,0.1,622002|225|2021-02-09,0.10321049199287813,0.0
622452,225,2021-02-09,2021-02-18,10,control,0,0.42704433,0,dept_225_closure_2021-02-09,2021-03-11,2021-03,3,1,0.1,622452|225|2021-02-09,-0.1299984780071219,0.0
624749,225,2021-02-09,2021-02-18,10,control,0,0.25263858,0,dept_225_closure_2021-02-09,2021-03-11,2021-03,3,1,0.0,624749|225|2021-02-09,-0.3044042280071219,0.0
624852,225,2021-02-09,2021-02-18,10,treatment,1,0.4284098,0,dept_225_closure_2021-02-09,2021-03-11,2021-03,3,1,0.1,624852|225|2021-02-09,-0.1286330080071219,0.0
625308,225,2021-02-09,2021-02-18,10,control,0,0.5906653,1,dept_225_closure_2021-02-09,2021-03-11,2021-03,3,1,0.1,625308|225|2021-02-09,0.033622491992878034,0.0
625392,225,2021-02-09,2021-02-18,10,control,0,0.63225067,1,dept_225_closure_2021-02-09,2021-03-11,2021-03,3,1,0.0,625392|225|2021-02-09,0.0752078619928781,0.0
625984,225,2021-02-09,2021-02-18,10,control,0,0.5534443,1,dept_225_closure_2021-02-09,2021-03-11,2021-03,3,1,0.1,625984|225|2021-02-09,-0.0035985080071219144,0.0
627167,225,2021-02-09,2021-02-18,10,control,0,0.332687,0,dept_225_closure_2021-02-09,2021-03-11,2021-03,3,1,0.1,627167|225|2021-02-09,-0.2243558080071219,0.0
627225,225,2021-02-09,2021-02-18,10,control,0,0.9010184,1,dept_225_closure_2021-02-09,2021-03-11,2021-03,3,1,0.2,627225|225|2021-02-09,0.3439755919928781,0.0
627408,225,2021-02-09,2021-02-18,10,control,0,0.85890085,1,dept_225_closure_2021-02-09,2021-03-11,2021-03,3,1,0.3,627408|225|2021-02-09,0.30185804199287813,0.0
627763,225,2021-02-09,2021-02-18,10,control,0,0.5826646,1,dept_225_closure_2021-02-09,2021-03-11,2021-03,3,1,0.4,627763|225|2021-02-09,0.025621791992878062,0.0
628462,225,2021-02-09,2021-02-18,10,control,0,0.2905661,0,dept_225_closure_2021-02-09,2021-03-11,2021-03,3,1,0.0,628462|225|2021-02-09,-0.2664767080071219,0.0
631042,225,2021-02-09,2021-02-18,10,treatment,1,0.82386595,1,dept_225_closure_2021-02-09,2021-03-11,2021-03,3,1,0.4,631042|225|2021-02-09,0.26682314199287804,0.0
631725,225,2021-02-09,2021-02-18,10,control,0,0.27820736,0,dept_225_closure_2021-02-09,2021-03-11,2021-03,3,1,0.0,631725|225|2021-02-09,-0.2788354480071219,0.0
632138,225,2021-02-09,2021-02-18,10,control,0,0.45328057,0,dept_225_closure_2021-02-09,2021-03-11,2021-03,3,1,0.0,632138|225|2021-02-09,-0.10376223800712192,0.0
632258,225,2021-02-09,2021-02-18,10,control,0,0.9607414,1,dept_225_closure_2021-02-09,2021-03-11,2021-03,3,1,0.3,632258|225|2021-02-09,0.40369859199287805,0.0
634605,225,2021-02-09,2021-02-18,10,control,0,0.8398513,1,dept_225_closure_2021-02-09,2021-03-11,2021-03,3,1,0.0,634605|225|2021-02-09,0.28280849199287805,0.0
636399,225,2021-02-09,2021-02-18,10,control,0,0.8788353,1,dept_225_closure_2021-02-09,2021-03-11,2021-03,3,1,0.2,636399|225|2021-02-09,0.32179249199287807,0.0
639151,225,2021-02-09,2021-02-18,10,control,0,0.039711274,0,dept_225_closure_2021-02-09,2021-03-11,2021-03,3,1,0.1,639151|225|2021-02-09,-0.517331534007122,0.0
639396,225,2021-02-09,2021-02-18,10,control,0,0.111425295,0,dept_225_closure_2021-02-09,2021-03-11,2021-03,3,1,0.2,639396|225|2021-02-09,-0.44561751300712193,0.0
639953,225,2021-02-09,2021-02-18,10,control,0,0.7804247,1,dept_225_closure_2021-02-09,2021-03-11,2021-03,3,1,0.0,639953|225|2021-02-09,0.22338189199287806,0.0
640512,225,2021-02-09,2021-02-18,10,control,0,0.20313406,0,dept_225_closure_2021-02-09,2021-03-11,2021-03,3,1,0.0,640512|225|2021-02-09,-0.3539087480071219,0.0
640845,225,2021-02-09,2021-02-18,10,control,0,0.99919397,1,dept_225_closure_2021-02-09,2021-03-11,2021-03,3,1,0.3,640845|225|2021-02-09,0.4421511619928781,0.0
641789,225,2021-02-09,2021-02-18,10,control,0,0.46111363,0,dept_225_closure_2021-02-09,2021-03-11,2021-03,3,1,0.0,641789|225|2021-02-09,-0.09592917800712192,0.0
642726,225,2021-02-09,2021-02-18,10,control,0,0.8754994,1,dept_225_closure_2021-02-09,2021-03-11,2021-03,3,1,0.0,642726|225|2021-02-09,0.3184565919928781,0.0
642742,225,2021-02-09,2021-02-18,10,control,0,0.45168057,0,dept_225_closure_2021-02-09,2021-03-11,2021-03,3,1,0.1,642742|225|2021-02-09,-0.10536223800712191,0.0
644630,225,2021-02-09,2021-02-18,10,control,0,0.23972027,0,dept_225_closure_2021-02-09,2021-03-11,2021-03,3,1,0.1,644630|225|2021-02-09,-0.3173225380071219,0.0
644702,225,2021-02-09,2021-02-18,10,control,0,0.8360215,1,dept_225_closure_2021-02-09,2021-03-11,2021-03,3,1,0.1,644702|225|2021-02-09,0.27897869199287806,0.0
645363,225,2021-02-09,2021-02-18,10,control,0,0.8725744,1,dept_225_closure_2021-02-09,2021-03-11,2021-03,3,1,0.0,645363|225|2021-02-09,0.31553159199287806,0.0
645944,225,2021-02-09,2021-02-18,10,treatment,1,0.99819547,1,dept_225_closure_2021-02-09,2021-03-11,2021-03,3,1,0.2,645944|225|2021-02-09,0.44115266199287806,0.0
646261,225,2021-02-09,2021-02-18,10,control,0,0.5575733,1,dept_225_closure_2021-02-09,2021-03-11,2021-03,3,1,0.0,646261|225|2021-02-09,0.0005304919928781349,0.0
646657,225,2021-02-09,2021-02-18,10,treatment,1,0.21721593,0,dept_225_closure_2021-02-09,2021-03-11,2021-03,3,1,0.1,646657|225|2021-02-09,-0.3398268780071219,0.0
649551,225,2021-02-09,2021-02-18,10,control,0,0.021113366,0,dept_225_closure_2021-02-09,2021-03-11,2021-03,3,1,0.1,649551|225|2021-02-09,-0.5359294420071219,0.0
649840,225,2021-02-09,2021-02-18,10,control,0,0.67450595,1,dept_225_closure_2021-02-09,2021-03-11,2021-03,3,1,0.0,649840|225|2021-02-09,0.1174631419928781,0.0
651091,225,2021-02-09,2021-02-18,10,control,0,0.5026581,1,dept_225_closure_2021-02-09,2021-03-11,2021-03,3,1,0.0,651091|225|2021-02-09,-0.05438470800712192,0.0
651339,225,2021-02-09,2021-02-18,10,control,0,0.65272504,1,dept_225_closure_2021-02-09,2021-03-11,2021-03,3,1,0.2,651339|225|2021-02-09,0.09568223199287806,0.0
651713,225,2021-02-09,2021-02-18,10,control,0,0.96742,1,dept_225_closure_2021-02-09,2021-03-11,2021-03,3,1,0.2,651713|225|2021-02-09,0.41037719199287803,0.0
653758,225,2021-02-09,2021-02-18,10,control,0,0.5240128,1,dept_225_closure_2021-02-09,2021-03-11,2021-03,3,1,0.0,653758|225|2021-02-09,-0.03303000800712197,0.0
654099,225,2021-02-09,2021-02-18,10,control,0,0.856423,1,dept_225_closure_2021-02-09,2021-03-11,2021-03,3,1,0.2,654099|225|2021-02-09,0.29938019199287813,0.0
654850,225,2021-02-09,2021-02-18,10,control,0,0.019117346,0,dept_225_closure_2021-02-09,2021-03-11,2021-03,3,1,0.1,654850|225|2021-02-09,-0.5379254620071219,0.0
655704,225,2021-02-09,2021-02-18,10,control,0,0.6690431,1,dept_225_closure_2021-02-09,2021-03-11,2021-03,3,1,0.0,655704|225|2021-02-09,0.11200029199287809,0.0
656521,225,2021-02-09,2021-02-18,10,treatment,1,0.04669351,0,dept_225_closure_2021-02-09,2021-03-11,2021-03,3,1,0.1,656521|225|2021-02-09,-0.5103492980071219,0.0
658662,225,2021-02-09,2021-02-18,10,control,0,0.53507197,1,dept_225_closure_2021-02-09,2021-03-11,2021-03,3,1,0.1,658662|225|2021-02-09,-0.021970838007121962,0.0
659493,225,2021-02-09,2021-02-18,10,control,0,0.42869598,0,dept_225_closure_2021-02-09,2021-03-11,2021-03,3,1,0.0,659493|225|2021-02-09,-0.12834682800712194,0.0
659772,225,2021-02-09,2021-02-18,10,control,0,0.39867225,0,dept_225_closure_2021-02-09,2021-03-11,2021-03,3,1,0.0,659772|225|2021-02-09,-0.1583705580071219,0.0
659815,225,2021-02-09,2021-02-18,10,control,0,0.9385042,1,dept_225_closure_2021-02-09,2021-03-11,2021-03,3,1,0.1,659815|225|2021-02-09,0.3814613919928781,0.0
659817,225,2021-02-09,2021-02-18,10,control,0,0.3824475,0,dept_225_closure_2021-02-09,2021-03-11,2021-03,3,1,0.0,659817|225|2021-02-09,-0.17459530800712192,0.0
660265,225,2021-02-09,2021-02-18,10,treatment,1,0.9978644,1,dept_225_closure_2021-02-09,2021-03-11,2021-03,3,1,0.7,660265|225|2021-02-09,0.44082159199287807,0.0
660305,225,2021-02-09,2021-02-18,10,control,0,0.96064216,1,dept_225_closure_2021-02-09,2021-03-11,2021-03,3,1,0.3,660305|225|2021-02-09,0.4035993519928781,0.0
661284,225,2021-02-09,2021-02-18,10,control,0,0.07477712,0,dept_225_closure_2021-02-09,2021-03-11,2021-03,3,1,0.0,661284|225|2021-02-09,-0.4822656880071219,0.0
662869,225,2021-02-09,2021-02-18,10,control,0,0.32152742,0,dept_225_closure_2021-02-09,2021-03-11,2021-03,3,1,0.2,662869|225|2021-02-09,-0.2355153880071219,0.0
663102,225,2021-02-09,2021-02-18,10,control,0,0.9994822,1,dept_225_closure_2021-02-09,2021-03-11,2021-03,3,1,0.4,663102|225|2021-02-09,0.4424393919928781,0.0
663426,225,2021-02-09,2021-02-18,10,control,0,0.7689014,1,dept_225_closure_2021-02-09,2021-03-11,2021-03,3,1,0.0,663426|225|2021-02-09,0.21185859199287804,0.0
664086,225,2021-02-09,2021-02-18,10,treatment,1,0.9762654,1,dept_225_closure_2021-02-09,2021-03-11,2021-03,3,1,0.4,664086|225|2021-02-09,0.41922259199287804,0.0
665178,225,2021-02-09,2021-02-18,10,control,0,0.9335816,1,dept_225_closure_2021-02-09,2021-03-11,2021-03,3,1,0.1,665178|225|2021-02-09,0.3765387919928781,0.0
666035,225,2021-02-09,2021-02-18,10,control,0,0.12785643,0,dept_225_closure_2021-02-09,2021-03-11,2021-03,3,1,0.0,666035|225|2021-02-09,-0.4291863780071219,0.0
667668,225,2021-02-09,2021-02-18,10,control,0,0.99883133,1,dept_225_closure_2021-02-09,2021-03-11,2021-03,3,1,0.6,667668|225|2021-02-09,0.4417885219928781,0.0
667898,225,2021-02-09,2021-02-18,10,treatment,1,0.4353089,0,dept_225_closure_2021-02-09,2021-03-11,2021-03,3,1,0.0,667898|225|2021-02-09,-0.12173390800712192,0.0
668285,225,2021-02-09,2021-02-18,10,treatment,1,0.5645258,1,dept_225_closure_2021-02-09,2021-03-11,2021-03,3,1,0.1,668285|225|2021-02-09,0.007482991992878052,0.0
668291,225,2021-02-09,2021-02-18,10,control,0,0.6522144,1,dept_225_closure_2021-02-09,2021-03-11,2021-03,3,1,0.0,668291|225|2021-02-09,0.09517159199287806,0.0
669422,225,2021-02-09,2021-02-18,10,control,0,0.67992234,1,dept_225_closure_2021-02-09,2021-03-11,2021-03,3,1,0.1,669422|225|2021-02-09,0.12287953199287804,0.0
669423,225,2021-02-09,2021-02-18,10,control,0,0.7847244,1,dept_225_closure_2021-02-09,2021-03-11,2021-03,3,1,0.0,669423|225|2021-02-09,0.22768159199287807,0.0
670295,225,2021-02-09,2021-02-18,10,control,0,0.41161156,0,dept_225_closure_2021-02-09,2021-03-11,2021-03,3,1,0.1,670295|225|2021-02-09,-0.14543124800712193,0.0
670764,225,2021-02-09,2021-02-18,10,control,0,0.30633968,0,dept_225_closure_2021-02-09,2021-03-11,2021-03,3,1,0.0,670764|225|2021-02-09,-0.2507031280071219,0.0
671754,225,2021-02-09,2021-02-18,10,control,0,0.6846134,1,dept_225_closure_2021-02-09,2021-03-11,2021-03,3,1,0.0,671754|225|2021-02-09,0.12757059199287812,0.0
671815,225,2021-02-09,2021-02-18,10,control,0,0.9897882,1,dept_225_closure_2021-02-09,2021-03-11,2021-03,3,1,0.2,671815|225|2021-02-09,0.4327453919928781,0.0
673621,225,2021-02-09,2021-02-18,10,treatment,1,0.7729736,1,dept_225_closure_2021-02-09,2021-03-11,2021-03,3,1,0.2,673621|225|2021-02-09,0.21593079199287812,0.0
674341,225,2021-02-09,2021-02-18,10,treatment,1,0.8209035,1,dept_225_closure_2021-02-09,2021-03-11,2021-03,3,1,0.3,674341|225|2021-02-09,0.2638606919928781,0.0
674672,225,2021-02-09,2021-02-18,10,control,0,0.34065872,0,dept_225_closure_2021-02-09,2021-03-11,2021-03,3,1,0.1,674672|225|2021-02-09,-0.2163840880071219,0.0
674694,225,2021-02-09,2021-02-18,10,control,0,0.19335683,0,dept_225_closure_2021-02-09,2021-03-11,2021-03,3,1,0.0,674694|225|2021-02-09,-0.3636859780071219,0.0
675858,225,2021-02-09,2021-02-18,10,control,0,0.8422513,1,dept_225_closure_2021-02-09,2021-03-11,2021-03,3,1,0.4,675858|225|2021-02-09,0.2852084919928781,0.0
676812,225,2021-02-09,2021-02-18,10,control,0,0.99570435,1,dept_225_closure_2021-02-09,2021-03-11,2021-03,3,1,0.7,676812|225|2021-02-09,0.4386615419928781,0.0
677026,225,2021-02-09,2021-02-18,10,control,0,0.7089428,1,dept_225_closure_2021-02-09,2021-03-11,2021-03,3,1,0.0,677026|225|2021-02-09,0.15189999199287807,0.0
677257,225,2021-02-09,2021-02-18,10,control,0,0.975809,1,dept_225_closure_2021-02-09,2021-03-11,2021-03,3,1,0.3,677257|225|2021-02-09,0.4187661919928781,0.0
678901,225,2021-02-09,2021-02-18,10,control,0,0.9979645,1,dept_225_closure_2021-02-09,2021-03-11,2021-03,3,1,0.2,678901|225|2021-02-09,0.4409216919928781,0.0
679712,225,2021-02-09,2021-02-18,10,control,0,0.81729364,1,dept_225_closure_2021-02-09,2021-03-11,2021-03,3,1,0.1,679712|225|2021-02-09,0.26025083199287813,0.0
681513,225,2021-02-09,2021-02-18,10,control,0,0.059593797,0,dept_225_closure_2021-02-09,2021-03-11,2021-03,3,1,0.1,681513|225|2021-02-09,-0.4974490110071219,0.0
684601,225,2021-02-09,2021-02-18,10,control,0,0.61403507,1,dept_225_closure_2021-02-09,2021-03-11,2021-03,3,1,0.3,684601|225|2021-02-09,0.0569922619928781,0.0
687008,225,2021-02-09,2021-02-18,10,control,0,0.5195646,1,dept_225_closure_2021-02-09,2021-03-11,2021-03,3,1,0.1,687008|225|2021-02-09,-0.03747820800712187,0.0
687150,225,2021-02-09,2021-02-18,10,control,0,0.876868,1,dept_225_closure_2021-02-09,2021-03-11,2021-03,3,1,0.4,687150|225|2021-02-09,0.31982519199287807,0.0
687897,225,2021-02-09,2021-02-18,10,control,0,0.21601102,0,dept_225_closure_2021-02-09,2021-03-11,2021-03,3,1,0.0,687897|225|2021-02-09,-0.3410317880071219,0.0
688637,225,2021-02-09,2021-02-18,10,control,0,0.7733657,1,dept_225_closure_2021-02-09,2021-03-11,2021-03,3,1,0.0,688637|225|2021-02-09,0.21632289199287813,0.0
690589,225,2021-02-09,2021-02-18,10,control,0,0.5553213,1,dept_225_closure_2021-02-09,2021-03-11,2021-03,3,1,0.0,690589|225|2021-02-09,-0.0017215080071218969,0.0
691229,225,2021-02-09,2021-02-18,10,treatment,1,0.89693713,1,dept_225_closure_2021-02-09,2021-03-11,2021-03,3,1,0.2,691229|225|2021-02-09,0.33989432199287806,0.0
691713,225,2021-02-09,2021-02-18,10,control,0,0.8633706,1,dept_225_closure_2021-02-09,2021-03-11,2021-03,3,1,0.2,691713|225|2021-02-09,0.3063277919928781,0.0
693271,225,2021-02-09,2021-02-18,10,control,0,0.12999293,0,dept_225_closure_2021-02-09,2021-03-11,2021-03,3,1,0.2,693271|225|2021-02-09,-0.4270498780071219,0.0
695757,225,2021-02-09,2021-02-18,10,control,0,0.13072701,0,dept_225_closure_2021-02-09,2021-03-11,2021-03,3,1,0.1,695757|225|2021-02-09,-0.42631579800712194,0.0
696610,225,2021-02-09,2021-02-18,10,control,0,0.1768223,0,dept_225_closure_2021-02-09,2021-03-11,2021-03,3,1,0.1,696610|225|2021-02-09,-0.3802205080071219,0.0
697233,225,2021-02-09,2021-02-18,10,control,0,0.94105333,1,dept_225_closure_2021-02-09,2021-03-11,2021-03,3,1,0.0,697233|225|2021-02-09,0.3840105219928781,0.0
697512,225,2021-02-09,2021-02-18,10,control,0,0.5605776,1,dept_225_closure_2021-02-09,2021-03-11,2021-03,3,1,0.0,697512|225|2021-02-09,0.0035347919928780946,0.0
697894,225,2021-02-09,2021-02-18,10,control,0,0.79817176,1,dept_225_closure_2021-02-09,2021-03-11,2021-03,3,1,0.2,697894|225|2021-02-09,0.2411289519928781,0.0
697973,225,2021-02-09,2021-02-18,10,control,0,0.18501806,0,dept_225_closure_2021-02-09,2021-03-11,2021-03,3,1,0.0,697973|225|2021-02-09,-0.37202474800712193,0.0
701848,225,2021-02-09,2021-02-18,10,control,0,0.8108951,1,dept_225_closure_2021-02-09,2021-03-11,2021-03,3,1,0.1,701848|225|2021-02-09,0.25385229199287807,0.0
702986,225,2021-02-09,2021-02-18,10,control,0,0.1872149,0,dept_225_closure_2021-02-09,2021-03-11,2021-03,3,1,0.0,702986|225|2021-02-09,-0.36982790800712195,0.0
703120,225,2021-02-09,2021-02-18,10,control,0,0.85229796,1,dept_225_closure_2021-02-09,2021-03-11,2021-03,3,1,0.0,703120|225|2021-02-09,0.2952551519928781,0.0
704201,225,2021-02-09,2021-02-18,10,control,0,0.94005144,1,dept_225_closure_2021-02-09,2021-03-11,2021-03,3,1,0.0,704201|225|2021-02-09,0.38300863199287805,0.0
704382,225,2021-02-09,2021-02-18,10,treatment,1,0.016092248,0,dept_225_closure_2021-02-09,2021-03-11,2021-03,3,1,0.0,704382|225|2021-02-09,-0.5409505600071219,0.0
705285,225,2021-02-09,2021-02-18,10,control,0,0.15315053,0,dept_225_closure_2021-02-09,2021-03-11,2021-03,3,1,0.0,705285|225|2021-02-09,-0.4038922780071219,0.0
708489,225,2021-02-09,2021-02-18,10,control,0,0.7237068,1,dept_225_closure_2021-02-09,2021-03-11,2021-03,3,1,0.0,708489|225|2021-02-09,0.16666399199287807,0.0
708585,225,2021-02-09,2021-02-18,10,control,0,0.19762886,0,dept_225_closure_2021-02-09,2021-03-11,2021-03,3,1,0.0,708585|225|2021-02-09,-0.3594139480071219,0.0
708791,225,2021-02-09,2021-02-18,10,treatment,1,0.1377391,0,dept_225_closure_2021-02-09,2021-03-11,2021-03,3,1,0.0,708791|225|2021-02-09,-0.4193037080071219,0.0
708892,225,2021-02-09,2021-02-18,10,control,0,0.18430051,0,dept_225_closure_2021-02-09,2021-03-11,2021-03,3,1,0.0,708892|225|2021-02-09,-0.3727422980071219,0.0
711028,225,2021-02-09,2021-02-18,10,control,0,0.8355796,1,dept_225_closure_2021-02-09,2021-03-11,2021-03,3,1,0.0,711028|225|2021-02-09,0.27853679199287806,0.0
711047,225,2021-02-09,2021-02-18,10,control,0,0.034083992,0,dept_225_closure_2021-02-09,2021-03-11,2021-03,3,1,0.0,711047|225|2021-02-09,-0.5229588160071219,0.0
713527,225,2021-02-09,2021-02-18,10,control,0,0.09292669,0,dept_225_closure_2021-02-09,2021-03-11,2021-03,3,1,0.1,713527|225|2021-02-09,-0.46411611800712194,0.0
713855,225,2021-02-09,2021-02-18,10,control,0,0.85167867,1,dept_225_closure_2021-02-09,2021-03-11,2021-03,3,1,0.1,713855|225|2021-02-09,0.29463586199287806,0.0
713958,225,2021-02-09,2021-02-18,10,control,0,0.49726006,0,dept_225_closure_2021-02-09,2021-03-11,2021-03,3,1,0.0,713958|225|2021-02-09,-0.05978274800712191,0.0
715131,225,2021-02-09,2021-02-18,10,control,0,0.92389244,1,dept_225_closure_2021-02-09,2021-03-11,2021-03,3,1,0.1,715131|225|2021-02-09,0.3668496319928781,0.0
716396,225,2021-02-09,2021-02-18,10,control,0,0.8428176,1,dept_225_closure_2021-02-09,2021-03-11,2021-03,3,1,0.6,716396|225|2021-02-09,0.28577479199287803,0.0
717293,225,2021-02-09,2021-02-18,10,control,0,0.25332803,0,dept_225_closure_2021-02-09,2021-03-11,2021-03,3,1,0.0,717293|225|2021-02-09,-0.30371477800712193,0.0
718498,225,2021-02-09,2021-02-18,10,control,0,0.601293,1,dept_225_closure_2021-02-09,2021-03-11,2021-03,3,1,0.2,718498|225|2021-02-09,0.04425019199287805,0.0
718943,225,2021-02-09,2021-02-18,10,control,0,0.22585094,0,dept_225_closure_2021-02-09,2021-03-11,2021-03,3,1,0.0,718943|225|2021-02-09,-0.3311918680071219,0.0
723445,225,2021-02-09,2021-02-18,10,control,0,0.8507281,1,dept_225_closure_2021-02-09,2021-03-11,2021-03,3,1,0.1,723445|225|2021-02-09,0.2936852919928781,0.0
723556,225,2021-02-09,2021-02-18,10,control,0,0.24095523,0,dept_225_closure_2021-02-09,2021-03-11,2021-03,3,1,0.1,723556|225|2021-02-09,-0.31608757800712195,0.0
723737,225,2021-02-09,2021-02-18,10,treatment,1,0.70999473,1,dept_225_closure_2021-02-09,2021-03-11,2021-03,3,1,0.0,723737|225|2021-02-09,0.1529519219928781,0.0
723885,225,2021-02-09,2021-02-18,10,control,0,0.39465505,0,dept_225_closure_2021-02-09,2021-03-11,2021-03,3,1,0.1,723885|225|2021-02-09,-0.1623877580071219,0.0
724040,225,2021-02-09,2021-02-18,10,treatment,1,0.9974916,1,dept_225_closure_2021-02-09,2021-03-11,2021-03,3,1,0.6,724040|225|2021-02-09,0.4404487919928781,0.0
725308,225,2021-02-09,2021-02-18,10,control,0,0.78447884,1,dept_225_closure_2021-02-09,2021-03-11,2021-03,3,1,0.0,725308|225|2021-02-09,0.2274360319928781,0.0
727705,225,2021-02-09,2021-02-18,10,control,0,0.05598491,0,dept_225_closure_2021-02-09,2021-03-11,2021-03,3,1,0.0,727705|225|2021-02-09,-0.5010578980071219,0.0
730581,225,2021-02-09,2021-02-18,10,control,0,0.72781026,1,dept_225_closure_2021-02-09,2021-03-11,2021-03,3,1,0.1,730581|225|2021-02-09,0.17076745199287813,0.0
733149,225,2021-02-09,2021-02-18,10,control,0,0.075182885,0,dept_225_closure_2021-02-09,2021-03-11,2021-03,3,1,0.0,733149|225|2021-02-09,-0.4818599230071219,0.0
733211,225,2021-02-09,2021-02-18,10,treatment,1,0.9522906,1,dept_225_closure_2021-02-09,2021-03-11,2021-03,3,1,0.2,733211|225|2021-02-09,0.3952477919928781,0.0
734143,225,2021-02-09,2021-02-18,10,control,0,0.46848992,0,dept_225_closure_2021-02-09,2021-03-11,2021-03,3,1,0.1,734143|225|2021-02-09,-0.08855288800712191,0.0
735208,225,2021-02-09,2021-02-18,10,control,0,0.731714,1,dept_225_closure_2021-02-09,2021-03-11,2021-03,3,1,0.1,735208|225|2021-02-09,0.17467119199287806,0.0
735282,225,2021-02-09,2021-02-18,10,control,0,0.6528534,1,dept_225_closure_2021-02-09,2021-03-11,2021-03,3,1,0.0,735282|225|2021-02-09,0.09581059199287811,0.0
735610,225,2021-02-09,2021-02-18,10,control,0,0.5116996,1,dept_225_closure_2021-02-09,2021-03-11,2021-03,3,1,0.0,735610|225|2021-02-09,-0.04534320800712188,0.0
735616,225,2021-02-09,2021-02-18,10,control,0,0.14503029,0,dept_225_closure_2021-02-09,2021-03-11,2021-03,3,1,0.0,735616|225|2021-02-09,-0.4120125180071219,0.0
735993,225,2021-02-09,2021-02-18,10,control,0,0.4518877,0,dept_225_closure_2021-02-09,2021-03-11,2021-03,3,1,0.0,735993|225|2021-02-09,-0.10515510800712191,0.0
736071,225,2021-02-09,2021-02-18,10,control,0,0.28720596,0,dept_225_closure_2021-02-09,2021-03-11,2021-03,3,1,0.0,736071|225|2021-02-09,-0.26983684800712193,0.0
736993,225,2021-02-09,2021-02-18,10,control,0,0.44273984,0,dept_225_closure_2021-02-09,2021-03-11,2021-03,3,1,0.0,736993|225|2021-02-09,-0.11430296800712192,0.0
737299,225,2021-02-09,2021-02-18,10,control,0,0.906086,1,dept_225_closure_2021-02-09,2021-03-11,2021-03,3,1,0.0,737299|225|2021-02-09,0.34904319199287803,0.0
737337,225,2021-02-09,2021-02-18,10,control,0,0.9937168,1,dept_225_closure_2021-02-09,2021-03-11,2021-03,3,1,0.2,737337|225|2021-02-09,0.43667399199287804,0.0
737407,225,2021-02-09,2021-02-18,10,control,0,0.7900126,1,dept_225_closure_2021-02-09,2021-03-11,2021-03,3,1,0.2,737407|225|2021-02-09,0.23296979199287804,0.0
737545,225,2021-02-09,2021-02-18,10,control,0,0.9986482,1,dept_225_closure_2021-02-09,2021-03-11,2021-03,3,1,0.4,737545|225|2021-02-09,0.44160539199287807,0.0
737560,225,2021-02-09,2021-02-18,10,control,0,0.30817884,0,dept_225_closure_2021-02-09,2021-03-11,2021-03,3,1,0.0,737560|225|2021-02-09,-0.2488639680071219,0.0
737581,225,2021-02-09,2021-02-18,10,control,0,0.79217803,1,dept_225_closure_2021-02-09,2021-03-11,2021-03,3,1,0.0,737581|225|2021-02-09,0.23513522199287806,0.0
737722,225,2021-02-09,2021-02-18,10,control,0,0.97656333,1,dept_225_closure_2021-02-09,2021-03-11,2021-03,3,1,0.6,737722|225|2021-02-09,0.41952052199287804,0.0
737761,225,2021-02-09,2021-02-18,10,control,0,0.007338932,0,dept_225_closure_2021-02-09,2021-03-11,2021-03,3,1,0.0,737761|225|2021-02-09,-0.5497038760071219,0.0
739335,225,2021-02-09,2021-02-18,10,control,0,0.469756,0,dept_225_closure_2021-02-09,2021-03-11,2021-03,3,1,0.2,739335|225|2021-02-09,-0.08728680800712191,0.0
740494,225,2021-02-09,2021-02-18,10,control,0,0.7680001,1,dept_225_closure_2021-02-09,2021-03-11,2021-03,3,1,0.3,740494|225|2021-02-09,0.21095729199287805,0.0
740969,225,2021-02-09,2021-02-18,10,treatment,1,0.10188658,0,dept_225_closure_2021-02-09,2021-03-11,2021-03,3,1,0.1,740969|225|2021-02-09,-0.4551562280071219,0.0
741243,225,2021-02-09,2021-02-18,10,control,0,0.30559075,0,dept_225_closure_2021-02-09,2021-03-11,2021-03,3,1,0.2,741243|225|2021-02-09,-0.2514520580071219,0.0
741354,225,2021-02-09,2021-02-18,10,control,0,0.13810001,0,dept_225_closure_2021-02-09,2021-03-11,2021-03,3,1,0.0,741354|225|2021-02-09,-0.4189427980071219,0.0
742991,225,2021-02-09,2021-02-18,10,control,0,0.89868057,1,dept_225_closure_2021-02-09,2021-03-11,2021-03,3,1,0.0,742991|225|2021-02-09,0.3416377619928781,0.0
744097,225,2021-02-09,2021-02-18,10,control,0,0.7507349,1,dept_225_closure_2021-02-09,2021-03-11,2021-03,3,1,0.0,744097|225|2021-02-09,0.19369209199287807,0.0
744787,225,2021-02-09,2021-02-18,10,control,0,0.07117133,0,dept_225_closure_2021-02-09,2021-03-11,2021-03,3,1,0.0,744787|225|2021-02-09,-0.48587147800712194,0.0
749239,225,2021-02-09,2021-02-18,10,control,0,0.5890847,1,dept_225_closure_2021-02-09,2021-03-11,2021-03,3,1,0.0,749239|225|2021-02-09,0.0320418919928781,0.0
749366,225,2021-02-09,2021-02-18,10,control,0,0.79701763,1,dept_225_closure_2021-02-09,2021-03-11,2021-03,3,1,0.0,749366|225|2021-02-09,0.23997482199287812,0.0
750714,225,2021-02-09,2021-02-18,10,control,0,0.9721577,1,dept_225_closure_2021-02-09,2021-03-11,2021-03,3,1,0.0,750714|225|2021-02-09,0.4151148919928781,0.0
752281,225,2021-02-09,2021-02-18,10,control,0,0.523927,1,dept_225_closure_2021-02-09,2021-03-11,2021-03,3,1,0.0,752281|225|2021-02-09,-0.03311580800712188,0.0
752755,225,2021-02-09,2021-02-18,10,treatment,1,0.43572357,0,dept_225_closure_2021-02-09,2021-03-11,2021-03,3,1,0.2,752755|225|2021-02-09,-0.12131923800712191,0.0
753422,225,2021-02-09,2021-02-18,10,control,0,0.99361503,1,dept_225_closure_2021-02-09,2021-03-11,2021-03,3,1,0.0,753422|225|2021-02-09,0.43657222199287804,0.0
754569,225,2021-02-09,2021-02-18,10,control,0,0.7355976,1,dept_225_closure_2021-02-09,2021-03-11,2021-03,3,1,0.0,754569|225|2021-02-09,0.17855479199287805,0.0
754608,225,2021-02-09,2021-02-18,10,treatment,1,0.27942598,0,dept_225_closure_2021-02-09,2021-03-11,2021-03,3,1,0.0,754608|225|2021-02-09,-0.2776168280071219,0.0
754781,225,2021-02-09,2021-02-18,10,control,0,0.65508896,1,dept_225_closure_2021-02-09,2021-03-11,2021-03,3,1,0.2,754781|225|2021-02-09,0.09804615199287814,0.0
755519,225,2021-02-09,2021-02-18,10,control,0,0.9875329,1,dept_225_closure_2021-02-09,2021-03-11,2021-03,3,1,0.6,755519|225|2021-02-09,0.43049009199287813,0.0
756072,225,2021-02-09,2021-02-18,10,control,0,0.91919154,1,dept_225_closure_2021-02-09,2021-03-11,2021-03,3,1,0.1,756072|225|2021-02-09,0.3621487319928781,0.0
756199,225,2021-02-09,2021-02-18,10,control,0,0.11504102,0,dept_225_closure_2021-02-09,2021-03-11,2021-03,3,1,0.0,756199|225|2021-02-09,-0.4420017880071219,0.0
756502,225,2021-02-09,2021-02-18,10,control,0,0.3910325,0,dept_225_closure_2021-02-09,2021-03-11,2021-03,3,1,0.0,756502|225|2021-02-09,-0.1660103080071219,0.0
756971,225,2021-02-09,2021-02-18,10,control,0,0.2952949,0,dept_225_closure_2021-02-09,2021-03-11,2021-03,3,1,0.0,756971|225|2021-02-09,-0.2617479080071219,0.0
757056,225,2021-02-09,2021-02-18,10,control,0,0.42773086,0,dept_225_closure_2021-02-09,2021-03-11,2021-03,3,1,0.0,757056|225|2021-02-09,-0.12931194800712192,0.0
757357,225,2021-02-09,2021-02-18,10,control,0,0.36798954,0,dept_225_closure_2021-02-09,2021-03-11,2021-03,3,1,0.0,757357|225|2021-02-09,-0.1890532680071219,0.0
758063,225,2021-02-09,2021-02-18,10,control,0,0.3986683,0,dept_225_closure_2021-02-09,2021-03-11,2021-03,3,1,0.0,758063|225|2021-02-09,-0.15837450800712194,0.0
759517,225,2021-02-09,2021-02-18,10,treatment,1,0.5149611,1,dept_225_closure_2021-02-09,2021-03-11,2021-03,3,1,0.0,759517|225|2021-02-09,-0.042081708007121965,0.0
759625,225,2021-02-09,2021-02-18,10,control,0,0.9922122,1,dept_225_closure_2021-02-09,2021-03-11,2021-03,3,1,0.2,759625|225|2021-02-09,0.4351693919928781,0.0
760335,225,2021-02-09,2021-02-18,10,control,0,0.9141567,1,dept_225_closure_2021-02-09,2021-03-11,2021-03,3,1,0.0,760335|225|2021-02-09,0.35711389199287813,0.0
760715,225,2021-02-09,2021-02-18,10,control,0,0.5291001,1,dept_225_closure_2021-02-09,2021-03-11,2021-03,3,1,0.0,760715|225|2021-02-09,-0.027942708007121952,0.0
761698,225,2021-02-09,2021-02-18,10,control,0,0.8022312,1,dept_225_closure_2021-02-09,2021-03-11,2021-03,3,1,0.8,761698|225|2021-02-09,0.24518839199287812,0.0
762486,225,2021-02-09,2021-02-18,10,control,0,0.9525126,1,dept_225_closure_2021-02-09,2021-03-11,2021-03,3,1,0.1,762486|225|2021-02-09,0.39546979199287813,0.0
763102,225,2021-02-09,2021-02-18,10,control,0,0.2966211,0,dept_225_closure_2021-02-09,2021-03-11,2021-03,3,1,0.0,763102|225|2021-02-09,-0.2604217080071219,0.0
763597,225,2021-02-09,2021-02-18,10,control,0,0.48588014,0,dept_225_closure_2021-02-09,2021-03-11,2021-03,3,1,0.0,763597|225|2021-02-09,-0.0711626680071219,0.0
764652,225,2021-02-09,2021-02-18,10,control,0,0.9702867,1,dept_225_closure_2021-02-09,2021-03-11,2021-03,3,1,0.1,764652|225|2021-02-09,0.41324389199287803,0.0
764896,225,2021-02-09,2021-02-18,10,control,0,0.7929486,1,dept_225_closure_2021-02-09,2021-03-11,2021-03,3,1,0.0,764896|225|2021-02-09,0.2359057919928781,0.0
765787,225,2021-02-09,2021-02-18,10,control,0,0.6652048,1,dept_225_closure_2021-02-09,2021-03-11,2021-03,3,1,0.0,765787|225|2021-02-09,0.10816199199287813,0.0
766235,225,2021-02-09,2021-02-18,10,control,0,0.23883905,0,dept_225_closure_2021-02-09,2021-03-11,2021-03,3,1,0.0,766235|225|2021-02-09,-0.3182037580071219,0.0
766771,225,2021-02-09,2021-02-18,10,control,0,0.9949444,1,dept_225_closure_2021-02-09,2021-03-11,2021-03,3,1,0.1,766771|225|2021-02-09,0.43790159199287804,0.0
767847,225,2021-02-09,2021-02-18,10,control,0,0.6813335,1,dept_225_closure_2021-02-09,2021-03-11,2021-03,3,1,0.1,767847|225|2021-02-09,0.12429069199287812,0.0
769437,225,2021-02-09,2021-02-18,10,control,0,0.64949113,1,dept_225_closure_2021-02-09,2021-03-11,2021-03,3,1,0.1,769437|225|2021-02-09,0.09244832199287811,0.0
769863,225,2021-02-09,2021-02-18,10,treatment,1,0.6316026,1,dept_225_closure_2021-02-09,2021-03-11,2021-03,3,1,0.0,769863|225|2021-02-09,0.0745597919928781,0.0
770360,225,2021-02-09,2021-02-18,10,control,0,0.43682277,0,dept_225_closure_2021-02-09,2021-03-11,2021-03,3,1,0.2,770360|225|2021-02-09,-0.12022003800712189,0.0
771383,225,2021-02-09,2021-02-18,10,control,0,0.5376364,1,dept_225_closure_2021-02-09,2021-03-11,2021-03,3,1,0.1,771383|225|2021-02-09,-0.0194064080071219,0.0
771652,225,2021-02-09,2021-02-18,10,control,0,0.3963786,0,dept_225_closure_2021-02-09,2021-03-11,2021-03,3,1,0.0,771652|225|2021-02-09,-0.1606642080071219,0.0
771796,225,2021-02-09,2021-02-18,10,control,0,0.59382474,1,dept_225_closure_2021-02-09,2021-03-11,2021-03,3,1,0.0,771796|225|2021-02-09,0.03678193199287805,0.0
772803,225,2021-02-09,2021-02-18,10,control,0,0.29600552,0,dept_225_closure_2021-02-09,2021-03-11,2021-03,3,1,0.0,772803|225|2021-02-09,-0.2610372880071219,0.0
774073,225,2021-02-09,2021-02-18,10,control,0,0.86488825,1,dept_225_closure_2021-02-09,2021-03-11,2021-03,3,1,0.4,774073|225|2021-02-09,0.3078454419928781,0.0
774144,225,2021-02-09,2021-02-18,10,control,0,0.33690736,0,dept_225_closure_2021-02-09,2021-03-11,2021-03,3,1,0.0,774144|225|2021-02-09,-0.22013544800712193,0.0
774196,225,2021-02-09,2021-02-18,10,control,0,0.941812,1,dept_225_closure_2021-02-09,2021-03-11,2021-03,3,1,0.1,774196|225|2021-02-09,0.38476919199287807,0.0
775441,225,2021-02-09,2021-02-18,10,control,0,0.08261001,0,dept_225_closure_2021-02-09,2021-03-11,2021-03,3,1,0.1,775441|225|2021-02-09,-0.4744327980071219,0.0
777571,225,2021-02-09,2021-02-18,10,control,0,0.29030535,0,dept_225_closure_2021-02-09,2021-03-11,2021-03,3,1,0.1,777571|225|2021-02-09,-0.2667374580071219,0.0
778537,225,2021-02-09,2021-02-18,10,treatment,1,0.73807734,1,dept_225_closure_2021-02-09,2021-03-11,2021-03,3,1,0.1,778537|225|2021-02-09,0.1810345319928781,0.0
780220,225,2021-02-09,2021-02-18,10,treatment,1,0.15151207,0,dept_225_closure_2021-02-09,2021-03-11,2021-03,3,1,0.0,780220|225|2021-02-09,-0.4055307380071219,0.0
781494,225,2021-02-09,2021-02-18,10,treatment,1,0.9819272,1,dept_225_closure_2021-02-09,2021-03-11,2021-03,3,1,0.0,781494|225|2021-02-09,0.4248843919928781,0.0
781749,225,2021-02-09,2021-02-18,10,control,0,0.34949872,0,dept_225_closure_2021-02-09,2021-03-11,2021-03,3,1,0.0,781749|225|2021-02-09,-0.20754408800712193,0.0
782815,225,2021-02-09,2021-02-18,10,control,0,0.048142757,0,dept_225_closure_2021-02-09,2021-03-11,2021-03,3,1,0.0,782815|225|2021-02-09,-0.5089000510071219,0.0
783761,225,2021-02-09,2021-02-18,10,control,0,0.87922394,1,dept_225_closure_2021-02-09,2021-03-11,2021-03,3,1,0.2,783761|225|2021-02-09,0.3221811319928781,0.0
784190,225,2021-02-09,2021-02-18,10,treatment,1,0.42112172,0,dept_225_closure_2021-02-09,2021-03-11,2021-03,3,1,0.0,784190|225|2021-02-09,-0.13592108800712194,0.0
784247,225,2021-02-09,2021-02-18,10,control,0,0.37388155,0,dept_225_closure_2021-02-09,2021-03-11,2021-03,3,1,0.1,784247|225|2021-02-09,-0.1831612580071219,0.0
784378,225,2021-02-09,2021-02-18,10,control,0,0.6521716,1,dept_225_closure_2021-02-09,2021-03-11,2021-03,3,1,0.0,784378|225|2021-02-09,0.09512879199287805,0.0
785479,225,2021-02-09,2021-02-18,10,control,0,0.38954622,0,dept_225_closure_2021-02-09,2021-03-11,2021-03,3,1,0.1,785479|225|2021-02-09,-0.16749658800712192,0.0
789372,225,2021-02-09,2021-02-18,10,control,0,0.5044561,1,dept_225_closure_2021-02-09,2021-03-11,2021-03,3,1,0.1,789372|225|2021-02-09,-0.05258670800712195,0.0
789746,225,2021-02-09,2021-02-18,10,treatment,1,0.71691763,1,dept_225_closure_2021-02-09,2021-03-11,2021-03,3,1,0.2,789746|225|2021-02-09,0.15987482199287806,0.0
791023,225,2021-02-09,2021-02-18,10,treatment,1,0.8417338,1,dept_225_closure_2021-02-09,2021-03-11,2021-03,3,1,0.1,791023|225|2021-02-09,0.28469099199287806,0.0
791706,225,2021-02-09,2021-02-18,10,control,0,0.55756235,1,dept_225_closure_2021-02-09,2021-03-11,2021-03,3,1,0.1,791706|225|2021-02-09,0.0005195419928780698,0.0
792259,225,2021-02-09,2021-02-18,10,control,0,0.27055612,0,dept_225_closure_2021-02-09,2021-03-11,2021-03,3,1,0.1,792259|225|2021-02-09,-0.2864866880071219,0.0
792330,225,2021-02-09,2021-02-18,10,control,0,0.30864796,0,dept_225_closure_2021-02-09,2021-03-11,2021-03,3,1,0.0,792330|225|2021-02-09,-0.24839484800712192,0.0
793532,225,2021-02-09,2021-02-18,10,control,0,0.8851609,1,dept_225_closure_2021-02-09,2021-03-11,2021-03,3,1,0.2,793532|225|2021-02-09,0.3281180919928781,0.0
793923,225,2021-02-09,2021-02-18,10,control,0,0.15183781,0,dept_225_closure_2021-02-09,2021-03-11,2021-03,3,1,0.1,793923|225|2021-02-09,-0.40520499800712195,0.0
794398,225,2021-02-09,2021-02-18,10,treatment,1,0.5736346,1,dept_225_closure_2021-02-09,2021-03-11,2021-03,3,1,0.0,794398|225|2021-02-09,0.01659179199287808,0.0
796113,225,2021-02-09,2021-02-18,10,control,0,0.0056227576,0,dept_225_closure_2021-02-09,2021-03-11,2021-03,3,1,0.0,796113|225|2021-02-09,-0.5514200504071219,0.0
796286,225,2021-02-09,2021-02-18,10,control,0,0.9186294,1,dept_225_closure_2021-02-09,2021-03-11,2021-03,3,1,0.1,796286|225|2021-02-09,0.3615865919928781,0.0
796930,225,2021-02-09,2021-02-18,10,control,0,0.9921591,1,dept_225_closure_2021-02-09,2021-03-11,2021-03,3,1,0.7,796930|225|2021-02-09,0.43511629199287805,0.0
796971,225,2021-02-09,2021-02-18,10,control,0,0.73464483,1,dept_225_closure_2021-02-09,2021-03-11,2021-03,3,1,0.1,796971|225|2021-02-09,0.1776020219928781,0.0
797941,225,2021-02-09,2021-02-18,10,control,0,0.36482874,0,dept_225_closure_2021-02-09,2021-03-11,2021-03,3,1,0.5,797941|225|2021-02-09,-0.19221406800712193,0.0
798263,225,2021-02-09,2021-02-18,10,control,0,0.58305246,1,dept_225_closure_2021-02-09,2021-03-11,2021-03,3,1,0.0,798263|225|2021-02-09,0.02600965199287808,0.0
799049,225,2021-02-09,2021-02-18,10,control,0,0.9824901,1,dept_225_closure_2021-02-09,2021-03-11,2021-03,3,1,0.5,799049|225|2021-02-09,0.4254472919928781,0.0
801294,225,2021-02-09,2021-02-18,10,control,0,0.41131797,0,dept_225_closure_2021-02-09,2021-03-11,2021-03,3,1,0.1,801294|225|2021-02-09,-0.14572483800712194,0.0
801718,225,2021-02-09,2021-02-18,10,control,0,0.99905974,1,dept_225_closure_2021-02-09,2021-03-11,2021-03,3,1,0.0,801718|225|2021-02-09,0.44201693199287806,0.0
803224,225,2021-02-09,2021-02-18,10,control,0,0.7826386,1,dept_225_closure_2021-02-09,2021-03-11,2021-03,3,1,0.3,803224|225|2021-02-09,0.22559579199287805,0.0
804722,225,2021-02-09,2021-02-18,10,control,0,0.9922273,1,dept_225_closure_2021-02-09,2021-03-11,2021-03,3,1,0.5,804722|225|2021-02-09,0.4351844919928781,0.0
805264,225,2021-02-09,2021-02-18,10,treatment,1,0.3060513,0,dept_225_closure_2021-02-09,2021-03-11,2021-03,3,1,0.0,805264|225|2021-02-09,-0.2509915080071219,0.0
805366,225,2021-02-09,2021-02-18,10,control,0,0.22654901,0,dept_225_closure_2021-02-09,2021-03-11,2021-03,3,1,0.3,805366|225|2021-02-09,-0.3304937980071219,0.0
807855,225,2021-02-09,2021-02-18,10,treatment,1,0.7708943,1,dept_225_closure_2021-02-09,2021-03-11,2021-03,3,1,0.0,807855|225|2021-02-09,0.21385149199287812,0.0
809500,225,2021-02-09,2021-02-18,10,control,0,0.31644803,0,dept_225_closure_2021-02-09,2021-03-11,2021-03,3,1,0.0,809500|225|2021-02-09,-0.24059477800712192,0.0
5,225,2021-02-09,2021-02-18,10,control,0,0.14528728,0,dept_225_closure_2021-02-09,2021-03-21,2021-03,4,1,0.0,5|225|2021-02-09,-0.4117555280071219,0.0
866,225,2021-02-09,2021-02-18,10,control,0,0.34398916,0,dept_225_closure_2021-02-09,2021-03-21,2021-03,4,1,0.2,866|225|2021-02-09,-0.2130536480071219,0.0
1100,225,2021-02-09,2021-02-18,10,control,0,0.6347374,1,dept_225_closure_2021-02-09,2021-03-21,2021-03,4,1,0.2,1100|225|2021-02-09,0.07769459199287809,0.0
2097,225,2021-02-09,2021-02-18,10,control,0,0.23596613,0,dept_225_closure_2021-02-09,2021-03-21,2021-03,4,1,0.1,2097|225|2021-02-09,-0.3210766780071219,0.0
2185,225,2021-02-09,2021-02-18,10,control,0,0.2621139,0,dept_225_closure_2021-02-09,2021-03-21,2021-03,4,1,0.2,2185|225|2021-02-09,-0.2949289080071219,0.0
2206,225,2021-02-09,2021-02-18,10,control,0,0.4399006,0,dept_225_closure_2021-02-09,2021-03-21,2021-03,4,1,0.1,2206|225|2021-02-09,-0.11714220800712194,0.0
3239,225,2021-02-09,2021-02-18,10,control,0,0.085536055,0,dept_225_closure_2021-02-09,2021-03-21,2021-03,4,1,0.1,3239|225|2021-02-09,-0.4715067530071219,0.0
3256,225,2021-02-09,2021-02-18,10,control,0,0.27744627,0,dept_225_closure_2021-02-09,2021-03-21,2021-03,4,1,0.0,3256|225|2021-02-09,-0.2795965380071219,0.0
5717,225,2021-02-09,2021-02-18,10,control,0,0.86031544,1,dept_225_closure_2021-02-09,2021-03-21,2021-03,4,1,0.1,5717|225|2021-02-09,0.30327263199287813,0.0
7281,225,2021-02-09,2021-02-18,10,control,0,0.99898213,1,dept_225_closure_2021-02-09,2021-03-21,2021-03,4,1,0.4,7281|225|2021-02-09,0.4419393219928781,0.0
8427,225,2021-02-09,2021-02-18,10,control,0,0.019571843,0,dept_225_closure_2021-02-09,2021-03-21,2021-03,4,1,0.1,8427|225|2021-02-09,-0.5374709650071219,0.0
8449,225,2021-02-09,2021-02-18,10,control,0,0.08294749,0,dept_225_closure_2021-02-09,2021-03-21,2021-03,4,1,0.0,8449|225|2021-02-09,-0.4740953180071219,0.0
10251,225,2021-02-09,2021-02-18,10,control,0,0.52154756,1,dept_225_closure_2021-02-09,2021-03-21,2021-03,4,1,0.0,10251|225|2021-02-09,-0.03549524800712189,0.0
12391,225,2021-02-09,2021-02-18,10,control,0,0.15027635,0,dept_225_closure_2021-02-09,2021-03-21,2021-03,4,1,0.0,12391|225|2021-02-09,-0.4067664580071219,0.0
12400,225,2021-02-09,2021-02-18,10,control,0,0.018340718,0,dept_225_closure_2021-02-09,2021-03-21,2021-03,4,1,0.1,12400|225|2021-02-09,-0.5387020900071219,0.0
12928,225,2021-02-09,2021-02-18,10,control,0,0.8517119,1,dept_225_closure_2021-02-09,2021-03-21,2021-03,4,1,0.2,12928|225|2021-02-09,0.29466909199287805,0.0
15825,225,2021-02-09,2021-02-18,10,control,0,0.21903794,0,dept_225_closure_2021-02-09,2021-03-21,2021-03,4,1,0.1,15825|225|2021-02-09,-0.33800486800712193,0.0
16611,225,2021-02-09,2021-02-18,10,control,0,0.03530123,0,dept_225_closure_2021-02-09,2021-03-21,2021-03,4,1,0.1,16611|225|2021-02-09,-0.521741578007122,0.0
17269,225,2021-02-09,2021-02-18,10,control,0,0.21498367,0,dept_225_closure_2021-02-09,2021-03-21,2021-03,4,1,0.0,17269|225|2021-02-09,-0.34205913800712195,0.0
17312,225,2021-02-09,2021-02-18,10,control,0,0.36621094,0,dept_225_closure_2021-02-09,2021-03-21,2021-03,4,1,0.3,17312|225|2021-02-09,-0.19083186800712193,0.0
19087,225,2021-02-09,2021-02-18,10,control,0,0.1141593,0,dept_225_closure_2021-02-09,2021-03-21,2021-03,4,1,0.0,19087|225|2021-02-09,-0.4428835080071219,0.0
19767,225,2021-02-09,2021-02-18,10,control,0,0.48095965,0,dept_225_closure_2021-02-09,2021-03-21,2021-03,4,1,0.1,19767|225|2021-02-09,-0.0760831580071219,0.0
19961,225,2021-02-09,2021-02-18,10,control,0,0.2612961,0,dept_225_closure_2021-02-09,2021-03-21,2021-03,4,1,0.0,19961|225|2021-02-09,-0.29574670800712194,0.0
20829,225,2021-02-09,2021-02-18,10,control,0,0.84562606,1,dept_225_closure_2021-02-09,2021-03-21,2021-03,4,1,0.2,20829|225|2021-02-09,0.28858325199287804,0.0
22301,225,2021-02-09,2021-02-18,10,treatment,1,0.49965566,0,dept_225_closure_2021-02-09,2021-03-21,2021-03,4,1,0.3,22301|225|2021-02-09,-0.05738714800712191,0.0
22417,225,2021-02-09,2021-02-18,10,control,0,0.99820554,1,dept_225_closure_2021-02-09,2021-03-21,2021-03,4,1,0.5,22417|225|2021-02-09,0.44116273199287803,0.0
24695,225,2021-02-09,2021-02-18,10,control,0,0.23371305,0,dept_225_closure_2021-02-09,2021-03-21,2021-03,4,1,0.1,24695|225|2021-02-09,-0.32332975800712194,0.0
27305,225,2021-02-09,2021-02-18,10,control,0,0.934971,1,dept_225_closure_2021-02-09,2021-03-21,2021-03,4,1,0.7,27305|225|2021-02-09,0.3779281919928781,0.0
27339,225,2021-02-09,2021-02-18,10,control,0,0.06848284,0,dept_225_closure_2021-02-09,2021-03-21,2021-03,4,1,0.1,27339|225|2021-02-09,-0.4885599680071219,0.0
28349,225,2021-02-09,2021-02-18,10,control,0,0.031649835,0,dept_225_closure_2021-02-09,2021-03-21,2021-03,4,1,0.0,28349|225|2021-02-09,-0.525392973007122,0.0
28784,225,2021-02-09,2021-02-18,10,control,0,0.96120983,1,dept_225_closure_2021-02-09,2021-03-21,2021-03,4,1,0.2,28784|225|2021-02-09,0.40416702199287813,0.0
29011,225,2021-02-09,2021-02-18,10,control,0,0.89105934,1,dept_225_closure_2021-02-09,2021-03-21,2021-03,4,1,0.1,29011|225|2021-02-09,0.33401653199287806,0.0
29025,225,2021-02-09,2021-02-18,10,control,0,0.93348074,1,dept_225_closure_2021-02-09,2021-03-21,2021-03,4,1,0.2,29025|225|2021-02-09,0.3764379319928781,0.0
29713,225,2021-02-09,2021-02-18,10,control,0,0.5263306,1,dept_225_closure_2021-02-09,2021-03-21,2021-03,4,1,0.1,29713|225|2021-02-09,-0.030712208007121933,0.0
31068,225,2021-02-09,2021-02-18,10,control,0,0.3156137,0,dept_225_closure_2021-02-09,2021-03-21,2021-03,4,1,0.1,31068|225|2021-02-09,-0.24142910800712192,0.0
31075,225,2021-02-09,2021-02-18,10,control,0,0.39527813,0,dept_225_closure_2021-02-09,2021-03-21,2021-03,4,1,0.0,31075|225|2021-02-09,-0.1617646780071219,0.0
31139,225,2021-02-09,2021-02-18,10,treatment,1,0.24236429,0,dept_225_closure_2021-02-09,2021-03-21,2021-03,4,1,0.1,31139|225|2021-02-09,-0.3146785180071219,0.0
31524,225,2021-02-09,2021-02-18,10,control,0,0.05243684,0,dept_225_closure_2021-02-09,2021-03-21,2021-03,4,1,0.1,31524|225|2021-02-09,-0.5046059680071219,0.0
32473,225,2021-02-09,2021-02-18,10,control,0,0.72997993,1,dept_225_closure_2021-02-09,2021-03-21,2021-03,4,1,0.0,32473|225|2021-02-09,0.17293712199287814,0.0
32707,225,2021-02-09,2021-02-18,10,control,0,0.9788866,1,dept_225_closure_2021-02-09,2021-03-21,2021-03,4,1,0.1,32707|225|2021-02-09,0.42184379199287814,0.0
34116,225,2021-02-09,2021-02-18,10,control,0,0.4045588,0,dept_225_closure_2021-02-09,2021-03-21,2021-03,4,1,0.2,34116|225|2021-02-09,-0.15248400800712192,0.0
36662,225,2021-02-09,2021-02-18,10,control,0,0.1691688,0,dept_225_closure_2021-02-09,2021-03-21,2021-03,4,1,0.0,36662|225|2021-02-09,-0.3878740080071219,0.0
37330,225,2021-02-09,2021-02-18,10,treatment,1,0.39923403,0,dept_225_closure_2021-02-09,2021-03-21,2021-03,4,1,0.0,37330|225|2021-02-09,-0.1578087780071219,0.0
38200,225,2021-02-09,2021-02-18,10,control,0,0.41114828,0,dept_225_closure_2021-02-09,2021-03-21,2021-03,4,1,0.0,38200|225|2021-02-09,-0.14589452800712194,0.0
39228,225,2021-02-09,2021-02-18,10,control,0,0.93770295,1,dept_225_closure_2021-02-09,2021-03-21,2021-03,4,1,0.3,39228|225|2021-02-09,0.3806601419928781,0.0
40566,225,2021-02-09,2021-02-18,10,control,0,0.9946063,1,dept_225_closure_2021-02-09,2021-03-21,2021-03,4,1,0.2,40566|225|2021-02-09,0.43756349199287814,0.0
44385,225,2021-02-09,2021-02-18,10,control,0,0.81834763,1,dept_225_closure_2021-02-09,2021-03-21,2021-03,4,1,0.1,44385|225|2021-02-09,0.2613048219928781,0.0
44793,225,2021-02-09,2021-02-18,10,control,0,0.8609171,1,dept_225_closure_2021-02-09,2021-03-21,2021-03,4,1,0.0,44793|225|2021-02-09,0.3038742919928781,0.0
46191,225,2021-02-09,2021-02-18,10,control,0,0.85950613,1,dept_225_closure_2021-02-09,2021-03-21,2021-03,4,1,0.1,46191|225|2021-02-09,0.30246332199287806,0.0
47222,225,2021-02-09,2021-02-18,10,treatment,1,0.49709675,0,dept_225_closure_2021-02-09,2021-03-21,2021-03,4,1,0.4,47222|225|2021-02-09,-0.05994605800712194,0.0
48637,225,2021-02-09,2021-02-18,10,treatment,1,0.54981667,1,dept_225_closure_2021-02-09,2021-03-21,2021-03,4,1,0.0,48637|225|2021-02-09,-0.007226138007121907,0.0
49220,225,2021-02-09,2021-02-18,10,control,0,0.37845916,0,dept_225_closure_2021-02-09,2021-03-21,2021-03,4,1,0.1,49220|225|2021-02-09,-0.1785836480071219,0.0
50187,225,2021-02-09,2021-02-18,10,control,0,0.86367977,1,dept_225_closure_2021-02-09,2021-03-21,2021-03,4,1,0.2,50187|225|2021-02-09,0.30663696199287804,0.0
51175,225,2021-02-09,2021-02-18,10,control,0,0.06736726,0,dept_225_closure_2021-02-09,2021-03-21,2021-03,4,1,0.0,51175|225|2021-02-09,-0.48967554800712193,0.0
51232,225,2021-02-09,2021-02-18,10,treatment,1,0.96270984,1,dept_225_closure_2021-02-09,2021-03-21,2021-03,4,1,0.1,51232|225|2021-02-09,0.4056670319928781,0.0
51386,225,2021-02-09,2021-02-18,10,treatment,1,0.9826988,1,dept_225_closure_2021-02-09,2021-03-21,2021-03,4,1,0.4,51386|225|2021-02-09,0.42565599199287807,0.0
52482,225,2021-02-09,2021-02-18,10,control,0,0.7282863,1,dept_225_closure_2021-02-09,2021-03-21,2021-03,4,1,0.1,52482|225|2021-02-09,0.17124349199287814,0.0
52509,225,2021-02-09,2021-02-18,10,control,0,0.9856984,1,dept_225_closure_2021-02-09,2021-03-21,2021-03,4,1,0.2,52509|225|2021-02-09,0.42865559199287806,0.0
52857,225,2021-02-09,2021-02-18,10,control,0,0.39206263,0,dept_225_closure_2021-02-09,2021-03-21,2021-03,4,1,0.1,52857|225|2021-02-09,-0.1649801780071219,0.0
55277,225,2021-02-09,2021-02-18,10,control,0,0.7247857,1,dept_225_closure_2021-02-09,2021-03-21,2021-03,4,1,0.2,55277|225|2021-02-09,0.16774289199287806,0.0
56953,225,2021-02-09,2021-02-18,10,control,0,0.8950663,1,dept_225_closure_2021-02-09,2021-03-21,2021-03,4,1,0.4,56953|225|2021-02-09,0.33802349199287807,0.0
57362,225,2021-02-09,2021-02-18,10,control,0,0.5430405,1,dept_225_closure_2021-02-09,2021-03-21,2021-03,4,1,0.0,57362|225|2021-02-09,-0.014002308007121878,0.0
57582,225,2021-02-09,2021-02-18,10,control,0,0.92595965,1,dept_225_closure_2021-02-09,2021-03-21,2021-03,4,1,0.1,57582|225|2021-02-09,0.3689168419928781,0.0
62574,225,2021-02-09,2021-02-18,10,control,0,0.24900906,0,dept_225_closure_2021-02-09,2021-03-21,2021-03,4,1,0.2,62574|225|2021-02-09,-0.3080337480071219,0.0
63220,225,2021-02-09,2021-02-18,10,control,0,0.88363045,1,dept_225_closure_2021-02-09,2021-03-21,2021-03,4,1,0.5,63220|225|2021-02-09,0.32658764199287804,0.0
64080,225,2021-02-09,2021-02-18,10,treatment,1,0.5486668,1,dept_225_closure_2021-02-09,2021-03-21,2021-03,4,1,0.0,64080|225|2021-02-09,-0.008376008007121905,0.0
73719,225,2021-02-09,2021-02-18,10,control,0,0.48416466,0,dept_225_closure_2021-02-09,2021-03-21,2021-03,4,1,0.0,73719|225|2021-02-09,-0.07287814800712189,0.0
75205,225,2021-02-09,2021-02-18,10,control,0,0.87622863,1,dept_225_closure_2021-02-09,2021-03-21,2021-03,4,1,0.0,75205|225|2021-02-09,0.31918582199287804,0.0
77516,225,2021-02-09,2021-02-18,10,control,0,0.88889474,1,dept_225_closure_2021-02-09,2021-03-21,2021-03,4,1,0.1,77516|225|2021-02-09,0.3318519319928781,0.0
79269,225,2021-02-09,2021-02-18,10,control,0,0.14135796,0,dept_225_closure_2021-02-09,2021-03-21,2021-03,4,1,0.1,79269|225|2021-02-09,-0.4156848480071219,0.0
82976,225,2021-02-09,2021-02-18,10,control,0,0.5032989,1,dept_225_closure_2021-02-09,2021-03-21,2021-03,4,1,0.2,82976|225|2021-02-09,-0.05374390800712192,0.0
83920,225,2021-02-09,2021-02-18,10,control,0,0.10722636,0,dept_225_closure_2021-02-09,2021-03-21,2021-03,4,1,0.1,83920|225|2021-02-09,-0.4498164480071219,0.0
85561,225,2021-02-09,2021-02-18,10,treatment,1,0.30561054,0,dept_225_closure_2021-02-09,2021-03-21,2021-03,4,1,0.0,85561|225|2021-02-09,-0.25143226800712193,0.0
85580,225,2021-02-09,2021-02-18,10,control,0,0.96883047,1,dept_225_closure_2021-02-09,2021-03-21,2021-03,4,1,0.1,85580|225|2021-02-09,0.4117876619928781,0.0
85848,225,2021-02-09,2021-02-18,10,control,0,0.047726985,0,dept_225_closure_2021-02-09,2021-03-21,2021-03,4,1,0.0,85848|225|2021-02-09,-0.509315823007122,0.0
88712,225,2021-02-09,2021-02-18,10,control,0,0.27502534,0,dept_225_closure_2021-02-09,2021-03-21,2021-03,4,1,0.0,88712|225|2021-02-09,-0.2820174680071219,0.0
90821,225,2021-02-09,2021-02-18,10,control,0,0.10521385,0,dept_225_closure_2021-02-09,2021-03-21,2021-03,4,1,0.3,90821|225|2021-02-09,-0.4518289580071219,0.0
91438,225,2021-02-09,2021-02-18,10,treatment,1,0.2950767,0,dept_225_closure_2021-02-09,2021-03-21,2021-03,4,1,0.0,91438|225|2021-02-09,-0.2619661080071219,0.0
92168,225,2021-02-09,2021-02-18,10,control,0,0.7336935,1,dept_225_closure_2021-02-09,2021-03-21,2021-03,4,1,0.2,92168|225|2021-02-09,0.17665069199287808,0.0
92196,225,2021-02-09,2021-02-18,10,control,0,0.8121042,1,dept_225_closure_2021-02-09,2021-03-21,2021-03,4,1,0.1,92196|225|2021-02-09,0.25506139199287814,0.0
93076,225,2021-02-09,2021-02-18,10,control,0,0.13417456,0,dept_225_closure_2021-02-09,2021-03-21,2021-03,4,1,0.0,93076|225|2021-02-09,-0.4228682480071219,0.0
94462,225,2021-02-09,2021-02-18,10,control,0,0.8219448,1,dept_225_closure_2021-02-09,2021-03-21,2021-03,4,1,0.1,94462|225|2021-02-09,0.2649019919928781,0.0
95167,225,2021-02-09,2021-02-18,10,control,0,0.98642063,1,dept_225_closure_2021-02-09,2021-03-21,2021-03,4,1,0.6,95167|225|2021-02-09,0.4293778219928781,0.0
96414,225,2021-02-09,2021-02-18,10,treatment,1,0.5275364,1,dept_225_closure_2021-02-09,2021-03-21,2021-03,4,1,0.3,96414|225|2021-02-09,-0.029506408007121898,0.0
96697,225,2021-02-09,2021-02-18,10,control,0,0.025866332,0,dept_225_closure_2021-02-09,2021-03-21,2021-03,4,1,0.0,96697|225|2021-02-09,-0.5311764760071219,0.0
104528,225,2021-02-09,2021-02-18,10,control,0,0.5275139,1,dept_225_closure_2021-02-09,2021-03-21,2021-03,4,1,0.0,104528|225|2021-02-09,-0.029528908007121935,0.0
104571,225,2021-02-09,2021-02-18,10,control,0,0.98588693,1,dept_225_closure_2021-02-09,2021-03-21,2021-03,4,1,0.7,104571|225|2021-02-09,0.42884412199287814,0.0
104692,225,2021-02-09,2021-02-18,10,control,0,0.28391963,0,dept_225_closure_2021-02-09,2021-03-21,2021-03,4,1,0.0,104692|225|2021-02-09,-0.27312317800712194,0.0
104922,225,2021-02-09,2021-02-18,10,control,0,0.5186152,1,dept_225_closure_2021-02-09,2021-03-21,2021-03,4,1,0.5,104922|225|2021-02-09,-0.03842760800712186,0.0
106298,225,2021-02-09,2021-02-18,10,control,0,0.060432576,0,dept_225_closure_2021-02-09,2021-03-21,2021-03,4,1,0.0,106298|225|2021-02-09,-0.4966102320071219,0.0
111416,225,2021-02-09,2021-02-18,10,treatment,1,0.069509014,0,dept_225_closure_2021-02-09,2021-03-21,2021-03,4,1,0.0,111416|225|2021-02-09,-0.48753379400712193,0.0
112274,225,2021-02-09,2021-02-18,10,control,0,0.9381968,1,dept_225_closure_2021-02-09,2021-03-21,2021-03,4,1,0.0,112274|225|2021-02-09,0.38115399199287814,0.0
112986,225,2021-02-09,2021-02-18,10,control,0,0.43461272,0,dept_225_closure_2021-02-09,2021-03-21,2021-03,4,1,0.1,112986|225|2021-02-09,-0.1224300880071219,0.0
113871,225,2021-02-09,2021-02-18,10,control,0,0.7866077,1,dept_225_closure_2021-02-09,2021-03-21,2021-03,4,1,0.0,113871|225|2021-02-09,0.2295648919928781,0.0
114555,225,2021-02-09,2021-02-18,10,control,0,0.103926405,0,dept_225_closure_2021-02-09,2021-03-21,2021-03,4,1,0.0,114555|225|2021-02-09,-0.4531164030071219,0.0
114559,225,2021-02-09,2021-02-18,10,control,0,0.99483794,1,dept_225_closure_2021-02-09,2021-03-21,2021-03,4,1,0.2,114559|225|2021-02-09,0.4377951319928781,0.0
115199,225,2021-02-09,2021-02-18,10,treatment,1,0.9845649,1,dept_225_closure_2021-02-09,2021-03-21,2021-03,4,1,0.0,115199|225|2021-02-09,0.42752209199287805,0.0
115326,225,2021-02-09,2021-02-18,10,control,0,0.13118972,0,dept_225_closure_2021-02-09,2021-03-21,2021-03,4,1,0.3,115326|225|2021-02-09,-0.4258530880071219,0.0
115535,225,2021-02-09,2021-02-18,10,control,0,0.9518152,1,dept_225_closure_2021-02-09,2021-03-21,2021-03,4,1,0.0,115535|225|2021-02-09,0.39477239199287806,0.0
116937,225,2021-02-09,2021-02-18,10,treatment,1,0.22988378,0,dept_225_closure_2021-02-09,2021-03-21,2021-03,4,1,0.0,116937|225|2021-02-09,-0.32715902800712193,0.0
117335,225,2021-02-09,2021-02-18,10,control,0,0.7447799,1,dept_225_closure_2021-02-09,2021-03-21,2021-03,4,1,0.1,117335|225|2021-02-09,0.18773709199287814,0.0
119025,225,2021-02-09,2021-02-18,10,control,0,0.6071146,1,dept_225_closure_2021-02-09,2021-03-21,2021-03,4,1,0.0,119025|225|2021-02-09,0.050071791992878034,0.0
119175,225,2021-02-09,2021-02-18,10,control,0,0.28744176,0,dept_225_closure_2021-02-09,2021-03-21,2021-03,4,1,0.2,119175|225|2021-02-09,-0.2696010480071219,0.0
121010,225,2021-02-09,2021-02-18,10,control,0,0.2686608,0,dept_225_closure_2021-02-09,2021-03-21,2021-03,4,1,0.0,121010|225|2021-02-09,-0.28838200800712194,0.0
121590,225,2021-02-09,2021-02-18,10,control,0,0.9802814,1,dept_225_closure_2021-02-09,2021-03-21,2021-03,4,1,0.2,121590|225|2021-02-09,0.42323859199287805,0.0
121722,225,2021-02-09,2021-02-18,10,treatment,1,0.5416496,1,dept_225_closure_2021-02-09,2021-03-21,2021-03,4,1,0.7,121722|225|2021-02-09,-0.015393208007121961,0.0
123270,225,2021-02-09,2021-02-18,10,control,0,0.82353306,1,dept_225_closure_2021-02-09,2021-03-21,2021-03,4,1,0.0,123270|225|2021-02-09,0.2664902519928781,0.0
124613,225,2021-02-09,2021-02-18,10,control,0,0.78453153,1,dept_225_closure_2021-02-09,2021-03-21,2021-03,4,1,0.0,124613|225|2021-02-09,0.22748872199287806,0.0
128896,225,2021-02-09,2021-02-18,10,control,0,0.2702459,0,dept_225_closure_2021-02-09,2021-03-21,2021-03,4,1,0.3,128896|225|2021-02-09,-0.28679690800712193,0.0
129631,225,2021-02-09,2021-02-18,10,control,0,0.87201,1,dept_225_closure_2021-02-09,2021-03-21,2021-03,4,1,0.1,129631|225|2021-02-09,0.31496719199287804,0.0
130615,225,2021-02-09,2021-02-18,10,control,0,0.49420547,0,dept_225_closure_2021-02-09,2021-03-21,2021-03,4,1,0.0,130615|225|2021-02-09,-0.06283733800712193,0.0
131102,225,2021-02-09,2021-02-18,10,treatment,1,0.91136134,1,dept_225_closure_2021-02-09,2021-03-21,2021-03,4,1,0.1,131102|225|2021-02-09,0.3543185319928781,0.0
131453,225,2021-02-09,2021-02-18,10,control,0,0.6490996,1,dept_225_closure_2021-02-09,2021-03-21,2021-03,4,1,0.0,131453|225|2021-02-09,0.09205679199287808,0.0
132468,225,2021-02-09,2021-02-18,10,control,0,0.24907468,0,dept_225_closure_2021-02-09,2021-03-21,2021-03,4,1,0.1,132468|225|2021-02-09,-0.3079681280071219,0.0
134444,225,2021-02-09,2021-02-18,10,treatment,1,0.66105175,1,dept_225_closure_2021-02-09,2021-03-21,2021-03,4,1,0.0,134444|225|2021-02-09,0.10400894199287813,0.0
135292,225,2021-02-09,2021-02-18,10,treatment,1,0.9451208,1,dept_225_closure_2021-02-09,2021-03-21,2021-03,4,1,0.1,135292|225|2021-02-09,0.38807799199287807,0.0
136496,225,2021-02-09,2021-02-18,10,control,0,0.43152484,0,dept_225_closure_2021-02-09,2021-03-21,2021-03,4,1,0.0,136496|225|2021-02-09,-0.1255179680071219,0.0
136929,225,2021-02-09,2021-02-18,10,control,0,0.93452793,1,dept_225_closure_2021-02-09,2021-03-21,2021-03,4,1,0.1,136929|225|2021-02-09,0.3774851219928781,0.0
137152,225,2021-02-09,2021-02-18,10,control,0,0.32510924,0,dept_225_closure_2021-02-09,2021-03-21,2021-03,4,1,0.1,137152|225|2021-02-09,-0.2319335680071219,0.0
139380,225,2021-02-09,2021-02-18,10,control,0,0.99770504,1,dept_225_closure_2021-02-09,2021-03-21,2021-03,4,1,0.1,139380|225|2021-02-09,0.44066223199287813,0.0
139997,225,2021-02-09,2021-02-18,10,control,0,0.49280056,0,dept_225_closure_2021-02-09,2021-03-21,2021-03,4,1,0.2,139997|225|2021-02-09,-0.06424224800712192,0.0
140174,225,2021-02-09,2021-02-18,10,control,0,0.9339587,1,dept_225_closure_2021-02-09,2021-03-21,2021-03,4,1,0.4,140174|225|2021-02-09,0.3769158919928781,0.0
140189,225,2021-02-09,2021-02-18,10,control,0,0.99497885,1,dept_225_closure_2021-02-09,2021-03-21,2021-03,4,1,0.3,140189|225|2021-02-09,0.43793604199287806,0.0
141122,225,2021-02-09,2021-02-18,10,control,0,0.68625027,1,dept_225_closure_2021-02-09,2021-03-21,2021-03,4,1,0.0,141122|225|2021-02-09,0.12920746199287814,0.0
141261,225,2021-02-09,2021-02-18,10,control,0,0.996579,1,dept_225_closure_2021-02-09,2021-03-21,2021-03,4,1,0.7,141261|225|2021-02-09,0.4395361919928781,0.0
144064,225,2021-02-09,2021-02-18,10,control,0,0.09249806,0,dept_225_closure_2021-02-09,2021-03-21,2021-03,4,1,0.0,144064|225|2021-02-09,-0.4645447480071219,0.0
146678,225,2021-02-09,2021-02-18,10,control,0,0.17388102,0,dept_225_closure_2021-02-09,2021-03-21,2021-03,4,1,0.0,146678|225|2021-02-09,-0.3831617880071219,0.0
148355,225,2021-02-09,2021-02-18,10,treatment,1,0.17873272,0,dept_225_closure_2021-02-09,2021-03-21,2021-03,4,1,0.0,148355|225|2021-02-09,-0.3783100880071219,0.0
149605,225,2021-02-09,2021-02-18,10,control,0,0.66756827,1,dept_225_closure_2021-02-09,2021-03-21,2021-03,4,1,0.0,149605|225|2021-02-09,0.11052546199287805,0.0
149858,225,2021-02-09,2021-02-18,10,control,0,0.5513751,1,dept_225_closure_2021-02-09,2021-03-21,2021-03,4,1,0.0,149858|225|2021-02-09,-0.005667708007121908,0.0
150721,225,2021-02-09,2021-02-18,10,control,0,0.4290937,0,dept_225_closure_2021-02-09,2021-03-21,2021-03,4,1,0.0,150721|225|2021-02-09,-0.1279491080071219,0.0
152104,225,2021-02-09,2021-02-18,10,control,0,0.27722538,0,dept_225_closure_2021-02-09,2021-03-21,2021-03,4,1,0.0,152104|225|2021-02-09,-0.2798174280071219,0.0
154812,225,2021-02-09,2021-02-18,10,control,0,0.024545906,0,dept_225_closure_2021-02-09,2021-03-21,2021-03,4,1,0.0,154812|225|2021-02-09,-0.532496902007122,0.0
156408,225,2021-02-09,2021-02-18,10,control,0,0.06135893,0,dept_225_closure_2021-02-09,2021-03-21,2021-03,4,1,0.0,156408|225|2021-02-09,-0.49568387800712194,0.0
157353,225,2021-02-09,2021-02-18,10,control,0,0.054554705,0,dept_225_closure_2021-02-09,2021-03-21,2021-03,4,1,0.0,157353|225|2021-02-09,-0.5024881030071219,0.0
158587,225,2021-02-09,2021-02-18,10,control,0,0.16717811,0,dept_225_closure_2021-02-09,2021-03-21,2021-03,4,1,0.2,158587|225|2021-02-09,-0.3898646980071219,0.0
159426,225,2021-02-09,2021-02-18,10,control,0,0.9888276,1,dept_225_closure_2021-02-09,2021-03-21,2021-03,4,1,0.6,159426|225|2021-02-09,0.4317847919928781,0.0
160269,225,2021-02-09,2021-02-18,10,control,0,0.7384821,1,dept_225_closure_2021-02-09,2021-03-21,2021-03,4,1,0.2,160269|225|2021-02-09,0.18143929199287812,0.0
161725,225,2021-02-09,2021-02-18,10,treatment,1,0.45389333,0,dept_225_closure_2021-02-09,2021-03-21,2021-03,4,1,0.0,161725|225|2021-02-09,-0.10314947800712193,0.0
163448,225,2021-02-09,2021-02-18,10,control,0,0.5847298,1,dept_225_closure_2021-02-09,2021-03-21,2021-03,4,1,0.0,163448|225|2021-02-09,0.02768699199287805,0.0
168489,225,2021-02-09,2021-02-18,10,control,0,0.3054672,0,dept_225_closure_2021-02-09,2021-03-21,2021-03,4,1,0.0,168489|225|2021-02-09,-0.2515756080071219,0.0
170689,225,2021-02-09,2021-02-18,10,control,0,0.8717616,1,dept_225_closure_2021-02-09,2021-03-21,2021-03,4,1,0.0,170689|225|2021-02-09,0.3147187919928781,0.0
170963,225,2021-02-09,2021-02-18,10,control,0,0.9097696,1,dept_225_closure_2021-02-09,2021-03-21,2021-03,4,1,0.0,170963|225|2021-02-09,0.35272679199287804,0.0
170998,225,2021-02-09,2021-02-18,10,control,0,0.9982672,1,dept_225_closure_2021-02-09,2021-03-21,2021-03,4,1,0.1,170998|225|2021-02-09,0.4412243919928781,0.0
172338,225,2021-02-09,2021-02-18,10,control,0,0.94404244,1,dept_225_closure_2021-02-09,2021-03-21,2021-03,4,1,0.4,172338|225|2021-02-09,0.3869996319928781,0.0
172531,225,2021-02-09,2021-02-18,10,control,0,0.22820017,0,dept_225_closure_2021-02-09,2021-03-21,2021-03,4,1,0.0,172531|225|2021-02-09,-0.3288426380071219,0.0
175025,225,2021-02-09,2021-02-18,10,control,0,0.39642844,0,dept_225_closure_2021-02-09,2021-03-21,2021-03,4,1,0.1,175025|225|2021-02-09,-0.16061436800712192,0.0
177352,225,2021-02-09,2021-02-18,10,control,0,0.012363931,0,dept_225_closure_2021-02-09,2021-03-21,2021-03,4,1,0.0,177352|225|2021-02-09,-0.5446788770071219,0.0
177848,225,2021-02-09,2021-02-18,10,control,0,0.26560098,0,dept_225_closure_2021-02-09,2021-03-21,2021-03,4,1,0.1,177848|225|2021-02-09,-0.29144182800712193,0.0
179248,225,2021-02-09,2021-02-18,10,control,0,0.4933257,0,dept_225_closure_2021-02-09,2021-03-21,2021-03,4,1,0.0,179248|225|2021-02-09,-0.06371710800712194,0.0
180666,225,2021-02-09,2021-02-18,10,control,0,0.15228039,0,dept_225_closure_2021-02-09,2021-03-21,2021-03,4,1,0.0,180666|225|2021-02-09,-0.4047624180071219,0.0
181071,225,2021-02-09,2021-02-18,10,control,0,0.90928394,1,dept_225_closure_2021-02-09,2021-03-21,2021-03,4,1,0.2,181071|225|2021-02-09,0.3522411319928781,0.0
184787,225,2021-02-09,2021-02-18,10,control,0,0.8334096,1,dept_225_closure_2021-02-09,2021-03-21,2021-03,4,1,0.1,184787|225|2021-02-09,0.27636679199287806,0.0
186124,225,2021-02-09,2021-02-18,10,treatment,1,0.94084996,1,dept_225_closure_2021-02-09,2021-03-21,2021-03,4,1,0.3,186124|225|2021-02-09,0.38380715199287807,0.0
187174,225,2021-02-09,2021-02-18,10,control,0,0.42895404,0,dept_225_closure_2021-02-09,2021-03-21,2021-03,4,1,0.5,187174|225|2021-02-09,-0.12808876800712193,0.0
189086,225,2021-02-09,2021-02-18,10,control,0,0.32330012,0,dept_225_closure_2021-02-09,2021-03-21,2021-03,4,1,0.3,189086|225|2021-02-09,-0.2337426880071219,0.0
189719,225,2021-02-09,2021-02-18,10,control,0,0.425074,0,dept_225_closure_2021-02-09,2021-03-21,2021-03,4,1,0.1,189719|225|2021-02-09,-0.1319688080071219,0.0
194332,225,2021-02-09,2021-02-18,10,control,0,0.62658477,1,dept_225_closure_2021-02-09,2021-03-21,2021-03,4,1,0.1,194332|225|2021-02-09,0.0695419619928781,0.0
195383,225,2021-02-09,2021-02-18,10,control,0,0.8553834,1,dept_225_closure_2021-02-09,2021-03-21,2021-03,4,1,0.1,195383|225|2021-02-09,0.2983405919928781,0.0
195662,225,2021-02-09,2021-02-18,10,control,0,0.849924,1,dept_225_closure_2021-02-09,2021-03-21,2021-03,4,1,0.0,195662|225|2021-02-09,0.2928811919928781,0.0
197268,225,2021-02-09,2021-02-18,10,control,0,0.03983477,0,dept_225_closure_2021-02-09,2021-03-21,2021-03,4,1,0.0,197268|225|2021-02-09,-0.5172080380071219,0.0
201662,225,2021-02-09,2021-02-18,10,control,0,0.96532935,1,dept_225_closure_2021-02-09,2021-03-21,2021-03,4,1,0.3,201662|225|2021-02-09,0.40828654199287806,0.0
201707,225,2021-02-09,2021-02-18,10,control,0,0.99219394,1,dept_225_closure_2021-02-09,2021-03-21,2021-03,4,1,0.2,201707|225|2021-02-09,0.43515113199287814,0.0
201773,225,2021-02-09,2021-02-18,10,control,0,0.27926448,0,dept_225_closure_2021-02-09,2021-03-21,2021-03,4,1,0.0,201773|225|2021-02-09,-0.27777832800712193,0.0
203040,225,2021-02-09,2021-02-18,10,control,0,0.63117754,1,dept_225_closure_2021-02-09,2021-03-21,2021-03,4,1,0.0,203040|225|2021-02-09,0.07413473199287812,0.0
205446,225,2021-02-09,2021-02-18,10,control,0,0.5259462,1,dept_225_closure_2021-02-09,2021-03-21,2021-03,4,1,0.0,205446|225|2021-02-09,-0.031096608007121884,0.0
206370,225,2021-02-09,2021-02-18,10,control,0,0.20877051,0,dept_225_closure_2021-02-09,2021-03-21,2021-03,4,1,0.0,206370|225|2021-02-09,-0.3482722980071219,0.0
206748,225,2021-02-09,2021-02-18,10,control,0,0.6869173,1,dept_225_closure_2021-02-09,2021-03-21,2021-03,4,1,0.0,206748|225|2021-02-09,0.12987449199287804,0.0
206820,225,2021-02-09,2021-02-18,10,control,0,0.5056104,1,dept_225_closure_2021-02-09,2021-03-21,2021-03,4,1,0.0,206820|225|2021-02-09,-0.0514324080071219,0.0
206904,225,2021-02-09,2021-02-18,10,control,0,0.9530811,1,dept_225_closure_2021-02-09,2021-03-21,2021-03,4,1,0.3,206904|225|2021-02-09,0.3960382919928781,0.0
207447,225,2021-02-09,2021-02-18,10,control,0,0.34226012,0,dept_225_closure_2021-02-09,2021-03-21,2021-03,4,1,0.0,207447|225|2021-02-09,-0.2147826880071219,0.0
208009,225,2021-02-09,2021-02-18,10,control,0,0.97873425,1,dept_225_closure_2021-02-09,2021-03-21,2021-03,4,1,0.1,208009|225|2021-02-09,0.4216914419928781,0.0
208524,225,2021-02-09,2021-02-18,10,control,0,0.8358825,1,dept_225_closure_2021-02-09,2021-03-21,2021-03,4,1,0.1,208524|225|2021-02-09,0.27883969199287806,0.0
208745,225,2021-02-09,2021-02-18,10,control,0,0.99224687,1,dept_225_closure_2021-02-09,2021-03-21,2021-03,4,1,0.3,208745|225|2021-02-09,0.4352040619928781,0.0
211176,225,2021-02-09,2021-02-18,10,control,0,0.6357622,1,dept_225_closure_2021-02-09,2021-03-21,2021-03,4,1,0.3,211176|225|2021-02-09,0.07871939199287814,0.0
213773,225,2021-02-09,2021-02-18,10,control,0,0.7876915,1,dept_225_closure_2021-02-09,2021-03-21,2021-03,4,1,0.2,213773|225|2021-02-09,0.23064869199287807,0.0
214084,225,2021-02-09,2021-02-18,10,treatment,1,0.861025,1,dept_225_closure_2021-02-09,2021-03-21,2021-03,4,1,0.1,214084|225|2021-02-09,0.3039821919928781,0.0
215495,225,2021-02-09,2021-02-18,10,control,0,0.953905,1,dept_225_closure_2021-02-09,2021-03-21,2021-03,4,1,0.3,215495|225|2021-02-09,0.3968621919928781,0.0
217435,225,2021-02-09,2021-02-18,10,control,0,0.4251149,0,dept_225_closure_2021-02-09,2021-03-21,2021-03,4,1,0.0,217435|225|2021-02-09,-0.1319279080071219,0.0
217935,225,2021-02-09,2021-02-18,10,control,0,0.050150763,0,dept_225_closure_2021-02-09,2021-03-21,2021-03,4,1,0.0,217935|225|2021-02-09,-0.5068920450071219,0.0
218655,225,2021-02-09,2021-02-18,10,control,0,0.9413818,1,dept_225_closure_2021-02-09,2021-03-21,2021-03,4,1,0.1,218655|225|2021-02-09,0.38433899199287813,0.0
218845,225,2021-02-09,2021-02-18,10,control,0,0.62621844,1,dept_225_closure_2021-02-09,2021-03-21,2021-03,4,1,0.0,218845|225|2021-02-09,0.06917563199287813,0.0
219180,225,2021-02-09,2021-02-18,10,treatment,1,0.9961695,1,dept_225_closure_2021-02-09,2021-03-21,2021-03,4,1,0.0,219180|225|2021-02-09,0.4391266919928781,0.0
219890,225,2021-02-09,2021-02-18,10,control,0,0.23822242,0,dept_225_closure_2021-02-09,2021-03-21,2021-03,4,1,0.0,219890|225|2021-02-09,-0.3188203880071219,0.0
220166,225,2021-02-09,2021-02-18,10,control,0,0.0636071,0,dept_225_closure_2021-02-09,2021-03-21,2021-03,4,1,0.1,220166|225|2021-02-09,-0.4934357080071219,0.0
220625,225,2021-02-09,2021-02-18,10,control,0,0.43232545,0,dept_225_closure_2021-02-09,2021-03-21,2021-03,4,1,0.3,220625|225|2021-02-09,-0.12471735800712191,0.0
224945,225,2021-02-09,2021-02-18,10,treatment,1,0.38563815,0,dept_225_closure_2021-02-09,2021-03-21,2021-03,4,1,0.0,224945|225|2021-02-09,-0.1714046580071219,0.0
225305,225,2021-02-09,2021-02-18,10,treatment,1,0.22633466,0,dept_225_closure_2021-02-09,2021-03-21,2021-03,4,1,0.1,225305|225|2021-02-09,-0.3307081480071219,0.0
228616,225,2021-02-09,2021-02-18,10,control,0,0.34855863,0,dept_225_closure_2021-02-09,2021-03-21,2021-03,4,1,0.1,228616|225|2021-02-09,-0.20848417800712193,0.0
228853,225,2021-02-09,2021-02-18,10,control,0,0.70645857,1,dept_225_closure_2021-02-09,2021-03-21,2021-03,4,1,0.1,228853|225|2021-02-09,0.1494157619928781,0.0
229849,225,2021-02-09,2021-02-18,10,control,0,0.99606764,1,dept_225_closure_2021-02-09,2021-03-21,2021-03,4,1,0.4,229849|225|2021-02-09,0.4390248319928781,0.0
230388,225,2021-02-09,2021-02-18,10,control,0,0.1738227,0,dept_225_closure_2021-02-09,2021-03-21,2021-03,4,1,0.0,230388|225|2021-02-09,-0.3832201080071219,0.0
230407,225,2021-02-09,2021-02-18,10,control,0,0.79603475,1,dept_225_closure_2021-02-09,2021-03-21,2021-03,4,1,0.0,230407|225|2021-02-09,0.2389919419928781,0.0
231902,225,2021-02-09,2021-02-18,10,control,0,0.9874134,1,dept_225_closure_2021-02-09,2021-03-21,2021-03,4,1,0.2,231902|225|2021-02-09,0.4303705919928781,0.0
233275,225,2021-02-09,2021-02-18,10,control,0,0.57958674,1,dept_225_closure_2021-02-09,2021-03-21,2021-03,4,1,0.0,233275|225|2021-02-09,0.022543931992878075,0.0
234862,225,2021-02-09,2021-02-18,10,control,0,0.39663664,0,dept_225_closure_2021-02-09,2021-03-21,2021-03,4,1,0.0,234862|225|2021-02-09,-0.16040616800712193,0.0
235691,225,2021-02-09,2021-02-18,10,control,0,0.94813615,1,dept_225_closure_2021-02-09,2021-03-21,2021-03,4,1,0.0,235691|225|2021-02-09,0.39109334199287804,0.0
237536,225,2021-02-09,2021-02-18,10,control,0,0.34888518,0,dept_225_closure_2021-02-09,2021-03-21,2021-03,4,1,0.0,237536|225|2021-02-09,-0.2081576280071219,0.0
237750,225,2021-02-09,2021-02-18,10,control,0,0.95692825,1,dept_225_closure_2021-02-09,2021-03-21,2021-03,4,1,0.0,237750|225|2021-02-09,0.3998854419928781,0.0
239422,225,2021-02-09,2021-02-18,10,control,0,0.7698608,1,dept_225_closure_2021-02-09,2021-03-21,2021-03,4,1,0.0,239422|225|2021-02-09,0.2128179919928781,0.0
241420,225,2021-02-09,2021-02-18,10,control,0,0.9988871,1,dept_225_closure_2021-02-09,2021-03-21,2021-03,4,1,0.7,241420|225|2021-02-09,0.4418442919928781,0.0
243726,225,2021-02-09,2021-02-18,10,control,0,0.6828458,1,dept_225_closure_2021-02-09,2021-03-21,2021-03,4,1,0.0,243726|225|2021-02-09,0.12580299199287803,0.0
244643,225,2021-02-09,2021-02-18,10,control,0,0.9442424,1,dept_225_closure_2021-02-09,2021-03-21,2021-03,4,1,0.4,244643|225|2021-02-09,0.3871995919928781,0.0
246087,225,2021-02-09,2021-02-18,10,control,0,0.9979746,1,dept_225_closure_2021-02-09,2021-03-21,2021-03,4,1,0.0,246087|225|2021-02-09,0.44093179199287813,0.0
246226,225,2021-02-09,2021-02-18,10,control,0,0.060403388,0,dept_225_closure_2021-02-09,2021-03-21,2021-03,4,1,0.0,246226|225|2021-02-09,-0.4966394200071219,0.0
249174,225,2021-02-09,2021-02-18,10,treatment,1,0.95790577,1,dept_225_closure_2021-02-09,2021-03-21,2021-03,4,1,0.2,249174|225|2021-02-09,0.4008629619928781,0.0
249701,225,2021-02-09,2021-02-18,10,control,0,0.5075647,1,dept_225_closure_2021-02-09,2021-03-21,2021-03,4,1,0.0,249701|225|2021-02-09,-0.049478108007121935,0.0
249960,225,2021-02-09,2021-02-18,10,control,0,0.45441312,0,dept_225_closure_2021-02-09,2021-03-21,2021-03,4,1,0.5,249960|225|2021-02-09,-0.10262968800712191,0.0
254286,225,2021-02-09,2021-02-18,10,control,0,0.9327924,1,dept_225_closure_2021-02-09,2021-03-21,2021-03,4,1,0.4,254286|225|2021-02-09,0.37574959199287805,0.0
255074,225,2021-02-09,2021-02-18,10,control,0,0.9490253,1,dept_225_closure_2021-02-09,2021-03-21,2021-03,4,1,0.0,255074|225|2021-02-09,0.39198249199287805,0.0
258819,225,2021-02-09,2021-02-18,10,control,0,0.9568416,1,dept_225_closure_2021-02-09,2021-03-21,2021-03,4,1,0.3,258819|225|2021-02-09,0.39979879199287804,0.0
266781,225,2021-02-09,2021-02-18,10,control,0,0.64680547,1,dept_225_closure_2021-02-09,2021-03-21,2021-03,4,1,0.2,266781|225|2021-02-09,0.08976266199287808,0.0
267832,225,2021-02-09,2021-02-18,10,control,0,0.008410257,0,dept_225_closure_2021-02-09,2021-03-21,2021-03,4,1,0.0,267832|225|2021-02-09,-0.5486325510071219,0.0
267860,225,2021-02-09,2021-02-18,10,control,0,0.85143113,1,dept_225_closure_2021-02-09,2021-03-21,2021-03,4,1,0.0,267860|225|2021-02-09,0.2943883219928781,0.0
268666,225,2021-02-09,2021-02-18,10,control,0,0.07243374,0,dept_225_closure_2021-02-09,2021-03-21,2021-03,4,1,0.1,268666|225|2021-02-09,-0.4846090680071219,0.0
269348,225,2021-02-09,2021-02-18,10,control,0,0.4435719,0,dept_225_closure_2021-02-09,2021-03-21,2021-03,4,1,0.0,269348|225|2021-02-09,-0.1134709080071219,0.0
272062,225,2021-02-09,2021-02-18,10,control,0,0.3328512,0,dept_225_closure_2021-02-09,2021-03-21,2021-03,4,1,0.0,272062|225|2021-02-09,-0.2241916080071219,0.0
272822,225,2021-02-09,2021-02-18,10,control,0,0.54888946,1,dept_225_closure_2021-02-09,2021-03-21,2021-03,4,1,0.1,272822|225|2021-02-09,-0.008153348007121863,0.0
272830,225,2021-02-09,2021-02-18,10,treatment,1,0.65420413,1,dept_225_closure_2021-02-09,2021-03-21,2021-03,4,1,0.2,272830|225|2021-02-09,0.09716132199287808,0.0
275594,225,2021-02-09,2021-02-18,10,control,0,0.61326,1,dept_225_closure_2021-02-09,2021-03-21,2021-03,4,1,0.0,275594|225|2021-02-09,0.05621719199287811,0.0
276205,225,2021-02-09,2021-02-18,10,control,0,0.81832045,1,dept_225_closure_2021-02-09,2021-03-21,2021-03,4,1,0.3,276205|225|2021-02-09,0.26127764199287806,0.0
280554,225,2021-02-09,2021-02-18,10,control,0,0.98874027,1,dept_225_closure_2021-02-09,2021-03-21,2021-03,4,1,0.7,280554|225|2021-02-09,0.43169746199287806,0.0
281330,225,2021-02-09,2021-02-18,10,control,0,0.4121877,0,dept_225_closure_2021-02-09,2021-03-21,2021-03,4,1,0.1,281330|225|2021-02-09,-0.14485510800712192,0.0
283074,225,2021-02-09,2021-02-18,10,control,0,0.47065625,0,dept_225_closure_2021-02-09,2021-03-21,2021-03,4,1,0.3,283074|225|2021-02-09,-0.08638655800712192,0.0
283799,225,2021-02-09,2021-02-18,10,control,0,0.6180678,1,dept_225_closure_2021-02-09,2021-03-21,2021-03,4,1,0.1,283799|225|2021-02-09,0.06102499199287803,0.0
284197,225,2021-02-09,2021-02-18,10,control,0,0.7610978,1,dept_225_closure_2021-02-09,2021-03-21,2021-03,4,1,0.5,284197|225|2021-02-09,0.20405499199287813,0.0
284776,225,2021-02-09,2021-02-18,10,control,0,0.9613688,1,dept_225_closure_2021-02-09,2021-03-21,2021-03,4,1,0.1,284776|225|2021-02-09,0.4043259919928781,0.0
286210,225,2021-02-09,2021-02-18,10,control,0,0.9975388,1,dept_225_closure_2021-02-09,2021-03-21,2021-03,4,1,0.4,286210|225|2021-02-09,0.44049599199287803,0.0
287322,225,2021-02-09,2021-02-18,10,control,0,0.16299362,0,dept_225_closure_2021-02-09,2021-03-21,2021-03,4,1,0.0,287322|225|2021-02-09,-0.3940491880071219,0.0
287375,225,2021-02-09,2021-02-18,10,control,0,0.6322628,1,dept_225_closure_2021-02-09,2021-03-21,2021-03,4,1,0.0,287375|225|2021-02-09,0.0752199919928781,0.0
287863,225,2021-02-09,2021-02-18,10,control,0,0.98850876,1,dept_225_closure_2021-02-09,2021-03-21,2021-03,4,1,0.3,287863|225|2021-02-09,0.43146595199287807,0.0
291356,225,2021-02-09,2021-02-18,10,control,0,0.815014,1,dept_225_closure_2021-02-09,2021-03-21,2021-03,4,1,0.1,291356|225|2021-02-09,0.2579711919928781,0.0
291888,225,2021-02-09,2021-02-18,10,control,0,0.3402261,0,dept_225_closure_2021-02-09,2021-03-21,2021-03,4,1,0.0,291888|225|2021-02-09,-0.21681670800712194,0.0
300800,225,2021-02-09,2021-02-18,10,control,0,0.9581977,1,dept_225_closure_2021-02-09,2021-03-21,2021-03,4,1,0.2,300800|225|2021-02-09,0.4011548919928781,0.0
301618,225,2021-02-09,2021-02-18,10,control,0,0.7646375,1,dept_225_closure_2021-02-09,2021-03-21,2021-03,4,1,0.2,301618|225|2021-02-09,0.20759469199287806,0.0
303017,225,2021-02-09,2021-02-18,10,control,0,0.90142965,1,dept_225_closure_2021-02-09,2021-03-21,2021-03,4,1,0.3,303017|225|2021-02-09,0.34438684199287806,0.0
304311,225,2021-02-09,2021-02-18,10,control,0,0.25986248,0,dept_225_closure_2021-02-09,2021-03-21,2021-03,4,1,0.0,304311|225|2021-02-09,-0.2971803280071219,0.0
306819,225,2021-02-09,2021-02-18,10,control,0,0.84821045,1,dept_225_closure_2021-02-09,2021-03-21,2021-03,4,1,0.1,306819|225|2021-02-09,0.29116764199287803,0.0
307045,225,2021-02-09,2021-02-18,10,control,0,0.6588814,1,dept_225_closure_2021-02-09,2021-03-21,2021-03,4,1,0.0,307045|225|2021-02-09,0.10183859199287804,0.0
308765,225,2021-02-09,2021-02-18,10,control,0,0.24936,0,dept_225_closure_2021-02-09,2021-03-21,2021-03,4,1,0.0,308765|225|2021-02-09,-0.3076828080071219,0.0
309225,225,2021-02-09,2021-02-18,10,treatment,1,0.1776764,0,dept_225_closure_2021-02-09,2021-03-21,2021-03,4,1,0.0,309225|225|2021-02-09,-0.3793664080071219,0.0
309425,225,2021-02-09,2021-02-18,10,treatment,1,0.06610407,0,dept_225_closure_2021-02-09,2021-03-21,2021-03,4,1,0.0,309425|225|2021-02-09,-0.4909387380071219,0.0
311745,225,2021-02-09,2021-02-18,10,treatment,1,0.021281237,0,dept_225_closure_2021-02-09,2021-03-21,2021-03,4,1,0.0,311745|225|2021-02-09,-0.535761571007122,0.0
313203,225,2021-02-09,2021-02-18,10,control,0,0.25599334,0,dept_225_closure_2021-02-09,2021-03-21,2021-03,4,1,0.0,313203|225|2021-02-09,-0.3010494680071219,0.0
315451,225,2021-02-09,2021-02-18,10,control,0,0.9705118,1,dept_225_closure_2021-02-09,2021-03-21,2021-03,4,1,0.5,315451|225|2021-02-09,0.4134689919928781,0.0
315647,225,2021-02-09,2021-02-18,10,control,0,0.3782344,0,dept_225_closure_2021-02-09,2021-03-21,2021-03,4,1,0.0,315647|225|2021-02-09,-0.1788084080071219,0.0
315732,225,2021-02-09,2021-02-18,10,control,0,0.8427103,1,dept_225_closure_2021-02-09,2021-03-21,2021-03,4,1,0.0,315732|225|2021-02-09,0.2856674919928781,0.0
317843,225,2021-02-09,2021-02-18,10,control,0,0.98815453,1,dept_225_closure_2021-02-09,2021-03-21,2021-03,4,1,0.2,317843|225|2021-02-09,0.43111172199287806,0.0
318667,225,2021-02-09,2021-02-18,10,control,0,0.9570408,1,dept_225_closure_2021-02-09,2021-03-21,2021-03,4,1,0.2,318667|225|2021-02-09,0.3999979919928781,0.0
319054,225,2021-02-09,2021-02-18,10,control,0,0.04163035,0,dept_225_closure_2021-02-09,2021-03-21,2021-03,4,1,0.0,319054|225|2021-02-09,-0.5154124580071219,0.0
321167,225,2021-02-09,2021-02-18,10,control,0,0.82681614,1,dept_225_closure_2021-02-09,2021-03-21,2021-03,4,1,0.0,321167|225|2021-02-09,0.2697733319928781,0.0
321263,225,2021-02-09,2021-02-18,10,treatment,1,0.5256569,1,dept_225_closure_2021-02-09,2021-03-21,2021-03,4,1,0.1,321263|225|2021-02-09,-0.03138590800712193,0.0
321709,225,2021-02-09,2021-02-18,10,control,0,0.53771627,1,dept_225_closure_2021-02-09,2021-03-21,2021-03,4,1,0.2,321709|225|2021-02-09,-0.01932653800712192,0.0
321846,225,2021-02-09,2021-02-18,10,control,0,0.9958906,1,dept_225_closure_2021-02-09,2021-03-21,2021-03,4,1,0.5,321846|225|2021-02-09,0.43884779199287804,0.0
322570,225,2021-02-09,2021-02-18,10,control,0,0.4746458,0,dept_225_closure_2021-02-09,2021-03-21,2021-03,4,1,0.0,322570|225|2021-02-09,-0.08239700800712191,0.0
323053,225,2021-02-09,2021-02-18,10,control,0,0.23941047,0,dept_225_closure_2021-02-09,2021-03-21,2021-03,4,1,0.0,323053|225|2021-02-09,-0.31763233800712193,0.0
324836,225,2021-02-09,2021-02-18,10,control,0,0.74630404,1,dept_225_closure_2021-02-09,2021-03-21,2021-03,4,1,0.1,324836|225|2021-02-09,0.18926123199287803,0.0
325434,225,2021-02-09,2021-02-18,10,control,0,0.2890141,0,dept_225_closure_2021-02-09,2021-03-21,2021-03,4,1,0.0,325434|225|2021-02-09,-0.2680287080071219,0.0
325633,225,2021-02-09,2021-02-18,10,control,0,0.35559046,0,dept_225_closure_2021-02-09,2021-03-21,2021-03,4,1,0.0,325633|225|2021-02-09,-0.20145234800712192,0.0
326293,225,2021-02-09,2021-02-18,10,control,0,0.09546325,0,dept_225_closure_2021-02-09,2021-03-21,2021-03,4,1,0.0,326293|225|2021-02-09,-0.4615795580071219,0.0
326796,225,2021-02-09,2021-02-18,10,control,0,0.9852455,1,dept_225_closure_2021-02-09,2021-03-21,2021-03,4,1,0.1,326796|225|2021-02-09,0.4282026919928781,0.0
328999,225,2021-02-09,2021-02-18,10,control,0,0.117217064,0,dept_225_closure_2021-02-09,2021-03-21,2021-03,4,1,0.0,328999|225|2021-02-09,-0.43982574400712193,0.0
329476,225,2021-02-09,2021-02-18,10,control,0,0.0917978,0,dept_225_closure_2021-02-09,2021-03-21,2021-03,4,1,0.1,329476|225|2021-02-09,-0.46524500800712193,0.0
329951,225,2021-02-09,2021-02-18,10,treatment,1,0.39544433,0,dept_225_closure_2021-02-09,2021-03-21,2021-03,4,1,0.0,329951|225|2021-02-09,-0.1615984780071219,0.0
331130,225,2021-02-09,2021-02-18,10,control,0,0.14147724,0,dept_225_closure_2021-02-09,2021-03-21,2021-03,4,1,0.0,331130|225|2021-02-09,-0.4155655680071219,0.0
331900,225,2021-02-09,2021-02-18,10,control,0,0.48254243,0,dept_225_closure_2021-02-09,2021-03-21,2021-03,4,1,0.1,331900|225|2021-02-09,-0.07450037800712189,0.0
332741,225,2021-02-09,2021-02-18,10,control,0,0.69679976,1,dept_225_closure_2021-02-09,2021-03-21,2021-03,4,1,0.0,332741|225|2021-02-09,0.13975695199287808,0.0
335610,225,2021-02-09,2021-02-18,10,control,0,0.6019868,1,dept_225_closure_2021-02-09,2021-03-21,2021-03,4,1,0.0,335610|225|2021-02-09,0.04494399199287813,0.0
337373,225,2021-02-09,2021-02-18,10,treatment,1,0.7045855,1,dept_225_closure_2021-02-09,2021-03-21,2021-03,4,1,0.0,337373|225|2021-02-09,0.14754269199287806,0.0
337995,225,2021-02-09,2021-02-18,10,treatment,1,0.25375792,0,dept_225_closure_2021-02-09,2021-03-21,2021-03,4,1,0.0,337995|225|2021-02-09,-0.3032848880071219,0.0
338590,225,2021-02-09,2021-02-18,10,control,0,0.12135875,0,dept_225_closure_2021-02-09,2021-03-21,2021-03,4,1,0.2,338590|225|2021-02-09,-0.4356840580071219,0.0
340681,225,2021-02-09,2021-02-18,10,control,0,0.0892653,0,dept_225_closure_2021-02-09,2021-03-21,2021-03,4,1,0.1,340681|225|2021-02-09,-0.4677775080071219,0.0
346633,225,2021-02-09,2021-02-18,10,control,0,0.634922,1,dept_225_closure_2021-02-09,2021-03-21,2021-03,4,1,0.1,346633|225|2021-02-09,0.07787919199287807,0.0
346829,225,2021-02-09,2021-02-18,10,control,0,0.6967923,1,dept_225_closure_2021-02-09,2021-03-21,2021-03,4,1,0.3,346829|225|2021-02-09,0.13974949199287812,0.0
347007,225,2021-02-09,2021-02-18,10,treatment,1,0.9279068,1,dept_225_closure_2021-02-09,2021-03-21,2021-03,4,1,0.1,347007|225|2021-02-09,0.3708639919928781,0.0
348194,225,2021-02-09,2021-02-18,10,control,0,0.9463242,1,dept_225_closure_2021-02-09,2021-03-21,2021-03,4,1,0.2,348194|225|2021-02-09,0.38928139199287803,0.0
348223,225,2021-02-09,2021-02-18,10,control,0,0.9166912,1,dept_225_closure_2021-02-09,2021-03-21,2021-03,4,1,0.1,348223|225|2021-02-09,0.3596483919928781,0.0
349263,225,2021-02-09,2021-02-18,10,treatment,1,0.67589456,1,dept_225_closure_2021-02-09,2021-03-21,2021-03,4,1,0.0,349263|225|2021-02-09,0.11885175199287812,0.0
349947,225,2021-02-09,2021-02-18,10,control,0,0.3566129,0,dept_225_closure_2021-02-09,2021-03-21,2021-03,4,1,0.0,349947|225|2021-02-09,-0.2004299080071219,0.0
350836,225,2021-02-09,2021-02-18,10,control,0,0.9993635,1,dept_225_closure_2021-02-09,2021-03-21,2021-03,4,1,0.1,350836|225|2021-02-09,0.44232069199287805,0.0
355020,225,2021-02-09,2021-02-18,10,control,0,0.35674804,0,dept_225_closure_2021-02-09,2021-03-21,2021-03,4,1,0.1,355020|225|2021-02-09,-0.20029476800712193,0.0
355506,225,2021-02-09,2021-02-18,10,treatment,1,0.7604829,1,dept_225_closure_2021-02-09,2021-03-21,2021-03,4,1,0.1,355506|225|2021-02-09,0.20344009199287805,0.0
355559,225,2021-02-09,2021-02-18,10,control,0,0.9997812,1,dept_225_closure_2021-02-09,2021-03-21,2021-03,4,1,0.2,355559|225|2021-02-09,0.4427383919928781,0.0
356801,225,2021-02-09,2021-02-18,10,control,0,0.39246687,0,dept_225_closure_2021-02-09,2021-03-21,2021-03,4,1,0.0,356801|225|2021-02-09,-0.1645759380071219,0.0
358354,225,2021-02-09,2021-02-18,10,control,0,0.3476285,0,dept_225_closure_2021-02-09,2021-03-21,2021-03,4,1,0.0,358354|225|2021-02-09,-0.2094143080071219,0.0
358508,225,2021-02-09,2021-02-18,10,treatment,1,0.98895127,1,dept_225_closure_2021-02-09,2021-03-21,2021-03,4,1,0.0,358508|225|2021-02-09,0.43190846199287813,0.0
359557,225,2021-02-09,2021-02-18,10,treatment,1,0.43182382,0,dept_225_closure_2021-02-09,2021-03-21,2021-03,4,1,0.0,359557|225|2021-02-09,-0.1252189880071219,0.0
361866,225,2021-02-09,2021-02-18,10,control,0,0.2885477,0,dept_225_closure_2021-02-09,2021-03-21,2021-03,4,1,0.0,361866|225|2021-02-09,-0.2684951080071219,0.0
362157,225,2021-02-09,2021-02-18,10,control,0,0.6285289,1,dept_225_closure_2021-02-09,2021-03-21,2021-03,4,1,0.0,362157|225|2021-02-09,0.07148609199287803,0.0
362647,225,2021-02-09,2021-02-18,10,control,0,0.97810817,1,dept_225_closure_2021-02-09,2021-03-21,2021-03,4,1,0.5,362647|225|2021-02-09,0.42106536199287814,0.0
363917,225,2021-02-09,2021-02-18,10,control,0,0.14968768,0,dept_225_closure_2021-02-09,2021-03-21,2021-03,4,1,0.0,363917|225|2021-02-09,-0.4073551280071219,0.0
365981,225,2021-02-09,2021-02-18,10,control,0,0.78223735,1,dept_225_closure_2021-02-09,2021-03-21,2021-03,4,1,0.1,365981|225|2021-02-09,0.22519454199287814,0.0
366967,225,2021-02-09,2021-02-18,10,control,0,0.8748402,1,dept_225_closure_2021-02-09,2021-03-21,2021-03,4,1,0.0,366967|225|2021-02-09,0.31779739199287804,0.0
367111,225,2021-02-09,2021-02-18,10,control,0,0.135889,0,dept_225_closure_2021-02-09,2021-03-21,2021-03,4,1,0.1,367111|225|2021-02-09,-0.4211538080071219,0.0
367562,225,2021-02-09,2021-02-18,10,control,0,0.44473973,0,dept_225_closure_2021-02-09,2021-03-21,2021-03,4,1,0.1,367562|225|2021-02-09,-0.11230307800712191,0.0
368245,225,2021-02-09,2021-02-18,10,treatment,1,0.74348015,1,dept_225_closure_2021-02-09,2021-03-21,2021-03,4,1,0.3,368245|225|2021-02-09,0.1864373419928781,0.0
370655,225,2021-02-09,2021-02-18,10,control,0,0.95070106,1,dept_225_closure_2021-02-09,2021-03-21,2021-03,4,1,0.0,370655|225|2021-02-09,0.39365825199287807,0.0
370948,225,2021-02-09,2021-02-18,10,control,0,0.47814432,0,dept_225_closure_2021-02-09,2021-03-21,2021-03,4,1,0.0,370948|225|2021-02-09,-0.0788984880071219,0.0
373453,225,2021-02-09,2021-02-18,10,control,0,0.12594806,0,dept_225_closure_2021-02-09,2021-03-21,2021-03,4,1,0.0,373453|225|2021-02-09,-0.4310947480071219,0.0
374365,225,2021-02-09,2021-02-18,10,control,0,0.16299587,0,dept_225_closure_2021-02-09,2021-03-21,2021-03,4,1,0.0,374365|225|2021-02-09,-0.3940469380071219,0.0
376317,225,2021-02-09,2021-02-18,10,treatment,1,0.3172194,0,dept_225_closure_2021-02-09,2021-03-21,2021-03,4,1,0.0,376317|225|2021-02-09,-0.23982340800712193,0.0
378384,225,2021-02-09,2021-02-18,10,control,0,0.9768808,1,dept_225_closure_2021-02-09,2021-03-21,2021-03,4,1,0.5,378384|225|2021-02-09,0.4198379919928781,0.0
381219,225,2021-02-09,2021-02-18,10,control,0,0.8107899,1,dept_225_closure_2021-02-09,2021-03-21,2021-03,4,1,0.1,381219|225|2021-02-09,0.25374709199287804,0.0
382479,225,2021-02-09,2021-02-18,10,control,0,0.49913758,0,dept_225_closure_2021-02-09,2021-03-21,2021-03,4,1,0.0,382479|225|2021-02-09,-0.05790522800712189,0.0
382655,225,2021-02-09,2021-02-18,10,control,0,0.48623624,0,dept_225_closure_2021-02-09,2021-03-21,2021-03,4,1,0.0,382655|225|2021-02-09,-0.07080656800712193,0.0
382771,225,2021-02-09,2021-02-18,10,treatment,1,0.8868053,1,dept_225_closure_2021-02-09,2021-03-21,2021-03,4,1,0.0,382771|225|2021-02-09,0.3297624919928781,0.0
386353,225,2021-02-09,2021-02-18,10,control,0,0.44928175,0,dept_225_closure_2021-02-09,2021-03-21,2021-03,4,1,0.0,386353|225|2021-02-09,-0.10776105800712193,0.0
386934,225,2021-02-09,2021-02-18,10,control,0,0.88146484,1,dept_225_closure_2021-02-09,2021-03-21,2021-03,4,1,0.3,386934|225|2021-02-09,0.3244220319928781,0.0
387595,225,2021-02-09,2021-02-18,10,control,0,0.91805726,1,dept_225_closure_2021-02-09,2021-03-21,2021-03,4,1,0.1,387595|225|2021-02-09,0.36101445199287807,0.0
388363,225,2021-02-09,2021-02-18,10,control,0,0.9731699,1,dept_225_closure_2021-02-09,2021-03-21,2021-03,4,1,0.1,388363|225|2021-02-09,0.4161270919928781,0.0
390747,225,2021-02-09,2021-02-18,10,control,0,0.10827,0,dept_225_closure_2021-02-09,2021-03-21,2021-03,4,1,0.1,390747|225|2021-02-09,-0.44877280800712194,0.0
391275,225,2021-02-09,2021-02-18,10,control,0,0.1237231,0,dept_225_closure_2021-02-09,2021-03-21,2021-03,4,1,0.0,391275|225|2021-02-09,-0.43331970800712194,0.0
395354,225,2021-02-09,2021-02-18,10,treatment,1,0.3047165,0,dept_225_closure_2021-02-09,2021-03-21,2021-03,4,1,0.0,395354|225|2021-02-09,-0.2523263080071219,0.0
396599,225,2021-02-09,2021-02-18,10,control,0,0.19667627,0,dept_225_closure_2021-02-09,2021-03-21,2021-03,4,1,0.0,396599|225|2021-02-09,-0.36036653800712193,0.0
396971,225,2021-02-09,2021-02-18,10,control,0,0.066589184,0,dept_225_closure_2021-02-09,2021-03-21,2021-03,4,1,0.0,396971|225|2021-02-09,-0.4904536240071219,0.0
397043,225,2021-02-09,2021-02-18,10,control,0,0.8672236,1,dept_225_closure_2021-02-09,2021-03-21,2021-03,4,1,0.2,397043|225|2021-02-09,0.31018079199287807,0.0
398354,225,2021-02-09,2021-02-18,10,control,0,0.6507126,1,dept_225_closure_2021-02-09,2021-03-21,2021-03,4,1,0.2,398354|225|2021-02-09,0.09366979199287806,0.0
399046,225,2021-02-09,2021-02-18,10,control,0,0.5696758,1,dept_225_closure_2021-02-09,2021-03-21,2021-03,4,1,0.2,399046|225|2021-02-09,0.01263299199287804,0.0
399413,225,2021-02-09,2021-02-18,10,control,0,0.916818,1,dept_225_closure_2021-02-09,2021-03-21,2021-03,4,1,0.4,399413|225|2021-02-09,0.3597751919928781,0.0
399931,225,2021-02-09,2021-02-18,10,treatment,1,0.55405474,1,dept_225_closure_2021-02-09,2021-03-21,2021-03,4,1,0.4,399931|225|2021-02-09,-0.0029880680071219246,0.0
400776,225,2021-02-09,2021-02-18,10,control,0,0.4215834,0,dept_225_closure_2021-02-09,2021-03-21,2021-03,4,1,0.0,400776|225|2021-02-09,-0.13545940800712192,0.0
402754,225,2021-02-09,2021-02-18,10,control,0,0.3393672,0,dept_225_closure_2021-02-09,2021-03-21,2021-03,4,1,0.0,402754|225|2021-02-09,-0.21767560800712193,0.0
403154,225,2021-02-09,2021-02-18,10,control,0,0.031127399,0,dept_225_closure_2021-02-09,2021-03-21,2021-03,4,1,0.1,403154|225|2021-02-09,-0.5259154090071219,0.0
403446,225,2021-02-09,2021-02-18,10,control,0,0.5542411,1,dept_225_closure_2021-02-09,2021-03-21,2021-03,4,1,0.0,403446|225|2021-02-09,-0.0028017080071218725,0.0
404352,225,2021-02-09,2021-02-18,10,control,0,0.9993554,1,dept_225_closure_2021-02-09,2021-03-21,2021-03,4,1,0.6,404352|225|2021-02-09,0.4423125919928781,0.0
406126,225,2021-02-09,2021-02-18,10,control,0,0.61097187,1,dept_225_closure_2021-02-09,2021-03-21,2021-03,4,1,0.0,406126|225|2021-02-09,0.05392906199287806,0.0
407060,225,2021-02-09,2021-02-18,10,treatment,1,0.2642639,0,dept_225_closure_2021-02-09,2021-03-21,2021-03,4,1,0.0,407060|225|2021-02-09,-0.2927789080071219,0.0
409183,225,2021-02-09,2021-02-18,10,treatment,1,0.20574966,0,dept_225_closure_2021-02-09,2021-03-21,2021-03,4,1,0.2,409183|225|2021-02-09,-0.3512931480071219,0.0
409407,225,2021-02-09,2021-02-18,10,control,0,0.6272991,1,dept_225_closure_2021-02-09,2021-03-21,2021-03,4,1,0.1,409407|225|2021-02-09,0.07025629199287808,0.0
409880,225,2021-02-09,2021-02-18,10,control,0,0.89655435,1,dept_225_closure_2021-02-09,2021-03-21,2021-03,4,1,0.4,409880|225|2021-02-09,0.33951154199287814,0.0
410210,225,2021-02-09,2021-02-18,10,control,0,0.028627863,0,dept_225_closure_2021-02-09,2021-03-21,2021-03,4,1,0.0,410210|225|2021-02-09,-0.5284149450071219,0.0
411602,225,2021-02-09,2021-02-18,10,control,0,0.8244264,1,dept_225_closure_2021-02-09,2021-03-21,2021-03,4,1,0.2,411602|225|2021-02-09,0.2673835919928781,0.0
413500,225,2021-02-09,2021-02-18,10,control,0,0.9955237,1,dept_225_closure_2021-02-09,2021-03-21,2021-03,4,1,0.0,413500|225|2021-02-09,0.4384808919928781,0.0
413542,225,2021-02-09,2021-02-18,10,control,0,0.94302773,1,dept_225_closure_2021-02-09,2021-03-21,2021-03,4,1,0.1,413542|225|2021-02-09,0.38598492199287804,0.0
414176,225,2021-02-09,2021-02-18,10,control,0,0.71674174,1,dept_225_closure_2021-02-09,2021-03-21,2021-03,4,1,0.1,414176|225|2021-02-09,0.1596989319928781,0.0
414601,225,2021-02-09,2021-02-18,10,control,0,0.42178676,0,dept_225_closure_2021-02-09,2021-03-21,2021-03,4,1,0.1,414601|225|2021-02-09,-0.13525604800712193,0.0
417063,225,2021-02-09,2021-02-18,10,treatment,1,0.3493233,0,dept_225_closure_2021-02-09,2021-03-21,2021-03,4,1,0.1,417063|225|2021-02-09,-0.2077195080071219,0.0
417624,225,2021-02-09,2021-02-18,10,control,0,0.8831816,1,dept_225_closure_2021-02-09,2021-03-21,2021-03,4,1,0.0,417624|225|2021-02-09,0.3261387919928781,0.0
420534,225,2021-02-09,2021-02-18,10,control,0,0.35066342,0,dept_225_closure_2021-02-09,2021-03-21,2021-03,4,1,0.0,420534|225|2021-02-09,-0.2063793880071219,0.0
421583,225,2021-02-09,2021-02-18,10,treatment,1,0.37277293,0,dept_225_closure_2021-02-09,2021-03-21,2021-03,4,1,0.0,421583|225|2021-02-09,-0.1842698780071219,0.0
421595,225,2021-02-09,2021-02-18,10,control,0,0.13892803,0,dept_225_closure_2021-02-09,2021-03-21,2021-03,4,1,0.0,421595|225|2021-02-09,-0.41811477800712193,0.0
422210,225,2021-02-09,2021-02-18,10,control,0,0.9951025,1,dept_225_closure_2021-02-09,2021-03-21,2021-03,4,1,0.4,422210|225|2021-02-09,0.4380596919928781,0.0
422336,225,2021-02-09,2021-02-18,10,control,0,0.83844286,1,dept_225_closure_2021-02-09,2021-03-21,2021-03,4,1,0.0,422336|225|2021-02-09,0.2814000519928781,0.0
425289,225,2021-02-09,2021-02-18,10,control,0,0.2427501,0,dept_225_closure_2021-02-09,2021-03-21,2021-03,4,1,0.0,425289|225|2021-02-09,-0.31429270800712195,0.0
425821,225,2021-02-09,2021-02-18,10,treatment,1,0.79966164,1,dept_225_closure_2021-02-09,2021-03-21,2021-03,4,1,0.1,425821|225|2021-02-09,0.24261883199287804,0.0
427750,225,2021-02-09,2021-02-18,10,control,0,0.82984,1,dept_225_closure_2021-02-09,2021-03-21,2021-03,4,1,0.4,427750|225|2021-02-09,0.2727971919928781,0.0
428456,225,2021-02-09,2021-02-18,10,control,0,0.43543127,0,dept_225_closure_2021-02-09,2021-03-21,2021-03,4,1,0.0,428456|225|2021-02-09,-0.12161153800712193,0.0
428894,225,2021-02-09,2021-02-18,10,control,0,0.99533254,1,dept_225_closure_2021-02-09,2021-03-21,2021-03,4,1,0.2,428894|225|2021-02-09,0.43828973199287813,0.0
428909,225,2021-02-09,2021-02-18,10,control,0,0.7319816,1,dept_225_closure_2021-02-09,2021-03-21,2021-03,4,1,0.0,428909|225|2021-02-09,0.1749387919928781,0.0
430385,225,2021-02-09,2021-02-18,10,treatment,1,0.67291415,1,dept_225_closure_2021-02-09,2021-03-21,2021-03,4,1,0.3,430385|225|2021-02-09,0.11587134199287807,0.0
430856,225,2021-02-09,2021-02-18,10,control,0,0.113914736,0,dept_225_closure_2021-02-09,2021-03-21,2021-03,4,1,0.0,430856|225|2021-02-09,-0.4431280720071219,0.0
432774,225,2021-02-09,2021-02-18,10,control,0,0.42122024,0,dept_225_closure_2021-02-09,2021-03-21,2021-03,4,1,0.1,432774|225|2021-02-09,-0.1358225680071219,0.0
433451,225,2021-02-09,2021-02-18,10,control,0,0.66453654,1,dept_225_closure_2021-02-09,2021-03-21,2021-03,4,1,0.2,433451|225|2021-02-09,0.10749373199287804,0.0
434436,225,2021-02-09,2021-02-18,10,control,0,0.32243565,0,dept_225_closure_2021-02-09,2021-03-21,2021-03,4,1,0.0,434436|225|2021-02-09,-0.2346071580071219,0.0
437482,225,2021-02-09,2021-02-18,10,control,0,0.76939327,1,dept_225_closure_2021-02-09,2021-03-21,2021-03,4,1,0.2,437482|225|2021-02-09,0.2123504619928781,0.0
437779,225,2021-02-09,2021-02-18,10,control,0,0.30429742,0,dept_225_closure_2021-02-09,2021-03-21,2021-03,4,1,0.0,437779|225|2021-02-09,-0.25274538800712193,0.0
437833,225,2021-02-09,2021-02-18,10,control,0,0.96572256,1,dept_225_closure_2021-02-09,2021-03-21,2021-03,4,1,0.2,437833|225|2021-02-09,0.4086797519928781,0.0
438478,225,2021-02-09,2021-02-18,10,control,0,0.79792196,1,dept_225_closure_2021-02-09,2021-03-21,2021-03,4,1,0.0,438478|225|2021-02-09,0.24087915199287813,0.0
439163,225,2021-02-09,2021-02-18,10,control,0,0.6120299,1,dept_225_closure_2021-02-09,2021-03-21,2021-03,4,1,0.0,439163|225|2021-02-09,0.0549870919928781,0.0
440038,225,2021-02-09,2021-02-18,10,control,0,0.99606234,1,dept_225_closure_2021-02-09,2021-03-21,2021-03,4,1,0.3,440038|225|2021-02-09,0.43901953199287813,0.0
444671,225,2021-02-09,2021-02-18,10,treatment,1,0.2107164,0,dept_225_closure_2021-02-09,2021-03-21,2021-03,4,1,0.1,444671|225|2021-02-09,-0.3463264080071219,0.0
444939,225,2021-02-09,2021-02-18,10,control,0,0.5629561,1,dept_225_closure_2021-02-09,2021-03-21,2021-03,4,1,0.1,444939|225|2021-02-09,0.005913291992878045,0.0
446553,225,2021-02-09,2021-02-18,10,control,0,0.69638073,1,dept_225_closure_2021-02-09,2021-03-21,2021-03,4,1,0.0,446553|225|2021-02-09,0.1393379219928781,0.0
448300,225,2021-02-09,2021-02-18,10,control,0,0.15980117,0,dept_225_closure_2021-02-09,2021-03-21,2021-03,4,1,0.1,448300|225|2021-02-09,-0.3972416380071219,0.0
448365,225,2021-02-09,2021-02-18,10,control,0,0.610063,1,dept_225_closure_2021-02-09,2021-03-21,2021-03,4,1,0.0,448365|225|2021-02-09,0.05302019199287811,0.0
450464,225,2021-02-09,2021-02-18,10,control,0,0.0899341,0,dept_225_closure_2021-02-09,2021-03-21,2021-03,4,1,0.0,450464|225|2021-02-09,-0.4671087080071219,0.0
451797,225,2021-02-09,2021-02-18,10,control,0,0.5686298,1,dept_225_closure_2021-02-09,2021-03-21,2021-03,4,1,0.0,451797|225|2021-02-09,0.011586991992878048,0.0
451856,225,2021-02-09,2021-02-18,10,control,0,0.81858045,1,dept_225_closure_2021-02-09,2021-03-21,2021-03,4,1,0.2,451856|225|2021-02-09,0.2615376419928781,0.0
453594,225,2021-02-09,2021-02-18,10,control,0,0.51488364,1,dept_225_closure_2021-02-09,2021-03-21,2021-03,4,1,0.0,453594|225|2021-02-09,-0.04215916800712194,0.0
454303,225,2021-02-09,2021-02-18,10,control,0,0.42539623,0,dept_225_closure_2021-02-09,2021-03-21,2021-03,4,1,0.0,454303|225|2021-02-09,-0.13164657800712193,0.0
456801,225,2021-02-09,2021-02-18,10,control,0,0.44320226,0,dept_225_closure_2021-02-09,2021-03-21,2021-03,4,1,0.0,456801|225|2021-02-09,-0.1138405480071219,0.0
457945,225,2021-02-09,2021-02-18,10,control,0,0.75042796,1,dept_225_closure_2021-02-09,2021-03-21,2021-03,4,1,0.2,457945|225|2021-02-09,0.1933851519928781,0.0
458589,225,2021-02-09,2021-02-18,10,control,0,0.54510933,1,dept_225_closure_2021-02-09,2021-03-21,2021-03,4,1,0.0,458589|225|2021-02-09,-0.011933478007121967,0.0
460269,225,2021-02-09,2021-02-18,10,control,0,0.58065283,1,dept_225_closure_2021-02-09,2021-03-21,2021-03,4,1,0.2,460269|225|2021-02-09,0.023610021992878094,0.0
460404,225,2021-02-09,2021-02-18,10,control,0,0.35052446,0,dept_225_closure_2021-02-09,2021-03-21,2021-03,4,1,0.0,460404|225|2021-02-09,-0.20651834800712193,0.0
464247,225,2021-02-09,2021-02-18,10,control,0,0.8327629,1,dept_225_closure_2021-02-09,2021-03-21,2021-03,4,1,0.2,464247|225|2021-02-09,0.27572009199287806,0.0
464509,225,2021-02-09,2021-02-18,10,control,0,0.56256324,1,dept_225_closure_2021-02-09,2021-03-21,2021-03,4,1,0.2,464509|225|2021-02-09,0.005520431992878105,0.0
464702,225,2021-02-09,2021-02-18,10,control,0,0.96385574,1,dept_225_closure_2021-02-09,2021-03-21,2021-03,4,1,0.3,464702|225|2021-02-09,0.40681293199287805,0.0
465287,225,2021-02-09,2021-02-18,10,control,0,0.4809686,0,dept_225_closure_2021-02-09,2021-03-21,2021-03,4,1,0.0,465287|225|2021-02-09,-0.07607420800712189,0.0
467269,225,2021-02-09,2021-02-18,10,control,0,0.5799187,1,dept_225_closure_2021-02-09,2021-03-21,2021-03,4,1,0.0,467269|225|2021-02-09,0.022875891992878095,0.0
467336,225,2021-02-09,2021-02-18,10,treatment,1,0.14474845,0,dept_225_closure_2021-02-09,2021-03-21,2021-03,4,1,0.1,467336|225|2021-02-09,-0.4122943580071219,0.0
467621,225,2021-02-09,2021-02-18,10,control,0,0.983469,1,dept_225_closure_2021-02-09,2021-03-21,2021-03,4,1,0.3,467621|225|2021-02-09,0.4264261919928781,0.0
469389,225,2021-02-09,2021-02-18,10,control,0,0.612861,1,dept_225_closure_2021-02-09,2021-03-21,2021-03,4,1,0.1,469389|225|2021-02-09,0.055818191992878075,0.0
469826,225,2021-02-09,2021-02-18,10,control,0,0.45079404,0,dept_225_closure_2021-02-09,2021-03-21,2021-03,4,1,0.0,469826|225|2021-02-09,-0.10624876800712191,0.0
471891,225,2021-02-09,2021-02-18,10,control,0,0.53209096,1,dept_225_closure_2021-02-09,2021-03-21,2021-03,4,1,0.1,471891|225|2021-02-09,-0.024951848007121913,0.0
472342,225,2021-02-09,2021-02-18,10,treatment,1,0.28729507,0,dept_225_closure_2021-02-09,2021-03-21,2021-03,4,1,0.0,472342|225|2021-02-09,-0.26974773800712193,0.0
473127,225,2021-02-09,2021-02-18,10,control,0,0.98042405,1,dept_225_closure_2021-02-09,2021-03-21,2021-03,4,1,0.1,473127|225|2021-02-09,0.4233812419928781,0.0
475523,225,2021-02-09,2021-02-18,10,control,0,0.52391076,1,dept_225_closure_2021-02-09,2021-03-21,2021-03,4,1,0.1,475523|225|2021-02-09,-0.033132048007121884,0.0
478934,225,2021-02-09,2021-02-18,10,control,0,0.879664,1,dept_225_closure_2021-02-09,2021-03-21,2021-03,4,1,0.8,478934|225|2021-02-09,0.3226211919928781,0.0
479982,225,2021-02-09,2021-02-18,10,control,0,0.72143114,1,dept_225_closure_2021-02-09,2021-03-21,2021-03,4,1,0.1,479982|225|2021-02-09,0.16438833199287806,0.0
481053,225,2021-02-09,2021-02-18,10,control,0,0.60998887,1,dept_225_closure_2021-02-09,2021-03-21,2021-03,4,1,0.0,481053|225|2021-02-09,0.0529460619928781,0.0
481534,225,2021-02-09,2021-02-18,10,treatment,1,0.7666529,1,dept_225_closure_2021-02-09,2021-03-21,2021-03,4,1,0.2,481534|225|2021-02-09,0.20961009199287806,0.0
483355,225,2021-02-09,2021-02-18,10,treatment,1,0.21617046,0,dept_225_closure_2021-02-09,2021-03-21,2021-03,4,1,0.0,483355|225|2021-02-09,-0.3408723480071219,0.0
484202,225,2021-02-09,2021-02-18,10,control,0,0.11625671,0,dept_225_closure_2021-02-09,2021-03-21,2021-03,4,1,0.0,484202|225|2021-02-09,-0.44078609800712193,0.0
484803,225,2021-02-09,2021-02-18,10,control,0,0.48871788,0,dept_225_closure_2021-02-09,2021-03-21,2021-03,4,1,0.0,484803|225|2021-02-09,-0.06832492800712192,0.0
487863,225,2021-02-09,2021-02-18,10,control,0,0.29896432,0,dept_225_closure_2021-02-09,2021-03-21,2021-03,4,1,0.1,487863|225|2021-02-09,-0.2580784880071219,0.0
488759,225,2021-02-09,2021-02-18,10,control,0,0.560258,1,dept_225_closure_2021-02-09,2021-03-21,2021-03,4,1,0.0,488759|225|2021-02-09,0.003215191992878119,0.0
489742,225,2021-02-09,2021-02-18,10,control,0,0.6274672,1,dept_225_closure_2021-02-09,2021-03-21,2021-03,4,1,0.1,489742|225|2021-02-09,0.07042439199287809,0.0
493285,225,2021-02-09,2021-02-18,10,control,0,0.30452004,0,dept_225_closure_2021-02-09,2021-03-21,2021-03,4,1,0.0,493285|225|2021-02-09,-0.2525227680071219,0.0
494278,225,2021-02-09,2021-02-18,10,control,0,0.1129235,0,dept_225_closure_2021-02-09,2021-03-21,2021-03,4,1,0.0,494278|225|2021-02-09,-0.4441193080071219,0.0
502196,225,2021-02-09,2021-02-18,10,treatment,1,0.8333942,1,dept_225_closure_2021-02-09,2021-03-21,2021-03,4,1,0.0,502196|225|2021-02-09,0.27635139199287806,0.0
502318,225,2021-02-09,2021-02-18,10,treatment,1,0.9765118,1,dept_225_closure_2021-02-09,2021-03-21,2021-03,4,1,0.0,502318|225|2021-02-09,0.4194689919928781,0.0
503466,225,2021-02-09,2021-02-18,10,control,0,0.24881226,0,dept_225_closure_2021-02-09,2021-03-21,2021-03,4,1,0.1,503466|225|2021-02-09,-0.3082305480071219,0.0
505843,225,2021-02-09,2021-02-18,10,treatment,1,0.6795407,1,dept_225_closure_2021-02-09,2021-03-21,2021-03,4,1,0.1,505843|225|2021-02-09,0.12249789199287808,0.0
506867,225,2021-02-09,2021-02-18,10,control,0,0.9109191,1,dept_225_closure_2021-02-09,2021-03-21,2021-03,4,1,0.4,506867|225|2021-02-09,0.35387629199287807,0.0
509425,225,2021-02-09,2021-02-18,10,control,0,0.21315736,0,dept_225_closure_2021-02-09,2021-03-21,2021-03,4,1,0.0,509425|225|2021-02-09,-0.34388544800712195,0.0
510199,225,2021-02-09,2021-02-18,10,control,0,0.95041114,1,dept_225_closure_2021-02-09,2021-03-21,2021-03,4,1,0.1,510199|225|2021-02-09,0.39336833199287813,0.0
510253,225,2021-02-09,2021-02-18,10,treatment,1,0.11474849,0,dept_225_closure_2021-02-09,2021-03-21,2021-03,4,1,0.1,510253|225|2021-02-09,-0.44229431800712193,0.0
512120,225,2021-02-09,2021-02-18,10,control,0,0.123882264,0,dept_225_closure_2021-02-09,2021-03-21,2021-03,4,1,0.0,512120|225|2021-02-09,-0.4331605440071219,0.0
512374,225,2021-02-09,2021-02-18,10,control,0,0.025796797,0,dept_225_closure_2021-02-09,2021-03-21,2021-03,4,1,0.0,512374|225|2021-02-09,-0.5312460110071219,0.0
513432,225,2021-02-09,2021-02-18,10,control,0,0.75720835,1,dept_225_closure_2021-02-09,2021-03-21,2021-03,4,1,0.4,513432|225|2021-02-09,0.20016554199287806,0.0
514186,225,2021-02-09,2021-02-18,10,control,0,0.53616303,1,dept_225_closure_2021-02-09,2021-03-21,2021-03,4,1,0.0,514186|225|2021-02-09,-0.02087977800712193,0.0
514740,225,2021-02-09,2021-02-18,10,control,0,0.9236703,1,dept_225_closure_2021-02-09,2021-03-21,2021-03,4,1,0.1,514740|225|2021-02-09,0.36662749199287814,0.0
515182,225,2021-02-09,2021-02-18,10,control,0,0.1092633,0,dept_225_closure_2021-02-09,2021-03-21,2021-03,4,1,0.0,515182|225|2021-02-09,-0.4477795080071219,0.0
516610,225,2021-02-09,2021-02-18,10,control,0,0.6973986,1,dept_225_closure_2021-02-09,2021-03-21,2021-03,4,1,0.0,516610|225|2021-02-09,0.14035579199287807,0.0
516772,225,2021-02-09,2021-02-18,10,control,0,0.5201318,1,dept_225_closure_2021-02-09,2021-03-21,2021-03,4,1,0.2,516772|225|2021-02-09,-0.03691100800712188,0.0
516884,225,2021-02-09,2021-02-18,10,control,0,0.2260634,0,dept_225_closure_2021-02-09,2021-03-21,2021-03,4,1,0.0,516884|225|2021-02-09,-0.3309794080071219,0.0
517029,225,2021-02-09,2021-02-18,10,control,0,0.6784122,1,dept_225_closure_2021-02-09,2021-03-21,2021-03,4,1,0.2,517029|225|2021-02-09,0.1213693919928781,0.0
518563,225,2021-02-09,2021-02-18,10,treatment,1,0.66636384,1,dept_225_closure_2021-02-09,2021-03-21,2021-03,4,1,0.0,518563|225|2021-02-09,0.10932103199287813,0.0
519764,225,2021-02-09,2021-02-18,10,control,0,0.4191586,0,dept_225_closure_2021-02-09,2021-03-21,2021-03,4,1,0.0,519764|225|2021-02-09,-0.13788420800712192,0.0
520658,225,2021-02-09,2021-02-18,10,control,0,0.10316532,0,dept_225_closure_2021-02-09,2021-03-21,2021-03,4,1,0.1,520658|225|2021-02-09,-0.4538774880071219,0.0
520817,225,2021-02-09,2021-02-18,10,control,0,0.09707905,0,dept_225_closure_2021-02-09,2021-03-21,2021-03,4,1,0.0,520817|225|2021-02-09,-0.4599637580071219,0.0
521820,225,2021-02-09,2021-02-18,10,control,0,0.084771745,0,dept_225_closure_2021-02-09,2021-03-21,2021-03,4,1,0.0,521820|225|2021-02-09,-0.4722710630071219,0.0
521859,225,2021-02-09,2021-02-18,10,control,0,0.5171526,1,dept_225_closure_2021-02-09,2021-03-21,2021-03,4,1,0.1,521859|225|2021-02-09,-0.03989020800712195,0.0
522545,225,2021-02-09,2021-02-18,10,treatment,1,0.64982855,1,dept_225_closure_2021-02-09,2021-03-21,2021-03,4,1,0.0,522545|225|2021-02-09,0.09278574199287803,0.0
524184,225,2021-02-09,2021-02-18,10,control,0,0.48366845,0,dept_225_closure_2021-02-09,2021-03-21,2021-03,4,1,0.2,524184|225|2021-02-09,-0.07337435800712189,0.0
524855,225,2021-02-09,2021-02-18,10,control,0,0.8788438,1,dept_225_closure_2021-02-09,2021-03-21,2021-03,4,1,0.2,524855|225|2021-02-09,0.32180099199287804,0.0
525501,225,2021-02-09,2021-02-18,10,control,0,0.9226477,1,dept_225_closure_2021-02-09,2021-03-21,2021-03,4,1,0.1,525501|225|2021-02-09,0.36560489199287804,0.0
525869,225,2021-02-09,2021-02-18,10,control,0,0.07285162,0,dept_225_closure_2021-02-09,2021-03-21,2021-03,4,1,0.1,525869|225|2021-02-09,-0.4841911880071219,0.0
529325,225,2021-02-09,2021-02-18,10,control,0,0.6113113,1,dept_225_closure_2021-02-09,2021-03-21,2021-03,4,1,0.0,529325|225|2021-02-09,0.05426849199287809,0.0
529864,225,2021-02-09,2021-02-18,10,control,0,0.14488006,0,dept_225_closure_2021-02-09,2021-03-21,2021-03,4,1,0.0,529864|225|2021-02-09,-0.41216274800712194,0.0
531372,225,2021-02-09,2021-02-18,10,control,0,0.9984932,1,dept_225_closure_2021-02-09,2021-03-21,2021-03,4,1,0.7,531372|225|2021-02-09,0.44145039199287806,0.0
531766,225,2021-02-09,2021-02-18,10,control,0,0.70788556,1,dept_225_closure_2021-02-09,2021-03-21,2021-03,4,1,0.1,531766|225|2021-02-09,0.1508427519928781,0.0
532231,225,2021-02-09,2021-02-18,10,control,0,0.16401133,0,dept_225_closure_2021-02-09,2021-03-21,2021-03,4,1,0.0,532231|225|2021-02-09,-0.3930314780071219,0.0
533906,225,2021-02-09,2021-02-18,10,control,0,0.12545961,0,dept_225_closure_2021-02-09,2021-03-21,2021-03,4,1,0.0,533906|225|2021-02-09,-0.4315831980071219,0.0
534647,225,2021-02-09,2021-02-18,10,control,0,0.99306244,1,dept_225_closure_2021-02-09,2021-03-21,2021-03,4,1,0.6,534647|225|2021-02-09,0.4360196319928781,0.0
535153,225,2021-02-09,2021-02-18,10,control,0,0.06850255,0,dept_225_closure_2021-02-09,2021-03-21,2021-03,4,1,0.0,535153|225|2021-02-09,-0.4885402580071219,0.0
536067,225,2021-02-09,2021-02-18,10,control,0,0.7665355,1,dept_225_closure_2021-02-09,2021-03-21,2021-03,4,1,0.0,536067|225|2021-02-09,0.20949269199287812,0.0
536540,225,2021-02-09,2021-02-18,10,control,0,0.5633116,1,dept_225_closure_2021-02-09,2021-03-21,2021-03,4,1,0.0,536540|225|2021-02-09,0.006268791992878109,0.0
537345,225,2021-02-09,2021-02-18,10,control,0,0.23184814,0,dept_225_closure_2021-02-09,2021-03-21,2021-03,4,1,0.0,537345|225|2021-02-09,-0.32519466800712193,0.0
537422,225,2021-02-09,2021-02-18,10,control,0,0.35939428,0,dept_225_closure_2021-02-09,2021-03-21,2021-03,4,1,0.0,537422|225|2021-02-09,-0.1976485280071219,0.0
538844,225,2021-02-09,2021-02-18,10,control,0,0.6683242,1,dept_225_closure_2021-02-09,2021-03-21,2021-03,4,1,0.2,538844|225|2021-02-09,0.11128139199287812,0.0
539544,225,2021-02-09,2021-02-18,10,treatment,1,0.30792004,0,dept_225_closure_2021-02-09,2021-03-21,2021-03,4,1,0.3,539544|225|2021-02-09,-0.2491227680071219,0.0
539687,225,2021-02-09,2021-02-18,10,control,0,0.9314988,1,dept_225_closure_2021-02-09,2021-03-21,2021-03,4,1,0.4,539687|225|2021-02-09,0.37445599199287805,0.0
540056,225,2021-02-09,2021-02-18,10,control,0,0.354361,0,dept_225_closure_2021-02-09,2021-03-21,2021-03,4,1,0.1,540056|225|2021-02-09,-0.20268180800712193,0.0
541024,225,2021-02-09,2021-02-18,10,control,0,0.9485148,1,dept_225_closure_2021-02-09,2021-03-21,2021-03,4,1,0.0,541024|225|2021-02-09,0.3914719919928781,0.0
541794,225,2021-02-09,2021-02-18,10,control,0,0.7145694,1,dept_225_closure_2021-02-09,2021-03-21,2021-03,4,1,0.1,541794|225|2021-02-09,0.1575265919928781,0.0
541795,225,2021-02-09,2021-02-18,10,control,0,0.1584281,0,dept_225_closure_2021-02-09,2021-03-21,2021-03,4,1,0.1,541795|225|2021-02-09,-0.39861470800712195,0.0
542121,225,2021-02-09,2021-02-18,10,control,0,0.81192786,1,dept_225_closure_2021-02-09,2021-03-21,2021-03,4,1,0.1,542121|225|2021-02-09,0.25488505199287803,0.0
542359,225,2021-02-09,2021-02-18,10,control,0,0.8997891,1,dept_225_closure_2021-02-09,2021-03-21,2021-03,4,1,0.2,542359|225|2021-02-09,0.3427462919928781,0.0
542469,225,2021-02-09,2021-02-18,10,control,0,0.5968629,1,dept_225_closure_2021-02-09,2021-03-21,2021-03,4,1,0.6,542469|225|2021-02-09,0.03982009199287806,0.0
543401,225,2021-02-09,2021-02-18,10,control,0,0.17591122,0,dept_225_closure_2021-02-09,2021-03-21,2021-03,4,1,0.0,543401|225|2021-02-09,-0.3811315880071219,0.0
543574,225,2021-02-09,2021-02-18,10,control,0,0.99364233,1,dept_225_closure_2021-02-09,2021-03-21,2021-03,4,1,0.5,543574|225|2021-02-09,0.4365995219928781,0.0
545450,225,2021-02-09,2021-02-18,10,treatment,1,0.74080014,1,dept_225_closure_2021-02-09,2021-03-21,2021-03,4,1,0.0,545450|225|2021-02-09,0.18375733199287814,0.0
545621,225,2021-02-09,2021-02-18,10,control,0,0.2505379,0,dept_225_closure_2021-02-09,2021-03-21,2021-03,4,1,0.0,545621|225|2021-02-09,-0.30650490800712193,0.0
546738,225,2021-02-09,2021-02-18,10,treatment,1,0.9869179,1,dept_225_closure_2021-02-09,2021-03-21,2021-03,4,1,0.5,546738|225|2021-02-09,0.4298750919928781,0.0
547241,225,2021-02-09,2021-02-18,10,control,0,0.63886887,1,dept_225_closure_2021-02-09,2021-03-21,2021-03,4,1,0.2,547241|225|2021-02-09,0.08182606199287812,0.0
547544,225,2021-02-09,2021-02-18,10,control,0,0.7458929,1,dept_225_closure_2021-02-09,2021-03-21,2021-03,4,1,0.1,547544|225|2021-02-09,0.18885009199287806,0.0
547689,225,2021-02-09,2021-02-18,10,control,0,0.55275804,1,dept_225_closure_2021-02-09,2021-03-21,2021-03,4,1,0.2,547689|225|2021-02-09,-0.004284768007121964,0.0
548215,225,2021-02-09,2021-02-18,10,control,0,0.9033356,1,dept_225_closure_2021-02-09,2021-03-21,2021-03,4,1,0.1,548215|225|2021-02-09,0.3462927919928781,0.0
549703,225,2021-02-09,2021-02-18,10,treatment,1,0.44778845,0,dept_225_closure_2021-02-09,2021-03-21,2021-03,4,1,0.1,549703|225|2021-02-09,-0.10925435800712191,0.0
549771,225,2021-02-09,2021-02-18,10,control,0,0.8159889,1,dept_225_closure_2021-02-09,2021-03-21,2021-03,4,1,0.0,549771|225|2021-02-09,0.2589460919928781,0.0
552685,225,2021-02-09,2021-02-18,10,control,0,0.5987536,1,dept_225_closure_2021-02-09,2021-03-21,2021-03,4,1,0.1,552685|225|2021-02-09,0.04171079199287808,0.0
552723,225,2021-02-09,2021-02-18,10,control,0,0.35043988,0,dept_225_closure_2021-02-09,2021-03-21,2021-03,4,1,0.1,552723|225|2021-02-09,-0.20660292800712193,0.0
553138,225,2021-02-09,2021-02-18,10,control,0,0.30944628,0,dept_225_closure_2021-02-09,2021-03-21,2021-03,4,1,0.0,553138|225|2021-02-09,-0.2475965280071219,0.0
553876,225,2021-02-09,2021-02-18,10,treatment,1,0.9419543,1,dept_225_closure_2021-02-09,2021-03-21,2021-03,4,1,0.2,553876|225|2021-02-09,0.3849114919928781,0.0
557358,225,2021-02-09,2021-02-18,10,control,0,0.9920684,1,dept_225_closure_2021-02-09,2021-03-21,2021-03,4,1,0.5,557358|225|2021-02-09,0.43502559199287805,0.0
557503,225,2021-02-09,2021-02-18,10,control,0,0.98167187,1,dept_225_closure_2021-02-09,2021-03-21,2021-03,4,1,0.7,557503|225|2021-02-09,0.4246290619928781,0.0
558534,225,2021-02-09,2021-02-18,10,treatment,1,0.20376676,0,dept_225_closure_2021-02-09,2021-03-21,2021-03,4,1,0.1,558534|225|2021-02-09,-0.3532760480071219,0.0
559416,225,2021-02-09,2021-02-18,10,control,0,0.5377436,1,dept_225_closure_2021-02-09,2021-03-21,2021-03,4,1,0.0,559416|225|2021-02-09,-0.019299208007121926,0.0
560778,225,2021-02-09,2021-02-18,10,control,0,0.6724239,1,dept_225_closure_2021-02-09,2021-03-21,2021-03,4,1,0.1,560778|225|2021-02-09,0.11538109199287805,0.0
561261,225,2021-02-09,2021-02-18,10,control,0,0.8870736,1,dept_225_closure_2021-02-09,2021-03-21,2021-03,4,1,0.4,561261|225|2021-02-09,0.3300307919928781,0.0
561552,225,2021-02-09,2021-02-18,10,treatment,1,0.8548409,1,dept_225_closure_2021-02-09,2021-03-21,2021-03,4,1,0.0,561552|225|2021-02-09,0.2977980919928781,0.0
561749,225,2021-02-09,2021-02-18,10,treatment,1,0.36272615,0,dept_225_closure_2021-02-09,2021-03-21,2021-03,4,1,0.4,561749|225|2021-02-09,-0.1943166580071219,0.0
561970,225,2021-02-09,2021-02-18,10,control,0,0.26292413,0,dept_225_closure_2021-02-09,2021-03-21,2021-03,4,1,0.2,561970|225|2021-02-09,-0.29411867800712194,0.0
563192,225,2021-02-09,2021-02-18,10,control,0,0.99263245,1,dept_225_closure_2021-02-09,2021-03-21,2021-03,4,1,0.0,563192|225|2021-02-09,0.4355896419928781,0.0
563542,225,2021-02-09,2021-02-18,10,control,0,0.37322673,0,dept_225_closure_2021-02-09,2021-03-21,2021-03,4,1,0.2,563542|225|2021-02-09,-0.1838160780071219,0.0
563790,225,2021-02-09,2021-02-18,10,control,0,0.35640284,0,dept_225_closure_2021-02-09,2021-03-21,2021-03,4,1,0.0,563790|225|2021-02-09,-0.20063996800712192,0.0
564310,225,2021-02-09,2021-02-18,10,control,0,0.53082335,1,dept_225_closure_2021-02-09,2021-03-21,2021-03,4,1,0.2,564310|225|2021-02-09,-0.026219458007121887,0.0
564323,225,2021-02-09,2021-02-18,10,control,0,0.9151387,1,dept_225_closure_2021-02-09,2021-03-21,2021-03,4,1,0.0,564323|225|2021-02-09,0.35809589199287806,0.0
564378,225,2021-02-09,2021-02-18,10,control,0,0.79580194,1,dept_225_closure_2021-02-09,2021-03-21,2021-03,4,1,0.2,564378|225|2021-02-09,0.23875913199287813,0.0
564518,225,2021-02-09,2021-02-18,10,control,0,0.8406039,1,dept_225_closure_2021-02-09,2021-03-21,2021-03,4,1,0.2,564518|225|2021-02-09,0.28356109199287804,0.0
565708,225,2021-02-09,2021-02-18,10,control,0,0.8249043,1,dept_225_closure_2021-02-09,2021-03-21,2021-03,4,1,0.0,565708|225|2021-02-09,0.2678614919928781,0.0
566300,225,2021-02-09,2021-02-18,10,control,0,0.10058118,0,dept_225_closure_2021-02-09,2021-03-21,2021-03,4,1,0.2,566300|225|2021-02-09,-0.4564616280071219,0.0
566787,225,2021-02-09,2021-02-18,10,control,0,0.24692543,0,dept_225_closure_2021-02-09,2021-03-21,2021-03,4,1,0.1,566787|225|2021-02-09,-0.3101173780071219,0.0
567770,225,2021-02-09,2021-02-18,10,control,0,0.62877107,1,dept_225_closure_2021-02-09,2021-03-21,2021-03,4,1,0.1,567770|225|2021-02-09,0.07172826199287807,0.0
571386,225,2021-02-09,2021-02-18,10,control,0,0.96353066,1,dept_225_closure_2021-02-09,2021-03-21,2021-03,4,1,0.1,571386|225|2021-02-09,0.40648785199287807,0.0
572458,225,2021-02-09,2021-02-18,10,control,0,0.3980757,0,dept_225_closure_2021-02-09,2021-03-21,2021-03,4,1,0.0,572458|225|2021-02-09,-0.15896710800712194,0.0
573090,225,2021-02-09,2021-02-18,10,control,0,0.5859904,1,dept_225_closure_2021-02-09,2021-03-21,2021-03,4,1,0.0,573090|225|2021-02-09,0.028947591992878108,0.0
573893,225,2021-02-09,2021-02-18,10,control,0,0.9229414,1,dept_225_closure_2021-02-09,2021-03-21,2021-03,4,1,0.3,573893|225|2021-02-09,0.3658985919928781,0.0
574692,225,2021-02-09,2021-02-18,10,treatment,1,0.7166413,1,dept_225_closure_2021-02-09,2021-03-21,2021-03,4,1,0.0,574692|225|2021-02-09,0.15959849199287812,0.0
574768,225,2021-02-09,2021-02-18,10,control,0,0.17151837,0,dept_225_closure_2021-02-09,2021-03-21,2021-03,4,1,0.0,574768|225|2021-02-09,-0.3855244380071219,0.0
576266,225,2021-02-09,2021-02-18,10,control,0,0.086030245,0,dept_225_closure_2021-02-09,2021-03-21,2021-03,4,1,0.0,576266|225|2021-02-09,-0.4710125630071219,0.0
576524,225,2021-02-09,2021-02-18,10,control,0,0.7010925,1,dept_225_closure_2021-02-09,2021-03-21,2021-03,4,1,0.2,576524|225|2021-02-09,0.1440496919928781,0.0
577047,225,2021-02-09,2021-02-18,10,control,0,0.30385533,0,dept_225_closure_2021-02-09,2021-03-21,2021-03,4,1,0.3,577047|225|2021-02-09,-0.25318747800712194,0.0
577615,225,2021-02-09,2021-02-18,10,control,0,0.9983777,1,dept_225_closure_2021-02-09,2021-03-21,2021-03,4,1,0.4,577615|225|2021-02-09,0.4413348919928781,0.0
578177,225,2021-02-09,2021-02-18,10,control,0,0.58630294,1,dept_225_closure_2021-02-09,2021-03-21,2021-03,4,1,0.1,578177|225|2021-02-09,0.029260131992878136,0.0
579009,225,2021-02-09,2021-02-18,10,control,0,0.5416368,1,dept_225_closure_2021-02-09,2021-03-21,2021-03,4,1,0.1,579009|225|2021-02-09,-0.015406008007121885,0.0
579184,225,2021-02-09,2021-02-18,10,control,0,0.9151821,1,dept_225_closure_2021-02-09,2021-03-21,2021-03,4,1,0.1,579184|225|2021-02-09,0.3581392919928781,0.0
579185,225,2021-02-09,2021-02-18,10,control,0,0.036937717,0,dept_225_closure_2021-02-09,2021-03-21,2021-03,4,1,0.0,579185|225|2021-02-09,-0.5201050910071219,0.0
579307,225,2021-02-09,2021-02-18,10,control,0,0.44333464,0,dept_225_closure_2021-02-09,2021-03-21,2021-03,4,1,0.1,579307|225|2021-02-09,-0.11370816800712191,0.0
579513,225,2021-02-09,2021-02-18,10,control,0,0.1074986,0,dept_225_closure_2021-02-09,2021-03-21,2021-03,4,1,0.4,579513|225|2021-02-09,-0.4495442080071219,0.0
580036,225,2021-02-09,2021-02-18,10,control,0,0.9754841,1,dept_225_closure_2021-02-09,2021-03-21,2021-03,4,1,0.1,580036|225|2021-02-09,0.41844129199287805,0.0
581023,225,2021-02-09,2021-02-18,10,control,0,0.8595541,1,dept_225_closure_2021-02-09,2021-03-21,2021-03,4,1,0.0,581023|225|2021-02-09,0.3025112919928781,0.0
581025,225,2021-02-09,2021-02-18,10,control,0,0.6973182,1,dept_225_closure_2021-02-09,2021-03-21,2021-03,4,1,0.1,581025|225|2021-02-09,0.14027539199287808,0.0
582014,225,2021-02-09,2021-02-18,10,control,0,0.3974963,0,dept_225_closure_2021-02-09,2021-03-21,2021-03,4,1,0.0,582014|225|2021-02-09,-0.1595465080071219,0.0
584199,225,2021-02-09,2021-02-18,10,treatment,1,0.27034467,0,dept_225_closure_2021-02-09,2021-03-21,2021-03,4,1,0.0,584199|225|2021-02-09,-0.2866981380071219,0.0
585070,225,2021-02-09,2021-02-18,10,control,0,0.99814796,1,dept_225_closure_2021-02-09,2021-03-21,2021-03,4,1,0.6,585070|225|2021-02-09,0.44110515199287803,0.0
585492,225,2021-02-09,2021-02-18,10,control,0,0.33447573,0,dept_225_closure_2021-02-09,2021-03-21,2021-03,4,1,0.2,585492|225|2021-02-09,-0.2225670780071219,0.0
585655,225,2021-02-09,2021-02-18,10,control,0,0.35462213,0,dept_225_closure_2021-02-09,2021-03-21,2021-03,4,1,0.0,585655|225|2021-02-09,-0.20242067800712193,0.0
585821,225,2021-02-09,2021-02-18,10,control,0,0.5222112,1,dept_225_closure_2021-02-09,2021-03-21,2021-03,4,1,0.1,585821|225|2021-02-09,-0.03483160800712193,0.0
585917,225,2021-02-09,2021-02-18,10,treatment,1,0.7722433,1,dept_225_closure_2021-02-09,2021-03-21,2021-03,4,1,0.2,585917|225|2021-02-09,0.21520049199287805,0.0
586381,225,2021-02-09,2021-02-18,10,control,0,0.6838527,1,dept_225_closure_2021-02-09,2021-03-21,2021-03,4,1,0.0,586381|225|2021-02-09,0.12680989199287807,0.0
586838,225,2021-02-09,2021-02-18,10,control,0,0.09217,0,dept_225_closure_2021-02-09,2021-03-21,2021-03,4,1,0.0,586838|225|2021-02-09,-0.46487280800712194,0.0
586917,225,2021-02-09,2021-02-18,10,control,0,0.8840651,1,dept_225_closure_2021-02-09,2021-03-21,2021-03,4,1,0.1,586917|225|2021-02-09,0.32702229199287813,0.0
587297,225,2021-02-09,2021-02-18,10,control,0,0.6928022,1,dept_225_closure_2021-02-09,2021-03-21,2021-03,4,1,0.0,587297|225|2021-02-09,0.13575939199287812,0.0
588026,225,2021-02-09,2021-02-18,10,control,0,0.88820606,1,dept_225_closure_2021-02-09,2021-03-21,2021-03,4,1,0.0,588026|225|2021-02-09,0.3311632519928781,0.0
590947,225,2021-02-09,2021-02-18,10,control,0,0.36585534,0,dept_225_closure_2021-02-09,2021-03-21,2021-03,4,1,0.1,590947|225|2021-02-09,-0.19118746800712194,0.0
591732,225,2021-02-09,2021-02-18,10,control,0,0.16594023,0,dept_225_closure_2021-02-09,2021-03-21,2021-03,4,1,0.0,591732|225|2021-02-09,-0.3911025780071219,0.0
591781,225,2021-02-09,2021-02-18,10,treatment,1,0.9292462,1,dept_225_closure_2021-02-09,2021-03-21,2021-03,4,1,0.0,591781|225|2021-02-09,0.3722033919928781,0.0
592312,225,2021-02-09,2021-02-18,10,control,0,0.4578142,0,dept_225_closure_2021-02-09,2021-03-21,2021-03,4,1,0.0,592312|225|2021-02-09,-0.09922860800712191,0.0
594345,225,2021-02-09,2021-02-18,10,control,0,0.90433824,1,dept_225_closure_2021-02-09,2021-03-21,2021-03,4,1,0.0,594345|225|2021-02-09,0.34729543199287805,0.0
596114,225,2021-02-09,2021-02-18,10,control,0,0.4531059,0,dept_225_closure_2021-02-09,2021-03-21,2021-03,4,1,0.2,596114|225|2021-02-09,-0.10393690800712191,0.0
597674,225,2021-02-09,2021-02-18,10,control,0,0.49089986,0,dept_225_closure_2021-02-09,2021-03-21,2021-03,4,1,0.1,597674|225|2021-02-09,-0.0661429480071219,0.0
598660,225,2021-02-09,2021-02-18,10,treatment,1,0.8296651,1,dept_225_closure_2021-02-09,2021-03-21,2021-03,4,1,0.0,598660|225|2021-02-09,0.27262229199287813,0.0
600117,225,2021-02-09,2021-02-18,10,control,0,0.25992393,0,dept_225_closure_2021-02-09,2021-03-21,2021-03,4,1,0.0,600117|225|2021-02-09,-0.2971188780071219,0.0
602666,225,2021-02-09,2021-02-18,10,control,0,0.73606884,1,dept_225_closure_2021-02-09,2021-03-21,2021-03,4,1,0.2,602666|225|2021-02-09,0.17902603199287803,0.0
602851,225,2021-02-09,2021-02-18,10,control,0,0.13497908,0,dept_225_closure_2021-02-09,2021-03-21,2021-03,4,1,0.0,602851|225|2021-02-09,-0.4220637280071219,0.0
603710,225,2021-02-09,2021-02-18,10,control,0,0.97727966,1,dept_225_closure_2021-02-09,2021-03-21,2021-03,4,1,0.2,603710|225|2021-02-09,0.4202368519928781,0.0
604161,225,2021-02-09,2021-02-18,10,control,0,0.46132925,0,dept_225_closure_2021-02-09,2021-03-21,2021-03,4,1,0.0,604161|225|2021-02-09,-0.09571355800712189,0.0
604570,225,2021-02-09,2021-02-18,10,control,0,0.4378647,0,dept_225_closure_2021-02-09,2021-03-21,2021-03,4,1,0.0,604570|225|2021-02-09,-0.11917810800712192,0.0
604822,225,2021-02-09,2021-02-18,10,control,0,0.9733655,1,dept_225_closure_2021-02-09,2021-03-21,2021-03,4,1,0.5,604822|225|2021-02-09,0.4163226919928781,0.0
605970,225,2021-02-09,2021-02-18,10,control,0,0.1305402,0,dept_225_closure_2021-02-09,2021-03-21,2021-03,4,1,0.0,605970|225|2021-02-09,-0.4265026080071219,0.0
606706,225,2021-02-09,2021-02-18,10,control,0,0.95972395,1,dept_225_closure_2021-02-09,2021-03-21,2021-03,4,1,0.0,606706|225|2021-02-09,0.4026811419928781,0.0
608501,225,2021-02-09,2021-02-18,10,control,0,0.50560063,1,dept_225_closure_2021-02-09,2021-03-21,2021-03,4,1,0.2,608501|225|2021-02-09,-0.05144217800712192,0.0
610259,225,2021-02-09,2021-02-18,10,control,0,0.36856622,0,dept_225_closure_2021-02-09,2021-03-21,2021-03,4,1,0.0,610259|225|2021-02-09,-0.18847658800712191,0.0
611223,225,2021-02-09,2021-02-18,10,control,0,0.96206176,1,dept_225_closure_2021-02-09,2021-03-21,2021-03,4,1,0.0,611223|225|2021-02-09,0.4050189519928781,0.0
611759,225,2021-02-09,2021-02-18,10,control,0,0.06267964,0,dept_225_closure_2021-02-09,2021-03-21,2021-03,4,1,0.0,611759|225|2021-02-09,-0.49436316800712193,0.0
611888,225,2021-02-09,2021-02-18,10,treatment,1,0.7637555,1,dept_225_closure_2021-02-09,2021-03-21,2021-03,4,1,0.3,611888|225|2021-02-09,0.20671269199287812,0.0
616748,225,2021-02-09,2021-02-18,10,control,0,0.93410015,1,dept_225_closure_2021-02-09,2021-03-21,2021-03,4,1,0.2,616748|225|2021-02-09,0.3770573419928781,0.0
620285,225,2021-02-09,2021-02-18,10,control,0,0.07193528,0,dept_225_closure_2021-02-09,2021-03-21,2021-03,4,1,0.3,620285|225|2021-02-09,-0.4851075280071219,0.0
621701,225,2021-02-09,2021-02-18,10,control,0,0.8712767,1,dept_225_closure_2021-02-09,2021-03-21,2021-03,4,1,0.1,621701|225|2021-02-09,0.3142338919928781,0.0
621703,225,2021-02-09,2021-02-18,10,control,0,0.8133465,1,dept_225_closure_2021-02-09,2021-03-21,2021-03,4,1,0.1,621703|225|2021-02-09,0.25630369199287806,0.0
621708,225,2021-02-09,2021-02-18,10,control,0,0.9617935,1,dept_225_closure_2021-02-09,2021-03-21,2021-03,4,1,0.0,621708|225|2021-02-09,0.40475069199287805,0.0
622002,225,2021-02-09,2021-02-18,10,control,0,0.6602533,1,dept_225_closure_2021-02-09,2021-03-21,2021-03,4,1,0.0,622002|225|2021-02-09,0.10321049199287813,0.0
622452,225,2021-02-09,2021-02-18,10,control,0,0.42704433,0,dept_225_closure_2021-02-09,2021-03-21,2021-03,4,1,0.1,622452|225|2021-02-09,-0.1299984780071219,0.0
624749,225,2021-02-09,2021-02-18,10,control,0,0.25263858,0,dept_225_closure_2021-02-09,2021-03-21,2021-03,4,1,0.1,624749|225|2021-02-09,-0.3044042280071219,0.0
624852,225,2021-02-09,2021-02-18,10,treatment,1,0.4284098,0,dept_225_closure_2021-02-09,2021-03-21,2021-03,4,1,0.0,624852|225|2021-02-09,-0.1286330080071219,0.0
625308,225,2021-02-09,2021-02-18,10,control,0,0.5906653,1,dept_225_closure_2021-02-09,2021-03-21,2021-03,4,1,0.3,625308|225|2021-02-09,0.033622491992878034,0.0
625392,225,2021-02-09,2021-02-18,10,control,0,0.63225067,1,dept_225_closure_2021-02-09,2021-03-21,2021-03,4,1,0.0,625392|225|2021-02-09,0.0752078619928781,0.0
625984,225,2021-02-09,2021-02-18,10,control,0,0.5534443,1,dept_225_closure_2021-02-09,2021-03-21,2021-03,4,1,0.0,625984|225|2021-02-09,-0.0035985080071219144,0.0
627167,225,2021-02-09,2021-02-18,10,control,0,0.332687,0,dept_225_closure_2021-02-09,2021-03-21,2021-03,4,1,0.2,627167|225|2021-02-09,-0.2243558080071219,0.0
627225,225,2021-02-09,2021-02-18,10,control,0,0.9010184,1,dept_225_closure_2021-02-09,2021-03-21,2021-03,4,1,0.3,627225|225|2021-02-09,0.3439755919928781,0.0
627408,225,2021-02-09,2021-02-18,10,control,0,0.85890085,1,dept_225_closure_2021-02-09,2021-03-21,2021-03,4,1,0.3,627408|225|2021-02-09,0.30185804199287813,0.0
627763,225,2021-02-09,2021-02-18,10,control,0,0.5826646,1,dept_225_closure_2021-02-09,2021-03-21,2021-03,4,1,0.0,627763|225|2021-02-09,0.025621791992878062,0.0
628462,225,2021-02-09,2021-02-18,10,control,0,0.2905661,0,dept_225_closure_2021-02-09,2021-03-21,2021-03,4,1,0.2,628462|225|2021-02-09,-0.2664767080071219,0.0
631042,225,2021-02-09,2021-02-18,10,treatment,1,0.82386595,1,dept_225_closure_2021-02-09,2021-03-21,2021-03,4,1,0.2,631042|225|2021-02-09,0.26682314199287804,0.0
631725,225,2021-02-09,2021-02-18,10,control,0,0.27820736,0,dept_225_closure_2021-02-09,2021-03-21,2021-03,4,1,0.1,631725|225|2021-02-09,-0.2788354480071219,0.0
632138,225,2021-02-09,2021-02-18,10,control,0,0.45328057,0,dept_225_closure_2021-02-09,2021-03-21,2021-03,4,1,0.0,632138|225|2021-02-09,-0.10376223800712192,0.0
632258,225,2021-02-09,2021-02-18,10,control,0,0.9607414,1,dept_225_closure_2021-02-09,2021-03-21,2021-03,4,1,0.6,632258|225|2021-02-09,0.40369859199287805,0.0
634605,225,2021-02-09,2021-02-18,10,control,0,0.8398513,1,dept_225_closure_2021-02-09,2021-03-21,2021-03,4,1,0.2,634605|225|2021-02-09,0.28280849199287805,0.0
636399,225,2021-02-09,2021-02-18,10,control,0,0.8788353,1,dept_225_closure_2021-02-09,2021-03-21,2021-03,4,1,0.1,636399|225|2021-02-09,0.32179249199287807,0.0
639151,225,2021-02-09,2021-02-18,10,control,0,0.039711274,0,dept_225_closure_2021-02-09,2021-03-21,2021-03,4,1,0.1,639151|225|2021-02-09,-0.517331534007122,0.0
639396,225,2021-02-09,2021-02-18,10,control,0,0.111425295,0,dept_225_closure_2021-02-09,2021-03-21,2021-03,4,1,0.0,639396|225|2021-02-09,-0.44561751300712193,0.0
639953,225,2021-02-09,2021-02-18,10,control,0,0.7804247,1,dept_225_closure_2021-02-09,2021-03-21,2021-03,4,1,0.0,639953|225|2021-02-09,0.22338189199287806,0.0
640512,225,2021-02-09,2021-02-18,10,control,0,0.20313406,0,dept_225_closure_2021-02-09,2021-03-21,2021-03,4,1,0.0,640512|225|2021-02-09,-0.3539087480071219,0.0
640845,225,2021-02-09,2021-02-18,10,control,0,0.99919397,1,dept_225_closure_2021-02-09,2021-03-21,2021-03,4,1,0.2,640845|225|2021-02-09,0.4421511619928781,0.0
641789,225,2021-02-09,2021-02-18,10,control,0,0.46111363,0,dept_225_closure_2021-02-09,2021-03-21,2021-03,4,1,0.0,641789|225|2021-02-09,-0.09592917800712192,0.0
642726,225,2021-02-09,2021-02-18,10,control,0,0.8754994,1,dept_225_closure_2021-02-09,2021-03-21,2021-03,4,1,0.0,642726|225|2021-02-09,0.3184565919928781,0.0
642742,225,2021-02-09,2021-02-18,10,control,0,0.45168057,0,dept_225_closure_2021-02-09,2021-03-21,2021-03,4,1,0.1,642742|225|2021-02-09,-0.10536223800712191,0.0
644630,225,2021-02-09,2021-02-18,10,control,0,0.23972027,0,dept_225_closure_2021-02-09,2021-03-21,2021-03,4,1,0.0,644630|225|2021-02-09,-0.3173225380071219,0.0
644702,225,2021-02-09,2021-02-18,10,control,0,0.8360215,1,dept_225_closure_2021-02-09,2021-03-21,2021-03,4,1,0.3,644702|225|2021-02-09,0.27897869199287806,0.0
645363,225,2021-02-09,2021-02-18,10,control,0,0.8725744,1,dept_225_closure_2021-02-09,2021-03-21,2021-03,4,1,0.0,645363|225|2021-02-09,0.31553159199287806,0.0
645944,225,2021-02-09,2021-02-18,10,treatment,1,0.99819547,1,dept_225_closure_2021-02-09,2021-03-21,2021-03,4,1,0.5,645944|225|2021-02-09,0.44115266199287806,0.0
646261,225,2021-02-09,2021-02-18,10,control,0,0.5575733,1,dept_225_closure_2021-02-09,2021-03-21,2021-03,4,1,0.0,646261|225|2021-02-09,0.0005304919928781349,0.0
646657,225,2021-02-09,2021-02-18,10,treatment,1,0.21721593,0,dept_225_closure_2021-02-09,2021-03-21,2021-03,4,1,0.0,646657|225|2021-02-09,-0.3398268780071219,0.0
649551,225,2021-02-09,2021-02-18,10,control,0,0.021113366,0,dept_225_closure_2021-02-09,2021-03-21,2021-03,4,1,0.0,649551|225|2021-02-09,-0.5359294420071219,0.0
649840,225,2021-02-09,2021-02-18,10,control,0,0.67450595,1,dept_225_closure_2021-02-09,2021-03-21,2021-03,4,1,0.0,649840|225|2021-02-09,0.1174631419928781,0.0
651091,225,2021-02-09,2021-02-18,10,control,0,0.5026581,1,dept_225_closure_2021-02-09,2021-03-21,2021-03,4,1,0.2,651091|225|2021-02-09,-0.05438470800712192,0.0
651339,225,2021-02-09,2021-02-18,10,control,0,0.65272504,1,dept_225_closure_2021-02-09,2021-03-21,2021-03,4,1,0.2,651339|225|2021-02-09,0.09568223199287806,0.0
651713,225,2021-02-09,2021-02-18,10,control,0,0.96742,1,dept_225_closure_2021-02-09,2021-03-21,2021-03,4,1,0.0,651713|225|2021-02-09,0.41037719199287803,0.0
653758,225,2021-02-09,2021-02-18,10,control,0,0.5240128,1,dept_225_closure_2021-02-09,2021-03-21,2021-03,4,1,0.0,653758|225|2021-02-09,-0.03303000800712197,0.0
654099,225,2021-02-09,2021-02-18,10,control,0,0.856423,1,dept_225_closure_2021-02-09,2021-03-21,2021-03,4,1,0.1,654099|225|2021-02-09,0.29938019199287813,0.0
654850,225,2021-02-09,2021-02-18,10,control,0,0.019117346,0,dept_225_closure_2021-02-09,2021-03-21,2021-03,4,1,0.1,654850|225|2021-02-09,-0.5379254620071219,0.0
655704,225,2021-02-09,2021-02-18,10,control,0,0.6690431,1,dept_225_closure_2021-02-09,2021-03-21,2021-03,4,1,0.1,655704|225|2021-02-09,0.11200029199287809,0.0
656521,225,2021-02-09,2021-02-18,10,treatment,1,0.04669351,0,dept_225_closure_2021-02-09,2021-03-21,2021-03,4,1,0.2,656521|225|2021-02-09,-0.5103492980071219,0.0
658662,225,2021-02-09,2021-02-18,10,control,0,0.53507197,1,dept_225_closure_2021-02-09,2021-03-21,2021-03,4,1,0.2,658662|225|2021-02-09,-0.021970838007121962,0.0
659493,225,2021-02-09,2021-02-18,10,control,0,0.42869598,0,dept_225_closure_2021-02-09,2021-03-21,2021-03,4,1,0.2,659493|225|2021-02-09,-0.12834682800712194,0.0
659772,225,2021-02-09,2021-02-18,10,control,0,0.39867225,0,dept_225_closure_2021-02-09,2021-03-21,2021-03,4,1,0.0,659772|225|2021-02-09,-0.1583705580071219,0.0
659815,225,2021-02-09,2021-02-18,10,control,0,0.9385042,1,dept_225_closure_2021-02-09,2021-03-21,2021-03,4,1,0.2,659815|225|2021-02-09,0.3814613919928781,0.0
659817,225,2021-02-09,2021-02-18,10,control,0,0.3824475,0,dept_225_closure_2021-02-09,2021-03-21,2021-03,4,1,0.0,659817|225|2021-02-09,-0.17459530800712192,0.0
660265,225,2021-02-09,2021-02-18,10,treatment,1,0.9978644,1,dept_225_closure_2021-02-09,2021-03-21,2021-03,4,1,0.6,660265|225|2021-02-09,0.44082159199287807,0.0
660305,225,2021-02-09,2021-02-18,10,control,0,0.96064216,1,dept_225_closure_2021-02-09,2021-03-21,2021-03,4,1,0.3,660305|225|2021-02-09,0.4035993519928781,0.0
661284,225,2021-02-09,2021-02-18,10,control,0,0.07477712,0,dept_225_closure_2021-02-09,2021-03-21,2021-03,4,1,0.1,661284|225|2021-02-09,-0.4822656880071219,0.0
662869,225,2021-02-09,2021-02-18,10,control,0,0.32152742,0,dept_225_closure_2021-02-09,2021-03-21,2021-03,4,1,0.0,662869|225|2021-02-09,-0.2355153880071219,0.0
663102,225,2021-02-09,2021-02-18,10,control,0,0.9994822,1,dept_225_closure_2021-02-09,2021-03-21,2021-03,4,1,0.7,663102|225|2021-02-09,0.4424393919928781,0.0
663426,225,2021-02-09,2021-02-18,10,control,0,0.7689014,1,dept_225_closure_2021-02-09,2021-03-21,2021-03,4,1,0.1,663426|225|2021-02-09,0.21185859199287804,0.0
664086,225,2021-02-09,2021-02-18,10,treatment,1,0.9762654,1,dept_225_closure_2021-02-09,2021-03-21,2021-03,4,1,0.4,664086|225|2021-02-09,0.41922259199287804,0.0
665178,225,2021-02-09,2021-02-18,10,control,0,0.9335816,1,dept_225_closure_2021-02-09,2021-03-21,2021-03,4,1,0.3,665178|225|2021-02-09,0.3765387919928781,0.0
666035,225,2021-02-09,2021-02-18,10,control,0,0.12785643,0,dept_225_closure_2021-02-09,2021-03-21,2021-03,4,1,0.0,666035|225|2021-02-09,-0.4291863780071219,0.0
667668,225,2021-02-09,2021-02-18,10,control,0,0.99883133,1,dept_225_closure_2021-02-09,2021-03-21,2021-03,4,1,0.5,667668|225|2021-02-09,0.4417885219928781,0.0
667898,225,2021-02-09,2021-02-18,10,treatment,1,0.4353089,0,dept_225_closure_2021-02-09,2021-03-21,2021-03,4,1,0.0,667898|225|2021-02-09,-0.12173390800712192,0.0
668285,225,2021-02-09,2021-02-18,10,treatment,1,0.5645258,1,dept_225_closure_2021-02-09,2021-03-21,2021-03,4,1,0.0,668285|225|2021-02-09,0.007482991992878052,0.0
668291,225,2021-02-09,2021-02-18,10,control,0,0.6522144,1,dept_225_closure_2021-02-09,2021-03-21,2021-03,4,1,0.2,668291|225|2021-02-09,0.09517159199287806,0.0
669422,225,2021-02-09,2021-02-18,10,control,0,0.67992234,1,dept_225_closure_2021-02-09,2021-03-21,2021-03,4,1,0.0,669422|225|2021-02-09,0.12287953199287804,0.0
669423,225,2021-02-09,2021-02-18,10,control,0,0.7847244,1,dept_225_closure_2021-02-09,2021-03-21,2021-03,4,1,0.1,669423|225|2021-02-09,0.22768159199287807,0.0
670295,225,2021-02-09,2021-02-18,10,control,0,0.41161156,0,dept_225_closure_2021-02-09,2021-03-21,2021-03,4,1,0.1,670295|225|2021-02-09,-0.14543124800712193,0.0
670764,225,2021-02-09,2021-02-18,10,control,0,0.30633968,0,dept_225_closure_2021-02-09,2021-03-21,2021-03,4,1,0.0,670764|225|2021-02-09,-0.2507031280071219,0.0
671754,225,2021-02-09,2021-02-18,10,control,0,0.6846134,1,dept_225_closure_2021-02-09,2021-03-21,2021-03,4,1,0.0,671754|225|2021-02-09,0.12757059199287812,0.0
671815,225,2021-02-09,2021-02-18,10,control,0,0.9897882,1,dept_225_closure_2021-02-09,2021-03-21,2021-03,4,1,0.3,671815|225|2021-02-09,0.4327453919928781,0.0
673621,225,2021-02-09,2021-02-18,10,treatment,1,0.7729736,1,dept_225_closure_2021-02-09,2021-03-21,2021-03,4,1,0.0,673621|225|2021-02-09,0.21593079199287812,0.0
674341,225,2021-02-09,2021-02-18,10,treatment,1,0.8209035,1,dept_225_closure_2021-02-09,2021-03-21,2021-03,4,1,0.4,674341|225|2021-02-09,0.2638606919928781,0.0
674672,225,2021-02-09,2021-02-18,10,control,0,0.34065872,0,dept_225_closure_2021-02-09,2021-03-21,2021-03,4,1,0.0,674672|225|2021-02-09,-0.2163840880071219,0.0
674694,225,2021-02-09,2021-02-18,10,control,0,0.19335683,0,dept_225_closure_2021-02-09,2021-03-21,2021-03,4,1,0.4,674694|225|2021-02-09,-0.3636859780071219,0.0
675858,225,2021-02-09,2021-02-18,10,control,0,0.8422513,1,dept_225_closure_2021-02-09,2021-03-21,2021-03,4,1,0.1,675858|225|2021-02-09,0.2852084919928781,0.0
676812,225,2021-02-09,2021-02-18,10,control,0,0.99570435,1,dept_225_closure_2021-02-09,2021-03-21,2021-03,4,1,0.1,676812|225|2021-02-09,0.4386615419928781,0.0
677026,225,2021-02-09,2021-02-18,10,control,0,0.7089428,1,dept_225_closure_2021-02-09,2021-03-21,2021-03,4,1,0.0,677026|225|2021-02-09,0.15189999199287807,0.0
677257,225,2021-02-09,2021-02-18,10,control,0,0.975809,1,dept_225_closure_2021-02-09,2021-03-21,2021-03,4,1,0.3,677257|225|2021-02-09,0.4187661919928781,0.0
678901,225,2021-02-09,2021-02-18,10,control,0,0.9979645,1,dept_225_closure_2021-02-09,2021-03-21,2021-03,4,1,0.2,678901|225|2021-02-09,0.4409216919928781,0.0
679712,225,2021-02-09,2021-02-18,10,control,0,0.81729364,1,dept_225_closure_2021-02-09,2021-03-21,2021-03,4,1,0.1,679712|225|2021-02-09,0.26025083199287813,0.0
681513,225,2021-02-09,2021-02-18,10,control,0,0.059593797,0,dept_225_closure_2021-02-09,2021-03-21,2021-03,4,1,0.0,681513|225|2021-02-09,-0.4974490110071219,0.0
684601,225,2021-02-09,2021-02-18,10,control,0,0.61403507,1,dept_225_closure_2021-02-09,2021-03-21,2021-03,4,1,0.1,684601|225|2021-02-09,0.0569922619928781,0.0
687008,225,2021-02-09,2021-02-18,10,control,0,0.5195646,1,dept_225_closure_2021-02-09,2021-03-21,2021-03,4,1,0.1,687008|225|2021-02-09,-0.03747820800712187,0.0
687150,225,2021-02-09,2021-02-18,10,control,0,0.876868,1,dept_225_closure_2021-02-09,2021-03-21,2021-03,4,1,0.6,687150|225|2021-02-09,0.31982519199287807,0.0
687897,225,2021-02-09,2021-02-18,10,control,0,0.21601102,0,dept_225_closure_2021-02-09,2021-03-21,2021-03,4,1,0.0,687897|225|2021-02-09,-0.3410317880071219,0.0
688637,225,2021-02-09,2021-02-18,10,control,0,0.7733657,1,dept_225_closure_2021-02-09,2021-03-21,2021-03,4,1,0.2,688637|225|2021-02-09,0.21632289199287813,0.0
690589,225,2021-02-09,2021-02-18,10,control,0,0.5553213,1,dept_225_closure_2021-02-09,2021-03-21,2021-03,4,1,0.0,690589|225|2021-02-09,-0.0017215080071218969,0.0
691229,225,2021-02-09,2021-02-18,10,treatment,1,0.89693713,1,dept_225_closure_2021-02-09,2021-03-21,2021-03,4,1,0.3,691229|225|2021-02-09,0.33989432199287806,0.0
691713,225,2021-02-09,2021-02-18,10,control,0,0.8633706,1,dept_225_closure_2021-02-09,2021-03-21,2021-03,4,1,0.3,691713|225|2021-02-09,0.3063277919928781,0.0
693271,225,2021-02-09,2021-02-18,10,control,0,0.12999293,0,dept_225_closure_2021-02-09,2021-03-21,2021-03,4,1,0.1,693271|225|2021-02-09,-0.4270498780071219,0.0
695757,225,2021-02-09,2021-02-18,10,control,0,0.13072701,0,dept_225_closure_2021-02-09,2021-03-21,2021-03,4,1,0.0,695757|225|2021-02-09,-0.42631579800712194,0.0
696610,225,2021-02-09,2021-02-18,10,control,0,0.1768223,0,dept_225_closure_2021-02-09,2021-03-21,2021-03,4,1,0.1,696610|225|2021-02-09,-0.3802205080071219,0.0
697233,225,2021-02-09,2021-02-18,10,control,0,0.94105333,1,dept_225_closure_2021-02-09,2021-03-21,2021-03,4,1,0.0,697233|225|2021-02-09,0.3840105219928781,0.0
697512,225,2021-02-09,2021-02-18,10,control,0,0.5605776,1,dept_225_closure_2021-02-09,2021-03-21,2021-03,4,1,0.0,697512|225|2021-02-09,0.0035347919928780946,0.0
697894,225,2021-02-09,2021-02-18,10,control,0,0.79817176,1,dept_225_closure_2021-02-09,2021-03-21,2021-03,4,1,0.2,697894|225|2021-02-09,0.2411289519928781,0.0
697973,225,2021-02-09,2021-02-18,10,control,0,0.18501806,0,dept_225_closure_2021-02-09,2021-03-21,2021-03,4,1,0.0,697973|225|2021-02-09,-0.37202474800712193,0.0
701848,225,2021-02-09,2021-02-18,10,control,0,0.8108951,1,dept_225_closure_2021-02-09,2021-03-21,2021-03,4,1,0.2,701848|225|2021-02-09,0.25385229199287807,0.0
702986,225,2021-02-09,2021-02-18,10,control,0,0.1872149,0,dept_225_closure_2021-02-09,2021-03-21,2021-03,4,1,0.0,702986|225|2021-02-09,-0.36982790800712195,0.0
703120,225,2021-02-09,2021-02-18,10,control,0,0.85229796,1,dept_225_closure_2021-02-09,2021-03-21,2021-03,4,1,0.0,703120|225|2021-02-09,0.2952551519928781,0.0
704201,225,2021-02-09,2021-02-18,10,control,0,0.94005144,1,dept_225_closure_2021-02-09,2021-03-21,2021-03,4,1,0.2,704201|225|2021-02-09,0.38300863199287805,0.0
704382,225,2021-02-09,2021-02-18,10,treatment,1,0.016092248,0,dept_225_closure_2021-02-09,2021-03-21,2021-03,4,1,0.0,704382|225|2021-02-09,-0.5409505600071219,0.0
705285,225,2021-02-09,2021-02-18,10,control,0,0.15315053,0,dept_225_closure_2021-02-09,2021-03-21,2021-03,4,1,0.0,705285|225|2021-02-09,-0.4038922780071219,0.0
708489,225,2021-02-09,2021-02-18,10,control,0,0.7237068,1,dept_225_closure_2021-02-09,2021-03-21,2021-03,4,1,0.0,708489|225|2021-02-09,0.16666399199287807,0.0
708585,225,2021-02-09,2021-02-18,10,control,0,0.19762886,0,dept_225_closure_2021-02-09,2021-03-21,2021-03,4,1,0.0,708585|225|2021-02-09,-0.3594139480071219,0.0
708791,225,2021-02-09,2021-02-18,10,treatment,1,0.1377391,0,dept_225_closure_2021-02-09,2021-03-21,2021-03,4,1,0.1,708791|225|2021-02-09,-0.4193037080071219,0.0
708892,225,2021-02-09,2021-02-18,10,control,0,0.18430051,0,dept_225_closure_2021-02-09,2021-03-21,2021-03,4,1,0.1,708892|225|2021-02-09,-0.3727422980071219,0.0
711028,225,2021-02-09,2021-02-18,10,control,0,0.8355796,1,dept_225_closure_2021-02-09,2021-03-21,2021-03,4,1,0.0,711028|225|2021-02-09,0.27853679199287806,0.0
711047,225,2021-02-09,2021-02-18,10,control,0,0.034083992,0,dept_225_closure_2021-02-09,2021-03-21,2021-03,4,1,0.0,711047|225|2021-02-09,-0.5229588160071219,0.0
713527,225,2021-02-09,2021-02-18,10,control,0,0.09292669,0,dept_225_closure_2021-02-09,2021-03-21,2021-03,4,1,0.0,713527|225|2021-02-09,-0.46411611800712194,0.0
713855,225,2021-02-09,2021-02-18,10,control,0,0.85167867,1,dept_225_closure_2021-02-09,2021-03-21,2021-03,4,1,0.3,713855|225|2021-02-09,0.29463586199287806,0.0
713958,225,2021-02-09,2021-02-18,10,control,0,0.49726006,0,dept_225_closure_2021-02-09,2021-03-21,2021-03,4,1,0.0,713958|225|2021-02-09,-0.05978274800712191,0.0
715131,225,2021-02-09,2021-02-18,10,control,0,0.92389244,1,dept_225_closure_2021-02-09,2021-03-21,2021-03,4,1,0.4,715131|225|2021-02-09,0.3668496319928781,0.0
716396,225,2021-02-09,2021-02-18,10,control,0,0.8428176,1,dept_225_closure_2021-02-09,2021-03-21,2021-03,4,1,0.7,716396|225|2021-02-09,0.28577479199287803,0.0
717293,225,2021-02-09,2021-02-18,10,control,0,0.25332803,0,dept_225_closure_2021-02-09,2021-03-21,2021-03,4,1,0.0,717293|225|2021-02-09,-0.30371477800712193,0.0
718498,225,2021-02-09,2021-02-18,10,control,0,0.601293,1,dept_225_closure_2021-02-09,2021-03-21,2021-03,4,1,0.2,718498|225|2021-02-09,0.04425019199287805,0.0
718943,225,2021-02-09,2021-02-18,10,control,0,0.22585094,0,dept_225_closure_2021-02-09,2021-03-21,2021-03,4,1,0.0,718943|225|2021-02-09,-0.3311918680071219,0.0
723445,225,2021-02-09,2021-02-18,10,control,0,0.8507281,1,dept_225_closure_2021-02-09,2021-03-21,2021-03,4,1,0.1,723445|225|2021-02-09,0.2936852919928781,0.0
723556,225,2021-02-09,2021-02-18,10,control,0,0.24095523,0,dept_225_closure_2021-02-09,2021-03-21,2021-03,4,1,0.1,723556|225|2021-02-09,-0.31608757800712195,0.0
723737,225,2021-02-09,2021-02-18,10,treatment,1,0.70999473,1,dept_225_closure_2021-02-09,2021-03-21,2021-03,4,1,0.0,723737|225|2021-02-09,0.1529519219928781,0.0
723885,225,2021-02-09,2021-02-18,10,control,0,0.39465505,0,dept_225_closure_2021-02-09,2021-03-21,2021-03,4,1,0.1,723885|225|2021-02-09,-0.1623877580071219,0.0
724040,225,2021-02-09,2021-02-18,10,treatment,1,0.9974916,1,dept_225_closure_2021-02-09,2021-03-21,2021-03,4,1,0.3,724040|225|2021-02-09,0.4404487919928781,0.0
725308,225,2021-02-09,2021-02-18,10,control,0,0.78447884,1,dept_225_closure_2021-02-09,2021-03-21,2021-03,4,1,0.2,725308|225|2021-02-09,0.2274360319928781,0.0
727705,225,2021-02-09,2021-02-18,10,control,0,0.05598491,0,dept_225_closure_2021-02-09,2021-03-21,2021-03,4,1,0.0,727705|225|2021-02-09,-0.5010578980071219,0.0
730581,225,2021-02-09,2021-02-18,10,control,0,0.72781026,1,dept_225_closure_2021-02-09,2021-03-21,2021-03,4,1,0.1,730581|225|2021-02-09,0.17076745199287813,0.0
733149,225,2021-02-09,2021-02-18,10,control,0,0.075182885,0,dept_225_closure_2021-02-09,2021-03-21,2021-03,4,1,0.0,733149|225|2021-02-09,-0.4818599230071219,0.0
733211,225,2021-02-09,2021-02-18,10,treatment,1,0.9522906,1,dept_225_closure_2021-02-09,2021-03-21,2021-03,4,1,0.0,733211|225|2021-02-09,0.3952477919928781,0.0
734143,225,2021-02-09,2021-02-18,10,control,0,0.46848992,0,dept_225_closure_2021-02-09,2021-03-21,2021-03,4,1,0.0,734143|225|2021-02-09,-0.08855288800712191,0.0
735208,225,2021-02-09,2021-02-18,10,control,0,0.731714,1,dept_225_closure_2021-02-09,2021-03-21,2021-03,4,1,0.1,735208|225|2021-02-09,0.17467119199287806,0.0
735282,225,2021-02-09,2021-02-18,10,control,0,0.6528534,1,dept_225_closure_2021-02-09,2021-03-21,2021-03,4,1,0.0,735282|225|2021-02-09,0.09581059199287811,0.0
735610,225,2021-02-09,2021-02-18,10,control,0,0.5116996,1,dept_225_closure_2021-02-09,2021-03-21,2021-03,4,1,0.1,735610|225|2021-02-09,-0.04534320800712188,0.0
735616,225,2021-02-09,2021-02-18,10,control,0,0.14503029,0,dept_225_closure_2021-02-09,2021-03-21,2021-03,4,1,0.0,735616|225|2021-02-09,-0.4120125180071219,0.0
735993,225,2021-02-09,2021-02-18,10,control,0,0.4518877,0,dept_225_closure_2021-02-09,2021-03-21,2021-03,4,1,0.0,735993|225|2021-02-09,-0.10515510800712191,0.0
736071,225,2021-02-09,2021-02-18,10,control,0,0.28720596,0,dept_225_closure_2021-02-09,2021-03-21,2021-03,4,1,0.2,736071|225|2021-02-09,-0.26983684800712193,0.0
736993,225,2021-02-09,2021-02-18,10,control,0,0.44273984,0,dept_225_closure_2021-02-09,2021-03-21,2021-03,4,1,0.0,736993|225|2021-02-09,-0.11430296800712192,0.0
737299,225,2021-02-09,2021-02-18,10,control,0,0.906086,1,dept_225_closure_2021-02-09,2021-03-21,2021-03,4,1,0.0,737299|225|2021-02-09,0.34904319199287803,0.0
737337,225,2021-02-09,2021-02-18,10,control,0,0.9937168,1,dept_225_closure_2021-02-09,2021-03-21,2021-03,4,1,0.3,737337|225|2021-02-09,0.43667399199287804,0.0
737407,225,2021-02-09,2021-02-18,10,control,0,0.7900126,1,dept_225_closure_2021-02-09,2021-03-21,2021-03,4,1,0.2,737407|225|2021-02-09,0.23296979199287804,0.0
737545,225,2021-02-09,2021-02-18,10,control,0,0.9986482,1,dept_225_closure_2021-02-09,2021-03-21,2021-03,4,1,0.3,737545|225|2021-02-09,0.44160539199287807,0.0
737560,225,2021-02-09,2021-02-18,10,control,0,0.30817884,0,dept_225_closure_2021-02-09,2021-03-21,2021-03,4,1,0.0,737560|225|2021-02-09,-0.2488639680071219,0.0
737581,225,2021-02-09,2021-02-18,10,control,0,0.79217803,1,dept_225_closure_2021-02-09,2021-03-21,2021-03,4,1,0.2,737581|225|2021-02-09,0.23513522199287806,0.0
737722,225,2021-02-09,2021-02-18,10,control,0,0.97656333,1,dept_225_closure_2021-02-09,2021-03-21,2021-03,4,1,0.1,737722|225|2021-02-09,0.41952052199287804,0.0
737761,225,2021-02-09,2021-02-18,10,control,0,0.007338932,0,dept_225_closure_2021-02-09,2021-03-21,2021-03,4,1,0.0,737761|225|2021-02-09,-0.5497038760071219,0.0
739335,225,2021-02-09,2021-02-18,10,control,0,0.469756,0,dept_225_closure_2021-02-09,2021-03-21,2021-03,4,1,0.0,739335|225|2021-02-09,-0.08728680800712191,0.0
740494,225,2021-02-09,2021-02-18,10,control,0,0.7680001,1,dept_225_closure_2021-02-09,2021-03-21,2021-03,4,1,0.2,740494|225|2021-02-09,0.21095729199287805,0.0
740969,225,2021-02-09,2021-02-18,10,treatment,1,0.10188658,0,dept_225_closure_2021-02-09,2021-03-21,2021-03,4,1,0.0,740969|225|2021-02-09,-0.4551562280071219,0.0
741243,225,2021-02-09,2021-02-18,10,control,0,0.30559075,0,dept_225_closure_2021-02-09,2021-03-21,2021-03,4,1,0.2,741243|225|2021-02-09,-0.2514520580071219,0.0
741354,225,2021-02-09,2021-02-18,10,control,0,0.13810001,0,dept_225_closure_2021-02-09,2021-03-21,2021-03,4,1,0.0,741354|225|2021-02-09,-0.4189427980071219,0.0
742991,225,2021-02-09,2021-02-18,10,control,0,0.89868057,1,dept_225_closure_2021-02-09,2021-03-21,2021-03,4,1,0.1,742991|225|2021-02-09,0.3416377619928781,0.0
744097,225,2021-02-09,2021-02-18,10,control,0,0.7507349,1,dept_225_closure_2021-02-09,2021-03-21,2021-03,4,1,0.0,744097|225|2021-02-09,0.19369209199287807,0.0
744787,225,2021-02-09,2021-02-18,10,control,0,0.07117133,0,dept_225_closure_2021-02-09,2021-03-21,2021-03,4,1,0.1,744787|225|2021-02-09,-0.48587147800712194,0.0
749239,225,2021-02-09,2021-02-18,10,control,0,0.5890847,1,dept_225_closure_2021-02-09,2021-03-21,2021-03,4,1,0.0,749239|225|2021-02-09,0.0320418919928781,0.0
749366,225,2021-02-09,2021-02-18,10,control,0,0.79701763,1,dept_225_closure_2021-02-09,2021-03-21,2021-03,4,1,0.0,749366|225|2021-02-09,0.23997482199287812,0.0
750714,225,2021-02-09,2021-02-18,10,control,0,0.9721577,1,dept_225_closure_2021-02-09,2021-03-21,2021-03,4,1,0.2,750714|225|2021-02-09,0.4151148919928781,0.0
752281,225,2021-02-09,2021-02-18,10,control,0,0.523927,1,dept_225_closure_2021-02-09,2021-03-21,2021-03,4,1,0.0,752281|225|2021-02-09,-0.03311580800712188,0.0
752755,225,2021-02-09,2021-02-18,10,treatment,1,0.43572357,0,dept_225_closure_2021-02-09,2021-03-21,2021-03,4,1,0.1,752755|225|2021-02-09,-0.12131923800712191,0.0
753422,225,2021-02-09,2021-02-18,10,control,0,0.99361503,1,dept_225_closure_2021-02-09,2021-03-21,2021-03,4,1,0.0,753422|225|2021-02-09,0.43657222199287804,0.0
754569,225,2021-02-09,2021-02-18,10,control,0,0.7355976,1,dept_225_closure_2021-02-09,2021-03-21,2021-03,4,1,0.0,754569|225|2021-02-09,0.17855479199287805,0.0
754608,225,2021-02-09,2021-02-18,10,treatment,1,0.27942598,0,dept_225_closure_2021-02-09,2021-03-21,2021-03,4,1,0.1,754608|225|2021-02-09,-0.2776168280071219,0.0
754781,225,2021-02-09,2021-02-18,10,control,0,0.65508896,1,dept_225_closure_2021-02-09,2021-03-21,2021-03,4,1,0.0,754781|225|2021-02-09,0.09804615199287814,0.0
755519,225,2021-02-09,2021-02-18,10,control,0,0.9875329,1,dept_225_closure_2021-02-09,2021-03-21,2021-03,4,1,0.9,755519|225|2021-02-09,0.43049009199287813,0.0
756072,225,2021-02-09,2021-02-18,10,control,0,0.91919154,1,dept_225_closure_2021-02-09,2021-03-21,2021-03,4,1,0.0,756072|225|2021-02-09,0.3621487319928781,0.0
756199,225,2021-02-09,2021-02-18,10,control,0,0.11504102,0,dept_225_closure_2021-02-09,2021-03-21,2021-03,4,1,0.0,756199|225|2021-02-09,-0.4420017880071219,0.0
756502,225,2021-02-09,2021-02-18,10,control,0,0.3910325,0,dept_225_closure_2021-02-09,2021-03-21,2021-03,4,1,0.0,756502|225|2021-02-09,-0.1660103080071219,0.0
756971,225,2021-02-09,2021-02-18,10,control,0,0.2952949,0,dept_225_closure_2021-02-09,2021-03-21,2021-03,4,1,0.1,756971|225|2021-02-09,-0.2617479080071219,0.0
757056,225,2021-02-09,2021-02-18,10,control,0,0.42773086,0,dept_225_closure_2021-02-09,2021-03-21,2021-03,4,1,0.0,757056|225|2021-02-09,-0.12931194800712192,0.0
757357,225,2021-02-09,2021-02-18,10,control,0,0.36798954,0,dept_225_closure_2021-02-09,2021-03-21,2021-03,4,1,0.0,757357|225|2021-02-09,-0.1890532680071219,0.0
758063,225,2021-02-09,2021-02-18,10,control,0,0.3986683,0,dept_225_closure_2021-02-09,2021-03-21,2021-03,4,1,0.1,758063|225|2021-02-09,-0.15837450800712194,0.0
759517,225,2021-02-09,2021-02-18,10,treatment,1,0.5149611,1,dept_225_closure_2021-02-09,2021-03-21,2021-03,4,1,0.1,759517|225|2021-02-09,-0.042081708007121965,0.0
759625,225,2021-02-09,2021-02-18,10,control,0,0.9922122,1,dept_225_closure_2021-02-09,2021-03-21,2021-03,4,1,0.5,759625|225|2021-02-09,0.4351693919928781,0.0
760335,225,2021-02-09,2021-02-18,10,control,0,0.9141567,1,dept_225_closure_2021-02-09,2021-03-21,2021-03,4,1,0.1,760335|225|2021-02-09,0.35711389199287813,0.0
760715,225,2021-02-09,2021-02-18,10,control,0,0.5291001,1,dept_225_closure_2021-02-09,2021-03-21,2021-03,4,1,0.0,760715|225|2021-02-09,-0.027942708007121952,0.0
761698,225,2021-02-09,2021-02-18,10,control,0,0.8022312,1,dept_225_closure_2021-02-09,2021-03-21,2021-03,4,1,0.4,761698|225|2021-02-09,0.24518839199287812,0.0
762486,225,2021-02-09,2021-02-18,10,control,0,0.9525126,1,dept_225_closure_2021-02-09,2021-03-21,2021-03,4,1,0.0,762486|225|2021-02-09,0.39546979199287813,0.0
763102,225,2021-02-09,2021-02-18,10,control,0,0.2966211,0,dept_225_closure_2021-02-09,2021-03-21,2021-03,4,1,0.0,763102|225|2021-02-09,-0.2604217080071219,0.0
763597,225,2021-02-09,2021-02-18,10,control,0,0.48588014,0,dept_225_closure_2021-02-09,2021-03-21,2021-03,4,1,0.1,763597|225|2021-02-09,-0.0711626680071219,0.0
764652,225,2021-02-09,2021-02-18,10,control,0,0.9702867,1,dept_225_closure_2021-02-09,2021-03-21,2021-03,4,1,0.5,764652|225|2021-02-09,0.41324389199287803,0.0
764896,225,2021-02-09,2021-02-18,10,control,0,0.7929486,1,dept_225_closure_2021-02-09,2021-03-21,2021-03,4,1,0.0,764896|225|2021-02-09,0.2359057919928781,0.0
765787,225,2021-02-09,2021-02-18,10,control,0,0.6652048,1,dept_225_closure_2021-02-09,2021-03-21,2021-03,4,1,0.2,765787|225|2021-02-09,0.10816199199287813,0.0
766235,225,2021-02-09,2021-02-18,10,control,0,0.23883905,0,dept_225_closure_2021-02-09,2021-03-21,2021-03,4,1,0.0,766235|225|2021-02-09,-0.3182037580071219,0.0
766771,225,2021-02-09,2021-02-18,10,control,0,0.9949444,1,dept_225_closure_2021-02-09,2021-03-21,2021-03,4,1,0.1,766771|225|2021-02-09,0.43790159199287804,0.0
767847,225,2021-02-09,2021-02-18,10,control,0,0.6813335,1,dept_225_closure_2021-02-09,2021-03-21,2021-03,4,1,0.1,767847|225|2021-02-09,0.12429069199287812,0.0
769437,225,2021-02-09,2021-02-18,10,control,0,0.64949113,1,dept_225_closure_2021-02-09,2021-03-21,2021-03,4,1,0.1,769437|225|2021-02-09,0.09244832199287811,0.0
769863,225,2021-02-09,2021-02-18,10,treatment,1,0.6316026,1,dept_225_closure_2021-02-09,2021-03-21,2021-03,4,1,0.2,769863|225|2021-02-09,0.0745597919928781,0.0
770360,225,2021-02-09,2021-02-18,10,control,0,0.43682277,0,dept_225_closure_2021-02-09,2021-03-21,2021-03,4,1,0.1,770360|225|2021-02-09,-0.12022003800712189,0.0
771383,225,2021-02-09,2021-02-18,10,control,0,0.5376364,1,dept_225_closure_2021-02-09,2021-03-21,2021-03,4,1,0.0,771383|225|2021-02-09,-0.0194064080071219,0.0
771652,225,2021-02-09,2021-02-18,10,control,0,0.3963786,0,dept_225_closure_2021-02-09,2021-03-21,2021-03,4,1,0.0,771652|225|2021-02-09,-0.1606642080071219,0.0
771796,225,2021-02-09,2021-02-18,10,control,0,0.59382474,1,dept_225_closure_2021-02-09,2021-03-21,2021-03,4,1,0.0,771796|225|2021-02-09,0.03678193199287805,0.0
772803,225,2021-02-09,2021-02-18,10,control,0,0.29600552,0,dept_225_closure_2021-02-09,2021-03-21,2021-03,4,1,0.0,772803|225|2021-02-09,-0.2610372880071219,0.0
774073,225,2021-02-09,2021-02-18,10,control,0,0.86488825,1,dept_225_closure_2021-02-09,2021-03-21,2021-03,4,1,0.6,774073|225|2021-02-09,0.3078454419928781,0.0
774144,225,2021-02-09,2021-02-18,10,control,0,0.33690736,0,dept_225_closure_2021-02-09,2021-03-21,2021-03,4,1,0.1,774144|225|2021-02-09,-0.22013544800712193,0.0
774196,225,2021-02-09,2021-02-18,10,control,0,0.941812,1,dept_225_closure_2021-02-09,2021-03-21,2021-03,4,1,0.1,774196|225|2021-02-09,0.38476919199287807,0.0
775441,225,2021-02-09,2021-02-18,10,control,0,0.08261001,0,dept_225_closure_2021-02-09,2021-03-21,2021-03,4,1,0.1,775441|225|2021-02-09,-0.4744327980071219,0.0
777571,225,2021-02-09,2021-02-18,10,control,0,0.29030535,0,dept_225_closure_2021-02-09,2021-03-21,2021-03,4,1,0.1,777571|225|2021-02-09,-0.2667374580071219,0.0
778537,225,2021-02-09,2021-02-18,10,treatment,1,0.73807734,1,dept_225_closure_2021-02-09,2021-03-21,2021-03,4,1,0.1,778537|225|2021-02-09,0.1810345319928781,0.0
780220,225,2021-02-09,2021-02-18,10,treatment,1,0.15151207,0,dept_225_closure_2021-02-09,2021-03-21,2021-03,4,1,0.1,780220|225|2021-02-09,-0.4055307380071219,0.0
781494,225,2021-02-09,2021-02-18,10,treatment,1,0.9819272,1,dept_225_closure_2021-02-09,2021-03-21,2021-03,4,1,0.1,781494|225|2021-02-09,0.4248843919928781,0.0
781749,225,2021-02-09,2021-02-18,10,control,0,0.34949872,0,dept_225_closure_2021-02-09,2021-03-21,2021-03,4,1,0.5,781749|225|2021-02-09,-0.20754408800712193,0.0
782815,225,2021-02-09,2021-02-18,10,control,0,0.048142757,0,dept_225_closure_2021-02-09,2021-03-21,2021-03,4,1,0.0,782815|225|2021-02-09,-0.5089000510071219,0.0
783761,225,2021-02-09,2021-02-18,10,control,0,0.87922394,1,dept_225_closure_2021-02-09,2021-03-21,2021-03,4,1,0.2,783761|225|2021-02-09,0.3221811319928781,0.0
784190,225,2021-02-09,2021-02-18,10,treatment,1,0.42112172,0,dept_225_closure_2021-02-09,2021-03-21,2021-03,4,1,0.0,784190|225|2021-02-09,-0.13592108800712194,0.0
784247,225,2021-02-09,2021-02-18,10,control,0,0.37388155,0,dept_225_closure_2021-02-09,2021-03-21,2021-03,4,1,0.1,784247|225|2021-02-09,-0.1831612580071219,0.0
784378,225,2021-02-09,2021-02-18,10,control,0,0.6521716,1,dept_225_closure_2021-02-09,2021-03-21,2021-03,4,1,0.1,784378|225|2021-02-09,0.09512879199287805,0.0
785479,225,2021-02-09,2021-02-18,10,control,0,0.38954622,0,dept_225_closure_2021-02-09,2021-03-21,2021-03,4,1,0.2,785479|225|2021-02-09,-0.16749658800712192,0.0
789372,225,2021-02-09,2021-02-18,10,control,0,0.5044561,1,dept_225_closure_2021-02-09,2021-03-21,2021-03,4,1,0.0,789372|225|2021-02-09,-0.05258670800712195,0.0
789746,225,2021-02-09,2021-02-18,10,treatment,1,0.71691763,1,dept_225_closure_2021-02-09,2021-03-21,2021-03,4,1,0.2,789746|225|2021-02-09,0.15987482199287806,0.0
791023,225,2021-02-09,2021-02-18,10,treatment,1,0.8417338,1,dept_225_closure_2021-02-09,2021-03-21,2021-03,4,1,0.1,791023|225|2021-02-09,0.28469099199287806,0.0
791706,225,2021-02-09,2021-02-18,10,control,0,0.55756235,1,dept_225_closure_2021-02-09,2021-03-21,2021-03,4,1,0.0,791706|225|2021-02-09,0.0005195419928780698,0.0
792259,225,2021-02-09,2021-02-18,10,control,0,0.27055612,0,dept_225_closure_2021-02-09,2021-03-21,2021-03,4,1,0.0,792259|225|2021-02-09,-0.2864866880071219,0.0
792330,225,2021-02-09,2021-02-18,10,control,0,0.30864796,0,dept_225_closure_2021-02-09,2021-03-21,2021-03,4,1,0.0,792330|225|2021-02-09,-0.24839484800712192,0.0
793532,225,2021-02-09,2021-02-18,10,control,0,0.8851609,1,dept_225_closure_2021-02-09,2021-03-21,2021-03,4,1,0.0,793532|225|2021-02-09,0.3281180919928781,0.0
793923,225,2021-02-09,2021-02-18,10,control,0,0.15183781,0,dept_225_closure_2021-02-09,2021-03-21,2021-03,4,1,0.1,793923|225|2021-02-09,-0.40520499800712195,0.0
794398,225,2021-02-09,2021-02-18,10,treatment,1,0.5736346,1,dept_225_closure_2021-02-09,2021-03-21,2021-03,4,1,0.0,794398|225|2021-02-09,0.01659179199287808,0.0
796113,225,2021-02-09,2021-02-18,10,control,0,0.0056227576,0,dept_225_closure_2021-02-09,2021-03-21,2021-03,4,1,0.0,796113|225|2021-02-09,-0.5514200504071219,0.0
796286,225,2021-02-09,2021-02-18,10,control,0,0.9186294,1,dept_225_closure_2021-02-09,2021-03-21,2021-03,4,1,0.0,796286|225|2021-02-09,0.3615865919928781,0.0
796930,225,2021-02-09,2021-02-18,10,control,0,0.9921591,1,dept_225_closure_2021-02-09,2021-03-21,2021-03,4,1,0.6,796930|225|2021-02-09,0.43511629199287805,0.0
796971,225,2021-02-09,2021-02-18,10,control,0,0.73464483,1,dept_225_closure_2021-02-09,2021-03-21,2021-03,4,1,0.1,796971|225|2021-02-09,0.1776020219928781,0.0
797941,225,2021-02-09,2021-02-18,10,control,0,0.36482874,0,dept_225_closure_2021-02-09,2021-03-21,2021-03,4,1,0.0,797941|225|2021-02-09,-0.19221406800712193,0.0
798263,225,2021-02-09,2021-02-18,10,control,0,0.58305246,1,dept_225_closure_2021-02-09,2021-03-21,2021-03,4,1,0.0,798263|225|2021-02-09,0.02600965199287808,0.0
799049,225,2021-02-09,2021-02-18,10,control,0,0.9824901,1,dept_225_closure_2021-02-09,2021-03-21,2021-03,4,1,0.2,799049|225|2021-02-09,0.4254472919928781,0.0
801294,225,2021-02-09,2021-02-18,10,control,0,0.41131797,0,dept_225_closure_2021-02-09,2021-03-21,2021-03,4,1,0.0,801294|225|2021-02-09,-0.14572483800712194,0.0
801718,225,2021-02-09,2021-02-18,10,control,0,0.99905974,1,dept_225_closure_2021-02-09,2021-03-21,2021-03,4,1,0.5,801718|225|2021-02-09,0.44201693199287806,0.0
803224,225,2021-02-09,2021-02-18,10,control,0,0.7826386,1,dept_225_closure_2021-02-09,2021-03-21,2021-03,4,1,0.4,803224|225|2021-02-09,0.22559579199287805,0.0
804722,225,2021-02-09,2021-02-18,10,control,0,0.9922273,1,dept_225_closure_2021-02-09,2021-03-21,2021-03,4,1,0.3,804722|225|2021-02-09,0.4351844919928781,0.0
805264,225,2021-02-09,2021-02-18,10,treatment,1,0.3060513,0,dept_225_closure_2021-02-09,2021-03-21,2021-03,4,1,0.0,805264|225|2021-02-09,-0.2509915080071219,0.0
805366,225,2021-02-09,2021-02-18,10,control,0,0.22654901,0,dept_225_closure_2021-02-09,2021-03-21,2021-03,4,1,0.0,805366|225|2021-02-09,-0.3304937980071219,0.0
807855,225,2021-02-09,2021-02-18,10,treatment,1,0.7708943,1,dept_225_closure_2021-02-09,2021-03-21,2021-03,4,1,0.1,807855|225|2021-02-09,0.21385149199287812,0.0
809500,225,2021-02-09,2021-02-18,10,control,0,0.31644803,0,dept_225_closure_2021-02-09,2021-03-21,2021-03,4,1,0.0,809500|225|2021-02-09,-0.24059477800712192,0.0
