member_id,dept_id,closure_start,closure_end,closure_duration_days,group,treated,displacement_prob,disp_binary,closure_event_id,period_start,calendar_month,rel_t,post,n_purchases,event_fe_id,displacement_prob_centered,closure_length_std
1058,238,2021-07-24,2021-08-21,29,control,0,0.31633243,0,dept_238_closure_2021-07-24,2021-06-25,2021-06,-1,0,0.034482758620689655,1058|238|2021-07-24,0.002214032118281306,1.9877863437271066
1090,238,2021-07-24,2021-08-21,29,treatment,1,0.99776006,1,dept_238_closure_2021-07-24,2021-06-25,2021-06,-1,0,0.3103448275862069,1090|238|2021-07-24,0.6836416621182813,1.9877863437271066
1153,238,2021-07-24,2021-08-21,29,treatment,1,0.031181602,0,dept_238_closure_2021-07-24,2021-06-25,2021-06,-1,0,0.0,1153|238|2021-07-24,-0.2829367958817187,1.9877863437271066
1155,238,2021-07-24,2021-08-21,29,treatment,1,0.9580274,1,dept_238_closure_2021-07-24,2021-06-25,2021-06,-1,0,0.20689655172413793,1155|238|2021-07-24,0.6439090021182813,1.9877863437271066
1499,238,2021-07-24,2021-08-21,29,control,0,0.009997686,0,dept_238_closure_2021-07-24,2021-06-25,2021-06,-1,0,0.0,1499|238|2021-07-24,-0.3041207118817187,1.9877863437271066
1976,238,2021-07-24,2021-08-21,29,control,0,0.17185947,0,dept_238_closure_2021-07-24,2021-06-25,2021-06,-1,0,0.0,1976|238|2021-07-24,-0.1422589278817187,1.9877863437271066
2696,238,2021-07-24,2021-08-21,29,control,0,0.2896027,0,dept_238_closure_2021-07-24,2021-06-25,2021-06,-1,0,0.0,2696|238|2021-07-24,-0.0245156978817187,1.9877863437271066
2895,238,2021-07-24,2021-08-21,29,control,0,0.96581596,1,dept_238_closure_2021-07-24,2021-06-25,2021-06,-1,0,0.06896551724137931,2895|238|2021-07-24,0.6516975621182813,1.9877863437271066
2982,238,2021-07-24,2021-08-21,29,control,0,0.8721607,1,dept_238_closure_2021-07-24,2021-06-25,2021-06,-1,0,0.06896551724137931,2982|238|2021-07-24,0.5580423021182813,1.9877863437271066
3262,238,2021-07-24,2021-08-21,29,control,0,0.8859034,1,dept_238_closure_2021-07-24,2021-06-25,2021-06,-1,0,0.0,3262|238|2021-07-24,0.5717850021182813,1.9877863437271066
3264,238,2021-07-24,2021-08-21,29,control,0,0.9952702,1,dept_238_closure_2021-07-24,2021-06-25,2021-06,-1,0,0.13793103448275862,3264|238|2021-07-24,0.6811518021182813,1.9877863437271066
3786,238,2021-07-24,2021-08-21,29,control,0,0.037222978,0,dept_238_closure_2021-07-24,2021-06-25,2021-06,-1,0,0.034482758620689655,3786|238|2021-07-24,-0.2768954198817187,1.9877863437271066
3900,238,2021-07-24,2021-08-21,29,treatment,1,0.5824986,1,dept_238_closure_2021-07-24,2021-06-25,2021-06,-1,0,0.034482758620689655,3900|238|2021-07-24,0.2683802021182813,1.9877863437271066
4070,238,2021-07-24,2021-08-21,29,control,0,0.99702257,1,dept_238_closure_2021-07-24,2021-06-25,2021-06,-1,0,0.3103448275862069,4070|238|2021-07-24,0.6829041721182814,1.9877863437271066
4509,238,2021-07-24,2021-08-21,29,control,0,0.20484897,0,dept_238_closure_2021-07-24,2021-06-25,2021-06,-1,0,0.0,4509|238|2021-07-24,-0.1092694278817187,1.9877863437271066
4770,238,2021-07-24,2021-08-21,29,control,0,0.24732047,0,dept_238_closure_2021-07-24,2021-06-25,2021-06,-1,0,0.0,4770|238|2021-07-24,-0.0667979278817187,1.9877863437271066
4801,238,2021-07-24,2021-08-21,29,control,0,0.55165714,1,dept_238_closure_2021-07-24,2021-06-25,2021-06,-1,0,0.0,4801|238|2021-07-24,0.2375387421182813,1.9877863437271066
5078,238,2021-07-24,2021-08-21,29,treatment,1,0.778468,1,dept_238_closure_2021-07-24,2021-06-25,2021-06,-1,0,0.0,5078|238|2021-07-24,0.46434960211828136,1.9877863437271066
5079,238,2021-07-24,2021-08-21,29,treatment,1,0.8590763,1,dept_238_closure_2021-07-24,2021-06-25,2021-06,-1,0,0.034482758620689655,5079|238|2021-07-24,0.5449579021182813,1.9877863437271066
5956,238,2021-07-24,2021-08-21,29,control,0,0.50306135,1,dept_238_closure_2021-07-24,2021-06-25,2021-06,-1,0,0.0,5956|238|2021-07-24,0.18894295211828127,1.9877863437271066
6327,238,2021-07-24,2021-08-21,29,control,0,0.76239175,1,dept_238_closure_2021-07-24,2021-06-25,2021-06,-1,0,0.0,6327|238|2021-07-24,0.44827335211828134,1.9877863437271066
6416,238,2021-07-24,2021-08-21,29,control,0,0.06856043,0,dept_238_closure_2021-07-24,2021-06-25,2021-06,-1,0,0.06896551724137931,6416|238|2021-07-24,-0.2455579678817187,1.9877863437271066
7077,238,2021-07-24,2021-08-21,29,treatment,1,0.93605286,1,dept_238_closure_2021-07-24,2021-06-25,2021-06,-1,0,0.06896551724137931,7077|238|2021-07-24,0.6219344621182813,1.9877863437271066
7111,238,2021-07-24,2021-08-21,29,control,0,0.79890734,1,dept_238_closure_2021-07-24,2021-06-25,2021-06,-1,0,0.034482758620689655,7111|238|2021-07-24,0.4847889421182813,1.9877863437271066
9355,238,2021-07-24,2021-08-21,29,treatment,1,0.89228505,1,dept_238_closure_2021-07-24,2021-06-25,2021-06,-1,0,0.10344827586206896,9355|238|2021-07-24,0.5781666521182813,1.9877863437271066
10260,238,2021-07-24,2021-08-21,29,control,0,0.7858004,1,dept_238_closure_2021-07-24,2021-06-25,2021-06,-1,0,0.06896551724137931,10260|238|2021-07-24,0.47168200211828126,1.9877863437271066
11516,238,2021-07-24,2021-08-21,29,control,0,0.7823707,1,dept_238_closure_2021-07-24,2021-06-25,2021-06,-1,0,0.06896551724137931,11516|238|2021-07-24,0.4682523021182813,1.9877863437271066
11634,238,2021-07-24,2021-08-21,29,control,0,0.10574263,0,dept_238_closure_2021-07-24,2021-06-25,2021-06,-1,0,0.0,11634|238|2021-07-24,-0.2083757678817187,1.9877863437271066
11876,238,2021-07-24,2021-08-21,29,control,0,0.50399154,1,dept_238_closure_2021-07-24,2021-06-25,2021-06,-1,0,0.034482758620689655,11876|238|2021-07-24,0.18987314211828132,1.9877863437271066
13440,238,2021-07-24,2021-08-21,29,control,0,0.505999,1,dept_238_closure_2021-07-24,2021-06-25,2021-06,-1,0,0.0,13440|238|2021-07-24,0.19188060211828128,1.9877863437271066
13748,238,2021-07-24,2021-08-21,29,treatment,1,0.7741637,1,dept_238_closure_2021-07-24,2021-06-25,2021-06,-1,0,0.06896551724137931,13748|238|2021-07-24,0.4600453021182813,1.9877863437271066
14058,238,2021-07-24,2021-08-21,29,treatment,1,0.03616934,0,dept_238_closure_2021-07-24,2021-06-25,2021-06,-1,0,0.0,14058|238|2021-07-24,-0.2779490578817187,1.9877863437271066
14073,238,2021-07-24,2021-08-21,29,control,0,0.0038895167,0,dept_238_closure_2021-07-24,2021-06-25,2021-06,-1,0,0.0,14073|238|2021-07-24,-0.3102288811817187,1.9877863437271066
14840,238,2021-07-24,2021-08-21,29,control,0,0.03097485,0,dept_238_closure_2021-07-24,2021-06-25,2021-06,-1,0,0.0,14840|238|2021-07-24,-0.2831435478817187,1.9877863437271066
15488,238,2021-07-24,2021-08-21,29,control,0,0.1547023,0,dept_238_closure_2021-07-24,2021-06-25,2021-06,-1,0,0.0,15488|238|2021-07-24,-0.1594160978817187,1.9877863437271066
16172,238,2021-07-24,2021-08-21,29,treatment,1,0.935787,1,dept_238_closure_2021-07-24,2021-06-25,2021-06,-1,0,0.2413793103448276,16172|238|2021-07-24,0.6216686021182813,1.9877863437271066
16536,238,2021-07-24,2021-08-21,29,treatment,1,0.832405,1,dept_238_closure_2021-07-24,2021-06-25,2021-06,-1,0,0.0,16536|238|2021-07-24,0.5182866021182813,1.9877863437271066
16777,238,2021-07-24,2021-08-21,29,control,0,0.2837366,0,dept_238_closure_2021-07-24,2021-06-25,2021-06,-1,0,0.0,16777|238|2021-07-24,-0.030381797881718686,1.9877863437271066
17333,238,2021-07-24,2021-08-21,29,control,0,0.7844263,1,dept_238_closure_2021-07-24,2021-06-25,2021-06,-1,0,0.0,17333|238|2021-07-24,0.47030790211828133,1.9877863437271066
17628,238,2021-07-24,2021-08-21,29,treatment,1,0.7148031,1,dept_238_closure_2021-07-24,2021-06-25,2021-06,-1,0,0.0,17628|238|2021-07-24,0.40068470211828133,1.9877863437271066
18511,238,2021-07-24,2021-08-21,29,control,0,0.15509205,0,dept_238_closure_2021-07-24,2021-06-25,2021-06,-1,0,0.0,18511|238|2021-07-24,-0.15902634788171868,1.9877863437271066
18669,238,2021-07-24,2021-08-21,29,control,0,0.96461374,1,dept_238_closure_2021-07-24,2021-06-25,2021-06,-1,0,0.034482758620689655,18669|238|2021-07-24,0.6504953421182813,1.9877863437271066
18764,238,2021-07-24,2021-08-21,29,treatment,1,0.84462273,1,dept_238_closure_2021-07-24,2021-06-25,2021-06,-1,0,0.0,18764|238|2021-07-24,0.5305043321182813,1.9877863437271066
19276,238,2021-07-24,2021-08-21,29,control,0,0.8387178,1,dept_238_closure_2021-07-24,2021-06-25,2021-06,-1,0,0.034482758620689655,19276|238|2021-07-24,0.5245994021182813,1.9877863437271066
21670,238,2021-07-24,2021-08-21,29,control,0,0.99338984,1,dept_238_closure_2021-07-24,2021-06-25,2021-06,-1,0,0.3103448275862069,21670|238|2021-07-24,0.6792714421182813,1.9877863437271066
22233,238,2021-07-24,2021-08-21,29,treatment,1,0.105737194,0,dept_238_closure_2021-07-24,2021-06-25,2021-06,-1,0,0.0,22233|238|2021-07-24,-0.20838120388171869,1.9877863437271066
22996,238,2021-07-24,2021-08-21,29,control,0,0.6669983,1,dept_238_closure_2021-07-24,2021-06-25,2021-06,-1,0,0.0,22996|238|2021-07-24,0.35287990211828135,1.9877863437271066
23009,238,2021-07-24,2021-08-21,29,treatment,1,0.9949098,1,dept_238_closure_2021-07-24,2021-06-25,2021-06,-1,0,0.20689655172413793,23009|238|2021-07-24,0.6807914021182813,1.9877863437271066
23453,238,2021-07-24,2021-08-21,29,treatment,1,0.9981462,1,dept_238_closure_2021-07-24,2021-06-25,2021-06,-1,0,0.3103448275862069,23453|238|2021-07-24,0.6840278021182813,1.9877863437271066
23660,238,2021-07-24,2021-08-21,29,treatment,1,0.024154969,0,dept_238_closure_2021-07-24,2021-06-25,2021-06,-1,0,0.0,23660|238|2021-07-24,-0.28996342888171867,1.9877863437271066
24245,238,2021-07-24,2021-08-21,29,treatment,1,0.2664429,0,dept_238_closure_2021-07-24,2021-06-25,2021-06,-1,0,0.034482758620689655,24245|238|2021-07-24,-0.04767549788171871,1.9877863437271066
25352,238,2021-07-24,2021-08-21,29,treatment,1,0.3578015,0,dept_238_closure_2021-07-24,2021-06-25,2021-06,-1,0,0.0,25352|238|2021-07-24,0.0436831021182813,1.9877863437271066
25447,238,2021-07-24,2021-08-21,29,treatment,1,0.11225162,0,dept_238_closure_2021-07-24,2021-06-25,2021-06,-1,0,0.0,25447|238|2021-07-24,-0.2018667778817187,1.9877863437271066
25501,238,2021-07-24,2021-08-21,29,treatment,1,0.009262455,0,dept_238_closure_2021-07-24,2021-06-25,2021-06,-1,0,0.0,25501|238|2021-07-24,-0.3048559428817187,1.9877863437271066
27750,238,2021-07-24,2021-08-21,29,control,0,0.39839363,0,dept_238_closure_2021-07-24,2021-06-25,2021-06,-1,0,0.0,27750|238|2021-07-24,0.0842752321182813,1.9877863437271066
27835,238,2021-07-24,2021-08-21,29,treatment,1,0.8276654,1,dept_238_closure_2021-07-24,2021-06-25,2021-06,-1,0,0.10344827586206896,27835|238|2021-07-24,0.5135470021182813,1.9877863437271066
27872,238,2021-07-24,2021-08-21,29,treatment,1,0.2770296,0,dept_238_closure_2021-07-24,2021-06-25,2021-06,-1,0,0.0,27872|238|2021-07-24,-0.037088797881718705,1.9877863437271066
29006,238,2021-07-24,2021-08-21,29,treatment,1,0.9905805,1,dept_238_closure_2021-07-24,2021-06-25,2021-06,-1,0,0.20689655172413793,29006|238|2021-07-24,0.6764621021182813,1.9877863437271066
29720,238,2021-07-24,2021-08-21,29,treatment,1,0.2170329,0,dept_238_closure_2021-07-24,2021-06-25,2021-06,-1,0,0.0,29720|238|2021-07-24,-0.09708549788171869,1.9877863437271066
29738,238,2021-07-24,2021-08-21,29,treatment,1,0.2687092,0,dept_238_closure_2021-07-24,2021-06-25,2021-06,-1,0,0.0,29738|238|2021-07-24,-0.04540919788171871,1.9877863437271066
30419,238,2021-07-24,2021-08-21,29,control,0,0.0062939567,0,dept_238_closure_2021-07-24,2021-06-25,2021-06,-1,0,0.0,30419|238|2021-07-24,-0.3078244411817187,1.9877863437271066
31243,238,2021-07-24,2021-08-21,29,control,0,0.23685242,0,dept_238_closure_2021-07-24,2021-06-25,2021-06,-1,0,0.0,31243|238|2021-07-24,-0.07726597788171868,1.9877863437271066
31630,238,2021-07-24,2021-08-21,29,treatment,1,0.68832916,1,dept_238_closure_2021-07-24,2021-06-25,2021-06,-1,0,0.10344827586206896,31630|238|2021-07-24,0.3742107621182813,1.9877863437271066
31760,238,2021-07-24,2021-08-21,29,treatment,1,0.6212265,1,dept_238_closure_2021-07-24,2021-06-25,2021-06,-1,0,0.034482758620689655,31760|238|2021-07-24,0.3071081021182813,1.9877863437271066
31778,238,2021-07-24,2021-08-21,29,treatment,1,0.80863017,1,dept_238_closure_2021-07-24,2021-06-25,2021-06,-1,0,0.034482758620689655,31778|238|2021-07-24,0.49451177211828135,1.9877863437271066
32961,238,2021-07-24,2021-08-21,29,treatment,1,0.9595891,1,dept_238_closure_2021-07-24,2021-06-25,2021-06,-1,0,0.2413793103448276,32961|238|2021-07-24,0.6454707021182813,1.9877863437271066
33009,238,2021-07-24,2021-08-21,29,control,0,0.5396807,1,dept_238_closure_2021-07-24,2021-06-25,2021-06,-1,0,0.06896551724137931,33009|238|2021-07-24,0.22556230211828132,1.9877863437271066
33060,238,2021-07-24,2021-08-21,29,control,0,0.026101444,0,dept_238_closure_2021-07-24,2021-06-25,2021-06,-1,0,0.0,33060|238|2021-07-24,-0.28801695388171866,1.9877863437271066
33490,238,2021-07-24,2021-08-21,29,control,0,0.59266585,1,dept_238_closure_2021-07-24,2021-06-25,2021-06,-1,0,0.0,33490|238|2021-07-24,0.27854745211828136,1.9877863437271066
33682,238,2021-07-24,2021-08-21,29,control,0,0.9179995,1,dept_238_closure_2021-07-24,2021-06-25,2021-06,-1,0,0.034482758620689655,33682|238|2021-07-24,0.6038811021182813,1.9877863437271066
33778,238,2021-07-24,2021-08-21,29,treatment,1,0.7731772,1,dept_238_closure_2021-07-24,2021-06-25,2021-06,-1,0,0.034482758620689655,33778|238|2021-07-24,0.4590588021182813,1.9877863437271066
34193,238,2021-07-24,2021-08-21,29,control,0,0.7916079,1,dept_238_closure_2021-07-24,2021-06-25,2021-06,-1,0,0.06896551724137931,34193|238|2021-07-24,0.47748950211828134,1.9877863437271066
34800,238,2021-07-24,2021-08-21,29,control,0,0.9969111,1,dept_238_closure_2021-07-24,2021-06-25,2021-06,-1,0,0.6551724137931034,34800|238|2021-07-24,0.6827927021182814,1.9877863437271066
34810,238,2021-07-24,2021-08-21,29,treatment,1,0.10283486,0,dept_238_closure_2021-07-24,2021-06-25,2021-06,-1,0,0.034482758620689655,34810|238|2021-07-24,-0.2112835378817187,1.9877863437271066
35077,238,2021-07-24,2021-08-21,29,control,0,0.0056187706,0,dept_238_closure_2021-07-24,2021-06-25,2021-06,-1,0,0.0,35077|238|2021-07-24,-0.3084996272817187,1.9877863437271066
36081,238,2021-07-24,2021-08-21,29,control,0,0.36506906,0,dept_238_closure_2021-07-24,2021-06-25,2021-06,-1,0,0.0,36081|238|2021-07-24,0.05095066211828131,1.9877863437271066
37246,238,2021-07-24,2021-08-21,29,control,0,0.15648094,0,dept_238_closure_2021-07-24,2021-06-25,2021-06,-1,0,0.0,37246|238|2021-07-24,-0.15763745788171868,1.9877863437271066
37910,238,2021-07-24,2021-08-21,29,control,0,0.07463169,0,dept_238_closure_2021-07-24,2021-06-25,2021-06,-1,0,0.0,37910|238|2021-07-24,-0.2394867078817187,1.9877863437271066
38571,238,2021-07-24,2021-08-21,29,treatment,1,0.63095057,1,dept_238_closure_2021-07-24,2021-06-25,2021-06,-1,0,0.034482758620689655,38571|238|2021-07-24,0.3168321721182813,1.9877863437271066
39353,238,2021-07-24,2021-08-21,29,control,0,0.036249097,0,dept_238_closure_2021-07-24,2021-06-25,2021-06,-1,0,0.0,39353|238|2021-07-24,-0.2778693008817187,1.9877863437271066
39365,238,2021-07-24,2021-08-21,29,treatment,1,0.97589225,1,dept_238_closure_2021-07-24,2021-06-25,2021-06,-1,0,0.3448275862068966,39365|238|2021-07-24,0.6617738521182813,1.9877863437271066
39850,238,2021-07-24,2021-08-21,29,control,0,0.21683288,0,dept_238_closure_2021-07-24,2021-06-25,2021-06,-1,0,0.034482758620689655,39850|238|2021-07-24,-0.09728551788171869,1.9877863437271066
41586,238,2021-07-24,2021-08-21,29,control,0,0.073217735,0,dept_238_closure_2021-07-24,2021-06-25,2021-06,-1,0,0.0,41586|238|2021-07-24,-0.24090066288171869,1.9877863437271066
41936,238,2021-07-24,2021-08-21,29,treatment,1,0.9997789,1,dept_238_closure_2021-07-24,2021-06-25,2021-06,-1,0,0.2413793103448276,41936|238|2021-07-24,0.6856605021182813,1.9877863437271066
42940,238,2021-07-24,2021-08-21,29,control,0,0.4746015,0,dept_238_closure_2021-07-24,2021-06-25,2021-06,-1,0,0.06896551724137931,42940|238|2021-07-24,0.16048310211828132,1.9877863437271066
43511,238,2021-07-24,2021-08-21,29,treatment,1,0.85290265,1,dept_238_closure_2021-07-24,2021-06-25,2021-06,-1,0,0.034482758620689655,43511|238|2021-07-24,0.5387842521182813,1.9877863437271066
43600,238,2021-07-24,2021-08-21,29,control,0,0.069578335,0,dept_238_closure_2021-07-24,2021-06-25,2021-06,-1,0,0.0,43600|238|2021-07-24,-0.2445400628817187,1.9877863437271066
43699,238,2021-07-24,2021-08-21,29,control,0,0.95187634,1,dept_238_closure_2021-07-24,2021-06-25,2021-06,-1,0,0.06896551724137931,43699|238|2021-07-24,0.6377579421182813,1.9877863437271066
45025,238,2021-07-24,2021-08-21,29,treatment,1,0.046912357,0,dept_238_closure_2021-07-24,2021-06-25,2021-06,-1,0,0.0,45025|238|2021-07-24,-0.2672060408817187,1.9877863437271066
45202,238,2021-07-24,2021-08-21,29,treatment,1,0.010687237,0,dept_238_closure_2021-07-24,2021-06-25,2021-06,-1,0,0.0,45202|238|2021-07-24,-0.3034311608817187,1.9877863437271066
45592,238,2021-07-24,2021-08-21,29,control,0,0.39046085,0,dept_238_closure_2021-07-24,2021-06-25,2021-06,-1,0,0.034482758620689655,45592|238|2021-07-24,0.07634245211828133,1.9877863437271066
46988,238,2021-07-24,2021-08-21,29,treatment,1,0.8727573,1,dept_238_closure_2021-07-24,2021-06-25,2021-06,-1,0,0.10344827586206896,46988|238|2021-07-24,0.5586389021182813,1.9877863437271066
47004,238,2021-07-24,2021-08-21,29,control,0,0.79155254,1,dept_238_closure_2021-07-24,2021-06-25,2021-06,-1,0,0.06896551724137931,47004|238|2021-07-24,0.4774341421182813,1.9877863437271066
48003,238,2021-07-24,2021-08-21,29,control,0,0.15772715,0,dept_238_closure_2021-07-24,2021-06-25,2021-06,-1,0,0.034482758620689655,48003|238|2021-07-24,-0.15639124788171868,1.9877863437271066
48009,238,2021-07-24,2021-08-21,29,control,0,0.0014782378,0,dept_238_closure_2021-07-24,2021-06-25,2021-06,-1,0,0.0,48009|238|2021-07-24,-0.3126401600817187,1.9877863437271066
48551,238,2021-07-24,2021-08-21,29,control,0,0.015496102,0,dept_238_closure_2021-07-24,2021-06-25,2021-06,-1,0,0.0,48551|238|2021-07-24,-0.2986222958817187,1.9877863437271066
48719,238,2021-07-24,2021-08-21,29,treatment,1,0.091446206,0,dept_238_closure_2021-07-24,2021-06-25,2021-06,-1,0,0.0,48719|238|2021-07-24,-0.2226721918817187,1.9877863437271066
49336,238,2021-07-24,2021-08-21,29,control,0,0.86435235,1,dept_238_closure_2021-07-24,2021-06-25,2021-06,-1,0,0.0,49336|238|2021-07-24,0.5502339521182813,1.9877863437271066
50575,238,2021-07-24,2021-08-21,29,treatment,1,0.4967647,0,dept_238_closure_2021-07-24,2021-06-25,2021-06,-1,0,0.06896551724137931,50575|238|2021-07-24,0.1826463021182813,1.9877863437271066
51127,238,2021-07-24,2021-08-21,29,control,0,0.9995468,1,dept_238_closure_2021-07-24,2021-06-25,2021-06,-1,0,0.3793103448275862,51127|238|2021-07-24,0.6854284021182813,1.9877863437271066
51141,238,2021-07-24,2021-08-21,29,treatment,1,0.13059841,0,dept_238_closure_2021-07-24,2021-06-25,2021-06,-1,0,0.0,51141|238|2021-07-24,-0.1835199878817187,1.9877863437271066
51223,238,2021-07-24,2021-08-21,29,treatment,1,0.5686692,1,dept_238_closure_2021-07-24,2021-06-25,2021-06,-1,0,0.034482758620689655,51223|238|2021-07-24,0.2545508021182813,1.9877863437271066
51447,238,2021-07-24,2021-08-21,29,control,0,0.8560922,1,dept_238_closure_2021-07-24,2021-06-25,2021-06,-1,0,0.06896551724137931,51447|238|2021-07-24,0.5419738021182813,1.9877863437271066
51809,238,2021-07-24,2021-08-21,29,control,0,0.09748932,0,dept_238_closure_2021-07-24,2021-06-25,2021-06,-1,0,0.0,51809|238|2021-07-24,-0.2166290778817187,1.9877863437271066
51882,238,2021-07-24,2021-08-21,29,treatment,1,0.40867585,0,dept_238_closure_2021-07-24,2021-06-25,2021-06,-1,0,0.034482758620689655,51882|238|2021-07-24,0.09455745211828132,1.9877863437271066
52806,238,2021-07-24,2021-08-21,29,treatment,1,0.21429998,0,dept_238_closure_2021-07-24,2021-06-25,2021-06,-1,0,0.0,52806|238|2021-07-24,-0.09981841788171869,1.9877863437271066
53631,238,2021-07-24,2021-08-21,29,treatment,1,0.9498594,1,dept_238_closure_2021-07-24,2021-06-25,2021-06,-1,0,0.034482758620689655,53631|238|2021-07-24,0.6357410021182813,1.9877863437271066
53870,238,2021-07-24,2021-08-21,29,treatment,1,0.019716332,0,dept_238_closure_2021-07-24,2021-06-25,2021-06,-1,0,0.0,53870|238|2021-07-24,-0.2944020658817187,1.9877863437271066
54433,238,2021-07-24,2021-08-21,29,control,0,0.107391536,0,dept_238_closure_2021-07-24,2021-06-25,2021-06,-1,0,0.0,54433|238|2021-07-24,-0.20672686188171868,1.9877863437271066
55468,238,2021-07-24,2021-08-21,29,control,0,0.7626896,1,dept_238_closure_2021-07-24,2021-06-25,2021-06,-1,0,0.0,55468|238|2021-07-24,0.4485712021182813,1.9877863437271066
55938,238,2021-07-24,2021-08-21,29,control,0,0.30809516,0,dept_238_closure_2021-07-24,2021-06-25,2021-06,-1,0,0.034482758620689655,55938|238|2021-07-24,-0.006023237881718713,1.9877863437271066
56611,238,2021-07-24,2021-08-21,29,control,0,0.061603617,0,dept_238_closure_2021-07-24,2021-06-25,2021-06,-1,0,0.0,56611|238|2021-07-24,-0.2525147808817187,1.9877863437271066
56860,238,2021-07-24,2021-08-21,29,treatment,1,0.9772649,1,dept_238_closure_2021-07-24,2021-06-25,2021-06,-1,0,0.1724137931034483,56860|238|2021-07-24,0.6631465021182813,1.9877863437271066
56861,238,2021-07-24,2021-08-21,29,treatment,1,0.009233719,0,dept_238_closure_2021-07-24,2021-06-25,2021-06,-1,0,0.0,56861|238|2021-07-24,-0.3048846788817187,1.9877863437271066
57330,238,2021-07-24,2021-08-21,29,control,0,0.49220797,0,dept_238_closure_2021-07-24,2021-06-25,2021-06,-1,0,0.06896551724137931,57330|238|2021-07-24,0.1780895721182813,1.9877863437271066
58653,238,2021-07-24,2021-08-21,29,control,0,0.7004242,1,dept_238_closure_2021-07-24,2021-06-25,2021-06,-1,0,0.0,58653|238|2021-07-24,0.38630580211828136,1.9877863437271066
59006,238,2021-07-24,2021-08-21,29,control,0,0.33757597,0,dept_238_closure_2021-07-24,2021-06-25,2021-06,-1,0,0.0,59006|238|2021-07-24,0.02345757211828131,1.9877863437271066
59313,238,2021-07-24,2021-08-21,29,control,0,0.022177717,0,dept_238_closure_2021-07-24,2021-06-25,2021-06,-1,0,0.0,59313|238|2021-07-24,-0.2919406808817187,1.9877863437271066
59472,238,2021-07-24,2021-08-21,29,control,0,0.4740693,0,dept_238_closure_2021-07-24,2021-06-25,2021-06,-1,0,0.0,59472|238|2021-07-24,0.15995090211828134,1.9877863437271066
59501,238,2021-07-24,2021-08-21,29,control,0,0.2757164,0,dept_238_closure_2021-07-24,2021-06-25,2021-06,-1,0,0.0,59501|238|2021-07-24,-0.03840199788171872,1.9877863437271066
59514,238,2021-07-24,2021-08-21,29,treatment,1,0.236647,0,dept_238_closure_2021-07-24,2021-06-25,2021-06,-1,0,0.0,59514|238|2021-07-24,-0.0774713978817187,1.9877863437271066
60703,238,2021-07-24,2021-08-21,29,control,0,0.004931913,0,dept_238_closure_2021-07-24,2021-06-25,2021-06,-1,0,0.0,60703|238|2021-07-24,-0.3091864848817187,1.9877863437271066
62033,238,2021-07-24,2021-08-21,29,control,0,0.89715093,1,dept_238_closure_2021-07-24,2021-06-25,2021-06,-1,0,0.034482758620689655,62033|238|2021-07-24,0.5830325321182813,1.9877863437271066
63148,238,2021-07-24,2021-08-21,29,treatment,1,0.9492218,1,dept_238_closure_2021-07-24,2021-06-25,2021-06,-1,0,0.034482758620689655,63148|238|2021-07-24,0.6351034021182813,1.9877863437271066
63690,238,2021-07-24,2021-08-21,29,control,0,0.91069794,1,dept_238_closure_2021-07-24,2021-06-25,2021-06,-1,0,0.10344827586206896,63690|238|2021-07-24,0.5965795421182813,1.9877863437271066
63736,238,2021-07-24,2021-08-21,29,control,0,0.98588276,1,dept_238_closure_2021-07-24,2021-06-25,2021-06,-1,0,0.27586206896551724,63736|238|2021-07-24,0.6717643621182813,1.9877863437271066
65129,238,2021-07-24,2021-08-21,29,control,0,0.16343743,0,dept_238_closure_2021-07-24,2021-06-25,2021-06,-1,0,0.0,65129|238|2021-07-24,-0.1506809678817187,1.9877863437271066
65943,238,2021-07-24,2021-08-21,29,control,0,0.59803736,1,dept_238_closure_2021-07-24,2021-06-25,2021-06,-1,0,0.0,65943|238|2021-07-24,0.28391896211828127,1.9877863437271066
66596,238,2021-07-24,2021-08-21,29,control,0,0.8237255,1,dept_238_closure_2021-07-24,2021-06-25,2021-06,-1,0,0.13793103448275862,66596|238|2021-07-24,0.5096071021182813,1.9877863437271066
66970,238,2021-07-24,2021-08-21,29,control,0,0.9627935,1,dept_238_closure_2021-07-24,2021-06-25,2021-06,-1,0,0.06896551724137931,66970|238|2021-07-24,0.6486751021182813,1.9877863437271066
67036,238,2021-07-24,2021-08-21,29,control,0,0.8120408,1,dept_238_closure_2021-07-24,2021-06-25,2021-06,-1,0,0.034482758620689655,67036|238|2021-07-24,0.4979224021182813,1.9877863437271066
67476,238,2021-07-24,2021-08-21,29,control,0,0.09638875,0,dept_238_closure_2021-07-24,2021-06-25,2021-06,-1,0,0.0,67476|238|2021-07-24,-0.2177296478817187,1.9877863437271066
67611,238,2021-07-24,2021-08-21,29,treatment,1,0.06342454,0,dept_238_closure_2021-07-24,2021-06-25,2021-06,-1,0,0.0,67611|238|2021-07-24,-0.2506938578817187,1.9877863437271066
68157,238,2021-07-24,2021-08-21,29,control,0,0.019155687,0,dept_238_closure_2021-07-24,2021-06-25,2021-06,-1,0,0.0,68157|238|2021-07-24,-0.2949627108817187,1.9877863437271066
68245,238,2021-07-24,2021-08-21,29,control,0,0.947495,1,dept_238_closure_2021-07-24,2021-06-25,2021-06,-1,0,0.10344827586206896,68245|238|2021-07-24,0.6333766021182813,1.9877863437271066
68375,238,2021-07-24,2021-08-21,29,control,0,0.69101304,1,dept_238_closure_2021-07-24,2021-06-25,2021-06,-1,0,0.10344827586206896,68375|238|2021-07-24,0.3768946421182813,1.9877863437271066
68740,238,2021-07-24,2021-08-21,29,treatment,1,0.045003626,0,dept_238_closure_2021-07-24,2021-06-25,2021-06,-1,0,0.0,68740|238|2021-07-24,-0.2691147718817187,1.9877863437271066
70160,238,2021-07-24,2021-08-21,29,control,0,0.65332276,1,dept_238_closure_2021-07-24,2021-06-25,2021-06,-1,0,0.0,70160|238|2021-07-24,0.3392043621182813,1.9877863437271066
70565,238,2021-07-24,2021-08-21,29,treatment,1,0.15690362,0,dept_238_closure_2021-07-24,2021-06-25,2021-06,-1,0,0.0,70565|238|2021-07-24,-0.1572147778817187,1.9877863437271066
70621,238,2021-07-24,2021-08-21,29,treatment,1,0.02615791,0,dept_238_closure_2021-07-24,2021-06-25,2021-06,-1,0,0.0,70621|238|2021-07-24,-0.2879604878817187,1.9877863437271066
71721,238,2021-07-24,2021-08-21,29,control,0,0.2944135,0,dept_238_closure_2021-07-24,2021-06-25,2021-06,-1,0,0.0,71721|238|2021-07-24,-0.019704897881718697,1.9877863437271066
72061,238,2021-07-24,2021-08-21,29,control,0,0.35706896,0,dept_238_closure_2021-07-24,2021-06-25,2021-06,-1,0,0.0,72061|238|2021-07-24,0.0429505621182813,1.9877863437271066
72409,238,2021-07-24,2021-08-21,29,treatment,1,0.028279617,0,dept_238_closure_2021-07-24,2021-06-25,2021-06,-1,0,0.0,72409|238|2021-07-24,-0.2858387808817187,1.9877863437271066
73211,238,2021-07-24,2021-08-21,29,treatment,1,0.9987986,1,dept_238_closure_2021-07-24,2021-06-25,2021-06,-1,0,0.06896551724137931,73211|238|2021-07-24,0.6846802021182813,1.9877863437271066
73392,238,2021-07-24,2021-08-21,29,treatment,1,0.17853455,0,dept_238_closure_2021-07-24,2021-06-25,2021-06,-1,0,0.034482758620689655,73392|238|2021-07-24,-0.1355838478817187,1.9877863437271066
73773,238,2021-07-24,2021-08-21,29,control,0,0.18203449,0,dept_238_closure_2021-07-24,2021-06-25,2021-06,-1,0,0.0,73773|238|2021-07-24,-0.1320839078817187,1.9877863437271066
73950,238,2021-07-24,2021-08-21,29,treatment,1,0.22555146,0,dept_238_closure_2021-07-24,2021-06-25,2021-06,-1,0,0.0,73950|238|2021-07-24,-0.08856693788171868,1.9877863437271066
74241,238,2021-07-24,2021-08-21,29,control,0,0.2917401,0,dept_238_closure_2021-07-24,2021-06-25,2021-06,-1,0,0.0,74241|238|2021-07-24,-0.02237829788171869,1.9877863437271066
74277,238,2021-07-24,2021-08-21,29,treatment,1,0.7333114,1,dept_238_closure_2021-07-24,2021-06-25,2021-06,-1,0,0.0,74277|238|2021-07-24,0.41919300211828125,1.9877863437271066
76195,238,2021-07-24,2021-08-21,29,treatment,1,0.016102709,0,dept_238_closure_2021-07-24,2021-06-25,2021-06,-1,0,0.0,76195|238|2021-07-24,-0.2980156888817187,1.9877863437271066
76281,238,2021-07-24,2021-08-21,29,control,0,0.70876145,1,dept_238_closure_2021-07-24,2021-06-25,2021-06,-1,0,0.0,76281|238|2021-07-24,0.3946430521182813,1.9877863437271066
76620,238,2021-07-24,2021-08-21,29,control,0,0.98046964,1,dept_238_closure_2021-07-24,2021-06-25,2021-06,-1,0,0.13793103448275862,76620|238|2021-07-24,0.6663512421182813,1.9877863437271066
77374,238,2021-07-24,2021-08-21,29,control,0,0.23618548,0,dept_238_closure_2021-07-24,2021-06-25,2021-06,-1,0,0.06896551724137931,77374|238|2021-07-24,-0.07793291788171869,1.9877863437271066
78193,238,2021-07-24,2021-08-21,29,treatment,1,0.28429395,0,dept_238_closure_2021-07-24,2021-06-25,2021-06,-1,0,0.0,78193|238|2021-07-24,-0.029824447881718674,1.9877863437271066
78651,238,2021-07-24,2021-08-21,29,treatment,1,0.9144078,1,dept_238_closure_2021-07-24,2021-06-25,2021-06,-1,0,0.10344827586206896,78651|238|2021-07-24,0.6002894021182813,1.9877863437271066
78736,238,2021-07-24,2021-08-21,29,treatment,1,0.3997433,0,dept_238_closure_2021-07-24,2021-06-25,2021-06,-1,0,0.034482758620689655,78736|238|2021-07-24,0.08562490211828133,1.9877863437271066
78745,238,2021-07-24,2021-08-21,29,control,0,0.9552887,1,dept_238_closure_2021-07-24,2021-06-25,2021-06,-1,0,0.27586206896551724,78745|238|2021-07-24,0.6411703021182813,1.9877863437271066
78856,238,2021-07-24,2021-08-21,29,control,0,0.049853772,0,dept_238_closure_2021-07-24,2021-06-25,2021-06,-1,0,0.0,78856|238|2021-07-24,-0.2642646258817187,1.9877863437271066
79895,238,2021-07-24,2021-08-21,29,control,0,0.7064495,1,dept_238_closure_2021-07-24,2021-06-25,2021-06,-1,0,0.034482758620689655,79895|238|2021-07-24,0.39233110211828126,1.9877863437271066
81293,238,2021-07-24,2021-08-21,29,treatment,1,0.17344156,0,dept_238_closure_2021-07-24,2021-06-25,2021-06,-1,0,0.034482758620689655,81293|238|2021-07-24,-0.1406768378817187,1.9877863437271066
82120,238,2021-07-24,2021-08-21,29,treatment,1,0.0026724734,0,dept_238_closure_2021-07-24,2021-06-25,2021-06,-1,0,0.0,82120|238|2021-07-24,-0.3114459244817187,1.9877863437271066
82144,238,2021-07-24,2021-08-21,29,control,0,0.007618913,0,dept_238_closure_2021-07-24,2021-06-25,2021-06,-1,0,0.0,82144|238|2021-07-24,-0.3064994848817187,1.9877863437271066
82341,238,2021-07-24,2021-08-21,29,control,0,0.8333702,1,dept_238_closure_2021-07-24,2021-06-25,2021-06,-1,0,0.034482758620689655,82341|238|2021-07-24,0.5192518021182813,1.9877863437271066
82614,238,2021-07-24,2021-08-21,29,control,0,0.017146219,0,dept_238_closure_2021-07-24,2021-06-25,2021-06,-1,0,0.0,82614|238|2021-07-24,-0.2969721788817187,1.9877863437271066
82619,238,2021-07-24,2021-08-21,29,control,0,0.05376908,0,dept_238_closure_2021-07-24,2021-06-25,2021-06,-1,0,0.0,82619|238|2021-07-24,-0.26034931788171867,1.9877863437271066
82765,238,2021-07-24,2021-08-21,29,treatment,1,0.9935359,1,dept_238_closure_2021-07-24,2021-06-25,2021-06,-1,0,0.10344827586206896,82765|238|2021-07-24,0.6794175021182813,1.9877863437271066
83751,238,2021-07-24,2021-08-21,29,control,0,0.009030011,0,dept_238_closure_2021-07-24,2021-06-25,2021-06,-1,0,0.0,83751|238|2021-07-24,-0.3050883868817187,1.9877863437271066
84285,238,2021-07-24,2021-08-21,29,treatment,1,0.9944102,1,dept_238_closure_2021-07-24,2021-06-25,2021-06,-1,0,0.1724137931034483,84285|238|2021-07-24,0.6802918021182813,1.9877863437271066
84290,238,2021-07-24,2021-08-21,29,control,0,0.00569626,0,dept_238_closure_2021-07-24,2021-06-25,2021-06,-1,0,0.0,84290|238|2021-07-24,-0.3084221378817187,1.9877863437271066
84920,238,2021-07-24,2021-08-21,29,control,0,0.90960616,1,dept_238_closure_2021-07-24,2021-06-25,2021-06,-1,0,0.034482758620689655,84920|238|2021-07-24,0.5954877621182814,1.9877863437271066
85469,238,2021-07-24,2021-08-21,29,control,0,0.8748652,1,dept_238_closure_2021-07-24,2021-06-25,2021-06,-1,0,0.10344827586206896,85469|238|2021-07-24,0.5607468021182813,1.9877863437271066
86494,238,2021-07-24,2021-08-21,29,treatment,1,0.9865509,1,dept_238_closure_2021-07-24,2021-06-25,2021-06,-1,0,0.20689655172413793,86494|238|2021-07-24,0.6724325021182813,1.9877863437271066
86987,238,2021-07-24,2021-08-21,29,control,0,0.48100865,0,dept_238_closure_2021-07-24,2021-06-25,2021-06,-1,0,0.06896551724137931,86987|238|2021-07-24,0.1668902521182813,1.9877863437271066
87293,238,2021-07-24,2021-08-21,29,treatment,1,0.5931609,1,dept_238_closure_2021-07-24,2021-06-25,2021-06,-1,0,0.0,87293|238|2021-07-24,0.2790425021182813,1.9877863437271066
87453,238,2021-07-24,2021-08-21,29,control,0,0.025784085,0,dept_238_closure_2021-07-24,2021-06-25,2021-06,-1,0,0.0,87453|238|2021-07-24,-0.2883343128817187,1.9877863437271066
87681,238,2021-07-24,2021-08-21,29,treatment,1,0.54920876,1,dept_238_closure_2021-07-24,2021-06-25,2021-06,-1,0,0.06896551724137931,87681|238|2021-07-24,0.23509036211828127,1.9877863437271066
87823,238,2021-07-24,2021-08-21,29,treatment,1,0.020315683,0,dept_238_closure_2021-07-24,2021-06-25,2021-06,-1,0,0.0,87823|238|2021-07-24,-0.2938027148817187,1.9877863437271066
88654,238,2021-07-24,2021-08-21,29,control,0,0.7802427,1,dept_238_closure_2021-07-24,2021-06-25,2021-06,-1,0,0.034482758620689655,88654|238|2021-07-24,0.46612430211828126,1.9877863437271066
89374,238,2021-07-24,2021-08-21,29,control,0,0.03848846,0,dept_238_closure_2021-07-24,2021-06-25,2021-06,-1,0,0.0,89374|238|2021-07-24,-0.2756299378817187,1.9877863437271066
89503,238,2021-07-24,2021-08-21,29,control,0,0.9993679,1,dept_238_closure_2021-07-24,2021-06-25,2021-06,-1,0,0.5862068965517241,89503|238|2021-07-24,0.6852495021182813,1.9877863437271066
89886,238,2021-07-24,2021-08-21,29,control,0,0.9398514,1,dept_238_closure_2021-07-24,2021-06-25,2021-06,-1,0,0.10344827586206896,89886|238|2021-07-24,0.6257330021182813,1.9877863437271066
89938,238,2021-07-24,2021-08-21,29,control,0,0.5018458,1,dept_238_closure_2021-07-24,2021-06-25,2021-06,-1,0,0.034482758620689655,89938|238|2021-07-24,0.18772740211828132,1.9877863437271066
91490,238,2021-07-24,2021-08-21,29,control,0,0.84891534,1,dept_238_closure_2021-07-24,2021-06-25,2021-06,-1,0,0.0,91490|238|2021-07-24,0.5347969421182813,1.9877863437271066
92394,238,2021-07-24,2021-08-21,29,treatment,1,0.8171309,1,dept_238_closure_2021-07-24,2021-06-25,2021-06,-1,0,0.0,92394|238|2021-07-24,0.5030125021182813,1.9877863437271066
94325,238,2021-07-24,2021-08-21,29,control,0,0.9903162,1,dept_238_closure_2021-07-24,2021-06-25,2021-06,-1,0,0.10344827586206896,94325|238|2021-07-24,0.6761978021182813,1.9877863437271066
96423,238,2021-07-24,2021-08-21,29,control,0,0.059714902,0,dept_238_closure_2021-07-24,2021-06-25,2021-06,-1,0,0.0,96423|238|2021-07-24,-0.2544034958817187,1.9877863437271066
96478,238,2021-07-24,2021-08-21,29,control,0,0.99812573,1,dept_238_closure_2021-07-24,2021-06-25,2021-06,-1,0,0.1724137931034483,96478|238|2021-07-24,0.6840073321182814,1.9877863437271066
97727,238,2021-07-24,2021-08-21,29,treatment,1,0.018099658,0,dept_238_closure_2021-07-24,2021-06-25,2021-06,-1,0,0.0,97727|238|2021-07-24,-0.2960187398817187,1.9877863437271066
98346,238,2021-07-24,2021-08-21,29,control,0,0.28005913,0,dept_238_closure_2021-07-24,2021-06-25,2021-06,-1,0,0.0,98346|238|2021-07-24,-0.0340592678817187,1.9877863437271066
98390,238,2021-07-24,2021-08-21,29,treatment,1,0.050677076,0,dept_238_closure_2021-07-24,2021-06-25,2021-06,-1,0,0.0,98390|238|2021-07-24,-0.2634413218817187,1.9877863437271066
100193,238,2021-07-24,2021-08-21,29,treatment,1,0.22418109,0,dept_238_closure_2021-07-24,2021-06-25,2021-06,-1,0,0.034482758620689655,100193|238|2021-07-24,-0.08993730788171869,1.9877863437271066
100217,238,2021-07-24,2021-08-21,29,control,0,0.83408034,1,dept_238_closure_2021-07-24,2021-06-25,2021-06,-1,0,0.0,100217|238|2021-07-24,0.5199619421182813,1.9877863437271066
100758,238,2021-07-24,2021-08-21,29,treatment,1,0.052906673,0,dept_238_closure_2021-07-24,2021-06-25,2021-06,-1,0,0.0,100758|238|2021-07-24,-0.2612117248817187,1.9877863437271066
100860,238,2021-07-24,2021-08-21,29,treatment,1,0.096930034,0,dept_238_closure_2021-07-24,2021-06-25,2021-06,-1,0,0.0,100860|238|2021-07-24,-0.2171883638817187,1.9877863437271066
101469,238,2021-07-24,2021-08-21,29,treatment,1,0.9878535,1,dept_238_closure_2021-07-24,2021-06-25,2021-06,-1,0,0.7241379310344828,101469|238|2021-07-24,0.6737351021182814,1.9877863437271066
102019,238,2021-07-24,2021-08-21,29,control,0,0.045066632,0,dept_238_closure_2021-07-24,2021-06-25,2021-06,-1,0,0.0,102019|238|2021-07-24,-0.2690517658817187,1.9877863437271066
102198,238,2021-07-24,2021-08-21,29,control,0,0.7649056,1,dept_238_closure_2021-07-24,2021-06-25,2021-06,-1,0,0.034482758620689655,102198|238|2021-07-24,0.45078720211828127,1.9877863437271066
104099,238,2021-07-24,2021-08-21,29,control,0,0.6385845,1,dept_238_closure_2021-07-24,2021-06-25,2021-06,-1,0,0.034482758620689655,104099|238|2021-07-24,0.3244661021182813,1.9877863437271066
104130,238,2021-07-24,2021-08-21,29,control,0,0.69568807,1,dept_238_closure_2021-07-24,2021-06-25,2021-06,-1,0,0.0,104130|238|2021-07-24,0.3815696721182813,1.9877863437271066
104196,238,2021-07-24,2021-08-21,29,treatment,1,0.43993,0,dept_238_closure_2021-07-24,2021-06-25,2021-06,-1,0,0.10344827586206896,104196|238|2021-07-24,0.1258116021182813,1.9877863437271066
104601,238,2021-07-24,2021-08-21,29,control,0,0.65550226,1,dept_238_closure_2021-07-24,2021-06-25,2021-06,-1,0,0.06896551724137931,104601|238|2021-07-24,0.3413838621182813,1.9877863437271066
105182,238,2021-07-24,2021-08-21,29,treatment,1,0.30172887,0,dept_238_closure_2021-07-24,2021-06-25,2021-06,-1,0,0.0,105182|238|2021-07-24,-0.01238952788171871,1.9877863437271066
105352,238,2021-07-24,2021-08-21,29,control,0,0.9402694,1,dept_238_closure_2021-07-24,2021-06-25,2021-06,-1,0,0.41379310344827586,105352|238|2021-07-24,0.6261510021182813,1.9877863437271066
105363,238,2021-07-24,2021-08-21,29,control,0,0.87674,1,dept_238_closure_2021-07-24,2021-06-25,2021-06,-1,0,0.034482758620689655,105363|238|2021-07-24,0.5626216021182813,1.9877863437271066
105739,238,2021-07-24,2021-08-21,29,control,0,0.78862005,1,dept_238_closure_2021-07-24,2021-06-25,2021-06,-1,0,0.0,105739|238|2021-07-24,0.4745016521182813,1.9877863437271066
105812,238,2021-07-24,2021-08-21,29,control,0,0.057617597,0,dept_238_closure_2021-07-24,2021-06-25,2021-06,-1,0,0.0,105812|238|2021-07-24,-0.25650080088171867,1.9877863437271066
106367,238,2021-07-24,2021-08-21,29,treatment,1,0.9922734,1,dept_238_closure_2021-07-24,2021-06-25,2021-06,-1,0,0.06896551724137931,106367|238|2021-07-24,0.6781550021182813,1.9877863437271066
107815,238,2021-07-24,2021-08-21,29,control,0,0.31276023,0,dept_238_closure_2021-07-24,2021-06-25,2021-06,-1,0,0.0,107815|238|2021-07-24,-0.0013581678817187193,1.9877863437271066
108347,238,2021-07-24,2021-08-21,29,control,0,0.35392871,0,dept_238_closure_2021-07-24,2021-06-25,2021-06,-1,0,0.06896551724137931,108347|238|2021-07-24,0.03981031211828129,1.9877863437271066
109013,238,2021-07-24,2021-08-21,29,control,0,0.8745079,1,dept_238_closure_2021-07-24,2021-06-25,2021-06,-1,0,0.10344827586206896,109013|238|2021-07-24,0.5603895021182813,1.9877863437271066
109251,238,2021-07-24,2021-08-21,29,treatment,1,0.7683142,1,dept_238_closure_2021-07-24,2021-06-25,2021-06,-1,0,0.0,109251|238|2021-07-24,0.45419580211828126,1.9877863437271066
109868,238,2021-07-24,2021-08-21,29,control,0,0.33098838,0,dept_238_closure_2021-07-24,2021-06-25,2021-06,-1,0,0.0,109868|238|2021-07-24,0.016869982118281335,1.9877863437271066
110079,238,2021-07-24,2021-08-21,29,control,0,0.05825305,0,dept_238_closure_2021-07-24,2021-06-25,2021-06,-1,0,0.0,110079|238|2021-07-24,-0.25586534788171866,1.9877863437271066
110329,238,2021-07-24,2021-08-21,29,treatment,1,0.0337448,0,dept_238_closure_2021-07-24,2021-06-25,2021-06,-1,0,0.034482758620689655,110329|238|2021-07-24,-0.2803735978817187,1.9877863437271066
110641,238,2021-07-24,2021-08-21,29,treatment,1,0.7566003,1,dept_238_closure_2021-07-24,2021-06-25,2021-06,-1,0,0.034482758620689655,110641|238|2021-07-24,0.4424819021182813,1.9877863437271066
111015,238,2021-07-24,2021-08-21,29,control,0,0.28770924,0,dept_238_closure_2021-07-24,2021-06-25,2021-06,-1,0,0.0,111015|238|2021-07-24,-0.026409157881718714,1.9877863437271066
111155,238,2021-07-24,2021-08-21,29,control,0,0.11161697,0,dept_238_closure_2021-07-24,2021-06-25,2021-06,-1,0,0.0,111155|238|2021-07-24,-0.2025014278817187,1.9877863437271066
112240,238,2021-07-24,2021-08-21,29,control,0,0.23510863,0,dept_238_closure_2021-07-24,2021-06-25,2021-06,-1,0,0.0,112240|238|2021-07-24,-0.07900976788171868,1.9877863437271066
112649,238,2021-07-24,2021-08-21,29,control,0,0.70853835,1,dept_238_closure_2021-07-24,2021-06-25,2021-06,-1,0,0.10344827586206896,112649|238|2021-07-24,0.3944199521182813,1.9877863437271066
112765,238,2021-07-24,2021-08-21,29,control,0,0.0056876945,0,dept_238_closure_2021-07-24,2021-06-25,2021-06,-1,0,0.0,112765|238|2021-07-24,-0.3084307033817187,1.9877863437271066
112866,238,2021-07-24,2021-08-21,29,control,0,0.6739056,1,dept_238_closure_2021-07-24,2021-06-25,2021-06,-1,0,0.0,112866|238|2021-07-24,0.3597872021182813,1.9877863437271066
113249,238,2021-07-24,2021-08-21,29,treatment,1,0.41161782,0,dept_238_closure_2021-07-24,2021-06-25,2021-06,-1,0,0.0,113249|238|2021-07-24,0.09749942211828133,1.9877863437271066
113376,238,2021-07-24,2021-08-21,29,control,0,0.30404806,0,dept_238_closure_2021-07-24,2021-06-25,2021-06,-1,0,0.0,113376|238|2021-07-24,-0.010070337881718683,1.9877863437271066
113995,238,2021-07-24,2021-08-21,29,treatment,1,0.73132044,1,dept_238_closure_2021-07-24,2021-06-25,2021-06,-1,0,0.034482758620689655,113995|238|2021-07-24,0.41720204211828127,1.9877863437271066
114539,238,2021-07-24,2021-08-21,29,control,0,0.99863166,1,dept_238_closure_2021-07-24,2021-06-25,2021-06,-1,0,0.5172413793103449,114539|238|2021-07-24,0.6845132621182813,1.9877863437271066
114556,238,2021-07-24,2021-08-21,29,treatment,1,0.99527955,1,dept_238_closure_2021-07-24,2021-06-25,2021-06,-1,0,0.20689655172413793,114556|238|2021-07-24,0.6811611521182813,1.9877863437271066
114687,238,2021-07-24,2021-08-21,29,control,0,0.77112,1,dept_238_closure_2021-07-24,2021-06-25,2021-06,-1,0,0.06896551724137931,114687|238|2021-07-24,0.45700160211828134,1.9877863437271066
114850,238,2021-07-24,2021-08-21,29,control,0,0.6313392,1,dept_238_closure_2021-07-24,2021-06-25,2021-06,-1,0,0.0,114850|238|2021-07-24,0.3172208021182813,1.9877863437271066
115164,238,2021-07-24,2021-08-21,29,control,0,0.624116,1,dept_238_closure_2021-07-24,2021-06-25,2021-06,-1,0,0.034482758620689655,115164|238|2021-07-24,0.3099976021182813,1.9877863437271066
115222,238,2021-07-24,2021-08-21,29,treatment,1,0.35845473,0,dept_238_closure_2021-07-24,2021-06-25,2021-06,-1,0,0.0,115222|238|2021-07-24,0.04433633211828131,1.9877863437271066
115365,238,2021-07-24,2021-08-21,29,control,0,0.0042668767,0,dept_238_closure_2021-07-24,2021-06-25,2021-06,-1,0,0.0,115365|238|2021-07-24,-0.3098515211817187,1.9877863437271066
115836,238,2021-07-24,2021-08-21,29,control,0,0.02849233,0,dept_238_closure_2021-07-24,2021-06-25,2021-06,-1,0,0.0,115836|238|2021-07-24,-0.2856260678817187,1.9877863437271066
116189,238,2021-07-24,2021-08-21,29,control,0,0.44316077,0,dept_238_closure_2021-07-24,2021-06-25,2021-06,-1,0,0.0,116189|238|2021-07-24,0.1290423721182813,1.9877863437271066
116513,238,2021-07-24,2021-08-21,29,control,0,0.95439154,1,dept_238_closure_2021-07-24,2021-06-25,2021-06,-1,0,0.034482758620689655,116513|238|2021-07-24,0.6402731421182813,1.9877863437271066
116579,238,2021-07-24,2021-08-21,29,control,0,0.9520419,1,dept_238_closure_2021-07-24,2021-06-25,2021-06,-1,0,0.10344827586206896,116579|238|2021-07-24,0.6379235021182813,1.9877863437271066
117114,238,2021-07-24,2021-08-21,29,treatment,1,0.33091158,0,dept_238_closure_2021-07-24,2021-06-25,2021-06,-1,0,0.0,117114|238|2021-07-24,0.01679318211828129,1.9877863437271066
119145,238,2021-07-24,2021-08-21,29,treatment,1,0.51228166,1,dept_238_closure_2021-07-24,2021-06-25,2021-06,-1,0,0.034482758620689655,119145|238|2021-07-24,0.19816326211828128,1.9877863437271066
119604,238,2021-07-24,2021-08-21,29,control,0,0.21165468,0,dept_238_closure_2021-07-24,2021-06-25,2021-06,-1,0,0.034482758620689655,119604|238|2021-07-24,-0.10246371788171868,1.9877863437271066
120190,238,2021-07-24,2021-08-21,29,control,0,0.38021046,0,dept_238_closure_2021-07-24,2021-06-25,2021-06,-1,0,0.0,120190|238|2021-07-24,0.06609206211828128,1.9877863437271066
123884,238,2021-07-24,2021-08-21,29,control,0,0.013484352,0,dept_238_closure_2021-07-24,2021-06-25,2021-06,-1,0,0.0,123884|238|2021-07-24,-0.3006340458817187,1.9877863437271066
124652,238,2021-07-24,2021-08-21,29,control,0,0.016274445,0,dept_238_closure_2021-07-24,2021-06-25,2021-06,-1,0,0.0,124652|238|2021-07-24,-0.2978439528817187,1.9877863437271066
125263,238,2021-07-24,2021-08-21,29,control,0,0.15228313,0,dept_238_closure_2021-07-24,2021-06-25,2021-06,-1,0,0.0,125263|238|2021-07-24,-0.1618352678817187,1.9877863437271066
125849,238,2021-07-24,2021-08-21,29,treatment,1,0.088080116,0,dept_238_closure_2021-07-24,2021-06-25,2021-06,-1,0,0.0,125849|238|2021-07-24,-0.2260382818817187,1.9877863437271066
125900,238,2021-07-24,2021-08-21,29,treatment,1,0.49594247,0,dept_238_closure_2021-07-24,2021-06-25,2021-06,-1,0,0.0,125900|238|2021-07-24,0.18182407211828133,1.9877863437271066
127084,238,2021-07-24,2021-08-21,29,treatment,1,0.9904991,1,dept_238_closure_2021-07-24,2021-06-25,2021-06,-1,0,0.1724137931034483,127084|238|2021-07-24,0.6763807021182813,1.9877863437271066
127343,238,2021-07-24,2021-08-21,29,control,0,0.028000902,0,dept_238_closure_2021-07-24,2021-06-25,2021-06,-1,0,0.0,127343|238|2021-07-24,-0.2861174958817187,1.9877863437271066
127915,238,2021-07-24,2021-08-21,29,control,0,0.41923964,0,dept_238_closure_2021-07-24,2021-06-25,2021-06,-1,0,0.0,127915|238|2021-07-24,0.10512124211828133,1.9877863437271066
129219,238,2021-07-24,2021-08-21,29,control,0,0.5226378,1,dept_238_closure_2021-07-24,2021-06-25,2021-06,-1,0,0.034482758620689655,129219|238|2021-07-24,0.20851940211828135,1.9877863437271066
129517,238,2021-07-24,2021-08-21,29,treatment,1,0.59098625,1,dept_238_closure_2021-07-24,2021-06-25,2021-06,-1,0,0.0,129517|238|2021-07-24,0.27686785211828135,1.9877863437271066
129945,238,2021-07-24,2021-08-21,29,control,0,0.6101285,1,dept_238_closure_2021-07-24,2021-06-25,2021-06,-1,0,0.034482758620689655,129945|238|2021-07-24,0.29601010211828127,1.9877863437271066
130147,238,2021-07-24,2021-08-21,29,control,0,0.09218919,0,dept_238_closure_2021-07-24,2021-06-25,2021-06,-1,0,0.0,130147|238|2021-07-24,-0.2219292078817187,1.9877863437271066
130218,238,2021-07-24,2021-08-21,29,treatment,1,0.00940264,0,dept_238_closure_2021-07-24,2021-06-25,2021-06,-1,0,0.0,130218|238|2021-07-24,-0.3047157578817187,1.9877863437271066
130967,238,2021-07-24,2021-08-21,29,control,0,0.17315479,0,dept_238_closure_2021-07-24,2021-06-25,2021-06,-1,0,0.0,130967|238|2021-07-24,-0.1409636078817187,1.9877863437271066
133005,238,2021-07-24,2021-08-21,29,control,0,0.75245744,1,dept_238_closure_2021-07-24,2021-06-25,2021-06,-1,0,0.06896551724137931,133005|238|2021-07-24,0.43833904211828134,1.9877863437271066
133277,238,2021-07-24,2021-08-21,29,treatment,1,0.8956937,1,dept_238_closure_2021-07-24,2021-06-25,2021-06,-1,0,0.034482758620689655,133277|238|2021-07-24,0.5815753021182813,1.9877863437271066
134127,238,2021-07-24,2021-08-21,29,treatment,1,0.98628867,1,dept_238_closure_2021-07-24,2021-06-25,2021-06,-1,0,0.0,134127|238|2021-07-24,0.6721702721182813,1.9877863437271066
134792,238,2021-07-24,2021-08-21,29,control,0,0.06567476,0,dept_238_closure_2021-07-24,2021-06-25,2021-06,-1,0,0.0,134792|238|2021-07-24,-0.2484436378817187,1.9877863437271066
135438,238,2021-07-24,2021-08-21,29,control,0,0.91059,1,dept_238_closure_2021-07-24,2021-06-25,2021-06,-1,0,0.034482758620689655,135438|238|2021-07-24,0.5964716021182813,1.9877863437271066
135829,238,2021-07-24,2021-08-21,29,control,0,0.6051677,1,dept_238_closure_2021-07-24,2021-06-25,2021-06,-1,0,0.0,135829|238|2021-07-24,0.2910493021182813,1.9877863437271066
136012,238,2021-07-24,2021-08-21,29,control,0,0.037066855,0,dept_238_closure_2021-07-24,2021-06-25,2021-06,-1,0,0.0,136012|238|2021-07-24,-0.2770515428817187,1.9877863437271066
137177,238,2021-07-24,2021-08-21,29,control,0,0.061012615,0,dept_238_closure_2021-07-24,2021-06-25,2021-06,-1,0,0.034482758620689655,137177|238|2021-07-24,-0.2531057828817187,1.9877863437271066
137191,238,2021-07-24,2021-08-21,29,treatment,1,0.82836753,1,dept_238_closure_2021-07-24,2021-06-25,2021-06,-1,0,0.13793103448275862,137191|238|2021-07-24,0.5142491321182813,1.9877863437271066
137829,238,2021-07-24,2021-08-21,29,control,0,0.016556097,0,dept_238_closure_2021-07-24,2021-06-25,2021-06,-1,0,0.034482758620689655,137829|238|2021-07-24,-0.2975623008817187,1.9877863437271066
138374,238,2021-07-24,2021-08-21,29,control,0,0.08963488,0,dept_238_closure_2021-07-24,2021-06-25,2021-06,-1,0,0.0,138374|238|2021-07-24,-0.2244835178817187,1.9877863437271066
139144,238,2021-07-24,2021-08-21,29,control,0,0.80486435,1,dept_238_closure_2021-07-24,2021-06-25,2021-06,-1,0,0.034482758620689655,139144|238|2021-07-24,0.4907459521182813,1.9877863437271066
139392,238,2021-07-24,2021-08-21,29,control,0,0.47386166,0,dept_238_closure_2021-07-24,2021-06-25,2021-06,-1,0,0.06896551724137931,139392|238|2021-07-24,0.15974326211828133,1.9877863437271066
139731,238,2021-07-24,2021-08-21,29,treatment,1,0.016922908,0,dept_238_closure_2021-07-24,2021-06-25,2021-06,-1,0,0.0,139731|238|2021-07-24,-0.2971954898817187,1.9877863437271066
140594,238,2021-07-24,2021-08-21,29,treatment,1,0.98916644,1,dept_238_closure_2021-07-24,2021-06-25,2021-06,-1,0,0.13793103448275862,140594|238|2021-07-24,0.6750480421182813,1.9877863437271066
140776,238,2021-07-24,2021-08-21,29,treatment,1,0.99988925,1,dept_238_closure_2021-07-24,2021-06-25,2021-06,-1,0,0.41379310344827586,140776|238|2021-07-24,0.6857708521182813,1.9877863437271066
141030,238,2021-07-24,2021-08-21,29,control,0,0.34979063,0,dept_238_closure_2021-07-24,2021-06-25,2021-06,-1,0,0.0,141030|238|2021-07-24,0.0356722321182813,1.9877863437271066
142040,238,2021-07-24,2021-08-21,29,treatment,1,0.44622386,0,dept_238_closure_2021-07-24,2021-06-25,2021-06,-1,0,0.034482758620689655,142040|238|2021-07-24,0.13210546211828134,1.9877863437271066
142815,238,2021-07-24,2021-08-21,29,control,0,0.6617684,1,dept_238_closure_2021-07-24,2021-06-25,2021-06,-1,0,0.0,142815|238|2021-07-24,0.34765000211828134,1.9877863437271066
143520,238,2021-07-24,2021-08-21,29,control,0,0.05514402,0,dept_238_closure_2021-07-24,2021-06-25,2021-06,-1,0,0.0,143520|238|2021-07-24,-0.2589743778817187,1.9877863437271066
143931,238,2021-07-24,2021-08-21,29,control,0,0.0138171995,0,dept_238_closure_2021-07-24,2021-06-25,2021-06,-1,0,0.0,143931|238|2021-07-24,-0.3003011983817187,1.9877863437271066
143953,238,2021-07-24,2021-08-21,29,treatment,1,0.22803596,0,dept_238_closure_2021-07-24,2021-06-25,2021-06,-1,0,0.0,143953|238|2021-07-24,-0.08608243788171868,1.9877863437271066
145884,238,2021-07-24,2021-08-21,29,treatment,1,0.95867354,1,dept_238_closure_2021-07-24,2021-06-25,2021-06,-1,0,0.034482758620689655,145884|238|2021-07-24,0.6445551421182814,1.9877863437271066
146275,238,2021-07-24,2021-08-21,29,treatment,1,0.81974924,1,dept_238_closure_2021-07-24,2021-06-25,2021-06,-1,0,0.034482758620689655,146275|238|2021-07-24,0.5056308421182814,1.9877863437271066
146618,238,2021-07-24,2021-08-21,29,treatment,1,0.7187453,1,dept_238_closure_2021-07-24,2021-06-25,2021-06,-1,0,0.034482758620689655,146618|238|2021-07-24,0.40462690211828134,1.9877863437271066
147158,238,2021-07-24,2021-08-21,29,control,0,0.10436651,0,dept_238_closure_2021-07-24,2021-06-25,2021-06,-1,0,0.0,147158|238|2021-07-24,-0.2097518878817187,1.9877863437271066
147277,238,2021-07-24,2021-08-21,29,treatment,1,0.07304794,0,dept_238_closure_2021-07-24,2021-06-25,2021-06,-1,0,0.0,147277|238|2021-07-24,-0.24107045788171869,1.9877863437271066
147334,238,2021-07-24,2021-08-21,29,treatment,1,0.31922248,0,dept_238_closure_2021-07-24,2021-06-25,2021-06,-1,0,0.0,147334|238|2021-07-24,0.0051040821182812834,1.9877863437271066
147487,238,2021-07-24,2021-08-21,29,treatment,1,0.0014639231,0,dept_238_closure_2021-07-24,2021-06-25,2021-06,-1,0,0.0,147487|238|2021-07-24,-0.3126544747817187,1.9877863437271066
148346,238,2021-07-24,2021-08-21,29,control,0,0.50318015,1,dept_238_closure_2021-07-24,2021-06-25,2021-06,-1,0,0.034482758620689655,148346|238|2021-07-24,0.18906175211828136,1.9877863437271066
148554,238,2021-07-24,2021-08-21,29,control,0,0.5965682,1,dept_238_closure_2021-07-24,2021-06-25,2021-06,-1,0,0.034482758620689655,148554|238|2021-07-24,0.2824498021182813,1.9877863437271066
149654,238,2021-07-24,2021-08-21,29,control,0,0.95315886,1,dept_238_closure_2021-07-24,2021-06-25,2021-06,-1,0,0.0,149654|238|2021-07-24,0.6390404621182814,1.9877863437271066
150197,238,2021-07-24,2021-08-21,29,control,0,0.11128423,0,dept_238_closure_2021-07-24,2021-06-25,2021-06,-1,0,0.0,150197|238|2021-07-24,-0.2028341678817187,1.9877863437271066
150474,238,2021-07-24,2021-08-21,29,control,0,0.99910337,1,dept_238_closure_2021-07-24,2021-06-25,2021-06,-1,0,0.27586206896551724,150474|238|2021-07-24,0.6849849721182814,1.9877863437271066
151681,238,2021-07-24,2021-08-21,29,control,0,0.73714083,1,dept_238_closure_2021-07-24,2021-06-25,2021-06,-1,0,0.034482758620689655,151681|238|2021-07-24,0.4230224321182813,1.9877863437271066
152105,238,2021-07-24,2021-08-21,29,treatment,1,0.8054631,1,dept_238_closure_2021-07-24,2021-06-25,2021-06,-1,0,0.034482758620689655,152105|238|2021-07-24,0.4913447021182813,1.9877863437271066
152430,238,2021-07-24,2021-08-21,29,control,0,0.85542107,1,dept_238_closure_2021-07-24,2021-06-25,2021-06,-1,0,0.06896551724137931,152430|238|2021-07-24,0.5413026721182813,1.9877863437271066
152585,238,2021-07-24,2021-08-21,29,control,0,0.054296535,0,dept_238_closure_2021-07-24,2021-06-25,2021-06,-1,0,0.0,152585|238|2021-07-24,-0.2598218628817187,1.9877863437271066
153142,238,2021-07-24,2021-08-21,29,control,0,0.47258815,0,dept_238_closure_2021-07-24,2021-06-25,2021-06,-1,0,0.0,153142|238|2021-07-24,0.1584697521182813,1.9877863437271066
153867,238,2021-07-24,2021-08-21,29,treatment,1,0.74841386,1,dept_238_closure_2021-07-24,2021-06-25,2021-06,-1,0,0.034482758620689655,153867|238|2021-07-24,0.4342954621182813,1.9877863437271066
154061,238,2021-07-24,2021-08-21,29,control,0,0.92846745,1,dept_238_closure_2021-07-24,2021-06-25,2021-06,-1,0,0.0,154061|238|2021-07-24,0.6143490521182813,1.9877863437271066
154877,238,2021-07-24,2021-08-21,29,treatment,1,0.99895215,1,dept_238_closure_2021-07-24,2021-06-25,2021-06,-1,0,0.10344827586206896,154877|238|2021-07-24,0.6848337521182813,1.9877863437271066
155273,238,2021-07-24,2021-08-21,29,treatment,1,0.6291761,1,dept_238_closure_2021-07-24,2021-06-25,2021-06,-1,0,0.10344827586206896,155273|238|2021-07-24,0.3150577021182813,1.9877863437271066
155996,238,2021-07-24,2021-08-21,29,control,0,0.84372485,1,dept_238_closure_2021-07-24,2021-06-25,2021-06,-1,0,0.0,155996|238|2021-07-24,0.5296064521182813,1.9877863437271066
156071,238,2021-07-24,2021-08-21,29,control,0,0.05025744,0,dept_238_closure_2021-07-24,2021-06-25,2021-06,-1,0,0.034482758620689655,156071|238|2021-07-24,-0.2638609578817187,1.9877863437271066
156126,238,2021-07-24,2021-08-21,29,control,0,0.30299306,0,dept_238_closure_2021-07-24,2021-06-25,2021-06,-1,0,0.034482758620689655,156126|238|2021-07-24,-0.011125337881718711,1.9877863437271066
156642,238,2021-07-24,2021-08-21,29,control,0,0.97692686,1,dept_238_closure_2021-07-24,2021-06-25,2021-06,-1,0,0.2413793103448276,156642|238|2021-07-24,0.6628084621182813,1.9877863437271066
156833,238,2021-07-24,2021-08-21,29,treatment,1,0.12113757,0,dept_238_closure_2021-07-24,2021-06-25,2021-06,-1,0,0.034482758620689655,156833|238|2021-07-24,-0.1929808278817187,1.9877863437271066
157397,238,2021-07-24,2021-08-21,29,control,0,0.028999709,0,dept_238_closure_2021-07-24,2021-06-25,2021-06,-1,0,0.0,157397|238|2021-07-24,-0.2851186888817187,1.9877863437271066
158042,238,2021-07-24,2021-08-21,29,control,0,0.36526307,0,dept_238_closure_2021-07-24,2021-06-25,2021-06,-1,0,0.034482758620689655,158042|238|2021-07-24,0.05114467211828133,1.9877863437271066
158091,238,2021-07-24,2021-08-21,29,control,0,0.003798833,0,dept_238_closure_2021-07-24,2021-06-25,2021-06,-1,0,0.0,158091|238|2021-07-24,-0.3103195648817187,1.9877863437271066
158251,238,2021-07-24,2021-08-21,29,treatment,1,0.85317445,1,dept_238_closure_2021-07-24,2021-06-25,2021-06,-1,0,0.034482758620689655,158251|238|2021-07-24,0.5390560521182813,1.9877863437271066
158730,238,2021-07-24,2021-08-21,29,control,0,0.15006275,0,dept_238_closure_2021-07-24,2021-06-25,2021-06,-1,0,0.0,158730|238|2021-07-24,-0.1640556478817187,1.9877863437271066
159174,238,2021-07-24,2021-08-21,29,treatment,1,0.2094406,0,dept_238_closure_2021-07-24,2021-06-25,2021-06,-1,0,0.0,159174|238|2021-07-24,-0.10467779788171869,1.9877863437271066
159778,238,2021-07-24,2021-08-21,29,control,0,0.005251503,0,dept_238_closure_2021-07-24,2021-06-25,2021-06,-1,0,0.0,159778|238|2021-07-24,-0.3088668948817187,1.9877863437271066
160596,238,2021-07-24,2021-08-21,29,control,0,0.85220236,1,dept_238_closure_2021-07-24,2021-06-25,2021-06,-1,0,0.10344827586206896,160596|238|2021-07-24,0.5380839621182814,1.9877863437271066
161177,238,2021-07-24,2021-08-21,29,control,0,0.016162349,0,dept_238_closure_2021-07-24,2021-06-25,2021-06,-1,0,0.0,161177|238|2021-07-24,-0.29795604888171867,1.9877863437271066
161254,238,2021-07-24,2021-08-21,29,treatment,1,0.032318845,0,dept_238_closure_2021-07-24,2021-06-25,2021-06,-1,0,0.0,161254|238|2021-07-24,-0.2817995528817187,1.9877863437271066
162837,238,2021-07-24,2021-08-21,29,control,0,0.23816015,0,dept_238_closure_2021-07-24,2021-06-25,2021-06,-1,0,0.0,162837|238|2021-07-24,-0.0759582478817187,1.9877863437271066
163427,238,2021-07-24,2021-08-21,29,treatment,1,0.014247959,0,dept_238_closure_2021-07-24,2021-06-25,2021-06,-1,0,0.0,163427|238|2021-07-24,-0.2998704388817187,1.9877863437271066
163735,238,2021-07-24,2021-08-21,29,treatment,1,0.28704524,0,dept_238_closure_2021-07-24,2021-06-25,2021-06,-1,0,0.0,163735|238|2021-07-24,-0.027073157881718712,1.9877863437271066
163904,238,2021-07-24,2021-08-21,29,control,0,0.027682787,0,dept_238_closure_2021-07-24,2021-06-25,2021-06,-1,0,0.0,163904|238|2021-07-24,-0.2864356108817187,1.9877863437271066
164861,238,2021-07-24,2021-08-21,29,control,0,0.57708335,1,dept_238_closure_2021-07-24,2021-06-25,2021-06,-1,0,0.0,164861|238|2021-07-24,0.2629649521182813,1.9877863437271066
166176,238,2021-07-24,2021-08-21,29,control,0,0.007960556,0,dept_238_closure_2021-07-24,2021-06-25,2021-06,-1,0,0.0,166176|238|2021-07-24,-0.3061578418817187,1.9877863437271066
166186,238,2021-07-24,2021-08-21,29,control,0,0.11156892,0,dept_238_closure_2021-07-24,2021-06-25,2021-06,-1,0,0.0,166186|238|2021-07-24,-0.20254947788171868,1.9877863437271066
166821,238,2021-07-24,2021-08-21,29,control,0,0.014108949,0,dept_238_closure_2021-07-24,2021-06-25,2021-06,-1,0,0.0,166821|238|2021-07-24,-0.3000094488817187,1.9877863437271066
166977,238,2021-07-24,2021-08-21,29,treatment,1,0.010112143,0,dept_238_closure_2021-07-24,2021-06-25,2021-06,-1,0,0.0,166977|238|2021-07-24,-0.3040062548817187,1.9877863437271066
167155,238,2021-07-24,2021-08-21,29,control,0,0.060048524,0,dept_238_closure_2021-07-24,2021-06-25,2021-06,-1,0,0.0,167155|238|2021-07-24,-0.2540698738817187,1.9877863437271066
167509,238,2021-07-24,2021-08-21,29,treatment,1,0.18234406,0,dept_238_closure_2021-07-24,2021-06-25,2021-06,-1,0,0.0,167509|238|2021-07-24,-0.1317743378817187,1.9877863437271066
167525,238,2021-07-24,2021-08-21,29,treatment,1,0.17353508,0,dept_238_closure_2021-07-24,2021-06-25,2021-06,-1,0,0.0,167525|238|2021-07-24,-0.14058331788171868,1.9877863437271066
168817,238,2021-07-24,2021-08-21,29,control,0,0.30560115,0,dept_238_closure_2021-07-24,2021-06-25,2021-06,-1,0,0.0,168817|238|2021-07-24,-0.008517247881718704,1.9877863437271066
169252,238,2021-07-24,2021-08-21,29,treatment,1,0.06172143,0,dept_238_closure_2021-07-24,2021-06-25,2021-06,-1,0,0.0,169252|238|2021-07-24,-0.25239696788171867,1.9877863437271066
170646,238,2021-07-24,2021-08-21,29,treatment,1,0.015385548,0,dept_238_closure_2021-07-24,2021-06-25,2021-06,-1,0,0.0,170646|238|2021-07-24,-0.29873284988171867,1.9877863437271066
170739,238,2021-07-24,2021-08-21,29,control,0,0.11841269,0,dept_238_closure_2021-07-24,2021-06-25,2021-06,-1,0,0.034482758620689655,170739|238|2021-07-24,-0.1957057078817187,1.9877863437271066
170791,238,2021-07-24,2021-08-21,29,control,0,0.21908425,0,dept_238_closure_2021-07-24,2021-06-25,2021-06,-1,0,0.06896551724137931,170791|238|2021-07-24,-0.09503414788171868,1.9877863437271066
171127,238,2021-07-24,2021-08-21,29,treatment,1,0.17691763,0,dept_238_closure_2021-07-24,2021-06-25,2021-06,-1,0,0.034482758620689655,171127|238|2021-07-24,-0.1372007678817187,1.9877863437271066
171743,238,2021-07-24,2021-08-21,29,control,0,0.9868837,1,dept_238_closure_2021-07-24,2021-06-25,2021-06,-1,0,0.20689655172413793,171743|238|2021-07-24,0.6727653021182813,1.9877863437271066
171963,238,2021-07-24,2021-08-21,29,control,0,0.011484961,0,dept_238_closure_2021-07-24,2021-06-25,2021-06,-1,0,0.0,171963|238|2021-07-24,-0.3026334368817187,1.9877863437271066
172168,238,2021-07-24,2021-08-21,29,control,0,0.98242813,1,dept_238_closure_2021-07-24,2021-06-25,2021-06,-1,0,0.034482758620689655,172168|238|2021-07-24,0.6683097321182813,1.9877863437271066
172318,238,2021-07-24,2021-08-21,29,control,0,0.046802863,0,dept_238_closure_2021-07-24,2021-06-25,2021-06,-1,0,0.06896551724137931,172318|238|2021-07-24,-0.26731553488171866,1.9877863437271066
172479,238,2021-07-24,2021-08-21,29,control,0,0.89112693,1,dept_238_closure_2021-07-24,2021-06-25,2021-06,-1,0,0.0,172479|238|2021-07-24,0.5770085321182813,1.9877863437271066
174537,238,2021-07-24,2021-08-21,29,control,0,0.010436943,0,dept_238_closure_2021-07-24,2021-06-25,2021-06,-1,0,0.0,174537|238|2021-07-24,-0.3036814548817187,1.9877863437271066
174905,238,2021-07-24,2021-08-21,29,control,0,0.044888273,0,dept_238_closure_2021-07-24,2021-06-25,2021-06,-1,0,0.0,174905|238|2021-07-24,-0.2692301248817187,1.9877863437271066
176039,238,2021-07-24,2021-08-21,29,control,0,0.20520833,0,dept_238_closure_2021-07-24,2021-06-25,2021-06,-1,0,0.0,176039|238|2021-07-24,-0.1089100678817187,1.9877863437271066
176214,238,2021-07-24,2021-08-21,29,treatment,1,0.47506568,0,dept_238_closure_2021-07-24,2021-06-25,2021-06,-1,0,0.0,176214|238|2021-07-24,0.1609472821182813,1.9877863437271066
176835,238,2021-07-24,2021-08-21,29,control,0,0.01580074,0,dept_238_closure_2021-07-24,2021-06-25,2021-06,-1,0,0.0,176835|238|2021-07-24,-0.2983176578817187,1.9877863437271066
177414,238,2021-07-24,2021-08-21,29,control,0,0.9612298,1,dept_238_closure_2021-07-24,2021-06-25,2021-06,-1,0,0.0,177414|238|2021-07-24,0.6471114021182813,1.9877863437271066
177743,238,2021-07-24,2021-08-21,29,treatment,1,0.9917971,1,dept_238_closure_2021-07-24,2021-06-25,2021-06,-1,0,0.10344827586206896,177743|238|2021-07-24,0.6776787021182813,1.9877863437271066
178617,238,2021-07-24,2021-08-21,29,control,0,0.9559322,1,dept_238_closure_2021-07-24,2021-06-25,2021-06,-1,0,0.0,178617|238|2021-07-24,0.6418138021182813,1.9877863437271066
179793,238,2021-07-24,2021-08-21,29,treatment,1,0.034838796,0,dept_238_closure_2021-07-24,2021-06-25,2021-06,-1,0,0.0,179793|238|2021-07-24,-0.2792796018817187,1.9877863437271066
179835,238,2021-07-24,2021-08-21,29,control,0,0.9977533,1,dept_238_closure_2021-07-24,2021-06-25,2021-06,-1,0,0.4827586206896552,179835|238|2021-07-24,0.6836349021182813,1.9877863437271066
180265,238,2021-07-24,2021-08-21,29,control,0,0.06262349,0,dept_238_closure_2021-07-24,2021-06-25,2021-06,-1,0,0.0,180265|238|2021-07-24,-0.2514949078817187,1.9877863437271066
180412,238,2021-07-24,2021-08-21,29,control,0,0.9952478,1,dept_238_closure_2021-07-24,2021-06-25,2021-06,-1,0,0.1724137931034483,180412|238|2021-07-24,0.6811294021182813,1.9877863437271066
180421,238,2021-07-24,2021-08-21,29,treatment,1,0.014987382,0,dept_238_closure_2021-07-24,2021-06-25,2021-06,-1,0,0.0,180421|238|2021-07-24,-0.2991310158817187,1.9877863437271066
180927,238,2021-07-24,2021-08-21,29,control,0,0.057886433,0,dept_238_closure_2021-07-24,2021-06-25,2021-06,-1,0,0.0,180927|238|2021-07-24,-0.2562319648817187,1.9877863437271066
182254,238,2021-07-24,2021-08-21,29,control,0,0.8638478,1,dept_238_closure_2021-07-24,2021-06-25,2021-06,-1,0,0.10344827586206896,182254|238|2021-07-24,0.5497294021182814,1.9877863437271066
182370,238,2021-07-24,2021-08-21,29,control,0,0.7944765,1,dept_238_closure_2021-07-24,2021-06-25,2021-06,-1,0,0.0,182370|238|2021-07-24,0.48035810211828134,1.9877863437271066
182455,238,2021-07-24,2021-08-21,29,control,0,0.004884836,0,dept_238_closure_2021-07-24,2021-06-25,2021-06,-1,0,0.0,182455|238|2021-07-24,-0.3092335618817187,1.9877863437271066
182793,238,2021-07-24,2021-08-21,29,control,0,0.9658036,1,dept_238_closure_2021-07-24,2021-06-25,2021-06,-1,0,0.10344827586206896,182793|238|2021-07-24,0.6516852021182813,1.9877863437271066
183637,238,2021-07-24,2021-08-21,29,control,0,0.06021884,0,dept_238_closure_2021-07-24,2021-06-25,2021-06,-1,0,0.0,183637|238|2021-07-24,-0.2538995578817187,1.9877863437271066
185496,238,2021-07-24,2021-08-21,29,control,0,0.94450605,1,dept_238_closure_2021-07-24,2021-06-25,2021-06,-1,0,0.0,185496|238|2021-07-24,0.6303876521182813,1.9877863437271066
185865,238,2021-07-24,2021-08-21,29,treatment,1,0.92272335,1,dept_238_closure_2021-07-24,2021-06-25,2021-06,-1,0,0.0,185865|238|2021-07-24,0.6086049521182814,1.9877863437271066
186134,238,2021-07-24,2021-08-21,29,treatment,1,0.023888662,0,dept_238_closure_2021-07-24,2021-06-25,2021-06,-1,0,0.0,186134|238|2021-07-24,-0.2902297358817187,1.9877863437271066
187311,238,2021-07-24,2021-08-21,29,control,0,0.9130525,1,dept_238_closure_2021-07-24,2021-06-25,2021-06,-1,0,0.034482758620689655,187311|238|2021-07-24,0.5989341021182814,1.9877863437271066
189819,238,2021-07-24,2021-08-21,29,treatment,1,0.017647224,0,dept_238_closure_2021-07-24,2021-06-25,2021-06,-1,0,0.0,189819|238|2021-07-24,-0.2964711738817187,1.9877863437271066
190354,238,2021-07-24,2021-08-21,29,treatment,1,0.045077648,0,dept_238_closure_2021-07-24,2021-06-25,2021-06,-1,0,0.0,190354|238|2021-07-24,-0.26904074988171867,1.9877863437271066
191160,238,2021-07-24,2021-08-21,29,treatment,1,0.882155,1,dept_238_closure_2021-07-24,2021-06-25,2021-06,-1,0,0.10344827586206896,191160|238|2021-07-24,0.5680366021182813,1.9877863437271066
191700,238,2021-07-24,2021-08-21,29,treatment,1,0.66244066,1,dept_238_closure_2021-07-24,2021-06-25,2021-06,-1,0,0.0,191700|238|2021-07-24,0.3483222621182813,1.9877863437271066
194563,238,2021-07-24,2021-08-21,29,control,0,0.99852544,1,dept_238_closure_2021-07-24,2021-06-25,2021-06,-1,0,0.3103448275862069,194563|238|2021-07-24,0.6844070421182813,1.9877863437271066
195473,238,2021-07-24,2021-08-21,29,treatment,1,0.99419385,1,dept_238_closure_2021-07-24,2021-06-25,2021-06,-1,0,0.27586206896551724,195473|238|2021-07-24,0.6800754521182814,1.9877863437271066
195822,238,2021-07-24,2021-08-21,29,control,0,0.19805992,0,dept_238_closure_2021-07-24,2021-06-25,2021-06,-1,0,0.0,195822|238|2021-07-24,-0.11605847788171869,1.9877863437271066
196233,238,2021-07-24,2021-08-21,29,treatment,1,0.12738118,0,dept_238_closure_2021-07-24,2021-06-25,2021-06,-1,0,0.06896551724137931,196233|238|2021-07-24,-0.18673721788171868,1.9877863437271066
197347,238,2021-07-24,2021-08-21,29,treatment,1,0.006435697,0,dept_238_closure_2021-07-24,2021-06-25,2021-06,-1,0,0.0,197347|238|2021-07-24,-0.3076827008817187,1.9877863437271066
197657,238,2021-07-24,2021-08-21,29,control,0,0.017188264,0,dept_238_closure_2021-07-24,2021-06-25,2021-06,-1,0,0.0,197657|238|2021-07-24,-0.2969301338817187,1.9877863437271066
198687,238,2021-07-24,2021-08-21,29,control,0,0.105831206,0,dept_238_closure_2021-07-24,2021-06-25,2021-06,-1,0,0.0,198687|238|2021-07-24,-0.20828719188171868,1.9877863437271066
198740,238,2021-07-24,2021-08-21,29,treatment,1,0.3316287,0,dept_238_closure_2021-07-24,2021-06-25,2021-06,-1,0,0.0,198740|238|2021-07-24,0.017510302118281307,1.9877863437271066
201519,238,2021-07-24,2021-08-21,29,control,0,0.004527387,0,dept_238_closure_2021-07-24,2021-06-25,2021-06,-1,0,0.0,201519|238|2021-07-24,-0.3095910108817187,1.9877863437271066
201828,238,2021-07-24,2021-08-21,29,treatment,1,0.9962004,1,dept_238_closure_2021-07-24,2021-06-25,2021-06,-1,0,0.2413793103448276,201828|238|2021-07-24,0.6820820021182813,1.9877863437271066
202155,238,2021-07-24,2021-08-21,29,control,0,0.023211468,0,dept_238_closure_2021-07-24,2021-06-25,2021-06,-1,0,0.034482758620689655,202155|238|2021-07-24,-0.2909069298817187,1.9877863437271066
202492,238,2021-07-24,2021-08-21,29,treatment,1,0.012752637,0,dept_238_closure_2021-07-24,2021-06-25,2021-06,-1,0,0.034482758620689655,202492|238|2021-07-24,-0.3013657608817187,1.9877863437271066
202546,238,2021-07-24,2021-08-21,29,control,0,0.056019533,0,dept_238_closure_2021-07-24,2021-06-25,2021-06,-1,0,0.0,202546|238|2021-07-24,-0.2580988648817187,1.9877863437271066
202796,238,2021-07-24,2021-08-21,29,treatment,1,0.022597872,0,dept_238_closure_2021-07-24,2021-06-25,2021-06,-1,0,0.0,202796|238|2021-07-24,-0.2915205258817187,1.9877863437271066
203395,238,2021-07-24,2021-08-21,29,control,0,0.7431544,1,dept_238_closure_2021-07-24,2021-06-25,2021-06,-1,0,0.06896551724137931,203395|238|2021-07-24,0.4290360021182813,1.9877863437271066
203778,238,2021-07-24,2021-08-21,29,treatment,1,0.7911369,1,dept_238_closure_2021-07-24,2021-06-25,2021-06,-1,0,0.034482758620689655,203778|238|2021-07-24,0.47701850211828134,1.9877863437271066
204321,238,2021-07-24,2021-08-21,29,control,0,0.7427248,1,dept_238_closure_2021-07-24,2021-06-25,2021-06,-1,0,0.0,204321|238|2021-07-24,0.42860640211828127,1.9877863437271066
204540,238,2021-07-24,2021-08-21,29,treatment,1,0.03927224,0,dept_238_closure_2021-07-24,2021-06-25,2021-06,-1,0,0.034482758620689655,204540|238|2021-07-24,-0.2748461578817187,1.9877863437271066
205301,238,2021-07-24,2021-08-21,29,control,0,0.19707404,0,dept_238_closure_2021-07-24,2021-06-25,2021-06,-1,0,0.0,205301|238|2021-07-24,-0.11704435788171869,1.9877863437271066
206374,238,2021-07-24,2021-08-21,29,control,0,0.8684529,1,dept_238_closure_2021-07-24,2021-06-25,2021-06,-1,0,0.0,206374|238|2021-07-24,0.5543345021182813,1.9877863437271066
206478,238,2021-07-24,2021-08-21,29,control,0,0.26334488,0,dept_238_closure_2021-07-24,2021-06-25,2021-06,-1,0,0.034482758620689655,206478|238|2021-07-24,-0.05077351788171869,1.9877863437271066
207418,238,2021-07-24,2021-08-21,29,treatment,1,0.45822325,0,dept_238_closure_2021-07-24,2021-06-25,2021-06,-1,0,0.034482758620689655,207418|238|2021-07-24,0.14410485211828133,1.9877863437271066
207498,238,2021-07-24,2021-08-21,29,treatment,1,0.89214164,1,dept_238_closure_2021-07-24,2021-06-25,2021-06,-1,0,0.034482758620689655,207498|238|2021-07-24,0.5780232421182813,1.9877863437271066
207757,238,2021-07-24,2021-08-21,29,control,0,0.37623373,0,dept_238_closure_2021-07-24,2021-06-25,2021-06,-1,0,0.10344827586206896,207757|238|2021-07-24,0.0621153321182813,1.9877863437271066
207865,238,2021-07-24,2021-08-21,29,control,0,0.026615852,0,dept_238_closure_2021-07-24,2021-06-25,2021-06,-1,0,0.0,207865|238|2021-07-24,-0.2875025458817187,1.9877863437271066
208205,238,2021-07-24,2021-08-21,29,control,0,0.9580566,1,dept_238_closure_2021-07-24,2021-06-25,2021-06,-1,0,0.06896551724137931,208205|238|2021-07-24,0.6439382021182813,1.9877863437271066
208260,238,2021-07-24,2021-08-21,29,treatment,1,0.4703005,0,dept_238_closure_2021-07-24,2021-06-25,2021-06,-1,0,0.0,208260|238|2021-07-24,0.15618210211828132,1.9877863437271066
208369,238,2021-07-24,2021-08-21,29,control,0,0.6107995,1,dept_238_closure_2021-07-24,2021-06-25,2021-06,-1,0,0.034482758620689655,208369|238|2021-07-24,0.29668110211828136,1.9877863437271066
209328,238,2021-07-24,2021-08-21,29,treatment,1,0.9333053,1,dept_238_closure_2021-07-24,2021-06-25,2021-06,-1,0,0.3448275862068966,209328|238|2021-07-24,0.6191869021182813,1.9877863437271066
209939,238,2021-07-24,2021-08-21,29,treatment,1,0.6019815,1,dept_238_closure_2021-07-24,2021-06-25,2021-06,-1,0,0.034482758620689655,209939|238|2021-07-24,0.28786310211828126,1.9877863437271066
210534,238,2021-07-24,2021-08-21,29,treatment,1,0.68183404,1,dept_238_closure_2021-07-24,2021-06-25,2021-06,-1,0,0.034482758620689655,210534|238|2021-07-24,0.36771564211828134,1.9877863437271066
210614,238,2021-07-24,2021-08-21,29,treatment,1,0.9460149,1,dept_238_closure_2021-07-24,2021-06-25,2021-06,-1,0,0.13793103448275862,210614|238|2021-07-24,0.6318965021182813,1.9877863437271066
210778,238,2021-07-24,2021-08-21,29,control,0,0.004589945,0,dept_238_closure_2021-07-24,2021-06-25,2021-06,-1,0,0.0,210778|238|2021-07-24,-0.3095284528817187,1.9877863437271066
211129,238,2021-07-24,2021-08-21,29,control,0,0.049049757,0,dept_238_closure_2021-07-24,2021-06-25,2021-06,-1,0,0.0,211129|238|2021-07-24,-0.26506864088171866,1.9877863437271066
211175,238,2021-07-24,2021-08-21,29,control,0,0.23142791,0,dept_238_closure_2021-07-24,2021-06-25,2021-06,-1,0,0.0,211175|238|2021-07-24,-0.0826904878817187,1.9877863437271066
211210,238,2021-07-24,2021-08-21,29,control,0,0.0062785004,0,dept_238_closure_2021-07-24,2021-06-25,2021-06,-1,0,0.0,211210|238|2021-07-24,-0.3078398974817187,1.9877863437271066
211272,238,2021-07-24,2021-08-21,29,treatment,1,0.9863318,1,dept_238_closure_2021-07-24,2021-06-25,2021-06,-1,0,0.13793103448275862,211272|238|2021-07-24,0.6722134021182813,1.9877863437271066
211949,238,2021-07-24,2021-08-21,29,control,0,0.94355214,1,dept_238_closure_2021-07-24,2021-06-25,2021-06,-1,0,0.034482758620689655,211949|238|2021-07-24,0.6294337421182813,1.9877863437271066
212454,238,2021-07-24,2021-08-21,29,control,0,0.085657276,0,dept_238_closure_2021-07-24,2021-06-25,2021-06,-1,0,0.0,212454|238|2021-07-24,-0.2284611218817187,1.9877863437271066
212870,238,2021-07-24,2021-08-21,29,control,0,0.102061,0,dept_238_closure_2021-07-24,2021-06-25,2021-06,-1,0,0.0,212870|238|2021-07-24,-0.21205739788171868,1.9877863437271066
213247,238,2021-07-24,2021-08-21,29,control,0,0.8856326,1,dept_238_closure_2021-07-24,2021-06-25,2021-06,-1,0,0.0,213247|238|2021-07-24,0.5715142021182813,1.9877863437271066
213614,238,2021-07-24,2021-08-21,29,control,0,0.046622995,0,dept_238_closure_2021-07-24,2021-06-25,2021-06,-1,0,0.0,213614|238|2021-07-24,-0.2674954028817187,1.9877863437271066
214224,238,2021-07-24,2021-08-21,29,treatment,1,0.7794734,1,dept_238_closure_2021-07-24,2021-06-25,2021-06,-1,0,0.034482758620689655,214224|238|2021-07-24,0.4653550021182813,1.9877863437271066
214507,238,2021-07-24,2021-08-21,29,treatment,1,0.12435753,0,dept_238_closure_2021-07-24,2021-06-25,2021-06,-1,0,0.0,214507|238|2021-07-24,-0.1897608678817187,1.9877863437271066
214846,238,2021-07-24,2021-08-21,29,control,0,0.8014051,1,dept_238_closure_2021-07-24,2021-06-25,2021-06,-1,0,0.10344827586206896,214846|238|2021-07-24,0.4872867021182813,1.9877863437271066
216198,238,2021-07-24,2021-08-21,29,treatment,1,0.17528743,0,dept_238_closure_2021-07-24,2021-06-25,2021-06,-1,0,0.0,216198|238|2021-07-24,-0.1388309678817187,1.9877863437271066
216361,238,2021-07-24,2021-08-21,29,control,0,0.8829268,1,dept_238_closure_2021-07-24,2021-06-25,2021-06,-1,0,0.034482758620689655,216361|238|2021-07-24,0.5688084021182813,1.9877863437271066
216836,238,2021-07-24,2021-08-21,29,control,0,0.6784372,1,dept_238_closure_2021-07-24,2021-06-25,2021-06,-1,0,0.034482758620689655,216836|238|2021-07-24,0.36431880211828127,1.9877863437271066
218890,238,2021-07-24,2021-08-21,29,control,0,0.6213552,1,dept_238_closure_2021-07-24,2021-06-25,2021-06,-1,0,0.06896551724137931,218890|238|2021-07-24,0.3072368021182813,1.9877863437271066
219374,238,2021-07-24,2021-08-21,29,treatment,1,0.11768505,0,dept_238_closure_2021-07-24,2021-06-25,2021-06,-1,0,0.0,219374|238|2021-07-24,-0.19643334788171868,1.9877863437271066
220013,238,2021-07-24,2021-08-21,29,control,0,0.12095851,0,dept_238_closure_2021-07-24,2021-06-25,2021-06,-1,0,0.0,220013|238|2021-07-24,-0.19315988788171867,1.9877863437271066
221170,238,2021-07-24,2021-08-21,29,treatment,1,0.9994142,1,dept_238_closure_2021-07-24,2021-06-25,2021-06,-1,0,0.4482758620689655,221170|238|2021-07-24,0.6852958021182813,1.9877863437271066
221230,238,2021-07-24,2021-08-21,29,treatment,1,0.02627302,0,dept_238_closure_2021-07-24,2021-06-25,2021-06,-1,0,0.0,221230|238|2021-07-24,-0.2878453778817187,1.9877863437271066
221848,238,2021-07-24,2021-08-21,29,control,0,0.06696771,0,dept_238_closure_2021-07-24,2021-06-25,2021-06,-1,0,0.034482758620689655,221848|238|2021-07-24,-0.24715068788171868,1.9877863437271066
223202,238,2021-07-24,2021-08-21,29,control,0,0.97768676,1,dept_238_closure_2021-07-24,2021-06-25,2021-06,-1,0,0.13793103448275862,223202|238|2021-07-24,0.6635683621182813,1.9877863437271066
223240,238,2021-07-24,2021-08-21,29,treatment,1,0.21662095,0,dept_238_closure_2021-07-24,2021-06-25,2021-06,-1,0,0.0,223240|238|2021-07-24,-0.09749744788171869,1.9877863437271066
223802,238,2021-07-24,2021-08-21,29,treatment,1,0.032265842,0,dept_238_closure_2021-07-24,2021-06-25,2021-06,-1,0,0.0,223802|238|2021-07-24,-0.2818525558817187,1.9877863437271066
223838,238,2021-07-24,2021-08-21,29,treatment,1,0.024926847,0,dept_238_closure_2021-07-24,2021-06-25,2021-06,-1,0,0.0,223838|238|2021-07-24,-0.2891915508817187,1.9877863437271066
223909,238,2021-07-24,2021-08-21,29,control,0,0.94228125,1,dept_238_closure_2021-07-24,2021-06-25,2021-06,-1,0,0.06896551724137931,223909|238|2021-07-24,0.6281628521182813,1.9877863437271066
223998,238,2021-07-24,2021-08-21,29,control,0,0.13279681,0,dept_238_closure_2021-07-24,2021-06-25,2021-06,-1,0,0.0,223998|238|2021-07-24,-0.1813215878817187,1.9877863437271066
224418,238,2021-07-24,2021-08-21,29,control,0,0.90965194,1,dept_238_closure_2021-07-24,2021-06-25,2021-06,-1,0,0.0,224418|238|2021-07-24,0.5955335421182814,1.9877863437271066
224435,238,2021-07-24,2021-08-21,29,control,0,0.9383808,1,dept_238_closure_2021-07-24,2021-06-25,2021-06,-1,0,0.10344827586206896,224435|238|2021-07-24,0.6242624021182813,1.9877863437271066
224957,238,2021-07-24,2021-08-21,29,control,0,0.07863744,0,dept_238_closure_2021-07-24,2021-06-25,2021-06,-1,0,0.0,224957|238|2021-07-24,-0.2354809578817187,1.9877863437271066
225009,238,2021-07-24,2021-08-21,29,treatment,1,0.0175647,0,dept_238_closure_2021-07-24,2021-06-25,2021-06,-1,0,0.0,225009|238|2021-07-24,-0.2965536978817187,1.9877863437271066
225111,238,2021-07-24,2021-08-21,29,control,0,0.114830606,0,dept_238_closure_2021-07-24,2021-06-25,2021-06,-1,0,0.0,225111|238|2021-07-24,-0.1992877918817187,1.9877863437271066
225123,238,2021-07-24,2021-08-21,29,treatment,1,0.78738284,1,dept_238_closure_2021-07-24,2021-06-25,2021-06,-1,0,0.034482758620689655,225123|238|2021-07-24,0.47326444211828134,1.9877863437271066
226323,238,2021-07-24,2021-08-21,29,control,0,0.010016763,0,dept_238_closure_2021-07-24,2021-06-25,2021-06,-1,0,0.0,226323|238|2021-07-24,-0.3041016348817187,1.9877863437271066
227629,238,2021-07-24,2021-08-21,29,treatment,1,0.39609575,0,dept_238_closure_2021-07-24,2021-06-25,2021-06,-1,0,0.0,227629|238|2021-07-24,0.08197735211828133,1.9877863437271066
227715,238,2021-07-24,2021-08-21,29,control,0,0.95750004,1,dept_238_closure_2021-07-24,2021-06-25,2021-06,-1,0,0.06896551724137931,227715|238|2021-07-24,0.6433816421182813,1.9877863437271066
229024,238,2021-07-24,2021-08-21,29,treatment,1,0.5032565,1,dept_238_closure_2021-07-24,2021-06-25,2021-06,-1,0,0.3793103448275862,229024|238|2021-07-24,0.1891381021182813,1.9877863437271066
229394,238,2021-07-24,2021-08-21,29,control,0,0.083882764,0,dept_238_closure_2021-07-24,2021-06-25,2021-06,-1,0,0.0,229394|238|2021-07-24,-0.2302356338817187,1.9877863437271066
229536,238,2021-07-24,2021-08-21,29,control,0,0.020485086,0,dept_238_closure_2021-07-24,2021-06-25,2021-06,-1,0,0.0,229536|238|2021-07-24,-0.2936333118817187,1.9877863437271066
230664,238,2021-07-24,2021-08-21,29,treatment,1,0.010239904,0,dept_238_closure_2021-07-24,2021-06-25,2021-06,-1,0,0.0,230664|238|2021-07-24,-0.30387849388171867,1.9877863437271066
230870,238,2021-07-24,2021-08-21,29,treatment,1,0.33926156,0,dept_238_closure_2021-07-24,2021-06-25,2021-06,-1,0,0.06896551724137931,230870|238|2021-07-24,0.025143162118281326,1.9877863437271066
231385,238,2021-07-24,2021-08-21,29,control,0,0.013437557,0,dept_238_closure_2021-07-24,2021-06-25,2021-06,-1,0,0.0,231385|238|2021-07-24,-0.3006808408817187,1.9877863437271066
231424,238,2021-07-24,2021-08-21,29,treatment,1,0.017942475,0,dept_238_closure_2021-07-24,2021-06-25,2021-06,-1,0,0.0,231424|238|2021-07-24,-0.2961759228817187,1.9877863437271066
232329,238,2021-07-24,2021-08-21,29,treatment,1,0.24028112,0,dept_238_closure_2021-07-24,2021-06-25,2021-06,-1,0,0.0,232329|238|2021-07-24,-0.0738372778817187,1.9877863437271066
233077,238,2021-07-24,2021-08-21,29,treatment,1,0.9882606,1,dept_238_closure_2021-07-24,2021-06-25,2021-06,-1,0,0.20689655172413793,233077|238|2021-07-24,0.6741422021182814,1.9877863437271066
233457,238,2021-07-24,2021-08-21,29,control,0,0.91716075,1,dept_238_closure_2021-07-24,2021-06-25,2021-06,-1,0,0.034482758620689655,233457|238|2021-07-24,0.6030423521182813,1.9877863437271066
234526,238,2021-07-24,2021-08-21,29,treatment,1,0.7523444,1,dept_238_closure_2021-07-24,2021-06-25,2021-06,-1,0,0.0,234526|238|2021-07-24,0.43822600211828133,1.9877863437271066
235059,238,2021-07-24,2021-08-21,29,control,0,0.8033842,1,dept_238_closure_2021-07-24,2021-06-25,2021-06,-1,0,0.034482758620689655,235059|238|2021-07-24,0.4892658021182813,1.9877863437271066
235208,238,2021-07-24,2021-08-21,29,control,0,0.35140935,0,dept_238_closure_2021-07-24,2021-06-25,2021-06,-1,0,0.0,235208|238|2021-07-24,0.03729095211828132,1.9877863437271066
235678,238,2021-07-24,2021-08-21,29,control,0,0.9862753,1,dept_238_closure_2021-07-24,2021-06-25,2021-06,-1,0,0.20689655172413793,235678|238|2021-07-24,0.6721569021182813,1.9877863437271066
235743,238,2021-07-24,2021-08-21,29,control,0,0.9822556,1,dept_238_closure_2021-07-24,2021-06-25,2021-06,-1,0,0.3103448275862069,235743|238|2021-07-24,0.6681372021182813,1.9877863437271066
237766,238,2021-07-24,2021-08-21,29,control,0,0.8982106,1,dept_238_closure_2021-07-24,2021-06-25,2021-06,-1,0,0.13793103448275862,237766|238|2021-07-24,0.5840922021182813,1.9877863437271066
239686,238,2021-07-24,2021-08-21,29,control,0,0.47629616,0,dept_238_closure_2021-07-24,2021-06-25,2021-06,-1,0,0.06896551724137931,239686|238|2021-07-24,0.16217776211828133,1.9877863437271066
240785,238,2021-07-24,2021-08-21,29,treatment,1,0.9887517,1,dept_238_closure_2021-07-24,2021-06-25,2021-06,-1,0,0.2413793103448276,240785|238|2021-07-24,0.6746333021182813,1.9877863437271066
241822,238,2021-07-24,2021-08-21,29,treatment,1,0.20612372,0,dept_238_closure_2021-07-24,2021-06-25,2021-06,-1,0,0.034482758620689655,241822|238|2021-07-24,-0.10799467788171868,1.9877863437271066
242475,238,2021-07-24,2021-08-21,29,control,0,0.92359,1,dept_238_closure_2021-07-24,2021-06-25,2021-06,-1,0,0.10344827586206896,242475|238|2021-07-24,0.6094716021182813,1.9877863437271066
242609,238,2021-07-24,2021-08-21,29,control,0,0.9675994,1,dept_238_closure_2021-07-24,2021-06-25,2021-06,-1,0,0.06896551724137931,242609|238|2021-07-24,0.6534810021182813,1.9877863437271066
242834,238,2021-07-24,2021-08-21,29,treatment,1,0.029287752,0,dept_238_closure_2021-07-24,2021-06-25,2021-06,-1,0,0.0,242834|238|2021-07-24,-0.2848306458817187,1.9877863437271066
242885,238,2021-07-24,2021-08-21,29,control,0,0.3969246,0,dept_238_closure_2021-07-24,2021-06-25,2021-06,-1,0,0.0,242885|238|2021-07-24,0.08280620211828132,1.9877863437271066
243115,238,2021-07-24,2021-08-21,29,treatment,1,0.8484479,1,dept_238_closure_2021-07-24,2021-06-25,2021-06,-1,0,0.0,243115|238|2021-07-24,0.5343295021182813,1.9877863437271066
243188,238,2021-07-24,2021-08-21,29,control,0,0.3185156,0,dept_238_closure_2021-07-24,2021-06-25,2021-06,-1,0,0.0,243188|238|2021-07-24,0.004397202118281318,1.9877863437271066
244395,238,2021-07-24,2021-08-21,29,control,0,0.99806756,1,dept_238_closure_2021-07-24,2021-06-25,2021-06,-1,0,0.6206896551724138,244395|238|2021-07-24,0.6839491621182813,1.9877863437271066
244608,238,2021-07-24,2021-08-21,29,control,0,0.32234696,0,dept_238_closure_2021-07-24,2021-06-25,2021-06,-1,0,0.034482758620689655,244608|238|2021-07-24,0.008228562118281324,1.9877863437271066
245068,238,2021-07-24,2021-08-21,29,treatment,1,0.5304385,1,dept_238_closure_2021-07-24,2021-06-25,2021-06,-1,0,0.034482758620689655,245068|238|2021-07-24,0.21632010211828134,1.9877863437271066
245679,238,2021-07-24,2021-08-21,29,treatment,1,0.99559444,1,dept_238_closure_2021-07-24,2021-06-25,2021-06,-1,0,0.13793103448275862,245679|238|2021-07-24,0.6814760421182813,1.9877863437271066
245818,238,2021-07-24,2021-08-21,29,control,0,0.840012,1,dept_238_closure_2021-07-24,2021-06-25,2021-06,-1,0,0.10344827586206896,245818|238|2021-07-24,0.5258936021182813,1.9877863437271066
246908,238,2021-07-24,2021-08-21,29,control,0,0.01829764,0,dept_238_closure_2021-07-24,2021-06-25,2021-06,-1,0,0.0,246908|238|2021-07-24,-0.2958207578817187,1.9877863437271066
247501,238,2021-07-24,2021-08-21,29,control,0,0.9929991,1,dept_238_closure_2021-07-24,2021-06-25,2021-06,-1,0,0.2413793103448276,247501|238|2021-07-24,0.6788807021182813,1.9877863437271066
248338,238,2021-07-24,2021-08-21,29,treatment,1,0.23863092,0,dept_238_closure_2021-07-24,2021-06-25,2021-06,-1,0,0.0,248338|238|2021-07-24,-0.0754874778817187,1.9877863437271066
248384,238,2021-07-24,2021-08-21,29,treatment,1,0.8142635,1,dept_238_closure_2021-07-24,2021-06-25,2021-06,-1,0,0.034482758620689655,248384|238|2021-07-24,0.5001451021182813,1.9877863437271066
248762,238,2021-07-24,2021-08-21,29,treatment,1,0.015852554,0,dept_238_closure_2021-07-24,2021-06-25,2021-06,-1,0,0.0,248762|238|2021-07-24,-0.2982658438817187,1.9877863437271066
248781,238,2021-07-24,2021-08-21,29,control,0,0.9810317,1,dept_238_closure_2021-07-24,2021-06-25,2021-06,-1,0,0.06896551724137931,248781|238|2021-07-24,0.6669133021182813,1.9877863437271066
248905,238,2021-07-24,2021-08-21,29,control,0,0.31603685,0,dept_238_closure_2021-07-24,2021-06-25,2021-06,-1,0,0.0,248905|238|2021-07-24,0.0019184521182812886,1.9877863437271066
249297,238,2021-07-24,2021-08-21,29,control,0,0.054445438,0,dept_238_closure_2021-07-24,2021-06-25,2021-06,-1,0,0.0,249297|238|2021-07-24,-0.2596729598817187,1.9877863437271066
249531,238,2021-07-24,2021-08-21,29,treatment,1,0.026727125,0,dept_238_closure_2021-07-24,2021-06-25,2021-06,-1,0,0.0,249531|238|2021-07-24,-0.2873912728817187,1.9877863437271066
249974,238,2021-07-24,2021-08-21,29,treatment,1,0.98234475,1,dept_238_closure_2021-07-24,2021-06-25,2021-06,-1,0,0.3793103448275862,249974|238|2021-07-24,0.6682263521182813,1.9877863437271066
250244,238,2021-07-24,2021-08-21,29,control,0,0.11005963,0,dept_238_closure_2021-07-24,2021-06-25,2021-06,-1,0,0.0,250244|238|2021-07-24,-0.20405876788171867,1.9877863437271066
250265,238,2021-07-24,2021-08-21,29,control,0,0.18571253,0,dept_238_closure_2021-07-24,2021-06-25,2021-06,-1,0,0.0,250265|238|2021-07-24,-0.1284058678817187,1.9877863437271066
250655,238,2021-07-24,2021-08-21,29,treatment,1,0.7003081,1,dept_238_closure_2021-07-24,2021-06-25,2021-06,-1,0,0.034482758620689655,250655|238|2021-07-24,0.3861897021182813,1.9877863437271066
252386,238,2021-07-24,2021-08-21,29,control,0,0.25454736,0,dept_238_closure_2021-07-24,2021-06-25,2021-06,-1,0,0.06896551724137931,252386|238|2021-07-24,-0.05957103788171869,1.9877863437271066
252534,238,2021-07-24,2021-08-21,29,control,0,0.58571684,1,dept_238_closure_2021-07-24,2021-06-25,2021-06,-1,0,0.0,252534|238|2021-07-24,0.2715984421182813,1.9877863437271066
252545,238,2021-07-24,2021-08-21,29,treatment,1,0.6085252,1,dept_238_closure_2021-07-24,2021-06-25,2021-06,-1,0,0.06896551724137931,252545|238|2021-07-24,0.2944068021182813,1.9877863437271066
252652,238,2021-07-24,2021-08-21,29,control,0,0.8341506,1,dept_238_closure_2021-07-24,2021-06-25,2021-06,-1,0,0.0,252652|238|2021-07-24,0.5200322021182813,1.9877863437271066
253759,238,2021-07-24,2021-08-21,29,control,0,0.037290033,0,dept_238_closure_2021-07-24,2021-06-25,2021-06,-1,0,0.0,253759|238|2021-07-24,-0.2768283648817187,1.9877863437271066
254482,238,2021-07-24,2021-08-21,29,treatment,1,0.43477285,0,dept_238_closure_2021-07-24,2021-06-25,2021-06,-1,0,0.034482758620689655,254482|238|2021-07-24,0.1206544521182813,1.9877863437271066
255109,238,2021-07-24,2021-08-21,29,control,0,0.03585229,0,dept_238_closure_2021-07-24,2021-06-25,2021-06,-1,0,0.0,255109|238|2021-07-24,-0.2782661078817187,1.9877863437271066
255712,238,2021-07-24,2021-08-21,29,control,0,0.9971758,1,dept_238_closure_2021-07-24,2021-06-25,2021-06,-1,0,0.1724137931034483,255712|238|2021-07-24,0.6830574021182813,1.9877863437271066
255715,238,2021-07-24,2021-08-21,29,control,0,0.70696807,1,dept_238_closure_2021-07-24,2021-06-25,2021-06,-1,0,0.06896551724137931,255715|238|2021-07-24,0.39284967211828126,1.9877863437271066
257582,238,2021-07-24,2021-08-21,29,control,0,0.9558527,1,dept_238_closure_2021-07-24,2021-06-25,2021-06,-1,0,0.034482758620689655,257582|238|2021-07-24,0.6417343021182813,1.9877863437271066
257675,238,2021-07-24,2021-08-21,29,treatment,1,0.035816487,0,dept_238_closure_2021-07-24,2021-06-25,2021-06,-1,0,0.0,257675|238|2021-07-24,-0.2783019108817187,1.9877863437271066
258501,238,2021-07-24,2021-08-21,29,control,0,0.54027075,1,dept_238_closure_2021-07-24,2021-06-25,2021-06,-1,0,0.10344827586206896,258501|238|2021-07-24,0.22615235211828133,1.9877863437271066
259201,238,2021-07-24,2021-08-21,29,control,0,0.06740152,0,dept_238_closure_2021-07-24,2021-06-25,2021-06,-1,0,0.034482758620689655,259201|238|2021-07-24,-0.2467168778817187,1.9877863437271066
259436,238,2021-07-24,2021-08-21,29,control,0,0.098948725,0,dept_238_closure_2021-07-24,2021-06-25,2021-06,-1,0,0.06896551724137931,259436|238|2021-07-24,-0.21516967288171868,1.9877863437271066
260174,238,2021-07-24,2021-08-21,29,treatment,1,0.94751245,1,dept_238_closure_2021-07-24,2021-06-25,2021-06,-1,0,0.06896551724137931,260174|238|2021-07-24,0.6333940521182813,1.9877863437271066
260286,238,2021-07-24,2021-08-21,29,treatment,1,0.5218398,1,dept_238_closure_2021-07-24,2021-06-25,2021-06,-1,0,0.10344827586206896,260286|238|2021-07-24,0.20772140211828127,1.9877863437271066
260839,238,2021-07-24,2021-08-21,29,treatment,1,0.010102081,0,dept_238_closure_2021-07-24,2021-06-25,2021-06,-1,0,0.0,260839|238|2021-07-24,-0.3040163168817187,1.9877863437271066
261896,238,2021-07-24,2021-08-21,29,control,0,0.0069239438,0,dept_238_closure_2021-07-24,2021-06-25,2021-06,-1,0,0.0,261896|238|2021-07-24,-0.3071944540817187,1.9877863437271066
262339,238,2021-07-24,2021-08-21,29,control,0,0.85462254,1,dept_238_closure_2021-07-24,2021-06-25,2021-06,-1,0,0.10344827586206896,262339|238|2021-07-24,0.5405041421182813,1.9877863437271066
262655,238,2021-07-24,2021-08-21,29,control,0,0.20226017,0,dept_238_closure_2021-07-24,2021-06-25,2021-06,-1,0,0.0,262655|238|2021-07-24,-0.1118582278817187,1.9877863437271066
263413,238,2021-07-24,2021-08-21,29,control,0,0.62163967,1,dept_238_closure_2021-07-24,2021-06-25,2021-06,-1,0,0.034482758620689655,263413|238|2021-07-24,0.3075212721182813,1.9877863437271066
264233,238,2021-07-24,2021-08-21,29,control,0,0.82888174,1,dept_238_closure_2021-07-24,2021-06-25,2021-06,-1,0,0.0,264233|238|2021-07-24,0.5147633421182813,1.9877863437271066
265311,238,2021-07-24,2021-08-21,29,treatment,1,0.060519725,0,dept_238_closure_2021-07-24,2021-06-25,2021-06,-1,0,0.0,265311|238|2021-07-24,-0.25359867288171867,1.9877863437271066
267140,238,2021-07-24,2021-08-21,29,control,0,0.9400045,1,dept_238_closure_2021-07-24,2021-06-25,2021-06,-1,0,0.034482758620689655,267140|238|2021-07-24,0.6258861021182813,1.9877863437271066
267261,238,2021-07-24,2021-08-21,29,control,0,0.15083586,0,dept_238_closure_2021-07-24,2021-06-25,2021-06,-1,0,0.0,267261|238|2021-07-24,-0.1632825378817187,1.9877863437271066
267871,238,2021-07-24,2021-08-21,29,treatment,1,0.93051547,1,dept_238_closure_2021-07-24,2021-06-25,2021-06,-1,0,0.034482758620689655,267871|238|2021-07-24,0.6163970721182813,1.9877863437271066
269737,238,2021-07-24,2021-08-21,29,control,0,0.6781224,1,dept_238_closure_2021-07-24,2021-06-25,2021-06,-1,0,0.034482758620689655,269737|238|2021-07-24,0.3640040021182813,1.9877863437271066
269803,238,2021-07-24,2021-08-21,29,treatment,1,0.011285178,0,dept_238_closure_2021-07-24,2021-06-25,2021-06,-1,0,0.0,269803|238|2021-07-24,-0.3028332198817187,1.9877863437271066
270271,238,2021-07-24,2021-08-21,29,control,0,0.06914466,0,dept_238_closure_2021-07-24,2021-06-25,2021-06,-1,0,0.0,270271|238|2021-07-24,-0.2449737378817187,1.9877863437271066
270959,238,2021-07-24,2021-08-21,29,control,0,0.009319794,0,dept_238_closure_2021-07-24,2021-06-25,2021-06,-1,0,0.0,270959|238|2021-07-24,-0.3047986038817187,1.9877863437271066
271120,238,2021-07-24,2021-08-21,29,treatment,1,0.033383463,0,dept_238_closure_2021-07-24,2021-06-25,2021-06,-1,0,0.0,271120|238|2021-07-24,-0.2807349348817187,1.9877863437271066
271612,238,2021-07-24,2021-08-21,29,control,0,0.03537781,0,dept_238_closure_2021-07-24,2021-06-25,2021-06,-1,0,0.0,271612|238|2021-07-24,-0.2787405878817187,1.9877863437271066
272700,238,2021-07-24,2021-08-21,29,treatment,1,0.017500874,0,dept_238_closure_2021-07-24,2021-06-25,2021-06,-1,0,0.0,272700|238|2021-07-24,-0.2966175238817187,1.9877863437271066
272738,238,2021-07-24,2021-08-21,29,control,0,0.4671073,0,dept_238_closure_2021-07-24,2021-06-25,2021-06,-1,0,0.0,272738|238|2021-07-24,0.1529889021182813,1.9877863437271066
273364,238,2021-07-24,2021-08-21,29,control,0,0.081027225,0,dept_238_closure_2021-07-24,2021-06-25,2021-06,-1,0,0.0,273364|238|2021-07-24,-0.2330911728817187,1.9877863437271066
273365,238,2021-07-24,2021-08-21,29,treatment,1,0.0042870925,0,dept_238_closure_2021-07-24,2021-06-25,2021-06,-1,0,0.0,273365|238|2021-07-24,-0.3098313053817187,1.9877863437271066
273366,238,2021-07-24,2021-08-21,29,control,0,0.35696933,0,dept_238_closure_2021-07-24,2021-06-25,2021-06,-1,0,0.034482758620689655,273366|238|2021-07-24,0.04285093211828128,1.9877863437271066
274156,238,2021-07-24,2021-08-21,29,control,0,0.6817014,1,dept_238_closure_2021-07-24,2021-06-25,2021-06,-1,0,0.06896551724137931,274156|238|2021-07-24,0.3675830021182813,1.9877863437271066
274245,238,2021-07-24,2021-08-21,29,control,0,0.4972459,0,dept_238_closure_2021-07-24,2021-06-25,2021-06,-1,0,0.06896551724137931,274245|238|2021-07-24,0.18312750211828133,1.9877863437271066
275298,238,2021-07-24,2021-08-21,29,treatment,1,0.7341104,1,dept_238_closure_2021-07-24,2021-06-25,2021-06,-1,0,0.034482758620689655,275298|238|2021-07-24,0.41999200211828136,1.9877863437271066
275316,238,2021-07-24,2021-08-21,29,treatment,1,0.689794,1,dept_238_closure_2021-07-24,2021-06-25,2021-06,-1,0,0.034482758620689655,275316|238|2021-07-24,0.3756756021182813,1.9877863437271066
275323,238,2021-07-24,2021-08-21,29,control,0,0.64311796,1,dept_238_closure_2021-07-24,2021-06-25,2021-06,-1,0,0.06896551724137931,275323|238|2021-07-24,0.3289995621182813,1.9877863437271066
275591,238,2021-07-24,2021-08-21,29,treatment,1,0.12581217,0,dept_238_closure_2021-07-24,2021-06-25,2021-06,-1,0,0.034482758620689655,275591|238|2021-07-24,-0.1883062278817187,1.9877863437271066
276063,238,2021-07-24,2021-08-21,29,treatment,1,0.820841,1,dept_238_closure_2021-07-24,2021-06-25,2021-06,-1,0,0.10344827586206896,276063|238|2021-07-24,0.5067226021182814,1.9877863437271066
276225,238,2021-07-24,2021-08-21,29,control,0,0.99837565,1,dept_238_closure_2021-07-24,2021-06-25,2021-06,-1,0,0.034482758620689655,276225|238|2021-07-24,0.6842572521182813,1.9877863437271066
276535,238,2021-07-24,2021-08-21,29,treatment,1,0.043086898,0,dept_238_closure_2021-07-24,2021-06-25,2021-06,-1,0,0.0,276535|238|2021-07-24,-0.2710314998817187,1.9877863437271066
276960,238,2021-07-24,2021-08-21,29,control,0,0.5038673,1,dept_238_closure_2021-07-24,2021-06-25,2021-06,-1,0,0.034482758620689655,276960|238|2021-07-24,0.18974890211828133,1.9877863437271066
277243,238,2021-07-24,2021-08-21,29,treatment,1,0.93240964,1,dept_238_closure_2021-07-24,2021-06-25,2021-06,-1,0,0.13793103448275862,277243|238|2021-07-24,0.6182912421182813,1.9877863437271066
277400,238,2021-07-24,2021-08-21,29,control,0,0.8572986,1,dept_238_closure_2021-07-24,2021-06-25,2021-06,-1,0,0.06896551724137931,277400|238|2021-07-24,0.5431802021182813,1.9877863437271066
278531,238,2021-07-24,2021-08-21,29,treatment,1,0.9051975,1,dept_238_closure_2021-07-24,2021-06-25,2021-06,-1,0,0.0,278531|238|2021-07-24,0.5910791021182813,1.9877863437271066
279168,238,2021-07-24,2021-08-21,29,control,0,0.9902574,1,dept_238_closure_2021-07-24,2021-06-25,2021-06,-1,0,0.1724137931034483,279168|238|2021-07-24,0.6761390021182813,1.9877863437271066
279789,238,2021-07-24,2021-08-21,29,control,0,0.42029685,0,dept_238_closure_2021-07-24,2021-06-25,2021-06,-1,0,0.0,279789|238|2021-07-24,0.10617845211828131,1.9877863437271066
280360,238,2021-07-24,2021-08-21,29,control,0,0.8713898,1,dept_238_closure_2021-07-24,2021-06-25,2021-06,-1,0,0.10344827586206896,280360|238|2021-07-24,0.5572714021182813,1.9877863437271066
280581,238,2021-07-24,2021-08-21,29,control,0,0.27835834,0,dept_238_closure_2021-07-24,2021-06-25,2021-06,-1,0,0.0,280581|238|2021-07-24,-0.03576005788171871,1.9877863437271066
280833,238,2021-07-24,2021-08-21,29,control,0,0.8622821,1,dept_238_closure_2021-07-24,2021-06-25,2021-06,-1,0,0.06896551724137931,280833|238|2021-07-24,0.5481637021182814,1.9877863437271066
281089,238,2021-07-24,2021-08-21,29,control,0,0.43490988,0,dept_238_closure_2021-07-24,2021-06-25,2021-06,-1,0,0.0,281089|238|2021-07-24,0.12079148211828133,1.9877863437271066
281584,238,2021-07-24,2021-08-21,29,control,0,0.52677435,1,dept_238_closure_2021-07-24,2021-06-25,2021-06,-1,0,0.034482758620689655,281584|238|2021-07-24,0.21265595211828126,1.9877863437271066
281674,238,2021-07-24,2021-08-21,29,control,0,0.046417326,0,dept_238_closure_2021-07-24,2021-06-25,2021-06,-1,0,0.034482758620689655,281674|238|2021-07-24,-0.2677010718817187,1.9877863437271066
282847,238,2021-07-24,2021-08-21,29,treatment,1,0.1297744,0,dept_238_closure_2021-07-24,2021-06-25,2021-06,-1,0,0.0,282847|238|2021-07-24,-0.18434399788171868,1.9877863437271066
283131,238,2021-07-24,2021-08-21,29,treatment,1,0.23576133,0,dept_238_closure_2021-07-24,2021-06-25,2021-06,-1,0,0.06896551724137931,283131|238|2021-07-24,-0.0783570678817187,1.9877863437271066
283688,238,2021-07-24,2021-08-21,29,treatment,1,0.6756773,1,dept_238_closure_2021-07-24,2021-06-25,2021-06,-1,0,0.06896551724137931,283688|238|2021-07-24,0.36155890211828134,1.9877863437271066
284413,238,2021-07-24,2021-08-21,29,control,0,0.11025841,0,dept_238_closure_2021-07-24,2021-06-25,2021-06,-1,0,0.034482758620689655,284413|238|2021-07-24,-0.2038599878817187,1.9877863437271066
284570,238,2021-07-24,2021-08-21,29,control,0,0.012122963,0,dept_238_closure_2021-07-24,2021-06-25,2021-06,-1,0,0.0,284570|238|2021-07-24,-0.3019954348817187,1.9877863437271066
284695,238,2021-07-24,2021-08-21,29,control,0,0.99838316,1,dept_238_closure_2021-07-24,2021-06-25,2021-06,-1,0,0.4827586206896552,284695|238|2021-07-24,0.6842647621182814,1.9877863437271066
284900,238,2021-07-24,2021-08-21,29,treatment,1,0.99919385,1,dept_238_closure_2021-07-24,2021-06-25,2021-06,-1,0,0.6896551724137931,284900|238|2021-07-24,0.6850754521182814,1.9877863437271066
285136,238,2021-07-24,2021-08-21,29,control,0,0.37555486,0,dept_238_closure_2021-07-24,2021-06-25,2021-06,-1,0,0.06896551724137931,285136|238|2021-07-24,0.0614364621182813,1.9877863437271066
285484,238,2021-07-24,2021-08-21,29,control,0,0.23546632,0,dept_238_closure_2021-07-24,2021-06-25,2021-06,-1,0,0.034482758620689655,285484|238|2021-07-24,-0.07865207788171868,1.9877863437271066
287001,238,2021-07-24,2021-08-21,29,treatment,1,0.5213133,1,dept_238_closure_2021-07-24,2021-06-25,2021-06,-1,0,0.0,287001|238|2021-07-24,0.2071949021182813,1.9877863437271066
287383,238,2021-07-24,2021-08-21,29,control,0,0.8659809,1,dept_238_closure_2021-07-24,2021-06-25,2021-06,-1,0,0.0,287383|238|2021-07-24,0.5518625021182814,1.9877863437271066
287398,238,2021-07-24,2021-08-21,29,control,0,0.08275102,0,dept_238_closure_2021-07-24,2021-06-25,2021-06,-1,0,0.0,287398|238|2021-07-24,-0.23136737788171868,1.9877863437271066
287467,238,2021-07-24,2021-08-21,29,control,0,0.47797585,0,dept_238_closure_2021-07-24,2021-06-25,2021-06,-1,0,0.0,287467|238|2021-07-24,0.1638574521182813,1.9877863437271066
288890,238,2021-07-24,2021-08-21,29,control,0,0.6793908,1,dept_238_closure_2021-07-24,2021-06-25,2021-06,-1,0,0.034482758620689655,288890|238|2021-07-24,0.36527240211828127,1.9877863437271066
290211,238,2021-07-24,2021-08-21,29,control,0,0.29262158,0,dept_238_closure_2021-07-24,2021-06-25,2021-06,-1,0,0.034482758620689655,290211|238|2021-07-24,-0.0214968178817187,1.9877863437271066
290517,238,2021-07-24,2021-08-21,29,treatment,1,0.032361858,0,dept_238_closure_2021-07-24,2021-06-25,2021-06,-1,0,0.0,290517|238|2021-07-24,-0.28175653988171867,1.9877863437271066
291428,238,2021-07-24,2021-08-21,29,control,0,0.4309495,0,dept_238_closure_2021-07-24,2021-06-25,2021-06,-1,0,0.06896551724137931,291428|238|2021-07-24,0.1168311021182813,1.9877863437271066
291443,238,2021-07-24,2021-08-21,29,control,0,0.30581313,0,dept_238_closure_2021-07-24,2021-06-25,2021-06,-1,0,0.0,291443|238|2021-07-24,-0.008305267881718703,1.9877863437271066
293145,238,2021-07-24,2021-08-21,29,control,0,0.085468814,0,dept_238_closure_2021-07-24,2021-06-25,2021-06,-1,0,0.0,293145|238|2021-07-24,-0.2286495838817187,1.9877863437271066
293674,238,2021-07-24,2021-08-21,29,control,0,0.20758899,0,dept_238_closure_2021-07-24,2021-06-25,2021-06,-1,0,0.034482758620689655,293674|238|2021-07-24,-0.10652940788171869,1.9877863437271066
293719,238,2021-07-24,2021-08-21,29,treatment,1,0.008178625,0,dept_238_closure_2021-07-24,2021-06-25,2021-06,-1,0,0.0,293719|238|2021-07-24,-0.3059397728817187,1.9877863437271066
293879,238,2021-07-24,2021-08-21,29,treatment,1,0.07963731,0,dept_238_closure_2021-07-24,2021-06-25,2021-06,-1,0,0.0,293879|238|2021-07-24,-0.23448108788171868,1.9877863437271066
294508,238,2021-07-24,2021-08-21,29,treatment,1,0.9749885,1,dept_238_closure_2021-07-24,2021-06-25,2021-06,-1,0,0.06896551724137931,294508|238|2021-07-24,0.6608701021182813,1.9877863437271066
294922,238,2021-07-24,2021-08-21,29,control,0,0.95263094,1,dept_238_closure_2021-07-24,2021-06-25,2021-06,-1,0,0.1724137931034483,294922|238|2021-07-24,0.6385125421182813,1.9877863437271066
295082,238,2021-07-24,2021-08-21,29,treatment,1,0.06875724,0,dept_238_closure_2021-07-24,2021-06-25,2021-06,-1,0,0.0,295082|238|2021-07-24,-0.2453611578817187,1.9877863437271066
295255,238,2021-07-24,2021-08-21,29,control,0,0.18730828,0,dept_238_closure_2021-07-24,2021-06-25,2021-06,-1,0,0.0,295255|238|2021-07-24,-0.1268101178817187,1.9877863437271066
295529,238,2021-07-24,2021-08-21,29,control,0,0.99866104,1,dept_238_closure_2021-07-24,2021-06-25,2021-06,-1,0,0.3448275862068966,295529|238|2021-07-24,0.6845426421182813,1.9877863437271066
296264,238,2021-07-24,2021-08-21,29,treatment,1,0.33432278,0,dept_238_closure_2021-07-24,2021-06-25,2021-06,-1,0,0.0,296264|238|2021-07-24,0.020204382118281294,1.9877863437271066
296471,238,2021-07-24,2021-08-21,29,control,0,0.25807598,0,dept_238_closure_2021-07-24,2021-06-25,2021-06,-1,0,0.06896551724137931,296471|238|2021-07-24,-0.05604241788171871,1.9877863437271066
299149,238,2021-07-24,2021-08-21,29,control,0,0.026385035,0,dept_238_closure_2021-07-24,2021-06-25,2021-06,-1,0,0.0,299149|238|2021-07-24,-0.2877333628817187,1.9877863437271066
300761,238,2021-07-24,2021-08-21,29,treatment,1,0.44642016,0,dept_238_closure_2021-07-24,2021-06-25,2021-06,-1,0,0.0,300761|238|2021-07-24,0.13230176211828132,1.9877863437271066
301156,238,2021-07-24,2021-08-21,29,treatment,1,0.011868926,0,dept_238_closure_2021-07-24,2021-06-25,2021-06,-1,0,0.034482758620689655,301156|238|2021-07-24,-0.3022494718817187,1.9877863437271066
302582,238,2021-07-24,2021-08-21,29,control,0,0.085267596,0,dept_238_closure_2021-07-24,2021-06-25,2021-06,-1,0,0.0,302582|238|2021-07-24,-0.2288508018817187,1.9877863437271066
302924,238,2021-07-24,2021-08-21,29,control,0,0.00210338,0,dept_238_closure_2021-07-24,2021-06-25,2021-06,-1,0,0.0,302924|238|2021-07-24,-0.3120150178817187,1.9877863437271066
303062,238,2021-07-24,2021-08-21,29,control,0,0.1436978,0,dept_238_closure_2021-07-24,2021-06-25,2021-06,-1,0,0.0,303062|238|2021-07-24,-0.1704205978817187,1.9877863437271066
304808,238,2021-07-24,2021-08-21,29,control,0,0.8809194,1,dept_238_closure_2021-07-24,2021-06-25,2021-06,-1,0,0.06896551724137931,304808|238|2021-07-24,0.5668010021182813,1.9877863437271066
304827,238,2021-07-24,2021-08-21,29,control,0,0.6957779,1,dept_238_closure_2021-07-24,2021-06-25,2021-06,-1,0,0.10344827586206896,304827|238|2021-07-24,0.38165950211828126,1.9877863437271066
305084,238,2021-07-24,2021-08-21,29,control,0,0.7302562,1,dept_238_closure_2021-07-24,2021-06-25,2021-06,-1,0,0.0,305084|238|2021-07-24,0.41613780211828133,1.9877863437271066
305303,238,2021-07-24,2021-08-21,29,control,0,0.05021477,0,dept_238_closure_2021-07-24,2021-06-25,2021-06,-1,0,0.034482758620689655,305303|238|2021-07-24,-0.26390362788171867,1.9877863437271066
305931,238,2021-07-24,2021-08-21,29,treatment,1,0.65441436,1,dept_238_closure_2021-07-24,2021-06-25,2021-06,-1,0,0.06896551724137931,305931|238|2021-07-24,0.3402959621182813,1.9877863437271066
306248,238,2021-07-24,2021-08-21,29,treatment,1,0.99605983,1,dept_238_closure_2021-07-24,2021-06-25,2021-06,-1,0,0.13793103448275862,306248|238|2021-07-24,0.6819414321182813,1.9877863437271066
306379,238,2021-07-24,2021-08-21,29,treatment,1,0.8512139,1,dept_238_closure_2021-07-24,2021-06-25,2021-06,-1,0,0.0,306379|238|2021-07-24,0.5370955021182813,1.9877863437271066
307794,238,2021-07-24,2021-08-21,29,control,0,0.44847584,0,dept_238_closure_2021-07-24,2021-06-25,2021-06,-1,0,0.034482758620689655,307794|238|2021-07-24,0.13435744211828132,1.9877863437271066
308119,238,2021-07-24,2021-08-21,29,treatment,1,0.97946507,1,dept_238_closure_2021-07-24,2021-06-25,2021-06,-1,0,0.13793103448275862,308119|238|2021-07-24,0.6653466721182814,1.9877863437271066
311377,238,2021-07-24,2021-08-21,29,treatment,1,0.55847454,1,dept_238_closure_2021-07-24,2021-06-25,2021-06,-1,0,0.034482758620689655,311377|238|2021-07-24,0.24435614211828127,1.9877863437271066
311466,238,2021-07-24,2021-08-21,29,control,0,0.61180615,1,dept_238_closure_2021-07-24,2021-06-25,2021-06,-1,0,0.034482758620689655,311466|238|2021-07-24,0.29768775211828136,1.9877863437271066
312750,238,2021-07-24,2021-08-21,29,treatment,1,0.15917425,0,dept_238_closure_2021-07-24,2021-06-25,2021-06,-1,0,0.0,312750|238|2021-07-24,-0.1549441478817187,1.9877863437271066
313045,238,2021-07-24,2021-08-21,29,treatment,1,0.7040676,1,dept_238_closure_2021-07-24,2021-06-25,2021-06,-1,0,0.06896551724137931,313045|238|2021-07-24,0.3899492021182813,1.9877863437271066
313086,238,2021-07-24,2021-08-21,29,control,0,0.93365705,1,dept_238_closure_2021-07-24,2021-06-25,2021-06,-1,0,0.06896551724137931,313086|238|2021-07-24,0.6195386521182813,1.9877863437271066
314997,238,2021-07-24,2021-08-21,29,treatment,1,0.4979381,0,dept_238_closure_2021-07-24,2021-06-25,2021-06,-1,0,0.0,314997|238|2021-07-24,0.1838197021182813,1.9877863437271066
315585,238,2021-07-24,2021-08-21,29,control,0,0.8689232,1,dept_238_closure_2021-07-24,2021-06-25,2021-06,-1,0,0.0,315585|238|2021-07-24,0.5548048021182813,1.9877863437271066
316132,238,2021-07-24,2021-08-21,29,treatment,1,0.030693287,0,dept_238_closure_2021-07-24,2021-06-25,2021-06,-1,0,0.0,316132|238|2021-07-24,-0.2834251108817187,1.9877863437271066
316264,238,2021-07-24,2021-08-21,29,control,0,0.7470335,1,dept_238_closure_2021-07-24,2021-06-25,2021-06,-1,0,0.10344827586206896,316264|238|2021-07-24,0.4329151021182813,1.9877863437271066
317623,238,2021-07-24,2021-08-21,29,control,0,0.99049383,1,dept_238_closure_2021-07-24,2021-06-25,2021-06,-1,0,0.20689655172413793,317623|238|2021-07-24,0.6763754321182813,1.9877863437271066
317952,238,2021-07-24,2021-08-21,29,control,0,0.04305168,0,dept_238_closure_2021-07-24,2021-06-25,2021-06,-1,0,0.0,317952|238|2021-07-24,-0.2710667178817187,1.9877863437271066
317994,238,2021-07-24,2021-08-21,29,treatment,1,0.4060931,0,dept_238_closure_2021-07-24,2021-06-25,2021-06,-1,0,0.034482758620689655,317994|238|2021-07-24,0.09197470211828129,1.9877863437271066
319918,238,2021-07-24,2021-08-21,29,control,0,0.23384152,0,dept_238_closure_2021-07-24,2021-06-25,2021-06,-1,0,0.0,319918|238|2021-07-24,-0.0802768778817187,1.9877863437271066
319935,238,2021-07-24,2021-08-21,29,control,0,0.7160923,1,dept_238_closure_2021-07-24,2021-06-25,2021-06,-1,0,0.13793103448275862,319935|238|2021-07-24,0.4019739021182813,1.9877863437271066
320069,238,2021-07-24,2021-08-21,29,control,0,0.745549,1,dept_238_closure_2021-07-24,2021-06-25,2021-06,-1,0,0.034482758620689655,320069|238|2021-07-24,0.4314306021182813,1.9877863437271066
322346,238,2021-07-24,2021-08-21,29,control,0,0.9903467,1,dept_238_closure_2021-07-24,2021-06-25,2021-06,-1,0,0.20689655172413793,322346|238|2021-07-24,0.6762283021182813,1.9877863437271066
324396,238,2021-07-24,2021-08-21,29,control,0,0.5288183,1,dept_238_closure_2021-07-24,2021-06-25,2021-06,-1,0,0.0,324396|238|2021-07-24,0.21469990211828127,1.9877863437271066
324900,238,2021-07-24,2021-08-21,29,control,0,0.027595555,0,dept_238_closure_2021-07-24,2021-06-25,2021-06,-1,0,0.0,324900|238|2021-07-24,-0.2865228428817187,1.9877863437271066
324915,238,2021-07-24,2021-08-21,29,treatment,1,0.013242983,0,dept_238_closure_2021-07-24,2021-06-25,2021-06,-1,0,0.0,324915|238|2021-07-24,-0.3008754148817187,1.9877863437271066
324955,238,2021-07-24,2021-08-21,29,control,0,0.18802841,0,dept_238_closure_2021-07-24,2021-06-25,2021-06,-1,0,0.0,324955|238|2021-07-24,-0.12608998788171868,1.9877863437271066
326113,238,2021-07-24,2021-08-21,29,control,0,0.30766487,0,dept_238_closure_2021-07-24,2021-06-25,2021-06,-1,0,0.0,326113|238|2021-07-24,-0.0064535278817187125,1.9877863437271066
327083,238,2021-07-24,2021-08-21,29,treatment,1,0.844845,1,dept_238_closure_2021-07-24,2021-06-25,2021-06,-1,0,0.0,327083|238|2021-07-24,0.5307266021182813,1.9877863437271066
328466,238,2021-07-24,2021-08-21,29,treatment,1,0.49280155,0,dept_238_closure_2021-07-24,2021-06-25,2021-06,-1,0,0.06896551724137931,328466|238|2021-07-24,0.17868315211828129,1.9877863437271066
328695,238,2021-07-24,2021-08-21,29,treatment,1,0.8616298,1,dept_238_closure_2021-07-24,2021-06-25,2021-06,-1,0,0.13793103448275862,328695|238|2021-07-24,0.5475114021182813,1.9877863437271066
329972,238,2021-07-24,2021-08-21,29,treatment,1,0.4458199,0,dept_238_closure_2021-07-24,2021-06-25,2021-06,-1,0,0.034482758620689655,329972|238|2021-07-24,0.1317015021182813,1.9877863437271066
330812,238,2021-07-24,2021-08-21,29,control,0,0.12345998,0,dept_238_closure_2021-07-24,2021-06-25,2021-06,-1,0,0.0,330812|238|2021-07-24,-0.1906584178817187,1.9877863437271066
330846,238,2021-07-24,2021-08-21,29,control,0,0.9299985,1,dept_238_closure_2021-07-24,2021-06-25,2021-06,-1,0,0.10344827586206896,330846|238|2021-07-24,0.6158801021182813,1.9877863437271066
331343,238,2021-07-24,2021-08-21,29,treatment,1,0.9792211,1,dept_238_closure_2021-07-24,2021-06-25,2021-06,-1,0,0.10344827586206896,331343|238|2021-07-24,0.6651027021182813,1.9877863437271066
331399,238,2021-07-24,2021-08-21,29,control,0,0.17499378,0,dept_238_closure_2021-07-24,2021-06-25,2021-06,-1,0,0.0,331399|238|2021-07-24,-0.1391246178817187,1.9877863437271066
331422,238,2021-07-24,2021-08-21,29,control,0,0.01752625,0,dept_238_closure_2021-07-24,2021-06-25,2021-06,-1,0,0.0,331422|238|2021-07-24,-0.29659214788171867,1.9877863437271066
331972,238,2021-07-24,2021-08-21,29,control,0,0.9734986,1,dept_238_closure_2021-07-24,2021-06-25,2021-06,-1,0,0.4482758620689655,331972|238|2021-07-24,0.6593802021182813,1.9877863437271066
332147,238,2021-07-24,2021-08-21,29,treatment,1,0.9860318,1,dept_238_closure_2021-07-24,2021-06-25,2021-06,-1,0,0.27586206896551724,332147|238|2021-07-24,0.6719134021182813,1.9877863437271066
332683,238,2021-07-24,2021-08-21,29,control,0,0.5863811,1,dept_238_closure_2021-07-24,2021-06-25,2021-06,-1,0,0.06896551724137931,332683|238|2021-07-24,0.2722627021182813,1.9877863437271066
333024,238,2021-07-24,2021-08-21,29,control,0,0.020656038,0,dept_238_closure_2021-07-24,2021-06-25,2021-06,-1,0,0.0,333024|238|2021-07-24,-0.2934623598817187,1.9877863437271066
333081,238,2021-07-24,2021-08-21,29,control,0,0.043884423,0,dept_238_closure_2021-07-24,2021-06-25,2021-06,-1,0,0.0,333081|238|2021-07-24,-0.2702339748817187,1.9877863437271066
333260,238,2021-07-24,2021-08-21,29,control,0,0.2608026,0,dept_238_closure_2021-07-24,2021-06-25,2021-06,-1,0,0.0,333260|238|2021-07-24,-0.053315797881718696,1.9877863437271066
333336,238,2021-07-24,2021-08-21,29,control,0,0.3430464,0,dept_238_closure_2021-07-24,2021-06-25,2021-06,-1,0,0.06896551724137931,333336|238|2021-07-24,0.028928002118281282,1.9877863437271066
333363,238,2021-07-24,2021-08-21,29,control,0,0.11383678,0,dept_238_closure_2021-07-24,2021-06-25,2021-06,-1,0,0.0,333363|238|2021-07-24,-0.2002816178817187,1.9877863437271066
333680,238,2021-07-24,2021-08-21,29,treatment,1,0.018987766,0,dept_238_closure_2021-07-24,2021-06-25,2021-06,-1,0,0.0,333680|238|2021-07-24,-0.2951306318817187,1.9877863437271066
334384,238,2021-07-24,2021-08-21,29,control,0,0.00614848,0,dept_238_closure_2021-07-24,2021-06-25,2021-06,-1,0,0.0,334384|238|2021-07-24,-0.3079699178817187,1.9877863437271066
334419,238,2021-07-24,2021-08-21,29,control,0,0.29293156,0,dept_238_closure_2021-07-24,2021-06-25,2021-06,-1,0,0.034482758620689655,334419|238|2021-07-24,-0.021186837881718712,1.9877863437271066
334888,238,2021-07-24,2021-08-21,29,control,0,0.61872566,1,dept_238_closure_2021-07-24,2021-06-25,2021-06,-1,0,0.10344827586206896,334888|238|2021-07-24,0.30460726211828126,1.9877863437271066
335120,238,2021-07-24,2021-08-21,29,control,0,0.9023005,1,dept_238_closure_2021-07-24,2021-06-25,2021-06,-1,0,0.0,335120|238|2021-07-24,0.5881821021182813,1.9877863437271066
336800,238,2021-07-24,2021-08-21,29,control,0,0.08213107,0,dept_238_closure_2021-07-24,2021-06-25,2021-06,-1,0,0.034482758620689655,336800|238|2021-07-24,-0.2319873278817187,1.9877863437271066
336902,238,2021-07-24,2021-08-21,29,control,0,0.5738707,1,dept_238_closure_2021-07-24,2021-06-25,2021-06,-1,0,0.034482758620689655,336902|238|2021-07-24,0.25975230211828126,1.9877863437271066
336926,238,2021-07-24,2021-08-21,29,control,0,0.051805012,0,dept_238_closure_2021-07-24,2021-06-25,2021-06,-1,0,0.0,336926|238|2021-07-24,-0.2623133858817187,1.9877863437271066
337040,238,2021-07-24,2021-08-21,29,control,0,0.30429426,0,dept_238_closure_2021-07-24,2021-06-25,2021-06,-1,0,0.06896551724137931,337040|238|2021-07-24,-0.009824137881718709,1.9877863437271066
338037,238,2021-07-24,2021-08-21,29,control,0,0.06166887,0,dept_238_closure_2021-07-24,2021-06-25,2021-06,-1,0,0.0,338037|238|2021-07-24,-0.2524495278817187,1.9877863437271066
338741,238,2021-07-24,2021-08-21,29,control,0,0.997785,1,dept_238_closure_2021-07-24,2021-06-25,2021-06,-1,0,0.4827586206896552,338741|238|2021-07-24,0.6836666021182813,1.9877863437271066
339597,238,2021-07-24,2021-08-21,29,control,0,0.7860395,1,dept_238_closure_2021-07-24,2021-06-25,2021-06,-1,0,0.0,339597|238|2021-07-24,0.4719211021182813,1.9877863437271066
339853,238,2021-07-24,2021-08-21,29,control,0,0.04344369,0,dept_238_closure_2021-07-24,2021-06-25,2021-06,-1,0,0.06896551724137931,339853|238|2021-07-24,-0.2706747078817187,1.9877863437271066
339927,238,2021-07-24,2021-08-21,29,treatment,1,0.60086775,1,dept_238_closure_2021-07-24,2021-06-25,2021-06,-1,0,0.0,339927|238|2021-07-24,0.28674935211828134,1.9877863437271066
340934,238,2021-07-24,2021-08-21,29,control,0,0.13012883,0,dept_238_closure_2021-07-24,2021-06-25,2021-06,-1,0,0.034482758620689655,340934|238|2021-07-24,-0.1839895678817187,1.9877863437271066
341080,238,2021-07-24,2021-08-21,29,control,0,0.07941489,0,dept_238_closure_2021-07-24,2021-06-25,2021-06,-1,0,0.034482758620689655,341080|238|2021-07-24,-0.23470350788171868,1.9877863437271066
341817,238,2021-07-24,2021-08-21,29,treatment,1,0.029007263,0,dept_238_closure_2021-07-24,2021-06-25,2021-06,-1,0,0.0,341817|238|2021-07-24,-0.2851111348817187,1.9877863437271066
342355,238,2021-07-24,2021-08-21,29,control,0,0.010888479,0,dept_238_closure_2021-07-24,2021-06-25,2021-06,-1,0,0.0,342355|238|2021-07-24,-0.3032299188817187,1.9877863437271066
344054,238,2021-07-24,2021-08-21,29,control,0,0.4492411,0,dept_238_closure_2021-07-24,2021-06-25,2021-06,-1,0,0.034482758620689655,344054|238|2021-07-24,0.1351227021182813,1.9877863437271066
344205,238,2021-07-24,2021-08-21,29,control,0,0.32542863,0,dept_238_closure_2021-07-24,2021-06-25,2021-06,-1,0,0.0,344205|238|2021-07-24,0.011310232118281305,1.9877863437271066
344386,238,2021-07-24,2021-08-21,29,treatment,1,0.30190793,0,dept_238_closure_2021-07-24,2021-06-25,2021-06,-1,0,0.0,344386|238|2021-07-24,-0.0122104678817187,1.9877863437271066
344489,238,2021-07-24,2021-08-21,29,treatment,1,0.024156857,0,dept_238_closure_2021-07-24,2021-06-25,2021-06,-1,0,0.034482758620689655,344489|238|2021-07-24,-0.2899615408817187,1.9877863437271066
345824,238,2021-07-24,2021-08-21,29,treatment,1,0.7471197,1,dept_238_closure_2021-07-24,2021-06-25,2021-06,-1,0,0.0,345824|238|2021-07-24,0.43300130211828136,1.9877863437271066
346465,238,2021-07-24,2021-08-21,29,control,0,0.81768554,1,dept_238_closure_2021-07-24,2021-06-25,2021-06,-1,0,0.10344827586206896,346465|238|2021-07-24,0.5035671421182814,1.9877863437271066
347528,238,2021-07-24,2021-08-21,29,control,0,0.39105323,0,dept_238_closure_2021-07-24,2021-06-25,2021-06,-1,0,0.0,347528|238|2021-07-24,0.07693483211828128,1.9877863437271066
349098,238,2021-07-24,2021-08-21,29,control,0,0.24636349,0,dept_238_closure_2021-07-24,2021-06-25,2021-06,-1,0,0.06896551724137931,349098|238|2021-07-24,-0.0677549078817187,1.9877863437271066
349718,238,2021-07-24,2021-08-21,29,control,0,0.9298507,1,dept_238_closure_2021-07-24,2021-06-25,2021-06,-1,0,0.20689655172413793,349718|238|2021-07-24,0.6157323021182813,1.9877863437271066
349862,238,2021-07-24,2021-08-21,29,control,0,0.9997943,1,dept_238_closure_2021-07-24,2021-06-25,2021-06,-1,0,0.20689655172413793,349862|238|2021-07-24,0.6856759021182813,1.9877863437271066
350069,238,2021-07-24,2021-08-21,29,treatment,1,0.83596677,1,dept_238_closure_2021-07-24,2021-06-25,2021-06,-1,0,0.10344827586206896,350069|238|2021-07-24,0.5218483721182813,1.9877863437271066
350476,238,2021-07-24,2021-08-21,29,treatment,1,0.75244397,1,dept_238_closure_2021-07-24,2021-06-25,2021-06,-1,0,0.034482758620689655,350476|238|2021-07-24,0.43832557211828127,1.9877863437271066
350566,238,2021-07-24,2021-08-21,29,control,0,0.2373414,0,dept_238_closure_2021-07-24,2021-06-25,2021-06,-1,0,0.0,350566|238|2021-07-24,-0.07677699788171868,1.9877863437271066
351190,238,2021-07-24,2021-08-21,29,treatment,1,0.02809672,0,dept_238_closure_2021-07-24,2021-06-25,2021-06,-1,0,0.0,351190|238|2021-07-24,-0.28602167788171867,1.9877863437271066
351259,238,2021-07-24,2021-08-21,29,treatment,1,0.8210817,1,dept_238_closure_2021-07-24,2021-06-25,2021-06,-1,0,0.0,351259|238|2021-07-24,0.5069633021182813,1.9877863437271066
351982,238,2021-07-24,2021-08-21,29,treatment,1,0.9657071,1,dept_238_closure_2021-07-24,2021-06-25,2021-06,-1,0,0.10344827586206896,351982|238|2021-07-24,0.6515887021182813,1.9877863437271066
352139,238,2021-07-24,2021-08-21,29,treatment,1,0.97710025,1,dept_238_closure_2021-07-24,2021-06-25,2021-06,-1,0,0.13793103448275862,352139|238|2021-07-24,0.6629818521182813,1.9877863437271066
352409,238,2021-07-24,2021-08-21,29,control,0,0.00609413,0,dept_238_closure_2021-07-24,2021-06-25,2021-06,-1,0,0.0,352409|238|2021-07-24,-0.3080242678817187,1.9877863437271066
352523,238,2021-07-24,2021-08-21,29,control,0,0.6858677,1,dept_238_closure_2021-07-24,2021-06-25,2021-06,-1,0,0.0,352523|238|2021-07-24,0.3717493021182813,1.9877863437271066
353412,238,2021-07-24,2021-08-21,29,control,0,0.41846785,0,dept_238_closure_2021-07-24,2021-06-25,2021-06,-1,0,0.0,353412|238|2021-07-24,0.10434945211828128,1.9877863437271066
353745,238,2021-07-24,2021-08-21,29,treatment,1,0.1628985,0,dept_238_closure_2021-07-24,2021-06-25,2021-06,-1,0,0.0,353745|238|2021-07-24,-0.1512198978817187,1.9877863437271066
355144,238,2021-07-24,2021-08-21,29,treatment,1,0.9981852,1,dept_238_closure_2021-07-24,2021-06-25,2021-06,-1,0,0.13793103448275862,355144|238|2021-07-24,0.6840668021182813,1.9877863437271066
355819,238,2021-07-24,2021-08-21,29,control,0,0.0075639817,0,dept_238_closure_2021-07-24,2021-06-25,2021-06,-1,0,0.0,355819|238|2021-07-24,-0.3065544161817187,1.9877863437271066
356382,238,2021-07-24,2021-08-21,29,treatment,1,0.9729258,1,dept_238_closure_2021-07-24,2021-06-25,2021-06,-1,0,0.034482758620689655,356382|238|2021-07-24,0.6588074021182813,1.9877863437271066
357578,238,2021-07-24,2021-08-21,29,treatment,1,0.9147175,1,dept_238_closure_2021-07-24,2021-06-25,2021-06,-1,0,0.1724137931034483,357578|238|2021-07-24,0.6005991021182813,1.9877863437271066
358175,238,2021-07-24,2021-08-21,29,control,0,0.26657164,0,dept_238_closure_2021-07-24,2021-06-25,2021-06,-1,0,0.0,358175|238|2021-07-24,-0.04754675788171869,1.9877863437271066
358180,238,2021-07-24,2021-08-21,29,control,0,0.0114697255,0,dept_238_closure_2021-07-24,2021-06-25,2021-06,-1,0,0.0,358180|238|2021-07-24,-0.30264867238171866,1.9877863437271066
358471,238,2021-07-24,2021-08-21,29,treatment,1,0.019262616,0,dept_238_closure_2021-07-24,2021-06-25,2021-06,-1,0,0.0,358471|238|2021-07-24,-0.2948557818817187,1.9877863437271066
360470,238,2021-07-24,2021-08-21,29,control,0,0.5220629,1,dept_238_closure_2021-07-24,2021-06-25,2021-06,-1,0,0.0,360470|238|2021-07-24,0.2079445021182813,1.9877863437271066
360770,238,2021-07-24,2021-08-21,29,treatment,1,0.10833873,0,dept_238_closure_2021-07-24,2021-06-25,2021-06,-1,0,0.0,360770|238|2021-07-24,-0.2057796678817187,1.9877863437271066
360772,238,2021-07-24,2021-08-21,29,control,0,0.9262047,1,dept_238_closure_2021-07-24,2021-06-25,2021-06,-1,0,0.034482758620689655,360772|238|2021-07-24,0.6120863021182813,1.9877863437271066
360801,238,2021-07-24,2021-08-21,29,control,0,0.8254658,1,dept_238_closure_2021-07-24,2021-06-25,2021-06,-1,0,0.06896551724137931,360801|238|2021-07-24,0.5113474021182813,1.9877863437271066
360949,238,2021-07-24,2021-08-21,29,control,0,0.34140372,0,dept_238_closure_2021-07-24,2021-06-25,2021-06,-1,0,0.0,360949|238|2021-07-24,0.02728532211828133,1.9877863437271066
362103,238,2021-07-24,2021-08-21,29,control,0,0.45768145,0,dept_238_closure_2021-07-24,2021-06-25,2021-06,-1,0,0.034482758620689655,362103|238|2021-07-24,0.1435630521182813,1.9877863437271066
362162,238,2021-07-24,2021-08-21,29,treatment,1,0.019729795,0,dept_238_closure_2021-07-24,2021-06-25,2021-06,-1,0,0.0,362162|238|2021-07-24,-0.2943886028817187,1.9877863437271066
363104,238,2021-07-24,2021-08-21,29,control,0,0.24200875,0,dept_238_closure_2021-07-24,2021-06-25,2021-06,-1,0,0.0,363104|238|2021-07-24,-0.0721096478817187,1.9877863437271066
363148,238,2021-07-24,2021-08-21,29,treatment,1,0.0050556906,0,dept_238_closure_2021-07-24,2021-06-25,2021-06,-1,0,0.0,363148|238|2021-07-24,-0.3090627072817187,1.9877863437271066
363196,238,2021-07-24,2021-08-21,29,control,0,0.17444931,0,dept_238_closure_2021-07-24,2021-06-25,2021-06,-1,0,0.034482758620689655,363196|238|2021-07-24,-0.1396690878817187,1.9877863437271066
363715,238,2021-07-24,2021-08-21,29,treatment,1,0.9891538,1,dept_238_closure_2021-07-24,2021-06-25,2021-06,-1,0,0.10344827586206896,363715|238|2021-07-24,0.6750354021182813,1.9877863437271066
363960,238,2021-07-24,2021-08-21,29,treatment,1,0.89301157,1,dept_238_closure_2021-07-24,2021-06-25,2021-06,-1,0,0.06896551724137931,363960|238|2021-07-24,0.5788931721182813,1.9877863437271066
365178,238,2021-07-24,2021-08-21,29,treatment,1,0.90497893,1,dept_238_closure_2021-07-24,2021-06-25,2021-06,-1,0,0.06896551724137931,365178|238|2021-07-24,0.5908605321182813,1.9877863437271066
365256,238,2021-07-24,2021-08-21,29,treatment,1,0.6612635,1,dept_238_closure_2021-07-24,2021-06-25,2021-06,-1,0,0.034482758620689655,365256|238|2021-07-24,0.3471451021182813,1.9877863437271066
366934,238,2021-07-24,2021-08-21,29,treatment,1,0.9898436,1,dept_238_closure_2021-07-24,2021-06-25,2021-06,-1,0,0.0,366934|238|2021-07-24,0.6757252021182814,1.9877863437271066
367784,238,2021-07-24,2021-08-21,29,treatment,1,0.0043108347,0,dept_238_closure_2021-07-24,2021-06-25,2021-06,-1,0,0.0,367784|238|2021-07-24,-0.3098075631817187,1.9877863437271066
368749,238,2021-07-24,2021-08-21,29,treatment,1,0.66406757,1,dept_238_closure_2021-07-24,2021-06-25,2021-06,-1,0,0.034482758620689655,368749|238|2021-07-24,0.34994917211828136,1.9877863437271066
368847,238,2021-07-24,2021-08-21,29,treatment,1,0.22592704,0,dept_238_closure_2021-07-24,2021-06-25,2021-06,-1,0,0.10344827586206896,368847|238|2021-07-24,-0.0881913578817187,1.9877863437271066
368894,238,2021-07-24,2021-08-21,29,treatment,1,0.25848126,0,dept_238_closure_2021-07-24,2021-06-25,2021-06,-1,0,0.0,368894|238|2021-07-24,-0.0556371378817187,1.9877863437271066
369391,238,2021-07-24,2021-08-21,29,treatment,1,0.8401913,1,dept_238_closure_2021-07-24,2021-06-25,2021-06,-1,0,0.06896551724137931,369391|238|2021-07-24,0.5260729021182813,1.9877863437271066
371578,238,2021-07-24,2021-08-21,29,treatment,1,0.021278366,0,dept_238_closure_2021-07-24,2021-06-25,2021-06,-1,0,0.0,371578|238|2021-07-24,-0.2928400318817187,1.9877863437271066
371836,238,2021-07-24,2021-08-21,29,control,0,0.008070542,0,dept_238_closure_2021-07-24,2021-06-25,2021-06,-1,0,0.0,371836|238|2021-07-24,-0.3060478558817187,1.9877863437271066
372772,238,2021-07-24,2021-08-21,29,treatment,1,0.76706856,1,dept_238_closure_2021-07-24,2021-06-25,2021-06,-1,0,0.06896551724137931,372772|238|2021-07-24,0.4529501621182813,1.9877863437271066
373555,238,2021-07-24,2021-08-21,29,treatment,1,0.82523,1,dept_238_closure_2021-07-24,2021-06-25,2021-06,-1,0,0.0,373555|238|2021-07-24,0.5111116021182813,1.9877863437271066
373796,238,2021-07-24,2021-08-21,29,treatment,1,0.94000894,1,dept_238_closure_2021-07-24,2021-06-25,2021-06,-1,0,0.1724137931034483,373796|238|2021-07-24,0.6258905421182813,1.9877863437271066
374922,238,2021-07-24,2021-08-21,29,treatment,1,0.97028226,1,dept_238_closure_2021-07-24,2021-06-25,2021-06,-1,0,0.10344827586206896,374922|238|2021-07-24,0.6561638621182813,1.9877863437271066
375014,238,2021-07-24,2021-08-21,29,control,0,0.99840075,1,dept_238_closure_2021-07-24,2021-06-25,2021-06,-1,0,0.7241379310344828,375014|238|2021-07-24,0.6842823521182813,1.9877863437271066
375845,238,2021-07-24,2021-08-21,29,control,0,0.5859306,1,dept_238_closure_2021-07-24,2021-06-25,2021-06,-1,0,0.034482758620689655,375845|238|2021-07-24,0.2718122021182813,1.9877863437271066
376279,238,2021-07-24,2021-08-21,29,treatment,1,0.06727812,0,dept_238_closure_2021-07-24,2021-06-25,2021-06,-1,0,0.0,376279|238|2021-07-24,-0.2468402778817187,1.9877863437271066
376363,238,2021-07-24,2021-08-21,29,control,0,0.17292497,0,dept_238_closure_2021-07-24,2021-06-25,2021-06,-1,0,0.0,376363|238|2021-07-24,-0.14119342788171868,1.9877863437271066
376862,238,2021-07-24,2021-08-21,29,treatment,1,0.013768202,0,dept_238_closure_2021-07-24,2021-06-25,2021-06,-1,0,0.0,376862|238|2021-07-24,-0.3003501958817187,1.9877863437271066
377617,238,2021-07-24,2021-08-21,29,control,0,0.0662922,0,dept_238_closure_2021-07-24,2021-06-25,2021-06,-1,0,0.0,377617|238|2021-07-24,-0.2478261978817187,1.9877863437271066
377686,238,2021-07-24,2021-08-21,29,control,0,0.5871746,1,dept_238_closure_2021-07-24,2021-06-25,2021-06,-1,0,0.034482758620689655,377686|238|2021-07-24,0.2730562021182813,1.9877863437271066
377879,238,2021-07-24,2021-08-21,29,control,0,0.14292632,0,dept_238_closure_2021-07-24,2021-06-25,2021-06,-1,0,0.0,377879|238|2021-07-24,-0.1711920778817187,1.9877863437271066
378992,238,2021-07-24,2021-08-21,29,treatment,1,0.95436,1,dept_238_closure_2021-07-24,2021-06-25,2021-06,-1,0,0.10344827586206896,378992|238|2021-07-24,0.6402416021182813,1.9877863437271066
380061,238,2021-07-24,2021-08-21,29,treatment,1,0.9728881,1,dept_238_closure_2021-07-24,2021-06-25,2021-06,-1,0,0.06896551724137931,380061|238|2021-07-24,0.6587697021182813,1.9877863437271066
380771,238,2021-07-24,2021-08-21,29,treatment,1,0.80663043,1,dept_238_closure_2021-07-24,2021-06-25,2021-06,-1,0,0.0,380771|238|2021-07-24,0.4925120321182813,1.9877863437271066
380939,238,2021-07-24,2021-08-21,29,control,0,0.402747,0,dept_238_closure_2021-07-24,2021-06-25,2021-06,-1,0,0.0,380939|238|2021-07-24,0.08862860211828133,1.9877863437271066
381133,238,2021-07-24,2021-08-21,29,treatment,1,0.8314753,1,dept_238_closure_2021-07-24,2021-06-25,2021-06,-1,0,0.034482758620689655,381133|238|2021-07-24,0.5173569021182813,1.9877863437271066
381897,238,2021-07-24,2021-08-21,29,control,0,0.7911073,1,dept_238_closure_2021-07-24,2021-06-25,2021-06,-1,0,0.0,381897|238|2021-07-24,0.47698890211828127,1.9877863437271066
382007,238,2021-07-24,2021-08-21,29,control,0,0.9427605,1,dept_238_closure_2021-07-24,2021-06-25,2021-06,-1,0,0.034482758620689655,382007|238|2021-07-24,0.6286421021182813,1.9877863437271066
382080,238,2021-07-24,2021-08-21,29,treatment,1,0.5691741,1,dept_238_closure_2021-07-24,2021-06-25,2021-06,-1,0,0.034482758620689655,382080|238|2021-07-24,0.2550557021182813,1.9877863437271066
382111,238,2021-07-24,2021-08-21,29,control,0,0.53853524,1,dept_238_closure_2021-07-24,2021-06-25,2021-06,-1,0,0.0,382111|238|2021-07-24,0.22441684211828128,1.9877863437271066
383280,238,2021-07-24,2021-08-21,29,treatment,1,0.96565354,1,dept_238_closure_2021-07-24,2021-06-25,2021-06,-1,0,0.10344827586206896,383280|238|2021-07-24,0.6515351421182813,1.9877863437271066
383942,238,2021-07-24,2021-08-21,29,control,0,0.89337844,1,dept_238_closure_2021-07-24,2021-06-25,2021-06,-1,0,0.034482758620689655,383942|238|2021-07-24,0.5792600421182813,1.9877863437271066
384489,238,2021-07-24,2021-08-21,29,treatment,1,0.25039804,0,dept_238_closure_2021-07-24,2021-06-25,2021-06,-1,0,0.034482758620689655,384489|238|2021-07-24,-0.0637203578817187,1.9877863437271066
385373,238,2021-07-24,2021-08-21,29,control,0,0.6949841,1,dept_238_closure_2021-07-24,2021-06-25,2021-06,-1,0,0.0,385373|238|2021-07-24,0.3808657021182813,1.9877863437271066
385399,238,2021-07-24,2021-08-21,29,control,0,0.006754624,0,dept_238_closure_2021-07-24,2021-06-25,2021-06,-1,0,0.0,385399|238|2021-07-24,-0.3073637738817187,1.9877863437271066
387683,238,2021-07-24,2021-08-21,29,treatment,1,0.90493226,1,dept_238_closure_2021-07-24,2021-06-25,2021-06,-1,0,0.0,387683|238|2021-07-24,0.5908138621182814,1.9877863437271066
388289,238,2021-07-24,2021-08-21,29,control,0,0.95303583,1,dept_238_closure_2021-07-24,2021-06-25,2021-06,-1,0,0.1724137931034483,388289|238|2021-07-24,0.6389174321182813,1.9877863437271066
389146,238,2021-07-24,2021-08-21,29,treatment,1,0.993291,1,dept_238_closure_2021-07-24,2021-06-25,2021-06,-1,0,0.2413793103448276,389146|238|2021-07-24,0.6791726021182813,1.9877863437271066
389778,238,2021-07-24,2021-08-21,29,treatment,1,0.93767464,1,dept_238_closure_2021-07-24,2021-06-25,2021-06,-1,0,0.0,389778|238|2021-07-24,0.6235562421182813,1.9877863437271066
391340,238,2021-07-24,2021-08-21,29,treatment,1,0.9916585,1,dept_238_closure_2021-07-24,2021-06-25,2021-06,-1,0,0.10344827586206896,391340|238|2021-07-24,0.6775401021182813,1.9877863437271066
391560,238,2021-07-24,2021-08-21,29,control,0,0.013491376,0,dept_238_closure_2021-07-24,2021-06-25,2021-06,-1,0,0.0,391560|238|2021-07-24,-0.3006270218817187,1.9877863437271066
392499,238,2021-07-24,2021-08-21,29,control,0,0.54746056,1,dept_238_closure_2021-07-24,2021-06-25,2021-06,-1,0,0.034482758620689655,392499|238|2021-07-24,0.2333421621182813,1.9877863437271066
392918,238,2021-07-24,2021-08-21,29,control,0,0.021512067,0,dept_238_closure_2021-07-24,2021-06-25,2021-06,-1,0,0.0,392918|238|2021-07-24,-0.29260633088171867,1.9877863437271066
393310,238,2021-07-24,2021-08-21,29,control,0,0.97773075,1,dept_238_closure_2021-07-24,2021-06-25,2021-06,-1,0,0.0,393310|238|2021-07-24,0.6636123521182813,1.9877863437271066
393315,238,2021-07-24,2021-08-21,29,treatment,1,0.7595559,1,dept_238_closure_2021-07-24,2021-06-25,2021-06,-1,0,0.06896551724137931,393315|238|2021-07-24,0.44543750211828126,1.9877863437271066
393317,238,2021-07-24,2021-08-21,29,control,0,0.542583,1,dept_238_closure_2021-07-24,2021-06-25,2021-06,-1,0,0.034482758620689655,393317|238|2021-07-24,0.22846460211828135,1.9877863437271066
393907,238,2021-07-24,2021-08-21,29,control,0,0.042690802,0,dept_238_closure_2021-07-24,2021-06-25,2021-06,-1,0,0.06896551724137931,393907|238|2021-07-24,-0.2714275958817187,1.9877863437271066
394779,238,2021-07-24,2021-08-21,29,control,0,0.0076205325,0,dept_238_closure_2021-07-24,2021-06-25,2021-06,-1,0,0.0,394779|238|2021-07-24,-0.3064978653817187,1.9877863437271066
395204,238,2021-07-24,2021-08-21,29,control,0,0.39602068,0,dept_238_closure_2021-07-24,2021-06-25,2021-06,-1,0,0.0,395204|238|2021-07-24,0.08190228211828132,1.9877863437271066
395607,238,2021-07-24,2021-08-21,29,control,0,0.41663784,0,dept_238_closure_2021-07-24,2021-06-25,2021-06,-1,0,0.1724137931034483,395607|238|2021-07-24,0.10251944211828129,1.9877863437271066
396942,238,2021-07-24,2021-08-21,29,control,0,0.059985835,0,dept_238_closure_2021-07-24,2021-06-25,2021-06,-1,0,0.034482758620689655,396942|238|2021-07-24,-0.2541325628817187,1.9877863437271066
397034,238,2021-07-24,2021-08-21,29,treatment,1,0.22339806,0,dept_238_closure_2021-07-24,2021-06-25,2021-06,-1,0,0.0,397034|238|2021-07-24,-0.09072033788171868,1.9877863437271066
397619,238,2021-07-24,2021-08-21,29,treatment,1,0.993218,1,dept_238_closure_2021-07-24,2021-06-25,2021-06,-1,0,0.034482758620689655,397619|238|2021-07-24,0.6790996021182814,1.9877863437271066
397837,238,2021-07-24,2021-08-21,29,control,0,0.37932563,0,dept_238_closure_2021-07-24,2021-06-25,2021-06,-1,0,0.0,397837|238|2021-07-24,0.06520723211828133,1.9877863437271066
397941,238,2021-07-24,2021-08-21,29,treatment,1,0.020058334,0,dept_238_closure_2021-07-24,2021-06-25,2021-06,-1,0,0.0,397941|238|2021-07-24,-0.2940600638817187,1.9877863437271066
398438,238,2021-07-24,2021-08-21,29,control,0,0.33507788,0,dept_238_closure_2021-07-24,2021-06-25,2021-06,-1,0,0.0,398438|238|2021-07-24,0.020959482118281303,1.9877863437271066
398560,238,2021-07-24,2021-08-21,29,control,0,0.7732779,1,dept_238_closure_2021-07-24,2021-06-25,2021-06,-1,0,0.0,398560|238|2021-07-24,0.45915950211828127,1.9877863437271066
398867,238,2021-07-24,2021-08-21,29,control,0,0.28728634,0,dept_238_closure_2021-07-24,2021-06-25,2021-06,-1,0,0.0,398867|238|2021-07-24,-0.02683205788171872,1.9877863437271066
400248,238,2021-07-24,2021-08-21,29,treatment,1,0.019488549,0,dept_238_closure_2021-07-24,2021-06-25,2021-06,-1,0,0.0,400248|238|2021-07-24,-0.29462984888171867,1.9877863437271066
400402,238,2021-07-24,2021-08-21,29,control,0,0.28951976,0,dept_238_closure_2021-07-24,2021-06-25,2021-06,-1,0,0.034482758620689655,400402|238|2021-07-24,-0.024598637881718677,1.9877863437271066
402407,238,2021-07-24,2021-08-21,29,treatment,1,0.019364504,0,dept_238_closure_2021-07-24,2021-06-25,2021-06,-1,0,0.0,402407|238|2021-07-24,-0.2947538938817187,1.9877863437271066
402527,238,2021-07-24,2021-08-21,29,treatment,1,0.996861,1,dept_238_closure_2021-07-24,2021-06-25,2021-06,-1,0,0.1724137931034483,402527|238|2021-07-24,0.6827426021182813,1.9877863437271066
402894,238,2021-07-24,2021-08-21,29,control,0,0.879808,1,dept_238_closure_2021-07-24,2021-06-25,2021-06,-1,0,0.034482758620689655,402894|238|2021-07-24,0.5656896021182813,1.9877863437271066
404529,238,2021-07-24,2021-08-21,29,control,0,0.2886207,0,dept_238_closure_2021-07-24,2021-06-25,2021-06,-1,0,0.0,404529|238|2021-07-24,-0.025497697881718684,1.9877863437271066
405135,238,2021-07-24,2021-08-21,29,control,0,0.77267754,1,dept_238_closure_2021-07-24,2021-06-25,2021-06,-1,0,0.06896551724137931,405135|238|2021-07-24,0.4585591421182813,1.9877863437271066
405726,238,2021-07-24,2021-08-21,29,treatment,1,0.42036664,0,dept_238_closure_2021-07-24,2021-06-25,2021-06,-1,0,0.034482758620689655,405726|238|2021-07-24,0.10624824211828132,1.9877863437271066
405743,238,2021-07-24,2021-08-21,29,control,0,0.07092055,0,dept_238_closure_2021-07-24,2021-06-25,2021-06,-1,0,0.0,405743|238|2021-07-24,-0.2431978478817187,1.9877863437271066
405786,238,2021-07-24,2021-08-21,29,control,0,0.71536714,1,dept_238_closure_2021-07-24,2021-06-25,2021-06,-1,0,0.034482758620689655,405786|238|2021-07-24,0.4012487421182813,1.9877863437271066
405810,238,2021-07-24,2021-08-21,29,treatment,1,0.46317428,0,dept_238_closure_2021-07-24,2021-06-25,2021-06,-1,0,0.034482758620689655,405810|238|2021-07-24,0.1490558821182813,1.9877863437271066
406406,238,2021-07-24,2021-08-21,29,treatment,1,0.73723996,1,dept_238_closure_2021-07-24,2021-06-25,2021-06,-1,0,0.034482758620689655,406406|238|2021-07-24,0.42312156211828134,1.9877863437271066
407405,238,2021-07-24,2021-08-21,29,treatment,1,0.79873353,1,dept_238_closure_2021-07-24,2021-06-25,2021-06,-1,0,0.06896551724137931,407405|238|2021-07-24,0.48461513211828133,1.9877863437271066
407763,238,2021-07-24,2021-08-21,29,treatment,1,0.9648045,1,dept_238_closure_2021-07-24,2021-06-25,2021-06,-1,0,0.0,407763|238|2021-07-24,0.6506861021182813,1.9877863437271066
407849,238,2021-07-24,2021-08-21,29,treatment,1,0.9982496,1,dept_238_closure_2021-07-24,2021-06-25,2021-06,-1,0,0.27586206896551724,407849|238|2021-07-24,0.6841312021182813,1.9877863437271066
408046,238,2021-07-24,2021-08-21,29,treatment,1,0.7707167,1,dept_238_closure_2021-07-24,2021-06-25,2021-06,-1,0,0.034482758620689655,408046|238|2021-07-24,0.45659830211828134,1.9877863437271066
411504,238,2021-07-24,2021-08-21,29,treatment,1,0.91353935,1,dept_238_closure_2021-07-24,2021-06-25,2021-06,-1,0,0.034482758620689655,411504|238|2021-07-24,0.5994209521182813,1.9877863437271066
411864,238,2021-07-24,2021-08-21,29,control,0,0.98653144,1,dept_238_closure_2021-07-24,2021-06-25,2021-06,-1,0,0.13793103448275862,411864|238|2021-07-24,0.6724130421182813,1.9877863437271066
412438,238,2021-07-24,2021-08-21,29,treatment,1,0.23466337,0,dept_238_closure_2021-07-24,2021-06-25,2021-06,-1,0,0.0,412438|238|2021-07-24,-0.07945502788171868,1.9877863437271066
413974,238,2021-07-24,2021-08-21,29,treatment,1,0.9797141,1,dept_238_closure_2021-07-24,2021-06-25,2021-06,-1,0,0.034482758620689655,413974|238|2021-07-24,0.6655957021182813,1.9877863437271066
415317,238,2021-07-24,2021-08-21,29,control,0,0.8550413,1,dept_238_closure_2021-07-24,2021-06-25,2021-06,-1,0,0.06896551724137931,415317|238|2021-07-24,0.5409229021182813,1.9877863437271066
415612,238,2021-07-24,2021-08-21,29,treatment,1,0.71990067,1,dept_238_closure_2021-07-24,2021-06-25,2021-06,-1,0,0.034482758620689655,415612|238|2021-07-24,0.40578227211828133,1.9877863437271066
415617,238,2021-07-24,2021-08-21,29,control,0,0.926281,1,dept_238_closure_2021-07-24,2021-06-25,2021-06,-1,0,0.06896551724137931,415617|238|2021-07-24,0.6121626021182813,1.9877863437271066
416273,238,2021-07-24,2021-08-21,29,control,0,0.00401652,0,dept_238_closure_2021-07-24,2021-06-25,2021-06,-1,0,0.0,416273|238|2021-07-24,-0.31010187788171867,1.9877863437271066
416531,238,2021-07-24,2021-08-21,29,control,0,0.006353349,0,dept_238_closure_2021-07-24,2021-06-25,2021-06,-1,0,0.0,416531|238|2021-07-24,-0.3077650488817187,1.9877863437271066
417159,238,2021-07-24,2021-08-21,29,treatment,1,0.14969546,0,dept_238_closure_2021-07-24,2021-06-25,2021-06,-1,0,0.0,417159|238|2021-07-24,-0.1644229378817187,1.9877863437271066
417380,238,2021-07-24,2021-08-21,29,treatment,1,0.005995,0,dept_238_closure_2021-07-24,2021-06-25,2021-06,-1,0,0.0,417380|238|2021-07-24,-0.3081233978817187,1.9877863437271066
417820,238,2021-07-24,2021-08-21,29,treatment,1,0.9942585,1,dept_238_closure_2021-07-24,2021-06-25,2021-06,-1,0,0.034482758620689655,417820|238|2021-07-24,0.6801401021182814,1.9877863437271066
417949,238,2021-07-24,2021-08-21,29,treatment,1,0.022395432,0,dept_238_closure_2021-07-24,2021-06-25,2021-06,-1,0,0.0,417949|238|2021-07-24,-0.2917229658817187,1.9877863437271066
418463,238,2021-07-24,2021-08-21,29,control,0,0.29697987,0,dept_238_closure_2021-07-24,2021-06-25,2021-06,-1,0,0.0,418463|238|2021-07-24,-0.017138527881718713,1.9877863437271066
418632,238,2021-07-24,2021-08-21,29,control,0,0.011858568,0,dept_238_closure_2021-07-24,2021-06-25,2021-06,-1,0,0.0,418632|238|2021-07-24,-0.3022598298817187,1.9877863437271066
419052,238,2021-07-24,2021-08-21,29,control,0,0.16868219,0,dept_238_closure_2021-07-24,2021-06-25,2021-06,-1,0,0.034482758620689655,419052|238|2021-07-24,-0.14543620788171868,1.9877863437271066
419103,238,2021-07-24,2021-08-21,29,treatment,1,0.46111485,0,dept_238_closure_2021-07-24,2021-06-25,2021-06,-1,0,0.0,419103|238|2021-07-24,0.14699645211828133,1.9877863437271066
419296,238,2021-07-24,2021-08-21,29,treatment,1,0.021407472,0,dept_238_closure_2021-07-24,2021-06-25,2021-06,-1,0,0.0,419296|238|2021-07-24,-0.2927109258817187,1.9877863437271066
421679,238,2021-07-24,2021-08-21,29,treatment,1,0.71970797,1,dept_238_closure_2021-07-24,2021-06-25,2021-06,-1,0,0.0,421679|238|2021-07-24,0.4055895721182813,1.9877863437271066
422166,238,2021-07-24,2021-08-21,29,control,0,0.919977,1,dept_238_closure_2021-07-24,2021-06-25,2021-06,-1,0,0.0,422166|238|2021-07-24,0.6058586021182814,1.9877863437271066
422406,238,2021-07-24,2021-08-21,29,control,0,0.27499256,0,dept_238_closure_2021-07-24,2021-06-25,2021-06,-1,0,0.034482758620689655,422406|238|2021-07-24,-0.039125837881718695,1.9877863437271066
422889,238,2021-07-24,2021-08-21,29,treatment,1,0.19523704,0,dept_238_closure_2021-07-24,2021-06-25,2021-06,-1,0,0.0,422889|238|2021-07-24,-0.11888135788171869,1.9877863437271066
423449,238,2021-07-24,2021-08-21,29,treatment,1,0.07387643,0,dept_238_closure_2021-07-24,2021-06-25,2021-06,-1,0,0.0,423449|238|2021-07-24,-0.2402419678817187,1.9877863437271066
424141,238,2021-07-24,2021-08-21,29,treatment,1,0.1801054,0,dept_238_closure_2021-07-24,2021-06-25,2021-06,-1,0,0.0,424141|238|2021-07-24,-0.1340129978817187,1.9877863437271066
424304,238,2021-07-24,2021-08-21,29,control,0,0.1704596,0,dept_238_closure_2021-07-24,2021-06-25,2021-06,-1,0,0.0,424304|238|2021-07-24,-0.1436587978817187,1.9877863437271066
424782,238,2021-07-24,2021-08-21,29,control,0,0.13719718,0,dept_238_closure_2021-07-24,2021-06-25,2021-06,-1,0,0.0,424782|238|2021-07-24,-0.1769212178817187,1.9877863437271066
425030,238,2021-07-24,2021-08-21,29,control,0,0.01816315,0,dept_238_closure_2021-07-24,2021-06-25,2021-06,-1,0,0.0,425030|238|2021-07-24,-0.2959552478817187,1.9877863437271066
425633,238,2021-07-24,2021-08-21,29,control,0,0.022956943,0,dept_238_closure_2021-07-24,2021-06-25,2021-06,-1,0,0.0,425633|238|2021-07-24,-0.2911614548817187,1.9877863437271066
425659,238,2021-07-24,2021-08-21,29,control,0,0.1295203,0,dept_238_closure_2021-07-24,2021-06-25,2021-06,-1,0,0.20689655172413793,425659|238|2021-07-24,-0.1845980978817187,1.9877863437271066
425869,238,2021-07-24,2021-08-21,29,treatment,1,0.02580913,0,dept_238_closure_2021-07-24,2021-06-25,2021-06,-1,0,0.0,425869|238|2021-07-24,-0.2883092678817187,1.9877863437271066
426165,238,2021-07-24,2021-08-21,29,treatment,1,0.014937035,0,dept_238_closure_2021-07-24,2021-06-25,2021-06,-1,0,0.0,426165|238|2021-07-24,-0.2991813628817187,1.9877863437271066
426266,238,2021-07-24,2021-08-21,29,treatment,1,0.26307428,0,dept_238_closure_2021-07-24,2021-06-25,2021-06,-1,0,0.13793103448275862,426266|238|2021-07-24,-0.0510441178817187,1.9877863437271066
426512,238,2021-07-24,2021-08-21,29,control,0,0.97610563,1,dept_238_closure_2021-07-24,2021-06-25,2021-06,-1,0,0.10344827586206896,426512|238|2021-07-24,0.6619872321182813,1.9877863437271066
427427,238,2021-07-24,2021-08-21,29,control,0,0.65042925,1,dept_238_closure_2021-07-24,2021-06-25,2021-06,-1,0,0.06896551724137931,427427|238|2021-07-24,0.33631085211828127,1.9877863437271066
427781,238,2021-07-24,2021-08-21,29,control,0,0.5505166,1,dept_238_closure_2021-07-24,2021-06-25,2021-06,-1,0,0.0,427781|238|2021-07-24,0.23639820211828133,1.9877863437271066
427908,238,2021-07-24,2021-08-21,29,treatment,1,0.9735903,1,dept_238_closure_2021-07-24,2021-06-25,2021-06,-1,0,0.1724137931034483,427908|238|2021-07-24,0.6594719021182813,1.9877863437271066
428503,238,2021-07-24,2021-08-21,29,control,0,0.24589492,0,dept_238_closure_2021-07-24,2021-06-25,2021-06,-1,0,0.0,428503|238|2021-07-24,-0.0682234778817187,1.9877863437271066
429064,238,2021-07-24,2021-08-21,29,control,0,0.005869015,0,dept_238_closure_2021-07-24,2021-06-25,2021-06,-1,0,0.0,429064|238|2021-07-24,-0.3082493828817187,1.9877863437271066
429741,238,2021-07-24,2021-08-21,29,treatment,1,0.008453369,0,dept_238_closure_2021-07-24,2021-06-25,2021-06,-1,0,0.0,429741|238|2021-07-24,-0.3056650288817187,1.9877863437271066
430028,238,2021-07-24,2021-08-21,29,treatment,1,0.121611744,0,dept_238_closure_2021-07-24,2021-06-25,2021-06,-1,0,0.0,430028|238|2021-07-24,-0.1925066538817187,1.9877863437271066
430912,238,2021-07-24,2021-08-21,29,control,0,0.48662448,0,dept_238_closure_2021-07-24,2021-06-25,2021-06,-1,0,0.0,430912|238|2021-07-24,0.17250608211828133,1.9877863437271066
431225,238,2021-07-24,2021-08-21,29,treatment,1,0.9992792,1,dept_238_closure_2021-07-24,2021-06-25,2021-06,-1,0,0.3448275862068966,431225|238|2021-07-24,0.6851608021182813,1.9877863437271066
431504,238,2021-07-24,2021-08-21,29,treatment,1,0.55218124,1,dept_238_closure_2021-07-24,2021-06-25,2021-06,-1,0,0.0,431504|238|2021-07-24,0.23806284211828133,1.9877863437271066
432082,238,2021-07-24,2021-08-21,29,control,0,0.64856654,1,dept_238_closure_2021-07-24,2021-06-25,2021-06,-1,0,0.0,432082|238|2021-07-24,0.33444814211828133,1.9877863437271066
434231,238,2021-07-24,2021-08-21,29,control,0,0.6525798,1,dept_238_closure_2021-07-24,2021-06-25,2021-06,-1,0,0.0,434231|238|2021-07-24,0.33846140211828135,1.9877863437271066
434267,238,2021-07-24,2021-08-21,29,control,0,0.0064720144,0,dept_238_closure_2021-07-24,2021-06-25,2021-06,-1,0,0.0,434267|238|2021-07-24,-0.3076463834817187,1.9877863437271066
435025,238,2021-07-24,2021-08-21,29,control,0,0.04358941,0,dept_238_closure_2021-07-24,2021-06-25,2021-06,-1,0,0.0,435025|238|2021-07-24,-0.2705289878817187,1.9877863437271066
435443,238,2021-07-24,2021-08-21,29,treatment,1,0.011589396,0,dept_238_closure_2021-07-24,2021-06-25,2021-06,-1,0,0.0,435443|238|2021-07-24,-0.3025290018817187,1.9877863437271066
436630,238,2021-07-24,2021-08-21,29,treatment,1,0.058018956,0,dept_238_closure_2021-07-24,2021-06-25,2021-06,-1,0,0.0,436630|238|2021-07-24,-0.2560994418817187,1.9877863437271066
436904,238,2021-07-24,2021-08-21,29,treatment,1,0.24030326,0,dept_238_closure_2021-07-24,2021-06-25,2021-06,-1,0,0.034482758620689655,436904|238|2021-07-24,-0.0738151378817187,1.9877863437271066
437073,238,2021-07-24,2021-08-21,29,treatment,1,0.07235724,0,dept_238_closure_2021-07-24,2021-06-25,2021-06,-1,0,0.0,437073|238|2021-07-24,-0.2417611578817187,1.9877863437271066
438076,238,2021-07-24,2021-08-21,29,control,0,0.5129113,1,dept_238_closure_2021-07-24,2021-06-25,2021-06,-1,0,0.0,438076|238|2021-07-24,0.19879290211828127,1.9877863437271066
438576,238,2021-07-24,2021-08-21,29,treatment,1,0.5024985,1,dept_238_closure_2021-07-24,2021-06-25,2021-06,-1,0,0.034482758620689655,438576|238|2021-07-24,0.18838010211828127,1.9877863437271066
439110,238,2021-07-24,2021-08-21,29,treatment,1,0.6762132,1,dept_238_closure_2021-07-24,2021-06-25,2021-06,-1,0,0.0,439110|238|2021-07-24,0.36209480211828127,1.9877863437271066
439369,238,2021-07-24,2021-08-21,29,control,0,0.016249174,0,dept_238_closure_2021-07-24,2021-06-25,2021-06,-1,0,0.0,439369|238|2021-07-24,-0.2978692238817187,1.9877863437271066
441480,238,2021-07-24,2021-08-21,29,control,0,0.4941583,0,dept_238_closure_2021-07-24,2021-06-25,2021-06,-1,0,0.034482758620689655,441480|238|2021-07-24,0.1800399021182813,1.9877863437271066
441560,238,2021-07-24,2021-08-21,29,treatment,1,0.90587556,1,dept_238_closure_2021-07-24,2021-06-25,2021-06,-1,0,0.034482758620689655,441560|238|2021-07-24,0.5917571621182813,1.9877863437271066
442238,238,2021-07-24,2021-08-21,29,control,0,0.97176176,1,dept_238_closure_2021-07-24,2021-06-25,2021-06,-1,0,0.1724137931034483,442238|238|2021-07-24,0.6576433621182813,1.9877863437271066
442343,238,2021-07-24,2021-08-21,29,control,0,0.58354163,1,dept_238_closure_2021-07-24,2021-06-25,2021-06,-1,0,0.0,442343|238|2021-07-24,0.26942323211828134,1.9877863437271066
442990,238,2021-07-24,2021-08-21,29,control,0,0.14229569,0,dept_238_closure_2021-07-24,2021-06-25,2021-06,-1,0,0.0,442990|238|2021-07-24,-0.1718227078817187,1.9877863437271066
443425,238,2021-07-24,2021-08-21,29,control,0,0.048779916,0,dept_238_closure_2021-07-24,2021-06-25,2021-06,-1,0,0.0,443425|238|2021-07-24,-0.2653384818817187,1.9877863437271066
443929,238,2021-07-24,2021-08-21,29,control,0,0.8210698,1,dept_238_closure_2021-07-24,2021-06-25,2021-06,-1,0,0.06896551724137931,443929|238|2021-07-24,0.5069514021182813,1.9877863437271066
443988,238,2021-07-24,2021-08-21,29,treatment,1,0.11358088,0,dept_238_closure_2021-07-24,2021-06-25,2021-06,-1,0,0.034482758620689655,443988|238|2021-07-24,-0.2005375178817187,1.9877863437271066
444020,238,2021-07-24,2021-08-21,29,control,0,0.54172105,1,dept_238_closure_2021-07-24,2021-06-25,2021-06,-1,0,0.2413793103448276,444020|238|2021-07-24,0.22760265211828135,1.9877863437271066
444069,238,2021-07-24,2021-08-21,29,control,0,0.078245156,0,dept_238_closure_2021-07-24,2021-06-25,2021-06,-1,0,0.0,444069|238|2021-07-24,-0.2358732418817187,1.9877863437271066
444291,238,2021-07-24,2021-08-21,29,control,0,0.4583865,0,dept_238_closure_2021-07-24,2021-06-25,2021-06,-1,0,0.034482758620689655,444291|238|2021-07-24,0.14426810211828128,1.9877863437271066
446117,238,2021-07-24,2021-08-21,29,control,0,0.73864734,1,dept_238_closure_2021-07-24,2021-06-25,2021-06,-1,0,0.20689655172413793,446117|238|2021-07-24,0.4245289421182813,1.9877863437271066
446467,238,2021-07-24,2021-08-21,29,control,0,0.9863833,1,dept_238_closure_2021-07-24,2021-06-25,2021-06,-1,0,0.10344827586206896,446467|238|2021-07-24,0.6722649021182813,1.9877863437271066
446496,238,2021-07-24,2021-08-21,29,treatment,1,0.1542173,0,dept_238_closure_2021-07-24,2021-06-25,2021-06,-1,0,0.034482758620689655,446496|238|2021-07-24,-0.1599010978817187,1.9877863437271066
446839,238,2021-07-24,2021-08-21,29,control,0,0.43609643,0,dept_238_closure_2021-07-24,2021-06-25,2021-06,-1,0,0.0,446839|238|2021-07-24,0.12197803211828129,1.9877863437271066
447268,238,2021-07-24,2021-08-21,29,control,0,0.43873808,0,dept_238_closure_2021-07-24,2021-06-25,2021-06,-1,0,0.0,447268|238|2021-07-24,0.12461968211828128,1.9877863437271066
447352,238,2021-07-24,2021-08-21,29,control,0,0.013839217,0,dept_238_closure_2021-07-24,2021-06-25,2021-06,-1,0,0.0,447352|238|2021-07-24,-0.3002791808817187,1.9877863437271066
448994,238,2021-07-24,2021-08-21,29,control,0,0.12745275,0,dept_238_closure_2021-07-24,2021-06-25,2021-06,-1,0,0.0,448994|238|2021-07-24,-0.1866656478817187,1.9877863437271066
449958,238,2021-07-24,2021-08-21,29,control,0,0.94220513,1,dept_238_closure_2021-07-24,2021-06-25,2021-06,-1,0,0.10344827586206896,449958|238|2021-07-24,0.6280867321182813,1.9877863437271066
451536,238,2021-07-24,2021-08-21,29,treatment,1,0.30993178,0,dept_238_closure_2021-07-24,2021-06-25,2021-06,-1,0,0.034482758620689655,451536|238|2021-07-24,-0.004186617881718702,1.9877863437271066
451739,238,2021-07-24,2021-08-21,29,control,0,0.01702285,0,dept_238_closure_2021-07-24,2021-06-25,2021-06,-1,0,0.0,451739|238|2021-07-24,-0.2970955478817187,1.9877863437271066
454787,238,2021-07-24,2021-08-21,29,treatment,1,0.4262435,0,dept_238_closure_2021-07-24,2021-06-25,2021-06,-1,0,0.0,454787|238|2021-07-24,0.1121251021182813,1.9877863437271066
455190,238,2021-07-24,2021-08-21,29,treatment,1,0.9926963,1,dept_238_closure_2021-07-24,2021-06-25,2021-06,-1,0,0.13793103448275862,455190|238|2021-07-24,0.6785779021182813,1.9877863437271066
456058,238,2021-07-24,2021-08-21,29,treatment,1,0.85299283,1,dept_238_closure_2021-07-24,2021-06-25,2021-06,-1,0,0.0,456058|238|2021-07-24,0.5388744321182813,1.9877863437271066
456071,238,2021-07-24,2021-08-21,29,control,0,0.87613654,1,dept_238_closure_2021-07-24,2021-06-25,2021-06,-1,0,0.034482758620689655,456071|238|2021-07-24,0.5620181421182813,1.9877863437271066
456116,238,2021-07-24,2021-08-21,29,control,0,0.6298234,1,dept_238_closure_2021-07-24,2021-06-25,2021-06,-1,0,0.0,456116|238|2021-07-24,0.31570500211828134,1.9877863437271066
456559,238,2021-07-24,2021-08-21,29,treatment,1,0.9993954,1,dept_238_closure_2021-07-24,2021-06-25,2021-06,-1,0,0.7931034482758621,456559|238|2021-07-24,0.6852770021182814,1.9877863437271066
456726,238,2021-07-24,2021-08-21,29,control,0,0.118899934,0,dept_238_closure_2021-07-24,2021-06-25,2021-06,-1,0,0.034482758620689655,456726|238|2021-07-24,-0.1952184638817187,1.9877863437271066
457091,238,2021-07-24,2021-08-21,29,treatment,1,0.2735279,0,dept_238_closure_2021-07-24,2021-06-25,2021-06,-1,0,0.0,457091|238|2021-07-24,-0.0405904978817187,1.9877863437271066
458087,238,2021-07-24,2021-08-21,29,treatment,1,0.9767918,1,dept_238_closure_2021-07-24,2021-06-25,2021-06,-1,0,0.13793103448275862,458087|238|2021-07-24,0.6626734021182813,1.9877863437271066
458580,238,2021-07-24,2021-08-21,29,treatment,1,0.04200684,0,dept_238_closure_2021-07-24,2021-06-25,2021-06,-1,0,0.0,458580|238|2021-07-24,-0.2721115578817187,1.9877863437271066
459036,238,2021-07-24,2021-08-21,29,control,0,0.97014254,1,dept_238_closure_2021-07-24,2021-06-25,2021-06,-1,0,0.0,459036|238|2021-07-24,0.6560241421182813,1.9877863437271066
459552,238,2021-07-24,2021-08-21,29,control,0,0.9698835,1,dept_238_closure_2021-07-24,2021-06-25,2021-06,-1,0,0.06896551724137931,459552|238|2021-07-24,0.6557651021182813,1.9877863437271066
459807,238,2021-07-24,2021-08-21,29,treatment,1,0.04781263,0,dept_238_closure_2021-07-24,2021-06-25,2021-06,-1,0,0.0,459807|238|2021-07-24,-0.26630576788171867,1.9877863437271066
460184,238,2021-07-24,2021-08-21,29,treatment,1,0.7277227,1,dept_238_closure_2021-07-24,2021-06-25,2021-06,-1,0,0.034482758620689655,460184|238|2021-07-24,0.41360430211828125,1.9877863437271066
460369,238,2021-07-24,2021-08-21,29,control,0,0.052338887,0,dept_238_closure_2021-07-24,2021-06-25,2021-06,-1,0,0.0,460369|238|2021-07-24,-0.2617795108817187,1.9877863437271066
460512,238,2021-07-24,2021-08-21,29,treatment,1,0.061410476,0,dept_238_closure_2021-07-24,2021-06-25,2021-06,-1,0,0.034482758620689655,460512|238|2021-07-24,-0.2527079218817187,1.9877863437271066
461050,238,2021-07-24,2021-08-21,29,control,0,0.010775405,0,dept_238_closure_2021-07-24,2021-06-25,2021-06,-1,0,0.0,461050|238|2021-07-24,-0.3033429928817187,1.9877863437271066
462428,238,2021-07-24,2021-08-21,29,control,0,0.38935634,0,dept_238_closure_2021-07-24,2021-06-25,2021-06,-1,0,0.20689655172413793,462428|238|2021-07-24,0.07523794211828133,1.9877863437271066
462833,238,2021-07-24,2021-08-21,29,control,0,0.0032718736,0,dept_238_closure_2021-07-24,2021-06-25,2021-06,-1,0,0.0,462833|238|2021-07-24,-0.3108465242817187,1.9877863437271066
463175,238,2021-07-24,2021-08-21,29,treatment,1,0.48887864,0,dept_238_closure_2021-07-24,2021-06-25,2021-06,-1,0,0.034482758620689655,463175|238|2021-07-24,0.17476024211828128,1.9877863437271066
464087,238,2021-07-24,2021-08-21,29,treatment,1,0.029296428,0,dept_238_closure_2021-07-24,2021-06-25,2021-06,-1,0,0.0,464087|238|2021-07-24,-0.2848219698817187,1.9877863437271066
465401,238,2021-07-24,2021-08-21,29,control,0,0.12264991,0,dept_238_closure_2021-07-24,2021-06-25,2021-06,-1,0,0.0,465401|238|2021-07-24,-0.1914684878817187,1.9877863437271066
466207,238,2021-07-24,2021-08-21,29,control,0,0.9990964,1,dept_238_closure_2021-07-24,2021-06-25,2021-06,-1,0,0.3793103448275862,466207|238|2021-07-24,0.6849780021182813,1.9877863437271066
468495,238,2021-07-24,2021-08-21,29,control,0,0.09940887,0,dept_238_closure_2021-07-24,2021-06-25,2021-06,-1,0,0.0,468495|238|2021-07-24,-0.2147095278817187,1.9877863437271066
470386,238,2021-07-24,2021-08-21,29,control,0,0.13064665,0,dept_238_closure_2021-07-24,2021-06-25,2021-06,-1,0,0.0,470386|238|2021-07-24,-0.1834717478817187,1.9877863437271066
470503,238,2021-07-24,2021-08-21,29,control,0,0.97838163,1,dept_238_closure_2021-07-24,2021-06-25,2021-06,-1,0,0.10344827586206896,470503|238|2021-07-24,0.6642632321182813,1.9877863437271066
471938,238,2021-07-24,2021-08-21,29,control,0,0.89868724,1,dept_238_closure_2021-07-24,2021-06-25,2021-06,-1,0,0.06896551724137931,471938|238|2021-07-24,0.5845688421182813,1.9877863437271066
472550,238,2021-07-24,2021-08-21,29,control,0,0.9592528,1,dept_238_closure_2021-07-24,2021-06-25,2021-06,-1,0,0.10344827586206896,472550|238|2021-07-24,0.6451344021182813,1.9877863437271066
472815,238,2021-07-24,2021-08-21,29,treatment,1,0.99735546,1,dept_238_closure_2021-07-24,2021-06-25,2021-06,-1,0,0.1724137931034483,472815|238|2021-07-24,0.6832370621182813,1.9877863437271066
473052,238,2021-07-24,2021-08-21,29,control,0,0.6313461,1,dept_238_closure_2021-07-24,2021-06-25,2021-06,-1,0,0.0,473052|238|2021-07-24,0.31722770211828133,1.9877863437271066
473366,238,2021-07-24,2021-08-21,29,control,0,0.013752109,0,dept_238_closure_2021-07-24,2021-06-25,2021-06,-1,0,0.0,473366|238|2021-07-24,-0.3003662888817187,1.9877863437271066
473479,238,2021-07-24,2021-08-21,29,treatment,1,0.99262685,1,dept_238_closure_2021-07-24,2021-06-25,2021-06,-1,0,0.0,473479|238|2021-07-24,0.6785084521182813,1.9877863437271066
474290,238,2021-07-24,2021-08-21,29,treatment,1,0.9998646,1,dept_238_closure_2021-07-24,2021-06-25,2021-06,-1,0,0.2413793103448276,474290|238|2021-07-24,0.6857462021182813,1.9877863437271066
474685,238,2021-07-24,2021-08-21,29,treatment,1,0.56533533,1,dept_238_closure_2021-07-24,2021-06-25,2021-06,-1,0,0.06896551724137931,474685|238|2021-07-24,0.25121693211828133,1.9877863437271066
476080,238,2021-07-24,2021-08-21,29,control,0,0.96460086,1,dept_238_closure_2021-07-24,2021-06-25,2021-06,-1,0,0.06896551724137931,476080|238|2021-07-24,0.6504824621182813,1.9877863437271066
476182,238,2021-07-24,2021-08-21,29,control,0,0.96989685,1,dept_238_closure_2021-07-24,2021-06-25,2021-06,-1,0,0.06896551724137931,476182|238|2021-07-24,0.6557784521182813,1.9877863437271066
480137,238,2021-07-24,2021-08-21,29,treatment,1,0.0330814,0,dept_238_closure_2021-07-24,2021-06-25,2021-06,-1,0,0.0,480137|238|2021-07-24,-0.2810369978817187,1.9877863437271066
480564,238,2021-07-24,2021-08-21,29,control,0,0.88111657,1,dept_238_closure_2021-07-24,2021-06-25,2021-06,-1,0,0.4827586206896552,480564|238|2021-07-24,0.5669981721182813,1.9877863437271066
480901,238,2021-07-24,2021-08-21,29,control,0,0.81039935,1,dept_238_closure_2021-07-24,2021-06-25,2021-06,-1,0,0.0,480901|238|2021-07-24,0.49628095211828127,1.9877863437271066
481170,238,2021-07-24,2021-08-21,29,treatment,1,0.2314394,0,dept_238_closure_2021-07-24,2021-06-25,2021-06,-1,0,0.0,481170|238|2021-07-24,-0.0826789978817187,1.9877863437271066
482121,238,2021-07-24,2021-08-21,29,control,0,0.9465035,1,dept_238_closure_2021-07-24,2021-06-25,2021-06,-1,0,0.06896551724137931,482121|238|2021-07-24,0.6323851021182814,1.9877863437271066
482462,238,2021-07-24,2021-08-21,29,treatment,1,0.34926072,0,dept_238_closure_2021-07-24,2021-06-25,2021-06,-1,0,0.0,482462|238|2021-07-24,0.03514232211828133,1.9877863437271066
483338,238,2021-07-24,2021-08-21,29,control,0,0.12665111,0,dept_238_closure_2021-07-24,2021-06-25,2021-06,-1,0,0.0,483338|238|2021-07-24,-0.18746728788171868,1.9877863437271066
483419,238,2021-07-24,2021-08-21,29,control,0,0.40849802,0,dept_238_closure_2021-07-24,2021-06-25,2021-06,-1,0,0.034482758620689655,483419|238|2021-07-24,0.09437962211828133,1.9877863437271066
483471,238,2021-07-24,2021-08-21,29,control,0,0.011947012,0,dept_238_closure_2021-07-24,2021-06-25,2021-06,-1,0,0.0,483471|238|2021-07-24,-0.3021713858817187,1.9877863437271066
483488,238,2021-07-24,2021-08-21,29,treatment,1,0.009261522,0,dept_238_closure_2021-07-24,2021-06-25,2021-06,-1,0,0.0,483488|238|2021-07-24,-0.30485687588171867,1.9877863437271066
484857,238,2021-07-24,2021-08-21,29,control,0,0.97434413,1,dept_238_closure_2021-07-24,2021-06-25,2021-06,-1,0,0.0,484857|238|2021-07-24,0.6602257321182813,1.9877863437271066
484905,238,2021-07-24,2021-08-21,29,control,0,0.80164605,1,dept_238_closure_2021-07-24,2021-06-25,2021-06,-1,0,0.13793103448275862,484905|238|2021-07-24,0.4875276521182813,1.9877863437271066
485164,238,2021-07-24,2021-08-21,29,control,0,0.005391615,0,dept_238_closure_2021-07-24,2021-06-25,2021-06,-1,0,0.0,485164|238|2021-07-24,-0.3087267828817187,1.9877863437271066
485944,238,2021-07-24,2021-08-21,29,treatment,1,0.13802955,0,dept_238_closure_2021-07-24,2021-06-25,2021-06,-1,0,0.0,485944|238|2021-07-24,-0.1760888478817187,1.9877863437271066
486918,238,2021-07-24,2021-08-21,29,treatment,1,0.26757544,0,dept_238_closure_2021-07-24,2021-06-25,2021-06,-1,0,0.034482758620689655,486918|238|2021-07-24,-0.046542957881718694,1.9877863437271066
487470,238,2021-07-24,2021-08-21,29,control,0,0.51609886,1,dept_238_closure_2021-07-24,2021-06-25,2021-06,-1,0,0.034482758620689655,487470|238|2021-07-24,0.20198046211828136,1.9877863437271066
487535,238,2021-07-24,2021-08-21,29,control,0,0.19152445,0,dept_238_closure_2021-07-24,2021-06-25,2021-06,-1,0,0.034482758620689655,487535|238|2021-07-24,-0.12259394788171868,1.9877863437271066
489325,238,2021-07-24,2021-08-21,29,control,0,0.046653595,0,dept_238_closure_2021-07-24,2021-06-25,2021-06,-1,0,0.0,489325|238|2021-07-24,-0.2674648028817187,1.9877863437271066
490688,238,2021-07-24,2021-08-21,29,treatment,1,0.045043457,0,dept_238_closure_2021-07-24,2021-06-25,2021-06,-1,0,0.0,490688|238|2021-07-24,-0.2690749408817187,1.9877863437271066
490869,238,2021-07-24,2021-08-21,29,treatment,1,0.36098287,0,dept_238_closure_2021-07-24,2021-06-25,2021-06,-1,0,0.034482758620689655,490869|238|2021-07-24,0.04686447211828132,1.9877863437271066
491057,238,2021-07-24,2021-08-21,29,control,0,0.4116701,0,dept_238_closure_2021-07-24,2021-06-25,2021-06,-1,0,0.034482758620689655,491057|238|2021-07-24,0.09755170211828129,1.9877863437271066
491687,238,2021-07-24,2021-08-21,29,control,0,0.010598058,0,dept_238_closure_2021-07-24,2021-06-25,2021-06,-1,0,0.0,491687|238|2021-07-24,-0.30352033988171867,1.9877863437271066
492153,238,2021-07-24,2021-08-21,29,treatment,1,0.10858282,0,dept_238_closure_2021-07-24,2021-06-25,2021-06,-1,0,0.034482758620689655,492153|238|2021-07-24,-0.2055355778817187,1.9877863437271066
492660,238,2021-07-24,2021-08-21,29,treatment,1,0.5772072,1,dept_238_closure_2021-07-24,2021-06-25,2021-06,-1,0,0.0,492660|238|2021-07-24,0.26308880211828134,1.9877863437271066
492692,238,2021-07-24,2021-08-21,29,control,0,0.0037429302,0,dept_238_closure_2021-07-24,2021-06-25,2021-06,-1,0,0.0,492692|238|2021-07-24,-0.3103754676817187,1.9877863437271066
492873,238,2021-07-24,2021-08-21,29,control,0,0.3191638,0,dept_238_closure_2021-07-24,2021-06-25,2021-06,-1,0,0.0,492873|238|2021-07-24,0.005045402118281306,1.9877863437271066
493370,238,2021-07-24,2021-08-21,29,control,0,0.9831344,1,dept_238_closure_2021-07-24,2021-06-25,2021-06,-1,0,0.06896551724137931,493370|238|2021-07-24,0.6690160021182813,1.9877863437271066
494051,238,2021-07-24,2021-08-21,29,control,0,0.5702031,1,dept_238_closure_2021-07-24,2021-06-25,2021-06,-1,0,0.13793103448275862,494051|238|2021-07-24,0.25608470211828127,1.9877863437271066
494067,238,2021-07-24,2021-08-21,29,treatment,1,0.69134337,1,dept_238_closure_2021-07-24,2021-06-25,2021-06,-1,0,0.0,494067|238|2021-07-24,0.3772249721182813,1.9877863437271066
494110,238,2021-07-24,2021-08-21,29,control,0,0.98204523,1,dept_238_closure_2021-07-24,2021-06-25,2021-06,-1,0,0.13793103448275862,494110|238|2021-07-24,0.6679268321182813,1.9877863437271066
495245,238,2021-07-24,2021-08-21,29,treatment,1,0.0034211378,0,dept_238_closure_2021-07-24,2021-06-25,2021-06,-1,0,0.0,495245|238|2021-07-24,-0.3106972600817187,1.9877863437271066
495379,238,2021-07-24,2021-08-21,29,control,0,0.9459229,1,dept_238_closure_2021-07-24,2021-06-25,2021-06,-1,0,0.034482758620689655,495379|238|2021-07-24,0.6318045021182813,1.9877863437271066
496183,238,2021-07-24,2021-08-21,29,treatment,1,0.28426245,0,dept_238_closure_2021-07-24,2021-06-25,2021-06,-1,0,0.034482758620689655,496183|238|2021-07-24,-0.029855947881718692,1.9877863437271066
496494,238,2021-07-24,2021-08-21,29,treatment,1,0.10348473,0,dept_238_closure_2021-07-24,2021-06-25,2021-06,-1,0,0.0,496494|238|2021-07-24,-0.2106336678817187,1.9877863437271066
496632,238,2021-07-24,2021-08-21,29,control,0,0.9679759,1,dept_238_closure_2021-07-24,2021-06-25,2021-06,-1,0,0.034482758620689655,496632|238|2021-07-24,0.6538575021182813,1.9877863437271066
496897,238,2021-07-24,2021-08-21,29,treatment,1,0.07313367,0,dept_238_closure_2021-07-24,2021-06-25,2021-06,-1,0,0.0,496897|238|2021-07-24,-0.2409847278817187,1.9877863437271066
497794,238,2021-07-24,2021-08-21,29,treatment,1,0.88314086,1,dept_238_closure_2021-07-24,2021-06-25,2021-06,-1,0,0.10344827586206896,497794|238|2021-07-24,0.5690224621182813,1.9877863437271066
498786,238,2021-07-24,2021-08-21,29,treatment,1,0.94782764,1,dept_238_closure_2021-07-24,2021-06-25,2021-06,-1,0,0.034482758620689655,498786|238|2021-07-24,0.6337092421182813,1.9877863437271066
498982,238,2021-07-24,2021-08-21,29,treatment,1,0.19587089,0,dept_238_closure_2021-07-24,2021-06-25,2021-06,-1,0,0.0,498982|238|2021-07-24,-0.1182475078817187,1.9877863437271066
499868,238,2021-07-24,2021-08-21,29,control,0,0.013535306,0,dept_238_closure_2021-07-24,2021-06-25,2021-06,-1,0,0.0,499868|238|2021-07-24,-0.30058309188171867,1.9877863437271066
499887,238,2021-07-24,2021-08-21,29,treatment,1,0.5456292,1,dept_238_closure_2021-07-24,2021-06-25,2021-06,-1,0,0.0,499887|238|2021-07-24,0.23151080211828134,1.9877863437271066
499950,238,2021-07-24,2021-08-21,29,control,0,0.022445051,0,dept_238_closure_2021-07-24,2021-06-25,2021-06,-1,0,0.0,499950|238|2021-07-24,-0.2916733468817187,1.9877863437271066
501179,238,2021-07-24,2021-08-21,29,control,0,0.02851293,0,dept_238_closure_2021-07-24,2021-06-25,2021-06,-1,0,0.0,501179|238|2021-07-24,-0.2856054678817187,1.9877863437271066
502167,238,2021-07-24,2021-08-21,29,control,0,0.89505225,1,dept_238_closure_2021-07-24,2021-06-25,2021-06,-1,0,0.0,502167|238|2021-07-24,0.5809338521182813,1.9877863437271066
502854,238,2021-07-24,2021-08-21,29,treatment,1,0.9798533,1,dept_238_closure_2021-07-24,2021-06-25,2021-06,-1,0,0.034482758620689655,502854|238|2021-07-24,0.6657349021182813,1.9877863437271066
503429,238,2021-07-24,2021-08-21,29,treatment,1,0.09841613,0,dept_238_closure_2021-07-24,2021-06-25,2021-06,-1,0,0.034482758620689655,503429|238|2021-07-24,-0.2157022678817187,1.9877863437271066
503969,238,2021-07-24,2021-08-21,29,control,0,0.052064247,0,dept_238_closure_2021-07-24,2021-06-25,2021-06,-1,0,0.0,503969|238|2021-07-24,-0.2620541508817187,1.9877863437271066
504070,238,2021-07-24,2021-08-21,29,control,0,0.18276611,0,dept_238_closure_2021-07-24,2021-06-25,2021-06,-1,0,0.0,504070|238|2021-07-24,-0.13135228788171868,1.9877863437271066
506121,238,2021-07-24,2021-08-21,29,treatment,1,0.27028742,0,dept_238_closure_2021-07-24,2021-06-25,2021-06,-1,0,0.0,506121|238|2021-07-24,-0.04383097788171869,1.9877863437271066
506433,238,2021-07-24,2021-08-21,29,treatment,1,0.83444494,1,dept_238_closure_2021-07-24,2021-06-25,2021-06,-1,0,0.06896551724137931,506433|238|2021-07-24,0.5203265421182813,1.9877863437271066
506647,238,2021-07-24,2021-08-21,29,treatment,1,0.22001964,0,dept_238_closure_2021-07-24,2021-06-25,2021-06,-1,0,0.0,506647|238|2021-07-24,-0.0940987578817187,1.9877863437271066
506725,238,2021-07-24,2021-08-21,29,control,0,0.78351796,1,dept_238_closure_2021-07-24,2021-06-25,2021-06,-1,0,0.06896551724137931,506725|238|2021-07-24,0.46939956211828127,1.9877863437271066
507643,238,2021-07-24,2021-08-21,29,treatment,1,0.57326275,1,dept_238_closure_2021-07-24,2021-06-25,2021-06,-1,0,0.13793103448275862,507643|238|2021-07-24,0.25914435211828135,1.9877863437271066
508382,238,2021-07-24,2021-08-21,29,control,0,0.98576826,1,dept_238_closure_2021-07-24,2021-06-25,2021-06,-1,0,0.10344827586206896,508382|238|2021-07-24,0.6716498621182813,1.9877863437271066
508797,238,2021-07-24,2021-08-21,29,control,0,0.1023539,0,dept_238_closure_2021-07-24,2021-06-25,2021-06,-1,0,0.0,508797|238|2021-07-24,-0.2117644978817187,1.9877863437271066
508905,238,2021-07-24,2021-08-21,29,control,0,0.94879556,1,dept_238_closure_2021-07-24,2021-06-25,2021-06,-1,0,0.20689655172413793,508905|238|2021-07-24,0.6346771621182813,1.9877863437271066
508974,238,2021-07-24,2021-08-21,29,treatment,1,0.08912995,0,dept_238_closure_2021-07-24,2021-06-25,2021-06,-1,0,0.0,508974|238|2021-07-24,-0.22498844788171868,1.9877863437271066
509039,238,2021-07-24,2021-08-21,29,control,0,0.90357757,1,dept_238_closure_2021-07-24,2021-06-25,2021-06,-1,0,0.06896551724137931,509039|238|2021-07-24,0.5894591721182814,1.9877863437271066
509782,238,2021-07-24,2021-08-21,29,control,0,0.9498897,1,dept_238_closure_2021-07-24,2021-06-25,2021-06,-1,0,0.10344827586206896,509782|238|2021-07-24,0.6357713021182813,1.9877863437271066
510209,238,2021-07-24,2021-08-21,29,treatment,1,0.072747886,0,dept_238_closure_2021-07-24,2021-06-25,2021-06,-1,0,0.0,510209|238|2021-07-24,-0.2413705118817187,1.9877863437271066
510566,238,2021-07-24,2021-08-21,29,control,0,0.092803754,0,dept_238_closure_2021-07-24,2021-06-25,2021-06,-1,0,0.034482758620689655,510566|238|2021-07-24,-0.22131464388171868,1.9877863437271066
511799,238,2021-07-24,2021-08-21,29,treatment,1,0.9924233,1,dept_238_closure_2021-07-24,2021-06-25,2021-06,-1,0,0.1724137931034483,511799|238|2021-07-24,0.6783049021182813,1.9877863437271066
511864,238,2021-07-24,2021-08-21,29,control,0,0.2531218,0,dept_238_closure_2021-07-24,2021-06-25,2021-06,-1,0,0.034482758620689655,511864|238|2021-07-24,-0.060996597881718684,1.9877863437271066
512868,238,2021-07-24,2021-08-21,29,control,0,0.7570258,1,dept_238_closure_2021-07-24,2021-06-25,2021-06,-1,0,0.0,512868|238|2021-07-24,0.4429074021182813,1.9877863437271066
513031,238,2021-07-24,2021-08-21,29,treatment,1,0.122966595,0,dept_238_closure_2021-07-24,2021-06-25,2021-06,-1,0,0.0,513031|238|2021-07-24,-0.19115180288171868,1.9877863437271066
513034,238,2021-07-24,2021-08-21,29,treatment,1,0.8553836,1,dept_238_closure_2021-07-24,2021-06-25,2021-06,-1,0,0.10344827586206896,513034|238|2021-07-24,0.5412652021182813,1.9877863437271066
514093,238,2021-07-24,2021-08-21,29,control,0,0.010722576,0,dept_238_closure_2021-07-24,2021-06-25,2021-06,-1,0,0.0,514093|238|2021-07-24,-0.3033958218817187,1.9877863437271066
514106,238,2021-07-24,2021-08-21,29,control,0,0.5177747,1,dept_238_closure_2021-07-24,2021-06-25,2021-06,-1,0,0.034482758620689655,514106|238|2021-07-24,0.20365630211828134,1.9877863437271066
514149,238,2021-07-24,2021-08-21,29,treatment,1,0.033899073,0,dept_238_closure_2021-07-24,2021-06-25,2021-06,-1,0,0.0,514149|238|2021-07-24,-0.2802193248817187,1.9877863437271066
514656,238,2021-07-24,2021-08-21,29,treatment,1,0.101374544,0,dept_238_closure_2021-07-24,2021-06-25,2021-06,-1,0,0.0,514656|238|2021-07-24,-0.21274385388171868,1.9877863437271066
515352,238,2021-07-24,2021-08-21,29,treatment,1,0.17860675,0,dept_238_closure_2021-07-24,2021-06-25,2021-06,-1,0,0.0,515352|238|2021-07-24,-0.13551164788171868,1.9877863437271066
515367,238,2021-07-24,2021-08-21,29,treatment,1,0.35733703,0,dept_238_closure_2021-07-24,2021-06-25,2021-06,-1,0,0.0,515367|238|2021-07-24,0.04321863211828131,1.9877863437271066
517426,238,2021-07-24,2021-08-21,29,control,0,0.9867061,1,dept_238_closure_2021-07-24,2021-06-25,2021-06,-1,0,0.06896551724137931,517426|238|2021-07-24,0.6725877021182813,1.9877863437271066
518229,238,2021-07-24,2021-08-21,29,treatment,1,0.0064271893,0,dept_238_closure_2021-07-24,2021-06-25,2021-06,-1,0,0.0,518229|238|2021-07-24,-0.30769120858171867,1.9877863437271066
518759,238,2021-07-24,2021-08-21,29,control,0,0.6350041,1,dept_238_closure_2021-07-24,2021-06-25,2021-06,-1,0,0.10344827586206896,518759|238|2021-07-24,0.32088570211828127,1.9877863437271066
518928,238,2021-07-24,2021-08-21,29,control,0,0.8549741,1,dept_238_closure_2021-07-24,2021-06-25,2021-06,-1,0,0.06896551724137931,518928|238|2021-07-24,0.5408557021182813,1.9877863437271066
519227,238,2021-07-24,2021-08-21,29,control,0,0.83029693,1,dept_238_closure_2021-07-24,2021-06-25,2021-06,-1,0,0.0,519227|238|2021-07-24,0.5161785321182814,1.9877863437271066
519604,238,2021-07-24,2021-08-21,29,treatment,1,0.34980762,0,dept_238_closure_2021-07-24,2021-06-25,2021-06,-1,0,0.0,519604|238|2021-07-24,0.035689222118281294,1.9877863437271066
520015,238,2021-07-24,2021-08-21,29,treatment,1,0.89738244,1,dept_238_closure_2021-07-24,2021-06-25,2021-06,-1,0,0.0,520015|238|2021-07-24,0.5832640421182813,1.9877863437271066
520099,238,2021-07-24,2021-08-21,29,treatment,1,0.9588159,1,dept_238_closure_2021-07-24,2021-06-25,2021-06,-1,0,0.13793103448275862,520099|238|2021-07-24,0.6446975021182814,1.9877863437271066
520717,238,2021-07-24,2021-08-21,29,control,0,0.7194027,1,dept_238_closure_2021-07-24,2021-06-25,2021-06,-1,0,0.0,520717|238|2021-07-24,0.40528430211828126,1.9877863437271066
520882,238,2021-07-24,2021-08-21,29,control,0,0.26004106,0,dept_238_closure_2021-07-24,2021-06-25,2021-06,-1,0,0.0,520882|238|2021-07-24,-0.0540773378817187,1.9877863437271066
520890,238,2021-07-24,2021-08-21,29,treatment,1,0.15718105,0,dept_238_closure_2021-07-24,2021-06-25,2021-06,-1,0,0.0,520890|238|2021-07-24,-0.1569373478817187,1.9877863437271066
521005,238,2021-07-24,2021-08-21,29,control,0,0.9254865,1,dept_238_closure_2021-07-24,2021-06-25,2021-06,-1,0,0.034482758620689655,521005|238|2021-07-24,0.6113681021182813,1.9877863437271066
521116,238,2021-07-24,2021-08-21,29,control,0,0.22672881,0,dept_238_closure_2021-07-24,2021-06-25,2021-06,-1,0,0.034482758620689655,521116|238|2021-07-24,-0.08738958788171869,1.9877863437271066
522563,238,2021-07-24,2021-08-21,29,control,0,0.6299284,1,dept_238_closure_2021-07-24,2021-06-25,2021-06,-1,0,0.034482758620689655,522563|238|2021-07-24,0.31581000211828136,1.9877863437271066
522925,238,2021-07-24,2021-08-21,29,control,0,0.011063376,0,dept_238_closure_2021-07-24,2021-06-25,2021-06,-1,0,0.0,522925|238|2021-07-24,-0.3030550218817187,1.9877863437271066
522934,238,2021-07-24,2021-08-21,29,treatment,1,0.966856,1,dept_238_closure_2021-07-24,2021-06-25,2021-06,-1,0,0.13793103448275862,522934|238|2021-07-24,0.6527376021182814,1.9877863437271066
523066,238,2021-07-24,2021-08-21,29,treatment,1,0.030550892,0,dept_238_closure_2021-07-24,2021-06-25,2021-06,-1,0,0.0,523066|238|2021-07-24,-0.2835675058817187,1.9877863437271066
523144,238,2021-07-24,2021-08-21,29,control,0,0.9978732,1,dept_238_closure_2021-07-24,2021-06-25,2021-06,-1,0,0.3448275862068966,523144|238|2021-07-24,0.6837548021182813,1.9877863437271066
523261,238,2021-07-24,2021-08-21,29,control,0,0.028915897,0,dept_238_closure_2021-07-24,2021-06-25,2021-06,-1,0,0.0,523261|238|2021-07-24,-0.28520250088171867,1.9877863437271066
523843,238,2021-07-24,2021-08-21,29,control,0,0.58063626,1,dept_238_closure_2021-07-24,2021-06-25,2021-06,-1,0,0.034482758620689655,523843|238|2021-07-24,0.2665178621182813,1.9877863437271066
524325,238,2021-07-24,2021-08-21,29,treatment,1,0.02675526,0,dept_238_closure_2021-07-24,2021-06-25,2021-06,-1,0,0.0,524325|238|2021-07-24,-0.2873631378817187,1.9877863437271066
524647,238,2021-07-24,2021-08-21,29,treatment,1,0.27265453,0,dept_238_closure_2021-07-24,2021-06-25,2021-06,-1,0,0.06896551724137931,524647|238|2021-07-24,-0.041463867881718686,1.9877863437271066
524885,238,2021-07-24,2021-08-21,29,control,0,0.71478623,1,dept_238_closure_2021-07-24,2021-06-25,2021-06,-1,0,0.1724137931034483,524885|238|2021-07-24,0.4006678321182813,1.9877863437271066
524933,238,2021-07-24,2021-08-21,29,control,0,0.9765072,1,dept_238_closure_2021-07-24,2021-06-25,2021-06,-1,0,0.13793103448275862,524933|238|2021-07-24,0.6623888021182813,1.9877863437271066
525117,238,2021-07-24,2021-08-21,29,control,0,0.027427476,0,dept_238_closure_2021-07-24,2021-06-25,2021-06,-1,0,0.0,525117|238|2021-07-24,-0.2866909218817187,1.9877863437271066
525598,238,2021-07-24,2021-08-21,29,control,0,0.9979297,1,dept_238_closure_2021-07-24,2021-06-25,2021-06,-1,0,0.06896551724137931,525598|238|2021-07-24,0.6838113021182813,1.9877863437271066
526520,238,2021-07-24,2021-08-21,29,control,0,0.8912523,1,dept_238_closure_2021-07-24,2021-06-25,2021-06,-1,0,0.0,526520|238|2021-07-24,0.5771339021182813,1.9877863437271066
527631,238,2021-07-24,2021-08-21,29,treatment,1,0.756335,1,dept_238_closure_2021-07-24,2021-06-25,2021-06,-1,0,0.06896551724137931,527631|238|2021-07-24,0.4422166021182813,1.9877863437271066
527921,238,2021-07-24,2021-08-21,29,control,0,0.7066524,1,dept_238_closure_2021-07-24,2021-06-25,2021-06,-1,0,0.034482758620689655,527921|238|2021-07-24,0.39253400211828127,1.9877863437271066
527923,238,2021-07-24,2021-08-21,29,control,0,0.9954087,1,dept_238_closure_2021-07-24,2021-06-25,2021-06,-1,0,0.5172413793103449,527923|238|2021-07-24,0.6812903021182813,1.9877863437271066
528921,238,2021-07-24,2021-08-21,29,control,0,0.6258954,1,dept_238_closure_2021-07-24,2021-06-25,2021-06,-1,0,0.0,528921|238|2021-07-24,0.3117770021182813,1.9877863437271066
528931,238,2021-07-24,2021-08-21,29,control,0,0.9885987,1,dept_238_closure_2021-07-24,2021-06-25,2021-06,-1,0,0.034482758620689655,528931|238|2021-07-24,0.6744803021182814,1.9877863437271066
529012,238,2021-07-24,2021-08-21,29,treatment,1,0.3776817,0,dept_238_closure_2021-07-24,2021-06-25,2021-06,-1,0,0.0,529012|238|2021-07-24,0.06356330211828132,1.9877863437271066
529785,238,2021-07-24,2021-08-21,29,control,0,0.8767662,1,dept_238_closure_2021-07-24,2021-06-25,2021-06,-1,0,0.0,529785|238|2021-07-24,0.5626478021182814,1.9877863437271066
530135,238,2021-07-24,2021-08-21,29,control,0,0.34810472,0,dept_238_closure_2021-07-24,2021-06-25,2021-06,-1,0,0.0,530135|238|2021-07-24,0.03398632211828129,1.9877863437271066
530160,238,2021-07-24,2021-08-21,29,control,0,0.17028114,0,dept_238_closure_2021-07-24,2021-06-25,2021-06,-1,0,0.0,530160|238|2021-07-24,-0.1438372578817187,1.9877863437271066
530207,238,2021-07-24,2021-08-21,29,control,0,0.99495304,1,dept_238_closure_2021-07-24,2021-06-25,2021-06,-1,0,0.10344827586206896,530207|238|2021-07-24,0.6808346421182813,1.9877863437271066
530543,238,2021-07-24,2021-08-21,29,control,0,0.841229,1,dept_238_closure_2021-07-24,2021-06-25,2021-06,-1,0,0.034482758620689655,530543|238|2021-07-24,0.5271106021182813,1.9877863437271066
530801,238,2021-07-24,2021-08-21,29,control,0,0.29895678,0,dept_238_closure_2021-07-24,2021-06-25,2021-06,-1,0,0.0,530801|238|2021-07-24,-0.015161617881718714,1.9877863437271066
530976,238,2021-07-24,2021-08-21,29,treatment,1,0.7182849,1,dept_238_closure_2021-07-24,2021-06-25,2021-06,-1,0,0.0,530976|238|2021-07-24,0.4041665021182813,1.9877863437271066
530984,238,2021-07-24,2021-08-21,29,treatment,1,0.33550626,0,dept_238_closure_2021-07-24,2021-06-25,2021-06,-1,0,0.0,530984|238|2021-07-24,0.02138786211828131,1.9877863437271066
531251,238,2021-07-24,2021-08-21,29,control,0,0.0124502275,0,dept_238_closure_2021-07-24,2021-06-25,2021-06,-1,0,0.0,531251|238|2021-07-24,-0.30166817038171867,1.9877863437271066
531856,238,2021-07-24,2021-08-21,29,treatment,1,0.24389167,0,dept_238_closure_2021-07-24,2021-06-25,2021-06,-1,0,0.0,531856|238|2021-07-24,-0.07022672788171869,1.9877863437271066
532198,238,2021-07-24,2021-08-21,29,control,0,0.014973232,0,dept_238_closure_2021-07-24,2021-06-25,2021-06,-1,0,0.0,532198|238|2021-07-24,-0.2991451658817187,1.9877863437271066
532199,238,2021-07-24,2021-08-21,29,control,0,0.09393614,0,dept_238_closure_2021-07-24,2021-06-25,2021-06,-1,0,0.0,532199|238|2021-07-24,-0.2201822578817187,1.9877863437271066
532219,238,2021-07-24,2021-08-21,29,treatment,1,0.039799754,0,dept_238_closure_2021-07-24,2021-06-25,2021-06,-1,0,0.0,532219|238|2021-07-24,-0.27431864388171867,1.9877863437271066
532236,238,2021-07-24,2021-08-21,29,control,0,0.3587111,0,dept_238_closure_2021-07-24,2021-06-25,2021-06,-1,0,0.0,532236|238|2021-07-24,0.04459270211828131,1.9877863437271066
532394,238,2021-07-24,2021-08-21,29,control,0,0.5276853,1,dept_238_closure_2021-07-24,2021-06-25,2021-06,-1,0,0.0,532394|238|2021-07-24,0.21356690211828133,1.9877863437271066
532523,238,2021-07-24,2021-08-21,29,control,0,0.9054788,1,dept_238_closure_2021-07-24,2021-06-25,2021-06,-1,0,0.10344827586206896,532523|238|2021-07-24,0.5913604021182813,1.9877863437271066
532894,238,2021-07-24,2021-08-21,29,treatment,1,0.9925983,1,dept_238_closure_2021-07-24,2021-06-25,2021-06,-1,0,0.2413793103448276,532894|238|2021-07-24,0.6784799021182814,1.9877863437271066
533640,238,2021-07-24,2021-08-21,29,control,0,0.5392147,1,dept_238_closure_2021-07-24,2021-06-25,2021-06,-1,0,0.034482758620689655,533640|238|2021-07-24,0.22509630211828136,1.9877863437271066
533838,238,2021-07-24,2021-08-21,29,treatment,1,0.7957293,1,dept_238_closure_2021-07-24,2021-06-25,2021-06,-1,0,0.06896551724137931,533838|238|2021-07-24,0.4816109021182813,1.9877863437271066
533932,238,2021-07-24,2021-08-21,29,treatment,1,0.9909541,1,dept_238_closure_2021-07-24,2021-06-25,2021-06,-1,0,0.1724137931034483,533932|238|2021-07-24,0.6768357021182813,1.9877863437271066
534133,238,2021-07-24,2021-08-21,29,treatment,1,0.112893686,0,dept_238_closure_2021-07-24,2021-06-25,2021-06,-1,0,0.0,534133|238|2021-07-24,-0.2012247118817187,1.9877863437271066
534274,238,2021-07-24,2021-08-21,29,treatment,1,0.4723661,0,dept_238_closure_2021-07-24,2021-06-25,2021-06,-1,0,0.0,534274|238|2021-07-24,0.15824770211828132,1.9877863437271066
534354,238,2021-07-24,2021-08-21,29,control,0,0.9858495,1,dept_238_closure_2021-07-24,2021-06-25,2021-06,-1,0,0.5172413793103449,534354|238|2021-07-24,0.6717311021182814,1.9877863437271066
534706,238,2021-07-24,2021-08-21,29,control,0,0.52865916,1,dept_238_closure_2021-07-24,2021-06-25,2021-06,-1,0,0.034482758620689655,534706|238|2021-07-24,0.21454076211828133,1.9877863437271066
534993,238,2021-07-24,2021-08-21,29,treatment,1,0.11171969,0,dept_238_closure_2021-07-24,2021-06-25,2021-06,-1,0,0.034482758620689655,534993|238|2021-07-24,-0.2023987078817187,1.9877863437271066
535094,238,2021-07-24,2021-08-21,29,control,0,0.78411585,1,dept_238_closure_2021-07-24,2021-06-25,2021-06,-1,0,0.0,535094|238|2021-07-24,0.46999745211828126,1.9877863437271066
535527,238,2021-07-24,2021-08-21,29,treatment,1,0.9248501,1,dept_238_closure_2021-07-24,2021-06-25,2021-06,-1,0,0.034482758620689655,535527|238|2021-07-24,0.6107317021182813,1.9877863437271066
535567,238,2021-07-24,2021-08-21,29,control,0,0.4113626,0,dept_238_closure_2021-07-24,2021-06-25,2021-06,-1,0,0.06896551724137931,535567|238|2021-07-24,0.09724420211828133,1.9877863437271066
535591,238,2021-07-24,2021-08-21,29,control,0,0.80258363,1,dept_238_closure_2021-07-24,2021-06-25,2021-06,-1,0,0.0,535591|238|2021-07-24,0.4884652321182813,1.9877863437271066
536345,238,2021-07-24,2021-08-21,29,control,0,0.9994547,1,dept_238_closure_2021-07-24,2021-06-25,2021-06,-1,0,0.3448275862068966,536345|238|2021-07-24,0.6853363021182813,1.9877863437271066
536429,238,2021-07-24,2021-08-21,29,treatment,1,0.6136508,1,dept_238_closure_2021-07-24,2021-06-25,2021-06,-1,0,0.0,536429|238|2021-07-24,0.29953240211828136,1.9877863437271066
536438,238,2021-07-24,2021-08-21,29,control,0,0.41258395,0,dept_238_closure_2021-07-24,2021-06-25,2021-06,-1,0,0.0,536438|238|2021-07-24,0.09846555211828129,1.9877863437271066
536684,238,2021-07-24,2021-08-21,29,control,0,0.037231848,0,dept_238_closure_2021-07-24,2021-06-25,2021-06,-1,0,0.0,536684|238|2021-07-24,-0.2768865498817187,1.9877863437271066
537311,238,2021-07-24,2021-08-21,29,treatment,1,0.109659396,0,dept_238_closure_2021-07-24,2021-06-25,2021-06,-1,0,0.06896551724137931,537311|238|2021-07-24,-0.20445900188171867,1.9877863437271066
537507,238,2021-07-24,2021-08-21,29,control,0,0.80529547,1,dept_238_closure_2021-07-24,2021-06-25,2021-06,-1,0,0.10344827586206896,537507|238|2021-07-24,0.4911770721182813,1.9877863437271066
537687,238,2021-07-24,2021-08-21,29,treatment,1,0.7698954,1,dept_238_closure_2021-07-24,2021-06-25,2021-06,-1,0,0.0,537687|238|2021-07-24,0.4557770021182813,1.9877863437271066
539535,238,2021-07-24,2021-08-21,29,control,0,0.13846979,0,dept_238_closure_2021-07-24,2021-06-25,2021-06,-1,0,0.0,539535|238|2021-07-24,-0.17564860788171868,1.9877863437271066
540130,238,2021-07-24,2021-08-21,29,control,0,0.00964052,0,dept_238_closure_2021-07-24,2021-06-25,2021-06,-1,0,0.0,540130|238|2021-07-24,-0.3044778778817187,1.9877863437271066
540352,238,2021-07-24,2021-08-21,29,control,0,0.13100381,0,dept_238_closure_2021-07-24,2021-06-25,2021-06,-1,0,0.0,540352|238|2021-07-24,-0.1831145878817187,1.9877863437271066
540461,238,2021-07-24,2021-08-21,29,control,0,0.74471426,1,dept_238_closure_2021-07-24,2021-06-25,2021-06,-1,0,0.0,540461|238|2021-07-24,0.43059586211828127,1.9877863437271066
541105,238,2021-07-24,2021-08-21,29,treatment,1,0.43724126,0,dept_238_closure_2021-07-24,2021-06-25,2021-06,-1,0,0.034482758620689655,541105|238|2021-07-24,0.12312286211828133,1.9877863437271066
542249,238,2021-07-24,2021-08-21,29,control,0,0.6268571,1,dept_238_closure_2021-07-24,2021-06-25,2021-06,-1,0,0.0,542249|238|2021-07-24,0.31273870211828125,1.9877863437271066
542382,238,2021-07-24,2021-08-21,29,control,0,0.25226954,0,dept_238_closure_2021-07-24,2021-06-25,2021-06,-1,0,0.0,542382|238|2021-07-24,-0.06184885788171868,1.9877863437271066
543751,238,2021-07-24,2021-08-21,29,control,0,0.62789375,1,dept_238_closure_2021-07-24,2021-06-25,2021-06,-1,0,0.0,543751|238|2021-07-24,0.31377535211828134,1.9877863437271066
544631,238,2021-07-24,2021-08-21,29,treatment,1,0.017996017,0,dept_238_closure_2021-07-24,2021-06-25,2021-06,-1,0,0.0,544631|238|2021-07-24,-0.2961223808817187,1.9877863437271066
545746,238,2021-07-24,2021-08-21,29,control,0,0.10960683,0,dept_238_closure_2021-07-24,2021-06-25,2021-06,-1,0,0.06896551724137931,545746|238|2021-07-24,-0.2045115678817187,1.9877863437271066
546358,238,2021-07-24,2021-08-21,29,control,0,0.96640766,1,dept_238_closure_2021-07-24,2021-06-25,2021-06,-1,0,0.13793103448275862,546358|238|2021-07-24,0.6522892621182813,1.9877863437271066
546452,238,2021-07-24,2021-08-21,29,control,0,0.11173783,0,dept_238_closure_2021-07-24,2021-06-25,2021-06,-1,0,0.0,546452|238|2021-07-24,-0.2023805678817187,1.9877863437271066
546507,238,2021-07-24,2021-08-21,29,control,0,0.6892654,1,dept_238_closure_2021-07-24,2021-06-25,2021-06,-1,0,0.034482758620689655,546507|238|2021-07-24,0.37514700211828134,1.9877863437271066
546707,238,2021-07-24,2021-08-21,29,treatment,1,0.0049995393,0,dept_238_closure_2021-07-24,2021-06-25,2021-06,-1,0,0.0,546707|238|2021-07-24,-0.30911885858171867,1.9877863437271066
546932,238,2021-07-24,2021-08-21,29,treatment,1,0.024232674,0,dept_238_closure_2021-07-24,2021-06-25,2021-06,-1,0,0.0,546932|238|2021-07-24,-0.2898857238817187,1.9877863437271066
547520,238,2021-07-24,2021-08-21,29,treatment,1,0.5725605,1,dept_238_closure_2021-07-24,2021-06-25,2021-06,-1,0,0.0,547520|238|2021-07-24,0.25844210211828134,1.9877863437271066
547898,238,2021-07-24,2021-08-21,29,treatment,1,0.002469458,0,dept_238_closure_2021-07-24,2021-06-25,2021-06,-1,0,0.0,547898|238|2021-07-24,-0.3116489398817187,1.9877863437271066
548534,238,2021-07-24,2021-08-21,29,control,0,0.82344526,1,dept_238_closure_2021-07-24,2021-06-25,2021-06,-1,0,0.0,548534|238|2021-07-24,0.5093268621182813,1.9877863437271066
548852,238,2021-07-24,2021-08-21,29,treatment,1,0.98613065,1,dept_238_closure_2021-07-24,2021-06-25,2021-06,-1,0,0.3103448275862069,548852|238|2021-07-24,0.6720122521182813,1.9877863437271066
548860,238,2021-07-24,2021-08-21,29,control,0,0.15631002,0,dept_238_closure_2021-07-24,2021-06-25,2021-06,-1,0,0.034482758620689655,548860|238|2021-07-24,-0.1578083778817187,1.9877863437271066
548861,238,2021-07-24,2021-08-21,29,control,0,0.2091459,0,dept_238_closure_2021-07-24,2021-06-25,2021-06,-1,0,0.0,548861|238|2021-07-24,-0.1049724978817187,1.9877863437271066
549678,238,2021-07-24,2021-08-21,29,control,0,0.40998742,0,dept_238_closure_2021-07-24,2021-06-25,2021-06,-1,0,0.06896551724137931,549678|238|2021-07-24,0.0958690221182813,1.9877863437271066
549758,238,2021-07-24,2021-08-21,29,treatment,1,0.9220941,1,dept_238_closure_2021-07-24,2021-06-25,2021-06,-1,0,0.06896551724137931,549758|238|2021-07-24,0.6079757021182813,1.9877863437271066
550871,238,2021-07-24,2021-08-21,29,treatment,1,0.81643337,1,dept_238_closure_2021-07-24,2021-06-25,2021-06,-1,0,0.034482758620689655,550871|238|2021-07-24,0.5023149721182814,1.9877863437271066
551115,238,2021-07-24,2021-08-21,29,control,0,0.97009325,1,dept_238_closure_2021-07-24,2021-06-25,2021-06,-1,0,0.1724137931034483,551115|238|2021-07-24,0.6559748521182813,1.9877863437271066
551329,238,2021-07-24,2021-08-21,29,control,0,0.20316349,0,dept_238_closure_2021-07-24,2021-06-25,2021-06,-1,0,0.0,551329|238|2021-07-24,-0.11095490788171869,1.9877863437271066
551860,238,2021-07-24,2021-08-21,29,treatment,1,0.96497357,1,dept_238_closure_2021-07-24,2021-06-25,2021-06,-1,0,0.1724137931034483,551860|238|2021-07-24,0.6508551721182813,1.9877863437271066
552185,238,2021-07-24,2021-08-21,29,treatment,1,0.19336648,0,dept_238_closure_2021-07-24,2021-06-25,2021-06,-1,0,0.0,552185|238|2021-07-24,-0.12075191788171868,1.9877863437271066
552839,238,2021-07-24,2021-08-21,29,control,0,0.92508733,1,dept_238_closure_2021-07-24,2021-06-25,2021-06,-1,0,0.2413793103448276,552839|238|2021-07-24,0.6109689321182813,1.9877863437271066
552943,238,2021-07-24,2021-08-21,29,treatment,1,0.75563765,1,dept_238_closure_2021-07-24,2021-06-25,2021-06,-1,0,0.06896551724137931,552943|238|2021-07-24,0.44151925211828136,1.9877863437271066
552944,238,2021-07-24,2021-08-21,29,treatment,1,0.96184057,1,dept_238_closure_2021-07-24,2021-06-25,2021-06,-1,0,0.10344827586206896,552944|238|2021-07-24,0.6477221721182813,1.9877863437271066
553161,238,2021-07-24,2021-08-21,29,control,0,0.9453658,1,dept_238_closure_2021-07-24,2021-06-25,2021-06,-1,0,0.13793103448275862,553161|238|2021-07-24,0.6312474021182813,1.9877863437271066
553396,238,2021-07-24,2021-08-21,29,control,0,0.5676515,1,dept_238_closure_2021-07-24,2021-06-25,2021-06,-1,0,0.06896551724137931,553396|238|2021-07-24,0.2535331021182813,1.9877863437271066
553403,238,2021-07-24,2021-08-21,29,treatment,1,0.65911096,1,dept_238_closure_2021-07-24,2021-06-25,2021-06,-1,0,0.0,553403|238|2021-07-24,0.34499256211828133,1.9877863437271066
554406,238,2021-07-24,2021-08-21,29,treatment,1,0.8745839,1,dept_238_closure_2021-07-24,2021-06-25,2021-06,-1,0,0.06896551724137931,554406|238|2021-07-24,0.5604655021182813,1.9877863437271066
554925,238,2021-07-24,2021-08-21,29,control,0,0.23072949,0,dept_238_closure_2021-07-24,2021-06-25,2021-06,-1,0,0.034482758620689655,554925|238|2021-07-24,-0.08338890788171868,1.9877863437271066
555248,238,2021-07-24,2021-08-21,29,control,0,0.095641814,0,dept_238_closure_2021-07-24,2021-06-25,2021-06,-1,0,0.0,555248|238|2021-07-24,-0.2184765838817187,1.9877863437271066
555559,238,2021-07-24,2021-08-21,29,control,0,0.9820417,1,dept_238_closure_2021-07-24,2021-06-25,2021-06,-1,0,0.0,555559|238|2021-07-24,0.6679233021182813,1.9877863437271066
557416,238,2021-07-24,2021-08-21,29,control,0,0.39760786,0,dept_238_closure_2021-07-24,2021-06-25,2021-06,-1,0,0.0,557416|238|2021-07-24,0.08348946211828129,1.9877863437271066
558906,238,2021-07-24,2021-08-21,29,treatment,1,0.8491288,1,dept_238_closure_2021-07-24,2021-06-25,2021-06,-1,0,0.1724137931034483,558906|238|2021-07-24,0.5350104021182813,1.9877863437271066
559873,238,2021-07-24,2021-08-21,29,control,0,0.99901843,1,dept_238_closure_2021-07-24,2021-06-25,2021-06,-1,0,0.3448275862068966,559873|238|2021-07-24,0.6849000321182813,1.9877863437271066
560811,238,2021-07-24,2021-08-21,29,treatment,1,0.84219897,1,dept_238_closure_2021-07-24,2021-06-25,2021-06,-1,0,0.034482758620689655,560811|238|2021-07-24,0.5280805721182813,1.9877863437271066
561616,238,2021-07-24,2021-08-21,29,treatment,1,0.97082806,1,dept_238_closure_2021-07-24,2021-06-25,2021-06,-1,0,0.20689655172413793,561616|238|2021-07-24,0.6567096621182813,1.9877863437271066
561663,238,2021-07-24,2021-08-21,29,control,0,0.9660664,1,dept_238_closure_2021-07-24,2021-06-25,2021-06,-1,0,0.06896551724137931,561663|238|2021-07-24,0.6519480021182813,1.9877863437271066
561665,238,2021-07-24,2021-08-21,29,control,0,0.4817761,0,dept_238_closure_2021-07-24,2021-06-25,2021-06,-1,0,0.0,561665|238|2021-07-24,0.1676577021182813,1.9877863437271066
561737,238,2021-07-24,2021-08-21,29,control,0,0.005687676,0,dept_238_closure_2021-07-24,2021-06-25,2021-06,-1,0,0.0,561737|238|2021-07-24,-0.3084307218817187,1.9877863437271066
561842,238,2021-07-24,2021-08-21,29,control,0,0.5807572,1,dept_238_closure_2021-07-24,2021-06-25,2021-06,-1,0,0.0,561842|238|2021-07-24,0.2666388021182813,1.9877863437271066
561875,238,2021-07-24,2021-08-21,29,treatment,1,0.22224596,0,dept_238_closure_2021-07-24,2021-06-25,2021-06,-1,0,0.0,561875|238|2021-07-24,-0.0918724378817187,1.9877863437271066
561886,238,2021-07-24,2021-08-21,29,treatment,1,0.98486346,1,dept_238_closure_2021-07-24,2021-06-25,2021-06,-1,0,0.10344827586206896,561886|238|2021-07-24,0.6707450621182813,1.9877863437271066
562006,238,2021-07-24,2021-08-21,29,treatment,1,0.9995722,1,dept_238_closure_2021-07-24,2021-06-25,2021-06,-1,0,0.7241379310344828,562006|238|2021-07-24,0.6854538021182813,1.9877863437271066
562444,238,2021-07-24,2021-08-21,29,treatment,1,0.9135491,1,dept_238_closure_2021-07-24,2021-06-25,2021-06,-1,0,0.034482758620689655,562444|238|2021-07-24,0.5994307021182813,1.9877863437271066
563130,238,2021-07-24,2021-08-21,29,control,0,0.4910783,0,dept_238_closure_2021-07-24,2021-06-25,2021-06,-1,0,0.0,563130|238|2021-07-24,0.17695990211828133,1.9877863437271066
563469,238,2021-07-24,2021-08-21,29,treatment,1,0.0022350897,0,dept_238_closure_2021-07-24,2021-06-25,2021-06,-1,0,0.0,563469|238|2021-07-24,-0.31188330818171867,1.9877863437271066
563470,238,2021-07-24,2021-08-21,29,treatment,1,0.76842594,1,dept_238_closure_2021-07-24,2021-06-25,2021-06,-1,0,0.034482758620689655,563470|238|2021-07-24,0.4543075421182813,1.9877863437271066
564744,238,2021-07-24,2021-08-21,29,treatment,1,0.9525671,1,dept_238_closure_2021-07-24,2021-06-25,2021-06,-1,0,0.0,564744|238|2021-07-24,0.6384487021182813,1.9877863437271066
565242,238,2021-07-24,2021-08-21,29,treatment,1,0.9084263,1,dept_238_closure_2021-07-24,2021-06-25,2021-06,-1,0,0.034482758620689655,565242|238|2021-07-24,0.5943079021182813,1.9877863437271066
565435,238,2021-07-24,2021-08-21,29,treatment,1,0.99733835,1,dept_238_closure_2021-07-24,2021-06-25,2021-06,-1,0,0.4482758620689655,565435|238|2021-07-24,0.6832199521182813,1.9877863437271066
565476,238,2021-07-24,2021-08-21,29,treatment,1,0.09272903,0,dept_238_closure_2021-07-24,2021-06-25,2021-06,-1,0,0.0,565476|238|2021-07-24,-0.2213893678817187,1.9877863437271066
565911,238,2021-07-24,2021-08-21,29,treatment,1,0.75461215,1,dept_238_closure_2021-07-24,2021-06-25,2021-06,-1,0,0.034482758620689655,565911|238|2021-07-24,0.44049375211828135,1.9877863437271066
565947,238,2021-07-24,2021-08-21,29,control,0,0.57629436,1,dept_238_closure_2021-07-24,2021-06-25,2021-06,-1,0,0.0,565947|238|2021-07-24,0.2621759621182813,1.9877863437271066
565986,238,2021-07-24,2021-08-21,29,treatment,1,0.13859658,0,dept_238_closure_2021-07-24,2021-06-25,2021-06,-1,0,0.0,565986|238|2021-07-24,-0.1755218178817187,1.9877863437271066
566009,238,2021-07-24,2021-08-21,29,control,0,0.99443555,1,dept_238_closure_2021-07-24,2021-06-25,2021-06,-1,0,0.1724137931034483,566009|238|2021-07-24,0.6803171521182813,1.9877863437271066
566125,238,2021-07-24,2021-08-21,29,control,0,0.9998441,1,dept_238_closure_2021-07-24,2021-06-25,2021-06,-1,0,0.3103448275862069,566125|238|2021-07-24,0.6857257021182813,1.9877863437271066
566284,238,2021-07-24,2021-08-21,29,control,0,0.25018635,0,dept_238_closure_2021-07-24,2021-06-25,2021-06,-1,0,0.0,566284|238|2021-07-24,-0.06393204788171869,1.9877863437271066
568478,238,2021-07-24,2021-08-21,29,control,0,0.028992865,0,dept_238_closure_2021-07-24,2021-06-25,2021-06,-1,0,0.0,568478|238|2021-07-24,-0.2851255328817187,1.9877863437271066
569055,238,2021-07-24,2021-08-21,29,control,0,0.9698963,1,dept_238_closure_2021-07-24,2021-06-25,2021-06,-1,0,0.034482758620689655,569055|238|2021-07-24,0.6557779021182814,1.9877863437271066
569542,238,2021-07-24,2021-08-21,29,control,0,0.99892104,1,dept_238_closure_2021-07-24,2021-06-25,2021-06,-1,0,0.3448275862068966,569542|238|2021-07-24,0.6848026421182813,1.9877863437271066
570285,238,2021-07-24,2021-08-21,29,treatment,1,0.2805313,0,dept_238_closure_2021-07-24,2021-06-25,2021-06,-1,0,0.0,570285|238|2021-07-24,-0.03358709788171871,1.9877863437271066
570755,238,2021-07-24,2021-08-21,29,control,0,0.06005636,0,dept_238_closure_2021-07-24,2021-06-25,2021-06,-1,0,0.0,570755|238|2021-07-24,-0.25406203788171866,1.9877863437271066
571548,238,2021-07-24,2021-08-21,29,treatment,1,0.98255527,1,dept_238_closure_2021-07-24,2021-06-25,2021-06,-1,0,0.034482758620689655,571548|238|2021-07-24,0.6684368721182813,1.9877863437271066
571567,238,2021-07-24,2021-08-21,29,treatment,1,0.64802736,1,dept_238_closure_2021-07-24,2021-06-25,2021-06,-1,0,0.0,571567|238|2021-07-24,0.33390896211828136,1.9877863437271066
571965,238,2021-07-24,2021-08-21,29,treatment,1,0.044775926,0,dept_238_closure_2021-07-24,2021-06-25,2021-06,-1,0,0.0,571965|238|2021-07-24,-0.26934247188171867,1.9877863437271066
572149,238,2021-07-24,2021-08-21,29,treatment,1,0.19342127,0,dept_238_closure_2021-07-24,2021-06-25,2021-06,-1,0,0.034482758620689655,572149|238|2021-07-24,-0.12069712788171869,1.9877863437271066
572924,238,2021-07-24,2021-08-21,29,control,0,0.02864454,0,dept_238_closure_2021-07-24,2021-06-25,2021-06,-1,0,0.0,572924|238|2021-07-24,-0.2854738578817187,1.9877863437271066
573065,238,2021-07-24,2021-08-21,29,treatment,1,0.36360395,0,dept_238_closure_2021-07-24,2021-06-25,2021-06,-1,0,0.034482758620689655,573065|238|2021-07-24,0.04948555211828132,1.9877863437271066
573439,238,2021-07-24,2021-08-21,29,treatment,1,0.85088044,1,dept_238_closure_2021-07-24,2021-06-25,2021-06,-1,0,0.034482758620689655,573439|238|2021-07-24,0.5367620421182813,1.9877863437271066
574014,238,2021-07-24,2021-08-21,29,control,0,0.11803745,0,dept_238_closure_2021-07-24,2021-06-25,2021-06,-1,0,0.0,574014|238|2021-07-24,-0.1960809478817187,1.9877863437271066
574360,238,2021-07-24,2021-08-21,29,control,0,0.86804956,1,dept_238_closure_2021-07-24,2021-06-25,2021-06,-1,0,0.06896551724137931,574360|238|2021-07-24,0.5539311621182813,1.9877863437271066
574473,238,2021-07-24,2021-08-21,29,treatment,1,0.029946767,0,dept_238_closure_2021-07-24,2021-06-25,2021-06,-1,0,0.0,574473|238|2021-07-24,-0.2841716308817187,1.9877863437271066
575148,238,2021-07-24,2021-08-21,29,control,0,0.36111075,0,dept_238_closure_2021-07-24,2021-06-25,2021-06,-1,0,0.034482758620689655,575148|238|2021-07-24,0.04699235211828129,1.9877863437271066
575852,238,2021-07-24,2021-08-21,29,control,0,0.044488713,0,dept_238_closure_2021-07-24,2021-06-25,2021-06,-1,0,0.0,575852|238|2021-07-24,-0.2696296848817187,1.9877863437271066
576610,238,2021-07-24,2021-08-21,29,control,0,0.7324581,1,dept_238_closure_2021-07-24,2021-06-25,2021-06,-1,0,0.0,576610|238|2021-07-24,0.4183397021182813,1.9877863437271066
577471,238,2021-07-24,2021-08-21,29,control,0,0.9951746,1,dept_238_closure_2021-07-24,2021-06-25,2021-06,-1,0,0.1724137931034483,577471|238|2021-07-24,0.6810562021182813,1.9877863437271066
577862,238,2021-07-24,2021-08-21,29,control,0,0.37395006,0,dept_238_closure_2021-07-24,2021-06-25,2021-06,-1,0,0.0,577862|238|2021-07-24,0.05983166211828128,1.9877863437271066
578474,238,2021-07-24,2021-08-21,29,control,0,0.089575544,0,dept_238_closure_2021-07-24,2021-06-25,2021-06,-1,0,0.0,578474|238|2021-07-24,-0.22454285388171868,1.9877863437271066
578638,238,2021-07-24,2021-08-21,29,control,0,0.33061102,0,dept_238_closure_2021-07-24,2021-06-25,2021-06,-1,0,0.0,578638|238|2021-07-24,0.016492622118281286,1.9877863437271066
578875,238,2021-07-24,2021-08-21,29,treatment,1,0.9970835,1,dept_238_closure_2021-07-24,2021-06-25,2021-06,-1,0,0.06896551724137931,578875|238|2021-07-24,0.6829651021182813,1.9877863437271066
579254,238,2021-07-24,2021-08-21,29,control,0,0.889748,1,dept_238_closure_2021-07-24,2021-06-25,2021-06,-1,0,0.034482758620689655,579254|238|2021-07-24,0.5756296021182813,1.9877863437271066
579815,238,2021-07-24,2021-08-21,29,treatment,1,0.55286986,1,dept_238_closure_2021-07-24,2021-06-25,2021-06,-1,0,0.034482758620689655,579815|238|2021-07-24,0.23875146211828135,1.9877863437271066
580193,238,2021-07-24,2021-08-21,29,treatment,1,0.6613623,1,dept_238_closure_2021-07-24,2021-06-25,2021-06,-1,0,0.034482758620689655,580193|238|2021-07-24,0.34724390211828127,1.9877863437271066
580462,238,2021-07-24,2021-08-21,29,control,0,0.16525802,0,dept_238_closure_2021-07-24,2021-06-25,2021-06,-1,0,0.0,580462|238|2021-07-24,-0.1488603778817187,1.9877863437271066
580826,238,2021-07-24,2021-08-21,29,control,0,0.016764719,0,dept_238_closure_2021-07-24,2021-06-25,2021-06,-1,0,0.0,580826|238|2021-07-24,-0.2973536788817187,1.9877863437271066
580946,238,2021-07-24,2021-08-21,29,treatment,1,0.38450053,0,dept_238_closure_2021-07-24,2021-06-25,2021-06,-1,0,0.034482758620689655,580946|238|2021-07-24,0.07038213211828132,1.9877863437271066
581782,238,2021-07-24,2021-08-21,29,control,0,0.020184726,0,dept_238_closure_2021-07-24,2021-06-25,2021-06,-1,0,0.0,581782|238|2021-07-24,-0.2939336718817187,1.9877863437271066
581969,238,2021-07-24,2021-08-21,29,control,0,0.057428718,0,dept_238_closure_2021-07-24,2021-06-25,2021-06,-1,0,0.034482758620689655,581969|238|2021-07-24,-0.2566896798817187,1.9877863437271066
581992,238,2021-07-24,2021-08-21,29,control,0,0.6145907,1,dept_238_closure_2021-07-24,2021-06-25,2021-06,-1,0,0.0,581992|238|2021-07-24,0.30047230211828135,1.9877863437271066
582186,238,2021-07-24,2021-08-21,29,control,0,0.028883116,0,dept_238_closure_2021-07-24,2021-06-25,2021-06,-1,0,0.0,582186|238|2021-07-24,-0.2852352818817187,1.9877863437271066
582364,238,2021-07-24,2021-08-21,29,treatment,1,0.20783395,0,dept_238_closure_2021-07-24,2021-06-25,2021-06,-1,0,0.0,582364|238|2021-07-24,-0.1062844478817187,1.9877863437271066
582428,238,2021-07-24,2021-08-21,29,control,0,0.030670492,0,dept_238_closure_2021-07-24,2021-06-25,2021-06,-1,0,0.0,582428|238|2021-07-24,-0.2834479058817187,1.9877863437271066
582668,238,2021-07-24,2021-08-21,29,control,0,0.031526733,0,dept_238_closure_2021-07-24,2021-06-25,2021-06,-1,0,0.0,582668|238|2021-07-24,-0.2825916648817187,1.9877863437271066
583292,238,2021-07-24,2021-08-21,29,treatment,1,0.76681197,1,dept_238_closure_2021-07-24,2021-06-25,2021-06,-1,0,0.0,583292|238|2021-07-24,0.4526935721182813,1.9877863437271066
583554,238,2021-07-24,2021-08-21,29,treatment,1,0.7206698,1,dept_238_closure_2021-07-24,2021-06-25,2021-06,-1,0,0.034482758620689655,583554|238|2021-07-24,0.40655140211828134,1.9877863437271066
583898,238,2021-07-24,2021-08-21,29,treatment,1,0.4764144,0,dept_238_closure_2021-07-24,2021-06-25,2021-06,-1,0,0.0,583898|238|2021-07-24,0.16229600211828132,1.9877863437271066
584990,238,2021-07-24,2021-08-21,29,control,0,0.48528418,0,dept_238_closure_2021-07-24,2021-06-25,2021-06,-1,0,0.0,584990|238|2021-07-24,0.17116578211828132,1.9877863437271066
586293,238,2021-07-24,2021-08-21,29,treatment,1,0.08287894,0,dept_238_closure_2021-07-24,2021-06-25,2021-06,-1,0,0.0,586293|238|2021-07-24,-0.23123945788171868,1.9877863437271066
586823,238,2021-07-24,2021-08-21,29,treatment,1,0.9418218,1,dept_238_closure_2021-07-24,2021-06-25,2021-06,-1,0,0.06896551724137931,586823|238|2021-07-24,0.6277034021182814,1.9877863437271066
587097,238,2021-07-24,2021-08-21,29,control,0,0.19694293,0,dept_238_closure_2021-07-24,2021-06-25,2021-06,-1,0,0.06896551724137931,587097|238|2021-07-24,-0.1171754678817187,1.9877863437271066
587134,238,2021-07-24,2021-08-21,29,treatment,1,0.03802914,0,dept_238_closure_2021-07-24,2021-06-25,2021-06,-1,0,0.0,587134|238|2021-07-24,-0.2760892578817187,1.9877863437271066
587278,238,2021-07-24,2021-08-21,29,control,0,0.9540406,1,dept_238_closure_2021-07-24,2021-06-25,2021-06,-1,0,0.10344827586206896,587278|238|2021-07-24,0.6399222021182813,1.9877863437271066
587437,238,2021-07-24,2021-08-21,29,treatment,1,0.44082126,0,dept_238_closure_2021-07-24,2021-06-25,2021-06,-1,0,0.10344827586206896,587437|238|2021-07-24,0.1267028621182813,1.9877863437271066
588240,238,2021-07-24,2021-08-21,29,control,0,0.6294087,1,dept_238_closure_2021-07-24,2021-06-25,2021-06,-1,0,0.034482758620689655,588240|238|2021-07-24,0.31529030211828135,1.9877863437271066
588349,238,2021-07-24,2021-08-21,29,treatment,1,0.37326863,0,dept_238_closure_2021-07-24,2021-06-25,2021-06,-1,0,0.034482758620689655,588349|238|2021-07-24,0.0591502321182813,1.9877863437271066
588435,238,2021-07-24,2021-08-21,29,control,0,0.0608774,0,dept_238_closure_2021-07-24,2021-06-25,2021-06,-1,0,0.0,588435|238|2021-07-24,-0.2532409978817187,1.9877863437271066
588660,238,2021-07-24,2021-08-21,29,treatment,1,0.40902236,0,dept_238_closure_2021-07-24,2021-06-25,2021-06,-1,0,0.13793103448275862,588660|238|2021-07-24,0.09490396211828128,1.9877863437271066
589005,238,2021-07-24,2021-08-21,29,treatment,1,0.023351813,0,dept_238_closure_2021-07-24,2021-06-25,2021-06,-1,0,0.0,589005|238|2021-07-24,-0.2907665848817187,1.9877863437271066
589192,238,2021-07-24,2021-08-21,29,control,0,0.8682714,1,dept_238_closure_2021-07-24,2021-06-25,2021-06,-1,0,0.06896551724137931,589192|238|2021-07-24,0.5541530021182813,1.9877863437271066
589228,238,2021-07-24,2021-08-21,29,control,0,0.34525517,0,dept_238_closure_2021-07-24,2021-06-25,2021-06,-1,0,0.0,589228|238|2021-07-24,0.03113677211828131,1.9877863437271066
589418,238,2021-07-24,2021-08-21,29,treatment,1,0.6389718,1,dept_238_closure_2021-07-24,2021-06-25,2021-06,-1,0,0.0,589418|238|2021-07-24,0.3248534021182813,1.9877863437271066
589770,238,2021-07-24,2021-08-21,29,treatment,1,0.96697104,1,dept_238_closure_2021-07-24,2021-06-25,2021-06,-1,0,0.1724137931034483,589770|238|2021-07-24,0.6528526421182813,1.9877863437271066
590642,238,2021-07-24,2021-08-21,29,control,0,0.0011384647,0,dept_238_closure_2021-07-24,2021-06-25,2021-06,-1,0,0.0,590642|238|2021-07-24,-0.3129799331817187,1.9877863437271066
591060,238,2021-07-24,2021-08-21,29,control,0,0.35155338,0,dept_238_closure_2021-07-24,2021-06-25,2021-06,-1,0,0.0,591060|238|2021-07-24,0.037434982118281335,1.9877863437271066
591980,238,2021-07-24,2021-08-21,29,control,0,0.40960583,0,dept_238_closure_2021-07-24,2021-06-25,2021-06,-1,0,0.034482758620689655,591980|238|2021-07-24,0.09548743211828131,1.9877863437271066
592031,238,2021-07-24,2021-08-21,29,treatment,1,0.6296617,1,dept_238_closure_2021-07-24,2021-06-25,2021-06,-1,0,0.034482758620689655,592031|238|2021-07-24,0.3155433021182813,1.9877863437271066
592169,238,2021-07-24,2021-08-21,29,control,0,0.28932962,0,dept_238_closure_2021-07-24,2021-06-25,2021-06,-1,0,0.06896551724137931,592169|238|2021-07-24,-0.024788777881718682,1.9877863437271066
593084,238,2021-07-24,2021-08-21,29,control,0,0.048005074,0,dept_238_closure_2021-07-24,2021-06-25,2021-06,-1,0,0.034482758620689655,593084|238|2021-07-24,-0.2661133238817187,1.9877863437271066
593174,238,2021-07-24,2021-08-21,29,control,0,0.016384033,0,dept_238_closure_2021-07-24,2021-06-25,2021-06,-1,0,0.0,593174|238|2021-07-24,-0.29773436488171867,1.9877863437271066
593328,238,2021-07-24,2021-08-21,29,treatment,1,0.06157461,0,dept_238_closure_2021-07-24,2021-06-25,2021-06,-1,0,0.034482758620689655,593328|238|2021-07-24,-0.2525437878817187,1.9877863437271066
593643,238,2021-07-24,2021-08-21,29,control,0,0.02213986,0,dept_238_closure_2021-07-24,2021-06-25,2021-06,-1,0,0.0,593643|238|2021-07-24,-0.2919785378817187,1.9877863437271066
596136,238,2021-07-24,2021-08-21,29,control,0,0.016511219,0,dept_238_closure_2021-07-24,2021-06-25,2021-06,-1,0,0.0,596136|238|2021-07-24,-0.29760717888171867,1.9877863437271066
596371,238,2021-07-24,2021-08-21,29,control,0,0.05059499,0,dept_238_closure_2021-07-24,2021-06-25,2021-06,-1,0,0.034482758620689655,596371|238|2021-07-24,-0.2635234078817187,1.9877863437271066
597094,238,2021-07-24,2021-08-21,29,treatment,1,0.091011785,0,dept_238_closure_2021-07-24,2021-06-25,2021-06,-1,0,0.0,597094|238|2021-07-24,-0.22310661288171868,1.9877863437271066
597328,238,2021-07-24,2021-08-21,29,control,0,0.63938534,1,dept_238_closure_2021-07-24,2021-06-25,2021-06,-1,0,0.034482758620689655,597328|238|2021-07-24,0.32526694211828133,1.9877863437271066
597451,238,2021-07-24,2021-08-21,29,control,0,0.13779742,0,dept_238_closure_2021-07-24,2021-06-25,2021-06,-1,0,0.0,597451|238|2021-07-24,-0.1763209778817187,1.9877863437271066
597481,238,2021-07-24,2021-08-21,29,control,0,0.22485887,0,dept_238_closure_2021-07-24,2021-06-25,2021-06,-1,0,0.034482758620689655,597481|238|2021-07-24,-0.0892595278817187,1.9877863437271066
597972,238,2021-07-24,2021-08-21,29,control,0,0.19607,0,dept_238_closure_2021-07-24,2021-06-25,2021-06,-1,0,0.0,597972|238|2021-07-24,-0.1180483978817187,1.9877863437271066
598076,238,2021-07-24,2021-08-21,29,control,0,0.1655949,0,dept_238_closure_2021-07-24,2021-06-25,2021-06,-1,0,0.034482758620689655,598076|238|2021-07-24,-0.1485234978817187,1.9877863437271066
598193,238,2021-07-24,2021-08-21,29,treatment,1,0.5649952,1,dept_238_closure_2021-07-24,2021-06-25,2021-06,-1,0,0.034482758620689655,598193|238|2021-07-24,0.25087680211828134,1.9877863437271066
598343,238,2021-07-24,2021-08-21,29,treatment,1,0.010608464,0,dept_238_closure_2021-07-24,2021-06-25,2021-06,-1,0,0.0,598343|238|2021-07-24,-0.3035099338817187,1.9877863437271066
598374,238,2021-07-24,2021-08-21,29,control,0,0.7820137,1,dept_238_closure_2021-07-24,2021-06-25,2021-06,-1,0,0.0,598374|238|2021-07-24,0.46789530211828134,1.9877863437271066
599120,238,2021-07-24,2021-08-21,29,treatment,1,0.52495503,1,dept_238_closure_2021-07-24,2021-06-25,2021-06,-1,0,0.06896551724137931,599120|238|2021-07-24,0.2108366321182813,1.9877863437271066
599447,238,2021-07-24,2021-08-21,29,treatment,1,0.53701556,1,dept_238_closure_2021-07-24,2021-06-25,2021-06,-1,0,0.0,599447|238|2021-07-24,0.22289716211828126,1.9877863437271066
599524,238,2021-07-24,2021-08-21,29,control,0,0.002000678,0,dept_238_closure_2021-07-24,2021-06-25,2021-06,-1,0,0.0,599524|238|2021-07-24,-0.3121177198817187,1.9877863437271066
599805,238,2021-07-24,2021-08-21,29,control,0,0.36581805,0,dept_238_closure_2021-07-24,2021-06-25,2021-06,-1,0,0.0,599805|238|2021-07-24,0.051699652118281314,1.9877863437271066
599807,238,2021-07-24,2021-08-21,29,treatment,1,0.6502753,1,dept_238_closure_2021-07-24,2021-06-25,2021-06,-1,0,0.0,599807|238|2021-07-24,0.3361569021182813,1.9877863437271066
600506,238,2021-07-24,2021-08-21,29,treatment,1,0.7425553,1,dept_238_closure_2021-07-24,2021-06-25,2021-06,-1,0,0.10344827586206896,600506|238|2021-07-24,0.42843690211828134,1.9877863437271066
601159,238,2021-07-24,2021-08-21,29,control,0,0.05807318,0,dept_238_closure_2021-07-24,2021-06-25,2021-06,-1,0,0.0,601159|238|2021-07-24,-0.2560452178817187,1.9877863437271066
602052,238,2021-07-24,2021-08-21,29,control,0,0.028674854,0,dept_238_closure_2021-07-24,2021-06-25,2021-06,-1,0,0.0,602052|238|2021-07-24,-0.28544354388171866,1.9877863437271066
602061,238,2021-07-24,2021-08-21,29,treatment,1,0.17588694,0,dept_238_closure_2021-07-24,2021-06-25,2021-06,-1,0,0.0,602061|238|2021-07-24,-0.1382314578817187,1.9877863437271066
603092,238,2021-07-24,2021-08-21,29,control,0,0.103692934,0,dept_238_closure_2021-07-24,2021-06-25,2021-06,-1,0,0.0,603092|238|2021-07-24,-0.21042546388171868,1.9877863437271066
603534,238,2021-07-24,2021-08-21,29,control,0,0.95975465,1,dept_238_closure_2021-07-24,2021-06-25,2021-06,-1,0,0.10344827586206896,603534|238|2021-07-24,0.6456362521182814,1.9877863437271066
603623,238,2021-07-24,2021-08-21,29,control,0,0.2249203,0,dept_238_closure_2021-07-24,2021-06-25,2021-06,-1,0,0.0,603623|238|2021-07-24,-0.0891980978817187,1.9877863437271066
605597,238,2021-07-24,2021-08-21,29,control,0,0.004235083,0,dept_238_closure_2021-07-24,2021-06-25,2021-06,-1,0,0.0,605597|238|2021-07-24,-0.3098833148817187,1.9877863437271066
605622,238,2021-07-24,2021-08-21,29,treatment,1,0.27132982,0,dept_238_closure_2021-07-24,2021-06-25,2021-06,-1,0,0.0,605622|238|2021-07-24,-0.04278857788171869,1.9877863437271066
606192,238,2021-07-24,2021-08-21,29,treatment,1,0.00283304,0,dept_238_closure_2021-07-24,2021-06-25,2021-06,-1,0,0.0,606192|238|2021-07-24,-0.3112853578817187,1.9877863437271066
606382,238,2021-07-24,2021-08-21,29,treatment,1,0.99326575,1,dept_238_closure_2021-07-24,2021-06-25,2021-06,-1,0,0.27586206896551724,606382|238|2021-07-24,0.6791473521182813,1.9877863437271066
606526,238,2021-07-24,2021-08-21,29,treatment,1,0.99794966,1,dept_238_closure_2021-07-24,2021-06-25,2021-06,-1,0,0.3793103448275862,606526|238|2021-07-24,0.6838312621182813,1.9877863437271066
606843,238,2021-07-24,2021-08-21,29,control,0,0.021376012,0,dept_238_closure_2021-07-24,2021-06-25,2021-06,-1,0,0.0,606843|238|2021-07-24,-0.2927423858817187,1.9877863437271066
607574,238,2021-07-24,2021-08-21,29,treatment,1,0.07368963,0,dept_238_closure_2021-07-24,2021-06-25,2021-06,-1,0,0.0,607574|238|2021-07-24,-0.24042876788171869,1.9877863437271066
607865,238,2021-07-24,2021-08-21,29,treatment,1,0.8900284,1,dept_238_closure_2021-07-24,2021-06-25,2021-06,-1,0,0.0,607865|238|2021-07-24,0.5759100021182814,1.9877863437271066
607949,238,2021-07-24,2021-08-21,29,control,0,0.6751729,1,dept_238_closure_2021-07-24,2021-06-25,2021-06,-1,0,0.0,607949|238|2021-07-24,0.3610545021182813,1.9877863437271066
608594,238,2021-07-24,2021-08-21,29,control,0,0.67393404,1,dept_238_closure_2021-07-24,2021-06-25,2021-06,-1,0,0.0,608594|238|2021-07-24,0.3598156421182813,1.9877863437271066
608693,238,2021-07-24,2021-08-21,29,control,0,0.24514085,0,dept_238_closure_2021-07-24,2021-06-25,2021-06,-1,0,0.0,608693|238|2021-07-24,-0.0689775478817187,1.9877863437271066
608899,238,2021-07-24,2021-08-21,29,control,0,0.65590036,1,dept_238_closure_2021-07-24,2021-06-25,2021-06,-1,0,0.0,608899|238|2021-07-24,0.34178196211828127,1.9877863437271066
609565,238,2021-07-24,2021-08-21,29,control,0,0.8358091,1,dept_238_closure_2021-07-24,2021-06-25,2021-06,-1,0,0.034482758620689655,609565|238|2021-07-24,0.5216907021182813,1.9877863437271066
610073,238,2021-07-24,2021-08-21,29,control,0,0.16920102,0,dept_238_closure_2021-07-24,2021-06-25,2021-06,-1,0,0.0,610073|238|2021-07-24,-0.14491737788171868,1.9877863437271066
610149,238,2021-07-24,2021-08-21,29,treatment,1,0.5227252,1,dept_238_closure_2021-07-24,2021-06-25,2021-06,-1,0,0.0,610149|238|2021-07-24,0.2086068021182813,1.9877863437271066
611019,238,2021-07-24,2021-08-21,29,treatment,1,0.8299728,1,dept_238_closure_2021-07-24,2021-06-25,2021-06,-1,0,0.034482758620689655,611019|238|2021-07-24,0.5158544021182813,1.9877863437271066
611514,238,2021-07-24,2021-08-21,29,treatment,1,0.8499456,1,dept_238_closure_2021-07-24,2021-06-25,2021-06,-1,0,0.0,611514|238|2021-07-24,0.5358272021182813,1.9877863437271066
612408,238,2021-07-24,2021-08-21,29,treatment,1,0.6265372,1,dept_238_closure_2021-07-24,2021-06-25,2021-06,-1,0,0.0,612408|238|2021-07-24,0.3124188021182813,1.9877863437271066
612509,238,2021-07-24,2021-08-21,29,treatment,1,0.81345606,1,dept_238_closure_2021-07-24,2021-06-25,2021-06,-1,0,0.0,612509|238|2021-07-24,0.49933766211828134,1.9877863437271066
612510,238,2021-07-24,2021-08-21,29,treatment,1,0.40504742,0,dept_238_closure_2021-07-24,2021-06-25,2021-06,-1,0,0.0,612510|238|2021-07-24,0.0909290221182813,1.9877863437271066
612873,238,2021-07-24,2021-08-21,29,control,0,0.07745797,0,dept_238_closure_2021-07-24,2021-06-25,2021-06,-1,0,0.0,612873|238|2021-07-24,-0.2366604278817187,1.9877863437271066
612999,238,2021-07-24,2021-08-21,29,control,0,0.4915591,0,dept_238_closure_2021-07-24,2021-06-25,2021-06,-1,0,0.034482758620689655,612999|238|2021-07-24,0.17744070211828133,1.9877863437271066
613465,238,2021-07-24,2021-08-21,29,control,0,0.19186041,0,dept_238_closure_2021-07-24,2021-06-25,2021-06,-1,0,0.0,613465|238|2021-07-24,-0.12225798788171868,1.9877863437271066
614664,238,2021-07-24,2021-08-21,29,treatment,1,0.060881913,0,dept_238_closure_2021-07-24,2021-06-25,2021-06,-1,0,0.0,614664|238|2021-07-24,-0.2532364848817187,1.9877863437271066
615087,238,2021-07-24,2021-08-21,29,treatment,1,0.03065621,0,dept_238_closure_2021-07-24,2021-06-25,2021-06,-1,0,0.0,615087|238|2021-07-24,-0.2834621878817187,1.9877863437271066
615549,238,2021-07-24,2021-08-21,29,treatment,1,0.004521711,0,dept_238_closure_2021-07-24,2021-06-25,2021-06,-1,0,0.0,615549|238|2021-07-24,-0.3095966868817187,1.9877863437271066
615738,238,2021-07-24,2021-08-21,29,control,0,0.6697142,1,dept_238_closure_2021-07-24,2021-06-25,2021-06,-1,0,0.10344827586206896,615738|238|2021-07-24,0.35559580211828135,1.9877863437271066
615746,238,2021-07-24,2021-08-21,29,treatment,1,0.47958997,0,dept_238_closure_2021-07-24,2021-06-25,2021-06,-1,0,0.034482758620689655,615746|238|2021-07-24,0.16547157211828128,1.9877863437271066
616158,238,2021-07-24,2021-08-21,29,treatment,1,0.03526804,0,dept_238_closure_2021-07-24,2021-06-25,2021-06,-1,0,0.0,616158|238|2021-07-24,-0.2788503578817187,1.9877863437271066
616280,238,2021-07-24,2021-08-21,29,control,0,0.024453204,0,dept_238_closure_2021-07-24,2021-06-25,2021-06,-1,0,0.0,616280|238|2021-07-24,-0.2896651938817187,1.9877863437271066
616907,238,2021-07-24,2021-08-21,29,control,0,0.09360185,0,dept_238_closure_2021-07-24,2021-06-25,2021-06,-1,0,0.0,616907|238|2021-07-24,-0.2205165478817187,1.9877863437271066
616920,238,2021-07-24,2021-08-21,29,treatment,1,0.039233256,0,dept_238_closure_2021-07-24,2021-06-25,2021-06,-1,0,0.06896551724137931,616920|238|2021-07-24,-0.2748851418817187,1.9877863437271066
617122,238,2021-07-24,2021-08-21,29,treatment,1,0.97460234,1,dept_238_closure_2021-07-24,2021-06-25,2021-06,-1,0,0.06896551724137931,617122|238|2021-07-24,0.6604839421182813,1.9877863437271066
617914,238,2021-07-24,2021-08-21,29,control,0,0.45970955,0,dept_238_closure_2021-07-24,2021-06-25,2021-06,-1,0,0.10344827586206896,617914|238|2021-07-24,0.14559115211828133,1.9877863437271066
618722,238,2021-07-24,2021-08-21,29,control,0,0.01704471,0,dept_238_closure_2021-07-24,2021-06-25,2021-06,-1,0,0.0,618722|238|2021-07-24,-0.2970736878817187,1.9877863437271066
618796,238,2021-07-24,2021-08-21,29,treatment,1,0.92673177,1,dept_238_closure_2021-07-24,2021-06-25,2021-06,-1,0,0.1724137931034483,618796|238|2021-07-24,0.6126133721182813,1.9877863437271066
618936,238,2021-07-24,2021-08-21,29,control,0,0.17721574,0,dept_238_closure_2021-07-24,2021-06-25,2021-06,-1,0,0.0,618936|238|2021-07-24,-0.13690265788171868,1.9877863437271066
619214,238,2021-07-24,2021-08-21,29,control,0,0.8356519,1,dept_238_closure_2021-07-24,2021-06-25,2021-06,-1,0,0.13793103448275862,619214|238|2021-07-24,0.5215335021182813,1.9877863437271066
619860,238,2021-07-24,2021-08-21,29,control,0,0.77233386,1,dept_238_closure_2021-07-24,2021-06-25,2021-06,-1,0,0.06896551724137931,619860|238|2021-07-24,0.45821546211828135,1.9877863437271066
620301,238,2021-07-24,2021-08-21,29,treatment,1,0.98104686,1,dept_238_closure_2021-07-24,2021-06-25,2021-06,-1,0,0.06896551724137931,620301|238|2021-07-24,0.6669284621182813,1.9877863437271066
620715,238,2021-07-24,2021-08-21,29,treatment,1,0.3004935,0,dept_238_closure_2021-07-24,2021-06-25,2021-06,-1,0,0.0,620715|238|2021-07-24,-0.013624897881718667,1.9877863437271066
621150,238,2021-07-24,2021-08-21,29,treatment,1,0.9983924,1,dept_238_closure_2021-07-24,2021-06-25,2021-06,-1,0,0.4827586206896552,621150|238|2021-07-24,0.6842740021182813,1.9877863437271066
621959,238,2021-07-24,2021-08-21,29,treatment,1,0.82936275,1,dept_238_closure_2021-07-24,2021-06-25,2021-06,-1,0,0.0,621959|238|2021-07-24,0.5152443521182813,1.9877863437271066
622777,238,2021-07-24,2021-08-21,29,control,0,0.0145352585,0,dept_238_closure_2021-07-24,2021-06-25,2021-06,-1,0,0.0,622777|238|2021-07-24,-0.2995831393817187,1.9877863437271066
623077,238,2021-07-24,2021-08-21,29,treatment,1,0.7425852,1,dept_238_closure_2021-07-24,2021-06-25,2021-06,-1,0,0.06896551724137931,623077|238|2021-07-24,0.42846680211828125,1.9877863437271066
623370,238,2021-07-24,2021-08-21,29,control,0,0.0076057073,0,dept_238_closure_2021-07-24,2021-06-25,2021-06,-1,0,0.0,623370|238|2021-07-24,-0.3065126905817187,1.9877863437271066
623570,238,2021-07-24,2021-08-21,29,treatment,1,0.55260986,1,dept_238_closure_2021-07-24,2021-06-25,2021-06,-1,0,0.034482758620689655,623570|238|2021-07-24,0.23849146211828132,1.9877863437271066
623571,238,2021-07-24,2021-08-21,29,treatment,1,0.2535834,0,dept_238_closure_2021-07-24,2021-06-25,2021-06,-1,0,0.0,623571|238|2021-07-24,-0.06053499788171868,1.9877863437271066
623614,238,2021-07-24,2021-08-21,29,control,0,0.95775497,1,dept_238_closure_2021-07-24,2021-06-25,2021-06,-1,0,0.13793103448275862,623614|238|2021-07-24,0.6436365721182813,1.9877863437271066
623990,238,2021-07-24,2021-08-21,29,treatment,1,0.6894072,1,dept_238_closure_2021-07-24,2021-06-25,2021-06,-1,0,0.0,623990|238|2021-07-24,0.3752888021182813,1.9877863437271066
624163,238,2021-07-24,2021-08-21,29,treatment,1,0.99619746,1,dept_238_closure_2021-07-24,2021-06-25,2021-06,-1,0,0.10344827586206896,624163|238|2021-07-24,0.6820790621182813,1.9877863437271066
624738,238,2021-07-24,2021-08-21,29,treatment,1,0.3396396,0,dept_238_closure_2021-07-24,2021-06-25,2021-06,-1,0,0.20689655172413793,624738|238|2021-07-24,0.025521202118281294,1.9877863437271066
625000,238,2021-07-24,2021-08-21,29,treatment,1,0.82487524,1,dept_238_closure_2021-07-24,2021-06-25,2021-06,-1,0,0.0,625000|238|2021-07-24,0.5107568421182813,1.9877863437271066
625368,238,2021-07-24,2021-08-21,29,control,0,0.9843275,1,dept_238_closure_2021-07-24,2021-06-25,2021-06,-1,0,0.2413793103448276,625368|238|2021-07-24,0.6702091021182813,1.9877863437271066
625942,238,2021-07-24,2021-08-21,29,treatment,1,0.015628412,0,dept_238_closure_2021-07-24,2021-06-25,2021-06,-1,0,0.0,625942|238|2021-07-24,-0.2984899858817187,1.9877863437271066
625951,238,2021-07-24,2021-08-21,29,treatment,1,0.55792147,1,dept_238_closure_2021-07-24,2021-06-25,2021-06,-1,0,0.0,625951|238|2021-07-24,0.24380307211828134,1.9877863437271066
626049,238,2021-07-24,2021-08-21,29,control,0,0.07698367,0,dept_238_closure_2021-07-24,2021-06-25,2021-06,-1,0,0.034482758620689655,626049|238|2021-07-24,-0.2371347278817187,1.9877863437271066
626611,238,2021-07-24,2021-08-21,29,control,0,0.670505,1,dept_238_closure_2021-07-24,2021-06-25,2021-06,-1,0,0.034482758620689655,626611|238|2021-07-24,0.3563866021182813,1.9877863437271066
626885,238,2021-07-24,2021-08-21,29,treatment,1,0.14395125,0,dept_238_closure_2021-07-24,2021-06-25,2021-06,-1,0,0.0,626885|238|2021-07-24,-0.1701671478817187,1.9877863437271066
626912,238,2021-07-24,2021-08-21,29,treatment,1,0.96368545,1,dept_238_closure_2021-07-24,2021-06-25,2021-06,-1,0,0.034482758620689655,626912|238|2021-07-24,0.6495670521182814,1.9877863437271066
628172,238,2021-07-24,2021-08-21,29,treatment,1,0.36337268,0,dept_238_closure_2021-07-24,2021-06-25,2021-06,-1,0,0.0,628172|238|2021-07-24,0.04925428211828131,1.9877863437271066
628693,238,2021-07-24,2021-08-21,29,control,0,0.013886654,0,dept_238_closure_2021-07-24,2021-06-25,2021-06,-1,0,0.0,628693|238|2021-07-24,-0.3002317438817187,1.9877863437271066
628895,238,2021-07-24,2021-08-21,29,treatment,1,0.25952712,0,dept_238_closure_2021-07-24,2021-06-25,2021-06,-1,0,0.06896551724137931,628895|238|2021-07-24,-0.05459127788171869,1.9877863437271066
628916,238,2021-07-24,2021-08-21,29,treatment,1,0.30506086,0,dept_238_closure_2021-07-24,2021-06-25,2021-06,-1,0,0.0,628916|238|2021-07-24,-0.009057537881718702,1.9877863437271066
629054,238,2021-07-24,2021-08-21,29,treatment,1,0.40466577,0,dept_238_closure_2021-07-24,2021-06-25,2021-06,-1,0,0.0,629054|238|2021-07-24,0.09054737211828129,1.9877863437271066
629680,238,2021-07-24,2021-08-21,29,control,0,0.7004726,1,dept_238_closure_2021-07-24,2021-06-25,2021-06,-1,0,0.0,629680|238|2021-07-24,0.3863542021182813,1.9877863437271066
629911,238,2021-07-24,2021-08-21,29,control,0,0.98537344,1,dept_238_closure_2021-07-24,2021-06-25,2021-06,-1,0,0.0,629911|238|2021-07-24,0.6712550421182814,1.9877863437271066
630254,238,2021-07-24,2021-08-21,29,control,0,0.74859214,1,dept_238_closure_2021-07-24,2021-06-25,2021-06,-1,0,0.06896551724137931,630254|238|2021-07-24,0.43447374211828127,1.9877863437271066
631318,238,2021-07-24,2021-08-21,29,control,0,0.08351697,0,dept_238_closure_2021-07-24,2021-06-25,2021-06,-1,0,0.0,631318|238|2021-07-24,-0.2306014278817187,1.9877863437271066
632494,238,2021-07-24,2021-08-21,29,treatment,1,0.04674599,0,dept_238_closure_2021-07-24,2021-06-25,2021-06,-1,0,0.0,632494|238|2021-07-24,-0.2673724078817187,1.9877863437271066
632544,238,2021-07-24,2021-08-21,29,control,0,0.79864335,1,dept_238_closure_2021-07-24,2021-06-25,2021-06,-1,0,0.034482758620689655,632544|238|2021-07-24,0.4845249521182813,1.9877863437271066
633190,238,2021-07-24,2021-08-21,29,control,0,0.6806862,1,dept_238_closure_2021-07-24,2021-06-25,2021-06,-1,0,0.13793103448275862,633190|238|2021-07-24,0.3665678021182813,1.9877863437271066
633204,238,2021-07-24,2021-08-21,29,treatment,1,0.8719898,1,dept_238_closure_2021-07-24,2021-06-25,2021-06,-1,0,0.0,633204|238|2021-07-24,0.5578714021182813,1.9877863437271066
634040,238,2021-07-24,2021-08-21,29,control,0,0.15013711,0,dept_238_closure_2021-07-24,2021-06-25,2021-06,-1,0,0.06896551724137931,634040|238|2021-07-24,-0.1639812878817187,1.9877863437271066
634956,238,2021-07-24,2021-08-21,29,treatment,1,0.99881554,1,dept_238_closure_2021-07-24,2021-06-25,2021-06,-1,0,0.20689655172413793,634956|238|2021-07-24,0.6846971421182813,1.9877863437271066
635252,238,2021-07-24,2021-08-21,29,control,0,0.99755365,1,dept_238_closure_2021-07-24,2021-06-25,2021-06,-1,0,0.27586206896551724,635252|238|2021-07-24,0.6834352521182813,1.9877863437271066
635389,238,2021-07-24,2021-08-21,29,control,0,0.5817127,1,dept_238_closure_2021-07-24,2021-06-25,2021-06,-1,0,0.034482758620689655,635389|238|2021-07-24,0.2675943021182813,1.9877863437271066
635392,238,2021-07-24,2021-08-21,29,control,0,0.94175065,1,dept_238_closure_2021-07-24,2021-06-25,2021-06,-1,0,0.034482758620689655,635392|238|2021-07-24,0.6276322521182813,1.9877863437271066
635602,238,2021-07-24,2021-08-21,29,control,0,0.28598094,0,dept_238_closure_2021-07-24,2021-06-25,2021-06,-1,0,0.034482758620689655,635602|238|2021-07-24,-0.028137457881718675,1.9877863437271066
635961,238,2021-07-24,2021-08-21,29,treatment,1,0.73641384,1,dept_238_closure_2021-07-24,2021-06-25,2021-06,-1,0,0.10344827586206896,635961|238|2021-07-24,0.4222954421182813,1.9877863437271066
637051,238,2021-07-24,2021-08-21,29,control,0,0.9850454,1,dept_238_closure_2021-07-24,2021-06-25,2021-06,-1,0,0.1724137931034483,637051|238|2021-07-24,0.6709270021182813,1.9877863437271066
637871,238,2021-07-24,2021-08-21,29,control,0,0.004907969,0,dept_238_closure_2021-07-24,2021-06-25,2021-06,-1,0,0.0,637871|238|2021-07-24,-0.3092104288817187,1.9877863437271066
639607,238,2021-07-24,2021-08-21,29,treatment,1,0.9517866,1,dept_238_closure_2021-07-24,2021-06-25,2021-06,-1,0,0.034482758620689655,639607|238|2021-07-24,0.6376682021182813,1.9877863437271066
639999,238,2021-07-24,2021-08-21,29,control,0,0.11638876,0,dept_238_closure_2021-07-24,2021-06-25,2021-06,-1,0,0.0,639999|238|2021-07-24,-0.1977296378817187,1.9877863437271066
641378,238,2021-07-24,2021-08-21,29,treatment,1,0.3695359,0,dept_238_closure_2021-07-24,2021-06-25,2021-06,-1,0,0.06896551724137931,641378|238|2021-07-24,0.05541750211828128,1.9877863437271066
641448,238,2021-07-24,2021-08-21,29,treatment,1,0.9910761,1,dept_238_closure_2021-07-24,2021-06-25,2021-06,-1,0,0.20689655172413793,641448|238|2021-07-24,0.6769577021182813,1.9877863437271066
641540,238,2021-07-24,2021-08-21,29,control,0,0.7936268,1,dept_238_closure_2021-07-24,2021-06-25,2021-06,-1,0,0.06896551724137931,641540|238|2021-07-24,0.4795084021182813,1.9877863437271066
642268,238,2021-07-24,2021-08-21,29,control,0,0.036343265,0,dept_238_closure_2021-07-24,2021-06-25,2021-06,-1,0,0.034482758620689655,642268|238|2021-07-24,-0.2777751328817187,1.9877863437271066
643325,238,2021-07-24,2021-08-21,29,treatment,1,0.01635067,0,dept_238_closure_2021-07-24,2021-06-25,2021-06,-1,0,0.0,643325|238|2021-07-24,-0.2977677278817187,1.9877863437271066
643353,238,2021-07-24,2021-08-21,29,treatment,1,0.0031093704,0,dept_238_closure_2021-07-24,2021-06-25,2021-06,-1,0,0.0,643353|238|2021-07-24,-0.3110090274817187,1.9877863437271066
643371,238,2021-07-24,2021-08-21,29,control,0,0.43268237,0,dept_238_closure_2021-07-24,2021-06-25,2021-06,-1,0,0.034482758620689655,643371|238|2021-07-24,0.11856397211828129,1.9877863437271066
643527,238,2021-07-24,2021-08-21,29,treatment,1,0.52074146,1,dept_238_closure_2021-07-24,2021-06-25,2021-06,-1,0,0.0,643527|238|2021-07-24,0.2066230621182813,1.9877863437271066
644413,238,2021-07-24,2021-08-21,29,control,0,0.06305609,0,dept_238_closure_2021-07-24,2021-06-25,2021-06,-1,0,0.0,644413|238|2021-07-24,-0.2510623078817187,1.9877863437271066
644499,238,2021-07-24,2021-08-21,29,control,0,0.5198777,1,dept_238_closure_2021-07-24,2021-06-25,2021-06,-1,0,0.06896551724137931,644499|238|2021-07-24,0.2057593021182813,1.9877863437271066
644691,238,2021-07-24,2021-08-21,29,treatment,1,0.7599516,1,dept_238_closure_2021-07-24,2021-06-25,2021-06,-1,0,0.0,644691|238|2021-07-24,0.44583320211828126,1.9877863437271066
644800,238,2021-07-24,2021-08-21,29,control,0,0.9659307,1,dept_238_closure_2021-07-24,2021-06-25,2021-06,-1,0,0.06896551724137931,644800|238|2021-07-24,0.6518123021182813,1.9877863437271066
644927,238,2021-07-24,2021-08-21,29,treatment,1,0.026242277,0,dept_238_closure_2021-07-24,2021-06-25,2021-06,-1,0,0.0,644927|238|2021-07-24,-0.2878761208817187,1.9877863437271066
645026,238,2021-07-24,2021-08-21,29,control,0,0.5103553,1,dept_238_closure_2021-07-24,2021-06-25,2021-06,-1,0,0.034482758620689655,645026|238|2021-07-24,0.19623690211828126,1.9877863437271066
645387,238,2021-07-24,2021-08-21,29,control,0,0.6237884,1,dept_238_closure_2021-07-24,2021-06-25,2021-06,-1,0,0.0,645387|238|2021-07-24,0.30967000211828133,1.9877863437271066
645414,238,2021-07-24,2021-08-21,29,control,0,0.18946677,0,dept_238_closure_2021-07-24,2021-06-25,2021-06,-1,0,0.034482758620689655,645414|238|2021-07-24,-0.12465162788171869,1.9877863437271066
645585,238,2021-07-24,2021-08-21,29,treatment,1,0.9945951,1,dept_238_closure_2021-07-24,2021-06-25,2021-06,-1,0,0.2413793103448276,645585|238|2021-07-24,0.6804767021182813,1.9877863437271066
646380,238,2021-07-24,2021-08-21,29,treatment,1,0.5609005,1,dept_238_closure_2021-07-24,2021-06-25,2021-06,-1,0,0.034482758620689655,646380|238|2021-07-24,0.24678210211828133,1.9877863437271066
646592,238,2021-07-24,2021-08-21,29,treatment,1,0.2688417,0,dept_238_closure_2021-07-24,2021-06-25,2021-06,-1,0,0.0,646592|238|2021-07-24,-0.045276697881718675,1.9877863437271066
646660,238,2021-07-24,2021-08-21,29,treatment,1,0.24427146,0,dept_238_closure_2021-07-24,2021-06-25,2021-06,-1,0,0.06896551724137931,646660|238|2021-07-24,-0.0698469378817187,1.9877863437271066
647478,238,2021-07-24,2021-08-21,29,treatment,1,0.70578706,1,dept_238_closure_2021-07-24,2021-06-25,2021-06,-1,0,0.0,647478|238|2021-07-24,0.39166866211828133,1.9877863437271066
647489,238,2021-07-24,2021-08-21,29,control,0,0.99193597,1,dept_238_closure_2021-07-24,2021-06-25,2021-06,-1,0,0.1724137931034483,647489|238|2021-07-24,0.6778175721182813,1.9877863437271066
647559,238,2021-07-24,2021-08-21,29,treatment,1,0.32271138,0,dept_238_closure_2021-07-24,2021-06-25,2021-06,-1,0,0.034482758620689655,647559|238|2021-07-24,0.0085929821182813,1.9877863437271066
648431,238,2021-07-24,2021-08-21,29,treatment,1,0.8773027,1,dept_238_closure_2021-07-24,2021-06-25,2021-06,-1,0,0.06896551724137931,648431|238|2021-07-24,0.5631843021182813,1.9877863437271066
649576,238,2021-07-24,2021-08-21,29,treatment,1,0.74728996,1,dept_238_closure_2021-07-24,2021-06-25,2021-06,-1,0,0.0,649576|238|2021-07-24,0.43317156211828134,1.9877863437271066
650120,238,2021-07-24,2021-08-21,29,control,0,0.9917761,1,dept_238_closure_2021-07-24,2021-06-25,2021-06,-1,0,0.034482758620689655,650120|238|2021-07-24,0.6776577021182814,1.9877863437271066
650336,238,2021-07-24,2021-08-21,29,control,0,0.011805536,0,dept_238_closure_2021-07-24,2021-06-25,2021-06,-1,0,0.0,650336|238|2021-07-24,-0.3023128618817187,1.9877863437271066
650442,238,2021-07-24,2021-08-21,29,treatment,1,0.99817955,1,dept_238_closure_2021-07-24,2021-06-25,2021-06,-1,0,0.41379310344827586,650442|238|2021-07-24,0.6840611521182813,1.9877863437271066
650563,238,2021-07-24,2021-08-21,29,treatment,1,0.98279285,1,dept_238_closure_2021-07-24,2021-06-25,2021-06,-1,0,0.3103448275862069,650563|238|2021-07-24,0.6686744521182814,1.9877863437271066
651018,238,2021-07-24,2021-08-21,29,control,0,0.32380688,0,dept_238_closure_2021-07-24,2021-06-25,2021-06,-1,0,0.0,651018|238|2021-07-24,0.009688482118281327,1.9877863437271066
651521,238,2021-07-24,2021-08-21,29,treatment,1,0.5493085,1,dept_238_closure_2021-07-24,2021-06-25,2021-06,-1,0,0.0,651521|238|2021-07-24,0.23519010211828129,1.9877863437271066
651659,238,2021-07-24,2021-08-21,29,control,0,0.027468488,0,dept_238_closure_2021-07-24,2021-06-25,2021-06,-1,0,0.0,651659|238|2021-07-24,-0.2866499098817187,1.9877863437271066
652162,238,2021-07-24,2021-08-21,29,control,0,0.69978535,1,dept_238_closure_2021-07-24,2021-06-25,2021-06,-1,0,0.0,652162|238|2021-07-24,0.3856669521182813,1.9877863437271066
652243,238,2021-07-24,2021-08-21,29,treatment,1,0.14823908,0,dept_238_closure_2021-07-24,2021-06-25,2021-06,-1,0,0.034482758620689655,652243|238|2021-07-24,-0.1658793178817187,1.9877863437271066
652489,238,2021-07-24,2021-08-21,29,control,0,0.013193797,0,dept_238_closure_2021-07-24,2021-06-25,2021-06,-1,0,0.0,652489|238|2021-07-24,-0.3009246008817187,1.9877863437271066
653097,238,2021-07-24,2021-08-21,29,treatment,1,0.31705046,0,dept_238_closure_2021-07-24,2021-06-25,2021-06,-1,0,0.0,653097|238|2021-07-24,0.0029320621182812867,1.9877863437271066
653819,238,2021-07-24,2021-08-21,29,control,0,0.96943766,1,dept_238_closure_2021-07-24,2021-06-25,2021-06,-1,0,0.10344827586206896,653819|238|2021-07-24,0.6553192621182813,1.9877863437271066
654235,238,2021-07-24,2021-08-21,29,control,0,0.8219934,1,dept_238_closure_2021-07-24,2021-06-25,2021-06,-1,0,0.10344827586206896,654235|238|2021-07-24,0.5078750021182813,1.9877863437271066
654495,238,2021-07-24,2021-08-21,29,control,0,0.60825545,1,dept_238_closure_2021-07-24,2021-06-25,2021-06,-1,0,0.0,654495|238|2021-07-24,0.29413705211828134,1.9877863437271066
654506,238,2021-07-24,2021-08-21,29,control,0,0.99508977,1,dept_238_closure_2021-07-24,2021-06-25,2021-06,-1,0,0.1724137931034483,654506|238|2021-07-24,0.6809713721182813,1.9877863437271066
654920,238,2021-07-24,2021-08-21,29,treatment,1,0.90749735,1,dept_238_closure_2021-07-24,2021-06-25,2021-06,-1,0,0.0,654920|238|2021-07-24,0.5933789521182813,1.9877863437271066
654966,238,2021-07-24,2021-08-21,29,control,0,0.5517942,1,dept_238_closure_2021-07-24,2021-06-25,2021-06,-1,0,0.034482758620689655,654966|238|2021-07-24,0.23767580211828132,1.9877863437271066
655067,238,2021-07-24,2021-08-21,29,control,0,0.013343077,0,dept_238_closure_2021-07-24,2021-06-25,2021-06,-1,0,0.0,655067|238|2021-07-24,-0.3007753208817187,1.9877863437271066
655190,238,2021-07-24,2021-08-21,29,treatment,1,0.016625805,0,dept_238_closure_2021-07-24,2021-06-25,2021-06,-1,0,0.0,655190|238|2021-07-24,-0.2974925928817187,1.9877863437271066
655532,238,2021-07-24,2021-08-21,29,treatment,1,0.40900725,0,dept_238_closure_2021-07-24,2021-06-25,2021-06,-1,0,0.06896551724137931,655532|238|2021-07-24,0.0948888521182813,1.9877863437271066
656155,238,2021-07-24,2021-08-21,29,treatment,1,0.9941719,1,dept_238_closure_2021-07-24,2021-06-25,2021-06,-1,0,0.1724137931034483,656155|238|2021-07-24,0.6800535021182813,1.9877863437271066
656181,238,2021-07-24,2021-08-21,29,treatment,1,0.83484876,1,dept_238_closure_2021-07-24,2021-06-25,2021-06,-1,0,0.034482758620689655,656181|238|2021-07-24,0.5207303621182813,1.9877863437271066
656624,238,2021-07-24,2021-08-21,29,treatment,1,0.90205276,1,dept_238_closure_2021-07-24,2021-06-25,2021-06,-1,0,0.0,656624|238|2021-07-24,0.5879343621182813,1.9877863437271066
656820,238,2021-07-24,2021-08-21,29,treatment,1,0.94198817,1,dept_238_closure_2021-07-24,2021-06-25,2021-06,-1,0,0.034482758620689655,656820|238|2021-07-24,0.6278697721182813,1.9877863437271066
657114,238,2021-07-24,2021-08-21,29,treatment,1,0.06403683,0,dept_238_closure_2021-07-24,2021-06-25,2021-06,-1,0,0.0,657114|238|2021-07-24,-0.2500815678817187,1.9877863437271066
657851,238,2021-07-24,2021-08-21,29,control,0,0.50205564,1,dept_238_closure_2021-07-24,2021-06-25,2021-06,-1,0,0.10344827586206896,657851|238|2021-07-24,0.18793724211828133,1.9877863437271066
658011,238,2021-07-24,2021-08-21,29,treatment,1,0.99253464,1,dept_238_closure_2021-07-24,2021-06-25,2021-06,-1,0,0.1724137931034483,658011|238|2021-07-24,0.6784162421182813,1.9877863437271066
658615,238,2021-07-24,2021-08-21,29,control,0,0.3827294,0,dept_238_closure_2021-07-24,2021-06-25,2021-06,-1,0,0.0,658615|238|2021-07-24,0.0686110021182813,1.9877863437271066
658638,238,2021-07-24,2021-08-21,29,control,0,0.0736111,0,dept_238_closure_2021-07-24,2021-06-25,2021-06,-1,0,0.0,658638|238|2021-07-24,-0.2405072978817187,1.9877863437271066
659409,238,2021-07-24,2021-08-21,29,control,0,0.973841,1,dept_238_closure_2021-07-24,2021-06-25,2021-06,-1,0,0.06896551724137931,659409|238|2021-07-24,0.6597226021182813,1.9877863437271066
659553,238,2021-07-24,2021-08-21,29,control,0,0.0056849793,0,dept_238_closure_2021-07-24,2021-06-25,2021-06,-1,0,0.0,659553|238|2021-07-24,-0.3084334185817187,1.9877863437271066
660385,238,2021-07-24,2021-08-21,29,treatment,1,0.38301453,0,dept_238_closure_2021-07-24,2021-06-25,2021-06,-1,0,0.0,660385|238|2021-07-24,0.06889613211828133,1.9877863437271066
660481,238,2021-07-24,2021-08-21,29,control,0,0.03860619,0,dept_238_closure_2021-07-24,2021-06-25,2021-06,-1,0,0.0,660481|238|2021-07-24,-0.2755122078817187,1.9877863437271066
661140,238,2021-07-24,2021-08-21,29,treatment,1,0.3004757,0,dept_238_closure_2021-07-24,2021-06-25,2021-06,-1,0,0.034482758620689655,661140|238|2021-07-24,-0.01364269788171868,1.9877863437271066
661179,238,2021-07-24,2021-08-21,29,treatment,1,0.013370562,0,dept_238_closure_2021-07-24,2021-06-25,2021-06,-1,0,0.0,661179|238|2021-07-24,-0.3007478358817187,1.9877863437271066
661949,238,2021-07-24,2021-08-21,29,control,0,0.9725165,1,dept_238_closure_2021-07-24,2021-06-25,2021-06,-1,0,0.20689655172413793,661949|238|2021-07-24,0.6583981021182813,1.9877863437271066
662028,238,2021-07-24,2021-08-21,29,control,0,0.6768571,1,dept_238_closure_2021-07-24,2021-06-25,2021-06,-1,0,0.0,662028|238|2021-07-24,0.3627387021182813,1.9877863437271066
662160,238,2021-07-24,2021-08-21,29,treatment,1,0.022793733,0,dept_238_closure_2021-07-24,2021-06-25,2021-06,-1,0,0.0,662160|238|2021-07-24,-0.2913246648817187,1.9877863437271066
662278,238,2021-07-24,2021-08-21,29,treatment,1,0.91240066,1,dept_238_closure_2021-07-24,2021-06-25,2021-06,-1,0,0.10344827586206896,662278|238|2021-07-24,0.5982822621182813,1.9877863437271066
663282,238,2021-07-24,2021-08-21,29,control,0,0.4876999,0,dept_238_closure_2021-07-24,2021-06-25,2021-06,-1,0,0.034482758620689655,663282|238|2021-07-24,0.17358150211828133,1.9877863437271066
663283,238,2021-07-24,2021-08-21,29,control,0,0.059362344,0,dept_238_closure_2021-07-24,2021-06-25,2021-06,-1,0,0.06896551724137931,663283|238|2021-07-24,-0.2547560538817187,1.9877863437271066
663494,238,2021-07-24,2021-08-21,29,control,0,0.4545191,0,dept_238_closure_2021-07-24,2021-06-25,2021-06,-1,0,0.034482758620689655,663494|238|2021-07-24,0.14040070211828132,1.9877863437271066
663773,238,2021-07-24,2021-08-21,29,treatment,1,0.22964692,0,dept_238_closure_2021-07-24,2021-06-25,2021-06,-1,0,0.0,663773|238|2021-07-24,-0.08447147788171869,1.9877863437271066
664436,238,2021-07-24,2021-08-21,29,control,0,0.6849274,1,dept_238_closure_2021-07-24,2021-06-25,2021-06,-1,0,0.0,664436|238|2021-07-24,0.3708090021182813,1.9877863437271066
664465,238,2021-07-24,2021-08-21,29,control,0,0.7947603,1,dept_238_closure_2021-07-24,2021-06-25,2021-06,-1,0,0.0,664465|238|2021-07-24,0.4806419021182813,1.9877863437271066
664482,238,2021-07-24,2021-08-21,29,treatment,1,0.9644841,1,dept_238_closure_2021-07-24,2021-06-25,2021-06,-1,0,0.06896551724137931,664482|238|2021-07-24,0.6503657021182813,1.9877863437271066
664661,238,2021-07-24,2021-08-21,29,treatment,1,0.8597047,1,dept_238_closure_2021-07-24,2021-06-25,2021-06,-1,0,0.034482758620689655,664661|238|2021-07-24,0.5455863021182813,1.9877863437271066
664665,238,2021-07-24,2021-08-21,29,treatment,1,0.9305197,1,dept_238_closure_2021-07-24,2021-06-25,2021-06,-1,0,0.06896551724137931,664665|238|2021-07-24,0.6164013021182813,1.9877863437271066
664811,238,2021-07-24,2021-08-21,29,treatment,1,0.19856551,0,dept_238_closure_2021-07-24,2021-06-25,2021-06,-1,0,0.0,664811|238|2021-07-24,-0.11555288788171869,1.9877863437271066
664959,238,2021-07-24,2021-08-21,29,control,0,0.5551413,1,dept_238_closure_2021-07-24,2021-06-25,2021-06,-1,0,0.034482758620689655,664959|238|2021-07-24,0.24102290211828126,1.9877863437271066
665947,238,2021-07-24,2021-08-21,29,treatment,1,0.071007244,0,dept_238_closure_2021-07-24,2021-06-25,2021-06,-1,0,0.034482758620689655,665947|238|2021-07-24,-0.2431111538817187,1.9877863437271066
666191,238,2021-07-24,2021-08-21,29,control,0,0.071252994,0,dept_238_closure_2021-07-24,2021-06-25,2021-06,-1,0,0.0,666191|238|2021-07-24,-0.24286540388171868,1.9877863437271066
666268,238,2021-07-24,2021-08-21,29,control,0,0.9995448,1,dept_238_closure_2021-07-24,2021-06-25,2021-06,-1,0,0.20689655172413793,666268|238|2021-07-24,0.6854264021182813,1.9877863437271066
666597,238,2021-07-24,2021-08-21,29,control,0,0.24573119,0,dept_238_closure_2021-07-24,2021-06-25,2021-06,-1,0,0.0,666597|238|2021-07-24,-0.0683872078817187,1.9877863437271066
666978,238,2021-07-24,2021-08-21,29,treatment,1,0.95964587,1,dept_238_closure_2021-07-24,2021-06-25,2021-06,-1,0,0.034482758620689655,666978|238|2021-07-24,0.6455274721182813,1.9877863437271066
666983,238,2021-07-24,2021-08-21,29,treatment,1,0.602467,1,dept_238_closure_2021-07-24,2021-06-25,2021-06,-1,0,0.034482758620689655,666983|238|2021-07-24,0.2883486021182813,1.9877863437271066
666985,238,2021-07-24,2021-08-21,29,treatment,1,0.014246881,0,dept_238_closure_2021-07-24,2021-06-25,2021-06,-1,0,0.0,666985|238|2021-07-24,-0.2998715168817187,1.9877863437271066
668410,238,2021-07-24,2021-08-21,29,control,0,0.6653871,1,dept_238_closure_2021-07-24,2021-06-25,2021-06,-1,0,0.034482758620689655,668410|238|2021-07-24,0.3512687021182813,1.9877863437271066
669116,238,2021-07-24,2021-08-21,29,treatment,1,0.1516346,0,dept_238_closure_2021-07-24,2021-06-25,2021-06,-1,0,0.0,669116|238|2021-07-24,-0.16248379788171868,1.9877863437271066
669793,238,2021-07-24,2021-08-21,29,control,0,0.033587996,0,dept_238_closure_2021-07-24,2021-06-25,2021-06,-1,0,0.0,669793|238|2021-07-24,-0.2805304018817187,1.9877863437271066
669821,238,2021-07-24,2021-08-21,29,control,0,0.9968065,1,dept_238_closure_2021-07-24,2021-06-25,2021-06,-1,0,0.13793103448275862,669821|238|2021-07-24,0.6826881021182813,1.9877863437271066
670328,238,2021-07-24,2021-08-21,29,control,0,0.04379353,0,dept_238_closure_2021-07-24,2021-06-25,2021-06,-1,0,0.0,670328|238|2021-07-24,-0.2703248678817187,1.9877863437271066
670707,238,2021-07-24,2021-08-21,29,treatment,1,0.955608,1,dept_238_closure_2021-07-24,2021-06-25,2021-06,-1,0,0.034482758620689655,670707|238|2021-07-24,0.6414896021182813,1.9877863437271066
670834,238,2021-07-24,2021-08-21,29,treatment,1,0.48076177,0,dept_238_closure_2021-07-24,2021-06-25,2021-06,-1,0,0.0,670834|238|2021-07-24,0.16664337211828129,1.9877863437271066
671314,238,2021-07-24,2021-08-21,29,control,0,0.18913005,0,dept_238_closure_2021-07-24,2021-06-25,2021-06,-1,0,0.0,671314|238|2021-07-24,-0.1249883478817187,1.9877863437271066
671785,238,2021-07-24,2021-08-21,29,treatment,1,0.13155611,0,dept_238_closure_2021-07-24,2021-06-25,2021-06,-1,0,0.06896551724137931,671785|238|2021-07-24,-0.1825622878817187,1.9877863437271066
672167,238,2021-07-24,2021-08-21,29,treatment,1,0.64548486,1,dept_238_closure_2021-07-24,2021-06-25,2021-06,-1,0,0.034482758620689655,672167|238|2021-07-24,0.33136646211828136,1.9877863437271066
672634,238,2021-07-24,2021-08-21,29,control,0,0.060571473,0,dept_238_closure_2021-07-24,2021-06-25,2021-06,-1,0,0.0,672634|238|2021-07-24,-0.2535469248817187,1.9877863437271066
673026,238,2021-07-24,2021-08-21,29,treatment,1,0.6271441,1,dept_238_closure_2021-07-24,2021-06-25,2021-06,-1,0,0.0,673026|238|2021-07-24,0.3130257021182813,1.9877863437271066
673269,238,2021-07-24,2021-08-21,29,treatment,1,0.33612967,0,dept_238_closure_2021-07-24,2021-06-25,2021-06,-1,0,0.06896551724137931,673269|238|2021-07-24,0.0220112721182813,1.9877863437271066
673947,238,2021-07-24,2021-08-21,29,control,0,0.9909367,1,dept_238_closure_2021-07-24,2021-06-25,2021-06,-1,0,0.13793103448275862,673947|238|2021-07-24,0.6768183021182813,1.9877863437271066
674167,238,2021-07-24,2021-08-21,29,control,0,0.074275404,0,dept_238_closure_2021-07-24,2021-06-25,2021-06,-1,0,0.034482758620689655,674167|238|2021-07-24,-0.2398429938817187,1.9877863437271066
674346,238,2021-07-24,2021-08-21,29,control,0,0.9087128,1,dept_238_closure_2021-07-24,2021-06-25,2021-06,-1,0,0.034482758620689655,674346|238|2021-07-24,0.5945944021182813,1.9877863437271066
674420,238,2021-07-24,2021-08-21,29,control,0,0.55099994,1,dept_238_closure_2021-07-24,2021-06-25,2021-06,-1,0,0.034482758620689655,674420|238|2021-07-24,0.23688154211828127,1.9877863437271066
675142,238,2021-07-24,2021-08-21,29,control,0,0.31492522,0,dept_238_closure_2021-07-24,2021-06-25,2021-06,-1,0,0.06896551724137931,675142|238|2021-07-24,0.000806822118281314,1.9877863437271066
675210,238,2021-07-24,2021-08-21,29,control,0,0.23725478,0,dept_238_closure_2021-07-24,2021-06-25,2021-06,-1,0,0.034482758620689655,675210|238|2021-07-24,-0.0768636178817187,1.9877863437271066
675684,238,2021-07-24,2021-08-21,29,control,0,0.18780415,0,dept_238_closure_2021-07-24,2021-06-25,2021-06,-1,0,0.0,675684|238|2021-07-24,-0.1263142478817187,1.9877863437271066
675685,238,2021-07-24,2021-08-21,29,control,0,0.99122554,1,dept_238_closure_2021-07-24,2021-06-25,2021-06,-1,0,0.5862068965517241,675685|238|2021-07-24,0.6771071421182813,1.9877863437271066
676198,238,2021-07-24,2021-08-21,29,control,0,0.6618728,1,dept_238_closure_2021-07-24,2021-06-25,2021-06,-1,0,0.0,676198|238|2021-07-24,0.34775440211828135,1.9877863437271066
676267,238,2021-07-24,2021-08-21,29,treatment,1,0.16672695,0,dept_238_closure_2021-07-24,2021-06-25,2021-06,-1,0,0.0,676267|238|2021-07-24,-0.14739144788171868,1.9877863437271066
676412,238,2021-07-24,2021-08-21,29,control,0,0.22275525,0,dept_238_closure_2021-07-24,2021-06-25,2021-06,-1,0,0.0,676412|238|2021-07-24,-0.0913631478817187,1.9877863437271066
676487,238,2021-07-24,2021-08-21,29,treatment,1,0.99611986,1,dept_238_closure_2021-07-24,2021-06-25,2021-06,-1,0,0.13793103448275862,676487|238|2021-07-24,0.6820014621182813,1.9877863437271066
677050,238,2021-07-24,2021-08-21,29,treatment,1,0.27906647,0,dept_238_closure_2021-07-24,2021-06-25,2021-06,-1,0,0.0,677050|238|2021-07-24,-0.03505192788171868,1.9877863437271066
677420,238,2021-07-24,2021-08-21,29,treatment,1,0.9976184,1,dept_238_closure_2021-07-24,2021-06-25,2021-06,-1,0,0.10344827586206896,677420|238|2021-07-24,0.6835000021182813,1.9877863437271066
677739,238,2021-07-24,2021-08-21,29,treatment,1,0.15086658,0,dept_238_closure_2021-07-24,2021-06-25,2021-06,-1,0,0.0,677739|238|2021-07-24,-0.1632518178817187,1.9877863437271066
677863,238,2021-07-24,2021-08-21,29,control,0,0.1360186,0,dept_238_closure_2021-07-24,2021-06-25,2021-06,-1,0,0.10344827586206896,677863|238|2021-07-24,-0.1780997978817187,1.9877863437271066
678041,238,2021-07-24,2021-08-21,29,control,0,0.43805006,0,dept_238_closure_2021-07-24,2021-06-25,2021-06,-1,0,0.034482758620689655,678041|238|2021-07-24,0.12393166211828133,1.9877863437271066
678046,238,2021-07-24,2021-08-21,29,treatment,1,0.85980135,1,dept_238_closure_2021-07-24,2021-06-25,2021-06,-1,0,0.034482758620689655,678046|238|2021-07-24,0.5456829521182813,1.9877863437271066
678526,238,2021-07-24,2021-08-21,29,treatment,1,0.99908054,1,dept_238_closure_2021-07-24,2021-06-25,2021-06,-1,0,0.2413793103448276,678526|238|2021-07-24,0.6849621421182813,1.9877863437271066
678840,238,2021-07-24,2021-08-21,29,treatment,1,0.96762854,1,dept_238_closure_2021-07-24,2021-06-25,2021-06,-1,0,0.06896551724137931,678840|238|2021-07-24,0.6535101421182813,1.9877863437271066
678884,238,2021-07-24,2021-08-21,29,treatment,1,0.46914285,0,dept_238_closure_2021-07-24,2021-06-25,2021-06,-1,0,0.034482758620689655,678884|238|2021-07-24,0.1550244521182813,1.9877863437271066
679081,238,2021-07-24,2021-08-21,29,control,0,0.9957196,1,dept_238_closure_2021-07-24,2021-06-25,2021-06,-1,0,0.4482758620689655,679081|238|2021-07-24,0.6816012021182813,1.9877863437271066
679965,238,2021-07-24,2021-08-21,29,control,0,0.06635517,0,dept_238_closure_2021-07-24,2021-06-25,2021-06,-1,0,0.0,679965|238|2021-07-24,-0.24776322788171867,1.9877863437271066
680426,238,2021-07-24,2021-08-21,29,control,0,0.8273851,1,dept_238_closure_2021-07-24,2021-06-25,2021-06,-1,0,0.034482758620689655,680426|238|2021-07-24,0.5132667021182813,1.9877863437271066
680596,238,2021-07-24,2021-08-21,29,control,0,0.77294946,1,dept_238_closure_2021-07-24,2021-06-25,2021-06,-1,0,0.034482758620689655,680596|238|2021-07-24,0.4588310621182813,1.9877863437271066
681037,238,2021-07-24,2021-08-21,29,control,0,0.7401924,1,dept_238_closure_2021-07-24,2021-06-25,2021-06,-1,0,0.034482758620689655,681037|238|2021-07-24,0.4260740021182813,1.9877863437271066
681428,238,2021-07-24,2021-08-21,29,treatment,1,0.012595572,0,dept_238_closure_2021-07-24,2021-06-25,2021-06,-1,0,0.0,681428|238|2021-07-24,-0.3015228258817187,1.9877863437271066
682196,238,2021-07-24,2021-08-21,29,treatment,1,0.4455333,0,dept_238_closure_2021-07-24,2021-06-25,2021-06,-1,0,0.034482758620689655,682196|238|2021-07-24,0.13141490211828133,1.9877863437271066
682231,238,2021-07-24,2021-08-21,29,treatment,1,0.89763755,1,dept_238_closure_2021-07-24,2021-06-25,2021-06,-1,0,0.06896551724137931,682231|238|2021-07-24,0.5835191521182813,1.9877863437271066
683264,238,2021-07-24,2021-08-21,29,treatment,1,0.9479709,1,dept_238_closure_2021-07-24,2021-06-25,2021-06,-1,0,0.20689655172413793,683264|238|2021-07-24,0.6338525021182813,1.9877863437271066
683284,238,2021-07-24,2021-08-21,29,treatment,1,0.98012,1,dept_238_closure_2021-07-24,2021-06-25,2021-06,-1,0,0.10344827586206896,683284|238|2021-07-24,0.6660016021182813,1.9877863437271066
683285,238,2021-07-24,2021-08-21,29,treatment,1,0.093071856,0,dept_238_closure_2021-07-24,2021-06-25,2021-06,-1,0,0.06896551724137931,683285|238|2021-07-24,-0.22104654188171868,1.9877863437271066
683286,238,2021-07-24,2021-08-21,29,treatment,1,0.1872947,0,dept_238_closure_2021-07-24,2021-06-25,2021-06,-1,0,0.10344827586206896,683286|238|2021-07-24,-0.12682369788171868,1.9877863437271066
684024,238,2021-07-24,2021-08-21,29,control,0,0.0017720059,0,dept_238_closure_2021-07-24,2021-06-25,2021-06,-1,0,0.0,684024|238|2021-07-24,-0.3123463919817187,1.9877863437271066
684072,238,2021-07-24,2021-08-21,29,treatment,1,0.9786831,1,dept_238_closure_2021-07-24,2021-06-25,2021-06,-1,0,0.06896551724137931,684072|238|2021-07-24,0.6645647021182813,1.9877863437271066
684335,238,2021-07-24,2021-08-21,29,control,0,0.008363048,0,dept_238_closure_2021-07-24,2021-06-25,2021-06,-1,0,0.0,684335|238|2021-07-24,-0.3057553498817187,1.9877863437271066
684396,238,2021-07-24,2021-08-21,29,treatment,1,0.5312708,1,dept_238_closure_2021-07-24,2021-06-25,2021-06,-1,0,0.034482758620689655,684396|238|2021-07-24,0.21715240211828135,1.9877863437271066
684496,238,2021-07-24,2021-08-21,29,control,0,0.110886805,0,dept_238_closure_2021-07-24,2021-06-25,2021-06,-1,0,0.0,684496|238|2021-07-24,-0.2032315928817187,1.9877863437271066
685016,238,2021-07-24,2021-08-21,29,control,0,0.13874155,0,dept_238_closure_2021-07-24,2021-06-25,2021-06,-1,0,0.0,685016|238|2021-07-24,-0.1753768478817187,1.9877863437271066
685613,238,2021-07-24,2021-08-21,29,control,0,0.071617916,0,dept_238_closure_2021-07-24,2021-06-25,2021-06,-1,0,0.0,685613|238|2021-07-24,-0.2425004818817187,1.9877863437271066
685918,238,2021-07-24,2021-08-21,29,control,0,0.021076314,0,dept_238_closure_2021-07-24,2021-06-25,2021-06,-1,0,0.0,685918|238|2021-07-24,-0.2930420838817187,1.9877863437271066
686670,238,2021-07-24,2021-08-21,29,control,0,0.30184534,0,dept_238_closure_2021-07-24,2021-06-25,2021-06,-1,0,0.0,686670|238|2021-07-24,-0.012273057881718674,1.9877863437271066
688601,238,2021-07-24,2021-08-21,29,control,0,0.12665911,0,dept_238_closure_2021-07-24,2021-06-25,2021-06,-1,0,0.0,688601|238|2021-07-24,-0.1874592878817187,1.9877863437271066
689139,238,2021-07-24,2021-08-21,29,control,0,0.9923253,1,dept_238_closure_2021-07-24,2021-06-25,2021-06,-1,0,0.0,689139|238|2021-07-24,0.6782069021182813,1.9877863437271066
689970,238,2021-07-24,2021-08-21,29,control,0,0.14950319,0,dept_238_closure_2021-07-24,2021-06-25,2021-06,-1,0,0.0,689970|238|2021-07-24,-0.16461520788171868,1.9877863437271066
690510,238,2021-07-24,2021-08-21,29,control,0,0.7569612,1,dept_238_closure_2021-07-24,2021-06-25,2021-06,-1,0,0.0,690510|238|2021-07-24,0.4428428021182813,1.9877863437271066
691283,238,2021-07-24,2021-08-21,29,control,0,0.017169988,0,dept_238_closure_2021-07-24,2021-06-25,2021-06,-1,0,0.0,691283|238|2021-07-24,-0.29694840988171867,1.9877863437271066
691891,238,2021-07-24,2021-08-21,29,control,0,0.97693956,1,dept_238_closure_2021-07-24,2021-06-25,2021-06,-1,0,0.034482758620689655,691891|238|2021-07-24,0.6628211621182813,1.9877863437271066
692620,238,2021-07-24,2021-08-21,29,treatment,1,0.6334928,1,dept_238_closure_2021-07-24,2021-06-25,2021-06,-1,0,0.034482758620689655,692620|238|2021-07-24,0.3193744021182813,1.9877863437271066
692884,238,2021-07-24,2021-08-21,29,treatment,1,0.0049156877,0,dept_238_closure_2021-07-24,2021-06-25,2021-06,-1,0,0.0,692884|238|2021-07-24,-0.3092027101817187,1.9877863437271066
692982,238,2021-07-24,2021-08-21,29,treatment,1,0.24141921,0,dept_238_closure_2021-07-24,2021-06-25,2021-06,-1,0,0.0,692982|238|2021-07-24,-0.0726991878817187,1.9877863437271066
692994,238,2021-07-24,2021-08-21,29,control,0,0.022031788,0,dept_238_closure_2021-07-24,2021-06-25,2021-06,-1,0,0.0,692994|238|2021-07-24,-0.2920866098817187,1.9877863437271066
693280,238,2021-07-24,2021-08-21,29,control,0,0.8876247,1,dept_238_closure_2021-07-24,2021-06-25,2021-06,-1,0,0.10344827586206896,693280|238|2021-07-24,0.5735063021182814,1.9877863437271066
693425,238,2021-07-24,2021-08-21,29,treatment,1,0.40126798,0,dept_238_closure_2021-07-24,2021-06-25,2021-06,-1,0,0.0,693425|238|2021-07-24,0.08714958211828133,1.9877863437271066
693659,238,2021-07-24,2021-08-21,29,treatment,1,0.2776902,0,dept_238_closure_2021-07-24,2021-06-25,2021-06,-1,0,0.0,693659|238|2021-07-24,-0.036428197881718694,1.9877863437271066
693746,238,2021-07-24,2021-08-21,29,control,0,0.41400135,0,dept_238_closure_2021-07-24,2021-06-25,2021-06,-1,0,0.034482758620689655,693746|238|2021-07-24,0.0998829521182813,1.9877863437271066
694496,238,2021-07-24,2021-08-21,29,treatment,1,0.3005245,0,dept_238_closure_2021-07-24,2021-06-25,2021-06,-1,0,0.034482758620689655,694496|238|2021-07-24,-0.013593897881718664,1.9877863437271066
695016,238,2021-07-24,2021-08-21,29,treatment,1,0.057103336,0,dept_238_closure_2021-07-24,2021-06-25,2021-06,-1,0,0.0,695016|238|2021-07-24,-0.2570150618817187,1.9877863437271066
695631,238,2021-07-24,2021-08-21,29,control,0,0.8808964,1,dept_238_closure_2021-07-24,2021-06-25,2021-06,-1,0,0.0,695631|238|2021-07-24,0.5667780021182813,1.9877863437271066
695700,238,2021-07-24,2021-08-21,29,control,0,0.88238406,1,dept_238_closure_2021-07-24,2021-06-25,2021-06,-1,0,0.034482758620689655,695700|238|2021-07-24,0.5682656621182813,1.9877863437271066
696254,238,2021-07-24,2021-08-21,29,control,0,0.12796901,0,dept_238_closure_2021-07-24,2021-06-25,2021-06,-1,0,0.034482758620689655,696254|238|2021-07-24,-0.1861493878817187,1.9877863437271066
696880,238,2021-07-24,2021-08-21,29,treatment,1,0.9976,1,dept_238_closure_2021-07-24,2021-06-25,2021-06,-1,0,0.27586206896551724,696880|238|2021-07-24,0.6834816021182814,1.9877863437271066
697378,238,2021-07-24,2021-08-21,29,control,0,0.0059220092,0,dept_238_closure_2021-07-24,2021-06-25,2021-06,-1,0,0.0,697378|238|2021-07-24,-0.30819638868171867,1.9877863437271066
697560,238,2021-07-24,2021-08-21,29,treatment,1,0.83081335,1,dept_238_closure_2021-07-24,2021-06-25,2021-06,-1,0,0.034482758620689655,697560|238|2021-07-24,0.5166949521182813,1.9877863437271066
698059,238,2021-07-24,2021-08-21,29,control,0,0.49873114,0,dept_238_closure_2021-07-24,2021-06-25,2021-06,-1,0,0.034482758620689655,698059|238|2021-07-24,0.18461274211828133,1.9877863437271066
698120,238,2021-07-24,2021-08-21,29,treatment,1,0.012682982,0,dept_238_closure_2021-07-24,2021-06-25,2021-06,-1,0,0.0,698120|238|2021-07-24,-0.3014354158817187,1.9877863437271066
698246,238,2021-07-24,2021-08-21,29,treatment,1,0.9559109,1,dept_238_closure_2021-07-24,2021-06-25,2021-06,-1,0,0.034482758620689655,698246|238|2021-07-24,0.6417925021182813,1.9877863437271066
699886,238,2021-07-24,2021-08-21,29,treatment,1,0.5957491,1,dept_238_closure_2021-07-24,2021-06-25,2021-06,-1,0,0.034482758620689655,699886|238|2021-07-24,0.28163070211828134,1.9877863437271066
700112,238,2021-07-24,2021-08-21,29,control,0,0.7555342,1,dept_238_closure_2021-07-24,2021-06-25,2021-06,-1,0,0.13793103448275862,700112|238|2021-07-24,0.44141580211828135,1.9877863437271066
700240,238,2021-07-24,2021-08-21,29,control,0,0.96098864,1,dept_238_closure_2021-07-24,2021-06-25,2021-06,-1,0,0.13793103448275862,700240|238|2021-07-24,0.6468702421182813,1.9877863437271066
700276,238,2021-07-24,2021-08-21,29,treatment,1,0.18694124,0,dept_238_closure_2021-07-24,2021-06-25,2021-06,-1,0,0.034482758620689655,700276|238|2021-07-24,-0.12717715788171868,1.9877863437271066
700383,238,2021-07-24,2021-08-21,29,treatment,1,0.5239696,1,dept_238_closure_2021-07-24,2021-06-25,2021-06,-1,0,0.0,700383|238|2021-07-24,0.20985120211828134,1.9877863437271066
700641,238,2021-07-24,2021-08-21,29,control,0,0.0045773825,0,dept_238_closure_2021-07-24,2021-06-25,2021-06,-1,0,0.0,700641|238|2021-07-24,-0.3095410153817187,1.9877863437271066
701532,238,2021-07-24,2021-08-21,29,control,0,0.9592614,1,dept_238_closure_2021-07-24,2021-06-25,2021-06,-1,0,0.06896551724137931,701532|238|2021-07-24,0.6451430021182814,1.9877863437271066
701646,238,2021-07-24,2021-08-21,29,control,0,0.019893559,0,dept_238_closure_2021-07-24,2021-06-25,2021-06,-1,0,0.0,701646|238|2021-07-24,-0.2942248388817187,1.9877863437271066
701697,238,2021-07-24,2021-08-21,29,treatment,1,0.18352577,0,dept_238_closure_2021-07-24,2021-06-25,2021-06,-1,0,0.0,701697|238|2021-07-24,-0.1305926278817187,1.9877863437271066
701831,238,2021-07-24,2021-08-21,29,control,0,0.08285639,0,dept_238_closure_2021-07-24,2021-06-25,2021-06,-1,0,0.034482758620689655,701831|238|2021-07-24,-0.2312620078817187,1.9877863437271066
702745,238,2021-07-24,2021-08-21,29,treatment,1,0.17436014,0,dept_238_closure_2021-07-24,2021-06-25,2021-06,-1,0,0.0,702745|238|2021-07-24,-0.1397582578817187,1.9877863437271066
702818,238,2021-07-24,2021-08-21,29,treatment,1,0.8879209,1,dept_238_closure_2021-07-24,2021-06-25,2021-06,-1,0,0.06896551724137931,702818|238|2021-07-24,0.5738025021182813,1.9877863437271066
702939,238,2021-07-24,2021-08-21,29,control,0,0.9696918,1,dept_238_closure_2021-07-24,2021-06-25,2021-06,-1,0,0.10344827586206896,702939|238|2021-07-24,0.6555734021182813,1.9877863437271066
703225,238,2021-07-24,2021-08-21,29,treatment,1,0.9351531,1,dept_238_closure_2021-07-24,2021-06-25,2021-06,-1,0,0.034482758620689655,703225|238|2021-07-24,0.6210347021182813,1.9877863437271066
703226,238,2021-07-24,2021-08-21,29,treatment,1,0.99198043,1,dept_238_closure_2021-07-24,2021-06-25,2021-06,-1,0,0.13793103448275862,703226|238|2021-07-24,0.6778620321182813,1.9877863437271066
703627,238,2021-07-24,2021-08-21,29,treatment,1,0.024139974,0,dept_238_closure_2021-07-24,2021-06-25,2021-06,-1,0,0.0,703627|238|2021-07-24,-0.2899784238817187,1.9877863437271066
703714,238,2021-07-24,2021-08-21,29,control,0,0.6665021,1,dept_238_closure_2021-07-24,2021-06-25,2021-06,-1,0,0.10344827586206896,703714|238|2021-07-24,0.3523837021182813,1.9877863437271066
704017,238,2021-07-24,2021-08-21,29,control,0,0.9309591,1,dept_238_closure_2021-07-24,2021-06-25,2021-06,-1,0,0.034482758620689655,704017|238|2021-07-24,0.6168407021182813,1.9877863437271066
704166,238,2021-07-24,2021-08-21,29,control,0,0.13359955,0,dept_238_closure_2021-07-24,2021-06-25,2021-06,-1,0,0.0,704166|238|2021-07-24,-0.18051884788171868,1.9877863437271066
704548,238,2021-07-24,2021-08-21,29,treatment,1,0.9837293,1,dept_238_closure_2021-07-24,2021-06-25,2021-06,-1,0,0.1724137931034483,704548|238|2021-07-24,0.6696109021182813,1.9877863437271066
704870,238,2021-07-24,2021-08-21,29,treatment,1,0.01937072,0,dept_238_closure_2021-07-24,2021-06-25,2021-06,-1,0,0.0,704870|238|2021-07-24,-0.2947476778817187,1.9877863437271066
705425,238,2021-07-24,2021-08-21,29,control,0,0.4073561,0,dept_238_closure_2021-07-24,2021-06-25,2021-06,-1,0,0.0,705425|238|2021-07-24,0.09323770211828131,1.9877863437271066
706150,238,2021-07-24,2021-08-21,29,treatment,1,0.23949294,0,dept_238_closure_2021-07-24,2021-06-25,2021-06,-1,0,0.0,706150|238|2021-07-24,-0.0746254578817187,1.9877863437271066
706208,238,2021-07-24,2021-08-21,29,treatment,1,0.9509392,1,dept_238_closure_2021-07-24,2021-06-25,2021-06,-1,0,0.034482758620689655,706208|238|2021-07-24,0.6368208021182813,1.9877863437271066
707917,238,2021-07-24,2021-08-21,29,control,0,0.30658436,0,dept_238_closure_2021-07-24,2021-06-25,2021-06,-1,0,0.034482758620689655,707917|238|2021-07-24,-0.0075340378817186915,1.9877863437271066
709071,238,2021-07-24,2021-08-21,29,treatment,1,0.4082827,0,dept_238_closure_2021-07-24,2021-06-25,2021-06,-1,0,0.034482758620689655,709071|238|2021-07-24,0.0941643021182813,1.9877863437271066
709224,238,2021-07-24,2021-08-21,29,treatment,1,0.011910414,0,dept_238_closure_2021-07-24,2021-06-25,2021-06,-1,0,0.0,709224|238|2021-07-24,-0.3022079838817187,1.9877863437271066
709289,238,2021-07-24,2021-08-21,29,treatment,1,0.44867706,0,dept_238_closure_2021-07-24,2021-06-25,2021-06,-1,0,0.06896551724137931,709289|238|2021-07-24,0.13455866211828132,1.9877863437271066
709385,238,2021-07-24,2021-08-21,29,control,0,0.011747573,0,dept_238_closure_2021-07-24,2021-06-25,2021-06,-1,0,0.0,709385|238|2021-07-24,-0.3023708248817187,1.9877863437271066
709509,238,2021-07-24,2021-08-21,29,treatment,1,0.99570423,1,dept_238_closure_2021-07-24,2021-06-25,2021-06,-1,0,0.3103448275862069,709509|238|2021-07-24,0.6815858321182813,1.9877863437271066
709517,238,2021-07-24,2021-08-21,29,control,0,0.41382873,0,dept_238_closure_2021-07-24,2021-06-25,2021-06,-1,0,0.0,709517|238|2021-07-24,0.09971033211828129,1.9877863437271066
709724,238,2021-07-24,2021-08-21,29,control,0,0.6370041,1,dept_238_closure_2021-07-24,2021-06-25,2021-06,-1,0,0.06896551724137931,709724|238|2021-07-24,0.32288570211828127,1.9877863437271066
709839,238,2021-07-24,2021-08-21,29,control,0,0.99756074,1,dept_238_closure_2021-07-24,2021-06-25,2021-06,-1,0,0.10344827586206896,709839|238|2021-07-24,0.6834423421182813,1.9877863437271066
709994,238,2021-07-24,2021-08-21,29,control,0,0.99009246,1,dept_238_closure_2021-07-24,2021-06-25,2021-06,-1,0,0.27586206896551724,709994|238|2021-07-24,0.6759740621182813,1.9877863437271066
711116,238,2021-07-24,2021-08-21,29,control,0,0.08613603,0,dept_238_closure_2021-07-24,2021-06-25,2021-06,-1,0,0.0,711116|238|2021-07-24,-0.2279823678817187,1.9877863437271066
711302,238,2021-07-24,2021-08-21,29,treatment,1,0.01124112,0,dept_238_closure_2021-07-24,2021-06-25,2021-06,-1,0,0.0,711302|238|2021-07-24,-0.3028772778817187,1.9877863437271066
711314,238,2021-07-24,2021-08-21,29,treatment,1,0.59532785,1,dept_238_closure_2021-07-24,2021-06-25,2021-06,-1,0,0.034482758620689655,711314|238|2021-07-24,0.2812094521182813,1.9877863437271066
712788,238,2021-07-24,2021-08-21,29,control,0,0.235139,0,dept_238_closure_2021-07-24,2021-06-25,2021-06,-1,0,0.034482758620689655,712788|238|2021-07-24,-0.0789793978817187,1.9877863437271066
713057,238,2021-07-24,2021-08-21,29,control,0,0.31007394,0,dept_238_closure_2021-07-24,2021-06-25,2021-06,-1,0,0.0,713057|238|2021-07-24,-0.004044457881718699,1.9877863437271066
714864,238,2021-07-24,2021-08-21,29,control,0,0.023528432,0,dept_238_closure_2021-07-24,2021-06-25,2021-06,-1,0,0.0,714864|238|2021-07-24,-0.2905899658817187,1.9877863437271066
715056,238,2021-07-24,2021-08-21,29,control,0,0.7371316,1,dept_238_closure_2021-07-24,2021-06-25,2021-06,-1,0,0.20689655172413793,715056|238|2021-07-24,0.4230132021182813,1.9877863437271066
715144,238,2021-07-24,2021-08-21,29,control,0,0.24149075,0,dept_238_closure_2021-07-24,2021-06-25,2021-06,-1,0,0.034482758620689655,715144|238|2021-07-24,-0.07262764788171869,1.9877863437271066
715642,238,2021-07-24,2021-08-21,29,control,0,0.9964144,1,dept_238_closure_2021-07-24,2021-06-25,2021-06,-1,0,0.2413793103448276,715642|238|2021-07-24,0.6822960021182813,1.9877863437271066
715804,238,2021-07-24,2021-08-21,29,control,0,0.8408725,1,dept_238_closure_2021-07-24,2021-06-25,2021-06,-1,0,0.034482758620689655,715804|238|2021-07-24,0.5267541021182813,1.9877863437271066
717574,238,2021-07-24,2021-08-21,29,control,0,0.18865773,0,dept_238_closure_2021-07-24,2021-06-25,2021-06,-1,0,0.0,717574|238|2021-07-24,-0.1254606678817187,1.9877863437271066
717619,238,2021-07-24,2021-08-21,29,control,0,0.43081865,0,dept_238_closure_2021-07-24,2021-06-25,2021-06,-1,0,0.06896551724137931,717619|238|2021-07-24,0.11670025211828133,1.9877863437271066
717734,238,2021-07-24,2021-08-21,29,control,0,0.3377702,0,dept_238_closure_2021-07-24,2021-06-25,2021-06,-1,0,0.0,717734|238|2021-07-24,0.02365180211828133,1.9877863437271066
718121,238,2021-07-24,2021-08-21,29,control,0,0.014262855,0,dept_238_closure_2021-07-24,2021-06-25,2021-06,-1,0,0.0,718121|238|2021-07-24,-0.2998555428817187,1.9877863437271066
718738,238,2021-07-24,2021-08-21,29,control,0,0.40186328,0,dept_238_closure_2021-07-24,2021-06-25,2021-06,-1,0,0.0,718738|238|2021-07-24,0.0877448821182813,1.9877863437271066
718820,238,2021-07-24,2021-08-21,29,control,0,0.9112352,1,dept_238_closure_2021-07-24,2021-06-25,2021-06,-1,0,0.034482758620689655,718820|238|2021-07-24,0.5971168021182813,1.9877863437271066
719827,238,2021-07-24,2021-08-21,29,control,0,0.99026006,1,dept_238_closure_2021-07-24,2021-06-25,2021-06,-1,0,0.3448275862068966,719827|238|2021-07-24,0.6761416621182813,1.9877863437271066
720084,238,2021-07-24,2021-08-21,29,control,0,0.0043336553,0,dept_238_closure_2021-07-24,2021-06-25,2021-06,-1,0,0.0,720084|238|2021-07-24,-0.3097847425817187,1.9877863437271066
720541,238,2021-07-24,2021-08-21,29,control,0,0.08764455,0,dept_238_closure_2021-07-24,2021-06-25,2021-06,-1,0,0.0,720541|238|2021-07-24,-0.2264738478817187,1.9877863437271066
720946,238,2021-07-24,2021-08-21,29,treatment,1,0.61654353,1,dept_238_closure_2021-07-24,2021-06-25,2021-06,-1,0,0.06896551724137931,720946|238|2021-07-24,0.30242513211828126,1.9877863437271066
721040,238,2021-07-24,2021-08-21,29,treatment,1,0.0366868,0,dept_238_closure_2021-07-24,2021-06-25,2021-06,-1,0,0.0,721040|238|2021-07-24,-0.2774315978817187,1.9877863437271066
721099,238,2021-07-24,2021-08-21,29,treatment,1,0.8968141,1,dept_238_closure_2021-07-24,2021-06-25,2021-06,-1,0,0.13793103448275862,721099|238|2021-07-24,0.5826957021182813,1.9877863437271066
721719,238,2021-07-24,2021-08-21,29,treatment,1,0.033019815,0,dept_238_closure_2021-07-24,2021-06-25,2021-06,-1,0,0.034482758620689655,721719|238|2021-07-24,-0.2810985828817187,1.9877863437271066
721720,238,2021-07-24,2021-08-21,29,treatment,1,0.19510098,0,dept_238_closure_2021-07-24,2021-06-25,2021-06,-1,0,0.034482758620689655,721720|238|2021-07-24,-0.11901741788171868,1.9877863437271066
722084,238,2021-07-24,2021-08-21,29,treatment,1,0.7820892,1,dept_238_closure_2021-07-24,2021-06-25,2021-06,-1,0,0.034482758620689655,722084|238|2021-07-24,0.46797080211828135,1.9877863437271066
722341,238,2021-07-24,2021-08-21,29,control,0,0.9916134,1,dept_238_closure_2021-07-24,2021-06-25,2021-06,-1,0,0.034482758620689655,722341|238|2021-07-24,0.6774950021182813,1.9877863437271066
722483,238,2021-07-24,2021-08-21,29,control,0,0.98856527,1,dept_238_closure_2021-07-24,2021-06-25,2021-06,-1,0,0.06896551724137931,722483|238|2021-07-24,0.6744468721182814,1.9877863437271066
723548,238,2021-07-24,2021-08-21,29,control,0,0.9910734,1,dept_238_closure_2021-07-24,2021-06-25,2021-06,-1,0,0.1724137931034483,723548|238|2021-07-24,0.6769550021182813,1.9877863437271066
724789,238,2021-07-24,2021-08-21,29,treatment,1,0.99287546,1,dept_238_closure_2021-07-24,2021-06-25,2021-06,-1,0,0.10344827586206896,724789|238|2021-07-24,0.6787570621182814,1.9877863437271066
724946,238,2021-07-24,2021-08-21,29,control,0,0.016664501,0,dept_238_closure_2021-07-24,2021-06-25,2021-06,-1,0,0.0,724946|238|2021-07-24,-0.2974538968817187,1.9877863437271066
725045,238,2021-07-24,2021-08-21,29,treatment,1,0.29167768,0,dept_238_closure_2021-07-24,2021-06-25,2021-06,-1,0,0.034482758620689655,725045|238|2021-07-24,-0.022440717881718697,1.9877863437271066
725229,238,2021-07-24,2021-08-21,29,treatment,1,0.24589045,0,dept_238_closure_2021-07-24,2021-06-25,2021-06,-1,0,0.0,725229|238|2021-07-24,-0.06822794788171868,1.9877863437271066
725347,238,2021-07-24,2021-08-21,29,treatment,1,0.1118817,0,dept_238_closure_2021-07-24,2021-06-25,2021-06,-1,0,0.0,725347|238|2021-07-24,-0.2022366978817187,1.9877863437271066
725490,238,2021-07-24,2021-08-21,29,treatment,1,0.62705183,1,dept_238_closure_2021-07-24,2021-06-25,2021-06,-1,0,0.034482758620689655,725490|238|2021-07-24,0.3129334321182813,1.9877863437271066
725796,238,2021-07-24,2021-08-21,29,treatment,1,0.9463836,1,dept_238_closure_2021-07-24,2021-06-25,2021-06,-1,0,0.06896551724137931,725796|238|2021-07-24,0.6322652021182813,1.9877863437271066
725932,238,2021-07-24,2021-08-21,29,treatment,1,0.8920908,1,dept_238_closure_2021-07-24,2021-06-25,2021-06,-1,0,0.0,725932|238|2021-07-24,0.5779724021182813,1.9877863437271066
726318,238,2021-07-24,2021-08-21,29,treatment,1,0.48956397,0,dept_238_closure_2021-07-24,2021-06-25,2021-06,-1,0,0.034482758620689655,726318|238|2021-07-24,0.17544557211828132,1.9877863437271066
726610,238,2021-07-24,2021-08-21,29,control,0,0.5402424,1,dept_238_closure_2021-07-24,2021-06-25,2021-06,-1,0,0.034482758620689655,726610|238|2021-07-24,0.22612400211828132,1.9877863437271066
726706,238,2021-07-24,2021-08-21,29,control,0,0.30437934,0,dept_238_closure_2021-07-24,2021-06-25,2021-06,-1,0,0.06896551724137931,726706|238|2021-07-24,-0.009739057881718693,1.9877863437271066
726882,238,2021-07-24,2021-08-21,29,control,0,0.10536834,0,dept_238_closure_2021-07-24,2021-06-25,2021-06,-1,0,0.0,726882|238|2021-07-24,-0.2087500578817187,1.9877863437271066
727046,238,2021-07-24,2021-08-21,29,control,0,0.0049523967,0,dept_238_closure_2021-07-24,2021-06-25,2021-06,-1,0,0.0,727046|238|2021-07-24,-0.30916600118171866,1.9877863437271066
727395,238,2021-07-24,2021-08-21,29,treatment,1,0.98986393,1,dept_238_closure_2021-07-24,2021-06-25,2021-06,-1,0,0.13793103448275862,727395|238|2021-07-24,0.6757455321182813,1.9877863437271066
727784,238,2021-07-24,2021-08-21,29,treatment,1,0.8072915,1,dept_238_closure_2021-07-24,2021-06-25,2021-06,-1,0,0.10344827586206896,727784|238|2021-07-24,0.49317310211828136,1.9877863437271066
728048,238,2021-07-24,2021-08-21,29,treatment,1,0.6684399,1,dept_238_closure_2021-07-24,2021-06-25,2021-06,-1,0,0.0,728048|238|2021-07-24,0.3543215021182813,1.9877863437271066
728215,238,2021-07-24,2021-08-21,29,control,0,0.19974642,0,dept_238_closure_2021-07-24,2021-06-25,2021-06,-1,0,0.0,728215|238|2021-07-24,-0.11437197788171868,1.9877863437271066
728820,238,2021-07-24,2021-08-21,29,control,0,0.68455446,1,dept_238_closure_2021-07-24,2021-06-25,2021-06,-1,0,0.034482758620689655,728820|238|2021-07-24,0.3704360621182813,1.9877863437271066
728850,238,2021-07-24,2021-08-21,29,control,0,0.15163548,0,dept_238_closure_2021-07-24,2021-06-25,2021-06,-1,0,0.034482758620689655,728850|238|2021-07-24,-0.1624829178817187,1.9877863437271066
729106,238,2021-07-24,2021-08-21,29,treatment,1,0.14918296,0,dept_238_closure_2021-07-24,2021-06-25,2021-06,-1,0,0.0,729106|238|2021-07-24,-0.1649354378817187,1.9877863437271066
729122,238,2021-07-24,2021-08-21,29,control,0,0.39005566,0,dept_238_closure_2021-07-24,2021-06-25,2021-06,-1,0,0.034482758620689655,729122|238|2021-07-24,0.07593726211828133,1.9877863437271066
729714,238,2021-07-24,2021-08-21,29,treatment,1,0.79320645,1,dept_238_closure_2021-07-24,2021-06-25,2021-06,-1,0,0.0,729714|238|2021-07-24,0.4790880521182813,1.9877863437271066
729947,238,2021-07-24,2021-08-21,29,treatment,1,0.67772955,1,dept_238_closure_2021-07-24,2021-06-25,2021-06,-1,0,0.034482758620689655,729947|238|2021-07-24,0.3636111521182813,1.9877863437271066
729961,238,2021-07-24,2021-08-21,29,control,0,0.5551326,1,dept_238_closure_2021-07-24,2021-06-25,2021-06,-1,0,0.0,729961|238|2021-07-24,0.24101420211828128,1.9877863437271066
730285,238,2021-07-24,2021-08-21,29,treatment,1,0.95748574,1,dept_238_closure_2021-07-24,2021-06-25,2021-06,-1,0,0.06896551724137931,730285|238|2021-07-24,0.6433673421182813,1.9877863437271066
730675,238,2021-07-24,2021-08-21,29,control,0,0.80402476,1,dept_238_closure_2021-07-24,2021-06-25,2021-06,-1,0,0.034482758620689655,730675|238|2021-07-24,0.4899063621182813,1.9877863437271066
731129,238,2021-07-24,2021-08-21,29,treatment,1,0.9197032,1,dept_238_closure_2021-07-24,2021-06-25,2021-06,-1,0,0.1724137931034483,731129|238|2021-07-24,0.6055848021182814,1.9877863437271066
731367,238,2021-07-24,2021-08-21,29,treatment,1,0.043329068,0,dept_238_closure_2021-07-24,2021-06-25,2021-06,-1,0,0.034482758620689655,731367|238|2021-07-24,-0.27078932988171867,1.9877863437271066
731549,238,2021-07-24,2021-08-21,29,control,0,0.6867422,1,dept_238_closure_2021-07-24,2021-06-25,2021-06,-1,0,0.034482758620689655,731549|238|2021-07-24,0.3726238021182813,1.9877863437271066
731569,238,2021-07-24,2021-08-21,29,treatment,1,0.9634725,1,dept_238_closure_2021-07-24,2021-06-25,2021-06,-1,0,0.1724137931034483,731569|238|2021-07-24,0.6493541021182813,1.9877863437271066
731841,238,2021-07-24,2021-08-21,29,treatment,1,0.8032339,1,dept_238_closure_2021-07-24,2021-06-25,2021-06,-1,0,0.0,731841|238|2021-07-24,0.48911550211828125,1.9877863437271066
732245,238,2021-07-24,2021-08-21,29,treatment,1,0.91843534,1,dept_238_closure_2021-07-24,2021-06-25,2021-06,-1,0,0.3448275862068966,732245|238|2021-07-24,0.6043169421182814,1.9877863437271066
732351,238,2021-07-24,2021-08-21,29,control,0,0.9976041,1,dept_238_closure_2021-07-24,2021-06-25,2021-06,-1,0,0.1724137931034483,732351|238|2021-07-24,0.6834857021182813,1.9877863437271066
733160,238,2021-07-24,2021-08-21,29,control,0,0.21795702,0,dept_238_closure_2021-07-24,2021-06-25,2021-06,-1,0,0.0,733160|238|2021-07-24,-0.09616137788171869,1.9877863437271066
733349,238,2021-07-24,2021-08-21,29,control,0,0.9961538,1,dept_238_closure_2021-07-24,2021-06-25,2021-06,-1,0,0.2413793103448276,733349|238|2021-07-24,0.6820354021182813,1.9877863437271066
734628,238,2021-07-24,2021-08-21,29,treatment,1,0.79145205,1,dept_238_closure_2021-07-24,2021-06-25,2021-06,-1,0,0.0,734628|238|2021-07-24,0.47733365211828127,1.9877863437271066
734629,238,2021-07-24,2021-08-21,29,treatment,1,0.023437483,0,dept_238_closure_2021-07-24,2021-06-25,2021-06,-1,0,0.0,734629|238|2021-07-24,-0.2906809148817187,1.9877863437271066
734883,238,2021-07-24,2021-08-21,29,control,0,0.44348842,0,dept_238_closure_2021-07-24,2021-06-25,2021-06,-1,0,0.0,734883|238|2021-07-24,0.1293700221182813,1.9877863437271066
735253,238,2021-07-24,2021-08-21,29,control,0,0.08639989,0,dept_238_closure_2021-07-24,2021-06-25,2021-06,-1,0,0.0,735253|238|2021-07-24,-0.2277185078817187,1.9877863437271066
735633,238,2021-07-24,2021-08-21,29,control,0,0.78800774,1,dept_238_closure_2021-07-24,2021-06-25,2021-06,-1,0,0.0,735633|238|2021-07-24,0.47388934211828126,1.9877863437271066
735863,238,2021-07-24,2021-08-21,29,treatment,1,0.5772928,1,dept_238_closure_2021-07-24,2021-06-25,2021-06,-1,0,0.06896551724137931,735863|238|2021-07-24,0.26317440211828136,1.9877863437271066
737712,238,2021-07-24,2021-08-21,29,control,0,0.012826369,0,dept_238_closure_2021-07-24,2021-06-25,2021-06,-1,0,0.0,737712|238|2021-07-24,-0.3012920288817187,1.9877863437271066
738466,238,2021-07-24,2021-08-21,29,treatment,1,0.013906609,0,dept_238_closure_2021-07-24,2021-06-25,2021-06,-1,0,0.0,738466|238|2021-07-24,-0.3002117888817187,1.9877863437271066
738534,238,2021-07-24,2021-08-21,29,treatment,1,0.06155266,0,dept_238_closure_2021-07-24,2021-06-25,2021-06,-1,0,0.0,738534|238|2021-07-24,-0.2525657378817187,1.9877863437271066
739674,238,2021-07-24,2021-08-21,29,control,0,0.5448688,1,dept_238_closure_2021-07-24,2021-06-25,2021-06,-1,0,0.0,739674|238|2021-07-24,0.23075040211828135,1.9877863437271066
740379,238,2021-07-24,2021-08-21,29,control,0,0.071373284,0,dept_238_closure_2021-07-24,2021-06-25,2021-06,-1,0,0.0,740379|238|2021-07-24,-0.2427451138817187,1.9877863437271066
740501,238,2021-07-24,2021-08-21,29,control,0,0.55708385,1,dept_238_closure_2021-07-24,2021-06-25,2021-06,-1,0,0.06896551724137931,740501|238|2021-07-24,0.24296545211828136,1.9877863437271066
740648,238,2021-07-24,2021-08-21,29,treatment,1,0.93479687,1,dept_238_closure_2021-07-24,2021-06-25,2021-06,-1,0,0.06896551724137931,740648|238|2021-07-24,0.6206784721182813,1.9877863437271066
740883,238,2021-07-24,2021-08-21,29,control,0,0.36256868,0,dept_238_closure_2021-07-24,2021-06-25,2021-06,-1,0,0.0,740883|238|2021-07-24,0.048450282118281285,1.9877863437271066
741000,238,2021-07-24,2021-08-21,29,treatment,1,0.15326056,0,dept_238_closure_2021-07-24,2021-06-25,2021-06,-1,0,0.0,741000|238|2021-07-24,-0.1608578378817187,1.9877863437271066
741302,238,2021-07-24,2021-08-21,29,control,0,0.9928697,1,dept_238_closure_2021-07-24,2021-06-25,2021-06,-1,0,0.3103448275862069,741302|238|2021-07-24,0.6787513021182813,1.9877863437271066
741566,238,2021-07-24,2021-08-21,29,control,0,0.080457166,0,dept_238_closure_2021-07-24,2021-06-25,2021-06,-1,0,0.0,741566|238|2021-07-24,-0.2336612318817187,1.9877863437271066
741658,238,2021-07-24,2021-08-21,29,control,0,0.6971914,1,dept_238_closure_2021-07-24,2021-06-25,2021-06,-1,0,0.06896551724137931,741658|238|2021-07-24,0.3830730021182813,1.9877863437271066
741757,238,2021-07-24,2021-08-21,29,treatment,1,0.2624164,0,dept_238_closure_2021-07-24,2021-06-25,2021-06,-1,0,0.0,741757|238|2021-07-24,-0.0517019978817187,1.9877863437271066
741942,238,2021-07-24,2021-08-21,29,control,0,0.021780567,0,dept_238_closure_2021-07-24,2021-06-25,2021-06,-1,0,0.0,741942|238|2021-07-24,-0.2923378308817187,1.9877863437271066
742115,238,2021-07-24,2021-08-21,29,treatment,1,0.03942419,0,dept_238_closure_2021-07-24,2021-06-25,2021-06,-1,0,0.0,742115|238|2021-07-24,-0.2746942078817187,1.9877863437271066
742250,238,2021-07-24,2021-08-21,29,control,0,0.37686387,0,dept_238_closure_2021-07-24,2021-06-25,2021-06,-1,0,0.0,742250|238|2021-07-24,0.0627454721182813,1.9877863437271066
742531,238,2021-07-24,2021-08-21,29,control,0,0.8486299,1,dept_238_closure_2021-07-24,2021-06-25,2021-06,-1,0,0.034482758620689655,742531|238|2021-07-24,0.5345115021182814,1.9877863437271066
743001,238,2021-07-24,2021-08-21,29,treatment,1,0.0051728543,0,dept_238_closure_2021-07-24,2021-06-25,2021-06,-1,0,0.0,743001|238|2021-07-24,-0.3089455435817187,1.9877863437271066
743503,238,2021-07-24,2021-08-21,29,treatment,1,0.09038859,0,dept_238_closure_2021-07-24,2021-06-25,2021-06,-1,0,0.0,743503|238|2021-07-24,-0.2237298078817187,1.9877863437271066
743738,238,2021-07-24,2021-08-21,29,treatment,1,0.46831584,0,dept_238_closure_2021-07-24,2021-06-25,2021-06,-1,0,0.0,743738|238|2021-07-24,0.1541974421182813,1.9877863437271066
744066,238,2021-07-24,2021-08-21,29,treatment,1,0.007157863,0,dept_238_closure_2021-07-24,2021-06-25,2021-06,-1,0,0.0,744066|238|2021-07-24,-0.3069605348817187,1.9877863437271066
744589,238,2021-07-24,2021-08-21,29,treatment,1,0.6064742,1,dept_238_closure_2021-07-24,2021-06-25,2021-06,-1,0,0.034482758620689655,744589|238|2021-07-24,0.29235580211828127,1.9877863437271066
744618,238,2021-07-24,2021-08-21,29,control,0,0.028943947,0,dept_238_closure_2021-07-24,2021-06-25,2021-06,-1,0,0.0,744618|238|2021-07-24,-0.28517445088171867,1.9877863437271066
745701,238,2021-07-24,2021-08-21,29,treatment,1,0.23634675,0,dept_238_closure_2021-07-24,2021-06-25,2021-06,-1,0,0.034482758620689655,745701|238|2021-07-24,-0.0777716478817187,1.9877863437271066
745795,238,2021-07-24,2021-08-21,29,control,0,0.8876844,1,dept_238_closure_2021-07-24,2021-06-25,2021-06,-1,0,0.034482758620689655,745795|238|2021-07-24,0.5735660021182813,1.9877863437271066
746431,238,2021-07-24,2021-08-21,29,control,0,0.30531022,0,dept_238_closure_2021-07-24,2021-06-25,2021-06,-1,0,0.034482758620689655,746431|238|2021-07-24,-0.00880817788171867,1.9877863437271066
746906,238,2021-07-24,2021-08-21,29,treatment,1,0.23071152,0,dept_238_closure_2021-07-24,2021-06-25,2021-06,-1,0,0.0,746906|238|2021-07-24,-0.08340687788171869,1.9877863437271066
747486,238,2021-07-24,2021-08-21,29,control,0,0.21345063,0,dept_238_closure_2021-07-24,2021-06-25,2021-06,-1,0,0.034482758620689655,747486|238|2021-07-24,-0.10066776788171869,1.9877863437271066
747744,238,2021-07-24,2021-08-21,29,control,0,0.011016973,0,dept_238_closure_2021-07-24,2021-06-25,2021-06,-1,0,0.0,747744|238|2021-07-24,-0.3031014248817187,1.9877863437271066
747964,238,2021-07-24,2021-08-21,29,control,0,0.5399665,1,dept_238_closure_2021-07-24,2021-06-25,2021-06,-1,0,0.034482758620689655,747964|238|2021-07-24,0.22584810211828132,1.9877863437271066
748489,238,2021-07-24,2021-08-21,29,control,0,0.97782636,1,dept_238_closure_2021-07-24,2021-06-25,2021-06,-1,0,0.13793103448275862,748489|238|2021-07-24,0.6637079621182813,1.9877863437271066
748883,238,2021-07-24,2021-08-21,29,control,0,0.051519305,0,dept_238_closure_2021-07-24,2021-06-25,2021-06,-1,0,0.0,748883|238|2021-07-24,-0.2625990928817187,1.9877863437271066
749103,238,2021-07-24,2021-08-21,29,control,0,0.72864294,1,dept_238_closure_2021-07-24,2021-06-25,2021-06,-1,0,0.10344827586206896,749103|238|2021-07-24,0.41452454211828127,1.9877863437271066
749571,238,2021-07-24,2021-08-21,29,control,0,0.15883532,0,dept_238_closure_2021-07-24,2021-06-25,2021-06,-1,0,0.0,749571|238|2021-07-24,-0.1552830778817187,1.9877863437271066
749579,238,2021-07-24,2021-08-21,29,treatment,1,0.50863224,1,dept_238_closure_2021-07-24,2021-06-25,2021-06,-1,0,0.034482758620689655,749579|238|2021-07-24,0.19451384211828127,1.9877863437271066
749997,238,2021-07-24,2021-08-21,29,control,0,0.0029334608,0,dept_238_closure_2021-07-24,2021-06-25,2021-06,-1,0,0.0,749997|238|2021-07-24,-0.3111849370817187,1.9877863437271066
750098,238,2021-07-24,2021-08-21,29,control,0,0.18085298,0,dept_238_closure_2021-07-24,2021-06-25,2021-06,-1,0,0.0,750098|238|2021-07-24,-0.1332654178817187,1.9877863437271066
751233,238,2021-07-24,2021-08-21,29,control,0,0.5451164,1,dept_238_closure_2021-07-24,2021-06-25,2021-06,-1,0,0.10344827586206896,751233|238|2021-07-24,0.23099800211828125,1.9877863437271066
751656,238,2021-07-24,2021-08-21,29,control,0,0.27436504,0,dept_238_closure_2021-07-24,2021-06-25,2021-06,-1,0,0.0,751656|238|2021-07-24,-0.03975335788171869,1.9877863437271066
751875,238,2021-07-24,2021-08-21,29,treatment,1,0.29859528,0,dept_238_closure_2021-07-24,2021-06-25,2021-06,-1,0,0.0,751875|238|2021-07-24,-0.015523117881718673,1.9877863437271066
751880,238,2021-07-24,2021-08-21,29,control,0,0.59486675,1,dept_238_closure_2021-07-24,2021-06-25,2021-06,-1,0,0.034482758620689655,751880|238|2021-07-24,0.2807483521182813,1.9877863437271066
752058,238,2021-07-24,2021-08-21,29,control,0,0.36726233,0,dept_238_closure_2021-07-24,2021-06-25,2021-06,-1,0,0.06896551724137931,752058|238|2021-07-24,0.053143932118281334,1.9877863437271066
752375,238,2021-07-24,2021-08-21,29,control,0,0.92379546,1,dept_238_closure_2021-07-24,2021-06-25,2021-06,-1,0,0.10344827586206896,752375|238|2021-07-24,0.6096770621182813,1.9877863437271066
753400,238,2021-07-24,2021-08-21,29,control,0,0.14114289,0,dept_238_closure_2021-07-24,2021-06-25,2021-06,-1,0,0.0,753400|238|2021-07-24,-0.1729755078817187,1.9877863437271066
753563,238,2021-07-24,2021-08-21,29,treatment,1,0.8437079,1,dept_238_closure_2021-07-24,2021-06-25,2021-06,-1,0,0.034482758620689655,753563|238|2021-07-24,0.5295895021182813,1.9877863437271066
753598,238,2021-07-24,2021-08-21,29,control,0,0.7441752,1,dept_238_closure_2021-07-24,2021-06-25,2021-06,-1,0,0.06896551724137931,753598|238|2021-07-24,0.43005680211828134,1.9877863437271066
753825,238,2021-07-24,2021-08-21,29,treatment,1,0.6796321,1,dept_238_closure_2021-07-24,2021-06-25,2021-06,-1,0,0.13793103448275862,753825|238|2021-07-24,0.36551370211828127,1.9877863437271066
753961,238,2021-07-24,2021-08-21,29,treatment,1,0.9181454,1,dept_238_closure_2021-07-24,2021-06-25,2021-06,-1,0,0.10344827586206896,753961|238|2021-07-24,0.6040270021182813,1.9877863437271066
754048,238,2021-07-24,2021-08-21,29,treatment,1,0.4437763,0,dept_238_closure_2021-07-24,2021-06-25,2021-06,-1,0,0.034482758620689655,754048|238|2021-07-24,0.12965790211828132,1.9877863437271066
754162,238,2021-07-24,2021-08-21,29,treatment,1,0.13438785,0,dept_238_closure_2021-07-24,2021-06-25,2021-06,-1,0,0.0,754162|238|2021-07-24,-0.1797305478817187,1.9877863437271066
754790,238,2021-07-24,2021-08-21,29,control,0,0.40142742,0,dept_238_closure_2021-07-24,2021-06-25,2021-06,-1,0,0.0,754790|238|2021-07-24,0.08730902211828129,1.9877863437271066
754956,238,2021-07-24,2021-08-21,29,control,0,0.051647216,0,dept_238_closure_2021-07-24,2021-06-25,2021-06,-1,0,0.034482758620689655,754956|238|2021-07-24,-0.2624711818817187,1.9877863437271066
755965,238,2021-07-24,2021-08-21,29,treatment,1,0.5509158,1,dept_238_closure_2021-07-24,2021-06-25,2021-06,-1,0,0.06896551724137931,755965|238|2021-07-24,0.23679740211828126,1.9877863437271066
756923,238,2021-07-24,2021-08-21,29,treatment,1,0.0064757126,0,dept_238_closure_2021-07-24,2021-06-25,2021-06,-1,0,0.0,756923|238|2021-07-24,-0.3076426852817187,1.9877863437271066
757256,238,2021-07-24,2021-08-21,29,control,0,0.03035303,0,dept_238_closure_2021-07-24,2021-06-25,2021-06,-1,0,0.0,757256|238|2021-07-24,-0.2837653678817187,1.9877863437271066
757902,238,2021-07-24,2021-08-21,29,control,0,0.18642461,0,dept_238_closure_2021-07-24,2021-06-25,2021-06,-1,0,0.0,757902|238|2021-07-24,-0.1276937878817187,1.9877863437271066
758267,238,2021-07-24,2021-08-21,29,treatment,1,0.09131286,0,dept_238_closure_2021-07-24,2021-06-25,2021-06,-1,0,0.0,758267|238|2021-07-24,-0.2228055378817187,1.9877863437271066
758385,238,2021-07-24,2021-08-21,29,treatment,1,0.054747615,0,dept_238_closure_2021-07-24,2021-06-25,2021-06,-1,0,0.0,758385|238|2021-07-24,-0.25937078288171866,1.9877863437271066
759309,238,2021-07-24,2021-08-21,29,treatment,1,0.9838276,1,dept_238_closure_2021-07-24,2021-06-25,2021-06,-1,0,0.06896551724137931,759309|238|2021-07-24,0.6697092021182813,1.9877863437271066
759317,238,2021-07-24,2021-08-21,29,control,0,0.81716126,1,dept_238_closure_2021-07-24,2021-06-25,2021-06,-1,0,0.0,759317|238|2021-07-24,0.5030428621182813,1.9877863437271066
759518,238,2021-07-24,2021-08-21,29,control,0,0.00881177,0,dept_238_closure_2021-07-24,2021-06-25,2021-06,-1,0,0.0,759518|238|2021-07-24,-0.3053066278817187,1.9877863437271066
759804,238,2021-07-24,2021-08-21,29,treatment,1,0.9493759,1,dept_238_closure_2021-07-24,2021-06-25,2021-06,-1,0,0.20689655172413793,759804|238|2021-07-24,0.6352575021182814,1.9877863437271066
759948,238,2021-07-24,2021-08-21,29,control,0,0.72469586,1,dept_238_closure_2021-07-24,2021-06-25,2021-06,-1,0,0.034482758620689655,759948|238|2021-07-24,0.4105774621182813,1.9877863437271066
760093,238,2021-07-24,2021-08-21,29,treatment,1,0.47956386,0,dept_238_closure_2021-07-24,2021-06-25,2021-06,-1,0,0.034482758620689655,760093|238|2021-07-24,0.16544546211828132,1.9877863437271066
761324,238,2021-07-24,2021-08-21,29,control,0,0.743158,1,dept_238_closure_2021-07-24,2021-06-25,2021-06,-1,0,0.034482758620689655,761324|238|2021-07-24,0.4290396021182813,1.9877863437271066
762052,238,2021-07-24,2021-08-21,29,treatment,1,0.39993486,0,dept_238_closure_2021-07-24,2021-06-25,2021-06,-1,0,0.0,762052|238|2021-07-24,0.08581646211828131,1.9877863437271066
762220,238,2021-07-24,2021-08-21,29,control,0,0.06427518,0,dept_238_closure_2021-07-24,2021-06-25,2021-06,-1,0,0.0,762220|238|2021-07-24,-0.2498432178817187,1.9877863437271066
762230,238,2021-07-24,2021-08-21,29,control,0,0.06789632,0,dept_238_closure_2021-07-24,2021-06-25,2021-06,-1,0,0.0,762230|238|2021-07-24,-0.24622207788171868,1.9877863437271066
762785,238,2021-07-24,2021-08-21,29,control,0,0.9795634,1,dept_238_closure_2021-07-24,2021-06-25,2021-06,-1,0,0.1724137931034483,762785|238|2021-07-24,0.6654450021182813,1.9877863437271066
762820,238,2021-07-24,2021-08-21,29,control,0,0.5561369,1,dept_238_closure_2021-07-24,2021-06-25,2021-06,-1,0,0.0,762820|238|2021-07-24,0.24201850211828135,1.9877863437271066
763446,238,2021-07-24,2021-08-21,29,control,0,0.7397043,1,dept_238_closure_2021-07-24,2021-06-25,2021-06,-1,0,0.0,763446|238|2021-07-24,0.4255859021182813,1.9877863437271066
763580,238,2021-07-24,2021-08-21,29,treatment,1,0.4952197,0,dept_238_closure_2021-07-24,2021-06-25,2021-06,-1,0,0.034482758620689655,763580|238|2021-07-24,0.1811013021182813,1.9877863437271066
763618,238,2021-07-24,2021-08-21,29,control,0,0.9834788,1,dept_238_closure_2021-07-24,2021-06-25,2021-06,-1,0,0.1724137931034483,763618|238|2021-07-24,0.6693604021182813,1.9877863437271066
763751,238,2021-07-24,2021-08-21,29,treatment,1,0.9770473,1,dept_238_closure_2021-07-24,2021-06-25,2021-06,-1,0,0.13793103448275862,763751|238|2021-07-24,0.6629289021182813,1.9877863437271066
764190,238,2021-07-24,2021-08-21,29,control,0,0.27322862,0,dept_238_closure_2021-07-24,2021-06-25,2021-06,-1,0,0.0,764190|238|2021-07-24,-0.040889777881718714,1.9877863437271066
764750,238,2021-07-24,2021-08-21,29,treatment,1,0.04802677,0,dept_238_closure_2021-07-24,2021-06-25,2021-06,-1,0,0.0,764750|238|2021-07-24,-0.2660916278817187,1.9877863437271066
764900,238,2021-07-24,2021-08-21,29,control,0,0.62741095,1,dept_238_closure_2021-07-24,2021-06-25,2021-06,-1,0,0.034482758620689655,764900|238|2021-07-24,0.31329255211828133,1.9877863437271066
765697,238,2021-07-24,2021-08-21,29,control,0,0.9278703,1,dept_238_closure_2021-07-24,2021-06-25,2021-06,-1,0,0.034482758620689655,765697|238|2021-07-24,0.6137519021182813,1.9877863437271066
766153,238,2021-07-24,2021-08-21,29,treatment,1,0.028168844,0,dept_238_closure_2021-07-24,2021-06-25,2021-06,-1,0,0.0,766153|238|2021-07-24,-0.2859495538817187,1.9877863437271066
766218,238,2021-07-24,2021-08-21,29,treatment,1,0.98146987,1,dept_238_closure_2021-07-24,2021-06-25,2021-06,-1,0,0.10344827586206896,766218|238|2021-07-24,0.6673514721182813,1.9877863437271066
766777,238,2021-07-24,2021-08-21,29,control,0,0.021086628,0,dept_238_closure_2021-07-24,2021-06-25,2021-06,-1,0,0.0,766777|238|2021-07-24,-0.2930317698817187,1.9877863437271066
766959,238,2021-07-24,2021-08-21,29,control,0,0.123598345,0,dept_238_closure_2021-07-24,2021-06-25,2021-06,-1,0,0.0,766959|238|2021-07-24,-0.1905200528817187,1.9877863437271066
767113,238,2021-07-24,2021-08-21,29,treatment,1,0.08966462,0,dept_238_closure_2021-07-24,2021-06-25,2021-06,-1,0,0.0,767113|238|2021-07-24,-0.2244537778817187,1.9877863437271066
767131,238,2021-07-24,2021-08-21,29,treatment,1,0.5200584,1,dept_238_closure_2021-07-24,2021-06-25,2021-06,-1,0,0.06896551724137931,767131|238|2021-07-24,0.20594000211828134,1.9877863437271066
767303,238,2021-07-24,2021-08-21,29,treatment,1,0.9023318,1,dept_238_closure_2021-07-24,2021-06-25,2021-06,-1,0,0.13793103448275862,767303|238|2021-07-24,0.5882134021182813,1.9877863437271066
767304,238,2021-07-24,2021-08-21,29,treatment,1,0.98295677,1,dept_238_closure_2021-07-24,2021-06-25,2021-06,-1,0,0.1724137931034483,767304|238|2021-07-24,0.6688383721182813,1.9877863437271066
768196,238,2021-07-24,2021-08-21,29,control,0,0.92952645,1,dept_238_closure_2021-07-24,2021-06-25,2021-06,-1,0,0.06896551724137931,768196|238|2021-07-24,0.6154080521182813,1.9877863437271066
768885,238,2021-07-24,2021-08-21,29,treatment,1,0.8191349,1,dept_238_closure_2021-07-24,2021-06-25,2021-06,-1,0,0.034482758620689655,768885|238|2021-07-24,0.5050165021182813,1.9877863437271066
769118,238,2021-07-24,2021-08-21,29,treatment,1,0.50083596,1,dept_238_closure_2021-07-24,2021-06-25,2021-06,-1,0,0.0,769118|238|2021-07-24,0.18671756211828128,1.9877863437271066
769946,238,2021-07-24,2021-08-21,29,control,0,0.0103071,0,dept_238_closure_2021-07-24,2021-06-25,2021-06,-1,0,0.0,769946|238|2021-07-24,-0.3038112978817187,1.9877863437271066
770342,238,2021-07-24,2021-08-21,29,treatment,1,0.9980422,1,dept_238_closure_2021-07-24,2021-06-25,2021-06,-1,0,0.20689655172413793,770342|238|2021-07-24,0.6839238021182813,1.9877863437271066
771020,238,2021-07-24,2021-08-21,29,treatment,1,0.95823604,1,dept_238_closure_2021-07-24,2021-06-25,2021-06,-1,0,0.0,771020|238|2021-07-24,0.6441176421182813,1.9877863437271066
772744,238,2021-07-24,2021-08-21,29,control,0,0.4757095,0,dept_238_closure_2021-07-24,2021-06-25,2021-06,-1,0,0.0,772744|238|2021-07-24,0.16159110211828132,1.9877863437271066
772779,238,2021-07-24,2021-08-21,29,treatment,1,0.060561005,0,dept_238_closure_2021-07-24,2021-06-25,2021-06,-1,0,0.034482758620689655,772779|238|2021-07-24,-0.2535573928817187,1.9877863437271066
772831,238,2021-07-24,2021-08-21,29,control,0,0.12160945,0,dept_238_closure_2021-07-24,2021-06-25,2021-06,-1,0,0.0,772831|238|2021-07-24,-0.19250894788171868,1.9877863437271066
772834,238,2021-07-24,2021-08-21,29,control,0,0.7222428,1,dept_238_closure_2021-07-24,2021-06-25,2021-06,-1,0,0.0,772834|238|2021-07-24,0.40812440211828127,1.9877863437271066
773173,238,2021-07-24,2021-08-21,29,control,0,0.06383722,0,dept_238_closure_2021-07-24,2021-06-25,2021-06,-1,0,0.0,773173|238|2021-07-24,-0.25028117788171866,1.9877863437271066
773503,238,2021-07-24,2021-08-21,29,control,0,0.108700536,0,dept_238_closure_2021-07-24,2021-06-25,2021-06,-1,0,0.0,773503|238|2021-07-24,-0.20541786188171868,1.9877863437271066
773760,238,2021-07-24,2021-08-21,29,control,0,0.87525237,1,dept_238_closure_2021-07-24,2021-06-25,2021-06,-1,0,0.10344827586206896,773760|238|2021-07-24,0.5611339721182813,1.9877863437271066
775083,238,2021-07-24,2021-08-21,29,treatment,1,0.025674047,0,dept_238_closure_2021-07-24,2021-06-25,2021-06,-1,0,0.0,775083|238|2021-07-24,-0.2884443508817187,1.9877863437271066
775503,238,2021-07-24,2021-08-21,29,treatment,1,0.018119337,0,dept_238_closure_2021-07-24,2021-06-25,2021-06,-1,0,0.0,775503|238|2021-07-24,-0.2959990608817187,1.9877863437271066
775517,238,2021-07-24,2021-08-21,29,treatment,1,0.7646011,1,dept_238_closure_2021-07-24,2021-06-25,2021-06,-1,0,0.034482758620689655,775517|238|2021-07-24,0.45048270211828134,1.9877863437271066
775596,238,2021-07-24,2021-08-21,29,treatment,1,0.91299886,1,dept_238_closure_2021-07-24,2021-06-25,2021-06,-1,0,0.10344827586206896,775596|238|2021-07-24,0.5988804621182813,1.9877863437271066
775661,238,2021-07-24,2021-08-21,29,control,0,0.029757934,0,dept_238_closure_2021-07-24,2021-06-25,2021-06,-1,0,0.0,775661|238|2021-07-24,-0.2843604638817187,1.9877863437271066
776161,238,2021-07-24,2021-08-21,29,treatment,1,0.009269944,0,dept_238_closure_2021-07-24,2021-06-25,2021-06,-1,0,0.0,776161|238|2021-07-24,-0.3048484538817187,1.9877863437271066
776613,238,2021-07-24,2021-08-21,29,control,0,0.018257001,0,dept_238_closure_2021-07-24,2021-06-25,2021-06,-1,0,0.0,776613|238|2021-07-24,-0.2958613968817187,1.9877863437271066
777117,238,2021-07-24,2021-08-21,29,control,0,0.11380489,0,dept_238_closure_2021-07-24,2021-06-25,2021-06,-1,0,0.0,777117|238|2021-07-24,-0.2003135078817187,1.9877863437271066
777838,238,2021-07-24,2021-08-21,29,control,0,0.19908907,0,dept_238_closure_2021-07-24,2021-06-25,2021-06,-1,0,0.0,777838|238|2021-07-24,-0.11502932788171868,1.9877863437271066
778309,238,2021-07-24,2021-08-21,29,control,0,0.9777443,1,dept_238_closure_2021-07-24,2021-06-25,2021-06,-1,0,0.13793103448275862,778309|238|2021-07-24,0.6636259021182813,1.9877863437271066
778440,238,2021-07-24,2021-08-21,29,control,0,0.8017542,1,dept_238_closure_2021-07-24,2021-06-25,2021-06,-1,0,0.034482758620689655,778440|238|2021-07-24,0.4876358021182813,1.9877863437271066
778759,238,2021-07-24,2021-08-21,29,control,0,0.72182447,1,dept_238_closure_2021-07-24,2021-06-25,2021-06,-1,0,0.0,778759|238|2021-07-24,0.40770607211828136,1.9877863437271066
780103,238,2021-07-24,2021-08-21,29,treatment,1,0.37129694,0,dept_238_closure_2021-07-24,2021-06-25,2021-06,-1,0,0.0,780103|238|2021-07-24,0.05717854211828133,1.9877863437271066
780211,238,2021-07-24,2021-08-21,29,control,0,0.062143065,0,dept_238_closure_2021-07-24,2021-06-25,2021-06,-1,0,0.0,780211|238|2021-07-24,-0.2519753328817187,1.9877863437271066
780269,238,2021-07-24,2021-08-21,29,control,0,0.24476913,0,dept_238_closure_2021-07-24,2021-06-25,2021-06,-1,0,0.034482758620689655,780269|238|2021-07-24,-0.06934926788171869,1.9877863437271066
780340,238,2021-07-24,2021-08-21,29,treatment,1,0.368987,0,dept_238_closure_2021-07-24,2021-06-25,2021-06,-1,0,0.0,780340|238|2021-07-24,0.05486860211828132,1.9877863437271066
780471,238,2021-07-24,2021-08-21,29,control,0,0.52614456,1,dept_238_closure_2021-07-24,2021-06-25,2021-06,-1,0,0.0,780471|238|2021-07-24,0.2120261621182813,1.9877863437271066
780864,238,2021-07-24,2021-08-21,29,treatment,1,0.22426645,0,dept_238_closure_2021-07-24,2021-06-25,2021-06,-1,0,0.034482758620689655,780864|238|2021-07-24,-0.08985194788171869,1.9877863437271066
781548,238,2021-07-24,2021-08-21,29,control,0,0.9775328,1,dept_238_closure_2021-07-24,2021-06-25,2021-06,-1,0,0.1724137931034483,781548|238|2021-07-24,0.6634144021182813,1.9877863437271066
781556,238,2021-07-24,2021-08-21,29,treatment,1,0.91817886,1,dept_238_closure_2021-07-24,2021-06-25,2021-06,-1,0,0.10344827586206896,781556|238|2021-07-24,0.6040604621182813,1.9877863437271066
783317,238,2021-07-24,2021-08-21,29,control,0,0.08176988,0,dept_238_closure_2021-07-24,2021-06-25,2021-06,-1,0,0.0,783317|238|2021-07-24,-0.23234851788171867,1.9877863437271066
783542,238,2021-07-24,2021-08-21,29,treatment,1,0.45769763,0,dept_238_closure_2021-07-24,2021-06-25,2021-06,-1,0,0.0,783542|238|2021-07-24,0.14357923211828133,1.9877863437271066
784094,238,2021-07-24,2021-08-21,29,treatment,1,0.19192053,0,dept_238_closure_2021-07-24,2021-06-25,2021-06,-1,0,0.0,784094|238|2021-07-24,-0.12219786788171869,1.9877863437271066
784857,238,2021-07-24,2021-08-21,29,control,0,0.10826872,0,dept_238_closure_2021-07-24,2021-06-25,2021-06,-1,0,0.0,784857|238|2021-07-24,-0.2058496778817187,1.9877863437271066
784859,238,2021-07-24,2021-08-21,29,control,0,0.9976701,1,dept_238_closure_2021-07-24,2021-06-25,2021-06,-1,0,0.8620689655172413,784859|238|2021-07-24,0.6835517021182813,1.9877863437271066
784864,238,2021-07-24,2021-08-21,29,treatment,1,0.9711495,1,dept_238_closure_2021-07-24,2021-06-25,2021-06,-1,0,0.10344827586206896,784864|238|2021-07-24,0.6570311021182813,1.9877863437271066
784967,238,2021-07-24,2021-08-21,29,control,0,0.011193559,0,dept_238_closure_2021-07-24,2021-06-25,2021-06,-1,0,0.0,784967|238|2021-07-24,-0.30292483888171867,1.9877863437271066
785156,238,2021-07-24,2021-08-21,29,treatment,1,0.62075347,1,dept_238_closure_2021-07-24,2021-06-25,2021-06,-1,0,0.0,785156|238|2021-07-24,0.30663507211828134,1.9877863437271066
785714,238,2021-07-24,2021-08-21,29,treatment,1,0.11988839,0,dept_238_closure_2021-07-24,2021-06-25,2021-06,-1,0,0.034482758620689655,785714|238|2021-07-24,-0.19423000788171868,1.9877863437271066
785824,238,2021-07-24,2021-08-21,29,control,0,0.03441126,0,dept_238_closure_2021-07-24,2021-06-25,2021-06,-1,0,0.0,785824|238|2021-07-24,-0.2797071378817187,1.9877863437271066
786104,238,2021-07-24,2021-08-21,29,control,0,0.4503826,0,dept_238_closure_2021-07-24,2021-06-25,2021-06,-1,0,0.034482758620689655,786104|238|2021-07-24,0.13626420211828133,1.9877863437271066
786188,238,2021-07-24,2021-08-21,29,control,0,0.99424946,1,dept_238_closure_2021-07-24,2021-06-25,2021-06,-1,0,0.034482758620689655,786188|238|2021-07-24,0.6801310621182813,1.9877863437271066
786302,238,2021-07-24,2021-08-21,29,treatment,1,0.96067196,1,dept_238_closure_2021-07-24,2021-06-25,2021-06,-1,0,0.034482758620689655,786302|238|2021-07-24,0.6465535621182813,1.9877863437271066
787008,238,2021-07-24,2021-08-21,29,control,0,0.9918544,1,dept_238_closure_2021-07-24,2021-06-25,2021-06,-1,0,0.10344827586206896,787008|238|2021-07-24,0.6777360021182813,1.9877863437271066
787011,238,2021-07-24,2021-08-21,29,treatment,1,0.26979345,0,dept_238_closure_2021-07-24,2021-06-25,2021-06,-1,0,0.034482758620689655,787011|238|2021-07-24,-0.0443249478817187,1.9877863437271066
787228,238,2021-07-24,2021-08-21,29,control,0,0.7973536,1,dept_238_closure_2021-07-24,2021-06-25,2021-06,-1,0,0.0,787228|238|2021-07-24,0.4832352021182813,1.9877863437271066
787410,238,2021-07-24,2021-08-21,29,control,0,0.024693752,0,dept_238_closure_2021-07-24,2021-06-25,2021-06,-1,0,0.0,787410|238|2021-07-24,-0.2894246458817187,1.9877863437271066
788054,238,2021-07-24,2021-08-21,29,control,0,0.9788046,1,dept_238_closure_2021-07-24,2021-06-25,2021-06,-1,0,0.13793103448275862,788054|238|2021-07-24,0.6646862021182813,1.9877863437271066
788139,238,2021-07-24,2021-08-21,29,treatment,1,0.9466286,1,dept_238_closure_2021-07-24,2021-06-25,2021-06,-1,0,0.13793103448275862,788139|238|2021-07-24,0.6325102021182814,1.9877863437271066
788571,238,2021-07-24,2021-08-21,29,control,0,0.025767107,0,dept_238_closure_2021-07-24,2021-06-25,2021-06,-1,0,0.0,788571|238|2021-07-24,-0.2883512908817187,1.9877863437271066
788975,238,2021-07-24,2021-08-21,29,treatment,1,0.6123927,1,dept_238_closure_2021-07-24,2021-06-25,2021-06,-1,0,0.034482758620689655,788975|238|2021-07-24,0.2982743021182813,1.9877863437271066
789402,238,2021-07-24,2021-08-21,29,control,0,0.28781274,0,dept_238_closure_2021-07-24,2021-06-25,2021-06,-1,0,0.0,789402|238|2021-07-24,-0.02630565788171868,1.9877863437271066
789580,238,2021-07-24,2021-08-21,29,control,0,0.041276928,0,dept_238_closure_2021-07-24,2021-06-25,2021-06,-1,0,0.0,789580|238|2021-07-24,-0.2728414698817187,1.9877863437271066
789849,238,2021-07-24,2021-08-21,29,control,0,0.804721,1,dept_238_closure_2021-07-24,2021-06-25,2021-06,-1,0,0.034482758620689655,789849|238|2021-07-24,0.49060260211828133,1.9877863437271066
790458,238,2021-07-24,2021-08-21,29,control,0,0.7346749,1,dept_238_closure_2021-07-24,2021-06-25,2021-06,-1,0,0.034482758620689655,790458|238|2021-07-24,0.42055650211828133,1.9877863437271066
791034,238,2021-07-24,2021-08-21,29,treatment,1,0.9002215,1,dept_238_closure_2021-07-24,2021-06-25,2021-06,-1,0,0.0,791034|238|2021-07-24,0.5861031021182813,1.9877863437271066
791674,238,2021-07-24,2021-08-21,29,control,0,0.060817003,0,dept_238_closure_2021-07-24,2021-06-25,2021-06,-1,0,0.0,791674|238|2021-07-24,-0.2533013948817187,1.9877863437271066
792249,238,2021-07-24,2021-08-21,29,control,0,0.818732,1,dept_238_closure_2021-07-24,2021-06-25,2021-06,-1,0,0.0,792249|238|2021-07-24,0.5046136021182813,1.9877863437271066
792288,238,2021-07-24,2021-08-21,29,control,0,0.779333,1,dept_238_closure_2021-07-24,2021-06-25,2021-06,-1,0,0.0,792288|238|2021-07-24,0.46521460211828136,1.9877863437271066
792673,238,2021-07-24,2021-08-21,29,treatment,1,0.2986291,0,dept_238_closure_2021-07-24,2021-06-25,2021-06,-1,0,0.034482758620689655,792673|238|2021-07-24,-0.015489297881718711,1.9877863437271066
792770,238,2021-07-24,2021-08-21,29,treatment,1,0.23866381,0,dept_238_closure_2021-07-24,2021-06-25,2021-06,-1,0,0.0,792770|238|2021-07-24,-0.07545458788171869,1.9877863437271066
792884,238,2021-07-24,2021-08-21,29,control,0,0.33444726,0,dept_238_closure_2021-07-24,2021-06-25,2021-06,-1,0,0.0,792884|238|2021-07-24,0.020328862118281332,1.9877863437271066
792886,238,2021-07-24,2021-08-21,29,control,0,0.11914931,0,dept_238_closure_2021-07-24,2021-06-25,2021-06,-1,0,0.0,792886|238|2021-07-24,-0.19496908788171868,1.9877863437271066
792908,238,2021-07-24,2021-08-21,29,treatment,1,0.2340246,0,dept_238_closure_2021-07-24,2021-06-25,2021-06,-1,0,0.0,792908|238|2021-07-24,-0.08009379788171869,1.9877863437271066
793251,238,2021-07-24,2021-08-21,29,control,0,0.5226849,1,dept_238_closure_2021-07-24,2021-06-25,2021-06,-1,0,0.0,793251|238|2021-07-24,0.20856650211828132,1.9877863437271066
793574,238,2021-07-24,2021-08-21,29,control,0,0.9980952,1,dept_238_closure_2021-07-24,2021-06-25,2021-06,-1,0,0.13793103448275862,793574|238|2021-07-24,0.6839768021182813,1.9877863437271066
794212,238,2021-07-24,2021-08-21,29,control,0,0.4517877,0,dept_238_closure_2021-07-24,2021-06-25,2021-06,-1,0,0.034482758620689655,794212|238|2021-07-24,0.13766930211828132,1.9877863437271066
794696,238,2021-07-24,2021-08-21,29,treatment,1,0.5752779,1,dept_238_closure_2021-07-24,2021-06-25,2021-06,-1,0,0.034482758620689655,794696|238|2021-07-24,0.2611595021182813,1.9877863437271066
795316,238,2021-07-24,2021-08-21,29,control,0,0.9839842,1,dept_238_closure_2021-07-24,2021-06-25,2021-06,-1,0,0.27586206896551724,795316|238|2021-07-24,0.6698658021182813,1.9877863437271066
795991,238,2021-07-24,2021-08-21,29,control,0,0.6858576,1,dept_238_closure_2021-07-24,2021-06-25,2021-06,-1,0,0.0,795991|238|2021-07-24,0.37173920211828126,1.9877863437271066
796922,238,2021-07-24,2021-08-21,29,control,0,0.039796587,0,dept_238_closure_2021-07-24,2021-06-25,2021-06,-1,0,0.034482758620689655,796922|238|2021-07-24,-0.2743218108817187,1.9877863437271066
797126,238,2021-07-24,2021-08-21,29,treatment,1,0.7809863,1,dept_238_closure_2021-07-24,2021-06-25,2021-06,-1,0,0.034482758620689655,797126|238|2021-07-24,0.46686790211828133,1.9877863437271066
797171,238,2021-07-24,2021-08-21,29,control,0,0.05547067,0,dept_238_closure_2021-07-24,2021-06-25,2021-06,-1,0,0.0,797171|238|2021-07-24,-0.2586477278817187,1.9877863437271066
797909,238,2021-07-24,2021-08-21,29,treatment,1,0.084549956,0,dept_238_closure_2021-07-24,2021-06-25,2021-06,-1,0,0.0,797909|238|2021-07-24,-0.2295684418817187,1.9877863437271066
798960,238,2021-07-24,2021-08-21,29,treatment,1,0.76887304,1,dept_238_closure_2021-07-24,2021-06-25,2021-06,-1,0,0.06896551724137931,798960|238|2021-07-24,0.4547546421182813,1.9877863437271066
800153,238,2021-07-24,2021-08-21,29,control,0,0.017715111,0,dept_238_closure_2021-07-24,2021-06-25,2021-06,-1,0,0.0,800153|238|2021-07-24,-0.2964032868817187,1.9877863437271066
800460,238,2021-07-24,2021-08-21,29,treatment,1,0.82995725,1,dept_238_closure_2021-07-24,2021-06-25,2021-06,-1,0,0.034482758620689655,800460|238|2021-07-24,0.5158388521182813,1.9877863437271066
801077,238,2021-07-24,2021-08-21,29,control,0,0.010512943,0,dept_238_closure_2021-07-24,2021-06-25,2021-06,-1,0,0.0,801077|238|2021-07-24,-0.3036054548817187,1.9877863437271066
801361,238,2021-07-24,2021-08-21,29,treatment,1,0.10784242,0,dept_238_closure_2021-07-24,2021-06-25,2021-06,-1,0,0.034482758620689655,801361|238|2021-07-24,-0.2062759778817187,1.9877863437271066
801368,238,2021-07-24,2021-08-21,29,control,0,0.25252718,0,dept_238_closure_2021-07-24,2021-06-25,2021-06,-1,0,0.034482758620689655,801368|238|2021-07-24,-0.061591217881718674,1.9877863437271066
801370,238,2021-07-24,2021-08-21,29,control,0,0.16318336,0,dept_238_closure_2021-07-24,2021-06-25,2021-06,-1,0,0.034482758620689655,801370|238|2021-07-24,-0.1509350378817187,1.9877863437271066
801571,238,2021-07-24,2021-08-21,29,control,0,0.989963,1,dept_238_closure_2021-07-24,2021-06-25,2021-06,-1,0,0.2413793103448276,801571|238|2021-07-24,0.6758446021182813,1.9877863437271066
801649,238,2021-07-24,2021-08-21,29,control,0,0.8931537,1,dept_238_closure_2021-07-24,2021-06-25,2021-06,-1,0,0.06896551724137931,801649|238|2021-07-24,0.5790353021182814,1.9877863437271066
802134,238,2021-07-24,2021-08-21,29,control,0,0.97784024,1,dept_238_closure_2021-07-24,2021-06-25,2021-06,-1,0,0.034482758620689655,802134|238|2021-07-24,0.6637218421182813,1.9877863437271066
802194,238,2021-07-24,2021-08-21,29,control,0,0.41177994,0,dept_238_closure_2021-07-24,2021-06-25,2021-06,-1,0,0.0,802194|238|2021-07-24,0.09766154211828132,1.9877863437271066
803401,238,2021-07-24,2021-08-21,29,treatment,1,0.3431119,0,dept_238_closure_2021-07-24,2021-06-25,2021-06,-1,0,0.0,803401|238|2021-07-24,0.028993502118281334,1.9877863437271066
803593,238,2021-07-24,2021-08-21,29,control,0,0.9103206,1,dept_238_closure_2021-07-24,2021-06-25,2021-06,-1,0,0.034482758620689655,803593|238|2021-07-24,0.5962022021182813,1.9877863437271066
804072,238,2021-07-24,2021-08-21,29,treatment,1,0.0023090641,0,dept_238_closure_2021-07-24,2021-06-25,2021-06,-1,0,0.0,804072|238|2021-07-24,-0.3118093337817187,1.9877863437271066
804413,238,2021-07-24,2021-08-21,29,control,0,0.9754344,1,dept_238_closure_2021-07-24,2021-06-25,2021-06,-1,0,0.1724137931034483,804413|238|2021-07-24,0.6613160021182813,1.9877863437271066
804518,238,2021-07-24,2021-08-21,29,control,0,0.3376829,0,dept_238_closure_2021-07-24,2021-06-25,2021-06,-1,0,0.0,804518|238|2021-07-24,0.023564502118281316,1.9877863437271066
804542,238,2021-07-24,2021-08-21,29,treatment,1,0.9989188,1,dept_238_closure_2021-07-24,2021-06-25,2021-06,-1,0,0.20689655172413793,804542|238|2021-07-24,0.6848004021182813,1.9877863437271066
804546,238,2021-07-24,2021-08-21,29,control,0,0.102155365,0,dept_238_closure_2021-07-24,2021-06-25,2021-06,-1,0,0.0,804546|238|2021-07-24,-0.2119630328817187,1.9877863437271066
805706,238,2021-07-24,2021-08-21,29,treatment,1,0.9589874,1,dept_238_closure_2021-07-24,2021-06-25,2021-06,-1,0,0.0,805706|238|2021-07-24,0.6448690021182814,1.9877863437271066
806216,238,2021-07-24,2021-08-21,29,treatment,1,0.0938472,0,dept_238_closure_2021-07-24,2021-06-25,2021-06,-1,0,0.0,806216|238|2021-07-24,-0.22027119788171867,1.9877863437271066
806284,238,2021-07-24,2021-08-21,29,control,0,0.31350592,0,dept_238_closure_2021-07-24,2021-06-25,2021-06,-1,0,0.034482758620689655,806284|238|2021-07-24,-0.0006124778817186982,1.9877863437271066
806522,238,2021-07-24,2021-08-21,29,control,0,0.95256484,1,dept_238_closure_2021-07-24,2021-06-25,2021-06,-1,0,0.034482758620689655,806522|238|2021-07-24,0.6384464421182813,1.9877863437271066
806783,238,2021-07-24,2021-08-21,29,control,0,0.9330489,1,dept_238_closure_2021-07-24,2021-06-25,2021-06,-1,0,0.20689655172413793,806783|238|2021-07-24,0.6189305021182813,1.9877863437271066
806835,238,2021-07-24,2021-08-21,29,control,0,0.024205439,0,dept_238_closure_2021-07-24,2021-06-25,2021-06,-1,0,0.0,806835|238|2021-07-24,-0.2899129588817187,1.9877863437271066
807065,238,2021-07-24,2021-08-21,29,control,0,0.83089364,1,dept_238_closure_2021-07-24,2021-06-25,2021-06,-1,0,0.0,807065|238|2021-07-24,0.5167752421182813,1.9877863437271066
807126,238,2021-07-24,2021-08-21,29,control,0,0.54312253,1,dept_238_closure_2021-07-24,2021-06-25,2021-06,-1,0,0.034482758620689655,807126|238|2021-07-24,0.2290041321182813,1.9877863437271066
807225,238,2021-07-24,2021-08-21,29,treatment,1,0.3674869,0,dept_238_closure_2021-07-24,2021-06-25,2021-06,-1,0,0.0,807225|238|2021-07-24,0.053368502118281314,1.9877863437271066
1058,238,2021-07-24,2021-08-21,29,control,0,0.31633243,0,dept_238_closure_2021-07-24,2021-08-22,2021-08,1,1,0.0,1058|238|2021-07-24,0.002214032118281306,1.9877863437271066
1090,238,2021-07-24,2021-08-21,29,treatment,1,0.99776006,1,dept_238_closure_2021-07-24,2021-08-22,2021-08,1,1,0.20689655172413793,1090|238|2021-07-24,0.6836416621182813,1.9877863437271066
1153,238,2021-07-24,2021-08-21,29,treatment,1,0.031181602,0,dept_238_closure_2021-07-24,2021-08-22,2021-08,1,1,0.0,1153|238|2021-07-24,-0.2829367958817187,1.9877863437271066
1155,238,2021-07-24,2021-08-21,29,treatment,1,0.9580274,1,dept_238_closure_2021-07-24,2021-08-22,2021-08,1,1,0.3103448275862069,1155|238|2021-07-24,0.6439090021182813,1.9877863437271066
1499,238,2021-07-24,2021-08-21,29,control,0,0.009997686,0,dept_238_closure_2021-07-24,2021-08-22,2021-08,1,1,0.034482758620689655,1499|238|2021-07-24,-0.3041207118817187,1.9877863437271066
1976,238,2021-07-24,2021-08-21,29,control,0,0.17185947,0,dept_238_closure_2021-07-24,2021-08-22,2021-08,1,1,0.0,1976|238|2021-07-24,-0.1422589278817187,1.9877863437271066
2696,238,2021-07-24,2021-08-21,29,control,0,0.2896027,0,dept_238_closure_2021-07-24,2021-08-22,2021-08,1,1,0.034482758620689655,2696|238|2021-07-24,-0.0245156978817187,1.9877863437271066
2895,238,2021-07-24,2021-08-21,29,control,0,0.96581596,1,dept_238_closure_2021-07-24,2021-08-22,2021-08,1,1,0.0,2895|238|2021-07-24,0.6516975621182813,1.9877863437271066
2982,238,2021-07-24,2021-08-21,29,control,0,0.8721607,1,dept_238_closure_2021-07-24,2021-08-22,2021-08,1,1,0.0,2982|238|2021-07-24,0.5580423021182813,1.9877863437271066
3262,238,2021-07-24,2021-08-21,29,control,0,0.8859034,1,dept_238_closure_2021-07-24,2021-08-22,2021-08,1,1,0.0,3262|238|2021-07-24,0.5717850021182813,1.9877863437271066
3264,238,2021-07-24,2021-08-21,29,control,0,0.9952702,1,dept_238_closure_2021-07-24,2021-08-22,2021-08,1,1,0.10344827586206896,3264|238|2021-07-24,0.6811518021182813,1.9877863437271066
3786,238,2021-07-24,2021-08-21,29,control,0,0.037222978,0,dept_238_closure_2021-07-24,2021-08-22,2021-08,1,1,0.034482758620689655,3786|238|2021-07-24,-0.2768954198817187,1.9877863437271066
3900,238,2021-07-24,2021-08-21,29,treatment,1,0.5824986,1,dept_238_closure_2021-07-24,2021-08-22,2021-08,1,1,0.0,3900|238|2021-07-24,0.2683802021182813,1.9877863437271066
4070,238,2021-07-24,2021-08-21,29,control,0,0.99702257,1,dept_238_closure_2021-07-24,2021-08-22,2021-08,1,1,0.06896551724137931,4070|238|2021-07-24,0.6829041721182814,1.9877863437271066
4509,238,2021-07-24,2021-08-21,29,control,0,0.20484897,0,dept_238_closure_2021-07-24,2021-08-22,2021-08,1,1,0.0,4509|238|2021-07-24,-0.1092694278817187,1.9877863437271066
4770,238,2021-07-24,2021-08-21,29,control,0,0.24732047,0,dept_238_closure_2021-07-24,2021-08-22,2021-08,1,1,0.10344827586206896,4770|238|2021-07-24,-0.0667979278817187,1.9877863437271066
4801,238,2021-07-24,2021-08-21,29,control,0,0.55165714,1,dept_238_closure_2021-07-24,2021-08-22,2021-08,1,1,0.0,4801|238|2021-07-24,0.2375387421182813,1.9877863437271066
5078,238,2021-07-24,2021-08-21,29,treatment,1,0.778468,1,dept_238_closure_2021-07-24,2021-08-22,2021-08,1,1,0.034482758620689655,5078|238|2021-07-24,0.46434960211828136,1.9877863437271066
5079,238,2021-07-24,2021-08-21,29,treatment,1,0.8590763,1,dept_238_closure_2021-07-24,2021-08-22,2021-08,1,1,0.034482758620689655,5079|238|2021-07-24,0.5449579021182813,1.9877863437271066
5956,238,2021-07-24,2021-08-21,29,control,0,0.50306135,1,dept_238_closure_2021-07-24,2021-08-22,2021-08,1,1,0.0,5956|238|2021-07-24,0.18894295211828127,1.9877863437271066
6327,238,2021-07-24,2021-08-21,29,control,0,0.76239175,1,dept_238_closure_2021-07-24,2021-08-22,2021-08,1,1,0.0,6327|238|2021-07-24,0.44827335211828134,1.9877863437271066
6416,238,2021-07-24,2021-08-21,29,control,0,0.06856043,0,dept_238_closure_2021-07-24,2021-08-22,2021-08,1,1,0.06896551724137931,6416|238|2021-07-24,-0.2455579678817187,1.9877863437271066
7077,238,2021-07-24,2021-08-21,29,treatment,1,0.93605286,1,dept_238_closure_2021-07-24,2021-08-22,2021-08,1,1,0.10344827586206896,7077|238|2021-07-24,0.6219344621182813,1.9877863437271066
7111,238,2021-07-24,2021-08-21,29,control,0,0.79890734,1,dept_238_closure_2021-07-24,2021-08-22,2021-08,1,1,0.0,7111|238|2021-07-24,0.4847889421182813,1.9877863437271066
9355,238,2021-07-24,2021-08-21,29,treatment,1,0.89228505,1,dept_238_closure_2021-07-24,2021-08-22,2021-08,1,1,0.1724137931034483,9355|238|2021-07-24,0.5781666521182813,1.9877863437271066
10260,238,2021-07-24,2021-08-21,29,control,0,0.7858004,1,dept_238_closure_2021-07-24,2021-08-22,2021-08,1,1,0.06896551724137931,10260|238|2021-07-24,0.47168200211828126,1.9877863437271066
11516,238,2021-07-24,2021-08-21,29,control,0,0.7823707,1,dept_238_closure_2021-07-24,2021-08-22,2021-08,1,1,0.13793103448275862,11516|238|2021-07-24,0.4682523021182813,1.9877863437271066
11634,238,2021-07-24,2021-08-21,29,control,0,0.10574263,0,dept_238_closure_2021-07-24,2021-08-22,2021-08,1,1,0.0,11634|238|2021-07-24,-0.2083757678817187,1.9877863437271066
11876,238,2021-07-24,2021-08-21,29,control,0,0.50399154,1,dept_238_closure_2021-07-24,2021-08-22,2021-08,1,1,0.20689655172413793,11876|238|2021-07-24,0.18987314211828132,1.9877863437271066
13440,238,2021-07-24,2021-08-21,29,control,0,0.505999,1,dept_238_closure_2021-07-24,2021-08-22,2021-08,1,1,0.0,13440|238|2021-07-24,0.19188060211828128,1.9877863437271066
13748,238,2021-07-24,2021-08-21,29,treatment,1,0.7741637,1,dept_238_closure_2021-07-24,2021-08-22,2021-08,1,1,0.06896551724137931,13748|238|2021-07-24,0.4600453021182813,1.9877863437271066
14058,238,2021-07-24,2021-08-21,29,treatment,1,0.03616934,0,dept_238_closure_2021-07-24,2021-08-22,2021-08,1,1,0.10344827586206896,14058|238|2021-07-24,-0.2779490578817187,1.9877863437271066
14073,238,2021-07-24,2021-08-21,29,control,0,0.0038895167,0,dept_238_closure_2021-07-24,2021-08-22,2021-08,1,1,0.034482758620689655,14073|238|2021-07-24,-0.3102288811817187,1.9877863437271066
14840,238,2021-07-24,2021-08-21,29,control,0,0.03097485,0,dept_238_closure_2021-07-24,2021-08-22,2021-08,1,1,0.0,14840|238|2021-07-24,-0.2831435478817187,1.9877863437271066
15488,238,2021-07-24,2021-08-21,29,control,0,0.1547023,0,dept_238_closure_2021-07-24,2021-08-22,2021-08,1,1,0.0,15488|238|2021-07-24,-0.1594160978817187,1.9877863437271066
16172,238,2021-07-24,2021-08-21,29,treatment,1,0.935787,1,dept_238_closure_2021-07-24,2021-08-22,2021-08,1,1,0.1724137931034483,16172|238|2021-07-24,0.6216686021182813,1.9877863437271066
16536,238,2021-07-24,2021-08-21,29,treatment,1,0.832405,1,dept_238_closure_2021-07-24,2021-08-22,2021-08,1,1,0.0,16536|238|2021-07-24,0.5182866021182813,1.9877863437271066
16777,238,2021-07-24,2021-08-21,29,control,0,0.2837366,0,dept_238_closure_2021-07-24,2021-08-22,2021-08,1,1,0.0,16777|238|2021-07-24,-0.030381797881718686,1.9877863437271066
17333,238,2021-07-24,2021-08-21,29,control,0,0.7844263,1,dept_238_closure_2021-07-24,2021-08-22,2021-08,1,1,0.0,17333|238|2021-07-24,0.47030790211828133,1.9877863437271066
17628,238,2021-07-24,2021-08-21,29,treatment,1,0.7148031,1,dept_238_closure_2021-07-24,2021-08-22,2021-08,1,1,0.06896551724137931,17628|238|2021-07-24,0.40068470211828133,1.9877863437271066
18511,238,2021-07-24,2021-08-21,29,control,0,0.15509205,0,dept_238_closure_2021-07-24,2021-08-22,2021-08,1,1,0.0,18511|238|2021-07-24,-0.15902634788171868,1.9877863437271066
18669,238,2021-07-24,2021-08-21,29,control,0,0.96461374,1,dept_238_closure_2021-07-24,2021-08-22,2021-08,1,1,0.10344827586206896,18669|238|2021-07-24,0.6504953421182813,1.9877863437271066
18764,238,2021-07-24,2021-08-21,29,treatment,1,0.84462273,1,dept_238_closure_2021-07-24,2021-08-22,2021-08,1,1,0.10344827586206896,18764|238|2021-07-24,0.5305043321182813,1.9877863437271066
19276,238,2021-07-24,2021-08-21,29,control,0,0.8387178,1,dept_238_closure_2021-07-24,2021-08-22,2021-08,1,1,0.0,19276|238|2021-07-24,0.5245994021182813,1.9877863437271066
21670,238,2021-07-24,2021-08-21,29,control,0,0.99338984,1,dept_238_closure_2021-07-24,2021-08-22,2021-08,1,1,0.3103448275862069,21670|238|2021-07-24,0.6792714421182813,1.9877863437271066
22233,238,2021-07-24,2021-08-21,29,treatment,1,0.105737194,0,dept_238_closure_2021-07-24,2021-08-22,2021-08,1,1,0.1724137931034483,22233|238|2021-07-24,-0.20838120388171869,1.9877863437271066
22996,238,2021-07-24,2021-08-21,29,control,0,0.6669983,1,dept_238_closure_2021-07-24,2021-08-22,2021-08,1,1,0.0,22996|238|2021-07-24,0.35287990211828135,1.9877863437271066
23009,238,2021-07-24,2021-08-21,29,treatment,1,0.9949098,1,dept_238_closure_2021-07-24,2021-08-22,2021-08,1,1,0.20689655172413793,23009|238|2021-07-24,0.6807914021182813,1.9877863437271066
23453,238,2021-07-24,2021-08-21,29,treatment,1,0.9981462,1,dept_238_closure_2021-07-24,2021-08-22,2021-08,1,1,0.3793103448275862,23453|238|2021-07-24,0.6840278021182813,1.9877863437271066
23660,238,2021-07-24,2021-08-21,29,treatment,1,0.024154969,0,dept_238_closure_2021-07-24,2021-08-22,2021-08,1,1,0.0,23660|238|2021-07-24,-0.28996342888171867,1.9877863437271066
24245,238,2021-07-24,2021-08-21,29,treatment,1,0.2664429,0,dept_238_closure_2021-07-24,2021-08-22,2021-08,1,1,0.034482758620689655,24245|238|2021-07-24,-0.04767549788171871,1.9877863437271066
25352,238,2021-07-24,2021-08-21,29,treatment,1,0.3578015,0,dept_238_closure_2021-07-24,2021-08-22,2021-08,1,1,0.3103448275862069,25352|238|2021-07-24,0.0436831021182813,1.9877863437271066
25447,238,2021-07-24,2021-08-21,29,treatment,1,0.11225162,0,dept_238_closure_2021-07-24,2021-08-22,2021-08,1,1,0.034482758620689655,25447|238|2021-07-24,-0.2018667778817187,1.9877863437271066
25501,238,2021-07-24,2021-08-21,29,treatment,1,0.009262455,0,dept_238_closure_2021-07-24,2021-08-22,2021-08,1,1,0.0,25501|238|2021-07-24,-0.3048559428817187,1.9877863437271066
27750,238,2021-07-24,2021-08-21,29,control,0,0.39839363,0,dept_238_closure_2021-07-24,2021-08-22,2021-08,1,1,0.0,27750|238|2021-07-24,0.0842752321182813,1.9877863437271066
27835,238,2021-07-24,2021-08-21,29,treatment,1,0.8276654,1,dept_238_closure_2021-07-24,2021-08-22,2021-08,1,1,0.034482758620689655,27835|238|2021-07-24,0.5135470021182813,1.9877863437271066
27872,238,2021-07-24,2021-08-21,29,treatment,1,0.2770296,0,dept_238_closure_2021-07-24,2021-08-22,2021-08,1,1,0.06896551724137931,27872|238|2021-07-24,-0.037088797881718705,1.9877863437271066
29006,238,2021-07-24,2021-08-21,29,treatment,1,0.9905805,1,dept_238_closure_2021-07-24,2021-08-22,2021-08,1,1,0.1724137931034483,29006|238|2021-07-24,0.6764621021182813,1.9877863437271066
29720,238,2021-07-24,2021-08-21,29,treatment,1,0.2170329,0,dept_238_closure_2021-07-24,2021-08-22,2021-08,1,1,0.0,29720|238|2021-07-24,-0.09708549788171869,1.9877863437271066
29738,238,2021-07-24,2021-08-21,29,treatment,1,0.2687092,0,dept_238_closure_2021-07-24,2021-08-22,2021-08,1,1,0.0,29738|238|2021-07-24,-0.04540919788171871,1.9877863437271066
30419,238,2021-07-24,2021-08-21,29,control,0,0.0062939567,0,dept_238_closure_2021-07-24,2021-08-22,2021-08,1,1,0.0,30419|238|2021-07-24,-0.3078244411817187,1.9877863437271066
31243,238,2021-07-24,2021-08-21,29,control,0,0.23685242,0,dept_238_closure_2021-07-24,2021-08-22,2021-08,1,1,0.0,31243|238|2021-07-24,-0.07726597788171868,1.9877863437271066
31630,238,2021-07-24,2021-08-21,29,treatment,1,0.68832916,1,dept_238_closure_2021-07-24,2021-08-22,2021-08,1,1,0.10344827586206896,31630|238|2021-07-24,0.3742107621182813,1.9877863437271066
31760,238,2021-07-24,2021-08-21,29,treatment,1,0.6212265,1,dept_238_closure_2021-07-24,2021-08-22,2021-08,1,1,0.1724137931034483,31760|238|2021-07-24,0.3071081021182813,1.9877863437271066
31778,238,2021-07-24,2021-08-21,29,treatment,1,0.80863017,1,dept_238_closure_2021-07-24,2021-08-22,2021-08,1,1,0.06896551724137931,31778|238|2021-07-24,0.49451177211828135,1.9877863437271066
32961,238,2021-07-24,2021-08-21,29,treatment,1,0.9595891,1,dept_238_closure_2021-07-24,2021-08-22,2021-08,1,1,0.27586206896551724,32961|238|2021-07-24,0.6454707021182813,1.9877863437271066
33009,238,2021-07-24,2021-08-21,29,control,0,0.5396807,1,dept_238_closure_2021-07-24,2021-08-22,2021-08,1,1,0.0,33009|238|2021-07-24,0.22556230211828132,1.9877863437271066
33060,238,2021-07-24,2021-08-21,29,control,0,0.026101444,0,dept_238_closure_2021-07-24,2021-08-22,2021-08,1,1,0.0,33060|238|2021-07-24,-0.28801695388171866,1.9877863437271066
33490,238,2021-07-24,2021-08-21,29,control,0,0.59266585,1,dept_238_closure_2021-07-24,2021-08-22,2021-08,1,1,0.10344827586206896,33490|238|2021-07-24,0.27854745211828136,1.9877863437271066
33682,238,2021-07-24,2021-08-21,29,control,0,0.9179995,1,dept_238_closure_2021-07-24,2021-08-22,2021-08,1,1,0.2413793103448276,33682|238|2021-07-24,0.6038811021182813,1.9877863437271066
33778,238,2021-07-24,2021-08-21,29,treatment,1,0.7731772,1,dept_238_closure_2021-07-24,2021-08-22,2021-08,1,1,0.034482758620689655,33778|238|2021-07-24,0.4590588021182813,1.9877863437271066
34193,238,2021-07-24,2021-08-21,29,control,0,0.7916079,1,dept_238_closure_2021-07-24,2021-08-22,2021-08,1,1,0.034482758620689655,34193|238|2021-07-24,0.47748950211828134,1.9877863437271066
34800,238,2021-07-24,2021-08-21,29,control,0,0.9969111,1,dept_238_closure_2021-07-24,2021-08-22,2021-08,1,1,0.9310344827586207,34800|238|2021-07-24,0.6827927021182814,1.9877863437271066
34810,238,2021-07-24,2021-08-21,29,treatment,1,0.10283486,0,dept_238_closure_2021-07-24,2021-08-22,2021-08,1,1,0.034482758620689655,34810|238|2021-07-24,-0.2112835378817187,1.9877863437271066
35077,238,2021-07-24,2021-08-21,29,control,0,0.0056187706,0,dept_238_closure_2021-07-24,2021-08-22,2021-08,1,1,0.0,35077|238|2021-07-24,-0.3084996272817187,1.9877863437271066
36081,238,2021-07-24,2021-08-21,29,control,0,0.36506906,0,dept_238_closure_2021-07-24,2021-08-22,2021-08,1,1,0.0,36081|238|2021-07-24,0.05095066211828131,1.9877863437271066
37246,238,2021-07-24,2021-08-21,29,control,0,0.15648094,0,dept_238_closure_2021-07-24,2021-08-22,2021-08,1,1,0.0,37246|238|2021-07-24,-0.15763745788171868,1.9877863437271066
37910,238,2021-07-24,2021-08-21,29,control,0,0.07463169,0,dept_238_closure_2021-07-24,2021-08-22,2021-08,1,1,0.13793103448275862,37910|238|2021-07-24,-0.2394867078817187,1.9877863437271066
38571,238,2021-07-24,2021-08-21,29,treatment,1,0.63095057,1,dept_238_closure_2021-07-24,2021-08-22,2021-08,1,1,0.0,38571|238|2021-07-24,0.3168321721182813,1.9877863437271066
39353,238,2021-07-24,2021-08-21,29,control,0,0.036249097,0,dept_238_closure_2021-07-24,2021-08-22,2021-08,1,1,0.0,39353|238|2021-07-24,-0.2778693008817187,1.9877863437271066
39365,238,2021-07-24,2021-08-21,29,treatment,1,0.97589225,1,dept_238_closure_2021-07-24,2021-08-22,2021-08,1,1,0.13793103448275862,39365|238|2021-07-24,0.6617738521182813,1.9877863437271066
39850,238,2021-07-24,2021-08-21,29,control,0,0.21683288,0,dept_238_closure_2021-07-24,2021-08-22,2021-08,1,1,0.0,39850|238|2021-07-24,-0.09728551788171869,1.9877863437271066
41586,238,2021-07-24,2021-08-21,29,control,0,0.073217735,0,dept_238_closure_2021-07-24,2021-08-22,2021-08,1,1,0.0,41586|238|2021-07-24,-0.24090066288171869,1.9877863437271066
41936,238,2021-07-24,2021-08-21,29,treatment,1,0.9997789,1,dept_238_closure_2021-07-24,2021-08-22,2021-08,1,1,0.06896551724137931,41936|238|2021-07-24,0.6856605021182813,1.9877863437271066
42940,238,2021-07-24,2021-08-21,29,control,0,0.4746015,0,dept_238_closure_2021-07-24,2021-08-22,2021-08,1,1,0.0,42940|238|2021-07-24,0.16048310211828132,1.9877863437271066
43511,238,2021-07-24,2021-08-21,29,treatment,1,0.85290265,1,dept_238_closure_2021-07-24,2021-08-22,2021-08,1,1,0.06896551724137931,43511|238|2021-07-24,0.5387842521182813,1.9877863437271066
43600,238,2021-07-24,2021-08-21,29,control,0,0.069578335,0,dept_238_closure_2021-07-24,2021-08-22,2021-08,1,1,0.034482758620689655,43600|238|2021-07-24,-0.2445400628817187,1.9877863437271066
43699,238,2021-07-24,2021-08-21,29,control,0,0.95187634,1,dept_238_closure_2021-07-24,2021-08-22,2021-08,1,1,0.034482758620689655,43699|238|2021-07-24,0.6377579421182813,1.9877863437271066
45025,238,2021-07-24,2021-08-21,29,treatment,1,0.046912357,0,dept_238_closure_2021-07-24,2021-08-22,2021-08,1,1,0.0,45025|238|2021-07-24,-0.2672060408817187,1.9877863437271066
45202,238,2021-07-24,2021-08-21,29,treatment,1,0.010687237,0,dept_238_closure_2021-07-24,2021-08-22,2021-08,1,1,0.034482758620689655,45202|238|2021-07-24,-0.3034311608817187,1.9877863437271066
45592,238,2021-07-24,2021-08-21,29,control,0,0.39046085,0,dept_238_closure_2021-07-24,2021-08-22,2021-08,1,1,0.0,45592|238|2021-07-24,0.07634245211828133,1.9877863437271066
46988,238,2021-07-24,2021-08-21,29,treatment,1,0.8727573,1,dept_238_closure_2021-07-24,2021-08-22,2021-08,1,1,0.0,46988|238|2021-07-24,0.5586389021182813,1.9877863437271066
47004,238,2021-07-24,2021-08-21,29,control,0,0.79155254,1,dept_238_closure_2021-07-24,2021-08-22,2021-08,1,1,0.06896551724137931,47004|238|2021-07-24,0.4774341421182813,1.9877863437271066
48003,238,2021-07-24,2021-08-21,29,control,0,0.15772715,0,dept_238_closure_2021-07-24,2021-08-22,2021-08,1,1,0.034482758620689655,48003|238|2021-07-24,-0.15639124788171868,1.9877863437271066
48009,238,2021-07-24,2021-08-21,29,control,0,0.0014782378,0,dept_238_closure_2021-07-24,2021-08-22,2021-08,1,1,0.0,48009|238|2021-07-24,-0.3126401600817187,1.9877863437271066
48551,238,2021-07-24,2021-08-21,29,control,0,0.015496102,0,dept_238_closure_2021-07-24,2021-08-22,2021-08,1,1,0.0,48551|238|2021-07-24,-0.2986222958817187,1.9877863437271066
48719,238,2021-07-24,2021-08-21,29,treatment,1,0.091446206,0,dept_238_closure_2021-07-24,2021-08-22,2021-08,1,1,0.13793103448275862,48719|238|2021-07-24,-0.2226721918817187,1.9877863437271066
49336,238,2021-07-24,2021-08-21,29,control,0,0.86435235,1,dept_238_closure_2021-07-24,2021-08-22,2021-08,1,1,0.20689655172413793,49336|238|2021-07-24,0.5502339521182813,1.9877863437271066
50575,238,2021-07-24,2021-08-21,29,treatment,1,0.4967647,0,dept_238_closure_2021-07-24,2021-08-22,2021-08,1,1,0.10344827586206896,50575|238|2021-07-24,0.1826463021182813,1.9877863437271066
51127,238,2021-07-24,2021-08-21,29,control,0,0.9995468,1,dept_238_closure_2021-07-24,2021-08-22,2021-08,1,1,0.3793103448275862,51127|238|2021-07-24,0.6854284021182813,1.9877863437271066
51141,238,2021-07-24,2021-08-21,29,treatment,1,0.13059841,0,dept_238_closure_2021-07-24,2021-08-22,2021-08,1,1,0.0,51141|238|2021-07-24,-0.1835199878817187,1.9877863437271066
51223,238,2021-07-24,2021-08-21,29,treatment,1,0.5686692,1,dept_238_closure_2021-07-24,2021-08-22,2021-08,1,1,0.0,51223|238|2021-07-24,0.2545508021182813,1.9877863437271066
51447,238,2021-07-24,2021-08-21,29,control,0,0.8560922,1,dept_238_closure_2021-07-24,2021-08-22,2021-08,1,1,0.0,51447|238|2021-07-24,0.5419738021182813,1.9877863437271066
51809,238,2021-07-24,2021-08-21,29,control,0,0.09748932,0,dept_238_closure_2021-07-24,2021-08-22,2021-08,1,1,0.0,51809|238|2021-07-24,-0.2166290778817187,1.9877863437271066
51882,238,2021-07-24,2021-08-21,29,treatment,1,0.40867585,0,dept_238_closure_2021-07-24,2021-08-22,2021-08,1,1,0.034482758620689655,51882|238|2021-07-24,0.09455745211828132,1.9877863437271066
52806,238,2021-07-24,2021-08-21,29,treatment,1,0.21429998,0,dept_238_closure_2021-07-24,2021-08-22,2021-08,1,1,0.034482758620689655,52806|238|2021-07-24,-0.09981841788171869,1.9877863437271066
53631,238,2021-07-24,2021-08-21,29,treatment,1,0.9498594,1,dept_238_closure_2021-07-24,2021-08-22,2021-08,1,1,0.034482758620689655,53631|238|2021-07-24,0.6357410021182813,1.9877863437271066
53870,238,2021-07-24,2021-08-21,29,treatment,1,0.019716332,0,dept_238_closure_2021-07-24,2021-08-22,2021-08,1,1,0.0,53870|238|2021-07-24,-0.2944020658817187,1.9877863437271066
54433,238,2021-07-24,2021-08-21,29,control,0,0.107391536,0,dept_238_closure_2021-07-24,2021-08-22,2021-08,1,1,0.0,54433|238|2021-07-24,-0.20672686188171868,1.9877863437271066
55468,238,2021-07-24,2021-08-21,29,control,0,0.7626896,1,dept_238_closure_2021-07-24,2021-08-22,2021-08,1,1,0.034482758620689655,55468|238|2021-07-24,0.4485712021182813,1.9877863437271066
55938,238,2021-07-24,2021-08-21,29,control,0,0.30809516,0,dept_238_closure_2021-07-24,2021-08-22,2021-08,1,1,0.034482758620689655,55938|238|2021-07-24,-0.006023237881718713,1.9877863437271066
56611,238,2021-07-24,2021-08-21,29,control,0,0.061603617,0,dept_238_closure_2021-07-24,2021-08-22,2021-08,1,1,0.0,56611|238|2021-07-24,-0.2525147808817187,1.9877863437271066
56860,238,2021-07-24,2021-08-21,29,treatment,1,0.9772649,1,dept_238_closure_2021-07-24,2021-08-22,2021-08,1,1,0.13793103448275862,56860|238|2021-07-24,0.6631465021182813,1.9877863437271066
56861,238,2021-07-24,2021-08-21,29,treatment,1,0.009233719,0,dept_238_closure_2021-07-24,2021-08-22,2021-08,1,1,0.0,56861|238|2021-07-24,-0.3048846788817187,1.9877863437271066
57330,238,2021-07-24,2021-08-21,29,control,0,0.49220797,0,dept_238_closure_2021-07-24,2021-08-22,2021-08,1,1,0.06896551724137931,57330|238|2021-07-24,0.1780895721182813,1.9877863437271066
58653,238,2021-07-24,2021-08-21,29,control,0,0.7004242,1,dept_238_closure_2021-07-24,2021-08-22,2021-08,1,1,0.0,58653|238|2021-07-24,0.38630580211828136,1.9877863437271066
59006,238,2021-07-24,2021-08-21,29,control,0,0.33757597,0,dept_238_closure_2021-07-24,2021-08-22,2021-08,1,1,0.0,59006|238|2021-07-24,0.02345757211828131,1.9877863437271066
59313,238,2021-07-24,2021-08-21,29,control,0,0.022177717,0,dept_238_closure_2021-07-24,2021-08-22,2021-08,1,1,0.0,59313|238|2021-07-24,-0.2919406808817187,1.9877863437271066
59472,238,2021-07-24,2021-08-21,29,control,0,0.4740693,0,dept_238_closure_2021-07-24,2021-08-22,2021-08,1,1,0.0,59472|238|2021-07-24,0.15995090211828134,1.9877863437271066
59501,238,2021-07-24,2021-08-21,29,control,0,0.2757164,0,dept_238_closure_2021-07-24,2021-08-22,2021-08,1,1,0.0,59501|238|2021-07-24,-0.03840199788171872,1.9877863437271066
59514,238,2021-07-24,2021-08-21,29,treatment,1,0.236647,0,dept_238_closure_2021-07-24,2021-08-22,2021-08,1,1,0.0,59514|238|2021-07-24,-0.0774713978817187,1.9877863437271066
60703,238,2021-07-24,2021-08-21,29,control,0,0.004931913,0,dept_238_closure_2021-07-24,2021-08-22,2021-08,1,1,0.0,60703|238|2021-07-24,-0.3091864848817187,1.9877863437271066
62033,238,2021-07-24,2021-08-21,29,control,0,0.89715093,1,dept_238_closure_2021-07-24,2021-08-22,2021-08,1,1,0.13793103448275862,62033|238|2021-07-24,0.5830325321182813,1.9877863437271066
63148,238,2021-07-24,2021-08-21,29,treatment,1,0.9492218,1,dept_238_closure_2021-07-24,2021-08-22,2021-08,1,1,0.034482758620689655,63148|238|2021-07-24,0.6351034021182813,1.9877863437271066
63690,238,2021-07-24,2021-08-21,29,control,0,0.91069794,1,dept_238_closure_2021-07-24,2021-08-22,2021-08,1,1,0.034482758620689655,63690|238|2021-07-24,0.5965795421182813,1.9877863437271066
63736,238,2021-07-24,2021-08-21,29,control,0,0.98588276,1,dept_238_closure_2021-07-24,2021-08-22,2021-08,1,1,0.0,63736|238|2021-07-24,0.6717643621182813,1.9877863437271066
65129,238,2021-07-24,2021-08-21,29,control,0,0.16343743,0,dept_238_closure_2021-07-24,2021-08-22,2021-08,1,1,0.0,65129|238|2021-07-24,-0.1506809678817187,1.9877863437271066
65943,238,2021-07-24,2021-08-21,29,control,0,0.59803736,1,dept_238_closure_2021-07-24,2021-08-22,2021-08,1,1,0.06896551724137931,65943|238|2021-07-24,0.28391896211828127,1.9877863437271066
66596,238,2021-07-24,2021-08-21,29,control,0,0.8237255,1,dept_238_closure_2021-07-24,2021-08-22,2021-08,1,1,0.034482758620689655,66596|238|2021-07-24,0.5096071021182813,1.9877863437271066
66970,238,2021-07-24,2021-08-21,29,control,0,0.9627935,1,dept_238_closure_2021-07-24,2021-08-22,2021-08,1,1,0.0,66970|238|2021-07-24,0.6486751021182813,1.9877863437271066
67036,238,2021-07-24,2021-08-21,29,control,0,0.8120408,1,dept_238_closure_2021-07-24,2021-08-22,2021-08,1,1,0.0,67036|238|2021-07-24,0.4979224021182813,1.9877863437271066
67476,238,2021-07-24,2021-08-21,29,control,0,0.09638875,0,dept_238_closure_2021-07-24,2021-08-22,2021-08,1,1,0.0,67476|238|2021-07-24,-0.2177296478817187,1.9877863437271066
67611,238,2021-07-24,2021-08-21,29,treatment,1,0.06342454,0,dept_238_closure_2021-07-24,2021-08-22,2021-08,1,1,0.0,67611|238|2021-07-24,-0.2506938578817187,1.9877863437271066
68157,238,2021-07-24,2021-08-21,29,control,0,0.019155687,0,dept_238_closure_2021-07-24,2021-08-22,2021-08,1,1,0.034482758620689655,68157|238|2021-07-24,-0.2949627108817187,1.9877863437271066
68245,238,2021-07-24,2021-08-21,29,control,0,0.947495,1,dept_238_closure_2021-07-24,2021-08-22,2021-08,1,1,0.20689655172413793,68245|238|2021-07-24,0.6333766021182813,1.9877863437271066
68375,238,2021-07-24,2021-08-21,29,control,0,0.69101304,1,dept_238_closure_2021-07-24,2021-08-22,2021-08,1,1,0.0,68375|238|2021-07-24,0.3768946421182813,1.9877863437271066
68740,238,2021-07-24,2021-08-21,29,treatment,1,0.045003626,0,dept_238_closure_2021-07-24,2021-08-22,2021-08,1,1,0.034482758620689655,68740|238|2021-07-24,-0.2691147718817187,1.9877863437271066
70160,238,2021-07-24,2021-08-21,29,control,0,0.65332276,1,dept_238_closure_2021-07-24,2021-08-22,2021-08,1,1,0.0,70160|238|2021-07-24,0.3392043621182813,1.9877863437271066
70565,238,2021-07-24,2021-08-21,29,treatment,1,0.15690362,0,dept_238_closure_2021-07-24,2021-08-22,2021-08,1,1,0.0,70565|238|2021-07-24,-0.1572147778817187,1.9877863437271066
70621,238,2021-07-24,2021-08-21,29,treatment,1,0.02615791,0,dept_238_closure_2021-07-24,2021-08-22,2021-08,1,1,0.0,70621|238|2021-07-24,-0.2879604878817187,1.9877863437271066
71721,238,2021-07-24,2021-08-21,29,control,0,0.2944135,0,dept_238_closure_2021-07-24,2021-08-22,2021-08,1,1,0.0,71721|238|2021-07-24,-0.019704897881718697,1.9877863437271066
72061,238,2021-07-24,2021-08-21,29,control,0,0.35706896,0,dept_238_closure_2021-07-24,2021-08-22,2021-08,1,1,0.0,72061|238|2021-07-24,0.0429505621182813,1.9877863437271066
72409,238,2021-07-24,2021-08-21,29,treatment,1,0.028279617,0,dept_238_closure_2021-07-24,2021-08-22,2021-08,1,1,0.0,72409|238|2021-07-24,-0.2858387808817187,1.9877863437271066
73211,238,2021-07-24,2021-08-21,29,treatment,1,0.9987986,1,dept_238_closure_2021-07-24,2021-08-22,2021-08,1,1,0.10344827586206896,73211|238|2021-07-24,0.6846802021182813,1.9877863437271066
73392,238,2021-07-24,2021-08-21,29,treatment,1,0.17853455,0,dept_238_closure_2021-07-24,2021-08-22,2021-08,1,1,0.0,73392|238|2021-07-24,-0.1355838478817187,1.9877863437271066
73773,238,2021-07-24,2021-08-21,29,control,0,0.18203449,0,dept_238_closure_2021-07-24,2021-08-22,2021-08,1,1,0.0,73773|238|2021-07-24,-0.1320839078817187,1.9877863437271066
73950,238,2021-07-24,2021-08-21,29,treatment,1,0.22555146,0,dept_238_closure_2021-07-24,2021-08-22,2021-08,1,1,0.034482758620689655,73950|238|2021-07-24,-0.08856693788171868,1.9877863437271066
74241,238,2021-07-24,2021-08-21,29,control,0,0.2917401,0,dept_238_closure_2021-07-24,2021-08-22,2021-08,1,1,0.0,74241|238|2021-07-24,-0.02237829788171869,1.9877863437271066
74277,238,2021-07-24,2021-08-21,29,treatment,1,0.7333114,1,dept_238_closure_2021-07-24,2021-08-22,2021-08,1,1,0.034482758620689655,74277|238|2021-07-24,0.41919300211828125,1.9877863437271066
76195,238,2021-07-24,2021-08-21,29,treatment,1,0.016102709,0,dept_238_closure_2021-07-24,2021-08-22,2021-08,1,1,0.0,76195|238|2021-07-24,-0.2980156888817187,1.9877863437271066
76281,238,2021-07-24,2021-08-21,29,control,0,0.70876145,1,dept_238_closure_2021-07-24,2021-08-22,2021-08,1,1,0.0,76281|238|2021-07-24,0.3946430521182813,1.9877863437271066
76620,238,2021-07-24,2021-08-21,29,control,0,0.98046964,1,dept_238_closure_2021-07-24,2021-08-22,2021-08,1,1,0.10344827586206896,76620|238|2021-07-24,0.6663512421182813,1.9877863437271066
77374,238,2021-07-24,2021-08-21,29,control,0,0.23618548,0,dept_238_closure_2021-07-24,2021-08-22,2021-08,1,1,0.034482758620689655,77374|238|2021-07-24,-0.07793291788171869,1.9877863437271066
78193,238,2021-07-24,2021-08-21,29,treatment,1,0.28429395,0,dept_238_closure_2021-07-24,2021-08-22,2021-08,1,1,0.0,78193|238|2021-07-24,-0.029824447881718674,1.9877863437271066
78651,238,2021-07-24,2021-08-21,29,treatment,1,0.9144078,1,dept_238_closure_2021-07-24,2021-08-22,2021-08,1,1,0.034482758620689655,78651|238|2021-07-24,0.6002894021182813,1.9877863437271066
78736,238,2021-07-24,2021-08-21,29,treatment,1,0.3997433,0,dept_238_closure_2021-07-24,2021-08-22,2021-08,1,1,0.0,78736|238|2021-07-24,0.08562490211828133,1.9877863437271066
78745,238,2021-07-24,2021-08-21,29,control,0,0.9552887,1,dept_238_closure_2021-07-24,2021-08-22,2021-08,1,1,0.13793103448275862,78745|238|2021-07-24,0.6411703021182813,1.9877863437271066
78856,238,2021-07-24,2021-08-21,29,control,0,0.049853772,0,dept_238_closure_2021-07-24,2021-08-22,2021-08,1,1,0.0,78856|238|2021-07-24,-0.2642646258817187,1.9877863437271066
79895,238,2021-07-24,2021-08-21,29,control,0,0.7064495,1,dept_238_closure_2021-07-24,2021-08-22,2021-08,1,1,0.0,79895|238|2021-07-24,0.39233110211828126,1.9877863437271066
81293,238,2021-07-24,2021-08-21,29,treatment,1,0.17344156,0,dept_238_closure_2021-07-24,2021-08-22,2021-08,1,1,0.034482758620689655,81293|238|2021-07-24,-0.1406768378817187,1.9877863437271066
82120,238,2021-07-24,2021-08-21,29,treatment,1,0.0026724734,0,dept_238_closure_2021-07-24,2021-08-22,2021-08,1,1,0.0,82120|238|2021-07-24,-0.3114459244817187,1.9877863437271066
82144,238,2021-07-24,2021-08-21,29,control,0,0.007618913,0,dept_238_closure_2021-07-24,2021-08-22,2021-08,1,1,0.0,82144|238|2021-07-24,-0.3064994848817187,1.9877863437271066
82341,238,2021-07-24,2021-08-21,29,control,0,0.8333702,1,dept_238_closure_2021-07-24,2021-08-22,2021-08,1,1,0.06896551724137931,82341|238|2021-07-24,0.5192518021182813,1.9877863437271066
82614,238,2021-07-24,2021-08-21,29,control,0,0.017146219,0,dept_238_closure_2021-07-24,2021-08-22,2021-08,1,1,0.0,82614|238|2021-07-24,-0.2969721788817187,1.9877863437271066
82619,238,2021-07-24,2021-08-21,29,control,0,0.05376908,0,dept_238_closure_2021-07-24,2021-08-22,2021-08,1,1,0.0,82619|238|2021-07-24,-0.26034931788171867,1.9877863437271066
82765,238,2021-07-24,2021-08-21,29,treatment,1,0.9935359,1,dept_238_closure_2021-07-24,2021-08-22,2021-08,1,1,0.13793103448275862,82765|238|2021-07-24,0.6794175021182813,1.9877863437271066
83751,238,2021-07-24,2021-08-21,29,control,0,0.009030011,0,dept_238_closure_2021-07-24,2021-08-22,2021-08,1,1,0.034482758620689655,83751|238|2021-07-24,-0.3050883868817187,1.9877863437271066
84285,238,2021-07-24,2021-08-21,29,treatment,1,0.9944102,1,dept_238_closure_2021-07-24,2021-08-22,2021-08,1,1,0.3103448275862069,84285|238|2021-07-24,0.6802918021182813,1.9877863437271066
84290,238,2021-07-24,2021-08-21,29,control,0,0.00569626,0,dept_238_closure_2021-07-24,2021-08-22,2021-08,1,1,0.0,84290|238|2021-07-24,-0.3084221378817187,1.9877863437271066
84920,238,2021-07-24,2021-08-21,29,control,0,0.90960616,1,dept_238_closure_2021-07-24,2021-08-22,2021-08,1,1,0.10344827586206896,84920|238|2021-07-24,0.5954877621182814,1.9877863437271066
85469,238,2021-07-24,2021-08-21,29,control,0,0.8748652,1,dept_238_closure_2021-07-24,2021-08-22,2021-08,1,1,0.034482758620689655,85469|238|2021-07-24,0.5607468021182813,1.9877863437271066
86494,238,2021-07-24,2021-08-21,29,treatment,1,0.9865509,1,dept_238_closure_2021-07-24,2021-08-22,2021-08,1,1,0.2413793103448276,86494|238|2021-07-24,0.6724325021182813,1.9877863437271066
86987,238,2021-07-24,2021-08-21,29,control,0,0.48100865,0,dept_238_closure_2021-07-24,2021-08-22,2021-08,1,1,0.034482758620689655,86987|238|2021-07-24,0.1668902521182813,1.9877863437271066
87293,238,2021-07-24,2021-08-21,29,treatment,1,0.5931609,1,dept_238_closure_2021-07-24,2021-08-22,2021-08,1,1,0.06896551724137931,87293|238|2021-07-24,0.2790425021182813,1.9877863437271066
87453,238,2021-07-24,2021-08-21,29,control,0,0.025784085,0,dept_238_closure_2021-07-24,2021-08-22,2021-08,1,1,0.0,87453|238|2021-07-24,-0.2883343128817187,1.9877863437271066
87681,238,2021-07-24,2021-08-21,29,treatment,1,0.54920876,1,dept_238_closure_2021-07-24,2021-08-22,2021-08,1,1,0.06896551724137931,87681|238|2021-07-24,0.23509036211828127,1.9877863437271066
87823,238,2021-07-24,2021-08-21,29,treatment,1,0.020315683,0,dept_238_closure_2021-07-24,2021-08-22,2021-08,1,1,0.0,87823|238|2021-07-24,-0.2938027148817187,1.9877863437271066
88654,238,2021-07-24,2021-08-21,29,control,0,0.7802427,1,dept_238_closure_2021-07-24,2021-08-22,2021-08,1,1,0.034482758620689655,88654|238|2021-07-24,0.46612430211828126,1.9877863437271066
89374,238,2021-07-24,2021-08-21,29,control,0,0.03848846,0,dept_238_closure_2021-07-24,2021-08-22,2021-08,1,1,0.0,89374|238|2021-07-24,-0.2756299378817187,1.9877863437271066
89503,238,2021-07-24,2021-08-21,29,control,0,0.9993679,1,dept_238_closure_2021-07-24,2021-08-22,2021-08,1,1,0.20689655172413793,89503|238|2021-07-24,0.6852495021182813,1.9877863437271066
89886,238,2021-07-24,2021-08-21,29,control,0,0.9398514,1,dept_238_closure_2021-07-24,2021-08-22,2021-08,1,1,0.10344827586206896,89886|238|2021-07-24,0.6257330021182813,1.9877863437271066
89938,238,2021-07-24,2021-08-21,29,control,0,0.5018458,1,dept_238_closure_2021-07-24,2021-08-22,2021-08,1,1,0.0,89938|238|2021-07-24,0.18772740211828132,1.9877863437271066
91490,238,2021-07-24,2021-08-21,29,control,0,0.84891534,1,dept_238_closure_2021-07-24,2021-08-22,2021-08,1,1,0.0,91490|238|2021-07-24,0.5347969421182813,1.9877863437271066
92394,238,2021-07-24,2021-08-21,29,treatment,1,0.8171309,1,dept_238_closure_2021-07-24,2021-08-22,2021-08,1,1,0.0,92394|238|2021-07-24,0.5030125021182813,1.9877863437271066
94325,238,2021-07-24,2021-08-21,29,control,0,0.9903162,1,dept_238_closure_2021-07-24,2021-08-22,2021-08,1,1,0.06896551724137931,94325|238|2021-07-24,0.6761978021182813,1.9877863437271066
96423,238,2021-07-24,2021-08-21,29,control,0,0.059714902,0,dept_238_closure_2021-07-24,2021-08-22,2021-08,1,1,0.0,96423|238|2021-07-24,-0.2544034958817187,1.9877863437271066
96478,238,2021-07-24,2021-08-21,29,control,0,0.99812573,1,dept_238_closure_2021-07-24,2021-08-22,2021-08,1,1,0.13793103448275862,96478|238|2021-07-24,0.6840073321182814,1.9877863437271066
97727,238,2021-07-24,2021-08-21,29,treatment,1,0.018099658,0,dept_238_closure_2021-07-24,2021-08-22,2021-08,1,1,0.1724137931034483,97727|238|2021-07-24,-0.2960187398817187,1.9877863437271066
98346,238,2021-07-24,2021-08-21,29,control,0,0.28005913,0,dept_238_closure_2021-07-24,2021-08-22,2021-08,1,1,0.0,98346|238|2021-07-24,-0.0340592678817187,1.9877863437271066
98390,238,2021-07-24,2021-08-21,29,treatment,1,0.050677076,0,dept_238_closure_2021-07-24,2021-08-22,2021-08,1,1,0.0,98390|238|2021-07-24,-0.2634413218817187,1.9877863437271066
100193,238,2021-07-24,2021-08-21,29,treatment,1,0.22418109,0,dept_238_closure_2021-07-24,2021-08-22,2021-08,1,1,0.0,100193|238|2021-07-24,-0.08993730788171869,1.9877863437271066
100217,238,2021-07-24,2021-08-21,29,control,0,0.83408034,1,dept_238_closure_2021-07-24,2021-08-22,2021-08,1,1,0.034482758620689655,100217|238|2021-07-24,0.5199619421182813,1.9877863437271066
100758,238,2021-07-24,2021-08-21,29,treatment,1,0.052906673,0,dept_238_closure_2021-07-24,2021-08-22,2021-08,1,1,0.0,100758|238|2021-07-24,-0.2612117248817187,1.9877863437271066
100860,238,2021-07-24,2021-08-21,29,treatment,1,0.096930034,0,dept_238_closure_2021-07-24,2021-08-22,2021-08,1,1,0.0,100860|238|2021-07-24,-0.2171883638817187,1.9877863437271066
101469,238,2021-07-24,2021-08-21,29,treatment,1,0.9878535,1,dept_238_closure_2021-07-24,2021-08-22,2021-08,1,1,0.5172413793103449,101469|238|2021-07-24,0.6737351021182814,1.9877863437271066
102019,238,2021-07-24,2021-08-21,29,control,0,0.045066632,0,dept_238_closure_2021-07-24,2021-08-22,2021-08,1,1,0.0,102019|238|2021-07-24,-0.2690517658817187,1.9877863437271066
102198,238,2021-07-24,2021-08-21,29,control,0,0.7649056,1,dept_238_closure_2021-07-24,2021-08-22,2021-08,1,1,0.0,102198|238|2021-07-24,0.45078720211828127,1.9877863437271066
104099,238,2021-07-24,2021-08-21,29,control,0,0.6385845,1,dept_238_closure_2021-07-24,2021-08-22,2021-08,1,1,0.06896551724137931,104099|238|2021-07-24,0.3244661021182813,1.9877863437271066
104130,238,2021-07-24,2021-08-21,29,control,0,0.69568807,1,dept_238_closure_2021-07-24,2021-08-22,2021-08,1,1,0.13793103448275862,104130|238|2021-07-24,0.3815696721182813,1.9877863437271066
104196,238,2021-07-24,2021-08-21,29,treatment,1,0.43993,0,dept_238_closure_2021-07-24,2021-08-22,2021-08,1,1,0.06896551724137931,104196|238|2021-07-24,0.1258116021182813,1.9877863437271066
104601,238,2021-07-24,2021-08-21,29,control,0,0.65550226,1,dept_238_closure_2021-07-24,2021-08-22,2021-08,1,1,0.034482758620689655,104601|238|2021-07-24,0.3413838621182813,1.9877863437271066
105182,238,2021-07-24,2021-08-21,29,treatment,1,0.30172887,0,dept_238_closure_2021-07-24,2021-08-22,2021-08,1,1,0.0,105182|238|2021-07-24,-0.01238952788171871,1.9877863437271066
105352,238,2021-07-24,2021-08-21,29,control,0,0.9402694,1,dept_238_closure_2021-07-24,2021-08-22,2021-08,1,1,0.034482758620689655,105352|238|2021-07-24,0.6261510021182813,1.9877863437271066
105363,238,2021-07-24,2021-08-21,29,control,0,0.87674,1,dept_238_closure_2021-07-24,2021-08-22,2021-08,1,1,0.06896551724137931,105363|238|2021-07-24,0.5626216021182813,1.9877863437271066
105739,238,2021-07-24,2021-08-21,29,control,0,0.78862005,1,dept_238_closure_2021-07-24,2021-08-22,2021-08,1,1,0.034482758620689655,105739|238|2021-07-24,0.4745016521182813,1.9877863437271066
105812,238,2021-07-24,2021-08-21,29,control,0,0.057617597,0,dept_238_closure_2021-07-24,2021-08-22,2021-08,1,1,0.0,105812|238|2021-07-24,-0.25650080088171867,1.9877863437271066
106367,238,2021-07-24,2021-08-21,29,treatment,1,0.9922734,1,dept_238_closure_2021-07-24,2021-08-22,2021-08,1,1,0.034482758620689655,106367|238|2021-07-24,0.6781550021182813,1.9877863437271066
107815,238,2021-07-24,2021-08-21,29,control,0,0.31276023,0,dept_238_closure_2021-07-24,2021-08-22,2021-08,1,1,0.034482758620689655,107815|238|2021-07-24,-0.0013581678817187193,1.9877863437271066
108347,238,2021-07-24,2021-08-21,29,control,0,0.35392871,0,dept_238_closure_2021-07-24,2021-08-22,2021-08,1,1,0.06896551724137931,108347|238|2021-07-24,0.03981031211828129,1.9877863437271066
109013,238,2021-07-24,2021-08-21,29,control,0,0.8745079,1,dept_238_closure_2021-07-24,2021-08-22,2021-08,1,1,0.5172413793103449,109013|238|2021-07-24,0.5603895021182813,1.9877863437271066
109251,238,2021-07-24,2021-08-21,29,treatment,1,0.7683142,1,dept_238_closure_2021-07-24,2021-08-22,2021-08,1,1,0.0,109251|238|2021-07-24,0.45419580211828126,1.9877863437271066
109868,238,2021-07-24,2021-08-21,29,control,0,0.33098838,0,dept_238_closure_2021-07-24,2021-08-22,2021-08,1,1,0.0,109868|238|2021-07-24,0.016869982118281335,1.9877863437271066
110079,238,2021-07-24,2021-08-21,29,control,0,0.05825305,0,dept_238_closure_2021-07-24,2021-08-22,2021-08,1,1,0.0,110079|238|2021-07-24,-0.25586534788171866,1.9877863437271066
110329,238,2021-07-24,2021-08-21,29,treatment,1,0.0337448,0,dept_238_closure_2021-07-24,2021-08-22,2021-08,1,1,0.0,110329|238|2021-07-24,-0.2803735978817187,1.9877863437271066
110641,238,2021-07-24,2021-08-21,29,treatment,1,0.7566003,1,dept_238_closure_2021-07-24,2021-08-22,2021-08,1,1,0.0,110641|238|2021-07-24,0.4424819021182813,1.9877863437271066
111015,238,2021-07-24,2021-08-21,29,control,0,0.28770924,0,dept_238_closure_2021-07-24,2021-08-22,2021-08,1,1,0.0,111015|238|2021-07-24,-0.026409157881718714,1.9877863437271066
111155,238,2021-07-24,2021-08-21,29,control,0,0.11161697,0,dept_238_closure_2021-07-24,2021-08-22,2021-08,1,1,0.0,111155|238|2021-07-24,-0.2025014278817187,1.9877863437271066
112240,238,2021-07-24,2021-08-21,29,control,0,0.23510863,0,dept_238_closure_2021-07-24,2021-08-22,2021-08,1,1,0.0,112240|238|2021-07-24,-0.07900976788171868,1.9877863437271066
112649,238,2021-07-24,2021-08-21,29,control,0,0.70853835,1,dept_238_closure_2021-07-24,2021-08-22,2021-08,1,1,0.13793103448275862,112649|238|2021-07-24,0.3944199521182813,1.9877863437271066
112765,238,2021-07-24,2021-08-21,29,control,0,0.0056876945,0,dept_238_closure_2021-07-24,2021-08-22,2021-08,1,1,0.06896551724137931,112765|238|2021-07-24,-0.3084307033817187,1.9877863437271066
112866,238,2021-07-24,2021-08-21,29,control,0,0.6739056,1,dept_238_closure_2021-07-24,2021-08-22,2021-08,1,1,0.0,112866|238|2021-07-24,0.3597872021182813,1.9877863437271066
113249,238,2021-07-24,2021-08-21,29,treatment,1,0.41161782,0,dept_238_closure_2021-07-24,2021-08-22,2021-08,1,1,0.0,113249|238|2021-07-24,0.09749942211828133,1.9877863437271066
113376,238,2021-07-24,2021-08-21,29,control,0,0.30404806,0,dept_238_closure_2021-07-24,2021-08-22,2021-08,1,1,0.0,113376|238|2021-07-24,-0.010070337881718683,1.9877863437271066
113995,238,2021-07-24,2021-08-21,29,treatment,1,0.73132044,1,dept_238_closure_2021-07-24,2021-08-22,2021-08,1,1,0.20689655172413793,113995|238|2021-07-24,0.41720204211828127,1.9877863437271066
114539,238,2021-07-24,2021-08-21,29,control,0,0.99863166,1,dept_238_closure_2021-07-24,2021-08-22,2021-08,1,1,0.3793103448275862,114539|238|2021-07-24,0.6845132621182813,1.9877863437271066
114556,238,2021-07-24,2021-08-21,29,treatment,1,0.99527955,1,dept_238_closure_2021-07-24,2021-08-22,2021-08,1,1,0.0,114556|238|2021-07-24,0.6811611521182813,1.9877863437271066
114687,238,2021-07-24,2021-08-21,29,control,0,0.77112,1,dept_238_closure_2021-07-24,2021-08-22,2021-08,1,1,0.034482758620689655,114687|238|2021-07-24,0.45700160211828134,1.9877863437271066
114850,238,2021-07-24,2021-08-21,29,control,0,0.6313392,1,dept_238_closure_2021-07-24,2021-08-22,2021-08,1,1,0.1724137931034483,114850|238|2021-07-24,0.3172208021182813,1.9877863437271066
115164,238,2021-07-24,2021-08-21,29,control,0,0.624116,1,dept_238_closure_2021-07-24,2021-08-22,2021-08,1,1,0.0,115164|238|2021-07-24,0.3099976021182813,1.9877863437271066
115222,238,2021-07-24,2021-08-21,29,treatment,1,0.35845473,0,dept_238_closure_2021-07-24,2021-08-22,2021-08,1,1,0.034482758620689655,115222|238|2021-07-24,0.04433633211828131,1.9877863437271066
115365,238,2021-07-24,2021-08-21,29,control,0,0.0042668767,0,dept_238_closure_2021-07-24,2021-08-22,2021-08,1,1,0.0,115365|238|2021-07-24,-0.3098515211817187,1.9877863437271066
115836,238,2021-07-24,2021-08-21,29,control,0,0.02849233,0,dept_238_closure_2021-07-24,2021-08-22,2021-08,1,1,0.0,115836|238|2021-07-24,-0.2856260678817187,1.9877863437271066
116189,238,2021-07-24,2021-08-21,29,control,0,0.44316077,0,dept_238_closure_2021-07-24,2021-08-22,2021-08,1,1,0.034482758620689655,116189|238|2021-07-24,0.1290423721182813,1.9877863437271066
116513,238,2021-07-24,2021-08-21,29,control,0,0.95439154,1,dept_238_closure_2021-07-24,2021-08-22,2021-08,1,1,0.034482758620689655,116513|238|2021-07-24,0.6402731421182813,1.9877863437271066
116579,238,2021-07-24,2021-08-21,29,control,0,0.9520419,1,dept_238_closure_2021-07-24,2021-08-22,2021-08,1,1,0.0,116579|238|2021-07-24,0.6379235021182813,1.9877863437271066
117114,238,2021-07-24,2021-08-21,29,treatment,1,0.33091158,0,dept_238_closure_2021-07-24,2021-08-22,2021-08,1,1,0.034482758620689655,117114|238|2021-07-24,0.01679318211828129,1.9877863437271066
119145,238,2021-07-24,2021-08-21,29,treatment,1,0.51228166,1,dept_238_closure_2021-07-24,2021-08-22,2021-08,1,1,0.0,119145|238|2021-07-24,0.19816326211828128,1.9877863437271066
119604,238,2021-07-24,2021-08-21,29,control,0,0.21165468,0,dept_238_closure_2021-07-24,2021-08-22,2021-08,1,1,0.034482758620689655,119604|238|2021-07-24,-0.10246371788171868,1.9877863437271066
120190,238,2021-07-24,2021-08-21,29,control,0,0.38021046,0,dept_238_closure_2021-07-24,2021-08-22,2021-08,1,1,0.0,120190|238|2021-07-24,0.06609206211828128,1.9877863437271066
123884,238,2021-07-24,2021-08-21,29,control,0,0.013484352,0,dept_238_closure_2021-07-24,2021-08-22,2021-08,1,1,0.0,123884|238|2021-07-24,-0.3006340458817187,1.9877863437271066
124652,238,2021-07-24,2021-08-21,29,control,0,0.016274445,0,dept_238_closure_2021-07-24,2021-08-22,2021-08,1,1,0.0,124652|238|2021-07-24,-0.2978439528817187,1.9877863437271066
125263,238,2021-07-24,2021-08-21,29,control,0,0.15228313,0,dept_238_closure_2021-07-24,2021-08-22,2021-08,1,1,0.0,125263|238|2021-07-24,-0.1618352678817187,1.9877863437271066
125849,238,2021-07-24,2021-08-21,29,treatment,1,0.088080116,0,dept_238_closure_2021-07-24,2021-08-22,2021-08,1,1,0.0,125849|238|2021-07-24,-0.2260382818817187,1.9877863437271066
125900,238,2021-07-24,2021-08-21,29,treatment,1,0.49594247,0,dept_238_closure_2021-07-24,2021-08-22,2021-08,1,1,0.0,125900|238|2021-07-24,0.18182407211828133,1.9877863437271066
127084,238,2021-07-24,2021-08-21,29,treatment,1,0.9904991,1,dept_238_closure_2021-07-24,2021-08-22,2021-08,1,1,0.10344827586206896,127084|238|2021-07-24,0.6763807021182813,1.9877863437271066
127343,238,2021-07-24,2021-08-21,29,control,0,0.028000902,0,dept_238_closure_2021-07-24,2021-08-22,2021-08,1,1,0.0,127343|238|2021-07-24,-0.2861174958817187,1.9877863437271066
127915,238,2021-07-24,2021-08-21,29,control,0,0.41923964,0,dept_238_closure_2021-07-24,2021-08-22,2021-08,1,1,0.034482758620689655,127915|238|2021-07-24,0.10512124211828133,1.9877863437271066
129219,238,2021-07-24,2021-08-21,29,control,0,0.5226378,1,dept_238_closure_2021-07-24,2021-08-22,2021-08,1,1,0.0,129219|238|2021-07-24,0.20851940211828135,1.9877863437271066
129517,238,2021-07-24,2021-08-21,29,treatment,1,0.59098625,1,dept_238_closure_2021-07-24,2021-08-22,2021-08,1,1,0.0,129517|238|2021-07-24,0.27686785211828135,1.9877863437271066
129945,238,2021-07-24,2021-08-21,29,control,0,0.6101285,1,dept_238_closure_2021-07-24,2021-08-22,2021-08,1,1,0.034482758620689655,129945|238|2021-07-24,0.29601010211828127,1.9877863437271066
130147,238,2021-07-24,2021-08-21,29,control,0,0.09218919,0,dept_238_closure_2021-07-24,2021-08-22,2021-08,1,1,0.0,130147|238|2021-07-24,-0.2219292078817187,1.9877863437271066
130218,238,2021-07-24,2021-08-21,29,treatment,1,0.00940264,0,dept_238_closure_2021-07-24,2021-08-22,2021-08,1,1,0.13793103448275862,130218|238|2021-07-24,-0.3047157578817187,1.9877863437271066
130967,238,2021-07-24,2021-08-21,29,control,0,0.17315479,0,dept_238_closure_2021-07-24,2021-08-22,2021-08,1,1,0.034482758620689655,130967|238|2021-07-24,-0.1409636078817187,1.9877863437271066
133005,238,2021-07-24,2021-08-21,29,control,0,0.75245744,1,dept_238_closure_2021-07-24,2021-08-22,2021-08,1,1,0.034482758620689655,133005|238|2021-07-24,0.43833904211828134,1.9877863437271066
133277,238,2021-07-24,2021-08-21,29,treatment,1,0.8956937,1,dept_238_closure_2021-07-24,2021-08-22,2021-08,1,1,0.034482758620689655,133277|238|2021-07-24,0.5815753021182813,1.9877863437271066
134127,238,2021-07-24,2021-08-21,29,treatment,1,0.98628867,1,dept_238_closure_2021-07-24,2021-08-22,2021-08,1,1,0.034482758620689655,134127|238|2021-07-24,0.6721702721182813,1.9877863437271066
134792,238,2021-07-24,2021-08-21,29,control,0,0.06567476,0,dept_238_closure_2021-07-24,2021-08-22,2021-08,1,1,0.0,134792|238|2021-07-24,-0.2484436378817187,1.9877863437271066
135438,238,2021-07-24,2021-08-21,29,control,0,0.91059,1,dept_238_closure_2021-07-24,2021-08-22,2021-08,1,1,0.10344827586206896,135438|238|2021-07-24,0.5964716021182813,1.9877863437271066
135829,238,2021-07-24,2021-08-21,29,control,0,0.6051677,1,dept_238_closure_2021-07-24,2021-08-22,2021-08,1,1,0.034482758620689655,135829|238|2021-07-24,0.2910493021182813,1.9877863437271066
136012,238,2021-07-24,2021-08-21,29,control,0,0.037066855,0,dept_238_closure_2021-07-24,2021-08-22,2021-08,1,1,0.0,136012|238|2021-07-24,-0.2770515428817187,1.9877863437271066
137177,238,2021-07-24,2021-08-21,29,control,0,0.061012615,0,dept_238_closure_2021-07-24,2021-08-22,2021-08,1,1,0.0,137177|238|2021-07-24,-0.2531057828817187,1.9877863437271066
137191,238,2021-07-24,2021-08-21,29,treatment,1,0.82836753,1,dept_238_closure_2021-07-24,2021-08-22,2021-08,1,1,0.1724137931034483,137191|238|2021-07-24,0.5142491321182813,1.9877863437271066
137829,238,2021-07-24,2021-08-21,29,control,0,0.016556097,0,dept_238_closure_2021-07-24,2021-08-22,2021-08,1,1,0.034482758620689655,137829|238|2021-07-24,-0.2975623008817187,1.9877863437271066
138374,238,2021-07-24,2021-08-21,29,control,0,0.08963488,0,dept_238_closure_2021-07-24,2021-08-22,2021-08,1,1,0.0,138374|238|2021-07-24,-0.2244835178817187,1.9877863437271066
139144,238,2021-07-24,2021-08-21,29,control,0,0.80486435,1,dept_238_closure_2021-07-24,2021-08-22,2021-08,1,1,0.0,139144|238|2021-07-24,0.4907459521182813,1.9877863437271066
139392,238,2021-07-24,2021-08-21,29,control,0,0.47386166,0,dept_238_closure_2021-07-24,2021-08-22,2021-08,1,1,0.0,139392|238|2021-07-24,0.15974326211828133,1.9877863437271066
139731,238,2021-07-24,2021-08-21,29,treatment,1,0.016922908,0,dept_238_closure_2021-07-24,2021-08-22,2021-08,1,1,0.034482758620689655,139731|238|2021-07-24,-0.2971954898817187,1.9877863437271066
140594,238,2021-07-24,2021-08-21,29,treatment,1,0.98916644,1,dept_238_closure_2021-07-24,2021-08-22,2021-08,1,1,0.13793103448275862,140594|238|2021-07-24,0.6750480421182813,1.9877863437271066
140776,238,2021-07-24,2021-08-21,29,treatment,1,0.99988925,1,dept_238_closure_2021-07-24,2021-08-22,2021-08,1,1,0.27586206896551724,140776|238|2021-07-24,0.6857708521182813,1.9877863437271066
141030,238,2021-07-24,2021-08-21,29,control,0,0.34979063,0,dept_238_closure_2021-07-24,2021-08-22,2021-08,1,1,0.0,141030|238|2021-07-24,0.0356722321182813,1.9877863437271066
142040,238,2021-07-24,2021-08-21,29,treatment,1,0.44622386,0,dept_238_closure_2021-07-24,2021-08-22,2021-08,1,1,0.0,142040|238|2021-07-24,0.13210546211828134,1.9877863437271066
142815,238,2021-07-24,2021-08-21,29,control,0,0.6617684,1,dept_238_closure_2021-07-24,2021-08-22,2021-08,1,1,0.0,142815|238|2021-07-24,0.34765000211828134,1.9877863437271066
143520,238,2021-07-24,2021-08-21,29,control,0,0.05514402,0,dept_238_closure_2021-07-24,2021-08-22,2021-08,1,1,0.0,143520|238|2021-07-24,-0.2589743778817187,1.9877863437271066
143931,238,2021-07-24,2021-08-21,29,control,0,0.0138171995,0,dept_238_closure_2021-07-24,2021-08-22,2021-08,1,1,0.034482758620689655,143931|238|2021-07-24,-0.3003011983817187,1.9877863437271066
143953,238,2021-07-24,2021-08-21,29,treatment,1,0.22803596,0,dept_238_closure_2021-07-24,2021-08-22,2021-08,1,1,0.0,143953|238|2021-07-24,-0.08608243788171868,1.9877863437271066
145884,238,2021-07-24,2021-08-21,29,treatment,1,0.95867354,1,dept_238_closure_2021-07-24,2021-08-22,2021-08,1,1,0.0,145884|238|2021-07-24,0.6445551421182814,1.9877863437271066
146275,238,2021-07-24,2021-08-21,29,treatment,1,0.81974924,1,dept_238_closure_2021-07-24,2021-08-22,2021-08,1,1,0.13793103448275862,146275|238|2021-07-24,0.5056308421182814,1.9877863437271066
146618,238,2021-07-24,2021-08-21,29,treatment,1,0.7187453,1,dept_238_closure_2021-07-24,2021-08-22,2021-08,1,1,0.0,146618|238|2021-07-24,0.40462690211828134,1.9877863437271066
147158,238,2021-07-24,2021-08-21,29,control,0,0.10436651,0,dept_238_closure_2021-07-24,2021-08-22,2021-08,1,1,0.0,147158|238|2021-07-24,-0.2097518878817187,1.9877863437271066
147277,238,2021-07-24,2021-08-21,29,treatment,1,0.07304794,0,dept_238_closure_2021-07-24,2021-08-22,2021-08,1,1,0.0,147277|238|2021-07-24,-0.24107045788171869,1.9877863437271066
147334,238,2021-07-24,2021-08-21,29,treatment,1,0.31922248,0,dept_238_closure_2021-07-24,2021-08-22,2021-08,1,1,0.0,147334|238|2021-07-24,0.0051040821182812834,1.9877863437271066
147487,238,2021-07-24,2021-08-21,29,treatment,1,0.0014639231,0,dept_238_closure_2021-07-24,2021-08-22,2021-08,1,1,0.10344827586206896,147487|238|2021-07-24,-0.3126544747817187,1.9877863437271066
148346,238,2021-07-24,2021-08-21,29,control,0,0.50318015,1,dept_238_closure_2021-07-24,2021-08-22,2021-08,1,1,0.0,148346|238|2021-07-24,0.18906175211828136,1.9877863437271066
148554,238,2021-07-24,2021-08-21,29,control,0,0.5965682,1,dept_238_closure_2021-07-24,2021-08-22,2021-08,1,1,0.06896551724137931,148554|238|2021-07-24,0.2824498021182813,1.9877863437271066
149654,238,2021-07-24,2021-08-21,29,control,0,0.95315886,1,dept_238_closure_2021-07-24,2021-08-22,2021-08,1,1,0.06896551724137931,149654|238|2021-07-24,0.6390404621182814,1.9877863437271066
150197,238,2021-07-24,2021-08-21,29,control,0,0.11128423,0,dept_238_closure_2021-07-24,2021-08-22,2021-08,1,1,0.0,150197|238|2021-07-24,-0.2028341678817187,1.9877863437271066
150474,238,2021-07-24,2021-08-21,29,control,0,0.99910337,1,dept_238_closure_2021-07-24,2021-08-22,2021-08,1,1,0.3103448275862069,150474|238|2021-07-24,0.6849849721182814,1.9877863437271066
151681,238,2021-07-24,2021-08-21,29,control,0,0.73714083,1,dept_238_closure_2021-07-24,2021-08-22,2021-08,1,1,0.0,151681|238|2021-07-24,0.4230224321182813,1.9877863437271066
152105,238,2021-07-24,2021-08-21,29,treatment,1,0.8054631,1,dept_238_closure_2021-07-24,2021-08-22,2021-08,1,1,0.034482758620689655,152105|238|2021-07-24,0.4913447021182813,1.9877863437271066
152430,238,2021-07-24,2021-08-21,29,control,0,0.85542107,1,dept_238_closure_2021-07-24,2021-08-22,2021-08,1,1,0.13793103448275862,152430|238|2021-07-24,0.5413026721182813,1.9877863437271066
152585,238,2021-07-24,2021-08-21,29,control,0,0.054296535,0,dept_238_closure_2021-07-24,2021-08-22,2021-08,1,1,0.0,152585|238|2021-07-24,-0.2598218628817187,1.9877863437271066
153142,238,2021-07-24,2021-08-21,29,control,0,0.47258815,0,dept_238_closure_2021-07-24,2021-08-22,2021-08,1,1,0.0,153142|238|2021-07-24,0.1584697521182813,1.9877863437271066
153867,238,2021-07-24,2021-08-21,29,treatment,1,0.74841386,1,dept_238_closure_2021-07-24,2021-08-22,2021-08,1,1,0.06896551724137931,153867|238|2021-07-24,0.4342954621182813,1.9877863437271066
154061,238,2021-07-24,2021-08-21,29,control,0,0.92846745,1,dept_238_closure_2021-07-24,2021-08-22,2021-08,1,1,0.20689655172413793,154061|238|2021-07-24,0.6143490521182813,1.9877863437271066
154877,238,2021-07-24,2021-08-21,29,treatment,1,0.99895215,1,dept_238_closure_2021-07-24,2021-08-22,2021-08,1,1,0.13793103448275862,154877|238|2021-07-24,0.6848337521182813,1.9877863437271066
155273,238,2021-07-24,2021-08-21,29,treatment,1,0.6291761,1,dept_238_closure_2021-07-24,2021-08-22,2021-08,1,1,0.0,155273|238|2021-07-24,0.3150577021182813,1.9877863437271066
155996,238,2021-07-24,2021-08-21,29,control,0,0.84372485,1,dept_238_closure_2021-07-24,2021-08-22,2021-08,1,1,0.06896551724137931,155996|238|2021-07-24,0.5296064521182813,1.9877863437271066
156071,238,2021-07-24,2021-08-21,29,control,0,0.05025744,0,dept_238_closure_2021-07-24,2021-08-22,2021-08,1,1,0.0,156071|238|2021-07-24,-0.2638609578817187,1.9877863437271066
156126,238,2021-07-24,2021-08-21,29,control,0,0.30299306,0,dept_238_closure_2021-07-24,2021-08-22,2021-08,1,1,0.06896551724137931,156126|238|2021-07-24,-0.011125337881718711,1.9877863437271066
156642,238,2021-07-24,2021-08-21,29,control,0,0.97692686,1,dept_238_closure_2021-07-24,2021-08-22,2021-08,1,1,0.1724137931034483,156642|238|2021-07-24,0.6628084621182813,1.9877863437271066
156833,238,2021-07-24,2021-08-21,29,treatment,1,0.12113757,0,dept_238_closure_2021-07-24,2021-08-22,2021-08,1,1,0.0,156833|238|2021-07-24,-0.1929808278817187,1.9877863437271066
157397,238,2021-07-24,2021-08-21,29,control,0,0.028999709,0,dept_238_closure_2021-07-24,2021-08-22,2021-08,1,1,0.0,157397|238|2021-07-24,-0.2851186888817187,1.9877863437271066
158042,238,2021-07-24,2021-08-21,29,control,0,0.36526307,0,dept_238_closure_2021-07-24,2021-08-22,2021-08,1,1,0.06896551724137931,158042|238|2021-07-24,0.05114467211828133,1.9877863437271066
158091,238,2021-07-24,2021-08-21,29,control,0,0.003798833,0,dept_238_closure_2021-07-24,2021-08-22,2021-08,1,1,0.0,158091|238|2021-07-24,-0.3103195648817187,1.9877863437271066
158251,238,2021-07-24,2021-08-21,29,treatment,1,0.85317445,1,dept_238_closure_2021-07-24,2021-08-22,2021-08,1,1,0.034482758620689655,158251|238|2021-07-24,0.5390560521182813,1.9877863437271066
158730,238,2021-07-24,2021-08-21,29,control,0,0.15006275,0,dept_238_closure_2021-07-24,2021-08-22,2021-08,1,1,0.0,158730|238|2021-07-24,-0.1640556478817187,1.9877863437271066
159174,238,2021-07-24,2021-08-21,29,treatment,1,0.2094406,0,dept_238_closure_2021-07-24,2021-08-22,2021-08,1,1,0.0,159174|238|2021-07-24,-0.10467779788171869,1.9877863437271066
159778,238,2021-07-24,2021-08-21,29,control,0,0.005251503,0,dept_238_closure_2021-07-24,2021-08-22,2021-08,1,1,0.0,159778|238|2021-07-24,-0.3088668948817187,1.9877863437271066
160596,238,2021-07-24,2021-08-21,29,control,0,0.85220236,1,dept_238_closure_2021-07-24,2021-08-22,2021-08,1,1,0.10344827586206896,160596|238|2021-07-24,0.5380839621182814,1.9877863437271066
161177,238,2021-07-24,2021-08-21,29,control,0,0.016162349,0,dept_238_closure_2021-07-24,2021-08-22,2021-08,1,1,0.0,161177|238|2021-07-24,-0.29795604888171867,1.9877863437271066
161254,238,2021-07-24,2021-08-21,29,treatment,1,0.032318845,0,dept_238_closure_2021-07-24,2021-08-22,2021-08,1,1,0.0,161254|238|2021-07-24,-0.2817995528817187,1.9877863437271066
162837,238,2021-07-24,2021-08-21,29,control,0,0.23816015,0,dept_238_closure_2021-07-24,2021-08-22,2021-08,1,1,0.034482758620689655,162837|238|2021-07-24,-0.0759582478817187,1.9877863437271066
163427,238,2021-07-24,2021-08-21,29,treatment,1,0.014247959,0,dept_238_closure_2021-07-24,2021-08-22,2021-08,1,1,0.0,163427|238|2021-07-24,-0.2998704388817187,1.9877863437271066
163735,238,2021-07-24,2021-08-21,29,treatment,1,0.28704524,0,dept_238_closure_2021-07-24,2021-08-22,2021-08,1,1,0.0,163735|238|2021-07-24,-0.027073157881718712,1.9877863437271066
163904,238,2021-07-24,2021-08-21,29,control,0,0.027682787,0,dept_238_closure_2021-07-24,2021-08-22,2021-08,1,1,0.0,163904|238|2021-07-24,-0.2864356108817187,1.9877863437271066
164861,238,2021-07-24,2021-08-21,29,control,0,0.57708335,1,dept_238_closure_2021-07-24,2021-08-22,2021-08,1,1,0.0,164861|238|2021-07-24,0.2629649521182813,1.9877863437271066
166176,238,2021-07-24,2021-08-21,29,control,0,0.007960556,0,dept_238_closure_2021-07-24,2021-08-22,2021-08,1,1,0.0,166176|238|2021-07-24,-0.3061578418817187,1.9877863437271066
166186,238,2021-07-24,2021-08-21,29,control,0,0.11156892,0,dept_238_closure_2021-07-24,2021-08-22,2021-08,1,1,0.0,166186|238|2021-07-24,-0.20254947788171868,1.9877863437271066
166821,238,2021-07-24,2021-08-21,29,control,0,0.014108949,0,dept_238_closure_2021-07-24,2021-08-22,2021-08,1,1,0.034482758620689655,166821|238|2021-07-24,-0.3000094488817187,1.9877863437271066
166977,238,2021-07-24,2021-08-21,29,treatment,1,0.010112143,0,dept_238_closure_2021-07-24,2021-08-22,2021-08,1,1,0.0,166977|238|2021-07-24,-0.3040062548817187,1.9877863437271066
167155,238,2021-07-24,2021-08-21,29,control,0,0.060048524,0,dept_238_closure_2021-07-24,2021-08-22,2021-08,1,1,0.0,167155|238|2021-07-24,-0.2540698738817187,1.9877863437271066
167509,238,2021-07-24,2021-08-21,29,treatment,1,0.18234406,0,dept_238_closure_2021-07-24,2021-08-22,2021-08,1,1,0.0,167509|238|2021-07-24,-0.1317743378817187,1.9877863437271066
167525,238,2021-07-24,2021-08-21,29,treatment,1,0.17353508,0,dept_238_closure_2021-07-24,2021-08-22,2021-08,1,1,0.0,167525|238|2021-07-24,-0.14058331788171868,1.9877863437271066
168817,238,2021-07-24,2021-08-21,29,control,0,0.30560115,0,dept_238_closure_2021-07-24,2021-08-22,2021-08,1,1,0.0,168817|238|2021-07-24,-0.008517247881718704,1.9877863437271066
169252,238,2021-07-24,2021-08-21,29,treatment,1,0.06172143,0,dept_238_closure_2021-07-24,2021-08-22,2021-08,1,1,0.0,169252|238|2021-07-24,-0.25239696788171867,1.9877863437271066
170646,238,2021-07-24,2021-08-21,29,treatment,1,0.015385548,0,dept_238_closure_2021-07-24,2021-08-22,2021-08,1,1,0.0,170646|238|2021-07-24,-0.29873284988171867,1.9877863437271066
170739,238,2021-07-24,2021-08-21,29,control,0,0.11841269,0,dept_238_closure_2021-07-24,2021-08-22,2021-08,1,1,0.0,170739|238|2021-07-24,-0.1957057078817187,1.9877863437271066
170791,238,2021-07-24,2021-08-21,29,control,0,0.21908425,0,dept_238_closure_2021-07-24,2021-08-22,2021-08,1,1,0.0,170791|238|2021-07-24,-0.09503414788171868,1.9877863437271066
171127,238,2021-07-24,2021-08-21,29,treatment,1,0.17691763,0,dept_238_closure_2021-07-24,2021-08-22,2021-08,1,1,0.0,171127|238|2021-07-24,-0.1372007678817187,1.9877863437271066
171743,238,2021-07-24,2021-08-21,29,control,0,0.9868837,1,dept_238_closure_2021-07-24,2021-08-22,2021-08,1,1,0.0,171743|238|2021-07-24,0.6727653021182813,1.9877863437271066
171963,238,2021-07-24,2021-08-21,29,control,0,0.011484961,0,dept_238_closure_2021-07-24,2021-08-22,2021-08,1,1,0.0,171963|238|2021-07-24,-0.3026334368817187,1.9877863437271066
172168,238,2021-07-24,2021-08-21,29,control,0,0.98242813,1,dept_238_closure_2021-07-24,2021-08-22,2021-08,1,1,0.10344827586206896,172168|238|2021-07-24,0.6683097321182813,1.9877863437271066
172318,238,2021-07-24,2021-08-21,29,control,0,0.046802863,0,dept_238_closure_2021-07-24,2021-08-22,2021-08,1,1,0.0,172318|238|2021-07-24,-0.26731553488171866,1.9877863437271066
172479,238,2021-07-24,2021-08-21,29,control,0,0.89112693,1,dept_238_closure_2021-07-24,2021-08-22,2021-08,1,1,0.06896551724137931,172479|238|2021-07-24,0.5770085321182813,1.9877863437271066
174537,238,2021-07-24,2021-08-21,29,control,0,0.010436943,0,dept_238_closure_2021-07-24,2021-08-22,2021-08,1,1,0.0,174537|238|2021-07-24,-0.3036814548817187,1.9877863437271066
174905,238,2021-07-24,2021-08-21,29,control,0,0.044888273,0,dept_238_closure_2021-07-24,2021-08-22,2021-08,1,1,0.0,174905|238|2021-07-24,-0.2692301248817187,1.9877863437271066
176039,238,2021-07-24,2021-08-21,29,control,0,0.20520833,0,dept_238_closure_2021-07-24,2021-08-22,2021-08,1,1,0.0,176039|238|2021-07-24,-0.1089100678817187,1.9877863437271066
176214,238,2021-07-24,2021-08-21,29,treatment,1,0.47506568,0,dept_238_closure_2021-07-24,2021-08-22,2021-08,1,1,0.0,176214|238|2021-07-24,0.1609472821182813,1.9877863437271066
176835,238,2021-07-24,2021-08-21,29,control,0,0.01580074,0,dept_238_closure_2021-07-24,2021-08-22,2021-08,1,1,0.0,176835|238|2021-07-24,-0.2983176578817187,1.9877863437271066
177414,238,2021-07-24,2021-08-21,29,control,0,0.9612298,1,dept_238_closure_2021-07-24,2021-08-22,2021-08,1,1,0.034482758620689655,177414|238|2021-07-24,0.6471114021182813,1.9877863437271066
177743,238,2021-07-24,2021-08-21,29,treatment,1,0.9917971,1,dept_238_closure_2021-07-24,2021-08-22,2021-08,1,1,0.06896551724137931,177743|238|2021-07-24,0.6776787021182813,1.9877863437271066
178617,238,2021-07-24,2021-08-21,29,control,0,0.9559322,1,dept_238_closure_2021-07-24,2021-08-22,2021-08,1,1,0.034482758620689655,178617|238|2021-07-24,0.6418138021182813,1.9877863437271066
179793,238,2021-07-24,2021-08-21,29,treatment,1,0.034838796,0,dept_238_closure_2021-07-24,2021-08-22,2021-08,1,1,0.0,179793|238|2021-07-24,-0.2792796018817187,1.9877863437271066
179835,238,2021-07-24,2021-08-21,29,control,0,0.9977533,1,dept_238_closure_2021-07-24,2021-08-22,2021-08,1,1,0.3793103448275862,179835|238|2021-07-24,0.6836349021182813,1.9877863437271066
180265,238,2021-07-24,2021-08-21,29,control,0,0.06262349,0,dept_238_closure_2021-07-24,2021-08-22,2021-08,1,1,0.0,180265|238|2021-07-24,-0.2514949078817187,1.9877863437271066
180412,238,2021-07-24,2021-08-21,29,control,0,0.9952478,1,dept_238_closure_2021-07-24,2021-08-22,2021-08,1,1,0.13793103448275862,180412|238|2021-07-24,0.6811294021182813,1.9877863437271066
180421,238,2021-07-24,2021-08-21,29,treatment,1,0.014987382,0,dept_238_closure_2021-07-24,2021-08-22,2021-08,1,1,0.0,180421|238|2021-07-24,-0.2991310158817187,1.9877863437271066
180927,238,2021-07-24,2021-08-21,29,control,0,0.057886433,0,dept_238_closure_2021-07-24,2021-08-22,2021-08,1,1,0.034482758620689655,180927|238|2021-07-24,-0.2562319648817187,1.9877863437271066
182254,238,2021-07-24,2021-08-21,29,control,0,0.8638478,1,dept_238_closure_2021-07-24,2021-08-22,2021-08,1,1,0.0,182254|238|2021-07-24,0.5497294021182814,1.9877863437271066
182370,238,2021-07-24,2021-08-21,29,control,0,0.7944765,1,dept_238_closure_2021-07-24,2021-08-22,2021-08,1,1,0.10344827586206896,182370|238|2021-07-24,0.48035810211828134,1.9877863437271066
182455,238,2021-07-24,2021-08-21,29,control,0,0.004884836,0,dept_238_closure_2021-07-24,2021-08-22,2021-08,1,1,0.0,182455|238|2021-07-24,-0.3092335618817187,1.9877863437271066
182793,238,2021-07-24,2021-08-21,29,control,0,0.9658036,1,dept_238_closure_2021-07-24,2021-08-22,2021-08,1,1,0.06896551724137931,182793|238|2021-07-24,0.6516852021182813,1.9877863437271066
183637,238,2021-07-24,2021-08-21,29,control,0,0.06021884,0,dept_238_closure_2021-07-24,2021-08-22,2021-08,1,1,0.0,183637|238|2021-07-24,-0.2538995578817187,1.9877863437271066
185496,238,2021-07-24,2021-08-21,29,control,0,0.94450605,1,dept_238_closure_2021-07-24,2021-08-22,2021-08,1,1,0.0,185496|238|2021-07-24,0.6303876521182813,1.9877863437271066
185865,238,2021-07-24,2021-08-21,29,treatment,1,0.92272335,1,dept_238_closure_2021-07-24,2021-08-22,2021-08,1,1,0.0,185865|238|2021-07-24,0.6086049521182814,1.9877863437271066
186134,238,2021-07-24,2021-08-21,29,treatment,1,0.023888662,0,dept_238_closure_2021-07-24,2021-08-22,2021-08,1,1,0.0,186134|238|2021-07-24,-0.2902297358817187,1.9877863437271066
187311,238,2021-07-24,2021-08-21,29,control,0,0.9130525,1,dept_238_closure_2021-07-24,2021-08-22,2021-08,1,1,0.0,187311|238|2021-07-24,0.5989341021182814,1.9877863437271066
189819,238,2021-07-24,2021-08-21,29,treatment,1,0.017647224,0,dept_238_closure_2021-07-24,2021-08-22,2021-08,1,1,0.0,189819|238|2021-07-24,-0.2964711738817187,1.9877863437271066
190354,238,2021-07-24,2021-08-21,29,treatment,1,0.045077648,0,dept_238_closure_2021-07-24,2021-08-22,2021-08,1,1,0.034482758620689655,190354|238|2021-07-24,-0.26904074988171867,1.9877863437271066
191160,238,2021-07-24,2021-08-21,29,treatment,1,0.882155,1,dept_238_closure_2021-07-24,2021-08-22,2021-08,1,1,0.034482758620689655,191160|238|2021-07-24,0.5680366021182813,1.9877863437271066
191700,238,2021-07-24,2021-08-21,29,treatment,1,0.66244066,1,dept_238_closure_2021-07-24,2021-08-22,2021-08,1,1,0.034482758620689655,191700|238|2021-07-24,0.3483222621182813,1.9877863437271066
194563,238,2021-07-24,2021-08-21,29,control,0,0.99852544,1,dept_238_closure_2021-07-24,2021-08-22,2021-08,1,1,0.3793103448275862,194563|238|2021-07-24,0.6844070421182813,1.9877863437271066
195473,238,2021-07-24,2021-08-21,29,treatment,1,0.99419385,1,dept_238_closure_2021-07-24,2021-08-22,2021-08,1,1,0.2413793103448276,195473|238|2021-07-24,0.6800754521182814,1.9877863437271066
195822,238,2021-07-24,2021-08-21,29,control,0,0.19805992,0,dept_238_closure_2021-07-24,2021-08-22,2021-08,1,1,0.0,195822|238|2021-07-24,-0.11605847788171869,1.9877863437271066
196233,238,2021-07-24,2021-08-21,29,treatment,1,0.12738118,0,dept_238_closure_2021-07-24,2021-08-22,2021-08,1,1,0.10344827586206896,196233|238|2021-07-24,-0.18673721788171868,1.9877863437271066
197347,238,2021-07-24,2021-08-21,29,treatment,1,0.006435697,0,dept_238_closure_2021-07-24,2021-08-22,2021-08,1,1,0.10344827586206896,197347|238|2021-07-24,-0.3076827008817187,1.9877863437271066
197657,238,2021-07-24,2021-08-21,29,control,0,0.017188264,0,dept_238_closure_2021-07-24,2021-08-22,2021-08,1,1,0.06896551724137931,197657|238|2021-07-24,-0.2969301338817187,1.9877863437271066
198687,238,2021-07-24,2021-08-21,29,control,0,0.105831206,0,dept_238_closure_2021-07-24,2021-08-22,2021-08,1,1,0.0,198687|238|2021-07-24,-0.20828719188171868,1.9877863437271066
198740,238,2021-07-24,2021-08-21,29,treatment,1,0.3316287,0,dept_238_closure_2021-07-24,2021-08-22,2021-08,1,1,0.034482758620689655,198740|238|2021-07-24,0.017510302118281307,1.9877863437271066
201519,238,2021-07-24,2021-08-21,29,control,0,0.004527387,0,dept_238_closure_2021-07-24,2021-08-22,2021-08,1,1,0.2413793103448276,201519|238|2021-07-24,-0.3095910108817187,1.9877863437271066
201828,238,2021-07-24,2021-08-21,29,treatment,1,0.9962004,1,dept_238_closure_2021-07-24,2021-08-22,2021-08,1,1,0.6206896551724138,201828|238|2021-07-24,0.6820820021182813,1.9877863437271066
202155,238,2021-07-24,2021-08-21,29,control,0,0.023211468,0,dept_238_closure_2021-07-24,2021-08-22,2021-08,1,1,0.0,202155|238|2021-07-24,-0.2909069298817187,1.9877863437271066
202492,238,2021-07-24,2021-08-21,29,treatment,1,0.012752637,0,dept_238_closure_2021-07-24,2021-08-22,2021-08,1,1,0.0,202492|238|2021-07-24,-0.3013657608817187,1.9877863437271066
202546,238,2021-07-24,2021-08-21,29,control,0,0.056019533,0,dept_238_closure_2021-07-24,2021-08-22,2021-08,1,1,0.0,202546|238|2021-07-24,-0.2580988648817187,1.9877863437271066
202796,238,2021-07-24,2021-08-21,29,treatment,1,0.022597872,0,dept_238_closure_2021-07-24,2021-08-22,2021-08,1,1,0.0,202796|238|2021-07-24,-0.2915205258817187,1.9877863437271066
203395,238,2021-07-24,2021-08-21,29,control,0,0.7431544,1,dept_238_closure_2021-07-24,2021-08-22,2021-08,1,1,0.1724137931034483,203395|238|2021-07-24,0.4290360021182813,1.9877863437271066
203778,238,2021-07-24,2021-08-21,29,treatment,1,0.7911369,1,dept_238_closure_2021-07-24,2021-08-22,2021-08,1,1,0.06896551724137931,203778|238|2021-07-24,0.47701850211828134,1.9877863437271066
204321,238,2021-07-24,2021-08-21,29,control,0,0.7427248,1,dept_238_closure_2021-07-24,2021-08-22,2021-08,1,1,0.10344827586206896,204321|238|2021-07-24,0.42860640211828127,1.9877863437271066
204540,238,2021-07-24,2021-08-21,29,treatment,1,0.03927224,0,dept_238_closure_2021-07-24,2021-08-22,2021-08,1,1,0.034482758620689655,204540|238|2021-07-24,-0.2748461578817187,1.9877863437271066
205301,238,2021-07-24,2021-08-21,29,control,0,0.19707404,0,dept_238_closure_2021-07-24,2021-08-22,2021-08,1,1,0.0,205301|238|2021-07-24,-0.11704435788171869,1.9877863437271066
206374,238,2021-07-24,2021-08-21,29,control,0,0.8684529,1,dept_238_closure_2021-07-24,2021-08-22,2021-08,1,1,0.034482758620689655,206374|238|2021-07-24,0.5543345021182813,1.9877863437271066
206478,238,2021-07-24,2021-08-21,29,control,0,0.26334488,0,dept_238_closure_2021-07-24,2021-08-22,2021-08,1,1,0.0,206478|238|2021-07-24,-0.05077351788171869,1.9877863437271066
207418,238,2021-07-24,2021-08-21,29,treatment,1,0.45822325,0,dept_238_closure_2021-07-24,2021-08-22,2021-08,1,1,0.0,207418|238|2021-07-24,0.14410485211828133,1.9877863437271066
207498,238,2021-07-24,2021-08-21,29,treatment,1,0.89214164,1,dept_238_closure_2021-07-24,2021-08-22,2021-08,1,1,0.034482758620689655,207498|238|2021-07-24,0.5780232421182813,1.9877863437271066
207757,238,2021-07-24,2021-08-21,29,control,0,0.37623373,0,dept_238_closure_2021-07-24,2021-08-22,2021-08,1,1,0.06896551724137931,207757|238|2021-07-24,0.0621153321182813,1.9877863437271066
207865,238,2021-07-24,2021-08-21,29,control,0,0.026615852,0,dept_238_closure_2021-07-24,2021-08-22,2021-08,1,1,0.0,207865|238|2021-07-24,-0.2875025458817187,1.9877863437271066
208205,238,2021-07-24,2021-08-21,29,control,0,0.9580566,1,dept_238_closure_2021-07-24,2021-08-22,2021-08,1,1,0.0,208205|238|2021-07-24,0.6439382021182813,1.9877863437271066
208260,238,2021-07-24,2021-08-21,29,treatment,1,0.4703005,0,dept_238_closure_2021-07-24,2021-08-22,2021-08,1,1,0.13793103448275862,208260|238|2021-07-24,0.15618210211828132,1.9877863437271066
208369,238,2021-07-24,2021-08-21,29,control,0,0.6107995,1,dept_238_closure_2021-07-24,2021-08-22,2021-08,1,1,0.0,208369|238|2021-07-24,0.29668110211828136,1.9877863437271066
209328,238,2021-07-24,2021-08-21,29,treatment,1,0.9333053,1,dept_238_closure_2021-07-24,2021-08-22,2021-08,1,1,0.06896551724137931,209328|238|2021-07-24,0.6191869021182813,1.9877863437271066
209939,238,2021-07-24,2021-08-21,29,treatment,1,0.6019815,1,dept_238_closure_2021-07-24,2021-08-22,2021-08,1,1,0.0,209939|238|2021-07-24,0.28786310211828126,1.9877863437271066
210534,238,2021-07-24,2021-08-21,29,treatment,1,0.68183404,1,dept_238_closure_2021-07-24,2021-08-22,2021-08,1,1,0.06896551724137931,210534|238|2021-07-24,0.36771564211828134,1.9877863437271066
210614,238,2021-07-24,2021-08-21,29,treatment,1,0.9460149,1,dept_238_closure_2021-07-24,2021-08-22,2021-08,1,1,0.0,210614|238|2021-07-24,0.6318965021182813,1.9877863437271066
210778,238,2021-07-24,2021-08-21,29,control,0,0.004589945,0,dept_238_closure_2021-07-24,2021-08-22,2021-08,1,1,0.6551724137931034,210778|238|2021-07-24,-0.3095284528817187,1.9877863437271066
211129,238,2021-07-24,2021-08-21,29,control,0,0.049049757,0,dept_238_closure_2021-07-24,2021-08-22,2021-08,1,1,0.034482758620689655,211129|238|2021-07-24,-0.26506864088171866,1.9877863437271066
211175,238,2021-07-24,2021-08-21,29,control,0,0.23142791,0,dept_238_closure_2021-07-24,2021-08-22,2021-08,1,1,0.0,211175|238|2021-07-24,-0.0826904878817187,1.9877863437271066
211210,238,2021-07-24,2021-08-21,29,control,0,0.0062785004,0,dept_238_closure_2021-07-24,2021-08-22,2021-08,1,1,0.0,211210|238|2021-07-24,-0.3078398974817187,1.9877863437271066
211272,238,2021-07-24,2021-08-21,29,treatment,1,0.9863318,1,dept_238_closure_2021-07-24,2021-08-22,2021-08,1,1,0.2413793103448276,211272|238|2021-07-24,0.6722134021182813,1.9877863437271066
211949,238,2021-07-24,2021-08-21,29,control,0,0.94355214,1,dept_238_closure_2021-07-24,2021-08-22,2021-08,1,1,0.034482758620689655,211949|238|2021-07-24,0.6294337421182813,1.9877863437271066
212454,238,2021-07-24,2021-08-21,29,control,0,0.085657276,0,dept_238_closure_2021-07-24,2021-08-22,2021-08,1,1,0.0,212454|238|2021-07-24,-0.2284611218817187,1.9877863437271066
212870,238,2021-07-24,2021-08-21,29,control,0,0.102061,0,dept_238_closure_2021-07-24,2021-08-22,2021-08,1,1,0.06896551724137931,212870|238|2021-07-24,-0.21205739788171868,1.9877863437271066
213247,238,2021-07-24,2021-08-21,29,control,0,0.8856326,1,dept_238_closure_2021-07-24,2021-08-22,2021-08,1,1,0.0,213247|238|2021-07-24,0.5715142021182813,1.9877863437271066
213614,238,2021-07-24,2021-08-21,29,control,0,0.046622995,0,dept_238_closure_2021-07-24,2021-08-22,2021-08,1,1,0.0,213614|238|2021-07-24,-0.2674954028817187,1.9877863437271066
214224,238,2021-07-24,2021-08-21,29,treatment,1,0.7794734,1,dept_238_closure_2021-07-24,2021-08-22,2021-08,1,1,0.034482758620689655,214224|238|2021-07-24,0.4653550021182813,1.9877863437271066
214507,238,2021-07-24,2021-08-21,29,treatment,1,0.12435753,0,dept_238_closure_2021-07-24,2021-08-22,2021-08,1,1,0.0,214507|238|2021-07-24,-0.1897608678817187,1.9877863437271066
214846,238,2021-07-24,2021-08-21,29,control,0,0.8014051,1,dept_238_closure_2021-07-24,2021-08-22,2021-08,1,1,0.06896551724137931,214846|238|2021-07-24,0.4872867021182813,1.9877863437271066
216198,238,2021-07-24,2021-08-21,29,treatment,1,0.17528743,0,dept_238_closure_2021-07-24,2021-08-22,2021-08,1,1,0.034482758620689655,216198|238|2021-07-24,-0.1388309678817187,1.9877863437271066
216361,238,2021-07-24,2021-08-21,29,control,0,0.8829268,1,dept_238_closure_2021-07-24,2021-08-22,2021-08,1,1,0.06896551724137931,216361|238|2021-07-24,0.5688084021182813,1.9877863437271066
216836,238,2021-07-24,2021-08-21,29,control,0,0.6784372,1,dept_238_closure_2021-07-24,2021-08-22,2021-08,1,1,0.10344827586206896,216836|238|2021-07-24,0.36431880211828127,1.9877863437271066
218890,238,2021-07-24,2021-08-21,29,control,0,0.6213552,1,dept_238_closure_2021-07-24,2021-08-22,2021-08,1,1,0.034482758620689655,218890|238|2021-07-24,0.3072368021182813,1.9877863437271066
219374,238,2021-07-24,2021-08-21,29,treatment,1,0.11768505,0,dept_238_closure_2021-07-24,2021-08-22,2021-08,1,1,0.0,219374|238|2021-07-24,-0.19643334788171868,1.9877863437271066
220013,238,2021-07-24,2021-08-21,29,control,0,0.12095851,0,dept_238_closure_2021-07-24,2021-08-22,2021-08,1,1,0.0,220013|238|2021-07-24,-0.19315988788171867,1.9877863437271066
221170,238,2021-07-24,2021-08-21,29,treatment,1,0.9994142,1,dept_238_closure_2021-07-24,2021-08-22,2021-08,1,1,0.41379310344827586,221170|238|2021-07-24,0.6852958021182813,1.9877863437271066
221230,238,2021-07-24,2021-08-21,29,treatment,1,0.02627302,0,dept_238_closure_2021-07-24,2021-08-22,2021-08,1,1,0.0,221230|238|2021-07-24,-0.2878453778817187,1.9877863437271066
221848,238,2021-07-24,2021-08-21,29,control,0,0.06696771,0,dept_238_closure_2021-07-24,2021-08-22,2021-08,1,1,0.0,221848|238|2021-07-24,-0.24715068788171868,1.9877863437271066
223202,238,2021-07-24,2021-08-21,29,control,0,0.97768676,1,dept_238_closure_2021-07-24,2021-08-22,2021-08,1,1,0.0,223202|238|2021-07-24,0.6635683621182813,1.9877863437271066
223240,238,2021-07-24,2021-08-21,29,treatment,1,0.21662095,0,dept_238_closure_2021-07-24,2021-08-22,2021-08,1,1,0.0,223240|238|2021-07-24,-0.09749744788171869,1.9877863437271066
223802,238,2021-07-24,2021-08-21,29,treatment,1,0.032265842,0,dept_238_closure_2021-07-24,2021-08-22,2021-08,1,1,0.0,223802|238|2021-07-24,-0.2818525558817187,1.9877863437271066
223838,238,2021-07-24,2021-08-21,29,treatment,1,0.024926847,0,dept_238_closure_2021-07-24,2021-08-22,2021-08,1,1,0.0,223838|238|2021-07-24,-0.2891915508817187,1.9877863437271066
223909,238,2021-07-24,2021-08-21,29,control,0,0.94228125,1,dept_238_closure_2021-07-24,2021-08-22,2021-08,1,1,0.0,223909|238|2021-07-24,0.6281628521182813,1.9877863437271066
223998,238,2021-07-24,2021-08-21,29,control,0,0.13279681,0,dept_238_closure_2021-07-24,2021-08-22,2021-08,1,1,0.0,223998|238|2021-07-24,-0.1813215878817187,1.9877863437271066
224418,238,2021-07-24,2021-08-21,29,control,0,0.90965194,1,dept_238_closure_2021-07-24,2021-08-22,2021-08,1,1,0.0,224418|238|2021-07-24,0.5955335421182814,1.9877863437271066
224435,238,2021-07-24,2021-08-21,29,control,0,0.9383808,1,dept_238_closure_2021-07-24,2021-08-22,2021-08,1,1,0.3448275862068966,224435|238|2021-07-24,0.6242624021182813,1.9877863437271066
224957,238,2021-07-24,2021-08-21,29,control,0,0.07863744,0,dept_238_closure_2021-07-24,2021-08-22,2021-08,1,1,0.0,224957|238|2021-07-24,-0.2354809578817187,1.9877863437271066
225009,238,2021-07-24,2021-08-21,29,treatment,1,0.0175647,0,dept_238_closure_2021-07-24,2021-08-22,2021-08,1,1,0.0,225009|238|2021-07-24,-0.2965536978817187,1.9877863437271066
225111,238,2021-07-24,2021-08-21,29,control,0,0.114830606,0,dept_238_closure_2021-07-24,2021-08-22,2021-08,1,1,0.0,225111|238|2021-07-24,-0.1992877918817187,1.9877863437271066
225123,238,2021-07-24,2021-08-21,29,treatment,1,0.78738284,1,dept_238_closure_2021-07-24,2021-08-22,2021-08,1,1,0.0,225123|238|2021-07-24,0.47326444211828134,1.9877863437271066
226323,238,2021-07-24,2021-08-21,29,control,0,0.010016763,0,dept_238_closure_2021-07-24,2021-08-22,2021-08,1,1,0.034482758620689655,226323|238|2021-07-24,-0.3041016348817187,1.9877863437271066
227629,238,2021-07-24,2021-08-21,29,treatment,1,0.39609575,0,dept_238_closure_2021-07-24,2021-08-22,2021-08,1,1,0.0,227629|238|2021-07-24,0.08197735211828133,1.9877863437271066
227715,238,2021-07-24,2021-08-21,29,control,0,0.95750004,1,dept_238_closure_2021-07-24,2021-08-22,2021-08,1,1,0.06896551724137931,227715|238|2021-07-24,0.6433816421182813,1.9877863437271066
229024,238,2021-07-24,2021-08-21,29,treatment,1,0.5032565,1,dept_238_closure_2021-07-24,2021-08-22,2021-08,1,1,0.41379310344827586,229024|238|2021-07-24,0.1891381021182813,1.9877863437271066
229394,238,2021-07-24,2021-08-21,29,control,0,0.083882764,0,dept_238_closure_2021-07-24,2021-08-22,2021-08,1,1,0.0,229394|238|2021-07-24,-0.2302356338817187,1.9877863437271066
229536,238,2021-07-24,2021-08-21,29,control,0,0.020485086,0,dept_238_closure_2021-07-24,2021-08-22,2021-08,1,1,0.0,229536|238|2021-07-24,-0.2936333118817187,1.9877863437271066
230664,238,2021-07-24,2021-08-21,29,treatment,1,0.010239904,0,dept_238_closure_2021-07-24,2021-08-22,2021-08,1,1,0.0,230664|238|2021-07-24,-0.30387849388171867,1.9877863437271066
230870,238,2021-07-24,2021-08-21,29,treatment,1,0.33926156,0,dept_238_closure_2021-07-24,2021-08-22,2021-08,1,1,0.06896551724137931,230870|238|2021-07-24,0.025143162118281326,1.9877863437271066
231385,238,2021-07-24,2021-08-21,29,control,0,0.013437557,0,dept_238_closure_2021-07-24,2021-08-22,2021-08,1,1,0.0,231385|238|2021-07-24,-0.3006808408817187,1.9877863437271066
231424,238,2021-07-24,2021-08-21,29,treatment,1,0.017942475,0,dept_238_closure_2021-07-24,2021-08-22,2021-08,1,1,0.0,231424|238|2021-07-24,-0.2961759228817187,1.9877863437271066
232329,238,2021-07-24,2021-08-21,29,treatment,1,0.24028112,0,dept_238_closure_2021-07-24,2021-08-22,2021-08,1,1,0.0,232329|238|2021-07-24,-0.0738372778817187,1.9877863437271066
233077,238,2021-07-24,2021-08-21,29,treatment,1,0.9882606,1,dept_238_closure_2021-07-24,2021-08-22,2021-08,1,1,0.0,233077|238|2021-07-24,0.6741422021182814,1.9877863437271066
233457,238,2021-07-24,2021-08-21,29,control,0,0.91716075,1,dept_238_closure_2021-07-24,2021-08-22,2021-08,1,1,0.0,233457|238|2021-07-24,0.6030423521182813,1.9877863437271066
234526,238,2021-07-24,2021-08-21,29,treatment,1,0.7523444,1,dept_238_closure_2021-07-24,2021-08-22,2021-08,1,1,0.13793103448275862,234526|238|2021-07-24,0.43822600211828133,1.9877863437271066
235059,238,2021-07-24,2021-08-21,29,control,0,0.8033842,1,dept_238_closure_2021-07-24,2021-08-22,2021-08,1,1,0.034482758620689655,235059|238|2021-07-24,0.4892658021182813,1.9877863437271066
235208,238,2021-07-24,2021-08-21,29,control,0,0.35140935,0,dept_238_closure_2021-07-24,2021-08-22,2021-08,1,1,0.0,235208|238|2021-07-24,0.03729095211828132,1.9877863437271066
235678,238,2021-07-24,2021-08-21,29,control,0,0.9862753,1,dept_238_closure_2021-07-24,2021-08-22,2021-08,1,1,0.3448275862068966,235678|238|2021-07-24,0.6721569021182813,1.9877863437271066
235743,238,2021-07-24,2021-08-21,29,control,0,0.9822556,1,dept_238_closure_2021-07-24,2021-08-22,2021-08,1,1,0.1724137931034483,235743|238|2021-07-24,0.6681372021182813,1.9877863437271066
237766,238,2021-07-24,2021-08-21,29,control,0,0.8982106,1,dept_238_closure_2021-07-24,2021-08-22,2021-08,1,1,0.2413793103448276,237766|238|2021-07-24,0.5840922021182813,1.9877863437271066
239686,238,2021-07-24,2021-08-21,29,control,0,0.47629616,0,dept_238_closure_2021-07-24,2021-08-22,2021-08,1,1,0.0,239686|238|2021-07-24,0.16217776211828133,1.9877863437271066
240785,238,2021-07-24,2021-08-21,29,treatment,1,0.9887517,1,dept_238_closure_2021-07-24,2021-08-22,2021-08,1,1,0.3103448275862069,240785|238|2021-07-24,0.6746333021182813,1.9877863437271066
241822,238,2021-07-24,2021-08-21,29,treatment,1,0.20612372,0,dept_238_closure_2021-07-24,2021-08-22,2021-08,1,1,0.0,241822|238|2021-07-24,-0.10799467788171868,1.9877863437271066
242475,238,2021-07-24,2021-08-21,29,control,0,0.92359,1,dept_238_closure_2021-07-24,2021-08-22,2021-08,1,1,0.0,242475|238|2021-07-24,0.6094716021182813,1.9877863437271066
242609,238,2021-07-24,2021-08-21,29,control,0,0.9675994,1,dept_238_closure_2021-07-24,2021-08-22,2021-08,1,1,0.06896551724137931,242609|238|2021-07-24,0.6534810021182813,1.9877863437271066
242834,238,2021-07-24,2021-08-21,29,treatment,1,0.029287752,0,dept_238_closure_2021-07-24,2021-08-22,2021-08,1,1,0.0,242834|238|2021-07-24,-0.2848306458817187,1.9877863437271066
242885,238,2021-07-24,2021-08-21,29,control,0,0.3969246,0,dept_238_closure_2021-07-24,2021-08-22,2021-08,1,1,0.0,242885|238|2021-07-24,0.08280620211828132,1.9877863437271066
243115,238,2021-07-24,2021-08-21,29,treatment,1,0.8484479,1,dept_238_closure_2021-07-24,2021-08-22,2021-08,1,1,0.0,243115|238|2021-07-24,0.5343295021182813,1.9877863437271066
243188,238,2021-07-24,2021-08-21,29,control,0,0.3185156,0,dept_238_closure_2021-07-24,2021-08-22,2021-08,1,1,0.0,243188|238|2021-07-24,0.004397202118281318,1.9877863437271066
244395,238,2021-07-24,2021-08-21,29,control,0,0.99806756,1,dept_238_closure_2021-07-24,2021-08-22,2021-08,1,1,0.5517241379310345,244395|238|2021-07-24,0.6839491621182813,1.9877863437271066
244608,238,2021-07-24,2021-08-21,29,control,0,0.32234696,0,dept_238_closure_2021-07-24,2021-08-22,2021-08,1,1,0.0,244608|238|2021-07-24,0.008228562118281324,1.9877863437271066
245068,238,2021-07-24,2021-08-21,29,treatment,1,0.5304385,1,dept_238_closure_2021-07-24,2021-08-22,2021-08,1,1,0.06896551724137931,245068|238|2021-07-24,0.21632010211828134,1.9877863437271066
245679,238,2021-07-24,2021-08-21,29,treatment,1,0.99559444,1,dept_238_closure_2021-07-24,2021-08-22,2021-08,1,1,0.13793103448275862,245679|238|2021-07-24,0.6814760421182813,1.9877863437271066
245818,238,2021-07-24,2021-08-21,29,control,0,0.840012,1,dept_238_closure_2021-07-24,2021-08-22,2021-08,1,1,0.034482758620689655,245818|238|2021-07-24,0.5258936021182813,1.9877863437271066
246908,238,2021-07-24,2021-08-21,29,control,0,0.01829764,0,dept_238_closure_2021-07-24,2021-08-22,2021-08,1,1,0.4482758620689655,246908|238|2021-07-24,-0.2958207578817187,1.9877863437271066
247501,238,2021-07-24,2021-08-21,29,control,0,0.9929991,1,dept_238_closure_2021-07-24,2021-08-22,2021-08,1,1,0.27586206896551724,247501|238|2021-07-24,0.6788807021182813,1.9877863437271066
248338,238,2021-07-24,2021-08-21,29,treatment,1,0.23863092,0,dept_238_closure_2021-07-24,2021-08-22,2021-08,1,1,0.0,248338|238|2021-07-24,-0.0754874778817187,1.9877863437271066
248384,238,2021-07-24,2021-08-21,29,treatment,1,0.8142635,1,dept_238_closure_2021-07-24,2021-08-22,2021-08,1,1,0.0,248384|238|2021-07-24,0.5001451021182813,1.9877863437271066
248762,238,2021-07-24,2021-08-21,29,treatment,1,0.015852554,0,dept_238_closure_2021-07-24,2021-08-22,2021-08,1,1,0.0,248762|238|2021-07-24,-0.2982658438817187,1.9877863437271066
248781,238,2021-07-24,2021-08-21,29,control,0,0.9810317,1,dept_238_closure_2021-07-24,2021-08-22,2021-08,1,1,0.0,248781|238|2021-07-24,0.6669133021182813,1.9877863437271066
248905,238,2021-07-24,2021-08-21,29,control,0,0.31603685,0,dept_238_closure_2021-07-24,2021-08-22,2021-08,1,1,0.034482758620689655,248905|238|2021-07-24,0.0019184521182812886,1.9877863437271066
249297,238,2021-07-24,2021-08-21,29,control,0,0.054445438,0,dept_238_closure_2021-07-24,2021-08-22,2021-08,1,1,0.0,249297|238|2021-07-24,-0.2596729598817187,1.9877863437271066
249531,238,2021-07-24,2021-08-21,29,treatment,1,0.026727125,0,dept_238_closure_2021-07-24,2021-08-22,2021-08,1,1,0.0,249531|238|2021-07-24,-0.2873912728817187,1.9877863437271066
249974,238,2021-07-24,2021-08-21,29,treatment,1,0.98234475,1,dept_238_closure_2021-07-24,2021-08-22,2021-08,1,1,0.2413793103448276,249974|238|2021-07-24,0.6682263521182813,1.9877863437271066
250244,238,2021-07-24,2021-08-21,29,control,0,0.11005963,0,dept_238_closure_2021-07-24,2021-08-22,2021-08,1,1,0.0,250244|238|2021-07-24,-0.20405876788171867,1.9877863437271066
250265,238,2021-07-24,2021-08-21,29,control,0,0.18571253,0,dept_238_closure_2021-07-24,2021-08-22,2021-08,1,1,0.0,250265|238|2021-07-24,-0.1284058678817187,1.9877863437271066
250655,238,2021-07-24,2021-08-21,29,treatment,1,0.7003081,1,dept_238_closure_2021-07-24,2021-08-22,2021-08,1,1,0.0,250655|238|2021-07-24,0.3861897021182813,1.9877863437271066
252386,238,2021-07-24,2021-08-21,29,control,0,0.25454736,0,dept_238_closure_2021-07-24,2021-08-22,2021-08,1,1,0.034482758620689655,252386|238|2021-07-24,-0.05957103788171869,1.9877863437271066
252534,238,2021-07-24,2021-08-21,29,control,0,0.58571684,1,dept_238_closure_2021-07-24,2021-08-22,2021-08,1,1,0.034482758620689655,252534|238|2021-07-24,0.2715984421182813,1.9877863437271066
252545,238,2021-07-24,2021-08-21,29,treatment,1,0.6085252,1,dept_238_closure_2021-07-24,2021-08-22,2021-08,1,1,0.0,252545|238|2021-07-24,0.2944068021182813,1.9877863437271066
252652,238,2021-07-24,2021-08-21,29,control,0,0.8341506,1,dept_238_closure_2021-07-24,2021-08-22,2021-08,1,1,0.034482758620689655,252652|238|2021-07-24,0.5200322021182813,1.9877863437271066
253759,238,2021-07-24,2021-08-21,29,control,0,0.037290033,0,dept_238_closure_2021-07-24,2021-08-22,2021-08,1,1,0.0,253759|238|2021-07-24,-0.2768283648817187,1.9877863437271066
254482,238,2021-07-24,2021-08-21,29,treatment,1,0.43477285,0,dept_238_closure_2021-07-24,2021-08-22,2021-08,1,1,0.06896551724137931,254482|238|2021-07-24,0.1206544521182813,1.9877863437271066
255109,238,2021-07-24,2021-08-21,29,control,0,0.03585229,0,dept_238_closure_2021-07-24,2021-08-22,2021-08,1,1,0.0,255109|238|2021-07-24,-0.2782661078817187,1.9877863437271066
255712,238,2021-07-24,2021-08-21,29,control,0,0.9971758,1,dept_238_closure_2021-07-24,2021-08-22,2021-08,1,1,0.13793103448275862,255712|238|2021-07-24,0.6830574021182813,1.9877863437271066
255715,238,2021-07-24,2021-08-21,29,control,0,0.70696807,1,dept_238_closure_2021-07-24,2021-08-22,2021-08,1,1,0.06896551724137931,255715|238|2021-07-24,0.39284967211828126,1.9877863437271066
257582,238,2021-07-24,2021-08-21,29,control,0,0.9558527,1,dept_238_closure_2021-07-24,2021-08-22,2021-08,1,1,0.1724137931034483,257582|238|2021-07-24,0.6417343021182813,1.9877863437271066
257675,238,2021-07-24,2021-08-21,29,treatment,1,0.035816487,0,dept_238_closure_2021-07-24,2021-08-22,2021-08,1,1,0.034482758620689655,257675|238|2021-07-24,-0.2783019108817187,1.9877863437271066
258501,238,2021-07-24,2021-08-21,29,control,0,0.54027075,1,dept_238_closure_2021-07-24,2021-08-22,2021-08,1,1,0.034482758620689655,258501|238|2021-07-24,0.22615235211828133,1.9877863437271066
259201,238,2021-07-24,2021-08-21,29,control,0,0.06740152,0,dept_238_closure_2021-07-24,2021-08-22,2021-08,1,1,0.0,259201|238|2021-07-24,-0.2467168778817187,1.9877863437271066
259436,238,2021-07-24,2021-08-21,29,control,0,0.098948725,0,dept_238_closure_2021-07-24,2021-08-22,2021-08,1,1,0.034482758620689655,259436|238|2021-07-24,-0.21516967288171868,1.9877863437271066
260174,238,2021-07-24,2021-08-21,29,treatment,1,0.94751245,1,dept_238_closure_2021-07-24,2021-08-22,2021-08,1,1,0.10344827586206896,260174|238|2021-07-24,0.6333940521182813,1.9877863437271066
260286,238,2021-07-24,2021-08-21,29,treatment,1,0.5218398,1,dept_238_closure_2021-07-24,2021-08-22,2021-08,1,1,0.0,260286|238|2021-07-24,0.20772140211828127,1.9877863437271066
260839,238,2021-07-24,2021-08-21,29,treatment,1,0.010102081,0,dept_238_closure_2021-07-24,2021-08-22,2021-08,1,1,0.0,260839|238|2021-07-24,-0.3040163168817187,1.9877863437271066
261896,238,2021-07-24,2021-08-21,29,control,0,0.0069239438,0,dept_238_closure_2021-07-24,2021-08-22,2021-08,1,1,0.0,261896|238|2021-07-24,-0.3071944540817187,1.9877863437271066
262339,238,2021-07-24,2021-08-21,29,control,0,0.85462254,1,dept_238_closure_2021-07-24,2021-08-22,2021-08,1,1,0.034482758620689655,262339|238|2021-07-24,0.5405041421182813,1.9877863437271066
262655,238,2021-07-24,2021-08-21,29,control,0,0.20226017,0,dept_238_closure_2021-07-24,2021-08-22,2021-08,1,1,0.0,262655|238|2021-07-24,-0.1118582278817187,1.9877863437271066
263413,238,2021-07-24,2021-08-21,29,control,0,0.62163967,1,dept_238_closure_2021-07-24,2021-08-22,2021-08,1,1,0.034482758620689655,263413|238|2021-07-24,0.3075212721182813,1.9877863437271066
264233,238,2021-07-24,2021-08-21,29,control,0,0.82888174,1,dept_238_closure_2021-07-24,2021-08-22,2021-08,1,1,0.034482758620689655,264233|238|2021-07-24,0.5147633421182813,1.9877863437271066
265311,238,2021-07-24,2021-08-21,29,treatment,1,0.060519725,0,dept_238_closure_2021-07-24,2021-08-22,2021-08,1,1,0.034482758620689655,265311|238|2021-07-24,-0.25359867288171867,1.9877863437271066
267140,238,2021-07-24,2021-08-21,29,control,0,0.9400045,1,dept_238_closure_2021-07-24,2021-08-22,2021-08,1,1,0.034482758620689655,267140|238|2021-07-24,0.6258861021182813,1.9877863437271066
267261,238,2021-07-24,2021-08-21,29,control,0,0.15083586,0,dept_238_closure_2021-07-24,2021-08-22,2021-08,1,1,0.0,267261|238|2021-07-24,-0.1632825378817187,1.9877863437271066
267871,238,2021-07-24,2021-08-21,29,treatment,1,0.93051547,1,dept_238_closure_2021-07-24,2021-08-22,2021-08,1,1,0.0,267871|238|2021-07-24,0.6163970721182813,1.9877863437271066
269737,238,2021-07-24,2021-08-21,29,control,0,0.6781224,1,dept_238_closure_2021-07-24,2021-08-22,2021-08,1,1,0.0,269737|238|2021-07-24,0.3640040021182813,1.9877863437271066
269803,238,2021-07-24,2021-08-21,29,treatment,1,0.011285178,0,dept_238_closure_2021-07-24,2021-08-22,2021-08,1,1,0.0,269803|238|2021-07-24,-0.3028332198817187,1.9877863437271066
270271,238,2021-07-24,2021-08-21,29,control,0,0.06914466,0,dept_238_closure_2021-07-24,2021-08-22,2021-08,1,1,0.0,270271|238|2021-07-24,-0.2449737378817187,1.9877863437271066
270959,238,2021-07-24,2021-08-21,29,control,0,0.009319794,0,dept_238_closure_2021-07-24,2021-08-22,2021-08,1,1,0.0,270959|238|2021-07-24,-0.3047986038817187,1.9877863437271066
271120,238,2021-07-24,2021-08-21,29,treatment,1,0.033383463,0,dept_238_closure_2021-07-24,2021-08-22,2021-08,1,1,0.0,271120|238|2021-07-24,-0.2807349348817187,1.9877863437271066
271612,238,2021-07-24,2021-08-21,29,control,0,0.03537781,0,dept_238_closure_2021-07-24,2021-08-22,2021-08,1,1,0.0,271612|238|2021-07-24,-0.2787405878817187,1.9877863437271066
272700,238,2021-07-24,2021-08-21,29,treatment,1,0.017500874,0,dept_238_closure_2021-07-24,2021-08-22,2021-08,1,1,0.0,272700|238|2021-07-24,-0.2966175238817187,1.9877863437271066
272738,238,2021-07-24,2021-08-21,29,control,0,0.4671073,0,dept_238_closure_2021-07-24,2021-08-22,2021-08,1,1,0.0,272738|238|2021-07-24,0.1529889021182813,1.9877863437271066
273364,238,2021-07-24,2021-08-21,29,control,0,0.081027225,0,dept_238_closure_2021-07-24,2021-08-22,2021-08,1,1,0.0,273364|238|2021-07-24,-0.2330911728817187,1.9877863437271066
273365,238,2021-07-24,2021-08-21,29,treatment,1,0.0042870925,0,dept_238_closure_2021-07-24,2021-08-22,2021-08,1,1,0.0,273365|238|2021-07-24,-0.3098313053817187,1.9877863437271066
273366,238,2021-07-24,2021-08-21,29,control,0,0.35696933,0,dept_238_closure_2021-07-24,2021-08-22,2021-08,1,1,0.034482758620689655,273366|238|2021-07-24,0.04285093211828128,1.9877863437271066
274156,238,2021-07-24,2021-08-21,29,control,0,0.6817014,1,dept_238_closure_2021-07-24,2021-08-22,2021-08,1,1,0.0,274156|238|2021-07-24,0.3675830021182813,1.9877863437271066
274245,238,2021-07-24,2021-08-21,29,control,0,0.4972459,0,dept_238_closure_2021-07-24,2021-08-22,2021-08,1,1,0.034482758620689655,274245|238|2021-07-24,0.18312750211828133,1.9877863437271066
275298,238,2021-07-24,2021-08-21,29,treatment,1,0.7341104,1,dept_238_closure_2021-07-24,2021-08-22,2021-08,1,1,0.0,275298|238|2021-07-24,0.41999200211828136,1.9877863437271066
275316,238,2021-07-24,2021-08-21,29,treatment,1,0.689794,1,dept_238_closure_2021-07-24,2021-08-22,2021-08,1,1,0.0,275316|238|2021-07-24,0.3756756021182813,1.9877863437271066
275323,238,2021-07-24,2021-08-21,29,control,0,0.64311796,1,dept_238_closure_2021-07-24,2021-08-22,2021-08,1,1,0.0,275323|238|2021-07-24,0.3289995621182813,1.9877863437271066
275591,238,2021-07-24,2021-08-21,29,treatment,1,0.12581217,0,dept_238_closure_2021-07-24,2021-08-22,2021-08,1,1,0.0,275591|238|2021-07-24,-0.1883062278817187,1.9877863437271066
276063,238,2021-07-24,2021-08-21,29,treatment,1,0.820841,1,dept_238_closure_2021-07-24,2021-08-22,2021-08,1,1,0.06896551724137931,276063|238|2021-07-24,0.5067226021182814,1.9877863437271066
276225,238,2021-07-24,2021-08-21,29,control,0,0.99837565,1,dept_238_closure_2021-07-24,2021-08-22,2021-08,1,1,0.0,276225|238|2021-07-24,0.6842572521182813,1.9877863437271066
276535,238,2021-07-24,2021-08-21,29,treatment,1,0.043086898,0,dept_238_closure_2021-07-24,2021-08-22,2021-08,1,1,0.034482758620689655,276535|238|2021-07-24,-0.2710314998817187,1.9877863437271066
276960,238,2021-07-24,2021-08-21,29,control,0,0.5038673,1,dept_238_closure_2021-07-24,2021-08-22,2021-08,1,1,0.06896551724137931,276960|238|2021-07-24,0.18974890211828133,1.9877863437271066
277243,238,2021-07-24,2021-08-21,29,treatment,1,0.93240964,1,dept_238_closure_2021-07-24,2021-08-22,2021-08,1,1,0.034482758620689655,277243|238|2021-07-24,0.6182912421182813,1.9877863437271066
277400,238,2021-07-24,2021-08-21,29,control,0,0.8572986,1,dept_238_closure_2021-07-24,2021-08-22,2021-08,1,1,0.06896551724137931,277400|238|2021-07-24,0.5431802021182813,1.9877863437271066
278531,238,2021-07-24,2021-08-21,29,treatment,1,0.9051975,1,dept_238_closure_2021-07-24,2021-08-22,2021-08,1,1,0.13793103448275862,278531|238|2021-07-24,0.5910791021182813,1.9877863437271066
279168,238,2021-07-24,2021-08-21,29,control,0,0.9902574,1,dept_238_closure_2021-07-24,2021-08-22,2021-08,1,1,0.10344827586206896,279168|238|2021-07-24,0.6761390021182813,1.9877863437271066
279789,238,2021-07-24,2021-08-21,29,control,0,0.42029685,0,dept_238_closure_2021-07-24,2021-08-22,2021-08,1,1,0.0,279789|238|2021-07-24,0.10617845211828131,1.9877863437271066
280360,238,2021-07-24,2021-08-21,29,control,0,0.8713898,1,dept_238_closure_2021-07-24,2021-08-22,2021-08,1,1,0.06896551724137931,280360|238|2021-07-24,0.5572714021182813,1.9877863437271066
280581,238,2021-07-24,2021-08-21,29,control,0,0.27835834,0,dept_238_closure_2021-07-24,2021-08-22,2021-08,1,1,0.0,280581|238|2021-07-24,-0.03576005788171871,1.9877863437271066
280833,238,2021-07-24,2021-08-21,29,control,0,0.8622821,1,dept_238_closure_2021-07-24,2021-08-22,2021-08,1,1,0.034482758620689655,280833|238|2021-07-24,0.5481637021182814,1.9877863437271066
281089,238,2021-07-24,2021-08-21,29,control,0,0.43490988,0,dept_238_closure_2021-07-24,2021-08-22,2021-08,1,1,0.0,281089|238|2021-07-24,0.12079148211828133,1.9877863437271066
281584,238,2021-07-24,2021-08-21,29,control,0,0.52677435,1,dept_238_closure_2021-07-24,2021-08-22,2021-08,1,1,0.2413793103448276,281584|238|2021-07-24,0.21265595211828126,1.9877863437271066
281674,238,2021-07-24,2021-08-21,29,control,0,0.046417326,0,dept_238_closure_2021-07-24,2021-08-22,2021-08,1,1,0.06896551724137931,281674|238|2021-07-24,-0.2677010718817187,1.9877863437271066
282847,238,2021-07-24,2021-08-21,29,treatment,1,0.1297744,0,dept_238_closure_2021-07-24,2021-08-22,2021-08,1,1,0.0,282847|238|2021-07-24,-0.18434399788171868,1.9877863437271066
283131,238,2021-07-24,2021-08-21,29,treatment,1,0.23576133,0,dept_238_closure_2021-07-24,2021-08-22,2021-08,1,1,0.06896551724137931,283131|238|2021-07-24,-0.0783570678817187,1.9877863437271066
283688,238,2021-07-24,2021-08-21,29,treatment,1,0.6756773,1,dept_238_closure_2021-07-24,2021-08-22,2021-08,1,1,0.2413793103448276,283688|238|2021-07-24,0.36155890211828134,1.9877863437271066
284413,238,2021-07-24,2021-08-21,29,control,0,0.11025841,0,dept_238_closure_2021-07-24,2021-08-22,2021-08,1,1,0.0,284413|238|2021-07-24,-0.2038599878817187,1.9877863437271066
284570,238,2021-07-24,2021-08-21,29,control,0,0.012122963,0,dept_238_closure_2021-07-24,2021-08-22,2021-08,1,1,0.034482758620689655,284570|238|2021-07-24,-0.3019954348817187,1.9877863437271066
284695,238,2021-07-24,2021-08-21,29,control,0,0.99838316,1,dept_238_closure_2021-07-24,2021-08-22,2021-08,1,1,0.4482758620689655,284695|238|2021-07-24,0.6842647621182814,1.9877863437271066
284900,238,2021-07-24,2021-08-21,29,treatment,1,0.99919385,1,dept_238_closure_2021-07-24,2021-08-22,2021-08,1,1,0.4482758620689655,284900|238|2021-07-24,0.6850754521182814,1.9877863437271066
285136,238,2021-07-24,2021-08-21,29,control,0,0.37555486,0,dept_238_closure_2021-07-24,2021-08-22,2021-08,1,1,0.0,285136|238|2021-07-24,0.0614364621182813,1.9877863437271066
285484,238,2021-07-24,2021-08-21,29,control,0,0.23546632,0,dept_238_closure_2021-07-24,2021-08-22,2021-08,1,1,0.13793103448275862,285484|238|2021-07-24,-0.07865207788171868,1.9877863437271066
287001,238,2021-07-24,2021-08-21,29,treatment,1,0.5213133,1,dept_238_closure_2021-07-24,2021-08-22,2021-08,1,1,0.0,287001|238|2021-07-24,0.2071949021182813,1.9877863437271066
287383,238,2021-07-24,2021-08-21,29,control,0,0.8659809,1,dept_238_closure_2021-07-24,2021-08-22,2021-08,1,1,0.06896551724137931,287383|238|2021-07-24,0.5518625021182814,1.9877863437271066
287398,238,2021-07-24,2021-08-21,29,control,0,0.08275102,0,dept_238_closure_2021-07-24,2021-08-22,2021-08,1,1,0.0,287398|238|2021-07-24,-0.23136737788171868,1.9877863437271066
287467,238,2021-07-24,2021-08-21,29,control,0,0.47797585,0,dept_238_closure_2021-07-24,2021-08-22,2021-08,1,1,0.034482758620689655,287467|238|2021-07-24,0.1638574521182813,1.9877863437271066
288890,238,2021-07-24,2021-08-21,29,control,0,0.6793908,1,dept_238_closure_2021-07-24,2021-08-22,2021-08,1,1,0.0,288890|238|2021-07-24,0.36527240211828127,1.9877863437271066
290211,238,2021-07-24,2021-08-21,29,control,0,0.29262158,0,dept_238_closure_2021-07-24,2021-08-22,2021-08,1,1,0.0,290211|238|2021-07-24,-0.0214968178817187,1.9877863437271066
290517,238,2021-07-24,2021-08-21,29,treatment,1,0.032361858,0,dept_238_closure_2021-07-24,2021-08-22,2021-08,1,1,0.034482758620689655,290517|238|2021-07-24,-0.28175653988171867,1.9877863437271066
291428,238,2021-07-24,2021-08-21,29,control,0,0.4309495,0,dept_238_closure_2021-07-24,2021-08-22,2021-08,1,1,0.0,291428|238|2021-07-24,0.1168311021182813,1.9877863437271066
291443,238,2021-07-24,2021-08-21,29,control,0,0.30581313,0,dept_238_closure_2021-07-24,2021-08-22,2021-08,1,1,0.0,291443|238|2021-07-24,-0.008305267881718703,1.9877863437271066
293145,238,2021-07-24,2021-08-21,29,control,0,0.085468814,0,dept_238_closure_2021-07-24,2021-08-22,2021-08,1,1,0.034482758620689655,293145|238|2021-07-24,-0.2286495838817187,1.9877863437271066
293674,238,2021-07-24,2021-08-21,29,control,0,0.20758899,0,dept_238_closure_2021-07-24,2021-08-22,2021-08,1,1,0.06896551724137931,293674|238|2021-07-24,-0.10652940788171869,1.9877863437271066
293719,238,2021-07-24,2021-08-21,29,treatment,1,0.008178625,0,dept_238_closure_2021-07-24,2021-08-22,2021-08,1,1,0.0,293719|238|2021-07-24,-0.3059397728817187,1.9877863437271066
293879,238,2021-07-24,2021-08-21,29,treatment,1,0.07963731,0,dept_238_closure_2021-07-24,2021-08-22,2021-08,1,1,0.0,293879|238|2021-07-24,-0.23448108788171868,1.9877863437271066
294508,238,2021-07-24,2021-08-21,29,treatment,1,0.9749885,1,dept_238_closure_2021-07-24,2021-08-22,2021-08,1,1,0.10344827586206896,294508|238|2021-07-24,0.6608701021182813,1.9877863437271066
294922,238,2021-07-24,2021-08-21,29,control,0,0.95263094,1,dept_238_closure_2021-07-24,2021-08-22,2021-08,1,1,0.10344827586206896,294922|238|2021-07-24,0.6385125421182813,1.9877863437271066
295082,238,2021-07-24,2021-08-21,29,treatment,1,0.06875724,0,dept_238_closure_2021-07-24,2021-08-22,2021-08,1,1,0.0,295082|238|2021-07-24,-0.2453611578817187,1.9877863437271066
295255,238,2021-07-24,2021-08-21,29,control,0,0.18730828,0,dept_238_closure_2021-07-24,2021-08-22,2021-08,1,1,0.0,295255|238|2021-07-24,-0.1268101178817187,1.9877863437271066
295529,238,2021-07-24,2021-08-21,29,control,0,0.99866104,1,dept_238_closure_2021-07-24,2021-08-22,2021-08,1,1,0.4482758620689655,295529|238|2021-07-24,0.6845426421182813,1.9877863437271066
296264,238,2021-07-24,2021-08-21,29,treatment,1,0.33432278,0,dept_238_closure_2021-07-24,2021-08-22,2021-08,1,1,0.0,296264|238|2021-07-24,0.020204382118281294,1.9877863437271066
296471,238,2021-07-24,2021-08-21,29,control,0,0.25807598,0,dept_238_closure_2021-07-24,2021-08-22,2021-08,1,1,0.0,296471|238|2021-07-24,-0.05604241788171871,1.9877863437271066
299149,238,2021-07-24,2021-08-21,29,control,0,0.026385035,0,dept_238_closure_2021-07-24,2021-08-22,2021-08,1,1,0.0,299149|238|2021-07-24,-0.2877333628817187,1.9877863437271066
300761,238,2021-07-24,2021-08-21,29,treatment,1,0.44642016,0,dept_238_closure_2021-07-24,2021-08-22,2021-08,1,1,0.0,300761|238|2021-07-24,0.13230176211828132,1.9877863437271066
301156,238,2021-07-24,2021-08-21,29,treatment,1,0.011868926,0,dept_238_closure_2021-07-24,2021-08-22,2021-08,1,1,0.27586206896551724,301156|238|2021-07-24,-0.3022494718817187,1.9877863437271066
302582,238,2021-07-24,2021-08-21,29,control,0,0.085267596,0,dept_238_closure_2021-07-24,2021-08-22,2021-08,1,1,0.0,302582|238|2021-07-24,-0.2288508018817187,1.9877863437271066
302924,238,2021-07-24,2021-08-21,29,control,0,0.00210338,0,dept_238_closure_2021-07-24,2021-08-22,2021-08,1,1,0.0,302924|238|2021-07-24,-0.3120150178817187,1.9877863437271066
303062,238,2021-07-24,2021-08-21,29,control,0,0.1436978,0,dept_238_closure_2021-07-24,2021-08-22,2021-08,1,1,0.0,303062|238|2021-07-24,-0.1704205978817187,1.9877863437271066
304808,238,2021-07-24,2021-08-21,29,control,0,0.8809194,1,dept_238_closure_2021-07-24,2021-08-22,2021-08,1,1,0.10344827586206896,304808|238|2021-07-24,0.5668010021182813,1.9877863437271066
304827,238,2021-07-24,2021-08-21,29,control,0,0.6957779,1,dept_238_closure_2021-07-24,2021-08-22,2021-08,1,1,0.034482758620689655,304827|238|2021-07-24,0.38165950211828126,1.9877863437271066
305084,238,2021-07-24,2021-08-21,29,control,0,0.7302562,1,dept_238_closure_2021-07-24,2021-08-22,2021-08,1,1,0.0,305084|238|2021-07-24,0.41613780211828133,1.9877863437271066
305303,238,2021-07-24,2021-08-21,29,control,0,0.05021477,0,dept_238_closure_2021-07-24,2021-08-22,2021-08,1,1,0.0,305303|238|2021-07-24,-0.26390362788171867,1.9877863437271066
305931,238,2021-07-24,2021-08-21,29,treatment,1,0.65441436,1,dept_238_closure_2021-07-24,2021-08-22,2021-08,1,1,0.0,305931|238|2021-07-24,0.3402959621182813,1.9877863437271066
306248,238,2021-07-24,2021-08-21,29,treatment,1,0.99605983,1,dept_238_closure_2021-07-24,2021-08-22,2021-08,1,1,0.3103448275862069,306248|238|2021-07-24,0.6819414321182813,1.9877863437271066
306379,238,2021-07-24,2021-08-21,29,treatment,1,0.8512139,1,dept_238_closure_2021-07-24,2021-08-22,2021-08,1,1,0.0,306379|238|2021-07-24,0.5370955021182813,1.9877863437271066
307794,238,2021-07-24,2021-08-21,29,control,0,0.44847584,0,dept_238_closure_2021-07-24,2021-08-22,2021-08,1,1,0.10344827586206896,307794|238|2021-07-24,0.13435744211828132,1.9877863437271066
308119,238,2021-07-24,2021-08-21,29,treatment,1,0.97946507,1,dept_238_closure_2021-07-24,2021-08-22,2021-08,1,1,0.034482758620689655,308119|238|2021-07-24,0.6653466721182814,1.9877863437271066
311377,238,2021-07-24,2021-08-21,29,treatment,1,0.55847454,1,dept_238_closure_2021-07-24,2021-08-22,2021-08,1,1,0.0,311377|238|2021-07-24,0.24435614211828127,1.9877863437271066
311466,238,2021-07-24,2021-08-21,29,control,0,0.61180615,1,dept_238_closure_2021-07-24,2021-08-22,2021-08,1,1,0.034482758620689655,311466|238|2021-07-24,0.29768775211828136,1.9877863437271066
312750,238,2021-07-24,2021-08-21,29,treatment,1,0.15917425,0,dept_238_closure_2021-07-24,2021-08-22,2021-08,1,1,0.0,312750|238|2021-07-24,-0.1549441478817187,1.9877863437271066
313045,238,2021-07-24,2021-08-21,29,treatment,1,0.7040676,1,dept_238_closure_2021-07-24,2021-08-22,2021-08,1,1,0.06896551724137931,313045|238|2021-07-24,0.3899492021182813,1.9877863437271066
313086,238,2021-07-24,2021-08-21,29,control,0,0.93365705,1,dept_238_closure_2021-07-24,2021-08-22,2021-08,1,1,0.06896551724137931,313086|238|2021-07-24,0.6195386521182813,1.9877863437271066
314997,238,2021-07-24,2021-08-21,29,treatment,1,0.4979381,0,dept_238_closure_2021-07-24,2021-08-22,2021-08,1,1,0.06896551724137931,314997|238|2021-07-24,0.1838197021182813,1.9877863437271066
315585,238,2021-07-24,2021-08-21,29,control,0,0.8689232,1,dept_238_closure_2021-07-24,2021-08-22,2021-08,1,1,0.06896551724137931,315585|238|2021-07-24,0.5548048021182813,1.9877863437271066
316132,238,2021-07-24,2021-08-21,29,treatment,1,0.030693287,0,dept_238_closure_2021-07-24,2021-08-22,2021-08,1,1,0.06896551724137931,316132|238|2021-07-24,-0.2834251108817187,1.9877863437271066
316264,238,2021-07-24,2021-08-21,29,control,0,0.7470335,1,dept_238_closure_2021-07-24,2021-08-22,2021-08,1,1,0.3448275862068966,316264|238|2021-07-24,0.4329151021182813,1.9877863437271066
317623,238,2021-07-24,2021-08-21,29,control,0,0.99049383,1,dept_238_closure_2021-07-24,2021-08-22,2021-08,1,1,0.13793103448275862,317623|238|2021-07-24,0.6763754321182813,1.9877863437271066
317952,238,2021-07-24,2021-08-21,29,control,0,0.04305168,0,dept_238_closure_2021-07-24,2021-08-22,2021-08,1,1,0.0,317952|238|2021-07-24,-0.2710667178817187,1.9877863437271066
317994,238,2021-07-24,2021-08-21,29,treatment,1,0.4060931,0,dept_238_closure_2021-07-24,2021-08-22,2021-08,1,1,0.13793103448275862,317994|238|2021-07-24,0.09197470211828129,1.9877863437271066
319918,238,2021-07-24,2021-08-21,29,control,0,0.23384152,0,dept_238_closure_2021-07-24,2021-08-22,2021-08,1,1,0.13793103448275862,319918|238|2021-07-24,-0.0802768778817187,1.9877863437271066
319935,238,2021-07-24,2021-08-21,29,control,0,0.7160923,1,dept_238_closure_2021-07-24,2021-08-22,2021-08,1,1,0.034482758620689655,319935|238|2021-07-24,0.4019739021182813,1.9877863437271066
320069,238,2021-07-24,2021-08-21,29,control,0,0.745549,1,dept_238_closure_2021-07-24,2021-08-22,2021-08,1,1,0.034482758620689655,320069|238|2021-07-24,0.4314306021182813,1.9877863437271066
322346,238,2021-07-24,2021-08-21,29,control,0,0.9903467,1,dept_238_closure_2021-07-24,2021-08-22,2021-08,1,1,0.3103448275862069,322346|238|2021-07-24,0.6762283021182813,1.9877863437271066
324396,238,2021-07-24,2021-08-21,29,control,0,0.5288183,1,dept_238_closure_2021-07-24,2021-08-22,2021-08,1,1,0.0,324396|238|2021-07-24,0.21469990211828127,1.9877863437271066
324900,238,2021-07-24,2021-08-21,29,control,0,0.027595555,0,dept_238_closure_2021-07-24,2021-08-22,2021-08,1,1,0.0,324900|238|2021-07-24,-0.2865228428817187,1.9877863437271066
324915,238,2021-07-24,2021-08-21,29,treatment,1,0.013242983,0,dept_238_closure_2021-07-24,2021-08-22,2021-08,1,1,0.0,324915|238|2021-07-24,-0.3008754148817187,1.9877863437271066
324955,238,2021-07-24,2021-08-21,29,control,0,0.18802841,0,dept_238_closure_2021-07-24,2021-08-22,2021-08,1,1,0.0,324955|238|2021-07-24,-0.12608998788171868,1.9877863437271066
326113,238,2021-07-24,2021-08-21,29,control,0,0.30766487,0,dept_238_closure_2021-07-24,2021-08-22,2021-08,1,1,0.0,326113|238|2021-07-24,-0.0064535278817187125,1.9877863437271066
327083,238,2021-07-24,2021-08-21,29,treatment,1,0.844845,1,dept_238_closure_2021-07-24,2021-08-22,2021-08,1,1,0.0,327083|238|2021-07-24,0.5307266021182813,1.9877863437271066
328466,238,2021-07-24,2021-08-21,29,treatment,1,0.49280155,0,dept_238_closure_2021-07-24,2021-08-22,2021-08,1,1,0.10344827586206896,328466|238|2021-07-24,0.17868315211828129,1.9877863437271066
328695,238,2021-07-24,2021-08-21,29,treatment,1,0.8616298,1,dept_238_closure_2021-07-24,2021-08-22,2021-08,1,1,0.034482758620689655,328695|238|2021-07-24,0.5475114021182813,1.9877863437271066
329972,238,2021-07-24,2021-08-21,29,treatment,1,0.4458199,0,dept_238_closure_2021-07-24,2021-08-22,2021-08,1,1,0.0,329972|238|2021-07-24,0.1317015021182813,1.9877863437271066
330812,238,2021-07-24,2021-08-21,29,control,0,0.12345998,0,dept_238_closure_2021-07-24,2021-08-22,2021-08,1,1,0.0,330812|238|2021-07-24,-0.1906584178817187,1.9877863437271066
330846,238,2021-07-24,2021-08-21,29,control,0,0.9299985,1,dept_238_closure_2021-07-24,2021-08-22,2021-08,1,1,0.034482758620689655,330846|238|2021-07-24,0.6158801021182813,1.9877863437271066
331343,238,2021-07-24,2021-08-21,29,treatment,1,0.9792211,1,dept_238_closure_2021-07-24,2021-08-22,2021-08,1,1,0.0,331343|238|2021-07-24,0.6651027021182813,1.9877863437271066
331399,238,2021-07-24,2021-08-21,29,control,0,0.17499378,0,dept_238_closure_2021-07-24,2021-08-22,2021-08,1,1,0.0,331399|238|2021-07-24,-0.1391246178817187,1.9877863437271066
331422,238,2021-07-24,2021-08-21,29,control,0,0.01752625,0,dept_238_closure_2021-07-24,2021-08-22,2021-08,1,1,0.0,331422|238|2021-07-24,-0.29659214788171867,1.9877863437271066
331972,238,2021-07-24,2021-08-21,29,control,0,0.9734986,1,dept_238_closure_2021-07-24,2021-08-22,2021-08,1,1,0.4827586206896552,331972|238|2021-07-24,0.6593802021182813,1.9877863437271066
332147,238,2021-07-24,2021-08-21,29,treatment,1,0.9860318,1,dept_238_closure_2021-07-24,2021-08-22,2021-08,1,1,0.4482758620689655,332147|238|2021-07-24,0.6719134021182813,1.9877863437271066
332683,238,2021-07-24,2021-08-21,29,control,0,0.5863811,1,dept_238_closure_2021-07-24,2021-08-22,2021-08,1,1,0.0,332683|238|2021-07-24,0.2722627021182813,1.9877863437271066
333024,238,2021-07-24,2021-08-21,29,control,0,0.020656038,0,dept_238_closure_2021-07-24,2021-08-22,2021-08,1,1,0.0,333024|238|2021-07-24,-0.2934623598817187,1.9877863437271066
333081,238,2021-07-24,2021-08-21,29,control,0,0.043884423,0,dept_238_closure_2021-07-24,2021-08-22,2021-08,1,1,0.0,333081|238|2021-07-24,-0.2702339748817187,1.9877863437271066
333260,238,2021-07-24,2021-08-21,29,control,0,0.2608026,0,dept_238_closure_2021-07-24,2021-08-22,2021-08,1,1,0.0,333260|238|2021-07-24,-0.053315797881718696,1.9877863437271066
333336,238,2021-07-24,2021-08-21,29,control,0,0.3430464,0,dept_238_closure_2021-07-24,2021-08-22,2021-08,1,1,0.10344827586206896,333336|238|2021-07-24,0.028928002118281282,1.9877863437271066
333363,238,2021-07-24,2021-08-21,29,control,0,0.11383678,0,dept_238_closure_2021-07-24,2021-08-22,2021-08,1,1,0.0,333363|238|2021-07-24,-0.2002816178817187,1.9877863437271066
333680,238,2021-07-24,2021-08-21,29,treatment,1,0.018987766,0,dept_238_closure_2021-07-24,2021-08-22,2021-08,1,1,0.0,333680|238|2021-07-24,-0.2951306318817187,1.9877863437271066
334384,238,2021-07-24,2021-08-21,29,control,0,0.00614848,0,dept_238_closure_2021-07-24,2021-08-22,2021-08,1,1,0.0,334384|238|2021-07-24,-0.3079699178817187,1.9877863437271066
334419,238,2021-07-24,2021-08-21,29,control,0,0.29293156,0,dept_238_closure_2021-07-24,2021-08-22,2021-08,1,1,0.06896551724137931,334419|238|2021-07-24,-0.021186837881718712,1.9877863437271066
334888,238,2021-07-24,2021-08-21,29,control,0,0.61872566,1,dept_238_closure_2021-07-24,2021-08-22,2021-08,1,1,0.06896551724137931,334888|238|2021-07-24,0.30460726211828126,1.9877863437271066
335120,238,2021-07-24,2021-08-21,29,control,0,0.9023005,1,dept_238_closure_2021-07-24,2021-08-22,2021-08,1,1,0.10344827586206896,335120|238|2021-07-24,0.5881821021182813,1.9877863437271066
336800,238,2021-07-24,2021-08-21,29,control,0,0.08213107,0,dept_238_closure_2021-07-24,2021-08-22,2021-08,1,1,0.13793103448275862,336800|238|2021-07-24,-0.2319873278817187,1.9877863437271066
336902,238,2021-07-24,2021-08-21,29,control,0,0.5738707,1,dept_238_closure_2021-07-24,2021-08-22,2021-08,1,1,0.06896551724137931,336902|238|2021-07-24,0.25975230211828126,1.9877863437271066
336926,238,2021-07-24,2021-08-21,29,control,0,0.051805012,0,dept_238_closure_2021-07-24,2021-08-22,2021-08,1,1,0.0,336926|238|2021-07-24,-0.2623133858817187,1.9877863437271066
337040,238,2021-07-24,2021-08-21,29,control,0,0.30429426,0,dept_238_closure_2021-07-24,2021-08-22,2021-08,1,1,0.0,337040|238|2021-07-24,-0.009824137881718709,1.9877863437271066
338037,238,2021-07-24,2021-08-21,29,control,0,0.06166887,0,dept_238_closure_2021-07-24,2021-08-22,2021-08,1,1,0.0,338037|238|2021-07-24,-0.2524495278817187,1.9877863437271066
338741,238,2021-07-24,2021-08-21,29,control,0,0.997785,1,dept_238_closure_2021-07-24,2021-08-22,2021-08,1,1,0.034482758620689655,338741|238|2021-07-24,0.6836666021182813,1.9877863437271066
339597,238,2021-07-24,2021-08-21,29,control,0,0.7860395,1,dept_238_closure_2021-07-24,2021-08-22,2021-08,1,1,0.1724137931034483,339597|238|2021-07-24,0.4719211021182813,1.9877863437271066
339853,238,2021-07-24,2021-08-21,29,control,0,0.04344369,0,dept_238_closure_2021-07-24,2021-08-22,2021-08,1,1,0.0,339853|238|2021-07-24,-0.2706747078817187,1.9877863437271066
339927,238,2021-07-24,2021-08-21,29,treatment,1,0.60086775,1,dept_238_closure_2021-07-24,2021-08-22,2021-08,1,1,0.06896551724137931,339927|238|2021-07-24,0.28674935211828134,1.9877863437271066
340934,238,2021-07-24,2021-08-21,29,control,0,0.13012883,0,dept_238_closure_2021-07-24,2021-08-22,2021-08,1,1,0.0,340934|238|2021-07-24,-0.1839895678817187,1.9877863437271066
341080,238,2021-07-24,2021-08-21,29,control,0,0.07941489,0,dept_238_closure_2021-07-24,2021-08-22,2021-08,1,1,0.06896551724137931,341080|238|2021-07-24,-0.23470350788171868,1.9877863437271066
341817,238,2021-07-24,2021-08-21,29,treatment,1,0.029007263,0,dept_238_closure_2021-07-24,2021-08-22,2021-08,1,1,0.0,341817|238|2021-07-24,-0.2851111348817187,1.9877863437271066
342355,238,2021-07-24,2021-08-21,29,control,0,0.010888479,0,dept_238_closure_2021-07-24,2021-08-22,2021-08,1,1,0.5172413793103449,342355|238|2021-07-24,-0.3032299188817187,1.9877863437271066
344054,238,2021-07-24,2021-08-21,29,control,0,0.4492411,0,dept_238_closure_2021-07-24,2021-08-22,2021-08,1,1,0.10344827586206896,344054|238|2021-07-24,0.1351227021182813,1.9877863437271066
344205,238,2021-07-24,2021-08-21,29,control,0,0.32542863,0,dept_238_closure_2021-07-24,2021-08-22,2021-08,1,1,0.0,344205|238|2021-07-24,0.011310232118281305,1.9877863437271066
344386,238,2021-07-24,2021-08-21,29,treatment,1,0.30190793,0,dept_238_closure_2021-07-24,2021-08-22,2021-08,1,1,0.0,344386|238|2021-07-24,-0.0122104678817187,1.9877863437271066
344489,238,2021-07-24,2021-08-21,29,treatment,1,0.024156857,0,dept_238_closure_2021-07-24,2021-08-22,2021-08,1,1,0.0,344489|238|2021-07-24,-0.2899615408817187,1.9877863437271066
345824,238,2021-07-24,2021-08-21,29,treatment,1,0.7471197,1,dept_238_closure_2021-07-24,2021-08-22,2021-08,1,1,0.0,345824|238|2021-07-24,0.43300130211828136,1.9877863437271066
346465,238,2021-07-24,2021-08-21,29,control,0,0.81768554,1,dept_238_closure_2021-07-24,2021-08-22,2021-08,1,1,0.3448275862068966,346465|238|2021-07-24,0.5035671421182814,1.9877863437271066
347528,238,2021-07-24,2021-08-21,29,control,0,0.39105323,0,dept_238_closure_2021-07-24,2021-08-22,2021-08,1,1,0.0,347528|238|2021-07-24,0.07693483211828128,1.9877863437271066
349098,238,2021-07-24,2021-08-21,29,control,0,0.24636349,0,dept_238_closure_2021-07-24,2021-08-22,2021-08,1,1,0.06896551724137931,349098|238|2021-07-24,-0.0677549078817187,1.9877863437271066
349718,238,2021-07-24,2021-08-21,29,control,0,0.9298507,1,dept_238_closure_2021-07-24,2021-08-22,2021-08,1,1,0.06896551724137931,349718|238|2021-07-24,0.6157323021182813,1.9877863437271066
349862,238,2021-07-24,2021-08-21,29,control,0,0.9997943,1,dept_238_closure_2021-07-24,2021-08-22,2021-08,1,1,0.034482758620689655,349862|238|2021-07-24,0.6856759021182813,1.9877863437271066
350069,238,2021-07-24,2021-08-21,29,treatment,1,0.83596677,1,dept_238_closure_2021-07-24,2021-08-22,2021-08,1,1,0.3793103448275862,350069|238|2021-07-24,0.5218483721182813,1.9877863437271066
350476,238,2021-07-24,2021-08-21,29,treatment,1,0.75244397,1,dept_238_closure_2021-07-24,2021-08-22,2021-08,1,1,0.034482758620689655,350476|238|2021-07-24,0.43832557211828127,1.9877863437271066
350566,238,2021-07-24,2021-08-21,29,control,0,0.2373414,0,dept_238_closure_2021-07-24,2021-08-22,2021-08,1,1,0.0,350566|238|2021-07-24,-0.07677699788171868,1.9877863437271066
351190,238,2021-07-24,2021-08-21,29,treatment,1,0.02809672,0,dept_238_closure_2021-07-24,2021-08-22,2021-08,1,1,0.0,351190|238|2021-07-24,-0.28602167788171867,1.9877863437271066
351259,238,2021-07-24,2021-08-21,29,treatment,1,0.8210817,1,dept_238_closure_2021-07-24,2021-08-22,2021-08,1,1,0.034482758620689655,351259|238|2021-07-24,0.5069633021182813,1.9877863437271066
351982,238,2021-07-24,2021-08-21,29,treatment,1,0.9657071,1,dept_238_closure_2021-07-24,2021-08-22,2021-08,1,1,0.034482758620689655,351982|238|2021-07-24,0.6515887021182813,1.9877863437271066
352139,238,2021-07-24,2021-08-21,29,treatment,1,0.97710025,1,dept_238_closure_2021-07-24,2021-08-22,2021-08,1,1,0.10344827586206896,352139|238|2021-07-24,0.6629818521182813,1.9877863437271066
352409,238,2021-07-24,2021-08-21,29,control,0,0.00609413,0,dept_238_closure_2021-07-24,2021-08-22,2021-08,1,1,0.0,352409|238|2021-07-24,-0.3080242678817187,1.9877863437271066
352523,238,2021-07-24,2021-08-21,29,control,0,0.6858677,1,dept_238_closure_2021-07-24,2021-08-22,2021-08,1,1,0.0,352523|238|2021-07-24,0.3717493021182813,1.9877863437271066
353412,238,2021-07-24,2021-08-21,29,control,0,0.41846785,0,dept_238_closure_2021-07-24,2021-08-22,2021-08,1,1,0.0,353412|238|2021-07-24,0.10434945211828128,1.9877863437271066
353745,238,2021-07-24,2021-08-21,29,treatment,1,0.1628985,0,dept_238_closure_2021-07-24,2021-08-22,2021-08,1,1,0.0,353745|238|2021-07-24,-0.1512198978817187,1.9877863437271066
355144,238,2021-07-24,2021-08-21,29,treatment,1,0.9981852,1,dept_238_closure_2021-07-24,2021-08-22,2021-08,1,1,0.13793103448275862,355144|238|2021-07-24,0.6840668021182813,1.9877863437271066
355819,238,2021-07-24,2021-08-21,29,control,0,0.0075639817,0,dept_238_closure_2021-07-24,2021-08-22,2021-08,1,1,0.0,355819|238|2021-07-24,-0.3065544161817187,1.9877863437271066
356382,238,2021-07-24,2021-08-21,29,treatment,1,0.9729258,1,dept_238_closure_2021-07-24,2021-08-22,2021-08,1,1,0.06896551724137931,356382|238|2021-07-24,0.6588074021182813,1.9877863437271066
357578,238,2021-07-24,2021-08-21,29,treatment,1,0.9147175,1,dept_238_closure_2021-07-24,2021-08-22,2021-08,1,1,0.034482758620689655,357578|238|2021-07-24,0.6005991021182813,1.9877863437271066
358175,238,2021-07-24,2021-08-21,29,control,0,0.26657164,0,dept_238_closure_2021-07-24,2021-08-22,2021-08,1,1,0.0,358175|238|2021-07-24,-0.04754675788171869,1.9877863437271066
358180,238,2021-07-24,2021-08-21,29,control,0,0.0114697255,0,dept_238_closure_2021-07-24,2021-08-22,2021-08,1,1,0.0,358180|238|2021-07-24,-0.30264867238171866,1.9877863437271066
358471,238,2021-07-24,2021-08-21,29,treatment,1,0.019262616,0,dept_238_closure_2021-07-24,2021-08-22,2021-08,1,1,0.034482758620689655,358471|238|2021-07-24,-0.2948557818817187,1.9877863437271066
360470,238,2021-07-24,2021-08-21,29,control,0,0.5220629,1,dept_238_closure_2021-07-24,2021-08-22,2021-08,1,1,0.034482758620689655,360470|238|2021-07-24,0.2079445021182813,1.9877863437271066
360770,238,2021-07-24,2021-08-21,29,treatment,1,0.10833873,0,dept_238_closure_2021-07-24,2021-08-22,2021-08,1,1,0.0,360770|238|2021-07-24,-0.2057796678817187,1.9877863437271066
360772,238,2021-07-24,2021-08-21,29,control,0,0.9262047,1,dept_238_closure_2021-07-24,2021-08-22,2021-08,1,1,0.06896551724137931,360772|238|2021-07-24,0.6120863021182813,1.9877863437271066
360801,238,2021-07-24,2021-08-21,29,control,0,0.8254658,1,dept_238_closure_2021-07-24,2021-08-22,2021-08,1,1,0.10344827586206896,360801|238|2021-07-24,0.5113474021182813,1.9877863437271066
360949,238,2021-07-24,2021-08-21,29,control,0,0.34140372,0,dept_238_closure_2021-07-24,2021-08-22,2021-08,1,1,0.0,360949|238|2021-07-24,0.02728532211828133,1.9877863437271066
362103,238,2021-07-24,2021-08-21,29,control,0,0.45768145,0,dept_238_closure_2021-07-24,2021-08-22,2021-08,1,1,0.034482758620689655,362103|238|2021-07-24,0.1435630521182813,1.9877863437271066
362162,238,2021-07-24,2021-08-21,29,treatment,1,0.019729795,0,dept_238_closure_2021-07-24,2021-08-22,2021-08,1,1,0.0,362162|238|2021-07-24,-0.2943886028817187,1.9877863437271066
363104,238,2021-07-24,2021-08-21,29,control,0,0.24200875,0,dept_238_closure_2021-07-24,2021-08-22,2021-08,1,1,0.0,363104|238|2021-07-24,-0.0721096478817187,1.9877863437271066
363148,238,2021-07-24,2021-08-21,29,treatment,1,0.0050556906,0,dept_238_closure_2021-07-24,2021-08-22,2021-08,1,1,0.0,363148|238|2021-07-24,-0.3090627072817187,1.9877863437271066
363196,238,2021-07-24,2021-08-21,29,control,0,0.17444931,0,dept_238_closure_2021-07-24,2021-08-22,2021-08,1,1,0.034482758620689655,363196|238|2021-07-24,-0.1396690878817187,1.9877863437271066
363715,238,2021-07-24,2021-08-21,29,treatment,1,0.9891538,1,dept_238_closure_2021-07-24,2021-08-22,2021-08,1,1,0.034482758620689655,363715|238|2021-07-24,0.6750354021182813,1.9877863437271066
363960,238,2021-07-24,2021-08-21,29,treatment,1,0.89301157,1,dept_238_closure_2021-07-24,2021-08-22,2021-08,1,1,0.034482758620689655,363960|238|2021-07-24,0.5788931721182813,1.9877863437271066
365178,238,2021-07-24,2021-08-21,29,treatment,1,0.90497893,1,dept_238_closure_2021-07-24,2021-08-22,2021-08,1,1,0.034482758620689655,365178|238|2021-07-24,0.5908605321182813,1.9877863437271066
365256,238,2021-07-24,2021-08-21,29,treatment,1,0.6612635,1,dept_238_closure_2021-07-24,2021-08-22,2021-08,1,1,0.0,365256|238|2021-07-24,0.3471451021182813,1.9877863437271066
366934,238,2021-07-24,2021-08-21,29,treatment,1,0.9898436,1,dept_238_closure_2021-07-24,2021-08-22,2021-08,1,1,0.034482758620689655,366934|238|2021-07-24,0.6757252021182814,1.9877863437271066
367784,238,2021-07-24,2021-08-21,29,treatment,1,0.0043108347,0,dept_238_closure_2021-07-24,2021-08-22,2021-08,1,1,0.0,367784|238|2021-07-24,-0.3098075631817187,1.9877863437271066
368749,238,2021-07-24,2021-08-21,29,treatment,1,0.66406757,1,dept_238_closure_2021-07-24,2021-08-22,2021-08,1,1,0.0,368749|238|2021-07-24,0.34994917211828136,1.9877863437271066
368847,238,2021-07-24,2021-08-21,29,treatment,1,0.22592704,0,dept_238_closure_2021-07-24,2021-08-22,2021-08,1,1,0.06896551724137931,368847|238|2021-07-24,-0.0881913578817187,1.9877863437271066
368894,238,2021-07-24,2021-08-21,29,treatment,1,0.25848126,0,dept_238_closure_2021-07-24,2021-08-22,2021-08,1,1,0.0,368894|238|2021-07-24,-0.0556371378817187,1.9877863437271066
369391,238,2021-07-24,2021-08-21,29,treatment,1,0.8401913,1,dept_238_closure_2021-07-24,2021-08-22,2021-08,1,1,0.034482758620689655,369391|238|2021-07-24,0.5260729021182813,1.9877863437271066
371578,238,2021-07-24,2021-08-21,29,treatment,1,0.021278366,0,dept_238_closure_2021-07-24,2021-08-22,2021-08,1,1,0.0,371578|238|2021-07-24,-0.2928400318817187,1.9877863437271066
371836,238,2021-07-24,2021-08-21,29,control,0,0.008070542,0,dept_238_closure_2021-07-24,2021-08-22,2021-08,1,1,0.0,371836|238|2021-07-24,-0.3060478558817187,1.9877863437271066
372772,238,2021-07-24,2021-08-21,29,treatment,1,0.76706856,1,dept_238_closure_2021-07-24,2021-08-22,2021-08,1,1,0.0,372772|238|2021-07-24,0.4529501621182813,1.9877863437271066
373555,238,2021-07-24,2021-08-21,29,treatment,1,0.82523,1,dept_238_closure_2021-07-24,2021-08-22,2021-08,1,1,0.034482758620689655,373555|238|2021-07-24,0.5111116021182813,1.9877863437271066
373796,238,2021-07-24,2021-08-21,29,treatment,1,0.94000894,1,dept_238_closure_2021-07-24,2021-08-22,2021-08,1,1,0.06896551724137931,373796|238|2021-07-24,0.6258905421182813,1.9877863437271066
374922,238,2021-07-24,2021-08-21,29,treatment,1,0.97028226,1,dept_238_closure_2021-07-24,2021-08-22,2021-08,1,1,0.0,374922|238|2021-07-24,0.6561638621182813,1.9877863437271066
375014,238,2021-07-24,2021-08-21,29,control,0,0.99840075,1,dept_238_closure_2021-07-24,2021-08-22,2021-08,1,1,0.7241379310344828,375014|238|2021-07-24,0.6842823521182813,1.9877863437271066
375845,238,2021-07-24,2021-08-21,29,control,0,0.5859306,1,dept_238_closure_2021-07-24,2021-08-22,2021-08,1,1,0.0,375845|238|2021-07-24,0.2718122021182813,1.9877863437271066
376279,238,2021-07-24,2021-08-21,29,treatment,1,0.06727812,0,dept_238_closure_2021-07-24,2021-08-22,2021-08,1,1,0.034482758620689655,376279|238|2021-07-24,-0.2468402778817187,1.9877863437271066
376363,238,2021-07-24,2021-08-21,29,control,0,0.17292497,0,dept_238_closure_2021-07-24,2021-08-22,2021-08,1,1,0.0,376363|238|2021-07-24,-0.14119342788171868,1.9877863437271066
376862,238,2021-07-24,2021-08-21,29,treatment,1,0.013768202,0,dept_238_closure_2021-07-24,2021-08-22,2021-08,1,1,0.0,376862|238|2021-07-24,-0.3003501958817187,1.9877863437271066
377617,238,2021-07-24,2021-08-21,29,control,0,0.0662922,0,dept_238_closure_2021-07-24,2021-08-22,2021-08,1,1,0.0,377617|238|2021-07-24,-0.2478261978817187,1.9877863437271066
377686,238,2021-07-24,2021-08-21,29,control,0,0.5871746,1,dept_238_closure_2021-07-24,2021-08-22,2021-08,1,1,0.06896551724137931,377686|238|2021-07-24,0.2730562021182813,1.9877863437271066
377879,238,2021-07-24,2021-08-21,29,control,0,0.14292632,0,dept_238_closure_2021-07-24,2021-08-22,2021-08,1,1,0.0,377879|238|2021-07-24,-0.1711920778817187,1.9877863437271066
378992,238,2021-07-24,2021-08-21,29,treatment,1,0.95436,1,dept_238_closure_2021-07-24,2021-08-22,2021-08,1,1,0.034482758620689655,378992|238|2021-07-24,0.6402416021182813,1.9877863437271066
380061,238,2021-07-24,2021-08-21,29,treatment,1,0.9728881,1,dept_238_closure_2021-07-24,2021-08-22,2021-08,1,1,0.034482758620689655,380061|238|2021-07-24,0.6587697021182813,1.9877863437271066
380771,238,2021-07-24,2021-08-21,29,treatment,1,0.80663043,1,dept_238_closure_2021-07-24,2021-08-22,2021-08,1,1,0.0,380771|238|2021-07-24,0.4925120321182813,1.9877863437271066
380939,238,2021-07-24,2021-08-21,29,control,0,0.402747,0,dept_238_closure_2021-07-24,2021-08-22,2021-08,1,1,0.034482758620689655,380939|238|2021-07-24,0.08862860211828133,1.9877863437271066
381133,238,2021-07-24,2021-08-21,29,treatment,1,0.8314753,1,dept_238_closure_2021-07-24,2021-08-22,2021-08,1,1,0.034482758620689655,381133|238|2021-07-24,0.5173569021182813,1.9877863437271066
381897,238,2021-07-24,2021-08-21,29,control,0,0.7911073,1,dept_238_closure_2021-07-24,2021-08-22,2021-08,1,1,0.10344827586206896,381897|238|2021-07-24,0.47698890211828127,1.9877863437271066
382007,238,2021-07-24,2021-08-21,29,control,0,0.9427605,1,dept_238_closure_2021-07-24,2021-08-22,2021-08,1,1,0.034482758620689655,382007|238|2021-07-24,0.6286421021182813,1.9877863437271066
382080,238,2021-07-24,2021-08-21,29,treatment,1,0.5691741,1,dept_238_closure_2021-07-24,2021-08-22,2021-08,1,1,0.0,382080|238|2021-07-24,0.2550557021182813,1.9877863437271066
382111,238,2021-07-24,2021-08-21,29,control,0,0.53853524,1,dept_238_closure_2021-07-24,2021-08-22,2021-08,1,1,0.0,382111|238|2021-07-24,0.22441684211828128,1.9877863437271066
383280,238,2021-07-24,2021-08-21,29,treatment,1,0.96565354,1,dept_238_closure_2021-07-24,2021-08-22,2021-08,1,1,0.10344827586206896,383280|238|2021-07-24,0.6515351421182813,1.9877863437271066
383942,238,2021-07-24,2021-08-21,29,control,0,0.89337844,1,dept_238_closure_2021-07-24,2021-08-22,2021-08,1,1,0.06896551724137931,383942|238|2021-07-24,0.5792600421182813,1.9877863437271066
384489,238,2021-07-24,2021-08-21,29,treatment,1,0.25039804,0,dept_238_closure_2021-07-24,2021-08-22,2021-08,1,1,0.034482758620689655,384489|238|2021-07-24,-0.0637203578817187,1.9877863437271066
385373,238,2021-07-24,2021-08-21,29,control,0,0.6949841,1,dept_238_closure_2021-07-24,2021-08-22,2021-08,1,1,0.034482758620689655,385373|238|2021-07-24,0.3808657021182813,1.9877863437271066
385399,238,2021-07-24,2021-08-21,29,control,0,0.006754624,0,dept_238_closure_2021-07-24,2021-08-22,2021-08,1,1,0.0,385399|238|2021-07-24,-0.3073637738817187,1.9877863437271066
387683,238,2021-07-24,2021-08-21,29,treatment,1,0.90493226,1,dept_238_closure_2021-07-24,2021-08-22,2021-08,1,1,0.06896551724137931,387683|238|2021-07-24,0.5908138621182814,1.9877863437271066
388289,238,2021-07-24,2021-08-21,29,control,0,0.95303583,1,dept_238_closure_2021-07-24,2021-08-22,2021-08,1,1,0.10344827586206896,388289|238|2021-07-24,0.6389174321182813,1.9877863437271066
389146,238,2021-07-24,2021-08-21,29,treatment,1,0.993291,1,dept_238_closure_2021-07-24,2021-08-22,2021-08,1,1,0.13793103448275862,389146|238|2021-07-24,0.6791726021182813,1.9877863437271066
389778,238,2021-07-24,2021-08-21,29,treatment,1,0.93767464,1,dept_238_closure_2021-07-24,2021-08-22,2021-08,1,1,0.06896551724137931,389778|238|2021-07-24,0.6235562421182813,1.9877863437271066
391340,238,2021-07-24,2021-08-21,29,treatment,1,0.9916585,1,dept_238_closure_2021-07-24,2021-08-22,2021-08,1,1,0.034482758620689655,391340|238|2021-07-24,0.6775401021182813,1.9877863437271066
391560,238,2021-07-24,2021-08-21,29,control,0,0.013491376,0,dept_238_closure_2021-07-24,2021-08-22,2021-08,1,1,0.0,391560|238|2021-07-24,-0.3006270218817187,1.9877863437271066
392499,238,2021-07-24,2021-08-21,29,control,0,0.54746056,1,dept_238_closure_2021-07-24,2021-08-22,2021-08,1,1,0.2413793103448276,392499|238|2021-07-24,0.2333421621182813,1.9877863437271066
392918,238,2021-07-24,2021-08-21,29,control,0,0.021512067,0,dept_238_closure_2021-07-24,2021-08-22,2021-08,1,1,0.0,392918|238|2021-07-24,-0.29260633088171867,1.9877863437271066
393310,238,2021-07-24,2021-08-21,29,control,0,0.97773075,1,dept_238_closure_2021-07-24,2021-08-22,2021-08,1,1,0.13793103448275862,393310|238|2021-07-24,0.6636123521182813,1.9877863437271066
393315,238,2021-07-24,2021-08-21,29,treatment,1,0.7595559,1,dept_238_closure_2021-07-24,2021-08-22,2021-08,1,1,0.10344827586206896,393315|238|2021-07-24,0.44543750211828126,1.9877863437271066
393317,238,2021-07-24,2021-08-21,29,control,0,0.542583,1,dept_238_closure_2021-07-24,2021-08-22,2021-08,1,1,0.06896551724137931,393317|238|2021-07-24,0.22846460211828135,1.9877863437271066
393907,238,2021-07-24,2021-08-21,29,control,0,0.042690802,0,dept_238_closure_2021-07-24,2021-08-22,2021-08,1,1,0.034482758620689655,393907|238|2021-07-24,-0.2714275958817187,1.9877863437271066
394779,238,2021-07-24,2021-08-21,29,control,0,0.0076205325,0,dept_238_closure_2021-07-24,2021-08-22,2021-08,1,1,0.0,394779|238|2021-07-24,-0.3064978653817187,1.9877863437271066
395204,238,2021-07-24,2021-08-21,29,control,0,0.39602068,0,dept_238_closure_2021-07-24,2021-08-22,2021-08,1,1,0.0,395204|238|2021-07-24,0.08190228211828132,1.9877863437271066
395607,238,2021-07-24,2021-08-21,29,control,0,0.41663784,0,dept_238_closure_2021-07-24,2021-08-22,2021-08,1,1,0.06896551724137931,395607|238|2021-07-24,0.10251944211828129,1.9877863437271066
396942,238,2021-07-24,2021-08-21,29,control,0,0.059985835,0,dept_238_closure_2021-07-24,2021-08-22,2021-08,1,1,0.0,396942|238|2021-07-24,-0.2541325628817187,1.9877863437271066
397034,238,2021-07-24,2021-08-21,29,treatment,1,0.22339806,0,dept_238_closure_2021-07-24,2021-08-22,2021-08,1,1,0.034482758620689655,397034|238|2021-07-24,-0.09072033788171868,1.9877863437271066
397619,238,2021-07-24,2021-08-21,29,treatment,1,0.993218,1,dept_238_closure_2021-07-24,2021-08-22,2021-08,1,1,0.06896551724137931,397619|238|2021-07-24,0.6790996021182814,1.9877863437271066
397837,238,2021-07-24,2021-08-21,29,control,0,0.37932563,0,dept_238_closure_2021-07-24,2021-08-22,2021-08,1,1,0.034482758620689655,397837|238|2021-07-24,0.06520723211828133,1.9877863437271066
397941,238,2021-07-24,2021-08-21,29,treatment,1,0.020058334,0,dept_238_closure_2021-07-24,2021-08-22,2021-08,1,1,0.0,397941|238|2021-07-24,-0.2940600638817187,1.9877863437271066
398438,238,2021-07-24,2021-08-21,29,control,0,0.33507788,0,dept_238_closure_2021-07-24,2021-08-22,2021-08,1,1,0.0,398438|238|2021-07-24,0.020959482118281303,1.9877863437271066
398560,238,2021-07-24,2021-08-21,29,control,0,0.7732779,1,dept_238_closure_2021-07-24,2021-08-22,2021-08,1,1,0.0,398560|238|2021-07-24,0.45915950211828127,1.9877863437271066
398867,238,2021-07-24,2021-08-21,29,control,0,0.28728634,0,dept_238_closure_2021-07-24,2021-08-22,2021-08,1,1,0.034482758620689655,398867|238|2021-07-24,-0.02683205788171872,1.9877863437271066
400248,238,2021-07-24,2021-08-21,29,treatment,1,0.019488549,0,dept_238_closure_2021-07-24,2021-08-22,2021-08,1,1,0.0,400248|238|2021-07-24,-0.29462984888171867,1.9877863437271066
400402,238,2021-07-24,2021-08-21,29,control,0,0.28951976,0,dept_238_closure_2021-07-24,2021-08-22,2021-08,1,1,0.06896551724137931,400402|238|2021-07-24,-0.024598637881718677,1.9877863437271066
402407,238,2021-07-24,2021-08-21,29,treatment,1,0.019364504,0,dept_238_closure_2021-07-24,2021-08-22,2021-08,1,1,0.0,402407|238|2021-07-24,-0.2947538938817187,1.9877863437271066
402527,238,2021-07-24,2021-08-21,29,treatment,1,0.996861,1,dept_238_closure_2021-07-24,2021-08-22,2021-08,1,1,0.20689655172413793,402527|238|2021-07-24,0.6827426021182813,1.9877863437271066
402894,238,2021-07-24,2021-08-21,29,control,0,0.879808,1,dept_238_closure_2021-07-24,2021-08-22,2021-08,1,1,0.0,402894|238|2021-07-24,0.5656896021182813,1.9877863437271066
404529,238,2021-07-24,2021-08-21,29,control,0,0.2886207,0,dept_238_closure_2021-07-24,2021-08-22,2021-08,1,1,0.0,404529|238|2021-07-24,-0.025497697881718684,1.9877863437271066
405135,238,2021-07-24,2021-08-21,29,control,0,0.77267754,1,dept_238_closure_2021-07-24,2021-08-22,2021-08,1,1,0.1724137931034483,405135|238|2021-07-24,0.4585591421182813,1.9877863437271066
405726,238,2021-07-24,2021-08-21,29,treatment,1,0.42036664,0,dept_238_closure_2021-07-24,2021-08-22,2021-08,1,1,0.0,405726|238|2021-07-24,0.10624824211828132,1.9877863437271066
405743,238,2021-07-24,2021-08-21,29,control,0,0.07092055,0,dept_238_closure_2021-07-24,2021-08-22,2021-08,1,1,0.0,405743|238|2021-07-24,-0.2431978478817187,1.9877863437271066
405786,238,2021-07-24,2021-08-21,29,control,0,0.71536714,1,dept_238_closure_2021-07-24,2021-08-22,2021-08,1,1,0.0,405786|238|2021-07-24,0.4012487421182813,1.9877863437271066
405810,238,2021-07-24,2021-08-21,29,treatment,1,0.46317428,0,dept_238_closure_2021-07-24,2021-08-22,2021-08,1,1,0.0,405810|238|2021-07-24,0.1490558821182813,1.9877863437271066
406406,238,2021-07-24,2021-08-21,29,treatment,1,0.73723996,1,dept_238_closure_2021-07-24,2021-08-22,2021-08,1,1,0.13793103448275862,406406|238|2021-07-24,0.42312156211828134,1.9877863437271066
407405,238,2021-07-24,2021-08-21,29,treatment,1,0.79873353,1,dept_238_closure_2021-07-24,2021-08-22,2021-08,1,1,0.0,407405|238|2021-07-24,0.48461513211828133,1.9877863437271066
407763,238,2021-07-24,2021-08-21,29,treatment,1,0.9648045,1,dept_238_closure_2021-07-24,2021-08-22,2021-08,1,1,0.2413793103448276,407763|238|2021-07-24,0.6506861021182813,1.9877863437271066
407849,238,2021-07-24,2021-08-21,29,treatment,1,0.9982496,1,dept_238_closure_2021-07-24,2021-08-22,2021-08,1,1,0.1724137931034483,407849|238|2021-07-24,0.6841312021182813,1.9877863437271066
408046,238,2021-07-24,2021-08-21,29,treatment,1,0.7707167,1,dept_238_closure_2021-07-24,2021-08-22,2021-08,1,1,0.06896551724137931,408046|238|2021-07-24,0.45659830211828134,1.9877863437271066
411504,238,2021-07-24,2021-08-21,29,treatment,1,0.91353935,1,dept_238_closure_2021-07-24,2021-08-22,2021-08,1,1,0.034482758620689655,411504|238|2021-07-24,0.5994209521182813,1.9877863437271066
411864,238,2021-07-24,2021-08-21,29,control,0,0.98653144,1,dept_238_closure_2021-07-24,2021-08-22,2021-08,1,1,0.06896551724137931,411864|238|2021-07-24,0.6724130421182813,1.9877863437271066
412438,238,2021-07-24,2021-08-21,29,treatment,1,0.23466337,0,dept_238_closure_2021-07-24,2021-08-22,2021-08,1,1,0.0,412438|238|2021-07-24,-0.07945502788171868,1.9877863437271066
413974,238,2021-07-24,2021-08-21,29,treatment,1,0.9797141,1,dept_238_closure_2021-07-24,2021-08-22,2021-08,1,1,0.06896551724137931,413974|238|2021-07-24,0.6655957021182813,1.9877863437271066
415317,238,2021-07-24,2021-08-21,29,control,0,0.8550413,1,dept_238_closure_2021-07-24,2021-08-22,2021-08,1,1,0.06896551724137931,415317|238|2021-07-24,0.5409229021182813,1.9877863437271066
415612,238,2021-07-24,2021-08-21,29,treatment,1,0.71990067,1,dept_238_closure_2021-07-24,2021-08-22,2021-08,1,1,0.034482758620689655,415612|238|2021-07-24,0.40578227211828133,1.9877863437271066
415617,238,2021-07-24,2021-08-21,29,control,0,0.926281,1,dept_238_closure_2021-07-24,2021-08-22,2021-08,1,1,0.0,415617|238|2021-07-24,0.6121626021182813,1.9877863437271066
416273,238,2021-07-24,2021-08-21,29,control,0,0.00401652,0,dept_238_closure_2021-07-24,2021-08-22,2021-08,1,1,0.0,416273|238|2021-07-24,-0.31010187788171867,1.9877863437271066
416531,238,2021-07-24,2021-08-21,29,control,0,0.006353349,0,dept_238_closure_2021-07-24,2021-08-22,2021-08,1,1,0.0,416531|238|2021-07-24,-0.3077650488817187,1.9877863437271066
417159,238,2021-07-24,2021-08-21,29,treatment,1,0.14969546,0,dept_238_closure_2021-07-24,2021-08-22,2021-08,1,1,0.0,417159|238|2021-07-24,-0.1644229378817187,1.9877863437271066
417380,238,2021-07-24,2021-08-21,29,treatment,1,0.005995,0,dept_238_closure_2021-07-24,2021-08-22,2021-08,1,1,0.06896551724137931,417380|238|2021-07-24,-0.3081233978817187,1.9877863437271066
417820,238,2021-07-24,2021-08-21,29,treatment,1,0.9942585,1,dept_238_closure_2021-07-24,2021-08-22,2021-08,1,1,0.06896551724137931,417820|238|2021-07-24,0.6801401021182814,1.9877863437271066
417949,238,2021-07-24,2021-08-21,29,treatment,1,0.022395432,0,dept_238_closure_2021-07-24,2021-08-22,2021-08,1,1,0.0,417949|238|2021-07-24,-0.2917229658817187,1.9877863437271066
418463,238,2021-07-24,2021-08-21,29,control,0,0.29697987,0,dept_238_closure_2021-07-24,2021-08-22,2021-08,1,1,0.0,418463|238|2021-07-24,-0.017138527881718713,1.9877863437271066
418632,238,2021-07-24,2021-08-21,29,control,0,0.011858568,0,dept_238_closure_2021-07-24,2021-08-22,2021-08,1,1,0.0,418632|238|2021-07-24,-0.3022598298817187,1.9877863437271066
419052,238,2021-07-24,2021-08-21,29,control,0,0.16868219,0,dept_238_closure_2021-07-24,2021-08-22,2021-08,1,1,0.0,419052|238|2021-07-24,-0.14543620788171868,1.9877863437271066
419103,238,2021-07-24,2021-08-21,29,treatment,1,0.46111485,0,dept_238_closure_2021-07-24,2021-08-22,2021-08,1,1,0.06896551724137931,419103|238|2021-07-24,0.14699645211828133,1.9877863437271066
419296,238,2021-07-24,2021-08-21,29,treatment,1,0.021407472,0,dept_238_closure_2021-07-24,2021-08-22,2021-08,1,1,0.0,419296|238|2021-07-24,-0.2927109258817187,1.9877863437271066
421679,238,2021-07-24,2021-08-21,29,treatment,1,0.71970797,1,dept_238_closure_2021-07-24,2021-08-22,2021-08,1,1,0.0,421679|238|2021-07-24,0.4055895721182813,1.9877863437271066
422166,238,2021-07-24,2021-08-21,29,control,0,0.919977,1,dept_238_closure_2021-07-24,2021-08-22,2021-08,1,1,0.034482758620689655,422166|238|2021-07-24,0.6058586021182814,1.9877863437271066
422406,238,2021-07-24,2021-08-21,29,control,0,0.27499256,0,dept_238_closure_2021-07-24,2021-08-22,2021-08,1,1,0.06896551724137931,422406|238|2021-07-24,-0.039125837881718695,1.9877863437271066
422889,238,2021-07-24,2021-08-21,29,treatment,1,0.19523704,0,dept_238_closure_2021-07-24,2021-08-22,2021-08,1,1,0.034482758620689655,422889|238|2021-07-24,-0.11888135788171869,1.9877863437271066
423449,238,2021-07-24,2021-08-21,29,treatment,1,0.07387643,0,dept_238_closure_2021-07-24,2021-08-22,2021-08,1,1,0.0,423449|238|2021-07-24,-0.2402419678817187,1.9877863437271066
424141,238,2021-07-24,2021-08-21,29,treatment,1,0.1801054,0,dept_238_closure_2021-07-24,2021-08-22,2021-08,1,1,0.0,424141|238|2021-07-24,-0.1340129978817187,1.9877863437271066
424304,238,2021-07-24,2021-08-21,29,control,0,0.1704596,0,dept_238_closure_2021-07-24,2021-08-22,2021-08,1,1,0.034482758620689655,424304|238|2021-07-24,-0.1436587978817187,1.9877863437271066
424782,238,2021-07-24,2021-08-21,29,control,0,0.13719718,0,dept_238_closure_2021-07-24,2021-08-22,2021-08,1,1,0.0,424782|238|2021-07-24,-0.1769212178817187,1.9877863437271066
425030,238,2021-07-24,2021-08-21,29,control,0,0.01816315,0,dept_238_closure_2021-07-24,2021-08-22,2021-08,1,1,0.0,425030|238|2021-07-24,-0.2959552478817187,1.9877863437271066
425633,238,2021-07-24,2021-08-21,29,control,0,0.022956943,0,dept_238_closure_2021-07-24,2021-08-22,2021-08,1,1,0.0,425633|238|2021-07-24,-0.2911614548817187,1.9877863437271066
425659,238,2021-07-24,2021-08-21,29,control,0,0.1295203,0,dept_238_closure_2021-07-24,2021-08-22,2021-08,1,1,0.0,425659|238|2021-07-24,-0.1845980978817187,1.9877863437271066
425869,238,2021-07-24,2021-08-21,29,treatment,1,0.02580913,0,dept_238_closure_2021-07-24,2021-08-22,2021-08,1,1,0.0,425869|238|2021-07-24,-0.2883092678817187,1.9877863437271066
426165,238,2021-07-24,2021-08-21,29,treatment,1,0.014937035,0,dept_238_closure_2021-07-24,2021-08-22,2021-08,1,1,0.0,426165|238|2021-07-24,-0.2991813628817187,1.9877863437271066
426266,238,2021-07-24,2021-08-21,29,treatment,1,0.26307428,0,dept_238_closure_2021-07-24,2021-08-22,2021-08,1,1,0.2413793103448276,426266|238|2021-07-24,-0.0510441178817187,1.9877863437271066
426512,238,2021-07-24,2021-08-21,29,control,0,0.97610563,1,dept_238_closure_2021-07-24,2021-08-22,2021-08,1,1,0.034482758620689655,426512|238|2021-07-24,0.6619872321182813,1.9877863437271066
427427,238,2021-07-24,2021-08-21,29,control,0,0.65042925,1,dept_238_closure_2021-07-24,2021-08-22,2021-08,1,1,0.0,427427|238|2021-07-24,0.33631085211828127,1.9877863437271066
427781,238,2021-07-24,2021-08-21,29,control,0,0.5505166,1,dept_238_closure_2021-07-24,2021-08-22,2021-08,1,1,0.034482758620689655,427781|238|2021-07-24,0.23639820211828133,1.9877863437271066
427908,238,2021-07-24,2021-08-21,29,treatment,1,0.9735903,1,dept_238_closure_2021-07-24,2021-08-22,2021-08,1,1,0.27586206896551724,427908|238|2021-07-24,0.6594719021182813,1.9877863437271066
428503,238,2021-07-24,2021-08-21,29,control,0,0.24589492,0,dept_238_closure_2021-07-24,2021-08-22,2021-08,1,1,0.0,428503|238|2021-07-24,-0.0682234778817187,1.9877863437271066
429064,238,2021-07-24,2021-08-21,29,control,0,0.005869015,0,dept_238_closure_2021-07-24,2021-08-22,2021-08,1,1,0.0,429064|238|2021-07-24,-0.3082493828817187,1.9877863437271066
429741,238,2021-07-24,2021-08-21,29,treatment,1,0.008453369,0,dept_238_closure_2021-07-24,2021-08-22,2021-08,1,1,0.0,429741|238|2021-07-24,-0.3056650288817187,1.9877863437271066
430028,238,2021-07-24,2021-08-21,29,treatment,1,0.121611744,0,dept_238_closure_2021-07-24,2021-08-22,2021-08,1,1,0.10344827586206896,430028|238|2021-07-24,-0.1925066538817187,1.9877863437271066
430912,238,2021-07-24,2021-08-21,29,control,0,0.48662448,0,dept_238_closure_2021-07-24,2021-08-22,2021-08,1,1,0.034482758620689655,430912|238|2021-07-24,0.17250608211828133,1.9877863437271066
431225,238,2021-07-24,2021-08-21,29,treatment,1,0.9992792,1,dept_238_closure_2021-07-24,2021-08-22,2021-08,1,1,0.4482758620689655,431225|238|2021-07-24,0.6851608021182813,1.9877863437271066
431504,238,2021-07-24,2021-08-21,29,treatment,1,0.55218124,1,dept_238_closure_2021-07-24,2021-08-22,2021-08,1,1,0.0,431504|238|2021-07-24,0.23806284211828133,1.9877863437271066
432082,238,2021-07-24,2021-08-21,29,control,0,0.64856654,1,dept_238_closure_2021-07-24,2021-08-22,2021-08,1,1,0.034482758620689655,432082|238|2021-07-24,0.33444814211828133,1.9877863437271066
434231,238,2021-07-24,2021-08-21,29,control,0,0.6525798,1,dept_238_closure_2021-07-24,2021-08-22,2021-08,1,1,0.0,434231|238|2021-07-24,0.33846140211828135,1.9877863437271066
434267,238,2021-07-24,2021-08-21,29,control,0,0.0064720144,0,dept_238_closure_2021-07-24,2021-08-22,2021-08,1,1,0.06896551724137931,434267|238|2021-07-24,-0.3076463834817187,1.9877863437271066
435025,238,2021-07-24,2021-08-21,29,control,0,0.04358941,0,dept_238_closure_2021-07-24,2021-08-22,2021-08,1,1,0.0,435025|238|2021-07-24,-0.2705289878817187,1.9877863437271066
435443,238,2021-07-24,2021-08-21,29,treatment,1,0.011589396,0,dept_238_closure_2021-07-24,2021-08-22,2021-08,1,1,0.0,435443|238|2021-07-24,-0.3025290018817187,1.9877863437271066
436630,238,2021-07-24,2021-08-21,29,treatment,1,0.058018956,0,dept_238_closure_2021-07-24,2021-08-22,2021-08,1,1,0.0,436630|238|2021-07-24,-0.2560994418817187,1.9877863437271066
436904,238,2021-07-24,2021-08-21,29,treatment,1,0.24030326,0,dept_238_closure_2021-07-24,2021-08-22,2021-08,1,1,0.0,436904|238|2021-07-24,-0.0738151378817187,1.9877863437271066
437073,238,2021-07-24,2021-08-21,29,treatment,1,0.07235724,0,dept_238_closure_2021-07-24,2021-08-22,2021-08,1,1,0.0,437073|238|2021-07-24,-0.2417611578817187,1.9877863437271066
438076,238,2021-07-24,2021-08-21,29,control,0,0.5129113,1,dept_238_closure_2021-07-24,2021-08-22,2021-08,1,1,0.06896551724137931,438076|238|2021-07-24,0.19879290211828127,1.9877863437271066
438576,238,2021-07-24,2021-08-21,29,treatment,1,0.5024985,1,dept_238_closure_2021-07-24,2021-08-22,2021-08,1,1,0.13793103448275862,438576|238|2021-07-24,0.18838010211828127,1.9877863437271066
439110,238,2021-07-24,2021-08-21,29,treatment,1,0.6762132,1,dept_238_closure_2021-07-24,2021-08-22,2021-08,1,1,0.0,439110|238|2021-07-24,0.36209480211828127,1.9877863437271066
439369,238,2021-07-24,2021-08-21,29,control,0,0.016249174,0,dept_238_closure_2021-07-24,2021-08-22,2021-08,1,1,0.0,439369|238|2021-07-24,-0.2978692238817187,1.9877863437271066
441480,238,2021-07-24,2021-08-21,29,control,0,0.4941583,0,dept_238_closure_2021-07-24,2021-08-22,2021-08,1,1,0.0,441480|238|2021-07-24,0.1800399021182813,1.9877863437271066
441560,238,2021-07-24,2021-08-21,29,treatment,1,0.90587556,1,dept_238_closure_2021-07-24,2021-08-22,2021-08,1,1,0.0,441560|238|2021-07-24,0.5917571621182813,1.9877863437271066
442238,238,2021-07-24,2021-08-21,29,control,0,0.97176176,1,dept_238_closure_2021-07-24,2021-08-22,2021-08,1,1,0.4482758620689655,442238|238|2021-07-24,0.6576433621182813,1.9877863437271066
442343,238,2021-07-24,2021-08-21,29,control,0,0.58354163,1,dept_238_closure_2021-07-24,2021-08-22,2021-08,1,1,0.0,442343|238|2021-07-24,0.26942323211828134,1.9877863437271066
442990,238,2021-07-24,2021-08-21,29,control,0,0.14229569,0,dept_238_closure_2021-07-24,2021-08-22,2021-08,1,1,0.0,442990|238|2021-07-24,-0.1718227078817187,1.9877863437271066
443425,238,2021-07-24,2021-08-21,29,control,0,0.048779916,0,dept_238_closure_2021-07-24,2021-08-22,2021-08,1,1,0.06896551724137931,443425|238|2021-07-24,-0.2653384818817187,1.9877863437271066
443929,238,2021-07-24,2021-08-21,29,control,0,0.8210698,1,dept_238_closure_2021-07-24,2021-08-22,2021-08,1,1,0.0,443929|238|2021-07-24,0.5069514021182813,1.9877863437271066
443988,238,2021-07-24,2021-08-21,29,treatment,1,0.11358088,0,dept_238_closure_2021-07-24,2021-08-22,2021-08,1,1,0.0,443988|238|2021-07-24,-0.2005375178817187,1.9877863437271066
444020,238,2021-07-24,2021-08-21,29,control,0,0.54172105,1,dept_238_closure_2021-07-24,2021-08-22,2021-08,1,1,0.0,444020|238|2021-07-24,0.22760265211828135,1.9877863437271066
444069,238,2021-07-24,2021-08-21,29,control,0,0.078245156,0,dept_238_closure_2021-07-24,2021-08-22,2021-08,1,1,0.0,444069|238|2021-07-24,-0.2358732418817187,1.9877863437271066
444291,238,2021-07-24,2021-08-21,29,control,0,0.4583865,0,dept_238_closure_2021-07-24,2021-08-22,2021-08,1,1,0.0,444291|238|2021-07-24,0.14426810211828128,1.9877863437271066
446117,238,2021-07-24,2021-08-21,29,control,0,0.73864734,1,dept_238_closure_2021-07-24,2021-08-22,2021-08,1,1,0.06896551724137931,446117|238|2021-07-24,0.4245289421182813,1.9877863437271066
446467,238,2021-07-24,2021-08-21,29,control,0,0.9863833,1,dept_238_closure_2021-07-24,2021-08-22,2021-08,1,1,0.06896551724137931,446467|238|2021-07-24,0.6722649021182813,1.9877863437271066
446496,238,2021-07-24,2021-08-21,29,treatment,1,0.1542173,0,dept_238_closure_2021-07-24,2021-08-22,2021-08,1,1,0.0,446496|238|2021-07-24,-0.1599010978817187,1.9877863437271066
446839,238,2021-07-24,2021-08-21,29,control,0,0.43609643,0,dept_238_closure_2021-07-24,2021-08-22,2021-08,1,1,0.0,446839|238|2021-07-24,0.12197803211828129,1.9877863437271066
447268,238,2021-07-24,2021-08-21,29,control,0,0.43873808,0,dept_238_closure_2021-07-24,2021-08-22,2021-08,1,1,0.20689655172413793,447268|238|2021-07-24,0.12461968211828128,1.9877863437271066
447352,238,2021-07-24,2021-08-21,29,control,0,0.013839217,0,dept_238_closure_2021-07-24,2021-08-22,2021-08,1,1,0.0,447352|238|2021-07-24,-0.3002791808817187,1.9877863437271066
448994,238,2021-07-24,2021-08-21,29,control,0,0.12745275,0,dept_238_closure_2021-07-24,2021-08-22,2021-08,1,1,0.0,448994|238|2021-07-24,-0.1866656478817187,1.9877863437271066
449958,238,2021-07-24,2021-08-21,29,control,0,0.94220513,1,dept_238_closure_2021-07-24,2021-08-22,2021-08,1,1,0.034482758620689655,449958|238|2021-07-24,0.6280867321182813,1.9877863437271066
451536,238,2021-07-24,2021-08-21,29,treatment,1,0.30993178,0,dept_238_closure_2021-07-24,2021-08-22,2021-08,1,1,0.034482758620689655,451536|238|2021-07-24,-0.004186617881718702,1.9877863437271066
451739,238,2021-07-24,2021-08-21,29,control,0,0.01702285,0,dept_238_closure_2021-07-24,2021-08-22,2021-08,1,1,0.0,451739|238|2021-07-24,-0.2970955478817187,1.9877863437271066
454787,238,2021-07-24,2021-08-21,29,treatment,1,0.4262435,0,dept_238_closure_2021-07-24,2021-08-22,2021-08,1,1,0.0,454787|238|2021-07-24,0.1121251021182813,1.9877863437271066
455190,238,2021-07-24,2021-08-21,29,treatment,1,0.9926963,1,dept_238_closure_2021-07-24,2021-08-22,2021-08,1,1,0.0,455190|238|2021-07-24,0.6785779021182813,1.9877863437271066
456058,238,2021-07-24,2021-08-21,29,treatment,1,0.85299283,1,dept_238_closure_2021-07-24,2021-08-22,2021-08,1,1,0.0,456058|238|2021-07-24,0.5388744321182813,1.9877863437271066
456071,238,2021-07-24,2021-08-21,29,control,0,0.87613654,1,dept_238_closure_2021-07-24,2021-08-22,2021-08,1,1,0.06896551724137931,456071|238|2021-07-24,0.5620181421182813,1.9877863437271066
456116,238,2021-07-24,2021-08-21,29,control,0,0.6298234,1,dept_238_closure_2021-07-24,2021-08-22,2021-08,1,1,0.2413793103448276,456116|238|2021-07-24,0.31570500211828134,1.9877863437271066
456559,238,2021-07-24,2021-08-21,29,treatment,1,0.9993954,1,dept_238_closure_2021-07-24,2021-08-22,2021-08,1,1,0.3793103448275862,456559|238|2021-07-24,0.6852770021182814,1.9877863437271066
456726,238,2021-07-24,2021-08-21,29,control,0,0.118899934,0,dept_238_closure_2021-07-24,2021-08-22,2021-08,1,1,0.034482758620689655,456726|238|2021-07-24,-0.1952184638817187,1.9877863437271066
457091,238,2021-07-24,2021-08-21,29,treatment,1,0.2735279,0,dept_238_closure_2021-07-24,2021-08-22,2021-08,1,1,0.0,457091|238|2021-07-24,-0.0405904978817187,1.9877863437271066
458087,238,2021-07-24,2021-08-21,29,treatment,1,0.9767918,1,dept_238_closure_2021-07-24,2021-08-22,2021-08,1,1,0.0,458087|238|2021-07-24,0.6626734021182813,1.9877863437271066
458580,238,2021-07-24,2021-08-21,29,treatment,1,0.04200684,0,dept_238_closure_2021-07-24,2021-08-22,2021-08,1,1,0.0,458580|238|2021-07-24,-0.2721115578817187,1.9877863437271066
459036,238,2021-07-24,2021-08-21,29,control,0,0.97014254,1,dept_238_closure_2021-07-24,2021-08-22,2021-08,1,1,0.034482758620689655,459036|238|2021-07-24,0.6560241421182813,1.9877863437271066
459552,238,2021-07-24,2021-08-21,29,control,0,0.9698835,1,dept_238_closure_2021-07-24,2021-08-22,2021-08,1,1,0.034482758620689655,459552|238|2021-07-24,0.6557651021182813,1.9877863437271066
459807,238,2021-07-24,2021-08-21,29,treatment,1,0.04781263,0,dept_238_closure_2021-07-24,2021-08-22,2021-08,1,1,0.034482758620689655,459807|238|2021-07-24,-0.26630576788171867,1.9877863437271066
460184,238,2021-07-24,2021-08-21,29,treatment,1,0.7277227,1,dept_238_closure_2021-07-24,2021-08-22,2021-08,1,1,0.0,460184|238|2021-07-24,0.41360430211828125,1.9877863437271066
460369,238,2021-07-24,2021-08-21,29,control,0,0.052338887,0,dept_238_closure_2021-07-24,2021-08-22,2021-08,1,1,0.034482758620689655,460369|238|2021-07-24,-0.2617795108817187,1.9877863437271066
460512,238,2021-07-24,2021-08-21,29,treatment,1,0.061410476,0,dept_238_closure_2021-07-24,2021-08-22,2021-08,1,1,0.0,460512|238|2021-07-24,-0.2527079218817187,1.9877863437271066
461050,238,2021-07-24,2021-08-21,29,control,0,0.010775405,0,dept_238_closure_2021-07-24,2021-08-22,2021-08,1,1,0.0,461050|238|2021-07-24,-0.3033429928817187,1.9877863437271066
462428,238,2021-07-24,2021-08-21,29,control,0,0.38935634,0,dept_238_closure_2021-07-24,2021-08-22,2021-08,1,1,0.0,462428|238|2021-07-24,0.07523794211828133,1.9877863437271066
462833,238,2021-07-24,2021-08-21,29,control,0,0.0032718736,0,dept_238_closure_2021-07-24,2021-08-22,2021-08,1,1,0.0,462833|238|2021-07-24,-0.3108465242817187,1.9877863437271066
463175,238,2021-07-24,2021-08-21,29,treatment,1,0.48887864,0,dept_238_closure_2021-07-24,2021-08-22,2021-08,1,1,0.0,463175|238|2021-07-24,0.17476024211828128,1.9877863437271066
464087,238,2021-07-24,2021-08-21,29,treatment,1,0.029296428,0,dept_238_closure_2021-07-24,2021-08-22,2021-08,1,1,0.0,464087|238|2021-07-24,-0.2848219698817187,1.9877863437271066
465401,238,2021-07-24,2021-08-21,29,control,0,0.12264991,0,dept_238_closure_2021-07-24,2021-08-22,2021-08,1,1,0.0,465401|238|2021-07-24,-0.1914684878817187,1.9877863437271066
466207,238,2021-07-24,2021-08-21,29,control,0,0.9990964,1,dept_238_closure_2021-07-24,2021-08-22,2021-08,1,1,0.10344827586206896,466207|238|2021-07-24,0.6849780021182813,1.9877863437271066
468495,238,2021-07-24,2021-08-21,29,control,0,0.09940887,0,dept_238_closure_2021-07-24,2021-08-22,2021-08,1,1,0.0,468495|238|2021-07-24,-0.2147095278817187,1.9877863437271066
470386,238,2021-07-24,2021-08-21,29,control,0,0.13064665,0,dept_238_closure_2021-07-24,2021-08-22,2021-08,1,1,0.0,470386|238|2021-07-24,-0.1834717478817187,1.9877863437271066
470503,238,2021-07-24,2021-08-21,29,control,0,0.97838163,1,dept_238_closure_2021-07-24,2021-08-22,2021-08,1,1,0.20689655172413793,470503|238|2021-07-24,0.6642632321182813,1.9877863437271066
471938,238,2021-07-24,2021-08-21,29,control,0,0.89868724,1,dept_238_closure_2021-07-24,2021-08-22,2021-08,1,1,0.0,471938|238|2021-07-24,0.5845688421182813,1.9877863437271066
472550,238,2021-07-24,2021-08-21,29,control,0,0.9592528,1,dept_238_closure_2021-07-24,2021-08-22,2021-08,1,1,0.3793103448275862,472550|238|2021-07-24,0.6451344021182813,1.9877863437271066
472815,238,2021-07-24,2021-08-21,29,treatment,1,0.99735546,1,dept_238_closure_2021-07-24,2021-08-22,2021-08,1,1,0.13793103448275862,472815|238|2021-07-24,0.6832370621182813,1.9877863437271066
473052,238,2021-07-24,2021-08-21,29,control,0,0.6313461,1,dept_238_closure_2021-07-24,2021-08-22,2021-08,1,1,0.0,473052|238|2021-07-24,0.31722770211828133,1.9877863437271066
473366,238,2021-07-24,2021-08-21,29,control,0,0.013752109,0,dept_238_closure_2021-07-24,2021-08-22,2021-08,1,1,0.0,473366|238|2021-07-24,-0.3003662888817187,1.9877863437271066
473479,238,2021-07-24,2021-08-21,29,treatment,1,0.99262685,1,dept_238_closure_2021-07-24,2021-08-22,2021-08,1,1,0.0,473479|238|2021-07-24,0.6785084521182813,1.9877863437271066
474290,238,2021-07-24,2021-08-21,29,treatment,1,0.9998646,1,dept_238_closure_2021-07-24,2021-08-22,2021-08,1,1,0.27586206896551724,474290|238|2021-07-24,0.6857462021182813,1.9877863437271066
474685,238,2021-07-24,2021-08-21,29,treatment,1,0.56533533,1,dept_238_closure_2021-07-24,2021-08-22,2021-08,1,1,0.10344827586206896,474685|238|2021-07-24,0.25121693211828133,1.9877863437271066
476080,238,2021-07-24,2021-08-21,29,control,0,0.96460086,1,dept_238_closure_2021-07-24,2021-08-22,2021-08,1,1,0.034482758620689655,476080|238|2021-07-24,0.6504824621182813,1.9877863437271066
476182,238,2021-07-24,2021-08-21,29,control,0,0.96989685,1,dept_238_closure_2021-07-24,2021-08-22,2021-08,1,1,0.034482758620689655,476182|238|2021-07-24,0.6557784521182813,1.9877863437271066
480137,238,2021-07-24,2021-08-21,29,treatment,1,0.0330814,0,dept_238_closure_2021-07-24,2021-08-22,2021-08,1,1,0.0,480137|238|2021-07-24,-0.2810369978817187,1.9877863437271066
480564,238,2021-07-24,2021-08-21,29,control,0,0.88111657,1,dept_238_closure_2021-07-24,2021-08-22,2021-08,1,1,0.0,480564|238|2021-07-24,0.5669981721182813,1.9877863437271066
480901,238,2021-07-24,2021-08-21,29,control,0,0.81039935,1,dept_238_closure_2021-07-24,2021-08-22,2021-08,1,1,0.0,480901|238|2021-07-24,0.49628095211828127,1.9877863437271066
481170,238,2021-07-24,2021-08-21,29,treatment,1,0.2314394,0,dept_238_closure_2021-07-24,2021-08-22,2021-08,1,1,0.0,481170|238|2021-07-24,-0.0826789978817187,1.9877863437271066
482121,238,2021-07-24,2021-08-21,29,control,0,0.9465035,1,dept_238_closure_2021-07-24,2021-08-22,2021-08,1,1,0.0,482121|238|2021-07-24,0.6323851021182814,1.9877863437271066
482462,238,2021-07-24,2021-08-21,29,treatment,1,0.34926072,0,dept_238_closure_2021-07-24,2021-08-22,2021-08,1,1,0.10344827586206896,482462|238|2021-07-24,0.03514232211828133,1.9877863437271066
483338,238,2021-07-24,2021-08-21,29,control,0,0.12665111,0,dept_238_closure_2021-07-24,2021-08-22,2021-08,1,1,0.0,483338|238|2021-07-24,-0.18746728788171868,1.9877863437271066
483419,238,2021-07-24,2021-08-21,29,control,0,0.40849802,0,dept_238_closure_2021-07-24,2021-08-22,2021-08,1,1,0.0,483419|238|2021-07-24,0.09437962211828133,1.9877863437271066
483471,238,2021-07-24,2021-08-21,29,control,0,0.011947012,0,dept_238_closure_2021-07-24,2021-08-22,2021-08,1,1,0.0,483471|238|2021-07-24,-0.3021713858817187,1.9877863437271066
483488,238,2021-07-24,2021-08-21,29,treatment,1,0.009261522,0,dept_238_closure_2021-07-24,2021-08-22,2021-08,1,1,0.0,483488|238|2021-07-24,-0.30485687588171867,1.9877863437271066
484857,238,2021-07-24,2021-08-21,29,control,0,0.97434413,1,dept_238_closure_2021-07-24,2021-08-22,2021-08,1,1,0.0,484857|238|2021-07-24,0.6602257321182813,1.9877863437271066
484905,238,2021-07-24,2021-08-21,29,control,0,0.80164605,1,dept_238_closure_2021-07-24,2021-08-22,2021-08,1,1,0.10344827586206896,484905|238|2021-07-24,0.4875276521182813,1.9877863437271066
485164,238,2021-07-24,2021-08-21,29,control,0,0.005391615,0,dept_238_closure_2021-07-24,2021-08-22,2021-08,1,1,0.0,485164|238|2021-07-24,-0.3087267828817187,1.9877863437271066
485944,238,2021-07-24,2021-08-21,29,treatment,1,0.13802955,0,dept_238_closure_2021-07-24,2021-08-22,2021-08,1,1,0.0,485944|238|2021-07-24,-0.1760888478817187,1.9877863437271066
486918,238,2021-07-24,2021-08-21,29,treatment,1,0.26757544,0,dept_238_closure_2021-07-24,2021-08-22,2021-08,1,1,0.034482758620689655,486918|238|2021-07-24,-0.046542957881718694,1.9877863437271066
487470,238,2021-07-24,2021-08-21,29,control,0,0.51609886,1,dept_238_closure_2021-07-24,2021-08-22,2021-08,1,1,0.0,487470|238|2021-07-24,0.20198046211828136,1.9877863437271066
487535,238,2021-07-24,2021-08-21,29,control,0,0.19152445,0,dept_238_closure_2021-07-24,2021-08-22,2021-08,1,1,0.034482758620689655,487535|238|2021-07-24,-0.12259394788171868,1.9877863437271066
489325,238,2021-07-24,2021-08-21,29,control,0,0.046653595,0,dept_238_closure_2021-07-24,2021-08-22,2021-08,1,1,0.0,489325|238|2021-07-24,-0.2674648028817187,1.9877863437271066
490688,238,2021-07-24,2021-08-21,29,treatment,1,0.045043457,0,dept_238_closure_2021-07-24,2021-08-22,2021-08,1,1,0.06896551724137931,490688|238|2021-07-24,-0.2690749408817187,1.9877863437271066
490869,238,2021-07-24,2021-08-21,29,treatment,1,0.36098287,0,dept_238_closure_2021-07-24,2021-08-22,2021-08,1,1,0.06896551724137931,490869|238|2021-07-24,0.04686447211828132,1.9877863437271066
491057,238,2021-07-24,2021-08-21,29,control,0,0.4116701,0,dept_238_closure_2021-07-24,2021-08-22,2021-08,1,1,0.06896551724137931,491057|238|2021-07-24,0.09755170211828129,1.9877863437271066
491687,238,2021-07-24,2021-08-21,29,control,0,0.010598058,0,dept_238_closure_2021-07-24,2021-08-22,2021-08,1,1,0.0,491687|238|2021-07-24,-0.30352033988171867,1.9877863437271066
492153,238,2021-07-24,2021-08-21,29,treatment,1,0.10858282,0,dept_238_closure_2021-07-24,2021-08-22,2021-08,1,1,0.034482758620689655,492153|238|2021-07-24,-0.2055355778817187,1.9877863437271066
492660,238,2021-07-24,2021-08-21,29,treatment,1,0.5772072,1,dept_238_closure_2021-07-24,2021-08-22,2021-08,1,1,0.0,492660|238|2021-07-24,0.26308880211828134,1.9877863437271066
492692,238,2021-07-24,2021-08-21,29,control,0,0.0037429302,0,dept_238_closure_2021-07-24,2021-08-22,2021-08,1,1,0.0,492692|238|2021-07-24,-0.3103754676817187,1.9877863437271066
492873,238,2021-07-24,2021-08-21,29,control,0,0.3191638,0,dept_238_closure_2021-07-24,2021-08-22,2021-08,1,1,0.0,492873|238|2021-07-24,0.005045402118281306,1.9877863437271066
493370,238,2021-07-24,2021-08-21,29,control,0,0.9831344,1,dept_238_closure_2021-07-24,2021-08-22,2021-08,1,1,0.034482758620689655,493370|238|2021-07-24,0.6690160021182813,1.9877863437271066
494051,238,2021-07-24,2021-08-21,29,control,0,0.5702031,1,dept_238_closure_2021-07-24,2021-08-22,2021-08,1,1,0.034482758620689655,494051|238|2021-07-24,0.25608470211828127,1.9877863437271066
494067,238,2021-07-24,2021-08-21,29,treatment,1,0.69134337,1,dept_238_closure_2021-07-24,2021-08-22,2021-08,1,1,0.0,494067|238|2021-07-24,0.3772249721182813,1.9877863437271066
494110,238,2021-07-24,2021-08-21,29,control,0,0.98204523,1,dept_238_closure_2021-07-24,2021-08-22,2021-08,1,1,0.2413793103448276,494110|238|2021-07-24,0.6679268321182813,1.9877863437271066
495245,238,2021-07-24,2021-08-21,29,treatment,1,0.0034211378,0,dept_238_closure_2021-07-24,2021-08-22,2021-08,1,1,0.06896551724137931,495245|238|2021-07-24,-0.3106972600817187,1.9877863437271066
495379,238,2021-07-24,2021-08-21,29,control,0,0.9459229,1,dept_238_closure_2021-07-24,2021-08-22,2021-08,1,1,0.5517241379310345,495379|238|2021-07-24,0.6318045021182813,1.9877863437271066
496183,238,2021-07-24,2021-08-21,29,treatment,1,0.28426245,0,dept_238_closure_2021-07-24,2021-08-22,2021-08,1,1,0.034482758620689655,496183|238|2021-07-24,-0.029855947881718692,1.9877863437271066
496494,238,2021-07-24,2021-08-21,29,treatment,1,0.10348473,0,dept_238_closure_2021-07-24,2021-08-22,2021-08,1,1,0.0,496494|238|2021-07-24,-0.2106336678817187,1.9877863437271066
496632,238,2021-07-24,2021-08-21,29,control,0,0.9679759,1,dept_238_closure_2021-07-24,2021-08-22,2021-08,1,1,0.1724137931034483,496632|238|2021-07-24,0.6538575021182813,1.9877863437271066
496897,238,2021-07-24,2021-08-21,29,treatment,1,0.07313367,0,dept_238_closure_2021-07-24,2021-08-22,2021-08,1,1,0.0,496897|238|2021-07-24,-0.2409847278817187,1.9877863437271066
497794,238,2021-07-24,2021-08-21,29,treatment,1,0.88314086,1,dept_238_closure_2021-07-24,2021-08-22,2021-08,1,1,0.0,497794|238|2021-07-24,0.5690224621182813,1.9877863437271066
498786,238,2021-07-24,2021-08-21,29,treatment,1,0.94782764,1,dept_238_closure_2021-07-24,2021-08-22,2021-08,1,1,0.10344827586206896,498786|238|2021-07-24,0.6337092421182813,1.9877863437271066
498982,238,2021-07-24,2021-08-21,29,treatment,1,0.19587089,0,dept_238_closure_2021-07-24,2021-08-22,2021-08,1,1,0.0,498982|238|2021-07-24,-0.1182475078817187,1.9877863437271066
499868,238,2021-07-24,2021-08-21,29,control,0,0.013535306,0,dept_238_closure_2021-07-24,2021-08-22,2021-08,1,1,0.034482758620689655,499868|238|2021-07-24,-0.30058309188171867,1.9877863437271066
499887,238,2021-07-24,2021-08-21,29,treatment,1,0.5456292,1,dept_238_closure_2021-07-24,2021-08-22,2021-08,1,1,0.034482758620689655,499887|238|2021-07-24,0.23151080211828134,1.9877863437271066
499950,238,2021-07-24,2021-08-21,29,control,0,0.022445051,0,dept_238_closure_2021-07-24,2021-08-22,2021-08,1,1,0.0,499950|238|2021-07-24,-0.2916733468817187,1.9877863437271066
501179,238,2021-07-24,2021-08-21,29,control,0,0.02851293,0,dept_238_closure_2021-07-24,2021-08-22,2021-08,1,1,0.0,501179|238|2021-07-24,-0.2856054678817187,1.9877863437271066
502167,238,2021-07-24,2021-08-21,29,control,0,0.89505225,1,dept_238_closure_2021-07-24,2021-08-22,2021-08,1,1,0.06896551724137931,502167|238|2021-07-24,0.5809338521182813,1.9877863437271066
502854,238,2021-07-24,2021-08-21,29,treatment,1,0.9798533,1,dept_238_closure_2021-07-24,2021-08-22,2021-08,1,1,0.034482758620689655,502854|238|2021-07-24,0.6657349021182813,1.9877863437271066
503429,238,2021-07-24,2021-08-21,29,treatment,1,0.09841613,0,dept_238_closure_2021-07-24,2021-08-22,2021-08,1,1,0.0,503429|238|2021-07-24,-0.2157022678817187,1.9877863437271066
503969,238,2021-07-24,2021-08-21,29,control,0,0.052064247,0,dept_238_closure_2021-07-24,2021-08-22,2021-08,1,1,0.0,503969|238|2021-07-24,-0.2620541508817187,1.9877863437271066
504070,238,2021-07-24,2021-08-21,29,control,0,0.18276611,0,dept_238_closure_2021-07-24,2021-08-22,2021-08,1,1,0.06896551724137931,504070|238|2021-07-24,-0.13135228788171868,1.9877863437271066
506121,238,2021-07-24,2021-08-21,29,treatment,1,0.27028742,0,dept_238_closure_2021-07-24,2021-08-22,2021-08,1,1,0.0,506121|238|2021-07-24,-0.04383097788171869,1.9877863437271066
506433,238,2021-07-24,2021-08-21,29,treatment,1,0.83444494,1,dept_238_closure_2021-07-24,2021-08-22,2021-08,1,1,0.13793103448275862,506433|238|2021-07-24,0.5203265421182813,1.9877863437271066
506647,238,2021-07-24,2021-08-21,29,treatment,1,0.22001964,0,dept_238_closure_2021-07-24,2021-08-22,2021-08,1,1,0.0,506647|238|2021-07-24,-0.0940987578817187,1.9877863437271066
506725,238,2021-07-24,2021-08-21,29,control,0,0.78351796,1,dept_238_closure_2021-07-24,2021-08-22,2021-08,1,1,0.0,506725|238|2021-07-24,0.46939956211828127,1.9877863437271066
507643,238,2021-07-24,2021-08-21,29,treatment,1,0.57326275,1,dept_238_closure_2021-07-24,2021-08-22,2021-08,1,1,0.034482758620689655,507643|238|2021-07-24,0.25914435211828135,1.9877863437271066
508382,238,2021-07-24,2021-08-21,29,control,0,0.98576826,1,dept_238_closure_2021-07-24,2021-08-22,2021-08,1,1,0.06896551724137931,508382|238|2021-07-24,0.6716498621182813,1.9877863437271066
508797,238,2021-07-24,2021-08-21,29,control,0,0.1023539,0,dept_238_closure_2021-07-24,2021-08-22,2021-08,1,1,0.0,508797|238|2021-07-24,-0.2117644978817187,1.9877863437271066
508905,238,2021-07-24,2021-08-21,29,control,0,0.94879556,1,dept_238_closure_2021-07-24,2021-08-22,2021-08,1,1,0.034482758620689655,508905|238|2021-07-24,0.6346771621182813,1.9877863437271066
508974,238,2021-07-24,2021-08-21,29,treatment,1,0.08912995,0,dept_238_closure_2021-07-24,2021-08-22,2021-08,1,1,0.0,508974|238|2021-07-24,-0.22498844788171868,1.9877863437271066
509039,238,2021-07-24,2021-08-21,29,control,0,0.90357757,1,dept_238_closure_2021-07-24,2021-08-22,2021-08,1,1,0.06896551724137931,509039|238|2021-07-24,0.5894591721182814,1.9877863437271066
509782,238,2021-07-24,2021-08-21,29,control,0,0.9498897,1,dept_238_closure_2021-07-24,2021-08-22,2021-08,1,1,0.10344827586206896,509782|238|2021-07-24,0.6357713021182813,1.9877863437271066
510209,238,2021-07-24,2021-08-21,29,treatment,1,0.072747886,0,dept_238_closure_2021-07-24,2021-08-22,2021-08,1,1,0.034482758620689655,510209|238|2021-07-24,-0.2413705118817187,1.9877863437271066
510566,238,2021-07-24,2021-08-21,29,control,0,0.092803754,0,dept_238_closure_2021-07-24,2021-08-22,2021-08,1,1,0.0,510566|238|2021-07-24,-0.22131464388171868,1.9877863437271066
511799,238,2021-07-24,2021-08-21,29,treatment,1,0.9924233,1,dept_238_closure_2021-07-24,2021-08-22,2021-08,1,1,0.034482758620689655,511799|238|2021-07-24,0.6783049021182813,1.9877863437271066
511864,238,2021-07-24,2021-08-21,29,control,0,0.2531218,0,dept_238_closure_2021-07-24,2021-08-22,2021-08,1,1,0.034482758620689655,511864|238|2021-07-24,-0.060996597881718684,1.9877863437271066
512868,238,2021-07-24,2021-08-21,29,control,0,0.7570258,1,dept_238_closure_2021-07-24,2021-08-22,2021-08,1,1,0.034482758620689655,512868|238|2021-07-24,0.4429074021182813,1.9877863437271066
513031,238,2021-07-24,2021-08-21,29,treatment,1,0.122966595,0,dept_238_closure_2021-07-24,2021-08-22,2021-08,1,1,0.06896551724137931,513031|238|2021-07-24,-0.19115180288171868,1.9877863437271066
513034,238,2021-07-24,2021-08-21,29,treatment,1,0.8553836,1,dept_238_closure_2021-07-24,2021-08-22,2021-08,1,1,0.06896551724137931,513034|238|2021-07-24,0.5412652021182813,1.9877863437271066
514093,238,2021-07-24,2021-08-21,29,control,0,0.010722576,0,dept_238_closure_2021-07-24,2021-08-22,2021-08,1,1,0.0,514093|238|2021-07-24,-0.3033958218817187,1.9877863437271066
514106,238,2021-07-24,2021-08-21,29,control,0,0.5177747,1,dept_238_closure_2021-07-24,2021-08-22,2021-08,1,1,0.10344827586206896,514106|238|2021-07-24,0.20365630211828134,1.9877863437271066
514149,238,2021-07-24,2021-08-21,29,treatment,1,0.033899073,0,dept_238_closure_2021-07-24,2021-08-22,2021-08,1,1,0.034482758620689655,514149|238|2021-07-24,-0.2802193248817187,1.9877863437271066
514656,238,2021-07-24,2021-08-21,29,treatment,1,0.101374544,0,dept_238_closure_2021-07-24,2021-08-22,2021-08,1,1,0.034482758620689655,514656|238|2021-07-24,-0.21274385388171868,1.9877863437271066
515352,238,2021-07-24,2021-08-21,29,treatment,1,0.17860675,0,dept_238_closure_2021-07-24,2021-08-22,2021-08,1,1,0.0,515352|238|2021-07-24,-0.13551164788171868,1.9877863437271066
515367,238,2021-07-24,2021-08-21,29,treatment,1,0.35733703,0,dept_238_closure_2021-07-24,2021-08-22,2021-08,1,1,0.0,515367|238|2021-07-24,0.04321863211828131,1.9877863437271066
517426,238,2021-07-24,2021-08-21,29,control,0,0.9867061,1,dept_238_closure_2021-07-24,2021-08-22,2021-08,1,1,0.10344827586206896,517426|238|2021-07-24,0.6725877021182813,1.9877863437271066
518229,238,2021-07-24,2021-08-21,29,treatment,1,0.0064271893,0,dept_238_closure_2021-07-24,2021-08-22,2021-08,1,1,0.0,518229|238|2021-07-24,-0.30769120858171867,1.9877863437271066
518759,238,2021-07-24,2021-08-21,29,control,0,0.6350041,1,dept_238_closure_2021-07-24,2021-08-22,2021-08,1,1,0.10344827586206896,518759|238|2021-07-24,0.32088570211828127,1.9877863437271066
518928,238,2021-07-24,2021-08-21,29,control,0,0.8549741,1,dept_238_closure_2021-07-24,2021-08-22,2021-08,1,1,0.06896551724137931,518928|238|2021-07-24,0.5408557021182813,1.9877863437271066
519227,238,2021-07-24,2021-08-21,29,control,0,0.83029693,1,dept_238_closure_2021-07-24,2021-08-22,2021-08,1,1,0.0,519227|238|2021-07-24,0.5161785321182814,1.9877863437271066
519604,238,2021-07-24,2021-08-21,29,treatment,1,0.34980762,0,dept_238_closure_2021-07-24,2021-08-22,2021-08,1,1,0.0,519604|238|2021-07-24,0.035689222118281294,1.9877863437271066
520015,238,2021-07-24,2021-08-21,29,treatment,1,0.89738244,1,dept_238_closure_2021-07-24,2021-08-22,2021-08,1,1,0.034482758620689655,520015|238|2021-07-24,0.5832640421182813,1.9877863437271066
520099,238,2021-07-24,2021-08-21,29,treatment,1,0.9588159,1,dept_238_closure_2021-07-24,2021-08-22,2021-08,1,1,0.1724137931034483,520099|238|2021-07-24,0.6446975021182814,1.9877863437271066
520717,238,2021-07-24,2021-08-21,29,control,0,0.7194027,1,dept_238_closure_2021-07-24,2021-08-22,2021-08,1,1,0.06896551724137931,520717|238|2021-07-24,0.40528430211828126,1.9877863437271066
520882,238,2021-07-24,2021-08-21,29,control,0,0.26004106,0,dept_238_closure_2021-07-24,2021-08-22,2021-08,1,1,0.0,520882|238|2021-07-24,-0.0540773378817187,1.9877863437271066
520890,238,2021-07-24,2021-08-21,29,treatment,1,0.15718105,0,dept_238_closure_2021-07-24,2021-08-22,2021-08,1,1,0.0,520890|238|2021-07-24,-0.1569373478817187,1.9877863437271066
521005,238,2021-07-24,2021-08-21,29,control,0,0.9254865,1,dept_238_closure_2021-07-24,2021-08-22,2021-08,1,1,0.034482758620689655,521005|238|2021-07-24,0.6113681021182813,1.9877863437271066
521116,238,2021-07-24,2021-08-21,29,control,0,0.22672881,0,dept_238_closure_2021-07-24,2021-08-22,2021-08,1,1,0.034482758620689655,521116|238|2021-07-24,-0.08738958788171869,1.9877863437271066
522563,238,2021-07-24,2021-08-21,29,control,0,0.6299284,1,dept_238_closure_2021-07-24,2021-08-22,2021-08,1,1,0.034482758620689655,522563|238|2021-07-24,0.31581000211828136,1.9877863437271066
522925,238,2021-07-24,2021-08-21,29,control,0,0.011063376,0,dept_238_closure_2021-07-24,2021-08-22,2021-08,1,1,0.0,522925|238|2021-07-24,-0.3030550218817187,1.9877863437271066
522934,238,2021-07-24,2021-08-21,29,treatment,1,0.966856,1,dept_238_closure_2021-07-24,2021-08-22,2021-08,1,1,0.2413793103448276,522934|238|2021-07-24,0.6527376021182814,1.9877863437271066
523066,238,2021-07-24,2021-08-21,29,treatment,1,0.030550892,0,dept_238_closure_2021-07-24,2021-08-22,2021-08,1,1,0.0,523066|238|2021-07-24,-0.2835675058817187,1.9877863437271066
523144,238,2021-07-24,2021-08-21,29,control,0,0.9978732,1,dept_238_closure_2021-07-24,2021-08-22,2021-08,1,1,0.3103448275862069,523144|238|2021-07-24,0.6837548021182813,1.9877863437271066
523261,238,2021-07-24,2021-08-21,29,control,0,0.028915897,0,dept_238_closure_2021-07-24,2021-08-22,2021-08,1,1,0.0,523261|238|2021-07-24,-0.28520250088171867,1.9877863437271066
523843,238,2021-07-24,2021-08-21,29,control,0,0.58063626,1,dept_238_closure_2021-07-24,2021-08-22,2021-08,1,1,0.034482758620689655,523843|238|2021-07-24,0.2665178621182813,1.9877863437271066
524325,238,2021-07-24,2021-08-21,29,treatment,1,0.02675526,0,dept_238_closure_2021-07-24,2021-08-22,2021-08,1,1,0.0,524325|238|2021-07-24,-0.2873631378817187,1.9877863437271066
524647,238,2021-07-24,2021-08-21,29,treatment,1,0.27265453,0,dept_238_closure_2021-07-24,2021-08-22,2021-08,1,1,0.20689655172413793,524647|238|2021-07-24,-0.041463867881718686,1.9877863437271066
524885,238,2021-07-24,2021-08-21,29,control,0,0.71478623,1,dept_238_closure_2021-07-24,2021-08-22,2021-08,1,1,0.034482758620689655,524885|238|2021-07-24,0.4006678321182813,1.9877863437271066
524933,238,2021-07-24,2021-08-21,29,control,0,0.9765072,1,dept_238_closure_2021-07-24,2021-08-22,2021-08,1,1,0.4482758620689655,524933|238|2021-07-24,0.6623888021182813,1.9877863437271066
525117,238,2021-07-24,2021-08-21,29,control,0,0.027427476,0,dept_238_closure_2021-07-24,2021-08-22,2021-08,1,1,0.0,525117|238|2021-07-24,-0.2866909218817187,1.9877863437271066
525598,238,2021-07-24,2021-08-21,29,control,0,0.9979297,1,dept_238_closure_2021-07-24,2021-08-22,2021-08,1,1,0.0,525598|238|2021-07-24,0.6838113021182813,1.9877863437271066
526520,238,2021-07-24,2021-08-21,29,control,0,0.8912523,1,dept_238_closure_2021-07-24,2021-08-22,2021-08,1,1,0.034482758620689655,526520|238|2021-07-24,0.5771339021182813,1.9877863437271066
527631,238,2021-07-24,2021-08-21,29,treatment,1,0.756335,1,dept_238_closure_2021-07-24,2021-08-22,2021-08,1,1,0.1724137931034483,527631|238|2021-07-24,0.4422166021182813,1.9877863437271066
527921,238,2021-07-24,2021-08-21,29,control,0,0.7066524,1,dept_238_closure_2021-07-24,2021-08-22,2021-08,1,1,0.0,527921|238|2021-07-24,0.39253400211828127,1.9877863437271066
527923,238,2021-07-24,2021-08-21,29,control,0,0.9954087,1,dept_238_closure_2021-07-24,2021-08-22,2021-08,1,1,0.41379310344827586,527923|238|2021-07-24,0.6812903021182813,1.9877863437271066
528921,238,2021-07-24,2021-08-21,29,control,0,0.6258954,1,dept_238_closure_2021-07-24,2021-08-22,2021-08,1,1,0.06896551724137931,528921|238|2021-07-24,0.3117770021182813,1.9877863437271066
528931,238,2021-07-24,2021-08-21,29,control,0,0.9885987,1,dept_238_closure_2021-07-24,2021-08-22,2021-08,1,1,0.034482758620689655,528931|238|2021-07-24,0.6744803021182814,1.9877863437271066
529012,238,2021-07-24,2021-08-21,29,treatment,1,0.3776817,0,dept_238_closure_2021-07-24,2021-08-22,2021-08,1,1,0.034482758620689655,529012|238|2021-07-24,0.06356330211828132,1.9877863437271066
529785,238,2021-07-24,2021-08-21,29,control,0,0.8767662,1,dept_238_closure_2021-07-24,2021-08-22,2021-08,1,1,0.4482758620689655,529785|238|2021-07-24,0.5626478021182814,1.9877863437271066
530135,238,2021-07-24,2021-08-21,29,control,0,0.34810472,0,dept_238_closure_2021-07-24,2021-08-22,2021-08,1,1,0.034482758620689655,530135|238|2021-07-24,0.03398632211828129,1.9877863437271066
530160,238,2021-07-24,2021-08-21,29,control,0,0.17028114,0,dept_238_closure_2021-07-24,2021-08-22,2021-08,1,1,0.0,530160|238|2021-07-24,-0.1438372578817187,1.9877863437271066
530207,238,2021-07-24,2021-08-21,29,control,0,0.99495304,1,dept_238_closure_2021-07-24,2021-08-22,2021-08,1,1,0.13793103448275862,530207|238|2021-07-24,0.6808346421182813,1.9877863437271066
530543,238,2021-07-24,2021-08-21,29,control,0,0.841229,1,dept_238_closure_2021-07-24,2021-08-22,2021-08,1,1,0.034482758620689655,530543|238|2021-07-24,0.5271106021182813,1.9877863437271066
530801,238,2021-07-24,2021-08-21,29,control,0,0.29895678,0,dept_238_closure_2021-07-24,2021-08-22,2021-08,1,1,0.034482758620689655,530801|238|2021-07-24,-0.015161617881718714,1.9877863437271066
530976,238,2021-07-24,2021-08-21,29,treatment,1,0.7182849,1,dept_238_closure_2021-07-24,2021-08-22,2021-08,1,1,0.0,530976|238|2021-07-24,0.4041665021182813,1.9877863437271066
530984,238,2021-07-24,2021-08-21,29,treatment,1,0.33550626,0,dept_238_closure_2021-07-24,2021-08-22,2021-08,1,1,0.0,530984|238|2021-07-24,0.02138786211828131,1.9877863437271066
531251,238,2021-07-24,2021-08-21,29,control,0,0.0124502275,0,dept_238_closure_2021-07-24,2021-08-22,2021-08,1,1,0.0,531251|238|2021-07-24,-0.30166817038171867,1.9877863437271066
531856,238,2021-07-24,2021-08-21,29,treatment,1,0.24389167,0,dept_238_closure_2021-07-24,2021-08-22,2021-08,1,1,0.0,531856|238|2021-07-24,-0.07022672788171869,1.9877863437271066
532198,238,2021-07-24,2021-08-21,29,control,0,0.014973232,0,dept_238_closure_2021-07-24,2021-08-22,2021-08,1,1,0.0,532198|238|2021-07-24,-0.2991451658817187,1.9877863437271066
532199,238,2021-07-24,2021-08-21,29,control,0,0.09393614,0,dept_238_closure_2021-07-24,2021-08-22,2021-08,1,1,0.0,532199|238|2021-07-24,-0.2201822578817187,1.9877863437271066
532219,238,2021-07-24,2021-08-21,29,treatment,1,0.039799754,0,dept_238_closure_2021-07-24,2021-08-22,2021-08,1,1,0.0,532219|238|2021-07-24,-0.27431864388171867,1.9877863437271066
532236,238,2021-07-24,2021-08-21,29,control,0,0.3587111,0,dept_238_closure_2021-07-24,2021-08-22,2021-08,1,1,0.0,532236|238|2021-07-24,0.04459270211828131,1.9877863437271066
532394,238,2021-07-24,2021-08-21,29,control,0,0.5276853,1,dept_238_closure_2021-07-24,2021-08-22,2021-08,1,1,0.0,532394|238|2021-07-24,0.21356690211828133,1.9877863437271066
532523,238,2021-07-24,2021-08-21,29,control,0,0.9054788,1,dept_238_closure_2021-07-24,2021-08-22,2021-08,1,1,0.034482758620689655,532523|238|2021-07-24,0.5913604021182813,1.9877863437271066
532894,238,2021-07-24,2021-08-21,29,treatment,1,0.9925983,1,dept_238_closure_2021-07-24,2021-08-22,2021-08,1,1,0.0,532894|238|2021-07-24,0.6784799021182814,1.9877863437271066
533640,238,2021-07-24,2021-08-21,29,control,0,0.5392147,1,dept_238_closure_2021-07-24,2021-08-22,2021-08,1,1,0.0,533640|238|2021-07-24,0.22509630211828136,1.9877863437271066
533838,238,2021-07-24,2021-08-21,29,treatment,1,0.7957293,1,dept_238_closure_2021-07-24,2021-08-22,2021-08,1,1,0.034482758620689655,533838|238|2021-07-24,0.4816109021182813,1.9877863437271066
533932,238,2021-07-24,2021-08-21,29,treatment,1,0.9909541,1,dept_238_closure_2021-07-24,2021-08-22,2021-08,1,1,0.06896551724137931,533932|238|2021-07-24,0.6768357021182813,1.9877863437271066
534133,238,2021-07-24,2021-08-21,29,treatment,1,0.112893686,0,dept_238_closure_2021-07-24,2021-08-22,2021-08,1,1,0.0,534133|238|2021-07-24,-0.2012247118817187,1.9877863437271066
534274,238,2021-07-24,2021-08-21,29,treatment,1,0.4723661,0,dept_238_closure_2021-07-24,2021-08-22,2021-08,1,1,0.0,534274|238|2021-07-24,0.15824770211828132,1.9877863437271066
534354,238,2021-07-24,2021-08-21,29,control,0,0.9858495,1,dept_238_closure_2021-07-24,2021-08-22,2021-08,1,1,0.0,534354|238|2021-07-24,0.6717311021182814,1.9877863437271066
534706,238,2021-07-24,2021-08-21,29,control,0,0.52865916,1,dept_238_closure_2021-07-24,2021-08-22,2021-08,1,1,0.10344827586206896,534706|238|2021-07-24,0.21454076211828133,1.9877863437271066
534993,238,2021-07-24,2021-08-21,29,treatment,1,0.11171969,0,dept_238_closure_2021-07-24,2021-08-22,2021-08,1,1,0.0,534993|238|2021-07-24,-0.2023987078817187,1.9877863437271066
535094,238,2021-07-24,2021-08-21,29,control,0,0.78411585,1,dept_238_closure_2021-07-24,2021-08-22,2021-08,1,1,0.034482758620689655,535094|238|2021-07-24,0.46999745211828126,1.9877863437271066
535527,238,2021-07-24,2021-08-21,29,treatment,1,0.9248501,1,dept_238_closure_2021-07-24,2021-08-22,2021-08,1,1,0.0,535527|238|2021-07-24,0.6107317021182813,1.9877863437271066
535567,238,2021-07-24,2021-08-21,29,control,0,0.4113626,0,dept_238_closure_2021-07-24,2021-08-22,2021-08,1,1,0.034482758620689655,535567|238|2021-07-24,0.09724420211828133,1.9877863437271066
535591,238,2021-07-24,2021-08-21,29,control,0,0.80258363,1,dept_238_closure_2021-07-24,2021-08-22,2021-08,1,1,0.0,535591|238|2021-07-24,0.4884652321182813,1.9877863437271066
536345,238,2021-07-24,2021-08-21,29,control,0,0.9994547,1,dept_238_closure_2021-07-24,2021-08-22,2021-08,1,1,0.06896551724137931,536345|238|2021-07-24,0.6853363021182813,1.9877863437271066
536429,238,2021-07-24,2021-08-21,29,treatment,1,0.6136508,1,dept_238_closure_2021-07-24,2021-08-22,2021-08,1,1,0.0,536429|238|2021-07-24,0.29953240211828136,1.9877863437271066
536438,238,2021-07-24,2021-08-21,29,control,0,0.41258395,0,dept_238_closure_2021-07-24,2021-08-22,2021-08,1,1,0.1724137931034483,536438|238|2021-07-24,0.09846555211828129,1.9877863437271066
536684,238,2021-07-24,2021-08-21,29,control,0,0.037231848,0,dept_238_closure_2021-07-24,2021-08-22,2021-08,1,1,0.0,536684|238|2021-07-24,-0.2768865498817187,1.9877863437271066
537311,238,2021-07-24,2021-08-21,29,treatment,1,0.109659396,0,dept_238_closure_2021-07-24,2021-08-22,2021-08,1,1,0.06896551724137931,537311|238|2021-07-24,-0.20445900188171867,1.9877863437271066
537507,238,2021-07-24,2021-08-21,29,control,0,0.80529547,1,dept_238_closure_2021-07-24,2021-08-22,2021-08,1,1,0.0,537507|238|2021-07-24,0.4911770721182813,1.9877863437271066
537687,238,2021-07-24,2021-08-21,29,treatment,1,0.7698954,1,dept_238_closure_2021-07-24,2021-08-22,2021-08,1,1,0.0,537687|238|2021-07-24,0.4557770021182813,1.9877863437271066
539535,238,2021-07-24,2021-08-21,29,control,0,0.13846979,0,dept_238_closure_2021-07-24,2021-08-22,2021-08,1,1,0.0,539535|238|2021-07-24,-0.17564860788171868,1.9877863437271066
540130,238,2021-07-24,2021-08-21,29,control,0,0.00964052,0,dept_238_closure_2021-07-24,2021-08-22,2021-08,1,1,0.034482758620689655,540130|238|2021-07-24,-0.3044778778817187,1.9877863437271066
540352,238,2021-07-24,2021-08-21,29,control,0,0.13100381,0,dept_238_closure_2021-07-24,2021-08-22,2021-08,1,1,0.06896551724137931,540352|238|2021-07-24,-0.1831145878817187,1.9877863437271066
540461,238,2021-07-24,2021-08-21,29,control,0,0.74471426,1,dept_238_closure_2021-07-24,2021-08-22,2021-08,1,1,0.034482758620689655,540461|238|2021-07-24,0.43059586211828127,1.9877863437271066
541105,238,2021-07-24,2021-08-21,29,treatment,1,0.43724126,0,dept_238_closure_2021-07-24,2021-08-22,2021-08,1,1,0.0,541105|238|2021-07-24,0.12312286211828133,1.9877863437271066
542249,238,2021-07-24,2021-08-21,29,control,0,0.6268571,1,dept_238_closure_2021-07-24,2021-08-22,2021-08,1,1,0.0,542249|238|2021-07-24,0.31273870211828125,1.9877863437271066
542382,238,2021-07-24,2021-08-21,29,control,0,0.25226954,0,dept_238_closure_2021-07-24,2021-08-22,2021-08,1,1,0.0,542382|238|2021-07-24,-0.06184885788171868,1.9877863437271066
543751,238,2021-07-24,2021-08-21,29,control,0,0.62789375,1,dept_238_closure_2021-07-24,2021-08-22,2021-08,1,1,0.0,543751|238|2021-07-24,0.31377535211828134,1.9877863437271066
544631,238,2021-07-24,2021-08-21,29,treatment,1,0.017996017,0,dept_238_closure_2021-07-24,2021-08-22,2021-08,1,1,0.0,544631|238|2021-07-24,-0.2961223808817187,1.9877863437271066
545746,238,2021-07-24,2021-08-21,29,control,0,0.10960683,0,dept_238_closure_2021-07-24,2021-08-22,2021-08,1,1,0.0,545746|238|2021-07-24,-0.2045115678817187,1.9877863437271066
546358,238,2021-07-24,2021-08-21,29,control,0,0.96640766,1,dept_238_closure_2021-07-24,2021-08-22,2021-08,1,1,0.06896551724137931,546358|238|2021-07-24,0.6522892621182813,1.9877863437271066
546452,238,2021-07-24,2021-08-21,29,control,0,0.11173783,0,dept_238_closure_2021-07-24,2021-08-22,2021-08,1,1,0.0,546452|238|2021-07-24,-0.2023805678817187,1.9877863437271066
546507,238,2021-07-24,2021-08-21,29,control,0,0.6892654,1,dept_238_closure_2021-07-24,2021-08-22,2021-08,1,1,0.0,546507|238|2021-07-24,0.37514700211828134,1.9877863437271066
546707,238,2021-07-24,2021-08-21,29,treatment,1,0.0049995393,0,dept_238_closure_2021-07-24,2021-08-22,2021-08,1,1,0.0,546707|238|2021-07-24,-0.30911885858171867,1.9877863437271066
546932,238,2021-07-24,2021-08-21,29,treatment,1,0.024232674,0,dept_238_closure_2021-07-24,2021-08-22,2021-08,1,1,0.0,546932|238|2021-07-24,-0.2898857238817187,1.9877863437271066
547520,238,2021-07-24,2021-08-21,29,treatment,1,0.5725605,1,dept_238_closure_2021-07-24,2021-08-22,2021-08,1,1,0.0,547520|238|2021-07-24,0.25844210211828134,1.9877863437271066
547898,238,2021-07-24,2021-08-21,29,treatment,1,0.002469458,0,dept_238_closure_2021-07-24,2021-08-22,2021-08,1,1,0.0,547898|238|2021-07-24,-0.3116489398817187,1.9877863437271066
548534,238,2021-07-24,2021-08-21,29,control,0,0.82344526,1,dept_238_closure_2021-07-24,2021-08-22,2021-08,1,1,0.06896551724137931,548534|238|2021-07-24,0.5093268621182813,1.9877863437271066
548852,238,2021-07-24,2021-08-21,29,treatment,1,0.98613065,1,dept_238_closure_2021-07-24,2021-08-22,2021-08,1,1,0.5862068965517241,548852|238|2021-07-24,0.6720122521182813,1.9877863437271066
548860,238,2021-07-24,2021-08-21,29,control,0,0.15631002,0,dept_238_closure_2021-07-24,2021-08-22,2021-08,1,1,0.0,548860|238|2021-07-24,-0.1578083778817187,1.9877863437271066
548861,238,2021-07-24,2021-08-21,29,control,0,0.2091459,0,dept_238_closure_2021-07-24,2021-08-22,2021-08,1,1,0.0,548861|238|2021-07-24,-0.1049724978817187,1.9877863437271066
549678,238,2021-07-24,2021-08-21,29,control,0,0.40998742,0,dept_238_closure_2021-07-24,2021-08-22,2021-08,1,1,0.10344827586206896,549678|238|2021-07-24,0.0958690221182813,1.9877863437271066
549758,238,2021-07-24,2021-08-21,29,treatment,1,0.9220941,1,dept_238_closure_2021-07-24,2021-08-22,2021-08,1,1,0.034482758620689655,549758|238|2021-07-24,0.6079757021182813,1.9877863437271066
550871,238,2021-07-24,2021-08-21,29,treatment,1,0.81643337,1,dept_238_closure_2021-07-24,2021-08-22,2021-08,1,1,0.13793103448275862,550871|238|2021-07-24,0.5023149721182814,1.9877863437271066
551115,238,2021-07-24,2021-08-21,29,control,0,0.97009325,1,dept_238_closure_2021-07-24,2021-08-22,2021-08,1,1,0.0,551115|238|2021-07-24,0.6559748521182813,1.9877863437271066
551329,238,2021-07-24,2021-08-21,29,control,0,0.20316349,0,dept_238_closure_2021-07-24,2021-08-22,2021-08,1,1,0.0,551329|238|2021-07-24,-0.11095490788171869,1.9877863437271066
551860,238,2021-07-24,2021-08-21,29,treatment,1,0.96497357,1,dept_238_closure_2021-07-24,2021-08-22,2021-08,1,1,0.1724137931034483,551860|238|2021-07-24,0.6508551721182813,1.9877863437271066
552185,238,2021-07-24,2021-08-21,29,treatment,1,0.19336648,0,dept_238_closure_2021-07-24,2021-08-22,2021-08,1,1,0.0,552185|238|2021-07-24,-0.12075191788171868,1.9877863437271066
552839,238,2021-07-24,2021-08-21,29,control,0,0.92508733,1,dept_238_closure_2021-07-24,2021-08-22,2021-08,1,1,0.0,552839|238|2021-07-24,0.6109689321182813,1.9877863437271066
552943,238,2021-07-24,2021-08-21,29,treatment,1,0.75563765,1,dept_238_closure_2021-07-24,2021-08-22,2021-08,1,1,0.06896551724137931,552943|238|2021-07-24,0.44151925211828136,1.9877863437271066
552944,238,2021-07-24,2021-08-21,29,treatment,1,0.96184057,1,dept_238_closure_2021-07-24,2021-08-22,2021-08,1,1,0.1724137931034483,552944|238|2021-07-24,0.6477221721182813,1.9877863437271066
553161,238,2021-07-24,2021-08-21,29,control,0,0.9453658,1,dept_238_closure_2021-07-24,2021-08-22,2021-08,1,1,0.20689655172413793,553161|238|2021-07-24,0.6312474021182813,1.9877863437271066
553396,238,2021-07-24,2021-08-21,29,control,0,0.5676515,1,dept_238_closure_2021-07-24,2021-08-22,2021-08,1,1,0.034482758620689655,553396|238|2021-07-24,0.2535331021182813,1.9877863437271066
553403,238,2021-07-24,2021-08-21,29,treatment,1,0.65911096,1,dept_238_closure_2021-07-24,2021-08-22,2021-08,1,1,0.0,553403|238|2021-07-24,0.34499256211828133,1.9877863437271066
554406,238,2021-07-24,2021-08-21,29,treatment,1,0.8745839,1,dept_238_closure_2021-07-24,2021-08-22,2021-08,1,1,0.06896551724137931,554406|238|2021-07-24,0.5604655021182813,1.9877863437271066
554925,238,2021-07-24,2021-08-21,29,control,0,0.23072949,0,dept_238_closure_2021-07-24,2021-08-22,2021-08,1,1,0.06896551724137931,554925|238|2021-07-24,-0.08338890788171868,1.9877863437271066
555248,238,2021-07-24,2021-08-21,29,control,0,0.095641814,0,dept_238_closure_2021-07-24,2021-08-22,2021-08,1,1,0.06896551724137931,555248|238|2021-07-24,-0.2184765838817187,1.9877863437271066
555559,238,2021-07-24,2021-08-21,29,control,0,0.9820417,1,dept_238_closure_2021-07-24,2021-08-22,2021-08,1,1,0.034482758620689655,555559|238|2021-07-24,0.6679233021182813,1.9877863437271066
557416,238,2021-07-24,2021-08-21,29,control,0,0.39760786,0,dept_238_closure_2021-07-24,2021-08-22,2021-08,1,1,0.0,557416|238|2021-07-24,0.08348946211828129,1.9877863437271066
558906,238,2021-07-24,2021-08-21,29,treatment,1,0.8491288,1,dept_238_closure_2021-07-24,2021-08-22,2021-08,1,1,0.06896551724137931,558906|238|2021-07-24,0.5350104021182813,1.9877863437271066
559873,238,2021-07-24,2021-08-21,29,control,0,0.99901843,1,dept_238_closure_2021-07-24,2021-08-22,2021-08,1,1,0.27586206896551724,559873|238|2021-07-24,0.6849000321182813,1.9877863437271066
560811,238,2021-07-24,2021-08-21,29,treatment,1,0.84219897,1,dept_238_closure_2021-07-24,2021-08-22,2021-08,1,1,0.0,560811|238|2021-07-24,0.5280805721182813,1.9877863437271066
561616,238,2021-07-24,2021-08-21,29,treatment,1,0.97082806,1,dept_238_closure_2021-07-24,2021-08-22,2021-08,1,1,0.034482758620689655,561616|238|2021-07-24,0.6567096621182813,1.9877863437271066
561663,238,2021-07-24,2021-08-21,29,control,0,0.9660664,1,dept_238_closure_2021-07-24,2021-08-22,2021-08,1,1,0.20689655172413793,561663|238|2021-07-24,0.6519480021182813,1.9877863437271066
561665,238,2021-07-24,2021-08-21,29,control,0,0.4817761,0,dept_238_closure_2021-07-24,2021-08-22,2021-08,1,1,0.034482758620689655,561665|238|2021-07-24,0.1676577021182813,1.9877863437271066
561737,238,2021-07-24,2021-08-21,29,control,0,0.005687676,0,dept_238_closure_2021-07-24,2021-08-22,2021-08,1,1,0.0,561737|238|2021-07-24,-0.3084307218817187,1.9877863437271066
561842,238,2021-07-24,2021-08-21,29,control,0,0.5807572,1,dept_238_closure_2021-07-24,2021-08-22,2021-08,1,1,0.0,561842|238|2021-07-24,0.2666388021182813,1.9877863437271066
561875,238,2021-07-24,2021-08-21,29,treatment,1,0.22224596,0,dept_238_closure_2021-07-24,2021-08-22,2021-08,1,1,0.0,561875|238|2021-07-24,-0.0918724378817187,1.9877863437271066
561886,238,2021-07-24,2021-08-21,29,treatment,1,0.98486346,1,dept_238_closure_2021-07-24,2021-08-22,2021-08,1,1,0.27586206896551724,561886|238|2021-07-24,0.6707450621182813,1.9877863437271066
562006,238,2021-07-24,2021-08-21,29,treatment,1,0.9995722,1,dept_238_closure_2021-07-24,2021-08-22,2021-08,1,1,0.5862068965517241,562006|238|2021-07-24,0.6854538021182813,1.9877863437271066
562444,238,2021-07-24,2021-08-21,29,treatment,1,0.9135491,1,dept_238_closure_2021-07-24,2021-08-22,2021-08,1,1,0.034482758620689655,562444|238|2021-07-24,0.5994307021182813,1.9877863437271066
563130,238,2021-07-24,2021-08-21,29,control,0,0.4910783,0,dept_238_closure_2021-07-24,2021-08-22,2021-08,1,1,0.0,563130|238|2021-07-24,0.17695990211828133,1.9877863437271066
563469,238,2021-07-24,2021-08-21,29,treatment,1,0.0022350897,0,dept_238_closure_2021-07-24,2021-08-22,2021-08,1,1,0.0,563469|238|2021-07-24,-0.31188330818171867,1.9877863437271066
563470,238,2021-07-24,2021-08-21,29,treatment,1,0.76842594,1,dept_238_closure_2021-07-24,2021-08-22,2021-08,1,1,0.034482758620689655,563470|238|2021-07-24,0.4543075421182813,1.9877863437271066
564744,238,2021-07-24,2021-08-21,29,treatment,1,0.9525671,1,dept_238_closure_2021-07-24,2021-08-22,2021-08,1,1,0.034482758620689655,564744|238|2021-07-24,0.6384487021182813,1.9877863437271066
565242,238,2021-07-24,2021-08-21,29,treatment,1,0.9084263,1,dept_238_closure_2021-07-24,2021-08-22,2021-08,1,1,0.0,565242|238|2021-07-24,0.5943079021182813,1.9877863437271066
565435,238,2021-07-24,2021-08-21,29,treatment,1,0.99733835,1,dept_238_closure_2021-07-24,2021-08-22,2021-08,1,1,0.20689655172413793,565435|238|2021-07-24,0.6832199521182813,1.9877863437271066
565476,238,2021-07-24,2021-08-21,29,treatment,1,0.09272903,0,dept_238_closure_2021-07-24,2021-08-22,2021-08,1,1,0.06896551724137931,565476|238|2021-07-24,-0.2213893678817187,1.9877863437271066
565911,238,2021-07-24,2021-08-21,29,treatment,1,0.75461215,1,dept_238_closure_2021-07-24,2021-08-22,2021-08,1,1,0.06896551724137931,565911|238|2021-07-24,0.44049375211828135,1.9877863437271066
565947,238,2021-07-24,2021-08-21,29,control,0,0.57629436,1,dept_238_closure_2021-07-24,2021-08-22,2021-08,1,1,0.034482758620689655,565947|238|2021-07-24,0.2621759621182813,1.9877863437271066
565986,238,2021-07-24,2021-08-21,29,treatment,1,0.13859658,0,dept_238_closure_2021-07-24,2021-08-22,2021-08,1,1,0.0,565986|238|2021-07-24,-0.1755218178817187,1.9877863437271066
566009,238,2021-07-24,2021-08-21,29,control,0,0.99443555,1,dept_238_closure_2021-07-24,2021-08-22,2021-08,1,1,0.13793103448275862,566009|238|2021-07-24,0.6803171521182813,1.9877863437271066
566125,238,2021-07-24,2021-08-21,29,control,0,0.9998441,1,dept_238_closure_2021-07-24,2021-08-22,2021-08,1,1,0.3103448275862069,566125|238|2021-07-24,0.6857257021182813,1.9877863437271066
566284,238,2021-07-24,2021-08-21,29,control,0,0.25018635,0,dept_238_closure_2021-07-24,2021-08-22,2021-08,1,1,0.0,566284|238|2021-07-24,-0.06393204788171869,1.9877863437271066
568478,238,2021-07-24,2021-08-21,29,control,0,0.028992865,0,dept_238_closure_2021-07-24,2021-08-22,2021-08,1,1,0.0,568478|238|2021-07-24,-0.2851255328817187,1.9877863437271066
569055,238,2021-07-24,2021-08-21,29,control,0,0.9698963,1,dept_238_closure_2021-07-24,2021-08-22,2021-08,1,1,0.0,569055|238|2021-07-24,0.6557779021182814,1.9877863437271066
569542,238,2021-07-24,2021-08-21,29,control,0,0.99892104,1,dept_238_closure_2021-07-24,2021-08-22,2021-08,1,1,0.3448275862068966,569542|238|2021-07-24,0.6848026421182813,1.9877863437271066
570285,238,2021-07-24,2021-08-21,29,treatment,1,0.2805313,0,dept_238_closure_2021-07-24,2021-08-22,2021-08,1,1,0.0,570285|238|2021-07-24,-0.03358709788171871,1.9877863437271066
570755,238,2021-07-24,2021-08-21,29,control,0,0.06005636,0,dept_238_closure_2021-07-24,2021-08-22,2021-08,1,1,0.0,570755|238|2021-07-24,-0.25406203788171866,1.9877863437271066
571548,238,2021-07-24,2021-08-21,29,treatment,1,0.98255527,1,dept_238_closure_2021-07-24,2021-08-22,2021-08,1,1,0.06896551724137931,571548|238|2021-07-24,0.6684368721182813,1.9877863437271066
571567,238,2021-07-24,2021-08-21,29,treatment,1,0.64802736,1,dept_238_closure_2021-07-24,2021-08-22,2021-08,1,1,0.034482758620689655,571567|238|2021-07-24,0.33390896211828136,1.9877863437271066
571965,238,2021-07-24,2021-08-21,29,treatment,1,0.044775926,0,dept_238_closure_2021-07-24,2021-08-22,2021-08,1,1,0.0,571965|238|2021-07-24,-0.26934247188171867,1.9877863437271066
572149,238,2021-07-24,2021-08-21,29,treatment,1,0.19342127,0,dept_238_closure_2021-07-24,2021-08-22,2021-08,1,1,0.0,572149|238|2021-07-24,-0.12069712788171869,1.9877863437271066
572924,238,2021-07-24,2021-08-21,29,control,0,0.02864454,0,dept_238_closure_2021-07-24,2021-08-22,2021-08,1,1,0.0,572924|238|2021-07-24,-0.2854738578817187,1.9877863437271066
573065,238,2021-07-24,2021-08-21,29,treatment,1,0.36360395,0,dept_238_closure_2021-07-24,2021-08-22,2021-08,1,1,0.034482758620689655,573065|238|2021-07-24,0.04948555211828132,1.9877863437271066
573439,238,2021-07-24,2021-08-21,29,treatment,1,0.85088044,1,dept_238_closure_2021-07-24,2021-08-22,2021-08,1,1,0.034482758620689655,573439|238|2021-07-24,0.5367620421182813,1.9877863437271066
574014,238,2021-07-24,2021-08-21,29,control,0,0.11803745,0,dept_238_closure_2021-07-24,2021-08-22,2021-08,1,1,0.13793103448275862,574014|238|2021-07-24,-0.1960809478817187,1.9877863437271066
574360,238,2021-07-24,2021-08-21,29,control,0,0.86804956,1,dept_238_closure_2021-07-24,2021-08-22,2021-08,1,1,0.034482758620689655,574360|238|2021-07-24,0.5539311621182813,1.9877863437271066
574473,238,2021-07-24,2021-08-21,29,treatment,1,0.029946767,0,dept_238_closure_2021-07-24,2021-08-22,2021-08,1,1,0.0,574473|238|2021-07-24,-0.2841716308817187,1.9877863437271066
575148,238,2021-07-24,2021-08-21,29,control,0,0.36111075,0,dept_238_closure_2021-07-24,2021-08-22,2021-08,1,1,0.0,575148|238|2021-07-24,0.04699235211828129,1.9877863437271066
575852,238,2021-07-24,2021-08-21,29,control,0,0.044488713,0,dept_238_closure_2021-07-24,2021-08-22,2021-08,1,1,0.034482758620689655,575852|238|2021-07-24,-0.2696296848817187,1.9877863437271066
576610,238,2021-07-24,2021-08-21,29,control,0,0.7324581,1,dept_238_closure_2021-07-24,2021-08-22,2021-08,1,1,0.0,576610|238|2021-07-24,0.4183397021182813,1.9877863437271066
577471,238,2021-07-24,2021-08-21,29,control,0,0.9951746,1,dept_238_closure_2021-07-24,2021-08-22,2021-08,1,1,0.2413793103448276,577471|238|2021-07-24,0.6810562021182813,1.9877863437271066
577862,238,2021-07-24,2021-08-21,29,control,0,0.37395006,0,dept_238_closure_2021-07-24,2021-08-22,2021-08,1,1,0.0,577862|238|2021-07-24,0.05983166211828128,1.9877863437271066
578474,238,2021-07-24,2021-08-21,29,control,0,0.089575544,0,dept_238_closure_2021-07-24,2021-08-22,2021-08,1,1,0.0,578474|238|2021-07-24,-0.22454285388171868,1.9877863437271066
578638,238,2021-07-24,2021-08-21,29,control,0,0.33061102,0,dept_238_closure_2021-07-24,2021-08-22,2021-08,1,1,0.06896551724137931,578638|238|2021-07-24,0.016492622118281286,1.9877863437271066
578875,238,2021-07-24,2021-08-21,29,treatment,1,0.9970835,1,dept_238_closure_2021-07-24,2021-08-22,2021-08,1,1,0.034482758620689655,578875|238|2021-07-24,0.6829651021182813,1.9877863437271066
579254,238,2021-07-24,2021-08-21,29,control,0,0.889748,1,dept_238_closure_2021-07-24,2021-08-22,2021-08,1,1,0.0,579254|238|2021-07-24,0.5756296021182813,1.9877863437271066
579815,238,2021-07-24,2021-08-21,29,treatment,1,0.55286986,1,dept_238_closure_2021-07-24,2021-08-22,2021-08,1,1,0.1724137931034483,579815|238|2021-07-24,0.23875146211828135,1.9877863437271066
580193,238,2021-07-24,2021-08-21,29,treatment,1,0.6613623,1,dept_238_closure_2021-07-24,2021-08-22,2021-08,1,1,0.0,580193|238|2021-07-24,0.34724390211828127,1.9877863437271066
580462,238,2021-07-24,2021-08-21,29,control,0,0.16525802,0,dept_238_closure_2021-07-24,2021-08-22,2021-08,1,1,0.0,580462|238|2021-07-24,-0.1488603778817187,1.9877863437271066
580826,238,2021-07-24,2021-08-21,29,control,0,0.016764719,0,dept_238_closure_2021-07-24,2021-08-22,2021-08,1,1,0.0,580826|238|2021-07-24,-0.2973536788817187,1.9877863437271066
580946,238,2021-07-24,2021-08-21,29,treatment,1,0.38450053,0,dept_238_closure_2021-07-24,2021-08-22,2021-08,1,1,0.0,580946|238|2021-07-24,0.07038213211828132,1.9877863437271066
581782,238,2021-07-24,2021-08-21,29,control,0,0.020184726,0,dept_238_closure_2021-07-24,2021-08-22,2021-08,1,1,0.0,581782|238|2021-07-24,-0.2939336718817187,1.9877863437271066
581969,238,2021-07-24,2021-08-21,29,control,0,0.057428718,0,dept_238_closure_2021-07-24,2021-08-22,2021-08,1,1,0.0,581969|238|2021-07-24,-0.2566896798817187,1.9877863437271066
581992,238,2021-07-24,2021-08-21,29,control,0,0.6145907,1,dept_238_closure_2021-07-24,2021-08-22,2021-08,1,1,0.0,581992|238|2021-07-24,0.30047230211828135,1.9877863437271066
582186,238,2021-07-24,2021-08-21,29,control,0,0.028883116,0,dept_238_closure_2021-07-24,2021-08-22,2021-08,1,1,0.06896551724137931,582186|238|2021-07-24,-0.2852352818817187,1.9877863437271066
582364,238,2021-07-24,2021-08-21,29,treatment,1,0.20783395,0,dept_238_closure_2021-07-24,2021-08-22,2021-08,1,1,0.0,582364|238|2021-07-24,-0.1062844478817187,1.9877863437271066
582428,238,2021-07-24,2021-08-21,29,control,0,0.030670492,0,dept_238_closure_2021-07-24,2021-08-22,2021-08,1,1,0.0,582428|238|2021-07-24,-0.2834479058817187,1.9877863437271066
582668,238,2021-07-24,2021-08-21,29,control,0,0.031526733,0,dept_238_closure_2021-07-24,2021-08-22,2021-08,1,1,0.034482758620689655,582668|238|2021-07-24,-0.2825916648817187,1.9877863437271066
583292,238,2021-07-24,2021-08-21,29,treatment,1,0.76681197,1,dept_238_closure_2021-07-24,2021-08-22,2021-08,1,1,0.10344827586206896,583292|238|2021-07-24,0.4526935721182813,1.9877863437271066
583554,238,2021-07-24,2021-08-21,29,treatment,1,0.7206698,1,dept_238_closure_2021-07-24,2021-08-22,2021-08,1,1,0.034482758620689655,583554|238|2021-07-24,0.40655140211828134,1.9877863437271066
583898,238,2021-07-24,2021-08-21,29,treatment,1,0.4764144,0,dept_238_closure_2021-07-24,2021-08-22,2021-08,1,1,0.0,583898|238|2021-07-24,0.16229600211828132,1.9877863437271066
584990,238,2021-07-24,2021-08-21,29,control,0,0.48528418,0,dept_238_closure_2021-07-24,2021-08-22,2021-08,1,1,0.0,584990|238|2021-07-24,0.17116578211828132,1.9877863437271066
586293,238,2021-07-24,2021-08-21,29,treatment,1,0.08287894,0,dept_238_closure_2021-07-24,2021-08-22,2021-08,1,1,0.0,586293|238|2021-07-24,-0.23123945788171868,1.9877863437271066
586823,238,2021-07-24,2021-08-21,29,treatment,1,0.9418218,1,dept_238_closure_2021-07-24,2021-08-22,2021-08,1,1,0.13793103448275862,586823|238|2021-07-24,0.6277034021182814,1.9877863437271066
587097,238,2021-07-24,2021-08-21,29,control,0,0.19694293,0,dept_238_closure_2021-07-24,2021-08-22,2021-08,1,1,0.06896551724137931,587097|238|2021-07-24,-0.1171754678817187,1.9877863437271066
587134,238,2021-07-24,2021-08-21,29,treatment,1,0.03802914,0,dept_238_closure_2021-07-24,2021-08-22,2021-08,1,1,0.0,587134|238|2021-07-24,-0.2760892578817187,1.9877863437271066
587278,238,2021-07-24,2021-08-21,29,control,0,0.9540406,1,dept_238_closure_2021-07-24,2021-08-22,2021-08,1,1,0.06896551724137931,587278|238|2021-07-24,0.6399222021182813,1.9877863437271066
587437,238,2021-07-24,2021-08-21,29,treatment,1,0.44082126,0,dept_238_closure_2021-07-24,2021-08-22,2021-08,1,1,0.0,587437|238|2021-07-24,0.1267028621182813,1.9877863437271066
588240,238,2021-07-24,2021-08-21,29,control,0,0.6294087,1,dept_238_closure_2021-07-24,2021-08-22,2021-08,1,1,0.034482758620689655,588240|238|2021-07-24,0.31529030211828135,1.9877863437271066
588349,238,2021-07-24,2021-08-21,29,treatment,1,0.37326863,0,dept_238_closure_2021-07-24,2021-08-22,2021-08,1,1,0.06896551724137931,588349|238|2021-07-24,0.0591502321182813,1.9877863437271066
588435,238,2021-07-24,2021-08-21,29,control,0,0.0608774,0,dept_238_closure_2021-07-24,2021-08-22,2021-08,1,1,0.0,588435|238|2021-07-24,-0.2532409978817187,1.9877863437271066
588660,238,2021-07-24,2021-08-21,29,treatment,1,0.40902236,0,dept_238_closure_2021-07-24,2021-08-22,2021-08,1,1,0.13793103448275862,588660|238|2021-07-24,0.09490396211828128,1.9877863437271066
589005,238,2021-07-24,2021-08-21,29,treatment,1,0.023351813,0,dept_238_closure_2021-07-24,2021-08-22,2021-08,1,1,0.0,589005|238|2021-07-24,-0.2907665848817187,1.9877863437271066
589192,238,2021-07-24,2021-08-21,29,control,0,0.8682714,1,dept_238_closure_2021-07-24,2021-08-22,2021-08,1,1,0.06896551724137931,589192|238|2021-07-24,0.5541530021182813,1.9877863437271066
589228,238,2021-07-24,2021-08-21,29,control,0,0.34525517,0,dept_238_closure_2021-07-24,2021-08-22,2021-08,1,1,0.0,589228|238|2021-07-24,0.03113677211828131,1.9877863437271066
589418,238,2021-07-24,2021-08-21,29,treatment,1,0.6389718,1,dept_238_closure_2021-07-24,2021-08-22,2021-08,1,1,0.034482758620689655,589418|238|2021-07-24,0.3248534021182813,1.9877863437271066
589770,238,2021-07-24,2021-08-21,29,treatment,1,0.96697104,1,dept_238_closure_2021-07-24,2021-08-22,2021-08,1,1,0.13793103448275862,589770|238|2021-07-24,0.6528526421182813,1.9877863437271066
590642,238,2021-07-24,2021-08-21,29,control,0,0.0011384647,0,dept_238_closure_2021-07-24,2021-08-22,2021-08,1,1,0.0,590642|238|2021-07-24,-0.3129799331817187,1.9877863437271066
591060,238,2021-07-24,2021-08-21,29,control,0,0.35155338,0,dept_238_closure_2021-07-24,2021-08-22,2021-08,1,1,0.0,591060|238|2021-07-24,0.037434982118281335,1.9877863437271066
591980,238,2021-07-24,2021-08-21,29,control,0,0.40960583,0,dept_238_closure_2021-07-24,2021-08-22,2021-08,1,1,0.034482758620689655,591980|238|2021-07-24,0.09548743211828131,1.9877863437271066
592031,238,2021-07-24,2021-08-21,29,treatment,1,0.6296617,1,dept_238_closure_2021-07-24,2021-08-22,2021-08,1,1,0.034482758620689655,592031|238|2021-07-24,0.3155433021182813,1.9877863437271066
592169,238,2021-07-24,2021-08-21,29,control,0,0.28932962,0,dept_238_closure_2021-07-24,2021-08-22,2021-08,1,1,0.0,592169|238|2021-07-24,-0.024788777881718682,1.9877863437271066
593084,238,2021-07-24,2021-08-21,29,control,0,0.048005074,0,dept_238_closure_2021-07-24,2021-08-22,2021-08,1,1,0.0,593084|238|2021-07-24,-0.2661133238817187,1.9877863437271066
593174,238,2021-07-24,2021-08-21,29,control,0,0.016384033,0,dept_238_closure_2021-07-24,2021-08-22,2021-08,1,1,0.0,593174|238|2021-07-24,-0.29773436488171867,1.9877863437271066
593328,238,2021-07-24,2021-08-21,29,treatment,1,0.06157461,0,dept_238_closure_2021-07-24,2021-08-22,2021-08,1,1,0.0,593328|238|2021-07-24,-0.2525437878817187,1.9877863437271066
593643,238,2021-07-24,2021-08-21,29,control,0,0.02213986,0,dept_238_closure_2021-07-24,2021-08-22,2021-08,1,1,0.0,593643|238|2021-07-24,-0.2919785378817187,1.9877863437271066
596136,238,2021-07-24,2021-08-21,29,control,0,0.016511219,0,dept_238_closure_2021-07-24,2021-08-22,2021-08,1,1,0.0,596136|238|2021-07-24,-0.29760717888171867,1.9877863437271066
596371,238,2021-07-24,2021-08-21,29,control,0,0.05059499,0,dept_238_closure_2021-07-24,2021-08-22,2021-08,1,1,0.06896551724137931,596371|238|2021-07-24,-0.2635234078817187,1.9877863437271066
597094,238,2021-07-24,2021-08-21,29,treatment,1,0.091011785,0,dept_238_closure_2021-07-24,2021-08-22,2021-08,1,1,0.0,597094|238|2021-07-24,-0.22310661288171868,1.9877863437271066
597328,238,2021-07-24,2021-08-21,29,control,0,0.63938534,1,dept_238_closure_2021-07-24,2021-08-22,2021-08,1,1,0.034482758620689655,597328|238|2021-07-24,0.32526694211828133,1.9877863437271066
597451,238,2021-07-24,2021-08-21,29,control,0,0.13779742,0,dept_238_closure_2021-07-24,2021-08-22,2021-08,1,1,0.0,597451|238|2021-07-24,-0.1763209778817187,1.9877863437271066
597481,238,2021-07-24,2021-08-21,29,control,0,0.22485887,0,dept_238_closure_2021-07-24,2021-08-22,2021-08,1,1,0.0,597481|238|2021-07-24,-0.0892595278817187,1.9877863437271066
597972,238,2021-07-24,2021-08-21,29,control,0,0.19607,0,dept_238_closure_2021-07-24,2021-08-22,2021-08,1,1,0.0,597972|238|2021-07-24,-0.1180483978817187,1.9877863437271066
598076,238,2021-07-24,2021-08-21,29,control,0,0.1655949,0,dept_238_closure_2021-07-24,2021-08-22,2021-08,1,1,0.0,598076|238|2021-07-24,-0.1485234978817187,1.9877863437271066
598193,238,2021-07-24,2021-08-21,29,treatment,1,0.5649952,1,dept_238_closure_2021-07-24,2021-08-22,2021-08,1,1,0.0,598193|238|2021-07-24,0.25087680211828134,1.9877863437271066
598343,238,2021-07-24,2021-08-21,29,treatment,1,0.010608464,0,dept_238_closure_2021-07-24,2021-08-22,2021-08,1,1,0.034482758620689655,598343|238|2021-07-24,-0.3035099338817187,1.9877863437271066
598374,238,2021-07-24,2021-08-21,29,control,0,0.7820137,1,dept_238_closure_2021-07-24,2021-08-22,2021-08,1,1,0.0,598374|238|2021-07-24,0.46789530211828134,1.9877863437271066
599120,238,2021-07-24,2021-08-21,29,treatment,1,0.52495503,1,dept_238_closure_2021-07-24,2021-08-22,2021-08,1,1,0.2413793103448276,599120|238|2021-07-24,0.2108366321182813,1.9877863437271066
599447,238,2021-07-24,2021-08-21,29,treatment,1,0.53701556,1,dept_238_closure_2021-07-24,2021-08-22,2021-08,1,1,0.034482758620689655,599447|238|2021-07-24,0.22289716211828126,1.9877863437271066
599524,238,2021-07-24,2021-08-21,29,control,0,0.002000678,0,dept_238_closure_2021-07-24,2021-08-22,2021-08,1,1,0.0,599524|238|2021-07-24,-0.3121177198817187,1.9877863437271066
599805,238,2021-07-24,2021-08-21,29,control,0,0.36581805,0,dept_238_closure_2021-07-24,2021-08-22,2021-08,1,1,0.0,599805|238|2021-07-24,0.051699652118281314,1.9877863437271066
599807,238,2021-07-24,2021-08-21,29,treatment,1,0.6502753,1,dept_238_closure_2021-07-24,2021-08-22,2021-08,1,1,0.0,599807|238|2021-07-24,0.3361569021182813,1.9877863437271066
600506,238,2021-07-24,2021-08-21,29,treatment,1,0.7425553,1,dept_238_closure_2021-07-24,2021-08-22,2021-08,1,1,0.034482758620689655,600506|238|2021-07-24,0.42843690211828134,1.9877863437271066
601159,238,2021-07-24,2021-08-21,29,control,0,0.05807318,0,dept_238_closure_2021-07-24,2021-08-22,2021-08,1,1,0.0,601159|238|2021-07-24,-0.2560452178817187,1.9877863437271066
602052,238,2021-07-24,2021-08-21,29,control,0,0.028674854,0,dept_238_closure_2021-07-24,2021-08-22,2021-08,1,1,0.0,602052|238|2021-07-24,-0.28544354388171866,1.9877863437271066
602061,238,2021-07-24,2021-08-21,29,treatment,1,0.17588694,0,dept_238_closure_2021-07-24,2021-08-22,2021-08,1,1,0.034482758620689655,602061|238|2021-07-24,-0.1382314578817187,1.9877863437271066
603092,238,2021-07-24,2021-08-21,29,control,0,0.103692934,0,dept_238_closure_2021-07-24,2021-08-22,2021-08,1,1,0.0,603092|238|2021-07-24,-0.21042546388171868,1.9877863437271066
603534,238,2021-07-24,2021-08-21,29,control,0,0.95975465,1,dept_238_closure_2021-07-24,2021-08-22,2021-08,1,1,0.06896551724137931,603534|238|2021-07-24,0.6456362521182814,1.9877863437271066
603623,238,2021-07-24,2021-08-21,29,control,0,0.2249203,0,dept_238_closure_2021-07-24,2021-08-22,2021-08,1,1,0.0,603623|238|2021-07-24,-0.0891980978817187,1.9877863437271066
605597,238,2021-07-24,2021-08-21,29,control,0,0.004235083,0,dept_238_closure_2021-07-24,2021-08-22,2021-08,1,1,0.0,605597|238|2021-07-24,-0.3098833148817187,1.9877863437271066
605622,238,2021-07-24,2021-08-21,29,treatment,1,0.27132982,0,dept_238_closure_2021-07-24,2021-08-22,2021-08,1,1,0.0,605622|238|2021-07-24,-0.04278857788171869,1.9877863437271066
606192,238,2021-07-24,2021-08-21,29,treatment,1,0.00283304,0,dept_238_closure_2021-07-24,2021-08-22,2021-08,1,1,0.0,606192|238|2021-07-24,-0.3112853578817187,1.9877863437271066
606382,238,2021-07-24,2021-08-21,29,treatment,1,0.99326575,1,dept_238_closure_2021-07-24,2021-08-22,2021-08,1,1,0.27586206896551724,606382|238|2021-07-24,0.6791473521182813,1.9877863437271066
606526,238,2021-07-24,2021-08-21,29,treatment,1,0.99794966,1,dept_238_closure_2021-07-24,2021-08-22,2021-08,1,1,0.0,606526|238|2021-07-24,0.6838312621182813,1.9877863437271066
606843,238,2021-07-24,2021-08-21,29,control,0,0.021376012,0,dept_238_closure_2021-07-24,2021-08-22,2021-08,1,1,0.0,606843|238|2021-07-24,-0.2927423858817187,1.9877863437271066
607574,238,2021-07-24,2021-08-21,29,treatment,1,0.07368963,0,dept_238_closure_2021-07-24,2021-08-22,2021-08,1,1,0.0,607574|238|2021-07-24,-0.24042876788171869,1.9877863437271066
607865,238,2021-07-24,2021-08-21,29,treatment,1,0.8900284,1,dept_238_closure_2021-07-24,2021-08-22,2021-08,1,1,0.034482758620689655,607865|238|2021-07-24,0.5759100021182814,1.9877863437271066
607949,238,2021-07-24,2021-08-21,29,control,0,0.6751729,1,dept_238_closure_2021-07-24,2021-08-22,2021-08,1,1,0.0,607949|238|2021-07-24,0.3610545021182813,1.9877863437271066
608594,238,2021-07-24,2021-08-21,29,control,0,0.67393404,1,dept_238_closure_2021-07-24,2021-08-22,2021-08,1,1,0.0,608594|238|2021-07-24,0.3598156421182813,1.9877863437271066
608693,238,2021-07-24,2021-08-21,29,control,0,0.24514085,0,dept_238_closure_2021-07-24,2021-08-22,2021-08,1,1,0.06896551724137931,608693|238|2021-07-24,-0.0689775478817187,1.9877863437271066
608899,238,2021-07-24,2021-08-21,29,control,0,0.65590036,1,dept_238_closure_2021-07-24,2021-08-22,2021-08,1,1,0.0,608899|238|2021-07-24,0.34178196211828127,1.9877863437271066
609565,238,2021-07-24,2021-08-21,29,control,0,0.8358091,1,dept_238_closure_2021-07-24,2021-08-22,2021-08,1,1,0.0,609565|238|2021-07-24,0.5216907021182813,1.9877863437271066
610073,238,2021-07-24,2021-08-21,29,control,0,0.16920102,0,dept_238_closure_2021-07-24,2021-08-22,2021-08,1,1,0.0,610073|238|2021-07-24,-0.14491737788171868,1.9877863437271066
610149,238,2021-07-24,2021-08-21,29,treatment,1,0.5227252,1,dept_238_closure_2021-07-24,2021-08-22,2021-08,1,1,0.0,610149|238|2021-07-24,0.2086068021182813,1.9877863437271066
611019,238,2021-07-24,2021-08-21,29,treatment,1,0.8299728,1,dept_238_closure_2021-07-24,2021-08-22,2021-08,1,1,0.0,611019|238|2021-07-24,0.5158544021182813,1.9877863437271066
611514,238,2021-07-24,2021-08-21,29,treatment,1,0.8499456,1,dept_238_closure_2021-07-24,2021-08-22,2021-08,1,1,0.0,611514|238|2021-07-24,0.5358272021182813,1.9877863437271066
612408,238,2021-07-24,2021-08-21,29,treatment,1,0.6265372,1,dept_238_closure_2021-07-24,2021-08-22,2021-08,1,1,0.0,612408|238|2021-07-24,0.3124188021182813,1.9877863437271066
612509,238,2021-07-24,2021-08-21,29,treatment,1,0.81345606,1,dept_238_closure_2021-07-24,2021-08-22,2021-08,1,1,0.0,612509|238|2021-07-24,0.49933766211828134,1.9877863437271066
612510,238,2021-07-24,2021-08-21,29,treatment,1,0.40504742,0,dept_238_closure_2021-07-24,2021-08-22,2021-08,1,1,0.034482758620689655,612510|238|2021-07-24,0.0909290221182813,1.9877863437271066
612873,238,2021-07-24,2021-08-21,29,control,0,0.07745797,0,dept_238_closure_2021-07-24,2021-08-22,2021-08,1,1,0.0,612873|238|2021-07-24,-0.2366604278817187,1.9877863437271066
612999,238,2021-07-24,2021-08-21,29,control,0,0.4915591,0,dept_238_closure_2021-07-24,2021-08-22,2021-08,1,1,0.0,612999|238|2021-07-24,0.17744070211828133,1.9877863437271066
613465,238,2021-07-24,2021-08-21,29,control,0,0.19186041,0,dept_238_closure_2021-07-24,2021-08-22,2021-08,1,1,0.034482758620689655,613465|238|2021-07-24,-0.12225798788171868,1.9877863437271066
614664,238,2021-07-24,2021-08-21,29,treatment,1,0.060881913,0,dept_238_closure_2021-07-24,2021-08-22,2021-08,1,1,0.0,614664|238|2021-07-24,-0.2532364848817187,1.9877863437271066
615087,238,2021-07-24,2021-08-21,29,treatment,1,0.03065621,0,dept_238_closure_2021-07-24,2021-08-22,2021-08,1,1,0.0,615087|238|2021-07-24,-0.2834621878817187,1.9877863437271066
615549,238,2021-07-24,2021-08-21,29,treatment,1,0.004521711,0,dept_238_closure_2021-07-24,2021-08-22,2021-08,1,1,0.0,615549|238|2021-07-24,-0.3095966868817187,1.9877863437271066
615738,238,2021-07-24,2021-08-21,29,control,0,0.6697142,1,dept_238_closure_2021-07-24,2021-08-22,2021-08,1,1,0.06896551724137931,615738|238|2021-07-24,0.35559580211828135,1.9877863437271066
615746,238,2021-07-24,2021-08-21,29,treatment,1,0.47958997,0,dept_238_closure_2021-07-24,2021-08-22,2021-08,1,1,0.034482758620689655,615746|238|2021-07-24,0.16547157211828128,1.9877863437271066
616158,238,2021-07-24,2021-08-21,29,treatment,1,0.03526804,0,dept_238_closure_2021-07-24,2021-08-22,2021-08,1,1,0.0,616158|238|2021-07-24,-0.2788503578817187,1.9877863437271066
616280,238,2021-07-24,2021-08-21,29,control,0,0.024453204,0,dept_238_closure_2021-07-24,2021-08-22,2021-08,1,1,0.0,616280|238|2021-07-24,-0.2896651938817187,1.9877863437271066
616907,238,2021-07-24,2021-08-21,29,control,0,0.09360185,0,dept_238_closure_2021-07-24,2021-08-22,2021-08,1,1,0.034482758620689655,616907|238|2021-07-24,-0.2205165478817187,1.9877863437271066
616920,238,2021-07-24,2021-08-21,29,treatment,1,0.039233256,0,dept_238_closure_2021-07-24,2021-08-22,2021-08,1,1,0.034482758620689655,616920|238|2021-07-24,-0.2748851418817187,1.9877863437271066
617122,238,2021-07-24,2021-08-21,29,treatment,1,0.97460234,1,dept_238_closure_2021-07-24,2021-08-22,2021-08,1,1,0.13793103448275862,617122|238|2021-07-24,0.6604839421182813,1.9877863437271066
617914,238,2021-07-24,2021-08-21,29,control,0,0.45970955,0,dept_238_closure_2021-07-24,2021-08-22,2021-08,1,1,0.034482758620689655,617914|238|2021-07-24,0.14559115211828133,1.9877863437271066
618722,238,2021-07-24,2021-08-21,29,control,0,0.01704471,0,dept_238_closure_2021-07-24,2021-08-22,2021-08,1,1,0.0,618722|238|2021-07-24,-0.2970736878817187,1.9877863437271066
618796,238,2021-07-24,2021-08-21,29,treatment,1,0.92673177,1,dept_238_closure_2021-07-24,2021-08-22,2021-08,1,1,0.20689655172413793,618796|238|2021-07-24,0.6126133721182813,1.9877863437271066
618936,238,2021-07-24,2021-08-21,29,control,0,0.17721574,0,dept_238_closure_2021-07-24,2021-08-22,2021-08,1,1,0.0,618936|238|2021-07-24,-0.13690265788171868,1.9877863437271066
619214,238,2021-07-24,2021-08-21,29,control,0,0.8356519,1,dept_238_closure_2021-07-24,2021-08-22,2021-08,1,1,0.13793103448275862,619214|238|2021-07-24,0.5215335021182813,1.9877863437271066
619860,238,2021-07-24,2021-08-21,29,control,0,0.77233386,1,dept_238_closure_2021-07-24,2021-08-22,2021-08,1,1,0.034482758620689655,619860|238|2021-07-24,0.45821546211828135,1.9877863437271066
620301,238,2021-07-24,2021-08-21,29,treatment,1,0.98104686,1,dept_238_closure_2021-07-24,2021-08-22,2021-08,1,1,0.0,620301|238|2021-07-24,0.6669284621182813,1.9877863437271066
620715,238,2021-07-24,2021-08-21,29,treatment,1,0.3004935,0,dept_238_closure_2021-07-24,2021-08-22,2021-08,1,1,0.0,620715|238|2021-07-24,-0.013624897881718667,1.9877863437271066
621150,238,2021-07-24,2021-08-21,29,treatment,1,0.9983924,1,dept_238_closure_2021-07-24,2021-08-22,2021-08,1,1,0.6206896551724138,621150|238|2021-07-24,0.6842740021182813,1.9877863437271066
621959,238,2021-07-24,2021-08-21,29,treatment,1,0.82936275,1,dept_238_closure_2021-07-24,2021-08-22,2021-08,1,1,0.034482758620689655,621959|238|2021-07-24,0.5152443521182813,1.9877863437271066
622777,238,2021-07-24,2021-08-21,29,control,0,0.0145352585,0,dept_238_closure_2021-07-24,2021-08-22,2021-08,1,1,0.06896551724137931,622777|238|2021-07-24,-0.2995831393817187,1.9877863437271066
623077,238,2021-07-24,2021-08-21,29,treatment,1,0.7425852,1,dept_238_closure_2021-07-24,2021-08-22,2021-08,1,1,0.06896551724137931,623077|238|2021-07-24,0.42846680211828125,1.9877863437271066
623370,238,2021-07-24,2021-08-21,29,control,0,0.0076057073,0,dept_238_closure_2021-07-24,2021-08-22,2021-08,1,1,0.0,623370|238|2021-07-24,-0.3065126905817187,1.9877863437271066
623570,238,2021-07-24,2021-08-21,29,treatment,1,0.55260986,1,dept_238_closure_2021-07-24,2021-08-22,2021-08,1,1,0.06896551724137931,623570|238|2021-07-24,0.23849146211828132,1.9877863437271066
623571,238,2021-07-24,2021-08-21,29,treatment,1,0.2535834,0,dept_238_closure_2021-07-24,2021-08-22,2021-08,1,1,0.034482758620689655,623571|238|2021-07-24,-0.06053499788171868,1.9877863437271066
623614,238,2021-07-24,2021-08-21,29,control,0,0.95775497,1,dept_238_closure_2021-07-24,2021-08-22,2021-08,1,1,0.06896551724137931,623614|238|2021-07-24,0.6436365721182813,1.9877863437271066
623990,238,2021-07-24,2021-08-21,29,treatment,1,0.6894072,1,dept_238_closure_2021-07-24,2021-08-22,2021-08,1,1,0.0,623990|238|2021-07-24,0.3752888021182813,1.9877863437271066
624163,238,2021-07-24,2021-08-21,29,treatment,1,0.99619746,1,dept_238_closure_2021-07-24,2021-08-22,2021-08,1,1,0.06896551724137931,624163|238|2021-07-24,0.6820790621182813,1.9877863437271066
624738,238,2021-07-24,2021-08-21,29,treatment,1,0.3396396,0,dept_238_closure_2021-07-24,2021-08-22,2021-08,1,1,0.034482758620689655,624738|238|2021-07-24,0.025521202118281294,1.9877863437271066
625000,238,2021-07-24,2021-08-21,29,treatment,1,0.82487524,1,dept_238_closure_2021-07-24,2021-08-22,2021-08,1,1,0.0,625000|238|2021-07-24,0.5107568421182813,1.9877863437271066
625368,238,2021-07-24,2021-08-21,29,control,0,0.9843275,1,dept_238_closure_2021-07-24,2021-08-22,2021-08,1,1,0.10344827586206896,625368|238|2021-07-24,0.6702091021182813,1.9877863437271066
625942,238,2021-07-24,2021-08-21,29,treatment,1,0.015628412,0,dept_238_closure_2021-07-24,2021-08-22,2021-08,1,1,0.0,625942|238|2021-07-24,-0.2984899858817187,1.9877863437271066
625951,238,2021-07-24,2021-08-21,29,treatment,1,0.55792147,1,dept_238_closure_2021-07-24,2021-08-22,2021-08,1,1,0.06896551724137931,625951|238|2021-07-24,0.24380307211828134,1.9877863437271066
626049,238,2021-07-24,2021-08-21,29,control,0,0.07698367,0,dept_238_closure_2021-07-24,2021-08-22,2021-08,1,1,0.0,626049|238|2021-07-24,-0.2371347278817187,1.9877863437271066
626611,238,2021-07-24,2021-08-21,29,control,0,0.670505,1,dept_238_closure_2021-07-24,2021-08-22,2021-08,1,1,0.06896551724137931,626611|238|2021-07-24,0.3563866021182813,1.9877863437271066
626885,238,2021-07-24,2021-08-21,29,treatment,1,0.14395125,0,dept_238_closure_2021-07-24,2021-08-22,2021-08,1,1,0.034482758620689655,626885|238|2021-07-24,-0.1701671478817187,1.9877863437271066
626912,238,2021-07-24,2021-08-21,29,treatment,1,0.96368545,1,dept_238_closure_2021-07-24,2021-08-22,2021-08,1,1,0.27586206896551724,626912|238|2021-07-24,0.6495670521182814,1.9877863437271066
628172,238,2021-07-24,2021-08-21,29,treatment,1,0.36337268,0,dept_238_closure_2021-07-24,2021-08-22,2021-08,1,1,0.0,628172|238|2021-07-24,0.04925428211828131,1.9877863437271066
628693,238,2021-07-24,2021-08-21,29,control,0,0.013886654,0,dept_238_closure_2021-07-24,2021-08-22,2021-08,1,1,0.034482758620689655,628693|238|2021-07-24,-0.3002317438817187,1.9877863437271066
628895,238,2021-07-24,2021-08-21,29,treatment,1,0.25952712,0,dept_238_closure_2021-07-24,2021-08-22,2021-08,1,1,0.034482758620689655,628895|238|2021-07-24,-0.05459127788171869,1.9877863437271066
628916,238,2021-07-24,2021-08-21,29,treatment,1,0.30506086,0,dept_238_closure_2021-07-24,2021-08-22,2021-08,1,1,0.034482758620689655,628916|238|2021-07-24,-0.009057537881718702,1.9877863437271066
629054,238,2021-07-24,2021-08-21,29,treatment,1,0.40466577,0,dept_238_closure_2021-07-24,2021-08-22,2021-08,1,1,0.0,629054|238|2021-07-24,0.09054737211828129,1.9877863437271066
629680,238,2021-07-24,2021-08-21,29,control,0,0.7004726,1,dept_238_closure_2021-07-24,2021-08-22,2021-08,1,1,0.0,629680|238|2021-07-24,0.3863542021182813,1.9877863437271066
629911,238,2021-07-24,2021-08-21,29,control,0,0.98537344,1,dept_238_closure_2021-07-24,2021-08-22,2021-08,1,1,0.0,629911|238|2021-07-24,0.6712550421182814,1.9877863437271066
630254,238,2021-07-24,2021-08-21,29,control,0,0.74859214,1,dept_238_closure_2021-07-24,2021-08-22,2021-08,1,1,0.0,630254|238|2021-07-24,0.43447374211828127,1.9877863437271066
631318,238,2021-07-24,2021-08-21,29,control,0,0.08351697,0,dept_238_closure_2021-07-24,2021-08-22,2021-08,1,1,0.0,631318|238|2021-07-24,-0.2306014278817187,1.9877863437271066
632494,238,2021-07-24,2021-08-21,29,treatment,1,0.04674599,0,dept_238_closure_2021-07-24,2021-08-22,2021-08,1,1,0.0,632494|238|2021-07-24,-0.2673724078817187,1.9877863437271066
632544,238,2021-07-24,2021-08-21,29,control,0,0.79864335,1,dept_238_closure_2021-07-24,2021-08-22,2021-08,1,1,0.10344827586206896,632544|238|2021-07-24,0.4845249521182813,1.9877863437271066
633190,238,2021-07-24,2021-08-21,29,control,0,0.6806862,1,dept_238_closure_2021-07-24,2021-08-22,2021-08,1,1,0.06896551724137931,633190|238|2021-07-24,0.3665678021182813,1.9877863437271066
633204,238,2021-07-24,2021-08-21,29,treatment,1,0.8719898,1,dept_238_closure_2021-07-24,2021-08-22,2021-08,1,1,0.0,633204|238|2021-07-24,0.5578714021182813,1.9877863437271066
634040,238,2021-07-24,2021-08-21,29,control,0,0.15013711,0,dept_238_closure_2021-07-24,2021-08-22,2021-08,1,1,0.0,634040|238|2021-07-24,-0.1639812878817187,1.9877863437271066
634956,238,2021-07-24,2021-08-21,29,treatment,1,0.99881554,1,dept_238_closure_2021-07-24,2021-08-22,2021-08,1,1,0.5517241379310345,634956|238|2021-07-24,0.6846971421182813,1.9877863437271066
635252,238,2021-07-24,2021-08-21,29,control,0,0.99755365,1,dept_238_closure_2021-07-24,2021-08-22,2021-08,1,1,0.06896551724137931,635252|238|2021-07-24,0.6834352521182813,1.9877863437271066
635389,238,2021-07-24,2021-08-21,29,control,0,0.5817127,1,dept_238_closure_2021-07-24,2021-08-22,2021-08,1,1,0.06896551724137931,635389|238|2021-07-24,0.2675943021182813,1.9877863437271066
635392,238,2021-07-24,2021-08-21,29,control,0,0.94175065,1,dept_238_closure_2021-07-24,2021-08-22,2021-08,1,1,0.06896551724137931,635392|238|2021-07-24,0.6276322521182813,1.9877863437271066
635602,238,2021-07-24,2021-08-21,29,control,0,0.28598094,0,dept_238_closure_2021-07-24,2021-08-22,2021-08,1,1,0.034482758620689655,635602|238|2021-07-24,-0.028137457881718675,1.9877863437271066
635961,238,2021-07-24,2021-08-21,29,treatment,1,0.73641384,1,dept_238_closure_2021-07-24,2021-08-22,2021-08,1,1,0.034482758620689655,635961|238|2021-07-24,0.4222954421182813,1.9877863437271066
637051,238,2021-07-24,2021-08-21,29,control,0,0.9850454,1,dept_238_closure_2021-07-24,2021-08-22,2021-08,1,1,0.27586206896551724,637051|238|2021-07-24,0.6709270021182813,1.9877863437271066
637871,238,2021-07-24,2021-08-21,29,control,0,0.004907969,0,dept_238_closure_2021-07-24,2021-08-22,2021-08,1,1,0.0,637871|238|2021-07-24,-0.3092104288817187,1.9877863437271066
639607,238,2021-07-24,2021-08-21,29,treatment,1,0.9517866,1,dept_238_closure_2021-07-24,2021-08-22,2021-08,1,1,0.0,639607|238|2021-07-24,0.6376682021182813,1.9877863437271066
639999,238,2021-07-24,2021-08-21,29,control,0,0.11638876,0,dept_238_closure_2021-07-24,2021-08-22,2021-08,1,1,0.0,639999|238|2021-07-24,-0.1977296378817187,1.9877863437271066
641378,238,2021-07-24,2021-08-21,29,treatment,1,0.3695359,0,dept_238_closure_2021-07-24,2021-08-22,2021-08,1,1,0.10344827586206896,641378|238|2021-07-24,0.05541750211828128,1.9877863437271066
641448,238,2021-07-24,2021-08-21,29,treatment,1,0.9910761,1,dept_238_closure_2021-07-24,2021-08-22,2021-08,1,1,0.13793103448275862,641448|238|2021-07-24,0.6769577021182813,1.9877863437271066
641540,238,2021-07-24,2021-08-21,29,control,0,0.7936268,1,dept_238_closure_2021-07-24,2021-08-22,2021-08,1,1,0.034482758620689655,641540|238|2021-07-24,0.4795084021182813,1.9877863437271066
642268,238,2021-07-24,2021-08-21,29,control,0,0.036343265,0,dept_238_closure_2021-07-24,2021-08-22,2021-08,1,1,0.10344827586206896,642268|238|2021-07-24,-0.2777751328817187,1.9877863437271066
643325,238,2021-07-24,2021-08-21,29,treatment,1,0.01635067,0,dept_238_closure_2021-07-24,2021-08-22,2021-08,1,1,0.13793103448275862,643325|238|2021-07-24,-0.2977677278817187,1.9877863437271066
643353,238,2021-07-24,2021-08-21,29,treatment,1,0.0031093704,0,dept_238_closure_2021-07-24,2021-08-22,2021-08,1,1,0.10344827586206896,643353|238|2021-07-24,-0.3110090274817187,1.9877863437271066
643371,238,2021-07-24,2021-08-21,29,control,0,0.43268237,0,dept_238_closure_2021-07-24,2021-08-22,2021-08,1,1,0.0,643371|238|2021-07-24,0.11856397211828129,1.9877863437271066
643527,238,2021-07-24,2021-08-21,29,treatment,1,0.52074146,1,dept_238_closure_2021-07-24,2021-08-22,2021-08,1,1,0.27586206896551724,643527|238|2021-07-24,0.2066230621182813,1.9877863437271066
644413,238,2021-07-24,2021-08-21,29,control,0,0.06305609,0,dept_238_closure_2021-07-24,2021-08-22,2021-08,1,1,0.0,644413|238|2021-07-24,-0.2510623078817187,1.9877863437271066
644499,238,2021-07-24,2021-08-21,29,control,0,0.5198777,1,dept_238_closure_2021-07-24,2021-08-22,2021-08,1,1,0.034482758620689655,644499|238|2021-07-24,0.2057593021182813,1.9877863437271066
644691,238,2021-07-24,2021-08-21,29,treatment,1,0.7599516,1,dept_238_closure_2021-07-24,2021-08-22,2021-08,1,1,0.0,644691|238|2021-07-24,0.44583320211828126,1.9877863437271066
644800,238,2021-07-24,2021-08-21,29,control,0,0.9659307,1,dept_238_closure_2021-07-24,2021-08-22,2021-08,1,1,0.034482758620689655,644800|238|2021-07-24,0.6518123021182813,1.9877863437271066
644927,238,2021-07-24,2021-08-21,29,treatment,1,0.026242277,0,dept_238_closure_2021-07-24,2021-08-22,2021-08,1,1,0.0,644927|238|2021-07-24,-0.2878761208817187,1.9877863437271066
645026,238,2021-07-24,2021-08-21,29,control,0,0.5103553,1,dept_238_closure_2021-07-24,2021-08-22,2021-08,1,1,0.13793103448275862,645026|238|2021-07-24,0.19623690211828126,1.9877863437271066
645387,238,2021-07-24,2021-08-21,29,control,0,0.6237884,1,dept_238_closure_2021-07-24,2021-08-22,2021-08,1,1,0.0,645387|238|2021-07-24,0.30967000211828133,1.9877863437271066
645414,238,2021-07-24,2021-08-21,29,control,0,0.18946677,0,dept_238_closure_2021-07-24,2021-08-22,2021-08,1,1,0.0,645414|238|2021-07-24,-0.12465162788171869,1.9877863437271066
645585,238,2021-07-24,2021-08-21,29,treatment,1,0.9945951,1,dept_238_closure_2021-07-24,2021-08-22,2021-08,1,1,0.27586206896551724,645585|238|2021-07-24,0.6804767021182813,1.9877863437271066
646380,238,2021-07-24,2021-08-21,29,treatment,1,0.5609005,1,dept_238_closure_2021-07-24,2021-08-22,2021-08,1,1,0.1724137931034483,646380|238|2021-07-24,0.24678210211828133,1.9877863437271066
646592,238,2021-07-24,2021-08-21,29,treatment,1,0.2688417,0,dept_238_closure_2021-07-24,2021-08-22,2021-08,1,1,0.13793103448275862,646592|238|2021-07-24,-0.045276697881718675,1.9877863437271066
646660,238,2021-07-24,2021-08-21,29,treatment,1,0.24427146,0,dept_238_closure_2021-07-24,2021-08-22,2021-08,1,1,0.1724137931034483,646660|238|2021-07-24,-0.0698469378817187,1.9877863437271066
647478,238,2021-07-24,2021-08-21,29,treatment,1,0.70578706,1,dept_238_closure_2021-07-24,2021-08-22,2021-08,1,1,0.06896551724137931,647478|238|2021-07-24,0.39166866211828133,1.9877863437271066
647489,238,2021-07-24,2021-08-21,29,control,0,0.99193597,1,dept_238_closure_2021-07-24,2021-08-22,2021-08,1,1,0.034482758620689655,647489|238|2021-07-24,0.6778175721182813,1.9877863437271066
647559,238,2021-07-24,2021-08-21,29,treatment,1,0.32271138,0,dept_238_closure_2021-07-24,2021-08-22,2021-08,1,1,0.0,647559|238|2021-07-24,0.0085929821182813,1.9877863437271066
648431,238,2021-07-24,2021-08-21,29,treatment,1,0.8773027,1,dept_238_closure_2021-07-24,2021-08-22,2021-08,1,1,0.034482758620689655,648431|238|2021-07-24,0.5631843021182813,1.9877863437271066
649576,238,2021-07-24,2021-08-21,29,treatment,1,0.74728996,1,dept_238_closure_2021-07-24,2021-08-22,2021-08,1,1,0.06896551724137931,649576|238|2021-07-24,0.43317156211828134,1.9877863437271066
650120,238,2021-07-24,2021-08-21,29,control,0,0.9917761,1,dept_238_closure_2021-07-24,2021-08-22,2021-08,1,1,0.06896551724137931,650120|238|2021-07-24,0.6776577021182814,1.9877863437271066
650336,238,2021-07-24,2021-08-21,29,control,0,0.011805536,0,dept_238_closure_2021-07-24,2021-08-22,2021-08,1,1,0.0,650336|238|2021-07-24,-0.3023128618817187,1.9877863437271066
650442,238,2021-07-24,2021-08-21,29,treatment,1,0.99817955,1,dept_238_closure_2021-07-24,2021-08-22,2021-08,1,1,0.3793103448275862,650442|238|2021-07-24,0.6840611521182813,1.9877863437271066
650563,238,2021-07-24,2021-08-21,29,treatment,1,0.98279285,1,dept_238_closure_2021-07-24,2021-08-22,2021-08,1,1,0.4827586206896552,650563|238|2021-07-24,0.6686744521182814,1.9877863437271066
651018,238,2021-07-24,2021-08-21,29,control,0,0.32380688,0,dept_238_closure_2021-07-24,2021-08-22,2021-08,1,1,0.034482758620689655,651018|238|2021-07-24,0.009688482118281327,1.9877863437271066
651521,238,2021-07-24,2021-08-21,29,treatment,1,0.5493085,1,dept_238_closure_2021-07-24,2021-08-22,2021-08,1,1,0.2413793103448276,651521|238|2021-07-24,0.23519010211828129,1.9877863437271066
651659,238,2021-07-24,2021-08-21,29,control,0,0.027468488,0,dept_238_closure_2021-07-24,2021-08-22,2021-08,1,1,0.0,651659|238|2021-07-24,-0.2866499098817187,1.9877863437271066
652162,238,2021-07-24,2021-08-21,29,control,0,0.69978535,1,dept_238_closure_2021-07-24,2021-08-22,2021-08,1,1,0.0,652162|238|2021-07-24,0.3856669521182813,1.9877863437271066
652243,238,2021-07-24,2021-08-21,29,treatment,1,0.14823908,0,dept_238_closure_2021-07-24,2021-08-22,2021-08,1,1,0.0,652243|238|2021-07-24,-0.1658793178817187,1.9877863437271066
652489,238,2021-07-24,2021-08-21,29,control,0,0.013193797,0,dept_238_closure_2021-07-24,2021-08-22,2021-08,1,1,0.0,652489|238|2021-07-24,-0.3009246008817187,1.9877863437271066
653097,238,2021-07-24,2021-08-21,29,treatment,1,0.31705046,0,dept_238_closure_2021-07-24,2021-08-22,2021-08,1,1,0.034482758620689655,653097|238|2021-07-24,0.0029320621182812867,1.9877863437271066
653819,238,2021-07-24,2021-08-21,29,control,0,0.96943766,1,dept_238_closure_2021-07-24,2021-08-22,2021-08,1,1,0.0,653819|238|2021-07-24,0.6553192621182813,1.9877863437271066
654235,238,2021-07-24,2021-08-21,29,control,0,0.8219934,1,dept_238_closure_2021-07-24,2021-08-22,2021-08,1,1,0.034482758620689655,654235|238|2021-07-24,0.5078750021182813,1.9877863437271066
654495,238,2021-07-24,2021-08-21,29,control,0,0.60825545,1,dept_238_closure_2021-07-24,2021-08-22,2021-08,1,1,0.0,654495|238|2021-07-24,0.29413705211828134,1.9877863437271066
654506,238,2021-07-24,2021-08-21,29,control,0,0.99508977,1,dept_238_closure_2021-07-24,2021-08-22,2021-08,1,1,0.13793103448275862,654506|238|2021-07-24,0.6809713721182813,1.9877863437271066
654920,238,2021-07-24,2021-08-21,29,treatment,1,0.90749735,1,dept_238_closure_2021-07-24,2021-08-22,2021-08,1,1,0.034482758620689655,654920|238|2021-07-24,0.5933789521182813,1.9877863437271066
654966,238,2021-07-24,2021-08-21,29,control,0,0.5517942,1,dept_238_closure_2021-07-24,2021-08-22,2021-08,1,1,0.0,654966|238|2021-07-24,0.23767580211828132,1.9877863437271066
655067,238,2021-07-24,2021-08-21,29,control,0,0.013343077,0,dept_238_closure_2021-07-24,2021-08-22,2021-08,1,1,0.0,655067|238|2021-07-24,-0.3007753208817187,1.9877863437271066
655190,238,2021-07-24,2021-08-21,29,treatment,1,0.016625805,0,dept_238_closure_2021-07-24,2021-08-22,2021-08,1,1,0.0,655190|238|2021-07-24,-0.2974925928817187,1.9877863437271066
655532,238,2021-07-24,2021-08-21,29,treatment,1,0.40900725,0,dept_238_closure_2021-07-24,2021-08-22,2021-08,1,1,0.06896551724137931,655532|238|2021-07-24,0.0948888521182813,1.9877863437271066
656155,238,2021-07-24,2021-08-21,29,treatment,1,0.9941719,1,dept_238_closure_2021-07-24,2021-08-22,2021-08,1,1,0.13793103448275862,656155|238|2021-07-24,0.6800535021182813,1.9877863437271066
656181,238,2021-07-24,2021-08-21,29,treatment,1,0.83484876,1,dept_238_closure_2021-07-24,2021-08-22,2021-08,1,1,0.034482758620689655,656181|238|2021-07-24,0.5207303621182813,1.9877863437271066
656624,238,2021-07-24,2021-08-21,29,treatment,1,0.90205276,1,dept_238_closure_2021-07-24,2021-08-22,2021-08,1,1,0.3448275862068966,656624|238|2021-07-24,0.5879343621182813,1.9877863437271066
656820,238,2021-07-24,2021-08-21,29,treatment,1,0.94198817,1,dept_238_closure_2021-07-24,2021-08-22,2021-08,1,1,0.034482758620689655,656820|238|2021-07-24,0.6278697721182813,1.9877863437271066
657114,238,2021-07-24,2021-08-21,29,treatment,1,0.06403683,0,dept_238_closure_2021-07-24,2021-08-22,2021-08,1,1,0.13793103448275862,657114|238|2021-07-24,-0.2500815678817187,1.9877863437271066
657851,238,2021-07-24,2021-08-21,29,control,0,0.50205564,1,dept_238_closure_2021-07-24,2021-08-22,2021-08,1,1,0.034482758620689655,657851|238|2021-07-24,0.18793724211828133,1.9877863437271066
658011,238,2021-07-24,2021-08-21,29,treatment,1,0.99253464,1,dept_238_closure_2021-07-24,2021-08-22,2021-08,1,1,0.0,658011|238|2021-07-24,0.6784162421182813,1.9877863437271066
658615,238,2021-07-24,2021-08-21,29,control,0,0.3827294,0,dept_238_closure_2021-07-24,2021-08-22,2021-08,1,1,0.0,658615|238|2021-07-24,0.0686110021182813,1.9877863437271066
658638,238,2021-07-24,2021-08-21,29,control,0,0.0736111,0,dept_238_closure_2021-07-24,2021-08-22,2021-08,1,1,0.0,658638|238|2021-07-24,-0.2405072978817187,1.9877863437271066
659409,238,2021-07-24,2021-08-21,29,control,0,0.973841,1,dept_238_closure_2021-07-24,2021-08-22,2021-08,1,1,0.034482758620689655,659409|238|2021-07-24,0.6597226021182813,1.9877863437271066
659553,238,2021-07-24,2021-08-21,29,control,0,0.0056849793,0,dept_238_closure_2021-07-24,2021-08-22,2021-08,1,1,0.0,659553|238|2021-07-24,-0.3084334185817187,1.9877863437271066
660385,238,2021-07-24,2021-08-21,29,treatment,1,0.38301453,0,dept_238_closure_2021-07-24,2021-08-22,2021-08,1,1,0.0,660385|238|2021-07-24,0.06889613211828133,1.9877863437271066
660481,238,2021-07-24,2021-08-21,29,control,0,0.03860619,0,dept_238_closure_2021-07-24,2021-08-22,2021-08,1,1,0.0,660481|238|2021-07-24,-0.2755122078817187,1.9877863437271066
661140,238,2021-07-24,2021-08-21,29,treatment,1,0.3004757,0,dept_238_closure_2021-07-24,2021-08-22,2021-08,1,1,0.0,661140|238|2021-07-24,-0.01364269788171868,1.9877863437271066
661179,238,2021-07-24,2021-08-21,29,treatment,1,0.013370562,0,dept_238_closure_2021-07-24,2021-08-22,2021-08,1,1,0.10344827586206896,661179|238|2021-07-24,-0.3007478358817187,1.9877863437271066
661949,238,2021-07-24,2021-08-21,29,control,0,0.9725165,1,dept_238_closure_2021-07-24,2021-08-22,2021-08,1,1,0.3103448275862069,661949|238|2021-07-24,0.6583981021182813,1.9877863437271066
662028,238,2021-07-24,2021-08-21,29,control,0,0.6768571,1,dept_238_closure_2021-07-24,2021-08-22,2021-08,1,1,0.10344827586206896,662028|238|2021-07-24,0.3627387021182813,1.9877863437271066
662160,238,2021-07-24,2021-08-21,29,treatment,1,0.022793733,0,dept_238_closure_2021-07-24,2021-08-22,2021-08,1,1,0.0,662160|238|2021-07-24,-0.2913246648817187,1.9877863437271066
662278,238,2021-07-24,2021-08-21,29,treatment,1,0.91240066,1,dept_238_closure_2021-07-24,2021-08-22,2021-08,1,1,0.06896551724137931,662278|238|2021-07-24,0.5982822621182813,1.9877863437271066
663282,238,2021-07-24,2021-08-21,29,control,0,0.4876999,0,dept_238_closure_2021-07-24,2021-08-22,2021-08,1,1,0.034482758620689655,663282|238|2021-07-24,0.17358150211828133,1.9877863437271066
663283,238,2021-07-24,2021-08-21,29,control,0,0.059362344,0,dept_238_closure_2021-07-24,2021-08-22,2021-08,1,1,0.034482758620689655,663283|238|2021-07-24,-0.2547560538817187,1.9877863437271066
663494,238,2021-07-24,2021-08-21,29,control,0,0.4545191,0,dept_238_closure_2021-07-24,2021-08-22,2021-08,1,1,0.034482758620689655,663494|238|2021-07-24,0.14040070211828132,1.9877863437271066
663773,238,2021-07-24,2021-08-21,29,treatment,1,0.22964692,0,dept_238_closure_2021-07-24,2021-08-22,2021-08,1,1,0.0,663773|238|2021-07-24,-0.08447147788171869,1.9877863437271066
664436,238,2021-07-24,2021-08-21,29,control,0,0.6849274,1,dept_238_closure_2021-07-24,2021-08-22,2021-08,1,1,0.0,664436|238|2021-07-24,0.3708090021182813,1.9877863437271066
664465,238,2021-07-24,2021-08-21,29,control,0,0.7947603,1,dept_238_closure_2021-07-24,2021-08-22,2021-08,1,1,0.0,664465|238|2021-07-24,0.4806419021182813,1.9877863437271066
664482,238,2021-07-24,2021-08-21,29,treatment,1,0.9644841,1,dept_238_closure_2021-07-24,2021-08-22,2021-08,1,1,0.20689655172413793,664482|238|2021-07-24,0.6503657021182813,1.9877863437271066
664661,238,2021-07-24,2021-08-21,29,treatment,1,0.8597047,1,dept_238_closure_2021-07-24,2021-08-22,2021-08,1,1,0.034482758620689655,664661|238|2021-07-24,0.5455863021182813,1.9877863437271066
664665,238,2021-07-24,2021-08-21,29,treatment,1,0.9305197,1,dept_238_closure_2021-07-24,2021-08-22,2021-08,1,1,0.0,664665|238|2021-07-24,0.6164013021182813,1.9877863437271066
664811,238,2021-07-24,2021-08-21,29,treatment,1,0.19856551,0,dept_238_closure_2021-07-24,2021-08-22,2021-08,1,1,0.034482758620689655,664811|238|2021-07-24,-0.11555288788171869,1.9877863437271066
664959,238,2021-07-24,2021-08-21,29,control,0,0.5551413,1,dept_238_closure_2021-07-24,2021-08-22,2021-08,1,1,0.034482758620689655,664959|238|2021-07-24,0.24102290211828126,1.9877863437271066
665947,238,2021-07-24,2021-08-21,29,treatment,1,0.071007244,0,dept_238_closure_2021-07-24,2021-08-22,2021-08,1,1,0.0,665947|238|2021-07-24,-0.2431111538817187,1.9877863437271066
666191,238,2021-07-24,2021-08-21,29,control,0,0.071252994,0,dept_238_closure_2021-07-24,2021-08-22,2021-08,1,1,0.10344827586206896,666191|238|2021-07-24,-0.24286540388171868,1.9877863437271066
666268,238,2021-07-24,2021-08-21,29,control,0,0.9995448,1,dept_238_closure_2021-07-24,2021-08-22,2021-08,1,1,0.7586206896551724,666268|238|2021-07-24,0.6854264021182813,1.9877863437271066
666597,238,2021-07-24,2021-08-21,29,control,0,0.24573119,0,dept_238_closure_2021-07-24,2021-08-22,2021-08,1,1,0.0,666597|238|2021-07-24,-0.0683872078817187,1.9877863437271066
666978,238,2021-07-24,2021-08-21,29,treatment,1,0.95964587,1,dept_238_closure_2021-07-24,2021-08-22,2021-08,1,1,0.0,666978|238|2021-07-24,0.6455274721182813,1.9877863437271066
666983,238,2021-07-24,2021-08-21,29,treatment,1,0.602467,1,dept_238_closure_2021-07-24,2021-08-22,2021-08,1,1,0.034482758620689655,666983|238|2021-07-24,0.2883486021182813,1.9877863437271066
666985,238,2021-07-24,2021-08-21,29,treatment,1,0.014246881,0,dept_238_closure_2021-07-24,2021-08-22,2021-08,1,1,0.0,666985|238|2021-07-24,-0.2998715168817187,1.9877863437271066
668410,238,2021-07-24,2021-08-21,29,control,0,0.6653871,1,dept_238_closure_2021-07-24,2021-08-22,2021-08,1,1,0.0,668410|238|2021-07-24,0.3512687021182813,1.9877863437271066
669116,238,2021-07-24,2021-08-21,29,treatment,1,0.1516346,0,dept_238_closure_2021-07-24,2021-08-22,2021-08,1,1,0.0,669116|238|2021-07-24,-0.16248379788171868,1.9877863437271066
669793,238,2021-07-24,2021-08-21,29,control,0,0.033587996,0,dept_238_closure_2021-07-24,2021-08-22,2021-08,1,1,0.06896551724137931,669793|238|2021-07-24,-0.2805304018817187,1.9877863437271066
669821,238,2021-07-24,2021-08-21,29,control,0,0.9968065,1,dept_238_closure_2021-07-24,2021-08-22,2021-08,1,1,0.06896551724137931,669821|238|2021-07-24,0.6826881021182813,1.9877863437271066
670328,238,2021-07-24,2021-08-21,29,control,0,0.04379353,0,dept_238_closure_2021-07-24,2021-08-22,2021-08,1,1,0.0,670328|238|2021-07-24,-0.2703248678817187,1.9877863437271066
670707,238,2021-07-24,2021-08-21,29,treatment,1,0.955608,1,dept_238_closure_2021-07-24,2021-08-22,2021-08,1,1,0.034482758620689655,670707|238|2021-07-24,0.6414896021182813,1.9877863437271066
670834,238,2021-07-24,2021-08-21,29,treatment,1,0.48076177,0,dept_238_closure_2021-07-24,2021-08-22,2021-08,1,1,0.0,670834|238|2021-07-24,0.16664337211828129,1.9877863437271066
671314,238,2021-07-24,2021-08-21,29,control,0,0.18913005,0,dept_238_closure_2021-07-24,2021-08-22,2021-08,1,1,0.0,671314|238|2021-07-24,-0.1249883478817187,1.9877863437271066
671785,238,2021-07-24,2021-08-21,29,treatment,1,0.13155611,0,dept_238_closure_2021-07-24,2021-08-22,2021-08,1,1,0.0,671785|238|2021-07-24,-0.1825622878817187,1.9877863437271066
672167,238,2021-07-24,2021-08-21,29,treatment,1,0.64548486,1,dept_238_closure_2021-07-24,2021-08-22,2021-08,1,1,0.034482758620689655,672167|238|2021-07-24,0.33136646211828136,1.9877863437271066
672634,238,2021-07-24,2021-08-21,29,control,0,0.060571473,0,dept_238_closure_2021-07-24,2021-08-22,2021-08,1,1,0.0,672634|238|2021-07-24,-0.2535469248817187,1.9877863437271066
673026,238,2021-07-24,2021-08-21,29,treatment,1,0.6271441,1,dept_238_closure_2021-07-24,2021-08-22,2021-08,1,1,0.0,673026|238|2021-07-24,0.3130257021182813,1.9877863437271066
673269,238,2021-07-24,2021-08-21,29,treatment,1,0.33612967,0,dept_238_closure_2021-07-24,2021-08-22,2021-08,1,1,0.06896551724137931,673269|238|2021-07-24,0.0220112721182813,1.9877863437271066
673947,238,2021-07-24,2021-08-21,29,control,0,0.9909367,1,dept_238_closure_2021-07-24,2021-08-22,2021-08,1,1,0.10344827586206896,673947|238|2021-07-24,0.6768183021182813,1.9877863437271066
674167,238,2021-07-24,2021-08-21,29,control,0,0.074275404,0,dept_238_closure_2021-07-24,2021-08-22,2021-08,1,1,0.0,674167|238|2021-07-24,-0.2398429938817187,1.9877863437271066
674346,238,2021-07-24,2021-08-21,29,control,0,0.9087128,1,dept_238_closure_2021-07-24,2021-08-22,2021-08,1,1,0.034482758620689655,674346|238|2021-07-24,0.5945944021182813,1.9877863437271066
674420,238,2021-07-24,2021-08-21,29,control,0,0.55099994,1,dept_238_closure_2021-07-24,2021-08-22,2021-08,1,1,0.20689655172413793,674420|238|2021-07-24,0.23688154211828127,1.9877863437271066
675142,238,2021-07-24,2021-08-21,29,control,0,0.31492522,0,dept_238_closure_2021-07-24,2021-08-22,2021-08,1,1,0.034482758620689655,675142|238|2021-07-24,0.000806822118281314,1.9877863437271066
675210,238,2021-07-24,2021-08-21,29,control,0,0.23725478,0,dept_238_closure_2021-07-24,2021-08-22,2021-08,1,1,0.034482758620689655,675210|238|2021-07-24,-0.0768636178817187,1.9877863437271066
675684,238,2021-07-24,2021-08-21,29,control,0,0.18780415,0,dept_238_closure_2021-07-24,2021-08-22,2021-08,1,1,0.0,675684|238|2021-07-24,-0.1263142478817187,1.9877863437271066
675685,238,2021-07-24,2021-08-21,29,control,0,0.99122554,1,dept_238_closure_2021-07-24,2021-08-22,2021-08,1,1,0.3793103448275862,675685|238|2021-07-24,0.6771071421182813,1.9877863437271066
676198,238,2021-07-24,2021-08-21,29,control,0,0.6618728,1,dept_238_closure_2021-07-24,2021-08-22,2021-08,1,1,0.034482758620689655,676198|238|2021-07-24,0.34775440211828135,1.9877863437271066
676267,238,2021-07-24,2021-08-21,29,treatment,1,0.16672695,0,dept_238_closure_2021-07-24,2021-08-22,2021-08,1,1,0.13793103448275862,676267|238|2021-07-24,-0.14739144788171868,1.9877863437271066
676412,238,2021-07-24,2021-08-21,29,control,0,0.22275525,0,dept_238_closure_2021-07-24,2021-08-22,2021-08,1,1,0.0,676412|238|2021-07-24,-0.0913631478817187,1.9877863437271066
676487,238,2021-07-24,2021-08-21,29,treatment,1,0.99611986,1,dept_238_closure_2021-07-24,2021-08-22,2021-08,1,1,0.10344827586206896,676487|238|2021-07-24,0.6820014621182813,1.9877863437271066
677050,238,2021-07-24,2021-08-21,29,treatment,1,0.27906647,0,dept_238_closure_2021-07-24,2021-08-22,2021-08,1,1,0.06896551724137931,677050|238|2021-07-24,-0.03505192788171868,1.9877863437271066
677420,238,2021-07-24,2021-08-21,29,treatment,1,0.9976184,1,dept_238_closure_2021-07-24,2021-08-22,2021-08,1,1,0.3448275862068966,677420|238|2021-07-24,0.6835000021182813,1.9877863437271066
677739,238,2021-07-24,2021-08-21,29,treatment,1,0.15086658,0,dept_238_closure_2021-07-24,2021-08-22,2021-08,1,1,0.0,677739|238|2021-07-24,-0.1632518178817187,1.9877863437271066
677863,238,2021-07-24,2021-08-21,29,control,0,0.1360186,0,dept_238_closure_2021-07-24,2021-08-22,2021-08,1,1,0.034482758620689655,677863|238|2021-07-24,-0.1780997978817187,1.9877863437271066
678041,238,2021-07-24,2021-08-21,29,control,0,0.43805006,0,dept_238_closure_2021-07-24,2021-08-22,2021-08,1,1,0.034482758620689655,678041|238|2021-07-24,0.12393166211828133,1.9877863437271066
678046,238,2021-07-24,2021-08-21,29,treatment,1,0.85980135,1,dept_238_closure_2021-07-24,2021-08-22,2021-08,1,1,0.034482758620689655,678046|238|2021-07-24,0.5456829521182813,1.9877863437271066
678526,238,2021-07-24,2021-08-21,29,treatment,1,0.99908054,1,dept_238_closure_2021-07-24,2021-08-22,2021-08,1,1,0.3103448275862069,678526|238|2021-07-24,0.6849621421182813,1.9877863437271066
678840,238,2021-07-24,2021-08-21,29,treatment,1,0.96762854,1,dept_238_closure_2021-07-24,2021-08-22,2021-08,1,1,0.0,678840|238|2021-07-24,0.6535101421182813,1.9877863437271066
678884,238,2021-07-24,2021-08-21,29,treatment,1,0.46914285,0,dept_238_closure_2021-07-24,2021-08-22,2021-08,1,1,0.034482758620689655,678884|238|2021-07-24,0.1550244521182813,1.9877863437271066
679081,238,2021-07-24,2021-08-21,29,control,0,0.9957196,1,dept_238_closure_2021-07-24,2021-08-22,2021-08,1,1,0.034482758620689655,679081|238|2021-07-24,0.6816012021182813,1.9877863437271066
679965,238,2021-07-24,2021-08-21,29,control,0,0.06635517,0,dept_238_closure_2021-07-24,2021-08-22,2021-08,1,1,0.0,679965|238|2021-07-24,-0.24776322788171867,1.9877863437271066
680426,238,2021-07-24,2021-08-21,29,control,0,0.8273851,1,dept_238_closure_2021-07-24,2021-08-22,2021-08,1,1,0.10344827586206896,680426|238|2021-07-24,0.5132667021182813,1.9877863437271066
680596,238,2021-07-24,2021-08-21,29,control,0,0.77294946,1,dept_238_closure_2021-07-24,2021-08-22,2021-08,1,1,0.13793103448275862,680596|238|2021-07-24,0.4588310621182813,1.9877863437271066
681037,238,2021-07-24,2021-08-21,29,control,0,0.7401924,1,dept_238_closure_2021-07-24,2021-08-22,2021-08,1,1,0.0,681037|238|2021-07-24,0.4260740021182813,1.9877863437271066
681428,238,2021-07-24,2021-08-21,29,treatment,1,0.012595572,0,dept_238_closure_2021-07-24,2021-08-22,2021-08,1,1,0.0,681428|238|2021-07-24,-0.3015228258817187,1.9877863437271066
682196,238,2021-07-24,2021-08-21,29,treatment,1,0.4455333,0,dept_238_closure_2021-07-24,2021-08-22,2021-08,1,1,0.0,682196|238|2021-07-24,0.13141490211828133,1.9877863437271066
682231,238,2021-07-24,2021-08-21,29,treatment,1,0.89763755,1,dept_238_closure_2021-07-24,2021-08-22,2021-08,1,1,0.2413793103448276,682231|238|2021-07-24,0.5835191521182813,1.9877863437271066
683264,238,2021-07-24,2021-08-21,29,treatment,1,0.9479709,1,dept_238_closure_2021-07-24,2021-08-22,2021-08,1,1,0.034482758620689655,683264|238|2021-07-24,0.6338525021182813,1.9877863437271066
683284,238,2021-07-24,2021-08-21,29,treatment,1,0.98012,1,dept_238_closure_2021-07-24,2021-08-22,2021-08,1,1,0.1724137931034483,683284|238|2021-07-24,0.6660016021182813,1.9877863437271066
683285,238,2021-07-24,2021-08-21,29,treatment,1,0.093071856,0,dept_238_closure_2021-07-24,2021-08-22,2021-08,1,1,0.0,683285|238|2021-07-24,-0.22104654188171868,1.9877863437271066
683286,238,2021-07-24,2021-08-21,29,treatment,1,0.1872947,0,dept_238_closure_2021-07-24,2021-08-22,2021-08,1,1,0.034482758620689655,683286|238|2021-07-24,-0.12682369788171868,1.9877863437271066
684024,238,2021-07-24,2021-08-21,29,control,0,0.0017720059,0,dept_238_closure_2021-07-24,2021-08-22,2021-08,1,1,0.034482758620689655,684024|238|2021-07-24,-0.3123463919817187,1.9877863437271066
684072,238,2021-07-24,2021-08-21,29,treatment,1,0.9786831,1,dept_238_closure_2021-07-24,2021-08-22,2021-08,1,1,0.034482758620689655,684072|238|2021-07-24,0.6645647021182813,1.9877863437271066
684335,238,2021-07-24,2021-08-21,29,control,0,0.008363048,0,dept_238_closure_2021-07-24,2021-08-22,2021-08,1,1,0.0,684335|238|2021-07-24,-0.3057553498817187,1.9877863437271066
684396,238,2021-07-24,2021-08-21,29,treatment,1,0.5312708,1,dept_238_closure_2021-07-24,2021-08-22,2021-08,1,1,0.0,684396|238|2021-07-24,0.21715240211828135,1.9877863437271066
684496,238,2021-07-24,2021-08-21,29,control,0,0.110886805,0,dept_238_closure_2021-07-24,2021-08-22,2021-08,1,1,0.0,684496|238|2021-07-24,-0.2032315928817187,1.9877863437271066
685016,238,2021-07-24,2021-08-21,29,control,0,0.13874155,0,dept_238_closure_2021-07-24,2021-08-22,2021-08,1,1,0.034482758620689655,685016|238|2021-07-24,-0.1753768478817187,1.9877863437271066
685613,238,2021-07-24,2021-08-21,29,control,0,0.071617916,0,dept_238_closure_2021-07-24,2021-08-22,2021-08,1,1,0.0,685613|238|2021-07-24,-0.2425004818817187,1.9877863437271066
685918,238,2021-07-24,2021-08-21,29,control,0,0.021076314,0,dept_238_closure_2021-07-24,2021-08-22,2021-08,1,1,0.034482758620689655,685918|238|2021-07-24,-0.2930420838817187,1.9877863437271066
686670,238,2021-07-24,2021-08-21,29,control,0,0.30184534,0,dept_238_closure_2021-07-24,2021-08-22,2021-08,1,1,0.034482758620689655,686670|238|2021-07-24,-0.012273057881718674,1.9877863437271066
688601,238,2021-07-24,2021-08-21,29,control,0,0.12665911,0,dept_238_closure_2021-07-24,2021-08-22,2021-08,1,1,0.034482758620689655,688601|238|2021-07-24,-0.1874592878817187,1.9877863437271066
689139,238,2021-07-24,2021-08-21,29,control,0,0.9923253,1,dept_238_closure_2021-07-24,2021-08-22,2021-08,1,1,0.06896551724137931,689139|238|2021-07-24,0.6782069021182813,1.9877863437271066
689970,238,2021-07-24,2021-08-21,29,control,0,0.14950319,0,dept_238_closure_2021-07-24,2021-08-22,2021-08,1,1,0.1724137931034483,689970|238|2021-07-24,-0.16461520788171868,1.9877863437271066
690510,238,2021-07-24,2021-08-21,29,control,0,0.7569612,1,dept_238_closure_2021-07-24,2021-08-22,2021-08,1,1,0.0,690510|238|2021-07-24,0.4428428021182813,1.9877863437271066
691283,238,2021-07-24,2021-08-21,29,control,0,0.017169988,0,dept_238_closure_2021-07-24,2021-08-22,2021-08,1,1,0.0,691283|238|2021-07-24,-0.29694840988171867,1.9877863437271066
691891,238,2021-07-24,2021-08-21,29,control,0,0.97693956,1,dept_238_closure_2021-07-24,2021-08-22,2021-08,1,1,0.06896551724137931,691891|238|2021-07-24,0.6628211621182813,1.9877863437271066
692620,238,2021-07-24,2021-08-21,29,treatment,1,0.6334928,1,dept_238_closure_2021-07-24,2021-08-22,2021-08,1,1,0.0,692620|238|2021-07-24,0.3193744021182813,1.9877863437271066
692884,238,2021-07-24,2021-08-21,29,treatment,1,0.0049156877,0,dept_238_closure_2021-07-24,2021-08-22,2021-08,1,1,0.0,692884|238|2021-07-24,-0.3092027101817187,1.9877863437271066
692982,238,2021-07-24,2021-08-21,29,treatment,1,0.24141921,0,dept_238_closure_2021-07-24,2021-08-22,2021-08,1,1,0.0,692982|238|2021-07-24,-0.0726991878817187,1.9877863437271066
692994,238,2021-07-24,2021-08-21,29,control,0,0.022031788,0,dept_238_closure_2021-07-24,2021-08-22,2021-08,1,1,0.0,692994|238|2021-07-24,-0.2920866098817187,1.9877863437271066
693280,238,2021-07-24,2021-08-21,29,control,0,0.8876247,1,dept_238_closure_2021-07-24,2021-08-22,2021-08,1,1,0.10344827586206896,693280|238|2021-07-24,0.5735063021182814,1.9877863437271066
693425,238,2021-07-24,2021-08-21,29,treatment,1,0.40126798,0,dept_238_closure_2021-07-24,2021-08-22,2021-08,1,1,0.06896551724137931,693425|238|2021-07-24,0.08714958211828133,1.9877863437271066
693659,238,2021-07-24,2021-08-21,29,treatment,1,0.2776902,0,dept_238_closure_2021-07-24,2021-08-22,2021-08,1,1,0.0,693659|238|2021-07-24,-0.036428197881718694,1.9877863437271066
693746,238,2021-07-24,2021-08-21,29,control,0,0.41400135,0,dept_238_closure_2021-07-24,2021-08-22,2021-08,1,1,0.0,693746|238|2021-07-24,0.0998829521182813,1.9877863437271066
694496,238,2021-07-24,2021-08-21,29,treatment,1,0.3005245,0,dept_238_closure_2021-07-24,2021-08-22,2021-08,1,1,0.0,694496|238|2021-07-24,-0.013593897881718664,1.9877863437271066
695016,238,2021-07-24,2021-08-21,29,treatment,1,0.057103336,0,dept_238_closure_2021-07-24,2021-08-22,2021-08,1,1,0.0,695016|238|2021-07-24,-0.2570150618817187,1.9877863437271066
695631,238,2021-07-24,2021-08-21,29,control,0,0.8808964,1,dept_238_closure_2021-07-24,2021-08-22,2021-08,1,1,0.0,695631|238|2021-07-24,0.5667780021182813,1.9877863437271066
695700,238,2021-07-24,2021-08-21,29,control,0,0.88238406,1,dept_238_closure_2021-07-24,2021-08-22,2021-08,1,1,0.10344827586206896,695700|238|2021-07-24,0.5682656621182813,1.9877863437271066
696254,238,2021-07-24,2021-08-21,29,control,0,0.12796901,0,dept_238_closure_2021-07-24,2021-08-22,2021-08,1,1,0.0,696254|238|2021-07-24,-0.1861493878817187,1.9877863437271066
696880,238,2021-07-24,2021-08-21,29,treatment,1,0.9976,1,dept_238_closure_2021-07-24,2021-08-22,2021-08,1,1,0.1724137931034483,696880|238|2021-07-24,0.6834816021182814,1.9877863437271066
697378,238,2021-07-24,2021-08-21,29,control,0,0.0059220092,0,dept_238_closure_2021-07-24,2021-08-22,2021-08,1,1,0.0,697378|238|2021-07-24,-0.30819638868171867,1.9877863437271066
697560,238,2021-07-24,2021-08-21,29,treatment,1,0.83081335,1,dept_238_closure_2021-07-24,2021-08-22,2021-08,1,1,0.06896551724137931,697560|238|2021-07-24,0.5166949521182813,1.9877863437271066
698059,238,2021-07-24,2021-08-21,29,control,0,0.49873114,0,dept_238_closure_2021-07-24,2021-08-22,2021-08,1,1,0.0,698059|238|2021-07-24,0.18461274211828133,1.9877863437271066
698120,238,2021-07-24,2021-08-21,29,treatment,1,0.012682982,0,dept_238_closure_2021-07-24,2021-08-22,2021-08,1,1,0.0,698120|238|2021-07-24,-0.3014354158817187,1.9877863437271066
698246,238,2021-07-24,2021-08-21,29,treatment,1,0.9559109,1,dept_238_closure_2021-07-24,2021-08-22,2021-08,1,1,0.06896551724137931,698246|238|2021-07-24,0.6417925021182813,1.9877863437271066
699886,238,2021-07-24,2021-08-21,29,treatment,1,0.5957491,1,dept_238_closure_2021-07-24,2021-08-22,2021-08,1,1,0.13793103448275862,699886|238|2021-07-24,0.28163070211828134,1.9877863437271066
700112,238,2021-07-24,2021-08-21,29,control,0,0.7555342,1,dept_238_closure_2021-07-24,2021-08-22,2021-08,1,1,0.0,700112|238|2021-07-24,0.44141580211828135,1.9877863437271066
700240,238,2021-07-24,2021-08-21,29,control,0,0.96098864,1,dept_238_closure_2021-07-24,2021-08-22,2021-08,1,1,0.034482758620689655,700240|238|2021-07-24,0.6468702421182813,1.9877863437271066
700276,238,2021-07-24,2021-08-21,29,treatment,1,0.18694124,0,dept_238_closure_2021-07-24,2021-08-22,2021-08,1,1,0.034482758620689655,700276|238|2021-07-24,-0.12717715788171868,1.9877863437271066
700383,238,2021-07-24,2021-08-21,29,treatment,1,0.5239696,1,dept_238_closure_2021-07-24,2021-08-22,2021-08,1,1,0.0,700383|238|2021-07-24,0.20985120211828134,1.9877863437271066
700641,238,2021-07-24,2021-08-21,29,control,0,0.0045773825,0,dept_238_closure_2021-07-24,2021-08-22,2021-08,1,1,0.0,700641|238|2021-07-24,-0.3095410153817187,1.9877863437271066
701532,238,2021-07-24,2021-08-21,29,control,0,0.9592614,1,dept_238_closure_2021-07-24,2021-08-22,2021-08,1,1,0.06896551724137931,701532|238|2021-07-24,0.6451430021182814,1.9877863437271066
701646,238,2021-07-24,2021-08-21,29,control,0,0.019893559,0,dept_238_closure_2021-07-24,2021-08-22,2021-08,1,1,0.0,701646|238|2021-07-24,-0.2942248388817187,1.9877863437271066
701697,238,2021-07-24,2021-08-21,29,treatment,1,0.18352577,0,dept_238_closure_2021-07-24,2021-08-22,2021-08,1,1,0.0,701697|238|2021-07-24,-0.1305926278817187,1.9877863437271066
701831,238,2021-07-24,2021-08-21,29,control,0,0.08285639,0,dept_238_closure_2021-07-24,2021-08-22,2021-08,1,1,0.0,701831|238|2021-07-24,-0.2312620078817187,1.9877863437271066
702745,238,2021-07-24,2021-08-21,29,treatment,1,0.17436014,0,dept_238_closure_2021-07-24,2021-08-22,2021-08,1,1,0.0,702745|238|2021-07-24,-0.1397582578817187,1.9877863437271066
702818,238,2021-07-24,2021-08-21,29,treatment,1,0.8879209,1,dept_238_closure_2021-07-24,2021-08-22,2021-08,1,1,0.034482758620689655,702818|238|2021-07-24,0.5738025021182813,1.9877863437271066
702939,238,2021-07-24,2021-08-21,29,control,0,0.9696918,1,dept_238_closure_2021-07-24,2021-08-22,2021-08,1,1,0.13793103448275862,702939|238|2021-07-24,0.6555734021182813,1.9877863437271066
703225,238,2021-07-24,2021-08-21,29,treatment,1,0.9351531,1,dept_238_closure_2021-07-24,2021-08-22,2021-08,1,1,0.034482758620689655,703225|238|2021-07-24,0.6210347021182813,1.9877863437271066
703226,238,2021-07-24,2021-08-21,29,treatment,1,0.99198043,1,dept_238_closure_2021-07-24,2021-08-22,2021-08,1,1,0.13793103448275862,703226|238|2021-07-24,0.6778620321182813,1.9877863437271066
703627,238,2021-07-24,2021-08-21,29,treatment,1,0.024139974,0,dept_238_closure_2021-07-24,2021-08-22,2021-08,1,1,0.0,703627|238|2021-07-24,-0.2899784238817187,1.9877863437271066
703714,238,2021-07-24,2021-08-21,29,control,0,0.6665021,1,dept_238_closure_2021-07-24,2021-08-22,2021-08,1,1,0.0,703714|238|2021-07-24,0.3523837021182813,1.9877863437271066
704017,238,2021-07-24,2021-08-21,29,control,0,0.9309591,1,dept_238_closure_2021-07-24,2021-08-22,2021-08,1,1,0.13793103448275862,704017|238|2021-07-24,0.6168407021182813,1.9877863437271066
704166,238,2021-07-24,2021-08-21,29,control,0,0.13359955,0,dept_238_closure_2021-07-24,2021-08-22,2021-08,1,1,0.0,704166|238|2021-07-24,-0.18051884788171868,1.9877863437271066
704548,238,2021-07-24,2021-08-21,29,treatment,1,0.9837293,1,dept_238_closure_2021-07-24,2021-08-22,2021-08,1,1,0.10344827586206896,704548|238|2021-07-24,0.6696109021182813,1.9877863437271066
704870,238,2021-07-24,2021-08-21,29,treatment,1,0.01937072,0,dept_238_closure_2021-07-24,2021-08-22,2021-08,1,1,0.13793103448275862,704870|238|2021-07-24,-0.2947476778817187,1.9877863437271066
705425,238,2021-07-24,2021-08-21,29,control,0,0.4073561,0,dept_238_closure_2021-07-24,2021-08-22,2021-08,1,1,0.0,705425|238|2021-07-24,0.09323770211828131,1.9877863437271066
706150,238,2021-07-24,2021-08-21,29,treatment,1,0.23949294,0,dept_238_closure_2021-07-24,2021-08-22,2021-08,1,1,0.0,706150|238|2021-07-24,-0.0746254578817187,1.9877863437271066
706208,238,2021-07-24,2021-08-21,29,treatment,1,0.9509392,1,dept_238_closure_2021-07-24,2021-08-22,2021-08,1,1,0.034482758620689655,706208|238|2021-07-24,0.6368208021182813,1.9877863437271066
707917,238,2021-07-24,2021-08-21,29,control,0,0.30658436,0,dept_238_closure_2021-07-24,2021-08-22,2021-08,1,1,0.0,707917|238|2021-07-24,-0.0075340378817186915,1.9877863437271066
709071,238,2021-07-24,2021-08-21,29,treatment,1,0.4082827,0,dept_238_closure_2021-07-24,2021-08-22,2021-08,1,1,0.034482758620689655,709071|238|2021-07-24,0.0941643021182813,1.9877863437271066
709224,238,2021-07-24,2021-08-21,29,treatment,1,0.011910414,0,dept_238_closure_2021-07-24,2021-08-22,2021-08,1,1,0.0,709224|238|2021-07-24,-0.3022079838817187,1.9877863437271066
709289,238,2021-07-24,2021-08-21,29,treatment,1,0.44867706,0,dept_238_closure_2021-07-24,2021-08-22,2021-08,1,1,0.0,709289|238|2021-07-24,0.13455866211828132,1.9877863437271066
709385,238,2021-07-24,2021-08-21,29,control,0,0.011747573,0,dept_238_closure_2021-07-24,2021-08-22,2021-08,1,1,0.0,709385|238|2021-07-24,-0.3023708248817187,1.9877863437271066
709509,238,2021-07-24,2021-08-21,29,treatment,1,0.99570423,1,dept_238_closure_2021-07-24,2021-08-22,2021-08,1,1,0.06896551724137931,709509|238|2021-07-24,0.6815858321182813,1.9877863437271066
709517,238,2021-07-24,2021-08-21,29,control,0,0.41382873,0,dept_238_closure_2021-07-24,2021-08-22,2021-08,1,1,0.0,709517|238|2021-07-24,0.09971033211828129,1.9877863437271066
709724,238,2021-07-24,2021-08-21,29,control,0,0.6370041,1,dept_238_closure_2021-07-24,2021-08-22,2021-08,1,1,0.0,709724|238|2021-07-24,0.32288570211828127,1.9877863437271066
709839,238,2021-07-24,2021-08-21,29,control,0,0.99756074,1,dept_238_closure_2021-07-24,2021-08-22,2021-08,1,1,0.20689655172413793,709839|238|2021-07-24,0.6834423421182813,1.9877863437271066
709994,238,2021-07-24,2021-08-21,29,control,0,0.99009246,1,dept_238_closure_2021-07-24,2021-08-22,2021-08,1,1,0.10344827586206896,709994|238|2021-07-24,0.6759740621182813,1.9877863437271066
711116,238,2021-07-24,2021-08-21,29,control,0,0.08613603,0,dept_238_closure_2021-07-24,2021-08-22,2021-08,1,1,0.0,711116|238|2021-07-24,-0.2279823678817187,1.9877863437271066
711302,238,2021-07-24,2021-08-21,29,treatment,1,0.01124112,0,dept_238_closure_2021-07-24,2021-08-22,2021-08,1,1,0.0,711302|238|2021-07-24,-0.3028772778817187,1.9877863437271066
711314,238,2021-07-24,2021-08-21,29,treatment,1,0.59532785,1,dept_238_closure_2021-07-24,2021-08-22,2021-08,1,1,0.034482758620689655,711314|238|2021-07-24,0.2812094521182813,1.9877863437271066
712788,238,2021-07-24,2021-08-21,29,control,0,0.235139,0,dept_238_closure_2021-07-24,2021-08-22,2021-08,1,1,0.0,712788|238|2021-07-24,-0.0789793978817187,1.9877863437271066
713057,238,2021-07-24,2021-08-21,29,control,0,0.31007394,0,dept_238_closure_2021-07-24,2021-08-22,2021-08,1,1,0.0,713057|238|2021-07-24,-0.004044457881718699,1.9877863437271066
714864,238,2021-07-24,2021-08-21,29,control,0,0.023528432,0,dept_238_closure_2021-07-24,2021-08-22,2021-08,1,1,0.0,714864|238|2021-07-24,-0.2905899658817187,1.9877863437271066
715056,238,2021-07-24,2021-08-21,29,control,0,0.7371316,1,dept_238_closure_2021-07-24,2021-08-22,2021-08,1,1,0.0,715056|238|2021-07-24,0.4230132021182813,1.9877863437271066
715144,238,2021-07-24,2021-08-21,29,control,0,0.24149075,0,dept_238_closure_2021-07-24,2021-08-22,2021-08,1,1,0.0,715144|238|2021-07-24,-0.07262764788171869,1.9877863437271066
715642,238,2021-07-24,2021-08-21,29,control,0,0.9964144,1,dept_238_closure_2021-07-24,2021-08-22,2021-08,1,1,0.13793103448275862,715642|238|2021-07-24,0.6822960021182813,1.9877863437271066
715804,238,2021-07-24,2021-08-21,29,control,0,0.8408725,1,dept_238_closure_2021-07-24,2021-08-22,2021-08,1,1,0.034482758620689655,715804|238|2021-07-24,0.5267541021182813,1.9877863437271066
717574,238,2021-07-24,2021-08-21,29,control,0,0.18865773,0,dept_238_closure_2021-07-24,2021-08-22,2021-08,1,1,0.0,717574|238|2021-07-24,-0.1254606678817187,1.9877863437271066
717619,238,2021-07-24,2021-08-21,29,control,0,0.43081865,0,dept_238_closure_2021-07-24,2021-08-22,2021-08,1,1,0.13793103448275862,717619|238|2021-07-24,0.11670025211828133,1.9877863437271066
717734,238,2021-07-24,2021-08-21,29,control,0,0.3377702,0,dept_238_closure_2021-07-24,2021-08-22,2021-08,1,1,0.0,717734|238|2021-07-24,0.02365180211828133,1.9877863437271066
718121,238,2021-07-24,2021-08-21,29,control,0,0.014262855,0,dept_238_closure_2021-07-24,2021-08-22,2021-08,1,1,0.0,718121|238|2021-07-24,-0.2998555428817187,1.9877863437271066
718738,238,2021-07-24,2021-08-21,29,control,0,0.40186328,0,dept_238_closure_2021-07-24,2021-08-22,2021-08,1,1,0.0,718738|238|2021-07-24,0.0877448821182813,1.9877863437271066
718820,238,2021-07-24,2021-08-21,29,control,0,0.9112352,1,dept_238_closure_2021-07-24,2021-08-22,2021-08,1,1,0.0,718820|238|2021-07-24,0.5971168021182813,1.9877863437271066
719827,238,2021-07-24,2021-08-21,29,control,0,0.99026006,1,dept_238_closure_2021-07-24,2021-08-22,2021-08,1,1,0.3448275862068966,719827|238|2021-07-24,0.6761416621182813,1.9877863437271066
720084,238,2021-07-24,2021-08-21,29,control,0,0.0043336553,0,dept_238_closure_2021-07-24,2021-08-22,2021-08,1,1,0.0,720084|238|2021-07-24,-0.3097847425817187,1.9877863437271066
720541,238,2021-07-24,2021-08-21,29,control,0,0.08764455,0,dept_238_closure_2021-07-24,2021-08-22,2021-08,1,1,0.0,720541|238|2021-07-24,-0.2264738478817187,1.9877863437271066
720946,238,2021-07-24,2021-08-21,29,treatment,1,0.61654353,1,dept_238_closure_2021-07-24,2021-08-22,2021-08,1,1,0.13793103448275862,720946|238|2021-07-24,0.30242513211828126,1.9877863437271066
721040,238,2021-07-24,2021-08-21,29,treatment,1,0.0366868,0,dept_238_closure_2021-07-24,2021-08-22,2021-08,1,1,0.0,721040|238|2021-07-24,-0.2774315978817187,1.9877863437271066
721099,238,2021-07-24,2021-08-21,29,treatment,1,0.8968141,1,dept_238_closure_2021-07-24,2021-08-22,2021-08,1,1,0.10344827586206896,721099|238|2021-07-24,0.5826957021182813,1.9877863437271066
721719,238,2021-07-24,2021-08-21,29,treatment,1,0.033019815,0,dept_238_closure_2021-07-24,2021-08-22,2021-08,1,1,0.034482758620689655,721719|238|2021-07-24,-0.2810985828817187,1.9877863437271066
721720,238,2021-07-24,2021-08-21,29,treatment,1,0.19510098,0,dept_238_closure_2021-07-24,2021-08-22,2021-08,1,1,0.034482758620689655,721720|238|2021-07-24,-0.11901741788171868,1.9877863437271066
722084,238,2021-07-24,2021-08-21,29,treatment,1,0.7820892,1,dept_238_closure_2021-07-24,2021-08-22,2021-08,1,1,0.034482758620689655,722084|238|2021-07-24,0.46797080211828135,1.9877863437271066
722341,238,2021-07-24,2021-08-21,29,control,0,0.9916134,1,dept_238_closure_2021-07-24,2021-08-22,2021-08,1,1,0.13793103448275862,722341|238|2021-07-24,0.6774950021182813,1.9877863437271066
722483,238,2021-07-24,2021-08-21,29,control,0,0.98856527,1,dept_238_closure_2021-07-24,2021-08-22,2021-08,1,1,0.1724137931034483,722483|238|2021-07-24,0.6744468721182814,1.9877863437271066
723548,238,2021-07-24,2021-08-21,29,control,0,0.9910734,1,dept_238_closure_2021-07-24,2021-08-22,2021-08,1,1,0.13793103448275862,723548|238|2021-07-24,0.6769550021182813,1.9877863437271066
724789,238,2021-07-24,2021-08-21,29,treatment,1,0.99287546,1,dept_238_closure_2021-07-24,2021-08-22,2021-08,1,1,0.034482758620689655,724789|238|2021-07-24,0.6787570621182814,1.9877863437271066
724946,238,2021-07-24,2021-08-21,29,control,0,0.016664501,0,dept_238_closure_2021-07-24,2021-08-22,2021-08,1,1,0.0,724946|238|2021-07-24,-0.2974538968817187,1.9877863437271066
725045,238,2021-07-24,2021-08-21,29,treatment,1,0.29167768,0,dept_238_closure_2021-07-24,2021-08-22,2021-08,1,1,0.0,725045|238|2021-07-24,-0.022440717881718697,1.9877863437271066
725229,238,2021-07-24,2021-08-21,29,treatment,1,0.24589045,0,dept_238_closure_2021-07-24,2021-08-22,2021-08,1,1,0.0,725229|238|2021-07-24,-0.06822794788171868,1.9877863437271066
725347,238,2021-07-24,2021-08-21,29,treatment,1,0.1118817,0,dept_238_closure_2021-07-24,2021-08-22,2021-08,1,1,0.0,725347|238|2021-07-24,-0.2022366978817187,1.9877863437271066
725490,238,2021-07-24,2021-08-21,29,treatment,1,0.62705183,1,dept_238_closure_2021-07-24,2021-08-22,2021-08,1,1,0.10344827586206896,725490|238|2021-07-24,0.3129334321182813,1.9877863437271066
725796,238,2021-07-24,2021-08-21,29,treatment,1,0.9463836,1,dept_238_closure_2021-07-24,2021-08-22,2021-08,1,1,0.10344827586206896,725796|238|2021-07-24,0.6322652021182813,1.9877863437271066
725932,238,2021-07-24,2021-08-21,29,treatment,1,0.8920908,1,dept_238_closure_2021-07-24,2021-08-22,2021-08,1,1,0.0,725932|238|2021-07-24,0.5779724021182813,1.9877863437271066
726318,238,2021-07-24,2021-08-21,29,treatment,1,0.48956397,0,dept_238_closure_2021-07-24,2021-08-22,2021-08,1,1,0.13793103448275862,726318|238|2021-07-24,0.17544557211828132,1.9877863437271066
726610,238,2021-07-24,2021-08-21,29,control,0,0.5402424,1,dept_238_closure_2021-07-24,2021-08-22,2021-08,1,1,0.034482758620689655,726610|238|2021-07-24,0.22612400211828132,1.9877863437271066
726706,238,2021-07-24,2021-08-21,29,control,0,0.30437934,0,dept_238_closure_2021-07-24,2021-08-22,2021-08,1,1,0.034482758620689655,726706|238|2021-07-24,-0.009739057881718693,1.9877863437271066
726882,238,2021-07-24,2021-08-21,29,control,0,0.10536834,0,dept_238_closure_2021-07-24,2021-08-22,2021-08,1,1,0.0,726882|238|2021-07-24,-0.2087500578817187,1.9877863437271066
727046,238,2021-07-24,2021-08-21,29,control,0,0.0049523967,0,dept_238_closure_2021-07-24,2021-08-22,2021-08,1,1,0.034482758620689655,727046|238|2021-07-24,-0.30916600118171866,1.9877863437271066
727395,238,2021-07-24,2021-08-21,29,treatment,1,0.98986393,1,dept_238_closure_2021-07-24,2021-08-22,2021-08,1,1,0.27586206896551724,727395|238|2021-07-24,0.6757455321182813,1.9877863437271066
727784,238,2021-07-24,2021-08-21,29,treatment,1,0.8072915,1,dept_238_closure_2021-07-24,2021-08-22,2021-08,1,1,0.034482758620689655,727784|238|2021-07-24,0.49317310211828136,1.9877863437271066
728048,238,2021-07-24,2021-08-21,29,treatment,1,0.6684399,1,dept_238_closure_2021-07-24,2021-08-22,2021-08,1,1,0.034482758620689655,728048|238|2021-07-24,0.3543215021182813,1.9877863437271066
728215,238,2021-07-24,2021-08-21,29,control,0,0.19974642,0,dept_238_closure_2021-07-24,2021-08-22,2021-08,1,1,0.034482758620689655,728215|238|2021-07-24,-0.11437197788171868,1.9877863437271066
728820,238,2021-07-24,2021-08-21,29,control,0,0.68455446,1,dept_238_closure_2021-07-24,2021-08-22,2021-08,1,1,0.06896551724137931,728820|238|2021-07-24,0.3704360621182813,1.9877863437271066
728850,238,2021-07-24,2021-08-21,29,control,0,0.15163548,0,dept_238_closure_2021-07-24,2021-08-22,2021-08,1,1,0.0,728850|238|2021-07-24,-0.1624829178817187,1.9877863437271066
729106,238,2021-07-24,2021-08-21,29,treatment,1,0.14918296,0,dept_238_closure_2021-07-24,2021-08-22,2021-08,1,1,0.034482758620689655,729106|238|2021-07-24,-0.1649354378817187,1.9877863437271066
729122,238,2021-07-24,2021-08-21,29,control,0,0.39005566,0,dept_238_closure_2021-07-24,2021-08-22,2021-08,1,1,0.10344827586206896,729122|238|2021-07-24,0.07593726211828133,1.9877863437271066
729714,238,2021-07-24,2021-08-21,29,treatment,1,0.79320645,1,dept_238_closure_2021-07-24,2021-08-22,2021-08,1,1,0.034482758620689655,729714|238|2021-07-24,0.4790880521182813,1.9877863437271066
729947,238,2021-07-24,2021-08-21,29,treatment,1,0.67772955,1,dept_238_closure_2021-07-24,2021-08-22,2021-08,1,1,0.034482758620689655,729947|238|2021-07-24,0.3636111521182813,1.9877863437271066
729961,238,2021-07-24,2021-08-21,29,control,0,0.5551326,1,dept_238_closure_2021-07-24,2021-08-22,2021-08,1,1,0.034482758620689655,729961|238|2021-07-24,0.24101420211828128,1.9877863437271066
730285,238,2021-07-24,2021-08-21,29,treatment,1,0.95748574,1,dept_238_closure_2021-07-24,2021-08-22,2021-08,1,1,0.10344827586206896,730285|238|2021-07-24,0.6433673421182813,1.9877863437271066
730675,238,2021-07-24,2021-08-21,29,control,0,0.80402476,1,dept_238_closure_2021-07-24,2021-08-22,2021-08,1,1,0.034482758620689655,730675|238|2021-07-24,0.4899063621182813,1.9877863437271066
731129,238,2021-07-24,2021-08-21,29,treatment,1,0.9197032,1,dept_238_closure_2021-07-24,2021-08-22,2021-08,1,1,0.0,731129|238|2021-07-24,0.6055848021182814,1.9877863437271066
731367,238,2021-07-24,2021-08-21,29,treatment,1,0.043329068,0,dept_238_closure_2021-07-24,2021-08-22,2021-08,1,1,0.06896551724137931,731367|238|2021-07-24,-0.27078932988171867,1.9877863437271066
731549,238,2021-07-24,2021-08-21,29,control,0,0.6867422,1,dept_238_closure_2021-07-24,2021-08-22,2021-08,1,1,0.034482758620689655,731549|238|2021-07-24,0.3726238021182813,1.9877863437271066
731569,238,2021-07-24,2021-08-21,29,treatment,1,0.9634725,1,dept_238_closure_2021-07-24,2021-08-22,2021-08,1,1,0.034482758620689655,731569|238|2021-07-24,0.6493541021182813,1.9877863437271066
731841,238,2021-07-24,2021-08-21,29,treatment,1,0.8032339,1,dept_238_closure_2021-07-24,2021-08-22,2021-08,1,1,0.0,731841|238|2021-07-24,0.48911550211828125,1.9877863437271066
732245,238,2021-07-24,2021-08-21,29,treatment,1,0.91843534,1,dept_238_closure_2021-07-24,2021-08-22,2021-08,1,1,0.2413793103448276,732245|238|2021-07-24,0.6043169421182814,1.9877863437271066
732351,238,2021-07-24,2021-08-21,29,control,0,0.9976041,1,dept_238_closure_2021-07-24,2021-08-22,2021-08,1,1,0.034482758620689655,732351|238|2021-07-24,0.6834857021182813,1.9877863437271066
733160,238,2021-07-24,2021-08-21,29,control,0,0.21795702,0,dept_238_closure_2021-07-24,2021-08-22,2021-08,1,1,0.10344827586206896,733160|238|2021-07-24,-0.09616137788171869,1.9877863437271066
733349,238,2021-07-24,2021-08-21,29,control,0,0.9961538,1,dept_238_closure_2021-07-24,2021-08-22,2021-08,1,1,0.13793103448275862,733349|238|2021-07-24,0.6820354021182813,1.9877863437271066
734628,238,2021-07-24,2021-08-21,29,treatment,1,0.79145205,1,dept_238_closure_2021-07-24,2021-08-22,2021-08,1,1,0.06896551724137931,734628|238|2021-07-24,0.47733365211828127,1.9877863437271066
734629,238,2021-07-24,2021-08-21,29,treatment,1,0.023437483,0,dept_238_closure_2021-07-24,2021-08-22,2021-08,1,1,0.034482758620689655,734629|238|2021-07-24,-0.2906809148817187,1.9877863437271066
734883,238,2021-07-24,2021-08-21,29,control,0,0.44348842,0,dept_238_closure_2021-07-24,2021-08-22,2021-08,1,1,0.034482758620689655,734883|238|2021-07-24,0.1293700221182813,1.9877863437271066
735253,238,2021-07-24,2021-08-21,29,control,0,0.08639989,0,dept_238_closure_2021-07-24,2021-08-22,2021-08,1,1,0.0,735253|238|2021-07-24,-0.2277185078817187,1.9877863437271066
735633,238,2021-07-24,2021-08-21,29,control,0,0.78800774,1,dept_238_closure_2021-07-24,2021-08-22,2021-08,1,1,0.034482758620689655,735633|238|2021-07-24,0.47388934211828126,1.9877863437271066
735863,238,2021-07-24,2021-08-21,29,treatment,1,0.5772928,1,dept_238_closure_2021-07-24,2021-08-22,2021-08,1,1,0.13793103448275862,735863|238|2021-07-24,0.26317440211828136,1.9877863437271066
737712,238,2021-07-24,2021-08-21,29,control,0,0.012826369,0,dept_238_closure_2021-07-24,2021-08-22,2021-08,1,1,0.0,737712|238|2021-07-24,-0.3012920288817187,1.9877863437271066
738466,238,2021-07-24,2021-08-21,29,treatment,1,0.013906609,0,dept_238_closure_2021-07-24,2021-08-22,2021-08,1,1,0.034482758620689655,738466|238|2021-07-24,-0.3002117888817187,1.9877863437271066
738534,238,2021-07-24,2021-08-21,29,treatment,1,0.06155266,0,dept_238_closure_2021-07-24,2021-08-22,2021-08,1,1,0.0,738534|238|2021-07-24,-0.2525657378817187,1.9877863437271066
739674,238,2021-07-24,2021-08-21,29,control,0,0.5448688,1,dept_238_closure_2021-07-24,2021-08-22,2021-08,1,1,0.13793103448275862,739674|238|2021-07-24,0.23075040211828135,1.9877863437271066
740379,238,2021-07-24,2021-08-21,29,control,0,0.071373284,0,dept_238_closure_2021-07-24,2021-08-22,2021-08,1,1,0.0,740379|238|2021-07-24,-0.2427451138817187,1.9877863437271066
740501,238,2021-07-24,2021-08-21,29,control,0,0.55708385,1,dept_238_closure_2021-07-24,2021-08-22,2021-08,1,1,0.0,740501|238|2021-07-24,0.24296545211828136,1.9877863437271066
740648,238,2021-07-24,2021-08-21,29,treatment,1,0.93479687,1,dept_238_closure_2021-07-24,2021-08-22,2021-08,1,1,0.13793103448275862,740648|238|2021-07-24,0.6206784721182813,1.9877863437271066
740883,238,2021-07-24,2021-08-21,29,control,0,0.36256868,0,dept_238_closure_2021-07-24,2021-08-22,2021-08,1,1,0.034482758620689655,740883|238|2021-07-24,0.048450282118281285,1.9877863437271066
741000,238,2021-07-24,2021-08-21,29,treatment,1,0.15326056,0,dept_238_closure_2021-07-24,2021-08-22,2021-08,1,1,0.0,741000|238|2021-07-24,-0.1608578378817187,1.9877863437271066
741302,238,2021-07-24,2021-08-21,29,control,0,0.9928697,1,dept_238_closure_2021-07-24,2021-08-22,2021-08,1,1,0.1724137931034483,741302|238|2021-07-24,0.6787513021182813,1.9877863437271066
741566,238,2021-07-24,2021-08-21,29,control,0,0.080457166,0,dept_238_closure_2021-07-24,2021-08-22,2021-08,1,1,0.0,741566|238|2021-07-24,-0.2336612318817187,1.9877863437271066
741658,238,2021-07-24,2021-08-21,29,control,0,0.6971914,1,dept_238_closure_2021-07-24,2021-08-22,2021-08,1,1,0.0,741658|238|2021-07-24,0.3830730021182813,1.9877863437271066
741757,238,2021-07-24,2021-08-21,29,treatment,1,0.2624164,0,dept_238_closure_2021-07-24,2021-08-22,2021-08,1,1,0.0,741757|238|2021-07-24,-0.0517019978817187,1.9877863437271066
741942,238,2021-07-24,2021-08-21,29,control,0,0.021780567,0,dept_238_closure_2021-07-24,2021-08-22,2021-08,1,1,0.0,741942|238|2021-07-24,-0.2923378308817187,1.9877863437271066
742115,238,2021-07-24,2021-08-21,29,treatment,1,0.03942419,0,dept_238_closure_2021-07-24,2021-08-22,2021-08,1,1,0.0,742115|238|2021-07-24,-0.2746942078817187,1.9877863437271066
742250,238,2021-07-24,2021-08-21,29,control,0,0.37686387,0,dept_238_closure_2021-07-24,2021-08-22,2021-08,1,1,0.034482758620689655,742250|238|2021-07-24,0.0627454721182813,1.9877863437271066
742531,238,2021-07-24,2021-08-21,29,control,0,0.8486299,1,dept_238_closure_2021-07-24,2021-08-22,2021-08,1,1,0.034482758620689655,742531|238|2021-07-24,0.5345115021182814,1.9877863437271066
743001,238,2021-07-24,2021-08-21,29,treatment,1,0.0051728543,0,dept_238_closure_2021-07-24,2021-08-22,2021-08,1,1,0.0,743001|238|2021-07-24,-0.3089455435817187,1.9877863437271066
743503,238,2021-07-24,2021-08-21,29,treatment,1,0.09038859,0,dept_238_closure_2021-07-24,2021-08-22,2021-08,1,1,0.0,743503|238|2021-07-24,-0.2237298078817187,1.9877863437271066
743738,238,2021-07-24,2021-08-21,29,treatment,1,0.46831584,0,dept_238_closure_2021-07-24,2021-08-22,2021-08,1,1,0.0,743738|238|2021-07-24,0.1541974421182813,1.9877863437271066
744066,238,2021-07-24,2021-08-21,29,treatment,1,0.007157863,0,dept_238_closure_2021-07-24,2021-08-22,2021-08,1,1,0.0,744066|238|2021-07-24,-0.3069605348817187,1.9877863437271066
744589,238,2021-07-24,2021-08-21,29,treatment,1,0.6064742,1,dept_238_closure_2021-07-24,2021-08-22,2021-08,1,1,0.034482758620689655,744589|238|2021-07-24,0.29235580211828127,1.9877863437271066
744618,238,2021-07-24,2021-08-21,29,control,0,0.028943947,0,dept_238_closure_2021-07-24,2021-08-22,2021-08,1,1,0.0,744618|238|2021-07-24,-0.28517445088171867,1.9877863437271066
745701,238,2021-07-24,2021-08-21,29,treatment,1,0.23634675,0,dept_238_closure_2021-07-24,2021-08-22,2021-08,1,1,0.0,745701|238|2021-07-24,-0.0777716478817187,1.9877863437271066
745795,238,2021-07-24,2021-08-21,29,control,0,0.8876844,1,dept_238_closure_2021-07-24,2021-08-22,2021-08,1,1,0.0,745795|238|2021-07-24,0.5735660021182813,1.9877863437271066
746431,238,2021-07-24,2021-08-21,29,control,0,0.30531022,0,dept_238_closure_2021-07-24,2021-08-22,2021-08,1,1,0.0,746431|238|2021-07-24,-0.00880817788171867,1.9877863437271066
746906,238,2021-07-24,2021-08-21,29,treatment,1,0.23071152,0,dept_238_closure_2021-07-24,2021-08-22,2021-08,1,1,0.0,746906|238|2021-07-24,-0.08340687788171869,1.9877863437271066
747486,238,2021-07-24,2021-08-21,29,control,0,0.21345063,0,dept_238_closure_2021-07-24,2021-08-22,2021-08,1,1,0.034482758620689655,747486|238|2021-07-24,-0.10066776788171869,1.9877863437271066
747744,238,2021-07-24,2021-08-21,29,control,0,0.011016973,0,dept_238_closure_2021-07-24,2021-08-22,2021-08,1,1,0.0,747744|238|2021-07-24,-0.3031014248817187,1.9877863437271066
747964,238,2021-07-24,2021-08-21,29,control,0,0.5399665,1,dept_238_closure_2021-07-24,2021-08-22,2021-08,1,1,0.034482758620689655,747964|238|2021-07-24,0.22584810211828132,1.9877863437271066
748489,238,2021-07-24,2021-08-21,29,control,0,0.97782636,1,dept_238_closure_2021-07-24,2021-08-22,2021-08,1,1,0.13793103448275862,748489|238|2021-07-24,0.6637079621182813,1.9877863437271066
748883,238,2021-07-24,2021-08-21,29,control,0,0.051519305,0,dept_238_closure_2021-07-24,2021-08-22,2021-08,1,1,0.0,748883|238|2021-07-24,-0.2625990928817187,1.9877863437271066
749103,238,2021-07-24,2021-08-21,29,control,0,0.72864294,1,dept_238_closure_2021-07-24,2021-08-22,2021-08,1,1,0.034482758620689655,749103|238|2021-07-24,0.41452454211828127,1.9877863437271066
749571,238,2021-07-24,2021-08-21,29,control,0,0.15883532,0,dept_238_closure_2021-07-24,2021-08-22,2021-08,1,1,0.034482758620689655,749571|238|2021-07-24,-0.1552830778817187,1.9877863437271066
749579,238,2021-07-24,2021-08-21,29,treatment,1,0.50863224,1,dept_238_closure_2021-07-24,2021-08-22,2021-08,1,1,0.0,749579|238|2021-07-24,0.19451384211828127,1.9877863437271066
749997,238,2021-07-24,2021-08-21,29,control,0,0.0029334608,0,dept_238_closure_2021-07-24,2021-08-22,2021-08,1,1,0.0,749997|238|2021-07-24,-0.3111849370817187,1.9877863437271066
750098,238,2021-07-24,2021-08-21,29,control,0,0.18085298,0,dept_238_closure_2021-07-24,2021-08-22,2021-08,1,1,0.0,750098|238|2021-07-24,-0.1332654178817187,1.9877863437271066
751233,238,2021-07-24,2021-08-21,29,control,0,0.5451164,1,dept_238_closure_2021-07-24,2021-08-22,2021-08,1,1,0.0,751233|238|2021-07-24,0.23099800211828125,1.9877863437271066
751656,238,2021-07-24,2021-08-21,29,control,0,0.27436504,0,dept_238_closure_2021-07-24,2021-08-22,2021-08,1,1,0.0,751656|238|2021-07-24,-0.03975335788171869,1.9877863437271066
751875,238,2021-07-24,2021-08-21,29,treatment,1,0.29859528,0,dept_238_closure_2021-07-24,2021-08-22,2021-08,1,1,0.0,751875|238|2021-07-24,-0.015523117881718673,1.9877863437271066
751880,238,2021-07-24,2021-08-21,29,control,0,0.59486675,1,dept_238_closure_2021-07-24,2021-08-22,2021-08,1,1,0.0,751880|238|2021-07-24,0.2807483521182813,1.9877863437271066
752058,238,2021-07-24,2021-08-21,29,control,0,0.36726233,0,dept_238_closure_2021-07-24,2021-08-22,2021-08,1,1,0.0,752058|238|2021-07-24,0.053143932118281334,1.9877863437271066
752375,238,2021-07-24,2021-08-21,29,control,0,0.92379546,1,dept_238_closure_2021-07-24,2021-08-22,2021-08,1,1,0.034482758620689655,752375|238|2021-07-24,0.6096770621182813,1.9877863437271066
753400,238,2021-07-24,2021-08-21,29,control,0,0.14114289,0,dept_238_closure_2021-07-24,2021-08-22,2021-08,1,1,0.0,753400|238|2021-07-24,-0.1729755078817187,1.9877863437271066
753563,238,2021-07-24,2021-08-21,29,treatment,1,0.8437079,1,dept_238_closure_2021-07-24,2021-08-22,2021-08,1,1,0.06896551724137931,753563|238|2021-07-24,0.5295895021182813,1.9877863437271066
753598,238,2021-07-24,2021-08-21,29,control,0,0.7441752,1,dept_238_closure_2021-07-24,2021-08-22,2021-08,1,1,0.0,753598|238|2021-07-24,0.43005680211828134,1.9877863437271066
753825,238,2021-07-24,2021-08-21,29,treatment,1,0.6796321,1,dept_238_closure_2021-07-24,2021-08-22,2021-08,1,1,0.0,753825|238|2021-07-24,0.36551370211828127,1.9877863437271066
753961,238,2021-07-24,2021-08-21,29,treatment,1,0.9181454,1,dept_238_closure_2021-07-24,2021-08-22,2021-08,1,1,0.06896551724137931,753961|238|2021-07-24,0.6040270021182813,1.9877863437271066
754048,238,2021-07-24,2021-08-21,29,treatment,1,0.4437763,0,dept_238_closure_2021-07-24,2021-08-22,2021-08,1,1,0.034482758620689655,754048|238|2021-07-24,0.12965790211828132,1.9877863437271066
754162,238,2021-07-24,2021-08-21,29,treatment,1,0.13438785,0,dept_238_closure_2021-07-24,2021-08-22,2021-08,1,1,0.0,754162|238|2021-07-24,-0.1797305478817187,1.9877863437271066
754790,238,2021-07-24,2021-08-21,29,control,0,0.40142742,0,dept_238_closure_2021-07-24,2021-08-22,2021-08,1,1,0.034482758620689655,754790|238|2021-07-24,0.08730902211828129,1.9877863437271066
754956,238,2021-07-24,2021-08-21,29,control,0,0.051647216,0,dept_238_closure_2021-07-24,2021-08-22,2021-08,1,1,0.06896551724137931,754956|238|2021-07-24,-0.2624711818817187,1.9877863437271066
755965,238,2021-07-24,2021-08-21,29,treatment,1,0.5509158,1,dept_238_closure_2021-07-24,2021-08-22,2021-08,1,1,0.0,755965|238|2021-07-24,0.23679740211828126,1.9877863437271066
756923,238,2021-07-24,2021-08-21,29,treatment,1,0.0064757126,0,dept_238_closure_2021-07-24,2021-08-22,2021-08,1,1,0.06896551724137931,756923|238|2021-07-24,-0.3076426852817187,1.9877863437271066
757256,238,2021-07-24,2021-08-21,29,control,0,0.03035303,0,dept_238_closure_2021-07-24,2021-08-22,2021-08,1,1,0.034482758620689655,757256|238|2021-07-24,-0.2837653678817187,1.9877863437271066
757902,238,2021-07-24,2021-08-21,29,control,0,0.18642461,0,dept_238_closure_2021-07-24,2021-08-22,2021-08,1,1,0.0,757902|238|2021-07-24,-0.1276937878817187,1.9877863437271066
758267,238,2021-07-24,2021-08-21,29,treatment,1,0.09131286,0,dept_238_closure_2021-07-24,2021-08-22,2021-08,1,1,0.0,758267|238|2021-07-24,-0.2228055378817187,1.9877863437271066
758385,238,2021-07-24,2021-08-21,29,treatment,1,0.054747615,0,dept_238_closure_2021-07-24,2021-08-22,2021-08,1,1,0.0,758385|238|2021-07-24,-0.25937078288171866,1.9877863437271066
759309,238,2021-07-24,2021-08-21,29,treatment,1,0.9838276,1,dept_238_closure_2021-07-24,2021-08-22,2021-08,1,1,0.034482758620689655,759309|238|2021-07-24,0.6697092021182813,1.9877863437271066
759317,238,2021-07-24,2021-08-21,29,control,0,0.81716126,1,dept_238_closure_2021-07-24,2021-08-22,2021-08,1,1,0.0,759317|238|2021-07-24,0.5030428621182813,1.9877863437271066
759518,238,2021-07-24,2021-08-21,29,control,0,0.00881177,0,dept_238_closure_2021-07-24,2021-08-22,2021-08,1,1,0.0,759518|238|2021-07-24,-0.3053066278817187,1.9877863437271066
759804,238,2021-07-24,2021-08-21,29,treatment,1,0.9493759,1,dept_238_closure_2021-07-24,2021-08-22,2021-08,1,1,0.034482758620689655,759804|238|2021-07-24,0.6352575021182814,1.9877863437271066
759948,238,2021-07-24,2021-08-21,29,control,0,0.72469586,1,dept_238_closure_2021-07-24,2021-08-22,2021-08,1,1,0.034482758620689655,759948|238|2021-07-24,0.4105774621182813,1.9877863437271066
760093,238,2021-07-24,2021-08-21,29,treatment,1,0.47956386,0,dept_238_closure_2021-07-24,2021-08-22,2021-08,1,1,0.0,760093|238|2021-07-24,0.16544546211828132,1.9877863437271066
761324,238,2021-07-24,2021-08-21,29,control,0,0.743158,1,dept_238_closure_2021-07-24,2021-08-22,2021-08,1,1,0.0,761324|238|2021-07-24,0.4290396021182813,1.9877863437271066
762052,238,2021-07-24,2021-08-21,29,treatment,1,0.39993486,0,dept_238_closure_2021-07-24,2021-08-22,2021-08,1,1,0.0,762052|238|2021-07-24,0.08581646211828131,1.9877863437271066
762220,238,2021-07-24,2021-08-21,29,control,0,0.06427518,0,dept_238_closure_2021-07-24,2021-08-22,2021-08,1,1,0.0,762220|238|2021-07-24,-0.2498432178817187,1.9877863437271066
762230,238,2021-07-24,2021-08-21,29,control,0,0.06789632,0,dept_238_closure_2021-07-24,2021-08-22,2021-08,1,1,0.0,762230|238|2021-07-24,-0.24622207788171868,1.9877863437271066
762785,238,2021-07-24,2021-08-21,29,control,0,0.9795634,1,dept_238_closure_2021-07-24,2021-08-22,2021-08,1,1,0.0,762785|238|2021-07-24,0.6654450021182813,1.9877863437271066
762820,238,2021-07-24,2021-08-21,29,control,0,0.5561369,1,dept_238_closure_2021-07-24,2021-08-22,2021-08,1,1,0.20689655172413793,762820|238|2021-07-24,0.24201850211828135,1.9877863437271066
763446,238,2021-07-24,2021-08-21,29,control,0,0.7397043,1,dept_238_closure_2021-07-24,2021-08-22,2021-08,1,1,0.0,763446|238|2021-07-24,0.4255859021182813,1.9877863437271066
763580,238,2021-07-24,2021-08-21,29,treatment,1,0.4952197,0,dept_238_closure_2021-07-24,2021-08-22,2021-08,1,1,0.0,763580|238|2021-07-24,0.1811013021182813,1.9877863437271066
763618,238,2021-07-24,2021-08-21,29,control,0,0.9834788,1,dept_238_closure_2021-07-24,2021-08-22,2021-08,1,1,0.034482758620689655,763618|238|2021-07-24,0.6693604021182813,1.9877863437271066
763751,238,2021-07-24,2021-08-21,29,treatment,1,0.9770473,1,dept_238_closure_2021-07-24,2021-08-22,2021-08,1,1,0.034482758620689655,763751|238|2021-07-24,0.6629289021182813,1.9877863437271066
764190,238,2021-07-24,2021-08-21,29,control,0,0.27322862,0,dept_238_closure_2021-07-24,2021-08-22,2021-08,1,1,0.10344827586206896,764190|238|2021-07-24,-0.040889777881718714,1.9877863437271066
764750,238,2021-07-24,2021-08-21,29,treatment,1,0.04802677,0,dept_238_closure_2021-07-24,2021-08-22,2021-08,1,1,0.0,764750|238|2021-07-24,-0.2660916278817187,1.9877863437271066
764900,238,2021-07-24,2021-08-21,29,control,0,0.62741095,1,dept_238_closure_2021-07-24,2021-08-22,2021-08,1,1,0.0,764900|238|2021-07-24,0.31329255211828133,1.9877863437271066
765697,238,2021-07-24,2021-08-21,29,control,0,0.9278703,1,dept_238_closure_2021-07-24,2021-08-22,2021-08,1,1,0.034482758620689655,765697|238|2021-07-24,0.6137519021182813,1.9877863437271066
766153,238,2021-07-24,2021-08-21,29,treatment,1,0.028168844,0,dept_238_closure_2021-07-24,2021-08-22,2021-08,1,1,0.0,766153|238|2021-07-24,-0.2859495538817187,1.9877863437271066
766218,238,2021-07-24,2021-08-21,29,treatment,1,0.98146987,1,dept_238_closure_2021-07-24,2021-08-22,2021-08,1,1,0.10344827586206896,766218|238|2021-07-24,0.6673514721182813,1.9877863437271066
766777,238,2021-07-24,2021-08-21,29,control,0,0.021086628,0,dept_238_closure_2021-07-24,2021-08-22,2021-08,1,1,0.0,766777|238|2021-07-24,-0.2930317698817187,1.9877863437271066
766959,238,2021-07-24,2021-08-21,29,control,0,0.123598345,0,dept_238_closure_2021-07-24,2021-08-22,2021-08,1,1,0.0,766959|238|2021-07-24,-0.1905200528817187,1.9877863437271066
767113,238,2021-07-24,2021-08-21,29,treatment,1,0.08966462,0,dept_238_closure_2021-07-24,2021-08-22,2021-08,1,1,0.0,767113|238|2021-07-24,-0.2244537778817187,1.9877863437271066
767131,238,2021-07-24,2021-08-21,29,treatment,1,0.5200584,1,dept_238_closure_2021-07-24,2021-08-22,2021-08,1,1,0.0,767131|238|2021-07-24,0.20594000211828134,1.9877863437271066
767303,238,2021-07-24,2021-08-21,29,treatment,1,0.9023318,1,dept_238_closure_2021-07-24,2021-08-22,2021-08,1,1,0.13793103448275862,767303|238|2021-07-24,0.5882134021182813,1.9877863437271066
767304,238,2021-07-24,2021-08-21,29,treatment,1,0.98295677,1,dept_238_closure_2021-07-24,2021-08-22,2021-08,1,1,0.06896551724137931,767304|238|2021-07-24,0.6688383721182813,1.9877863437271066
768196,238,2021-07-24,2021-08-21,29,control,0,0.92952645,1,dept_238_closure_2021-07-24,2021-08-22,2021-08,1,1,0.06896551724137931,768196|238|2021-07-24,0.6154080521182813,1.9877863437271066
768885,238,2021-07-24,2021-08-21,29,treatment,1,0.8191349,1,dept_238_closure_2021-07-24,2021-08-22,2021-08,1,1,0.0,768885|238|2021-07-24,0.5050165021182813,1.9877863437271066
769118,238,2021-07-24,2021-08-21,29,treatment,1,0.50083596,1,dept_238_closure_2021-07-24,2021-08-22,2021-08,1,1,0.034482758620689655,769118|238|2021-07-24,0.18671756211828128,1.9877863437271066
769946,238,2021-07-24,2021-08-21,29,control,0,0.0103071,0,dept_238_closure_2021-07-24,2021-08-22,2021-08,1,1,0.0,769946|238|2021-07-24,-0.3038112978817187,1.9877863437271066
770342,238,2021-07-24,2021-08-21,29,treatment,1,0.9980422,1,dept_238_closure_2021-07-24,2021-08-22,2021-08,1,1,0.2413793103448276,770342|238|2021-07-24,0.6839238021182813,1.9877863437271066
771020,238,2021-07-24,2021-08-21,29,treatment,1,0.95823604,1,dept_238_closure_2021-07-24,2021-08-22,2021-08,1,1,0.06896551724137931,771020|238|2021-07-24,0.6441176421182813,1.9877863437271066
772744,238,2021-07-24,2021-08-21,29,control,0,0.4757095,0,dept_238_closure_2021-07-24,2021-08-22,2021-08,1,1,0.0,772744|238|2021-07-24,0.16159110211828132,1.9877863437271066
772779,238,2021-07-24,2021-08-21,29,treatment,1,0.060561005,0,dept_238_closure_2021-07-24,2021-08-22,2021-08,1,1,0.0,772779|238|2021-07-24,-0.2535573928817187,1.9877863437271066
772831,238,2021-07-24,2021-08-21,29,control,0,0.12160945,0,dept_238_closure_2021-07-24,2021-08-22,2021-08,1,1,0.0,772831|238|2021-07-24,-0.19250894788171868,1.9877863437271066
772834,238,2021-07-24,2021-08-21,29,control,0,0.7222428,1,dept_238_closure_2021-07-24,2021-08-22,2021-08,1,1,0.0,772834|238|2021-07-24,0.40812440211828127,1.9877863437271066
773173,238,2021-07-24,2021-08-21,29,control,0,0.06383722,0,dept_238_closure_2021-07-24,2021-08-22,2021-08,1,1,0.0,773173|238|2021-07-24,-0.25028117788171866,1.9877863437271066
773503,238,2021-07-24,2021-08-21,29,control,0,0.108700536,0,dept_238_closure_2021-07-24,2021-08-22,2021-08,1,1,0.0,773503|238|2021-07-24,-0.20541786188171868,1.9877863437271066
773760,238,2021-07-24,2021-08-21,29,control,0,0.87525237,1,dept_238_closure_2021-07-24,2021-08-22,2021-08,1,1,0.0,773760|238|2021-07-24,0.5611339721182813,1.9877863437271066
775083,238,2021-07-24,2021-08-21,29,treatment,1,0.025674047,0,dept_238_closure_2021-07-24,2021-08-22,2021-08,1,1,0.13793103448275862,775083|238|2021-07-24,-0.2884443508817187,1.9877863437271066
775503,238,2021-07-24,2021-08-21,29,treatment,1,0.018119337,0,dept_238_closure_2021-07-24,2021-08-22,2021-08,1,1,0.034482758620689655,775503|238|2021-07-24,-0.2959990608817187,1.9877863437271066
775517,238,2021-07-24,2021-08-21,29,treatment,1,0.7646011,1,dept_238_closure_2021-07-24,2021-08-22,2021-08,1,1,0.0,775517|238|2021-07-24,0.45048270211828134,1.9877863437271066
775596,238,2021-07-24,2021-08-21,29,treatment,1,0.91299886,1,dept_238_closure_2021-07-24,2021-08-22,2021-08,1,1,0.0,775596|238|2021-07-24,0.5988804621182813,1.9877863437271066
775661,238,2021-07-24,2021-08-21,29,control,0,0.029757934,0,dept_238_closure_2021-07-24,2021-08-22,2021-08,1,1,0.0,775661|238|2021-07-24,-0.2843604638817187,1.9877863437271066
776161,238,2021-07-24,2021-08-21,29,treatment,1,0.009269944,0,dept_238_closure_2021-07-24,2021-08-22,2021-08,1,1,0.0,776161|238|2021-07-24,-0.3048484538817187,1.9877863437271066
776613,238,2021-07-24,2021-08-21,29,control,0,0.018257001,0,dept_238_closure_2021-07-24,2021-08-22,2021-08,1,1,0.0,776613|238|2021-07-24,-0.2958613968817187,1.9877863437271066
777117,238,2021-07-24,2021-08-21,29,control,0,0.11380489,0,dept_238_closure_2021-07-24,2021-08-22,2021-08,1,1,0.0,777117|238|2021-07-24,-0.2003135078817187,1.9877863437271066
777838,238,2021-07-24,2021-08-21,29,control,0,0.19908907,0,dept_238_closure_2021-07-24,2021-08-22,2021-08,1,1,0.0,777838|238|2021-07-24,-0.11502932788171868,1.9877863437271066
778309,238,2021-07-24,2021-08-21,29,control,0,0.9777443,1,dept_238_closure_2021-07-24,2021-08-22,2021-08,1,1,0.2413793103448276,778309|238|2021-07-24,0.6636259021182813,1.9877863437271066
778440,238,2021-07-24,2021-08-21,29,control,0,0.8017542,1,dept_238_closure_2021-07-24,2021-08-22,2021-08,1,1,0.2413793103448276,778440|238|2021-07-24,0.4876358021182813,1.9877863437271066
778759,238,2021-07-24,2021-08-21,29,control,0,0.72182447,1,dept_238_closure_2021-07-24,2021-08-22,2021-08,1,1,0.034482758620689655,778759|238|2021-07-24,0.40770607211828136,1.9877863437271066
780103,238,2021-07-24,2021-08-21,29,treatment,1,0.37129694,0,dept_238_closure_2021-07-24,2021-08-22,2021-08,1,1,0.0,780103|238|2021-07-24,0.05717854211828133,1.9877863437271066
780211,238,2021-07-24,2021-08-21,29,control,0,0.062143065,0,dept_238_closure_2021-07-24,2021-08-22,2021-08,1,1,0.0,780211|238|2021-07-24,-0.2519753328817187,1.9877863437271066
780269,238,2021-07-24,2021-08-21,29,control,0,0.24476913,0,dept_238_closure_2021-07-24,2021-08-22,2021-08,1,1,0.10344827586206896,780269|238|2021-07-24,-0.06934926788171869,1.9877863437271066
780340,238,2021-07-24,2021-08-21,29,treatment,1,0.368987,0,dept_238_closure_2021-07-24,2021-08-22,2021-08,1,1,0.0,780340|238|2021-07-24,0.05486860211828132,1.9877863437271066
780471,238,2021-07-24,2021-08-21,29,control,0,0.52614456,1,dept_238_closure_2021-07-24,2021-08-22,2021-08,1,1,0.034482758620689655,780471|238|2021-07-24,0.2120261621182813,1.9877863437271066
780864,238,2021-07-24,2021-08-21,29,treatment,1,0.22426645,0,dept_238_closure_2021-07-24,2021-08-22,2021-08,1,1,0.034482758620689655,780864|238|2021-07-24,-0.08985194788171869,1.9877863437271066
781548,238,2021-07-24,2021-08-21,29,control,0,0.9775328,1,dept_238_closure_2021-07-24,2021-08-22,2021-08,1,1,0.034482758620689655,781548|238|2021-07-24,0.6634144021182813,1.9877863437271066
781556,238,2021-07-24,2021-08-21,29,treatment,1,0.91817886,1,dept_238_closure_2021-07-24,2021-08-22,2021-08,1,1,0.10344827586206896,781556|238|2021-07-24,0.6040604621182813,1.9877863437271066
783317,238,2021-07-24,2021-08-21,29,control,0,0.08176988,0,dept_238_closure_2021-07-24,2021-08-22,2021-08,1,1,0.0,783317|238|2021-07-24,-0.23234851788171867,1.9877863437271066
783542,238,2021-07-24,2021-08-21,29,treatment,1,0.45769763,0,dept_238_closure_2021-07-24,2021-08-22,2021-08,1,1,0.0,783542|238|2021-07-24,0.14357923211828133,1.9877863437271066
784094,238,2021-07-24,2021-08-21,29,treatment,1,0.19192053,0,dept_238_closure_2021-07-24,2021-08-22,2021-08,1,1,0.0,784094|238|2021-07-24,-0.12219786788171869,1.9877863437271066
784857,238,2021-07-24,2021-08-21,29,control,0,0.10826872,0,dept_238_closure_2021-07-24,2021-08-22,2021-08,1,1,0.0,784857|238|2021-07-24,-0.2058496778817187,1.9877863437271066
784859,238,2021-07-24,2021-08-21,29,control,0,0.9976701,1,dept_238_closure_2021-07-24,2021-08-22,2021-08,1,1,0.2413793103448276,784859|238|2021-07-24,0.6835517021182813,1.9877863437271066
784864,238,2021-07-24,2021-08-21,29,treatment,1,0.9711495,1,dept_238_closure_2021-07-24,2021-08-22,2021-08,1,1,0.13793103448275862,784864|238|2021-07-24,0.6570311021182813,1.9877863437271066
784967,238,2021-07-24,2021-08-21,29,control,0,0.011193559,0,dept_238_closure_2021-07-24,2021-08-22,2021-08,1,1,0.034482758620689655,784967|238|2021-07-24,-0.30292483888171867,1.9877863437271066
785156,238,2021-07-24,2021-08-21,29,treatment,1,0.62075347,1,dept_238_closure_2021-07-24,2021-08-22,2021-08,1,1,0.034482758620689655,785156|238|2021-07-24,0.30663507211828134,1.9877863437271066
785714,238,2021-07-24,2021-08-21,29,treatment,1,0.11988839,0,dept_238_closure_2021-07-24,2021-08-22,2021-08,1,1,0.0,785714|238|2021-07-24,-0.19423000788171868,1.9877863437271066
785824,238,2021-07-24,2021-08-21,29,control,0,0.03441126,0,dept_238_closure_2021-07-24,2021-08-22,2021-08,1,1,0.0,785824|238|2021-07-24,-0.2797071378817187,1.9877863437271066
786104,238,2021-07-24,2021-08-21,29,control,0,0.4503826,0,dept_238_closure_2021-07-24,2021-08-22,2021-08,1,1,0.0,786104|238|2021-07-24,0.13626420211828133,1.9877863437271066
786188,238,2021-07-24,2021-08-21,29,control,0,0.99424946,1,dept_238_closure_2021-07-24,2021-08-22,2021-08,1,1,0.06896551724137931,786188|238|2021-07-24,0.6801310621182813,1.9877863437271066
786302,238,2021-07-24,2021-08-21,29,treatment,1,0.96067196,1,dept_238_closure_2021-07-24,2021-08-22,2021-08,1,1,0.06896551724137931,786302|238|2021-07-24,0.6465535621182813,1.9877863437271066
787008,238,2021-07-24,2021-08-21,29,control,0,0.9918544,1,dept_238_closure_2021-07-24,2021-08-22,2021-08,1,1,0.10344827586206896,787008|238|2021-07-24,0.6777360021182813,1.9877863437271066
787011,238,2021-07-24,2021-08-21,29,treatment,1,0.26979345,0,dept_238_closure_2021-07-24,2021-08-22,2021-08,1,1,0.034482758620689655,787011|238|2021-07-24,-0.0443249478817187,1.9877863437271066
787228,238,2021-07-24,2021-08-21,29,control,0,0.7973536,1,dept_238_closure_2021-07-24,2021-08-22,2021-08,1,1,0.0,787228|238|2021-07-24,0.4832352021182813,1.9877863437271066
787410,238,2021-07-24,2021-08-21,29,control,0,0.024693752,0,dept_238_closure_2021-07-24,2021-08-22,2021-08,1,1,0.10344827586206896,787410|238|2021-07-24,-0.2894246458817187,1.9877863437271066
788054,238,2021-07-24,2021-08-21,29,control,0,0.9788046,1,dept_238_closure_2021-07-24,2021-08-22,2021-08,1,1,0.13793103448275862,788054|238|2021-07-24,0.6646862021182813,1.9877863437271066
788139,238,2021-07-24,2021-08-21,29,treatment,1,0.9466286,1,dept_238_closure_2021-07-24,2021-08-22,2021-08,1,1,0.20689655172413793,788139|238|2021-07-24,0.6325102021182814,1.9877863437271066
788571,238,2021-07-24,2021-08-21,29,control,0,0.025767107,0,dept_238_closure_2021-07-24,2021-08-22,2021-08,1,1,0.0,788571|238|2021-07-24,-0.2883512908817187,1.9877863437271066
788975,238,2021-07-24,2021-08-21,29,treatment,1,0.6123927,1,dept_238_closure_2021-07-24,2021-08-22,2021-08,1,1,0.0,788975|238|2021-07-24,0.2982743021182813,1.9877863437271066
789402,238,2021-07-24,2021-08-21,29,control,0,0.28781274,0,dept_238_closure_2021-07-24,2021-08-22,2021-08,1,1,0.034482758620689655,789402|238|2021-07-24,-0.02630565788171868,1.9877863437271066
789580,238,2021-07-24,2021-08-21,29,control,0,0.041276928,0,dept_238_closure_2021-07-24,2021-08-22,2021-08,1,1,0.0,789580|238|2021-07-24,-0.2728414698817187,1.9877863437271066
789849,238,2021-07-24,2021-08-21,29,control,0,0.804721,1,dept_238_closure_2021-07-24,2021-08-22,2021-08,1,1,0.0,789849|238|2021-07-24,0.49060260211828133,1.9877863437271066
790458,238,2021-07-24,2021-08-21,29,control,0,0.7346749,1,dept_238_closure_2021-07-24,2021-08-22,2021-08,1,1,0.10344827586206896,790458|238|2021-07-24,0.42055650211828133,1.9877863437271066
791034,238,2021-07-24,2021-08-21,29,treatment,1,0.9002215,1,dept_238_closure_2021-07-24,2021-08-22,2021-08,1,1,0.0,791034|238|2021-07-24,0.5861031021182813,1.9877863437271066
791674,238,2021-07-24,2021-08-21,29,control,0,0.060817003,0,dept_238_closure_2021-07-24,2021-08-22,2021-08,1,1,0.0,791674|238|2021-07-24,-0.2533013948817187,1.9877863437271066
792249,238,2021-07-24,2021-08-21,29,control,0,0.818732,1,dept_238_closure_2021-07-24,2021-08-22,2021-08,1,1,0.0,792249|238|2021-07-24,0.5046136021182813,1.9877863437271066
792288,238,2021-07-24,2021-08-21,29,control,0,0.779333,1,dept_238_closure_2021-07-24,2021-08-22,2021-08,1,1,0.13793103448275862,792288|238|2021-07-24,0.46521460211828136,1.9877863437271066
792673,238,2021-07-24,2021-08-21,29,treatment,1,0.2986291,0,dept_238_closure_2021-07-24,2021-08-22,2021-08,1,1,0.0,792673|238|2021-07-24,-0.015489297881718711,1.9877863437271066
792770,238,2021-07-24,2021-08-21,29,treatment,1,0.23866381,0,dept_238_closure_2021-07-24,2021-08-22,2021-08,1,1,0.0,792770|238|2021-07-24,-0.07545458788171869,1.9877863437271066
792884,238,2021-07-24,2021-08-21,29,control,0,0.33444726,0,dept_238_closure_2021-07-24,2021-08-22,2021-08,1,1,0.034482758620689655,792884|238|2021-07-24,0.020328862118281332,1.9877863437271066
792886,238,2021-07-24,2021-08-21,29,control,0,0.11914931,0,dept_238_closure_2021-07-24,2021-08-22,2021-08,1,1,0.034482758620689655,792886|238|2021-07-24,-0.19496908788171868,1.9877863437271066
792908,238,2021-07-24,2021-08-21,29,treatment,1,0.2340246,0,dept_238_closure_2021-07-24,2021-08-22,2021-08,1,1,0.0,792908|238|2021-07-24,-0.08009379788171869,1.9877863437271066
793251,238,2021-07-24,2021-08-21,29,control,0,0.5226849,1,dept_238_closure_2021-07-24,2021-08-22,2021-08,1,1,0.034482758620689655,793251|238|2021-07-24,0.20856650211828132,1.9877863437271066
793574,238,2021-07-24,2021-08-21,29,control,0,0.9980952,1,dept_238_closure_2021-07-24,2021-08-22,2021-08,1,1,0.10344827586206896,793574|238|2021-07-24,0.6839768021182813,1.9877863437271066
794212,238,2021-07-24,2021-08-21,29,control,0,0.4517877,0,dept_238_closure_2021-07-24,2021-08-22,2021-08,1,1,0.0,794212|238|2021-07-24,0.13766930211828132,1.9877863437271066
794696,238,2021-07-24,2021-08-21,29,treatment,1,0.5752779,1,dept_238_closure_2021-07-24,2021-08-22,2021-08,1,1,0.034482758620689655,794696|238|2021-07-24,0.2611595021182813,1.9877863437271066
795316,238,2021-07-24,2021-08-21,29,control,0,0.9839842,1,dept_238_closure_2021-07-24,2021-08-22,2021-08,1,1,0.1724137931034483,795316|238|2021-07-24,0.6698658021182813,1.9877863437271066
795991,238,2021-07-24,2021-08-21,29,control,0,0.6858576,1,dept_238_closure_2021-07-24,2021-08-22,2021-08,1,1,0.0,795991|238|2021-07-24,0.37173920211828126,1.9877863437271066
796922,238,2021-07-24,2021-08-21,29,control,0,0.039796587,0,dept_238_closure_2021-07-24,2021-08-22,2021-08,1,1,0.0,796922|238|2021-07-24,-0.2743218108817187,1.9877863437271066
797126,238,2021-07-24,2021-08-21,29,treatment,1,0.7809863,1,dept_238_closure_2021-07-24,2021-08-22,2021-08,1,1,0.0,797126|238|2021-07-24,0.46686790211828133,1.9877863437271066
797171,238,2021-07-24,2021-08-21,29,control,0,0.05547067,0,dept_238_closure_2021-07-24,2021-08-22,2021-08,1,1,0.0,797171|238|2021-07-24,-0.2586477278817187,1.9877863437271066
797909,238,2021-07-24,2021-08-21,29,treatment,1,0.084549956,0,dept_238_closure_2021-07-24,2021-08-22,2021-08,1,1,0.0,797909|238|2021-07-24,-0.2295684418817187,1.9877863437271066
798960,238,2021-07-24,2021-08-21,29,treatment,1,0.76887304,1,dept_238_closure_2021-07-24,2021-08-22,2021-08,1,1,0.0,798960|238|2021-07-24,0.4547546421182813,1.9877863437271066
800153,238,2021-07-24,2021-08-21,29,control,0,0.017715111,0,dept_238_closure_2021-07-24,2021-08-22,2021-08,1,1,0.0,800153|238|2021-07-24,-0.2964032868817187,1.9877863437271066
800460,238,2021-07-24,2021-08-21,29,treatment,1,0.82995725,1,dept_238_closure_2021-07-24,2021-08-22,2021-08,1,1,0.06896551724137931,800460|238|2021-07-24,0.5158388521182813,1.9877863437271066
801077,238,2021-07-24,2021-08-21,29,control,0,0.010512943,0,dept_238_closure_2021-07-24,2021-08-22,2021-08,1,1,0.0,801077|238|2021-07-24,-0.3036054548817187,1.9877863437271066
801361,238,2021-07-24,2021-08-21,29,treatment,1,0.10784242,0,dept_238_closure_2021-07-24,2021-08-22,2021-08,1,1,0.0,801361|238|2021-07-24,-0.2062759778817187,1.9877863437271066
801368,238,2021-07-24,2021-08-21,29,control,0,0.25252718,0,dept_238_closure_2021-07-24,2021-08-22,2021-08,1,1,0.034482758620689655,801368|238|2021-07-24,-0.061591217881718674,1.9877863437271066
801370,238,2021-07-24,2021-08-21,29,control,0,0.16318336,0,dept_238_closure_2021-07-24,2021-08-22,2021-08,1,1,0.034482758620689655,801370|238|2021-07-24,-0.1509350378817187,1.9877863437271066
801571,238,2021-07-24,2021-08-21,29,control,0,0.989963,1,dept_238_closure_2021-07-24,2021-08-22,2021-08,1,1,0.034482758620689655,801571|238|2021-07-24,0.6758446021182813,1.9877863437271066
801649,238,2021-07-24,2021-08-21,29,control,0,0.8931537,1,dept_238_closure_2021-07-24,2021-08-22,2021-08,1,1,0.0,801649|238|2021-07-24,0.5790353021182814,1.9877863437271066
802134,238,2021-07-24,2021-08-21,29,control,0,0.97784024,1,dept_238_closure_2021-07-24,2021-08-22,2021-08,1,1,0.034482758620689655,802134|238|2021-07-24,0.6637218421182813,1.9877863437271066
802194,238,2021-07-24,2021-08-21,29,control,0,0.41177994,0,dept_238_closure_2021-07-24,2021-08-22,2021-08,1,1,0.0,802194|238|2021-07-24,0.09766154211828132,1.9877863437271066
803401,238,2021-07-24,2021-08-21,29,treatment,1,0.3431119,0,dept_238_closure_2021-07-24,2021-08-22,2021-08,1,1,0.06896551724137931,803401|238|2021-07-24,0.028993502118281334,1.9877863437271066
803593,238,2021-07-24,2021-08-21,29,control,0,0.9103206,1,dept_238_closure_2021-07-24,2021-08-22,2021-08,1,1,0.0,803593|238|2021-07-24,0.5962022021182813,1.9877863437271066
804072,238,2021-07-24,2021-08-21,29,treatment,1,0.0023090641,0,dept_238_closure_2021-07-24,2021-08-22,2021-08,1,1,0.0,804072|238|2021-07-24,-0.3118093337817187,1.9877863437271066
804413,238,2021-07-24,2021-08-21,29,control,0,0.9754344,1,dept_238_closure_2021-07-24,2021-08-22,2021-08,1,1,0.10344827586206896,804413|238|2021-07-24,0.6613160021182813,1.9877863437271066
804518,238,2021-07-24,2021-08-21,29,control,0,0.3376829,0,dept_238_closure_2021-07-24,2021-08-22,2021-08,1,1,0.0,804518|238|2021-07-24,0.023564502118281316,1.9877863437271066
804542,238,2021-07-24,2021-08-21,29,treatment,1,0.9989188,1,dept_238_closure_2021-07-24,2021-08-22,2021-08,1,1,0.27586206896551724,804542|238|2021-07-24,0.6848004021182813,1.9877863437271066
804546,238,2021-07-24,2021-08-21,29,control,0,0.102155365,0,dept_238_closure_2021-07-24,2021-08-22,2021-08,1,1,0.0,804546|238|2021-07-24,-0.2119630328817187,1.9877863437271066
805706,238,2021-07-24,2021-08-21,29,treatment,1,0.9589874,1,dept_238_closure_2021-07-24,2021-08-22,2021-08,1,1,0.034482758620689655,805706|238|2021-07-24,0.6448690021182814,1.9877863437271066
806216,238,2021-07-24,2021-08-21,29,treatment,1,0.0938472,0,dept_238_closure_2021-07-24,2021-08-22,2021-08,1,1,0.034482758620689655,806216|238|2021-07-24,-0.22027119788171867,1.9877863437271066
806284,238,2021-07-24,2021-08-21,29,control,0,0.31350592,0,dept_238_closure_2021-07-24,2021-08-22,2021-08,1,1,0.0,806284|238|2021-07-24,-0.0006124778817186982,1.9877863437271066
806522,238,2021-07-24,2021-08-21,29,control,0,0.95256484,1,dept_238_closure_2021-07-24,2021-08-22,2021-08,1,1,0.034482758620689655,806522|238|2021-07-24,0.6384464421182813,1.9877863437271066
806783,238,2021-07-24,2021-08-21,29,control,0,0.9330489,1,dept_238_closure_2021-07-24,2021-08-22,2021-08,1,1,0.0,806783|238|2021-07-24,0.6189305021182813,1.9877863437271066
806835,238,2021-07-24,2021-08-21,29,control,0,0.024205439,0,dept_238_closure_2021-07-24,2021-08-22,2021-08,1,1,0.0,806835|238|2021-07-24,-0.2899129588817187,1.9877863437271066
807065,238,2021-07-24,2021-08-21,29,control,0,0.83089364,1,dept_238_closure_2021-07-24,2021-08-22,2021-08,1,1,0.13793103448275862,807065|238|2021-07-24,0.5167752421182813,1.9877863437271066
807126,238,2021-07-24,2021-08-21,29,control,0,0.54312253,1,dept_238_closure_2021-07-24,2021-08-22,2021-08,1,1,0.0,807126|238|2021-07-24,0.2290041321182813,1.9877863437271066
807225,238,2021-07-24,2021-08-21,29,treatment,1,0.3674869,0,dept_238_closure_2021-07-24,2021-08-22,2021-08,1,1,0.13793103448275862,807225|238|2021-07-24,0.053368502118281314,1.9877863437271066
