accuracy,precision,recall,f1,fpr,fnr,n,group
1.0,1.0,1.0,1.0,0.0,0.0,4,Treatment_Pre_t-1
0.8144268183178689,0.8582941571524513,0.6938110749185668,0.7673371359951967,0.09039305986933704,0.30618892508143325,16705,Control_Pre_t-1
0.5986231667165519,0.7939238064619836,0.47664543524416136,0.5956702647289392,0.20211256503231909,0.5233545647558386,16705,Control_During_t0
